VM-exit counters per physical CPU (12 reasons):
  cpu         irq     timer      mmio       wfi   hvc-smc    sysreg    gic-if       sgi    cpu-up  sys-down   nothing     other
    1   16639@140.9/s 16629@140.6/s 77299@2727.6/s 16629@140.6/s         -         -         -         -         -         -         -         -
    2    4930@291.6/s  3373@199.4/s 31284@4.8/s       129         7         -         -       117         -         -        11         -
    3   11202@827.5/s 10854@802.2/s        52 11147@746.2/s         -         -         -    21@0.1/s         -         -         2         -
Host periodic scheduler ticks (event-driven timer IRQs excluded):
  cpu   0:       4189 (80.456/s)
  cpu   1:          0
  cpu   2:       4188 (80.201/s)
  cpu   3:       4184 (80.371/s)
axvisor:$ 
[2Kaxvisor:$ v
[2Kaxvisor:$ vm
[2Kaxvisor:$ vm 
[2Kaxvisor:$ vm c
[2Kaxvisor:$ vm co
[2Kaxvisor:$ vm con
[2Kaxvisor:$ vm cons
[2Kaxvisor:$ vm conso
[2Kaxvisor:$ vm consol
[2Kaxvisor:$ vm console
[2Kaxvisor:$ vm console 
[2Kaxvisor:$ vm console 1
✓ Attached VM[1] console; use Ctrl+X, then h to return to the shell
RT_PROGRESS uptime_s=39.21
[   46.532043] random: crng init done
RT_PROGRESS uptime_s=49.52
RT_PROGRESS uptime_s=59.53
RT_PROGRESS uptime_s=69.55
RT_PROGRESS uptime_s=79.56
RT_PROGRESS uptime_s=89.59
RT_PROGRESS uptime_s=99.62
RT_PROGRESS uptime_s=109.64
RT_PROGRESS uptime_s=119.66
RT_PROGRESS uptime_s=129.68
RT_PROGRESS uptime_s=139.70
RT_PROGRESS uptime_s=149.73
RT_PROGRESS uptime_s=159.75
RT_PROGRESS uptime_s=169.78
RT_PROGRESS uptime_s=179.80
RT_PROGRESS uptime_s=189.83
RT_PROGRESS uptime_s=199.86
RT_PROGRESS uptime_s=209.88
RT_PROGRESS uptime_s=219.91
RT_PROGRESS uptime_s=229.92
RT_PROGRESS uptime_s=239.94
RT_PROGRESS uptime_s=249.96
RT_PROGRESS uptime_s=259.99
RT_PROGRESS uptime_s=270.02
RT_PROGRESS uptime_s=280.04
RT_PROGRESS uptime_s=290.06
RT_PROGRESS uptime_s=300.08
RT_PROGRESS uptime_s=310.10
RT_PROGRESS uptime_s=320.13
RT_PROGRESS uptime_s=330.15
RT_PROGRESS uptime_s=340.18
RT_PROGRESS uptime_s=350.20
RT_PROGRESS uptime_s=360.22
RT_PROGRESS uptime_s=370.24
RT_PROGRESS uptime_s=380.26
RT_PROGRESS uptime_s=390.28
RT_PROGRESS uptime_s=400.30
RT_PROGRESS uptime_s=410.33
RT_PROGRESS uptime_s=420.35
RT_PROGRESS uptime_s=430.37
RT_PROGRESS uptime_s=440.40
RT_PROGRESS uptime_s=450.42
RT_PROGRESS uptime_s=460.44
RT_PROGRESS uptime_s=470.46
RT_PROGRESS uptime_s=480.48
RT_PROGRESS uptime_s=490.50
RT_PROGRESS uptime_s=500.52
RT_PROGRESS uptime_s=510.55
RT_PROGRESS uptime_s=520.57
RT_PROGRESS uptime_s=530.59
RT_PROGRESS uptime_s=540.61
RT_PROGRESS uptime_s=550.63
RT_PROGRESS uptime_s=560.66
RT_PROGRESS uptime_s=570.69
RT_PROGRESS uptime_s=580.70
RT_PROGRESS uptime_s=590.73
RT_PROGRESS uptime_s=600.75
RT_PROGRESS uptime_s=610.78
RT_PROGRESS uptime_s=620.81
RT_PROGRESS uptime_s=630.83
RT_PROGRESS uptime_s=640.86
RT_PROGRESS uptime_s=650.88
RT_PROGRESS uptime_s=660.90
RT_PROGRESS uptime_s=670.93
RT_PROGRESS uptime_s=680.96
RT_PROGRESS uptime_s=690.97
RT_PROGRESS uptime_s=700.99
RT_PROGRESS uptime_s=711.02
RT_PROGRESS uptime_s=721.05
RT_PROGRESS uptime_s=731.08
RT_PROGRESS uptime_s=741.10
RT_PROGRESS uptime_s=751.12
RT_PROGRESS uptime_s=761.14
RT_PROGRESS uptime_s=771.16
RT_PROGRESS uptime_s=781.18
RT_PROGRESS uptime_s=791.21
RT_PROGRESS uptime_s=801.24
RT_PROGRESS uptime_s=811.26
RT_PROGRESS uptime_s=821.29
RT_PROGRESS uptime_s=831.31
RT_PROGRESS uptime_s=841.34
RT_PROGRESS uptime_s=851.35
RT_PROGRESS uptime_s=861.38
RT_PROGRESS uptime_s=871.40
RT_PROGRESS uptime_s=881.42
RT_PROGRESS uptime_s=891.44
RT_PROGRESS uptime_s=901.46
RT_PROGRESS uptime_s=911.48
RT_PROGRESS uptime_s=921.50
RT_PROGRESS uptime_s=931.53
RT_PROGRESS uptime_s=941.55
RT_PROGRESS uptime_s=951.57
RT_PROGRESS uptime_s=961.60
RT_PROGRESS uptime_s=971.63
RT_PROGRESS uptime_s=981.65
RT_PROGRESS uptime_s=991.67
RT_PROGRESS uptime_s=1001.70
RT_PROGRESS uptime_s=1011.72
RT_PROGRESS uptime_s=1021.74
RT_PROGRESS uptime_s=1031.76
RT_PROGRESS uptime_s=1041.79
RT_PROGRESS uptime_s=1051.82
RT_PROGRESS uptime_s=1061.83
RT_PROGRESS uptime_s=1071.86
RT_PROGRESS uptime_s=1081.88
RT_PROGRESS uptime_s=1091.91
RT_PROGRESS uptime_s=1101.93
RT_PROGRESS uptime_s=1111.96
RT_PROGRESS uptime_s=1121.98
RT_PROGRESS uptime_s=1132.00
RT_PROGRESS uptime_s=1142.02
RT_PROGRESS uptime_s=1152.05
RT_PROGRESS uptime_s=1162.07
RT_PROGRESS uptime_s=1172.10
RT_PROGRESS uptime_s=1182.12
RT_PROGRESS uptime_s=1192.14
RT_PROGRESS uptime_s=1202.16
RT_PROGRESS uptime_s=1212.19
RT_PROGRESS uptime_s=1222.22
RT_PROGRESS uptime_s=1232.24
RT_PROGRESS uptime_s=1242.27
RT_PROGRESS uptime_s=1252.29
RT_PROGRESS uptime_s=1262.31
RT_PROGRESS uptime_s=1272.33
RT_PROGRESS uptime_s=1282.35
RT_PROGRESS uptime_s=1292.38
RT_PROGRESS uptime_s=1302.40
RT_PROGRESS uptime_s=1312.43
RT_PROGRESS uptime_s=1322.44
RT_PROGRESS uptime_s=1332.46
RT_PROGRESS uptime_s=1342.49
RT_PROGRESS uptime_s=1352.51
RT_PROGRESS uptime_s=1362.54
RT_PROGRESS uptime_s=1372.57
RT_PROGRESS uptime_s=1382.60
RT_PROGRESS uptime_s=1392.62
RT_PROGRESS uptime_s=1402.65
RT_PROGRESS uptime_s=1412.68
RT_PROGRESS uptime_s=1422.70
RT_PROGRESS uptime_s=1432.72
RT_PROGRESS uptime_s=1442.74
RT_PROGRESS uptime_s=1452.76
RT_PROGRESS uptime_s=1462.78
RT_PROGRESS uptime_s=1472.81
RT_PROGRESS uptime_s=1482.83
RT_PROGRESS uptime_s=1492.86
RT_PROGRESS uptime_s=1502.88
RT_PROGRESS uptime_s=1512.90
RT_PROGRESS uptime_s=1522.93
RT_PROGRESS uptime_s=1532.95
RT_PROGRESS uptime_s=1542.98
RT_PROGRESS uptime_s=1553.00
RT_PROGRESS uptime_s=1563.02
RT_PROGRESS uptime_s=1573.04
RT_PROGRESS uptime_s=1583.07
RT_PROGRESS uptime_s=1593.09
RT_PROGRESS uptime_s=1603.11
RT_PROGRESS uptime_s=1613.14
RT_PROGRESS uptime_s=1623.16
RT_PROGRESS uptime_s=1633.18
RT_PROGRESS uptime_s=1643.21
RT_PROGRESS uptime_s=1653.24
RT_PROGRESS uptime_s=1663.25
RT_PROGRESS uptime_s=1673.28
RT_PROGRESS uptime_s=1683.31
RT_PROGRESS uptime_s=1693.32
RT_PROGRESS uptime_s=1703.34
RT_PROGRESS uptime_s=1713.36
RT_PROGRESS uptime_s=1723.38
RT_PROGRESS uptime_s=1733.41
RT_PROGRESS uptime_s=1743.43
RT_PROGRESS uptime_s=1753.46
RT_PROGRESS uptime_s=1763.48
RT_PROGRESS uptime_s=1773.50
RT_PROGRESS uptime_s=1783.53
RT_PROGRESS uptime_s=1793.54
RT_PROGRESS uptime_s=1803.56
RT_PROGRESS uptime_s=1813.58
RT_PROGRESS uptime_s=1823.61
WARN: stat /dev/cpu_dma_latency failed: No such file or directory
# Histogram
000151 000002
000160 000003
000161 000002
000162 000004
000163 000002
000164 000004
000165 000002
000166 000007
000167 000015
000168 000019
000169 000020
000170 000038
000171 000039
000172 000034
000173 000057
000174 000059
000175 000072
000176 000070
000177 000075
000178 000075
000179 000072
000180 000078
000181 000073
000182 000093
000183 000088
000184 000099
000185 000108
000186 000114
000187 000106
000188 000103
000189 000115
000190 000099
000191 000125
000192 000119
000193 000106
000194 000106
000195 000104
000196 000131
000197 000102
000198 000086
000199 000112
000200 000095
000201 000095
000202 000114
000203 000096
000204 000103
000205 000083
000206 000113
000207 000079
000208 000116
000209 000075
000210 000091
000211 000105
000212 000110
000213 000090
000214 000082
000215 000081
000216 000082
000217 000098
000218 000090
000219 000106
000220 000106
000221 000085
000222 000097
000223 000102
000224 000105
000225 000111
000226 000103
000227 000100
000228 000111
000229 000117
000230 000113
000231 000088
000232 000114
000233 000108
000234 000120
000235 000102
000236 000127
000237 000113
000238 000083
000239 000131
000240 000126
000241 000106
000242 000127
000243 000127
000244 000137
000245 000167
000246 000142
000247 000158
000248 000163
000249 000163
000250 000150
000251 000167
000252 000166
000253 000170
000254 000165
000255 000239
000256 000219
000257 000202
000258 000220
000259 000226
000260 000257
000261 000249
000262 000234
000263 000252
000264 000262
000265 000267
000266 000276
000267 000285
000268 000268
000269 000301
000270 000292
000271 000282
000272 000293
000273 000289
000274 000295
000275 000319
000276 000304
000277 000357
000278 000323
000279 000354
000280 000318
000281 000311
000282 000304
000283 000301
000284 000314
000285 000294
000286 000300
000287 000323
000288 000339
000289 000288
000290 000282
000291 000324
000292 000272
000293 000300
000294 000321
000295 000312
000296 000310
000297 000300
000298 000330
000299 000346
000300 000319
000301 000311
000302 000355
000303 000347
000304 000361
000305 000372
000306 000407
000307 000439
000308 000487
000309 000542
000310 000593
000311 000658
000312 000732
000313 000744
000314 000937
000315 001071
000316 001159
000317 001247
000318 001429
000319 001450
000320 001639
000321 001722
000322 001969
000323 002039
000324 002260
000325 002396
000326 002541
000327 002599
000328 002744
000329 002739
000330 003010
000331 002954
000332 003126
000333 003070
000334 003205
000335 003100
000336 003324
000337 003126
000338 003149
000339 003129
000340 003182
000341 003166
000342 003181
000343 002976
000344 003064
000345 002912
000346 002855
000347 002739
000348 002866
000349 002688
000350 002653
000351 002535
000352 002571
000353 002504
000354 002473
000355 002351
000356 002327
000357 002249
000358 002252
000359 002123
000360 002165
000361 002033
000362 002137
000363 001913
000364 002079
000365 001858
000366 001817
000367 001783
000368 001815
000369 001639
000370 001610
000371 001613
000372 001586
000373 001526
000374 001472
000375 001435
000376 001413
000377 001308
000378 001347
000379 001286
000380 001312
000381 001248
000382 001231
000383 001187
000384 001141
000385 001073
000386 001108
000387 001071
000388 001016
000389 001018
000390 001028
000391 001006
000392 000999
000393 000907
000394 000934
000395 000881
000396 000877
000397 000910
000398 000931
000399 000842
000400 000887
000401 000878
000402 000874
000403 000855
000404 000876
000405 000828
000406 000917
000407 000891
000408 000938
000409 000992
000410 000977
000411 001014
000412 001181
000413 001233
000414 001381
000415 001427
000416 001569
000417 001650
000418 001796
000419 001884
000420 002041
000421 002235
000422 002478
000423 002660
000424 002879
000425 003066
000426 003319
000427 003544
000428 003648
000429 003814
000430 004147
000431 004048
000432 004259
000433 004351
000434 004478
000435 004482
000436 004634
000437 004773
000438 004958
000439 004895
000440 004965
000441 005012
000442 005153
000443 005156
000444 005172
000445 005022
000446 005164
000447 004996
000448 004959
000449 005083
000450 005108
000451 005009
000452 005000
000453 004988
000454 005042
000455 004847
000456 005018
000457 004848
000458 004926
000459 004745
000460 004700
000461 004554
000462 004685
000463 004396
000464 004418
000465 004348
000466 004228
000467 004173
000468 004184
000469 003973
000470 003982
000471 003763
000472 003741
000473 003658
000474 003554
000475 003593
000476 003497
000477 003459
000478 003475
000479 003376
000480 003396
000481 003529
000482 003566
000483 003646
000484 003681
000485 003869
000486 003937
000487 003990
000488 004183
000489 004328
000490 004532
000491 004688
000492 004926
000493 005187
000494 005321
000495 005440
000496 005723
000497 005591
000498 005855
000499 005631
000500 005889
000501 005602
000502 005722
000503 005647
000504 005695
000505 005437
000506 005486
000507 005412
000508 005454
000509 005403
000510 005500
000511 005526
000512 005489
000513 005565
000514 005624
000515 005742
000516 006004
000517 006108
000518 006209
000519 006113
000520 006356
000521 006341
000522 006316
000523 006256
000524 006360
000525 006166
000526 006239
000527 006059
000528 006125
000529 006173
000530 006052
000531 005730
000532 005874
000533 005800
000534 005687
000535 005637
000536 005664
000537 005539
000538 005437
000539 005243
000540 005403
000541 005197
000542 005232
000543 005137
000544 005388
000545 005488
000546 005670
000547 005749
000548 005927
000549 006113
000550 006266
000551 006402
000552 006711
000553 007076
000554 007547
000555 007819
000556 008200
000557 008648
000558 008818
000559 008981
000560 009238
000561 009145
000562 009155
000563 008895
000564 008904
000565 008699
000566 008561
000567 008400
000568 008305
000569 008079
000570 007867
000571 007582
000572 007607
000573 007241
000574 007174
000575 007072
000576 006851
000577 006539
000578 006429
000579 006134
000580 006222
000581 005920
000582 006140
000583 005947
000584 005906
000585 005715
000586 005828
000587 005503
000588 005630
000589 005297
000590 005216
000591 005048
000592 005040
000593 004825
000594 004791
000595 004610
000596 004483
000597 004327
000598 004257
000599 003971
000600 003967
000601 003841
000602 003777
000603 003564
000604 003707
000605 003552
000606 003563
000607 003510
000608 003680
000609 003767
000610 003906
000611 003876
000612 004319
000613 004459
000614 004594
000615 004897
000616 005102
000617 005310
000618 005852
000619 006024
000620 006437
000621 006729
000622 007124
000623 007256
000624 007621
000625 007769
000626 008086
000627 008160
000628 008154
000629 008037
000630 008277
000631 008090
000632 008003
000633 007700
000634 007755
000635 007470
000636 007592
000637 007297
000638 007348
000639 006879
000640 006596
000641 006632
000642 006489
000643 006344
000644 006259
000645 006246
000646 006096
000647 005977
000648 006041
000649 005660
000650 005686
000651 005434
000652 005349
000653 005284
000654 005174
000655 005039
000656 004925
000657 004537
000658 004385
000659 004183
000660 003973
000661 003870
000662 003896
000663 003674
000664 003567
000665 003326
000666 003225
000667 002938
000668 002963
000669 002907
000670 002727
000671 002670
000672 002625
000673 002384
000674 002337
000675 002133
000676 002015
000677 002059
000678 001987
000679 001814
000680 001783
000681 001768
000682 001587
000683 001524
000684 000978
000686 000005
000687 000199
000688 000667
000689 001118
000690 001252
000691 001292
000692 001272
000693 001242
000694 001066
000695 000992
000696 000975
000697 000941
000698 000898
000699 000904
000700 000820
000701 000807
000702 000760
000703 000672
000704 000718
000705 000691
000706 000640
000707 000624
000708 000610
000709 000556
000710 000528
000711 000514
000712 000493
000713 000486
000714 000486
000715 000496
000716 000425
000717 000397
000718 000425
000719 000381
000720 000385
000721 000380
000722 000384
000723 000363
000724 000353
000725 000344
000726 000342
000727 000358
000728 000356
000729 000362
000730 000352
000731 000320
000732 000320
000733 000342
000734 000352
000735 000346
000736 000339
000737 000303
000738 000351
000739 000298
000740 000317
000741 000293
000742 000330
000743 000311
000744 000302
000745 000315
000746 000309
000747 000341
000748 000313
000749 000302
000750 000308
000751 000280
000752 000315
000753 000283
000754 000272
000755 000282
000756 000276
000757 000263
000758 000277
000759 000285
000760 000270
000761 000283
000762 000298
000763 000281
000764 000259
000765 000257
000766 000248
000767 000295
000768 000291
000769 000235
000770 000269
000771 000261
000772 000282
000773 000252
000774 000251
000775 000259
000776 000279
000777 000260
000778 000261
000779 000274
000780 000279
000781 000258
000782 000276
000783 000254
000784 000245
000785 000264
000786 000269
000787 000241
000788 000285
000789 000279
000790 000275
000791 000289
000792 000266
000793 000275
000794 000283
000795 000251
000796 000268
000797 000306
000798 000282
000799 000290
000800 000294
000801 000309
000802 000288
000803 000316
000804 000292
000805 000333
000806 000300
000807 000313
000808 000339
000809 000359
000810 000372
000811 000387
000812 000371
000813 000406
000814 000416
000815 000427
000816 000451
000817 000480
000818 000463
000819 000506
000820 000530
000821 000548
000822 000463
000823 000502
000824 000529
000825 000461
000826 000483
000827 000519
000828 000509
000829 000493
000830 000469
000831 000435
000832 000406
000833 000377
000834 000372
000835 000338
000836 000399
000837 000354
000838 000359
000839 000331
000840 000371
000841 000369
000842 000329
000843 000365
000844 000337
000845 000303
000846 000323
000847 000297
000848 000351
000849 000316
000850 000277
000851 000299
000852 000295
000853 000323
000854 000318
000855 000290
000856 000300
000857 000329
000858 000336
000859 000352
000860 000386
000861 000336
000862 000338
000863 000342
000864 000377
000865 000321
000866 000330
000867 000381
000868 000334
000869 000347
000870 000348
000871 000351
000872 000357
000873 000304
000874 000339
000875 000299
000876 000304
000877 000333
000878 000329
000879 000319
000880 000304
000881 000292
000882 000316
000883 000276
000884 000298
000885 000291
000886 000252
000887 000234
000888 000269
000889 000262
000890 000257
000891 000243
000892 000205
000893 000233
000894 000223
000895 000215
000896 000214
000897 000203
000898 000212
000899 000221
000900 000209
000901 000181
000902 000199
000903 000170
000904 000172
000905 000165
000906 000176
000907 000163
000908 000170
000909 000170
000910 000152
000911 000178
000912 000141
000913 000142
000914 000135
000915 000145
000916 000169
000917 000128
000918 000135
000919 000144
000920 000152
000921 000123
000922 000146
000923 000122
000924 000127
000925 000145
000926 000148
000927 000126
000928 000120
000929 000143
000930 000131
000931 000131
000932 000110
000933 000148
000934 000099
000935 000132
000936 000133
000937 000114
000938 000100
000939 000132
000940 000103
000941 000119
000942 000125
000943 000113
000944 000139
000945 000132
000946 000118
000947 000108
000948 000117
000949 000113
000950 000101
000951 000121
000952 000111
000953 000106
000954 000114
000955 000128
000956 000087
000957 000096
000958 000103
000959 000113
000960 000104
000961 000101
000962 000085
000963 000097
000964 000093
000965 000074
000966 000074
000967 000099
000968 000082
000969 000084
000970 000071
000971 000083
000972 000077
000973 000069
000974 000082
000975 000080
000976 000114
000977 000058
000978 000070
000979 000066
000980 000079
000981 000070
000982 000080
000983 000064
000984 000067
000985 000064
000986 000072
000987 000073
000988 000073
000989 000078
000990 000066
000991 000080
000992 000079
000993 000078
000994 000079
000995 000076
000996 000080
000997 000069
000998 000077
000999 000064
001000 000082
001001 000074
001002 000082
001003 000074
001004 000078
001005 000069
001006 000067
001007 000074
001008 000072
001009 000057
001010 000071
001011 000052
001012 000061
001013 000056
001014 000070
001015 000047
001016 000048
001017 000054
001018 000054
001019 000047
001020 000048
001021 000050
001022 000051
001023 000058
001024 000054
001025 000063
001026 000064
001027 000047
001028 000051
001029 000050
001030 000048
001031 000036
001032 000040
001033 000034
001034 000051
001035 000037
001036 000039
001037 000033
001038 000047
001039 000036
001040 000042
001041 000045
001042 000049
001043 000032
001044 000033
001045 000042
001046 000043
001047 000042
001048 000031
001049 000034
001050 000027
001051 000033
001052 000028
001053 000030
001054 000029
001055 000037
001056 000036
001057 000035
001058 000046
001059 000033
001060 000036
001061 000044
001062 000032
001063 000026
001064 000029
001065 000033
001066 000032
001067 000015
001068 000034
001069 000022
001070 000030
001071 000022
001072 000027
001073 000024
001074 000022
001075 000033
001076 000021
001077 000029
001078 000015
001079 000030
001080 000028
001081 000022
001082 000024
001083 000029
001084 000028
001085 000022
001086 000017
001087 000024
001088 000020
001089 000028
001090 000034
001091 000024
001092 000025
001093 000024
001094 000028
001095 000019
001096 000015
001097 000019
001098 000021
001099 000023
001100 000024
001101 000021
001102 000019
001103 000024
001104 000022
001105 000017
001106 000026
001107 000011
001108 000020
001109 000012
001110 000013
001111 000026
001112 000014
001113 000018
001114 000010
001115 000017
001116 000013
001117 000016
001118 000018
001119 000015
001120 000013
001121 000019
001122 000021
001123 000013
001124 000022
001125 000014
001126 000021
001127 000019
001128 000012
001129 000017
001130 000018
001131 000012
001132 000011
001133 000018
001134 000014
001135 000016
001136 000017
001137 000018
001138 000003
001139 000009
001140 000013
001141 000013
001142 000010
001143 000017
001144 000010
001145 000006
001146 000010
001147 000015
001148 000003
001149 000010
001150 000007
001151 000008
001152 000013
001153 000016
001154 000011
001155 000011
001156 000009
001157 000012
001158 000013
001159 000007
001160 000006
001161 000010
001162 000008
001163 000008
001164 000014
001165 000010
001166 000008
001167 000007
001168 000005
001169 000010
001170 000005
001171 000009
001172 000007
001173 000009
001174 000005
001175 000008
001176 000009
001177 000013
001178 000007
001179 000009
001180 000008
001181 000006
001182 000013
001183 000011
001184 000008
001185 000015
001186 000010
001187 000015
001188 000011
001189 000014
001190 000024
001191 000014
001192 000016
001193 000013
001194 000015
001195 000016
001196 000017
001197 000023
001198 000022
001199 000018
001200 000021
001201 000026
001202 000027
001203 000023
001204 000026
001205 000032
001206 000036
001207 000024
001208 000034
001209 000037
001210 000028
001211 000035
001212 000041
001213 000037
001214 000032
001215 000035
001216 000039
001217 000036
001218 000039
001219 000033
001220 000030
001221 000027
001222 000045
001223 000038
001224 000054
001225 000049
001226 000046
001227 000049
001228 000027
001229 000042
001230 000039
001231 000044
001232 000041
001233 000047
001234 000050
001235 000041
001236 000057
001237 000049
001238 000039
001239 000038
001240 000047
001241 000034
001242 000056
001243 000056
001244 000047
001245 000044
001246 000047
001247 000049
001248 000050
001249 000050
001250 000040
001251 000044
001252 000049
001253 000054
001254 000044
001255 000043
001256 000044
001257 000023
001258 000046
001259 000046
001260 000044
001261 000049
001262 000042
001263 000034
001264 000034
001265 000034
001266 000038
001267 000034
001268 000035
001269 000039
001270 000045
001271 000039
001272 000028
001273 000033
001274 000030
001275 000034
001276 000027
001277 000039
001278 000026
001279 000025
001280 000033
001281 000031
001282 000026
001283 000033
001284 000023
001285 000018
001286 000018
001287 000021
001288 000033
001289 000021
001290 000029
001291 000022
001292 000019
001293 000026
001294 000021
001295 000021
001296 000018
001297 000021
001298 000023
001299 000033
001300 000024
001301 000015
001302 000021
001303 000028
001304 000018
001305 000028
001306 000019
001307 000019
001308 000022
001309 000026
001310 000018
001311 000012
001312 000031
001313 000021
001314 000020
001315 000024
001316 000032
001317 000032
001318 000032
001319 000034
001320 000026
001321 000036
001322 000031
001323 000036
001324 000031
001325 000031
001326 000043
001327 000031
001328 000027
001329 000038
001330 000034
001331 000034
001332 000045
001333 000044
001334 000028
001335 000055
001336 000035
001337 000047
001338 000057
001339 000038
001340 000044
001341 000036
001342 000050
001343 000055
001344 000046
001345 000046
001346 000048
001347 000049
001348 000061
001349 000058
001350 000055
001351 000052
001352 000052
001353 000066
001354 000063
001355 000058
001356 000056
001357 000050
001358 000049
001359 000057
001360 000059
001361 000056
001362 000063
001363 000060
001364 000044
001365 000061
001366 000056
001367 000060
001368 000040
001369 000044
001370 000052
001371 000046
001372 000044
001373 000040
001374 000050
001375 000044
001376 000044
001377 000044
001378 000031
001379 000048
001380 000031
001381 000038
001382 000035
001383 000040
001384 000039
001385 000032
001386 000032
001387 000035
001388 000040
001389 000029
001390 000019
001391 000030
001392 000027
001393 000037
001394 000038
001395 000024
001396 000023
001397 000020
001398 000024
001399 000024
001400 000037
001401 000021
001402 000030
001403 000023
001404 000019
001405 000018
001406 000023
001407 000017
001408 000022
001409 000023
001410 000020
001411 000019
001412 000025
001413 000016
001414 000019
001415 000024
001416 000019
001417 000030
001418 000018
001419 000024
001420 000017
001421 000023
001422 000023
001423 000022
001424 000027
001425 000014
001426 000022
001427 000018
001428 000018
001429 000011
001430 000021
001431 000008
001432 000023
001433 000022
001434 000017
001435 000019
001436 000027
001437 000023
001438 000021
001439 000026
001440 000031
001441 000012
001442 000022
001443 000019
001444 000014
001445 000006
001446 000021
001447 000009
001448 000019
001449 000023
001450 000018
001451 000018
001452 000019
001453 000022
001454 000030
001455 000014
001456 000032
001457 000021
001458 000013
001459 000022
001460 000012
001461 000021
001462 000016
001463 000015
001464 000022
001465 000015
001466 000026
001467 000019
001468 000025
001469 000023
001470 000018
001471 000024
001472 000020
001473 000033
001474 000028
001475 000019
001476 000014
001477 000024
001478 000029
001479 000015
001480 000024
001481 000021
001482 000024
001483 000017
001484 000021
001485 000021
001486 000030
001487 000018
001488 000020
001489 000028
001490 000017
001491 000019
001492 000023
001493 000029
001494 000022
001495 000022
001496 000022
001497 000020
001498 000026
001499 000031
001500 000025
001501 000014
001502 000029
001503 000017
001504 000020
001505 000020
001506 000027
001507 000022
001508 000021
001509 000011
001510 000012
001511 000020
001512 000016
001513 000020
001514 000021
001515 000020
001516 000014
001517 000017
001518 000015
001519 000017
001520 000008
001521 000009
001522 000010
001523 000019
001524 000012
001525 000010
001526 000011
001527 000019
001528 000015
001529 000012
001530 000015
001531 000012
001532 000006
001533 000013
001534 000010
001535 000008
001536 000013
001537 000013
001538 000006
001539 000014
001540 000011
001541 000013
001542 000008
001543 000015
001544 000005
001545 000008
001546 000006
001547 000009
001548 000010
001549 000011
001550 000006
001551 000013
001552 000005
001553 000012
001554 000010
001555 000007
001556 000012
001557 000006
001558 000011
001559 000010
001560 000008
001561 000011
001562 000007
001563 000009
001564 000011
001565 000007
001566 000007
001567 000007
001568 000005
001569 000007
001570 000007
001571 000006
001572 000016
001573 000005
001574 000005
001575 000006
001576 000010
001577 000006
001578 000009
001579 000005
001580 000012
001581 000009
001582 000007
001583 000006
001584 000008
001585 000010
001586 000009
001587 000007
001588 000009
001589 000006
001590 000005
001591 000006
001592 000006
001593 000010
001594 000005
001595 000004
001596 000008
001597 000008
001598 000007
001599 000009
001600 000006
001601 000004
001602 000008
001603 000003
001604 000007
001605 000006
001606 000002
001607 000007
001608 000006
001609 000006
001610 000008
001611 000010
001612 000010
001613 000004
001614 000011
001615 000004
001616 000008
001617 000004
001618 000004
001619 000005
001620 000004
001621 000011
001622 000005
001623 000007
001624 000006
001625 000005
001626 000004
001627 000006
001628 000005
001629 000004
001630 000002
001631 000002
001632 000006
001633 000001
001634 000003
001635 000001
001636 000009
001637 000004
001638 000003
001639 000003
001640 000007
001641 000007
001642 000007
001643 000006
001644 000002
001645 000005
001646 000007
001647 000001
001648 000004
001649 000002
001650 000002
001651 000004
001652 000003
001653 000003
001654 000002
001655 000003
001656 000001
001657 000002
001658 000001
001659 000003
001660 000004
001662 000002
001663 000003
001664 000003
001665 000002
001666 000002
001667 000002
001668 000006
001669 000002
001670 000002
001671 000006
001672 000002
001673 000004
001674 000005
001675 000001
001676 000004
001677 000002
001678 000002
001679 000002
001680 000004
001681 000001
001682 000003
001683 000001
001688 000001
001689 000003
001690 000003
001691 000001
001692 000004
001693 000001
001694 000002
001695 000003
001696 000002
001697 000001
001698 000003
001699 000005
001700 000006
001701 000005
001702 000001
001704 000001
001705 000001
001706 000001
001708 000003
001709 000001
001710 000001
001711 000003
001712 000002
001713 000003
001714 000004
001715 000002
001716 000003
001718 000001
001719 000004
001720 000003
001722 000001
001723 000003
001725 000002
001726 000002
001727 000004
001728 000005
001729 000002
001730 000005
001731 000001
001732 000003
001733 000004
001734 000001
001735 000004
001736 000004
001737 000001
001738 000004
001739 000001
001740 000006
001742 000002
001744 000002
001745 000001
001746 000001
001747 000003
001748 000002
001749 000002
001750 000003
001752 000002
001753 000001
001754 000001
001757 000001
001759 000003
001761 000001
001762 000001
001763 000003
001764 000001
001765 000001
001766 000001
001767 000001
001769 000001
001770 000002
001771 000001
001772 000001
001773 000001
001774 000001
001775 000001
001776 000001
001777 000001
001778 000001
001780 000001
001781 000002
001785 000001
001786 000001
001787 000001
001789 000001
001795 000001
001797 000001
001801 000001
001805 000001
001806 000001
001809 000001
001811 000002
001812 000003
001814 000001
001820 000001
001823 000002
001825 000001
001831 000001
001832 000001
001834 000002
001836 000002
001837 000001
001839 000001
001848 000001
001851 000001
001853 000002
001855 000001
001867 000001
001871 000001
001872 000001
001873 000001
001876 000001
001878 000001
001880 000001
001882 000001
001885 000001
001896 000001
001899 000001
001904 000001
001906 000001
001907 000001
001915 000002
001917 000001
001921 000001
001924 000001
001926 000001
001937 000001
001940 000001
001942 000001
001944 000001
001946 000001
001948 000001
001949 000001
001950 000001
001955 000001
001957 000001
001967 000002
001975 000001
001978 000001
001982 000001
001984 000002
001985 000001
001989 000001
001992 000001
001995 000001
001997 000001
001998 000001
002006 000001
002007 000001
002015 000002
002016 000002
002018 000001
002025 000001
002028 000001
002032 000001
002035 000001
002040 000002
002046 000001
002048 000001
002053 000001
002063 000001
002068 000001
002071 000003
002077 000001
002079 000001
002081 000004
002083 000001
002085 000001
002089 000001
002097 000001
002100 000001
002103 000001
002106 000001
002110 000001
002112 000001
002113 000001
002115 000001
002116 000001
002123 000001
002124 000001
002127 000001
002128 000002
002131 000001
002132 000001
002134 000001
002136 000001
002137 000001
002138 000001
002139 000001
002140 000001
002144 000001
002145 000001
002146 000001
002150 000001
002152 000002
002154 000002
002156 000002
002159 000001
002160 000001
002161 000001
002163 000002
002165 000003
002168 000002
002170 000001
002173 000001
002176 000001
002177 000001
002178 000001
002179 000001
002183 000001
002184 000002
002185 000002
002187 000004
002189 000002
002190 000001
002191 000003
002192 000002
002193 000005
002194 000004
002195 000002
002196 000004
002197 000004
002199 000002
002200 000002
002201 000004
002202 000003
002203 000003
002204 000005
002205 000004
002206 000007
002207 000003
002208 000002
002209 000004
002210 000004
002211 000001
002212 000004
002213 000004
002214 000007
002215 000003
002216 000005
002217 000005
002218 000007
002219 000007
002220 000003
002221 000004
002222 000005
002223 000006
002224 000008
002225 000004
002226 000005
002227 000002
002228 000003
002229 000004
002230 000001
002231 000005
002232 000002
002233 000004
002234 000001
002235 000003
002236 000004
002237 000009
002238 000001
002239 000003
002240 000007
002241 000007
002242 000006
002243 000005
002244 000002
002245 000002
002246 000004
002247 000004
002248 000001
002249 000003
002250 000004
002251 000004
002253 000004
002254 000002
002255 000002
002256 000005
002257 000002
002258 000002
002259 000006
002260 000004
002261 000007
002262 000004
002263 000007
002264 000009
002265 000003
002266 000003
002267 000005
002268 000005
002269 000013
002270 000007
002271 000011
002272 000010
002273 000005
002274 000012
002275 000015
002276 000020
002277 000018
002278 000019
002279 000024
002280 000024
002281 000016
002282 000034
002283 000029
002284 000018
002285 000024
002286 000017
002287 000025
002288 000025
002289 000029
002290 000024
002291 000023
002292 000027
002293 000020
002294 000036
002295 000024
002296 000028
002297 000026
002298 000021
002299 000020
002300 000024
002301 000016
002302 000024
002303 000028
002304 000012
002305 000014
002306 000013
002307 000016
002308 000012
002309 000014
002310 000019
002311 000010
002312 000014
002313 000010
002314 000010
002315 000016
002316 000012
002317 000013
002318 000010
002319 000006
002320 000016
002321 000014
002322 000010
002323 000017
002324 000013
002325 000013
002326 000011
002327 000010
002328 000014
002329 000009
002330 000013
002331 000018
002332 000008
002333 000015
002334 000015
002335 000011
002336 000014
002337 000009
002338 000021
002339 000011
002340 000012
002341 000006
002342 000016
002343 000007
002344 000005
002345 000006
002346 000010
002347 000012
002348 000007
002349 000008
002350 000011
002351 000011
002352 000007
002353 000005
002354 000004
002355 000008
002356 000004
002357 000002
002358 000008
002359 000005
002360 000002
002361 000004
002362 000002
002363 000003
002364 000001
002365 000005
002366 000007
002367 000004
002368 000001
002369 000001
002370 000005
002371 000003
002372 000002
002373 000003
002374 000004
002375 000002
002376 000003
002377 000002
002378 000001
002379 000005
002380 000002
002381 000001
002382 000003
002383 000002
002384 000002
002385 000004
002386 000005
002387 000003
002388 000004
002389 000001
002390 000004
002391 000001
002392 000004
002393 000001
002395 000003
002396 000002
002397 000001
002398 000001
002399 000002
002400 000002
002401 000004
002402 000003
002403 000004
002404 000002
002405 000001
002406 000004
002407 000003
002408 000001
002409 000002
002410 000001
002411 000002
002412 000002
002413 000001
002414 000002
002415 000002
002416 000002
002418 000003
002419 000001
002420 000002
002421 000002
002422 000004
002423 000002
002424 000003
002426 000002
002427 000001
002428 000003
002429 000002
002430 000003
002432 000001
002433 000001
002434 000001
002435 000001
002436 000004
002437 000002
002438 000001
002439 000001
002440 000003
002441 000005
002447 000001
002448 000003
002449 000001
002450 000001
002451 000002
002454 000002
002455 000001
002456 000001
002457 000001
002458 000002
002459 000001
002462 000002
002463 000001
002464 000002
002465 000001
002466 000001
002467 000001
002468 000003
002469 000002
002470 000002
002471 000001
002472 000001
002473 000002
002479 000002
002480 000002
002483 000001
002484 000001
002485 000001
002486 000002
002487 000001
002491 000001
002492 000001
002493 000002
002494 000001
002495 000001
002496 000002
002497 000001
002498 000001
002499 000002
002500 000001
002502 000001
002503 000002
002504 000001
002509 000001
002510 000002
002512 000002
002513 000003
002514 000002
002518 000002
002519 000003
002521 000001
002523 000001
002526 000002
002528 000002
002530 000003
002531 000003
002532 000001
002533 000001
002535 000001
002537 000002
002538 000002
002539 000001
002542 000001
002545 000001
002546 000002
002549 000001
002552 000001
002555 000001
002556 000001
002559 000002
002560 000001
002561 000001
002563 000001
002569 000002
002576 000001
002578 000002
002579 000001
002580 000001
002583 000002
002585 000001
002593 000001
002594 000001
002595 000001
002596 000002
002599 000001
002602 000001
002603 000003
002607 000001
002609 000001
002613 000002
002616 000001
002623 000001
002624 000001
002632 000001
002634 000001
002635 000001
002637 000001
002641 000001
002646 000001
002653 000001
002654 000002
002656 000001
002657 000001
002659 000001
002660 000001
002661 000002
002665 000001
002666 000002
002667 000001
002670 000001
002684 000001
002689 000001
002690 000001
002692 000001
002696 000002
002701 000001
002702 000001
002706 000001
002713 000001
002716 000001
002718 000001
002723 000001
002726 000001
002728 000002
002731 000002
002732 000001
002740 000001
002743 000001
002755 000002
002761 000001
002769 000001
002771 000001
002774 000001
002776 000001
002780 000001
002782 000001
002784 000001
002785 000001
002793 000002
002794 000001
002798 000001
002799 000002
002806 000001
002808 000001
002816 000001
002825 000002
002833 000001
002843 000001
002846 000001
002848 000001
002854 000001
002856 000001
002898 000001
002908 000001
002911 000001
002915 000001
002921 000001
002925 000001
002942 000001
002958 000001
002960 000001
002972 000001
003002 000001
003015 000001
003025 000001
003034 000001
003038 000001
003044 000001
003047 000001
003051 000001
003062 000001
003063 000001
003068 000001
003083 000001
003104 000001
003108 000001
003117 000001
003118 000001
003119 000001
003121 000001
003122 000004
003123 000002
003127 000002
003130 000001
003132 000001
003135 000001
003140 000001
003147 000001
003150 000001
003151 000001
003154 000003
003157 000003
003158 000004
003159 000004
003160 000001
003161 000002
003162 000001
003163 000001
003164 000003
003165 000005
003166 000004
003167 000003
003168 000001
003169 000001
003170 000001
003171 000003
003172 000001
003173 000002
003175 000002
003177 000002
003178 000002
003180 000001
003181 000001
003182 000001
003183 000003
003184 000001
003185 000007
003187 000002
003188 000003
003189 000001
003190 000001
003191 000001
003192 000001
003193 000002
003194 000001
003195 000003
003196 000004
003197 000003
003198 000001
003199 000001
003200 000001
003201 000001
003202 000001
003203 000002
003204 000001
003205 000002
003206 000001
003207 000002
003208 000002
003210 000001
003212 000004
003213 000002
003214 000002
003215 000001
003216 000001
003217 000001
003218 000002
003219 000001
003220 000004
003222 000002
003223 000003
003224 000002
003225 000004
003226 000001
003227 000002
003228 000002
003229 000001
003230 000001
003231 000001
003232 000002
003233 000001
003236 000002
003237 000001
003238 000003
003240 000001
003241 000001
003243 000001
003244 000002
003245 000001
003246 000001
003247 000001
003248 000001
003249 000001
003250 000001
003251 000001
003253 000001
003255 000001
003256 000001
003257 000001
003258 000001
003260 000001
003261 000001
003263 000001
003264 000004
003268 000002
003269 000001
003270 000001
003273 000001
003274 000001
003275 000002
003278 000001
003279 000001
003282 000001
003283 000001
003284 000001
003285 000003
003286 000001
003287 000001
003288 000001
003289 000001
003290 000002
003291 000002
003292 000001
003293 000003
003294 000001
003295 000001
003297 000001
003298 000002
003299 000002
003300 000003
003301 000002
003302 000001
003303 000004
003304 000004
003305 000003
003307 000002
003309 000002
003310 000003
003311 000004
003314 000003
003315 000001
003316 000002
003317 000002
003318 000002
003319 000001
003320 000003
003321 000003
003322 000003
003323 000002
003324 000001
003326 000001
003327 000003
003328 000003
003329 000004
003330 000002
003331 000001
003332 000003
003333 000001
003334 000003
003335 000001
003336 000001
003338 000002
003339 000001
003340 000002
003341 000002
003343 000001
003344 000002
003345 000004
003347 000001
003348 000002
003349 000002
003350 000002
003352 000002
003353 000001
003354 000001
003356 000001
003357 000001
003358 000002
003360 000001
003362 000001
003363 000001
003364 000001
003368 000001
003369 000001
003370 000001
003371 000001
003372 000001
003373 000001
003375 000001
003379 000002
003381 000001
003382 000001
003384 000001
003385 000003
003386 000001
003388 000002
003390 000002
003395 000001
003397 000001
003399 000003
003401 000001
003403 000001
003404 000001
003412 000001
003414 000001
003417 000002
003418 000001
003419 000001
003420 000002
003422 000001
003424 000002
003426 000001
003427 000001
003433 000001
003434 000001
003439 000002
003440 000001
003448 000001
003450 000001
003455 000001
003458 000002
003460 000001
003463 000001
003466 000002
003467 000001
003468 000001
003471 000001
003472 000001
003479 000002
003480 000001
003483 000001
003484 000002
003486 000001
003488 000002
003491 000001
003494 000001
003495 000002
003498 000001
003499 000001
003500 000001
003509 000001
003510 000001
003512 000001
003513 000001
003514 000002
003517 000001
003520 000001
003521 000003
003523 000001
003524 000001
003526 000001
003528 000001
003530 000001
003533 000001
003534 000001
003537 000001
003538 000002
003546 000001
003547 000001
003548 000001
003553 000001
003554 000001
003556 000001
003558 000001
003560 000002
003564 000001
003565 000001
003566 000001
003568 000002
003571 000001
003572 000001
003573 000001
003576 000001
003578 000002
003586 000003
003587 000001
003588 000002
003590 000002
003593 000001
003594 000002
003598 000002
003601 000001
003603 000001
003608 000001
003616 000001
003622 000001
003629 000001
003637 000002
003639 000001
003645 000001
003646 000001
003647 000001
003651 000001
003657 000001
003659 000001
003671 000001
003698 000001
003700 000001
003712 000001
003722 000001
003723 000001
003724 000001
003730 000001
003734 000001
003739 000001
003747 000001
003748 000001
003753 000001
003761 000001
003763 000001
003764 000001
003771 000001
003774 000001
003783 000001
003791 000001
003803 000001
003804 000001
003807 000001
003816 000001
003828 000001
003862 000001
003888 000001
003893 000001
003913 000001
003922 000001
003927 000001
003928 000001
003935 000001
003945 000001
003953 000001
003956 000001
003988 000001
003996 000001
004007 000001
004032 000001
004060 000001
004100 000001
004108 000001
004130 000001
004137 000001
004139 000001
004151 000001
004154 000001
004157 000001
004166 000001
004168 000001
004173 000001
004178 000001
004179 000003
004181 000001
004184 000002
004186 000001
004188 000001
004192 000001
004193 000001
004195 000002
004196 000001
004197 000001
004199 000003
004200 000001
004202 000001
004203 000001
004205 000001
004207 000001
004208 000001
004209 000003
004210 000001
004211 000001
004212 000002
004213 000002
004214 000002
004215 000002
004216 000001
004219 000003
004222 000002
004223 000003
004224 000001
004225 000001
004227 000001
004228 000004
004229 000001
004230 000001
004233 000001
004234 000001
004235 000002
004236 000001
004237 000001
004238 000002
004239 000001
004240 000001
004242 000001
004243 000001
004244 000003
004245 000002
004247 000001
004249 000001
004250 000001
004251 000004
004252 000001
004253 000001
004254 000002
004256 000002
004257 000001
004258 000002
004259 000002
004260 000001
004261 000002
004262 000003
004264 000002
004265 000002
004266 000005
004267 000002
004270 000002
004271 000002
004272 000001
004273 000001
004274 000001
004275 000002
004276 000001
004277 000001
004278 000003
004279 000006
004280 000001
004281 000001
004282 000003
004283 000003
004284 000003
004285 000007
004286 000003
004287 000002
004288 000003
004289 000002
004290 000002
004291 000006
004292 000003
004293 000002
004294 000005
004295 000003
004296 000005
004297 000002
004298 000003
004299 000005
004300 000006
004301 000007
004302 000006
004303 000008
004304 000009
004305 000007
004306 000006
004307 000011
004308 000007
004309 000013
004310 000018
004311 000014
004312 000005
004313 000010
004314 000011
004315 000007
004316 000010
004317 000015
004318 000011
004319 000011
004320 000009
004321 000007
004322 000009
004323 000009
004324 000009
004325 000008
004326 000009
004327 000009
004328 000014
004329 000016
004330 000014
004331 000004
004332 000009
004333 000017
004334 000012
004335 000010
004336 000011
004337 000008
004338 000014
004339 000004
004340 000015
004341 000004
004342 000003
004343 000010
004344 000004
004345 000008
004346 000009
004347 000006
004348 000004
004349 000004
004350 000008
004351 000004
004352 000008
004353 000007
004354 000007
004355 000006
004356 000003
004357 000006
004358 000004
004359 000008
004360 000004
004361 000004
004362 000003
004363 000003
004364 000004
004365 000007
004366 000003
004367 000006
004368 000009
004369 000005
004370 000004
004371 000006
004372 000003
004373 000010
004374 000003
004375 000002
004376 000004
004377 000007
004378 000001
004379 000005
004380 000004
004381 000002
004382 000004
004384 000004
004385 000002
004386 000002
004387 000005
004388 000005
004389 000002
004390 000002
004391 000002
004392 000001
004393 000002
004394 000002
004395 000003
004396 000002
004397 000001
004398 000003
004399 000003
004400 000002
004401 000003
004402 000004
004403 000004
004404 000001
004405 000003
004407 000001
004409 000002
004410 000002
004411 000002
004412 000003
004414 000001
004415 000002
004416 000001
004417 000001
004420 000002
004421 000002
004422 000002
004424 000002
004426 000004
004427 000001
004431 000001
004432 000001
004440 000004
004441 000001
004442 000001
004445 000001
004446 000001
004448 000001
004449 000001
004450 000002
004451 000001
004452 000001
004455 000001
004456 000001
004457 000002
004458 000001
004461 000001
004463 000001
004472 000001
004475 000001
004478 000002
004479 000002
004480 000002
004488 000001
004496 000001
004499 000001
004500 000002
004501 000001
004504 000001
004505 000001
004508 000001
004514 000001
004515 000001
004516 000003
004518 000002
004529 000001
004530 000001
004531 000001
004541 000001
004548 000001
004552 000001
004554 000001
004555 000001
004558 000001
004563 000001
004565 000001
004566 000001
004569 000001
004579 000001
004581 000001
004591 000001
004594 000001
004595 000002
004597 000001
004598 000001
004600 000001
004606 000001
004612 000001
004616 000001
004618 000003
004622 000001
004625 000001
004627 000001
004630 000001
004636 000001
004649 000001
004654 000001
004661 000001
004663 000002
004668 000001
004680 000001
004684 000001
004690 000002
004694 000001
004695 000001
004709 000001
004714 000002
004718 000001
004730 000001
004732 000001
004798 000001
004805 000001
004807 000001
004816 000001
004822 000001
004833 000001
004849 000001
004855 000001
004859 000001
004979 000001
004991 000001
004994 000001
004995 000001
005006 000001
005025 000001
005046 000001
005066 000001
005078 000001
005103 000001
005108 000001
005112 000001
005114 000001
005116 000001
005123 000001
005126 000001
005129 000001
005132 000001
005135 000002
005136 000001
005137 000001
005138 000002
005147 000001
005153 000001
005154 000002
005156 000001
005158 000001
005162 000001
005167 000002
005169 000001
005171 000001
005178 000001
005180 000002
005182 000001
005183 000002
005188 000002
005190 000001
005191 000001
005192 000001
005195 000001
005197 000001
005198 000001
005199 000001
005202 000001
005203 000001
005204 000001
005205 000002
005208 000002
005209 000001
005210 000002
005211 000001
005212 000001
005213 000002
005215 000001
005216 000001
005217 000002
005218 000003
005219 000001
005220 000003
005221 000003
005222 000001
005223 000001
005224 000002
005226 000001
005227 000004
005228 000002
005230 000002
005231 000001
005232 000002
005233 000001
005235 000003
005236 000003
005237 000002
005238 000001
005240 000001
005241 000006
005242 000001
005244 000005
005245 000002
005246 000001
005248 000003
005249 000001
005251 000001
005252 000003
005253 000002
005256 000001
005257 000002
005258 000003
005259 000005
005261 000001
005264 000001
005266 000001
005268 000002
005270 000002
005271 000001
005272 000003
005273 000001
005274 000002
005275 000006
005276 000001
005277 000001
005278 000004
005279 000001
005280 000001
005281 000003
005282 000003
005283 000001
005285 000002
005286 000002
005287 000003
005288 000001
005289 000002
005290 000001
005291 000002
005292 000001
005293 000002
005294 000002
005295 000001
005296 000003
005297 000001
005298 000003
005299 000002
005300 000001
005301 000001
005302 000003
005303 000001
005304 000001
005305 000004
005307 000002
005308 000001
005309 000003
005310 000003
005311 000003
005314 000001
005315 000001
005318 000003
005319 000003
005320 000001
005323 000001
005324 000002
005325 000002
005326 000001
005327 000001
005328 000002
005330 000002
005332 000003
005333 000002
005334 000001
005335 000004
005336 000002
005338 000002
005340 000001
005341 000002
005342 000001
005343 000001
005344 000001
005345 000002
005346 000002
005347 000001
005349 000001
005350 000001
005351 000001
005352 000001
005353 000001
005355 000001
005358 000001
005359 000002
005360 000002
005362 000002
005365 000001
005366 000002
005368 000002
005369 000001
005372 000001
005375 000001
005376 000002
005377 000001
005378 000002
005380 000001
005384 000001
005385 000003
005386 000002
005387 000001
005388 000001
005389 000001
005390 000001
005391 000001
005392 000001
005395 000001
005398 000001
005399 000001
005400 000001
005401 000002
005402 000001
005403 000001
005406 000001
005407 000001
005409 000001
005410 000001
005411 000001
005413 000002
005420 000001
005422 000001
005425 000001
005427 000001
005428 000001
005429 000001
005431 000001
005432 000002
005437 000002
005439 000001
005444 000001
005448 000001
005450 000001
005459 000001
005462 000001
005468 000002
005472 000001
005475 000001
005480 000001
005481 000001
005482 000001
005483 000001
005484 000001
005485 000001
005487 000001
005490 000002
005496 000001
005497 000001
005498 000001
005499 000001
005500 000003
005502 000001
005506 000001
005512 000001
005513 000001
005517 000001
005521 000001
005522 000001
005524 000003
005527 000001
005530 000001
005532 000001
005533 000001
005538 000001
005543 000001
005547 000001
005549 000001
005550 000001
005552 000001
005562 000001
005563 000001
005568 000001
005570 000001
005571 000001
005579 000002
005582 000001
005586 000001
005589 000001
005600 000001
005607 000002
005608 000001
005610 000001
005613 000001
005616 000001
005621 000001
005622 000002
005628 000001
005643 000001
005649 000001
005664 000001
005676 000001
005682 000001
005683 000002
005710 000001
005714 000001
005716 000001
005734 000001
005790 000001
005795 000001
005801 000001
005826 000001
005856 000001
005892 000001
005942 000001
005946 000001
005967 000001
006029 000001
006050 000001
006068 000001
006070 000001
006071 000001
006077 000001
006091 000001
006099 000001
006113 000001
006121 000001
006125 000001
006134 000001
006136 000002
006139 000001
006158 000001
006161 000001
006162 000001
006166 000002
006175 000001
006179 000001
006180 000001
006182 000001
006184 000001
006187 000001
006188 000001
006190 000002
006191 000003
006192 000001
006194 000001
006196 000001
006197 000001
006198 000001
006199 000001
006200 000002
006201 000001
006202 000001
006203 000002
006205 000002
006206 000001
006207 000001
006208 000003
006209 000003
006210 000001
006211 000005
006213 000001
006214 000002
006215 000001
006216 000003
006217 000006
006218 000003
006219 000001
006220 000004
006221 000004
006222 000003
006224 000004
006225 000002
006226 000002
006227 000004
006228 000002
006229 000003
006230 000002
006231 000001
006232 000002
006233 000004
006234 000004
006235 000002
006236 000001
006237 000001
006238 000001
006239 000001
006241 000001
006242 000002
006243 000004
006244 000001
006245 000001
006246 000001
006247 000002
006249 000001
006250 000001
006252 000003
006253 000003
006254 000002
006255 000001
006256 000002
006257 000001
006258 000002
006259 000002
006260 000002
006262 000001
006263 000003
006264 000002
006265 000001
006266 000003
006267 000003
006268 000002
006269 000003
006270 000002
006271 000002
006272 000002
006273 000002
006274 000003
006275 000005
006276 000002
006277 000004
006278 000003
006279 000003
006280 000005
006281 000008
006282 000005
006283 000007
006284 000009
006285 000010
006286 000009
006287 000002
006288 000005
006289 000011
006290 000012
006291 000011
006292 000013
006293 000019
006294 000014
006295 000018
006296 000010
006297 000016
006298 000008
006299 000010
006300 000008
006301 000014
006302 000007
006303 000009
006304 000007
006305 000013
006306 000008
006307 000012
006308 000011
006309 000010
006310 000004
006311 000006
006312 000009
006313 000006
006314 000009
006315 000008
006316 000005
006317 000008
006318 000006
006319 000012
006320 000004
006321 000005
006322 000008
006323 000012
006324 000009
006325 000002
006326 000008
006327 000005
006328 000010
006329 000010
006330 000006
006331 000005
006332 000008
006333 000002
006334 000008
006335 000008
006336 000012
006337 000011
006338 000006
006339 000009
006340 000009
006341 000004
006342 000005
006343 000009
006344 000007
006345 000009
006346 000006
006347 000001
006348 000005
006349 000004
006350 000009
006351 000002
006352 000007
006353 000005
006354 000001
006355 000007
006356 000003
006357 000007
006358 000004
006359 000006
006360 000006
006361 000008
006362 000005
006363 000001
006364 000001
006365 000003
006366 000003
006367 000004
006368 000001
006369 000004
006370 000002
006371 000002
006372 000002
006373 000004
006374 000001
006375 000003
006376 000002
006378 000001
006379 000002
006380 000002
006381 000002
006382 000003
006383 000002
006384 000002
006385 000002
006386 000001
006387 000001
006388 000001
006389 000001
006391 000003
006393 000001
006395 000001
006396 000003
006397 000003
006402 000002
006404 000004
006405 000003
006406 000002
006407 000001
006408 000003
006409 000001
006410 000001
006413 000002
006414 000001
006416 000001
006417 000003
006418 000001
006419 000002
006420 000002
006423 000002
006424 000001
006427 000004
006431 000002
006432 000001
006435 000001
006439 000002
006440 000003
006442 000002
006443 000001
006444 000002
006447 000001
006448 000001
006451 000001
006453 000001
006472 000001
006473 000001
006474 000001
006477 000001
006478 000001
006479 000003
006480 000001
006482 000001
006483 000001
006491 000001
006492 000001
006495 000001
006497 000001
006500 000001
006503 000001
006505 000001
006525 000002
006526 000001
006527 000001
006534 000001
006541 000003
006545 000001
006546 000001
006552 000001
006554 000002
006567 000001
006569 000001
006572 000001
006599 000002
006600 000001
006602 000001
006606 000002
006610 000001
006613 000001
006614 000001
006622 000001
006623 000001
006624 000001
006627 000001
006636 000001
006642 000001
006680 000001
006681 000001
006702 000001
006709 000001
006732 000002
006734 000001
006740 000001
006743 000001
006748 000001
006761 000001
006764 000002
006781 000001
006789 000001
006813 000001
006835 000002
006842 000001
006844 000001
006857 000001
006866 000001
006890 000001
006907 000001
006971 000001
006973 000001
007022 000001
007039 000001
007042 000001
007066 000001
007069 000001
007115 000001
007123 000001
007131 000001
007132 000001
007134 000001
007137 000001
007146 000001
007151 000001
007153 000001
007157 000001
007158 000001
007159 000001
007160 000001
007161 000001
007163 000001
007164 000001
007165 000002
007167 000002
007170 000002
007171 000002
007175 000001
007176 000001
007177 000002
007178 000001
007179 000001
007180 000001
007183 000001
007185 000001
007186 000003
007188 000003
007190 000002
007192 000003
007195 000002
007197 000001
007199 000002
007200 000001
007201 000003
007202 000001
007203 000002
007204 000001
007205 000001
007206 000002
007207 000002
007208 000001
007210 000002
007211 000002
007213 000001
007214 000001
007216 000002
007217 000001
007219 000005
007222 000001
007224 000002
007226 000001
007227 000001
007228 000001
007229 000002
007230 000003
007231 000002
007232 000001
007233 000002
007234 000001
007235 000001
007237 000002
007238 000001
007241 000003
007242 000001
007243 000001
007245 000001
007246 000001
007249 000001
007252 000002
007253 000001
007254 000002
007255 000001
007257 000003
007258 000001
007261 000001
007262 000001
007265 000002
007266 000001
007267 000001
007271 000001
007272 000001
007274 000001
007275 000002
007276 000001
007277 000001
007278 000002
007279 000002
007281 000001
007282 000001
007283 000002
007284 000001
007285 000001
007287 000002
007288 000001
007290 000001
007292 000001
007293 000001
007294 000001
007295 000004
007297 000002
007299 000003
007300 000003
007301 000002
007302 000001
007303 000001
007304 000002
007306 000001
007307 000003
007308 000002
007309 000002
007310 000002
007311 000001
007312 000001
007313 000002
007314 000002
007315 000002
007316 000004
007317 000001
007318 000002
007319 000003
007320 000003
007321 000004
007322 000001
007323 000001
007324 000004
007325 000003
007326 000004
007327 000003
007328 000002
007329 000002
007330 000001
007331 000002
007332 000001
007333 000001
007334 000004
007335 000001
007336 000001
007337 000002
007338 000001
007339 000005
007340 000004
007341 000001
007342 000003
007343 000003
007344 000003
007345 000003
007346 000004
007347 000002
007348 000004
007350 000002
007351 000001
007352 000002
007353 000002
007355 000001
007358 000006
007359 000001
007360 000003
007361 000002
007362 000002
007363 000001
007364 000001
007365 000003
007366 000004
007367 000001
007369 000001
007370 000003
007372 000001
007374 000002
007375 000002
007376 000001
007377 000002
007378 000002
007379 000001
007382 000001
007383 000001
007385 000002
007386 000002
007388 000001
007389 000001
007394 000001
007395 000001
007396 000001
007397 000002
007403 000001
007404 000001
007406 000001
007412 000001
007413 000001
007415 000001
007420 000001
007423 000001
007424 000001
007429 000001
007430 000001
007431 000001
007432 000001
007433 000001
007437 000001
007461 000001
007463 000001
007466 000002
007467 000001
007468 000002
007471 000001
007472 000001
007475 000001
007476 000001
007477 000001
007483 000002
007502 000001
007504 000001
007505 000001
007506 000001
007514 000001
007516 000001
007521 000001
007527 000001
007528 000001
007531 000001
007532 000002
007534 000001
007540 000001
007548 000001
007550 000001
007551 000001
007553 000001
007554 000001
007564 000001
007565 000001
007570 000001
007580 000001
007582 000001
007588 000001
007589 000001
007593 000001
007594 000001
007603 000001
007611 000001
007614 000001
007617 000001
007618 000001
007621 000001
007624 000001
007636 000001
007640 000001
007641 000001
007642 000001
007647 000001
007657 000001
007663 000001
007675 000001
007682 000001
007683 000001
007703 000001
007752 000001
007811 000001
007814 000001
007829 000001
007832 000001
007841 000001
007912 000002
008025 000001
008032 000001
008106 000001
008113 000001
008125 000001
008141 000001
008149 000001
008153 000001
008159 000001
008162 000001
008168 000001
008171 000001
008178 000002
008187 000001
008191 000003
008192 000001
008197 000003
008199 000002
008202 000003
008203 000001
008205 000001
008208 000001
008210 000001
008211 000003
008214 000002
008216 000001
008217 000002
008218 000001
008219 000002
008220 000002
008221 000002
008222 000001
008223 000003
008224 000001
008225 000002
008227 000001
008228 000002
008229 000001
008230 000002
008232 000002
008234 000001
008235 000002
008236 000001
008239 000001
008241 000001
008242 000001
008243 000001
008244 000001
008245 000002
008246 000001
008247 000002
008248 000003
008249 000002
008250 000001
008251 000001
008252 000002
008254 000003
008255 000001
008256 000002
008257 000001
008258 000002
008260 000001
008261 000001
008262 000001
008263 000002
008264 000004
008265 000002
008266 000001
008267 000002
008268 000001
008269 000003
008270 000001
008271 000001
008272 000001
008273 000003
008274 000004
008275 000001
008276 000002
008277 000003
008278 000005
008279 000002
008281 000004
008282 000003
008283 000004
008285 000005
008287 000006
008288 000002
008289 000002
008290 000001
008291 000002
008292 000002
008293 000003
008294 000002
008295 000002
008296 000002
008297 000002
008298 000002
008299 000006
008300 000006
008301 000009
008302 000005
008303 000004
008304 000007
008305 000007
008306 000006
008307 000005
008308 000008
008309 000010
008310 000010
008311 000009
008312 000005
008313 000011
008314 000011
008315 000014
008316 000008
008317 000024
008318 000012
008319 000008
008320 000011
008321 000014
008322 000010
008323 000014
008324 000009
008325 000017
008326 000015
008327 000009
008328 000013
008329 000015
008330 000015
008331 000019
008332 000015
008333 000021
008334 000010
008335 000009
008336 000009
008337 000013
008338 000012
008339 000009
008340 000009
008341 000013
008342 000013
008343 000008
008344 000012
008345 000007
008346 000008
008347 000013
008348 000007
008349 000011
008350 000011
008351 000015
008352 000008
008353 000007
008354 000008
008355 000009
008356 000012
008357 000010
008358 000007
008359 000008
008360 000010
008361 000011
008362 000006
008363 000011
008364 000006
008365 000011
008366 000005
008367 000009
008368 000008
008369 000009
008370 000007
008371 000005
008372 000009
008373 000008
008374 000005
008375 000001
008376 000009
008377 000008
008378 000006
008379 000007
008380 000004
008381 000010
008382 000002
008383 000002
008384 000003
008385 000002
008386 000004
008387 000008
008388 000004
008389 000004
008390 000004
008391 000005
008392 000004
008393 000006
008394 000005
008395 000004
008396 000003
008397 000001
008398 000002
008399 000001
008400 000002
008401 000004
008403 000003
008404 000002
008405 000004
008406 000001
008407 000005
008408 000004
008409 000003
008411 000003
008413 000001
008414 000003
008415 000003
008416 000005
008417 000002
008418 000001
008419 000002
008420 000003
008422 000003
008424 000001
008426 000002
008427 000004
008428 000004
008429 000001
008430 000002
008431 000002
008433 000002
008434 000001
008435 000003
008436 000001
008437 000001
008440 000002
008443 000001
008444 000001
008445 000001
008446 000002
008447 000002
008448 000001
008449 000001
008450 000001
008452 000001
008453 000001
008458 000001
008460 000002
008461 000001
008462 000001
008463 000002
008464 000001
008466 000001
008467 000002
008469 000001
008470 000001
008476 000001
008480 000001
008488 000001
008496 000002
008497 000001
008501 000001
008508 000001
008516 000001
008519 000001
008520 000002
008522 000001
008525 000001
008530 000001
008531 000002
008532 000001
008535 000001
008542 000001
008543 000001
008544 000001
008545 000001
008546 000001
008547 000001
008551 000003
008553 000001
008554 000001
008556 000002
008559 000001
008562 000001
008565 000001
008566 000001
008578 000003
008579 000002
008580 000001
008581 000001
008582 000001
008584 000001
008590 000003
008591 000001
008594 000001
008597 000001
008599 000001
008601 000003
008603 000001
008605 000001
008609 000001
008613 000001
008615 000001
008619 000001
008620 000001
008631 000001
008639 000001
008641 000001
008644 000001
008666 000001
008671 000001
008676 000002
008678 000001
008679 000001
008693 000002
008700 000001
008703 000001
008716 000001
008719 000001
008741 000001
008762 000001
008777 000001
008790 000001
008803 000001
008812 000001
008838 000001
008863 000001
008879 000001
008891 000001
008896 000001
008903 000002
008930 000002
008936 000001
008959 000001
009112 000001
009151 000001
009163 000001
009190 000001
009191 000001
009199 000001
009202 000001
009206 000002
009207 000003
009210 000002
009211 000001
009212 000001
009215 000003
009217 000001
009219 000001
009221 000002
009222 000001
009224 000001
009226 000002
009228 000001
009229 000001
009231 000001
009233 000001
009237 000001
009240 000001
009241 000001
009242 000001
009243 000001
009246 000001
009247 000001
009248 000001
009249 000003
009250 000001
009251 000002
009253 000002
009254 000001
009257 000001
009266 000001
009267 000002
009269 000001
009271 000001
009272 000001
009279 000001
009280 000003
009281 000002
009283 000002
009284 000002
009285 000002
009288 000001
009289 000002
009291 000002
009292 000001
009293 000002
009294 000001
009295 000003
009296 000001
009297 000002
009298 000002
009299 000002
009300 000002
009301 000004
009302 000001
009303 000003
009304 000003
009305 000004
009307 000002
009308 000001
009309 000003
009311 000002
009312 000001
009313 000002
009314 000002
009315 000006
009317 000004
009318 000004
009319 000001
009320 000004
009321 000002
009322 000002
009323 000002
009324 000001
009325 000001
009326 000002
009327 000003
009329 000002
009330 000001
009331 000002
009332 000002
009333 000006
009334 000003
009335 000002
009336 000003
009337 000002
009338 000001
009339 000002
009340 000002
009341 000003
009342 000001
009343 000008
009344 000003
009345 000003
009346 000003
009347 000002
009348 000004
009349 000006
009350 000004
009351 000002
009352 000002
009353 000003
009354 000002
009355 000005
009356 000004
009357 000002
009358 000003
009360 000002
009361 000002
009362 000006
009364 000002
009365 000003
009366 000002
009367 000002
009368 000001
009369 000001
009370 000003
009371 000001
009372 000003
009373 000001
009374 000002
009376 000003
009377 000004
009378 000002
009379 000002
009381 000001
009382 000001
009383 000001
009384 000001
009385 000001
009386 000003
009388 000002
009390 000002
009391 000004
009392 000002
009393 000001
009394 000002
009395 000001
009396 000002
009397 000004
009398 000001
009399 000001
009402 000002
009406 000001
009408 000001
009410 000003
009414 000002
009415 000002
009416 000001
009417 000001
009418 000001
009420 000003
009421 000001
009429 000002
009430 000001
009432 000001
009437 000001
009439 000001
009443 000001
009450 000002
009452 000001
009454 000001
009455 000001
009456 000001
009461 000001
009464 000001
009467 000001
009469 000001
009473 000001
009480 000001
009482 000001
009493 000001
009496 000001
009500 000001
009503 000002
009511 000001
009520 000001
009521 000001
009531 000001
009533 000001
009542 000001
009543 000002
009555 000001
009557 000001
009562 000001
009567 000001
009569 000001
009573 000001
009580 000002
009584 000001
009594 000001
009599 000001
009602 000001
009603 000001
009608 000001
009609 000001
009613 000001
009616 000001
009617 000001
009621 000001
009623 000001
009624 000001
009632 000001
009640 000002
009646 000001
009650 000001
009660 000001
009676 000001
009677 000002
009682 000001
009764 000001
010120 000001
010125 000001
010141 000001
010143 000001
010155 000001
010171 000001
010182 000001
010184 000001
010189 000001
010190 000001
010199 000001
010210 000001
010213 000001
010214 000001
010216 000001
010218 000003
010219 000002
010221 000001
010222 000001
010227 000001
010229 000001
010231 000001
010235 000001
010238 000001
010239 000002
010240 000001
010242 000001
010244 000002
010246 000002
010247 000001
010248 000001
010250 000001
010251 000001
010252 000001
010253 000002
010254 000002
010257 000001
010258 000002
010259 000001
010260 000001
010262 000001
010264 000002
010265 000002
010266 000001
010267 000004
010268 000004
010270 000003
010271 000002
010272 000001
010273 000002
010274 000004
010275 000006
010276 000002
010277 000002
010278 000002
010279 000001
010280 000001
010281 000002
010282 000004
010283 000002
010284 000002
010285 000003
010286 000001
010287 000002
010288 000002
010289 000003
010290 000002
010291 000001
010292 000008
010293 000007
010294 000005
010295 000005
010296 000006
010297 000005
010298 000002
010299 000005
010300 000008
010301 000002
010302 000006
010303 000005
010304 000009
010305 000008
010306 000006
010307 000008
010308 000011
010309 000006
010310 000006
010311 000008
010312 000012
010313 000011
010314 000017
010315 000010
010316 000016
010317 000014
010318 000014
010319 000021
010320 000018
010321 000021
010322 000018
010323 000013
010324 000027
010325 000011
010326 000020
010327 000018
010328 000013
010329 000016
010330 000015
010331 000017
010332 000024
010333 000018
010334 000021
010335 000016
010336 000013
010337 000014
010338 000014
010339 000014
010340 000019
010341 000013
010342 000019
010343 000020
010344 000020
010345 000014
010346 000021
010347 000012
010348 000017
010349 000018
010350 000013
010351 000015
010352 000010
010353 000024
010354 000010
010355 000013
010356 000014
010357 000014
010358 000014
010359 000013
010360 000022
010361 000016
010362 000015
010363 000015
010364 000011
010365 000011
010366 000014
010367 000016
010368 000021
010369 000016
010370 000020
010371 000013
010372 000015
010373 000020
010374 000019
010375 000019
010376 000016
010377 000014
010378 000014
010379 000013
010380 000015
010381 000012
010382 000020
010383 000015
010384 000015
010385 000010
010386 000014
010387 000003
010388 000009
010389 000006
010390 000006
010391 000007
010392 000009
010393 000010
010394 000005
010395 000008
010396 000008
010397 000008
010398 000006
010399 000009
010400 000009
010401 000003
010402 000009
010403 000007
010404 000006
010405 000003
010406 000003
010407 000005
010408 000005
010409 000004
010410 000006
010411 000003
010412 000009
010413 000001
010414 000005
010415 000001
010416 000001
010417 000008
010418 000003
010419 000002
010420 000004
010422 000004
010423 000003
010424 000003
010425 000003
010426 000001
010427 000001
010428 000005
010429 000002
010430 000002
010431 000003
010432 000006
010433 000002
010434 000001
010435 000001
010436 000002
010437 000005
010438 000004
010439 000003
010440 000002
010441 000002
010443 000004
010444 000003
010445 000001
010446 000002
010447 000001
010448 000001
010451 000002
010452 000002
010453 000001
010454 000001
010462 000001
010465 000001
010466 000001
010469 000001
010472 000001
010476 000001
010477 000001
010478 000001
010479 000004
010480 000001
010481 000001
010483 000001
010484 000001
010491 000001
010495 000001
010497 000001
010499 000003
010500 000002
010503 000001
010507 000001
010509 000001
010512 000001
010521 000001
010522 000002
010528 000001
010533 000001
010535 000001
010536 000001
010538 000001
010539 000001
010541 000001
010545 000001
010559 000001
010565 000001
010566 000002
010569 000001
010570 000001
010571 000001
010573 000001
010574 000005
010575 000002
010578 000001
010581 000001
010582 000001
010585 000001
010587 000001
010588 000001
010594 000003
010595 000001
010597 000001
010606 000001
010611 000002
010622 000001
010634 000001
010652 000001
010654 000002
010655 000002
010665 000001
010671 000001
010678 000001
010681 000001
010690 000001
010700 000001
010709 000001
010715 000001
010725 000001
010741 000001
010750 000001
010773 000001
010780 000001
010876 000001
010951 000001
# Min Latencies: 00151
# Avg Latencies: 00578
# Max Latencies: 302045
# Histogram Overflows: 00012
# Histogram Overflow at cycle number:
# Thread 0: 00664 01151 03455 06991 07280 07559 07834 08098 08381 08647 10077 12425

RT_CYCLICTEST_TIMING_END uptime_s=1932.08
RT_CYCLICTEST_COMPLETE
stress-ng: info:  [68] stopping 3 stressors
RT_STRESS_STOP
RT_CPUSTAT sample=0 cpu=cpu0 user=7 nice=0 system=216 idle=2474 iowait=0 irq=19 softirq=1 steal=0
RT_CPUSTAT sample=0 cpu=cpu1 user=0 nice=0 system=1 idle=2868 iowait=0 irq=5 softirq=0 steal=0
RT_CPUSTAT sample=1 cpu=cpu0 user=369 nice=0 system=251 idle=2474 iowait=0 irq=40 softirq=2 steal=0
RT_CPUSTAT sample=1 cpu=cpu1 user=4 nice=0 system=8 idle=3204 iowait=0 irq=140 softirq=0 steal=0
RT_CPUSTAT sample=2 cpu=cpu0 user=745 nice=0 system=284 idle=2474 iowait=0 irq=61 softirq=2 steal=0
RT_CPUSTAT sample=2 cpu=cpu1 user=5 nice=0 system=17 idle=3593 iowait=0 irq=216 softirq=0 steal=0
RT_CPUSTAT sample=3 cpu=cpu0 user=1136 nice=0 system=314 idle=2474 iowait=0 irq=82 softirq=2 steal=0
RT_CPUSTAT sample=3 cpu=cpu1 user=8 nice=0 system=31 idle=3946 iowait=0 irq=346 softirq=0 steal=0
RT_CPUSTAT sample=4 cpu=cpu0 user=1550 nice=0 system=351 idle=2474 iowait=0 irq=105 softirq=3 steal=0
RT_CPUSTAT sample=4 cpu=cpu1 user=10 nice=0 system=41 idle=4294 iowait=0 irq=428 softirq=0 steal=0
RT_CPUSTAT sample=5 cpu=cpu0 user=2028 nice=0 system=351 idle=2474 iowait=0 irq=130 softirq=3 steal=0
RT_CPUSTAT sample=5 cpu=cpu1 user=12 nice=0 system=54 idle=4662 iowait=0 irq=514 softirq=0 steal=0
RT_CPUSTAT sample=6 cpu=cpu0 user=2505 nice=0 system=351 idle=2474 iowait=0 irq=154 softirq=3 steal=0
RT_CPUSTAT sample=6 cpu=cpu1 user=15 nice=0 system=66 idle=5029 iowait=0 irq=601 softirq=0 steal=0
RT_CPUSTAT sample=7 cpu=cpu0 user=2972 nice=0 system=364 idle=2474 iowait=0 irq=179 softirq=3 steal=0
RT_CPUSTAT sample=7 cpu=cpu1 user=17 nice=0 system=75 idle=5395 iowait=0 irq=689 softirq=0 steal=0
RT_CPUSTAT sample=8 cpu=cpu0 user=3443 nice=0 system=374 idle=2474 iowait=0 irq=203 softirq=4 steal=0
RT_CPUSTAT sample=8 cpu=cpu1 user=20 nice=0 system=85 idle=5763 iowait=0 irq=777 softirq=0 steal=0
RT_CPUSTAT sample=9 cpu=cpu0 user=3919 nice=0 system=375 idle=2474 iowait=0 irq=228 softirq=4 steal=0
RT_CPUSTAT sample=9 cpu=cpu1 user=23 nice=0 system=95 idle=6125 iowait=0 irq=867 softirq=1 steal=0
RT_CPUSTAT sample=10 cpu=cpu0 user=4379 nice=0 system=395 idle=2474 iowait=0 irq=253 softirq=4 steal=0
RT_CPUSTAT sample=10 cpu=cpu1 user=26 nice=0 system=106 idle=6495 iowait=0 irq=956 softirq=1 steal=0
RT_CPUSTAT sample=11 cpu=cpu0 user=4816 nice=0 system=438 idle=2474 iowait=0 irq=278 softirq=5 steal=0
RT_CPUSTAT sample=11 cpu=cpu1 user=27 nice=0 system=117 idle=6863 iowait=0 irq=1044 softirq=1 steal=0
RT_CPUSTAT sample=12 cpu=cpu0 user=5256 nice=0 system=476 idle=2474 iowait=0 irq=303 softirq=5 steal=0
RT_CPUSTAT sample=12 cpu=cpu1 user=30 nice=0 system=127 idle=7225 iowait=0 irq=1134 softirq=1 steal=0
RT_CPUSTAT sample=13 cpu=cpu0 user=5706 nice=0 system=506 idle=2474 iowait=0 irq=327 softirq=5 steal=0
RT_CPUSTAT sample=13 cpu=cpu1 user=32 nice=0 system=140 idle=7588 iowait=0 irq=1223 softirq=1 steal=0
RT_CPUSTAT sample=14 cpu=cpu0 user=6160 nice=0 system=532 idle=2474 iowait=0 irq=353 softirq=6 steal=0
RT_CPUSTAT sample=14 cpu=cpu1 user=37 nice=0 system=159 idle=7944 iowait=0 irq=1318 softirq=1 steal=0
RT_CPUSTAT sample=15 cpu=cpu0 user=6619 nice=0 system=553 idle=2474 iowait=0 irq=377 softirq=6 steal=0
RT_CPUSTAT sample=15 cpu=cpu1 user=42 nice=0 system=168 idle=8309 iowait=0 irq=1407 softirq=1 steal=0
RT_CPUSTAT sample=16 cpu=cpu0 user=7019 nice=0 system=630 idle=2474 iowait=0 irq=404 softirq=6 steal=0
RT_CPUSTAT sample=16 cpu=cpu1 user=45 nice=0 system=183 idle=8672 iowait=0 irq=1497 softirq=1 steal=0
RT_CPUSTAT sample=17 cpu=cpu0 user=7485 nice=0 system=644 idle=2474 iowait=0 irq=429 softirq=6 steal=0
RT_CPUSTAT sample=17 cpu=cpu1 user=49 nice=0 system=193 idle=9036 iowait=0 irq=1587 softirq=2 steal=0
RT_CPUSTAT sample=18 cpu=cpu0 user=7928 nice=0 system=679 idle=2474 iowait=0 irq=454 softirq=7 steal=0
RT_CPUSTAT sample=18 cpu=cpu1 user=52 nice=0 system=202 idle=9399 iowait=0 irq=1676 softirq=2 steal=0
RT_CPUSTAT sample=19 cpu=cpu0 user=8369 nice=0 system=717 idle=2474 iowait=0 irq=479 softirq=7 steal=0
RT_CPUSTAT sample=19 cpu=cpu1 user=55 nice=0 system=212 idle=9767 iowait=0 irq=1764 softirq=2 steal=0
RT_CPUSTAT sample=20 cpu=cpu0 user=8828 nice=0 system=738 idle=2474 iowait=0 irq=504 softirq=7 steal=0
RT_CPUSTAT sample=20 cpu=cpu1 user=59 nice=0 system=228 idle=10138 iowait=0 irq=1852 softirq=2 steal=0
RT_CPUSTAT sample=21 cpu=cpu0 user=9305 nice=0 system=738 idle=2474 iowait=0 irq=528 softirq=8 steal=0
RT_CPUSTAT sample=21 cpu=cpu1 user=62 nice=0 system=235 idle=10509 iowait=0 irq=1938 softirq=2 steal=0
RT_CPUSTAT sample=22 cpu=cpu0 user=9778 nice=0 system=745 idle=2474 iowait=0 irq=553 softirq=8 steal=0
RT_CPUSTAT sample=22 cpu=cpu1 user=66 nice=0 system=247 idle=10880 iowait=0 irq=2026 softirq=2 steal=0
RT_CPUSTAT sample=23 cpu=cpu0 user=10244 nice=0 system=758 idle=2474 iowait=0 irq=578 softirq=8 steal=0
RT_CPUSTAT sample=23 cpu=cpu1 user=68 nice=0 system=257 idle=11239 iowait=0 irq=2116 softirq=2 steal=0
RT_CPUSTAT sample=24 cpu=cpu0 user=10720 nice=0 system=761 idle=2474 iowait=0 irq=603 softirq=9 steal=0
RT_CPUSTAT sample=24 cpu=cpu1 user=71 nice=0 system=267 idle=11601 iowait=0 irq=2205 softirq=3 steal=0
RT_CPUSTAT sample=25 cpu=cpu0 user=11199 nice=0 system=761 idle=2474 iowait=0 irq=629 softirq=9 steal=0
RT_CPUSTAT sample=25 cpu=cpu1 user=72 nice=0 system=273 idle=11966 iowait=0 irq=2293 softirq=3 steal=0
RT_CPUSTAT sample=26 cpu=cpu0 user=11636 nice=0 system=804 idle=2474 iowait=0 irq=654 softirq=9 steal=0
RT_CPUSTAT sample=26 cpu=cpu1 user=76 nice=0 system=285 idle=12330 iowait=0 irq=2383 softirq=3 steal=0
RT_CPUSTAT sample=27 cpu=cpu0 user=12077 nice=0 system=843 idle=2474 iowait=0 irq=679 softirq=10 steal=0
RT_CPUSTAT sample=27 cpu=cpu1 user=78 nice=0 system=296 idle=12692 iowait=0 irq=2472 softirq=3 steal=0
RT_CPUSTAT sample=28 cpu=cpu0 user=12526 nice=0 system=873 idle=2474 iowait=0 irq=704 softirq=10 steal=0
RT_CPUSTAT sample=28 cpu=cpu1 user=81 nice=0 system=304 idle=13051 iowait=0 irq=2563 softirq=3 steal=0
RT_CPUSTAT sample=29 cpu=cpu0 user=12987 nice=0 system=891 idle=2474 iowait=0 irq=729 softirq=10 steal=0
RT_CPUSTAT sample=29 cpu=cpu1 user=83 nice=0 system=314 idle=13415 iowait=0 irq=2652 softirq=3 steal=0
RT_CPUSTAT sample=30 cpu=cpu0 user=13439 nice=0 system=917 idle=2474 iowait=0 irq=755 softirq=11 steal=0
RT_CPUSTAT sample=30 cpu=cpu1 user=85 nice=0 system=336 idle=13773 iowait=0 irq=2743 softirq=3 steal=0
RT_CPUSTAT sample=31 cpu=cpu0 user=13865 nice=0 system=969 idle=2474 iowait=0 irq=781 softirq=11 steal=0
RT_CPUSTAT sample=31 cpu=cpu1 user=87 nice=0 system=345 idle=14131 iowait=0 irq=2834 softirq=3 steal=0
RT_CPUSTAT sample=32 cpu=cpu0 user=14309 nice=0 system=1005 idle=2474 iowait=0 irq=806 softirq=11 steal=0
RT_CPUSTAT sample=32 cpu=cpu1 user=88 nice=0 system=353 idle=14492 iowait=0 irq=2923 softirq=4 steal=0
RT_CPUSTAT sample=33 cpu=cpu0 user=14769 nice=0 system=1022 idle=2474 iowait=0 irq=831 softirq=11 steal=0
RT_CPUSTAT sample=33 cpu=cpu1 user=90 nice=0 system=368 idle=14853 iowait=0 irq=3013 softirq=4 steal=0
RT_CPUSTAT sample=34 cpu=cpu0 user=15204 nice=0 system=1067 idle=2474 iowait=0 irq=857 softirq=12 steal=0
RT_CPUSTAT sample=34 cpu=cpu1 user=94 nice=0 system=379 idle=15218 iowait=0 irq=3102 softirq=4 steal=0
RT_CPUSTAT sample=35 cpu=cpu0 user=15658 nice=0 system=1090 idle=2474 iowait=0 irq=882 softirq=12 steal=0
RT_CPUSTAT sample=35 cpu=cpu1 user=95 nice=0 system=394 idle=15582 iowait=0 irq=3191 softirq=4 steal=0
RT_CPUSTAT sample=36 cpu=cpu0 user=16137 nice=0 system=1092 idle=2474 iowait=0 irq=907 softirq=12 steal=0
RT_CPUSTAT sample=36 cpu=cpu1 user=97 nice=0 system=401 idle=15945 iowait=0 irq=3280 softirq=4 steal=0
RT_CPUSTAT sample=37 cpu=cpu0 user=16615 nice=0 system=1092 idle=2474 iowait=0 irq=932 softirq=13 steal=0
RT_CPUSTAT sample=37 cpu=cpu1 user=100 nice=0 system=410 idle=16309 iowait=0 irq=3371 softirq=4 steal=0
RT_CPUSTAT sample=38 cpu=cpu0 user=17085 nice=0 system=1101 idle=2474 iowait=0 irq=957 softirq=13 steal=0
RT_CPUSTAT sample=38 cpu=cpu1 user=101 nice=0 system=420 idle=16675 iowait=0 irq=3460 softirq=4 steal=0
RT_CPUSTAT sample=39 cpu=cpu0 user=17554 nice=0 system=1111 idle=2474 iowait=0 irq=982 softirq=13 steal=0
RT_CPUSTAT sample=39 cpu=cpu1 user=103 nice=0 system=429 idle=17038 iowait=0 irq=3549 softirq=4 steal=0
RT_CPUSTAT sample=40 cpu=cpu0 user=18033 nice=0 system=1112 idle=2474 iowait=0 irq=1008 softirq=14 steal=0
RT_CPUSTAT sample=40 cpu=cpu1 user=105 nice=0 system=438 idle=17402 iowait=0 irq=3639 softirq=5 steal=0
RT_CPUSTAT sample=41 cpu=cpu0 user=18505 nice=0 system=1120 idle=2474 iowait=0 irq=1033 softirq=14 steal=0
RT_CPUSTAT sample=41 cpu=cpu1 user=108 nice=0 system=448 idle=17763 iowait=0 irq=3729 softirq=5 steal=0
RT_CPUSTAT sample=42 cpu=cpu0 user=18933 nice=0 system=1169 idle=2474 iowait=0 irq=1059 softirq=14 steal=0
RT_CPUSTAT sample=42 cpu=cpu1 user=111 nice=0 system=457 idle=18124 iowait=0 irq=3819 softirq=5 steal=0
RT_CPUSTAT sample=43 cpu=cpu0 user=19391 nice=0 system=1188 idle=2474 iowait=0 irq=1084 softirq=15 steal=0
RT_CPUSTAT sample=43 cpu=cpu1 user=113 nice=0 system=467 idle=18485 iowait=0 irq=3909 softirq=5 steal=0
RT_CPUSTAT sample=44 cpu=cpu0 user=19848 nice=0 system=1210 idle=2474 iowait=0 irq=1109 softirq=15 steal=0
RT_CPUSTAT sample=44 cpu=cpu1 user=115 nice=0 system=475 idle=18846 iowait=0 irq=4000 softirq=5 steal=0
RT_CPUSTAT sample=45 cpu=cpu0 user=20314 nice=0 system=1224 idle=2474 iowait=0 irq=1134 softirq=15 steal=0
RT_CPUSTAT sample=45 cpu=cpu1 user=117 nice=0 system=483 idle=19207 iowait=0 irq=4090 softirq=5 steal=0
RT_CPUSTAT sample=46 cpu=cpu0 user=20771 nice=0 system=1247 idle=2474 iowait=0 irq=1159 softirq=15 steal=0
RT_CPUSTAT sample=46 cpu=cpu1 user=119 nice=0 system=493 idle=19568 iowait=0 irq=4180 softirq=5 steal=0
RT_CPUSTAT sample=47 cpu=cpu0 user=21178 nice=0 system=1318 idle=2474 iowait=0 irq=1184 softirq=16 steal=0
RT_CPUSTAT sample=47 cpu=cpu1 user=121 nice=0 system=503 idle=19928 iowait=0 irq=4270 softirq=5 steal=0
RT_CPUSTAT sample=48 cpu=cpu0 user=21648 nice=0 system=1326 idle=2474 iowait=0 irq=1209 softirq=16 steal=0
RT_CPUSTAT sample=48 cpu=cpu1 user=122 nice=0 system=515 idle=20288 iowait=0 irq=4359 softirq=6 steal=0
RT_CPUSTAT sample=49 cpu=cpu0 user=22089 nice=0 system=1365 idle=2474 iowait=0 irq=1234 softirq=16 steal=0
RT_CPUSTAT sample=49 cpu=cpu1 user=124 nice=0 system=529 idle=20646 iowait=0 irq=4452 softirq=6 steal=0
RT_CPUSTAT sample=50 cpu=cpu0 user=22546 nice=0 system=1386 idle=2474 iowait=0 irq=1259 softirq=17 steal=0
RT_CPUSTAT sample=50 cpu=cpu1 user=126 nice=0 system=540 idle=21007 iowait=0 irq=4542 softirq=6 steal=0
RT_CPUSTAT sample=51 cpu=cpu0 user=23009 nice=0 system=1404 idle=2474 iowait=0 irq=1284 softirq=17 steal=0
RT_CPUSTAT sample=51 cpu=cpu1 user=128 nice=0 system=548 idle=21374 iowait=0 irq=4630 softirq=6 steal=0
RT_CPUSTAT sample=52 cpu=cpu0 user=23488 nice=0 system=1405 idle=2474 iowait=0 irq=1309 softirq=17 steal=0
RT_CPUSTAT sample=52 cpu=cpu1 user=133 nice=0 system=557 idle=21742 iowait=0 irq=4719 softirq=6 steal=0
RT_CPUSTAT sample=53 cpu=cpu0 user=23960 nice=0 system=1412 idle=2474 iowait=0 irq=1334 softirq=18 steal=0
RT_CPUSTAT sample=53 cpu=cpu1 user=135 nice=0 system=566 idle=22108 iowait=0 irq=4808 softirq=6 steal=0
RT_CPUSTAT sample=54 cpu=cpu0 user=24431 nice=0 system=1419 idle=2474 iowait=0 irq=1359 softirq=18 steal=0
RT_CPUSTAT sample=54 cpu=cpu1 user=139 nice=0 system=577 idle=22473 iowait=0 irq=4896 softirq=6 steal=0
RT_CPUSTAT sample=55 cpu=cpu0 user=24910 nice=0 system=1421 idle=2474 iowait=0 irq=1384 softirq=18 steal=0
RT_CPUSTAT sample=55 cpu=cpu1 user=142 nice=0 system=587 idle=22840 iowait=0 irq=4987 softirq=7 steal=0
RT_CPUSTAT sample=56 cpu=cpu0 user=25388 nice=0 system=1422 idle=2474 iowait=0 irq=1409 softirq=19 steal=0
RT_CPUSTAT sample=56 cpu=cpu1 user=145 nice=0 system=596 idle=23205 iowait=0 irq=5076 softirq=7 steal=0
RT_CPUSTAT sample=57 cpu=cpu0 user=25814 nice=0 system=1473 idle=2474 iowait=0 irq=1435 softirq=19 steal=0
RT_CPUSTAT sample=57 cpu=cpu1 user=148 nice=0 system=609 idle=23568 iowait=0 irq=5166 softirq=7 steal=0
RT_CPUSTAT sample=58 cpu=cpu0 user=26274 nice=0 system=1492 idle=2474 iowait=0 irq=1460 softirq=19 steal=0
RT_CPUSTAT sample=58 cpu=cpu1 user=150 nice=0 system=615 idle=23931 iowait=0 irq=5255 softirq=7 steal=0
RT_CPUSTAT sample=59 cpu=cpu0 user=26708 nice=0 system=1536 idle=2474 iowait=0 irq=1486 softirq=20 steal=0
RT_CPUSTAT sample=59 cpu=cpu1 user=152 nice=0 system=625 idle=24291 iowait=0 irq=5345 softirq=7 steal=0
RT_CPUSTAT sample=60 cpu=cpu0 user=27169 nice=0 system=1552 idle=2474 iowait=0 irq=1512 softirq=20 steal=0
RT_CPUSTAT sample=60 cpu=cpu1 user=154 nice=0 system=633 idle=24651 iowait=0 irq=5434 softirq=7 steal=0
RT_CPUSTAT sample=61 cpu=cpu0 user=27621 nice=0 system=1580 idle=2474 iowait=0 irq=1537 softirq=20 steal=0
RT_CPUSTAT sample=61 cpu=cpu1 user=156 nice=0 system=644 idle=25012 iowait=0 irq=5524 softirq=7 steal=0
RT_CPUSTAT sample=62 cpu=cpu0 user=28054 nice=0 system=1626 idle=2474 iowait=0 irq=1562 softirq=20 steal=0
RT_CPUSTAT sample=62 cpu=cpu1 user=159 nice=0 system=658 idle=25371 iowait=0 irq=5615 softirq=7 steal=0
RT_CPUSTAT sample=63 cpu=cpu0 user=28511 nice=0 system=1649 idle=2474 iowait=0 irq=1587 softirq=21 steal=0
RT_CPUSTAT sample=63 cpu=cpu1 user=161 nice=0 system=667 idle=25734 iowait=0 irq=5705 softirq=8 steal=0
RT_CPUSTAT sample=64 cpu=cpu0 user=28960 nice=0 system=1679 idle=2474 iowait=0 irq=1612 softirq=21 steal=0
RT_CPUSTAT sample=64 cpu=cpu1 user=163 nice=0 system=680 idle=26093 iowait=0 irq=5795 softirq=8 steal=0
RT_CPUSTAT sample=65 cpu=cpu0 user=29416 nice=0 system=1702 idle=2474 iowait=0 irq=1637 softirq=21 steal=0
RT_CPUSTAT sample=65 cpu=cpu1 user=166 nice=0 system=690 idle=26454 iowait=0 irq=5885 softirq=8 steal=0
RT_CPUSTAT sample=66 cpu=cpu0 user=29872 nice=0 system=1727 idle=2474 iowait=0 irq=1662 softirq=22 steal=0
RT_CPUSTAT sample=66 cpu=cpu1 user=169 nice=0 system=704 idle=26818 iowait=0 irq=5975 softirq=8 steal=0
RT_CPUSTAT sample=67 cpu=cpu0 user=30351 nice=0 system=1727 idle=2474 iowait=0 irq=1687 softirq=22 steal=0
RT_CPUSTAT sample=67 cpu=cpu1 user=172 nice=0 system=716 idle=27182 iowait=0 irq=6063 softirq=8 steal=0
RT_CPUSTAT sample=68 cpu=cpu0 user=30829 nice=0 system=1727 idle=2474 iowait=0 irq=1712 softirq=22 steal=0
RT_CPUSTAT sample=68 cpu=cpu1 user=173 nice=0 system=722 idle=27547 iowait=0 irq=6151 softirq=8 steal=0
RT_CPUSTAT sample=69 cpu=cpu0 user=31293 nice=0 system=1743 idle=2474 iowait=0 irq=1737 softirq=23 steal=0
RT_CPUSTAT sample=69 cpu=cpu1 user=178 nice=0 system=732 idle=27907 iowait=0 irq=6242 softirq=8 steal=0
RT_CPUSTAT sample=70 cpu=cpu0 user=31766 nice=0 system=1748 idle=2474 iowait=0 irq=1762 softirq=23 steal=0
RT_CPUSTAT sample=70 cpu=cpu1 user=180 nice=0 system=742 idle=28271 iowait=0 irq=6330 softirq=8 steal=0
RT_CPUSTAT sample=71 cpu=cpu0 user=32245 nice=0 system=1748 idle=2474 iowait=0 irq=1787 softirq=23 steal=0
RT_CPUSTAT sample=71 cpu=cpu1 user=183 nice=0 system=756 idle=28640 iowait=0 irq=6419 softirq=9 steal=0
RT_CPUSTAT sample=72 cpu=cpu0 user=32688 nice=0 system=1783 idle=2474 iowait=0 irq=1813 softirq=24 steal=0
RT_CPUSTAT sample=72 cpu=cpu1 user=189 nice=0 system=767 idle=28996 iowait=0 irq=6512 softirq=9 steal=0
RT_CPUSTAT sample=73 cpu=cpu0 user=33123 nice=0 system=1825 idle=2474 iowait=0 irq=1839 softirq=24 steal=0
RT_CPUSTAT sample=73 cpu=cpu1 user=191 nice=0 system=780 idle=29355 iowait=0 irq=6603 softirq=9 steal=0
RT_CPUSTAT sample=74 cpu=cpu0 user=33573 nice=0 system=1855 idle=2474 iowait=0 irq=1865 softirq=24 steal=0
RT_CPUSTAT sample=74 cpu=cpu1 user=194 nice=0 system=789 idle=29717 iowait=0 irq=6693 softirq=9 steal=0
RT_CPUSTAT sample=75 cpu=cpu0 user=34029 nice=0 system=1877 idle=2474 iowait=0 irq=1890 softirq=25 steal=0
RT_CPUSTAT sample=75 cpu=cpu1 user=197 nice=0 system=800 idle=30079 iowait=0 irq=6783 softirq=9 steal=0
RT_CPUSTAT sample=76 cpu=cpu0 user=34490 nice=0 system=1895 idle=2474 iowait=0 irq=1915 softirq=25 steal=0
RT_CPUSTAT sample=76 cpu=cpu1 user=199 nice=0 system=808 idle=30439 iowait=0 irq=6873 softirq=9 steal=0
RT_CPUSTAT sample=77 cpu=cpu0 user=34927 nice=0 system=1936 idle=2474 iowait=0 irq=1940 softirq=25 steal=0
RT_CPUSTAT sample=77 cpu=cpu1 user=202 nice=0 system=818 idle=30801 iowait=0 irq=6963 softirq=9 steal=0
RT_CPUSTAT sample=78 cpu=cpu0 user=35335 nice=0 system=2008 idle=2474 iowait=0 irq=1965 softirq=25 steal=0
RT_CPUSTAT sample=78 cpu=cpu1 user=204 nice=0 system=830 idle=31163 iowait=0 irq=7053 softirq=10 steal=0
RT_CPUSTAT sample=79 cpu=cpu0 user=35808 nice=0 system=2014 idle=2474 iowait=0 irq=1991 softirq=26 steal=0
RT_CPUSTAT sample=79 cpu=cpu1 user=207 nice=0 system=840 idle=31523 iowait=0 irq=7144 softirq=10 steal=0
RT_CPUSTAT sample=80 cpu=cpu0 user=36236 nice=0 system=2062 idle=2474 iowait=0 irq=2016 softirq=26 steal=0
RT_CPUSTAT sample=80 cpu=cpu1 user=211 nice=0 system=849 idle=31889 iowait=0 irq=7234 softirq=10 steal=0
RT_CPUSTAT sample=81 cpu=cpu0 user=36674 nice=0 system=2105 idle=2474 iowait=0 irq=2042 softirq=26 steal=0
RT_CPUSTAT sample=81 cpu=cpu1 user=216 nice=0 system=864 idle=32247 iowait=0 irq=7327 softirq=10 steal=0
RT_CPUSTAT sample=82 cpu=cpu0 user=37131 nice=0 system=2125 idle=2474 iowait=0 irq=2068 softirq=27 steal=0
RT_CPUSTAT sample=82 cpu=cpu1 user=219 nice=0 system=877 idle=32607 iowait=0 irq=7418 softirq=10 steal=0
RT_CPUSTAT sample=83 cpu=cpu0 user=37609 nice=0 system=2125 idle=2474 iowait=0 irq=2094 softirq=27 steal=0
RT_CPUSTAT sample=83 cpu=cpu1 user=222 nice=0 system=885 idle=32969 iowait=0 irq=7507 softirq=10 steal=0
RT_CPUSTAT sample=84 cpu=cpu0 user=38085 nice=0 system=2130 idle=2474 iowait=0 irq=2119 softirq=27 steal=0
RT_CPUSTAT sample=84 cpu=cpu1 user=225 nice=0 system=896 idle=33337 iowait=0 irq=7597 softirq=10 steal=0
RT_CPUSTAT sample=85 cpu=cpu0 user=38555 nice=0 system=2138 idle=2474 iowait=0 irq=2144 softirq=28 steal=0
RT_CPUSTAT sample=85 cpu=cpu1 user=227 nice=0 system=907 idle=33700 iowait=0 irq=7686 softirq=10 steal=0
RT_CPUSTAT sample=86 cpu=cpu0 user=39031 nice=0 system=2142 idle=2474 iowait=0 irq=2169 softirq=28 steal=0
RT_CPUSTAT sample=86 cpu=cpu1 user=232 nice=0 system=920 idle=34067 iowait=0 irq=7776 softirq=11 steal=0
RT_CPUSTAT sample=87 cpu=cpu0 user=39508 nice=0 system=2142 idle=2474 iowait=0 irq=2193 softirq=28 steal=0
RT_CPUSTAT sample=87 cpu=cpu1 user=236 nice=0 system=932 idle=34434 iowait=0 irq=7864 softirq=11 steal=0
RT_CPUSTAT sample=88 cpu=cpu0 user=39953 nice=0 system=2178 idle=2474 iowait=0 irq=2219 softirq=29 steal=0
RT_CPUSTAT sample=88 cpu=cpu1 user=239 nice=0 system=946 idle=34798 iowait=0 irq=7955 softirq=11 steal=0
RT_CPUSTAT sample=89 cpu=cpu0 user=40409 nice=0 system=2200 idle=2474 iowait=0 irq=2244 softirq=29 steal=0
RT_CPUSTAT sample=89 cpu=cpu1 user=241 nice=0 system=960 idle=35164 iowait=0 irq=8043 softirq=11 steal=0
RT_CPUSTAT sample=90 cpu=cpu0 user=40861 nice=0 system=2226 idle=2474 iowait=0 irq=2269 softirq=29 steal=0
RT_CPUSTAT sample=90 cpu=cpu1 user=242 nice=0 system=974 idle=35527 iowait=0 irq=8132 softirq=11 steal=0
RT_CPUSTAT sample=91 cpu=cpu0 user=41326 nice=0 system=2241 idle=2474 iowait=0 irq=2294 softirq=29 steal=0
RT_CPUSTAT sample=91 cpu=cpu1 user=243 nice=0 system=986 idle=35889 iowait=0 irq=8221 softirq=11 steal=0
RT_CPUSTAT sample=92 cpu=cpu0 user=41763 nice=0 system=2281 idle=2474 iowait=0 irq=2320 softirq=30 steal=0
RT_CPUSTAT sample=92 cpu=cpu1 user=247 nice=0 system=999 idle=36248 iowait=0 irq=8310 softirq=11 steal=0
RT_CPUSTAT sample=93 cpu=cpu0 user=42182 nice=0 system=2340 idle=2474 iowait=0 irq=2346 softirq=30 steal=0
RT_CPUSTAT sample=93 cpu=cpu1 user=248 nice=0 system=1007 idle=36609 iowait=0 irq=8400 softirq=11 steal=0
RT_CPUSTAT sample=94 cpu=cpu0 user=42599 nice=0 system=2401 idle=2474 iowait=0 irq=2370 softirq=30 steal=0
RT_CPUSTAT sample=94 cpu=cpu1 user=250 nice=0 system=1021 idle=36981 iowait=0 irq=8487 softirq=12 steal=0
RT_CPUSTAT sample=95 cpu=cpu0 user=43066 nice=0 system=2413 idle=2474 iowait=0 irq=2395 softirq=31 steal=0
RT_CPUSTAT sample=95 cpu=cpu1 user=253 nice=0 system=1032 idle=37347 iowait=0 irq=8576 softirq=12 steal=0
RT_CPUSTAT sample=96 cpu=cpu0 user=43509 nice=0 system=2450 idle=2474 iowait=0 irq=2420 softirq=31 steal=0
RT_CPUSTAT sample=96 cpu=cpu1 user=254 nice=0 system=1040 idle=37709 iowait=0 irq=8666 softirq=12 steal=0
RT_CPUSTAT sample=97 cpu=cpu0 user=43959 nice=0 system=2477 idle=2474 iowait=0 irq=2446 softirq=31 steal=0
RT_CPUSTAT sample=97 cpu=cpu1 user=256 nice=0 system=1049 idle=38068 iowait=0 irq=8756 softirq=12 steal=0
RT_CPUSTAT sample=98 cpu=cpu0 user=44426 nice=0 system=2489 idle=2474 iowait=0 irq=2472 softirq=32 steal=0
RT_CPUSTAT sample=98 cpu=cpu1 user=260 nice=0 system=1058 idle=38429 iowait=0 irq=8846 softirq=12 steal=0
RT_CPUSTAT sample=99 cpu=cpu0 user=44905 nice=0 system=2489 idle=2474 iowait=0 irq=2497 softirq=32 steal=0
RT_CPUSTAT sample=99 cpu=cpu1 user=262 nice=0 system=1068 idle=38790 iowait=0 irq=8935 softirq=12 steal=0
RT_CPUSTAT sample=100 cpu=cpu0 user=45375 nice=0 system=2497 idle=2474 iowait=0 irq=2522 softirq=32 steal=0
RT_CPUSTAT sample=100 cpu=cpu1 user=265 nice=0 system=1076 idle=39149 iowait=0 irq=9025 softirq=12 steal=0
RT_CPUSTAT sample=101 cpu=cpu0 user=45835 nice=0 system=2517 idle=2474 iowait=0 irq=2547 softirq=33 steal=0
RT_CPUSTAT sample=101 cpu=cpu1 user=269 nice=0 system=1086 idle=39511 iowait=0 irq=9116 softirq=12 steal=0
RT_CPUSTAT sample=102 cpu=cpu0 user=46302 nice=0 system=2529 idle=2474 iowait=0 irq=2572 softirq=33 steal=0
RT_CPUSTAT sample=102 cpu=cpu1 user=272 nice=0 system=1093 idle=39881 iowait=0 irq=9204 softirq=12 steal=0
RT_CPUSTAT sample=103 cpu=cpu0 user=46782 nice=0 system=2530 idle=2474 iowait=0 irq=2597 softirq=33 steal=0
RT_CPUSTAT sample=103 cpu=cpu1 user=276 nice=0 system=1102 idle=40249 iowait=0 irq=9293 softirq=13 steal=0
RT_CPUSTAT sample=104 cpu=cpu0 user=47218 nice=0 system=2573 idle=2474 iowait=0 irq=2622 softirq=33 steal=0
RT_CPUSTAT sample=104 cpu=cpu1 user=278 nice=0 system=1109 idle=40611 iowait=0 irq=9383 softirq=13 steal=0
RT_CPUSTAT sample=105 cpu=cpu0 user=47659 nice=0 system=2609 idle=2474 iowait=0 irq=2647 softirq=34 steal=0
RT_CPUSTAT sample=105 cpu=cpu1 user=279 nice=0 system=1117 idle=40974 iowait=0 irq=9472 softirq=13 steal=0
RT_CPUSTAT sample=106 cpu=cpu0 user=48117 nice=0 system=2632 idle=2474 iowait=0 irq=2672 softirq=34 steal=0
RT_CPUSTAT sample=106 cpu=cpu1 user=282 nice=0 system=1125 idle=41340 iowait=0 irq=9562 softirq=13 steal=0
RT_CPUSTAT sample=107 cpu=cpu0 user=48577 nice=0 system=2649 idle=2474 iowait=0 irq=2698 softirq=34 steal=0
RT_CPUSTAT sample=107 cpu=cpu1 user=286 nice=0 system=1139 idle=41701 iowait=0 irq=9653 softirq=13 steal=0
RT_CPUSTAT sample=108 cpu=cpu0 user=49023 nice=0 system=2682 idle=2474 iowait=0 irq=2723 softirq=35 steal=0
RT_CPUSTAT sample=108 cpu=cpu1 user=288 nice=0 system=1150 idle=42060 iowait=0 irq=9745 softirq=13 steal=0
RT_CPUSTAT sample=109 cpu=cpu0 user=49450 nice=0 system=2734 idle=2474 iowait=0 irq=2749 softirq=35 steal=0
RT_CPUSTAT sample=109 cpu=cpu1 user=291 nice=0 system=1162 idle=42421 iowait=0 irq=9835 softirq=13 steal=0
RT_CPUSTAT sample=110 cpu=cpu0 user=49878 nice=0 system=2784 idle=2474 iowait=0 irq=2774 softirq=35 steal=0
RT_CPUSTAT sample=110 cpu=cpu1 user=294 nice=0 system=1177 idle=42786 iowait=0 irq=9925 softirq=13 steal=0
RT_CPUSTAT sample=111 cpu=cpu0 user=50336 nice=0 system=2804 idle=2474 iowait=0 irq=2800 softirq=36 steal=0
RT_CPUSTAT sample=111 cpu=cpu1 user=297 nice=0 system=1187 idle=43146 iowait=0 irq=10016 softirq=14 steal=0
RT_CPUSTAT sample=112 cpu=cpu0 user=50777 nice=0 system=2840 idle=2474 iowait=0 irq=2826 softirq=36 steal=0
RT_CPUSTAT sample=112 cpu=cpu1 user=300 nice=0 system=1197 idle=43506 iowait=0 irq=10105 softirq=14 steal=0
RT_CPUSTAT sample=113 cpu=cpu0 user=51230 nice=0 system=2867 idle=2474 iowait=0 irq=2851 softirq=36 steal=0
RT_CPUSTAT sample=113 cpu=cpu1 user=301 nice=0 system=1207 idle=43869 iowait=0 irq=10195 softirq=14 steal=0
RT_CPUSTAT sample=114 cpu=cpu0 user=51701 nice=0 system=2876 idle=2474 iowait=0 irq=2876 softirq=37 steal=0
RT_CPUSTAT sample=114 cpu=cpu1 user=303 nice=0 system=1215 idle=44233 iowait=0 irq=10284 softirq=14 steal=0
RT_CPUSTAT sample=115 cpu=cpu0 user=52180 nice=0 system=2876 idle=2474 iowait=0 irq=2901 softirq=37 steal=0
RT_CPUSTAT sample=115 cpu=cpu1 user=307 nice=0 system=1223 idle=44596 iowait=0 irq=10372 softirq=14 steal=0
RT_CPUSTAT sample=116 cpu=cpu0 user=52654 nice=0 system=2881 idle=2474 iowait=0 irq=2926 softirq=37 steal=0
RT_CPUSTAT sample=116 cpu=cpu1 user=309 nice=0 system=1234 idle=44958 iowait=0 irq=10462 softirq=14 steal=0
RT_CPUSTAT sample=117 cpu=cpu0 user=53124 nice=0 system=2889 idle=2474 iowait=0 irq=2951 softirq=37 steal=0
RT_CPUSTAT sample=117 cpu=cpu1 user=309 nice=0 system=1248 idle=45318 iowait=0 irq=10551 softirq=14 steal=0
RT_CPUSTAT sample=118 cpu=cpu0 user=53604 nice=0 system=2890 idle=2474 iowait=0 irq=2976 softirq=38 steal=0
RT_CPUSTAT sample=118 cpu=cpu1 user=310 nice=0 system=1255 idle=45681 iowait=0 irq=10641 softirq=14 steal=0
RT_CPUSTAT sample=119 cpu=cpu0 user=54079 nice=0 system=2895 idle=2474 iowait=0 irq=3001 softirq=38 steal=0
RT_CPUSTAT sample=119 cpu=cpu1 user=314 nice=0 system=1263 idle=46047 iowait=0 irq=10730 softirq=15 steal=0
RT_CPUSTAT sample=120 cpu=cpu0 user=54501 nice=0 system=2951 idle=2474 iowait=0 irq=3027 softirq=38 steal=0
RT_CPUSTAT sample=120 cpu=cpu1 user=317 nice=0 system=1277 idle=46410 iowait=0 irq=10820 softirq=15 steal=0
RT_CPUSTAT sample=121 cpu=cpu0 user=54966 nice=0 system=2965 idle=2474 iowait=0 irq=3052 softirq=39 steal=0
RT_CPUSTAT sample=121 cpu=cpu1 user=318 nice=0 system=1289 idle=46772 iowait=0 irq=10910 softirq=15 steal=0
RT_CPUSTAT sample=122 cpu=cpu0 user=55400 nice=0 system=3008 idle=2474 iowait=0 irq=3077 softirq=39 steal=0
RT_CPUSTAT sample=122 cpu=cpu1 user=320 nice=0 system=1302 idle=47132 iowait=0 irq=11000 softirq=15 steal=0
RT_CPUSTAT sample=123 cpu=cpu0 user=55868 nice=0 system=3020 idle=2474 iowait=0 irq=3103 softirq=39 steal=0
RT_CPUSTAT sample=123 cpu=cpu1 user=324 nice=0 system=1314 idle=47494 iowait=0 irq=11092 softirq=15 steal=0
RT_CPUSTAT sample=124 cpu=cpu0 user=56316 nice=0 system=3050 idle=2474 iowait=0 irq=3128 softirq=40 steal=0
RT_CPUSTAT sample=124 cpu=cpu1 user=326 nice=0 system=1324 idle=47856 iowait=0 irq=11181 softirq=15 steal=0
RT_CPUSTAT sample=125 cpu=cpu0 user=56736 nice=0 system=3108 idle=2474 iowait=0 irq=3154 softirq=40 steal=0
RT_CPUSTAT sample=125 cpu=cpu1 user=327 nice=0 system=1335 idle=48216 iowait=0 irq=11271 softirq=15 steal=0
RT_CPUSTAT sample=126 cpu=cpu0 user=57196 nice=0 system=3126 idle=2474 iowait=0 irq=3180 softirq=40 steal=0
RT_CPUSTAT sample=126 cpu=cpu1 user=329 nice=0 system=1346 idle=48577 iowait=0 irq=11361 softirq=16 steal=0
RT_CPUSTAT sample=127 cpu=cpu0 user=57638 nice=0 system=3163 idle=2474 iowait=0 irq=3205 softirq=41 steal=0
RT_CPUSTAT sample=127 cpu=cpu1 user=332 nice=0 system=1355 idle=48938 iowait=0 irq=11450 softirq=16 steal=0
RT_CPUSTAT sample=128 cpu=cpu0 user=58087 nice=0 system=3193 idle=2474 iowait=0 irq=3230 softirq=41 steal=0
RT_CPUSTAT sample=128 cpu=cpu1 user=334 nice=0 system=1363 idle=49300 iowait=0 irq=11539 softirq=16 steal=0
RT_CPUSTAT sample=129 cpu=cpu0 user=58534 nice=0 system=3226 idle=2474 iowait=0 irq=3256 softirq=41 steal=0
RT_CPUSTAT sample=129 cpu=cpu1 user=335 nice=0 system=1374 idle=49661 iowait=0 irq=11629 softirq=16 steal=0
RT_CPUSTAT sample=130 cpu=cpu0 user=59011 nice=0 system=3227 idle=2474 iowait=0 irq=3281 softirq=42 steal=0
RT_CPUSTAT sample=130 cpu=cpu1 user=338 nice=0 system=1383 idle=50027 iowait=0 irq=11717 softirq=16 steal=0
RT_CPUSTAT sample=131 cpu=cpu0 user=59492 nice=0 system=3228 idle=2474 iowait=0 irq=3306 softirq=42 steal=0
RT_CPUSTAT sample=131 cpu=cpu1 user=342 nice=0 system=1393 idle=50395 iowait=0 irq=11805 softirq=16 steal=0
RT_CPUSTAT sample=132 cpu=cpu0 user=59952 nice=0 system=3246 idle=2474 iowait=0 irq=3330 softirq=42 steal=0
RT_CPUSTAT sample=132 cpu=cpu1 user=344 nice=0 system=1403 idle=50758 iowait=0 irq=11894 softirq=16 steal=0
RT_CPUSTAT sample=133 cpu=cpu0 user=60426 nice=0 system=3249 idle=2474 iowait=0 irq=3355 softirq=42 steal=0
RT_CPUSTAT sample=133 cpu=cpu1 user=344 nice=0 system=1412 idle=51118 iowait=0 irq=11983 softirq=16 steal=0
RT_CPUSTAT sample=134 cpu=cpu0 user=60903 nice=0 system=3250 idle=2474 iowait=0 irq=3380 softirq=43 steal=0
RT_CPUSTAT sample=134 cpu=cpu1 user=348 nice=0 system=1423 idle=51478 iowait=0 irq=12072 softirq=16 steal=0
RT_CPUSTAT sample=135 cpu=cpu0 user=61356 nice=0 system=3278 idle=2474 iowait=0 irq=3406 softirq=43 steal=0
RT_CPUSTAT sample=135 cpu=cpu1 user=351 nice=0 system=1436 idle=51843 iowait=0 irq=12163 softirq=17 steal=0
RT_CPUSTAT sample=136 cpu=cpu0 user=61801 nice=0 system=3314 idle=2474 iowait=0 irq=3431 softirq=43 steal=0
RT_CPUSTAT sample=136 cpu=cpu1 user=352 nice=0 system=1442 idle=52206 iowait=0 irq=12252 softirq=17 steal=0
RT_CPUSTAT sample=137 cpu=cpu0 user=62249 nice=0 system=3345 idle=2474 iowait=0 irq=3456 softirq=44 steal=0
RT_CPUSTAT sample=137 cpu=cpu1 user=352 nice=0 system=1451 idle=52570 iowait=0 irq=12341 softirq=17 steal=0
RT_CPUSTAT sample=138 cpu=cpu0 user=62708 nice=0 system=3364 idle=2474 iowait=0 irq=3481 softirq=44 steal=0
RT_CPUSTAT sample=138 cpu=cpu1 user=354 nice=0 system=1460 idle=52938 iowait=0 irq=12430 softirq=17 steal=0
RT_CPUSTAT sample=139 cpu=cpu0 user=63161 nice=0 system=3389 idle=2474 iowait=0 irq=3506 softirq=44 steal=0
RT_CPUSTAT sample=139 cpu=cpu1 user=356 nice=0 system=1468 idle=53300 iowait=0 irq=12519 softirq=17 steal=0
RT_CPUSTAT sample=140 cpu=cpu0 user=63589 nice=0 system=3439 idle=2474 iowait=0 irq=3532 softirq=45 steal=0
RT_CPUSTAT sample=140 cpu=cpu1 user=359 nice=0 system=1479 idle=53659 iowait=0 irq=12611 softirq=17 steal=0
RT_CPUSTAT sample=141 cpu=cpu0 user=64037 nice=0 system=3472 idle=2474 iowait=0 irq=3558 softirq=45 steal=0
RT_CPUSTAT sample=141 cpu=cpu1 user=362 nice=0 system=1491 idle=54025 iowait=0 irq=12700 softirq=17 steal=0
RT_CPUSTAT sample=142 cpu=cpu0 user=64501 nice=0 system=3485 idle=2474 iowait=0 irq=3583 softirq=45 steal=0
RT_CPUSTAT sample=142 cpu=cpu1 user=364 nice=0 system=1500 idle=54389 iowait=0 irq=12789 softirq=18 steal=0
RT_CPUSTAT sample=143 cpu=cpu0 user=64939 nice=0 system=3527 idle=2474 iowait=0 irq=3608 softirq=46 steal=0
RT_CPUSTAT sample=143 cpu=cpu1 user=366 nice=0 system=1510 idle=54754 iowait=0 irq=12879 softirq=18 steal=0
RT_CPUSTAT sample=144 cpu=cpu0 user=65393 nice=0 system=3551 idle=2474 iowait=0 irq=3633 softirq=46 steal=0
RT_CPUSTAT sample=144 cpu=cpu1 user=369 nice=0 system=1523 idle=55115 iowait=0 irq=12968 softirq=18 steal=0
RT_CPUSTAT sample=145 cpu=cpu0 user=65872 nice=0 system=3551 idle=2474 iowait=0 irq=3658 softirq=46 steal=0
RT_CPUSTAT sample=145 cpu=cpu1 user=372 nice=0 system=1534 idle=55475 iowait=0 irq=13058 softirq=18 steal=0
RT_CPUSTAT sample=146 cpu=cpu0 user=66350 nice=0 system=3552 idle=2474 iowait=0 irq=3683 softirq=46 steal=0
RT_CPUSTAT sample=146 cpu=cpu1 user=373 nice=0 system=1540 idle=55837 iowait=0 irq=13146 softirq=18 steal=0
RT_CPUSTAT sample=147 cpu=cpu0 user=66821 nice=0 system=3562 idle=2474 iowait=0 irq=3709 softirq=47 steal=0
RT_CPUSTAT sample=147 cpu=cpu1 user=378 nice=0 system=1551 idle=56201 iowait=0 irq=13236 softirq=18 steal=0
RT_CPUSTAT sample=148 cpu=cpu0 user=67291 nice=0 system=3571 idle=2474 iowait=0 irq=3734 softirq=47 steal=0
RT_CPUSTAT sample=148 cpu=cpu1 user=380 nice=0 system=1563 idle=56559 iowait=0 irq=13327 softirq=18 steal=0
RT_CPUSTAT sample=149 cpu=cpu0 user=67767 nice=0 system=3572 idle=2474 iowait=0 irq=3759 softirq=47 steal=0
RT_CPUSTAT sample=149 cpu=cpu1 user=383 nice=0 system=1572 idle=56920 iowait=0 irq=13416 softirq=18 steal=0
RT_CPUSTAT sample=150 cpu=cpu0 user=68239 nice=0 system=3581 idle=2474 iowait=0 irq=3784 softirq=48 steal=0
RT_CPUSTAT sample=150 cpu=cpu1 user=385 nice=0 system=1583 idle=57281 iowait=0 irq=13506 softirq=18 steal=0
RT_CPUSTAT sample=151 cpu=cpu0 user=68658 nice=0 system=3638 idle=2474 iowait=0 irq=3809 softirq=48 steal=0
RT_CPUSTAT sample=151 cpu=cpu1 user=386 nice=0 system=1593 idle=57638 iowait=0 irq=13597 softirq=19 steal=0
RT_CPUSTAT sample=152 cpu=cpu0 user=69112 nice=0 system=3665 idle=2474 iowait=0 irq=3834 softirq=48 steal=0
RT_CPUSTAT sample=152 cpu=cpu1 user=386 nice=0 system=1600 idle=58004 iowait=0 irq=13685 softirq=19 steal=0
RT_CPUSTAT sample=153 cpu=cpu0 user=69556 nice=0 system=3699 idle=2474 iowait=0 irq=3859 softirq=49 steal=0
RT_CPUSTAT sample=153 cpu=cpu1 user=389 nice=0 system=1610 idle=58366 iowait=0 irq=13774 softirq=19 steal=0
RT_CPUSTAT sample=154 cpu=cpu0 user=70024 nice=0 system=3712 idle=2474 iowait=0 irq=3884 softirq=49 steal=0
RT_CPUSTAT sample=154 cpu=cpu1 user=390 nice=0 system=1619 idle=58729 iowait=0 irq=13864 softirq=19 steal=0
RT_CPUSTAT sample=155 cpu=cpu0 user=70478 nice=0 system=3736 idle=2474 iowait=0 irq=3910 softirq=49 steal=0
RT_CPUSTAT sample=155 cpu=cpu1 user=393 nice=0 system=1628 idle=59095 iowait=0 irq=13952 softirq=19 steal=0
RT_CPUSTAT sample=156 cpu=cpu0 user=70894 nice=0 system=3798 idle=2474 iowait=0 irq=3935 softirq=49 steal=0
RT_CPUSTAT sample=156 cpu=cpu1 user=395 nice=0 system=1638 idle=59455 iowait=0 irq=14042 softirq=19 steal=0
RT_CPUSTAT sample=157 cpu=cpu0 user=71357 nice=0 system=3814 idle=2474 iowait=0 irq=3960 softirq=50 steal=0
RT_CPUSTAT sample=157 cpu=cpu1 user=397 nice=0 system=1647 idle=59818 iowait=0 irq=14130 softirq=19 steal=0
RT_CPUSTAT sample=158 cpu=cpu0 user=71790 nice=0 system=3859 idle=2474 iowait=0 irq=3985 softirq=50 steal=0
RT_CPUSTAT sample=158 cpu=cpu1 user=400 nice=0 system=1659 idle=60180 iowait=0 irq=14220 softirq=20 steal=0
RT_CPUSTAT sample=159 cpu=cpu0 user=72244 nice=0 system=3886 idle=2474 iowait=0 irq=4010 softirq=50 steal=0
RT_CPUSTAT sample=159 cpu=cpu1 user=401 nice=0 system=1669 idle=60545 iowait=0 irq=14309 softirq=20 steal=0
RT_CPUSTAT sample=160 cpu=cpu0 user=72706 nice=0 system=3901 idle=2474 iowait=0 irq=4036 softirq=51 steal=0
RT_CPUSTAT sample=160 cpu=cpu1 user=402 nice=0 system=1676 idle=60905 iowait=0 irq=14398 softirq=20 steal=0
RT_CPUSTAT sample=161 cpu=cpu0 user=73183 nice=0 system=3903 idle=2474 iowait=0 irq=4061 softirq=51 steal=0
RT_CPUSTAT sample=161 cpu=cpu1 user=404 nice=0 system=1685 idle=61266 iowait=0 irq=14487 softirq=20 steal=0
RT_CPUSTAT sample=162 cpu=cpu0 user=73658 nice=0 system=3907 idle=2474 iowait=0 irq=4086 softirq=51 steal=0
RT_CPUSTAT sample=162 cpu=cpu1 user=405 nice=0 system=1695 idle=61629 iowait=0 irq=14575 softirq=20 steal=0
RT_CPUSTAT sample=163 cpu=cpu0 user=74126 nice=0 system=3916 idle=2474 iowait=0 irq=4111 softirq=52 steal=0
RT_CPUSTAT sample=163 cpu=cpu1 user=407 nice=0 system=1703 idle=61989 iowait=0 irq=14664 softirq=20 steal=0
RT_CPUSTAT sample=164 cpu=cpu0 user=74603 nice=0 system=3919 idle=2474 iowait=0 irq=4136 softirq=52 steal=0
RT_CPUSTAT sample=164 cpu=cpu1 user=409 nice=0 system=1718 idle=62354 iowait=0 irq=14754 softirq=20 steal=0
RT_CPUSTAT sample=165 cpu=cpu0 user=75080 nice=0 system=3921 idle=2474 iowait=0 irq=4161 softirq=52 steal=0
RT_CPUSTAT sample=165 cpu=cpu1 user=410 nice=0 system=1731 idle=62719 iowait=0 irq=14842 softirq=20 steal=0
RT_CPUSTAT sample=166 cpu=cpu0 user=75519 nice=0 system=3962 idle=2474 iowait=0 irq=4186 softirq=52 steal=0
RT_CPUSTAT sample=166 cpu=cpu1 user=413 nice=0 system=1741 idle=63083 iowait=0 irq=14931 softirq=21 steal=0
RT_CPUSTAT sample=167 cpu=cpu0 user=75959 nice=0 system=4001 idle=2474 iowait=0 irq=4211 softirq=53 steal=0
RT_CPUSTAT sample=167 cpu=cpu1 user=414 nice=0 system=1754 idle=63444 iowait=0 irq=15023 softirq=21 steal=0
RT_CPUSTAT sample=168 cpu=cpu0 user=76416 nice=0 system=4022 idle=2474 iowait=0 irq=4236 softirq=53 steal=0
RT_CPUSTAT sample=168 cpu=cpu1 user=419 nice=0 system=1766 idle=63812 iowait=0 irq=15112 softirq=21 steal=0
RT_CPUSTAT sample=169 cpu=cpu0 user=76877 nice=0 system=4041 idle=2474 iowait=0 irq=4261 softirq=53 steal=0
RT_CPUSTAT sample=169 cpu=cpu1 user=421 nice=0 system=1781 idle=64174 iowait=0 irq=15201 softirq=21 steal=0
RT_CPUSTAT sample=170 cpu=cpu0 user=77331 nice=0 system=4064 idle=2474 iowait=0 irq=4286 softirq=54 steal=0
RT_CPUSTAT sample=170 cpu=cpu1 user=425 nice=0 system=1792 idle=64538 iowait=0 irq=15291 softirq=21 steal=0
RT_CPUSTAT sample=171 cpu=cpu0 user=77766 nice=0 system=4110 idle=2474 iowait=0 irq=4312 softirq=54 steal=0
RT_CPUSTAT sample=171 cpu=cpu1 user=429 nice=0 system=1803 idle=64902 iowait=0 irq=15383 softirq=21 steal=0
RT_CPUSTAT sample=172 cpu=cpu0 user=78209 nice=0 system=4145 idle=2474 iowait=0 irq=4338 softirq=54 steal=0
RT_CPUSTAT sample=172 cpu=cpu1 user=431 nice=0 system=1811 idle=65266 iowait=0 irq=15472 softirq=21 steal=0
RT_CPUSTAT sample=173 cpu=cpu0 user=78658 nice=0 system=4174 idle=2474 iowait=0 irq=4363 softirq=55 steal=0
RT_CPUSTAT sample=173 cpu=cpu1 user=433 nice=0 system=1817 idle=65629 iowait=0 irq=15560 softirq=22 steal=0
RT_CPUSTAT sample=174 cpu=cpu0 user=79106 nice=0 system=4205 idle=2474 iowait=0 irq=4388 softirq=55 steal=0
RT_CPUSTAT sample=174 cpu=cpu1 user=435 nice=0 system=1826 idle=65994 iowait=0 irq=15649 softirq=22 steal=0
RT_CPUSTAT sample=175 cpu=cpu0 user=79559 nice=0 system=4230 idle=2474 iowait=0 irq=4414 softirq=55 steal=0
RT_CPUSTAT sample=175 cpu=cpu1 user=437 nice=0 system=1838 idle=66357 iowait=0 irq=15739 softirq=22 steal=0
RT_CPUSTAT sample=176 cpu=cpu0 user=80037 nice=0 system=4231 idle=2474 iowait=0 irq=4439 softirq=56 steal=0
RT_CPUSTAT sample=176 cpu=cpu1 user=438 nice=0 system=1844 idle=66723 iowait=0 irq=15827 softirq=22 steal=0
RT_CPUSTAT sample=177 cpu=cpu0 user=80515 nice=0 system=4231 idle=2474 iowait=0 irq=4465 softirq=56 steal=0
RT_CPUSTAT sample=177 cpu=cpu1 user=440 nice=0 system=1856 idle=67088 iowait=0 irq=15916 softirq=22 steal=0
RT_CPUSTAT sample=178 cpu=cpu0 user=80985 nice=0 system=4239 idle=2474 iowait=0 irq=4490 softirq=56 steal=0
RT_CPUSTAT sample=178 cpu=cpu1 user=443 nice=0 system=1865 idle=67454 iowait=0 irq=16007 softirq=22 steal=0
RT_CPUSTAT sample=179 cpu=cpu0 user=81454 nice=0 system=4248 idle=2474 iowait=0 irq=4515 softirq=56 steal=0
RT_CPUSTAT sample=179 cpu=cpu1 user=446 nice=0 system=1875 idle=67816 iowait=0 irq=16098 softirq=22 steal=0
RT_CPUSTAT sample=180 cpu=cpu0 user=81933 nice=0 system=4249 idle=2474 iowait=0 irq=4540 softirq=57 steal=0
RT_CPUSTAT sample=180 cpu=cpu1 user=446 nice=0 system=1884 idle=68178 iowait=0 irq=16186 softirq=22 steal=0
RT_CPUSTAT sample=181 cpu=cpu0 user=82404 nice=0 system=4257 idle=2474 iowait=0 irq=4565 softirq=57 steal=0
RT_CPUSTAT sample=181 cpu=cpu1 user=448 nice=0 system=1894 idle=68541 iowait=0 irq=16277 softirq=23 steal=0
RT_CPUSTAT sample=182 cpu=cpu0 user=82832 nice=0 system=4307 idle=2474 iowait=0 irq=4591 softirq=57 steal=0
RT_CPUSTAT sample=182 cpu=cpu1 user=449 nice=0 system=1904 idle=68903 iowait=0 irq=16368 softirq=23 steal=0
RT_CPUSTAT sample=183 cpu=cpu0 user=83282 nice=0 system=4337 idle=2474 iowait=0 irq=4617 softirq=58 steal=0
RT_CPUSTAT sample=183 cpu=cpu1 user=451 nice=0 system=1916 idle=69267 iowait=0 irq=16457 softirq=23 steal=0
RT_CPUSTAT sample=184 cpu=cpu0 user=83733 nice=0 system=4365 idle=2474 iowait=0 irq=4642 softirq=58 steal=0
RT_CPUSTAT sample=184 cpu=cpu1 user=453 nice=0 system=1927 idle=69629 iowait=0 irq=16548 softirq=23 steal=0
RT_CPUSTAT sample=185 cpu=cpu0 user=84195 nice=0 system=4381 idle=2474 iowait=0 irq=4668 softirq=58 steal=0
RT_CPUSTAT sample=185 cpu=cpu1 user=455 nice=0 system=1939 idle=69992 iowait=0 irq=16638 softirq=23 steal=0
RT_CPUSTAT sample=186 cpu=cpu0 user=84657 nice=0 system=4396 idle=2474 iowait=0 irq=4694 softirq=59 steal=0
RT_CPUSTAT sample=186 cpu=cpu1 user=458 nice=0 system=1947 idle=70355 iowait=0 irq=16730 softirq=23 steal=0
RT_CPUSTAT sample=187 cpu=cpu0 user=85080 nice=0 system=4452 idle=2474 iowait=0 irq=4720 softirq=59 steal=0
RT_CPUSTAT sample=187 cpu=cpu1 user=461 nice=0 system=1955 idle=70721 iowait=0 irq=16820 softirq=23 steal=0
RT_CPUSTAT sample=188 cpu=cpu0 user=85556 nice=0 system=4455 idle=2474 iowait=0 irq=4745 softirq=59 steal=0
RT_CPUSTAT sample=188 cpu=cpu1 user=466 nice=0 system=1971 idle=71082 iowait=0 irq=16914 softirq=23 steal=0
RT_CPUSTAT sample=189 cpu=cpu0 user=85995 nice=0 system=4494 idle=2474 iowait=0 irq=4770 softirq=60 steal=0
RT_CPUSTAT sample=189 cpu=cpu1 user=469 nice=0 system=1980 idle=71445 iowait=0 irq=17004 softirq=24 steal=0
RT_CPUSTAT sample=190 cpu=cpu0 user=86452 nice=0 system=4516 idle=2474 iowait=0 irq=4795 softirq=60 steal=0
RT_CPUSTAT sample=190 cpu=cpu1 user=471 nice=0 system=1989 idle=71808 iowait=0 irq=17093 softirq=24 steal=0
RT_CPUSTAT sample=191 cpu=cpu0 user=86910 nice=0 system=4539 idle=2474 iowait=0 irq=4820 softirq=60 steal=0
RT_CPUSTAT sample=191 cpu=cpu1 user=474 nice=0 system=1997 idle=72173 iowait=0 irq=17181 softirq=24 steal=0
RT_CPUSTAT sample=192 cpu=cpu0 user=87389 nice=0 system=4539 idle=2474 iowait=0 irq=4845 softirq=60 steal=0
RT_CPUSTAT sample=192 cpu=cpu1 user=477 nice=0 system=2008 idle=72537 iowait=0 irq=17271 softirq=24 steal=0
RT_CPUSTAT sample=193 cpu=cpu0 user=87847 nice=0 system=4558 idle=2474 iowait=0 irq=4871 softirq=61 steal=0
RT_CPUSTAT sample=193 cpu=cpu1 user=480 nice=0 system=2019 idle=72899 iowait=0 irq=17361 softirq=24 steal=0
RT_CPUSTAT sample=194 cpu=cpu0 user=88318 nice=0 system=4567 idle=2474 iowait=0 irq=4896 softirq=61 steal=0
RT_CPUSTAT sample=194 cpu=cpu1 user=483 nice=0 system=2029 idle=73263 iowait=0 irq=17450 softirq=24 steal=0
RT_CPUSTAT sample=195 cpu=cpu0 user=88795 nice=0 system=4569 idle=2474 iowait=0 irq=4921 softirq=61 steal=0
RT_CPUSTAT sample=195 cpu=cpu1 user=486 nice=0 system=2040 idle=73621 iowait=0 irq=17542 softirq=24 steal=0
RT_CPUSTAT sample=196 cpu=cpu0 user=89272 nice=0 system=4569 idle=2474 iowait=0 irq=4947 softirq=62 steal=0
RT_CPUSTAT sample=196 cpu=cpu1 user=489 nice=0 system=2052 idle=73985 iowait=0 irq=17633 softirq=24 steal=0
RT_CPUSTAT sample=197 cpu=cpu0 user=89716 nice=0 system=4606 idle=2474 iowait=0 irq=4972 softirq=62 steal=0
RT_CPUSTAT sample=197 cpu=cpu1 user=492 nice=0 system=2062 idle=74349 iowait=0 irq=17723 softirq=25 steal=0
RT_CPUSTAT sample=198 cpu=cpu0 user=90168 nice=0 system=4632 idle=2474 iowait=0 irq=4998 softirq=62 steal=0
RT_CPUSTAT sample=198 cpu=cpu1 user=495 nice=0 system=2076 idle=74707 iowait=0 irq=17814 softirq=25 steal=0
RT_CPUSTAT sample=199 cpu=cpu0 user=90617 nice=0 system=4662 idle=2474 iowait=0 irq=5023 softirq=63 steal=0
RT_CPUSTAT sample=199 cpu=cpu1 user=497 nice=0 system=2083 idle=75068 iowait=0 irq=17905 softirq=25 steal=0
RT_CPUSTAT sample=200 cpu=cpu0 user=91084 nice=0 system=4674 idle=2474 iowait=0 irq=5048 softirq=63 steal=0
RT_CPUSTAT sample=200 cpu=cpu1 user=499 nice=0 system=2094 idle=75432 iowait=0 irq=17995 softirq=25 steal=0
RT_CPUSTAT sample=201 cpu=cpu0 user=91523 nice=0 system=4714 idle=2474 iowait=0 irq=5073 softirq=63 steal=0
RT_CPUSTAT sample=201 cpu=cpu1 user=501 nice=0 system=2105 idle=75794 iowait=0 irq=18084 softirq=25 steal=0
RT_CPUSTAT sample=202 cpu=cpu0 user=91962 nice=0 system=4752 idle=2474 iowait=0 irq=5098 softirq=64 steal=0
RT_CPUSTAT sample=202 cpu=cpu1 user=504 nice=0 system=2116 idle=76160 iowait=0 irq=18174 softirq=25 steal=0
RT_CPUSTAT sample=203 cpu=cpu0 user=92411 nice=0 system=4782 idle=2474 iowait=0 irq=5124 softirq=64 steal=0
RT_CPUSTAT sample=203 cpu=cpu1 user=506 nice=0 system=2128 idle=76526 iowait=0 irq=18262 softirq=25 steal=0
RT_CPUSTAT sample=204 cpu=cpu0 user=92865 nice=0 system=4808 idle=2474 iowait=0 irq=5149 softirq=64 steal=0
RT_CPUSTAT sample=204 cpu=cpu1 user=507 nice=0 system=2135 idle=76894 iowait=0 irq=18350 softirq=26 steal=0
RT_CPUSTAT sample=205 cpu=cpu0 user=93306 nice=0 system=4845 idle=2474 iowait=0 irq=5174 softirq=64 steal=0
RT_CPUSTAT sample=205 cpu=cpu1 user=511 nice=0 system=2145 idle=77258 iowait=0 irq=18441 softirq=26 steal=0
RT_CPUSTAT sample=206 cpu=cpu0 user=93751 nice=0 system=4878 idle=2474 iowait=0 irq=5199 softirq=65 steal=0
RT_CPUSTAT sample=206 cpu=cpu1 user=514 nice=0 system=2159 idle=77622 iowait=0 irq=18531 softirq=26 steal=0
RT_CPUSTAT sample=207 cpu=cpu0 user=94229 nice=0 system=4878 idle=2474 iowait=0 irq=5225 softirq=65 steal=0
RT_CPUSTAT sample=207 cpu=cpu1 user=518 nice=0 system=2169 idle=77989 iowait=0 irq=18621 softirq=26 steal=0
RT_CPUSTAT sample=208 cpu=cpu0 user=94707 nice=0 system=4878 idle=2474 iowait=0 irq=5250 softirq=65 steal=0
RT_CPUSTAT sample=208 cpu=cpu1 user=520 nice=0 system=2187 idle=78353 iowait=0 irq=18711 softirq=26 steal=0
RT_CPUSTAT sample=209 cpu=cpu0 user=95177 nice=0 system=4888 idle=2474 iowait=0 irq=5275 softirq=66 steal=0
RT_CPUSTAT sample=209 cpu=cpu1 user=523 nice=0 system=2200 idle=78718 iowait=0 irq=18801 softirq=26 steal=0
RT_CPUSTAT sample=210 cpu=cpu0 user=95646 nice=0 system=4898 idle=2474 iowait=0 irq=5300 softirq=66 steal=0
RT_CPUSTAT sample=210 cpu=cpu1 user=525 nice=0 system=2210 idle=79082 iowait=0 irq=18890 softirq=26 steal=0
RT_CPUSTAT sample=211 cpu=cpu0 user=96122 nice=0 system=4899 idle=2474 iowait=0 irq=5325 softirq=66 steal=0
RT_CPUSTAT sample=211 cpu=cpu1 user=529 nice=0 system=2219 idle=79445 iowait=0 irq=18980 softirq=26 steal=0
RT_CPUSTAT sample=212 cpu=cpu0 user=96587 nice=0 system=4914 idle=2474 iowait=0 irq=5350 softirq=67 steal=0
RT_CPUSTAT sample=212 cpu=cpu1 user=531 nice=0 system=2229 idle=79806 iowait=0 irq=19070 softirq=26 steal=0
RT_CPUSTAT sample=213 cpu=cpu0 user=97015 nice=0 system=4964 idle=2474 iowait=0 irq=5376 softirq=67 steal=0
RT_CPUSTAT sample=213 cpu=cpu1 user=534 nice=0 system=2240 idle=80169 iowait=0 irq=19161 softirq=27 steal=0
RT_CPUSTAT sample=214 cpu=cpu0 user=97464 nice=0 system=4993 idle=2474 iowait=0 irq=5401 softirq=67 steal=0
RT_CPUSTAT sample=214 cpu=cpu1 user=539 nice=0 system=2252 idle=80536 iowait=0 irq=19251 softirq=27 steal=0
RT_CPUSTAT sample=215 cpu=cpu0 user=97922 nice=0 system=5014 idle=2474 iowait=0 irq=5427 softirq=68 steal=0
RT_CPUSTAT sample=215 cpu=cpu1 user=542 nice=0 system=2264 idle=80897 iowait=0 irq=19343 softirq=27 steal=0
RT_CPUSTAT sample=216 cpu=cpu0 user=98384 nice=0 system=5029 idle=2474 iowait=0 irq=5453 softirq=68 steal=0
RT_CPUSTAT sample=216 cpu=cpu1 user=544 nice=0 system=2274 idle=81256 iowait=0 irq=19434 softirq=27 steal=0
RT_CPUSTAT sample=217 cpu=cpu0 user=98837 nice=0 system=5056 idle=2474 iowait=0 irq=5478 softirq=68 steal=0
RT_CPUSTAT sample=217 cpu=cpu1 user=548 nice=0 system=2286 idle=81622 iowait=0 irq=19523 softirq=27 steal=0
RT_CPUSTAT sample=218 cpu=cpu0 user=99264 nice=0 system=5109 idle=2474 iowait=0 irq=5503 softirq=68 steal=0
RT_CPUSTAT sample=218 cpu=cpu1 user=550 nice=0 system=2300 idle=81988 iowait=0 irq=19615 softirq=27 steal=0
RT_CPUSTAT sample=219 cpu=cpu0 user=99731 nice=0 system=5121 idle=2474 iowait=0 irq=5529 softirq=69 steal=0
RT_CPUSTAT sample=219 cpu=cpu1 user=554 nice=0 system=2309 idle=82352 iowait=0 irq=19705 softirq=27 steal=0
RT_CPUSTAT sample=220 cpu=cpu0 user=100174 nice=0 system=5156 idle=2474 iowait=0 irq=5554 softirq=69 steal=0
RT_CPUSTAT sample=220 cpu=cpu1 user=555 nice=0 system=2319 idle=82715 iowait=0 irq=19793 softirq=28 steal=0
RT_CPUSTAT sample=221 cpu=cpu0 user=100614 nice=0 system=5195 idle=2474 iowait=0 irq=5579 softirq=69 steal=0
RT_CPUSTAT sample=221 cpu=cpu1 user=557 nice=0 system=2328 idle=83077 iowait=0 irq=19883 softirq=28 steal=0
RT_CPUSTAT sample=222 cpu=cpu0 user=101082 nice=0 system=5205 idle=2474 iowait=0 irq=5604 softirq=70 steal=0
RT_CPUSTAT sample=222 cpu=cpu1 user=558 nice=0 system=2337 idle=83445 iowait=0 irq=19971 softirq=28 steal=0
RT_CPUSTAT sample=223 cpu=cpu0 user=101560 nice=0 system=5205 idle=2474 iowait=0 irq=5629 softirq=70 steal=0
RT_CPUSTAT sample=223 cpu=cpu1 user=560 nice=0 system=2344 idle=83813 iowait=0 irq=20059 softirq=28 steal=0
RT_CPUSTAT sample=224 cpu=cpu0 user=102033 nice=0 system=5211 idle=2474 iowait=0 irq=5654 softirq=70 steal=0
RT_CPUSTAT sample=224 cpu=cpu1 user=562 nice=0 system=2352 idle=84179 iowait=0 irq=20147 softirq=28 steal=0
RT_CPUSTAT sample=225 cpu=cpu0 user=102505 nice=0 system=5219 idle=2474 iowait=0 irq=5679 softirq=70 steal=0
RT_CPUSTAT sample=225 cpu=cpu1 user=565 nice=0 system=2363 idle=84544 iowait=0 irq=20237 softirq=28 steal=0
RT_CPUSTAT sample=226 cpu=cpu0 user=102984 nice=0 system=5220 idle=2474 iowait=0 irq=5704 softirq=71 steal=0
RT_CPUSTAT sample=226 cpu=cpu1 user=569 nice=0 system=2371 idle=84910 iowait=0 irq=20325 softirq=28 steal=0
RT_CPUSTAT sample=227 cpu=cpu0 user=103460 nice=0 system=5221 idle=2474 iowait=0 irq=5729 softirq=71 steal=0
RT_CPUSTAT sample=227 cpu=cpu1 user=571 nice=0 system=2376 idle=85273 iowait=0 irq=20413 softirq=28 steal=0
RT_CPUSTAT sample=228 cpu=cpu0 user=103893 nice=0 system=5268 idle=2474 iowait=0 irq=5755 softirq=71 steal=0
RT_CPUSTAT sample=228 cpu=cpu1 user=576 nice=0 system=2388 idle=85638 iowait=0 irq=20503 softirq=29 steal=0
RT_CPUSTAT sample=229 cpu=cpu0 user=104341 nice=0 system=5297 idle=2474 iowait=0 irq=5780 softirq=72 steal=0
RT_CPUSTAT sample=229 cpu=cpu1 user=581 nice=0 system=2398 idle=86004 iowait=0 irq=20591 softirq=29 steal=0
RT_CPUSTAT sample=230 cpu=cpu0 user=104772 nice=0 system=5345 idle=2474 iowait=0 irq=5805 softirq=72 steal=0
RT_CPUSTAT sample=230 cpu=cpu1 user=582 nice=0 system=2405 idle=86366 iowait=0 irq=20681 softirq=29 steal=0
RT_CPUSTAT sample=231 cpu=cpu0 user=105234 nice=0 system=5361 idle=2474 iowait=0 irq=5830 softirq=72 steal=0
RT_CPUSTAT sample=231 cpu=cpu1 user=582 nice=0 system=2417 idle=86726 iowait=0 irq=20771 softirq=29 steal=0
RT_CPUSTAT sample=232 cpu=cpu0 user=105674 nice=0 system=5400 idle=2474 iowait=0 irq=5856 softirq=73 steal=0
RT_CPUSTAT sample=232 cpu=cpu1 user=587 nice=0 system=2430 idle=87087 iowait=0 irq=20863 softirq=29 steal=0
RT_CPUSTAT sample=233 cpu=cpu0 user=106111 nice=0 system=5442 idle=2474 iowait=0 irq=5881 softirq=73 steal=0
RT_CPUSTAT sample=233 cpu=cpu1 user=588 nice=0 system=2442 idle=87451 iowait=0 irq=20953 softirq=29 steal=0
RT_CPUSTAT sample=234 cpu=cpu0 user=106551 nice=0 system=5481 idle=2474 iowait=0 irq=5906 softirq=73 steal=0
RT_CPUSTAT sample=234 cpu=cpu1 user=592 nice=0 system=2450 idle=87819 iowait=0 irq=21043 softirq=29 steal=0
RT_CPUSTAT sample=235 cpu=cpu0 user=107009 nice=0 system=5500 idle=2474 iowait=0 irq=5931 softirq=74 steal=0
RT_CPUSTAT sample=235 cpu=cpu1 user=594 nice=0 system=2459 idle=88187 iowait=0 irq=21133 softirq=30 steal=0
RT_CPUSTAT sample=236 cpu=cpu0 user=107465 nice=0 system=5523 idle=2474 iowait=0 irq=5956 softirq=74 steal=0
RT_CPUSTAT sample=236 cpu=cpu1 user=597 nice=0 system=2473 idle=88555 iowait=0 irq=21223 softirq=30 steal=0
RT_CPUSTAT sample=237 cpu=cpu0 user=107905 nice=0 system=5560 idle=2474 iowait=0 irq=5982 softirq=74 steal=0
RT_CPUSTAT sample=237 cpu=cpu1 user=599 nice=0 system=2483 idle=88921 iowait=0 irq=21313 softirq=30 steal=0
RT_CPUSTAT sample=238 cpu=cpu0 user=108385 nice=0 system=5560 idle=2474 iowait=0 irq=6007 softirq=74 steal=0
RT_CPUSTAT sample=238 cpu=cpu1 user=603 nice=0 system=2494 idle=89291 iowait=0 irq=21403 softirq=30 steal=0
RT_CPUSTAT sample=239 cpu=cpu0 user=108861 nice=0 system=5561 idle=2474 iowait=0 irq=6032 softirq=75 steal=0
RT_CPUSTAT sample=239 cpu=cpu1 user=607 nice=0 system=2504 idle=89659 iowait=0 irq=21492 softirq=30 steal=0
RT_CPUSTAT sample=240 cpu=cpu0 user=109326 nice=0 system=5575 idle=2474 iowait=0 irq=6057 softirq=75 steal=0
RT_CPUSTAT sample=240 cpu=cpu1 user=610 nice=0 system=2514 idle=90025 iowait=0 irq=21582 softirq=30 steal=0
RT_CPUSTAT sample=241 cpu=cpu0 user=109796 nice=0 system=5585 idle=2474 iowait=0 irq=6082 softirq=75 steal=0
RT_CPUSTAT sample=241 cpu=cpu1 user=612 nice=0 system=2525 idle=90390 iowait=0 irq=21671 softirq=30 steal=0
RT_CPUSTAT sample=242 cpu=cpu0 user=110274 nice=0 system=5586 idle=2474 iowait=0 irq=6107 softirq=76 steal=0
RT_CPUSTAT sample=242 cpu=cpu1 user=613 nice=0 system=2534 idle=90758 iowait=0 irq=21759 softirq=30 steal=0
RT_CPUSTAT sample=243 cpu=cpu0 user=110745 nice=0 system=5594 idle=2474 iowait=0 irq=6132 softirq=76 steal=0
RT_CPUSTAT sample=243 cpu=cpu1 user=617 nice=0 system=2543 idle=91127 iowait=0 irq=21848 softirq=30 steal=0
RT_CPUSTAT sample=244 cpu=cpu0 user=111180 nice=0 system=5637 idle=2474 iowait=0 irq=6158 softirq=76 steal=0
RT_CPUSTAT sample=244 cpu=cpu1 user=620 nice=0 system=2552 idle=91496 iowait=0 irq=21937 softirq=30 steal=0
RT_CPUSTAT sample=245 cpu=cpu0 user=111628 nice=0 system=5668 idle=2474 iowait=0 irq=6183 softirq=77 steal=0
RT_CPUSTAT sample=245 cpu=cpu1 user=621 nice=0 system=2561 idle=91857 iowait=0 irq=22027 softirq=31 steal=0
RT_CPUSTAT sample=246 cpu=cpu0 user=112084 nice=0 system=5692 idle=2474 iowait=0 irq=6208 softirq=77 steal=0
RT_CPUSTAT sample=246 cpu=cpu1 user=623 nice=0 system=2569 idle=92218 iowait=0 irq=22117 softirq=31 steal=0
RT_CPUSTAT sample=247 cpu=cpu0 user=112543 nice=0 system=5712 idle=2474 iowait=0 irq=6233 softirq=77 steal=0
RT_CPUSTAT sample=247 cpu=cpu1 user=623 nice=0 system=2579 idle=92583 iowait=0 irq=22206 softirq=31 steal=0
RT_CPUSTAT sample=248 cpu=cpu0 user=112991 nice=0 system=5743 idle=2474 iowait=0 irq=6258 softirq=77 steal=0
RT_CPUSTAT sample=248 cpu=cpu1 user=626 nice=0 system=2589 idle=92945 iowait=0 irq=22295 softirq=31 steal=0
RT_CPUSTAT sample=249 cpu=cpu0 user=113404 nice=0 system=5808 idle=2474 iowait=0 irq=6284 softirq=78 steal=0
RT_CPUSTAT sample=249 cpu=cpu1 user=630 nice=0 system=2601 idle=93304 iowait=0 irq=22387 softirq=31 steal=0
RT_CPUSTAT sample=250 cpu=cpu0 user=113881 nice=0 system=5811 idle=2474 iowait=0 irq=6309 softirq=78 steal=0
RT_CPUSTAT sample=250 cpu=cpu1 user=630 nice=0 system=2609 idle=93667 iowait=0 irq=22475 softirq=31 steal=0
RT_CPUSTAT sample=251 cpu=cpu0 user=114310 nice=0 system=5861 idle=2474 iowait=0 irq=6336 softirq=78 steal=0
RT_CPUSTAT sample=251 cpu=cpu1 user=633 nice=0 system=2621 idle=94030 iowait=0 irq=22566 softirq=31 steal=0
RT_CPUSTAT sample=252 cpu=cpu0 user=114757 nice=0 system=5892 idle=2474 iowait=0 irq=6361 softirq=79 steal=0
RT_CPUSTAT sample=252 cpu=cpu1 user=635 nice=0 system=2635 idle=94395 iowait=0 irq=22655 softirq=32 steal=0
RT_CPUSTAT sample=253 cpu=cpu0 user=115204 nice=0 system=5923 idle=2474 iowait=0 irq=6386 softirq=79 steal=0
RT_CPUSTAT sample=253 cpu=cpu1 user=637 nice=0 system=2649 idle=94760 iowait=0 irq=22745 softirq=32 steal=0
RT_CPUSTAT sample=254 cpu=cpu0 user=115683 nice=0 system=5924 idle=2474 iowait=0 irq=6411 softirq=79 steal=0
RT_CPUSTAT sample=254 cpu=cpu1 user=641 nice=0 system=2659 idle=95127 iowait=0 irq=22832 softirq=32 steal=0
RT_CPUSTAT sample=255 cpu=cpu0 user=116155 nice=0 system=5930 idle=2474 iowait=0 irq=6436 softirq=80 steal=0
RT_CPUSTAT sample=255 cpu=cpu1 user=644 nice=0 system=2670 idle=95494 iowait=0 irq=22921 softirq=32 steal=0
RT_CPUSTAT sample=256 cpu=cpu0 user=116616 nice=0 system=5946 idle=2474 iowait=0 irq=6461 softirq=80 steal=0
RT_CPUSTAT sample=256 cpu=cpu1 user=647 nice=0 system=2677 idle=95859 iowait=0 irq=23011 softirq=32 steal=0
RT_CPUSTAT sample=257 cpu=cpu0 user=117092 nice=0 system=5950 idle=2474 iowait=0 irq=6487 softirq=80 steal=0
RT_CPUSTAT sample=257 cpu=cpu1 user=651 nice=0 system=2691 idle=96222 iowait=0 irq=23103 softirq=32 steal=0
RT_CPUSTAT sample=258 cpu=cpu0 user=117571 nice=0 system=5951 idle=2474 iowait=0 irq=6512 softirq=80 steal=0
RT_CPUSTAT sample=258 cpu=cpu1 user=652 nice=0 system=2701 idle=96586 iowait=0 irq=23192 softirq=32 steal=0
RT_CPUSTAT sample=259 cpu=cpu0 user=118019 nice=0 system=5983 idle=2474 iowait=0 irq=6537 softirq=81 steal=0
RT_CPUSTAT sample=259 cpu=cpu1 user=655 nice=0 system=2709 idle=96949 iowait=0 irq=23282 softirq=33 steal=0
RT_CPUSTAT sample=260 cpu=cpu0 user=118460 nice=0 system=6020 idle=2474 iowait=0 irq=6562 softirq=81 steal=0
RT_CPUSTAT sample=260 cpu=cpu1 user=659 nice=0 system=2722 idle=97315 iowait=0 irq=23373 softirq=33 steal=0
RT_CPUSTAT sample=261 cpu=cpu0 user=118903 nice=0 system=6055 idle=2474 iowait=0 irq=6588 softirq=81 steal=0
RT_CPUSTAT sample=261 cpu=cpu1 user=661 nice=0 system=2735 idle=97672 iowait=0 irq=23465 softirq=33 steal=0
RT_CPUSTAT sample=262 cpu=cpu0 user=119348 nice=0 system=6089 idle=2474 iowait=0 irq=6613 softirq=82 steal=0
RT_CPUSTAT sample=262 cpu=cpu1 user=664 nice=0 system=2743 idle=98031 iowait=0 irq=23556 softirq=33 steal=0
RT_CPUSTAT sample=263 cpu=cpu0 user=119796 nice=0 system=6121 idle=2474 iowait=0 irq=6638 softirq=82 steal=0
RT_CPUSTAT sample=263 cpu=cpu1 user=667 nice=0 system=2753 idle=98397 iowait=0 irq=23644 softirq=33 steal=0
RT_CPUSTAT sample=264 cpu=cpu0 user=120232 nice=0 system=6162 idle=2474 iowait=0 irq=6664 softirq=82 steal=0
RT_CPUSTAT sample=264 cpu=cpu1 user=669 nice=0 system=2768 idle=98753 iowait=0 irq=23737 softirq=33 steal=0
RT_CPUSTAT sample=265 cpu=cpu0 user=120639 nice=0 system=6235 idle=2474 iowait=0 irq=6689 softirq=83 steal=0
RT_CPUSTAT sample=265 cpu=cpu1 user=672 nice=0 system=2782 idle=99117 iowait=0 irq=23829 softirq=33 steal=0
RT_CPUSTAT sample=266 cpu=cpu0 user=121114 nice=0 system=6239 idle=2474 iowait=0 irq=6714 softirq=83 steal=0
RT_CPUSTAT sample=266 cpu=cpu1 user=674 nice=0 system=2793 idle=99480 iowait=0 irq=23918 softirq=34 steal=0
RT_CPUSTAT sample=267 cpu=cpu0 user=121547 nice=0 system=6287 idle=2474 iowait=0 irq=6740 softirq=83 steal=0
RT_CPUSTAT sample=267 cpu=cpu1 user=677 nice=0 system=2806 idle=99847 iowait=0 irq=24008 softirq=34 steal=0
RT_CPUSTAT sample=268 cpu=cpu0 user=122004 nice=0 system=6308 idle=2474 iowait=0 irq=6765 softirq=84 steal=0
RT_CPUSTAT sample=268 cpu=cpu1 user=678 nice=0 system=2816 idle=100210 iowait=0 irq=24097 softirq=34 steal=0
RT_CPUSTAT sample=269 cpu=cpu0 user=122464 nice=0 system=6325 idle=2474 iowait=0 irq=6791 softirq=84 steal=0
RT_CPUSTAT sample=269 cpu=cpu1 user=679 nice=0 system=2828 idle=100576 iowait=0 irq=24185 softirq=34 steal=0
RT_CPUSTAT sample=270 cpu=cpu0 user=122945 nice=0 system=6326 idle=2474 iowait=0 irq=6816 softirq=84 steal=0
RT_CPUSTAT sample=270 cpu=cpu1 user=680 nice=0 system=2839 idle=100944 iowait=0 irq=24272 softirq=34 steal=0
RT_CPUSTAT sample=271 cpu=cpu0 user=123410 nice=0 system=6337 idle=2474 iowait=0 irq=6841 softirq=85 steal=0
RT_CPUSTAT sample=271 cpu=cpu1 user=683 nice=0 system=2845 idle=101303 iowait=0 irq=24360 softirq=34 steal=0
RT_CPUSTAT sample=272 cpu=cpu0 user=123884 nice=0 system=6343 idle=2474 iowait=0 irq=6866 softirq=85 steal=0
RT_CPUSTAT sample=272 cpu=cpu1 user=687 nice=0 system=2858 idle=101670 iowait=0 irq=24450 softirq=34 steal=0
RT_CPUSTAT sample=273 cpu=cpu0 user=124361 nice=0 system=6345 idle=2474 iowait=0 irq=6891 softirq=85 steal=0
RT_CPUSTAT sample=273 cpu=cpu1 user=688 nice=0 system=2869 idle=102030 iowait=0 irq=24539 softirq=34 steal=0
RT_CPUSTAT sample=274 cpu=cpu0 user=124840 nice=0 system=6346 idle=2474 iowait=0 irq=6916 softirq=85 steal=0
RT_CPUSTAT sample=274 cpu=cpu1 user=690 nice=0 system=2880 idle=102395 iowait=0 irq=24628 softirq=35 steal=0
RT_CPUSTAT sample=275 cpu=cpu0 user=125281 nice=0 system=6383 idle=2474 iowait=0 irq=6941 softirq=86 steal=0
RT_CPUSTAT sample=275 cpu=cpu1 user=692 nice=0 system=2892 idle=102754 iowait=0 irq=24719 softirq=35 steal=0
RT_CPUSTAT sample=276 cpu=cpu0 user=125744 nice=0 system=6400 idle=2474 iowait=0 irq=6966 softirq=86 steal=0
RT_CPUSTAT sample=276 cpu=cpu1 user=695 nice=0 system=2907 idle=103112 iowait=0 irq=24811 softirq=35 steal=0
RT_CPUSTAT sample=277 cpu=cpu0 user=126184 nice=0 system=6439 idle=2474 iowait=0 irq=6991 softirq=86 steal=0
RT_CPUSTAT sample=277 cpu=cpu1 user=699 nice=0 system=2919 idle=103474 iowait=0 irq=24901 softirq=35 steal=0
RT_CPUSTAT sample=278 cpu=cpu0 user=126643 nice=0 system=6460 idle=2474 iowait=0 irq=7016 softirq=87 steal=0
RT_CPUSTAT sample=278 cpu=cpu1 user=700 nice=0 system=2928 idle=103835 iowait=0 irq=24990 softirq=35 steal=0
RT_CPUSTAT sample=279 cpu=cpu0 user=127085 nice=0 system=6495 idle=2474 iowait=0 irq=7042 softirq=87 steal=0
RT_CPUSTAT sample=279 cpu=cpu1 user=702 nice=0 system=2938 idle=104198 iowait=0 irq=25080 softirq=35 steal=0
RT_CPUSTAT sample=280 cpu=cpu0 user=127522 nice=0 system=6537 idle=2474 iowait=0 irq=7067 softirq=87 steal=0
RT_CPUSTAT sample=280 cpu=cpu1 user=705 nice=0 system=2949 idle=104559 iowait=0 irq=25170 softirq=35 steal=0
RT_CPUSTAT sample=281 cpu=cpu0 user=127959 nice=0 system=6580 idle=2474 iowait=0 irq=7092 softirq=88 steal=0
RT_CPUSTAT sample=281 cpu=cpu1 user=708 nice=0 system=2959 idle=104928 iowait=0 irq=25259 softirq=36 steal=0
RT_CPUSTAT sample=282 cpu=cpu0 user=128414 nice=0 system=6603 idle=2474 iowait=0 irq=7117 softirq=88 steal=0
RT_CPUSTAT sample=282 cpu=cpu1 user=710 nice=0 system=2971 idle=105291 iowait=0 irq=25349 softirq=36 steal=0
RT_CPUSTAT sample=283 cpu=cpu0 user=128845 nice=0 system=6652 idle=2474 iowait=0 irq=7143 softirq=88 steal=0
RT_CPUSTAT sample=283 cpu=cpu1 user=714 nice=0 system=2981 idle=105652 iowait=0 irq=25440 softirq=36 steal=0
RT_CPUSTAT sample=284 cpu=cpu0 user=129298 nice=0 system=6678 idle=2474 iowait=0 irq=7168 softirq=89 steal=0
RT_CPUSTAT sample=284 cpu=cpu1 user=716 nice=0 system=2989 idle=106016 iowait=0 irq=25529 softirq=36 steal=0
RT_CPUSTAT sample=285 cpu=cpu0 user=129776 nice=0 system=6679 idle=2474 iowait=0 irq=7193 softirq=89 steal=0
RT_CPUSTAT sample=285 cpu=cpu1 user=717 nice=0 system=3000 idle=106381 iowait=0 irq=25618 softirq=36 steal=0
RT_CPUSTAT sample=286 cpu=cpu0 user=130256 nice=0 system=6679 idle=2474 iowait=0 irq=7218 softirq=89 steal=0
RT_CPUSTAT sample=286 cpu=cpu1 user=721 nice=0 system=3010 idle=106750 iowait=0 irq=25707 softirq=36 steal=0
RT_CPUSTAT sample=287 cpu=cpu0 user=130728 nice=0 system=6685 idle=2474 iowait=0 irq=7244 softirq=89 steal=0
RT_CPUSTAT sample=287 cpu=cpu1 user=722 nice=0 system=3020 idle=107111 iowait=0 irq=25795 softirq=36 steal=0
RT_CPUSTAT sample=288 cpu=cpu0 user=131196 nice=0 system=6695 idle=2474 iowait=0 irq=7269 softirq=90 steal=0
RT_CPUSTAT sample=288 cpu=cpu1 user=724 nice=0 system=3030 idle=107471 iowait=0 irq=25884 softirq=36 steal=0
RT_CPUSTAT sample=289 cpu=cpu0 user=131674 nice=0 system=6696 idle=2474 iowait=0 irq=7294 softirq=90 steal=0
RT_CPUSTAT sample=289 cpu=cpu1 user=727 nice=0 system=3044 idle=107831 iowait=0 irq=25975 softirq=37 steal=0
RT_CPUSTAT sample=290 cpu=cpu0 user=132141 nice=0 system=6706 idle=2474 iowait=0 irq=7319 softirq=90 steal=0
RT_CPUSTAT sample=290 cpu=cpu1 user=729 nice=0 system=3054 idle=108187 iowait=0 irq=26066 softirq=37 steal=0
RT_CPUSTAT sample=291 cpu=cpu0 user=132572 nice=0 system=6754 idle=2474 iowait=0 irq=7344 softirq=91 steal=0
RT_CPUSTAT sample=291 cpu=cpu1 user=732 nice=0 system=3066 idle=108548 iowait=0 irq=26156 softirq=37 steal=0
RT_CPUSTAT sample=292 cpu=cpu0 user=133035 nice=0 system=6771 idle=2474 iowait=0 irq=7370 softirq=91 steal=0
RT_CPUSTAT sample=292 cpu=cpu1 user=736 nice=0 system=3075 idle=108907 iowait=0 irq=26248 softirq=37 steal=0
RT_CPUSTAT sample=293 cpu=cpu0 user=133467 nice=0 system=6816 idle=2474 iowait=0 irq=7395 softirq=91 steal=0
RT_CPUSTAT sample=293 cpu=cpu1 user=739 nice=0 system=3086 idle=109266 iowait=0 irq=26339 softirq=37 steal=0
RT_CPUSTAT sample=294 cpu=cpu0 user=133937 nice=0 system=6825 idle=2474 iowait=0 irq=7421 softirq=92 steal=0
RT_CPUSTAT sample=294 cpu=cpu1 user=742 nice=0 system=3095 idle=109628 iowait=0 irq=26428 softirq=37 steal=0
RT_CPUSTAT sample=295 cpu=cpu0 user=134390 nice=0 system=6851 idle=2474 iowait=0 irq=7447 softirq=92 steal=0
RT_CPUSTAT sample=295 cpu=cpu1 user=744 nice=0 system=3104 idle=109992 iowait=0 irq=26517 softirq=37 steal=0
RT_CPUSTAT sample=296 cpu=cpu0 user=134817 nice=0 system=6902 idle=2474 iowait=0 irq=7472 softirq=92 steal=0
RT_CPUSTAT sample=296 cpu=cpu1 user=747 nice=0 system=3117 idle=110358 iowait=0 irq=26607 softirq=38 steal=0
RT_CPUSTAT sample=297 cpu=cpu0 user=135276 nice=0 system=6921 idle=2474 iowait=0 irq=7496 softirq=92 steal=0
RT_CPUSTAT sample=297 cpu=cpu1 user=748 nice=0 system=3124 idle=110722 iowait=0 irq=26694 softirq=38 steal=0
RT_CPUSTAT sample=298 cpu=cpu0 user=135721 nice=0 system=6956 idle=2474 iowait=0 irq=7521 softirq=93 steal=0
RT_CPUSTAT sample=298 cpu=cpu1 user=750 nice=0 system=3133 idle=111084 iowait=0 irq=26784 softirq=38 steal=0
RT_CPUSTAT sample=299 cpu=cpu0 user=136156 nice=0 system=6999 idle=2474 iowait=0 irq=7546 softirq=93 steal=0
RT_CPUSTAT sample=299 cpu=cpu1 user=752 nice=0 system=3138 idle=111446 iowait=0 irq=26872 softirq=38 steal=0
RT_CPUSTAT sample=300 cpu=cpu0 user=136606 nice=0 system=7029 idle=2474 iowait=0 irq=7572 softirq=93 steal=0
RT_CPUSTAT sample=300 cpu=cpu1 user=755 nice=0 system=3147 idle=111810 iowait=0 irq=26962 softirq=38 steal=0
RT_CPUSTAT sample=301 cpu=cpu0 user=137084 nice=0 system=7030 idle=2474 iowait=0 irq=7597 softirq=94 steal=0
RT_CPUSTAT sample=301 cpu=cpu1 user=758 nice=0 system=3152 idle=112171 iowait=0 irq=27051 softirq=38 steal=0
RT_CPUSTAT sample=302 cpu=cpu0 user=137561 nice=0 system=7031 idle=2474 iowait=0 irq=7622 softirq=94 steal=0
RT_CPUSTAT sample=302 cpu=cpu1 user=760 nice=0 system=3163 idle=112532 iowait=0 irq=27142 softirq=38 steal=0
RT_CPUSTAT sample=303 cpu=cpu0 user=138027 nice=0 system=7045 idle=2474 iowait=0 irq=7648 softirq=94 steal=0
RT_CPUSTAT sample=303 cpu=cpu1 user=763 nice=0 system=3176 idle=112895 iowait=0 irq=27232 softirq=38 steal=0
RT_CPUSTAT sample=304 cpu=cpu0 user=138501 nice=0 system=7049 idle=2474 iowait=0 irq=7673 softirq=95 steal=0
RT_CPUSTAT sample=304 cpu=cpu1 user=767 nice=0 system=3184 idle=113261 iowait=0 irq=27320 softirq=39 steal=0
RT_CPUSTAT sample=305 cpu=cpu0 user=138980 nice=0 system=7049 idle=2474 iowait=0 irq=7698 softirq=95 steal=0
RT_CPUSTAT sample=305 cpu=cpu1 user=768 nice=0 system=3194 idle=113622 iowait=0 irq=27408 softirq=39 steal=0
RT_CPUSTAT sample=306 cpu=cpu0 userstress-ng: info:  [68] skipped: 0
stress-ng: info:  [68] passed: 3: cpu (2) vm (1)
stress-ng: info:  [68] failed: 0
stress-ng: info:  [68] metrics untrustworthy: 0
stress-ng: info:  [68] successful run completed in 31 mins 44.69 secs
=139434 nice=0 system=7076 idle=2474 iowait=0 irq=7723 softirq=95 steal=0
RT_CPUSTAT sample=306 cpu=cpu1 user=772 nice=0 system=3204 idle=113977 iowait=0 irq=27502 softirq=39 steal=0
RT_CPUSTAT sample=307 cpu=cpu0 user=139884 nice=0 system=7104 idle=2474 iowait=0 irq=7748 softirq=95 steal=0
RT_CPUSTAT sample=307 cpu=cpu1 user=774 nice=0 system=3211 idle=114340 iowait=0 irq=27591 softirq=39 steal=0
RT_CPUSTAT sample=308 cpu=cpu0 user=140334 nice=0 system=7132 idle=2474 iowait=0 irq=7773 softirq=96 steal=0
RT_CPUSTAT sample=308 cpu=cpu1 user=777 nice=0 system=3222 idle=114702 iowait=0 irq=27680 softirq=39 steal=0
RT_CPUSTAT sample=309 cpu=cpu0 user=140794 nice=0 system=7152 idle=2474 iowait=0 irq=7798 softirq=96 steal=0
RT_CPUSTAT sample=309 cpu=cpu1 user=780 nice=0 system=3235 idle=115060 iowait=0 irq=27772 softirq=39 steal=0
RT_CPUSTAT sample=310 cpu=cpu0 user=141245 nice=0 system=7180 idle=2474 iowait=0 irq=7823 softirq=96 steal=0
RT_CPUSTAT sample=310 cpu=cpu1 user=781 nice=0 system=3247 idle=115423 iowait=0 irq=27861 softirq=39 steal=0
RT_CPUSTAT sample=311 cpu=cpu0 user=141670 nice=0 system=7236 idle=2474 iowait=0 irq=7848 softirq=97 steal=0
RT_CPUSTAT sample=311 cpu=cpu1 user=784 nice=0 system=3258 idle=115783 iowait=0 irq=27952 softirq=39 steal=0
RT_CPUSTAT sample=312 cpu=cpu0 user=142085 nice=0 system=7298 idle=2474 iowait=0 irq=7873 softirq=97 steal=0
RT_CPUSTAT sample=312 cpu=cpu1 user=786 nice=0 system=3271 idle=116141 iowait=0 irq=28042 softirq=40 steal=0
RT_CPUSTAT sample=313 cpu=cpu0 user=142555 nice=0 system=7308 idle=2474 iowait=0 irq=7898 softirq=97 steal=0
RT_CPUSTAT sample=313 cpu=cpu1 user=787 nice=0 system=3283 idle=116505 iowait=0 irq=28130 softirq=40 steal=0
RT_CPUSTAT sample=314 cpu=cpu0 user=142996 nice=0 system=7347 idle=2474 iowait=0 irq=7923 softirq=98 steal=0
RT_CPUSTAT sample=314 cpu=cpu1 user=790 nice=0 system=3292 idle=116872 iowait=0 irq=28220 softirq=40 steal=0
RT_CPUSTAT sample=315 cpu=cpu0 user=143452 nice=0 system=7368 idle=2474 iowait=0 irq=7948 softirq=98 steal=0
RT_CPUSTAT sample=315 cpu=cpu1 user=791 nice=0 system=3305 idle=117235 iowait=0 irq=28308 softirq=40 steal=0
RT_CPUSTAT sample=316 cpu=cpu0 user=143921 nice=0 system=7379 idle=2474 iowait=0 irq=7973 softirq=98 steal=0
RT_CPUSTAT sample=316 cpu=cpu1 user=794 nice=0 system=3316 idle=117606 iowait=0 irq=28397 softirq=40 steal=0
RT_CPUSTAT sample=317 cpu=cpu0 user=144400 nice=0 system=7380 idle=2474 iowait=0 irq=7998 softirq=98 steal=0
RT_CPUSTAT sample=317 cpu=cpu1 user=796 nice=0 system=3324 idle=117972 iowait=0 irq=28486 softirq=40 steal=0
RT_CPUSTAT sample=318 cpu=cpu0 user=144862 nice=0 system=7394 idle=2474 iowait=0 irq=8024 softirq=99 steal=0
RT_CPUSTAT sample=318 cpu=cpu1 user=797 nice=0 system=3333 idle=118333 iowait=0 irq=28574 softirq=40 steal=0
RT_CPUSTAT sample=319 cpu=cpu0 user=145334 nice=0 system=7401 idle=2474 iowait=0 irq=8049 softirq=99 steal=0
RT_CPUSTAT sample=319 cpu=cpu1 user=802 nice=0 system=3343 idle=118699 iowait=0 irq=28663 softirq=40 steal=0
RT_CPUSTAT sample=320 cpu=cpu0 user=145812 nice=0 system=7403 idle=2474 iowait=0 irq=8074 softirq=99 steal=0
RT_CPUSTAT sample=320 cpu=cpu1 user=804 nice=0 system=3353 idle=119062 iowait=0 irq=28751 softirq=41 steal=0
RT_CPUSTAT sample=321 cpu=cpu0 user=146289 nice=0 system=7403 idle=2474 iowait=0 irq=8099 softirq=100 steal=0
RT_CPUSTAT sample=321 cpu=cpu1 user=806 nice=0 system=3361 idle=119422 iowait=0 irq=28840 softirq=41 steal=0
RT_CPUSTAT sample=322 cpu=cpu0 user=146710 nice=0 system=7462 idle=2474 iowait=0 irq=8124 softirq=100 steal=0
RT_CPUSTAT sample=322 cpu=cpu1 user=808 nice=0 system=3372 idle=119783 iowait=0 irq=28930 softirq=41 steal=0
RT_CPUSTAT sample=323 cpu=cpu0 user=147164 nice=0 system=7488 idle=2474 iowait=0 irq=8149 softirq=100 steal=0
RT_CPUSTAT sample=323 cpu=cpu1 user=810 nice=0 system=3381 idle=120144 iowait=0 irq=29019 softirq=41 steal=0
RT_CPUSTAT sample=324 cpu=cpu0 user=147610 nice=0 system=7522 idle=2474 iowait=0 irq=8174 softirq=101 steal=0
RT_CPUSTAT sample=324 cpu=cpu1 user=813 nice=0 system=3390 idle=120506 iowait=0 irq=29110 softirq=41 steal=0
RT_CPUSTAT sample=325 cpu=cpu0 user=148080 nice=0 system=7530 idle=2474 iowait=0 irq=8198 softirq=101 steal=0
RT_CPUSTAT sample=325 cpu=cpu1 user=816 nice=0 system=3404 idle=120873 iowait=0 irq=29198 softirq=41 steal=0
RT_CPUSTAT sample=326 cpu=cpu0 user=148519 nice=0 system=7570 idle=2474 iowait=0 irq=8224 softirq=101 steal=0
RT_CPUSTAT sample=326 cpu=cpu1 user=820 nice=0 system=3413 idle=121238 iowait=0 irq=29286 softirq=41 steal=0
RT_CPUSTAT sample=327 cpu=cpu0 user=148954 nice=0 system=7614 idle=2474 iowait=0 irq=8248 softirq=102 steal=0
RT_CPUSTAT sample=327 cpu=cpu1 user=822 nice=0 system=3422 idle=121604 iowait=0 irq=29375 softirq=42 steal=0
RT_CPUSTAT sample=328 cpu=cpu0 user=149398 nice=0 system=7648 idle=2474 iowait=0 irq=8273 softirq=102 steal=0
RT_CPUSTAT sample=328 cpu=cpu1 user=825 nice=0 system=3432 idle=121970 iowait=0 irq=29463 softirq=42 steal=0
RT_CPUSTAT sample=329 cpu=cpu0 user=149847 nice=0 system=7681 idle=2474 iowait=0 irq=8299 softirq=102 steal=0
RT_CPUSTAT sample=329 cpu=cpu1 user=827 nice=0 system=3444 idle=122334 iowait=0 irq=29553 softirq=42 steal=0
RT_CPUSTAT sample=330 cpu=cpu0 user=150300 nice=0 system=7705 idle=2474 iowait=0 irq=8324 softirq=102 steal=0
RT_CPUSTAT sample=330 cpu=cpu1 user=831 nice=0 system=3455 idle=122702 iowait=0 irq=29642 softirq=42 steal=0
RT_CPUSTAT sample=331 cpu=cpu0 user=150754 nice=0 system=7731 idle=2474 iowait=0 irq=8349 softirq=103 steal=0
RT_CPUSTAT sample=331 cpu=cpu1 user=832 nice=0 system=3465 idle=123069 iowait=0 irq=29732 softirq=42 steal=0
RT_CPUSTAT sample=332 cpu=cpu0 user=151230 nice=0 system=7732 idle=2474 iowait=0 irq=8374 softirq=103 steal=0
RT_CPUSTAT sample=332 cpu=cpu1 user=835 nice=0 system=3473 idle=123434 iowait=0 irq=29820 softirq=42 steal=0
RT_CPUSTAT sample=333 cpu=cpu0 user=151709 nice=0 system=7733 idle=2474 iowait=0 irq=8399 softirq=103 steal=0
RT_CPUSTAT sample=333 cpu=cpu1 user=838 nice=0 system=3490 idle=123795 iowait=0 irq=29911 softirq=42 steal=0
RT_CPUSTAT sample=334 cpu=cpu0 user=152168 nice=0 system=7753 idle=2474 iowait=0 irq=8425 softirq=104 steal=0
RT_CPUSTAT sample=334 cpu=cpu1 user=842 nice=0 system=3503 idle=124155 iowait=0 irq=30004 softirq=43 steal=0
RT_CPUSTAT sample=335 cpu=cpu0 user=152639 nice=0 system=7761 idle=2474 iowait=0 irq=8450 softirq=104 steal=0
RT_CPUSTAT sample=335 cpu=cpu1 user=844 nice=0 system=3513 idle=124515 iowait=0 irq=30094 softirq=43 steal=0
RT_CPUSTAT sample=336 cpu=cpu0 user=153117 nice=0 system=7762 idle=2474 iowait=0 irq=8475 softirq=104 steal=0
RT_CPUSTAT sample=336 cpu=cpu1 user=846 nice=0 system=3523 idle=124875 iowait=0 irq=30185 softirq=43 steal=0
RT_CPUSTAT sample=337 cpu=cpu0 user=153577 nice=0 system=7780 idle=2474 iowait=0 irq=8500 softirq=105 steal=0
RT_CPUSTAT sample=337 cpu=cpu1 user=849 nice=0 system=3536 idle=125240 iowait=0 irq=30274 softirq=43 steal=0
RT_CPUSTAT sample=338 cpu=cpu0 user=154022 nice=0 system=7813 idle=2474 iowait=0 irq=8526 softirq=105 steal=0
RT_CPUSTAT sample=338 cpu=cpu1 user=851 nice=0 system=3548 idle=125605 iowait=0 irq=30364 softirq=43 steal=0
RT_CPUSTAT sample=339 cpu=cpu0 user=154470 nice=0 system=7843 idle=2474 iowait=0 irq=8551 softirq=105 steal=0
RT_CPUSTAT sample=339 cpu=cpu1 user=855 nice=0 system=3560 idle=125963 iowait=0 irq=30457 softirq=43 steal=0
RT_CPUSTAT sample=340 cpu=cpu0 user=154927 nice=0 system=7865 idle=2474 iowait=0 irq=8577 softirq=105 steal=0
RT_CPUSTAT sample=340 cpu=cpu1 user=859 nice=0 system=3572 idle=126327 iowait=0 irq=30546 softirq=43 steal=0
RT_CPUSTAT sample=341 cpu=cpu0 user=155393 nice=0 system=7879 idle=2474 iowait=0 irq=8601 softirq=106 steal=0
RT_CPUSTAT sample=341 cpu=cpu1 user=861 nice=0 system=3583 idle=126694 iowait=0 irq=30635 softirq=43 steal=0
RT_CPUSTAT sample=342 cpu=cpu0 user=155843 nice=0 system=7909 idle=2474 iowait=0 irq=8626 softirq=106 steal=0
RT_CPUSTAT sample=342 cpu=cpu1 user=863 nice=0 system=3593 idle=127058 iowait=0 irq=30727 softirq=44 steal=0
RT_CPUSTAT sample=343 cpu=cpu0 user=156252 nice=0 system=7979 idle=2474 iowait=0 irq=8652 softirq=106 steal=0
RT_CPUSTAT sample=343 cpu=cpu1 user=866 nice=0 system=3603 idle=127421 iowait=0 irq=30817 softirq=44 steal=0
RT_CPUSTAT sample=344 cpu=cpu0 user=156725 nice=0 system=7984 idle=2474 iowait=0 irq=8676 softirq=107 steal=0
RT_CPUSTAT sample=344 cpu=cpu1 user=869 nice=0 system=3614 idle=127789 iowait=0 irq=30907 softirq=44 steal=0
RT_CPUSTAT sample=345 cpu=cpu0 user=157166 nice=0 system=8022 idle=2474 iowait=0 irq=8701 softirq=107 steal=0
RT_CPUSTAT sample=345 cpu=cpu1 user=873 nice=0 system=3624 idle=128157 iowait=0 irq=30997 softirq=44 steal=0
RT_CPUSTAT sample=346 cpu=cpu0 user=157623 nice=0 system=8045 idle=2474 iowait=0 irq=8726 softirq=107 steal=0
RT_CPUSTAT sample=346 cpu=cpu1 user=876 nice=0 system=3632 idle=128524 iowait=0 irq=31084 softirq=44 steal=0
RT_CPUSTAT sample=347 cpu=cpu0 user=158094 nice=0 system=8053 idle=2474 iowait=0 irq=8752 softirq=108 steal=0
RT_CPUSTAT sample=347 cpu=cpu1 user=876 nice=0 system=3637 idle=128889 iowait=0 irq=31174 softirq=44 steal=0
RT_CPUSTAT sample=348 cpu=cpu0 user=158572 nice=0 system=8054 idle=2474 iowait=0 irq=8777 softirq=108 steal=0
RT_CPUSTAT sample=348 cpu=cpu1 user=877 nice=0 system=3646 idle=129253 iowait=0 irq=31263 softirq=44 steal=0
RT_CPUSTAT sample=349 cpu=cpu0 user=159036 nice=0 system=8069 idle=2474 iowait=0 irq=8802 softirq=108 steal=0
RT_CPUSTAT sample=349 cpu=cpu1 user=881 nice=0 system=3655 idle=129619 iowait=0 irq=31350 softirq=44 steal=0
RT_CPUSTAT sample=350 cpu=cpu0 user=159509 nice=0 system=8074 idle=2474 iowait=0 irq=8827 softirq=109 steal=0
RT_CPUSTAT sample=350 cpu=cpu1 user=885 nice=0 system=3664 idle=129986 iowait=0 irq=31439 softirq=45 steal=0
RT_CPUSTAT sample=351 cpu=cpu0 user=159986 nice=0 system=8076 idle=2474 iowait=0 irq=8852 softirq=109 steal=0
RT_CPUSTAT sample=351 cpu=cpu1 user=886 nice=0 system=3674 idle=130353 iowait=0 irq=31528 softirq=45 steal=0
RT_CPUSTAT sample=352 cpu=cpu0 user=160463 nice=0 system=8077 idle=2474 iowait=0 irq=8877 softirq=109 steal=0
RT_CPUSTAT sample=352 cpu=cpu1 user=889 nice=0 system=3683 idle=130717 iowait=0 irq=31617 softirq=45 steal=0
RT_CPUSTAT sample=353 cpu=cpu0 user=160897 nice=0 system=8124 idle=2474 iowait=0 irq=8903 softirq=109 steal=0
RT_CPUSTAT sample=353 cpu=cpu1 user=892 nice=0 system=3693 idle=131083 iowait=0 irq=31707 softirq=45 steal=0
RT_CPUSTAT sample=354 cpu=cpu0 user=161352 nice=0 system=8145 idle=2474 iowait=0 irq=8928 softirq=110 steal=0
RT_CPUSTAT sample=354 cpu=cpu1 user=894 nice=0 system=3703 idle=131445 iowait=0 irq=31796 softirq=45 steal=0
RT_CPUSTAT sample=355 cpu=cpu0 user=161802 nice=0 system=8174 idle=2474 iowait=0 irq=8953 softirq=110 steal=0
RT_CPUSTAT sample=355 cpu=cpu1 user=896 nice=0 system=3715 idle=131806 iowait=0 irq=31887 softirq=45 steal=0
RT_CPUSTAT sample=356 cpu=cpu0 user=162266 nice=0 system=8189 idle=2474 iowait=0 irq=8978 softirq=110 steal=0
RT_CPUSTAT sample=356 cpu=cpu1 user=900 nice=0 system=3726 idle=132168 iowait=0 irq=31977 softirq=45 steal=0
RT_CPUSTAT sample=357 cpu=cpu0 user=162870 nice=0 system=8238 idle=2474 iowait=0 irq=9013 softirq=111 steal=0
RT_CPUSTAT sample=357 cpu=cpu1 user=906 nice=0 system=3734 idle=132906 iowait=0 irq=32039 softirq=46 steal=0
RT_CPUSTAT sample=358 cpu=cpu0 user=163364 nice=0 system=8302 idle=2474 iowait=0 irq=9043 softirq=111 steal=0
RT_CPUSTAT sample=358 cpu=cpu1 user=906 nice=0 system=3734 idle=133637 iowait=0 irq=32039 softirq=46 steal=0
RT_CPUSTAT sample=359 cpu=cpu0 user=163862 nice=0 system=8310 idle=2474 iowait=0 irq=9069 softirq=112 steal=0
RT_CPUSTAT sample=359 cpu=cpu1 user=906 nice=0 system=3734 idle=134312 iowait=0 irq=32039 softirq=46 steal=0
RT_CPUSTAT sample=360 cpu=cpu0 user=164322 nice=0 system=8346 idle=2474 iowait=0 irq=9095 softirq=112 steal=0
RT_CPUSTAT sample=360 cpu=cpu1 user=906 nice=0 system=3734 idle=134976 iowait=0 irq=32039 softirq=46 steal=0
RT_CPUSTAT sample=361 cpu=cpu0 user=164785 nice=0 system=8375 idle=2474 iowait=0 irq=9122 softirq=112 steal=0
RT_CPUSTAT sample=361 cpu=cpu1 user=906 nice=0 system=3734 idle=135637 iowait=0 irq=32039 softirq=46 steal=0
RT_CPUSTAT sample=362 cpu=cpu0 user=165275 nice=0 system=8378 idle=2474 iowait=0 irq=9148 softirq=112 steal=0
RT_CPUSTAT sample=362 cpu=cpu1 user=906 nice=0 system=3734 idle=136299 iowait=0 irq=32039 softirq=46 steal=0
RT_CPUSTAT sample=363 cpu=cpu0 user=165763 nice=0 system=8379 idle=2474 iowait=0 irq=9175 softirq=113 steal=0
RT_CPUSTAT sample=363 cpu=cpu1 user=906 nice=0 system=3734 idle=136958 iowait=0 irq=32039 softirq=46 steal=0
RT_CPUSTAT sample=364 cpu=cpu0 user=166247 nice=0 system=8387 idle=2474 iowait=0 irq=9201 softirq=113 steal=0
RT_CPUSTAT sample=364 cpu=cpu1 user=906 nice=0 system=3734 idle=137620 iowait=0 irq=32039 softirq=46 steal=0
RT_CPUSTAT sample=365 cpu=cpu0 user=166732 nice=0 system=8393 idle=2474 iowait=0 irq=9227 softirq=113 steal=0
RT_CPUSTAT sample=365 cpu=cpu1 user=906 nice=0 system=3734 idle=138278 iowait=0 irq=32039 softirq=46 steal=0
RT_CPUSTAT sample=366 cpu=cpu0 user=167222 nice=0 system=8393 idle=2474 iowait=0 irq=9253 softirq=113 steal=0
RT_CPUSTAT sample=366 cpu=cpu1 user=906 nice=0 system=3734 idle=138937 iowait=0 irq=32039 softirq=46 steal=0
RT_CPUSTAT sample=367 cpu=cpu0 user=167703 nice=0 system=8402 idle=2474 iowait=0 irq=9278 softirq=114 steal=0
RT_CPUSTAT sample=367 cpu=cpu1 user=906 nice=0 system=3734 idle=139596 iowait=0 irq=32039 softirq=46 steal=0
RT_CPUSTAT sample=368 cpu=cpu0 user=168156 nice=0 system=8438 idle=2474 iowait=0 irq=9304 softirq=114 steal=0
RT_CPUSTAT sample=368 cpu=cpu1 user=906 nice=0 system=3734 idle=140253 iowait=0 irq=32039 softirq=46 steal=0
RT_CPUSTAT sample=369 cpu=cpu0 user=168618 nice=0 system=8463 idle=2474 iowait=0 irq=9330 softirq=114 steal=0
RT_CPUSTAT sample=369 cpu=cpu1 user=906 nice=0 system=3734 idle=140908 iowait=0 irq=32039 softirq=46 steal=0
RT_CPUSTAT sample=370 cpu=cpu0 user=169096 nice=0 system=8474 idle=2474 iowait=0 irq=9355 softirq=115 steal=0
RT_CPUSTAT sample=370 cpu=cpu1 user=906 nice=0 system=3734 idle=141565 iowait=0 irq=32039 softirq=46 steal=0
RT_CPUSTAT sample=371 cpu=cpu0 user=169556 nice=0 system=8501 idle=2474 iowait=0 irq=9380 softirq=115 steal=0
RT_CPUSTAT sample=371 cpu=cpu1 user=906 nice=0 system=3734 idle=142219 iowait=0 irq=32039 softirq=46 steal=0
RT_CPUSTAT sample=372 cpu=cpu0 user=169978 nice=0 system=8543 idle=2474 iowait=0 irq=9405 softirq=115 steal=0
RT_CPUSTAT sample=372 cpu=cpu1 user=906 nice=0 system=3734 idle=142850 iowait=0 irq=32039 softirq=46 steal=0
RT_INIT_DONE scenario=stress-dedicated
[ 1976.384455] reboot: Power down
[37m[1979.785301 2:17 axvm::runtime::hvc:352] [33mVM[1] PSCI_SYSTEM_OFF[m
[m[37m[1979.785528 2:17 axvm::vm:1360] [32mStopping VM[1]: SystemDown[m
[m
[37m[1979.786043 2:17 axvm::runtime::vcpus:800] [33mVM[1] VCpu[0] stopping because of VM stopping[m[Axvisor] VM[1] stopped; returning to the management shell
[m[37m[1979.786072 3:22 axvm::runtime::vcpus:800] [33mVM[1] VCpu[1] stopping because of VM stopping[m

[m[37m[1979.905549 2:17 axvm::runtime::vcpus:838] [32mVM[1] VCpu[0] exiting...[m
[2Kaxvisor:$ 
[m[37m[1979.905685 3:22 axvm::runtime::vcpus:807] [32mVM[1] VCpu[1] last VCpu exiting, decreasing running VM count[m
[m[37m[1979.907222 3:22 axvm::runtime::vcpus:817] [32mVM[1] state changed to Stopped[m
[m[37m[1979.907423 3:22 axvm::runtime::vcpus:838] [32mVM[1] VCpu[1] exiting...[m
[m
[2Kaxvisor:$ v
[2Kaxvisor:$ vm
[2Kaxvisor:$ vme
[2Kaxvisor:$ vmex
[2Kaxvisor:$ vmexi
[2Kaxvisor:$ vmexit
[2Kaxvisor:$ vmexit 
[2Kaxvisor:$ vmexit s
[2Kaxvisor:$ vmexit st
[2Kaxvisor:$ vmexit sta
[2Kaxvisor:$ vmexit stat
