model,event_id,arrival_us,result,service_us,latency_us
unbounded,0,0,delivered,1000,1000
unbounded,1,50,delivered,2000,1950
unbounded,2,100,delivered,3000,2900
unbounded,3,150,delivered,4000,3850
unbounded,4,200,delivered,5000,4800
unbounded,5,250,delivered,6000,5750
unbounded,6,300,delivered,7000,6700
unbounded,7,350,delivered,8000,7650
unbounded,8,400,delivered,9000,8600
unbounded,9,450,delivered,10000,9550
unbounded,10,500,delivered,11000,10500
unbounded,11,550,delivered,12000,11450
unbounded,12,600,delivered,13000,12400
unbounded,13,650,delivered,14000,13350
unbounded,14,700,delivered,15000,14300
unbounded,15,750,delivered,16000,15250
unbounded,16,800,delivered,17000,16200
unbounded,17,850,delivered,18000,17150
unbounded,18,900,delivered,19000,18100
unbounded,19,950,delivered,20000,19050
unbounded,20,1000,delivered,21000,20000
unbounded,21,1050,delivered,22000,20950
unbounded,22,1100,delivered,23000,21900
unbounded,23,1150,delivered,24000,22850
unbounded,24,1200,delivered,25000,23800
unbounded,25,1250,delivered,26000,24750
unbounded,26,1300,delivered,27000,25700
unbounded,27,1350,delivered,28000,26650
unbounded,28,1400,delivered,29000,27600
unbounded,29,1450,delivered,30000,28550
unbounded,30,1500,delivered,31000,29500
unbounded,31,1550,delivered,32000,30450
unbounded,32,1600,delivered,33000,31400
unbounded,33,1650,delivered,34000,32350
unbounded,34,1700,delivered,35000,33300
unbounded,35,1750,delivered,36000,34250
unbounded,36,1800,delivered,37000,35200
unbounded,37,1850,delivered,38000,36150
unbounded,38,1900,delivered,39000,37100
unbounded,39,1950,delivered,40000,38050
unbounded,40,2000,delivered,41000,39000
unbounded,41,2050,delivered,42000,39950
unbounded,42,2100,delivered,43000,40900
unbounded,43,2150,delivered,44000,41850
unbounded,44,2200,delivered,45000,42800
unbounded,45,2250,delivered,46000,43750
unbounded,46,2300,delivered,47000,44700
unbounded,47,2350,delivered,48000,45650
unbounded,48,2400,delivered,49000,46600
unbounded,49,2450,delivered,50000,47550
unbounded,50,2500,delivered,51000,48500
unbounded,51,2550,delivered,52000,49450
unbounded,52,2600,delivered,53000,50400
unbounded,53,2650,delivered,54000,51350
unbounded,54,2700,delivered,55000,52300
unbounded,55,2750,delivered,56000,53250
unbounded,56,2800,delivered,57000,54200
unbounded,57,2850,delivered,58000,55150
unbounded,58,2900,delivered,59000,56100
unbounded,59,2950,delivered,60000,57050
unbounded,60,3000,delivered,61000,58000
unbounded,61,3050,delivered,62000,58950
unbounded,62,3100,delivered,63000,59900
unbounded,63,3150,delivered,64000,60850
unbounded,64,3200,delivered,65000,61800
unbounded,65,3250,delivered,66000,62750
unbounded,66,3300,delivered,67000,63700
unbounded,67,3350,delivered,68000,64650
unbounded,68,3400,delivered,69000,65600
unbounded,69,3450,delivered,70000,66550
unbounded,70,3500,delivered,71000,67500
unbounded,71,3550,delivered,72000,68450
unbounded,72,3600,delivered,73000,69400
unbounded,73,3650,delivered,74000,70350
unbounded,74,3700,delivered,75000,71300
unbounded,75,3750,delivered,76000,72250
unbounded,76,3800,delivered,77000,73200
unbounded,77,3850,delivered,78000,74150
unbounded,78,3900,delivered,79000,75100
unbounded,79,3950,delivered,80000,76050
unbounded,80,4000,delivered,81000,77000
unbounded,81,4050,delivered,82000,77950
unbounded,82,4100,delivered,83000,78900
unbounded,83,4150,delivered,84000,79850
unbounded,84,4200,delivered,85000,80800
unbounded,85,4250,delivered,86000,81750
unbounded,86,4300,delivered,87000,82700
unbounded,87,4350,delivered,88000,83650
unbounded,88,4400,delivered,89000,84600
unbounded,89,4450,delivered,90000,85550
unbounded,90,4500,delivered,91000,86500
unbounded,91,4550,delivered,92000,87450
unbounded,92,4600,delivered,93000,88400
unbounded,93,4650,delivered,94000,89350
unbounded,94,4700,delivered,95000,90300
unbounded,95,4750,delivered,96000,91250
unbounded,96,4800,delivered,97000,92200
unbounded,97,4850,delivered,98000,93150
unbounded,98,4900,delivered,99000,94100
unbounded,99,4950,delivered,100000,95050
unbounded,100,5000,delivered,101000,96000
unbounded,101,5050,delivered,102000,96950
unbounded,102,5100,delivered,103000,97900
unbounded,103,5150,delivered,104000,98850
unbounded,104,5200,delivered,105000,99800
unbounded,105,5250,delivered,106000,100750
unbounded,106,5300,delivered,107000,101700
unbounded,107,5350,delivered,108000,102650
unbounded,108,5400,delivered,109000,103600
unbounded,109,5450,delivered,110000,104550
unbounded,110,5500,delivered,111000,105500
unbounded,111,5550,delivered,112000,106450
unbounded,112,5600,delivered,113000,107400
unbounded,113,5650,delivered,114000,108350
unbounded,114,5700,delivered,115000,109300
unbounded,115,5750,delivered,116000,110250
unbounded,116,5800,delivered,117000,111200
unbounded,117,5850,delivered,118000,112150
unbounded,118,5900,delivered,119000,113100
unbounded,119,5950,delivered,120000,114050
unbounded,120,6000,delivered,121000,115000
unbounded,121,6050,delivered,122000,115950
unbounded,122,6100,delivered,123000,116900
unbounded,123,6150,delivered,124000,117850
unbounded,124,6200,delivered,125000,118800
unbounded,125,6250,delivered,126000,119750
unbounded,126,6300,delivered,127000,120700
unbounded,127,6350,delivered,128000,121650
unbounded,128,6400,delivered,129000,122600
unbounded,129,6450,delivered,130000,123550
unbounded,130,6500,delivered,131000,124500
unbounded,131,6550,delivered,132000,125450
unbounded,132,6600,delivered,133000,126400
unbounded,133,6650,delivered,134000,127350
unbounded,134,6700,delivered,135000,128300
unbounded,135,6750,delivered,136000,129250
unbounded,136,6800,delivered,137000,130200
unbounded,137,6850,delivered,138000,131150
unbounded,138,6900,delivered,139000,132100
unbounded,139,6950,delivered,140000,133050
unbounded,140,7000,delivered,141000,134000
unbounded,141,7050,delivered,142000,134950
unbounded,142,7100,delivered,143000,135900
unbounded,143,7150,delivered,144000,136850
unbounded,144,7200,delivered,145000,137800
unbounded,145,7250,delivered,146000,138750
unbounded,146,7300,delivered,147000,139700
unbounded,147,7350,delivered,148000,140650
unbounded,148,7400,delivered,149000,141600
unbounded,149,7450,delivered,150000,142550
unbounded,150,7500,delivered,151000,143500
unbounded,151,7550,delivered,152000,144450
unbounded,152,7600,delivered,153000,145400
unbounded,153,7650,delivered,154000,146350
unbounded,154,7700,delivered,155000,147300
unbounded,155,7750,delivered,156000,148250
unbounded,156,7800,delivered,157000,149200
unbounded,157,7850,delivered,158000,150150
unbounded,158,7900,delivered,159000,151100
unbounded,159,7950,delivered,160000,152050
unbounded,160,8000,delivered,161000,153000
unbounded,161,8050,delivered,162000,153950
unbounded,162,8100,delivered,163000,154900
unbounded,163,8150,delivered,164000,155850
unbounded,164,8200,delivered,165000,156800
unbounded,165,8250,delivered,166000,157750
unbounded,166,8300,delivered,167000,158700
unbounded,167,8350,delivered,168000,159650
unbounded,168,8400,delivered,169000,160600
unbounded,169,8450,delivered,170000,161550
unbounded,170,8500,delivered,171000,162500
unbounded,171,8550,delivered,172000,163450
unbounded,172,8600,delivered,173000,164400
unbounded,173,8650,delivered,174000,165350
unbounded,174,8700,delivered,175000,166300
unbounded,175,8750,delivered,176000,167250
unbounded,176,8800,delivered,177000,168200
unbounded,177,8850,delivered,178000,169150
unbounded,178,8900,delivered,179000,170100
unbounded,179,8950,delivered,180000,171050
unbounded,180,9000,delivered,181000,172000
unbounded,181,9050,delivered,182000,172950
unbounded,182,9100,delivered,183000,173900
unbounded,183,9150,delivered,184000,174850
unbounded,184,9200,delivered,185000,175800
unbounded,185,9250,delivered,186000,176750
unbounded,186,9300,delivered,187000,177700
unbounded,187,9350,delivered,188000,178650
unbounded,188,9400,delivered,189000,179600
unbounded,189,9450,delivered,190000,180550
unbounded,190,9500,delivered,191000,181500
unbounded,191,9550,delivered,192000,182450
unbounded,192,9600,delivered,193000,183400
unbounded,193,9650,delivered,194000,184350
unbounded,194,9700,delivered,195000,185300
unbounded,195,9750,delivered,196000,186250
unbounded,196,9800,delivered,197000,187200
unbounded,197,9850,delivered,198000,188150
unbounded,198,9900,delivered,199000,189100
unbounded,199,9950,delivered,200000,190050
unbounded,200,10000,delivered,201000,191000
unbounded,201,10050,delivered,202000,191950
unbounded,202,10100,delivered,203000,192900
unbounded,203,10150,delivered,204000,193850
unbounded,204,10200,delivered,205000,194800
unbounded,205,10250,delivered,206000,195750
unbounded,206,10300,delivered,207000,196700
unbounded,207,10350,delivered,208000,197650
unbounded,208,10400,delivered,209000,198600
unbounded,209,10450,delivered,210000,199550
unbounded,210,10500,delivered,211000,200500
unbounded,211,10550,delivered,212000,201450
unbounded,212,10600,delivered,213000,202400
unbounded,213,10650,delivered,214000,203350
unbounded,214,10700,delivered,215000,204300
unbounded,215,10750,delivered,216000,205250
unbounded,216,10800,delivered,217000,206200
unbounded,217,10850,delivered,218000,207150
unbounded,218,10900,delivered,219000,208100
unbounded,219,10950,delivered,220000,209050
unbounded,220,11000,delivered,221000,210000
unbounded,221,11050,delivered,222000,210950
unbounded,222,11100,delivered,223000,211900
unbounded,223,11150,delivered,224000,212850
unbounded,224,11200,delivered,225000,213800
unbounded,225,11250,delivered,226000,214750
unbounded,226,11300,delivered,227000,215700
unbounded,227,11350,delivered,228000,216650
unbounded,228,11400,delivered,229000,217600
unbounded,229,11450,delivered,230000,218550
unbounded,230,11500,delivered,231000,219500
unbounded,231,11550,delivered,232000,220450
unbounded,232,11600,delivered,233000,221400
unbounded,233,11650,delivered,234000,222350
unbounded,234,11700,delivered,235000,223300
unbounded,235,11750,delivered,236000,224250
unbounded,236,11800,delivered,237000,225200
unbounded,237,11850,delivered,238000,226150
unbounded,238,11900,delivered,239000,227100
unbounded,239,11950,delivered,240000,228050
unbounded,240,12000,delivered,241000,229000
unbounded,241,12050,delivered,242000,229950
unbounded,242,12100,delivered,243000,230900
unbounded,243,12150,delivered,244000,231850
unbounded,244,12200,delivered,245000,232800
unbounded,245,12250,delivered,246000,233750
unbounded,246,12300,delivered,247000,234700
unbounded,247,12350,delivered,248000,235650
unbounded,248,12400,delivered,249000,236600
unbounded,249,12450,delivered,250000,237550
unbounded,250,12500,delivered,251000,238500
unbounded,251,12550,delivered,252000,239450
unbounded,252,12600,delivered,253000,240400
unbounded,253,12650,delivered,254000,241350
unbounded,254,12700,delivered,255000,242300
unbounded,255,12750,delivered,256000,243250
unbounded,256,12800,delivered,257000,244200
unbounded,257,12850,delivered,258000,245150
unbounded,258,12900,delivered,259000,246100
unbounded,259,12950,delivered,260000,247050
unbounded,260,13000,delivered,261000,248000
unbounded,261,13050,delivered,262000,248950
unbounded,262,13100,delivered,263000,249900
unbounded,263,13150,delivered,264000,250850
unbounded,264,13200,delivered,265000,251800
unbounded,265,13250,delivered,266000,252750
unbounded,266,13300,delivered,267000,253700
unbounded,267,13350,delivered,268000,254650
unbounded,268,13400,delivered,269000,255600
unbounded,269,13450,delivered,270000,256550
unbounded,270,13500,delivered,271000,257500
unbounded,271,13550,delivered,272000,258450
unbounded,272,13600,delivered,273000,259400
unbounded,273,13650,delivered,274000,260350
unbounded,274,13700,delivered,275000,261300
unbounded,275,13750,delivered,276000,262250
unbounded,276,13800,delivered,277000,263200
unbounded,277,13850,delivered,278000,264150
unbounded,278,13900,delivered,279000,265100
unbounded,279,13950,delivered,280000,266050
unbounded,280,14000,delivered,281000,267000
unbounded,281,14050,delivered,282000,267950
unbounded,282,14100,delivered,283000,268900
unbounded,283,14150,delivered,284000,269850
unbounded,284,14200,delivered,285000,270800
unbounded,285,14250,delivered,286000,271750
unbounded,286,14300,delivered,287000,272700
unbounded,287,14350,delivered,288000,273650
unbounded,288,14400,delivered,289000,274600
unbounded,289,14450,delivered,290000,275550
unbounded,290,14500,delivered,291000,276500
unbounded,291,14550,delivered,292000,277450
unbounded,292,14600,delivered,293000,278400
unbounded,293,14650,delivered,294000,279350
unbounded,294,14700,delivered,295000,280300
unbounded,295,14750,delivered,296000,281250
unbounded,296,14800,delivered,297000,282200
unbounded,297,14850,delivered,298000,283150
unbounded,298,14900,delivered,299000,284100
unbounded,299,14950,delivered,300000,285050
unbounded,300,15000,delivered,301000,286000
unbounded,301,15050,delivered,302000,286950
unbounded,302,15100,delivered,303000,287900
unbounded,303,15150,delivered,304000,288850
unbounded,304,15200,delivered,305000,289800
unbounded,305,15250,delivered,306000,290750
unbounded,306,15300,delivered,307000,291700
unbounded,307,15350,delivered,308000,292650
unbounded,308,15400,delivered,309000,293600
unbounded,309,15450,delivered,310000,294550
unbounded,310,15500,delivered,311000,295500
unbounded,311,15550,delivered,312000,296450
unbounded,312,15600,delivered,313000,297400
unbounded,313,15650,delivered,314000,298350
unbounded,314,15700,delivered,315000,299300
unbounded,315,15750,delivered,316000,300250
unbounded,316,15800,delivered,317000,301200
unbounded,317,15850,delivered,318000,302150
unbounded,318,15900,delivered,319000,303100
unbounded,319,15950,delivered,320000,304050
unbounded,320,16000,delivered,321000,305000
unbounded,321,16050,delivered,322000,305950
unbounded,322,16100,delivered,323000,306900
unbounded,323,16150,delivered,324000,307850
unbounded,324,16200,delivered,325000,308800
unbounded,325,16250,delivered,326000,309750
unbounded,326,16300,delivered,327000,310700
unbounded,327,16350,delivered,328000,311650
unbounded,328,16400,delivered,329000,312600
unbounded,329,16450,delivered,330000,313550
unbounded,330,16500,delivered,331000,314500
unbounded,331,16550,delivered,332000,315450
unbounded,332,16600,delivered,333000,316400
unbounded,333,16650,delivered,334000,317350
unbounded,334,16700,delivered,335000,318300
unbounded,335,16750,delivered,336000,319250
unbounded,336,16800,delivered,337000,320200
unbounded,337,16850,delivered,338000,321150
unbounded,338,16900,delivered,339000,322100
unbounded,339,16950,delivered,340000,323050
unbounded,340,17000,delivered,341000,324000
unbounded,341,17050,delivered,342000,324950
unbounded,342,17100,delivered,343000,325900
unbounded,343,17150,delivered,344000,326850
unbounded,344,17200,delivered,345000,327800
unbounded,345,17250,delivered,346000,328750
unbounded,346,17300,delivered,347000,329700
unbounded,347,17350,delivered,348000,330650
unbounded,348,17400,delivered,349000,331600
unbounded,349,17450,delivered,350000,332550
unbounded,350,17500,delivered,351000,333500
unbounded,351,17550,delivered,352000,334450
unbounded,352,17600,delivered,353000,335400
unbounded,353,17650,delivered,354000,336350
unbounded,354,17700,delivered,355000,337300
unbounded,355,17750,delivered,356000,338250
unbounded,356,17800,delivered,357000,339200
unbounded,357,17850,delivered,358000,340150
unbounded,358,17900,delivered,359000,341100
unbounded,359,17950,delivered,360000,342050
unbounded,360,18000,delivered,361000,343000
unbounded,361,18050,delivered,362000,343950
unbounded,362,18100,delivered,363000,344900
unbounded,363,18150,delivered,364000,345850
unbounded,364,18200,delivered,365000,346800
unbounded,365,18250,delivered,366000,347750
unbounded,366,18300,delivered,367000,348700
unbounded,367,18350,delivered,368000,349650
unbounded,368,18400,delivered,369000,350600
unbounded,369,18450,delivered,370000,351550
unbounded,370,18500,delivered,371000,352500
unbounded,371,18550,delivered,372000,353450
unbounded,372,18600,delivered,373000,354400
unbounded,373,18650,delivered,374000,355350
unbounded,374,18700,delivered,375000,356300
unbounded,375,18750,delivered,376000,357250
unbounded,376,18800,delivered,377000,358200
unbounded,377,18850,delivered,378000,359150
unbounded,378,18900,delivered,379000,360100
unbounded,379,18950,delivered,380000,361050
unbounded,380,19000,delivered,381000,362000
unbounded,381,19050,delivered,382000,362950
unbounded,382,19100,delivered,383000,363900
unbounded,383,19150,delivered,384000,364850
unbounded,384,19200,delivered,385000,365800
unbounded,385,19250,delivered,386000,366750
unbounded,386,19300,delivered,387000,367700
unbounded,387,19350,delivered,388000,368650
unbounded,388,19400,delivered,389000,369600
unbounded,389,19450,delivered,390000,370550
unbounded,390,19500,delivered,391000,371500
unbounded,391,19550,delivered,392000,372450
unbounded,392,19600,delivered,393000,373400
unbounded,393,19650,delivered,394000,374350
unbounded,394,19700,delivered,395000,375300
unbounded,395,19750,delivered,396000,376250
unbounded,396,19800,delivered,397000,377200
unbounded,397,19850,delivered,398000,378150
unbounded,398,19900,delivered,399000,379100
unbounded,399,19950,delivered,400000,380050
unbounded,400,20000,delivered,401000,381000
unbounded,401,20050,delivered,402000,381950
unbounded,402,20100,delivered,403000,382900
unbounded,403,20150,delivered,404000,383850
unbounded,404,20200,delivered,405000,384800
unbounded,405,20250,delivered,406000,385750
unbounded,406,20300,delivered,407000,386700
unbounded,407,20350,delivered,408000,387650
unbounded,408,20400,delivered,409000,388600
unbounded,409,20450,delivered,410000,389550
unbounded,410,20500,delivered,411000,390500
unbounded,411,20550,delivered,412000,391450
unbounded,412,20600,delivered,413000,392400
unbounded,413,20650,delivered,414000,393350
unbounded,414,20700,delivered,415000,394300
unbounded,415,20750,delivered,416000,395250
unbounded,416,20800,delivered,417000,396200
unbounded,417,20850,delivered,418000,397150
unbounded,418,20900,delivered,419000,398100
unbounded,419,20950,delivered,420000,399050
unbounded,420,21000,delivered,421000,400000
unbounded,421,21050,delivered,422000,400950
unbounded,422,21100,delivered,423000,401900
unbounded,423,21150,delivered,424000,402850
unbounded,424,21200,delivered,425000,403800
unbounded,425,21250,delivered,426000,404750
unbounded,426,21300,delivered,427000,405700
unbounded,427,21350,delivered,428000,406650
unbounded,428,21400,delivered,429000,407600
unbounded,429,21450,delivered,430000,408550
unbounded,430,21500,delivered,431000,409500
unbounded,431,21550,delivered,432000,410450
unbounded,432,21600,delivered,433000,411400
unbounded,433,21650,delivered,434000,412350
unbounded,434,21700,delivered,435000,413300
unbounded,435,21750,delivered,436000,414250
unbounded,436,21800,delivered,437000,415200
unbounded,437,21850,delivered,438000,416150
unbounded,438,21900,delivered,439000,417100
unbounded,439,21950,delivered,440000,418050
unbounded,440,22000,delivered,441000,419000
unbounded,441,22050,delivered,442000,419950
unbounded,442,22100,delivered,443000,420900
unbounded,443,22150,delivered,444000,421850
unbounded,444,22200,delivered,445000,422800
unbounded,445,22250,delivered,446000,423750
unbounded,446,22300,delivered,447000,424700
unbounded,447,22350,delivered,448000,425650
unbounded,448,22400,delivered,449000,426600
unbounded,449,22450,delivered,450000,427550
unbounded,450,22500,delivered,451000,428500
unbounded,451,22550,delivered,452000,429450
unbounded,452,22600,delivered,453000,430400
unbounded,453,22650,delivered,454000,431350
unbounded,454,22700,delivered,455000,432300
unbounded,455,22750,delivered,456000,433250
unbounded,456,22800,delivered,457000,434200
unbounded,457,22850,delivered,458000,435150
unbounded,458,22900,delivered,459000,436100
unbounded,459,22950,delivered,460000,437050
unbounded,460,23000,delivered,461000,438000
unbounded,461,23050,delivered,462000,438950
unbounded,462,23100,delivered,463000,439900
unbounded,463,23150,delivered,464000,440850
unbounded,464,23200,delivered,465000,441800
unbounded,465,23250,delivered,466000,442750
unbounded,466,23300,delivered,467000,443700
unbounded,467,23350,delivered,468000,444650
unbounded,468,23400,delivered,469000,445600
unbounded,469,23450,delivered,470000,446550
unbounded,470,23500,delivered,471000,447500
unbounded,471,23550,delivered,472000,448450
unbounded,472,23600,delivered,473000,449400
unbounded,473,23650,delivered,474000,450350
unbounded,474,23700,delivered,475000,451300
unbounded,475,23750,delivered,476000,452250
unbounded,476,23800,delivered,477000,453200
unbounded,477,23850,delivered,478000,454150
unbounded,478,23900,delivered,479000,455100
unbounded,479,23950,delivered,480000,456050
unbounded,480,24000,delivered,481000,457000
unbounded,481,24050,delivered,482000,457950
unbounded,482,24100,delivered,483000,458900
unbounded,483,24150,delivered,484000,459850
unbounded,484,24200,delivered,485000,460800
unbounded,485,24250,delivered,486000,461750
unbounded,486,24300,delivered,487000,462700
unbounded,487,24350,delivered,488000,463650
unbounded,488,24400,delivered,489000,464600
unbounded,489,24450,delivered,490000,465550
unbounded,490,24500,delivered,491000,466500
unbounded,491,24550,delivered,492000,467450
unbounded,492,24600,delivered,493000,468400
unbounded,493,24650,delivered,494000,469350
unbounded,494,24700,delivered,495000,470300
unbounded,495,24750,delivered,496000,471250
unbounded,496,24800,delivered,497000,472200
unbounded,497,24850,delivered,498000,473150
unbounded,498,24900,delivered,499000,474100
unbounded,499,24950,delivered,500000,475050
unbounded,500,25000,delivered,501000,476000
unbounded,501,25050,delivered,502000,476950
unbounded,502,25100,delivered,503000,477900
unbounded,503,25150,delivered,504000,478850
unbounded,504,25200,delivered,505000,479800
unbounded,505,25250,delivered,506000,480750
unbounded,506,25300,delivered,507000,481700
unbounded,507,25350,delivered,508000,482650
unbounded,508,25400,delivered,509000,483600
unbounded,509,25450,delivered,510000,484550
unbounded,510,25500,delivered,511000,485500
unbounded,511,25550,delivered,512000,486450
unbounded,512,25600,delivered,513000,487400
unbounded,513,25650,delivered,514000,488350
unbounded,514,25700,delivered,515000,489300
unbounded,515,25750,delivered,516000,490250
unbounded,516,25800,delivered,517000,491200
unbounded,517,25850,delivered,518000,492150
unbounded,518,25900,delivered,519000,493100
unbounded,519,25950,delivered,520000,494050
unbounded,520,26000,delivered,521000,495000
unbounded,521,26050,delivered,522000,495950
unbounded,522,26100,delivered,523000,496900
unbounded,523,26150,delivered,524000,497850
unbounded,524,26200,delivered,525000,498800
unbounded,525,26250,delivered,526000,499750
unbounded,526,26300,delivered,527000,500700
unbounded,527,26350,delivered,528000,501650
unbounded,528,26400,delivered,529000,502600
unbounded,529,26450,delivered,530000,503550
unbounded,530,26500,delivered,531000,504500
unbounded,531,26550,delivered,532000,505450
unbounded,532,26600,delivered,533000,506400
unbounded,533,26650,delivered,534000,507350
unbounded,534,26700,delivered,535000,508300
unbounded,535,26750,delivered,536000,509250
unbounded,536,26800,delivered,537000,510200
unbounded,537,26850,delivered,538000,511150
unbounded,538,26900,delivered,539000,512100
unbounded,539,26950,delivered,540000,513050
unbounded,540,27000,delivered,541000,514000
unbounded,541,27050,delivered,542000,514950
unbounded,542,27100,delivered,543000,515900
unbounded,543,27150,delivered,544000,516850
unbounded,544,27200,delivered,545000,517800
unbounded,545,27250,delivered,546000,518750
unbounded,546,27300,delivered,547000,519700
unbounded,547,27350,delivered,548000,520650
unbounded,548,27400,delivered,549000,521600
unbounded,549,27450,delivered,550000,522550
unbounded,550,27500,delivered,551000,523500
unbounded,551,27550,delivered,552000,524450
unbounded,552,27600,delivered,553000,525400
unbounded,553,27650,delivered,554000,526350
unbounded,554,27700,delivered,555000,527300
unbounded,555,27750,delivered,556000,528250
unbounded,556,27800,delivered,557000,529200
unbounded,557,27850,delivered,558000,530150
unbounded,558,27900,delivered,559000,531100
unbounded,559,27950,delivered,560000,532050
unbounded,560,28000,delivered,561000,533000
unbounded,561,28050,delivered,562000,533950
unbounded,562,28100,delivered,563000,534900
unbounded,563,28150,delivered,564000,535850
unbounded,564,28200,delivered,565000,536800
unbounded,565,28250,delivered,566000,537750
unbounded,566,28300,delivered,567000,538700
unbounded,567,28350,delivered,568000,539650
unbounded,568,28400,delivered,569000,540600
unbounded,569,28450,delivered,570000,541550
unbounded,570,28500,delivered,571000,542500
unbounded,571,28550,delivered,572000,543450
unbounded,572,28600,delivered,573000,544400
unbounded,573,28650,delivered,574000,545350
unbounded,574,28700,delivered,575000,546300
unbounded,575,28750,delivered,576000,547250
unbounded,576,28800,delivered,577000,548200
unbounded,577,28850,delivered,578000,549150
unbounded,578,28900,delivered,579000,550100
unbounded,579,28950,delivered,580000,551050
unbounded,580,29000,delivered,581000,552000
unbounded,581,29050,delivered,582000,552950
unbounded,582,29100,delivered,583000,553900
unbounded,583,29150,delivered,584000,554850
unbounded,584,29200,delivered,585000,555800
unbounded,585,29250,delivered,586000,556750
unbounded,586,29300,delivered,587000,557700
unbounded,587,29350,delivered,588000,558650
unbounded,588,29400,delivered,589000,559600
unbounded,589,29450,delivered,590000,560550
unbounded,590,29500,delivered,591000,561500
unbounded,591,29550,delivered,592000,562450
unbounded,592,29600,delivered,593000,563400
unbounded,593,29650,delivered,594000,564350
unbounded,594,29700,delivered,595000,565300
unbounded,595,29750,delivered,596000,566250
unbounded,596,29800,delivered,597000,567200
unbounded,597,29850,delivered,598000,568150
unbounded,598,29900,delivered,599000,569100
unbounded,599,29950,delivered,600000,570050
unbounded,600,30000,delivered,601000,571000
unbounded,601,30050,delivered,602000,571950
unbounded,602,30100,delivered,603000,572900
unbounded,603,30150,delivered,604000,573850
unbounded,604,30200,delivered,605000,574800
unbounded,605,30250,delivered,606000,575750
unbounded,606,30300,delivered,607000,576700
unbounded,607,30350,delivered,608000,577650
unbounded,608,30400,delivered,609000,578600
unbounded,609,30450,delivered,610000,579550
unbounded,610,30500,delivered,611000,580500
unbounded,611,30550,delivered,612000,581450
unbounded,612,30600,delivered,613000,582400
unbounded,613,30650,delivered,614000,583350
unbounded,614,30700,delivered,615000,584300
unbounded,615,30750,delivered,616000,585250
unbounded,616,30800,delivered,617000,586200
unbounded,617,30850,delivered,618000,587150
unbounded,618,30900,delivered,619000,588100
unbounded,619,30950,delivered,620000,589050
unbounded,620,31000,delivered,621000,590000
unbounded,621,31050,delivered,622000,590950
unbounded,622,31100,delivered,623000,591900
unbounded,623,31150,delivered,624000,592850
unbounded,624,31200,delivered,625000,593800
unbounded,625,31250,delivered,626000,594750
unbounded,626,31300,delivered,627000,595700
unbounded,627,31350,delivered,628000,596650
unbounded,628,31400,delivered,629000,597600
unbounded,629,31450,delivered,630000,598550
unbounded,630,31500,delivered,631000,599500
unbounded,631,31550,delivered,632000,600450
unbounded,632,31600,delivered,633000,601400
unbounded,633,31650,delivered,634000,602350
unbounded,634,31700,delivered,635000,603300
unbounded,635,31750,delivered,636000,604250
unbounded,636,31800,delivered,637000,605200
unbounded,637,31850,delivered,638000,606150
unbounded,638,31900,delivered,639000,607100
unbounded,639,31950,delivered,640000,608050
unbounded,640,32000,delivered,641000,609000
unbounded,641,32050,delivered,642000,609950
unbounded,642,32100,delivered,643000,610900
unbounded,643,32150,delivered,644000,611850
unbounded,644,32200,delivered,645000,612800
unbounded,645,32250,delivered,646000,613750
unbounded,646,32300,delivered,647000,614700
unbounded,647,32350,delivered,648000,615650
unbounded,648,32400,delivered,649000,616600
unbounded,649,32450,delivered,650000,617550
unbounded,650,32500,delivered,651000,618500
unbounded,651,32550,delivered,652000,619450
unbounded,652,32600,delivered,653000,620400
unbounded,653,32650,delivered,654000,621350
unbounded,654,32700,delivered,655000,622300
unbounded,655,32750,delivered,656000,623250
unbounded,656,32800,delivered,657000,624200
unbounded,657,32850,delivered,658000,625150
unbounded,658,32900,delivered,659000,626100
unbounded,659,32950,delivered,660000,627050
unbounded,660,33000,delivered,661000,628000
unbounded,661,33050,delivered,662000,628950
unbounded,662,33100,delivered,663000,629900
unbounded,663,33150,delivered,664000,630850
unbounded,664,33200,delivered,665000,631800
unbounded,665,33250,delivered,666000,632750
unbounded,666,33300,delivered,667000,633700
unbounded,667,33350,delivered,668000,634650
unbounded,668,33400,delivered,669000,635600
unbounded,669,33450,delivered,670000,636550
unbounded,670,33500,delivered,671000,637500
unbounded,671,33550,delivered,672000,638450
unbounded,672,33600,delivered,673000,639400
unbounded,673,33650,delivered,674000,640350
unbounded,674,33700,delivered,675000,641300
unbounded,675,33750,delivered,676000,642250
unbounded,676,33800,delivered,677000,643200
unbounded,677,33850,delivered,678000,644150
unbounded,678,33900,delivered,679000,645100
unbounded,679,33950,delivered,680000,646050
unbounded,680,34000,delivered,681000,647000
unbounded,681,34050,delivered,682000,647950
unbounded,682,34100,delivered,683000,648900
unbounded,683,34150,delivered,684000,649850
unbounded,684,34200,delivered,685000,650800
unbounded,685,34250,delivered,686000,651750
unbounded,686,34300,delivered,687000,652700
unbounded,687,34350,delivered,688000,653650
unbounded,688,34400,delivered,689000,654600
unbounded,689,34450,delivered,690000,655550
unbounded,690,34500,delivered,691000,656500
unbounded,691,34550,delivered,692000,657450
unbounded,692,34600,delivered,693000,658400
unbounded,693,34650,delivered,694000,659350
unbounded,694,34700,delivered,695000,660300
unbounded,695,34750,delivered,696000,661250
unbounded,696,34800,delivered,697000,662200
unbounded,697,34850,delivered,698000,663150
unbounded,698,34900,delivered,699000,664100
unbounded,699,34950,delivered,700000,665050
unbounded,700,35000,delivered,701000,666000
unbounded,701,35050,delivered,702000,666950
unbounded,702,35100,delivered,703000,667900
unbounded,703,35150,delivered,704000,668850
unbounded,704,35200,delivered,705000,669800
unbounded,705,35250,delivered,706000,670750
unbounded,706,35300,delivered,707000,671700
unbounded,707,35350,delivered,708000,672650
unbounded,708,35400,delivered,709000,673600
unbounded,709,35450,delivered,710000,674550
unbounded,710,35500,delivered,711000,675500
unbounded,711,35550,delivered,712000,676450
unbounded,712,35600,delivered,713000,677400
unbounded,713,35650,delivered,714000,678350
unbounded,714,35700,delivered,715000,679300
unbounded,715,35750,delivered,716000,680250
unbounded,716,35800,delivered,717000,681200
unbounded,717,35850,delivered,718000,682150
unbounded,718,35900,delivered,719000,683100
unbounded,719,35950,delivered,720000,684050
unbounded,720,36000,delivered,721000,685000
unbounded,721,36050,delivered,722000,685950
unbounded,722,36100,delivered,723000,686900
unbounded,723,36150,delivered,724000,687850
unbounded,724,36200,delivered,725000,688800
unbounded,725,36250,delivered,726000,689750
unbounded,726,36300,delivered,727000,690700
unbounded,727,36350,delivered,728000,691650
unbounded,728,36400,delivered,729000,692600
unbounded,729,36450,delivered,730000,693550
unbounded,730,36500,delivered,731000,694500
unbounded,731,36550,delivered,732000,695450
unbounded,732,36600,delivered,733000,696400
unbounded,733,36650,delivered,734000,697350
unbounded,734,36700,delivered,735000,698300
unbounded,735,36750,delivered,736000,699250
unbounded,736,36800,delivered,737000,700200
unbounded,737,36850,delivered,738000,701150
unbounded,738,36900,delivered,739000,702100
unbounded,739,36950,delivered,740000,703050
unbounded,740,37000,delivered,741000,704000
unbounded,741,37050,delivered,742000,704950
unbounded,742,37100,delivered,743000,705900
unbounded,743,37150,delivered,744000,706850
unbounded,744,37200,delivered,745000,707800
unbounded,745,37250,delivered,746000,708750
unbounded,746,37300,delivered,747000,709700
unbounded,747,37350,delivered,748000,710650
unbounded,748,37400,delivered,749000,711600
unbounded,749,37450,delivered,750000,712550
unbounded,750,37500,delivered,751000,713500
unbounded,751,37550,delivered,752000,714450
unbounded,752,37600,delivered,753000,715400
unbounded,753,37650,delivered,754000,716350
unbounded,754,37700,delivered,755000,717300
unbounded,755,37750,delivered,756000,718250
unbounded,756,37800,delivered,757000,719200
unbounded,757,37850,delivered,758000,720150
unbounded,758,37900,delivered,759000,721100
unbounded,759,37950,delivered,760000,722050
unbounded,760,38000,delivered,761000,723000
unbounded,761,38050,delivered,762000,723950
unbounded,762,38100,delivered,763000,724900
unbounded,763,38150,delivered,764000,725850
unbounded,764,38200,delivered,765000,726800
unbounded,765,38250,delivered,766000,727750
unbounded,766,38300,delivered,767000,728700
unbounded,767,38350,delivered,768000,729650
unbounded,768,38400,delivered,769000,730600
unbounded,769,38450,delivered,770000,731550
unbounded,770,38500,delivered,771000,732500
unbounded,771,38550,delivered,772000,733450
unbounded,772,38600,delivered,773000,734400
unbounded,773,38650,delivered,774000,735350
unbounded,774,38700,delivered,775000,736300
unbounded,775,38750,delivered,776000,737250
unbounded,776,38800,delivered,777000,738200
unbounded,777,38850,delivered,778000,739150
unbounded,778,38900,delivered,779000,740100
unbounded,779,38950,delivered,780000,741050
unbounded,780,39000,delivered,781000,742000
unbounded,781,39050,delivered,782000,742950
unbounded,782,39100,delivered,783000,743900
unbounded,783,39150,delivered,784000,744850
unbounded,784,39200,delivered,785000,745800
unbounded,785,39250,delivered,786000,746750
unbounded,786,39300,delivered,787000,747700
unbounded,787,39350,delivered,788000,748650
unbounded,788,39400,delivered,789000,749600
unbounded,789,39450,delivered,790000,750550
unbounded,790,39500,delivered,791000,751500
unbounded,791,39550,delivered,792000,752450
unbounded,792,39600,delivered,793000,753400
unbounded,793,39650,delivered,794000,754350
unbounded,794,39700,delivered,795000,755300
unbounded,795,39750,delivered,796000,756250
unbounded,796,39800,delivered,797000,757200
unbounded,797,39850,delivered,798000,758150
unbounded,798,39900,delivered,799000,759100
unbounded,799,39950,delivered,800000,760050
unbounded,800,40000,delivered,801000,761000
unbounded,801,40050,delivered,802000,761950
unbounded,802,40100,delivered,803000,762900
unbounded,803,40150,delivered,804000,763850
unbounded,804,40200,delivered,805000,764800
unbounded,805,40250,delivered,806000,765750
unbounded,806,40300,delivered,807000,766700
unbounded,807,40350,delivered,808000,767650
unbounded,808,40400,delivered,809000,768600
unbounded,809,40450,delivered,810000,769550
unbounded,810,40500,delivered,811000,770500
unbounded,811,40550,delivered,812000,771450
unbounded,812,40600,delivered,813000,772400
unbounded,813,40650,delivered,814000,773350
unbounded,814,40700,delivered,815000,774300
unbounded,815,40750,delivered,816000,775250
unbounded,816,40800,delivered,817000,776200
unbounded,817,40850,delivered,818000,777150
unbounded,818,40900,delivered,819000,778100
unbounded,819,40950,delivered,820000,779050
unbounded,820,41000,delivered,821000,780000
unbounded,821,41050,delivered,822000,780950
unbounded,822,41100,delivered,823000,781900
unbounded,823,41150,delivered,824000,782850
unbounded,824,41200,delivered,825000,783800
unbounded,825,41250,delivered,826000,784750
unbounded,826,41300,delivered,827000,785700
unbounded,827,41350,delivered,828000,786650
unbounded,828,41400,delivered,829000,787600
unbounded,829,41450,delivered,830000,788550
unbounded,830,41500,delivered,831000,789500
unbounded,831,41550,delivered,832000,790450
unbounded,832,41600,delivered,833000,791400
unbounded,833,41650,delivered,834000,792350
unbounded,834,41700,delivered,835000,793300
unbounded,835,41750,delivered,836000,794250
unbounded,836,41800,delivered,837000,795200
unbounded,837,41850,delivered,838000,796150
unbounded,838,41900,delivered,839000,797100
unbounded,839,41950,delivered,840000,798050
unbounded,840,42000,delivered,841000,799000
unbounded,841,42050,delivered,842000,799950
unbounded,842,42100,delivered,843000,800900
unbounded,843,42150,delivered,844000,801850
unbounded,844,42200,delivered,845000,802800
unbounded,845,42250,delivered,846000,803750
unbounded,846,42300,delivered,847000,804700
unbounded,847,42350,delivered,848000,805650
unbounded,848,42400,delivered,849000,806600
unbounded,849,42450,delivered,850000,807550
unbounded,850,42500,delivered,851000,808500
unbounded,851,42550,delivered,852000,809450
unbounded,852,42600,delivered,853000,810400
unbounded,853,42650,delivered,854000,811350
unbounded,854,42700,delivered,855000,812300
unbounded,855,42750,delivered,856000,813250
unbounded,856,42800,delivered,857000,814200
unbounded,857,42850,delivered,858000,815150
unbounded,858,42900,delivered,859000,816100
unbounded,859,42950,delivered,860000,817050
unbounded,860,43000,delivered,861000,818000
unbounded,861,43050,delivered,862000,818950
unbounded,862,43100,delivered,863000,819900
unbounded,863,43150,delivered,864000,820850
unbounded,864,43200,delivered,865000,821800
unbounded,865,43250,delivered,866000,822750
unbounded,866,43300,delivered,867000,823700
unbounded,867,43350,delivered,868000,824650
unbounded,868,43400,delivered,869000,825600
unbounded,869,43450,delivered,870000,826550
unbounded,870,43500,delivered,871000,827500
unbounded,871,43550,delivered,872000,828450
unbounded,872,43600,delivered,873000,829400
unbounded,873,43650,delivered,874000,830350
unbounded,874,43700,delivered,875000,831300
unbounded,875,43750,delivered,876000,832250
unbounded,876,43800,delivered,877000,833200
unbounded,877,43850,delivered,878000,834150
unbounded,878,43900,delivered,879000,835100
unbounded,879,43950,delivered,880000,836050
unbounded,880,44000,delivered,881000,837000
unbounded,881,44050,delivered,882000,837950
unbounded,882,44100,delivered,883000,838900
unbounded,883,44150,delivered,884000,839850
unbounded,884,44200,delivered,885000,840800
unbounded,885,44250,delivered,886000,841750
unbounded,886,44300,delivered,887000,842700
unbounded,887,44350,delivered,888000,843650
unbounded,888,44400,delivered,889000,844600
unbounded,889,44450,delivered,890000,845550
unbounded,890,44500,delivered,891000,846500
unbounded,891,44550,delivered,892000,847450
unbounded,892,44600,delivered,893000,848400
unbounded,893,44650,delivered,894000,849350
unbounded,894,44700,delivered,895000,850300
unbounded,895,44750,delivered,896000,851250
unbounded,896,44800,delivered,897000,852200
unbounded,897,44850,delivered,898000,853150
unbounded,898,44900,delivered,899000,854100
unbounded,899,44950,delivered,900000,855050
unbounded,900,45000,delivered,901000,856000
unbounded,901,45050,delivered,902000,856950
unbounded,902,45100,delivered,903000,857900
unbounded,903,45150,delivered,904000,858850
unbounded,904,45200,delivered,905000,859800
unbounded,905,45250,delivered,906000,860750
unbounded,906,45300,delivered,907000,861700
unbounded,907,45350,delivered,908000,862650
unbounded,908,45400,delivered,909000,863600
unbounded,909,45450,delivered,910000,864550
unbounded,910,45500,delivered,911000,865500
unbounded,911,45550,delivered,912000,866450
unbounded,912,45600,delivered,913000,867400
unbounded,913,45650,delivered,914000,868350
unbounded,914,45700,delivered,915000,869300
unbounded,915,45750,delivered,916000,870250
unbounded,916,45800,delivered,917000,871200
unbounded,917,45850,delivered,918000,872150
unbounded,918,45900,delivered,919000,873100
unbounded,919,45950,delivered,920000,874050
unbounded,920,46000,delivered,921000,875000
unbounded,921,46050,delivered,922000,875950
unbounded,922,46100,delivered,923000,876900
unbounded,923,46150,delivered,924000,877850
unbounded,924,46200,delivered,925000,878800
unbounded,925,46250,delivered,926000,879750
unbounded,926,46300,delivered,927000,880700
unbounded,927,46350,delivered,928000,881650
unbounded,928,46400,delivered,929000,882600
unbounded,929,46450,delivered,930000,883550
unbounded,930,46500,delivered,931000,884500
unbounded,931,46550,delivered,932000,885450
unbounded,932,46600,delivered,933000,886400
unbounded,933,46650,delivered,934000,887350
unbounded,934,46700,delivered,935000,888300
unbounded,935,46750,delivered,936000,889250
unbounded,936,46800,delivered,937000,890200
unbounded,937,46850,delivered,938000,891150
unbounded,938,46900,delivered,939000,892100
unbounded,939,46950,delivered,940000,893050
unbounded,940,47000,delivered,941000,894000
unbounded,941,47050,delivered,942000,894950
unbounded,942,47100,delivered,943000,895900
unbounded,943,47150,delivered,944000,896850
unbounded,944,47200,delivered,945000,897800
unbounded,945,47250,delivered,946000,898750
unbounded,946,47300,delivered,947000,899700
unbounded,947,47350,delivered,948000,900650
unbounded,948,47400,delivered,949000,901600
unbounded,949,47450,delivered,950000,902550
unbounded,950,47500,delivered,951000,903500
unbounded,951,47550,delivered,952000,904450
unbounded,952,47600,delivered,953000,905400
unbounded,953,47650,delivered,954000,906350
unbounded,954,47700,delivered,955000,907300
unbounded,955,47750,delivered,956000,908250
unbounded,956,47800,delivered,957000,909200
unbounded,957,47850,delivered,958000,910150
unbounded,958,47900,delivered,959000,911100
unbounded,959,47950,delivered,960000,912050
unbounded,960,48000,delivered,961000,913000
unbounded,961,48050,delivered,962000,913950
unbounded,962,48100,delivered,963000,914900
unbounded,963,48150,delivered,964000,915850
unbounded,964,48200,delivered,965000,916800
unbounded,965,48250,delivered,966000,917750
unbounded,966,48300,delivered,967000,918700
unbounded,967,48350,delivered,968000,919650
unbounded,968,48400,delivered,969000,920600
unbounded,969,48450,delivered,970000,921550
unbounded,970,48500,delivered,971000,922500
unbounded,971,48550,delivered,972000,923450
unbounded,972,48600,delivered,973000,924400
unbounded,973,48650,delivered,974000,925350
unbounded,974,48700,delivered,975000,926300
unbounded,975,48750,delivered,976000,927250
unbounded,976,48800,delivered,977000,928200
unbounded,977,48850,delivered,978000,929150
unbounded,978,48900,delivered,979000,930100
unbounded,979,48950,delivered,980000,931050
unbounded,980,49000,delivered,981000,932000
unbounded,981,49050,delivered,982000,932950
unbounded,982,49100,delivered,983000,933900
unbounded,983,49150,delivered,984000,934850
unbounded,984,49200,delivered,985000,935800
unbounded,985,49250,delivered,986000,936750
unbounded,986,49300,delivered,987000,937700
unbounded,987,49350,delivered,988000,938650
unbounded,988,49400,delivered,989000,939600
unbounded,989,49450,delivered,990000,940550
unbounded,990,49500,delivered,991000,941500
unbounded,991,49550,delivered,992000,942450
unbounded,992,49600,delivered,993000,943400
unbounded,993,49650,delivered,994000,944350
unbounded,994,49700,delivered,995000,945300
unbounded,995,49750,delivered,996000,946250
unbounded,996,49800,delivered,997000,947200
unbounded,997,49850,delivered,998000,948150
unbounded,998,49900,delivered,999000,949100
unbounded,999,49950,delivered,1000000,950050
unbounded,1000,50000,delivered,1001000,951000
unbounded,1001,50050,delivered,1002000,951950
unbounded,1002,50100,delivered,1003000,952900
unbounded,1003,50150,delivered,1004000,953850
unbounded,1004,50200,delivered,1005000,954800
unbounded,1005,50250,delivered,1006000,955750
unbounded,1006,50300,delivered,1007000,956700
unbounded,1007,50350,delivered,1008000,957650
unbounded,1008,50400,delivered,1009000,958600
unbounded,1009,50450,delivered,1010000,959550
unbounded,1010,50500,delivered,1011000,960500
unbounded,1011,50550,delivered,1012000,961450
unbounded,1012,50600,delivered,1013000,962400
unbounded,1013,50650,delivered,1014000,963350
unbounded,1014,50700,delivered,1015000,964300
unbounded,1015,50750,delivered,1016000,965250
unbounded,1016,50800,delivered,1017000,966200
unbounded,1017,50850,delivered,1018000,967150
unbounded,1018,50900,delivered,1019000,968100
unbounded,1019,50950,delivered,1020000,969050
unbounded,1020,51000,delivered,1021000,970000
unbounded,1021,51050,delivered,1022000,970950
unbounded,1022,51100,delivered,1023000,971900
unbounded,1023,51150,delivered,1024000,972850
unbounded,1024,51200,delivered,1025000,973800
unbounded,1025,51250,delivered,1026000,974750
unbounded,1026,51300,delivered,1027000,975700
unbounded,1027,51350,delivered,1028000,976650
unbounded,1028,51400,delivered,1029000,977600
unbounded,1029,51450,delivered,1030000,978550
unbounded,1030,51500,delivered,1031000,979500
unbounded,1031,51550,delivered,1032000,980450
unbounded,1032,51600,delivered,1033000,981400
unbounded,1033,51650,delivered,1034000,982350
unbounded,1034,51700,delivered,1035000,983300
unbounded,1035,51750,delivered,1036000,984250
unbounded,1036,51800,delivered,1037000,985200
unbounded,1037,51850,delivered,1038000,986150
unbounded,1038,51900,delivered,1039000,987100
unbounded,1039,51950,delivered,1040000,988050
unbounded,1040,52000,delivered,1041000,989000
unbounded,1041,52050,delivered,1042000,989950
unbounded,1042,52100,delivered,1043000,990900
unbounded,1043,52150,delivered,1044000,991850
unbounded,1044,52200,delivered,1045000,992800
unbounded,1045,52250,delivered,1046000,993750
unbounded,1046,52300,delivered,1047000,994700
unbounded,1047,52350,delivered,1048000,995650
unbounded,1048,52400,delivered,1049000,996600
unbounded,1049,52450,delivered,1050000,997550
unbounded,1050,52500,delivered,1051000,998500
unbounded,1051,52550,delivered,1052000,999450
unbounded,1052,52600,delivered,1053000,1000400
unbounded,1053,52650,delivered,1054000,1001350
unbounded,1054,52700,delivered,1055000,1002300
unbounded,1055,52750,delivered,1056000,1003250
unbounded,1056,52800,delivered,1057000,1004200
unbounded,1057,52850,delivered,1058000,1005150
unbounded,1058,52900,delivered,1059000,1006100
unbounded,1059,52950,delivered,1060000,1007050
unbounded,1060,53000,delivered,1061000,1008000
unbounded,1061,53050,delivered,1062000,1008950
unbounded,1062,53100,delivered,1063000,1009900
unbounded,1063,53150,delivered,1064000,1010850
unbounded,1064,53200,delivered,1065000,1011800
unbounded,1065,53250,delivered,1066000,1012750
unbounded,1066,53300,delivered,1067000,1013700
unbounded,1067,53350,delivered,1068000,1014650
unbounded,1068,53400,delivered,1069000,1015600
unbounded,1069,53450,delivered,1070000,1016550
unbounded,1070,53500,delivered,1071000,1017500
unbounded,1071,53550,delivered,1072000,1018450
unbounded,1072,53600,delivered,1073000,1019400
unbounded,1073,53650,delivered,1074000,1020350
unbounded,1074,53700,delivered,1075000,1021300
unbounded,1075,53750,delivered,1076000,1022250
unbounded,1076,53800,delivered,1077000,1023200
unbounded,1077,53850,delivered,1078000,1024150
unbounded,1078,53900,delivered,1079000,1025100
unbounded,1079,53950,delivered,1080000,1026050
unbounded,1080,54000,delivered,1081000,1027000
unbounded,1081,54050,delivered,1082000,1027950
unbounded,1082,54100,delivered,1083000,1028900
unbounded,1083,54150,delivered,1084000,1029850
unbounded,1084,54200,delivered,1085000,1030800
unbounded,1085,54250,delivered,1086000,1031750
unbounded,1086,54300,delivered,1087000,1032700
unbounded,1087,54350,delivered,1088000,1033650
unbounded,1088,54400,delivered,1089000,1034600
unbounded,1089,54450,delivered,1090000,1035550
unbounded,1090,54500,delivered,1091000,1036500
unbounded,1091,54550,delivered,1092000,1037450
unbounded,1092,54600,delivered,1093000,1038400
unbounded,1093,54650,delivered,1094000,1039350
unbounded,1094,54700,delivered,1095000,1040300
unbounded,1095,54750,delivered,1096000,1041250
unbounded,1096,54800,delivered,1097000,1042200
unbounded,1097,54850,delivered,1098000,1043150
unbounded,1098,54900,delivered,1099000,1044100
unbounded,1099,54950,delivered,1100000,1045050
unbounded,1100,55000,delivered,1101000,1046000
unbounded,1101,55050,delivered,1102000,1046950
unbounded,1102,55100,delivered,1103000,1047900
unbounded,1103,55150,delivered,1104000,1048850
unbounded,1104,55200,delivered,1105000,1049800
unbounded,1105,55250,delivered,1106000,1050750
unbounded,1106,55300,delivered,1107000,1051700
unbounded,1107,55350,delivered,1108000,1052650
unbounded,1108,55400,delivered,1109000,1053600
unbounded,1109,55450,delivered,1110000,1054550
unbounded,1110,55500,delivered,1111000,1055500
unbounded,1111,55550,delivered,1112000,1056450
unbounded,1112,55600,delivered,1113000,1057400
unbounded,1113,55650,delivered,1114000,1058350
unbounded,1114,55700,delivered,1115000,1059300
unbounded,1115,55750,delivered,1116000,1060250
unbounded,1116,55800,delivered,1117000,1061200
unbounded,1117,55850,delivered,1118000,1062150
unbounded,1118,55900,delivered,1119000,1063100
unbounded,1119,55950,delivered,1120000,1064050
unbounded,1120,56000,delivered,1121000,1065000
unbounded,1121,56050,delivered,1122000,1065950
unbounded,1122,56100,delivered,1123000,1066900
unbounded,1123,56150,delivered,1124000,1067850
unbounded,1124,56200,delivered,1125000,1068800
unbounded,1125,56250,delivered,1126000,1069750
unbounded,1126,56300,delivered,1127000,1070700
unbounded,1127,56350,delivered,1128000,1071650
unbounded,1128,56400,delivered,1129000,1072600
unbounded,1129,56450,delivered,1130000,1073550
unbounded,1130,56500,delivered,1131000,1074500
unbounded,1131,56550,delivered,1132000,1075450
unbounded,1132,56600,delivered,1133000,1076400
unbounded,1133,56650,delivered,1134000,1077350
unbounded,1134,56700,delivered,1135000,1078300
unbounded,1135,56750,delivered,1136000,1079250
unbounded,1136,56800,delivered,1137000,1080200
unbounded,1137,56850,delivered,1138000,1081150
unbounded,1138,56900,delivered,1139000,1082100
unbounded,1139,56950,delivered,1140000,1083050
unbounded,1140,57000,delivered,1141000,1084000
unbounded,1141,57050,delivered,1142000,1084950
unbounded,1142,57100,delivered,1143000,1085900
unbounded,1143,57150,delivered,1144000,1086850
unbounded,1144,57200,delivered,1145000,1087800
unbounded,1145,57250,delivered,1146000,1088750
unbounded,1146,57300,delivered,1147000,1089700
unbounded,1147,57350,delivered,1148000,1090650
unbounded,1148,57400,delivered,1149000,1091600
unbounded,1149,57450,delivered,1150000,1092550
unbounded,1150,57500,delivered,1151000,1093500
unbounded,1151,57550,delivered,1152000,1094450
unbounded,1152,57600,delivered,1153000,1095400
unbounded,1153,57650,delivered,1154000,1096350
unbounded,1154,57700,delivered,1155000,1097300
unbounded,1155,57750,delivered,1156000,1098250
unbounded,1156,57800,delivered,1157000,1099200
unbounded,1157,57850,delivered,1158000,1100150
unbounded,1158,57900,delivered,1159000,1101100
unbounded,1159,57950,delivered,1160000,1102050
unbounded,1160,58000,delivered,1161000,1103000
unbounded,1161,58050,delivered,1162000,1103950
unbounded,1162,58100,delivered,1163000,1104900
unbounded,1163,58150,delivered,1164000,1105850
unbounded,1164,58200,delivered,1165000,1106800
unbounded,1165,58250,delivered,1166000,1107750
unbounded,1166,58300,delivered,1167000,1108700
unbounded,1167,58350,delivered,1168000,1109650
unbounded,1168,58400,delivered,1169000,1110600
unbounded,1169,58450,delivered,1170000,1111550
unbounded,1170,58500,delivered,1171000,1112500
unbounded,1171,58550,delivered,1172000,1113450
unbounded,1172,58600,delivered,1173000,1114400
unbounded,1173,58650,delivered,1174000,1115350
unbounded,1174,58700,delivered,1175000,1116300
unbounded,1175,58750,delivered,1176000,1117250
unbounded,1176,58800,delivered,1177000,1118200
unbounded,1177,58850,delivered,1178000,1119150
unbounded,1178,58900,delivered,1179000,1120100
unbounded,1179,58950,delivered,1180000,1121050
unbounded,1180,59000,delivered,1181000,1122000
unbounded,1181,59050,delivered,1182000,1122950
unbounded,1182,59100,delivered,1183000,1123900
unbounded,1183,59150,delivered,1184000,1124850
unbounded,1184,59200,delivered,1185000,1125800
unbounded,1185,59250,delivered,1186000,1126750
unbounded,1186,59300,delivered,1187000,1127700
unbounded,1187,59350,delivered,1188000,1128650
unbounded,1188,59400,delivered,1189000,1129600
unbounded,1189,59450,delivered,1190000,1130550
unbounded,1190,59500,delivered,1191000,1131500
unbounded,1191,59550,delivered,1192000,1132450
unbounded,1192,59600,delivered,1193000,1133400
unbounded,1193,59650,delivered,1194000,1134350
unbounded,1194,59700,delivered,1195000,1135300
unbounded,1195,59750,delivered,1196000,1136250
unbounded,1196,59800,delivered,1197000,1137200
unbounded,1197,59850,delivered,1198000,1138150
unbounded,1198,59900,delivered,1199000,1139100
unbounded,1199,59950,delivered,1200000,1140050
unbounded,1200,60000,delivered,1201000,1141000
unbounded,1201,60050,delivered,1202000,1141950
unbounded,1202,60100,delivered,1203000,1142900
unbounded,1203,60150,delivered,1204000,1143850
unbounded,1204,60200,delivered,1205000,1144800
unbounded,1205,60250,delivered,1206000,1145750
unbounded,1206,60300,delivered,1207000,1146700
unbounded,1207,60350,delivered,1208000,1147650
unbounded,1208,60400,delivered,1209000,1148600
unbounded,1209,60450,delivered,1210000,1149550
unbounded,1210,60500,delivered,1211000,1150500
unbounded,1211,60550,delivered,1212000,1151450
unbounded,1212,60600,delivered,1213000,1152400
unbounded,1213,60650,delivered,1214000,1153350
unbounded,1214,60700,delivered,1215000,1154300
unbounded,1215,60750,delivered,1216000,1155250
unbounded,1216,60800,delivered,1217000,1156200
unbounded,1217,60850,delivered,1218000,1157150
unbounded,1218,60900,delivered,1219000,1158100
unbounded,1219,60950,delivered,1220000,1159050
unbounded,1220,61000,delivered,1221000,1160000
unbounded,1221,61050,delivered,1222000,1160950
unbounded,1222,61100,delivered,1223000,1161900
unbounded,1223,61150,delivered,1224000,1162850
unbounded,1224,61200,delivered,1225000,1163800
unbounded,1225,61250,delivered,1226000,1164750
unbounded,1226,61300,delivered,1227000,1165700
unbounded,1227,61350,delivered,1228000,1166650
unbounded,1228,61400,delivered,1229000,1167600
unbounded,1229,61450,delivered,1230000,1168550
unbounded,1230,61500,delivered,1231000,1169500
unbounded,1231,61550,delivered,1232000,1170450
unbounded,1232,61600,delivered,1233000,1171400
unbounded,1233,61650,delivered,1234000,1172350
unbounded,1234,61700,delivered,1235000,1173300
unbounded,1235,61750,delivered,1236000,1174250
unbounded,1236,61800,delivered,1237000,1175200
unbounded,1237,61850,delivered,1238000,1176150
unbounded,1238,61900,delivered,1239000,1177100
unbounded,1239,61950,delivered,1240000,1178050
unbounded,1240,62000,delivered,1241000,1179000
unbounded,1241,62050,delivered,1242000,1179950
unbounded,1242,62100,delivered,1243000,1180900
unbounded,1243,62150,delivered,1244000,1181850
unbounded,1244,62200,delivered,1245000,1182800
unbounded,1245,62250,delivered,1246000,1183750
unbounded,1246,62300,delivered,1247000,1184700
unbounded,1247,62350,delivered,1248000,1185650
unbounded,1248,62400,delivered,1249000,1186600
unbounded,1249,62450,delivered,1250000,1187550
unbounded,1250,62500,delivered,1251000,1188500
unbounded,1251,62550,delivered,1252000,1189450
unbounded,1252,62600,delivered,1253000,1190400
unbounded,1253,62650,delivered,1254000,1191350
unbounded,1254,62700,delivered,1255000,1192300
unbounded,1255,62750,delivered,1256000,1193250
unbounded,1256,62800,delivered,1257000,1194200
unbounded,1257,62850,delivered,1258000,1195150
unbounded,1258,62900,delivered,1259000,1196100
unbounded,1259,62950,delivered,1260000,1197050
unbounded,1260,63000,delivered,1261000,1198000
unbounded,1261,63050,delivered,1262000,1198950
unbounded,1262,63100,delivered,1263000,1199900
unbounded,1263,63150,delivered,1264000,1200850
unbounded,1264,63200,delivered,1265000,1201800
unbounded,1265,63250,delivered,1266000,1202750
unbounded,1266,63300,delivered,1267000,1203700
unbounded,1267,63350,delivered,1268000,1204650
unbounded,1268,63400,delivered,1269000,1205600
unbounded,1269,63450,delivered,1270000,1206550
unbounded,1270,63500,delivered,1271000,1207500
unbounded,1271,63550,delivered,1272000,1208450
unbounded,1272,63600,delivered,1273000,1209400
unbounded,1273,63650,delivered,1274000,1210350
unbounded,1274,63700,delivered,1275000,1211300
unbounded,1275,63750,delivered,1276000,1212250
unbounded,1276,63800,delivered,1277000,1213200
unbounded,1277,63850,delivered,1278000,1214150
unbounded,1278,63900,delivered,1279000,1215100
unbounded,1279,63950,delivered,1280000,1216050
unbounded,1280,64000,delivered,1281000,1217000
unbounded,1281,64050,delivered,1282000,1217950
unbounded,1282,64100,delivered,1283000,1218900
unbounded,1283,64150,delivered,1284000,1219850
unbounded,1284,64200,delivered,1285000,1220800
unbounded,1285,64250,delivered,1286000,1221750
unbounded,1286,64300,delivered,1287000,1222700
unbounded,1287,64350,delivered,1288000,1223650
unbounded,1288,64400,delivered,1289000,1224600
unbounded,1289,64450,delivered,1290000,1225550
unbounded,1290,64500,delivered,1291000,1226500
unbounded,1291,64550,delivered,1292000,1227450
unbounded,1292,64600,delivered,1293000,1228400
unbounded,1293,64650,delivered,1294000,1229350
unbounded,1294,64700,delivered,1295000,1230300
unbounded,1295,64750,delivered,1296000,1231250
unbounded,1296,64800,delivered,1297000,1232200
unbounded,1297,64850,delivered,1298000,1233150
unbounded,1298,64900,delivered,1299000,1234100
unbounded,1299,64950,delivered,1300000,1235050
unbounded,1300,65000,delivered,1301000,1236000
unbounded,1301,65050,delivered,1302000,1236950
unbounded,1302,65100,delivered,1303000,1237900
unbounded,1303,65150,delivered,1304000,1238850
unbounded,1304,65200,delivered,1305000,1239800
unbounded,1305,65250,delivered,1306000,1240750
unbounded,1306,65300,delivered,1307000,1241700
unbounded,1307,65350,delivered,1308000,1242650
unbounded,1308,65400,delivered,1309000,1243600
unbounded,1309,65450,delivered,1310000,1244550
unbounded,1310,65500,delivered,1311000,1245500
unbounded,1311,65550,delivered,1312000,1246450
unbounded,1312,65600,delivered,1313000,1247400
unbounded,1313,65650,delivered,1314000,1248350
unbounded,1314,65700,delivered,1315000,1249300
unbounded,1315,65750,delivered,1316000,1250250
unbounded,1316,65800,delivered,1317000,1251200
unbounded,1317,65850,delivered,1318000,1252150
unbounded,1318,65900,delivered,1319000,1253100
unbounded,1319,65950,delivered,1320000,1254050
unbounded,1320,66000,delivered,1321000,1255000
unbounded,1321,66050,delivered,1322000,1255950
unbounded,1322,66100,delivered,1323000,1256900
unbounded,1323,66150,delivered,1324000,1257850
unbounded,1324,66200,delivered,1325000,1258800
unbounded,1325,66250,delivered,1326000,1259750
unbounded,1326,66300,delivered,1327000,1260700
unbounded,1327,66350,delivered,1328000,1261650
unbounded,1328,66400,delivered,1329000,1262600
unbounded,1329,66450,delivered,1330000,1263550
unbounded,1330,66500,delivered,1331000,1264500
unbounded,1331,66550,delivered,1332000,1265450
unbounded,1332,66600,delivered,1333000,1266400
unbounded,1333,66650,delivered,1334000,1267350
unbounded,1334,66700,delivered,1335000,1268300
unbounded,1335,66750,delivered,1336000,1269250
unbounded,1336,66800,delivered,1337000,1270200
unbounded,1337,66850,delivered,1338000,1271150
unbounded,1338,66900,delivered,1339000,1272100
unbounded,1339,66950,delivered,1340000,1273050
unbounded,1340,67000,delivered,1341000,1274000
unbounded,1341,67050,delivered,1342000,1274950
unbounded,1342,67100,delivered,1343000,1275900
unbounded,1343,67150,delivered,1344000,1276850
unbounded,1344,67200,delivered,1345000,1277800
unbounded,1345,67250,delivered,1346000,1278750
unbounded,1346,67300,delivered,1347000,1279700
unbounded,1347,67350,delivered,1348000,1280650
unbounded,1348,67400,delivered,1349000,1281600
unbounded,1349,67450,delivered,1350000,1282550
unbounded,1350,67500,delivered,1351000,1283500
unbounded,1351,67550,delivered,1352000,1284450
unbounded,1352,67600,delivered,1353000,1285400
unbounded,1353,67650,delivered,1354000,1286350
unbounded,1354,67700,delivered,1355000,1287300
unbounded,1355,67750,delivered,1356000,1288250
unbounded,1356,67800,delivered,1357000,1289200
unbounded,1357,67850,delivered,1358000,1290150
unbounded,1358,67900,delivered,1359000,1291100
unbounded,1359,67950,delivered,1360000,1292050
unbounded,1360,68000,delivered,1361000,1293000
unbounded,1361,68050,delivered,1362000,1293950
unbounded,1362,68100,delivered,1363000,1294900
unbounded,1363,68150,delivered,1364000,1295850
unbounded,1364,68200,delivered,1365000,1296800
unbounded,1365,68250,delivered,1366000,1297750
unbounded,1366,68300,delivered,1367000,1298700
unbounded,1367,68350,delivered,1368000,1299650
unbounded,1368,68400,delivered,1369000,1300600
unbounded,1369,68450,delivered,1370000,1301550
unbounded,1370,68500,delivered,1371000,1302500
unbounded,1371,68550,delivered,1372000,1303450
unbounded,1372,68600,delivered,1373000,1304400
unbounded,1373,68650,delivered,1374000,1305350
unbounded,1374,68700,delivered,1375000,1306300
unbounded,1375,68750,delivered,1376000,1307250
unbounded,1376,68800,delivered,1377000,1308200
unbounded,1377,68850,delivered,1378000,1309150
unbounded,1378,68900,delivered,1379000,1310100
unbounded,1379,68950,delivered,1380000,1311050
unbounded,1380,69000,delivered,1381000,1312000
unbounded,1381,69050,delivered,1382000,1312950
unbounded,1382,69100,delivered,1383000,1313900
unbounded,1383,69150,delivered,1384000,1314850
unbounded,1384,69200,delivered,1385000,1315800
unbounded,1385,69250,delivered,1386000,1316750
unbounded,1386,69300,delivered,1387000,1317700
unbounded,1387,69350,delivered,1388000,1318650
unbounded,1388,69400,delivered,1389000,1319600
unbounded,1389,69450,delivered,1390000,1320550
unbounded,1390,69500,delivered,1391000,1321500
unbounded,1391,69550,delivered,1392000,1322450
unbounded,1392,69600,delivered,1393000,1323400
unbounded,1393,69650,delivered,1394000,1324350
unbounded,1394,69700,delivered,1395000,1325300
unbounded,1395,69750,delivered,1396000,1326250
unbounded,1396,69800,delivered,1397000,1327200
unbounded,1397,69850,delivered,1398000,1328150
unbounded,1398,69900,delivered,1399000,1329100
unbounded,1399,69950,delivered,1400000,1330050
unbounded,1400,70000,delivered,1401000,1331000
unbounded,1401,70050,delivered,1402000,1331950
unbounded,1402,70100,delivered,1403000,1332900
unbounded,1403,70150,delivered,1404000,1333850
unbounded,1404,70200,delivered,1405000,1334800
unbounded,1405,70250,delivered,1406000,1335750
unbounded,1406,70300,delivered,1407000,1336700
unbounded,1407,70350,delivered,1408000,1337650
unbounded,1408,70400,delivered,1409000,1338600
unbounded,1409,70450,delivered,1410000,1339550
unbounded,1410,70500,delivered,1411000,1340500
unbounded,1411,70550,delivered,1412000,1341450
unbounded,1412,70600,delivered,1413000,1342400
unbounded,1413,70650,delivered,1414000,1343350
unbounded,1414,70700,delivered,1415000,1344300
unbounded,1415,70750,delivered,1416000,1345250
unbounded,1416,70800,delivered,1417000,1346200
unbounded,1417,70850,delivered,1418000,1347150
unbounded,1418,70900,delivered,1419000,1348100
unbounded,1419,70950,delivered,1420000,1349050
unbounded,1420,71000,delivered,1421000,1350000
unbounded,1421,71050,delivered,1422000,1350950
unbounded,1422,71100,delivered,1423000,1351900
unbounded,1423,71150,delivered,1424000,1352850
unbounded,1424,71200,delivered,1425000,1353800
unbounded,1425,71250,delivered,1426000,1354750
unbounded,1426,71300,delivered,1427000,1355700
unbounded,1427,71350,delivered,1428000,1356650
unbounded,1428,71400,delivered,1429000,1357600
unbounded,1429,71450,delivered,1430000,1358550
unbounded,1430,71500,delivered,1431000,1359500
unbounded,1431,71550,delivered,1432000,1360450
unbounded,1432,71600,delivered,1433000,1361400
unbounded,1433,71650,delivered,1434000,1362350
unbounded,1434,71700,delivered,1435000,1363300
unbounded,1435,71750,delivered,1436000,1364250
unbounded,1436,71800,delivered,1437000,1365200
unbounded,1437,71850,delivered,1438000,1366150
unbounded,1438,71900,delivered,1439000,1367100
unbounded,1439,71950,delivered,1440000,1368050
unbounded,1440,72000,delivered,1441000,1369000
unbounded,1441,72050,delivered,1442000,1369950
unbounded,1442,72100,delivered,1443000,1370900
unbounded,1443,72150,delivered,1444000,1371850
unbounded,1444,72200,delivered,1445000,1372800
unbounded,1445,72250,delivered,1446000,1373750
unbounded,1446,72300,delivered,1447000,1374700
unbounded,1447,72350,delivered,1448000,1375650
unbounded,1448,72400,delivered,1449000,1376600
unbounded,1449,72450,delivered,1450000,1377550
unbounded,1450,72500,delivered,1451000,1378500
unbounded,1451,72550,delivered,1452000,1379450
unbounded,1452,72600,delivered,1453000,1380400
unbounded,1453,72650,delivered,1454000,1381350
unbounded,1454,72700,delivered,1455000,1382300
unbounded,1455,72750,delivered,1456000,1383250
unbounded,1456,72800,delivered,1457000,1384200
unbounded,1457,72850,delivered,1458000,1385150
unbounded,1458,72900,delivered,1459000,1386100
unbounded,1459,72950,delivered,1460000,1387050
unbounded,1460,73000,delivered,1461000,1388000
unbounded,1461,73050,delivered,1462000,1388950
unbounded,1462,73100,delivered,1463000,1389900
unbounded,1463,73150,delivered,1464000,1390850
unbounded,1464,73200,delivered,1465000,1391800
unbounded,1465,73250,delivered,1466000,1392750
unbounded,1466,73300,delivered,1467000,1393700
unbounded,1467,73350,delivered,1468000,1394650
unbounded,1468,73400,delivered,1469000,1395600
unbounded,1469,73450,delivered,1470000,1396550
unbounded,1470,73500,delivered,1471000,1397500
unbounded,1471,73550,delivered,1472000,1398450
unbounded,1472,73600,delivered,1473000,1399400
unbounded,1473,73650,delivered,1474000,1400350
unbounded,1474,73700,delivered,1475000,1401300
unbounded,1475,73750,delivered,1476000,1402250
unbounded,1476,73800,delivered,1477000,1403200
unbounded,1477,73850,delivered,1478000,1404150
unbounded,1478,73900,delivered,1479000,1405100
unbounded,1479,73950,delivered,1480000,1406050
unbounded,1480,74000,delivered,1481000,1407000
unbounded,1481,74050,delivered,1482000,1407950
unbounded,1482,74100,delivered,1483000,1408900
unbounded,1483,74150,delivered,1484000,1409850
unbounded,1484,74200,delivered,1485000,1410800
unbounded,1485,74250,delivered,1486000,1411750
unbounded,1486,74300,delivered,1487000,1412700
unbounded,1487,74350,delivered,1488000,1413650
unbounded,1488,74400,delivered,1489000,1414600
unbounded,1489,74450,delivered,1490000,1415550
unbounded,1490,74500,delivered,1491000,1416500
unbounded,1491,74550,delivered,1492000,1417450
unbounded,1492,74600,delivered,1493000,1418400
unbounded,1493,74650,delivered,1494000,1419350
unbounded,1494,74700,delivered,1495000,1420300
unbounded,1495,74750,delivered,1496000,1421250
unbounded,1496,74800,delivered,1497000,1422200
unbounded,1497,74850,delivered,1498000,1423150
unbounded,1498,74900,delivered,1499000,1424100
unbounded,1499,74950,delivered,1500000,1425050
unbounded,1500,75000,delivered,1501000,1426000
unbounded,1501,75050,delivered,1502000,1426950
unbounded,1502,75100,delivered,1503000,1427900
unbounded,1503,75150,delivered,1504000,1428850
unbounded,1504,75200,delivered,1505000,1429800
unbounded,1505,75250,delivered,1506000,1430750
unbounded,1506,75300,delivered,1507000,1431700
unbounded,1507,75350,delivered,1508000,1432650
unbounded,1508,75400,delivered,1509000,1433600
unbounded,1509,75450,delivered,1510000,1434550
unbounded,1510,75500,delivered,1511000,1435500
unbounded,1511,75550,delivered,1512000,1436450
unbounded,1512,75600,delivered,1513000,1437400
unbounded,1513,75650,delivered,1514000,1438350
unbounded,1514,75700,delivered,1515000,1439300
unbounded,1515,75750,delivered,1516000,1440250
unbounded,1516,75800,delivered,1517000,1441200
unbounded,1517,75850,delivered,1518000,1442150
unbounded,1518,75900,delivered,1519000,1443100
unbounded,1519,75950,delivered,1520000,1444050
unbounded,1520,76000,delivered,1521000,1445000
unbounded,1521,76050,delivered,1522000,1445950
unbounded,1522,76100,delivered,1523000,1446900
unbounded,1523,76150,delivered,1524000,1447850
unbounded,1524,76200,delivered,1525000,1448800
unbounded,1525,76250,delivered,1526000,1449750
unbounded,1526,76300,delivered,1527000,1450700
unbounded,1527,76350,delivered,1528000,1451650
unbounded,1528,76400,delivered,1529000,1452600
unbounded,1529,76450,delivered,1530000,1453550
unbounded,1530,76500,delivered,1531000,1454500
unbounded,1531,76550,delivered,1532000,1455450
unbounded,1532,76600,delivered,1533000,1456400
unbounded,1533,76650,delivered,1534000,1457350
unbounded,1534,76700,delivered,1535000,1458300
unbounded,1535,76750,delivered,1536000,1459250
unbounded,1536,76800,delivered,1537000,1460200
unbounded,1537,76850,delivered,1538000,1461150
unbounded,1538,76900,delivered,1539000,1462100
unbounded,1539,76950,delivered,1540000,1463050
unbounded,1540,77000,delivered,1541000,1464000
unbounded,1541,77050,delivered,1542000,1464950
unbounded,1542,77100,delivered,1543000,1465900
unbounded,1543,77150,delivered,1544000,1466850
unbounded,1544,77200,delivered,1545000,1467800
unbounded,1545,77250,delivered,1546000,1468750
unbounded,1546,77300,delivered,1547000,1469700
unbounded,1547,77350,delivered,1548000,1470650
unbounded,1548,77400,delivered,1549000,1471600
unbounded,1549,77450,delivered,1550000,1472550
unbounded,1550,77500,delivered,1551000,1473500
unbounded,1551,77550,delivered,1552000,1474450
unbounded,1552,77600,delivered,1553000,1475400
unbounded,1553,77650,delivered,1554000,1476350
unbounded,1554,77700,delivered,1555000,1477300
unbounded,1555,77750,delivered,1556000,1478250
unbounded,1556,77800,delivered,1557000,1479200
unbounded,1557,77850,delivered,1558000,1480150
unbounded,1558,77900,delivered,1559000,1481100
unbounded,1559,77950,delivered,1560000,1482050
unbounded,1560,78000,delivered,1561000,1483000
unbounded,1561,78050,delivered,1562000,1483950
unbounded,1562,78100,delivered,1563000,1484900
unbounded,1563,78150,delivered,1564000,1485850
unbounded,1564,78200,delivered,1565000,1486800
unbounded,1565,78250,delivered,1566000,1487750
unbounded,1566,78300,delivered,1567000,1488700
unbounded,1567,78350,delivered,1568000,1489650
unbounded,1568,78400,delivered,1569000,1490600
unbounded,1569,78450,delivered,1570000,1491550
unbounded,1570,78500,delivered,1571000,1492500
unbounded,1571,78550,delivered,1572000,1493450
unbounded,1572,78600,delivered,1573000,1494400
unbounded,1573,78650,delivered,1574000,1495350
unbounded,1574,78700,delivered,1575000,1496300
unbounded,1575,78750,delivered,1576000,1497250
unbounded,1576,78800,delivered,1577000,1498200
unbounded,1577,78850,delivered,1578000,1499150
unbounded,1578,78900,delivered,1579000,1500100
unbounded,1579,78950,delivered,1580000,1501050
unbounded,1580,79000,delivered,1581000,1502000
unbounded,1581,79050,delivered,1582000,1502950
unbounded,1582,79100,delivered,1583000,1503900
unbounded,1583,79150,delivered,1584000,1504850
unbounded,1584,79200,delivered,1585000,1505800
unbounded,1585,79250,delivered,1586000,1506750
unbounded,1586,79300,delivered,1587000,1507700
unbounded,1587,79350,delivered,1588000,1508650
unbounded,1588,79400,delivered,1589000,1509600
unbounded,1589,79450,delivered,1590000,1510550
unbounded,1590,79500,delivered,1591000,1511500
unbounded,1591,79550,delivered,1592000,1512450
unbounded,1592,79600,delivered,1593000,1513400
unbounded,1593,79650,delivered,1594000,1514350
unbounded,1594,79700,delivered,1595000,1515300
unbounded,1595,79750,delivered,1596000,1516250
unbounded,1596,79800,delivered,1597000,1517200
unbounded,1597,79850,delivered,1598000,1518150
unbounded,1598,79900,delivered,1599000,1519100
unbounded,1599,79950,delivered,1600000,1520050
unbounded,1600,80000,delivered,1601000,1521000
unbounded,1601,80050,delivered,1602000,1521950
unbounded,1602,80100,delivered,1603000,1522900
unbounded,1603,80150,delivered,1604000,1523850
unbounded,1604,80200,delivered,1605000,1524800
unbounded,1605,80250,delivered,1606000,1525750
unbounded,1606,80300,delivered,1607000,1526700
unbounded,1607,80350,delivered,1608000,1527650
unbounded,1608,80400,delivered,1609000,1528600
unbounded,1609,80450,delivered,1610000,1529550
unbounded,1610,80500,delivered,1611000,1530500
unbounded,1611,80550,delivered,1612000,1531450
unbounded,1612,80600,delivered,1613000,1532400
unbounded,1613,80650,delivered,1614000,1533350
unbounded,1614,80700,delivered,1615000,1534300
unbounded,1615,80750,delivered,1616000,1535250
unbounded,1616,80800,delivered,1617000,1536200
unbounded,1617,80850,delivered,1618000,1537150
unbounded,1618,80900,delivered,1619000,1538100
unbounded,1619,80950,delivered,1620000,1539050
unbounded,1620,81000,delivered,1621000,1540000
unbounded,1621,81050,delivered,1622000,1540950
unbounded,1622,81100,delivered,1623000,1541900
unbounded,1623,81150,delivered,1624000,1542850
unbounded,1624,81200,delivered,1625000,1543800
unbounded,1625,81250,delivered,1626000,1544750
unbounded,1626,81300,delivered,1627000,1545700
unbounded,1627,81350,delivered,1628000,1546650
unbounded,1628,81400,delivered,1629000,1547600
unbounded,1629,81450,delivered,1630000,1548550
unbounded,1630,81500,delivered,1631000,1549500
unbounded,1631,81550,delivered,1632000,1550450
unbounded,1632,81600,delivered,1633000,1551400
unbounded,1633,81650,delivered,1634000,1552350
unbounded,1634,81700,delivered,1635000,1553300
unbounded,1635,81750,delivered,1636000,1554250
unbounded,1636,81800,delivered,1637000,1555200
unbounded,1637,81850,delivered,1638000,1556150
unbounded,1638,81900,delivered,1639000,1557100
unbounded,1639,81950,delivered,1640000,1558050
unbounded,1640,82000,delivered,1641000,1559000
unbounded,1641,82050,delivered,1642000,1559950
unbounded,1642,82100,delivered,1643000,1560900
unbounded,1643,82150,delivered,1644000,1561850
unbounded,1644,82200,delivered,1645000,1562800
unbounded,1645,82250,delivered,1646000,1563750
unbounded,1646,82300,delivered,1647000,1564700
unbounded,1647,82350,delivered,1648000,1565650
unbounded,1648,82400,delivered,1649000,1566600
unbounded,1649,82450,delivered,1650000,1567550
unbounded,1650,82500,delivered,1651000,1568500
unbounded,1651,82550,delivered,1652000,1569450
unbounded,1652,82600,delivered,1653000,1570400
unbounded,1653,82650,delivered,1654000,1571350
unbounded,1654,82700,delivered,1655000,1572300
unbounded,1655,82750,delivered,1656000,1573250
unbounded,1656,82800,delivered,1657000,1574200
unbounded,1657,82850,delivered,1658000,1575150
unbounded,1658,82900,delivered,1659000,1576100
unbounded,1659,82950,delivered,1660000,1577050
unbounded,1660,83000,delivered,1661000,1578000
unbounded,1661,83050,delivered,1662000,1578950
unbounded,1662,83100,delivered,1663000,1579900
unbounded,1663,83150,delivered,1664000,1580850
unbounded,1664,83200,delivered,1665000,1581800
unbounded,1665,83250,delivered,1666000,1582750
unbounded,1666,83300,delivered,1667000,1583700
unbounded,1667,83350,delivered,1668000,1584650
unbounded,1668,83400,delivered,1669000,1585600
unbounded,1669,83450,delivered,1670000,1586550
unbounded,1670,83500,delivered,1671000,1587500
unbounded,1671,83550,delivered,1672000,1588450
unbounded,1672,83600,delivered,1673000,1589400
unbounded,1673,83650,delivered,1674000,1590350
unbounded,1674,83700,delivered,1675000,1591300
unbounded,1675,83750,delivered,1676000,1592250
unbounded,1676,83800,delivered,1677000,1593200
unbounded,1677,83850,delivered,1678000,1594150
unbounded,1678,83900,delivered,1679000,1595100
unbounded,1679,83950,delivered,1680000,1596050
unbounded,1680,84000,delivered,1681000,1597000
unbounded,1681,84050,delivered,1682000,1597950
unbounded,1682,84100,delivered,1683000,1598900
unbounded,1683,84150,delivered,1684000,1599850
unbounded,1684,84200,delivered,1685000,1600800
unbounded,1685,84250,delivered,1686000,1601750
unbounded,1686,84300,delivered,1687000,1602700
unbounded,1687,84350,delivered,1688000,1603650
unbounded,1688,84400,delivered,1689000,1604600
unbounded,1689,84450,delivered,1690000,1605550
unbounded,1690,84500,delivered,1691000,1606500
unbounded,1691,84550,delivered,1692000,1607450
unbounded,1692,84600,delivered,1693000,1608400
unbounded,1693,84650,delivered,1694000,1609350
unbounded,1694,84700,delivered,1695000,1610300
unbounded,1695,84750,delivered,1696000,1611250
unbounded,1696,84800,delivered,1697000,1612200
unbounded,1697,84850,delivered,1698000,1613150
unbounded,1698,84900,delivered,1699000,1614100
unbounded,1699,84950,delivered,1700000,1615050
unbounded,1700,85000,delivered,1701000,1616000
unbounded,1701,85050,delivered,1702000,1616950
unbounded,1702,85100,delivered,1703000,1617900
unbounded,1703,85150,delivered,1704000,1618850
unbounded,1704,85200,delivered,1705000,1619800
unbounded,1705,85250,delivered,1706000,1620750
unbounded,1706,85300,delivered,1707000,1621700
unbounded,1707,85350,delivered,1708000,1622650
unbounded,1708,85400,delivered,1709000,1623600
unbounded,1709,85450,delivered,1710000,1624550
unbounded,1710,85500,delivered,1711000,1625500
unbounded,1711,85550,delivered,1712000,1626450
unbounded,1712,85600,delivered,1713000,1627400
unbounded,1713,85650,delivered,1714000,1628350
unbounded,1714,85700,delivered,1715000,1629300
unbounded,1715,85750,delivered,1716000,1630250
unbounded,1716,85800,delivered,1717000,1631200
unbounded,1717,85850,delivered,1718000,1632150
unbounded,1718,85900,delivered,1719000,1633100
unbounded,1719,85950,delivered,1720000,1634050
unbounded,1720,86000,delivered,1721000,1635000
unbounded,1721,86050,delivered,1722000,1635950
unbounded,1722,86100,delivered,1723000,1636900
unbounded,1723,86150,delivered,1724000,1637850
unbounded,1724,86200,delivered,1725000,1638800
unbounded,1725,86250,delivered,1726000,1639750
unbounded,1726,86300,delivered,1727000,1640700
unbounded,1727,86350,delivered,1728000,1641650
unbounded,1728,86400,delivered,1729000,1642600
unbounded,1729,86450,delivered,1730000,1643550
unbounded,1730,86500,delivered,1731000,1644500
unbounded,1731,86550,delivered,1732000,1645450
unbounded,1732,86600,delivered,1733000,1646400
unbounded,1733,86650,delivered,1734000,1647350
unbounded,1734,86700,delivered,1735000,1648300
unbounded,1735,86750,delivered,1736000,1649250
unbounded,1736,86800,delivered,1737000,1650200
unbounded,1737,86850,delivered,1738000,1651150
unbounded,1738,86900,delivered,1739000,1652100
unbounded,1739,86950,delivered,1740000,1653050
unbounded,1740,87000,delivered,1741000,1654000
unbounded,1741,87050,delivered,1742000,1654950
unbounded,1742,87100,delivered,1743000,1655900
unbounded,1743,87150,delivered,1744000,1656850
unbounded,1744,87200,delivered,1745000,1657800
unbounded,1745,87250,delivered,1746000,1658750
unbounded,1746,87300,delivered,1747000,1659700
unbounded,1747,87350,delivered,1748000,1660650
unbounded,1748,87400,delivered,1749000,1661600
unbounded,1749,87450,delivered,1750000,1662550
unbounded,1750,87500,delivered,1751000,1663500
unbounded,1751,87550,delivered,1752000,1664450
unbounded,1752,87600,delivered,1753000,1665400
unbounded,1753,87650,delivered,1754000,1666350
unbounded,1754,87700,delivered,1755000,1667300
unbounded,1755,87750,delivered,1756000,1668250
unbounded,1756,87800,delivered,1757000,1669200
unbounded,1757,87850,delivered,1758000,1670150
unbounded,1758,87900,delivered,1759000,1671100
unbounded,1759,87950,delivered,1760000,1672050
unbounded,1760,88000,delivered,1761000,1673000
unbounded,1761,88050,delivered,1762000,1673950
unbounded,1762,88100,delivered,1763000,1674900
unbounded,1763,88150,delivered,1764000,1675850
unbounded,1764,88200,delivered,1765000,1676800
unbounded,1765,88250,delivered,1766000,1677750
unbounded,1766,88300,delivered,1767000,1678700
unbounded,1767,88350,delivered,1768000,1679650
unbounded,1768,88400,delivered,1769000,1680600
unbounded,1769,88450,delivered,1770000,1681550
unbounded,1770,88500,delivered,1771000,1682500
unbounded,1771,88550,delivered,1772000,1683450
unbounded,1772,88600,delivered,1773000,1684400
unbounded,1773,88650,delivered,1774000,1685350
unbounded,1774,88700,delivered,1775000,1686300
unbounded,1775,88750,delivered,1776000,1687250
unbounded,1776,88800,delivered,1777000,1688200
unbounded,1777,88850,delivered,1778000,1689150
unbounded,1778,88900,delivered,1779000,1690100
unbounded,1779,88950,delivered,1780000,1691050
unbounded,1780,89000,delivered,1781000,1692000
unbounded,1781,89050,delivered,1782000,1692950
unbounded,1782,89100,delivered,1783000,1693900
unbounded,1783,89150,delivered,1784000,1694850
unbounded,1784,89200,delivered,1785000,1695800
unbounded,1785,89250,delivered,1786000,1696750
unbounded,1786,89300,delivered,1787000,1697700
unbounded,1787,89350,delivered,1788000,1698650
unbounded,1788,89400,delivered,1789000,1699600
unbounded,1789,89450,delivered,1790000,1700550
unbounded,1790,89500,delivered,1791000,1701500
unbounded,1791,89550,delivered,1792000,1702450
unbounded,1792,89600,delivered,1793000,1703400
unbounded,1793,89650,delivered,1794000,1704350
unbounded,1794,89700,delivered,1795000,1705300
unbounded,1795,89750,delivered,1796000,1706250
unbounded,1796,89800,delivered,1797000,1707200
unbounded,1797,89850,delivered,1798000,1708150
unbounded,1798,89900,delivered,1799000,1709100
unbounded,1799,89950,delivered,1800000,1710050
unbounded,1800,90000,delivered,1801000,1711000
unbounded,1801,90050,delivered,1802000,1711950
unbounded,1802,90100,delivered,1803000,1712900
unbounded,1803,90150,delivered,1804000,1713850
unbounded,1804,90200,delivered,1805000,1714800
unbounded,1805,90250,delivered,1806000,1715750
unbounded,1806,90300,delivered,1807000,1716700
unbounded,1807,90350,delivered,1808000,1717650
unbounded,1808,90400,delivered,1809000,1718600
unbounded,1809,90450,delivered,1810000,1719550
unbounded,1810,90500,delivered,1811000,1720500
unbounded,1811,90550,delivered,1812000,1721450
unbounded,1812,90600,delivered,1813000,1722400
unbounded,1813,90650,delivered,1814000,1723350
unbounded,1814,90700,delivered,1815000,1724300
unbounded,1815,90750,delivered,1816000,1725250
unbounded,1816,90800,delivered,1817000,1726200
unbounded,1817,90850,delivered,1818000,1727150
unbounded,1818,90900,delivered,1819000,1728100
unbounded,1819,90950,delivered,1820000,1729050
unbounded,1820,91000,delivered,1821000,1730000
unbounded,1821,91050,delivered,1822000,1730950
unbounded,1822,91100,delivered,1823000,1731900
unbounded,1823,91150,delivered,1824000,1732850
unbounded,1824,91200,delivered,1825000,1733800
unbounded,1825,91250,delivered,1826000,1734750
unbounded,1826,91300,delivered,1827000,1735700
unbounded,1827,91350,delivered,1828000,1736650
unbounded,1828,91400,delivered,1829000,1737600
unbounded,1829,91450,delivered,1830000,1738550
unbounded,1830,91500,delivered,1831000,1739500
unbounded,1831,91550,delivered,1832000,1740450
unbounded,1832,91600,delivered,1833000,1741400
unbounded,1833,91650,delivered,1834000,1742350
unbounded,1834,91700,delivered,1835000,1743300
unbounded,1835,91750,delivered,1836000,1744250
unbounded,1836,91800,delivered,1837000,1745200
unbounded,1837,91850,delivered,1838000,1746150
unbounded,1838,91900,delivered,1839000,1747100
unbounded,1839,91950,delivered,1840000,1748050
unbounded,1840,92000,delivered,1841000,1749000
unbounded,1841,92050,delivered,1842000,1749950
unbounded,1842,92100,delivered,1843000,1750900
unbounded,1843,92150,delivered,1844000,1751850
unbounded,1844,92200,delivered,1845000,1752800
unbounded,1845,92250,delivered,1846000,1753750
unbounded,1846,92300,delivered,1847000,1754700
unbounded,1847,92350,delivered,1848000,1755650
unbounded,1848,92400,delivered,1849000,1756600
unbounded,1849,92450,delivered,1850000,1757550
unbounded,1850,92500,delivered,1851000,1758500
unbounded,1851,92550,delivered,1852000,1759450
unbounded,1852,92600,delivered,1853000,1760400
unbounded,1853,92650,delivered,1854000,1761350
unbounded,1854,92700,delivered,1855000,1762300
unbounded,1855,92750,delivered,1856000,1763250
unbounded,1856,92800,delivered,1857000,1764200
unbounded,1857,92850,delivered,1858000,1765150
unbounded,1858,92900,delivered,1859000,1766100
unbounded,1859,92950,delivered,1860000,1767050
unbounded,1860,93000,delivered,1861000,1768000
unbounded,1861,93050,delivered,1862000,1768950
unbounded,1862,93100,delivered,1863000,1769900
unbounded,1863,93150,delivered,1864000,1770850
unbounded,1864,93200,delivered,1865000,1771800
unbounded,1865,93250,delivered,1866000,1772750
unbounded,1866,93300,delivered,1867000,1773700
unbounded,1867,93350,delivered,1868000,1774650
unbounded,1868,93400,delivered,1869000,1775600
unbounded,1869,93450,delivered,1870000,1776550
unbounded,1870,93500,delivered,1871000,1777500
unbounded,1871,93550,delivered,1872000,1778450
unbounded,1872,93600,delivered,1873000,1779400
unbounded,1873,93650,delivered,1874000,1780350
unbounded,1874,93700,delivered,1875000,1781300
unbounded,1875,93750,delivered,1876000,1782250
unbounded,1876,93800,delivered,1877000,1783200
unbounded,1877,93850,delivered,1878000,1784150
unbounded,1878,93900,delivered,1879000,1785100
unbounded,1879,93950,delivered,1880000,1786050
unbounded,1880,94000,delivered,1881000,1787000
unbounded,1881,94050,delivered,1882000,1787950
unbounded,1882,94100,delivered,1883000,1788900
unbounded,1883,94150,delivered,1884000,1789850
unbounded,1884,94200,delivered,1885000,1790800
unbounded,1885,94250,delivered,1886000,1791750
unbounded,1886,94300,delivered,1887000,1792700
unbounded,1887,94350,delivered,1888000,1793650
unbounded,1888,94400,delivered,1889000,1794600
unbounded,1889,94450,delivered,1890000,1795550
unbounded,1890,94500,delivered,1891000,1796500
unbounded,1891,94550,delivered,1892000,1797450
unbounded,1892,94600,delivered,1893000,1798400
unbounded,1893,94650,delivered,1894000,1799350
unbounded,1894,94700,delivered,1895000,1800300
unbounded,1895,94750,delivered,1896000,1801250
unbounded,1896,94800,delivered,1897000,1802200
unbounded,1897,94850,delivered,1898000,1803150
unbounded,1898,94900,delivered,1899000,1804100
unbounded,1899,94950,delivered,1900000,1805050
unbounded,1900,95000,delivered,1901000,1806000
unbounded,1901,95050,delivered,1902000,1806950
unbounded,1902,95100,delivered,1903000,1807900
unbounded,1903,95150,delivered,1904000,1808850
unbounded,1904,95200,delivered,1905000,1809800
unbounded,1905,95250,delivered,1906000,1810750
unbounded,1906,95300,delivered,1907000,1811700
unbounded,1907,95350,delivered,1908000,1812650
unbounded,1908,95400,delivered,1909000,1813600
unbounded,1909,95450,delivered,1910000,1814550
unbounded,1910,95500,delivered,1911000,1815500
unbounded,1911,95550,delivered,1912000,1816450
unbounded,1912,95600,delivered,1913000,1817400
unbounded,1913,95650,delivered,1914000,1818350
unbounded,1914,95700,delivered,1915000,1819300
unbounded,1915,95750,delivered,1916000,1820250
unbounded,1916,95800,delivered,1917000,1821200
unbounded,1917,95850,delivered,1918000,1822150
unbounded,1918,95900,delivered,1919000,1823100
unbounded,1919,95950,delivered,1920000,1824050
unbounded,1920,96000,delivered,1921000,1825000
unbounded,1921,96050,delivered,1922000,1825950
unbounded,1922,96100,delivered,1923000,1826900
unbounded,1923,96150,delivered,1924000,1827850
unbounded,1924,96200,delivered,1925000,1828800
unbounded,1925,96250,delivered,1926000,1829750
unbounded,1926,96300,delivered,1927000,1830700
unbounded,1927,96350,delivered,1928000,1831650
unbounded,1928,96400,delivered,1929000,1832600
unbounded,1929,96450,delivered,1930000,1833550
unbounded,1930,96500,delivered,1931000,1834500
unbounded,1931,96550,delivered,1932000,1835450
unbounded,1932,96600,delivered,1933000,1836400
unbounded,1933,96650,delivered,1934000,1837350
unbounded,1934,96700,delivered,1935000,1838300
unbounded,1935,96750,delivered,1936000,1839250
unbounded,1936,96800,delivered,1937000,1840200
unbounded,1937,96850,delivered,1938000,1841150
unbounded,1938,96900,delivered,1939000,1842100
unbounded,1939,96950,delivered,1940000,1843050
unbounded,1940,97000,delivered,1941000,1844000
unbounded,1941,97050,delivered,1942000,1844950
unbounded,1942,97100,delivered,1943000,1845900
unbounded,1943,97150,delivered,1944000,1846850
unbounded,1944,97200,delivered,1945000,1847800
unbounded,1945,97250,delivered,1946000,1848750
unbounded,1946,97300,delivered,1947000,1849700
unbounded,1947,97350,delivered,1948000,1850650
unbounded,1948,97400,delivered,1949000,1851600
unbounded,1949,97450,delivered,1950000,1852550
unbounded,1950,97500,delivered,1951000,1853500
unbounded,1951,97550,delivered,1952000,1854450
unbounded,1952,97600,delivered,1953000,1855400
unbounded,1953,97650,delivered,1954000,1856350
unbounded,1954,97700,delivered,1955000,1857300
unbounded,1955,97750,delivered,1956000,1858250
unbounded,1956,97800,delivered,1957000,1859200
unbounded,1957,97850,delivered,1958000,1860150
unbounded,1958,97900,delivered,1959000,1861100
unbounded,1959,97950,delivered,1960000,1862050
unbounded,1960,98000,delivered,1961000,1863000
unbounded,1961,98050,delivered,1962000,1863950
unbounded,1962,98100,delivered,1963000,1864900
unbounded,1963,98150,delivered,1964000,1865850
unbounded,1964,98200,delivered,1965000,1866800
unbounded,1965,98250,delivered,1966000,1867750
unbounded,1966,98300,delivered,1967000,1868700
unbounded,1967,98350,delivered,1968000,1869650
unbounded,1968,98400,delivered,1969000,1870600
unbounded,1969,98450,delivered,1970000,1871550
unbounded,1970,98500,delivered,1971000,1872500
unbounded,1971,98550,delivered,1972000,1873450
unbounded,1972,98600,delivered,1973000,1874400
unbounded,1973,98650,delivered,1974000,1875350
unbounded,1974,98700,delivered,1975000,1876300
unbounded,1975,98750,delivered,1976000,1877250
unbounded,1976,98800,delivered,1977000,1878200
unbounded,1977,98850,delivered,1978000,1879150
unbounded,1978,98900,delivered,1979000,1880100
unbounded,1979,98950,delivered,1980000,1881050
unbounded,1980,99000,delivered,1981000,1882000
unbounded,1981,99050,delivered,1982000,1882950
unbounded,1982,99100,delivered,1983000,1883900
unbounded,1983,99150,delivered,1984000,1884850
unbounded,1984,99200,delivered,1985000,1885800
unbounded,1985,99250,delivered,1986000,1886750
unbounded,1986,99300,delivered,1987000,1887700
unbounded,1987,99350,delivered,1988000,1888650
unbounded,1988,99400,delivered,1989000,1889600
unbounded,1989,99450,delivered,1990000,1890550
unbounded,1990,99500,delivered,1991000,1891500
unbounded,1991,99550,delivered,1992000,1892450
unbounded,1992,99600,delivered,1993000,1893400
unbounded,1993,99650,delivered,1994000,1894350
unbounded,1994,99700,delivered,1995000,1895300
unbounded,1995,99750,delivered,1996000,1896250
unbounded,1996,99800,delivered,1997000,1897200
unbounded,1997,99850,delivered,1998000,1898150
unbounded,1998,99900,delivered,1999000,1899100
unbounded,1999,99950,delivered,2000000,1900050
bounded,0,0,delivered,1000,1000
bounded,1,50,delivered,2000,1950
bounded,2,100,delivered,3000,2900
bounded,3,150,delivered,4000,3850
bounded,4,200,delivered,5000,4800
bounded,5,250,delivered,6000,5750
bounded,6,300,delivered,7000,6700
bounded,7,350,delivered,8000,7650
bounded,8,400,delivered,9000,8600
bounded,9,450,delivered,10000,9550
bounded,10,500,delivered,11000,10500
bounded,11,550,delivered,12000,11450
bounded,12,600,delivered,13000,12400
bounded,13,650,delivered,14000,13350
bounded,14,700,delivered,15000,14300
bounded,15,750,delivered,16000,15250
bounded,16,800,delivered,17000,16200
bounded,17,850,delivered,18000,17150
bounded,18,900,delivered,19000,18100
bounded,19,950,delivered,20000,19050
bounded,20,1000,delivered,21000,20000
bounded,21,1050,delivered,22000,20950
bounded,22,1100,delivered,23000,21900
bounded,23,1150,delivered,24000,22850
bounded,24,1200,delivered,25000,23800
bounded,25,1250,delivered,26000,24750
bounded,26,1300,delivered,27000,25700
bounded,27,1350,delivered,28000,26650
bounded,28,1400,delivered,29000,27600
bounded,29,1450,delivered,30000,28550
bounded,30,1500,delivered,31000,29500
bounded,31,1550,delivered,32000,30450
bounded,32,1600,delivered,33000,31400
bounded,33,1650,delivered,34000,32350
bounded,34,1700,delivered,35000,33300
bounded,35,1750,delivered,36000,34250
bounded,36,1800,delivered,37000,35200
bounded,37,1850,delivered,38000,36150
bounded,38,1900,delivered,39000,37100
bounded,39,1950,delivered,40000,38050
bounded,40,2000,delivered,41000,39000
bounded,41,2050,delivered,42000,39950
bounded,42,2100,delivered,43000,40900
bounded,43,2150,delivered,44000,41850
bounded,44,2200,delivered,45000,42800
bounded,45,2250,delivered,46000,43750
bounded,46,2300,delivered,47000,44700
bounded,47,2350,delivered,48000,45650
bounded,48,2400,delivered,49000,46600
bounded,49,2450,delivered,50000,47550
bounded,50,2500,delivered,51000,48500
bounded,51,2550,delivered,52000,49450
bounded,52,2600,delivered,53000,50400
bounded,53,2650,delivered,54000,51350
bounded,54,2700,delivered,55000,52300
bounded,55,2750,delivered,56000,53250
bounded,56,2800,delivered,57000,54200
bounded,57,2850,delivered,58000,55150
bounded,58,2900,delivered,59000,56100
bounded,59,2950,delivered,60000,57050
bounded,60,3000,delivered,61000,58000
bounded,61,3050,delivered,62000,58950
bounded,62,3100,delivered,63000,59900
bounded,63,3150,delivered,64000,60850
bounded,64,3200,delivered,65000,61800
bounded,65,3250,delivered,66000,62750
bounded,66,3300,delivered,67000,63700
bounded,67,3350,overflow,,
bounded,68,3400,overflow,,
bounded,69,3450,overflow,,
bounded,70,3500,overflow,,
bounded,71,3550,overflow,,
bounded,72,3600,overflow,,
bounded,73,3650,overflow,,
bounded,74,3700,overflow,,
bounded,75,3750,overflow,,
bounded,76,3800,overflow,,
bounded,77,3850,overflow,,
bounded,78,3900,overflow,,
bounded,79,3950,overflow,,
bounded,80,4000,delivered,68000,64000
bounded,81,4050,overflow,,
bounded,82,4100,overflow,,
bounded,83,4150,overflow,,
bounded,84,4200,overflow,,
bounded,85,4250,overflow,,
bounded,86,4300,overflow,,
bounded,87,4350,overflow,,
bounded,88,4400,overflow,,
bounded,89,4450,overflow,,
bounded,90,4500,overflow,,
bounded,91,4550,overflow,,
bounded,92,4600,overflow,,
bounded,93,4650,overflow,,
bounded,94,4700,overflow,,
bounded,95,4750,overflow,,
bounded,96,4800,overflow,,
bounded,97,4850,overflow,,
bounded,98,4900,overflow,,
bounded,99,4950,overflow,,
bounded,100,5000,delivered,69000,64000
bounded,101,5050,overflow,,
bounded,102,5100,overflow,,
bounded,103,5150,overflow,,
bounded,104,5200,overflow,,
bounded,105,5250,overflow,,
bounded,106,5300,overflow,,
bounded,107,5350,overflow,,
bounded,108,5400,overflow,,
bounded,109,5450,overflow,,
bounded,110,5500,overflow,,
bounded,111,5550,overflow,,
bounded,112,5600,overflow,,
bounded,113,5650,overflow,,
bounded,114,5700,overflow,,
bounded,115,5750,overflow,,
bounded,116,5800,overflow,,
bounded,117,5850,overflow,,
bounded,118,5900,overflow,,
bounded,119,5950,overflow,,
bounded,120,6000,delivered,70000,64000
bounded,121,6050,overflow,,
bounded,122,6100,overflow,,
bounded,123,6150,overflow,,
bounded,124,6200,overflow,,
bounded,125,6250,overflow,,
bounded,126,6300,overflow,,
bounded,127,6350,overflow,,
bounded,128,6400,overflow,,
bounded,129,6450,overflow,,
bounded,130,6500,overflow,,
bounded,131,6550,overflow,,
bounded,132,6600,overflow,,
bounded,133,6650,overflow,,
bounded,134,6700,overflow,,
bounded,135,6750,overflow,,
bounded,136,6800,overflow,,
bounded,137,6850,overflow,,
bounded,138,6900,overflow,,
bounded,139,6950,overflow,,
bounded,140,7000,delivered,71000,64000
bounded,141,7050,overflow,,
bounded,142,7100,overflow,,
bounded,143,7150,overflow,,
bounded,144,7200,overflow,,
bounded,145,7250,overflow,,
bounded,146,7300,overflow,,
bounded,147,7350,overflow,,
bounded,148,7400,overflow,,
bounded,149,7450,overflow,,
bounded,150,7500,overflow,,
bounded,151,7550,overflow,,
bounded,152,7600,overflow,,
bounded,153,7650,overflow,,
bounded,154,7700,overflow,,
bounded,155,7750,overflow,,
bounded,156,7800,overflow,,
bounded,157,7850,overflow,,
bounded,158,7900,overflow,,
bounded,159,7950,overflow,,
bounded,160,8000,delivered,72000,64000
bounded,161,8050,overflow,,
bounded,162,8100,overflow,,
bounded,163,8150,overflow,,
bounded,164,8200,overflow,,
bounded,165,8250,overflow,,
bounded,166,8300,overflow,,
bounded,167,8350,overflow,,
bounded,168,8400,overflow,,
bounded,169,8450,overflow,,
bounded,170,8500,overflow,,
bounded,171,8550,overflow,,
bounded,172,8600,overflow,,
bounded,173,8650,overflow,,
bounded,174,8700,overflow,,
bounded,175,8750,overflow,,
bounded,176,8800,overflow,,
bounded,177,8850,overflow,,
bounded,178,8900,overflow,,
bounded,179,8950,overflow,,
bounded,180,9000,delivered,73000,64000
bounded,181,9050,overflow,,
bounded,182,9100,overflow,,
bounded,183,9150,overflow,,
bounded,184,9200,overflow,,
bounded,185,9250,overflow,,
bounded,186,9300,overflow,,
bounded,187,9350,overflow,,
bounded,188,9400,overflow,,
bounded,189,9450,overflow,,
bounded,190,9500,overflow,,
bounded,191,9550,overflow,,
bounded,192,9600,overflow,,
bounded,193,9650,overflow,,
bounded,194,9700,overflow,,
bounded,195,9750,overflow,,
bounded,196,9800,overflow,,
bounded,197,9850,overflow,,
bounded,198,9900,overflow,,
bounded,199,9950,overflow,,
bounded,200,10000,delivered,74000,64000
bounded,201,10050,overflow,,
bounded,202,10100,overflow,,
bounded,203,10150,overflow,,
bounded,204,10200,overflow,,
bounded,205,10250,overflow,,
bounded,206,10300,overflow,,
bounded,207,10350,overflow,,
bounded,208,10400,overflow,,
bounded,209,10450,overflow,,
bounded,210,10500,overflow,,
bounded,211,10550,overflow,,
bounded,212,10600,overflow,,
bounded,213,10650,overflow,,
bounded,214,10700,overflow,,
bounded,215,10750,overflow,,
bounded,216,10800,overflow,,
bounded,217,10850,overflow,,
bounded,218,10900,overflow,,
bounded,219,10950,overflow,,
bounded,220,11000,delivered,75000,64000
bounded,221,11050,overflow,,
bounded,222,11100,overflow,,
bounded,223,11150,overflow,,
bounded,224,11200,overflow,,
bounded,225,11250,overflow,,
bounded,226,11300,overflow,,
bounded,227,11350,overflow,,
bounded,228,11400,overflow,,
bounded,229,11450,overflow,,
bounded,230,11500,overflow,,
bounded,231,11550,overflow,,
bounded,232,11600,overflow,,
bounded,233,11650,overflow,,
bounded,234,11700,overflow,,
bounded,235,11750,overflow,,
bounded,236,11800,overflow,,
bounded,237,11850,overflow,,
bounded,238,11900,overflow,,
bounded,239,11950,overflow,,
bounded,240,12000,delivered,76000,64000
bounded,241,12050,overflow,,
bounded,242,12100,overflow,,
bounded,243,12150,overflow,,
bounded,244,12200,overflow,,
bounded,245,12250,overflow,,
bounded,246,12300,overflow,,
bounded,247,12350,overflow,,
bounded,248,12400,overflow,,
bounded,249,12450,overflow,,
bounded,250,12500,overflow,,
bounded,251,12550,overflow,,
bounded,252,12600,overflow,,
bounded,253,12650,overflow,,
bounded,254,12700,overflow,,
bounded,255,12750,overflow,,
bounded,256,12800,overflow,,
bounded,257,12850,overflow,,
bounded,258,12900,overflow,,
bounded,259,12950,overflow,,
bounded,260,13000,delivered,77000,64000
bounded,261,13050,overflow,,
bounded,262,13100,overflow,,
bounded,263,13150,overflow,,
bounded,264,13200,overflow,,
bounded,265,13250,overflow,,
bounded,266,13300,overflow,,
bounded,267,13350,overflow,,
bounded,268,13400,overflow,,
bounded,269,13450,overflow,,
bounded,270,13500,overflow,,
bounded,271,13550,overflow,,
bounded,272,13600,overflow,,
bounded,273,13650,overflow,,
bounded,274,13700,overflow,,
bounded,275,13750,overflow,,
bounded,276,13800,overflow,,
bounded,277,13850,overflow,,
bounded,278,13900,overflow,,
bounded,279,13950,overflow,,
bounded,280,14000,delivered,78000,64000
bounded,281,14050,overflow,,
bounded,282,14100,overflow,,
bounded,283,14150,overflow,,
bounded,284,14200,overflow,,
bounded,285,14250,overflow,,
bounded,286,14300,overflow,,
bounded,287,14350,overflow,,
bounded,288,14400,overflow,,
bounded,289,14450,overflow,,
bounded,290,14500,overflow,,
bounded,291,14550,overflow,,
bounded,292,14600,overflow,,
bounded,293,14650,overflow,,
bounded,294,14700,overflow,,
bounded,295,14750,overflow,,
bounded,296,14800,overflow,,
bounded,297,14850,overflow,,
bounded,298,14900,overflow,,
bounded,299,14950,overflow,,
bounded,300,15000,delivered,79000,64000
bounded,301,15050,overflow,,
bounded,302,15100,overflow,,
bounded,303,15150,overflow,,
bounded,304,15200,overflow,,
bounded,305,15250,overflow,,
bounded,306,15300,overflow,,
bounded,307,15350,overflow,,
bounded,308,15400,overflow,,
bounded,309,15450,overflow,,
bounded,310,15500,overflow,,
bounded,311,15550,overflow,,
bounded,312,15600,overflow,,
bounded,313,15650,overflow,,
bounded,314,15700,overflow,,
bounded,315,15750,overflow,,
bounded,316,15800,overflow,,
bounded,317,15850,overflow,,
bounded,318,15900,overflow,,
bounded,319,15950,overflow,,
bounded,320,16000,delivered,80000,64000
bounded,321,16050,overflow,,
bounded,322,16100,overflow,,
bounded,323,16150,overflow,,
bounded,324,16200,overflow,,
bounded,325,16250,overflow,,
bounded,326,16300,overflow,,
bounded,327,16350,overflow,,
bounded,328,16400,overflow,,
bounded,329,16450,overflow,,
bounded,330,16500,overflow,,
bounded,331,16550,overflow,,
bounded,332,16600,overflow,,
bounded,333,16650,overflow,,
bounded,334,16700,overflow,,
bounded,335,16750,overflow,,
bounded,336,16800,overflow,,
bounded,337,16850,overflow,,
bounded,338,16900,overflow,,
bounded,339,16950,overflow,,
bounded,340,17000,delivered,81000,64000
bounded,341,17050,overflow,,
bounded,342,17100,overflow,,
bounded,343,17150,overflow,,
bounded,344,17200,overflow,,
bounded,345,17250,overflow,,
bounded,346,17300,overflow,,
bounded,347,17350,overflow,,
bounded,348,17400,overflow,,
bounded,349,17450,overflow,,
bounded,350,17500,overflow,,
bounded,351,17550,overflow,,
bounded,352,17600,overflow,,
bounded,353,17650,overflow,,
bounded,354,17700,overflow,,
bounded,355,17750,overflow,,
bounded,356,17800,overflow,,
bounded,357,17850,overflow,,
bounded,358,17900,overflow,,
bounded,359,17950,overflow,,
bounded,360,18000,delivered,82000,64000
bounded,361,18050,overflow,,
bounded,362,18100,overflow,,
bounded,363,18150,overflow,,
bounded,364,18200,overflow,,
bounded,365,18250,overflow,,
bounded,366,18300,overflow,,
bounded,367,18350,overflow,,
bounded,368,18400,overflow,,
bounded,369,18450,overflow,,
bounded,370,18500,overflow,,
bounded,371,18550,overflow,,
bounded,372,18600,overflow,,
bounded,373,18650,overflow,,
bounded,374,18700,overflow,,
bounded,375,18750,overflow,,
bounded,376,18800,overflow,,
bounded,377,18850,overflow,,
bounded,378,18900,overflow,,
bounded,379,18950,overflow,,
bounded,380,19000,delivered,83000,64000
bounded,381,19050,overflow,,
bounded,382,19100,overflow,,
bounded,383,19150,overflow,,
bounded,384,19200,overflow,,
bounded,385,19250,overflow,,
bounded,386,19300,overflow,,
bounded,387,19350,overflow,,
bounded,388,19400,overflow,,
bounded,389,19450,overflow,,
bounded,390,19500,overflow,,
bounded,391,19550,overflow,,
bounded,392,19600,overflow,,
bounded,393,19650,overflow,,
bounded,394,19700,overflow,,
bounded,395,19750,overflow,,
bounded,396,19800,overflow,,
bounded,397,19850,overflow,,
bounded,398,19900,overflow,,
bounded,399,19950,overflow,,
bounded,400,20000,delivered,84000,64000
bounded,401,20050,overflow,,
bounded,402,20100,overflow,,
bounded,403,20150,overflow,,
bounded,404,20200,overflow,,
bounded,405,20250,overflow,,
bounded,406,20300,overflow,,
bounded,407,20350,overflow,,
bounded,408,20400,overflow,,
bounded,409,20450,overflow,,
bounded,410,20500,overflow,,
bounded,411,20550,overflow,,
bounded,412,20600,overflow,,
bounded,413,20650,overflow,,
bounded,414,20700,overflow,,
bounded,415,20750,overflow,,
bounded,416,20800,overflow,,
bounded,417,20850,overflow,,
bounded,418,20900,overflow,,
bounded,419,20950,overflow,,
bounded,420,21000,delivered,85000,64000
bounded,421,21050,overflow,,
bounded,422,21100,overflow,,
bounded,423,21150,overflow,,
bounded,424,21200,overflow,,
bounded,425,21250,overflow,,
bounded,426,21300,overflow,,
bounded,427,21350,overflow,,
bounded,428,21400,overflow,,
bounded,429,21450,overflow,,
bounded,430,21500,overflow,,
bounded,431,21550,overflow,,
bounded,432,21600,overflow,,
bounded,433,21650,overflow,,
bounded,434,21700,overflow,,
bounded,435,21750,overflow,,
bounded,436,21800,overflow,,
bounded,437,21850,overflow,,
bounded,438,21900,overflow,,
bounded,439,21950,overflow,,
bounded,440,22000,delivered,86000,64000
bounded,441,22050,overflow,,
bounded,442,22100,overflow,,
bounded,443,22150,overflow,,
bounded,444,22200,overflow,,
bounded,445,22250,overflow,,
bounded,446,22300,overflow,,
bounded,447,22350,overflow,,
bounded,448,22400,overflow,,
bounded,449,22450,overflow,,
bounded,450,22500,overflow,,
bounded,451,22550,overflow,,
bounded,452,22600,overflow,,
bounded,453,22650,overflow,,
bounded,454,22700,overflow,,
bounded,455,22750,overflow,,
bounded,456,22800,overflow,,
bounded,457,22850,overflow,,
bounded,458,22900,overflow,,
bounded,459,22950,overflow,,
bounded,460,23000,delivered,87000,64000
bounded,461,23050,overflow,,
bounded,462,23100,overflow,,
bounded,463,23150,overflow,,
bounded,464,23200,overflow,,
bounded,465,23250,overflow,,
bounded,466,23300,overflow,,
bounded,467,23350,overflow,,
bounded,468,23400,overflow,,
bounded,469,23450,overflow,,
bounded,470,23500,overflow,,
bounded,471,23550,overflow,,
bounded,472,23600,overflow,,
bounded,473,23650,overflow,,
bounded,474,23700,overflow,,
bounded,475,23750,overflow,,
bounded,476,23800,overflow,,
bounded,477,23850,overflow,,
bounded,478,23900,overflow,,
bounded,479,23950,overflow,,
bounded,480,24000,delivered,88000,64000
bounded,481,24050,overflow,,
bounded,482,24100,overflow,,
bounded,483,24150,overflow,,
bounded,484,24200,overflow,,
bounded,485,24250,overflow,,
bounded,486,24300,overflow,,
bounded,487,24350,overflow,,
bounded,488,24400,overflow,,
bounded,489,24450,overflow,,
bounded,490,24500,overflow,,
bounded,491,24550,overflow,,
bounded,492,24600,overflow,,
bounded,493,24650,overflow,,
bounded,494,24700,overflow,,
bounded,495,24750,overflow,,
bounded,496,24800,overflow,,
bounded,497,24850,overflow,,
bounded,498,24900,overflow,,
bounded,499,24950,overflow,,
bounded,500,25000,delivered,89000,64000
bounded,501,25050,overflow,,
bounded,502,25100,overflow,,
bounded,503,25150,overflow,,
bounded,504,25200,overflow,,
bounded,505,25250,overflow,,
bounded,506,25300,overflow,,
bounded,507,25350,overflow,,
bounded,508,25400,overflow,,
bounded,509,25450,overflow,,
bounded,510,25500,overflow,,
bounded,511,25550,overflow,,
bounded,512,25600,overflow,,
bounded,513,25650,overflow,,
bounded,514,25700,overflow,,
bounded,515,25750,overflow,,
bounded,516,25800,overflow,,
bounded,517,25850,overflow,,
bounded,518,25900,overflow,,
bounded,519,25950,overflow,,
bounded,520,26000,delivered,90000,64000
bounded,521,26050,overflow,,
bounded,522,26100,overflow,,
bounded,523,26150,overflow,,
bounded,524,26200,overflow,,
bounded,525,26250,overflow,,
bounded,526,26300,overflow,,
bounded,527,26350,overflow,,
bounded,528,26400,overflow,,
bounded,529,26450,overflow,,
bounded,530,26500,overflow,,
bounded,531,26550,overflow,,
bounded,532,26600,overflow,,
bounded,533,26650,overflow,,
bounded,534,26700,overflow,,
bounded,535,26750,overflow,,
bounded,536,26800,overflow,,
bounded,537,26850,overflow,,
bounded,538,26900,overflow,,
bounded,539,26950,overflow,,
bounded,540,27000,delivered,91000,64000
bounded,541,27050,overflow,,
bounded,542,27100,overflow,,
bounded,543,27150,overflow,,
bounded,544,27200,overflow,,
bounded,545,27250,overflow,,
bounded,546,27300,overflow,,
bounded,547,27350,overflow,,
bounded,548,27400,overflow,,
bounded,549,27450,overflow,,
bounded,550,27500,overflow,,
bounded,551,27550,overflow,,
bounded,552,27600,overflow,,
bounded,553,27650,overflow,,
bounded,554,27700,overflow,,
bounded,555,27750,overflow,,
bounded,556,27800,overflow,,
bounded,557,27850,overflow,,
bounded,558,27900,overflow,,
bounded,559,27950,overflow,,
bounded,560,28000,delivered,92000,64000
bounded,561,28050,overflow,,
bounded,562,28100,overflow,,
bounded,563,28150,overflow,,
bounded,564,28200,overflow,,
bounded,565,28250,overflow,,
bounded,566,28300,overflow,,
bounded,567,28350,overflow,,
bounded,568,28400,overflow,,
bounded,569,28450,overflow,,
bounded,570,28500,overflow,,
bounded,571,28550,overflow,,
bounded,572,28600,overflow,,
bounded,573,28650,overflow,,
bounded,574,28700,overflow,,
bounded,575,28750,overflow,,
bounded,576,28800,overflow,,
bounded,577,28850,overflow,,
bounded,578,28900,overflow,,
bounded,579,28950,overflow,,
bounded,580,29000,delivered,93000,64000
bounded,581,29050,overflow,,
bounded,582,29100,overflow,,
bounded,583,29150,overflow,,
bounded,584,29200,overflow,,
bounded,585,29250,overflow,,
bounded,586,29300,overflow,,
bounded,587,29350,overflow,,
bounded,588,29400,overflow,,
bounded,589,29450,overflow,,
bounded,590,29500,overflow,,
bounded,591,29550,overflow,,
bounded,592,29600,overflow,,
bounded,593,29650,overflow,,
bounded,594,29700,overflow,,
bounded,595,29750,overflow,,
bounded,596,29800,overflow,,
bounded,597,29850,overflow,,
bounded,598,29900,overflow,,
bounded,599,29950,overflow,,
bounded,600,30000,delivered,94000,64000
bounded,601,30050,overflow,,
bounded,602,30100,overflow,,
bounded,603,30150,overflow,,
bounded,604,30200,overflow,,
bounded,605,30250,overflow,,
bounded,606,30300,overflow,,
bounded,607,30350,overflow,,
bounded,608,30400,overflow,,
bounded,609,30450,overflow,,
bounded,610,30500,overflow,,
bounded,611,30550,overflow,,
bounded,612,30600,overflow,,
bounded,613,30650,overflow,,
bounded,614,30700,overflow,,
bounded,615,30750,overflow,,
bounded,616,30800,overflow,,
bounded,617,30850,overflow,,
bounded,618,30900,overflow,,
bounded,619,30950,overflow,,
bounded,620,31000,delivered,95000,64000
bounded,621,31050,overflow,,
bounded,622,31100,overflow,,
bounded,623,31150,overflow,,
bounded,624,31200,overflow,,
bounded,625,31250,overflow,,
bounded,626,31300,overflow,,
bounded,627,31350,overflow,,
bounded,628,31400,overflow,,
bounded,629,31450,overflow,,
bounded,630,31500,overflow,,
bounded,631,31550,overflow,,
bounded,632,31600,overflow,,
bounded,633,31650,overflow,,
bounded,634,31700,overflow,,
bounded,635,31750,overflow,,
bounded,636,31800,overflow,,
bounded,637,31850,overflow,,
bounded,638,31900,overflow,,
bounded,639,31950,overflow,,
bounded,640,32000,delivered,96000,64000
bounded,641,32050,overflow,,
bounded,642,32100,overflow,,
bounded,643,32150,overflow,,
bounded,644,32200,overflow,,
bounded,645,32250,overflow,,
bounded,646,32300,overflow,,
bounded,647,32350,overflow,,
bounded,648,32400,overflow,,
bounded,649,32450,overflow,,
bounded,650,32500,overflow,,
bounded,651,32550,overflow,,
bounded,652,32600,overflow,,
bounded,653,32650,overflow,,
bounded,654,32700,overflow,,
bounded,655,32750,overflow,,
bounded,656,32800,overflow,,
bounded,657,32850,overflow,,
bounded,658,32900,overflow,,
bounded,659,32950,overflow,,
bounded,660,33000,delivered,97000,64000
bounded,661,33050,overflow,,
bounded,662,33100,overflow,,
bounded,663,33150,overflow,,
bounded,664,33200,overflow,,
bounded,665,33250,overflow,,
bounded,666,33300,overflow,,
bounded,667,33350,overflow,,
bounded,668,33400,overflow,,
bounded,669,33450,overflow,,
bounded,670,33500,overflow,,
bounded,671,33550,overflow,,
bounded,672,33600,overflow,,
bounded,673,33650,overflow,,
bounded,674,33700,overflow,,
bounded,675,33750,overflow,,
bounded,676,33800,overflow,,
bounded,677,33850,overflow,,
bounded,678,33900,overflow,,
bounded,679,33950,overflow,,
bounded,680,34000,delivered,98000,64000
bounded,681,34050,overflow,,
bounded,682,34100,overflow,,
bounded,683,34150,overflow,,
bounded,684,34200,overflow,,
bounded,685,34250,overflow,,
bounded,686,34300,overflow,,
bounded,687,34350,overflow,,
bounded,688,34400,overflow,,
bounded,689,34450,overflow,,
bounded,690,34500,overflow,,
bounded,691,34550,overflow,,
bounded,692,34600,overflow,,
bounded,693,34650,overflow,,
bounded,694,34700,overflow,,
bounded,695,34750,overflow,,
bounded,696,34800,overflow,,
bounded,697,34850,overflow,,
bounded,698,34900,overflow,,
bounded,699,34950,overflow,,
bounded,700,35000,delivered,99000,64000
bounded,701,35050,overflow,,
bounded,702,35100,overflow,,
bounded,703,35150,overflow,,
bounded,704,35200,overflow,,
bounded,705,35250,overflow,,
bounded,706,35300,overflow,,
bounded,707,35350,overflow,,
bounded,708,35400,overflow,,
bounded,709,35450,overflow,,
bounded,710,35500,overflow,,
bounded,711,35550,overflow,,
bounded,712,35600,overflow,,
bounded,713,35650,overflow,,
bounded,714,35700,overflow,,
bounded,715,35750,overflow,,
bounded,716,35800,overflow,,
bounded,717,35850,overflow,,
bounded,718,35900,overflow,,
bounded,719,35950,overflow,,
bounded,720,36000,delivered,100000,64000
bounded,721,36050,overflow,,
bounded,722,36100,overflow,,
bounded,723,36150,overflow,,
bounded,724,36200,overflow,,
bounded,725,36250,overflow,,
bounded,726,36300,overflow,,
bounded,727,36350,overflow,,
bounded,728,36400,overflow,,
bounded,729,36450,overflow,,
bounded,730,36500,overflow,,
bounded,731,36550,overflow,,
bounded,732,36600,overflow,,
bounded,733,36650,overflow,,
bounded,734,36700,overflow,,
bounded,735,36750,overflow,,
bounded,736,36800,overflow,,
bounded,737,36850,overflow,,
bounded,738,36900,overflow,,
bounded,739,36950,overflow,,
bounded,740,37000,delivered,101000,64000
bounded,741,37050,overflow,,
bounded,742,37100,overflow,,
bounded,743,37150,overflow,,
bounded,744,37200,overflow,,
bounded,745,37250,overflow,,
bounded,746,37300,overflow,,
bounded,747,37350,overflow,,
bounded,748,37400,overflow,,
bounded,749,37450,overflow,,
bounded,750,37500,overflow,,
bounded,751,37550,overflow,,
bounded,752,37600,overflow,,
bounded,753,37650,overflow,,
bounded,754,37700,overflow,,
bounded,755,37750,overflow,,
bounded,756,37800,overflow,,
bounded,757,37850,overflow,,
bounded,758,37900,overflow,,
bounded,759,37950,overflow,,
bounded,760,38000,delivered,102000,64000
bounded,761,38050,overflow,,
bounded,762,38100,overflow,,
bounded,763,38150,overflow,,
bounded,764,38200,overflow,,
bounded,765,38250,overflow,,
bounded,766,38300,overflow,,
bounded,767,38350,overflow,,
bounded,768,38400,overflow,,
bounded,769,38450,overflow,,
bounded,770,38500,overflow,,
bounded,771,38550,overflow,,
bounded,772,38600,overflow,,
bounded,773,38650,overflow,,
bounded,774,38700,overflow,,
bounded,775,38750,overflow,,
bounded,776,38800,overflow,,
bounded,777,38850,overflow,,
bounded,778,38900,overflow,,
bounded,779,38950,overflow,,
bounded,780,39000,delivered,103000,64000
bounded,781,39050,overflow,,
bounded,782,39100,overflow,,
bounded,783,39150,overflow,,
bounded,784,39200,overflow,,
bounded,785,39250,overflow,,
bounded,786,39300,overflow,,
bounded,787,39350,overflow,,
bounded,788,39400,overflow,,
bounded,789,39450,overflow,,
bounded,790,39500,overflow,,
bounded,791,39550,overflow,,
bounded,792,39600,overflow,,
bounded,793,39650,overflow,,
bounded,794,39700,overflow,,
bounded,795,39750,overflow,,
bounded,796,39800,overflow,,
bounded,797,39850,overflow,,
bounded,798,39900,overflow,,
bounded,799,39950,overflow,,
bounded,800,40000,delivered,104000,64000
bounded,801,40050,overflow,,
bounded,802,40100,overflow,,
bounded,803,40150,overflow,,
bounded,804,40200,overflow,,
bounded,805,40250,overflow,,
bounded,806,40300,overflow,,
bounded,807,40350,overflow,,
bounded,808,40400,overflow,,
bounded,809,40450,overflow,,
bounded,810,40500,overflow,,
bounded,811,40550,overflow,,
bounded,812,40600,overflow,,
bounded,813,40650,overflow,,
bounded,814,40700,overflow,,
bounded,815,40750,overflow,,
bounded,816,40800,overflow,,
bounded,817,40850,overflow,,
bounded,818,40900,overflow,,
bounded,819,40950,overflow,,
bounded,820,41000,delivered,105000,64000
bounded,821,41050,overflow,,
bounded,822,41100,overflow,,
bounded,823,41150,overflow,,
bounded,824,41200,overflow,,
bounded,825,41250,overflow,,
bounded,826,41300,overflow,,
bounded,827,41350,overflow,,
bounded,828,41400,overflow,,
bounded,829,41450,overflow,,
bounded,830,41500,overflow,,
bounded,831,41550,overflow,,
bounded,832,41600,overflow,,
bounded,833,41650,overflow,,
bounded,834,41700,overflow,,
bounded,835,41750,overflow,,
bounded,836,41800,overflow,,
bounded,837,41850,overflow,,
bounded,838,41900,overflow,,
bounded,839,41950,overflow,,
bounded,840,42000,delivered,106000,64000
bounded,841,42050,overflow,,
bounded,842,42100,overflow,,
bounded,843,42150,overflow,,
bounded,844,42200,overflow,,
bounded,845,42250,overflow,,
bounded,846,42300,overflow,,
bounded,847,42350,overflow,,
bounded,848,42400,overflow,,
bounded,849,42450,overflow,,
bounded,850,42500,overflow,,
bounded,851,42550,overflow,,
bounded,852,42600,overflow,,
bounded,853,42650,overflow,,
bounded,854,42700,overflow,,
bounded,855,42750,overflow,,
bounded,856,42800,overflow,,
bounded,857,42850,overflow,,
bounded,858,42900,overflow,,
bounded,859,42950,overflow,,
bounded,860,43000,delivered,107000,64000
bounded,861,43050,overflow,,
bounded,862,43100,overflow,,
bounded,863,43150,overflow,,
bounded,864,43200,overflow,,
bounded,865,43250,overflow,,
bounded,866,43300,overflow,,
bounded,867,43350,overflow,,
bounded,868,43400,overflow,,
bounded,869,43450,overflow,,
bounded,870,43500,overflow,,
bounded,871,43550,overflow,,
bounded,872,43600,overflow,,
bounded,873,43650,overflow,,
bounded,874,43700,overflow,,
bounded,875,43750,overflow,,
bounded,876,43800,overflow,,
bounded,877,43850,overflow,,
bounded,878,43900,overflow,,
bounded,879,43950,overflow,,
bounded,880,44000,delivered,108000,64000
bounded,881,44050,overflow,,
bounded,882,44100,overflow,,
bounded,883,44150,overflow,,
bounded,884,44200,overflow,,
bounded,885,44250,overflow,,
bounded,886,44300,overflow,,
bounded,887,44350,overflow,,
bounded,888,44400,overflow,,
bounded,889,44450,overflow,,
bounded,890,44500,overflow,,
bounded,891,44550,overflow,,
bounded,892,44600,overflow,,
bounded,893,44650,overflow,,
bounded,894,44700,overflow,,
bounded,895,44750,overflow,,
bounded,896,44800,overflow,,
bounded,897,44850,overflow,,
bounded,898,44900,overflow,,
bounded,899,44950,overflow,,
bounded,900,45000,delivered,109000,64000
bounded,901,45050,overflow,,
bounded,902,45100,overflow,,
bounded,903,45150,overflow,,
bounded,904,45200,overflow,,
bounded,905,45250,overflow,,
bounded,906,45300,overflow,,
bounded,907,45350,overflow,,
bounded,908,45400,overflow,,
bounded,909,45450,overflow,,
bounded,910,45500,overflow,,
bounded,911,45550,overflow,,
bounded,912,45600,overflow,,
bounded,913,45650,overflow,,
bounded,914,45700,overflow,,
bounded,915,45750,overflow,,
bounded,916,45800,overflow,,
bounded,917,45850,overflow,,
bounded,918,45900,overflow,,
bounded,919,45950,overflow,,
bounded,920,46000,delivered,110000,64000
bounded,921,46050,overflow,,
bounded,922,46100,overflow,,
bounded,923,46150,overflow,,
bounded,924,46200,overflow,,
bounded,925,46250,overflow,,
bounded,926,46300,overflow,,
bounded,927,46350,overflow,,
bounded,928,46400,overflow,,
bounded,929,46450,overflow,,
bounded,930,46500,overflow,,
bounded,931,46550,overflow,,
bounded,932,46600,overflow,,
bounded,933,46650,overflow,,
bounded,934,46700,overflow,,
bounded,935,46750,overflow,,
bounded,936,46800,overflow,,
bounded,937,46850,overflow,,
bounded,938,46900,overflow,,
bounded,939,46950,overflow,,
bounded,940,47000,delivered,111000,64000
bounded,941,47050,overflow,,
bounded,942,47100,overflow,,
bounded,943,47150,overflow,,
bounded,944,47200,overflow,,
bounded,945,47250,overflow,,
bounded,946,47300,overflow,,
bounded,947,47350,overflow,,
bounded,948,47400,overflow,,
bounded,949,47450,overflow,,
bounded,950,47500,overflow,,
bounded,951,47550,overflow,,
bounded,952,47600,overflow,,
bounded,953,47650,overflow,,
bounded,954,47700,overflow,,
bounded,955,47750,overflow,,
bounded,956,47800,overflow,,
bounded,957,47850,overflow,,
bounded,958,47900,overflow,,
bounded,959,47950,overflow,,
bounded,960,48000,delivered,112000,64000
bounded,961,48050,overflow,,
bounded,962,48100,overflow,,
bounded,963,48150,overflow,,
bounded,964,48200,overflow,,
bounded,965,48250,overflow,,
bounded,966,48300,overflow,,
bounded,967,48350,overflow,,
bounded,968,48400,overflow,,
bounded,969,48450,overflow,,
bounded,970,48500,overflow,,
bounded,971,48550,overflow,,
bounded,972,48600,overflow,,
bounded,973,48650,overflow,,
bounded,974,48700,overflow,,
bounded,975,48750,overflow,,
bounded,976,48800,overflow,,
bounded,977,48850,overflow,,
bounded,978,48900,overflow,,
bounded,979,48950,overflow,,
bounded,980,49000,delivered,113000,64000
bounded,981,49050,overflow,,
bounded,982,49100,overflow,,
bounded,983,49150,overflow,,
bounded,984,49200,overflow,,
bounded,985,49250,overflow,,
bounded,986,49300,overflow,,
bounded,987,49350,overflow,,
bounded,988,49400,overflow,,
bounded,989,49450,overflow,,
bounded,990,49500,overflow,,
bounded,991,49550,overflow,,
bounded,992,49600,overflow,,
bounded,993,49650,overflow,,
bounded,994,49700,overflow,,
bounded,995,49750,overflow,,
bounded,996,49800,overflow,,
bounded,997,49850,overflow,,
bounded,998,49900,overflow,,
bounded,999,49950,overflow,,
bounded,1000,50000,delivered,114000,64000
bounded,1001,50050,overflow,,
bounded,1002,50100,overflow,,
bounded,1003,50150,overflow,,
bounded,1004,50200,overflow,,
bounded,1005,50250,overflow,,
bounded,1006,50300,overflow,,
bounded,1007,50350,overflow,,
bounded,1008,50400,overflow,,
bounded,1009,50450,overflow,,
bounded,1010,50500,overflow,,
bounded,1011,50550,overflow,,
bounded,1012,50600,overflow,,
bounded,1013,50650,overflow,,
bounded,1014,50700,overflow,,
bounded,1015,50750,overflow,,
bounded,1016,50800,overflow,,
bounded,1017,50850,overflow,,
bounded,1018,50900,overflow,,
bounded,1019,50950,overflow,,
bounded,1020,51000,delivered,115000,64000
bounded,1021,51050,overflow,,
bounded,1022,51100,overflow,,
bounded,1023,51150,overflow,,
bounded,1024,51200,overflow,,
bounded,1025,51250,overflow,,
bounded,1026,51300,overflow,,
bounded,1027,51350,overflow,,
bounded,1028,51400,overflow,,
bounded,1029,51450,overflow,,
bounded,1030,51500,overflow,,
bounded,1031,51550,overflow,,
bounded,1032,51600,overflow,,
bounded,1033,51650,overflow,,
bounded,1034,51700,overflow,,
bounded,1035,51750,overflow,,
bounded,1036,51800,overflow,,
bounded,1037,51850,overflow,,
bounded,1038,51900,overflow,,
bounded,1039,51950,overflow,,
bounded,1040,52000,delivered,116000,64000
bounded,1041,52050,overflow,,
bounded,1042,52100,overflow,,
bounded,1043,52150,overflow,,
bounded,1044,52200,overflow,,
bounded,1045,52250,overflow,,
bounded,1046,52300,overflow,,
bounded,1047,52350,overflow,,
bounded,1048,52400,overflow,,
bounded,1049,52450,overflow,,
bounded,1050,52500,overflow,,
bounded,1051,52550,overflow,,
bounded,1052,52600,overflow,,
bounded,1053,52650,overflow,,
bounded,1054,52700,overflow,,
bounded,1055,52750,overflow,,
bounded,1056,52800,overflow,,
bounded,1057,52850,overflow,,
bounded,1058,52900,overflow,,
bounded,1059,52950,overflow,,
bounded,1060,53000,delivered,117000,64000
bounded,1061,53050,overflow,,
bounded,1062,53100,overflow,,
bounded,1063,53150,overflow,,
bounded,1064,53200,overflow,,
bounded,1065,53250,overflow,,
bounded,1066,53300,overflow,,
bounded,1067,53350,overflow,,
bounded,1068,53400,overflow,,
bounded,1069,53450,overflow,,
bounded,1070,53500,overflow,,
bounded,1071,53550,overflow,,
bounded,1072,53600,overflow,,
bounded,1073,53650,overflow,,
bounded,1074,53700,overflow,,
bounded,1075,53750,overflow,,
bounded,1076,53800,overflow,,
bounded,1077,53850,overflow,,
bounded,1078,53900,overflow,,
bounded,1079,53950,overflow,,
bounded,1080,54000,delivered,118000,64000
bounded,1081,54050,overflow,,
bounded,1082,54100,overflow,,
bounded,1083,54150,overflow,,
bounded,1084,54200,overflow,,
bounded,1085,54250,overflow,,
bounded,1086,54300,overflow,,
bounded,1087,54350,overflow,,
bounded,1088,54400,overflow,,
bounded,1089,54450,overflow,,
bounded,1090,54500,overflow,,
bounded,1091,54550,overflow,,
bounded,1092,54600,overflow,,
bounded,1093,54650,overflow,,
bounded,1094,54700,overflow,,
bounded,1095,54750,overflow,,
bounded,1096,54800,overflow,,
bounded,1097,54850,overflow,,
bounded,1098,54900,overflow,,
bounded,1099,54950,overflow,,
bounded,1100,55000,delivered,119000,64000
bounded,1101,55050,overflow,,
bounded,1102,55100,overflow,,
bounded,1103,55150,overflow,,
bounded,1104,55200,overflow,,
bounded,1105,55250,overflow,,
bounded,1106,55300,overflow,,
bounded,1107,55350,overflow,,
bounded,1108,55400,overflow,,
bounded,1109,55450,overflow,,
bounded,1110,55500,overflow,,
bounded,1111,55550,overflow,,
bounded,1112,55600,overflow,,
bounded,1113,55650,overflow,,
bounded,1114,55700,overflow,,
bounded,1115,55750,overflow,,
bounded,1116,55800,overflow,,
bounded,1117,55850,overflow,,
bounded,1118,55900,overflow,,
bounded,1119,55950,overflow,,
bounded,1120,56000,delivered,120000,64000
bounded,1121,56050,overflow,,
bounded,1122,56100,overflow,,
bounded,1123,56150,overflow,,
bounded,1124,56200,overflow,,
bounded,1125,56250,overflow,,
bounded,1126,56300,overflow,,
bounded,1127,56350,overflow,,
bounded,1128,56400,overflow,,
bounded,1129,56450,overflow,,
bounded,1130,56500,overflow,,
bounded,1131,56550,overflow,,
bounded,1132,56600,overflow,,
bounded,1133,56650,overflow,,
bounded,1134,56700,overflow,,
bounded,1135,56750,overflow,,
bounded,1136,56800,overflow,,
bounded,1137,56850,overflow,,
bounded,1138,56900,overflow,,
bounded,1139,56950,overflow,,
bounded,1140,57000,delivered,121000,64000
bounded,1141,57050,overflow,,
bounded,1142,57100,overflow,,
bounded,1143,57150,overflow,,
bounded,1144,57200,overflow,,
bounded,1145,57250,overflow,,
bounded,1146,57300,overflow,,
bounded,1147,57350,overflow,,
bounded,1148,57400,overflow,,
bounded,1149,57450,overflow,,
bounded,1150,57500,overflow,,
bounded,1151,57550,overflow,,
bounded,1152,57600,overflow,,
bounded,1153,57650,overflow,,
bounded,1154,57700,overflow,,
bounded,1155,57750,overflow,,
bounded,1156,57800,overflow,,
bounded,1157,57850,overflow,,
bounded,1158,57900,overflow,,
bounded,1159,57950,overflow,,
bounded,1160,58000,delivered,122000,64000
bounded,1161,58050,overflow,,
bounded,1162,58100,overflow,,
bounded,1163,58150,overflow,,
bounded,1164,58200,overflow,,
bounded,1165,58250,overflow,,
bounded,1166,58300,overflow,,
bounded,1167,58350,overflow,,
bounded,1168,58400,overflow,,
bounded,1169,58450,overflow,,
bounded,1170,58500,overflow,,
bounded,1171,58550,overflow,,
bounded,1172,58600,overflow,,
bounded,1173,58650,overflow,,
bounded,1174,58700,overflow,,
bounded,1175,58750,overflow,,
bounded,1176,58800,overflow,,
bounded,1177,58850,overflow,,
bounded,1178,58900,overflow,,
bounded,1179,58950,overflow,,
bounded,1180,59000,delivered,123000,64000
bounded,1181,59050,overflow,,
bounded,1182,59100,overflow,,
bounded,1183,59150,overflow,,
bounded,1184,59200,overflow,,
bounded,1185,59250,overflow,,
bounded,1186,59300,overflow,,
bounded,1187,59350,overflow,,
bounded,1188,59400,overflow,,
bounded,1189,59450,overflow,,
bounded,1190,59500,overflow,,
bounded,1191,59550,overflow,,
bounded,1192,59600,overflow,,
bounded,1193,59650,overflow,,
bounded,1194,59700,overflow,,
bounded,1195,59750,overflow,,
bounded,1196,59800,overflow,,
bounded,1197,59850,overflow,,
bounded,1198,59900,overflow,,
bounded,1199,59950,overflow,,
bounded,1200,60000,delivered,124000,64000
bounded,1201,60050,overflow,,
bounded,1202,60100,overflow,,
bounded,1203,60150,overflow,,
bounded,1204,60200,overflow,,
bounded,1205,60250,overflow,,
bounded,1206,60300,overflow,,
bounded,1207,60350,overflow,,
bounded,1208,60400,overflow,,
bounded,1209,60450,overflow,,
bounded,1210,60500,overflow,,
bounded,1211,60550,overflow,,
bounded,1212,60600,overflow,,
bounded,1213,60650,overflow,,
bounded,1214,60700,overflow,,
bounded,1215,60750,overflow,,
bounded,1216,60800,overflow,,
bounded,1217,60850,overflow,,
bounded,1218,60900,overflow,,
bounded,1219,60950,overflow,,
bounded,1220,61000,delivered,125000,64000
bounded,1221,61050,overflow,,
bounded,1222,61100,overflow,,
bounded,1223,61150,overflow,,
bounded,1224,61200,overflow,,
bounded,1225,61250,overflow,,
bounded,1226,61300,overflow,,
bounded,1227,61350,overflow,,
bounded,1228,61400,overflow,,
bounded,1229,61450,overflow,,
bounded,1230,61500,overflow,,
bounded,1231,61550,overflow,,
bounded,1232,61600,overflow,,
bounded,1233,61650,overflow,,
bounded,1234,61700,overflow,,
bounded,1235,61750,overflow,,
bounded,1236,61800,overflow,,
bounded,1237,61850,overflow,,
bounded,1238,61900,overflow,,
bounded,1239,61950,overflow,,
bounded,1240,62000,delivered,126000,64000
bounded,1241,62050,overflow,,
bounded,1242,62100,overflow,,
bounded,1243,62150,overflow,,
bounded,1244,62200,overflow,,
bounded,1245,62250,overflow,,
bounded,1246,62300,overflow,,
bounded,1247,62350,overflow,,
bounded,1248,62400,overflow,,
bounded,1249,62450,overflow,,
bounded,1250,62500,overflow,,
bounded,1251,62550,overflow,,
bounded,1252,62600,overflow,,
bounded,1253,62650,overflow,,
bounded,1254,62700,overflow,,
bounded,1255,62750,overflow,,
bounded,1256,62800,overflow,,
bounded,1257,62850,overflow,,
bounded,1258,62900,overflow,,
bounded,1259,62950,overflow,,
bounded,1260,63000,delivered,127000,64000
bounded,1261,63050,overflow,,
bounded,1262,63100,overflow,,
bounded,1263,63150,overflow,,
bounded,1264,63200,overflow,,
bounded,1265,63250,overflow,,
bounded,1266,63300,overflow,,
bounded,1267,63350,overflow,,
bounded,1268,63400,overflow,,
bounded,1269,63450,overflow,,
bounded,1270,63500,overflow,,
bounded,1271,63550,overflow,,
bounded,1272,63600,overflow,,
bounded,1273,63650,overflow,,
bounded,1274,63700,overflow,,
bounded,1275,63750,overflow,,
bounded,1276,63800,overflow,,
bounded,1277,63850,overflow,,
bounded,1278,63900,overflow,,
bounded,1279,63950,overflow,,
bounded,1280,64000,delivered,128000,64000
bounded,1281,64050,overflow,,
bounded,1282,64100,overflow,,
bounded,1283,64150,overflow,,
bounded,1284,64200,overflow,,
bounded,1285,64250,overflow,,
bounded,1286,64300,overflow,,
bounded,1287,64350,overflow,,
bounded,1288,64400,overflow,,
bounded,1289,64450,overflow,,
bounded,1290,64500,overflow,,
bounded,1291,64550,overflow,,
bounded,1292,64600,overflow,,
bounded,1293,64650,overflow,,
bounded,1294,64700,overflow,,
bounded,1295,64750,overflow,,
bounded,1296,64800,overflow,,
bounded,1297,64850,overflow,,
bounded,1298,64900,overflow,,
bounded,1299,64950,overflow,,
bounded,1300,65000,delivered,129000,64000
bounded,1301,65050,overflow,,
bounded,1302,65100,overflow,,
bounded,1303,65150,overflow,,
bounded,1304,65200,overflow,,
bounded,1305,65250,overflow,,
bounded,1306,65300,overflow,,
bounded,1307,65350,overflow,,
bounded,1308,65400,overflow,,
bounded,1309,65450,overflow,,
bounded,1310,65500,overflow,,
bounded,1311,65550,overflow,,
bounded,1312,65600,overflow,,
bounded,1313,65650,overflow,,
bounded,1314,65700,overflow,,
bounded,1315,65750,overflow,,
bounded,1316,65800,overflow,,
bounded,1317,65850,overflow,,
bounded,1318,65900,overflow,,
bounded,1319,65950,overflow,,
bounded,1320,66000,delivered,130000,64000
bounded,1321,66050,overflow,,
bounded,1322,66100,overflow,,
bounded,1323,66150,overflow,,
bounded,1324,66200,overflow,,
bounded,1325,66250,overflow,,
bounded,1326,66300,overflow,,
bounded,1327,66350,overflow,,
bounded,1328,66400,overflow,,
bounded,1329,66450,overflow,,
bounded,1330,66500,overflow,,
bounded,1331,66550,overflow,,
bounded,1332,66600,overflow,,
bounded,1333,66650,overflow,,
bounded,1334,66700,overflow,,
bounded,1335,66750,overflow,,
bounded,1336,66800,overflow,,
bounded,1337,66850,overflow,,
bounded,1338,66900,overflow,,
bounded,1339,66950,overflow,,
bounded,1340,67000,delivered,131000,64000
bounded,1341,67050,overflow,,
bounded,1342,67100,overflow,,
bounded,1343,67150,overflow,,
bounded,1344,67200,overflow,,
bounded,1345,67250,overflow,,
bounded,1346,67300,overflow,,
bounded,1347,67350,overflow,,
bounded,1348,67400,overflow,,
bounded,1349,67450,overflow,,
bounded,1350,67500,overflow,,
bounded,1351,67550,overflow,,
bounded,1352,67600,overflow,,
bounded,1353,67650,overflow,,
bounded,1354,67700,overflow,,
bounded,1355,67750,overflow,,
bounded,1356,67800,overflow,,
bounded,1357,67850,overflow,,
bounded,1358,67900,overflow,,
bounded,1359,67950,overflow,,
bounded,1360,68000,delivered,132000,64000
bounded,1361,68050,overflow,,
bounded,1362,68100,overflow,,
bounded,1363,68150,overflow,,
bounded,1364,68200,overflow,,
bounded,1365,68250,overflow,,
bounded,1366,68300,overflow,,
bounded,1367,68350,overflow,,
bounded,1368,68400,overflow,,
bounded,1369,68450,overflow,,
bounded,1370,68500,overflow,,
bounded,1371,68550,overflow,,
bounded,1372,68600,overflow,,
bounded,1373,68650,overflow,,
bounded,1374,68700,overflow,,
bounded,1375,68750,overflow,,
bounded,1376,68800,overflow,,
bounded,1377,68850,overflow,,
bounded,1378,68900,overflow,,
bounded,1379,68950,overflow,,
bounded,1380,69000,delivered,133000,64000
bounded,1381,69050,overflow,,
bounded,1382,69100,overflow,,
bounded,1383,69150,overflow,,
bounded,1384,69200,overflow,,
bounded,1385,69250,overflow,,
bounded,1386,69300,overflow,,
bounded,1387,69350,overflow,,
bounded,1388,69400,overflow,,
bounded,1389,69450,overflow,,
bounded,1390,69500,overflow,,
bounded,1391,69550,overflow,,
bounded,1392,69600,overflow,,
bounded,1393,69650,overflow,,
bounded,1394,69700,overflow,,
bounded,1395,69750,overflow,,
bounded,1396,69800,overflow,,
bounded,1397,69850,overflow,,
bounded,1398,69900,overflow,,
bounded,1399,69950,overflow,,
bounded,1400,70000,delivered,134000,64000
bounded,1401,70050,overflow,,
bounded,1402,70100,overflow,,
bounded,1403,70150,overflow,,
bounded,1404,70200,overflow,,
bounded,1405,70250,overflow,,
bounded,1406,70300,overflow,,
bounded,1407,70350,overflow,,
bounded,1408,70400,overflow,,
bounded,1409,70450,overflow,,
bounded,1410,70500,overflow,,
bounded,1411,70550,overflow,,
bounded,1412,70600,overflow,,
bounded,1413,70650,overflow,,
bounded,1414,70700,overflow,,
bounded,1415,70750,overflow,,
bounded,1416,70800,overflow,,
bounded,1417,70850,overflow,,
bounded,1418,70900,overflow,,
bounded,1419,70950,overflow,,
bounded,1420,71000,delivered,135000,64000
bounded,1421,71050,overflow,,
bounded,1422,71100,overflow,,
bounded,1423,71150,overflow,,
bounded,1424,71200,overflow,,
bounded,1425,71250,overflow,,
bounded,1426,71300,overflow,,
bounded,1427,71350,overflow,,
bounded,1428,71400,overflow,,
bounded,1429,71450,overflow,,
bounded,1430,71500,overflow,,
bounded,1431,71550,overflow,,
bounded,1432,71600,overflow,,
bounded,1433,71650,overflow,,
bounded,1434,71700,overflow,,
bounded,1435,71750,overflow,,
bounded,1436,71800,overflow,,
bounded,1437,71850,overflow,,
bounded,1438,71900,overflow,,
bounded,1439,71950,overflow,,
bounded,1440,72000,delivered,136000,64000
bounded,1441,72050,overflow,,
bounded,1442,72100,overflow,,
bounded,1443,72150,overflow,,
bounded,1444,72200,overflow,,
bounded,1445,72250,overflow,,
bounded,1446,72300,overflow,,
bounded,1447,72350,overflow,,
bounded,1448,72400,overflow,,
bounded,1449,72450,overflow,,
bounded,1450,72500,overflow,,
bounded,1451,72550,overflow,,
bounded,1452,72600,overflow,,
bounded,1453,72650,overflow,,
bounded,1454,72700,overflow,,
bounded,1455,72750,overflow,,
bounded,1456,72800,overflow,,
bounded,1457,72850,overflow,,
bounded,1458,72900,overflow,,
bounded,1459,72950,overflow,,
bounded,1460,73000,delivered,137000,64000
bounded,1461,73050,overflow,,
bounded,1462,73100,overflow,,
bounded,1463,73150,overflow,,
bounded,1464,73200,overflow,,
bounded,1465,73250,overflow,,
bounded,1466,73300,overflow,,
bounded,1467,73350,overflow,,
bounded,1468,73400,overflow,,
bounded,1469,73450,overflow,,
bounded,1470,73500,overflow,,
bounded,1471,73550,overflow,,
bounded,1472,73600,overflow,,
bounded,1473,73650,overflow,,
bounded,1474,73700,overflow,,
bounded,1475,73750,overflow,,
bounded,1476,73800,overflow,,
bounded,1477,73850,overflow,,
bounded,1478,73900,overflow,,
bounded,1479,73950,overflow,,
bounded,1480,74000,delivered,138000,64000
bounded,1481,74050,overflow,,
bounded,1482,74100,overflow,,
bounded,1483,74150,overflow,,
bounded,1484,74200,overflow,,
bounded,1485,74250,overflow,,
bounded,1486,74300,overflow,,
bounded,1487,74350,overflow,,
bounded,1488,74400,overflow,,
bounded,1489,74450,overflow,,
bounded,1490,74500,overflow,,
bounded,1491,74550,overflow,,
bounded,1492,74600,overflow,,
bounded,1493,74650,overflow,,
bounded,1494,74700,overflow,,
bounded,1495,74750,overflow,,
bounded,1496,74800,overflow,,
bounded,1497,74850,overflow,,
bounded,1498,74900,overflow,,
bounded,1499,74950,overflow,,
bounded,1500,75000,delivered,139000,64000
bounded,1501,75050,overflow,,
bounded,1502,75100,overflow,,
bounded,1503,75150,overflow,,
bounded,1504,75200,overflow,,
bounded,1505,75250,overflow,,
bounded,1506,75300,overflow,,
bounded,1507,75350,overflow,,
bounded,1508,75400,overflow,,
bounded,1509,75450,overflow,,
bounded,1510,75500,overflow,,
bounded,1511,75550,overflow,,
bounded,1512,75600,overflow,,
bounded,1513,75650,overflow,,
bounded,1514,75700,overflow,,
bounded,1515,75750,overflow,,
bounded,1516,75800,overflow,,
bounded,1517,75850,overflow,,
bounded,1518,75900,overflow,,
bounded,1519,75950,overflow,,
bounded,1520,76000,delivered,140000,64000
bounded,1521,76050,overflow,,
bounded,1522,76100,overflow,,
bounded,1523,76150,overflow,,
bounded,1524,76200,overflow,,
bounded,1525,76250,overflow,,
bounded,1526,76300,overflow,,
bounded,1527,76350,overflow,,
bounded,1528,76400,overflow,,
bounded,1529,76450,overflow,,
bounded,1530,76500,overflow,,
bounded,1531,76550,overflow,,
bounded,1532,76600,overflow,,
bounded,1533,76650,overflow,,
bounded,1534,76700,overflow,,
bounded,1535,76750,overflow,,
bounded,1536,76800,overflow,,
bounded,1537,76850,overflow,,
bounded,1538,76900,overflow,,
bounded,1539,76950,overflow,,
bounded,1540,77000,delivered,141000,64000
bounded,1541,77050,overflow,,
bounded,1542,77100,overflow,,
bounded,1543,77150,overflow,,
bounded,1544,77200,overflow,,
bounded,1545,77250,overflow,,
bounded,1546,77300,overflow,,
bounded,1547,77350,overflow,,
bounded,1548,77400,overflow,,
bounded,1549,77450,overflow,,
bounded,1550,77500,overflow,,
bounded,1551,77550,overflow,,
bounded,1552,77600,overflow,,
bounded,1553,77650,overflow,,
bounded,1554,77700,overflow,,
bounded,1555,77750,overflow,,
bounded,1556,77800,overflow,,
bounded,1557,77850,overflow,,
bounded,1558,77900,overflow,,
bounded,1559,77950,overflow,,
bounded,1560,78000,delivered,142000,64000
bounded,1561,78050,overflow,,
bounded,1562,78100,overflow,,
bounded,1563,78150,overflow,,
bounded,1564,78200,overflow,,
bounded,1565,78250,overflow,,
bounded,1566,78300,overflow,,
bounded,1567,78350,overflow,,
bounded,1568,78400,overflow,,
bounded,1569,78450,overflow,,
bounded,1570,78500,overflow,,
bounded,1571,78550,overflow,,
bounded,1572,78600,overflow,,
bounded,1573,78650,overflow,,
bounded,1574,78700,overflow,,
bounded,1575,78750,overflow,,
bounded,1576,78800,overflow,,
bounded,1577,78850,overflow,,
bounded,1578,78900,overflow,,
bounded,1579,78950,overflow,,
bounded,1580,79000,delivered,143000,64000
bounded,1581,79050,overflow,,
bounded,1582,79100,overflow,,
bounded,1583,79150,overflow,,
bounded,1584,79200,overflow,,
bounded,1585,79250,overflow,,
bounded,1586,79300,overflow,,
bounded,1587,79350,overflow,,
bounded,1588,79400,overflow,,
bounded,1589,79450,overflow,,
bounded,1590,79500,overflow,,
bounded,1591,79550,overflow,,
bounded,1592,79600,overflow,,
bounded,1593,79650,overflow,,
bounded,1594,79700,overflow,,
bounded,1595,79750,overflow,,
bounded,1596,79800,overflow,,
bounded,1597,79850,overflow,,
bounded,1598,79900,overflow,,
bounded,1599,79950,overflow,,
bounded,1600,80000,delivered,144000,64000
bounded,1601,80050,overflow,,
bounded,1602,80100,overflow,,
bounded,1603,80150,overflow,,
bounded,1604,80200,overflow,,
bounded,1605,80250,overflow,,
bounded,1606,80300,overflow,,
bounded,1607,80350,overflow,,
bounded,1608,80400,overflow,,
bounded,1609,80450,overflow,,
bounded,1610,80500,overflow,,
bounded,1611,80550,overflow,,
bounded,1612,80600,overflow,,
bounded,1613,80650,overflow,,
bounded,1614,80700,overflow,,
bounded,1615,80750,overflow,,
bounded,1616,80800,overflow,,
bounded,1617,80850,overflow,,
bounded,1618,80900,overflow,,
bounded,1619,80950,overflow,,
bounded,1620,81000,delivered,145000,64000
bounded,1621,81050,overflow,,
bounded,1622,81100,overflow,,
bounded,1623,81150,overflow,,
bounded,1624,81200,overflow,,
bounded,1625,81250,overflow,,
bounded,1626,81300,overflow,,
bounded,1627,81350,overflow,,
bounded,1628,81400,overflow,,
bounded,1629,81450,overflow,,
bounded,1630,81500,overflow,,
bounded,1631,81550,overflow,,
bounded,1632,81600,overflow,,
bounded,1633,81650,overflow,,
bounded,1634,81700,overflow,,
bounded,1635,81750,overflow,,
bounded,1636,81800,overflow,,
bounded,1637,81850,overflow,,
bounded,1638,81900,overflow,,
bounded,1639,81950,overflow,,
bounded,1640,82000,delivered,146000,64000
bounded,1641,82050,overflow,,
bounded,1642,82100,overflow,,
bounded,1643,82150,overflow,,
bounded,1644,82200,overflow,,
bounded,1645,82250,overflow,,
bounded,1646,82300,overflow,,
bounded,1647,82350,overflow,,
bounded,1648,82400,overflow,,
bounded,1649,82450,overflow,,
bounded,1650,82500,overflow,,
bounded,1651,82550,overflow,,
bounded,1652,82600,overflow,,
bounded,1653,82650,overflow,,
bounded,1654,82700,overflow,,
bounded,1655,82750,overflow,,
bounded,1656,82800,overflow,,
bounded,1657,82850,overflow,,
bounded,1658,82900,overflow,,
bounded,1659,82950,overflow,,
bounded,1660,83000,delivered,147000,64000
bounded,1661,83050,overflow,,
bounded,1662,83100,overflow,,
bounded,1663,83150,overflow,,
bounded,1664,83200,overflow,,
bounded,1665,83250,overflow,,
bounded,1666,83300,overflow,,
bounded,1667,83350,overflow,,
bounded,1668,83400,overflow,,
bounded,1669,83450,overflow,,
bounded,1670,83500,overflow,,
bounded,1671,83550,overflow,,
bounded,1672,83600,overflow,,
bounded,1673,83650,overflow,,
bounded,1674,83700,overflow,,
bounded,1675,83750,overflow,,
bounded,1676,83800,overflow,,
bounded,1677,83850,overflow,,
bounded,1678,83900,overflow,,
bounded,1679,83950,overflow,,
bounded,1680,84000,delivered,148000,64000
bounded,1681,84050,overflow,,
bounded,1682,84100,overflow,,
bounded,1683,84150,overflow,,
bounded,1684,84200,overflow,,
bounded,1685,84250,overflow,,
bounded,1686,84300,overflow,,
bounded,1687,84350,overflow,,
bounded,1688,84400,overflow,,
bounded,1689,84450,overflow,,
bounded,1690,84500,overflow,,
bounded,1691,84550,overflow,,
bounded,1692,84600,overflow,,
bounded,1693,84650,overflow,,
bounded,1694,84700,overflow,,
bounded,1695,84750,overflow,,
bounded,1696,84800,overflow,,
bounded,1697,84850,overflow,,
bounded,1698,84900,overflow,,
bounded,1699,84950,overflow,,
bounded,1700,85000,delivered,149000,64000
bounded,1701,85050,overflow,,
bounded,1702,85100,overflow,,
bounded,1703,85150,overflow,,
bounded,1704,85200,overflow,,
bounded,1705,85250,overflow,,
bounded,1706,85300,overflow,,
bounded,1707,85350,overflow,,
bounded,1708,85400,overflow,,
bounded,1709,85450,overflow,,
bounded,1710,85500,overflow,,
bounded,1711,85550,overflow,,
bounded,1712,85600,overflow,,
bounded,1713,85650,overflow,,
bounded,1714,85700,overflow,,
bounded,1715,85750,overflow,,
bounded,1716,85800,overflow,,
bounded,1717,85850,overflow,,
bounded,1718,85900,overflow,,
bounded,1719,85950,overflow,,
bounded,1720,86000,delivered,150000,64000
bounded,1721,86050,overflow,,
bounded,1722,86100,overflow,,
bounded,1723,86150,overflow,,
bounded,1724,86200,overflow,,
bounded,1725,86250,overflow,,
bounded,1726,86300,overflow,,
bounded,1727,86350,overflow,,
bounded,1728,86400,overflow,,
bounded,1729,86450,overflow,,
bounded,1730,86500,overflow,,
bounded,1731,86550,overflow,,
bounded,1732,86600,overflow,,
bounded,1733,86650,overflow,,
bounded,1734,86700,overflow,,
bounded,1735,86750,overflow,,
bounded,1736,86800,overflow,,
bounded,1737,86850,overflow,,
bounded,1738,86900,overflow,,
bounded,1739,86950,overflow,,
bounded,1740,87000,delivered,151000,64000
bounded,1741,87050,overflow,,
bounded,1742,87100,overflow,,
bounded,1743,87150,overflow,,
bounded,1744,87200,overflow,,
bounded,1745,87250,overflow,,
bounded,1746,87300,overflow,,
bounded,1747,87350,overflow,,
bounded,1748,87400,overflow,,
bounded,1749,87450,overflow,,
bounded,1750,87500,overflow,,
bounded,1751,87550,overflow,,
bounded,1752,87600,overflow,,
bounded,1753,87650,overflow,,
bounded,1754,87700,overflow,,
bounded,1755,87750,overflow,,
bounded,1756,87800,overflow,,
bounded,1757,87850,overflow,,
bounded,1758,87900,overflow,,
bounded,1759,87950,overflow,,
bounded,1760,88000,delivered,152000,64000
bounded,1761,88050,overflow,,
bounded,1762,88100,overflow,,
bounded,1763,88150,overflow,,
bounded,1764,88200,overflow,,
bounded,1765,88250,overflow,,
bounded,1766,88300,overflow,,
bounded,1767,88350,overflow,,
bounded,1768,88400,overflow,,
bounded,1769,88450,overflow,,
bounded,1770,88500,overflow,,
bounded,1771,88550,overflow,,
bounded,1772,88600,overflow,,
bounded,1773,88650,overflow,,
bounded,1774,88700,overflow,,
bounded,1775,88750,overflow,,
bounded,1776,88800,overflow,,
bounded,1777,88850,overflow,,
bounded,1778,88900,overflow,,
bounded,1779,88950,overflow,,
bounded,1780,89000,delivered,153000,64000
bounded,1781,89050,overflow,,
bounded,1782,89100,overflow,,
bounded,1783,89150,overflow,,
bounded,1784,89200,overflow,,
bounded,1785,89250,overflow,,
bounded,1786,89300,overflow,,
bounded,1787,89350,overflow,,
bounded,1788,89400,overflow,,
bounded,1789,89450,overflow,,
bounded,1790,89500,overflow,,
bounded,1791,89550,overflow,,
bounded,1792,89600,overflow,,
bounded,1793,89650,overflow,,
bounded,1794,89700,overflow,,
bounded,1795,89750,overflow,,
bounded,1796,89800,overflow,,
bounded,1797,89850,overflow,,
bounded,1798,89900,overflow,,
bounded,1799,89950,overflow,,
bounded,1800,90000,delivered,154000,64000
bounded,1801,90050,overflow,,
bounded,1802,90100,overflow,,
bounded,1803,90150,overflow,,
bounded,1804,90200,overflow,,
bounded,1805,90250,overflow,,
bounded,1806,90300,overflow,,
bounded,1807,90350,overflow,,
bounded,1808,90400,overflow,,
bounded,1809,90450,overflow,,
bounded,1810,90500,overflow,,
bounded,1811,90550,overflow,,
bounded,1812,90600,overflow,,
bounded,1813,90650,overflow,,
bounded,1814,90700,overflow,,
bounded,1815,90750,overflow,,
bounded,1816,90800,overflow,,
bounded,1817,90850,overflow,,
bounded,1818,90900,overflow,,
bounded,1819,90950,overflow,,
bounded,1820,91000,delivered,155000,64000
bounded,1821,91050,overflow,,
bounded,1822,91100,overflow,,
bounded,1823,91150,overflow,,
bounded,1824,91200,overflow,,
bounded,1825,91250,overflow,,
bounded,1826,91300,overflow,,
bounded,1827,91350,overflow,,
bounded,1828,91400,overflow,,
bounded,1829,91450,overflow,,
bounded,1830,91500,overflow,,
bounded,1831,91550,overflow,,
bounded,1832,91600,overflow,,
bounded,1833,91650,overflow,,
bounded,1834,91700,overflow,,
bounded,1835,91750,overflow,,
bounded,1836,91800,overflow,,
bounded,1837,91850,overflow,,
bounded,1838,91900,overflow,,
bounded,1839,91950,overflow,,
bounded,1840,92000,delivered,156000,64000
bounded,1841,92050,overflow,,
bounded,1842,92100,overflow,,
bounded,1843,92150,overflow,,
bounded,1844,92200,overflow,,
bounded,1845,92250,overflow,,
bounded,1846,92300,overflow,,
bounded,1847,92350,overflow,,
bounded,1848,92400,overflow,,
bounded,1849,92450,overflow,,
bounded,1850,92500,overflow,,
bounded,1851,92550,overflow,,
bounded,1852,92600,overflow,,
bounded,1853,92650,overflow,,
bounded,1854,92700,overflow,,
bounded,1855,92750,overflow,,
bounded,1856,92800,overflow,,
bounded,1857,92850,overflow,,
bounded,1858,92900,overflow,,
bounded,1859,92950,overflow,,
bounded,1860,93000,delivered,157000,64000
bounded,1861,93050,overflow,,
bounded,1862,93100,overflow,,
bounded,1863,93150,overflow,,
bounded,1864,93200,overflow,,
bounded,1865,93250,overflow,,
bounded,1866,93300,overflow,,
bounded,1867,93350,overflow,,
bounded,1868,93400,overflow,,
bounded,1869,93450,overflow,,
bounded,1870,93500,overflow,,
bounded,1871,93550,overflow,,
bounded,1872,93600,overflow,,
bounded,1873,93650,overflow,,
bounded,1874,93700,overflow,,
bounded,1875,93750,overflow,,
bounded,1876,93800,overflow,,
bounded,1877,93850,overflow,,
bounded,1878,93900,overflow,,
bounded,1879,93950,overflow,,
bounded,1880,94000,delivered,158000,64000
bounded,1881,94050,overflow,,
bounded,1882,94100,overflow,,
bounded,1883,94150,overflow,,
bounded,1884,94200,overflow,,
bounded,1885,94250,overflow,,
bounded,1886,94300,overflow,,
bounded,1887,94350,overflow,,
bounded,1888,94400,overflow,,
bounded,1889,94450,overflow,,
bounded,1890,94500,overflow,,
bounded,1891,94550,overflow,,
bounded,1892,94600,overflow,,
bounded,1893,94650,overflow,,
bounded,1894,94700,overflow,,
bounded,1895,94750,overflow,,
bounded,1896,94800,overflow,,
bounded,1897,94850,overflow,,
bounded,1898,94900,overflow,,
bounded,1899,94950,overflow,,
bounded,1900,95000,delivered,159000,64000
bounded,1901,95050,overflow,,
bounded,1902,95100,overflow,,
bounded,1903,95150,overflow,,
bounded,1904,95200,overflow,,
bounded,1905,95250,overflow,,
bounded,1906,95300,overflow,,
bounded,1907,95350,overflow,,
bounded,1908,95400,overflow,,
bounded,1909,95450,overflow,,
bounded,1910,95500,overflow,,
bounded,1911,95550,overflow,,
bounded,1912,95600,overflow,,
bounded,1913,95650,overflow,,
bounded,1914,95700,overflow,,
bounded,1915,95750,overflow,,
bounded,1916,95800,overflow,,
bounded,1917,95850,overflow,,
bounded,1918,95900,overflow,,
bounded,1919,95950,overflow,,
bounded,1920,96000,delivered,160000,64000
bounded,1921,96050,overflow,,
bounded,1922,96100,overflow,,
bounded,1923,96150,overflow,,
bounded,1924,96200,overflow,,
bounded,1925,96250,overflow,,
bounded,1926,96300,overflow,,
bounded,1927,96350,overflow,,
bounded,1928,96400,overflow,,
bounded,1929,96450,overflow,,
bounded,1930,96500,overflow,,
bounded,1931,96550,overflow,,
bounded,1932,96600,overflow,,
bounded,1933,96650,overflow,,
bounded,1934,96700,overflow,,
bounded,1935,96750,overflow,,
bounded,1936,96800,overflow,,
bounded,1937,96850,overflow,,
bounded,1938,96900,overflow,,
bounded,1939,96950,overflow,,
bounded,1940,97000,delivered,161000,64000
bounded,1941,97050,overflow,,
bounded,1942,97100,overflow,,
bounded,1943,97150,overflow,,
bounded,1944,97200,overflow,,
bounded,1945,97250,overflow,,
bounded,1946,97300,overflow,,
bounded,1947,97350,overflow,,
bounded,1948,97400,overflow,,
bounded,1949,97450,overflow,,
bounded,1950,97500,overflow,,
bounded,1951,97550,overflow,,
bounded,1952,97600,overflow,,
bounded,1953,97650,overflow,,
bounded,1954,97700,overflow,,
bounded,1955,97750,overflow,,
bounded,1956,97800,overflow,,
bounded,1957,97850,overflow,,
bounded,1958,97900,overflow,,
bounded,1959,97950,overflow,,
bounded,1960,98000,delivered,162000,64000
bounded,1961,98050,overflow,,
bounded,1962,98100,overflow,,
bounded,1963,98150,overflow,,
bounded,1964,98200,overflow,,
bounded,1965,98250,overflow,,
bounded,1966,98300,overflow,,
bounded,1967,98350,overflow,,
bounded,1968,98400,overflow,,
bounded,1969,98450,overflow,,
bounded,1970,98500,overflow,,
bounded,1971,98550,overflow,,
bounded,1972,98600,overflow,,
bounded,1973,98650,overflow,,
bounded,1974,98700,overflow,,
bounded,1975,98750,overflow,,
bounded,1976,98800,overflow,,
bounded,1977,98850,overflow,,
bounded,1978,98900,overflow,,
bounded,1979,98950,overflow,,
bounded,1980,99000,delivered,163000,64000
bounded,1981,99050,overflow,,
bounded,1982,99100,overflow,,
bounded,1983,99150,overflow,,
bounded,1984,99200,overflow,,
bounded,1985,99250,overflow,,
bounded,1986,99300,overflow,,
bounded,1987,99350,overflow,,
bounded,1988,99400,overflow,,
bounded,1989,99450,overflow,,
bounded,1990,99500,overflow,,
bounded,1991,99550,overflow,,
bounded,1992,99600,overflow,,
bounded,1993,99650,overflow,,
bounded,1994,99700,overflow,,
bounded,1995,99750,overflow,,
bounded,1996,99800,overflow,,
bounded,1997,99850,overflow,,
bounded,1998,99900,overflow,,
bounded,1999,99950,overflow,,
