rt_experiment scenario=stress-noiso mode=duration start_ns=1786820911907955782 expected_runtime_sec=1800
[host_monotonic_s=131961.891324] VM Load @PA:0x40200000
[host_monotonic_s=131961.891477] VM Load Offset: 0xffff0000c0200000
[host_monotonic_s=131961.892792] Memory Map:
[host_monotonic_s=131961.894012]   Free   0x00000040000000 - 0x00000040200000 (2 MiB)
[host_monotonic_s=131961.894048]   KImg   0x00000040200000 - 0x00000044c00000 (74 MiB)
[host_monotonic_s=131961.895226]   Free   0x00000044c00000 - 0x00000240000000 (7.93 GiB)
[host_monotonic_s=131961.895273] Initialize RAM allocator: 0x44c00000..0x240000000
[host_monotonic_s=131961.924505] Reserving CPU-local areas
[host_monotonic_s=131961.926705] CPU-local area stride: 0x44000 bytes
[host_monotonic_s=131961.926843] Total CPU-local allocation: 0x110000 bytes (4 CPUs)
[host_monotonic_s=131961.927078] Flushed RAM used range to memory map: 0x44c00000..0x44d00000, current: 0x44d00000
[host_monotonic_s=131961.927211] Flushed RAM used range to memory map: 0x44d00000..0x44e10000, current: 0x44e10000
[host_monotonic_s=131961.928642] CPU-local areas allocated at 0x44d00000 - 0x44e10000
[host_monotonic_s=131961.928688] EL: 2
[host_monotonic_s=131961.928747] Mapping early memory regions...
[host_monotonic_s=131961.929535] Ram                 : [0x0000000040000000, 0x0000000240000000) -> [0x0000000040000000, 0x0000000240000000) (8 GiB)
[host_monotonic_s=131961.930008] KImage              : [0x0000ffff80000000, 0x0000ffff84a00000) -> [0x0000000040200000, 0x0000000044c00000) (74 MiB)
[host_monotonic_s=131961.930276] PerCpu              : [0x0000ff0044d00000, 0x0000ff0044e10000) -> [0x0000000044d00000, 0x0000000044e10000) (1.06 MiB)
[host_monotonic_s=131961.930556] Debug serial        : [0x0000000009000000, 0x0000000009001000) -> [0x0000000009000000, 0x0000000009001000) (4 KiB)
[host_monotonic_s=131961.930672] Boot page table at physical address: PA:0x44e10000
[host_monotonic_s=131961.930730] Setting up table registers...
[host_monotonic_s=131961.930879] MMU Entry point at physical address: 0x403bc31c
[host_monotonic_s=131961.935744] Trap vector at 0xffff801c0000
[host_monotonic_s=131961.936068] Memory Map:
[host_monotonic_s=131961.937347]   MMIO   0x00000009000000 - 0x00000009001000 (4 KiB)
[host_monotonic_s=131961.937437]   Free   0x00000040000000 - 0x00000040200000 (2 MiB)
[host_monotonic_s=131961.937524]   KImg   0x00000040200000 - 0x00000044c00000 (74 MiB)
[host_monotonic_s=131961.937597]   Rsv    0x00000044c00000 - 0x00000044d00000 (1 MiB)
[host_monotonic_s=131961.938694]   PerCPU 0x00000044d00000 - 0x00000044e10000 (1.06 MiB)
[host_monotonic_s=131961.938762]   Rsv    0x00000044e10000 - 0x00000044e1a000 (40 KiB)
[host_monotonic_s=131961.939135]   Free   0x00000044e1a000 - 0x00000240000000 (7.92 GiB)
[host_monotonic_s=131961.943322] Jumping to main entry point at 0xffff801a413c with SP 0x0000ff0044d44000
[host_monotonic_s=131961.944910] 
[host_monotonic_s=131961.944978]        d8888                            .d88888b.   .d8888b.
[host_monotonic_s=131961.945050]       d88888                           d88P" "Y88b d88P  Y88b
[host_monotonic_s=131961.945120]      d88P888                           888     888 Y88b.
[host_monotonic_s=131961.945191]     d88P 888 888d888  .d8888b  .d88b.  888     888  "Y888b.
[host_monotonic_s=131961.945259]    d88P  888 888P"   d88P"    d8P  Y8b 888     888     "Y88b.
[host_monotonic_s=131961.945328]   d88P   888 888     888      88888888 888     888       "888
[host_monotonic_s=131961.945397]  d8888888888 888     Y88b.    Y8b.     Y88b. .d88P Y88b  d88P
[host_monotonic_s=131961.945462] d88P     888 888      "Y8888P  "Y8888   "Y88888P"   "Y8888P"
[host_monotonic_s=131961.945482] 
[host_monotonic_s=131961.945856] arch = aarch64
[host_monotonic_s=131961.945886] platform = linux,dummy-virt
[host_monotonic_s=131961.945925] target = aarch64-unknown-none-softfloat
[host_monotonic_s=131961.945942] build_mode = 
[host_monotonic_s=131961.945971] log_level = info
[host_monotonic_s=131961.945997] backtrace = false
[host_monotonic_s=131961.946051] smp = 4
[host_monotonic_s=131961.946057] 
[host_monotonic_s=131961.946655] [37m[  0.061482 ax_runtime:220] [32mLogging is enabled.[m
[host_monotonic_s=131961.946794] [m[37m[  0.061909 ax_runtime:221] [32mPrimary CPU 0 started, arg = 0x44c00000.[m
[host_monotonic_s=131961.946906] [m[37m[  0.062030 ax_runtime:223] [32mFound physcial memory regions:[m
[host_monotonic_s=131961.948216] [m[37m[  0.063018 ax_runtime:225] [32m  [PA:0x9000000, PA:0x9001000) mmio (READ | WRITE | DEVICE | RESERVED)[m
[host_monotonic_s=131961.948386] [m[37m[  0.063439 ax_runtime:225] [32m  [PA:0x40000000, PA:0x40200000) free memory (READ | WRITE | FREE)[m
[host_monotonic_s=131961.948532] [m[37m[  0.063601 ax_runtime:225] [32m  [PA:0x40200000, PA:0x44c00000) reserved (READ | WRITE | EXECUTE | RESERVED)[m
[host_monotonic_s=131961.948671] [m[37m[  0.063746 ax_runtime:225] [32m  [PA:0x44c00000, PA:0x44d00000) reserved (READ | WRITE | EXECUTE | RESERVED)[m
[host_monotonic_s=131961.948815] [m[37m[  0.063886 ax_runtime:225] [32m  [PA:0x44d00000, PA:0x44e10000) reserved (READ | WRITE | EXECUTE | RESERVED)[m
[host_monotonic_s=131961.948952] [m[37m[  0.064027 ax_runtime:225] [32m  [PA:0x44e10000, PA:0x44e1a000) reserved (READ | WRITE | EXECUTE | RESERVED)[m
[host_monotonic_s=131961.949087] [m[37m[  0.064167 ax_runtime:225] [32m  [PA:0x44e1a000, PA:0x240000000) free memory (READ | WRITE | FREE)[m
[host_monotonic_s=131961.949213] [m[37m[  0.064326 ax_runtime:375] [32mInitialize global memory allocator...[m
[host_monotonic_s=131961.949331] [m[37m[  0.064450 ax_runtime:376] [32m  use buddy-slab-allocator allocator.[m
[host_monotonic_s=131961.949599] [m[37m[  0.064663 ax_alloc::buddy_slab:158] [32mInitialize global memory allocator, start_vaddr: 0x44e1a000, size: 0x1fb1e6000[m
[host_monotonic_s=131961.957986] [m[37m[  0.073060 ax_alloc::buddy_slab:424] [32mglobal allocator initialized[m
[host_monotonic_s=131961.958205] [m[37m[  0.073282 ax_alloc::buddy_slab:168] [32mAdd memory region, start_vaddr: 0x40000000, size: 0x200000[m
[host_monotonic_s=131961.958503] [m[37m[  0.073483 buddy_slab_allocator::global:151] [32mGlobalAllocator: skip region 0x40000000+0x200000, no allocator-visible memory after 2097152 alignment[m
[host_monotonic_s=131961.958854] [m[37m[  0.073942 ax_runtime:260] [32mkernel aspace: [VA:0x0, VA:0xffffffffffffffff)[m
[host_monotonic_s=131961.959035] [m[37m[  0.074147 ax_mm:103] [32mInitialize virtual memory management...[m
[host_monotonic_s=131962.760071] [m[37m[  0.682970 ax_runtime:272] [32mInitialize platform devices...[m
[host_monotonic_s=131962.760081] [m[37m[  0.689467 someboot::arch::power:23] [32mPower management method : SMC[m
[host_monotonic_s=131962.760083] [m[37m[  0.689657 somehal::driver:5] [32mInitializing rdrive with FDT at 0x44c00000[m
[host_monotonic_s=131962.760189] [m[37m[  0.702646 somehal::arch::gic::v3:274] [32mGICv3 CPU 0 EOI mode: two_step=true[m
[host_monotonic_s=131962.773803] [m[37m[  0.888854 ax_task::api:158] [32mInitialize scheduling...[m
[host_monotonic_s=131962.775152] [m[37m[  0.890199 ax_task::api:166] [32m  use FIFO scheduler.[m
[host_monotonic_s=131962.775479] [m[37m[  0.890595 ax_runtime:300] [32mInitialize interrupt handlers...[m
[host_monotonic_s=131962.777812] [m[37m[  0.892900 ax_runtime::devices:2] [32mProbe platform devices...[m
[host_monotonic_s=131962.792022] [m[37m[  0.907112 somehal::arch::gic::v3:274] [32mGICv3 CPU 1 EOI mode: two_step=true[m
[host_monotonic_s=131962.792352] [m[37m[  0.907476 ax_runtime::mp:79] [32mSecondary CPU 1 started.[m
[host_monotonic_s=131962.793032] [m[37m[  0.908143 ax_runtime::mp:110] [32mSecondary CPU 1 init OK.[m
[host_monotonic_s=131962.803821] [m[37m[  0.918813 somehal::arch::gic::v3:274] [32mGICv3 CPU 2 EOI mode: two_step=true[m
[host_monotonic_s=131962.804024] [m[37m[  0.919068 ax_runtime::mp:79] [32mSecondary CPU 2 started.[m
[host_monotonic_s=131962.804371] [m[37m[  0.919414 ax_runtime::mp:110] [32mSecondary CPU 2 init OK.[m
[host_monotonic_s=131962.815633] [m[37m[  0.930631 somehal::arch::gic::v3:274] [32mGICv3 CPU 3 EOI mode: two_step=true[m
[host_monotonic_s=131962.815842] [m[37m[  0.930882 ax_runtime::mp:79] [32mSecondary CPU 3 started.[m
[host_monotonic_s=131962.816039] [m[37m[  0.930950 ax_runtime:348] [32mPrimary CPU 0 init OK.[m
[host_monotonic_s=131962.816392] [m[37m[  0.931440 ax_runtime::mp:110] [32mSecondary CPU 3 init OK.[m
[host_monotonic_s=131962.818461] [m
[host_monotonic_s=131962.818657] 
[host_monotonic_s=131962.818659]        d8888            888     888  d8b
[host_monotonic_s=131962.818680]       d88888            888     888  Y8P
[host_monotonic_s=131962.818724]      d88P888            888     888
[host_monotonic_s=131962.818797]     d88P 888  888  888  Y88b   d88P  888  .d8888b    .d88b.   888d888
[host_monotonic_s=131962.818874]    d88P  888  `Y8bd8P'   Y88b d88P   888  88K       d88""88b  888P"
[host_monotonic_s=131962.818947]   d88P   888    X88K      Y88o88P    888  "Y8888b.  888  888  888
[host_monotonic_s=131962.819025]  d8888888888  .d8""8b.     Y888P     888       X88  Y88..88P  888
[host_monotonic_s=131962.819101] d88P     888  888  888      Y8P      888   88888P'   "Y88P"   888
[host_monotonic_s=131962.819126] 
[host_monotonic_s=131962.819146] 
[host_monotonic_s=131962.819177] by AxVisor Team
[host_monotonic_s=131962.819183] 
[host_monotonic_s=131962.819392] [37m[  0.934476 0:2 axvisor:80] [32mStarting virtualization...[m
[host_monotonic_s=131962.819610] [m[37m[  0.934690 0:2 axvm::host::arceos:330] [32mEnabling hardware virtualization support on all cores...[m
[host_monotonic_s=131962.819798] [m[37m[  0.934881 0:2 axvm::host::arceos:336] [32mCore 0 is initializing hardware virtualization support...[m
[host_monotonic_s=131962.819970] [m[37m[  0.935091 0:2 axvm::timer:349] [32mInitializing AxVM timer wheel...[m
[host_monotonic_s=131962.825375] [m[37m[  0.940426 0:2 axvm::host::arceos:338] [32mHardware virtualization support enabled on core 0[m
[host_monotonic_s=131962.826188] [m[37m[  0.941220 0:2 axvm::host::arceos:361] [32mWaiting for all cores to enable hardware virtualization...[m
[host_monotonic_s=131962.826761] [m[37m[  0.941651 3:13 axvm::host::arceos:348] [32mCore 3 is initializing hardware virtualization support...[m
[host_monotonic_s=131962.826938] [m[37m[  0.941698 2:12 axvm::host::arceos:348] [32mCore 2 is initializing hardware virtualization support...[m
[host_monotonic_s=131962.827114] [m[37m[  0.941669 1:11 axvm::host::arceos:348] [32mCore 1 is initializing hardware virtualization support...[m
[host_monotonic_s=131962.827348] [m[37m[  0.941988 3:13 axvm::timer:349] [32mInitializing AxVM timer wheel...[m
[host_monotonic_s=131962.827446] [m[37m[  0.942153 2:12 axvm::timer:349] [32mInitializing AxVM timer wheel...[m
[host_monotonic_s=131962.827548] [m[37m[  0.942324 1:11 axvm::timer:349] [32mInitializing AxVM timer wheel...[m
[host_monotonic_s=131962.828184] [m[37m[  0.943206 1:11 axvm::host::arceos:351] [32mHardware virtualization support enabled on core 1[m
[host_monotonic_s=131962.828264] [m[37m[  0.943223 2:12 axvm::host::arceos:351] [32mHardware virtualization support enabled on core 2[m
[host_monotonic_s=131962.828419] [m[37m[  0.943201 3:13 axvm::host::arceos:351] [32mHardware virtualization support enabled on core 3[m
[host_monotonic_s=131962.828952] [m[37m[  0.943997 0:2 axvm::host::arceos:372] [32mAll cores have enabled hardware virtualization support.[m
[host_monotonic_s=131962.829170] [m[37m[  0.944276 0:2 axvisor::config:91] [32mUsing static VM configs.[m
[host_monotonic_s=131962.846920] [m[37m[  0.960701 0:2 axvm::arch::aarch64::fdt::core:79] [32mVM[1] virtual GIC follows host firmware resources: GuestGicProfile { compatible: "arm,gic-v3", node_path: "/intc@8000000", node_phandle: Some(32773), distributor: GuestMmioRegion { base: 134217728, length: 65536 }, cpu_region: Redistributors(GuestGicRedistributorProfile { regions: [GuestMmioRegion { base: 134873088, length: 16121856 }], stride: 131072 }), its: [GuestItsProfile { id: ItsId(0), node_path: "/intc@8000000/its@8080000", node_phandle: Some(32774), registers: GuestMmioRegion { base: 134742016, length: 131072 } }] }[m
[host_monotonic_s=131962.848461] [m[37m[  0.963514 0:2 axvm::arch::aarch64::fdt::core:93] [32mVM[1] architectural timer follows host firmware PPIs[m
[host_monotonic_s=131962.852578] [m[37m[  0.967622 0:2 axvm::arch::aarch64::fdt::core::parser:442] [32mCPU node: /cpus/cpu@0, node_id: 0x0, hardware_cpu_id: 0x0[m
[host_monotonic_s=131962.852791] [m[37m[  0.967862 0:2 axvm::arch::aarch64::fdt::core::parser:442] [32mCPU node: /cpus/cpu@1, node_id: 0x1, hardware_cpu_id: 0x1[m
[host_monotonic_s=131962.852996] [m[37m[  0.968050 0:2 axvm::arch::aarch64::fdt::core::parser:442] [32mCPU node: /cpus/cpu@2, node_id: 0x2, hardware_cpu_id: 0x2[m
[host_monotonic_s=131962.853197] [m[37m[  0.968233 0:2 axvm::arch::aarch64::fdt::core::parser:442] [32mCPU node: /cpus/cpu@3, node_id: 0x3, hardware_cpu_id: 0x3[m
[host_monotonic_s=131962.853394] [m[37m[  0.968500 0:2 axvm::arch::aarch64::fdt::core::parser:449] [32mFound 4 host CPU nodes[m
[host_monotonic_s=131962.853936] [m[37m[  0.968983 0:2 axvm::arch::aarch64::fdt::core:144] [32mVM[1] DTB not found, generating from the VM configuration[m
[host_monotonic_s=131962.864640] [m[37m[  0.979618 0:2 axvm::arch::aarch64::fdt::core::device:96] [32mFound excluded devices: ["/intc@8000000", "/pl011@9000000", "/timer", "/intc@8000000/its@8080000"][m
[host_monotonic_s=131962.874811] [m[37m[  0.989817 0:2 axvm::arch::aarch64::fdt::core::device:96] [32mFound excluded devices: ["/intc@8000000", "/pl011@9000000", "/timer", "/intc@8000000/its@8080000"][m
[host_monotonic_s=131962.875721] [m[37m[  0.990784 0:2 axvisor::config:258] [32mCreating VM[1] "rt-partition-linux"[m
[host_monotonic_s=131962.892370] [m[37m[  1.007433 0:2 axvm::vm:1044] [32mVM created: id=1[m
[host_monotonic_s=131964.257883] [m[37m[  2.072370 0:2 axvisor::config:270] [32mVM[1] created success, loading images...[m
[host_monotonic_s=131964.257899] [m[37m[  2.182111 0:2 axvm::boot::images:137] [32mLoading ramdisk image from memory (19620641 bytes) into GPA @0x84000000[m
[host_monotonic_s=131964.257903] [m[37m[  2.237577 0:2 axdevice::device:1232] [32mDeviceRuntime: registered device id=0[m
[host_monotonic_s=131964.259979] [m[37m[  2.374735 0:2 axdevice::device:1232] [32mDeviceRuntime: registered device id=1[m
[host_monotonic_s=131964.260721] [m[37m[  2.375540 0:2 axdevice::device:1232] [32mDeviceRuntime: registered device id=2[m
[host_monotonic_s=131964.267477] [m[37m[  2.382399 0:2 axdevice::device:1232] [32mDeviceRuntime: registered device id=3[m
[host_monotonic_s=131964.270798] [m[37m[  2.385854 0:2 axdevice::device:1232] [32mDeviceRuntime: registered device id=4[m
[host_monotonic_s=131964.274883] [m[37m[  2.389951 0:2 axvm::vm::prepare:82] [32mVM setup: id=1[m
[host_monotonic_s=131964.277948] [m[37m[  2.392513 0:2 axvm::arch::aarch64::fdt::core:79] [32mVM[2] virtual GIC follows host firmware resources: GuestGicProfile { compatible: "arm,gic-v3", node_path: "/intc@8000000", node_phandle: Some(32773), distributor: GuestMmioRegion { base: 134217728, length: 65536 }, cpu_region: Redistributors(GuestGicRedistributorProfile { regions: [GuestMmioRegion { base: 134873088, length: 16121856 }], stride: 131072 }), its: [GuestItsProfile { id: ItsId(0), node_path: "/intc@8000000/its@8080000", node_phandle: Some(32774), registers: GuestMmioRegion { base: 134742016, length: 131072 } }] }[m
[host_monotonic_s=131964.278185] [m[37m[  2.393266 0:2 axvm::arch::aarch64::fdt::core:93] [32mVM[2] architectural timer follows host firmware PPIs[m
[host_monotonic_s=131964.281332] [m[37m[  2.396389 0:2 axvm::arch::aarch64::fdt::core::parser:442] [32mCPU node: /cpus/cpu@0, node_id: 0x0, hardware_cpu_id: 0x0[m
[host_monotonic_s=131964.281479] [m[37m[  2.396553 0:2 axvm::arch::aarch64::fdt::core::parser:442] [32mCPU node: /cpus/cpu@1, node_id: 0x1, hardware_cpu_id: 0x1[m
[host_monotonic_s=131964.281636] [m[37m[  2.396709 0:2 axvm::arch::aarch64::fdt::core::parser:442] [32mCPU node: /cpus/cpu@2, node_id: 0x2, hardware_cpu_id: 0x2[m
[host_monotonic_s=131964.281784] [m[37m[  2.396863 0:2 axvm::arch::aarch64::fdt::core::parser:442] [32mCPU node: /cpus/cpu@3, node_id: 0x3, hardware_cpu_id: 0x3[m
[host_monotonic_s=131964.281928] [m[37m[  2.397033 0:2 axvm::arch::aarch64::fdt::core::parser:449] [32mFound 4 host CPU nodes[m
[host_monotonic_s=131964.282066] [m[37m[  2.397144 0:2 axvm::arch::aarch64::fdt::core:144] [32mVM[2] DTB not found, generating from the VM configuration[m
[host_monotonic_s=131964.288798] [m[37m[  2.403800 0:2 axvm::arch::aarch64::fdt::core::device:96] [32mFound excluded devices: ["/intc@8000000", "/pl011@9000000", "/timer", "/intc@8000000/its@8080000"][m
[host_monotonic_s=131964.293059] [m[37m[  2.408067 0:2 axvm::arch::aarch64::fdt::core::device:96] [32mFound excluded devices: ["/intc@8000000", "/pl011@9000000", "/timer", "/intc@8000000/its@8080000"][m
[host_monotonic_s=131964.293461] [m[37m[  2.408545 0:2 axvisor::config:258] [32mCreating VM[2] "rt-partition-zephyr"[m
[host_monotonic_s=131964.294517] [m[37m[  2.409576 0:2 axvm::vm:1044] [32mVM created: id=2[m
[host_monotonic_s=131965.095648] [m[37m[  2.944278 0:2 axvisor::config:270] [32mVM[2] created success, loading images...[m
[host_monotonic_s=131965.095664] [m[37m[  2.948113 0:2 axdevice::device:1232] [32mDeviceRuntime: registered device id=0[m
[host_monotonic_s=131965.095667] [m[37m[  2.948298 0:2 axdevice::device:1232] [32mDeviceRuntime: registered device id=1[m
[host_monotonic_s=131965.096643] [m[37m[  3.210703 0:2 axdevice::device:1232] [32mDeviceRuntime: registered device id=2[m
[host_monotonic_s=131965.097694] [m[37m[  3.212396 0:2 axdevice::device:1232] [32mDeviceRuntime: registered device id=3[m
[host_monotonic_s=131965.098478] [m[37m[  3.213327 0:2 axvm::vm::prepare:82] [32mVM setup: id=2[m
[host_monotonic_s=131965.101104] [m[37m[  3.216018 0:2 axvm::runtime:51] [32mInitializing VMM...[m
[host_monotonic_s=131965.102581] [m[37m[  3.217640 0:2 axvm::runtime:62] [32mVMM starting, booting VMs...[m
[host_monotonic_s=131965.102779] [m[37m[  3.217913 0:2 axvm::vm:1259] [32mStarting VM[1][m
[host_monotonic_s=131965.103048] [m[37m[  3.218122 0:2 axvm::runtime::vcpus:609] [32mSpawning task for VM[1] VCpu[0][m
[host_monotonic_s=131965.103589] [m[37m[  3.218593 0:2 axvm::runtime::vcpus:627] [32mVCpu task Task(17, "VM[1]-VCpu[0]") created cpumask: [2, ][m
[host_monotonic_s=131965.107372] [m[37m[  3.222429 0:2 axvm::runtime:70] [32mVM[1] boot success[m
[host_monotonic_s=131965.107428] [m[37m[  3.222571 0:2 axvm::vm:1259] [32mStarting VM[2][m
[host_monotonic_s=131965.107542] [m[37m[  3.222649 0:2 axvm::runtime::vcpus:609] [32mSpawning task for VM[2] VCpu[0][m
[host_monotonic_s=131965.107750] [m[37m[  3.222647 2:17 axvm::runtime::vcpus:681] [32mVM[1] VCpu[0] waiting for running[m
[host_monotonic_s=131965.107877] [m[37m[  3.222785 0:2 axvm::runtime::vcpus:627] [32mVCpu task Task(19, "VM[2]-VCpu[0]") created cpumask: [1, ][m
[host_monotonic_s=131965.108115] [m[37m[  3.223166 0:2 axvm::runtime:70] [32mVM[2] boot success[m
[host_monotonic_s=131965.108296] [m[37m[  3.223263 1:19 axvm::runtime::vcpus:681] [32mVM[2] VCpu[0] waiting for running[m
[host_monotonic_s=131965.108486] [m[37m[  3.223403 2:17 axvm::runtime::vcpus:719] [32mVM[1] VCpu[0] running...[m
[host_monotonic_s=131965.108675] [m[37m[  3.223522 1:19 axvm::runtime::vcpus:719] [32mVM[2] VCpu[0] running...[m
[host_monotonic_s=131965.110373] [m[37m[  3.225485 0:2 axvisor:98] [32m[OK] Default guest initialized[m
[host_monotonic_s=131965.151493] [m[37m[  3.266536 2:17 axvm::runtime::hvc:258] [32mVM[1] PSCI_FEATURES function_id=0x80000000[m
[host_monotonic_s=131965.152346] [m[37m[  3.267386 2:17 axvm::runtime::hvc:258] [32mVM[1] PSCI_FEATURES function_id=0xc4000001[m
[host_monotonic_s=131965.152682] [m[37m[  3.267745 2:17 axvm::runtime::hvc:258] [32mVM[1] PSCI_FEATURES function_id=0xc400000e[m
[host_monotonic_s=131965.152980] [m[VM 2] *** Booting Zephyr OS build v3.7.0 ***
[host_monotonic_s=131965.153061] [37m[  3.268029 2:17 axvm::runtime::hvc:258] [32mVM[1] PSCI_FEATURES function_id=0xc4000012[m
[host_monotonic_s=131965.153359] [m[37m[  3.268420 2:17 axvm::runtime::hvc:258] [32mVM[1] PSCI_FEATURES function_id=0xc4000015[m
[host_monotonic_s=131965.156534] [m[VM 2] PERIODIC LATENCY READY
[host_monotonic_s=131965.325731] [37m[  3.440713 2:17 axvm::runtime::hvc:272] [32mVM[1] PSCI_CPU_ON target=0x1 entry=0x8228158c context=0x0[m
[host_monotonic_s=131965.326352] [m[37m[  3.441411 2:17 axvm::runtime::vcpus:609] [32mSpawning task for VM[1] VCpu[1][m
[host_monotonic_s=131965.326531] [m[37m[  3.441597 2:17 axvm::runtime::vcpus:627] [32mVCpu task Task(22, "VM[1]-VCpu[1]") created cpumask: [3, ][m
[host_monotonic_s=131965.327425] [m[37m[  3.442312 3:22 axvm::runtime::vcpus:681] [32mVM[1] VCpu[1] waiting for running[m
[host_monotonic_s=131965.328146] [m[37m[  3.443167 3:22 axvm::runtime::vcpus:719] [32mVM[1] VCpu[1] running...[m
[host_monotonic_s=131965.538589] [m[VM 1] [    0.000000] Booting Linux on physical CPU 0x0000000000 [0x410fd083]
[host_monotonic_s=131965.581287] [VM 1] [    0.000000] Linux version 7.1.0-rc2-g74fe02ce122a (runner@s1lqc) (aarch64-linux-gnu-gcc (Ubuntu 13.3.0-6ubuntu2~24.04) 13.3.0, GNU ld (GNU Binutils for Ubuntu) 2.42) #2 SMP PREEMPT Mon Jun  8 08:07:46 UTC 2026
[host_monotonic_s=131965.591128] [VM 1] [    0.000000] KASLR disabled due to lack of seed
[host_monotonic_s=131965.600372] [VM 1] [    0.000000] Machine model: linux,dummy-virt
[host_monotonic_s=131965.606995] [VM 1] [    0.000000] efi: UEFI not found.
[host_monotonic_s=131965.621555] [VM 1] [    0.000000] OF: reserved mem: Reserved memory: No reserved-memory node in the DT
[host_monotonic_s=131965.637106] [VM 1] [    0.000000] NUMA: Faking a node at [mem 0x0000000080000000-0x00000000bfffffff]
[host_monotonic_s=131965.649348] [VM 1] [    0.000000] NODE_DATA(0) allocated [mem 0xbfe08940-0xbfe0b03f]
[host_monotonic_s=131965.660200] [VM 1] [    0.000000] cma: Reserved 32 MiB at 0x00000000bde00000
[host_monotonic_s=131965.671093] [VM 1] [    0.000000] psci: probing for conduit method from DT.
[host_monotonic_s=131965.681252] [VM 1] [    0.000000] psci: PSCIv1.1 detected in firmware.
[host_monotonic_s=131965.692766] [VM 1] [    0.000000] psci: Using standard PSCI v0.2 function IDs
[host_monotonic_s=131965.703645] [VM 1] [    0.000000] psci: Trusted OS migration not required
[host_monotonic_s=131965.715690] [VM 1] [    0.000000] psci: SMC Calling Convention v65535.65535
[host_monotonic_s=131965.721039] [VM 1] [    0.000000] Zone ranges:
[host_monotonic_s=131965.733219] [VM 1] [    0.000000]   DMA      [mem 0x0000000080000000-0x00000000bfffffff]
[host_monotonic_s=131965.739551] [VM 1] [    0.000000]   DMA32    empty
[host_monotonic_s=131965.745869] [VM 1] [    0.000000]   Normal   empty
[host_monotonic_s=131965.754765] [VM 1] [    0.000000] Movable zone start for each node
[host_monotonic_s=131965.762077] [VM 1] [    0.000000] Early memory node ranges
[host_monotonic_s=131965.773974] [VM 1] [    0.000000]   node   0: [mem 0x0000000080000000-0x00000000bfffffff]
[host_monotonic_s=131965.787567] [VM 1] [    0.000000] Initmem setup node 0 [mem 0x0000000080000000-0x00000000bfffffff]
[host_monotonic_s=131965.802210] [VM 1] [    0.000000] percpu: Embedded 26 pages/cpu s66584 r8192 d31720 u106496
[host_monotonic_s=131966.102853] [VM 1] [    0.000000] Detected PIPT I-cache on CPU0
[host_monotonic_s=131966.102869] [VM 1] [    0.000000] CPU features: detected: GICv3 CPU interface
[host_monotonic_s=131966.102873] [VM 1] [    0.000000] CPU features: detected: Spectre-v2
[host_monotonic_s=131966.102876] [VM 1] [    0.000000] CPU features: detected: Spectre-v3a
[host_monotonic_s=131966.102879] [VM 1] [    0.000000] CPU features: detected: Spectre-v4
[host_monotonic_s=131966.118637] [VM 1] [    0.000000] CPU features: detected: Spectre-BHB
[host_monotonic_s=131966.134699] [VM 1] [    0.000000] CPU features: detected: ARM erratum 1742098
[host_monotonic_s=131966.149146] [VM 1] [    0.000000] CPU features: detected: ARM errata 1165522, 1319367, or 1530923
[host_monotonic_s=131966.160550] [VM 1] [    0.000000] alternatives: applying boot alternatives
[host_monotonic_s=131966.207750] [VM 1] [    0.000000] Kernel command line: console=ttyAMA0 devtmpfs.mount=1 loglevel=7 isolcpus=1 nohz_full=1 irqaffinity=0 rt_scenario=stress-noiso rt_cpu=1 rt_load_cpu=0 rt_loops=0 rt_duration_sec=1800 rt_interval_us=1000 rt_maxlat_us=20000 rt_priority=90 rt_start_delay_sec=25
[host_monotonic_s=131966.222532] [VM 1] [    0.000000] Housekeeping: nohz unsupported. Build with CONFIG_NO_HZ_FULL
[host_monotonic_s=131966.267031] [VM 1] [    0.000000] Unknown kernel command line parameters "nohz_full=1 rt_scenario=stress-noiso rt_cpu=1 rt_load_cpu=0 rt_loops=0 rt_duration_sec=1800 rt_interval_us=1000 rt_maxlat_us=20000 rt_priority=90 rt_start_delay_sec=25", will be passed to user space.
[host_monotonic_s=131966.282633] [VM 1] [    0.000000] printk: log buffer data + meta data: 131072 + 458752 = 589824 bytes
[host_monotonic_s=131966.301313] [VM 1] [    0.000000] Dentry cache hash table entries: 131072 (order: 8, 1048576 bytes, linear)
[host_monotonic_s=131966.317540] [VM 1] [    0.000000] Inode-cache hash table entries: 65536 (order: 7, 524288 bytes, linear)
[host_monotonic_s=131966.332260] [VM 1] [    0.000000] software IO TLB: SWIOTLB bounce buffer size adjusted to 1MB
[host_monotonic_s=131966.340291] [VM 1] [    0.000000] software IO TLB: area num 2.
[host_monotonic_s=131966.656716] [VM 1] [    0.000000] software IO TLB: mapped [mem 0x00000000bcb00000-0x00000000bcc00000] (1MB)
[host_monotonic_s=131966.656732] [VM 1] [    0.000000] Fallback order for Node 0: 0 
[host_monotonic_s=131966.656735] [VM 1] [    0.000000] Built 1 zonelists, mobility grouping on.  Total pages: 262144
[host_monotonic_s=131966.656738] [VM 1] [    0.000000] Policy zone: DMA
[host_monotonic_s=131966.657450] [VM 1] [    0.000000] mem auto-init: stack:all(zero), heap alloc:off, heap free:off
[host_monotonic_s=131966.677114] [VM 1] [    0.000000] SLUB: HWalign=64, Order=0-3, MinObjects=0, CPUs=2, Nodes=1
[host_monotonic_s=131966.688643] [VM 1] [    0.000000] rcu: Preemptible hierarchical RCU implementation.
[host_monotonic_s=131966.697550] [VM 1] [    0.000000] rcu: 	RCU event tracing is enabled.
[host_monotonic_s=131966.710663] [VM 1] [    0.000000] rcu: 	RCU restricting CPUs from NR_CPUS=512 to nr_cpu_ids=2.
[host_monotonic_s=131966.720921] [VM 1] [    0.000000] 	Trampoline variant of Tasks RCU enabled.
[host_monotonic_s=131966.730626] [VM 1] [    0.000000] 	Tracing variant of Tasks RCU enabled.
[host_monotonic_s=131966.745761] [VM 1] [    0.000000] rcu: RCU calculated value of scheduler-enlistment delay is 25 jiffies.
[host_monotonic_s=131966.761422] [VM 1] [    0.000000] rcu: Adjusting geometry for rcu_fanout_leaf=16, nr_cpu_ids=2
[host_monotonic_s=131966.779029] [VM 1] [    0.000000] RCU Tasks: Setting shift to 1 and lim to 1 rcu_task_cb_adjust=1 rcu_task_cpu_ids=2.
[host_monotonic_s=131966.790645] [VM 1] [    0.000000] NR_IRQS: 64, nr_irqs: 64, preallocated irqs: 0
[host_monotonic_s=131966.798626] [VM 1] [    0.000000] GICv3: 256 SPIs implemented
[host_monotonic_s=131966.807594] [VM 1] [    0.000000] GICv3: 0 Extended SPIs implemented
[host_monotonic_s=131966.816454] [VM 1] [    0.000000] Root IRQ handler: gic_handle_irq
[host_monotonic_s=131966.827359] [VM 1] [    0.000000] GICv3: GICv3 features: 16 PPIs, RSS
[host_monotonic_s=131966.837242] [VM 1] [    0.000000] GICv3: GICD_CTLR.DS=0, SCR_EL3.FIQ=0
[host_monotonic_s=131966.851556] [VM 1] [    0.000000] GICv3: CPU0: found redistributor 0 region 0:0x00000000080a0000
[host_monotonic_s=131966.860562] [VM 1] [    0.000000] ITS [mem 0x08080000-0x0809ffff]
[host_monotonic_s=131966.879026] [VM 1] [    0.000000] ITS@0x0000000008080000: allocated 8192 Devices @83860000 (indirect, esz 8, psz 64K, shr 1)
[host_monotonic_s=131966.901289] [VM 1] [    0.000000] ITS@0x0000000008080000: allocated 8192 Interrupt Collections @83870000 (flat, esz 8, psz 64K, shr 1)
[host_monotonic_s=131967.215077] [VM 1] [    0.000000] GICv3: using LPI property table @0x0000000083880000
[host_monotonic_s=131967.215091] [VM 1] [    0.000000] GICv3: CPU0: using allocated LPI pending table @0x0000000083890000
[host_monotonic_s=131967.215095] [VM 1] [    0.000000] rcu: srcu_init: Setting srcu_struct sizes based on contention.
[host_monotonic_s=131967.215377] [VM 1] [    0.000000] arch_timer: cp15 timer running at 62.50MHz (virt).
[host_monotonic_s=131967.246270] [VM 1] [    0.000000] clocksource: arch_sys_counter: mask: 0x1ffffffffffffff max_cycles: 0x1cd42e208c, max_idle_ns: 881590405314 ns
[host_monotonic_s=131967.263482] [VM 1] [    0.000060] sched_clock: 57 bits at 63MHz, resolution 16ns, wraps every 4398046511096ns
[host_monotonic_s=131967.276683] [VM 1] [    0.008821] Console: colour dummy device 80x25
[host_monotonic_s=131967.297611] [VM 1] [    0.012503] Calibrating delay loop (skipped), value calculated using timer frequency.. 125.00 BogoMIPS (lpj=250000)
[host_monotonic_s=131967.306809] [VM 1] [    0.012601] pid_max: default: 32768 minimum: 301
[host_monotonic_s=131967.321798] [VM 1] [    0.017118] Mount-cache hash table entries: 2048 (order: 2, 16384 bytes, linear)
[host_monotonic_s=131967.337743] [VM 1] [    0.017156] Mountpoint-cache hash table entries: 2048 (order: 2, 16384 bytes, linear)
[host_monotonic_s=131967.347821] [VM 1] [    0.025276] VFS: Finished mounting rootfs on nullfs
[host_monotonic_s=131967.363841] [VM 1] [    0.045086] cacheinfo: Unable to detect cache hierarchy for CPU 0
[host_monotonic_s=131967.374126] [VM 1] [    0.057556] rcu: Hierarchical SRCU implementation.
[host_monotonic_s=131967.385707] [VM 1] [    0.057585] rcu: 	Max phase no-delay instances is 1000.
[host_monotonic_s=131967.402892] [VM 1] [    0.058498] Timer migration: 1 hierarchy levels; 8 children per group; 1 crossnode level
[host_monotonic_s=131967.413540] [VM 1] [    0.061112] fsl-mc MSI: its@8080000 domain created
[host_monotonic_s=131967.423931] [VM 1] [    0.062018] EFI services will not be available.
[host_monotonic_s=131967.433841] [VM 1] [    0.062724] smp: Bringing up secondary CPUs ...
[host_monotonic_s=131967.442278] [VM 1] [    0.070662] Detected PIPT I-cache on CPU1
[host_monotonic_s=131967.458245] [VM 1] [    0.072183] GICv3: CPU1: found redistributor 1 region 0:0x00000000080c0000
[host_monotonic_s=131967.774456] [VM 1] [    0.074258] GICv3: CPU1: using allocated LPI pending table @0x00000000838a0000
[host_monotonic_s=131967.774468] [VM 1] [    0.076584] CPU1: Booted secondary processor 0x0000000001 [0x410fd083]
[host_monotonic_s=131967.774470] [VM 1] [    0.082931] smp: Brought up 1 node, 2 CPUs
[host_monotonic_s=131967.774473] [VM 1] [    0.082960] SMP: Total of 2 processors activated.
[host_monotonic_s=131967.774474] [VM 1] [    0.082983] CPU: All CPU(s) started at EL1
[host_monotonic_s=131967.774588] [VM 1] [    0.083228] CPU features: detected: 32-bit EL0 Support
[host_monotonic_s=131967.793644] [VM 1] [    0.083238] CPU features: detected: 32-bit EL1 Support
[host_monotonic_s=131967.803797] [VM 1] [    0.083284] CPU features: detected: CRC32 instructions
[host_monotonic_s=131967.812327] [VM 1] [    0.083432] CPU features: detected: PMUv3
[host_monotonic_s=131967.824080] [VM 1] [    0.094336] alternatives: applying system-wide alternatives
[host_monotonic_s=131967.852187] [VM 1] [    0.118835] Memory: 919888K/1048576K available (18688K kernel code, 5242K rwdata, 14480K rodata, 12672K init, 718K bss, 92528K reserved, 32768K cma-reserved)
[host_monotonic_s=131967.859144] [VM 1] [    0.143514] devtmpfs: initialized
[host_monotonic_s=131967.879222] [VM 1] [    0.161761] clocksource: jiffies: mask: 0xffffffff max_cycles: 0xffffffff, max_idle_ns: 7645041785100000 ns
[host_monotonic_s=131967.894368] [VM 1] [    0.162199] posixtimers hash table entries: 1024 (order: 2, 16384 bytes, linear)
[host_monotonic_s=131967.912849] [VM 1] [    0.162404] futex hash table entries: 512 (32768 bytes on 1 NUMA nodes, total 32 KiB, linear).
[host_monotonic_s=131967.927502] [VM 1] [    0.165255] 19744 pages in range for non-PLT usage
[host_monotonic_s=131967.936984] [VM 1] [    0.165293] 511264 pages in range for PLT usage
[host_monotonic_s=131967.945316] [VM 1] [    0.178458] DMI: not present or invalid.
[host_monotonic_s=131967.957560] [VM 1] [    0.207353] NET: Registered PF_NETLINK/PF_ROUTE protocol family
[host_monotonic_s=131967.973275] [VM 1] [    0.221146] DMA: preallocated 128 KiB GFP_KERNEL|GFP_DMA pool for atomic allocations
[host_monotonic_s=131967.984975] [VM 1] [    0.221925] audit: initializing netlink subsys (disabled)
[host_monotonic_s=131968.000880] [VM 1] [    0.223426] audit: type=2000 audit(0.196:1): state=initialized audit_enabled=0 res=1
[host_monotonic_s=131968.013214] [VM 1] [    0.228467] thermal_sys: Registered thermal governor 'step_wise'
[host_monotonic_s=131968.327087] [VM 1] [    0.228499] thermal_sys: Registered thermal governor 'power_allocator'
[host_monotonic_s=131968.327101] [VM 1] [    0.228814] cpuidle: using governor menu
[host_monotonic_s=131968.327104] [VM 1] [    0.230414] hw-breakpoint: found 6 breakpoint and 4 watchpoint registers.
[host_monotonic_s=131968.327107] [VM 1] [    0.231938] ASID allocator initialised with 65536 entries
[host_monotonic_s=131968.344808] [VM 1] [    0.238405] Serial: AMBA PL011 UART driver
[host_monotonic_s=131968.361306] [VM 1] [    0.262446] 9000000.pl011: ttyAMA0 at MMIO 0x9000000 (irq = 13, base_baud = 0) is a PL011 rev1
[host_monotonic_s=131968.370084] [VM 1] [    0.266175] printk: console [ttyAMA0] enabled
[host_monotonic_s=131968.383696] [VM 1] [    1.025936] HugeTLB: registered 1.00 GiB page size, pre-allocated 0 pages
[host_monotonic_s=131968.396687] [VM 1] [    1.026170] HugeTLB: 0 KiB vmemmap can be freed for a 1.00 GiB page
[host_monotonic_s=131968.410646] [VM 1] [    1.026201] HugeTLB: registered 32.0 MiB page size, pre-allocated 0 pages
[host_monotonic_s=131968.423250] [VM 1] [    1.026205] HugeTLB: 0 KiB vmemmap can be freed for a 32.0 MiB page
[host_monotonic_s=131968.437287] [VM 1] [    1.026211] HugeTLB: registered 2.00 MiB page size, pre-allocated 0 pages
[host_monotonic_s=131968.450673] [VM 1] [    1.026214] HugeTLB: 0 KiB vmemmap can be freed for a 2.00 MiB page
[host_monotonic_s=131968.464870] [VM 1] [    1.026220] HugeTLB: registered 64.0 KiB page size, pre-allocated 0 pages
[host_monotonic_s=131968.478197] [VM 1] [    1.026223] HugeTLB: 0 KiB vmemmap can be freed for a 64.0 KiB page
[host_monotonic_s=131968.490109] [VM 1] [    3.223180] ACPI: Interpreter disabled.
[host_monotonic_s=131968.506055] [VM 1] [    3.237648] iommu: Default domain type: Translated
[host_monotonic_s=131968.519979] [VM 1] [    3.248424] iommu: DMA domain TLB invalidation policy: strict mode
[host_monotonic_s=131968.533351] [VM 1] [    3.266933] SCSI subsystem initialized
[host_monotonic_s=131968.548845] [VM 1] [    3.278579] usbcore: registered new interface driver usbfs
[host_monotonic_s=131968.561397] [VM 1] [    3.291591] usbcore: registered new interface driver hub
[host_monotonic_s=131968.574698] [VM 1] [    3.303883] usbcore: registered new device driver usb
[host_monotonic_s=131968.885962] [VM 1] [    3.304818] pps_core: LinuxPPS API ver. 1 registered
[host_monotonic_s=131968.885978] [VM 1] [    3.304833] pps_core: Software ver. 5.3.6 - Copyright 2005-2007 Rodolfo Giometti <giometti@linux.it>
[host_monotonic_s=131968.885982] [VM 1] [    3.304877] PTP clock support registered
[host_monotonic_s=131968.885985] [VM 1] [    3.305167] EDAC MC: Ver: 3.0.0
[host_monotonic_s=131968.885988] [VM 1] [    3.364066] scmi_core: SCMI protocol bus registered
[host_monotonic_s=131968.906454] [VM 1] [    3.640150] FPGA manager framework
[host_monotonic_s=131968.923590] [VM 1] [    3.658832] vgaarb: loaded
[host_monotonic_s=131968.941093] [VM 1] [    3.670382] clocksource: Switched to clocksource arch_sys_counter
[host_monotonic_s=131968.953408] [VM 1] [    3.686698] VFS: Disk quotas dquot_6.6.0
[host_monotonic_s=131968.968502] [VM 1] [    3.696719] VFS: Dquot-cache hash table entries: 512 (order 0, 4096 bytes)
[host_monotonic_s=131968.977697] [VM 1] [    3.712356] pnp: PnP ACPI: disabled
[host_monotonic_s=131969.007095] [VM 1] [    3.739145] NET: Registered PF_INET protocol family
[host_monotonic_s=131969.023382] [VM 1] [    3.751102] IP idents hash table entries: 16384 (order: 5, 131072 bytes, linear)
[host_monotonic_s=131969.045786] [VM 1] [    3.769493] tcp_listen_portaddr_hash hash table entries: 512 (order: 1, 8192 bytes, linear)
[host_monotonic_s=131969.061010] [VM 1] [    3.769558] Table-perturb hash table entries: 65536 (order: 6, 262144 bytes, linear)
[host_monotonic_s=131969.075903] [VM 1] [    3.769674] TCP established hash table entries: 8192 (order: 4, 65536 bytes, linear)
[host_monotonic_s=131969.090645] [VM 1] [    3.769826] TCP bind hash table entries: 8192 (order: 6, 262144 bytes, linear)
[host_monotonic_s=131969.102839] [VM 1] [    3.769978] TCP: Hash tables configured (established 8192 bind 8192)
[host_monotonic_s=131969.117576] [VM 1] [    3.846798] UDP hash table entries: 512 (order: 3, 32768 bytes, linear)
[host_monotonic_s=131969.130324] [VM 1] [    3.861120] NET: Registered PF_UNIX/PF_LOCAL protocol family
[host_monotonic_s=131969.145415] [VM 1] [    3.875595] RPC: Registered named UNIX socket transport module.
[host_monotonic_s=131969.445982] [VM 1] [    3.887690] RPC: Registered udp transport module.
[host_monotonic_s=131969.445995] [VM 1] [    3.897329] RPC: Registered tcp transport module.
[host_monotonic_s=131969.445999] [VM 1] [    3.907294] RPC: Registered tcp-with-tls transport module.
[host_monotonic_s=131969.446019] [VM 1] [    3.918431] RPC: Registered tcp NFSv4.1 backchannel transport module.
[host_monotonic_s=131969.446112] [VM 1] [    3.931308] PCI: CLS 0 bytes, default 64
[host_monotonic_s=131969.465892] [VM 1] [    4.199681] Unpacking initramfs...
[host_monotonic_s=131969.475883] [VM 1] [    4.208331] kvm [1]: HYP mode not available
[host_monotonic_s=131969.492397] [VM 1] [    4.224620] Initialise system trusted keyrings
[host_monotonic_s=131969.514960] [VM 1] [    4.239474] workingset: timestamp_bits=42 (anon: 38) max_order=18 bucket_order=0 (anon: 0)
[host_monotonic_s=131969.535056] [VM 1] [    4.264126] squashfs: version 4.0 (2009/01/31) Phillip Lougher
[host_monotonic_s=131969.550482] [VM 1] [    4.281044] NFS: Registering the id_resolver key type
[host_monotonic_s=131969.561866] [VM 1] [    4.294984] Key type id_resolver registered
[host_monotonic_s=131969.571154] [VM 1] [    4.304287] Key type id_legacy registered
[host_monotonic_s=131969.586092] [VM 1] [    4.313878] nfs4filelayout_init: NFSv4 File Layout Driver Registering...
[host_monotonic_s=131969.605014] [VM 1] [    4.330908] nfs4flexfilelayout_init: NFSv4 Flexfile Layout Driver Registering...
[host_monotonic_s=131969.618801] [VM 1] [    4.348346] 9p: Installing v9fs 9p2000 file system support
[host_monotonic_s=131969.636507] [VM 1] [    4.367624] Key type asymmetric registered
[host_monotonic_s=131969.646608] [VM 1] [    4.367957] Asymmetric key parser 'x509' registered
[host_monotonic_s=131969.661554] [VM 1] [    4.368429] Block layer SCSI generic (bsg) driver version 0.4 loaded (major 244)
[host_monotonic_s=131969.671104] [VM 1] [    4.368739] io scheduler mq-deadline registered
[host_monotonic_s=131969.680068] [VM 1] [    4.368987] io scheduler kyber registered
[host_monotonic_s=131969.688148] [VM 1] [    4.369465] io scheduler bfq registered
[host_monotonic_s=131970.034031] [VM 1] [    4.462846] ledtrig-cpu: registered to indicate activity on CPUs
[host_monotonic_s=131970.034043] [VM 1] [    4.566801] Serial: 8250/16550 driver, 4 ports, IRQ sharing enabled
[host_monotonic_s=131970.034046] [VM 1] [    4.595286] msm_serial: driver initialized
[host_monotonic_s=131970.034048] [VM 1] [    4.596886] SuperH (H)SCI(F) driver initialized
[host_monotonic_s=131970.034051] [VM 1] [    4.597331] STM32 USART driver initialized
[host_monotonic_s=131970.095212] [VM 1] [    4.827993] loop: module loaded
[host_monotonic_s=131970.112179] [VM 1] [    4.842686] megasas: 07.734.00.00-rc1
[host_monotonic_s=131970.138261] [VM 1] [    4.869333] tun: Universal TUN/TAP device driver, 1.6
[host_monotonic_s=131970.193378] [VM 1] [    4.928376] thunder_xcv, ver 1.0
[host_monotonic_s=131970.201241] [VM 1] [    4.936410] thunder_bgx, ver 1.0
[host_monotonic_s=131970.207453] [VM 1] [    4.943575] nicpf, ver 1.0
[host_monotonic_s=131970.221040] [VM 1] [    4.952477] e1000: Intel(R) PRO/1000 Network Driver
[host_monotonic_s=131970.236384] [VM 1] [    4.966571] e1000: Copyright (c) 1999-2006 Intel Corporation.
[host_monotonic_s=131970.247911] [VM 1] [    4.978964] e1000e: Intel(R) PRO/1000 Network Driver
[host_monotonic_s=131970.260214] [VM 1] [    4.990531] e1000e: Copyright(c) 1999 - 2015 Intel Corporation.
[host_monotonic_s=131970.271408] [VM 1] [    5.002638] igb: Intel(R) Gigabit Ethernet Network Driver
[host_monotonic_s=131970.282892] [VM 1] [    5.013627] igb: Copyright (c) 2007-2014 Intel Corporation.
[host_monotonic_s=131970.296042] [VM 1] [    5.025299] igbvf: Intel(R) Gigabit Virtual Function Network Driver
[host_monotonic_s=131970.596337] [VM 1] [    5.042564] igbvf: Copyright (c) 2009 - 2012 Intel Corporation.
[host_monotonic_s=131970.596347] [VM 1] [    5.043489] sky2: driver version 1.30
[host_monotonic_s=131970.596349] [VM 1] [    5.065484] VFIO - User Level meta-driver version: 0.3
[host_monotonic_s=131970.596350] [VM 1] [    5.090979] usbcore: registered new interface driver usb-storage
[host_monotonic_s=131970.596417] [VM 1] [    5.112849] i2c_dev: i2c /dev entries driver
[host_monotonic_s=131970.657296] [VM 1] [    5.386657] SMCCC: SOC_ID: ARCH_SOC_ID not implemented, skipping ....
[host_monotonic_s=131970.673778] [VM 1] [    5.404310] usbcore: registered new interface driver usbhid
[host_monotonic_s=131970.682606] [VM 1] [    5.416245] usbhid: USB HID core driver
[host_monotonic_s=131970.716296] [VM 1] [    5.447800] NET: Registered PF_INET6 protocol family
[host_monotonic_s=131970.739651] [VM 1] [    5.472966] Segment Routing with IPv6
[host_monotonic_s=131970.748593] [VM 1] [    5.482784] In-situ OAM (IOAM) with IPv6
[host_monotonic_s=131970.761827] [VM 1] [    5.491646] sit: IPv6, IPv4 and MPLS over IPv4 tunneling driver
[host_monotonic_s=131970.777570] [VM 1] [    5.508785] NET: Registered PF_PACKET protocol family
[host_monotonic_s=131970.793669] [VM 1] [    5.523786] 9pnet: Installing 9P2000 support
[host_monotonic_s=131970.804154] [VM 1] [    5.524289] Key type dns_resolver registered
[host_monotonic_s=131970.866049] [VM 1] [    5.598878] registered taskstats version 1
[host_monotonic_s=131971.166387] [VM 1] [    5.609740] Loading compiled-in X.509 certificates
[host_monotonic_s=131971.166393] [VM 1] [    5.651887] Demotion targets for Node 0: null
[host_monotonic_s=131971.166394] [VM 1] [    5.668427] clk: Disabling unused clocks
[host_monotonic_s=131971.166395] [VM 1] [    5.682802] PM: genpd: Disabling unused power domains
[host_monotonic_s=131971.352721] [VM 1] [    6.085044] Freeing initrd memory: 19160K
[host_monotonic_s=131971.455447] [VM 1] [    6.187492] Freeing unused kernel memory: 12672K
[host_monotonic_s=131971.755717] [VM 1] [    6.198996] Run /init as init process
[host_monotonic_s=131972.556941] [VM 1] RT_INIT scenario=stress-noiso cpu=1 load_cpu=0 loops=0 duration_sec=1800 interval_us=1000 maxlat_us=20000 priority=90 start_delay_sec=25
[host_monotonic_s=131972.556955] [VM 1] RT_CPUS total=2
[host_monotonic_s=131972.556958] [VM 1] RT_SCHED_PROBE_START
[host_monotonic_s=131972.556962] [VM 1] pid 1's current scheduling policy: SCHED_OTHER
[host_monotonic_s=131972.556964] [VM 1] pid 1's current scheduling priority: 0
[host_monotonic_s=131972.565621] [VM 1] RT_SCHED_PROBE_OK
[host_monotonic_s=131972.570621] [VM 1] RT_WAIT_BEFORE_TEST seconds=25
[host_monotonic_s=131996.671018] [VM 1] RT_STRESS_START cpu=0 workers=2 vm=1
[host_monotonic_s=131996.674801] [VM 1] RT_CYCLICTEST_START
[host_monotonic_s=131996.682195] [VM 1] RT_CYCLICTEST_TIMING_START uptime_s=28.56
[host_monotonic_s=131996.767265] [VM 1] RT_PROGRESS uptime_s=28.60
[host_monotonic_s=131996.779906] [VM 1] stress-ng: info:  [68] defaulting to a 1 day run per stressor
[host_monotonic_s=131996.801902] [VM 1] stress-ng: info:  [68] dispatching hogs: 2 cpu, 1 vm
[host_monotonic_s=131996.885324] [VM 1] stress-ng: info:  [77] vm: non-temporal memory stores not supported, dropping back to plain memory stores
[host_monotonic_s=131996.953404] [VM 1] stress-ng: info:  [77] vm: using 64MB per stressor instance (total 64MB of 871.75MB available memory)
[host_monotonic_s=131997.754839] 
[host_monotonic_s=131997.754854] [Axvisor] detached VM[1] console
[host_monotonic_s=131997.754859] Welcome to AxVisor Shell!
[host_monotonic_s=131997.754862] Type 'help' to see available commands
[host_monotonic_s=131997.754865] Use UP/DOWN arrows to navigate command history
[host_monotonic_s=131997.754868] Console shortcuts:
[host_monotonic_s=131997.754871]   Ctrl+X, then h  return to the Axvisor shell
[host_monotonic_s=131997.754892]   Ctrl+X, then [  attach the previous running guest
[host_monotonic_s=131997.755586]   Ctrl+X, then ]  attach the next running guest
[host_monotonic_s=131997.756107] Note: Running with limited features (filesystem support disabled).
[host_monotonic_s=131997.756191] 
[host_monotonic_s=131998.558288] [2Kaxvisor:$ [2Kaxvisor:$ v[2Kaxvisor:$ vm[2Kaxvisor:$ vme[2Kaxvisor:$ vmex[2Kaxvisor:$ vmexi[2Kaxvisor:$ vmexit[2Kaxvisor:$ vmexit [2Kaxvisor:$ vmexit s[2Kaxvisor:$ vmexit st[2Kaxvisor:$ vmexit sta[2Kaxvisor:$ vmexit stat
[host_monotonic_s=131998.558311] VM-exit counters per physical CPU (12 reasons):
[host_monotonic_s=131998.558958]   cpu         irq     timer      mmio       wfi   hvc-smc    sysreg    gic-if       sgi    cpu-up  sys-down   nothing     other
[host_monotonic_s=131998.559389]     1       15086     14895     44985     14895         -         -         -         -         -         -         -         -
[host_monotonic_s=131998.559628]     2        1493      1029     31203       126         7         -         -       125         -         -        11         -
[host_monotonic_s=131998.559958]     3        1485      1401        52      2308         -         -         -        19         -         -         2         -
[host_monotonic_s=131998.560133] Host periodic scheduler ticks (event-driven timer IRQs excluded):
[host_monotonic_s=131998.560236]   cpu   0:       3247
[host_monotonic_s=131998.560310]   cpu   1:       3244
[host_monotonic_s=131998.560389]   cpu   2:       3242
[host_monotonic_s=131998.560428]   cpu   3:       3245
[host_monotonic_s=132001.262813] axvisor:$ [2Kaxvisor:$ v[2Kaxvisor:$ vm[2Kaxvisor:$ vm [2Kaxvisor:$ vm c[2Kaxvisor:$ vm co[2Kaxvisor:$ vm con[2Kaxvisor:$ vm cons[2Kaxvisor:$ vm conso[2Kaxvisor:$ vm consol[2Kaxvisor:$ vm console[2Kaxvisor:$ vm console [2Kaxvisor:$ vm console 2
[host_monotonic_s=132001.262964] ✓ Attached VM[2] console; use Ctrl+X, then h to return to the shell
[host_monotonic_s=132001.769674] PERIODIC LATENCY START
[host_monotonic_s=132004.778923] sequence,timestamp_ns,deadline_ns,actual_ns,jitter_ns
[host_monotonic_s=132004.786313] 0,10769248,36947013056,36947782304,769248
[host_monotonic_s=132004.792982] 1,20522560,36957013056,36957535616,522560
[host_monotonic_s=132004.799690] 2,30543232,36967013056,36967556288,543232
[host_monotonic_s=132004.806330] 3,40688976,36977013056,36977702032,688976
[host_monotonic_s=132004.812867] 4,50602592,36987013056,36987615648,602592
[host_monotonic_s=132004.819498] 5,60532512,36997013056,36997545568,532512
[host_monotonic_s=132004.826070] 6,70568144,37007013056,37007581200,568144
[host_monotonic_s=132004.832602] 7,80552560,37017013056,37017565616,552560
[host_monotonic_s=132004.839188] 8,90639248,37027013056,37027652304,639248
[host_monotonic_s=132004.846389] 9,100574624,37037013056,37037587680,574624
[host_monotonic_s=132004.853618] 10,110577872,37047013056,37047590928,577872
[host_monotonic_s=132004.860647] 11,120506592,37057013056,37057519648,506592
[host_monotonic_s=132004.871257] 12,130549968,37067013056,37067563024,549968
[host_monotonic_s=132004.882164] 13,140564208,37077013056,37077577264,564208
[host_monotonic_s=132004.889399] 14,150503920,37087013056,37087516976,503920
[host_monotonic_s=132004.896477] 15,160532880,37097013056,37097545936,532880
[host_monotonic_s=132004.903621] 16,170534336,37107013056,37107547392,534336
[host_monotonic_s=132004.910570] 17,180660992,37117013056,37117674048,660992
[host_monotonic_s=132004.917702] 18,190566016,37127013056,37127579072,566016
[host_monotonic_s=132005.222887] 19,200482576,37137013056,37137495632,482576
[host_monotonic_s=132005.222893] 20,210475920,37147013056,37147488976,475920
[host_monotonic_s=132005.222894] 21,220505200,37157013056,37157518256,505200
[host_monotonic_s=132005.222895] 22,230516944,37167013056,37167530000,516944
[host_monotonic_s=132005.222895] 23,240500992,37177013056,37177514048,500992
[host_monotonic_s=132005.222896] 24,250436336,37187013056,37187449392,436336
[host_monotonic_s=132005.224491] 25,260468704,37197013056,37197481760,468704
[host_monotonic_s=132005.231230] 26,270474896,37207013056,37207487952,474896
[host_monotonic_s=132005.238429] 27,280444048,37217013056,37217457104,444048
[host_monotonic_s=132005.245524] 28,290440752,37227013056,37227453808,440752
[host_monotonic_s=132005.252511] 29,300485120,37237013056,37237498176,485120
[host_monotonic_s=132005.259661] 30,310638512,37247013056,37247651568,638512
[host_monotonic_s=132005.266683] 31,320574976,37257013056,37257588032,574976
[host_monotonic_s=132005.273720] 32,330616672,37267013056,37267629728,616672
[host_monotonic_s=132005.280592] 33,340594016,37277013056,37277607072,594016
[host_monotonic_s=132005.287631] 34,350597872,37287013056,37287610928,597872
[host_monotonic_s=132005.294781] 35,360646944,37297013056,37297660000,646944
[host_monotonic_s=132005.301491] 36,370615072,37307013056,37307628128,615072
[host_monotonic_s=132005.308322] 37,380893248,37317013056,37317906304,893248
[host_monotonic_s=132005.315522] 38,390896736,37327013056,37327909792,896736
[host_monotonic_s=132005.322499] 39,400728656,37337013056,37337741712,728656
[host_monotonic_s=132005.329393] 40,410961056,37347013056,37347974112,961056
[host_monotonic_s=132005.336160] 41,420853680,37357013056,37357866736,853680
[host_monotonic_s=132005.342805] 42,430515120,37367013056,37367528176,515120
[host_monotonic_s=132005.349791] 43,440449840,37377013056,37377462896,449840
[host_monotonic_s=132005.356664] 44,450451296,37387013056,37387464352,451296
[host_monotonic_s=132005.363471] 45,460438816,37397013056,37397451872,438816
[host_monotonic_s=132005.370386] 46,470428368,37407013056,37407441424,428368
[host_monotonic_s=132005.377289] 47,480423472,37417013056,37417436528,423472
[host_monotonic_s=132005.384267] 48,490434480,37427013056,37427447536,434480
[host_monotonic_s=132005.391115] 49,500418496,37437013056,37437431552,418496
[host_monotonic_s=132005.398202] 50,510452016,37447013056,37447465072,452016
[host_monotonic_s=132005.405058] 51,520458896,37457013056,37457471952,458896
[host_monotonic_s=132005.411848] 52,530440592,37467013056,37467453648,440592
[host_monotonic_s=132005.418670] 53,540439760,37477013056,37477452816,439760
[host_monotonic_s=132005.425559] 54,550423472,37487013056,37487436528,423472
[host_monotonic_s=132005.432382] 55,560423632,37497013056,37497436688,423632
[host_monotonic_s=132005.439455] 56,570419024,37507013056,37507432080,419024
[host_monotonic_s=132005.446577] 57,580537328,37517013056,37517550384,537328
[host_monotonic_s=132005.453593] 58,590703664,37527013056,37527716720,703664
[host_monotonic_s=132005.460442] 59,600612928,37537013056,37537625984,612928
[host_monotonic_s=132005.467340] 60,610568960,37547013056,37547582016,568960
[host_monotonic_s=132005.773094] 61,620601552,37557013056,37557614608,601552
[host_monotonic_s=132005.773099] 62,630596064,37567013056,37567609120,596064
[host_monotonic_s=132005.773100] 63,640583728,37577013056,37577596784,583728
[host_monotonic_s=132005.773101] 64,650590160,37587013056,37587603216,590160
[host_monotonic_s=132005.773102] 65,660584208,37597013056,37597597264,584208
[host_monotonic_s=132005.773103] 66,670543808,37607013056,37607556864,543808
[host_monotonic_s=132005.773104] 67,680586608,37617013056,37617599664,586608
[host_monotonic_s=132005.786794] 68,690575696,37627013056,37627588752,575696
[host_monotonic_s=132005.794819] 69,700497248,37637013056,37637510304,497248
[host_monotonic_s=132005.802424] 70,710574848,37647013056,37647587904,574848
[host_monotonic_s=132005.809847] 71,720593408,37657013056,37657606464,593408
[host_monotonic_s=132005.817555] 72,730582480,37667013056,37667595536,582480
[host_monotonic_s=132005.825300] 73,740560288,37677013056,37677573344,560288
[host_monotonic_s=132005.832837] 74,750768096,37687013056,37687781152,768096
[host_monotonic_s=132005.840530] 75,760788640,37697013056,37697801696,788640
[host_monotonic_s=132005.848003] 76,770733872,37707013056,37707746928,733872
[host_monotonic_s=132005.855536] 77,780510464,37717013056,37717523520,510464
[host_monotonic_s=132005.862885] 78,790515200,37727013056,37727528256,515200
[host_monotonic_s=132005.869825] 79,800432416,37737013056,37737445472,432416
[host_monotonic_s=132005.876977] 80,810594096,37747013056,37747607152,594096
[host_monotonic_s=132005.884204] 81,820573728,37757013056,37757586784,573728
[host_monotonic_s=132005.891312] 82,830637008,37767013056,37767650064,637008
[host_monotonic_s=132005.898885] 83,840654304,37777013056,37777667360,654304
[host_monotonic_s=132005.906017] 84,850600176,37787013056,37787613232,600176
[host_monotonic_s=132005.912865] 85,860700656,37797013056,37797713712,700656
[host_monotonic_s=132005.919910] 86,870580848,37807013056,37807593904,580848
[host_monotonic_s=132005.926971] 87,880544208,37817013056,37817557264,544208
[host_monotonic_s=132005.934028] 88,890588272,37827013056,37827601328,588272
[host_monotonic_s=132005.941060] 89,900599664,37837013056,37837612720,599664
[host_monotonic_s=132005.948037] 90,910614000,37847013056,37847627056,614000
[host_monotonic_s=132005.955047] 91,920574400,37857013056,37857587456,574400
[host_monotonic_s=132005.962022] 92,930614672,37867013056,37867627728,614672
[host_monotonic_s=132005.969196] 93,940737200,37877013056,37877750256,737200
[host_monotonic_s=132005.976562] 94,950593664,37887013056,37887606720,593664
[host_monotonic_s=132005.983592] 95,960571504,37897013056,37897584560,571504
[host_monotonic_s=132005.990657] 96,970550144,37907013056,37907563200,550144
[host_monotonic_s=132005.997914] 97,980609712,37917013056,37917622768,609712
[host_monotonic_s=132006.005126] 98,990585424,37927013056,37927598480,585424
[host_monotonic_s=132006.012279] 99,1000619616,37937013056,37937632672,619616
[host_monotonic_s=132006.019820] 100,1010584224,37947013056,37947597280,584224
[host_monotonic_s=132006.323698] 101,1020557568,37957013056,37957570624,557568
[host_monotonic_s=132006.323712] 102,1030600800,37967013056,37967613856,600800
[host_monotonic_s=132006.323715] 103,1040602736,37977013056,37977615792,602736
[host_monotonic_s=132006.323717] 104,1050608176,37987013056,37987621232,608176
[host_monotonic_s=132006.323720] 105,1060662736,37997013056,37997675792,662736
[host_monotonic_s=132006.323721] 106,1070575712,38007013056,38007588768,575712
[host_monotonic_s=132006.333559] 107,1080605184,38017013056,38017618240,605184
[host_monotonic_s=132006.340679] 108,1090602944,38027013056,38027616000,602944
[host_monotonic_s=132006.347863] 109,1100576496,38037013056,38037589552,576496
[host_monotonic_s=132006.355239] 110,1110563232,38047013056,38047576288,563232
[host_monotonic_s=132006.362174] 111,1120599744,38057013056,38057612800,599744
[host_monotonic_s=132006.368824] 112,1130577664,38067013056,38067590720,577664
[host_monotonic_s=132006.375899] 113,1140714464,38077013056,38077727520,714464
[host_monotonic_s=132006.382962] 114,1150550976,38087013056,38087564032,550976
[host_monotonic_s=132006.390164] 115,1160712752,38097013056,38097725808,712752
[host_monotonic_s=132006.397295] 116,1170580288,38107013056,38107593344,580288
[host_monotonic_s=132006.404542] 117,1180570496,38117013056,38117583552,570496
[host_monotonic_s=132006.411536] 118,1190574432,38127013056,38127587488,574432
[host_monotonic_s=132006.418677] 119,1200572320,38137013056,38137585376,572320
[host_monotonic_s=132006.426659] 120,1210482032,38147013056,38147495088,482032
[host_monotonic_s=132006.434071] 121,1220522960,38157013056,38157536016,522960
[host_monotonic_s=132006.441484] 122,1230553248,38167013056,38167566304,553248
[host_monotonic_s=132006.448823] 123,1240546736,38177013056,38177559792,546736
[host_monotonic_s=132006.456088] 124,1250557024,38187013056,38187570080,557024
[host_monotonic_s=132006.463409] 125,1260556688,38197013056,38197569744,556688
[host_monotonic_s=132006.470680] 126,1270554208,38207013056,38207567264,554208
[host_monotonic_s=132006.478106] 127,1280460832,38217013056,38217473888,460832
[host_monotonic_s=132006.485443] 128,1290677600,38227013056,38227690656,677600
[host_monotonic_s=132006.492557] 129,1300554016,38237013056,38237567072,554016
[host_monotonic_s=132006.499881] 130,1310545536,38247013056,38247558592,545536
[host_monotonic_s=132006.507158] 131,1320517696,38257013056,38257530752,517696
[host_monotonic_s=132006.514476] 132,1330555184,38267013056,38267568240,555184
[host_monotonic_s=132006.522127] 133,1340485760,38277013056,38277498816,485760
[host_monotonic_s=132006.529946] 134,1350571472,38287013056,38287584528,571472
[host_monotonic_s=132006.537800] 135,1360566256,38297013056,38297579312,566256
[host_monotonic_s=132006.545858] 136,1370547632,38307013056,38307560688,547632
[host_monotonic_s=132006.553689] 137,1380573904,38317013056,38317586960,573904
[host_monotonic_s=132006.561425] 138,1390439392,38327013056,38327452448,439392
[host_monotonic_s=132006.569341] 139,1400570960,38337013056,38337584016,570960
[host_monotonic_s=132006.873893] 140,1410560544,38347013056,38347573600,560544
[host_monotonic_s=132006.873905] 141,1420567632,38357013056,38357580688,567632
[host_monotonic_s=132006.873908] 142,1430549872,38367013056,38367562928,549872
[host_monotonic_s=132006.873911] 143,1440538448,38377013056,38377551504,538448
[host_monotonic_s=132006.873913] 144,1450543808,38387013056,38387556864,543808
[host_monotonic_s=132006.873914] 145,1460555472,38397013056,38397568528,555472
[host_monotonic_s=132006.879581] 146,1470630160,38407013056,38407643216,630160
[host_monotonic_s=132006.887404] 147,1480620992,38417013056,38417634048,620992
[host_monotonic_s=132006.895046] 148,1490562464,38427013056,38427575520,562464
[host_monotonic_s=132006.902640] 149,1500568368,38437013056,38437581424,568368
[host_monotonic_s=132006.910792] 150,1510582704,38447013056,38447595760,582704
[host_monotonic_s=132006.918676] 151,1520555488,38457013056,38457568544,555488
[host_monotonic_s=132006.926628] 152,1530546048,38467013056,38467559104,546048
[host_monotonic_s=132006.934553] 153,1540556960,38477013056,38477570016,556960
[host_monotonic_s=132006.942404] 154,1550544160,38487013056,38487557216,544160
[host_monotonic_s=132006.950425] 155,1560580336,38497013056,38497593392,580336
[host_monotonic_s=132006.959680] 156,1570543360,38507013056,38507556416,543360
[host_monotonic_s=132006.967215] 157,1580718720,38517013056,38517731776,718720
[host_monotonic_s=132006.974566] 158,1590578416,38527013056,38527591472,578416
[host_monotonic_s=132006.983458] 159,1600563344,38537013056,38537576400,563344
[host_monotonic_s=132006.991947] 160,1610529936,38547013056,38547542992,529936
[host_monotonic_s=132007.000066] 161,1620542720,38557013056,38557555776,542720
[host_monotonic_s=132007.007634] 162,1630577632,38567013056,38567590688,577632
[host_monotonic_s=132007.015016] 163,1640535504,38577013056,38577548560,535504
[host_monotonic_s=132007.021964] 164,1650539280,38587013056,38587552336,539280
[host_monotonic_s=132007.029340] 165,1660549968,38597013056,38597563024,549968
[host_monotonic_s=132007.036710] 166,1670562416,38607013056,38607575472,562416
[host_monotonic_s=132007.044194] 167,1680489696,38617013056,38617502752,489696
[host_monotonic_s=132007.051515] 168,1690674688,38627013056,38627687744,674688
[host_monotonic_s=132007.059005] 169,1700562432,38637013056,38637575488,562432
[host_monotonic_s=132007.066319] 170,1710683616,38647013056,38647696672,683616
[host_monotonic_s=132007.073791] 171,1720552016,38657013056,38657565072,552016
[host_monotonic_s=132007.081076] 172,1730578000,38667013056,38667591056,578000
[host_monotonic_s=132007.088433] 173,1740571104,38677013056,38677584160,571104
[host_monotonic_s=132007.095960] 174,1750599552,38687013056,38687612608,599552
[host_monotonic_s=132007.103318] 175,1760624224,38697013056,38697637280,624224
[host_monotonic_s=132007.110711] 176,1770570544,38707013056,38707583600,570544
[host_monotonic_s=132007.117920] 177,1780610160,38717013056,38717623216,610160
[host_monotonic_s=132007.424202] 178,1790590624,38727013056,38727603680,590624
[host_monotonic_s=132007.424216] 179,1800604096,38737013056,38737617152,604096
[host_monotonic_s=132007.424219] 180,1810720048,38747013056,38747733104,720048
[host_monotonic_s=132007.424221] 181,1820598816,38757013056,38757611872,598816
[host_monotonic_s=132007.424223] 182,1830585280,38767013056,38767598336,585280
[host_monotonic_s=132007.424224] 183,1840528672,38777013056,38777541728,528672
[host_monotonic_s=132007.431122] 184,1850715120,38787013056,38787728176,715120
[host_monotonic_s=132007.439126] 185,1860572176,38797013056,38797585232,572176
[host_monotonic_s=132007.447316] 186,1870525168,38807013056,38807538224,525168
[host_monotonic_s=132007.455185] 187,1880524800,38817013056,38817537856,524800
[host_monotonic_s=132007.462892] 188,1890562800,38827013056,38827575856,562800
[host_monotonic_s=132007.470810] 189,1900514080,38837013056,38837527136,514080
[host_monotonic_s=132007.478639] 190,1910687616,38847013056,38847700672,687616
[host_monotonic_s=132007.486534] 191,1920613936,38857013056,38857626992,613936
[host_monotonic_s=132007.495432] 192,1930573280,38867013056,38867586336,573280
[host_monotonic_s=132007.504358] 193,1940521680,38877013056,38877534736,521680
[host_monotonic_s=132007.511385] 194,1950589760,38887013056,38887602816,589760
[host_monotonic_s=132007.519528] 195,1960735136,38897013056,38897748192,735136
[host_monotonic_s=132007.527263] 196,1970601984,38907013056,38907615040,601984
[host_monotonic_s=132007.534699] 197,1980570736,38917013056,38917583792,570736
[host_monotonic_s=132007.542232] 198,1990608432,38927013056,38927621488,608432
[host_monotonic_s=132007.550253] 199,2000573728,38937013056,38937586784,573728
[host_monotonic_s=132007.557960] 200,2010571776,38947013056,38947584832,571776
[host_monotonic_s=132007.565673] 201,2020562848,38957013056,38957575904,562848
[host_monotonic_s=132007.573220] 202,2030578960,38967013056,38967592016,578960
[host_monotonic_s=132007.580928] 203,2040560624,38977013056,38977573680,560624
[host_monotonic_s=132007.588843] 204,2050988800,38987013056,38988001856,988800
[host_monotonic_s=132007.596093] 205,2060939440,38997013056,38997952496,939440
[host_monotonic_s=132007.603374] 206,2070892816,39007013056,39007905872,892816
[host_monotonic_s=132007.610480] 207,2080955888,39017013056,39017968944,955888
[host_monotonic_s=132007.618133] 208,2090914496,39027013056,39027927552,914496
[host_monotonic_s=132007.626255] 209,2100844912,39037013056,39037857968,844912
[host_monotonic_s=132007.633984] 210,2110969520,39047013056,39047982576,969520
[host_monotonic_s=132007.641005] 211,2120802736,39057013056,39057815792,802736
[host_monotonic_s=132007.648215] 212,2130912352,39067013056,39067925408,912352
[host_monotonic_s=132007.655895] 213,2141036416,39077013056,39078049472,1036416
[host_monotonic_s=132007.663496] 214,2150813360,39087013056,39087826416,813360
[host_monotonic_s=132007.670813] 215,2160463776,39097013056,39097476832,463776
[host_monotonic_s=132007.974510] 216,2170588640,39107013056,39107601696,588640
[host_monotonic_s=132007.974525] 217,2180677728,39117013056,39117690784,677728
[host_monotonic_s=132007.974528] 218,2190596064,39127013056,39127609120,596064
[host_monotonic_s=132007.974531] 219,2200468896,39137013056,39137481952,468896
[host_monotonic_s=132007.974533] 220,2210498352,39147013056,39147511408,498352
[host_monotonic_s=132007.974535] 221,2220500160,39157013056,39157513216,500160
[host_monotonic_s=132007.984126] 222,2230547504,39167013056,39167560560,547504
[host_monotonic_s=132007.993704] 223,2240507392,39177013056,39177520448,507392
[host_monotonic_s=132008.001084] 224,2250518144,39187013056,39187531200,518144
[host_monotonic_s=132008.009186] 225,2261106992,39197013056,39198120048,1106992
[host_monotonic_s=132008.017996] 226,2270486800,39207013056,39207499856,486800
[host_monotonic_s=132008.026609] 227,2280639328,39217013056,39217652384,639328
[host_monotonic_s=132008.034207] 228,2290553520,39227013056,39227566576,553520
[host_monotonic_s=132008.041902] 229,2300577808,39237013056,39237590864,577808
[host_monotonic_s=132008.049226] 230,2310520384,39247013056,39247533440,520384
[host_monotonic_s=132008.056829] 231,2320611024,39257013056,39257624080,611024
[host_monotonic_s=132008.064773] 232,2330620944,39267013056,39267634000,620944
[host_monotonic_s=132008.071830] 233,2340590512,39277013056,39277603568,590512
[host_monotonic_s=132008.079549] 234,2350635952,39287013056,39287649008,635952
[host_monotonic_s=132008.086887] 235,2360594576,39297013056,39297607632,594576
[host_monotonic_s=132008.095050] 236,2370621360,39307013056,39307634416,621360
[host_monotonic_s=132008.102273] 237,2380603008,39317013056,39317616064,603008
[host_monotonic_s=132008.109439] 238,2390581056,39327013056,39327594112,581056
[host_monotonic_s=132008.116751] 239,2400570368,39337013056,39337583424,570368
[host_monotonic_s=132008.123797] 240,2410771088,39347013056,39347784144,771088
[host_monotonic_s=132008.131210] 241,2420569856,39357013056,39357582912,569856
[host_monotonic_s=132008.138420] 242,2430592896,39367013056,39367605952,592896
[host_monotonic_s=132008.145718] 243,2440584992,39377013056,39377598048,584992
[host_monotonic_s=132008.153362] 244,2450436384,39387013056,39387449440,436384
[host_monotonic_s=132008.160359] 245,2460575968,39397013056,39397589024,575968
[host_monotonic_s=132008.167808] 246,2470690672,39407013056,39407703728,690672
[host_monotonic_s=132008.175199] 247,2480671776,39417013056,39417684832,671776
[host_monotonic_s=132008.182440] 248,2490717712,39427013056,39427730768,717712
[host_monotonic_s=132008.189983] 249,2500548624,39437013056,39437561680,548624
[host_monotonic_s=132008.197137] 250,2510576864,39447013056,39447589920,576864
[host_monotonic_s=132008.204823] 251,2520593360,39457013056,39457606416,593360
[host_monotonic_s=132008.212311] 252,2530823520,39467013056,39467836576,823520
[host_monotonic_s=132008.219530] 253,2540637184,39477013056,39477650240,637184
[host_monotonic_s=132008.524833] 254,2550569552,39487013056,39487582608,569552
[host_monotonic_s=132008.524850] 255,2560581136,39497013056,39497594192,581136
[host_monotonic_s=132008.524855] 256,2570609792,39507013056,39507622848,609792
[host_monotonic_s=132008.524862] 257,2580610752,39517013056,39517623808,610752
[host_monotonic_s=132008.524865] 258,2590678736,39527013056,39527691792,678736
[host_monotonic_s=132008.524867] 259,2600744288,39537013056,39537757344,744288
[host_monotonic_s=132008.534309] 260,2610582832,39547013056,39547595888,582832
[host_monotonic_s=132008.542273] 261,2620522784,39557013056,39557535840,522784
[host_monotonic_s=132008.550287] 262,2630711120,39567013056,39567724176,711120
[host_monotonic_s=132008.557887] 263,2640500912,39577013056,39577513968,500912
[host_monotonic_s=132008.565726] 264,2650502864,39587013056,39587515920,502864
[host_monotonic_s=132008.572971] 265,2660591136,39597013056,39597604192,591136
[host_monotonic_s=132008.580575] 266,2670462032,39607013056,39607475088,462032
[host_monotonic_s=132008.588519] 267,2680615808,39617013056,39617628864,615808
[host_monotonic_s=132008.596556] 268,2690753312,39627013056,39627766368,753312
[host_monotonic_s=132008.604101] 269,2700633120,39637013056,39637646176,633120
[host_monotonic_s=132008.611376] 270,2710559424,39647013056,39647572480,559424
[host_monotonic_s=132008.618908] 271,2720567632,39657013056,39657580688,567632
[host_monotonic_s=132008.626512] 272,2730768496,39667013056,39667781552,768496
[host_monotonic_s=132008.634868] 273,2740756144,39677013056,39677769200,756144
[host_monotonic_s=132008.642187] 274,2750945008,39687013056,39687958064,945008
[host_monotonic_s=132008.649586] 275,2760804496,39697013056,39697817552,804496
[host_monotonic_s=132008.657055] 276,2770671680,39707013056,39707684736,671680
[host_monotonic_s=132008.664369] 277,2780730992,39717013056,39717744048,730992
[host_monotonic_s=132008.671679] 278,2790717824,39727013056,39727730880,717824
[host_monotonic_s=132008.679015] 279,2800780192,39737013056,39737793248,780192
[host_monotonic_s=132008.686348] 280,2810766896,39747013056,39747779952,766896
[host_monotonic_s=132008.693719] 281,2820733488,39757013056,39757746544,733488
[host_monotonic_s=132008.701042] 282,2830939680,39767013056,39767952736,939680
[host_monotonic_s=132008.708368] 283,2840896352,39777013056,39777909408,896352
[host_monotonic_s=132008.715797] 284,2850928080,39787013056,39787941136,928080
[host_monotonic_s=132008.723065] 285,2860751440,39797013056,39797764496,751440
[host_monotonic_s=132008.730435] 286,2870749200,39807013056,39807762256,749200
[host_monotonic_s=132008.737928] 287,2880917568,39817013056,39817930624,917568
[host_monotonic_s=132008.745279] 288,2890685760,39827013056,39827698816,685760
[host_monotonic_s=132008.752560] 289,2900542672,39837013056,39837555728,542672
[host_monotonic_s=132008.759922] 290,2910602416,39847013056,39847615472,602416
[host_monotonic_s=132008.767280] 291,2920543568,39857013056,39857556624,543568
[host_monotonic_s=132009.075220] 292,2930539472,39867013056,39867552528,539472
[host_monotonic_s=132009.075236] 293,2940558576,39877013056,39877571632,558576
[host_monotonic_s=132009.075241] 294,2950602400,39887013056,39887615456,602400
[host_monotonic_s=132009.075244] 295,2960601424,39897013056,39897614480,601424
[host_monotonic_s=132009.075246] 296,2970543248,39907013056,39907556304,543248
[host_monotonic_s=132009.075248] 297,2980533024,39917013056,39917546080,533024
[host_monotonic_s=132009.079729] 298,2990600928,39927013056,39927613984,600928
[host_monotonic_s=132009.089062] 299,3000499984,39937013056,39937513040,499984
[host_monotonic_s=132009.095351] PERIODIC LATENCY COMPLETE samples=300
[host_monotonic_s=132009.896149] 
[host_monotonic_s=132009.896155] [Axvisor] detached VM[2] console
[host_monotonic_s=132010.697259] [2Kaxvisor:$ [2Kaxvisor:$ v[2Kaxvisor:$ vm[2Kaxvisor:$ vme[2Kaxvisor:$ vmex[2Kaxvisor:$ vmexi[2Kaxvisor:$ vmexit[2Kaxvisor:$ vmexit [2Kaxvisor:$ vmexit s[2Kaxvisor:$ vmexit st[2Kaxvisor:$ vmexit sta[2Kaxvisor:$ vmexit stat
[host_monotonic_s=132010.697265] VM-exit counters per physical CPU (12 reasons):
[host_monotonic_s=132010.697756]   cpu         irq     timer      mmio       wfi   hvc-smc    sysreg    gic-if       sgi    cpu-up  sys-down   nothing     other
[host_monotonic_s=132010.698986]     1   16897@149.2/s 16597@140.2/s 77197@2654.2/s 16597@140.2/s         -         -         -         -         -         -         -         -
[host_monotonic_s=132010.699381]     2    4998@288.8/s  3404@195.7/s 31260@4.7/s       126         7         -         -       125         -         -        11         -
[host_monotonic_s=132010.701189]     3   11344@812.4/s 10891@782.0/s        52 11233@735.4/s         -         -         -    23@0.3/s         -         -         2         -
[host_monotonic_s=132010.701354] Host periodic scheduler ticks (event-driven timer IRQs excluded):
[host_monotonic_s=132010.701530]   cpu   0:       4205 (78.937/s)
[host_monotonic_s=132010.701628]   cpu   1:       4200 (78.772/s)
[host_monotonic_s=132010.701701]   cpu   2:       4200 (78.937/s)
[host_monotonic_s=132010.701786]   cpu   3:       4208 (79.349/s)
[host_monotonic_s=132013.404715] axvisor:$ [2Kaxvisor:$ v[2Kaxvisor:$ vm[2Kaxvisor:$ vm [2Kaxvisor:$ vm c[2Kaxvisor:$ vm co[2Kaxvisor:$ vm con[2Kaxvisor:$ vm cons[2Kaxvisor:$ vm conso[2Kaxvisor:$ vm consol[2Kaxvisor:$ vm console[2Kaxvisor:$ vm console [2Kaxvisor:$ vm console 1
[host_monotonic_s=132013.404721] ✓ Attached VM[1] console; use Ctrl+X, then h to return to the shell
[host_monotonic_s=132013.404824] RT_PROGRESS uptime_s=39.03
[host_monotonic_s=132013.404895] [   46.850907] random: crng init done
[host_monotonic_s=132017.452161] RT_PROGRESS uptime_s=49.34
[host_monotonic_s=132027.763685] RT_PROGRESS uptime_s=59.36
[host_monotonic_s=132037.488232] RT_PROGRESS uptime_s=69.38
[host_monotonic_s=132048.433526] RT_PROGRESS uptime_s=79.40
[host_monotonic_s=132057.830887] RT_PROGRESS uptime_s=89.43
[host_monotonic_s=132067.559685] RT_PROGRESS uptime_s=99.45
[host_monotonic_s=132077.878919] RT_PROGRESS uptime_s=109.48
[host_monotonic_s=132087.607895] RT_PROGRESS uptime_s=119.50
[host_monotonic_s=132097.923007] RT_PROGRESS uptime_s=129.52
[host_monotonic_s=132107.655552] RT_PROGRESS uptime_s=139.55
[host_monotonic_s=132117.975035] RT_PROGRESS uptime_s=149.57
[host_monotonic_s=132127.703913] RT_PROGRESS uptime_s=159.60
[host_monotonic_s=132138.019784] RT_PROGRESS uptime_s=169.62
[host_monotonic_s=132148.543906] RT_PROGRESS uptime_s=179.64
[host_monotonic_s=132158.067715] RT_PROGRESS uptime_s=189.66
[host_monotonic_s=132168.595293] RT_PROGRESS uptime_s=199.69
[host_monotonic_s=132178.119015] RT_PROGRESS uptime_s=209.72
[host_monotonic_s=132187.843534] RT_PROGRESS uptime_s=219.74
[host_monotonic_s=132198.167340] RT_PROGRESS uptime_s=229.76
[host_monotonic_s=132207.896112] RT_PROGRESS uptime_s=239.79
[host_monotonic_s=132218.215212] RT_PROGRESS uptime_s=249.81
[host_monotonic_s=132227.943767] RT_PROGRESS uptime_s=259.84
[host_monotonic_s=132238.263077] RT_PROGRESS uptime_s=269.86
[host_monotonic_s=132247.991875] RT_PROGRESS uptime_s=279.88
[host_monotonic_s=132258.937306] RT_PROGRESS uptime_s=289.90
[host_monotonic_s=132268.969175] RT_PROGRESS uptime_s=299.93
[host_monotonic_s=132278.363643] RT_PROGRESS uptime_s=309.96
[host_monotonic_s=132288.891349] RT_PROGRESS uptime_s=319.98
[host_monotonic_s=132298.411052] RT_PROGRESS uptime_s=330.01
[host_monotonic_s=132308.144052] RT_PROGRESS uptime_s=340.04
[host_monotonic_s=132318.462930] RT_PROGRESS uptime_s=350.06
[host_monotonic_s=132328.188624] RT_PROGRESS uptime_s=360.08
[host_monotonic_s=132338.507101] RT_PROGRESS uptime_s=370.10
[host_monotonic_s=132349.032312] RT_PROGRESS uptime_s=380.12
[host_monotonic_s=132358.555926] RT_PROGRESS uptime_s=390.15
[host_monotonic_s=132368.276712] RT_PROGRESS uptime_s=400.17
[host_monotonic_s=132378.587551] RT_PROGRESS uptime_s=410.18
[host_monotonic_s=132388.315591] RT_PROGRESS uptime_s=420.21
[host_monotonic_s=132398.631071] RT_PROGRESS uptime_s=430.23
[host_monotonic_s=132408.363815] RT_PROGRESS uptime_s=440.26
[host_monotonic_s=132418.682971] RT_PROGRESS uptime_s=450.28
[host_monotonic_s=132428.412132] RT_PROGRESS uptime_s=460.30
[host_monotonic_s=132438.730937] RT_PROGRESS uptime_s=470.33
[host_monotonic_s=132448.460416] RT_PROGRESS uptime_s=480.35
[host_monotonic_s=132458.775090] RT_PROGRESS uptime_s=490.37
[host_monotonic_s=132468.507998] RT_PROGRESS uptime_s=500.40
[host_monotonic_s=132479.457379] RT_PROGRESS uptime_s=510.42
[host_monotonic_s=132488.858966] RT_PROGRESS uptime_s=520.46
[host_monotonic_s=132498.588147] RT_PROGRESS uptime_s=530.48
[host_monotonic_s=132508.906815] RT_PROGRESS uptime_s=540.50
[host_monotonic_s=132518.636510] RT_PROGRESS uptime_s=550.53
[host_monotonic_s=132528.955004] RT_PROGRESS uptime_s=560.55
[host_monotonic_s=132538.683890] RT_PROGRESS uptime_s=570.58
[host_monotonic_s=132549.002869] RT_PROGRESS uptime_s=580.60
[host_monotonic_s=132559.524113] RT_PROGRESS uptime_s=590.62
[host_monotonic_s=132569.047680] RT_PROGRESS uptime_s=600.64
[host_monotonic_s=132578.776925] RT_PROGRESS uptime_s=610.67
[host_monotonic_s=132589.091500] RT_PROGRESS uptime_s=620.69
[host_monotonic_s=132599.612152] RT_PROGRESS uptime_s=630.70
[host_monotonic_s=132609.139717] RT_PROGRESS uptime_s=640.74
[host_monotonic_s=132619.664099] RT_PROGRESS uptime_s=650.76
[host_monotonic_s=132629.187946] RT_PROGRESS uptime_s=660.79
[host_monotonic_s=132638.927835] RT_PROGRESS uptime_s=670.82
[host_monotonic_s=132649.247056] RT_PROGRESS uptime_s=680.84
[host_monotonic_s=132658.975750] RT_PROGRESS uptime_s=690.87
[host_monotonic_s=132669.295337] RT_PROGRESS uptime_s=700.89
[host_monotonic_s=132679.023822] RT_PROGRESS uptime_s=710.92
[host_monotonic_s=132689.342950] RT_PROGRESS uptime_s=720.94
[host_monotonic_s=132699.075509] RT_PROGRESS uptime_s=730.97
[host_monotonic_s=132709.387852] RT_PROGRESS uptime_s=740.98
[host_monotonic_s=132719.116031] RT_PROGRESS uptime_s=751.01
[host_monotonic_s=132729.438991] RT_PROGRESS uptime_s=761.04
[host_monotonic_s=132739.167927] RT_PROGRESS uptime_s=771.06
[host_monotonic_s=132750.117268] RT_PROGRESS uptime_s=781.08
[host_monotonic_s=132759.515718] RT_PROGRESS uptime_s=791.11
[host_monotonic_s=132769.240823] RT_PROGRESS uptime_s=801.13
[host_monotonic_s=132779.551430] RT_PROGRESS uptime_s=811.15
[host_monotonic_s=132789.279915] RT_PROGRESS uptime_s=821.17
[host_monotonic_s=132799.598933] RT_PROGRESS uptime_s=831.20
[host_monotonic_s=132809.328258] RT_PROGRESS uptime_s=841.22
[host_monotonic_s=132819.646932] RT_PROGRESS uptime_s=851.24
[host_monotonic_s=132829.372525] RT_PROGRESS uptime_s=861.26
[host_monotonic_s=132839.683905] RT_PROGRESS uptime_s=871.28
[host_monotonic_s=132849.420051] RT_PROGRESS uptime_s=881.31
[host_monotonic_s=132859.731384] RT_PROGRESS uptime_s=891.33
[host_monotonic_s=132869.464874] RT_PROGRESS uptime_s=901.35
[host_monotonic_s=132879.795762] RT_PROGRESS uptime_s=911.39
[host_monotonic_s=132889.520723] RT_PROGRESS uptime_s=921.41
[host_monotonic_s=132899.835670] RT_PROGRESS uptime_s=931.43
[host_monotonic_s=132909.556598] RT_PROGRESS uptime_s=941.45
[host_monotonic_s=132919.875131] RT_PROGRESS uptime_s=951.47
[host_monotonic_s=132929.603779] RT_PROGRESS uptime_s=961.50
[host_monotonic_s=132940.553277] RT_PROGRESS uptime_s=971.52
[host_monotonic_s=132949.947459] RT_PROGRESS uptime_s=981.54
[host_monotonic_s=132959.675868] RT_PROGRESS uptime_s=991.57
[host_monotonic_s=132969.995161] RT_PROGRESS uptime_s=1001.59
[host_monotonic_s=132979.723932] RT_PROGRESS uptime_s=1011.62
[host_monotonic_s=132990.035833] RT_PROGRESS uptime_s=1021.63
[host_monotonic_s=132999.769092] RT_PROGRESS uptime_s=1031.66
[host_monotonic_s=133010.082901] RT_PROGRESS uptime_s=1041.68
[host_monotonic_s=133019.816281] RT_PROGRESS uptime_s=1051.71
[host_monotonic_s=133030.135161] RT_PROGRESS uptime_s=1061.73
[host_monotonic_s=133040.663297] RT_PROGRESS uptime_s=1071.76
[host_monotonic_s=133050.183704] RT_PROGRESS uptime_s=1081.78
[host_monotonic_s=133059.911970] RT_PROGRESS uptime_s=1091.80
[host_monotonic_s=133070.230999] RT_PROGRESS uptime_s=1101.83
[host_monotonic_s=133079.956726] RT_PROGRESS uptime_s=1111.85
[host_monotonic_s=133090.274975] RT_PROGRESS uptime_s=1121.87
[host_monotonic_s=133100.008002] RT_PROGRESS uptime_s=1131.90
[host_monotonic_s=133110.326717] RT_PROGRESS uptime_s=1141.92
[host_monotonic_s=133120.848631] RT_PROGRESS uptime_s=1151.94
[host_monotonic_s=133130.367671] RT_PROGRESS uptime_s=1161.96
[host_monotonic_s=133140.891669] RT_PROGRESS uptime_s=1171.98
[host_monotonic_s=133150.415174] RT_PROGRESS uptime_s=1182.01
[host_monotonic_s=133160.944152] RT_PROGRESS uptime_s=1192.04
[host_monotonic_s=133170.467691] RT_PROGRESS uptime_s=1202.06
[host_monotonic_s=133180.991680] RT_PROGRESS uptime_s=1212.08
[host_monotonic_s=133190.515107] RT_PROGRESS uptime_s=1222.11
[host_monotonic_s=133200.243704] RT_PROGRESS uptime_s=1232.14
[host_monotonic_s=133210.562851] RT_PROGRESS uptime_s=1242.16
[host_monotonic_s=133221.084288] RT_PROGRESS uptime_s=1252.18
[host_monotonic_s=133230.603749] RT_PROGRESS uptime_s=1262.20
[host_monotonic_s=133240.331815] RT_PROGRESS uptime_s=1272.22
[host_monotonic_s=133250.651001] RT_PROGRESS uptime_s=1282.25
[host_monotonic_s=133260.379915] RT_PROGRESS uptime_s=1292.27
[host_monotonic_s=133270.698909] RT_PROGRESS uptime_s=1302.30
[host_monotonic_s=133280.423863] RT_PROGRESS uptime_s=1312.32
[host_monotonic_s=133291.373390] RT_PROGRESS uptime_s=1322.34
[host_monotonic_s=133300.778905] RT_PROGRESS uptime_s=1332.38
[host_monotonic_s=133310.508126] RT_PROGRESS uptime_s=1342.40
[host_monotonic_s=133320.827173] RT_PROGRESS uptime_s=1352.42
[host_monotonic_s=133330.556212] RT_PROGRESS uptime_s=1362.45
[host_monotonic_s=133340.871112] RT_PROGRESS uptime_s=1372.47
[host_monotonic_s=133350.604570] RT_PROGRESS uptime_s=1382.50
[host_monotonic_s=133360.919117] RT_PROGRESS uptime_s=1392.52
[host_monotonic_s=133371.451318] RT_PROGRESS uptime_s=1402.54
[host_monotonic_s=133380.971119] RT_PROGRESS uptime_s=1412.57
[host_monotonic_s=133391.503328] RT_PROGRESS uptime_s=1422.60
[host_monotonic_s=133401.026995] RT_PROGRESS uptime_s=1432.62
[host_monotonic_s=133410.756182] RT_PROGRESS uptime_s=1442.65
[host_monotonic_s=133421.075131] RT_PROGRESS uptime_s=1452.67
[host_monotonic_s=133430.804096] RT_PROGRESS uptime_s=1462.70
[host_monotonic_s=133441.119278] RT_PROGRESS uptime_s=1472.72
[host_monotonic_s=133450.848089] RT_PROGRESS uptime_s=1482.74
[host_monotonic_s=133461.162970] RT_PROGRESS uptime_s=1492.76
[host_monotonic_s=133471.691427] RT_PROGRESS uptime_s=1502.78
[host_monotonic_s=133481.211725] RT_PROGRESS uptime_s=1512.81
[host_monotonic_s=133490.937053] RT_PROGRESS uptime_s=1522.83
[host_monotonic_s=133501.255796] RT_PROGRESS uptime_s=1532.85
[host_monotonic_s=133510.988759] RT_PROGRESS uptime_s=1542.88
[host_monotonic_s=133521.306992] RT_PROGRESS uptime_s=1552.90
[host_monotonic_s=133531.836072] RT_PROGRESS uptime_s=1562.93
[host_monotonic_s=133541.355876] RT_PROGRESS uptime_s=1572.95
[host_monotonic_s=133551.076624] RT_PROGRESS uptime_s=1582.97
[host_monotonic_s=133561.394946] RT_PROGRESS uptime_s=1592.99
[host_monotonic_s=133571.120369] RT_PROGRESS uptime_s=1603.01
[host_monotonic_s=133581.442878] RT_PROGRESS uptime_s=1613.04
[host_monotonic_s=133591.171929] RT_PROGRESS uptime_s=1623.06
[host_monotonic_s=133602.117319] RT_PROGRESS uptime_s=1633.08
[host_monotonic_s=133612.145249] RT_PROGRESS uptime_s=1643.11
[host_monotonic_s=133621.546961] RT_PROGRESS uptime_s=1653.14
[host_monotonic_s=133631.275948] RT_PROGRESS uptime_s=1663.17
[host_monotonic_s=133641.591092] RT_PROGRESS uptime_s=1673.19
[host_monotonic_s=133651.324541] RT_PROGRESS uptime_s=1683.22
[host_monotonic_s=133661.642840] RT_PROGRESS uptime_s=1693.24
[host_monotonic_s=133672.168154] RT_PROGRESS uptime_s=1703.26
[host_monotonic_s=133681.699312] RT_PROGRESS uptime_s=1713.30
[host_monotonic_s=133691.423783] RT_PROGRESS uptime_s=1723.32
[host_monotonic_s=133701.742932] RT_PROGRESS uptime_s=1733.34
[host_monotonic_s=133712.268705] RT_PROGRESS uptime_s=1743.36
[host_monotonic_s=133721.790894] RT_PROGRESS uptime_s=1753.39
[host_monotonic_s=133731.520094] RT_PROGRESS uptime_s=1763.41
[host_monotonic_s=133741.838875] RT_PROGRESS uptime_s=1773.44
[host_monotonic_s=133751.568342] RT_PROGRESS uptime_s=1783.46
[host_monotonic_s=133761.879437] RT_PROGRESS uptime_s=1793.48
[host_monotonic_s=133771.608191] RT_PROGRESS uptime_s=1803.50
[host_monotonic_s=133781.926852] RT_PROGRESS uptime_s=1813.52
[host_monotonic_s=133791.652254] RT_PROGRESS uptime_s=1823.54
[host_monotonic_s=133797.861678] WARN: stat /dev/cpu_dma_latency failed: No such file or directory
[host_monotonic_s=133797.861694] # Histogram
[host_monotonic_s=133797.861698] 000150 000001
[host_monotonic_s=133797.861700] 000154 000001
[host_monotonic_s=133797.861703] 000155 000001
[host_monotonic_s=133797.861706] 000156 000001
[host_monotonic_s=133797.861708] 000157 000002
[host_monotonic_s=133797.861711] 000158 000001
[host_monotonic_s=133797.861713] 000161 000002
[host_monotonic_s=133797.861716] 000164 000002
[host_monotonic_s=133797.861718] 000165 000001
[host_monotonic_s=133797.861721] 000166 000002
[host_monotonic_s=133797.861724] 000167 000002
[host_monotonic_s=133797.861728] 000168 000008
[host_monotonic_s=133797.861730] 000169 000012
[host_monotonic_s=133797.861733] 000170 000022
[host_monotonic_s=133797.861735] 000171 000031
[host_monotonic_s=133797.861737] 000172 000027
[host_monotonic_s=133797.861739] 000173 000039
[host_monotonic_s=133797.867026] 000174 000050
[host_monotonic_s=133797.869971] 000175 000057
[host_monotonic_s=133797.872444] 000176 000068
[host_monotonic_s=133797.875012] 000177 000087
[host_monotonic_s=133797.877502] 000178 000091
[host_monotonic_s=133797.879972] 000179 000101
[host_monotonic_s=133797.882410] 000180 000087
[host_monotonic_s=133797.885358] 000181 000102
[host_monotonic_s=133797.887840] 000182 000097
[host_monotonic_s=133797.890246] 000183 000104
[host_monotonic_s=133797.893238] 000184 000105
[host_monotonic_s=133797.895760] 000185 000117
[host_monotonic_s=133797.898218] 000186 000108
[host_monotonic_s=133797.900516] 000187 000118
[host_monotonic_s=133797.902794] 000188 000094
[host_monotonic_s=133797.905420] 000189 000126
[host_monotonic_s=133797.907829] 000190 000119
[host_monotonic_s=133797.910133] 000191 000109
[host_monotonic_s=133797.912413] 000192 000117
[host_monotonic_s=133797.914887] 000193 000115
[host_monotonic_s=133797.917326] 000194 000122
[host_monotonic_s=133797.919777] 000195 000117
[host_monotonic_s=133797.922216] 000196 000132
[host_monotonic_s=133797.924700] 000197 000124
[host_monotonic_s=133797.927129] 000198 000151
[host_monotonic_s=133797.929566] 000199 000135
[host_monotonic_s=133797.931946] 000200 000145
[host_monotonic_s=133797.934565] 000201 000131
[host_monotonic_s=133797.936885] 000202 000132
[host_monotonic_s=133797.939196] 000203 000133
[host_monotonic_s=133797.941537] 000204 000153
[host_monotonic_s=133797.943905] 000205 000153
[host_monotonic_s=133797.946394] 000206 000170
[host_monotonic_s=133797.948930] 000207 000149
[host_monotonic_s=133797.951254] 000208 000140
[host_monotonic_s=133797.953614] 000209 000137
[host_monotonic_s=133797.955963] 000210 000137
[host_monotonic_s=133797.958335] 000211 000137
[host_monotonic_s=133797.960605] 000212 000109
[host_monotonic_s=133797.962989] 000213 000153
[host_monotonic_s=133797.965311] 000214 000136
[host_monotonic_s=133797.967591] 000215 000137
[host_monotonic_s=133797.969874] 000216 000158
[host_monotonic_s=133797.972642] 000217 000152
[host_monotonic_s=133797.974970] 000218 000155
[host_monotonic_s=133797.977300] 000219 000170
[host_monotonic_s=133797.979710] 000220 000163
[host_monotonic_s=133797.982009] 000221 000180
[host_monotonic_s=133797.984472] 000222 000171
[host_monotonic_s=133797.986911] 000223 000167
[host_monotonic_s=133797.989384] 000224 000170
[host_monotonic_s=133797.991791] 000225 000170
[host_monotonic_s=133797.994206] 000226 000150
[host_monotonic_s=133797.996999] 000227 000183
[host_monotonic_s=133797.999316] 000228 000174
[host_monotonic_s=133798.001550] 000229 000161
[host_monotonic_s=133798.003888] 000230 000178
[host_monotonic_s=133798.006213] 000231 000164
[host_monotonic_s=133798.008490] 000232 000153
[host_monotonic_s=133798.010844] 000233 000190
[host_monotonic_s=133798.013222] 000234 000159
[host_monotonic_s=133798.015983] 000235 000162
[host_monotonic_s=133798.018449] 000236 000164
[host_monotonic_s=133798.020880] 000237 000176
[host_monotonic_s=133798.023277] 000238 000161
[host_monotonic_s=133798.025770] 000239 000178
[host_monotonic_s=133798.028207] 000240 000177
[host_monotonic_s=133798.030608] 000241 000178
[host_monotonic_s=133798.033055] 000242 000158
[host_monotonic_s=133798.035747] 000243 000166
[host_monotonic_s=133798.038096] 000244 000181
[host_monotonic_s=133798.040450] 000245 000168
[host_monotonic_s=133798.042753] 000246 000154
[host_monotonic_s=133798.045418] 000247 000153
[host_monotonic_s=133798.047739] 000248 000147
[host_monotonic_s=133798.050051] 000249 000170
[host_monotonic_s=133798.052517] 000250 000137
[host_monotonic_s=133798.055477] 000251 000169
[host_monotonic_s=133798.057899] 000252 000158
[host_monotonic_s=133798.060355] 000253 000129
[host_monotonic_s=133798.062828] 000254 000166
[host_monotonic_s=133798.065516] 000255 000140
[host_monotonic_s=133798.067962] 000256 000155
[host_monotonic_s=133798.070265] 000257 000169
[host_monotonic_s=133798.072553] 000258 000136
[host_monotonic_s=133798.074898] 000259 000143
[host_monotonic_s=133798.077141] 000260 000142
[host_monotonic_s=133798.079417] 000261 000132
[host_monotonic_s=133798.081650] 000262 000127
[host_monotonic_s=133798.083964] 000263 000144
[host_monotonic_s=133798.086333] 000264 000120
[host_monotonic_s=133798.088638] 000265 000128
[host_monotonic_s=133798.090957] 000266 000149
[host_monotonic_s=133798.093273] 000267 000125
[host_monotonic_s=133798.095971] 000268 000137
[host_monotonic_s=133798.098386] 000269 000112
[host_monotonic_s=133798.100725] 000270 000130
[host_monotonic_s=133798.103127] 000271 000154
[host_monotonic_s=133798.105817] 000272 000134
[host_monotonic_s=133798.108246] 000273 000135
[host_monotonic_s=133798.110652] 000274 000117
[host_monotonic_s=133798.411853] 000275 000122
[host_monotonic_s=133798.411864] 000276 000138
[host_monotonic_s=133798.411867] 000277 000137
[host_monotonic_s=133798.411868] 000278 000125
[host_monotonic_s=133798.411870] 000279 000134
[host_monotonic_s=133798.411872] 000280 000143
[host_monotonic_s=133798.411873] 000281 000132
[host_monotonic_s=133798.411875] 000282 000150
[host_monotonic_s=133798.411876] 000283 000131
[host_monotonic_s=133798.411878] 000284 000133
[host_monotonic_s=133798.411879] 000285 000148
[host_monotonic_s=133798.411880] 000286 000144
[host_monotonic_s=133798.411882] 000287 000124
[host_monotonic_s=133798.411883] 000288 000151
[host_monotonic_s=133798.411885] 000289 000107
[host_monotonic_s=133798.411886] 000290 000116
[host_monotonic_s=133798.411887] 000291 000133
[host_monotonic_s=133798.411889] 000292 000103
[host_monotonic_s=133798.414375] 000293 000127
[host_monotonic_s=133798.421389] 000294 000111
[host_monotonic_s=133798.424902] 000295 000126
[host_monotonic_s=133798.427374] 000296 000131
[host_monotonic_s=133798.429775] 000297 000126
[host_monotonic_s=133798.432222] 000298 000136
[host_monotonic_s=133798.434543] 000299 000130
[host_monotonic_s=133798.436835] 000300 000116
[host_monotonic_s=133798.439132] 000301 000123
[host_monotonic_s=133798.441424] 000302 000108
[host_monotonic_s=133798.443722] 000303 000106
[host_monotonic_s=133798.446311] 000304 000109
[host_monotonic_s=133798.448750] 000305 000105
[host_monotonic_s=133798.451175] 000306 000120
[host_monotonic_s=133798.453602] 000307 000111
[host_monotonic_s=133798.456286] 000308 000123
[host_monotonic_s=133798.458559] 000309 000117
[host_monotonic_s=133798.460822] 000310 000141
[host_monotonic_s=133798.463127] 000311 000125
[host_monotonic_s=133798.465516] 000312 000139
[host_monotonic_s=133798.467810] 000313 000116
[host_monotonic_s=133798.470065] 000314 000115
[host_monotonic_s=133798.472469] 000315 000107
[host_monotonic_s=133798.474929] 000316 000120
[host_monotonic_s=133798.477288] 000317 000114
[host_monotonic_s=133798.479549] 000318 000122
[host_monotonic_s=133798.481826] 000319 000124
[host_monotonic_s=133798.484528] 000320 000114
[host_monotonic_s=133798.486997] 000321 000119
[host_monotonic_s=133798.489424] 000322 000097
[host_monotonic_s=133798.491874] 000323 000101
[host_monotonic_s=133798.494294] 000324 000117
[host_monotonic_s=133798.496601] 000325 000122
[host_monotonic_s=133798.498867] 000326 000125
[host_monotonic_s=133798.501162] 000327 000119
[host_monotonic_s=133798.503570] 000328 000099
[host_monotonic_s=133798.506427] 000329 000125
[host_monotonic_s=133798.508811] 000330 000126
[host_monotonic_s=133798.511153] 000331 000142
[host_monotonic_s=133798.513892] 000332 000118
[host_monotonic_s=133798.516498] 000333 000135
[host_monotonic_s=133798.518934] 000334 000141
[host_monotonic_s=133798.521385] 000335 000139
[host_monotonic_s=133798.523874] 000336 000171
[host_monotonic_s=133798.526459] 000337 000180
[host_monotonic_s=133798.528944] 000338 000175
[host_monotonic_s=133798.531324] 000339 000177
[host_monotonic_s=133798.533661] 000340 000174
[host_monotonic_s=133798.536394] 000341 000206
[host_monotonic_s=133798.538664] 000342 000203
[host_monotonic_s=133798.540958] 000343 000216
[host_monotonic_s=133798.543383] 000344 000200
[host_monotonic_s=133798.546057] 000345 000244
[host_monotonic_s=133798.548579] 000346 000261
[host_monotonic_s=133798.551030] 000347 000227
[host_monotonic_s=133798.553482] 000348 000286
[host_monotonic_s=133798.556182] 000349 000265
[host_monotonic_s=133798.558634] 000350 000268
[host_monotonic_s=133798.561018] 000351 000273
[host_monotonic_s=133798.563443] 000352 000275
[host_monotonic_s=133798.566181] 000353 000311
[host_monotonic_s=133798.568646] 000354 000299
[host_monotonic_s=133798.571112] 000355 000277
[host_monotonic_s=133798.573538] 000356 000299
[host_monotonic_s=133798.576272] 000357 000298
[host_monotonic_s=133798.578658] 000358 000322
[host_monotonic_s=133798.581093] 000359 000309
[host_monotonic_s=133798.583361] 000360 000304
[host_monotonic_s=133798.585951] 000361 000329
[host_monotonic_s=133798.588407] 000362 000339
[host_monotonic_s=133798.590854] 000363 000337
[host_monotonic_s=133798.593284] 000364 000320
[host_monotonic_s=133798.596028] 000365 000324
[host_monotonic_s=133798.598450] 000366 000375
[host_monotonic_s=133798.600860] 000367 000375
[host_monotonic_s=133798.603227] 000368 000359
[host_monotonic_s=133798.605610] 000369 000382
[host_monotonic_s=133798.607956] 000370 000387
[host_monotonic_s=133798.610243] 000371 000336
[host_monotonic_s=133798.612549] 000372 000383
[host_monotonic_s=133798.615199] 000373 000365
[host_monotonic_s=133798.617666] 000374 000339
[host_monotonic_s=133798.620059] 000375 000352
[host_monotonic_s=133798.622435] 000376 000354
[host_monotonic_s=133798.624916] 000377 000324
[host_monotonic_s=133798.627325] 000378 000346
[host_monotonic_s=133798.629635] 000379 000343
[host_monotonic_s=133798.631980] 000380 000357
[host_monotonic_s=133798.634655] 000381 000337
[host_monotonic_s=133798.636998] 000382 000357
[host_monotonic_s=133798.639400] 000383 000330
[host_monotonic_s=133798.641769] 000384 000331
[host_monotonic_s=133798.644304] 000385 000318
[host_monotonic_s=133798.646763] 000386 000365
[host_monotonic_s=133798.649334] 000387 000346
[host_monotonic_s=133798.651737] 000388 000345
[host_monotonic_s=133798.654130] 000389 000353
[host_monotonic_s=133798.656611] 000390 000355
[host_monotonic_s=133798.659019] 000391 000374
[host_monotonic_s=133798.661444] 000392 000347
[host_monotonic_s=133798.962349] 000393 000352
[host_monotonic_s=133798.962363] 000394 000348
[host_monotonic_s=133798.962365] 000395 000362
[host_monotonic_s=133798.962368] 000396 000346
[host_monotonic_s=133798.962370] 000397 000335
[host_monotonic_s=133798.962372] 000398 000388
[host_monotonic_s=133798.962374] 000399 000333
[host_monotonic_s=133798.962376] 000400 000339
[host_monotonic_s=133798.962377] 000401 000311
[host_monotonic_s=133798.962379] 000402 000359
[host_monotonic_s=133798.962381] 000403 000349
[host_monotonic_s=133798.962383] 000404 000303
[host_monotonic_s=133798.962384] 000405 000328
[host_monotonic_s=133798.962386] 000406 000247
[host_monotonic_s=133798.962387] 000407 000323
[host_monotonic_s=133798.962389] 000408 000305
[host_monotonic_s=133798.962391] 000409 000286
[host_monotonic_s=133798.962393] 000410 000320
[host_monotonic_s=133798.967640] 000411 000292
[host_monotonic_s=133798.970531] 000412 000324
[host_monotonic_s=133798.972979] 000413 000268
[host_monotonic_s=133798.975351] 000414 000265
[host_monotonic_s=133798.977624] 000415 000310
[host_monotonic_s=133798.979891] 000416 000275
[host_monotonic_s=133798.982138] 000417 000305
[host_monotonic_s=133798.984651] 000418 000264
[host_monotonic_s=133798.986937] 000419 000298
[host_monotonic_s=133798.989225] 000420 000288
[host_monotonic_s=133798.991519] 000421 000274
[host_monotonic_s=133798.993805] 000422 000282
[host_monotonic_s=133798.996156] 000423 000269
[host_monotonic_s=133798.998451] 000424 000282
[host_monotonic_s=133799.000705] 000425 000278
[host_monotonic_s=133799.002955] 000426 000269
[host_monotonic_s=133799.005472] 000427 000266
[host_monotonic_s=133799.007776] 000428 000284
[host_monotonic_s=133804.517831] 000429 000266
[host_monotonic_s=133804.517843] 000430 000264
[host_monotonic_s=133804.517845] 000431 000303
[host_monotonic_s=133804.517847] 000432 000298
[host_monotonic_s=133804.517849] 000433 000330
[host_monotonic_s=133804.517850] 000434 000303
[host_monotonic_s=133804.517852] 000435 000273
[host_monotonic_s=133804.517854] 000436 000326
[host_monotonic_s=133804.517855] 000437 000336
[host_monotonic_s=133804.517856] 000438 000355
[host_monotonic_s=133804.517858] 000439 000369
[host_monotonic_s=133804.517860] 000440 000398
[host_monotonic_s=133804.517861] 000441 000393
[host_monotonic_s=133804.517862] 000442 000434
[host_monotonic_s=133804.517864] 000443 000447
[host_monotonic_s=133804.517865] 000444 000484
[host_monotonic_s=133804.517866] 000445 000483
[host_monotonic_s=133804.517868] 000446 000580
[host_monotonic_s=133804.521909] 000447 000659
[host_monotonic_s=133804.525905] 000448 000767
[host_monotonic_s=133804.528332] 000449 000871
[host_monotonic_s=133804.530825] 000450 001065
[host_monotonic_s=133804.533303] 000451 001066
[host_monotonic_s=133804.535957] 000452 001410
[host_monotonic_s=133804.538401] 000453 001437
[host_monotonic_s=133804.540923] 000454 001797
[host_monotonic_s=133804.543350] 000455 002034
[host_monotonic_s=133804.546119] 000456 002382
[host_monotonic_s=133804.548524] 000457 002647
[host_monotonic_s=133804.550922] 000458 002991
[host_monotonic_s=133804.553329] 000459 003166
[host_monotonic_s=133804.555994] 000460 003565
[host_monotonic_s=133804.558437] 000461 003592
[host_monotonic_s=133804.560820] 000462 003938
[host_monotonic_s=133804.563281] 000463 003939
[host_monotonic_s=133804.565910] 000464 004269
[host_monotonic_s=133804.568299] 000465 004135
[host_monotonic_s=133804.570646] 000466 004400
[host_monotonic_s=133804.573128] 000467 004294
[host_monotonic_s=133804.575762] 000468 004480
[host_monotonic_s=133804.578248] 000469 004347
[host_monotonic_s=133804.580577] 000470 004443
[host_monotonic_s=133804.582845] 000471 004364
[host_monotonic_s=133804.585208] 000472 004507
[host_monotonic_s=133804.587508] 000473 004479
[host_monotonic_s=133804.589776] 000474 004529
[host_monotonic_s=133804.592065] 000475 004491
[host_monotonic_s=133804.594463] 000476 004644
[host_monotonic_s=133804.596839] 000477 004500
[host_monotonic_s=133804.599231] 000478 004655
[host_monotonic_s=133804.601595] 000479 004628
[host_monotonic_s=133804.604012] 000480 004566
[host_monotonic_s=133804.606688] 000481 004704
[host_monotonic_s=133804.609083] 000482 004814
[host_monotonic_s=133804.611533] 000483 004856
[host_monotonic_s=133804.613917] 000484 004851
[host_monotonic_s=133804.616277] 000485 004955
[host_monotonic_s=133804.618637] 000486 005079
[host_monotonic_s=133804.621008] 000487 005149
[host_monotonic_s=133804.623302] 000488 005329
[host_monotonic_s=133804.625669] 000489 005332
[host_monotonic_s=133804.627980] 000490 005593
[host_monotonic_s=133804.630236] 000491 005524
[host_monotonic_s=133804.632536] 000492 005813
[host_monotonic_s=133804.634992] 000493 005802
[host_monotonic_s=133804.637406] 000494 005933
[host_monotonic_s=133804.639901] 000495 005907
[host_monotonic_s=133804.642318] 000496 006147
[host_monotonic_s=133804.645106] 000497 006070
[host_monotonic_s=133804.647544] 000498 006241
[host_monotonic_s=133804.649886] 000499 006089
[host_monotonic_s=133804.652263] 000500 006241
[host_monotonic_s=133804.654771] 000501 006135
[host_monotonic_s=133804.657164] 000502 006332
[host_monotonic_s=133804.659453] 000503 006216
[host_monotonic_s=133804.661719] 000504 006337
[host_monotonic_s=133804.664019] 000505 006340
[host_monotonic_s=133804.666580] 000506 006259
[host_monotonic_s=133804.669038] 000507 006058
[host_monotonic_s=133804.671418] 000508 006170
[host_monotonic_s=133804.673829] 000509 006018
[host_monotonic_s=133804.676329] 000510 006001
[host_monotonic_s=133804.678756] 000511 006025
[host_monotonic_s=133804.681012] 000512 006197
[host_monotonic_s=133804.683347] 000513 006010
[host_monotonic_s=133804.685840] 000514 006140
[host_monotonic_s=133804.688290] 000515 006034
[host_monotonic_s=133804.690674] 000516 006067
[host_monotonic_s=133804.693107] 000517 006051
[host_monotonic_s=133804.695596] 000518 006229
[host_monotonic_s=133804.698033] 000519 006096
[host_monotonic_s=133804.700426] 000520 006240
[host_monotonic_s=133804.702800] 000521 006205
[host_monotonic_s=133804.705173] 000522 006214
[host_monotonic_s=133804.707484] 000523 006182
[host_monotonic_s=133804.709824] 000524 006318
[host_monotonic_s=133804.712070] 000525 006239
[host_monotonic_s=133804.714781] 000526 006252
[host_monotonic_s=133804.717224] 000527 006457
[host_monotonic_s=133804.719731] 000528 006507
[host_monotonic_s=133804.722159] 000529 006325
[host_monotonic_s=133804.724899] 000530 006483
[host_monotonic_s=133804.727342] 000531 006518
[host_monotonic_s=133804.729721] 000532 006570
[host_monotonic_s=133804.732122] 000533 006602
[host_monotonic_s=133804.734611] 000534 006833
[host_monotonic_s=133804.737033] 000535 006657
[host_monotonic_s=133804.739431] 000536 006724
[host_monotonic_s=133804.741703] 000537 006596
[host_monotonic_s=133804.744041] 000538 006605
[host_monotonic_s=133804.746517] 000539 006660
[host_monotonic_s=133804.748805] 000540 006651
[host_monotonic_s=133804.751107] 000541 006419
[host_monotonic_s=133804.753463] 000542 006491
[host_monotonic_s=133804.756150] 000543 006424
[host_monotonic_s=133804.758477] 000544 006455
[host_monotonic_s=133804.760866] 000545 006194
[host_monotonic_s=133804.763241] 000546 006366
[host_monotonic_s=133804.765945] 000547 006169
[host_monotonic_s=133805.068107] 000548 006372
[host_monotonic_s=133805.068119] 000549 006274
[host_monotonic_s=133805.068121] 000550 006153
[host_monotonic_s=133805.068123] 000551 006234
[host_monotonic_s=133805.068125] 000552 006290
[host_monotonic_s=133805.068127] 000553 006134
[host_monotonic_s=133805.068128] 000554 006384
[host_monotonic_s=133805.068130] 000555 006143
[host_monotonic_s=133805.068132] 000556 006384
[host_monotonic_s=133805.068133] 000557 006296
[host_monotonic_s=133805.068135] 000558 006480
[host_monotonic_s=133805.068136] 000559 006604
[host_monotonic_s=133805.068138] 000560 006930
[host_monotonic_s=133805.068139] 000561 007102
[host_monotonic_s=133805.068141] 000562 007458
[host_monotonic_s=133805.068142] 000563 007681
[host_monotonic_s=133805.068143] 000564 007946
[host_monotonic_s=133805.068145] 000565 008183
[host_monotonic_s=133805.068146] 000566 008401
[host_monotonic_s=133805.074529] 000567 008422
[host_monotonic_s=133805.076823] 000568 008748
[host_monotonic_s=133805.079170] 000569 009064
[host_monotonic_s=133805.081449] 000570 009196
[host_monotonic_s=133805.083798] 000571 009228
[host_monotonic_s=133805.086408] 000572 009453
[host_monotonic_s=133805.088671] 000573 009477
[host_monotonic_s=133805.090925] 000574 009848
[host_monotonic_s=133805.093305] 000575 009651
[host_monotonic_s=133805.095698] 000576 009763
[host_monotonic_s=133805.097971] 000577 009882
[host_monotonic_s=133805.100228] 000578 009874
[host_monotonic_s=133805.102485] 000579 009799
[host_monotonic_s=133805.105081] 000580 010050
[host_monotonic_s=133805.107404] 000581 010211
[host_monotonic_s=133805.109661] 000582 010160
[host_monotonic_s=133805.111923] 000583 009927
[host_monotonic_s=133805.114182] 000584 010101
[host_monotonic_s=133805.116781] 000585 009866
[host_monotonic_s=133805.119064] 000586 010098
[host_monotonic_s=133805.121345] 000587 009885
[host_monotonic_s=133805.123641] 000588 010150
[host_monotonic_s=133805.125970] 000589 009893
[host_monotonic_s=133805.128259] 000590 010056
[host_monotonic_s=133805.130498] 000591 009928
[host_monotonic_s=133805.132748] 000592 009788
[host_monotonic_s=133805.135291] 000593 009619
[host_monotonic_s=133805.137588] 000594 009626
[host_monotonic_s=133805.139844] 000595 009369
[host_monotonic_s=133805.142101] 000596 009327
[host_monotonic_s=133805.144451] 000597 008868
[host_monotonic_s=133805.146982] 000598 008945
[host_monotonic_s=133805.149385] 000599 008603
[host_monotonic_s=133805.151793] 000600 008418
[host_monotonic_s=133805.154114] 000601 008097
[host_monotonic_s=133805.156753] 000602 008238
[host_monotonic_s=133805.159094] 000603 007827
[host_monotonic_s=133805.161422] 000604 007747
[host_monotonic_s=133805.163794] 000605 007577
[host_monotonic_s=133805.166450] 000606 007459
[host_monotonic_s=133805.168776] 000607 007220
[host_monotonic_s=133805.171201] 000608 007351
[host_monotonic_s=133805.173533] 000609 006977
[host_monotonic_s=133805.175875] 000610 006918
[host_monotonic_s=133805.178231] 000611 006543
[host_monotonic_s=133805.180476] 000612 006798
[host_monotonic_s=133805.182788] 000613 006548
[host_monotonic_s=133805.185508] 000614 006755
[host_monotonic_s=133805.187809] 000615 006240
[host_monotonic_s=133805.190104] 000616 006274
[host_monotonic_s=133805.192395] 000617 006120
[host_monotonic_s=133805.194770] 000618 006105
[host_monotonic_s=133805.197060] 000619 005985
[host_monotonic_s=133805.199319] 000620 005812
[host_monotonic_s=133805.201609] 000621 005885
[host_monotonic_s=133805.203895] 000622 005692
[host_monotonic_s=133805.206217] 000623 005422
[host_monotonic_s=133805.208497] 000624 005587
[host_monotonic_s=133805.210765] 000625 005455
[host_monotonic_s=133805.213056] 000626 005426
[host_monotonic_s=133805.215624] 000627 005196
[host_monotonic_s=133805.217917] 000628 005337
[host_monotonic_s=133805.220176] 000629 005329
[host_monotonic_s=133805.222409] 000630 005287
[host_monotonic_s=133805.225014] 000631 005185
[host_monotonic_s=133805.227338] 000632 005373
[host_monotonic_s=133805.229578] 000633 005163
[host_monotonic_s=133805.231890] 000634 005182
[host_monotonic_s=133805.234172] 000635 005155
[host_monotonic_s=133805.236723] 000636 005301
[host_monotonic_s=133805.239099] 000637 005152
[host_monotonic_s=133805.241320] 000638 005289
[host_monotonic_s=133805.243662] 000639 005254
[host_monotonic_s=133805.246063] 000640 005299
[host_monotonic_s=133805.248365] 000641 005234
[host_monotonic_s=133805.250657] 000642 005284
[host_monotonic_s=133805.252948] 000643 005268
[host_monotonic_s=133805.255334] 000644 005462
[host_monotonic_s=133805.257708] 000645 005291
[host_monotonic_s=133805.259990] 000646 005580
[host_monotonic_s=133805.262311] 000647 005311
[host_monotonic_s=133805.264971] 000648 005432
[host_monotonic_s=133805.267383] 000649 005279
[host_monotonic_s=133805.269745] 000650 005181
[host_monotonic_s=133805.272142] 000651 005090
[host_monotonic_s=133805.274875] 000652 005043
[host_monotonic_s=133805.277328] 000653 004950
[host_monotonic_s=133805.279754] 000654 004894
[host_monotonic_s=133805.282143] 000655 004816
[host_monotonic_s=133805.285090] 000656 004685
[host_monotonic_s=133805.287766] 000657 004465
[host_monotonic_s=133805.290356] 000658 004515
[host_monotonic_s=133805.292899] 000659 004412
[host_monotonic_s=133805.295817] 000660 004292
[host_monotonic_s=133805.298328] 000661 004117
[host_monotonic_s=133805.300843] 000662 004141
[host_monotonic_s=133805.303392] 000663 003965
[host_monotonic_s=133805.306038] 000664 003824
[host_monotonic_s=133805.308630] 000665 003670
[host_monotonic_s=133805.311190] 000666 003732
[host_monotonic_s=133805.313759] 000667 003604
[host_monotonic_s=133805.316641] 000668 003380
[host_monotonic_s=133805.618442] 000669 003415
[host_monotonic_s=133805.618454] 000670 003281
[host_monotonic_s=133805.618456] 000671 003177
[host_monotonic_s=133805.618459] 000672 003194
[host_monotonic_s=133805.618461] 000673 003044
[host_monotonic_s=133805.618464] 000674 002922
[host_monotonic_s=133805.618466] 000675 002841
[host_monotonic_s=133805.618468] 000676 002820
[host_monotonic_s=133805.618470] 000677 002736
[host_monotonic_s=133805.618472] 000678 002633
[host_monotonic_s=133805.618474] 000679 002680
[host_monotonic_s=133805.618476] 000680 002536
[host_monotonic_s=133805.618478] 000681 002470
[host_monotonic_s=133805.618481] 000682 002497
[host_monotonic_s=133805.618483] 000683 002370
[host_monotonic_s=133805.618485] 000684 002472
[host_monotonic_s=133805.618487] 000685 002278
[host_monotonic_s=133805.618490] 000686 002277
[host_monotonic_s=133805.618492] 000687 002281
[host_monotonic_s=133805.625991] 000688 002235
[host_monotonic_s=133805.628298] 000689 002245
[host_monotonic_s=133805.630556] 000690 002261
[host_monotonic_s=133805.632836] 000691 002193
[host_monotonic_s=133805.635504] 000692 002248
[host_monotonic_s=133805.637932] 000693 002138
[host_monotonic_s=133805.640350] 000694 002211
[host_monotonic_s=133805.642861] 000695 002080
[host_monotonic_s=133805.645478] 000696 002176
[host_monotonic_s=133805.647776] 000697 002069
[host_monotonic_s=133805.650078] 000698 002079
[host_monotonic_s=133805.652372] 000699 001954
[host_monotonic_s=133805.654950] 000700 002130
[host_monotonic_s=133805.657335] 000701 001955
[host_monotonic_s=133811.153759] 000702 001994
[host_monotonic_s=133811.153767] 000703 001905
[host_monotonic_s=133811.153769] 000704 001977
[host_monotonic_s=133811.153770] 000705 001719
[host_monotonic_s=133811.153771] 000706 001923
[host_monotonic_s=133811.153772] 000707 001766
[host_monotonic_s=133811.153773] 000708 001769
[host_monotonic_s=133811.153775] 000709 001723
[host_monotonic_s=133811.153775] 000710 001757
[host_monotonic_s=133811.153777] 000711 001760
[host_monotonic_s=133811.153778] 000712 001777
[host_monotonic_s=133811.153779] 000713 001697
[host_monotonic_s=133811.153780] 000714 001653
[host_monotonic_s=133811.153780] 000715 001638
[host_monotonic_s=133811.153782] 000716 001720
[host_monotonic_s=133811.153783] 000717 001702
[host_monotonic_s=133811.153783] 000718 001809
[host_monotonic_s=133811.153785] 000719 001729
[host_monotonic_s=133811.157270] 000720 001751
[host_monotonic_s=133811.161678] 000721 001737
[host_monotonic_s=133811.165141] 000722 001807
[host_monotonic_s=133811.167594] 000723 001744
[host_monotonic_s=133811.169970] 000724 001757
[host_monotonic_s=133811.172370] 000725 001720
[host_monotonic_s=133811.174999] 000726 001701
[host_monotonic_s=133811.177578] 000727 001676
[host_monotonic_s=133811.179985] 000728 001752
[host_monotonic_s=133811.182316] 000729 001617
[host_monotonic_s=133811.185233] 000730 001649
[host_monotonic_s=133811.187723] 000731 001574
[host_monotonic_s=133811.190115] 000732 001700
[host_monotonic_s=133811.192509] 000733 001607
[host_monotonic_s=133811.195142] 000734 001544
[host_monotonic_s=133811.197478] 000735 001562
[host_monotonic_s=133811.199813] 000736 001470
[host_monotonic_s=133811.202114] 000737 001468
[host_monotonic_s=133811.204642] 000738 001415
[host_monotonic_s=133811.207062] 000739 001409
[host_monotonic_s=133811.209418] 000740 001401
[host_monotonic_s=133811.211677] 000741 001421
[host_monotonic_s=133811.214063] 000742 001492
[host_monotonic_s=133811.216475] 000743 001346
[host_monotonic_s=133811.218763] 000744 001454
[host_monotonic_s=133811.221035] 000745 001372
[host_monotonic_s=133811.223374] 000746 001411
[host_monotonic_s=133811.225730] 000747 001305
[host_monotonic_s=133811.228052] 000748 001458
[host_monotonic_s=133811.230314] 000749 001378
[host_monotonic_s=133811.232642] 000750 001438
[host_monotonic_s=133811.235203] 000751 001283
[host_monotonic_s=133811.237475] 000752 001460
[host_monotonic_s=133811.239754] 000753 001357
[host_monotonic_s=133811.242030] 000754 001502
[host_monotonic_s=133811.244666] 000755 001319
[host_monotonic_s=133811.246945] 000756 001448
[host_monotonic_s=133811.249201] 000757 001480
[host_monotonic_s=133811.251437] 000758 001486
[host_monotonic_s=133811.253776] 000759 001409
[host_monotonic_s=133811.256475] 000760 001502
[host_monotonic_s=133811.258684] 000761 001435
[host_monotonic_s=133811.260952] 000762 001498
[host_monotonic_s=133811.263304] 000763 001414
[host_monotonic_s=133811.265640] 000764 001411
[host_monotonic_s=133811.267930] 000765 001428
[host_monotonic_s=133811.270200] 000766 001285
[host_monotonic_s=133811.272516] 000767 001431
[host_monotonic_s=133811.275063] 000768 001340
[host_monotonic_s=133811.277398] 000769 001202
[host_monotonic_s=133811.279675] 000770 001274
[host_monotonic_s=133811.281998] 000771 001240
[host_monotonic_s=133811.284445] 000772 001218
[host_monotonic_s=133811.286748] 000773 001205
[host_monotonic_s=133811.289022] 000774 001109
[host_monotonic_s=133811.291313] 000775 001114
[host_monotonic_s=133811.293682] 000776 001030
[host_monotonic_s=133811.296098] 000777 001035
[host_monotonic_s=133811.298539] 000778 001063
[host_monotonic_s=133811.300939] 000779 000919
[host_monotonic_s=133811.303342] 000780 000920
[host_monotonic_s=133811.305725] 000781 000881
[host_monotonic_s=133811.308071] 000782 000806
[host_monotonic_s=133811.310327] 000783 000800
[host_monotonic_s=133811.312608] 000784 000754
[host_monotonic_s=133811.315017] 000785 000756
[host_monotonic_s=133811.317298] 000786 000752
[host_monotonic_s=133811.319564] 000787 000676
[host_monotonic_s=133811.321809] 000788 000664
[host_monotonic_s=133811.324126] 000789 000638
[host_monotonic_s=133811.326687] 000790 000666
[host_monotonic_s=133811.328995] 000791 000601
[host_monotonic_s=133811.331299] 000792 000579
[host_monotonic_s=133811.333636] 000793 000586
[host_monotonic_s=133811.336231] 000794 000514
[host_monotonic_s=133811.338538] 000795 000570
[host_monotonic_s=133811.340800] 000796 000483
[host_monotonic_s=133811.343143] 000797 000497
[host_monotonic_s=133811.345709] 000798 000508
[host_monotonic_s=133811.348104] 000799 000476
[host_monotonic_s=133811.350412] 000800 000468
[host_monotonic_s=133811.352695] 000801 000450
[host_monotonic_s=133811.355228] 000802 000475
[host_monotonic_s=133811.357597] 000803 000493
[host_monotonic_s=133811.359919] 000804 000446
[host_monotonic_s=133811.362241] 000805 000409
[host_monotonic_s=133811.364901] 000806 000447
[host_monotonic_s=133811.367225] 000807 000462
[host_monotonic_s=133811.369531] 000808 000481
[host_monotonic_s=133811.371861] 000809 000482
[host_monotonic_s=133811.374565] 000810 000513
[host_monotonic_s=133811.376957] 000811 000494
[host_monotonic_s=133811.379292] 000812 000478
[host_monotonic_s=133811.381649] 000813 000516
[host_monotonic_s=133811.384029] 000814 000550
[host_monotonic_s=133811.386704] 000815 000518
[host_monotonic_s=133811.389029] 000816 000623
[host_monotonic_s=133811.391423] 000817 000545
[host_monotonic_s=133811.393824] 000818 000607
[host_monotonic_s=133811.396346] 000819 000633
[host_monotonic_s=133811.398694] 000820 000676
[host_monotonic_s=133811.401076] 000821 000693
[host_monotonic_s=133811.403500] 000822 000700
[host_monotonic_s=133811.704288] 000823 000760
[host_monotonic_s=133811.704302] 000824 000772
[host_monotonic_s=133811.704305] 000825 000754
[host_monotonic_s=133811.704307] 000826 000772
[host_monotonic_s=133811.704309] 000827 000715
[host_monotonic_s=133811.704311] 000828 000813
[host_monotonic_s=133811.704313] 000829 000832
[host_monotonic_s=133811.704315] 000830 000808
[host_monotonic_s=133811.704317] 000831 000793
[host_monotonic_s=133811.704319] 000832 000821
[host_monotonic_s=133811.704321] 000833 000763
[host_monotonic_s=133811.704323] 000834 000772
[host_monotonic_s=133811.704325] 000835 000753
[host_monotonic_s=133811.704326] 000836 000821
[host_monotonic_s=133811.704328] 000837 000749
[host_monotonic_s=133811.704329] 000838 000721
[host_monotonic_s=133811.704331] 000839 000769
[host_monotonic_s=133811.704333] 000840 000717
[host_monotonic_s=133811.709413] 000841 000764
[host_monotonic_s=133811.712258] 000842 000745
[host_monotonic_s=133811.714991] 000843 000704
[host_monotonic_s=133811.717326] 000844 000724
[host_monotonic_s=133811.719592] 000845 000661
[host_monotonic_s=133811.721861] 000846 000677
[host_monotonic_s=133811.724556] 000847 000724
[host_monotonic_s=133811.726842] 000848 000604
[host_monotonic_s=133811.729165] 000849 000628
[host_monotonic_s=133811.731426] 000850 000626
[host_monotonic_s=133811.733771] 000851 000599
[host_monotonic_s=133811.736186] 000852 000585
[host_monotonic_s=133811.738487] 000853 000598
[host_monotonic_s=133811.740749] 000854 000561
[host_monotonic_s=133811.743075] 000855 000560
[host_monotonic_s=133811.745433] 000856 000589
[host_monotonic_s=133811.747731] 000857 000572
[host_monotonic_s=133811.749997] 000858 000593
[host_monotonic_s=133811.752254] 000859 000563
[host_monotonic_s=133811.754669] 000860 000553
[host_monotonic_s=133811.756937] 000861 000537
[host_monotonic_s=133811.759214] 000862 000516
[host_monotonic_s=133811.761478] 000863 000510
[host_monotonic_s=133811.763795] 000864 000541
[host_monotonic_s=133811.766403] 000865 000514
[host_monotonic_s=133811.768671] 000866 000447
[host_monotonic_s=133811.770941] 000867 000514
[host_monotonic_s=133811.773285] 000868 000523
[host_monotonic_s=133811.775859] 000869 000511
[host_monotonic_s=133811.778245] 000870 000509
[host_monotonic_s=133811.780491] 000871 000485
[host_monotonic_s=133811.782785] 000872 000466
[host_monotonic_s=133811.785226] 000873 000456
[host_monotonic_s=133811.787513] 000874 000522
[host_monotonic_s=133811.789780] 000875 000449
[host_monotonic_s=133811.792039] 000876 000445
[host_monotonic_s=133811.794487] 000877 000465
[host_monotonic_s=133811.796769] 000878 000446
[host_monotonic_s=133811.799100] 000879 000474
[host_monotonic_s=133811.801501] 000880 000482
[host_monotonic_s=133811.803813] 000881 000439
[host_monotonic_s=133811.806380] 000882 000432
[host_monotonic_s=133811.808712] 000883 000453
[host_monotonic_s=133811.811011] 000884 000449
[host_monotonic_s=133811.813545] 000885 000456
[host_monotonic_s=133811.815880] 000886 000449
[host_monotonic_s=133811.818138] 000887 000404
[host_monotonic_s=133811.820396] 000888 000412
[host_monotonic_s=133811.822637] 000889 000438
[host_monotonic_s=133811.825209] 000890 000426
[host_monotonic_s=133811.827498] 000891 000424
[host_monotonic_s=133811.829745] 000892 000429
[host_monotonic_s=133811.832003] 000893 000412
[host_monotonic_s=133811.834342] 000894 000417
[host_monotonic_s=133811.836626] 000895 000367
[host_monotonic_s=133811.838923] 000896 000369
[host_monotonic_s=133811.841194] 000897 000351
[host_monotonic_s=133811.843468] 000898 000362
[host_monotonic_s=133811.846047] 000899 000351
[host_monotonic_s=133811.848363] 000900 000350
[host_monotonic_s=133811.850648] 000901 000338
[host_monotonic_s=133811.853017] 000902 000347
[host_monotonic_s=133811.855488] 000903 000329
[host_monotonic_s=133811.857772] 000904 000332
[host_monotonic_s=133811.860067] 000905 000325
[host_monotonic_s=133811.862385] 000906 000328
[host_monotonic_s=133811.864853] 000907 000303
[host_monotonic_s=133811.867336] 000908 000284
[host_monotonic_s=133811.869801] 000909 000275
[host_monotonic_s=133811.872332] 000910 000280
[host_monotonic_s=133811.874819] 000911 000280
[host_monotonic_s=133811.877185] 000912 000314
[host_monotonic_s=133811.879573] 000913 000324
[host_monotonic_s=133811.881820] 000914 000272
[host_monotonic_s=133811.884140] 000915 000268
[host_monotonic_s=133811.886498] 000916 000241
[host_monotonic_s=133811.888748] 000917 000304
[host_monotonic_s=133811.891019] 000918 000261
[host_monotonic_s=133811.893439] 000919 000266
[host_monotonic_s=133811.896098] 000920 000259
[host_monotonic_s=133811.898415] 000921 000245
[host_monotonic_s=133811.900706] 000922 000252
[host_monotonic_s=133811.903009] 000923 000248
[host_monotonic_s=133811.905509] 000924 000260
[host_monotonic_s=133811.907828] 000925 000241
[host_monotonic_s=133811.910119] 000926 000207
[host_monotonic_s=133811.912369] 000927 000233
[host_monotonic_s=133811.914747] 000928 000219
[host_monotonic_s=133811.917078] 000929 000209
[host_monotonic_s=133811.919387] 000930 000196
[host_monotonic_s=133811.921641] 000931 000202
[host_monotonic_s=133811.923994] 000932 000199
[host_monotonic_s=133811.926411] 000933 000191
[host_monotonic_s=133811.928675] 000934 000195
[host_monotonic_s=133811.930984] 000935 000186
[host_monotonic_s=133811.933297] 000936 000191
[host_monotonic_s=133811.935644] 000937 000179
[host_monotonic_s=133811.937923] 000938 000165
[host_monotonic_s=133811.940183] 000939 000191
[host_monotonic_s=133811.942430] 000940 000190
[host_monotonic_s=133811.945119] 000941 000182
[host_monotonic_s=133811.947451] 000942 000154
[host_monotonic_s=133811.949703] 000943 000146
[host_monotonic_s=133811.952023] 000944 000155
[host_monotonic_s=133812.254791] 000945 000156
[host_monotonic_s=133812.254807] 000946 000141
[host_monotonic_s=133812.254810] 000947 000146
[host_monotonic_s=133812.254813] 000948 000157
[host_monotonic_s=133812.254816] 000949 000136
[host_monotonic_s=133812.254818] 000950 000138
[host_monotonic_s=133812.254820] 000951 000155
[host_monotonic_s=133812.254822] 000952 000144
[host_monotonic_s=133812.254824] 000953 000121
[host_monotonic_s=133812.254826] 000954 000159
[host_monotonic_s=133812.254828] 000955 000134
[host_monotonic_s=133812.254830] 000956 000121
[host_monotonic_s=133812.254832] 000957 000143
[host_monotonic_s=133812.254834] 000958 000146
[host_monotonic_s=133812.254836] 000959 000148
[host_monotonic_s=133812.254838] 000960 000153
[host_monotonic_s=133812.254840] 000961 000114
[host_monotonic_s=133812.254842] 000962 000150
[host_monotonic_s=133812.254844] 000963 000142
[host_monotonic_s=133812.261625] 000964 000134
[host_monotonic_s=133812.266808] 000965 000137
[host_monotonic_s=133812.269321] 000966 000134
[host_monotonic_s=133812.271631] 000967 000124
[host_monotonic_s=133812.274041] 000968 000134
[host_monotonic_s=133812.276373] 000969 000131
[host_monotonic_s=133812.278610] 000970 000123
[host_monotonic_s=133812.280891] 000971 000119
[host_monotonic_s=133812.283302] 000972 000135
[host_monotonic_s=133812.285675] 000973 000125
[host_monotonic_s=133812.287994] 000974 000119
[host_monotonic_s=133817.765710] 000975 000131
[host_monotonic_s=133817.765725] 000976 000127
[host_monotonic_s=133817.765728] 000977 000125
[host_monotonic_s=133817.765731] 000978 000141
[host_monotonic_s=133817.765733] 000979 000148
[host_monotonic_s=133817.765736] 000980 000132
[host_monotonic_s=133817.765738] 000981 000131
[host_monotonic_s=133817.765740] 000982 000144
[host_monotonic_s=133817.765742] 000983 000152
[host_monotonic_s=133817.765744] 000984 000143
[host_monotonic_s=133817.765745] 000985 000139
[host_monotonic_s=133817.765747] 000986 000141
[host_monotonic_s=133817.765749] 000987 000135
[host_monotonic_s=133817.765750] 000988 000144
[host_monotonic_s=133817.765752] 000989 000134
[host_monotonic_s=133817.765754] 000990 000138
[host_monotonic_s=133817.765755] 000991 000120
[host_monotonic_s=133817.765757] 000992 000034
[host_monotonic_s=133817.769171] 000994 000001
[host_monotonic_s=133817.774415] 000995 000016
[host_monotonic_s=133817.776711] 000996 000064
[host_monotonic_s=133817.779038] 000997 000083
[host_monotonic_s=133817.781336] 000998 000120
[host_monotonic_s=133817.783696] 000999 000101
[host_monotonic_s=133817.786074] 001000 000133
[host_monotonic_s=133817.788447] 001001 000119
[host_monotonic_s=133817.790725] 001002 000109
[host_monotonic_s=133817.793004] 001003 000115
[host_monotonic_s=133817.795723] 001004 000133
[host_monotonic_s=133817.798069] 001005 000114
[host_monotonic_s=133817.800337] 001006 000122
[host_monotonic_s=133817.802596] 001007 000106
[host_monotonic_s=133817.805225] 001008 000081
[host_monotonic_s=133817.807556] 001009 000123
[host_monotonic_s=133817.809914] 001010 000107
[host_monotonic_s=133817.812238] 001011 000114
[host_monotonic_s=133817.814887] 001012 000087
[host_monotonic_s=133817.817313] 001013 000081
[host_monotonic_s=133817.819548] 001014 000105
[host_monotonic_s=133817.821834] 001015 000090
[host_monotonic_s=133817.824521] 001016 000090
[host_monotonic_s=133817.826874] 001017 000104
[host_monotonic_s=133817.829403] 001018 000085
[host_monotonic_s=133817.831740] 001019 000083
[host_monotonic_s=133817.834111] 001020 000108
[host_monotonic_s=133817.836717] 001021 000093
[host_monotonic_s=133817.838993] 001022 000084
[host_monotonic_s=133817.841249] 001023 000079
[host_monotonic_s=133817.843587] 001024 000085
[host_monotonic_s=133817.845934] 001025 000080
[host_monotonic_s=133817.848222] 001026 000085
[host_monotonic_s=133817.850473] 001027 000092
[host_monotonic_s=133817.852702] 001028 000098
[host_monotonic_s=133817.855285] 001029 000075
[host_monotonic_s=133817.857544] 001030 000071
[host_monotonic_s=133817.859812] 001031 000085
[host_monotonic_s=133817.862073] 001032 000069
[host_monotonic_s=133817.864642] 001033 000084
[host_monotonic_s=133817.867046] 001034 000069
[host_monotonic_s=133817.869387] 001035 000080
[host_monotonic_s=133817.871688] 001036 000064
[host_monotonic_s=133817.874065] 001037 000074
[host_monotonic_s=133817.876511] 001038 000080
[host_monotonic_s=133817.878769] 001039 000074
[host_monotonic_s=133817.881055] 001040 000074
[host_monotonic_s=133817.883368] 001041 000069
[host_monotonic_s=133817.885891] 001042 000071
[host_monotonic_s=133817.888185] 001043 000057
[host_monotonic_s=133817.890434] 001044 000055
[host_monotonic_s=133817.893930] 001045 000064
[host_monotonic_s=133817.896770] 001046 000071
[host_monotonic_s=133817.899055] 001047 000051
[host_monotonic_s=133817.901355] 001048 000068
[host_monotonic_s=133817.903657] 001049 000080
[host_monotonic_s=133817.906048] 001050 000071
[host_monotonic_s=133817.908330] 001051 000047
[host_monotonic_s=133817.910582] 001052 000064
[host_monotonic_s=133817.912818] 001053 000071
[host_monotonic_s=133817.915312] 001054 000076
[host_monotonic_s=133817.917658] 001055 000061
[host_monotonic_s=133817.919953] 001056 000069
[host_monotonic_s=133817.922261] 001057 000071
[host_monotonic_s=133817.924680] 001058 000080
[host_monotonic_s=133817.927013] 001059 000058
[host_monotonic_s=133817.929286] 001060 000059
[host_monotonic_s=133817.931586] 001061 000064
[host_monotonic_s=133817.933909] 001062 000065
[host_monotonic_s=133817.936286] 001063 000071
[host_monotonic_s=133817.938570] 001064 000058
[host_monotonic_s=133817.940812] 001065 000065
[host_monotonic_s=133817.943129] 001066 000059
[host_monotonic_s=133817.945460] 001067 000075
[host_monotonic_s=133817.947754] 001068 000071
[host_monotonic_s=133817.950090] 001069 000056
[host_monotonic_s=133817.952378] 001070 000062
[host_monotonic_s=133817.955047] 001071 000044
[host_monotonic_s=133817.957648] 001072 000054
[host_monotonic_s=133817.959899] 001073 000061
[host_monotonic_s=133817.962188] 001074 000057
[host_monotonic_s=133817.964591] 001075 000062
[host_monotonic_s=133817.966995] 001076 000059
[host_monotonic_s=133817.969318] 001077 000075
[host_monotonic_s=133817.971648] 001078 000062
[host_monotonic_s=133817.973945] 001079 000059
[host_monotonic_s=133817.976634] 001080 000056
[host_monotonic_s=133817.979010] 001081 000052
[host_monotonic_s=133817.981324] 001082 000054
[host_monotonic_s=133817.983717] 001083 000041
[host_monotonic_s=133817.986232] 001084 000060
[host_monotonic_s=133817.988555] 001085 000052
[host_monotonic_s=133817.990878] 001086 000046
[host_monotonic_s=133817.993243] 001087 000048
[host_monotonic_s=133817.995914] 001088 000045
[host_monotonic_s=133817.998349] 001089 000045
[host_monotonic_s=133818.000669] 001090 000056
[host_monotonic_s=133818.002987] 001091 000055
[host_monotonic_s=133818.005676] 001092 000034
[host_monotonic_s=133818.008038] 001093 000044
[host_monotonic_s=133818.010373] 001094 000048
[host_monotonic_s=133818.012760] 001095 000041
[host_monotonic_s=133818.015531] 001096 000033
[host_monotonic_s=133818.316077] 001097 000049
[host_monotonic_s=133818.316089] 001098 000043
[host_monotonic_s=133818.316091] 001099 000039
[host_monotonic_s=133818.316093] 001100 000025
[host_monotonic_s=133818.316095] 001101 000042
[host_monotonic_s=133818.316096] 001102 000043
[host_monotonic_s=133818.316098] 001103 000039
[host_monotonic_s=133818.316099] 001104 000040
[host_monotonic_s=133818.316101] 001105 000038
[host_monotonic_s=133818.316102] 001106 000033
[host_monotonic_s=133818.316104] 001107 000036
[host_monotonic_s=133818.316105] 001108 000042
[host_monotonic_s=133818.316106] 001109 000029
[host_monotonic_s=133818.316108] 001110 000032
[host_monotonic_s=133818.316109] 001111 000028
[host_monotonic_s=133818.316110] 001112 000026
[host_monotonic_s=133818.316111] 001113 000038
[host_monotonic_s=133818.316113] 001114 000037
[host_monotonic_s=133818.320427] 001115 000033
[host_monotonic_s=133818.324056] 001116 000022
[host_monotonic_s=133818.326470] 001117 000026
[host_monotonic_s=133818.328756] 001118 000025
[host_monotonic_s=133818.331041] 001119 000032
[host_monotonic_s=133818.333343] 001120 000029
[host_monotonic_s=133818.335912] 001121 000026
[host_monotonic_s=133818.338222] 001122 000024
[host_monotonic_s=133818.340458] 001123 000034
[host_monotonic_s=133818.342700] 001124 000022
[host_monotonic_s=133818.345065] 001125 000038
[host_monotonic_s=133818.347407] 001126 000026
[host_monotonic_s=133818.349714] 001127 000035
[host_monotonic_s=133818.351956] 001128 000022
[host_monotonic_s=133818.354527] 001129 000028
[host_monotonic_s=133818.356801] 001130 000033
[host_monotonic_s=133818.359075] 001131 000028
[host_monotonic_s=133818.361327] 001132 000016
[host_monotonic_s=133818.363586] 001133 000028
[host_monotonic_s=133818.365930] 001134 000030
[host_monotonic_s=133818.368212] 001135 000036
[host_monotonic_s=133818.370464] 001136 000015
[host_monotonic_s=133818.372721] 001137 000028
[host_monotonic_s=133818.375235] 001138 000018
[host_monotonic_s=133818.377513] 001139 000024
[host_monotonic_s=133818.379746] 001140 000025
[host_monotonic_s=133818.381995] 001141 000020
[host_monotonic_s=133818.384498] 001142 000020
[host_monotonic_s=133818.386766] 001143 000022
[host_monotonic_s=133818.389025] 001144 000026
[host_monotonic_s=133818.391273] 001145 000019
[host_monotonic_s=133818.393543] 001146 000022
[host_monotonic_s=133818.395845] 001147 000019
[host_monotonic_s=133818.398117] 001148 000025
[host_monotonic_s=133818.400429] 001149 000018
[host_monotonic_s=133818.402637] 001150 000021
[host_monotonic_s=133818.404941] 001151 000019
[host_monotonic_s=133818.407288] 001152 000030
[host_monotonic_s=133818.409503] 001153 000030
[host_monotonic_s=133818.411756] 001154 000017
[host_monotonic_s=133818.414011] 001155 000016
[host_monotonic_s=133818.416541] 001156 000019
[host_monotonic_s=133818.418885] 001157 000024
[host_monotonic_s=133818.421110] 001158 000024
[host_monotonic_s=133818.423379] 001159 000013
[host_monotonic_s=133818.425709] 001160 000015
[host_monotonic_s=133818.427996] 001161 000020
[host_monotonic_s=133818.430296] 001162 000015
[host_monotonic_s=133818.432534] 001163 000021
[host_monotonic_s=133818.434884] 001164 000021
[host_monotonic_s=133818.437150] 001165 000019
[host_monotonic_s=133818.439422] 001166 000017
[host_monotonic_s=133818.441699] 001167 000021
[host_monotonic_s=133818.443983] 001168 000025
[host_monotonic_s=133818.446315] 001169 000019
[host_monotonic_s=133818.448573] 001170 000017
[host_monotonic_s=133818.450850] 001171 000020
[host_monotonic_s=133818.453138] 001172 000025
[host_monotonic_s=133818.455456] 001173 000020
[host_monotonic_s=133818.457770] 001174 000017
[host_monotonic_s=133818.460029] 001175 000012
[host_monotonic_s=133818.462306] 001176 000019
[host_monotonic_s=133818.464661] 001177 000010
[host_monotonic_s=133818.466971] 001178 000010
[host_monotonic_s=133818.469269] 001179 000025
[host_monotonic_s=133818.471521] 001180 000022
[host_monotonic_s=133818.473773] 001181 000012
[host_monotonic_s=133818.476378] 001182 000016
[host_monotonic_s=133818.478630] 001183 000018
[host_monotonic_s=133818.480894] 001184 000021
[host_monotonic_s=133818.483152] 001185 000019
[host_monotonic_s=133818.485513] 001186 000013
[host_monotonic_s=133818.487821] 001187 000014
[host_monotonic_s=133818.490112] 001188 000018
[host_monotonic_s=133818.492352] 001189 000012
[host_monotonic_s=133818.494708] 001190 000020
[host_monotonic_s=133818.496994] 001191 000013
[host_monotonic_s=133818.499290] 001192 000021
[host_monotonic_s=133818.501543] 001193 000019
[host_monotonic_s=133818.503847] 001194 000012
[host_monotonic_s=133818.506438] 001195 000013
[host_monotonic_s=133818.508804] 001196 000013
[host_monotonic_s=133818.511096] 001197 000011
[host_monotonic_s=133818.513369] 001198 000019
[host_monotonic_s=133818.515713] 001199 000010
[host_monotonic_s=133818.518059] 001200 000012
[host_monotonic_s=133818.520305] 001201 000012
[host_monotonic_s=133818.522590] 001202 000012
[host_monotonic_s=133818.525105] 001203 000007
[host_monotonic_s=133818.527406] 001204 000011
[host_monotonic_s=133818.529669] 001205 000007
[host_monotonic_s=133818.531939] 001206 000013
[host_monotonic_s=133818.534290] 001207 000011
[host_monotonic_s=133818.536599] 001208 000010
[host_monotonic_s=133818.538860] 001209 000011
[host_monotonic_s=133818.541101] 001210 000011
[host_monotonic_s=133818.543381] 001211 000013
[host_monotonic_s=133818.545700] 001212 000013
[host_monotonic_s=133818.547996] 001213 000013
[host_monotonic_s=133818.550248] 001214 000008
[host_monotonic_s=133818.552480] 001215 000004
[host_monotonic_s=133818.555029] 001216 000012
[host_monotonic_s=133818.557323] 001217 000010
[host_monotonic_s=133818.559604] 001218 000012
[host_monotonic_s=133818.561871] 001219 000010
[host_monotonic_s=133818.564115] 001220 000012
[host_monotonic_s=133818.866518] 001221 000011
[host_monotonic_s=133818.866532] 001222 000011
[host_monotonic_s=133818.866535] 001223 000008
[host_monotonic_s=133818.866537] 001224 000006
[host_monotonic_s=133818.866539] 001225 000015
[host_monotonic_s=133818.866541] 001226 000010
[host_monotonic_s=133818.866543] 001227 000006
[host_monotonic_s=133818.866545] 001228 000014
[host_monotonic_s=133818.866547] 001229 000005
[host_monotonic_s=133818.866549] 001230 000005
[host_monotonic_s=133818.866550] 001231 000008
[host_monotonic_s=133818.866553] 001232 000009
[host_monotonic_s=133818.866554] 001233 000013
[host_monotonic_s=133818.866556] 001234 000010
[host_monotonic_s=133818.866558] 001235 000004
[host_monotonic_s=133818.866560] 001236 000010
[host_monotonic_s=133818.866561] 001237 000009
[host_monotonic_s=133818.866563] 001238 000013
[host_monotonic_s=133818.866565] 001239 000011
[host_monotonic_s=133818.872878] 001240 000010
[host_monotonic_s=133818.875132] 001241 000012
[host_monotonic_s=133818.877562] 001242 000011
[host_monotonic_s=133818.879996] 001243 000008
[host_monotonic_s=133818.882246] 001244 000006
[host_monotonic_s=133818.884826] 001245 000012
[host_monotonic_s=133818.887110] 001246 000005
[host_monotonic_s=133818.889361] 001247 000013
[host_monotonic_s=133818.891613] 001248 000008
[host_monotonic_s=133824.345729] 001249 000009
[host_monotonic_s=133824.345744] 001250 000011
[host_monotonic_s=133824.345747] 001251 000006
[host_monotonic_s=133824.345750] 001252 000004
[host_monotonic_s=133824.345752] 001253 000009
[host_monotonic_s=133824.345755] 001254 000006
[host_monotonic_s=133824.345757] 001255 000007
[host_monotonic_s=133824.345759] 001256 000010
[host_monotonic_s=133824.345760] 001257 000011
[host_monotonic_s=133824.345762] 001258 000008
[host_monotonic_s=133824.345766] 001259 000007
[host_monotonic_s=133824.345768] 001260 000007
[host_monotonic_s=133824.345770] 001261 000008
[host_monotonic_s=133824.345771] 001262 000005
[host_monotonic_s=133824.345773] 001263 000005
[host_monotonic_s=133824.345775] 001264 000006
[host_monotonic_s=133824.345776] 001265 000011
[host_monotonic_s=133824.345778] 001266 000010
[host_monotonic_s=133824.348473] 001267 000008
[host_monotonic_s=133824.353489] 001268 000006
[host_monotonic_s=133824.356066] 001269 000008
[host_monotonic_s=133824.358363] 001270 000009
[host_monotonic_s=133824.360609] 001271 000005
[host_monotonic_s=133824.362844] 001272 000005
[host_monotonic_s=133824.365180] 001273 000009
[host_monotonic_s=133824.367473] 001274 000007
[host_monotonic_s=133824.369701] 001275 000007
[host_monotonic_s=133824.371947] 001276 000006
[host_monotonic_s=133824.374260] 001277 000005
[host_monotonic_s=133824.376528] 001278 000009
[host_monotonic_s=133824.378772] 001279 000006
[host_monotonic_s=133824.381005] 001280 000008
[host_monotonic_s=133824.383245] 001281 000005
[host_monotonic_s=133824.385559] 001282 000007
[host_monotonic_s=133824.387815] 001283 000003
[host_monotonic_s=133824.390066] 001284 000006
[host_monotonic_s=133824.392298] 001285 000007
[host_monotonic_s=133824.394660] 001286 000009
[host_monotonic_s=133824.396920] 001287 000005
[host_monotonic_s=133824.399171] 001288 000008
[host_monotonic_s=133824.401408] 001289 000006
[host_monotonic_s=133824.403689] 001290 000004
[host_monotonic_s=133824.405998] 001291 000009
[host_monotonic_s=133824.408262] 001292 000007
[host_monotonic_s=133824.410507] 001293 000013
[host_monotonic_s=133824.412743] 001294 000011
[host_monotonic_s=133824.415100] 001295 000008
[host_monotonic_s=133824.417390] 001296 000008
[host_monotonic_s=133824.419684] 001297 000007
[host_monotonic_s=133824.421964] 001298 000008
[host_monotonic_s=133824.424515] 001299 000001
[host_monotonic_s=133824.426784] 001300 000006
[host_monotonic_s=133824.429052] 001301 000009
[host_monotonic_s=133824.431329] 001302 000004
[host_monotonic_s=133824.433605] 001303 000005
[host_monotonic_s=133824.436160] 001304 000004
[host_monotonic_s=133824.438451] 001305 000005
[host_monotonic_s=133824.440719] 001306 000010
[host_monotonic_s=133824.442986] 001307 000004
[host_monotonic_s=133824.445331] 001308 000008
[host_monotonic_s=133824.447923] 001309 000011
[host_monotonic_s=133824.450172] 001310 000007
[host_monotonic_s=133824.452454] 001311 000003
[host_monotonic_s=133824.454997] 001312 000005
[host_monotonic_s=133824.457307] 001313 000009
[host_monotonic_s=133824.459566] 001314 000010
[host_monotonic_s=133824.461835] 001315 000009
[host_monotonic_s=133824.464126] 001316 000006
[host_monotonic_s=133824.466669] 001317 000006
[host_monotonic_s=133824.469024] 001318 000006
[host_monotonic_s=133824.471275] 001319 000008
[host_monotonic_s=133824.473581] 001320 000006
[host_monotonic_s=133824.475943] 001321 000003
[host_monotonic_s=133824.478238] 001322 000003
[host_monotonic_s=133824.480499] 001323 000007
[host_monotonic_s=133824.482799] 001324 000006
[host_monotonic_s=133824.485198] 001325 000004
[host_monotonic_s=133824.487477] 001326 000004
[host_monotonic_s=133824.489733] 001327 000006
[host_monotonic_s=133824.492034] 001328 000006
[host_monotonic_s=133824.494436] 001329 000003
[host_monotonic_s=133824.496709] 001330 000008
[host_monotonic_s=133824.498955] 001331 000007
[host_monotonic_s=133824.501213] 001332 000003
[host_monotonic_s=133824.503503] 001333 000004
[host_monotonic_s=133824.506066] 001334 000007
[host_monotonic_s=133824.508395] 001335 000004
[host_monotonic_s=133824.510710] 001336 000007
[host_monotonic_s=133824.512993] 001337 000006
[host_monotonic_s=133824.515374] 001338 000003
[host_monotonic_s=133824.517787] 001339 000004
[host_monotonic_s=133824.520091] 001340 000006
[host_monotonic_s=133824.522385] 001341 000003
[host_monotonic_s=133824.524801] 001342 000008
[host_monotonic_s=133824.527106] 001343 000006
[host_monotonic_s=133824.529397] 001344 000002
[host_monotonic_s=133824.531676] 001345 000002
[host_monotonic_s=133824.533954] 001346 000004
[host_monotonic_s=133824.536564] 001347 000003
[host_monotonic_s=133824.538836] 001348 000004
[host_monotonic_s=133824.541099] 001349 000002
[host_monotonic_s=133824.543374] 001350 000007
[host_monotonic_s=133824.545758] 001351 000007
[host_monotonic_s=133824.548418] 001352 000003
[host_monotonic_s=133824.550729] 001353 000004
[host_monotonic_s=133824.553110] 001354 000007
[host_monotonic_s=133824.555744] 001355 000004
[host_monotonic_s=133824.558140] 001356 000007
[host_monotonic_s=133824.560466] 001357 000004
[host_monotonic_s=133824.562830] 001358 000005
[host_monotonic_s=133824.565365] 001359 000003
[host_monotonic_s=133824.567701] 001360 000003
[host_monotonic_s=133824.570058] 001361 000005
[host_monotonic_s=133824.572419] 001362 000005
[host_monotonic_s=133824.575143] 001363 000004
[host_monotonic_s=133824.577570] 001364 000005
[host_monotonic_s=133824.579954] 001365 000002
[host_monotonic_s=133824.582310] 001366 000007
[host_monotonic_s=133824.584760] 001367 000003
[host_monotonic_s=133824.587173] 001368 000007
[host_monotonic_s=133824.589573] 001369 000002
[host_monotonic_s=133824.591941] 001370 000003
[host_monotonic_s=133824.594645] 001371 000003
[host_monotonic_s=133824.895953] 001372 000006
[host_monotonic_s=133824.895961] 001373 000001
[host_monotonic_s=133824.895962] 001374 000002
[host_monotonic_s=133824.895963] 001375 000007
[host_monotonic_s=133824.895964] 001376 000002
[host_monotonic_s=133824.895965] 001377 000004
[host_monotonic_s=133824.895966] 001379 000002
[host_monotonic_s=133824.895967] 001380 000002
[host_monotonic_s=133824.895967] 001381 000001
[host_monotonic_s=133824.895968] 001382 000001
[host_monotonic_s=133824.895969] 001384 000006
[host_monotonic_s=133824.895970] 001385 000007
[host_monotonic_s=133824.895971] 001386 000002
[host_monotonic_s=133824.895972] 001387 000003
[host_monotonic_s=133824.895973] 001388 000006
[host_monotonic_s=133824.895973] 001389 000004
[host_monotonic_s=133824.895974] 001390 000004
[host_monotonic_s=133824.895975] 001391 000003
[host_monotonic_s=133824.897546] 001392 000003
[host_monotonic_s=133824.900989] 001393 000002
[host_monotonic_s=133824.903438] 001394 000001
[host_monotonic_s=133824.905935] 001395 000003
[host_monotonic_s=133824.908382] 001396 000003
[host_monotonic_s=133824.910766] 001397 000002
[host_monotonic_s=133824.913208] 001398 000003
[host_monotonic_s=133824.915953] 001399 000006
[host_monotonic_s=133824.918382] 001400 000002
[host_monotonic_s=133824.920790] 001401 000003
[host_monotonic_s=133824.923291] 001402 000009
[host_monotonic_s=133824.925920] 001403 000001
[host_monotonic_s=133824.928457] 001404 000002
[host_monotonic_s=133824.931027] 001405 000007
[host_monotonic_s=133824.933604] 001406 000002
[host_monotonic_s=133824.936449] 001407 000005
[host_monotonic_s=133824.939534] 001408 000002
[host_monotonic_s=133824.942739] 001409 000004
[host_monotonic_s=133824.945624] 001410 000002
[host_monotonic_s=133824.948152] 001411 000004
[host_monotonic_s=133824.950577] 001412 000002
[host_monotonic_s=133824.953075] 001413 000002
[host_monotonic_s=133824.955547] 001414 000005
[host_monotonic_s=133824.958023] 001415 000005
[host_monotonic_s=133824.960332] 001416 000002
[host_monotonic_s=133824.962670] 001417 000005
[host_monotonic_s=133824.965344] 001418 000004
[host_monotonic_s=133824.967810] 001419 000005
[host_monotonic_s=133824.970108] 001420 000002
[host_monotonic_s=133824.972279] 001421 000005
[host_monotonic_s=133824.974595] 001422 000005
[host_monotonic_s=133824.976924] 001423 000001
[host_monotonic_s=133824.979497] 001424 000006
[host_monotonic_s=133824.981732] 001425 000001
[host_monotonic_s=133824.984051] 001426 000002
[host_monotonic_s=133824.986366] 001427 000003
[host_monotonic_s=133824.988613] 001428 000003
[host_monotonic_s=133824.990865] 001429 000006
[host_monotonic_s=133824.993187] 001430 000002
[host_monotonic_s=133824.995723] 001431 000003
[host_monotonic_s=133824.998466] 001432 000003
[host_monotonic_s=133825.000706] 001433 000002
[host_monotonic_s=133825.002988] 001434 000005
[host_monotonic_s=133825.005381] 001435 000002
[host_monotonic_s=133825.007685] 001436 000003
[host_monotonic_s=133825.009986] 001437 000003
[host_monotonic_s=133825.012290] 001438 000002
[host_monotonic_s=133825.014982] 001439 000002
[host_monotonic_s=133825.017317] 001440 000002
[host_monotonic_s=133825.019599] 001441 000002
[host_monotonic_s=133825.021955] 001442 000003
[host_monotonic_s=133825.024525] 001443 000004
[host_monotonic_s=133825.026885] 001444 000002
[host_monotonic_s=133825.029194] 001445 000006
[host_monotonic_s=133825.031453] 001446 000002
[host_monotonic_s=133825.033718] 001447 000002
[host_monotonic_s=133825.036252] 001448 000005
[host_monotonic_s=133825.038602] 001449 000004
[host_monotonic_s=133825.040911] 001450 000003
[host_monotonic_s=133825.043184] 001451 000002
[host_monotonic_s=133825.045540] 001452 000001
[host_monotonic_s=133825.047811] 001454 000002
[host_monotonic_s=133825.050135] 001455 000002
[host_monotonic_s=133825.052366] 001456 000004
[host_monotonic_s=133825.054705] 001457 000001
[host_monotonic_s=133825.056971] 001458 000004
[host_monotonic_s=133825.059378] 001459 000002
[host_monotonic_s=133825.061779] 001460 000004
[host_monotonic_s=133825.064103] 001461 000003
[host_monotonic_s=133825.066670] 001462 000004
[host_monotonic_s=133825.069046] 001463 000001
[host_monotonic_s=133825.071377] 001464 000002
[host_monotonic_s=133825.073666] 001465 000001
[host_monotonic_s=133825.076111] 001466 000002
[host_monotonic_s=133825.078468] 001467 000002
[host_monotonic_s=133825.080780] 001468 000005
[host_monotonic_s=133825.083054] 001469 000002
[host_monotonic_s=133825.085418] 001470 000006
[host_monotonic_s=133825.087732] 001471 000001
[host_monotonic_s=133825.090007] 001472 000002
[host_monotonic_s=133825.092285] 001473 000001
[host_monotonic_s=133825.094665] 001474 000001
[host_monotonic_s=133825.097084] 001475 000001
[host_monotonic_s=133825.099429] 001476 000003
[host_monotonic_s=133825.101786] 001477 000001
[host_monotonic_s=133825.104127] 001478 000003
[host_monotonic_s=133825.106558] 001479 000004
[host_monotonic_s=133825.108945] 001481 000003
[host_monotonic_s=133825.111353] 001482 000001
[host_monotonic_s=133825.113770] 001483 000003
[host_monotonic_s=133825.116549] 001485 000002
[host_monotonic_s=133825.118884] 001486 000002
[host_monotonic_s=133825.121247] 001487 000001
[host_monotonic_s=133825.123609] 001488 000003
[host_monotonic_s=133825.126061] 001489 000001
[host_monotonic_s=133825.128447] 001490 000003
[host_monotonic_s=133825.130806] 001491 000005
[host_monotonic_s=133825.133171] 001492 000004
[host_monotonic_s=133825.135806] 001493 000001
[host_monotonic_s=133825.138173] 001494 000002
[host_monotonic_s=133825.140502] 001496 000001
[host_monotonic_s=133825.142865] 001497 000004
[host_monotonic_s=133825.145363] 001498 000001
[host_monotonic_s=133825.446242] 001499 000001
[host_monotonic_s=133825.446254] 001500 000003
[host_monotonic_s=133825.446256] 001502 000001
[host_monotonic_s=133825.446258] 001503 000002
[host_monotonic_s=133825.446260] 001504 000003
[host_monotonic_s=133825.446262] 001505 000001
[host_monotonic_s=133825.446264] 001506 000003
[host_monotonic_s=133825.446265] 001507 000002
[host_monotonic_s=133825.446266] 001508 000003
[host_monotonic_s=133825.446268] 001509 000002
[host_monotonic_s=133825.446270] 001511 000002
[host_monotonic_s=133825.446272] 001512 000002
[host_monotonic_s=133825.446273] 001513 000002
[host_monotonic_s=133825.446274] 001514 000001
[host_monotonic_s=133825.446276] 001515 000003
[host_monotonic_s=133825.446277] 001516 000001
[host_monotonic_s=133825.446279] 001517 000002
[host_monotonic_s=133825.446280] 001518 000003
[host_monotonic_s=133825.448993] 001519 000002
[host_monotonic_s=133825.454086] 001520 000002
[host_monotonic_s=133825.456663] 001521 000001
[host_monotonic_s=133825.458892] 001522 000002
[host_monotonic_s=133825.461105] 001524 000004
[host_monotonic_s=133825.463494] 001525 000002
[host_monotonic_s=133825.465915] 001527 000004
[host_monotonic_s=133825.468246] 001528 000002
[host_monotonic_s=133825.470506] 001529 000001
[host_monotonic_s=133825.472809] 001530 000001
[host_monotonic_s=133825.475384] 001531 000002
[host_monotonic_s=133830.937686] 001532 000001
[host_monotonic_s=133830.937705] 001533 000003
[host_monotonic_s=133830.937708] 001534 000004
[host_monotonic_s=133830.937712] 001535 000002
[host_monotonic_s=133830.937715] 001536 000002
[host_monotonic_s=133830.937717] 001537 000003
[host_monotonic_s=133830.937720] 001538 000001
[host_monotonic_s=133830.937723] 001539 000002
[host_monotonic_s=133830.937726] 001540 000004
[host_monotonic_s=133830.937729] 001541 000002
[host_monotonic_s=133830.937732] 001542 000002
[host_monotonic_s=133830.937735] 001543 000005
[host_monotonic_s=133830.937738] 001544 000002
[host_monotonic_s=133830.937741] 001545 000004
[host_monotonic_s=133830.937744] 001546 000003
[host_monotonic_s=133830.937747] 001547 000001
[host_monotonic_s=133830.937750] 001549 000001
[host_monotonic_s=133830.937753] 001550 000001
[host_monotonic_s=133830.937756] 001551 000004
[host_monotonic_s=133830.947195] 001552 000003
[host_monotonic_s=133830.951076] 001553 000001
[host_monotonic_s=133830.953857] 001554 000003
[host_monotonic_s=133830.956432] 001555 000002
[host_monotonic_s=133830.958711] 001556 000001
[host_monotonic_s=133830.961012] 001558 000002
[host_monotonic_s=133830.963294] 001559 000001
[host_monotonic_s=133830.965653] 001560 000003
[host_monotonic_s=133830.968200] 001561 000001
[host_monotonic_s=133830.970816] 001562 000002
[host_monotonic_s=133830.973400] 001564 000002
[host_monotonic_s=133830.976478] 001565 000003
[host_monotonic_s=133830.979021] 001568 000002
[host_monotonic_s=133830.981516] 001570 000001
[host_monotonic_s=133830.984096] 001571 000002
[host_monotonic_s=133830.986971] 001572 000001
[host_monotonic_s=133830.989471] 001574 000004
[host_monotonic_s=133830.992012] 001575 000001
[host_monotonic_s=133830.994656] 001576 000001
[host_monotonic_s=133830.997135] 001577 000003
[host_monotonic_s=133830.999624] 001579 000004
[host_monotonic_s=133831.002168] 001580 000001
[host_monotonic_s=133831.004745] 001581 000001
[host_monotonic_s=133831.007346] 001582 000001
[host_monotonic_s=133831.009874] 001583 000003
[host_monotonic_s=133831.012395] 001584 000001
[host_monotonic_s=133831.015309] 001585 000001
[host_monotonic_s=133831.017749] 001586 000001
[host_monotonic_s=133831.019991] 001588 000004
[host_monotonic_s=133831.022282] 001589 000004
[host_monotonic_s=133831.024707] 001590 000003
[host_monotonic_s=133831.027065] 001591 000001
[host_monotonic_s=133831.029384] 001592 000003
[host_monotonic_s=133831.031690] 001593 000001
[host_monotonic_s=133831.033981] 001594 000002
[host_monotonic_s=133831.036432] 001596 000001
[host_monotonic_s=133831.039241] 001598 000001
[host_monotonic_s=133831.041571] 001599 000002
[host_monotonic_s=133831.043852] 001600 000001
[host_monotonic_s=133831.046223] 001601 000003
[host_monotonic_s=133831.048605] 001602 000003
[host_monotonic_s=133831.051032] 001603 000003
[host_monotonic_s=133831.053437] 001604 000004
[host_monotonic_s=133831.055923] 001605 000003
[host_monotonic_s=133831.058378] 001606 000002
[host_monotonic_s=133831.060691] 001607 000003
[host_monotonic_s=133831.062962] 001609 000003
[host_monotonic_s=133831.065383] 001610 000004
[host_monotonic_s=133831.067687] 001611 000007
[host_monotonic_s=133831.070018] 001612 000006
[host_monotonic_s=133831.072348] 001613 000004
[host_monotonic_s=133831.074710] 001614 000004
[host_monotonic_s=133831.077065] 001615 000009
[host_monotonic_s=133831.079422] 001616 000006
[host_monotonic_s=133831.081821] 001617 000006
[host_monotonic_s=133831.084313] 001618 000003
[host_monotonic_s=133831.087068] 001619 000005
[host_monotonic_s=133831.089449] 001620 000001
[host_monotonic_s=133831.091805] 001621 000001
[host_monotonic_s=133831.094179] 001622 000004
[host_monotonic_s=133831.096907] 001623 000003
[host_monotonic_s=133831.099319] 001624 000002
[host_monotonic_s=133831.101683] 001625 000004
[host_monotonic_s=133831.104124] 001626 000006
[host_monotonic_s=133831.106868] 001627 000003
[host_monotonic_s=133831.109267] 001628 000002
[host_monotonic_s=133831.111632] 001629 000006
[host_monotonic_s=133831.114125] 001630 000006
[host_monotonic_s=133831.116825] 001631 000008
[host_monotonic_s=133831.119251] 001632 000003
[host_monotonic_s=133831.121678] 001633 000001
[host_monotonic_s=133831.124079] 001634 000005
[host_monotonic_s=133831.126514] 001635 000004
[host_monotonic_s=133831.128771] 001636 000005
[host_monotonic_s=133831.131130] 001637 000003
[host_monotonic_s=133831.133413] 001638 000003
[host_monotonic_s=133831.136056] 001639 000002
[host_monotonic_s=133831.138551] 001640 000003
[host_monotonic_s=133831.141238] 001641 000002
[host_monotonic_s=133831.143574] 001642 000001
[host_monotonic_s=133831.146230] 001643 000002
[host_monotonic_s=133831.148637] 001644 000002
[host_monotonic_s=133831.151061] 001645 000005
[host_monotonic_s=133831.153465] 001646 000004
[host_monotonic_s=133831.156158] 001647 000002
[host_monotonic_s=133831.158611] 001648 000004
[host_monotonic_s=133831.160947] 001649 000007
[host_monotonic_s=133831.163316] 001650 000004
[host_monotonic_s=133831.165752] 001651 000003
[host_monotonic_s=133831.168080] 001652 000004
[host_monotonic_s=133831.170375] 001653 000006
[host_monotonic_s=133831.172778] 001654 000003
[host_monotonic_s=133831.175506] 001655 000007
[host_monotonic_s=133831.177892] 001656 000003
[host_monotonic_s=133831.180290] 001657 000007
[host_monotonic_s=133831.182682] 001658 000004
[host_monotonic_s=133831.185308] 001659 000008
[host_monotonic_s=133831.488070] 001660 000005
[host_monotonic_s=133831.488084] 001661 000007
[host_monotonic_s=133831.488087] 001662 000004
[host_monotonic_s=133831.488090] 001663 000004
[host_monotonic_s=133831.488092] 001664 000008
[host_monotonic_s=133831.488094] 001665 000001
[host_monotonic_s=133831.488096] 001666 000003
[host_monotonic_s=133831.488098] 001667 000001
[host_monotonic_s=133831.488100] 001668 000003
[host_monotonic_s=133831.488102] 001669 000003
[host_monotonic_s=133831.488103] 001670 000003
[host_monotonic_s=133831.488105] 001671 000003
[host_monotonic_s=133831.488107] 001672 000003
[host_monotonic_s=133831.488109] 001673 000004
[host_monotonic_s=133831.488111] 001674 000003
[host_monotonic_s=133831.488112] 001675 000003
[host_monotonic_s=133831.488114] 001676 000009
[host_monotonic_s=133831.488116] 001677 000003
[host_monotonic_s=133831.488118] 001678 000002
[host_monotonic_s=133831.493992] 001679 000001
[host_monotonic_s=133831.496488] 001680 000004
[host_monotonic_s=133831.498746] 001681 000002
[host_monotonic_s=133831.501032] 001682 000004
[host_monotonic_s=133831.503359] 001683 000006
[host_monotonic_s=133831.505732] 001684 000003
[host_monotonic_s=133831.508072] 001685 000001
[host_monotonic_s=133831.510364] 001686 000001
[host_monotonic_s=133831.512674] 001687 000005
[host_monotonic_s=133831.515299] 001688 000002
[host_monotonic_s=133831.517598] 001689 000003
[host_monotonic_s=133831.519906] 001690 000003
[host_monotonic_s=133831.522202] 001691 000005
[host_monotonic_s=133831.524584] 001692 000005
[host_monotonic_s=133831.526873] 001693 000004
[host_monotonic_s=133831.529139] 001694 000004
[host_monotonic_s=133831.531411] 001695 000001
[host_monotonic_s=133831.533745] 001696 000003
[host_monotonic_s=133831.536182] 001697 000001
[host_monotonic_s=133831.538593] 001698 000002
[host_monotonic_s=133831.540871] 001699 000003
[host_monotonic_s=133831.543167] 001700 000002
[host_monotonic_s=133831.545548] 001701 000001
[host_monotonic_s=133831.547870] 001703 000002
[host_monotonic_s=133831.550169] 001704 000004
[host_monotonic_s=133831.552982] 001705 000002
[host_monotonic_s=133831.556957] 001706 000002
[host_monotonic_s=133831.560663] 001707 000002
[host_monotonic_s=133831.564634] 001708 000001
[host_monotonic_s=133831.568307] 001709 000006
[host_monotonic_s=133831.571945] 001710 000006
[host_monotonic_s=133831.574751] 001711 000001
[host_monotonic_s=133831.577141] 001712 000007
[host_monotonic_s=133831.579511] 001713 000001
[host_monotonic_s=133831.581866] 001714 000004
[host_monotonic_s=133831.584336] 001715 000005
[host_monotonic_s=133831.586739] 001716 000008
[host_monotonic_s=133831.589466] 001717 000003
[host_monotonic_s=133831.591940] 001718 000005
[host_monotonic_s=133831.594540] 001719 000003
[host_monotonic_s=133831.596841] 001720 000006
[host_monotonic_s=133831.599128] 001721 000003
[host_monotonic_s=133831.601403] 001722 000003
[host_monotonic_s=133831.603674] 001723 000005
[host_monotonic_s=133831.606065] 001724 000001
[host_monotonic_s=133831.608382] 001725 000008
[host_monotonic_s=133831.610674] 001726 000006
[host_monotonic_s=133831.612998] 001727 000004
[host_monotonic_s=133831.615380] 001728 000004
[host_monotonic_s=133831.617762] 001729 000003
[host_monotonic_s=133831.620023] 001730 000005
[host_monotonic_s=133831.622308] 001731 000004
[host_monotonic_s=133831.624865] 001732 000003
[host_monotonic_s=133831.627202] 001733 000002
[host_monotonic_s=133831.629492] 001734 000002
[host_monotonic_s=133831.631773] 001735 000001
[host_monotonic_s=133831.634138] 001736 000006
[host_monotonic_s=133831.636593] 001737 000005
[host_monotonic_s=133831.638938] 001738 000004
[host_monotonic_s=133831.641235] 001739 000003
[host_monotonic_s=133831.643556] 001740 000001
[host_monotonic_s=133831.646156] 001741 000004
[host_monotonic_s=133831.648644] 001742 000006
[host_monotonic_s=133831.650955] 001743 000005
[host_monotonic_s=133831.653314] 001744 000002
[host_monotonic_s=133831.655933] 001745 000005
[host_monotonic_s=133831.658280] 001746 000002
[host_monotonic_s=133831.660568] 001747 000002
[host_monotonic_s=133831.662878] 001748 000005
[host_monotonic_s=133831.665333] 001749 000002
[host_monotonic_s=133831.667672] 001750 000003
[host_monotonic_s=133831.669995] 001752 000005
[host_monotonic_s=133831.672391] 001753 000003
[host_monotonic_s=133831.675156] 001754 000003
[host_monotonic_s=133831.677791] 001755 000005
[host_monotonic_s=133831.680171] 001756 000004
[host_monotonic_s=133831.682554] 001757 000004
[host_monotonic_s=133831.685154] 001758 000003
[host_monotonic_s=133831.687461] 001759 000004
[host_monotonic_s=133831.689793] 001760 000002
[host_monotonic_s=133831.692041] 001761 000006
[host_monotonic_s=133831.694827] 001762 000003
[host_monotonic_s=133831.697139] 001763 000002
[host_monotonic_s=133831.699491] 001764 000004
[host_monotonic_s=133831.701750] 001765 000003
[host_monotonic_s=133831.704166] 001766 000001
[host_monotonic_s=133831.706895] 001767 000006
[host_monotonic_s=133831.709286] 001768 000003
[host_monotonic_s=133831.711681] 001769 000004
[host_monotonic_s=133831.714084] 001770 000006
[host_monotonic_s=133831.717354] 001771 000010
[host_monotonic_s=133831.719776] 001772 000008
[host_monotonic_s=133831.722185] 001773 000009
[host_monotonic_s=133831.724889] 001774 000007
[host_monotonic_s=133831.727326] 001775 000004
[host_monotonic_s=133831.729644] 001776 000013
[host_monotonic_s=133831.732034] 001777 000008
[host_monotonic_s=133831.734505] 001778 000007
[host_monotonic_s=133831.737160] 001779 000010
[host_monotonic_s=133832.038475] 001780 000013
[host_monotonic_s=133832.038491] 001781 000012
[host_monotonic_s=133832.038495] 001782 000009
[host_monotonic_s=133832.038497] 001783 000009
[host_monotonic_s=133832.038499] 001784 000009
[host_monotonic_s=133832.038502] 001785 000005
[host_monotonic_s=133832.038504] 001786 000005
[host_monotonic_s=133832.038506] 001787 000011
[host_monotonic_s=133832.038508] 001788 000003
[host_monotonic_s=133832.038510] 001789 000012
[host_monotonic_s=133832.038512] 001790 000012
[host_monotonic_s=133832.038514] 001791 000009
[host_monotonic_s=133832.038516] 001792 000006
[host_monotonic_s=133832.038518] 001793 000009
[host_monotonic_s=133832.038520] 001794 000006
[host_monotonic_s=133832.038522] 001795 000003
[host_monotonic_s=133832.038523] 001796 000009
[host_monotonic_s=133832.038525] 001797 000002
[host_monotonic_s=133832.041835] 001798 000005
[host_monotonic_s=133832.046214] 001799 000008
[host_monotonic_s=133832.048537] 001800 000007
[host_monotonic_s=133832.050786] 001801 000006
[host_monotonic_s=133832.053036] 001802 000006
[host_monotonic_s=133832.055462] 001803 000005
[host_monotonic_s=133832.057990] 001804 000004
[host_monotonic_s=133832.060280] 001805 000003
[host_monotonic_s=133832.062539] 001806 000007
[host_monotonic_s=133832.064898] 001807 000009
[host_monotonic_s=133832.067543] 001808 000006
[host_monotonic_s=133832.069824] 001809 000004
[host_monotonic_s=133832.072189] 001810 000001
[host_monotonic_s=133832.074626] 001811 000002
[host_monotonic_s=133832.077075] 001812 000003
[host_monotonic_s=133832.079520] 001813 000002
[host_monotonic_s=133832.081913] 001814 000004
[host_monotonic_s=133832.084655] 001815 000003
[host_monotonic_s=133832.086982] 001816 000005
[host_monotonic_s=133832.089246] 001818 000004
[host_monotonic_s=133832.091537] 001819 000001
[host_monotonic_s=133837.637851] 001820 000003
[host_monotonic_s=133837.637865] 001821 000004
[host_monotonic_s=133837.637869] 001822 000004
[host_monotonic_s=133837.637871] 001823 000003
[host_monotonic_s=133837.637873] 001824 000003
[host_monotonic_s=133837.637875] 001825 000003
[host_monotonic_s=133837.637877] 001826 000003
[host_monotonic_s=133837.637879] 001827 000009
[host_monotonic_s=133837.637881] 001828 000001
[host_monotonic_s=133837.637882] 001829 000002
[host_monotonic_s=133837.637884] 001830 000003
[host_monotonic_s=133837.637886] 001831 000004
[host_monotonic_s=133837.637888] 001832 000005
[host_monotonic_s=133837.637890] 001833 000003
[host_monotonic_s=133837.637892] 001834 000002
[host_monotonic_s=133837.637893] 001835 000003
[host_monotonic_s=133837.637895] 001836 000001
[host_monotonic_s=133837.637897] 001837 000004
[host_monotonic_s=133837.637899] 001838 000006
[host_monotonic_s=133837.645969] 001839 000004
[host_monotonic_s=133837.648243] 001840 000006
[host_monotonic_s=133837.650509] 001841 000006
[host_monotonic_s=133837.652743] 001842 000006
[host_monotonic_s=133837.655133] 001843 000004
[host_monotonic_s=133837.657471] 001844 000008
[host_monotonic_s=133837.659710] 001845 000004
[host_monotonic_s=133837.661999] 001846 000003
[host_monotonic_s=133837.664349] 001847 000007
[host_monotonic_s=133837.666652] 001848 000005
[host_monotonic_s=133837.668947] 001849 000003
[host_monotonic_s=133837.671197] 001850 000001
[host_monotonic_s=133837.673459] 001851 000001
[host_monotonic_s=133837.675776] 001852 000005
[host_monotonic_s=133837.678064] 001853 000003
[host_monotonic_s=133837.680309] 001854 000003
[host_monotonic_s=133837.682549] 001855 000004
[host_monotonic_s=133837.684891] 001856 000003
[host_monotonic_s=133837.687150] 001857 000005
[host_monotonic_s=133837.689419] 001858 000003
[host_monotonic_s=133837.691659] 001859 000004
[host_monotonic_s=133837.693939] 001860 000002
[host_monotonic_s=133837.696530] 001861 000002
[host_monotonic_s=133837.698807] 001862 000003
[host_monotonic_s=133837.701055] 001863 000003
[host_monotonic_s=133837.703313] 001864 000003
[host_monotonic_s=133837.705716] 001865 000005
[host_monotonic_s=133837.708076] 001866 000003
[host_monotonic_s=133837.710368] 001867 000004
[host_monotonic_s=133837.712626] 001868 000002
[host_monotonic_s=133837.715095] 001869 000001
[host_monotonic_s=133837.717517] 001870 000005
[host_monotonic_s=133837.719905] 001871 000003
[host_monotonic_s=133837.722282] 001872 000004
[host_monotonic_s=133837.724908] 001873 000003
[host_monotonic_s=133837.727173] 001874 000007
[host_monotonic_s=133837.729427] 001875 000003
[host_monotonic_s=133837.731760] 001876 000003
[host_monotonic_s=133837.734030] 001877 000001
[host_monotonic_s=133837.736427] 001878 000004
[host_monotonic_s=133837.738749] 001879 000005
[host_monotonic_s=133837.741154] 001880 000003
[host_monotonic_s=133837.743489] 001881 000002
[host_monotonic_s=133837.746108] 001882 000003
[host_monotonic_s=133837.748445] 001883 000001
[host_monotonic_s=133837.750736] 001886 000001
[host_monotonic_s=133837.753107] 001887 000002
[host_monotonic_s=133837.755727] 001888 000003
[host_monotonic_s=133837.758038] 001890 000002
[host_monotonic_s=133837.760369] 001891 000002
[host_monotonic_s=133837.762678] 001894 000002
[host_monotonic_s=133837.765297] 001895 000001
[host_monotonic_s=133837.767654] 001896 000002
[host_monotonic_s=133837.769947] 001897 000004
[host_monotonic_s=133837.772269] 001898 000003
[host_monotonic_s=133837.774728] 001900 000004
[host_monotonic_s=133837.777078] 001901 000001
[host_monotonic_s=133837.779414] 001903 000001
[host_monotonic_s=133837.781779] 001905 000001
[host_monotonic_s=133837.784082] 001906 000001
[host_monotonic_s=133837.786708] 001907 000001
[host_monotonic_s=133837.789098] 001908 000001
[host_monotonic_s=133837.791422] 001909 000002
[host_monotonic_s=133837.793765] 001911 000003
[host_monotonic_s=133837.796533] 001912 000001
[host_monotonic_s=133837.798945] 001913 000001
[host_monotonic_s=133837.801386] 001914 000004
[host_monotonic_s=133837.803779] 001915 000002
[host_monotonic_s=133837.806505] 001916 000003
[host_monotonic_s=133837.808895] 001918 000001
[host_monotonic_s=133837.811296] 001919 000001
[host_monotonic_s=133837.813719] 001920 000002
[host_monotonic_s=133837.816197] 001921 000002
[host_monotonic_s=133837.818636] 001922 000001
[host_monotonic_s=133837.820935] 001923 000001
[host_monotonic_s=133837.823281] 001924 000001
[host_monotonic_s=133837.825680] 001926 000002
[host_monotonic_s=133837.828090] 001927 000001
[host_monotonic_s=133837.830382] 001928 000003
[host_monotonic_s=133837.832621] 001929 000004
[host_monotonic_s=133837.834952] 001931 000001
[host_monotonic_s=133837.837323] 001932 000001
[host_monotonic_s=133837.839627] 001934 000002
[host_monotonic_s=133837.841911] 001935 000002
[host_monotonic_s=133837.844595] 001936 000002
[host_monotonic_s=133837.846906] 001937 000004
[host_monotonic_s=133837.849176] 001938 000001
[host_monotonic_s=133837.851429] 001939 000001
[host_monotonic_s=133837.853758] 001940 000002
[host_monotonic_s=133837.856162] 001941 000001
[host_monotonic_s=133837.858518] 001942 000002
[host_monotonic_s=133837.860942] 001943 000001
[host_monotonic_s=133837.863311] 001945 000001
[host_monotonic_s=133837.865954] 001946 000004
[host_monotonic_s=133837.868407] 001947 000002
[host_monotonic_s=133837.870804] 001949 000003
[host_monotonic_s=133837.873206] 001950 000002
[host_monotonic_s=133837.875887] 001951 000004
[host_monotonic_s=133837.878317] 001952 000002
[host_monotonic_s=133837.880610] 001953 000001
[host_monotonic_s=133837.882879] 001955 000001
[host_monotonic_s=133837.885252] 001956 000002
[host_monotonic_s=133837.887600] 001958 000001
[host_monotonic_s=133838.188175] 001960 000002
[host_monotonic_s=133838.188185] 001961 000001
[host_monotonic_s=133838.188187] 001962 000002
[host_monotonic_s=133838.188189] 001963 000002
[host_monotonic_s=133838.188190] 001964 000001
[host_monotonic_s=133838.188192] 001965 000001
[host_monotonic_s=133838.188193] 001966 000001
[host_monotonic_s=133838.188194] 001967 000002
[host_monotonic_s=133838.188195] 001968 000001
[host_monotonic_s=133838.188197] 001969 000002
[host_monotonic_s=133838.188198] 001970 000003
[host_monotonic_s=133838.188199] 001971 000001
[host_monotonic_s=133838.188200] 001973 000003
[host_monotonic_s=133838.188202] 001974 000001
[host_monotonic_s=133838.188203] 001976 000003
[host_monotonic_s=133838.188204] 001977 000002
[host_monotonic_s=133838.188205] 001978 000003
[host_monotonic_s=133838.188206] 001979 000001
[host_monotonic_s=133838.192650] 001980 000004
[host_monotonic_s=133838.197605] 001982 000001
[host_monotonic_s=133838.199874] 001983 000003
[host_monotonic_s=133838.202151] 001984 000002
[host_monotonic_s=133838.204715] 001985 000001
[host_monotonic_s=133838.207324] 001986 000003
[host_monotonic_s=133838.209706] 001987 000004
[host_monotonic_s=133838.212146] 001988 000003
[host_monotonic_s=133838.214946] 001990 000001
[host_monotonic_s=133838.217485] 001991 000001
[host_monotonic_s=133838.219957] 001997 000001
[host_monotonic_s=133838.222290] 001998 000003
[host_monotonic_s=133838.224722] 002000 000001
[host_monotonic_s=133838.227149] 002002 000001
[host_monotonic_s=133838.229635] 002004 000002
[host_monotonic_s=133838.232048] 002005 000001
[host_monotonic_s=133838.234799] 002006 000002
[host_monotonic_s=133838.237304] 002007 000001
[host_monotonic_s=133838.239769] 002009 000001
[host_monotonic_s=133838.242100] 002010 000002
[host_monotonic_s=133838.244506] 002011 000002
[host_monotonic_s=133838.246930] 002012 000002
[host_monotonic_s=133838.249432] 002013 000001
[host_monotonic_s=133838.251818] 002015 000001
[host_monotonic_s=133838.254553] 002016 000001
[host_monotonic_s=133838.257004] 002017 000001
[host_monotonic_s=133838.259387] 002019 000003
[host_monotonic_s=133838.261772] 002020 000004
[host_monotonic_s=133838.264121] 002021 000003
[host_monotonic_s=133838.266507] 002024 000002
[host_monotonic_s=133838.268813] 002026 000004
[host_monotonic_s=133838.271267] 002027 000001
[host_monotonic_s=133838.273691] 002028 000003
[host_monotonic_s=133838.276406] 002029 000001
[host_monotonic_s=133838.278803] 002030 000006
[host_monotonic_s=133838.281228] 002031 000002
[host_monotonic_s=133838.283842] 002032 000001
[host_monotonic_s=133838.286581] 002033 000001
[host_monotonic_s=133838.289066] 002034 000002
[host_monotonic_s=133838.291560] 002035 000001
[host_monotonic_s=133838.294012] 002036 000002
[host_monotonic_s=133838.296653] 002037 000002
[host_monotonic_s=133838.298917] 002038 000003
[host_monotonic_s=133838.301174] 002039 000001
[host_monotonic_s=133838.303445] 002040 000001
[host_monotonic_s=133838.306053] 002041 000002
[host_monotonic_s=133838.308243] 002042 000002
[host_monotonic_s=133838.310537] 002043 000001
[host_monotonic_s=133838.312768] 002044 000001
[host_monotonic_s=133838.315123] 002045 000001
[host_monotonic_s=133838.317349] 002047 000001
[host_monotonic_s=133838.319992] 002048 000001
[host_monotonic_s=133838.322292] 002049 000001
[host_monotonic_s=133838.324553] 002050 000002
[host_monotonic_s=133838.326807] 002052 000002
[host_monotonic_s=133838.329013] 002053 000002
[host_monotonic_s=133838.331295] 002054 000001
[host_monotonic_s=133838.333619] 002057 000001
[host_monotonic_s=133838.335860] 002058 000001
[host_monotonic_s=133838.338344] 002059 000001
[host_monotonic_s=133838.340522] 002060 000002
[host_monotonic_s=133838.342864] 002063 000002
[host_monotonic_s=133838.345327] 002064 000001
[host_monotonic_s=133838.347833] 002065 000003
[host_monotonic_s=133838.350357] 002066 000003
[host_monotonic_s=133838.352805] 002067 000001
[host_monotonic_s=133838.355345] 002068 000001
[host_monotonic_s=133838.357786] 002069 000001
[host_monotonic_s=133838.360174] 002070 000001
[host_monotonic_s=133838.362570] 002071 000001
[host_monotonic_s=133838.365270] 002073 000001
[host_monotonic_s=133838.367552] 002074 000002
[host_monotonic_s=133838.369901] 002075 000003
[host_monotonic_s=133838.372448] 002076 000001
[host_monotonic_s=133838.374952] 002077 000002
[host_monotonic_s=133838.377395] 002078 000001
[host_monotonic_s=133838.379772] 002081 000001
[host_monotonic_s=133838.382152] 002083 000002
[host_monotonic_s=133838.384724] 002084 000001
[host_monotonic_s=133838.387215] 002085 000002
[host_monotonic_s=133838.389658] 002086 000001
[host_monotonic_s=133838.392074] 002088 000001
[host_monotonic_s=133838.394852] 002089 000001
[host_monotonic_s=133838.397308] 002090 000001
[host_monotonic_s=133838.399696] 002091 000003
[host_monotonic_s=133838.402124] 002093 000001
[host_monotonic_s=133838.404670] 002094 000002
[host_monotonic_s=133838.407055] 002095 000001
[host_monotonic_s=133838.409412] 002100 000001
[host_monotonic_s=133838.411736] 002101 000001
[host_monotonic_s=133838.414019] 002102 000002
[host_monotonic_s=133838.416644] 002103 000002
[host_monotonic_s=133838.418987] 002105 000002
[host_monotonic_s=133838.421316] 002108 000001
[host_monotonic_s=133838.423591] 002109 000001
[host_monotonic_s=133838.425948] 002112 000001
[host_monotonic_s=133838.428257] 002113 000001
[host_monotonic_s=133838.430560] 002114 000001
[host_monotonic_s=133838.432934] 002115 000001
[host_monotonic_s=133838.435629] 002116 000001
[host_monotonic_s=133838.738705] 002119 000001
[host_monotonic_s=133838.738720] 002123 000001
[host_monotonic_s=133838.738723] 002137 000002
[host_monotonic_s=133838.738726] 002139 000002
[host_monotonic_s=133838.738728] 002142 000001
[host_monotonic_s=133838.738730] 002145 000001
[host_monotonic_s=133838.738732] 002151 000001
[host_monotonic_s=133838.738734] 002152 000002
[host_monotonic_s=133838.738736] 002157 000001
[host_monotonic_s=133838.738738] 002159 000001
[host_monotonic_s=133838.738741] 002161 000001
[host_monotonic_s=133838.738743] 002163 000003
[host_monotonic_s=133838.738745] 002164 000001
[host_monotonic_s=133838.738746] 002167 000001
[host_monotonic_s=133838.738748] 002169 000001
[host_monotonic_s=133838.738750] 002172 000002
[host_monotonic_s=133838.738752] 002176 000002
[host_monotonic_s=133838.738754] 002194 000001
[host_monotonic_s=133838.738756] 002196 000001
[host_monotonic_s=133838.745076] 002197 000001
[host_monotonic_s=133838.747827] 002203 000001
[host_monotonic_s=133838.750188] 002205 000001
[host_monotonic_s=133838.752433] 002211 000001
[host_monotonic_s=133838.754804] 002212 000001
[host_monotonic_s=133838.757521] 002214 000001
[host_monotonic_s=133838.759914] 002219 000001
[host_monotonic_s=133838.762302] 002221 000001
[host_monotonic_s=133838.765137] 002223 000001
[host_monotonic_s=133838.767457] 002224 000001
[host_monotonic_s=133838.769723] 002225 000002
[host_monotonic_s=133838.772094] 002230 000001
[host_monotonic_s=133838.774588] 002231 000001
[host_monotonic_s=133838.776997] 002232 000001
[host_monotonic_s=133844.273546] 002234 000001
[host_monotonic_s=133844.273557] 002238 000001
[host_monotonic_s=133844.273559] 002245 000001
[host_monotonic_s=133844.273561] 002252 000001
[host_monotonic_s=133844.273563] 002260 000001
[host_monotonic_s=133844.273564] 002265 000001
[host_monotonic_s=133844.273566] 002268 000001
[host_monotonic_s=133844.273567] 002283 000001
[host_monotonic_s=133844.273569] 002285 000001
[host_monotonic_s=133844.273570] 002286 000001
[host_monotonic_s=133844.273572] 002289 000001
[host_monotonic_s=133844.273573] 002297 000001
[host_monotonic_s=133844.273574] 002299 000001
[host_monotonic_s=133844.273576] 002302 000001
[host_monotonic_s=133844.273577] 002307 000001
[host_monotonic_s=133844.273578] 002308 000001
[host_monotonic_s=133844.273579] 002313 000001
[host_monotonic_s=133844.273580] 002318 000001
[host_monotonic_s=133844.273582] 002324 000001
[host_monotonic_s=133844.280172] 002325 000001
[host_monotonic_s=133844.282393] 002334 000002
[host_monotonic_s=133844.284741] 002335 000001
[host_monotonic_s=133844.287004] 002339 000002
[host_monotonic_s=133844.289276] 002355 000001
[host_monotonic_s=133844.291520] 002360 000001
[host_monotonic_s=133844.293813] 002370 000001
[host_monotonic_s=133844.296131] 002372 000001
[host_monotonic_s=133844.298398] 002373 000001
[host_monotonic_s=133844.300628] 002378 000001
[host_monotonic_s=133844.302861] 002380 000001
[host_monotonic_s=133844.305469] 002381 000001
[host_monotonic_s=133844.307692] 002382 000002
[host_monotonic_s=133844.310002] 002387 000001
[host_monotonic_s=133844.312290] 002397 000001
[host_monotonic_s=133844.314651] 002399 000001
[host_monotonic_s=133844.316911] 002400 000001
[host_monotonic_s=133844.319193] 002401 000001
[host_monotonic_s=133844.321459] 002409 000001
[host_monotonic_s=133844.323738] 002413 000001
[host_monotonic_s=133844.326302] 002416 000001
[host_monotonic_s=133844.328595] 002420 000001
[host_monotonic_s=133844.330853] 002421 000001
[host_monotonic_s=133844.333109] 002425 000001
[host_monotonic_s=133844.335619] 002429 000002
[host_monotonic_s=133844.337889] 002435 000001
[host_monotonic_s=133844.340136] 002443 000001
[host_monotonic_s=133844.342367] 002452 000001
[host_monotonic_s=133844.344702] 002453 000002
[host_monotonic_s=133844.346941] 002454 000002
[host_monotonic_s=133844.349242] 002456 000002
[host_monotonic_s=133844.351491] 002458 000001
[host_monotonic_s=133844.353745] 002460 000002
[host_monotonic_s=133844.356083] 002463 000001
[host_monotonic_s=133844.358361] 002472 000001
[host_monotonic_s=133844.360596] 002474 000001
[host_monotonic_s=133844.362830] 002482 000001
[host_monotonic_s=133844.365152] 002483 000001
[host_monotonic_s=133844.367439] 002487 000001
[host_monotonic_s=133844.369735] 002489 000001
[host_monotonic_s=133844.371973] 002492 000002
[host_monotonic_s=133844.374644] 002499 000001
[host_monotonic_s=133844.377221] 002508 000001
[host_monotonic_s=133844.379479] 002510 000001
[host_monotonic_s=133844.381723] 002512 000001
[host_monotonic_s=133844.384025] 002513 000001
[host_monotonic_s=133844.386637] 002516 000001
[host_monotonic_s=133844.388961] 002519 000001
[host_monotonic_s=133844.391258] 002520 000001
[host_monotonic_s=133844.393603] 002528 000001
[host_monotonic_s=133844.395929] 002532 000003
[host_monotonic_s=133844.398223] 002533 000001
[host_monotonic_s=133844.400529] 002534 000001
[host_monotonic_s=133844.402789] 002535 000001
[host_monotonic_s=133844.405394] 002540 000002
[host_monotonic_s=133844.407744] 002542 000001
[host_monotonic_s=133844.410048] 002551 000001
[host_monotonic_s=133844.412301] 002552 000001
[host_monotonic_s=133844.414643] 002554 000001
[host_monotonic_s=133844.416939] 002555 000001
[host_monotonic_s=133844.419195] 002556 000002
[host_monotonic_s=133844.421442] 002557 000001
[host_monotonic_s=133844.423730] 002560 000002
[host_monotonic_s=133844.426050] 002561 000001
[host_monotonic_s=133844.428303] 002562 000001
[host_monotonic_s=133844.430554] 002563 000001
[host_monotonic_s=133844.432802] 002565 000001
[host_monotonic_s=133844.435220] 002568 000001
[host_monotonic_s=133844.437512] 002569 000001
[host_monotonic_s=133844.439787] 002571 000001
[host_monotonic_s=133844.442029] 002573 000001
[host_monotonic_s=133844.444353] 002574 000001
[host_monotonic_s=133844.446622] 002579 000002
[host_monotonic_s=133844.448908] 002580 000001
[host_monotonic_s=133844.451186] 002581 000001
[host_monotonic_s=133844.453461] 002583 000003
[host_monotonic_s=133844.455788] 002596 000001
[host_monotonic_s=133844.458058] 002600 000001
[host_monotonic_s=133844.460337] 002601 000001
[host_monotonic_s=133844.462597] 002602 000001
[host_monotonic_s=133844.464938] 002605 000001
[host_monotonic_s=133844.467312] 002608 000002
[host_monotonic_s=133844.469601] 002610 000001
[host_monotonic_s=133844.471895] 002611 000001
[host_monotonic_s=133844.474311] 002614 000001
[host_monotonic_s=133844.476692] 002615 000001
[host_monotonic_s=133844.478991] 002616 000001
[host_monotonic_s=133844.481283] 002617 000001
[host_monotonic_s=133844.483621] 002626 000001
[host_monotonic_s=133844.485981] 002630 000001
[host_monotonic_s=133844.488312] 002632 000001
[host_monotonic_s=133844.490602] 002633 000001
[host_monotonic_s=133844.492947] 002634 000001
[host_monotonic_s=133844.495311] 002638 000001
[host_monotonic_s=133844.497639] 002639 000001
[host_monotonic_s=133844.499913] 002640 000002
[host_monotonic_s=133844.502184] 002641 000001
[host_monotonic_s=133844.504825] 002643 000002
[host_monotonic_s=133844.507127] 002644 000002
[host_monotonic_s=133844.509409] 002645 000001
[host_monotonic_s=133844.511677] 002646 000002
[host_monotonic_s=133844.513947] 002648 000005
[host_monotonic_s=133844.516559] 002649 000001
[host_monotonic_s=133844.518816] 002650 000002
[host_monotonic_s=133844.521110] 002651 000002
[host_monotonic_s=133844.523415] 002652 000002
[host_monotonic_s=133844.824072] 002653 000001
[host_monotonic_s=133844.824089] 002655 000003
[host_monotonic_s=133844.824092] 002658 000001
[host_monotonic_s=133844.824095] 002660 000001
[host_monotonic_s=133844.824097] 002662 000003
[host_monotonic_s=133844.824099] 002663 000001
[host_monotonic_s=133844.824101] 002664 000001
[host_monotonic_s=133844.824103] 002665 000001
[host_monotonic_s=133844.824105] 002666 000003
[host_monotonic_s=133844.824107] 002671 000002
[host_monotonic_s=133844.824110] 002672 000004
[host_monotonic_s=133844.824112] 002673 000002
[host_monotonic_s=133844.824114] 002674 000001
[host_monotonic_s=133844.824116] 002675 000001
[host_monotonic_s=133844.824117] 002676 000002
[host_monotonic_s=133844.824119] 002677 000002
[host_monotonic_s=133844.824121] 002678 000003
[host_monotonic_s=133844.824123] 002679 000001
[host_monotonic_s=133844.829713] 002680 000003
[host_monotonic_s=133844.831912] 002681 000001
[host_monotonic_s=133844.834165] 002683 000005
[host_monotonic_s=133844.836745] 002684 000002
[host_monotonic_s=133844.839051] 002685 000001
[host_monotonic_s=133844.841305] 002686 000003
[host_monotonic_s=133844.843564] 002687 000003
[host_monotonic_s=133844.846051] 002688 000002
[host_monotonic_s=133844.848334] 002689 000004
[host_monotonic_s=133844.850592] 002690 000002
[host_monotonic_s=133844.852847] 002691 000002
[host_monotonic_s=133844.855224] 002692 000003
[host_monotonic_s=133844.857634] 002693 000004
[host_monotonic_s=133844.859878] 002694 000005
[host_monotonic_s=133844.862126] 002696 000004
[host_monotonic_s=133844.864628] 002697 000005
[host_monotonic_s=133844.866906] 002698 000003
[host_monotonic_s=133844.869204] 002699 000001
[host_monotonic_s=133844.871448] 002700 000003
[host_monotonic_s=133844.873766] 002701 000002
[host_monotonic_s=133844.876292] 002702 000002
[host_monotonic_s=133844.878590] 002703 000003
[host_monotonic_s=133844.880836] 002704 000002
[host_monotonic_s=133844.883135] 002705 000002
[host_monotonic_s=133844.885473] 002706 000005
[host_monotonic_s=133844.887765] 002710 000002
[host_monotonic_s=133844.890119] 002711 000002
[host_monotonic_s=133844.892372] 002712 000002
[host_monotonic_s=133844.894886] 002713 000004
[host_monotonic_s=133844.897162] 002714 000002
[host_monotonic_s=133844.899457] 002715 000003
[host_monotonic_s=133844.901900] 002716 000004
[host_monotonic_s=133844.904289] 002719 000002
[host_monotonic_s=133844.906761] 002720 000002
[host_monotonic_s=133844.909060] 002721 000002
[host_monotonic_s=133844.911291] 002722 000001
[host_monotonic_s=133844.913533] 002723 000002
[host_monotonic_s=133844.916017] 002724 000003
[host_monotonic_s=133844.918286] 002725 000003
[host_monotonic_s=133844.920551] 002726 000004
[host_monotonic_s=133844.922911] 002728 000001
[host_monotonic_s=133844.925309] 002729 000001
[host_monotonic_s=133844.927688] 002730 000003
[host_monotonic_s=133844.929973] 002731 000001
[host_monotonic_s=133844.932274] 002732 000003
[host_monotonic_s=133844.934833] 002735 000001
[host_monotonic_s=133844.937140] 002736 000002
[host_monotonic_s=133844.939401] 002737 000001
[host_monotonic_s=133844.941660] 002738 000003
[host_monotonic_s=133844.943925] 002739 000003
[host_monotonic_s=133844.946275] 002740 000007
[host_monotonic_s=133844.948550] 002741 000005
[host_monotonic_s=133844.950812] 002742 000002
[host_monotonic_s=133844.953051] 002743 000005
[host_monotonic_s=133844.955442] 002744 000001
[host_monotonic_s=133844.957756] 002745 000002
[host_monotonic_s=133844.960003] 002746 000005
[host_monotonic_s=133844.962246] 002747 000005
[host_monotonic_s=133844.964600] 002748 000004
[host_monotonic_s=133844.966912] 002749 000005
[host_monotonic_s=133844.969177] 002750 000002
[host_monotonic_s=133844.971461] 002751 000004
[host_monotonic_s=133844.973722] 002752 000003
[host_monotonic_s=133844.976054] 002753 000003
[host_monotonic_s=133844.978299] 002754 000004
[host_monotonic_s=133844.980557] 002755 000003
[host_monotonic_s=133844.982811] 002756 000002
[host_monotonic_s=133844.985167] 002757 000004
[host_monotonic_s=133844.987447] 002758 000003
[host_monotonic_s=133844.989750] 002760 000002
[host_monotonic_s=133844.991998] 002761 000001
[host_monotonic_s=133844.994307] 002762 000001
[host_monotonic_s=133844.996628] 002763 000002
[host_monotonic_s=133844.998887] 002764 000002
[host_monotonic_s=133845.001118] 002765 000003
[host_monotonic_s=133845.003475] 002766 000004
[host_monotonic_s=133845.006053] 002767 000002
[host_monotonic_s=133845.008501] 002769 000002
[host_monotonic_s=133845.010778] 002771 000002
[host_monotonic_s=133845.013100] 002772 000001
[host_monotonic_s=133845.015715] 002773 000001
[host_monotonic_s=133845.018047] 002774 000002
[host_monotonic_s=133845.020335] 002775 000002
[host_monotonic_s=133845.022772] 002776 000004
[host_monotonic_s=133845.025910] 002778 000002
[host_monotonic_s=133845.028682] 002780 000001
[host_monotonic_s=133845.030939] 002781 000001
[host_monotonic_s=133845.033238] 002782 000004
[host_monotonic_s=133845.036093] 002783 000001
[host_monotonic_s=133845.038413] 002784 000002
[host_monotonic_s=133845.040874] 002785 000001
[host_monotonic_s=133845.044059] 002787 000004
[host_monotonic_s=133845.046437] 002788 000004
[host_monotonic_s=133845.048735] 002789 000001
[host_monotonic_s=133845.050980] 002790 000001
[host_monotonic_s=133845.053258] 002791 000003
[host_monotonic_s=133845.055926] 002792 000001
[host_monotonic_s=133845.058219] 002793 000003
[host_monotonic_s=133845.060498] 002794 000001
[host_monotonic_s=133845.062773] 002795 000003
[host_monotonic_s=133845.065150] 002796 000001
[host_monotonic_s=133845.067465] 002797 000003
[host_monotonic_s=133845.069746] 002799 000001
[host_monotonic_s=133845.376421] 002800 000003
[host_monotonic_s=133845.376438] 002801 000002
[host_monotonic_s=133845.376441] 002802 000001
[host_monotonic_s=133845.376444] 002803 000004
[host_monotonic_s=133845.376446] 002804 000001
[host_monotonic_s=133845.376448] 002805 000001
[host_monotonic_s=133845.376450] 002806 000005
[host_monotonic_s=133845.376452] 002807 000002
[host_monotonic_s=133845.376454] 002808 000003
[host_monotonic_s=133845.376456] 002809 000003
[host_monotonic_s=133845.376458] 002810 000006
[host_monotonic_s=133845.376460] 002811 000003
[host_monotonic_s=133845.376462] 002812 000002
[host_monotonic_s=133845.376465] 002813 000003
[host_monotonic_s=133845.376466] 002814 000002
[host_monotonic_s=133845.376468] 002815 000004
[host_monotonic_s=133845.376470] 002816 000002
[host_monotonic_s=133845.376472] 002817 000002
[host_monotonic_s=133845.382064] 002818 000003
[host_monotonic_s=133845.385213] 002819 000004
[host_monotonic_s=133845.387688] 002820 000002
[host_monotonic_s=133845.390033] 002821 000002
[host_monotonic_s=133845.392434] 002822 000002
[host_monotonic_s=133845.394943] 002823 000004
[host_monotonic_s=133845.397396] 002824 000005
[host_monotonic_s=133845.399770] 002825 000001
[host_monotonic_s=133845.402162] 002826 000002
[host_monotonic_s=133850.869823] 002827 000002
[host_monotonic_s=133850.869838] 002828 000004
[host_monotonic_s=133850.869841] 002829 000002
[host_monotonic_s=133850.869843] 002830 000003
[host_monotonic_s=133850.869845] 002831 000001
[host_monotonic_s=133850.869847] 002832 000003
[host_monotonic_s=133850.869849] 002833 000004
[host_monotonic_s=133850.869851] 002834 000004
[host_monotonic_s=133850.869853] 002835 000001
[host_monotonic_s=133850.869855] 002836 000002
[host_monotonic_s=133850.869857] 002837 000003
[host_monotonic_s=133850.869859] 002838 000005
[host_monotonic_s=133850.869861] 002839 000001
[host_monotonic_s=133850.869862] 002840 000004
[host_monotonic_s=133850.869864] 002841 000004
[host_monotonic_s=133850.869865] 002842 000008
[host_monotonic_s=133850.869867] 002843 000004
[host_monotonic_s=133850.869868] 002844 000005
[host_monotonic_s=133850.869871] 002845 000003
[host_monotonic_s=133850.877119] 002846 000001
[host_monotonic_s=133850.879728] 002847 000004
[host_monotonic_s=133850.882133] 002848 000002
[host_monotonic_s=133850.884773] 002849 000003
[host_monotonic_s=133850.887143] 002850 000004
[host_monotonic_s=133850.889414] 002851 000004
[host_monotonic_s=133850.891678] 002852 000001
[host_monotonic_s=133850.893961] 002853 000005
[host_monotonic_s=133850.896316] 002854 000005
[host_monotonic_s=133850.898600] 002855 000003
[host_monotonic_s=133850.900867] 002856 000002
[host_monotonic_s=133850.903265] 002857 000010
[host_monotonic_s=133850.905833] 002858 000001
[host_monotonic_s=133850.908127] 002859 000001
[host_monotonic_s=133850.910405] 002860 000006
[host_monotonic_s=133850.912667] 002861 000006
[host_monotonic_s=133850.915084] 002862 000002
[host_monotonic_s=133850.917414] 002863 000004
[host_monotonic_s=133850.919724] 002864 000004
[host_monotonic_s=133850.921970] 002865 000007
[host_monotonic_s=133850.924625] 002866 000004
[host_monotonic_s=133850.926965] 002867 000005
[host_monotonic_s=133850.929276] 002868 000001
[host_monotonic_s=133850.931610] 002869 000003
[host_monotonic_s=133850.933891] 002870 000009
[host_monotonic_s=133850.936394] 002871 000005
[host_monotonic_s=133850.938717] 002872 000001
[host_monotonic_s=133850.940994] 002873 000001
[host_monotonic_s=133850.943353] 002874 000003
[host_monotonic_s=133850.945707] 002875 000001
[host_monotonic_s=133850.948068] 002877 000002
[host_monotonic_s=133850.950332] 002878 000001
[host_monotonic_s=133850.953151] 002880 000001
[host_monotonic_s=133850.955513] 002881 000004
[host_monotonic_s=133850.957938] 002882 000003
[host_monotonic_s=133850.960519] 002883 000001
[host_monotonic_s=133850.963016] 002884 000003
[host_monotonic_s=133850.965675] 002885 000002
[host_monotonic_s=133850.968468] 002886 000002
[host_monotonic_s=133850.971030] 002887 000001
[host_monotonic_s=133850.973652] 002888 000001
[host_monotonic_s=133850.976508] 002889 000002
[host_monotonic_s=133850.979080] 002890 000002
[host_monotonic_s=133850.981715] 002891 000003
[host_monotonic_s=133850.984671] 002892 000001
[host_monotonic_s=133850.987299] 002893 000002
[host_monotonic_s=133850.989759] 002894 000002
[host_monotonic_s=133850.992301] 002896 000001
[host_monotonic_s=133850.994939] 002899 000003
[host_monotonic_s=133850.997555] 002900 000001
[host_monotonic_s=133851.000067] 002901 000001
[host_monotonic_s=133851.002378] 002902 000001
[host_monotonic_s=133851.005012] 002904 000001
[host_monotonic_s=133851.007345] 002906 000001
[host_monotonic_s=133851.009596] 002907 000001
[host_monotonic_s=133851.011858] 002910 000001
[host_monotonic_s=133851.014239] 002912 000001
[host_monotonic_s=133851.016671] 002913 000001
[host_monotonic_s=133851.018972] 002914 000002
[host_monotonic_s=133851.021300] 002918 000001
[host_monotonic_s=133851.023620] 002921 000002
[host_monotonic_s=133851.026171] 002922 000001
[host_monotonic_s=133851.028483] 002923 000001
[host_monotonic_s=133851.030826] 002924 000002
[host_monotonic_s=133851.033689] 002928 000001
[host_monotonic_s=133851.036338] 002929 000001
[host_monotonic_s=133851.038957] 002933 000001
[host_monotonic_s=133851.041575] 002934 000003
[host_monotonic_s=133851.044291] 002936 000001
[host_monotonic_s=133851.047061] 002937 000001
[host_monotonic_s=133851.049649] 002940 000003
[host_monotonic_s=133851.052157] 002944 000003
[host_monotonic_s=133851.055218] 002946 000001
[host_monotonic_s=133851.057814] 002947 000002
[host_monotonic_s=133851.060353] 002950 000001
[host_monotonic_s=133851.062849] 002951 000001
[host_monotonic_s=133851.065435] 002954 000001
[host_monotonic_s=133851.067988] 002955 000001
[host_monotonic_s=133851.070600] 002956 000002
[host_monotonic_s=133851.073282] 002957 000001
[host_monotonic_s=133851.076302] 002958 000001
[host_monotonic_s=133851.078904] 002959 000002
[host_monotonic_s=133851.081399] 002960 000001
[host_monotonic_s=133851.083809] 002961 000003
[host_monotonic_s=133851.086244] 002965 000002
[host_monotonic_s=133851.088707] 002967 000001
[host_monotonic_s=133851.091070] 002969 000001
[host_monotonic_s=133851.093450] 002970 000001
[host_monotonic_s=133851.096190] 002974 000002
[host_monotonic_s=133851.098651] 002975 000001
[host_monotonic_s=133851.101168] 002979 000001
[host_monotonic_s=133851.103511] 002980 000001
[host_monotonic_s=133851.105942] 002981 000002
[host_monotonic_s=133851.108350] 002982 000001
[host_monotonic_s=133851.110705] 002983 000002
[host_monotonic_s=133851.113641] 002984 000001
[host_monotonic_s=133851.116154] 002985 000002
[host_monotonic_s=133851.118576] 002986 000001
[host_monotonic_s=133851.420126] 002987 000001
[host_monotonic_s=133851.420139] 002989 000003
[host_monotonic_s=133851.420142] 002990 000003
[host_monotonic_s=133851.420144] 002996 000001
[host_monotonic_s=133851.420146] 002997 000001
[host_monotonic_s=133851.420148] 002998 000001
[host_monotonic_s=133851.420149] 002999 000001
[host_monotonic_s=133851.420151] 003001 000002
[host_monotonic_s=133851.420153] 003003 000001
[host_monotonic_s=133851.420154] 003005 000002
[host_monotonic_s=133851.420156] 003006 000002
[host_monotonic_s=133851.420158] 003007 000002
[host_monotonic_s=133851.420159] 003008 000002
[host_monotonic_s=133851.420161] 003011 000001
[host_monotonic_s=133851.420163] 003012 000001
[host_monotonic_s=133851.420164] 003013 000003
[host_monotonic_s=133851.420165] 003014 000001
[host_monotonic_s=133851.420167] 003017 000002
[host_monotonic_s=133851.420169] 003018 000003
[host_monotonic_s=133851.427752] 003023 000001
[host_monotonic_s=133851.430058] 003024 000001
[host_monotonic_s=133851.432497] 003026 000001
[host_monotonic_s=133851.434893] 003027 000001
[host_monotonic_s=133851.437216] 003029 000001
[host_monotonic_s=133851.439528] 003031 000001
[host_monotonic_s=133851.441808] 003033 000001
[host_monotonic_s=133851.444119] 003034 000001
[host_monotonic_s=133851.446493] 003036 000002
[host_monotonic_s=133851.448843] 003039 000002
[host_monotonic_s=133851.451132] 003040 000001
[host_monotonic_s=133851.453452] 003042 000001
[host_monotonic_s=133851.455849] 003043 000001
[host_monotonic_s=133851.458142] 003044 000001
[host_monotonic_s=133851.460415] 003052 000001
[host_monotonic_s=133851.462675] 003053 000001
[host_monotonic_s=133851.465317] 003054 000001
[host_monotonic_s=133851.467914] 003056 000002
[host_monotonic_s=133851.470451] 003057 000001
[host_monotonic_s=133851.472991] 003058 000001
[host_monotonic_s=133851.475598] 003059 000003
[host_monotonic_s=133851.478160] 003060 000002
[host_monotonic_s=133851.480637] 003063 000002
[host_monotonic_s=133851.483222] 003064 000001
[host_monotonic_s=133851.485901] 003065 000001
[host_monotonic_s=133851.488447] 003066 000001
[host_monotonic_s=133851.490913] 003068 000001
[host_monotonic_s=133851.493431] 003069 000001
[host_monotonic_s=133851.496272] 003070 000001
[host_monotonic_s=133851.498817] 003072 000001
[host_monotonic_s=133851.501327] 003079 000001
[host_monotonic_s=133851.503880] 003080 000003
[host_monotonic_s=133851.506479] 003081 000001
[host_monotonic_s=133851.508735] 003082 000001
[host_monotonic_s=133851.510968] 003083 000001
[host_monotonic_s=133851.513247] 003086 000001
[host_monotonic_s=133851.515570] 003088 000001
[host_monotonic_s=133851.517846] 003089 000001
[host_monotonic_s=133851.520081] 003094 000001
[host_monotonic_s=133851.522714] 003096 000001
[host_monotonic_s=133851.525550] 003098 000002
[host_monotonic_s=133851.528101] 003101 000001
[host_monotonic_s=133851.530639] 003102 000001
[host_monotonic_s=133851.533199] 003105 000002
[host_monotonic_s=133851.535806] 003107 000001
[host_monotonic_s=133851.538322] 003111 000001
[host_monotonic_s=133851.540851] 003112 000001
[host_monotonic_s=133851.543387] 003114 000001
[host_monotonic_s=133851.546294] 003117 000001
[host_monotonic_s=133851.548858] 003119 000001
[host_monotonic_s=133851.551398] 003120 000001
[host_monotonic_s=133851.553972] 003144 000001
[host_monotonic_s=133851.556556] 003149 000001
[host_monotonic_s=133851.559109] 003158 000002
[host_monotonic_s=133851.561652] 003163 000001
[host_monotonic_s=133851.564187] 003172 000001
[host_monotonic_s=133851.566989] 003174 000001
[host_monotonic_s=133851.569476] 003176 000001
[host_monotonic_s=133851.571990] 003183 000001
[host_monotonic_s=133851.574780] 003185 000001
[host_monotonic_s=133851.577422] 003187 000001
[host_monotonic_s=133851.579797] 003191 000002
[host_monotonic_s=133851.582104] 003194 000001
[host_monotonic_s=133851.584808] 003196 000001
[host_monotonic_s=133851.587408] 003198 000001
[host_monotonic_s=133851.589700] 003203 000001
[host_monotonic_s=133851.591963] 003204 000001
[host_monotonic_s=133851.594548] 003205 000001
[host_monotonic_s=133851.596896] 003208 000001
[host_monotonic_s=133851.599330] 003209 000001
[host_monotonic_s=133851.601729] 003211 000001
[host_monotonic_s=133851.604145] 003225 000001
[host_monotonic_s=133851.606644] 003227 000001
[host_monotonic_s=133851.609064] 003228 000001
[host_monotonic_s=133851.611479] 003248 000001
[host_monotonic_s=133851.613902] 003251 000001
[host_monotonic_s=133851.616409] 003252 000001
[host_monotonic_s=133851.618775] 003272 000001
[host_monotonic_s=133851.621141] 003273 000002
[host_monotonic_s=133851.623614] 003275 000001
[host_monotonic_s=133851.626362] 003278 000001
[host_monotonic_s=133851.628775] 003287 000001
[host_monotonic_s=133851.631172] 003296 000001
[host_monotonic_s=133851.633611] 003300 000001
[host_monotonic_s=133851.636289] 003308 000001
[host_monotonic_s=133851.638721] 003318 000001
[host_monotonic_s=133851.641105] 003319 000002
[host_monotonic_s=133851.643520] 003321 000001
[host_monotonic_s=133851.645882] 003324 000001
[host_monotonic_s=133851.648277] 003335 000001
[host_monotonic_s=133851.650560] 003357 000001
[host_monotonic_s=133851.652858] 003361 000001
[host_monotonic_s=133851.655427] 003425 000001
[host_monotonic_s=133851.657794] 003435 000001
[host_monotonic_s=133851.660086] 003439 000001
[host_monotonic_s=133851.662374] 003448 000001
[host_monotonic_s=133851.664885] 003452 000001
[host_monotonic_s=133851.667335] 003469 000001
[host_monotonic_s=133851.669712] 003490 000001
[host_monotonic_s=133851.970277] 003501 000001
[host_monotonic_s=133851.970288] 003533 000001
[host_monotonic_s=133851.970290] 003536 000001
[host_monotonic_s=133851.970292] 003537 000001
[host_monotonic_s=133851.970294] 003553 000001
[host_monotonic_s=133851.970296] 003561 000002
[host_monotonic_s=133851.970297] 003564 000001
[host_monotonic_s=133851.970299] 003565 000002
[host_monotonic_s=133851.970300] 003569 000001
[host_monotonic_s=133851.970302] 003572 000001
[host_monotonic_s=133851.970303] 003578 000001
[host_monotonic_s=133851.970305] 003579 000002
[host_monotonic_s=133851.970306] 003580 000001
[host_monotonic_s=133851.970308] 003586 000002
[host_monotonic_s=133851.970309] 003593 000001
[host_monotonic_s=133851.970310] 003602 000001
[host_monotonic_s=133851.970311] 003604 000001
[host_monotonic_s=133851.970313] 003605 000002
[host_monotonic_s=133851.973925] 003608 000002
[host_monotonic_s=133851.978127] 003609 000001
[host_monotonic_s=133851.980418] 003611 000001
[host_monotonic_s=133851.982681] 003616 000002
[host_monotonic_s=133851.985042] 003622 000001
[host_monotonic_s=133851.987480] 003624 000001
[host_monotonic_s=133851.989868] 003627 000001
[host_monotonic_s=133851.992257] 003630 000002
[host_monotonic_s=133851.995031] 003631 000001
[host_monotonic_s=133851.997334] 003634 000001
[host_monotonic_s=133851.999681] 003639 000001
[host_monotonic_s=133852.002051] 003643 000001
[host_monotonic_s=133852.004535] 003644 000001
[host_monotonic_s=133852.006960] 003646 000002
[host_monotonic_s=133852.009356] 003649 000001
[host_monotonic_s=133852.011671] 003650 000001
[host_monotonic_s=133852.013986] 003651 000001
[host_monotonic_s=133852.016317] 003653 000001
[host_monotonic_s=133852.018608] 003654 000001
[host_monotonic_s=133852.020828] 003655 000003
[host_monotonic_s=133857.549735] 003656 000002
[host_monotonic_s=133857.549749] 003657 000002
[host_monotonic_s=133857.549752] 003659 000002
[host_monotonic_s=133857.549754] 003661 000002
[host_monotonic_s=133857.549756] 003662 000001
[host_monotonic_s=133857.549758] 003663 000001
[host_monotonic_s=133857.549760] 003664 000003
[host_monotonic_s=133857.549762] 003665 000001
[host_monotonic_s=133857.549764] 003666 000001
[host_monotonic_s=133857.549766] 003667 000003
[host_monotonic_s=133857.549767] 003668 000001
[host_monotonic_s=133857.549769] 003669 000002
[host_monotonic_s=133857.549771] 003670 000004
[host_monotonic_s=133857.549773] 003671 000002
[host_monotonic_s=133857.549775] 003672 000002
[host_monotonic_s=133857.549776] 003673 000004
[host_monotonic_s=133857.549778] 003674 000001
[host_monotonic_s=133857.549779] 003675 000004
[host_monotonic_s=133857.549781] 003676 000002
[host_monotonic_s=133857.556663] 003677 000002
[host_monotonic_s=133857.559049] 003678 000001
[host_monotonic_s=133857.561407] 003679 000003
[host_monotonic_s=133857.563777] 003680 000002
[host_monotonic_s=133857.566437] 003681 000001
[host_monotonic_s=133857.568819] 003682 000003
[host_monotonic_s=133857.571184] 003683 000005
[host_monotonic_s=133857.573568] 003684 000003
[host_monotonic_s=133857.576059] 003685 000001
[host_monotonic_s=133857.578486] 003686 000003
[host_monotonic_s=133857.580844] 003687 000001
[host_monotonic_s=133857.583257] 003688 000001
[host_monotonic_s=133857.585724] 003689 000002
[host_monotonic_s=133857.588118] 003690 000001
[host_monotonic_s=133857.590488] 003691 000002
[host_monotonic_s=133857.592906] 003692 000002
[host_monotonic_s=133857.595467] 003693 000003
[host_monotonic_s=133857.597858] 003694 000003
[host_monotonic_s=133857.600275] 003695 000002
[host_monotonic_s=133857.602665] 003696 000003
[host_monotonic_s=133857.605142] 003697 000002
[host_monotonic_s=133857.607550] 003698 000002
[host_monotonic_s=133857.609933] 003699 000001
[host_monotonic_s=133857.612329] 003700 000001
[host_monotonic_s=133857.614800] 003701 000001
[host_monotonic_s=133857.617189] 003702 000002
[host_monotonic_s=133857.619556] 003704 000001
[host_monotonic_s=133857.621923] 003705 000002
[host_monotonic_s=133857.624389] 003706 000002
[host_monotonic_s=133857.626805] 003707 000003
[host_monotonic_s=133857.629094] 003708 000002
[host_monotonic_s=133857.631381] 003709 000002
[host_monotonic_s=133857.633654] 003710 000004
[host_monotonic_s=133857.636081] 003711 000004
[host_monotonic_s=133857.638472] 003712 000002
[host_monotonic_s=133857.640780] 003713 000003
[host_monotonic_s=133857.643152] 003714 000002
[host_monotonic_s=133857.645619] 003715 000002
[host_monotonic_s=133857.648069] 003716 000003
[host_monotonic_s=133857.650533] 003717 000001
[host_monotonic_s=133857.652997] 003719 000002
[host_monotonic_s=133857.655579] 003720 000002
[host_monotonic_s=133857.658019] 003721 000005
[host_monotonic_s=133857.660463] 003722 000004
[host_monotonic_s=133857.662821] 003723 000003
[host_monotonic_s=133857.665306] 003724 000003
[host_monotonic_s=133857.667682] 003725 000002
[host_monotonic_s=133857.669979] 003726 000004
[host_monotonic_s=133857.672288] 003727 000004
[host_monotonic_s=133857.674654] 003728 000004
[host_monotonic_s=133857.676946] 003729 000002
[host_monotonic_s=133857.679268] 003730 000005
[host_monotonic_s=133857.681551] 003731 000005
[host_monotonic_s=133857.683852] 003732 000004
[host_monotonic_s=133857.686452] 003733 000003
[host_monotonic_s=133857.688754] 003734 000003
[host_monotonic_s=133857.691171] 003735 000002
[host_monotonic_s=133857.693533] 003736 000004
[host_monotonic_s=133857.696196] 003737 000002
[host_monotonic_s=133857.698517] 003738 000001
[host_monotonic_s=133857.700963] 003739 000003
[host_monotonic_s=133857.703374] 003740 000004
[host_monotonic_s=133857.706041] 003741 000004
[host_monotonic_s=133857.708452] 003742 000003
[host_monotonic_s=133857.710834] 003744 000003
[host_monotonic_s=133857.713152] 003745 000003
[host_monotonic_s=133857.715792] 003746 000003
[host_monotonic_s=133857.718273] 003747 000001
[host_monotonic_s=133857.720683] 003748 000005
[host_monotonic_s=133857.723149] 003749 000001
[host_monotonic_s=133857.725644] 003750 000003
[host_monotonic_s=133857.727937] 003751 000003
[host_monotonic_s=133857.730267] 003752 000004
[host_monotonic_s=133857.732529] 003753 000001
[host_monotonic_s=133857.735088] 003754 000001
[host_monotonic_s=133857.737551] 003755 000004
[host_monotonic_s=133857.739953] 003756 000003
[host_monotonic_s=133857.742344] 003757 000002
[host_monotonic_s=133857.744993] 003758 000001
[host_monotonic_s=133857.747355] 003759 000004
[host_monotonic_s=133857.749686] 003760 000005
[host_monotonic_s=133857.752030] 003761 000006
[host_monotonic_s=133857.754664] 003762 000003
[host_monotonic_s=133857.757037] 003763 000003
[host_monotonic_s=133857.759337] 003764 000003
[host_monotonic_s=133857.761584] 003765 000005
[host_monotonic_s=133857.763878] 003766 000002
[host_monotonic_s=133857.766283] 003767 000003
[host_monotonic_s=133857.768583] 003768 000002
[host_monotonic_s=133857.770945] 003769 000001
[host_monotonic_s=133857.773324] 003770 000004
[host_monotonic_s=133857.775922] 003771 000004
[host_monotonic_s=133857.778336] 003772 000002
[host_monotonic_s=133857.780695] 003773 000002
[host_monotonic_s=133857.783104] 003774 000003
[host_monotonic_s=133857.785577] 003775 000002
[host_monotonic_s=133857.787981] 003776 000003
[host_monotonic_s=133857.790445] 003777 000003
[host_monotonic_s=133857.792940] 003778 000004
[host_monotonic_s=133857.795448] 003779 000003
[host_monotonic_s=133857.797864] 003780 000002
[host_monotonic_s=133858.099984] 003781 000001
[host_monotonic_s=133858.099997] 003782 000002
[host_monotonic_s=133858.099999] 003783 000005
[host_monotonic_s=133858.100015] 003784 000003
[host_monotonic_s=133858.100016] 003785 000003
[host_monotonic_s=133858.100018] 003786 000001
[host_monotonic_s=133858.100019] 003788 000002
[host_monotonic_s=133858.100021] 003789 000003
[host_monotonic_s=133858.100023] 003790 000003
[host_monotonic_s=133858.100024] 003791 000002
[host_monotonic_s=133858.100026] 003792 000003
[host_monotonic_s=133858.100027] 003793 000003
[host_monotonic_s=133858.100029] 003795 000002
[host_monotonic_s=133858.100030] 003796 000003
[host_monotonic_s=133858.100031] 003798 000004
[host_monotonic_s=133858.100033] 003799 000002
[host_monotonic_s=133858.100034] 003800 000002
[host_monotonic_s=133858.100035] 003801 000002
[host_monotonic_s=133858.100037] 003802 000002
[host_monotonic_s=133858.106236] 003803 000003
[host_monotonic_s=133858.108549] 003804 000002
[host_monotonic_s=133858.110828] 003805 000002
[host_monotonic_s=133858.113102] 003806 000003
[host_monotonic_s=133858.115928] 003807 000003
[host_monotonic_s=133858.118334] 003808 000002
[host_monotonic_s=133858.120584] 003809 000003
[host_monotonic_s=133858.123014] 003810 000001
[host_monotonic_s=133858.125798] 003811 000006
[host_monotonic_s=133858.128290] 003812 000008
[host_monotonic_s=133858.130717] 003813 000002
[host_monotonic_s=133858.133043] 003814 000004
[host_monotonic_s=133858.135380] 003815 000004
[host_monotonic_s=133858.137696] 003816 000005
[host_monotonic_s=133858.139945] 003817 000006
[host_monotonic_s=133858.142227] 003818 000003
[host_monotonic_s=133858.144686] 003819 000001
[host_monotonic_s=133858.147314] 003820 000007
[host_monotonic_s=133858.149662] 003821 000003
[host_monotonic_s=133858.152068] 003822 000007
[host_monotonic_s=133858.154888] 003823 000005
[host_monotonic_s=133858.157406] 003824 000007
[host_monotonic_s=133858.159807] 003825 000009
[host_monotonic_s=133858.162239] 003826 000006
[host_monotonic_s=133858.165065] 003827 000009
[host_monotonic_s=133858.167561] 003828 000008
[host_monotonic_s=133858.169953] 003829 000012
[host_monotonic_s=133858.172348] 003830 000010
[host_monotonic_s=133858.174818] 003831 000009
[host_monotonic_s=133858.177226] 003832 000005
[host_monotonic_s=133858.179557] 003833 000009
[host_monotonic_s=133858.181839] 003834 000009
[host_monotonic_s=133858.184164] 003835 000008
[host_monotonic_s=133858.186930] 003836 000010
[host_monotonic_s=133858.189234] 003837 000006
[host_monotonic_s=133858.191600] 003838 000011
[host_monotonic_s=133858.194035] 003839 000010
[host_monotonic_s=133858.196585] 003840 000006
[host_monotonic_s=133858.199073] 003841 000016
[host_monotonic_s=133858.201760] 003842 000012
[host_monotonic_s=133858.204542] 003843 000010
[host_monotonic_s=133858.207296] 003844 000006
[host_monotonic_s=133858.209988] 003845 000006
[host_monotonic_s=133858.212598] 003846 000013
[host_monotonic_s=133858.215170] 003847 000005
[host_monotonic_s=133858.217473] 003848 000005
[host_monotonic_s=133858.219768] 003849 000007
[host_monotonic_s=133858.222090] 003850 000008
[host_monotonic_s=133858.224509] 003851 000011
[host_monotonic_s=133858.226822] 003852 000007
[host_monotonic_s=133858.229114] 003853 000010
[host_monotonic_s=133858.231395] 003854 000003
[host_monotonic_s=133858.233755] 003855 000009
[host_monotonic_s=133858.236085] 003856 000010
[host_monotonic_s=133858.238479] 003857 000006
[host_monotonic_s=133858.240794] 003858 000007
[host_monotonic_s=133858.243412] 003859 000005
[host_monotonic_s=133858.245812] 003860 000001
[host_monotonic_s=133858.248242] 003861 000005
[host_monotonic_s=133858.250574] 003862 000005
[host_monotonic_s=133858.252928] 003863 000006
[host_monotonic_s=133858.255640] 003864 000009
[host_monotonic_s=133858.258011] 003865 000004
[host_monotonic_s=133858.260345] 003866 000005
[host_monotonic_s=133858.262683] 003867 000008
[host_monotonic_s=133858.265187] 003868 000004
[host_monotonic_s=133858.267505] 003870 000005
[host_monotonic_s=133858.269753] 003871 000004
[host_monotonic_s=133858.272105] 003872 000004
[host_monotonic_s=133858.274783] 003873 000005
[host_monotonic_s=133858.277086] 003874 000008
[host_monotonic_s=133858.279466] 003875 000003
[host_monotonic_s=133858.281785] 003876 000003
[host_monotonic_s=133858.284151] 003877 000004
[host_monotonic_s=133858.286573] 003878 000001
[host_monotonic_s=133858.288964] 003879 000004
[host_monotonic_s=133858.291300] 003880 000003
[host_monotonic_s=133858.293652] 003881 000002
[host_monotonic_s=133858.296309] 003882 000002
[host_monotonic_s=133858.298614] 003883 000001
[host_monotonic_s=133858.300985] 003884 000002
[host_monotonic_s=133858.303347] 003885 000002
[host_monotonic_s=133858.305795] 003886 000001
[host_monotonic_s=133858.308129] 003887 000003
[host_monotonic_s=133858.310490] 003888 000001
[host_monotonic_s=133858.312778] 003890 000002
[host_monotonic_s=133858.315217] 003892 000002
[host_monotonic_s=133858.317611] 003893 000001
[host_monotonic_s=133858.320016] 003894 000002
[host_monotonic_s=133858.322399] 003895 000004
[host_monotonic_s=133858.324819] 003897 000001
[host_monotonic_s=133858.327167] 003901 000001
[host_monotonic_s=133858.329487] 003902 000001
[host_monotonic_s=133858.331781] 003903 000002
[host_monotonic_s=133858.334087] 003905 000001
[host_monotonic_s=133858.336664] 003908 000002
[host_monotonic_s=133858.338936] 003912 000002
[host_monotonic_s=133858.341296] 003913 000002
[host_monotonic_s=133858.343593] 003914 000001
[host_monotonic_s=133858.345954] 003916 000002
[host_monotonic_s=133858.348395] 003919 000001
[host_monotonic_s=133858.650434] 003920 000001
[host_monotonic_s=133858.650447] 003921 000001
[host_monotonic_s=133858.650450] 003923 000001
[host_monotonic_s=133858.650452] 003927 000002
[host_monotonic_s=133858.650454] 003933 000002
[host_monotonic_s=133858.650456] 003935 000001
[host_monotonic_s=133858.650458] 003937 000002
[host_monotonic_s=133858.650460] 003939 000001
[host_monotonic_s=133858.650462] 003941 000001
[host_monotonic_s=133858.650464] 003942 000001
[host_monotonic_s=133858.650466] 003944 000001
[host_monotonic_s=133858.650468] 003945 000001
[host_monotonic_s=133858.650469] 003946 000001
[host_monotonic_s=133858.650471] 003947 000002
[host_monotonic_s=133858.650473] 003948 000001
[host_monotonic_s=133858.650475] 003949 000001
[host_monotonic_s=133858.650476] 003950 000001
[host_monotonic_s=133858.650478] 003951 000002
[host_monotonic_s=133858.650479] 003953 000001
[host_monotonic_s=133858.658208] 003954 000002
[host_monotonic_s=133858.660483] 003955 000001
[host_monotonic_s=133858.662724] 003956 000003
[host_monotonic_s=133858.665311] 003957 000001
[host_monotonic_s=133858.667617] 003958 000001
[host_monotonic_s=133858.669881] 003961 000003
[host_monotonic_s=133858.672147] 003964 000001
[host_monotonic_s=133858.674694] 003965 000002
[host_monotonic_s=133858.676981] 003967 000002
[host_monotonic_s=133858.679244] 003968 000001
[host_monotonic_s=133858.681513] 003970 000003
[host_monotonic_s=133858.683794] 003971 000001
[host_monotonic_s=133858.686425] 003972 000001
[host_monotonic_s=133858.688676] 003973 000002
[host_monotonic_s=133864.173897] 003974 000001
[host_monotonic_s=133864.173910] 003975 000001
[host_monotonic_s=133864.173912] 003976 000001
[host_monotonic_s=133864.173914] 003977 000002
[host_monotonic_s=133864.173916] 003978 000002
[host_monotonic_s=133864.173917] 003979 000001
[host_monotonic_s=133864.173919] 003980 000001
[host_monotonic_s=133864.173920] 003981 000002
[host_monotonic_s=133864.173922] 003982 000003
[host_monotonic_s=133864.173923] 003983 000001
[host_monotonic_s=133864.173925] 003984 000001
[host_monotonic_s=133864.173926] 003985 000001
[host_monotonic_s=133864.173928] 003987 000001
[host_monotonic_s=133864.173930] 003988 000002
[host_monotonic_s=133864.173931] 003989 000001
[host_monotonic_s=133864.173932] 003991 000001
[host_monotonic_s=133864.173933] 003997 000001
[host_monotonic_s=133864.173935] 003998 000001
[host_monotonic_s=133864.173936] 003999 000001
[host_monotonic_s=133864.179529] 004000 000001
[host_monotonic_s=133864.181823] 004001 000002
[host_monotonic_s=133864.184191] 004002 000001
[host_monotonic_s=133864.186558] 004003 000002
[host_monotonic_s=133864.188820] 004007 000001
[host_monotonic_s=133864.191186] 004008 000001
[host_monotonic_s=133864.193523] 004010 000001
[host_monotonic_s=133864.195901] 004012 000001
[host_monotonic_s=133864.198226] 004014 000001
[host_monotonic_s=133864.200494] 004017 000001
[host_monotonic_s=133864.202858] 004021 000001
[host_monotonic_s=133864.205798] 004023 000001
[host_monotonic_s=133864.208175] 004027 000001
[host_monotonic_s=133864.210444] 004029 000001
[host_monotonic_s=133864.212732] 004030 000001
[host_monotonic_s=133864.215248] 004031 000001
[host_monotonic_s=133864.217586] 004032 000001
[host_monotonic_s=133864.219878] 004034 000001
[host_monotonic_s=133864.222240] 004035 000001
[host_monotonic_s=133864.224687] 004036 000003
[host_monotonic_s=133864.227004] 004037 000001
[host_monotonic_s=133864.229321] 004039 000002
[host_monotonic_s=133864.231680] 004041 000001
[host_monotonic_s=133864.234053] 004042 000001
[host_monotonic_s=133864.236432] 004044 000001
[host_monotonic_s=133864.238734] 004049 000002
[host_monotonic_s=133864.241025] 004052 000002
[host_monotonic_s=133864.243421] 004053 000001
[host_monotonic_s=133864.246084] 004054 000002
[host_monotonic_s=133864.248462] 004055 000001
[host_monotonic_s=133864.250738] 004057 000001
[host_monotonic_s=133864.253106] 004058 000001
[host_monotonic_s=133864.255618] 004063 000001
[host_monotonic_s=133864.257920] 004064 000003
[host_monotonic_s=133864.260219] 004065 000002
[host_monotonic_s=133864.262513] 004067 000001
[host_monotonic_s=133864.265244] 004068 000002
[host_monotonic_s=133864.267657] 004070 000001
[host_monotonic_s=133864.269938] 004072 000003
[host_monotonic_s=133864.272393] 004073 000001
[host_monotonic_s=133864.275251] 004074 000001
[host_monotonic_s=133864.277688] 004078 000001
[host_monotonic_s=133864.280066] 004079 000002
[host_monotonic_s=133864.282438] 004080 000005
[host_monotonic_s=133864.284912] 004082 000005
[host_monotonic_s=133864.287284] 004083 000001
[host_monotonic_s=133864.289626] 004084 000001
[host_monotonic_s=133864.291957] 004085 000001
[host_monotonic_s=133864.294660] 004086 000001
[host_monotonic_s=133864.296998] 004092 000001
[host_monotonic_s=133864.299361] 004095 000001
[host_monotonic_s=133864.301643] 004096 000003
[host_monotonic_s=133864.304008] 004098 000004
[host_monotonic_s=133864.306488] 004099 000001
[host_monotonic_s=133864.308745] 004101 000001
[host_monotonic_s=133864.311293] 004103 000001
[host_monotonic_s=133864.313837] 004104 000001
[host_monotonic_s=133864.316152] 004105 000001
[host_monotonic_s=133864.318472] 004106 000002
[host_monotonic_s=133864.320722] 004110 000001
[host_monotonic_s=133864.323042] 004113 000001
[host_monotonic_s=133864.325393] 004122 000002
[host_monotonic_s=133864.327689] 004124 000001
[host_monotonic_s=133864.330016] 004125 000001
[host_monotonic_s=133864.332389] 004127 000001
[host_monotonic_s=133864.334894] 004130 000001
[host_monotonic_s=133864.337290] 004133 000001
[host_monotonic_s=133864.339648] 004136 000001
[host_monotonic_s=133864.342011] 004142 000001
[host_monotonic_s=133864.344789] 004152 000002
[host_monotonic_s=133864.347291] 004158 000001
[host_monotonic_s=133864.349776] 004159 000002
[host_monotonic_s=133864.352051] 004162 000001
[host_monotonic_s=133864.354721] 004174 000001
[host_monotonic_s=133864.357033] 004180 000001
[host_monotonic_s=133864.359324] 004185 000001
[host_monotonic_s=133864.361623] 004186 000001
[host_monotonic_s=133864.364081] 004188 000001
[host_monotonic_s=133864.366733] 004190 000001
[host_monotonic_s=133864.369138] 004193 000001
[host_monotonic_s=133864.371505] 004204 000001
[host_monotonic_s=133864.373810] 004209 000002
[host_monotonic_s=133864.376467] 004224 000001
[host_monotonic_s=133864.378787] 004229 000001
[host_monotonic_s=133864.381076] 004231 000001
[host_monotonic_s=133864.383392] 004238 000001
[host_monotonic_s=133864.385746] 004287 000001
[host_monotonic_s=133864.388079] 004288 000002
[host_monotonic_s=133864.390373] 004307 000001
[host_monotonic_s=133864.392748] 004315 000001
[host_monotonic_s=133864.395487] 004316 000001
[host_monotonic_s=133864.397864] 004325 000001
[host_monotonic_s=133864.400267] 004333 000001
[host_monotonic_s=133864.402656] 004349 000001
[host_monotonic_s=133864.405237] 004356 000001
[host_monotonic_s=133864.407649] 004366 000001
[host_monotonic_s=133864.410100] 004370 000001
[host_monotonic_s=133864.412366] 004371 000001
[host_monotonic_s=133864.414856] 004432 000001
[host_monotonic_s=133864.417410] 004435 000001
[host_monotonic_s=133864.419924] 004438 000001
[host_monotonic_s=133864.422440] 004467 000001
[host_monotonic_s=133864.724373] 004472 000001
[host_monotonic_s=133864.724384] 004477 000001
[host_monotonic_s=133864.724386] 004501 000001
[host_monotonic_s=133864.724388] 004516 000001
[host_monotonic_s=133864.724390] 004534 000001
[host_monotonic_s=133864.724391] 004556 000001
[host_monotonic_s=133864.724393] 004571 000001
[host_monotonic_s=133864.724394] 004575 000001
[host_monotonic_s=133864.724395] 004589 000001
[host_monotonic_s=133864.724397] 004619 000001
[host_monotonic_s=133864.724398] 004623 000001
[host_monotonic_s=133864.724399] 004636 000001
[host_monotonic_s=133864.724401] 004640 000002
[host_monotonic_s=133864.724403] 004641 000001
[host_monotonic_s=133864.724405] 004642 000001
[host_monotonic_s=133864.724407] 004644 000001
[host_monotonic_s=133864.724409] 004647 000001
[host_monotonic_s=133864.724411] 004648 000001
[host_monotonic_s=133864.724413] 004650 000003
[host_monotonic_s=133864.731572] 004651 000001
[host_monotonic_s=133864.733960] 004652 000001
[host_monotonic_s=133864.736434] 004653 000002
[host_monotonic_s=133864.738817] 004654 000002
[host_monotonic_s=133864.741206] 004655 000004
[host_monotonic_s=133864.743577] 004656 000003
[host_monotonic_s=133864.746244] 004657 000004
[host_monotonic_s=133864.748651] 004658 000001
[host_monotonic_s=133864.751021] 004659 000001
[host_monotonic_s=133864.753456] 004660 000003
[host_monotonic_s=133864.756124] 004661 000002
[host_monotonic_s=133864.758645] 004663 000003
[host_monotonic_s=133864.760960] 004664 000002
[host_monotonic_s=133864.763376] 004665 000001
[host_monotonic_s=133864.766097] 004666 000003
[host_monotonic_s=133864.768551] 004667 000004
[host_monotonic_s=133864.770934] 004668 000001
[host_monotonic_s=133864.773347] 004669 000006
[host_monotonic_s=133864.776036] 004671 000004
[host_monotonic_s=133864.778424] 004673 000001
[host_monotonic_s=133864.780764] 004674 000003
[host_monotonic_s=133864.783305] 004675 000003
[host_monotonic_s=133864.785876] 004676 000002
[host_monotonic_s=133864.788269] 004677 000001
[host_monotonic_s=133864.790537] 004678 000003
[host_monotonic_s=133864.792798] 004679 000003
[host_monotonic_s=133864.795488] 004680 000002
[host_monotonic_s=133864.797959] 004681 000002
[host_monotonic_s=133864.800231] 004682 000003
[host_monotonic_s=133864.802513] 004683 000003
[host_monotonic_s=133864.805177] 004684 000002
[host_monotonic_s=133864.807474] 004685 000001
[host_monotonic_s=133864.809743] 004686 000002
[host_monotonic_s=133864.812035] 004687 000004
[host_monotonic_s=133864.814630] 004688 000004
[host_monotonic_s=133864.816986] 004689 000001
[host_monotonic_s=133864.819370] 004690 000003
[host_monotonic_s=133864.821648] 004691 000004
[host_monotonic_s=133864.823984] 004692 000003
[host_monotonic_s=133864.826463] 004693 000002
[host_monotonic_s=133864.828751] 004694 000004
[host_monotonic_s=133864.831062] 004695 000001
[host_monotonic_s=133864.833353] 004696 000002
[host_monotonic_s=133864.835950] 004697 000007
[host_monotonic_s=133864.838331] 004698 000006
[host_monotonic_s=133864.840584] 004699 000008
[host_monotonic_s=133864.842839] 004700 000002
[host_monotonic_s=133864.845496] 004701 000003
[host_monotonic_s=133864.847850] 004702 000004
[host_monotonic_s=133864.850190] 004703 000004
[host_monotonic_s=133864.852609] 004704 000001
[host_monotonic_s=133864.855086] 004705 000003
[host_monotonic_s=133864.857517] 004706 000002
[host_monotonic_s=133864.859899] 004707 000003
[host_monotonic_s=133864.862329] 004708 000006
[host_monotonic_s=133864.864793] 004709 000002
[host_monotonic_s=133864.867261] 004710 000001
[host_monotonic_s=133864.869633] 004711 000005
[host_monotonic_s=133864.871975] 004712 000001
[host_monotonic_s=133864.874420] 004713 000004
[host_monotonic_s=133864.876821] 004714 000002
[host_monotonic_s=133864.879202] 004715 000003
[host_monotonic_s=133864.881544] 004716 000002
[host_monotonic_s=133864.884053] 004717 000004
[host_monotonic_s=133864.886436] 004718 000003
[host_monotonic_s=133864.888720] 004719 000001
[host_monotonic_s=133864.890987] 004720 000002
[host_monotonic_s=133864.893266] 004722 000004
[host_monotonic_s=133864.895837] 004723 000001
[host_monotonic_s=133864.898142] 004724 000003
[host_monotonic_s=133864.900411] 004725 000005
[host_monotonic_s=133864.902702] 004726 000003
[host_monotonic_s=133864.905104] 004727 000001
[host_monotonic_s=133864.907398] 004728 000004
[host_monotonic_s=133864.909640] 004729 000005
[host_monotonic_s=133864.911882] 004730 000003
[host_monotonic_s=133864.914160] 004731 000002
[host_monotonic_s=133864.916717] 004732 000004
[host_monotonic_s=133864.919036] 004733 000001
[host_monotonic_s=133864.921313] 004734 000003
[host_monotonic_s=133864.923610] 004736 000001
[host_monotonic_s=133864.925990] 004738 000002
[host_monotonic_s=133864.928315] 004739 000002
[host_monotonic_s=133864.930640] 004741 000001
[host_monotonic_s=133864.932891] 004743 000003
[host_monotonic_s=133864.935534] 004745 000005
[host_monotonic_s=133864.937831] 004747 000003
[host_monotonic_s=133864.940093] 004748 000001
[host_monotonic_s=133864.942409] 004749 000002
[host_monotonic_s=133864.944740] 004750 000002
[host_monotonic_s=133864.947019] 004751 000002
[host_monotonic_s=133864.949294] 004752 000005
[host_monotonic_s=133864.951550] 004755 000003
[host_monotonic_s=133864.953819] 004756 000001
[host_monotonic_s=133864.956149] 004758 000001
[host_monotonic_s=133864.958453] 004759 000002
[host_monotonic_s=133864.960684] 004760 000002
[host_monotonic_s=133864.962934] 004761 000005
[host_monotonic_s=133864.965491] 004762 000003
[host_monotonic_s=133864.967803] 004763 000004
[host_monotonic_s=133864.970101] 004764 000001
[host_monotonic_s=133864.972325] 004766 000002
[host_monotonic_s=133865.274781] 004767 000004
[host_monotonic_s=133865.274799] 004768 000002
[host_monotonic_s=133865.274803] 004769 000003
[host_monotonic_s=133865.274807] 004770 000001
[host_monotonic_s=133865.274809] 004771 000002
[host_monotonic_s=133865.274812] 004772 000001
[host_monotonic_s=133865.274815] 004773 000001
[host_monotonic_s=133865.274817] 004774 000001
[host_monotonic_s=133865.274820] 004775 000001
[host_monotonic_s=133865.274823] 004776 000001
[host_monotonic_s=133865.274825] 004777 000002
[host_monotonic_s=133865.274827] 004778 000002
[host_monotonic_s=133865.274830] 004780 000001
[host_monotonic_s=133865.274832] 004781 000003
[host_monotonic_s=133865.274834] 004782 000001
[host_monotonic_s=133865.274836] 004784 000002
[host_monotonic_s=133865.274839] 004785 000002
[host_monotonic_s=133865.274841] 004786 000002
[host_monotonic_s=133865.274844] 004788 000001
[host_monotonic_s=133865.281452] 004789 000002
[host_monotonic_s=133865.283922] 004790 000001
[host_monotonic_s=133865.286400] 004791 000001
[host_monotonic_s=133865.288659] 004792 000002
[host_monotonic_s=133865.290904] 004793 000003
[host_monotonic_s=133865.293222] 004795 000001
[host_monotonic_s=133865.295591] 004796 000001
[host_monotonic_s=133865.297928] 004797 000003
[host_monotonic_s=133865.300223] 004798 000002
[host_monotonic_s=133865.302520] 004799 000001
[host_monotonic_s=133865.304886] 004801 000002
[host_monotonic_s=133865.307323] 004802 000003
[host_monotonic_s=133870.765957] 004803 000004
[host_monotonic_s=133870.765969] 004804 000001
[host_monotonic_s=133870.765972] 004805 000005
[host_monotonic_s=133870.765974] 004806 000003
[host_monotonic_s=133870.765975] 004807 000002
[host_monotonic_s=133870.765977] 004808 000006
[host_monotonic_s=133870.765978] 004809 000003
[host_monotonic_s=133870.765980] 004810 000002
[host_monotonic_s=133870.765981] 004811 000002
[host_monotonic_s=133870.765983] 004812 000005
[host_monotonic_s=133870.765984] 004813 000003
[host_monotonic_s=133870.765986] 004814 000002
[host_monotonic_s=133870.765987] 004815 000005
[host_monotonic_s=133870.765988] 004817 000002
[host_monotonic_s=133870.765990] 004818 000005
[host_monotonic_s=133870.765991] 004819 000003
[host_monotonic_s=133870.765992] 004820 000003
[host_monotonic_s=133870.765994] 004821 000001
[host_monotonic_s=133870.765995] 004822 000003
[host_monotonic_s=133870.773090] 004823 000003
[host_monotonic_s=133870.775428] 004824 000003
[host_monotonic_s=133870.777726] 004825 000007
[host_monotonic_s=133870.779972] 004826 000003
[host_monotonic_s=133870.782224] 004827 000003
[host_monotonic_s=133870.784603] 004828 000004
[host_monotonic_s=133870.786885] 004829 000005
[host_monotonic_s=133870.789188] 004830 000003
[host_monotonic_s=133870.791464] 004831 000002
[host_monotonic_s=133870.793765] 004832 000005
[host_monotonic_s=133870.796135] 004833 000002
[host_monotonic_s=133870.798503] 004834 000003
[host_monotonic_s=133870.800741] 004835 000004
[host_monotonic_s=133870.803041] 004836 000004
[host_monotonic_s=133870.805597] 004837 000003
[host_monotonic_s=133870.807915] 004838 000006
[host_monotonic_s=133870.810193] 004839 000003
[host_monotonic_s=133870.812491] 004840 000003
[host_monotonic_s=133870.815117] 004841 000002
[host_monotonic_s=133870.817454] 004842 000005
[host_monotonic_s=133870.819821] 004843 000003
[host_monotonic_s=133870.822185] 004844 000003
[host_monotonic_s=133870.824534] 004845 000007
[host_monotonic_s=133870.826883] 004846 000004
[host_monotonic_s=133870.829197] 004847 000002
[host_monotonic_s=133870.831485] 004848 000003
[host_monotonic_s=133870.833770] 004849 000001
[host_monotonic_s=133870.836162] 004850 000005
[host_monotonic_s=133870.838501] 004851 000003
[host_monotonic_s=133870.840753] 004852 000002
[host_monotonic_s=133870.843073] 004853 000004
[host_monotonic_s=133870.845670] 004854 000003
[host_monotonic_s=133870.848059] 004855 000002
[host_monotonic_s=133870.850398] 004856 000005
[host_monotonic_s=133870.852650] 004857 000002
[host_monotonic_s=133870.855276] 004858 000002
[host_monotonic_s=133870.857619] 004859 000004
[host_monotonic_s=133870.859913] 004860 000001
[host_monotonic_s=133870.862184] 004861 000003
[host_monotonic_s=133870.864772] 004862 000002
[host_monotonic_s=133870.867125] 004863 000002
[host_monotonic_s=133870.869471] 004864 000002
[host_monotonic_s=133870.871781] 004865 000003
[host_monotonic_s=133870.874180] 004866 000003
[host_monotonic_s=133870.876815] 004867 000001
[host_monotonic_s=133870.879127] 004869 000002
[host_monotonic_s=133870.881430] 004870 000002
[host_monotonic_s=133870.883757] 004871 000001
[host_monotonic_s=133870.886345] 004872 000002
[host_monotonic_s=133870.888624] 004873 000003
[host_monotonic_s=133870.890904] 004874 000001
[host_monotonic_s=133870.893232] 004875 000001
[host_monotonic_s=133870.895550] 004876 000001
[host_monotonic_s=133870.897871] 004877 000003
[host_monotonic_s=133870.900167] 004878 000002
[host_monotonic_s=133870.902473] 004879 000001
[host_monotonic_s=133870.904858] 004880 000001
[host_monotonic_s=133870.907160] 004881 000001
[host_monotonic_s=133870.909465] 004882 000005
[host_monotonic_s=133870.911753] 004883 000005
[host_monotonic_s=133870.914058] 004885 000002
[host_monotonic_s=133870.916471] 004886 000001
[host_monotonic_s=133870.918768] 004889 000003
[host_monotonic_s=133870.921105] 004890 000001
[host_monotonic_s=133870.923384] 004891 000001
[host_monotonic_s=133870.925740] 004893 000001
[host_monotonic_s=133870.928042] 004894 000003
[host_monotonic_s=133870.930360] 004895 000001
[host_monotonic_s=133870.932617] 004896 000001
[host_monotonic_s=133870.934981] 004897 000001
[host_monotonic_s=133870.937311] 004899 000002
[host_monotonic_s=133870.939573] 004900 000001
[host_monotonic_s=133870.941874] 004901 000001
[host_monotonic_s=133870.944124] 004902 000001
[host_monotonic_s=133870.946436] 004903 000002
[host_monotonic_s=133870.948718] 004906 000001
[host_monotonic_s=133870.950981] 004907 000002
[host_monotonic_s=133870.953264] 004909 000003
[host_monotonic_s=133870.955835] 004916 000001
[host_monotonic_s=133870.958203] 004921 000001
[host_monotonic_s=133870.960473] 004926 000002
[host_monotonic_s=133870.962733] 004932 000002
[host_monotonic_s=133870.965122] 004940 000002
[host_monotonic_s=133870.967526] 004949 000001
[host_monotonic_s=133870.969848] 004951 000001
[host_monotonic_s=133870.972200] 004952 000001
[host_monotonic_s=133870.975097] 004955 000001
[host_monotonic_s=133870.977537] 004959 000001
[host_monotonic_s=133870.979892] 004961 000003
[host_monotonic_s=133870.982283] 004962 000002
[host_monotonic_s=133870.984806] 004966 000001
[host_monotonic_s=133870.987335] 004968 000002
[host_monotonic_s=133870.989657] 004971 000001
[host_monotonic_s=133870.992078] 004972 000001
[host_monotonic_s=133870.994812] 004977 000001
[host_monotonic_s=133870.997210] 004978 000001
[host_monotonic_s=133870.999603] 004980 000001
[host_monotonic_s=133871.001918] 004981 000001
[host_monotonic_s=133871.004199] 004984 000002
[host_monotonic_s=133871.006798] 004985 000001
[host_monotonic_s=133871.009077] 004986 000001
[host_monotonic_s=133871.011353] 004988 000001
[host_monotonic_s=133871.013671] 005002 000001
[host_monotonic_s=133871.316490] 005003 000002
[host_monotonic_s=133871.316501] 005006 000002
[host_monotonic_s=133871.316504] 005008 000001
[host_monotonic_s=133871.316506] 005009 000003
[host_monotonic_s=133871.316507] 005010 000001
[host_monotonic_s=133871.316509] 005011 000002
[host_monotonic_s=133871.316510] 005012 000001
[host_monotonic_s=133871.316512] 005015 000001
[host_monotonic_s=133871.316514] 005016 000001
[host_monotonic_s=133871.316515] 005017 000001
[host_monotonic_s=133871.316516] 005018 000002
[host_monotonic_s=133871.316518] 005019 000001
[host_monotonic_s=133871.316519] 005021 000001
[host_monotonic_s=133871.316520] 005022 000001
[host_monotonic_s=133871.316522] 005025 000001
[host_monotonic_s=133871.316523] 005026 000003
[host_monotonic_s=133871.316524] 005029 000001
[host_monotonic_s=133871.316525] 005030 000001
[host_monotonic_s=133871.316526] 005031 000001
[host_monotonic_s=133871.321448] 005032 000001
[host_monotonic_s=133871.325103] 005034 000001
[host_monotonic_s=133871.327417] 005035 000001
[host_monotonic_s=133871.329676] 005037 000001
[host_monotonic_s=133871.332124] 005039 000001
[host_monotonic_s=133871.334767] 005040 000004
[host_monotonic_s=133871.337153] 005041 000001
[host_monotonic_s=133871.339509] 005043 000003
[host_monotonic_s=133871.341894] 005045 000001
[host_monotonic_s=133871.344385] 005050 000001
[host_monotonic_s=133871.346810] 005051 000001
[host_monotonic_s=133871.349226] 005052 000001
[host_monotonic_s=133871.351667] 005057 000001
[host_monotonic_s=133871.354111] 005059 000001
[host_monotonic_s=133871.356625] 005060 000002
[host_monotonic_s=133871.359214] 005062 000002
[host_monotonic_s=133871.361479] 005064 000001
[host_monotonic_s=133871.363799] 005065 000003
[host_monotonic_s=133871.366419] 005066 000001
[host_monotonic_s=133871.368890] 005070 000003
[host_monotonic_s=133871.371464] 005071 000001
[host_monotonic_s=133871.374019] 005078 000001
[host_monotonic_s=133871.376947] 005080 000001
[host_monotonic_s=133871.379652] 005082 000001
[host_monotonic_s=133871.382213] 005083 000001
[host_monotonic_s=133871.384858] 005084 000001
[host_monotonic_s=133871.387468] 005086 000001
[host_monotonic_s=133871.389968] 005087 000002
[host_monotonic_s=133871.392660] 005090 000001
[host_monotonic_s=133871.395292] 005091 000001
[host_monotonic_s=133871.397902] 005092 000001
[host_monotonic_s=133871.400422] 005093 000003
[host_monotonic_s=133871.402850] 005094 000001
[host_monotonic_s=133871.405254] 005096 000001
[host_monotonic_s=133871.407557] 005097 000001
[host_monotonic_s=133871.409837] 005098 000001
[host_monotonic_s=133871.412365] 005101 000001
[host_monotonic_s=133871.415284] 005102 000001
[host_monotonic_s=133871.417879] 005104 000001
[host_monotonic_s=133871.420389] 005108 000001
[host_monotonic_s=133871.422915] 005111 000001
[host_monotonic_s=133871.426037] 005112 000002
[host_monotonic_s=133871.428616] 005118 000001
[host_monotonic_s=133871.431169] 005119 000001
[host_monotonic_s=133871.433791] 005120 000001
[host_monotonic_s=133871.436406] 005121 000001
[host_monotonic_s=133871.438745] 005124 000001
[host_monotonic_s=133871.441002] 005125 000001
[host_monotonic_s=133871.443295] 005126 000001
[host_monotonic_s=133871.445626] 005128 000001
[host_monotonic_s=133871.447940] 005130 000001
[host_monotonic_s=133871.450186] 005132 000001
[host_monotonic_s=133871.452435] 005148 000001
[host_monotonic_s=133871.454957] 005153 000001
[host_monotonic_s=133871.457309] 005158 000001
[host_monotonic_s=133871.459835] 005168 000001
[host_monotonic_s=133871.462373] 005169 000001
[host_monotonic_s=133871.465202] 005170 000001
[host_monotonic_s=133871.467745] 005171 000001
[host_monotonic_s=133871.470293] 005174 000001
[host_monotonic_s=133871.472797] 005190 000001
[host_monotonic_s=133871.475389] 005191 000001
[host_monotonic_s=133871.477938] 005197 000001
[host_monotonic_s=133871.480460] 005202 000001
[host_monotonic_s=133871.482980] 005230 000001
[host_monotonic_s=133871.485561] 005232 000001
[host_monotonic_s=133871.488091] 005241 000001
[host_monotonic_s=133871.490663] 005242 000001
[host_monotonic_s=133871.493164] 005259 000001
[host_monotonic_s=133871.495724] 005264 000001
[host_monotonic_s=133871.498315] 005282 000001
[host_monotonic_s=133871.500805] 005293 000001
[host_monotonic_s=133871.503450] 005298 000001
[host_monotonic_s=133871.506031] 005319 000001
[host_monotonic_s=133871.508576] 005333 000001
[host_monotonic_s=133871.511095] 005344 000001
[host_monotonic_s=133871.513645] 005372 000001
[host_monotonic_s=133871.516248] 005381 000001
[host_monotonic_s=133871.518806] 005398 000001
[host_monotonic_s=133871.521298] 005420 000001
[host_monotonic_s=133871.523875] 005421 000001
[host_monotonic_s=133871.526608] 005425 000001
[host_monotonic_s=133871.529118] 005458 000001
[host_monotonic_s=133871.531640] 005489 000001
[host_monotonic_s=133871.534203] 005495 000001
[host_monotonic_s=133871.536581] 005505 000001
[host_monotonic_s=133871.539015] 005506 000001
[host_monotonic_s=133871.541606] 005514 000001
[host_monotonic_s=133871.544573] 005517 000001
[host_monotonic_s=133871.547306] 005530 000001
[host_monotonic_s=133871.549909] 005531 000001
[host_monotonic_s=133871.552496] 005592 000001
[host_monotonic_s=133871.555479] 005594 000001
[host_monotonic_s=133871.558088] 005600 000001
[host_monotonic_s=133871.560630] 005627 000001
[host_monotonic_s=133871.563227] 005630 000001
[host_monotonic_s=133871.565849] 005633 000002
[host_monotonic_s=133871.867050] 005636 000001
[host_monotonic_s=133871.867063] 005640 000004
[host_monotonic_s=133871.867066] 005641 000001
[host_monotonic_s=133871.867069] 005642 000002
[host_monotonic_s=133871.867071] 005643 000001
[host_monotonic_s=133871.867073] 005644 000001
[host_monotonic_s=133871.867074] 005645 000003
[host_monotonic_s=133871.867076] 005646 000003
[host_monotonic_s=133871.867078] 005647 000001
[host_monotonic_s=133871.867080] 005648 000003
[host_monotonic_s=133871.867081] 005649 000002
[host_monotonic_s=133871.867083] 005650 000001
[host_monotonic_s=133871.867085] 005651 000002
[host_monotonic_s=133871.867087] 005652 000003
[host_monotonic_s=133871.867089] 005654 000002
[host_monotonic_s=133871.867091] 005655 000002
[host_monotonic_s=133871.867093] 005656 000001
[host_monotonic_s=133871.867096] 005658 000001
[host_monotonic_s=133871.871238] 005659 000002
[host_monotonic_s=133871.874741] 005660 000001
[host_monotonic_s=133871.877027] 005661 000001
[host_monotonic_s=133871.879294] 005663 000001
[host_monotonic_s=133871.881541] 005664 000003
[host_monotonic_s=133871.883799] 005665 000001
[host_monotonic_s=133871.886326] 005667 000002
[host_monotonic_s=133871.888616] 005668 000003
[host_monotonic_s=133871.890921] 005669 000002
[host_monotonic_s=133871.893205] 005670 000003
[host_monotonic_s=133871.895727] 005671 000001
[host_monotonic_s=133871.897997] 005672 000001
[host_monotonic_s=133871.900270] 005673 000001
[host_monotonic_s=133871.902533] 005674 000001
[host_monotonic_s=133871.904903] 005675 000002
[host_monotonic_s=133871.907156] 005676 000004
[host_monotonic_s=133871.909396] 005677 000002
[host_monotonic_s=133877.425995] 005678 000002
[host_monotonic_s=133877.426032] 005679 000005
[host_monotonic_s=133877.426036] 005680 000004
[host_monotonic_s=133877.426040] 005681 000003
[host_monotonic_s=133877.426043] 005682 000004
[host_monotonic_s=133877.426045] 005683 000006
[host_monotonic_s=133877.426047] 005684 000006
[host_monotonic_s=133877.426050] 005685 000003
[host_monotonic_s=133877.426053] 005686 000006
[host_monotonic_s=133877.426056] 005687 000004
[host_monotonic_s=133877.426059] 005689 000004
[host_monotonic_s=133877.426062] 005690 000004
[host_monotonic_s=133877.426064] 005691 000004
[host_monotonic_s=133877.426067] 005692 000003
[host_monotonic_s=133877.426070] 005693 000008
[host_monotonic_s=133877.426073] 005694 000008
[host_monotonic_s=133877.426075] 005695 000002
[host_monotonic_s=133877.426078] 005696 000003
[host_monotonic_s=133877.426080] 005697 000004
[host_monotonic_s=133877.431637] 005698 000005
[host_monotonic_s=133877.434174] 005699 000003
[host_monotonic_s=133877.437023] 005700 000010
[host_monotonic_s=133877.439523] 005701 000006
[host_monotonic_s=133877.442035] 005702 000009
[host_monotonic_s=133877.444615] 005703 000006
[host_monotonic_s=133877.447122] 005704 000005
[host_monotonic_s=133877.449445] 005705 000004
[host_monotonic_s=133877.451760] 005706 000002
[host_monotonic_s=133877.454063] 005707 000007
[host_monotonic_s=133877.456437] 005708 000002
[host_monotonic_s=133877.458714] 005709 000003
[host_monotonic_s=133877.461047] 005710 000007
[host_monotonic_s=133877.463411] 005712 000003
[host_monotonic_s=133877.466021] 005713 000002
[host_monotonic_s=133877.468364] 005714 000005
[host_monotonic_s=133877.470635] 005715 000002
[host_monotonic_s=133877.472919] 005716 000001
[host_monotonic_s=133877.475435] 005717 000004
[host_monotonic_s=133877.477769] 005718 000001
[host_monotonic_s=133877.480089] 005719 000001
[host_monotonic_s=133877.482387] 005720 000006
[host_monotonic_s=133877.484801] 005721 000001
[host_monotonic_s=133877.487079] 005722 000001
[host_monotonic_s=133877.489391] 005723 000002
[host_monotonic_s=133877.491689] 005724 000003
[host_monotonic_s=133877.494022] 005725 000001
[host_monotonic_s=133877.496392] 005726 000003
[host_monotonic_s=133877.498688] 005727 000003
[host_monotonic_s=133877.500965] 005728 000003
[host_monotonic_s=133877.503348] 005729 000002
[host_monotonic_s=133877.505690] 005730 000001
[host_monotonic_s=133877.508062] 005731 000001
[host_monotonic_s=133877.510319] 005732 000002
[host_monotonic_s=133877.512597] 005733 000001
[host_monotonic_s=133877.515064] 005734 000001
[host_monotonic_s=133877.517374] 005735 000002
[host_monotonic_s=133877.519671] 005736 000001
[host_monotonic_s=133877.521955] 005738 000003
[host_monotonic_s=133877.524413] 005739 000004
[host_monotonic_s=133877.526784] 005740 000004
[host_monotonic_s=133877.529464] 005741 000004
[host_monotonic_s=133877.531724] 005742 000002
[host_monotonic_s=133877.534091] 005743 000005
[host_monotonic_s=133877.536708] 005744 000003
[host_monotonic_s=133877.539004] 005745 000005
[host_monotonic_s=133877.541293] 005746 000006
[host_monotonic_s=133877.543641] 005747 000005
[host_monotonic_s=133877.546298] 005748 000004
[host_monotonic_s=133877.548608] 005749 000002
[host_monotonic_s=133877.550890] 005750 000001
[host_monotonic_s=133877.553241] 005751 000001
[host_monotonic_s=133877.555843] 005752 000005
[host_monotonic_s=133877.558172] 005753 000004
[host_monotonic_s=133877.560438] 005754 000002
[host_monotonic_s=133877.562726] 005755 000003
[host_monotonic_s=133877.565426] 005756 000002
[host_monotonic_s=133877.567855] 005757 000003
[host_monotonic_s=133877.570218] 005758 000003
[host_monotonic_s=133877.572603] 005759 000002
[host_monotonic_s=133877.575101] 005760 000004
[host_monotonic_s=133877.577532] 005761 000004
[host_monotonic_s=133877.579845] 005762 000004
[host_monotonic_s=133877.582205] 005763 000004
[host_monotonic_s=133877.584641] 005764 000003
[host_monotonic_s=133877.586989] 005765 000003
[host_monotonic_s=133877.589327] 005766 000002
[host_monotonic_s=133877.591702] 005767 000001
[host_monotonic_s=133877.594108] 005768 000001
[host_monotonic_s=133877.596577] 005769 000002
[host_monotonic_s=133877.598964] 005770 000004
[host_monotonic_s=133877.601364] 005771 000003
[host_monotonic_s=133877.603876] 005772 000006
[host_monotonic_s=133877.606426] 005773 000002
[host_monotonic_s=133877.608830] 005774 000003
[host_monotonic_s=133877.611182] 005775 000006
[host_monotonic_s=133877.613644] 005776 000004
[host_monotonic_s=133877.616071] 005777 000001
[host_monotonic_s=133877.618521] 005778 000002
[host_monotonic_s=133877.620890] 005779 000001
[host_monotonic_s=133877.623348] 005780 000002
[host_monotonic_s=133877.625781] 005781 000008
[host_monotonic_s=133877.628373] 005782 000002
[host_monotonic_s=133877.630769] 005784 000004
[host_monotonic_s=133877.633199] 005785 000004
[host_monotonic_s=133877.635740] 005786 000002
[host_monotonic_s=133877.638151] 005787 000002
[host_monotonic_s=133877.640545] 005788 000005
[host_monotonic_s=133877.642881] 005789 000005
[host_monotonic_s=133877.645419] 005790 000003
[host_monotonic_s=133877.647958] 005791 000004
[host_monotonic_s=133877.650367] 005792 000002
[host_monotonic_s=133877.652788] 005793 000007
[host_monotonic_s=133877.655357] 005794 000009
[host_monotonic_s=133877.657694] 005795 000006
[host_monotonic_s=133877.660049] 005796 000009
[host_monotonic_s=133877.662392] 005797 000006
[host_monotonic_s=133877.664907] 005798 000002
[host_monotonic_s=133877.667380] 005799 000010
[host_monotonic_s=133877.669796] 005800 000006
[host_monotonic_s=133877.672147] 005801 000009
[host_monotonic_s=133877.674650] 005802 000007
[host_monotonic_s=133877.976458] 005803 000014
[host_monotonic_s=133877.976473] 005804 000006
[host_monotonic_s=133877.976476] 005805 000015
[host_monotonic_s=133877.976479] 005806 000009
[host_monotonic_s=133877.976481] 005807 000006
[host_monotonic_s=133877.976483] 005808 000011
[host_monotonic_s=133877.976486] 005809 000009
[host_monotonic_s=133877.976488] 005810 000013
[host_monotonic_s=133877.976490] 005811 000010
[host_monotonic_s=133877.976492] 005812 000008
[host_monotonic_s=133877.976495] 005813 000006
[host_monotonic_s=133877.976497] 005814 000012
[host_monotonic_s=133877.976500] 005815 000008
[host_monotonic_s=133877.976503] 005816 000012
[host_monotonic_s=133877.976505] 005817 000014
[host_monotonic_s=133877.976507] 005818 000009
[host_monotonic_s=133877.976509] 005819 000010
[host_monotonic_s=133877.976511] 005820 000011
[host_monotonic_s=133877.976513] 005821 000015
[host_monotonic_s=133877.983506] 005822 000010
[host_monotonic_s=133877.986135] 005823 000012
[host_monotonic_s=133877.988674] 005824 000007
[host_monotonic_s=133877.991181] 005825 000007
[host_monotonic_s=133877.993722] 005826 000010
[host_monotonic_s=133877.996318] 005827 000009
[host_monotonic_s=133877.998893] 005828 000010
[host_monotonic_s=133878.001393] 005829 000009
[host_monotonic_s=133878.003962] 005830 000011
[host_monotonic_s=133878.006604] 005831 000003
[host_monotonic_s=133878.009157] 005832 000007
[host_monotonic_s=133878.011682] 005833 000007
[host_monotonic_s=133878.014342] 005834 000008
[host_monotonic_s=133878.016902] 005835 000007
[host_monotonic_s=133878.019419] 005836 000004
[host_monotonic_s=133878.021966] 005837 000004
[host_monotonic_s=133878.024648] 005838 000006
[host_monotonic_s=133878.027228] 005839 000005
[host_monotonic_s=133878.029788] 005840 000012
[host_monotonic_s=133878.032311] 005841 000013
[host_monotonic_s=133878.035176] 005842 000005
[host_monotonic_s=133878.037692] 005843 000007
[host_monotonic_s=133878.040186] 005844 000009
[host_monotonic_s=133878.042704] 005845 000005
[host_monotonic_s=133878.045808] 005846 000007
[host_monotonic_s=133878.048553] 005847 000009
[host_monotonic_s=133878.050824] 005848 000008
[host_monotonic_s=133878.053159] 005849 000005
[host_monotonic_s=133878.055561] 005850 000006
[host_monotonic_s=133878.057953] 005851 000007
[host_monotonic_s=133878.060252] 005852 000005
[host_monotonic_s=133878.062522] 005853 000001
[host_monotonic_s=133878.064880] 005854 000004
[host_monotonic_s=133878.067326] 005855 000002
[host_monotonic_s=133878.069622] 005856 000006
[host_monotonic_s=133878.071858] 005857 000010
[host_monotonic_s=133878.074266] 005858 000004
[host_monotonic_s=133878.076608] 005859 000005
[host_monotonic_s=133878.079075] 005860 000003
[host_monotonic_s=133878.081396] 005861 000004
[host_monotonic_s=133878.083699] 005862 000003
[host_monotonic_s=133878.086390] 005863 000004
[host_monotonic_s=133878.088668] 005864 000002
[host_monotonic_s=133878.090942] 005865 000003
[host_monotonic_s=133878.093246] 005866 000004
[host_monotonic_s=133878.095607] 005867 000002
[host_monotonic_s=133878.097950] 005868 000004
[host_monotonic_s=133878.100197] 005869 000005
[host_monotonic_s=133878.102449] 005870 000005
[host_monotonic_s=133878.104835] 005871 000002
[host_monotonic_s=133878.107150] 005872 000004
[host_monotonic_s=133878.109410] 005873 000004
[host_monotonic_s=133878.111696] 005874 000004
[host_monotonic_s=133878.113972] 005875 000004
[host_monotonic_s=133878.116445] 005876 000006
[host_monotonic_s=133878.119046] 005877 000001
[host_monotonic_s=133878.121585] 005878 000002
[host_monotonic_s=133878.124162] 005879 000001
[host_monotonic_s=133878.127070] 005883 000001
[host_monotonic_s=133878.129565] 005884 000001
[host_monotonic_s=133878.132051] 005885 000002
[host_monotonic_s=133878.134906] 005886 000001
[host_monotonic_s=133878.137492] 005887 000001
[host_monotonic_s=133878.140046] 005888 000001
[host_monotonic_s=133878.142523] 005889 000003
[host_monotonic_s=133878.145186] 005890 000001
[host_monotonic_s=133878.147828] 005891 000001
[host_monotonic_s=133878.150404] 005892 000001
[host_monotonic_s=133878.152936] 005893 000003
[host_monotonic_s=133878.155693] 005894 000001
[host_monotonic_s=133878.158327] 005895 000002
[host_monotonic_s=133878.160881] 005896 000003
[host_monotonic_s=133878.163439] 005899 000001
[host_monotonic_s=133878.166101] 005901 000001
[host_monotonic_s=133878.168772] 005904 000001
[host_monotonic_s=133878.171373] 005905 000003
[host_monotonic_s=133878.174072] 005909 000001
[host_monotonic_s=133878.176752] 005910 000001
[host_monotonic_s=133878.179344] 005912 000001
[host_monotonic_s=133878.181871] 005920 000002
[host_monotonic_s=133878.184882] 005921 000001
[host_monotonic_s=133878.187662] 005922 000001
[host_monotonic_s=133878.190330] 005923 000002
[host_monotonic_s=133878.193000] 005925 000001
[host_monotonic_s=133878.195714] 005931 000001
[host_monotonic_s=133878.198168] 005932 000001
[host_monotonic_s=133878.200566] 005934 000002
[host_monotonic_s=133878.202866] 005935 000002
[host_monotonic_s=133878.205728] 005937 000003
[host_monotonic_s=133878.208315] 005940 000001
[host_monotonic_s=133878.210859] 005946 000001
[host_monotonic_s=133878.213535] 005950 000001
[host_monotonic_s=133878.216465] 005952 000001
[host_monotonic_s=133878.219060] 005953 000002
[host_monotonic_s=133878.221610] 005954 000002
[host_monotonic_s=133878.224170] 005955 000002
[host_monotonic_s=133878.526743] 005956 000001
[host_monotonic_s=133878.526757] 005959 000002
[host_monotonic_s=133878.526760] 005962 000001
[host_monotonic_s=133878.526763] 005968 000001
[host_monotonic_s=133878.526765] 005969 000001
[host_monotonic_s=133878.526767] 005974 000002
[host_monotonic_s=133878.526769] 005977 000003
[host_monotonic_s=133878.526771] 005978 000002
[host_monotonic_s=133878.526773] 005981 000001
[host_monotonic_s=133878.526775] 005984 000001
[host_monotonic_s=133878.526777] 005985 000002
[host_monotonic_s=133878.526779] 005986 000001
[host_monotonic_s=133878.526781] 005988 000001
[host_monotonic_s=133878.526783] 005991 000001
[host_monotonic_s=133878.526785] 005996 000001
[host_monotonic_s=133878.526786] 005999 000002
[host_monotonic_s=133878.526788] 006000 000001
[host_monotonic_s=133878.526789] 006002 000003
[host_monotonic_s=133878.526792] 006003 000001
[host_monotonic_s=133878.533218] 006004 000001
[host_monotonic_s=133878.535802] 006005 000001
[host_monotonic_s=133878.538294] 006006 000003
[host_monotonic_s=133878.540812] 006007 000001
[host_monotonic_s=133878.543398] 006008 000003
[host_monotonic_s=133878.546221] 006009 000001
[host_monotonic_s=133878.548756] 006010 000001
[host_monotonic_s=133878.551013] 006011 000001
[host_monotonic_s=133878.553336] 006016 000002
[host_monotonic_s=133878.556039] 006018 000001
[host_monotonic_s=133878.558613] 006019 000002
[host_monotonic_s=133878.561136] 006020 000002
[host_monotonic_s=133878.563721] 006021 000002
[host_monotonic_s=133878.566383] 006022 000001
[host_monotonic_s=133878.568929] 006023 000001
[host_monotonic_s=133878.571436] 006025 000001
[host_monotonic_s=133878.573894] 006026 000001
[host_monotonic_s=133878.576443] 006028 000001
[host_monotonic_s=133884.109701] 006029 000003
[host_monotonic_s=133884.109714] 006031 000001
[host_monotonic_s=133884.109716] 006032 000002
[host_monotonic_s=133884.109718] 006033 000001
[host_monotonic_s=133884.109720] 006036 000001
[host_monotonic_s=133884.109722] 006037 000001
[host_monotonic_s=133884.109724] 006038 000003
[host_monotonic_s=133884.109726] 006040 000001
[host_monotonic_s=133884.109727] 006041 000001
[host_monotonic_s=133884.109729] 006042 000001
[host_monotonic_s=133884.109731] 006046 000002
[host_monotonic_s=133884.109733] 006048 000001
[host_monotonic_s=133884.109734] 006049 000003
[host_monotonic_s=133884.109736] 006050 000001
[host_monotonic_s=133884.109737] 006053 000001
[host_monotonic_s=133884.109739] 006054 000001
[host_monotonic_s=133884.109740] 006055 000001
[host_monotonic_s=133884.109742] 006058 000001
[host_monotonic_s=133884.109744] 006059 000003
[host_monotonic_s=133884.115533] 006060 000002
[host_monotonic_s=133884.117773] 006061 000001
[host_monotonic_s=133884.120067] 006062 000001
[host_monotonic_s=133884.122342] 006063 000001
[host_monotonic_s=133884.124660] 006065 000001
[host_monotonic_s=133884.126947] 006067 000003
[host_monotonic_s=133884.129210] 006071 000001
[host_monotonic_s=133884.131707] 006072 000001
[host_monotonic_s=133884.134111] 006075 000001
[host_monotonic_s=133884.136577] 006079 000002
[host_monotonic_s=133884.138981] 006081 000001
[host_monotonic_s=133884.141356] 006082 000001
[host_monotonic_s=133884.143735] 006084 000003
[host_monotonic_s=133884.147473] 006085 000002
[host_monotonic_s=133884.151681] 006087 000001
[host_monotonic_s=133884.154275] 006089 000001
[host_monotonic_s=133884.156737] 006091 000001
[host_monotonic_s=133884.159137] 006094 000003
[host_monotonic_s=133884.161489] 006098 000001
[host_monotonic_s=133884.164367] 006099 000001
[host_monotonic_s=133884.166701] 006102 000001
[host_monotonic_s=133884.168980] 006103 000001
[host_monotonic_s=133884.171291] 006104 000001
[host_monotonic_s=133884.173627] 006107 000001
[host_monotonic_s=133884.176319] 006110 000001
[host_monotonic_s=133884.178659] 006111 000001
[host_monotonic_s=133884.181118] 006114 000001
[host_monotonic_s=133884.183509] 006117 000001
[host_monotonic_s=133884.186006] 006118 000001
[host_monotonic_s=133884.188414] 006119 000001
[host_monotonic_s=133884.190794] 006121 000001
[host_monotonic_s=133884.193178] 006122 000001
[host_monotonic_s=133884.195685] 006123 000001
[host_monotonic_s=133884.198253] 006126 000001
[host_monotonic_s=133884.200632] 006127 000001
[host_monotonic_s=133884.203029] 006130 000001
[host_monotonic_s=133884.205500] 006131 000001
[host_monotonic_s=133884.207836] 006132 000001
[host_monotonic_s=133884.210242] 006135 000002
[host_monotonic_s=133884.212768] 006139 000001
[host_monotonic_s=133884.215252] 006143 000001
[host_monotonic_s=133884.217707] 006145 000001
[host_monotonic_s=133884.220136] 006162 000001
[host_monotonic_s=133884.222527] 006165 000002
[host_monotonic_s=133884.224991] 006167 000001
[host_monotonic_s=133884.227408] 006175 000001
[host_monotonic_s=133884.229880] 006188 000001
[host_monotonic_s=133884.232162] 006190 000001
[host_monotonic_s=133884.234611] 006194 000001
[host_monotonic_s=133884.237034] 006198 000002
[host_monotonic_s=133884.239420] 006222 000001
[host_monotonic_s=133884.241814] 006228 000001
[host_monotonic_s=133884.244833] 006230 000001
[host_monotonic_s=133884.247216] 006236 000001
[host_monotonic_s=133884.249630] 006237 000001
[host_monotonic_s=133884.252050] 006242 000001
[host_monotonic_s=133884.254520] 006244 000001
[host_monotonic_s=133884.256935] 006246 000001
[host_monotonic_s=133884.259363] 006249 000001
[host_monotonic_s=133884.261883] 006253 000001
[host_monotonic_s=133884.264508] 006254 000001
[host_monotonic_s=133884.266875] 006267 000001
[host_monotonic_s=133884.269297] 006278 000001
[host_monotonic_s=133884.271678] 006280 000001
[host_monotonic_s=133884.274126] 006285 000001
[host_monotonic_s=133884.276636] 006304 000001
[host_monotonic_s=133884.279009] 006316 000001
[host_monotonic_s=133884.281389] 006319 000001
[host_monotonic_s=133884.283813] 006352 000001
[host_monotonic_s=133884.286307] 006370 000001
[host_monotonic_s=133884.288724] 006377 000001
[host_monotonic_s=133884.291119] 006399 000001
[host_monotonic_s=133884.293534] 006403 000001
[host_monotonic_s=133884.295952] 006409 000001
[host_monotonic_s=133884.298216] 006433 000001
[host_monotonic_s=133884.300486] 006440 000001
[host_monotonic_s=133884.302712] 006448 000001
[host_monotonic_s=133884.305373] 006449 000001
[host_monotonic_s=133884.307860] 006463 000001
[host_monotonic_s=133884.310339] 006467 000001
[host_monotonic_s=133884.313036] 006484 000001
[host_monotonic_s=133884.315509] 006492 000001
[host_monotonic_s=133884.317922] 006502 000001
[host_monotonic_s=133884.320302] 006521 000001
[host_monotonic_s=133884.322695] 006522 000001
[host_monotonic_s=133884.325686] 006534 000001
[host_monotonic_s=133884.328242] 006550 000001
[host_monotonic_s=133884.330648] 006573 000001
[host_monotonic_s=133884.333070] 006584 000002
[host_monotonic_s=133884.335413] 006586 000001
[host_monotonic_s=133884.337705] 006603 000001
[host_monotonic_s=133884.340177] 006646 000001
[host_monotonic_s=133884.342421] 006648 000001
[host_monotonic_s=133884.344793] 006653 000001
[host_monotonic_s=133884.347515] 006657 000001
[host_monotonic_s=133884.350521] 006658 000001
[host_monotonic_s=133884.352803] 006663 000001
[host_monotonic_s=133884.355509] 006665 000001
[host_monotonic_s=133884.357853] 006667 000001
[host_monotonic_s=133884.660238] 006668 000001
[host_monotonic_s=133884.660251] 006670 000001
[host_monotonic_s=133884.660254] 006671 000001
[host_monotonic_s=133884.660257] 006675 000001
[host_monotonic_s=133884.660258] 006676 000002
[host_monotonic_s=133884.660261] 006677 000001
[host_monotonic_s=133884.660262] 006679 000001
[host_monotonic_s=133884.660265] 006681 000001
[host_monotonic_s=133884.660266] 006684 000002
[host_monotonic_s=133884.660268] 006685 000003
[host_monotonic_s=133884.660270] 006686 000001
[host_monotonic_s=133884.660272] 006688 000001
[host_monotonic_s=133884.660274] 006689 000002
[host_monotonic_s=133884.660276] 006691 000003
[host_monotonic_s=133884.660277] 006692 000002
[host_monotonic_s=133884.660279] 006694 000004
[host_monotonic_s=133884.660281] 006695 000003
[host_monotonic_s=133884.660282] 006696 000001
[host_monotonic_s=133884.660284] 006697 000002
[host_monotonic_s=133884.667510] 006698 000002
[host_monotonic_s=133884.669706] 006699 000002
[host_monotonic_s=133884.671960] 006701 000002
[host_monotonic_s=133884.674275] 006702 000001
[host_monotonic_s=133884.676594] 006706 000001
[host_monotonic_s=133884.678873] 006709 000001
[host_monotonic_s=133884.681561] 006710 000002
[host_monotonic_s=133884.683894] 006711 000001
[host_monotonic_s=133884.686432] 006712 000002
[host_monotonic_s=133884.688699] 006713 000001
[host_monotonic_s=133884.690975] 006714 000002
[host_monotonic_s=133884.693346] 006715 000001
[host_monotonic_s=133884.695808] 006717 000002
[host_monotonic_s=133884.698071] 006721 000001
[host_monotonic_s=133884.700324] 006722 000002
[host_monotonic_s=133884.702559] 006723 000001
[host_monotonic_s=133884.705140] 006724 000001
[host_monotonic_s=133884.707451] 006729 000001
[host_monotonic_s=133884.709696] 006730 000003
[host_monotonic_s=133884.712034] 006732 000002
[host_monotonic_s=133884.714537] 006733 000002
[host_monotonic_s=133884.717103] 006734 000005
[host_monotonic_s=133884.719373] 006735 000001
[host_monotonic_s=133884.721666] 006736 000003
[host_monotonic_s=133884.724123] 006737 000002
[host_monotonic_s=133884.726655] 006738 000002
[host_monotonic_s=133884.728981] 006740 000003
[host_monotonic_s=133884.731259] 006741 000003
[host_monotonic_s=133884.733538] 006742 000003
[host_monotonic_s=133884.735978] 006744 000001
[host_monotonic_s=133884.738238] 006745 000002
[host_monotonic_s=133884.740515] 006746 000003
[host_monotonic_s=133884.742807] 006748 000004
[host_monotonic_s=133884.745520] 006749 000001
[host_monotonic_s=133884.747876] 006750 000001
[host_monotonic_s=133884.750165] 006751 000004
[host_monotonic_s=133884.752479] 006752 000004
[host_monotonic_s=133884.755090] 006753 000002
[host_monotonic_s=133884.757478] 006754 000002
[host_monotonic_s=133884.760052] 006755 000005
[host_monotonic_s=133884.762725] 006756 000001
[host_monotonic_s=133884.765131] 006758 000001
[host_monotonic_s=133884.767530] 006759 000002
[host_monotonic_s=133884.769826] 006760 000001
[host_monotonic_s=133884.772134] 006761 000003
[host_monotonic_s=133884.774840] 006762 000001
[host_monotonic_s=133884.777204] 006763 000003
[host_monotonic_s=133884.779473] 006764 000001
[host_monotonic_s=133884.781704] 006765 000001
[host_monotonic_s=133884.784325] 006766 000002
[host_monotonic_s=133884.786750] 006767 000005
[host_monotonic_s=133884.789056] 006768 000003
[host_monotonic_s=133884.791272] 006769 000004
[host_monotonic_s=133884.793656] 006770 000006
[host_monotonic_s=133884.796141] 006771 000002
[host_monotonic_s=133884.798568] 006772 000001
[host_monotonic_s=133884.800964] 006773 000001
[host_monotonic_s=133884.803381] 006774 000004
[host_monotonic_s=133884.805900] 006775 000002
[host_monotonic_s=133884.808389] 006776 000003
[host_monotonic_s=133884.810796] 006778 000003
[host_monotonic_s=133884.813221] 006780 000002
[host_monotonic_s=133884.815930] 006782 000001
[host_monotonic_s=133884.818378] 006783 000003
[host_monotonic_s=133884.820760] 006784 000001
[host_monotonic_s=133884.823204] 006786 000001
[host_monotonic_s=133884.825959] 006787 000004
[host_monotonic_s=133884.828364] 006788 000002
[host_monotonic_s=133884.830760] 006789 000002
[host_monotonic_s=133884.833079] 006790 000002
[host_monotonic_s=133884.835489] 006791 000002
[host_monotonic_s=133884.837812] 006792 000004
[host_monotonic_s=133884.840073] 006794 000003
[host_monotonic_s=133884.842856] 006795 000002
[host_monotonic_s=133884.845343] 006796 000002
[host_monotonic_s=133884.847685] 006798 000002
[host_monotonic_s=133884.850013] 006799 000005
[host_monotonic_s=133884.852318] 006800 000003
[host_monotonic_s=133884.854751] 006801 000002
[host_monotonic_s=133884.857294] 006802 000002
[host_monotonic_s=133884.859577] 006803 000001
[host_monotonic_s=133884.861960] 006805 000001
[host_monotonic_s=133884.864592] 006806 000001
[host_monotonic_s=133884.866930] 006807 000004
[host_monotonic_s=133884.870156] 006808 000005
[host_monotonic_s=133884.872483] 006809 000003
[host_monotonic_s=133884.874966] 006810 000002
[host_monotonic_s=133884.877332] 006811 000002
[host_monotonic_s=133884.879589] 006812 000003
[host_monotonic_s=133884.881867] 006813 000004
[host_monotonic_s=133884.884192] 006814 000003
[host_monotonic_s=133884.887474] 006815 000001
[host_monotonic_s=133884.889817] 006816 000005
[host_monotonic_s=133884.892155] 006817 000003
[host_monotonic_s=133884.894589] 006818 000004
[host_monotonic_s=133884.896989] 006819 000004
[host_monotonic_s=133884.899322] 006820 000002
[host_monotonic_s=133884.901618] 006821 000005
[host_monotonic_s=133884.904603] 006822 000001
[host_monotonic_s=133884.907116] 006823 000003
[host_monotonic_s=133884.909392] 006824 000001
[host_monotonic_s=133885.210489] 006825 000005
[host_monotonic_s=133885.210499] 006826 000003
[host_monotonic_s=133885.210501] 006827 000001
[host_monotonic_s=133885.210504] 006828 000006
[host_monotonic_s=133885.210505] 006829 000004
[host_monotonic_s=133885.210507] 006830 000005
[host_monotonic_s=133885.210508] 006831 000007
[host_monotonic_s=133885.210510] 006832 000003
[host_monotonic_s=133885.210511] 006833 000005
[host_monotonic_s=133885.210512] 006834 000004
[host_monotonic_s=133885.210514] 006835 000002
[host_monotonic_s=133885.210515] 006836 000002
[host_monotonic_s=133885.210516] 006837 000005
[host_monotonic_s=133885.210518] 006838 000007
[host_monotonic_s=133885.210519] 006839 000004
[host_monotonic_s=133885.210520] 006840 000006
[host_monotonic_s=133885.210521] 006841 000004
[host_monotonic_s=133885.210523] 006842 000002
[host_monotonic_s=133885.213128] 006843 000004
[host_monotonic_s=133885.218721] 006844 000008
[host_monotonic_s=133885.221041] 006845 000007
[host_monotonic_s=133885.223351] 006846 000004
[host_monotonic_s=133885.225801] 006847 000004
[host_monotonic_s=133885.228293] 006848 000005
[host_monotonic_s=133885.230703] 006849 000006
[host_monotonic_s=133885.233203] 006850 000006
[host_monotonic_s=133885.235628] 006851 000007
[host_monotonic_s=133885.238047] 006852 000005
[host_monotonic_s=133885.240421] 006853 000007
[host_monotonic_s=133885.242689] 006854 000007
[host_monotonic_s=133885.245277] 006855 000008
[host_monotonic_s=133885.247592] 006856 000002
[host_monotonic_s=133885.249867] 006857 000011
[host_monotonic_s=133885.252131] 006858 000005
[host_monotonic_s=133885.254479] 006859 000006
[host_monotonic_s=133890.774191] 006860 000001
[host_monotonic_s=133890.774207] 006861 000004
[host_monotonic_s=133890.774210] 006862 000001
[host_monotonic_s=133890.774213] 006863 000008
[host_monotonic_s=133890.774215] 006864 000004
[host_monotonic_s=133890.774217] 006865 000005
[host_monotonic_s=133890.774219] 006866 000003
[host_monotonic_s=133890.774222] 006867 000002
[host_monotonic_s=133890.774224] 006868 000002
[host_monotonic_s=133890.774226] 006869 000005
[host_monotonic_s=133890.774228] 006870 000003
[host_monotonic_s=133890.774230] 006871 000003
[host_monotonic_s=133890.774232] 006872 000004
[host_monotonic_s=133890.774234] 006873 000003
[host_monotonic_s=133890.774236] 006874 000004
[host_monotonic_s=133890.774238] 006875 000002
[host_monotonic_s=133890.774240] 006876 000001
[host_monotonic_s=133890.774241] 006877 000004
[host_monotonic_s=133890.774243] 006878 000003
[host_monotonic_s=133890.781091] 006879 000002
[host_monotonic_s=133890.785801] 006881 000003
[host_monotonic_s=133890.788348] 006882 000007
[host_monotonic_s=133890.790584] 006883 000005
[host_monotonic_s=133890.792838] 006884 000001
[host_monotonic_s=133890.795409] 006887 000002
[host_monotonic_s=133890.797890] 006888 000004
[host_monotonic_s=133890.800150] 006889 000001
[host_monotonic_s=133890.802375] 006890 000002
[host_monotonic_s=133890.804717] 006891 000002
[host_monotonic_s=133890.806959] 006892 000001
[host_monotonic_s=133890.809262] 006893 000001
[host_monotonic_s=133890.811631] 006895 000002
[host_monotonic_s=133890.814024] 006896 000003
[host_monotonic_s=133890.816849] 006897 000002
[host_monotonic_s=133890.819590] 006898 000002
[host_monotonic_s=133890.822028] 006899 000001
[host_monotonic_s=133890.824595] 006900 000001
[host_monotonic_s=133890.826987] 006901 000002
[host_monotonic_s=133890.829415] 006902 000002
[host_monotonic_s=133890.831798] 006904 000003
[host_monotonic_s=133890.834273] 006907 000001
[host_monotonic_s=133890.836724] 006909 000001
[host_monotonic_s=133890.839121] 006910 000003
[host_monotonic_s=133890.841547] 006912 000001
[host_monotonic_s=133890.843937] 006917 000001
[host_monotonic_s=133890.846709] 006918 000001
[host_monotonic_s=133890.849118] 006919 000002
[host_monotonic_s=133890.851528] 006920 000002
[host_monotonic_s=133890.853960] 006922 000001
[host_monotonic_s=133890.856509] 006923 000002
[host_monotonic_s=133890.858919] 006924 000002
[host_monotonic_s=133890.861321] 006925 000001
[host_monotonic_s=133890.863748] 006932 000001
[host_monotonic_s=133890.866236] 006934 000002
[host_monotonic_s=133890.868667] 006936 000001
[host_monotonic_s=133890.870965] 006940 000001
[host_monotonic_s=133890.873267] 006941 000002
[host_monotonic_s=133890.876364] 006944 000001
[host_monotonic_s=133890.878713] 006945 000001
[host_monotonic_s=133890.881030] 006948 000001
[host_monotonic_s=133890.883332] 006950 000001
[host_monotonic_s=133890.886122] 006952 000001
[host_monotonic_s=133890.888513] 006954 000001
[host_monotonic_s=133890.890889] 006955 000002
[host_monotonic_s=133890.893315] 006956 000001
[host_monotonic_s=133890.895959] 006957 000002
[host_monotonic_s=133890.898408] 006958 000001
[host_monotonic_s=133890.900805] 006960 000002
[host_monotonic_s=133890.903215] 006964 000001
[host_monotonic_s=133890.905827] 006968 000001
[host_monotonic_s=133890.908166] 006969 000001
[host_monotonic_s=133890.910421] 006970 000002
[host_monotonic_s=133890.912706] 006972 000001
[host_monotonic_s=133890.915192] 006975 000001
[host_monotonic_s=133890.917491] 006979 000001
[host_monotonic_s=133890.919742] 006980 000002
[host_monotonic_s=133890.922003] 006981 000001
[host_monotonic_s=133890.924413] 006982 000001
[host_monotonic_s=133890.926728] 006987 000001
[host_monotonic_s=133890.928986] 006989 000001
[host_monotonic_s=133890.931255] 006997 000001
[host_monotonic_s=133890.933524] 006999 000002
[host_monotonic_s=133890.935948] 007000 000001
[host_monotonic_s=133890.938154] 007002 000001
[host_monotonic_s=133890.940455] 007003 000001
[host_monotonic_s=133890.942766] 007006 000001
[host_monotonic_s=133890.945434] 007007 000002
[host_monotonic_s=133890.947881] 007008 000001
[host_monotonic_s=133890.950295] 007009 000002
[host_monotonic_s=133890.952667] 007011 000001
[host_monotonic_s=133890.955194] 007013 000001
[host_monotonic_s=133890.957607] 007014 000001
[host_monotonic_s=133890.959983] 007016 000001
[host_monotonic_s=133890.962357] 007018 000002
[host_monotonic_s=133890.964858] 007020 000001
[host_monotonic_s=133890.967199] 007022 000001
[host_monotonic_s=133890.969503] 007024 000001
[host_monotonic_s=133890.971836] 007025 000001
[host_monotonic_s=133890.974166] 007026 000001
[host_monotonic_s=133890.976896] 007027 000001
[host_monotonic_s=133890.979307] 007028 000001
[host_monotonic_s=133890.981661] 007029 000001
[host_monotonic_s=133890.983963] 007032 000001
[host_monotonic_s=133890.986358] 007034 000001
[host_monotonic_s=133890.988631] 007037 000001
[host_monotonic_s=133890.990889] 007039 000001
[host_monotonic_s=133890.993206] 007040 000001
[host_monotonic_s=133890.995547] 007041 000002
[host_monotonic_s=133890.997899] 007042 000001
[host_monotonic_s=133891.000253] 007043 000001
[host_monotonic_s=133891.002646] 007044 000001
[host_monotonic_s=133891.005076] 007046 000001
[host_monotonic_s=133891.007506] 007049 000002
[host_monotonic_s=133891.009907] 007050 000001
[host_monotonic_s=133891.012303] 007051 000001
[host_monotonic_s=133891.014772] 007052 000002
[host_monotonic_s=133891.017208] 007053 000001
[host_monotonic_s=133891.019631] 007054 000002
[host_monotonic_s=133891.022019] 007055 000001
[host_monotonic_s=133891.324607] 007057 000001
[host_monotonic_s=133891.324621] 007058 000002
[host_monotonic_s=133891.324624] 007059 000001
[host_monotonic_s=133891.324627] 007060 000001
[host_monotonic_s=133891.324629] 007061 000001
[host_monotonic_s=133891.324630] 007063 000002
[host_monotonic_s=133891.324633] 007064 000003
[host_monotonic_s=133891.324635] 007065 000002
[host_monotonic_s=133891.324637] 007066 000002
[host_monotonic_s=133891.324638] 007067 000003
[host_monotonic_s=133891.324640] 007070 000001
[host_monotonic_s=133891.324642] 007071 000002
[host_monotonic_s=133891.324644] 007079 000002
[host_monotonic_s=133891.324646] 007080 000002
[host_monotonic_s=133891.324648] 007083 000001
[host_monotonic_s=133891.324649] 007086 000003
[host_monotonic_s=133891.324651] 007088 000002
[host_monotonic_s=133891.324653] 007090 000001
[host_monotonic_s=133891.324655] 007092 000001
[host_monotonic_s=133891.331428] 007093 000001
[host_monotonic_s=133891.333754] 007099 000002
[host_monotonic_s=133891.336015] 007100 000001
[host_monotonic_s=133891.338251] 007108 000001
[host_monotonic_s=133891.340436] 007110 000001
[host_monotonic_s=133891.342665] 007112 000002
[host_monotonic_s=133891.345046] 007117 000001
[host_monotonic_s=133891.347416] 007118 000001
[host_monotonic_s=133891.349823] 007122 000001
[host_monotonic_s=133891.352233] 007123 000001
[host_monotonic_s=133891.355004] 007126 000001
[host_monotonic_s=133891.357453] 007128 000001
[host_monotonic_s=133891.359857] 007131 000001
[host_monotonic_s=133891.362243] 007136 000001
[host_monotonic_s=133891.364696] 007137 000001
[host_monotonic_s=133891.367195] 007142 000001
[host_monotonic_s=133891.369555] 007148 000001
[host_monotonic_s=133891.371801] 007165 000001
[host_monotonic_s=133891.374093] 007173 000001
[host_monotonic_s=133891.376657] 007175 000001
[host_monotonic_s=133891.378950] 007189 000001
[host_monotonic_s=133891.381207] 007197 000001
[host_monotonic_s=133891.383551] 007213 000001
[host_monotonic_s=133891.386119] 007245 000001
[host_monotonic_s=133891.388417] 007341 000001
[host_monotonic_s=133891.390677] 007376 000001
[host_monotonic_s=133891.392914] 007404 000001
[host_monotonic_s=133891.395265] 007424 000001
[host_monotonic_s=133891.397534] 007428 000001
[host_monotonic_s=133891.399795] 007499 000001
[host_monotonic_s=133891.402038] 007509 000001
[host_monotonic_s=133891.404351] 007520 000001
[host_monotonic_s=133891.406649] 007525 000001
[host_monotonic_s=133891.408881] 007530 000001
[host_monotonic_s=133891.411159] 007540 000001
[host_monotonic_s=133891.413436] 007552 000001
[host_monotonic_s=133891.415775] 007609 000001
[host_monotonic_s=133891.418068] 007612 000001
[host_monotonic_s=133891.420341] 007618 000001
[host_monotonic_s=133891.422608] 007624 000001
[host_monotonic_s=133891.424955] 007633 000001
[host_monotonic_s=133891.427375] 007635 000001
[host_monotonic_s=133891.429675] 007640 000001
[host_monotonic_s=133891.431951] 007641 000001
[host_monotonic_s=133891.434587] 007663 000001
[host_monotonic_s=133891.436934] 007667 000001
[host_monotonic_s=133891.439219] 007669 000001
[host_monotonic_s=133891.441488] 007673 000001
[host_monotonic_s=133891.443775] 007676 000001
[host_monotonic_s=133891.446189] 007683 000001
[host_monotonic_s=133891.448521] 007685 000001
[host_monotonic_s=133891.450803] 007686 000002
[host_monotonic_s=133891.453159] 007692 000001
[host_monotonic_s=133891.455494] 007693 000001
[host_monotonic_s=133891.457832] 007696 000001
[host_monotonic_s=133891.460096] 007698 000001
[host_monotonic_s=133891.462440] 007699 000001
[host_monotonic_s=133891.465038] 007700 000002
[host_monotonic_s=133891.467328] 007701 000002
[host_monotonic_s=133891.469604] 007703 000001
[host_monotonic_s=133891.471879] 007705 000001
[host_monotonic_s=133891.474275] 007706 000001
[host_monotonic_s=133891.476597] 007710 000001
[host_monotonic_s=133891.478902] 007711 000001
[host_monotonic_s=133891.481180] 007714 000002
[host_monotonic_s=133891.483478] 007715 000001
[host_monotonic_s=133891.485836] 007716 000001
[host_monotonic_s=133891.488151] 007718 000001
[host_monotonic_s=133891.490387] 007720 000004
[host_monotonic_s=133891.492647] 007721 000001
[host_monotonic_s=133891.495238] 007722 000001
[host_monotonic_s=133891.497549] 007723 000001
[host_monotonic_s=133891.499779] 007724 000002
[host_monotonic_s=133891.502050] 007726 000002
[host_monotonic_s=133891.504428] 007728 000001
[host_monotonic_s=133891.506761] 007729 000001
[host_monotonic_s=133891.509074] 007731 000002
[host_monotonic_s=133891.511366] 007732 000002
[host_monotonic_s=133891.513673] 007733 000003
[host_monotonic_s=133891.516023] 007734 000001
[host_monotonic_s=133891.518327] 007736 000002
[host_monotonic_s=133891.520581] 007738 000001
[host_monotonic_s=133891.522905] 007739 000001
[host_monotonic_s=133891.525557] 007740 000002
[host_monotonic_s=133891.527907] 007741 000001
[host_monotonic_s=133891.530135] 007742 000001
[host_monotonic_s=133891.532362] 007743 000001
[host_monotonic_s=133891.535120] 007744 000001
[host_monotonic_s=133891.537389] 007745 000004
[host_monotonic_s=133891.539644] 007747 000002
[host_monotonic_s=133891.541891] 007748 000001
[host_monotonic_s=133891.544152] 007750 000002
[host_monotonic_s=133891.546480] 007751 000001
[host_monotonic_s=133891.548767] 007752 000003
[host_monotonic_s=133891.551029] 007753 000003
[host_monotonic_s=133891.553316] 007754 000002
[host_monotonic_s=133891.555687] 007755 000004
[host_monotonic_s=133891.557988] 007756 000003
[host_monotonic_s=133891.560239] 007757 000004
[host_monotonic_s=133891.562472] 007758 000004
[host_monotonic_s=133891.564990] 007759 000003
[host_monotonic_s=133891.567295] 007760 000002
[host_monotonic_s=133891.569525] 007761 000002
[host_monotonic_s=133891.571807] 007762 000001
[host_monotonic_s=133891.574066] 007763 000004
[host_monotonic_s=133891.874920] 007764 000002
[host_monotonic_s=133891.874932] 007765 000001
[host_monotonic_s=133891.874935] 007766 000005
[host_monotonic_s=133891.874937] 007767 000003
[host_monotonic_s=133891.874938] 007768 000004
[host_monotonic_s=133891.874940] 007769 000005
[host_monotonic_s=133891.874942] 007770 000004
[host_monotonic_s=133891.874943] 007771 000006
[host_monotonic_s=133891.874944] 007772 000001
[host_monotonic_s=133891.874946] 007773 000002
[host_monotonic_s=133891.874948] 007774 000003
[host_monotonic_s=133891.874949] 007775 000003
[host_monotonic_s=133891.874951] 007776 000001
[host_monotonic_s=133891.874952] 007777 000008
[host_monotonic_s=133891.874953] 007778 000003
[host_monotonic_s=133891.874954] 007779 000007
[host_monotonic_s=133891.874956] 007780 000005
[host_monotonic_s=133891.874957] 007781 000005
[host_monotonic_s=133891.878962] 007782 000002
[host_monotonic_s=133891.882622] 007783 000002
[host_monotonic_s=133891.884969] 007784 000003
[host_monotonic_s=133891.887296] 007785 000001
[host_monotonic_s=133891.889516] 007786 000003
[host_monotonic_s=133891.891767] 007787 000001
[host_monotonic_s=133891.894018] 007788 000003
[host_monotonic_s=133891.896522] 007789 000005
[host_monotonic_s=133891.898784] 007790 000001
[host_monotonic_s=133891.901008] 007791 000003
[host_monotonic_s=133891.903449] 007792 000003
[host_monotonic_s=133891.905792] 007793 000006
[host_monotonic_s=133897.389830] 007794 000002
[host_monotonic_s=133897.389844] 007795 000001
[host_monotonic_s=133897.389847] 007797 000004
[host_monotonic_s=133897.389849] 007798 000001
[host_monotonic_s=133897.389851] 007799 000004
[host_monotonic_s=133897.389853] 007800 000005
[host_monotonic_s=133897.389855] 007801 000003
[host_monotonic_s=133897.389857] 007802 000002
[host_monotonic_s=133897.389859] 007804 000003
[host_monotonic_s=133897.389860] 007805 000002
[host_monotonic_s=133897.389862] 007807 000002
[host_monotonic_s=133897.389864] 007808 000003
[host_monotonic_s=133897.389866] 007809 000005
[host_monotonic_s=133897.389867] 007810 000004
[host_monotonic_s=133897.389869] 007811 000001
[host_monotonic_s=133897.389870] 007812 000003
[host_monotonic_s=133897.389872] 007813 000007
[host_monotonic_s=133897.389873] 007814 000006
[host_monotonic_s=133897.389875] 007815 000007
[host_monotonic_s=133897.395774] 007816 000002
[host_monotonic_s=133897.398229] 007817 000003
[host_monotonic_s=133897.400619] 007818 000004
[host_monotonic_s=133897.403397] 007819 000006
[host_monotonic_s=133897.405897] 007820 000001
[host_monotonic_s=133897.408205] 007821 000007
[host_monotonic_s=133897.410579] 007823 000003
[host_monotonic_s=133897.413206] 007824 000004
[host_monotonic_s=133897.415577] 007825 000005
[host_monotonic_s=133897.417870] 007826 000002
[host_monotonic_s=133897.420150] 007827 000005
[host_monotonic_s=133897.422403] 007828 000005
[host_monotonic_s=133897.425174] 007829 000005
[host_monotonic_s=133897.427470] 007830 000005
[host_monotonic_s=133897.429720] 007831 000008
[host_monotonic_s=133897.431979] 007832 000004
[host_monotonic_s=133897.434516] 007833 000006
[host_monotonic_s=133897.436794] 007834 000009
[host_monotonic_s=133897.439062] 007835 000007
[host_monotonic_s=133897.441320] 007836 000010
[host_monotonic_s=133897.443597] 007837 000005
[host_monotonic_s=133897.445928] 007838 000015
[host_monotonic_s=133897.448242] 007839 000011
[host_monotonic_s=133897.450491] 007840 000005
[host_monotonic_s=133897.452735] 007841 000007
[host_monotonic_s=133897.455237] 007842 000005
[host_monotonic_s=133897.457781] 007843 000008
[host_monotonic_s=133897.460263] 007844 000010
[host_monotonic_s=133897.462558] 007845 000010
[host_monotonic_s=133897.465051] 007846 000009
[host_monotonic_s=133897.467328] 007847 000009
[host_monotonic_s=133897.469578] 007848 000012
[host_monotonic_s=133897.471820] 007849 000012
[host_monotonic_s=133897.474155] 007850 000010
[host_monotonic_s=133897.476500] 007851 000005
[host_monotonic_s=133897.478735] 007852 000011
[host_monotonic_s=133897.480976] 007853 000009
[host_monotonic_s=133897.483238] 007854 000008
[host_monotonic_s=133897.485554] 007855 000012
[host_monotonic_s=133897.487838] 007856 000010
[host_monotonic_s=133897.490124] 007857 000010
[host_monotonic_s=133897.492457] 007858 000011
[host_monotonic_s=133897.494839] 007859 000014
[host_monotonic_s=133897.497131] 007860 000010
[host_monotonic_s=133897.499440] 007861 000010
[host_monotonic_s=133897.501693] 007862 000007
[host_monotonic_s=133897.503993] 007863 000008
[host_monotonic_s=133897.506595] 007864 000010
[host_monotonic_s=133897.508886] 007865 000007
[host_monotonic_s=133897.511239] 007866 000010
[host_monotonic_s=133897.513505] 007867 000008
[host_monotonic_s=133897.516081] 007868 000007
[host_monotonic_s=133897.518402] 007869 000007
[host_monotonic_s=133897.520693] 007870 000008
[host_monotonic_s=133897.523015] 007871 000004
[host_monotonic_s=133897.525544] 007872 000007
[host_monotonic_s=133897.527834] 007873 000008
[host_monotonic_s=133897.530111] 007874 000004
[host_monotonic_s=133897.532375] 007875 000005
[host_monotonic_s=133897.534931] 007876 000006
[host_monotonic_s=133897.537282] 007877 000005
[host_monotonic_s=133897.539966] 007878 000005
[host_monotonic_s=133897.542225] 007879 000003
[host_monotonic_s=133897.544595] 007880 000008
[host_monotonic_s=133897.546929] 007881 000004
[host_monotonic_s=133897.549253] 007882 000012
[host_monotonic_s=133897.551521] 007883 000004
[host_monotonic_s=133897.553890] 007884 000004
[host_monotonic_s=133897.556454] 007885 000004
[host_monotonic_s=133897.558759] 007886 000005
[host_monotonic_s=133897.561012] 007887 000002
[host_monotonic_s=133897.563275] 007888 000003
[host_monotonic_s=133897.565638] 007889 000002
[host_monotonic_s=133897.567907] 007890 000002
[host_monotonic_s=133897.570197] 007891 000004
[host_monotonic_s=133897.572451] 007892 000003
[host_monotonic_s=133897.574778] 007893 000004
[host_monotonic_s=133897.577044] 007894 000002
[host_monotonic_s=133897.579324] 007895 000004
[host_monotonic_s=133897.581584] 007896 000002
[host_monotonic_s=133897.583847] 007897 000001
[host_monotonic_s=133897.586205] 007898 000004
[host_monotonic_s=133897.588521] 007899 000001
[host_monotonic_s=133897.590770] 007900 000004
[host_monotonic_s=133897.593072] 007901 000003
[host_monotonic_s=133897.595464] 007903 000001
[host_monotonic_s=133897.597786] 007904 000001
[host_monotonic_s=133897.600080] 007905 000001
[host_monotonic_s=133897.602374] 007906 000005
[host_monotonic_s=133897.605015] 007907 000002
[host_monotonic_s=133897.607377] 007908 000001
[host_monotonic_s=133897.609642] 007909 000001
[host_monotonic_s=133897.611879] 007910 000001
[host_monotonic_s=133897.614151] 007911 000004
[host_monotonic_s=133897.616487] 007913 000001
[host_monotonic_s=133897.619188] 007914 000001
[host_monotonic_s=133897.621455] 007915 000002
[host_monotonic_s=133897.623725] 007916 000002
[host_monotonic_s=133897.626286] 007920 000001
[host_monotonic_s=133897.628548] 007921 000001
[host_monotonic_s=133897.630776] 007922 000001
[host_monotonic_s=133897.633033] 007923 000002
[host_monotonic_s=133897.635417] 007924 000001
[host_monotonic_s=133897.637731] 007925 000001
[host_monotonic_s=133897.940301] 007926 000001
[host_monotonic_s=133897.940315] 007927 000001
[host_monotonic_s=133897.940318] 007930 000001
[host_monotonic_s=133897.940321] 007931 000001
[host_monotonic_s=133897.940323] 007934 000002
[host_monotonic_s=133897.940325] 007937 000001
[host_monotonic_s=133897.940327] 007939 000001
[host_monotonic_s=133897.940329] 007944 000003
[host_monotonic_s=133897.940331] 007945 000001
[host_monotonic_s=133897.940333] 007946 000001
[host_monotonic_s=133897.940335] 007948 000001
[host_monotonic_s=133897.940337] 007949 000001
[host_monotonic_s=133897.940339] 007950 000002
[host_monotonic_s=133897.940340] 007952 000003
[host_monotonic_s=133897.940342] 007955 000001
[host_monotonic_s=133897.940344] 007957 000001
[host_monotonic_s=133897.940345] 007958 000003
[host_monotonic_s=133897.940347] 007961 000001
[host_monotonic_s=133897.940349] 007963 000001
[host_monotonic_s=133897.946250] 007965 000001
[host_monotonic_s=133897.948683] 007967 000001
[host_monotonic_s=133897.950937] 007970 000001
[host_monotonic_s=133897.953202] 007974 000002
[host_monotonic_s=133897.955782] 007976 000001
[host_monotonic_s=133897.958086] 007977 000001
[host_monotonic_s=133897.960376] 007978 000001
[host_monotonic_s=133897.962629] 007980 000001
[host_monotonic_s=133897.964977] 007981 000001
[host_monotonic_s=133897.967225] 007984 000001
[host_monotonic_s=133897.969510] 007986 000001
[host_monotonic_s=133897.971780] 007987 000003
[host_monotonic_s=133897.974606] 007988 000001
[host_monotonic_s=133897.976893] 007989 000001
[host_monotonic_s=133897.979669] 007998 000002
[host_monotonic_s=133897.982058] 008001 000001
[host_monotonic_s=133897.985127] 008007 000002
[host_monotonic_s=133897.987444] 008009 000001
[host_monotonic_s=133897.989805] 008011 000001
[host_monotonic_s=133897.992083] 008012 000001
[host_monotonic_s=133897.994496] 008014 000001
[host_monotonic_s=133897.996830] 008015 000002
[host_monotonic_s=133897.999109] 008019 000001
[host_monotonic_s=133898.001382] 008022 000002
[host_monotonic_s=133898.003653] 008027 000001
[host_monotonic_s=133898.006040] 008028 000002
[host_monotonic_s=133898.008358] 008030 000001
[host_monotonic_s=133898.010609] 008031 000001
[host_monotonic_s=133898.012842] 008034 000001
[host_monotonic_s=133898.015378] 008035 000002
[host_monotonic_s=133898.017624] 008036 000001
[host_monotonic_s=133898.019856] 008037 000001
[host_monotonic_s=133898.022124] 008038 000001
[host_monotonic_s=133898.024441] 008039 000002
[host_monotonic_s=133898.026704] 008045 000002
[host_monotonic_s=133898.028953] 008050 000001
[host_monotonic_s=133898.031193] 008051 000001
[host_monotonic_s=133898.033464] 008052 000001
[host_monotonic_s=133898.035962] 008053 000002
[host_monotonic_s=133898.038226] 008054 000003
[host_monotonic_s=133898.040492] 008055 000001
[host_monotonic_s=133898.043063] 008057 000003
[host_monotonic_s=133898.045381] 008058 000001
[host_monotonic_s=133898.047647] 008059 000001
[host_monotonic_s=133898.049885] 008060 000001
[host_monotonic_s=133898.052127] 008061 000001
[host_monotonic_s=133898.054899] 008064 000001
[host_monotonic_s=133898.057195] 008066 000001
[host_monotonic_s=133898.059443] 008067 000004
[host_monotonic_s=133898.061677] 008068 000003
[host_monotonic_s=133898.063922] 008069 000002
[host_monotonic_s=133898.066282] 008071 000001
[host_monotonic_s=133898.068552] 008074 000001
[host_monotonic_s=133898.070915] 008076 000002
[host_monotonic_s=133898.073246] 008078 000001
[host_monotonic_s=133898.075798] 008082 000001
[host_monotonic_s=133898.078103] 008085 000001
[host_monotonic_s=133898.080353] 008086 000001
[host_monotonic_s=133898.082603] 008087 000002
[host_monotonic_s=133898.085271] 008092 000001
[host_monotonic_s=133898.087657] 008093 000002
[host_monotonic_s=133898.090068] 008096 000001
[host_monotonic_s=133898.092366] 008098 000001
[host_monotonic_s=133898.095037] 008100 000001
[host_monotonic_s=133898.097343] 008104 000001
[host_monotonic_s=133898.099615] 008106 000001
[host_monotonic_s=133898.101882] 008107 000003
[host_monotonic_s=133898.104260] 008113 000002
[host_monotonic_s=133898.106566] 008118 000001
[host_monotonic_s=133898.108835] 008121 000001
[host_monotonic_s=133898.111106] 008122 000001
[host_monotonic_s=133898.113417] 008123 000002
[host_monotonic_s=133898.115961] 008132 000001
[host_monotonic_s=133898.118366] 008133 000002
[host_monotonic_s=133898.120707] 008137 000001
[host_monotonic_s=133898.123070] 008139 000001
[host_monotonic_s=133898.125565] 008144 000001
[host_monotonic_s=133898.127932] 008147 000002
[host_monotonic_s=133898.130252] 008150 000001
[host_monotonic_s=133898.132603] 008151 000001
[host_monotonic_s=133898.135402] 008155 000002
[host_monotonic_s=133898.138042] 008156 000002
[host_monotonic_s=133898.140354] 008157 000001
[host_monotonic_s=133898.142795] 008158 000001
[host_monotonic_s=133898.145344] 008170 000002
[host_monotonic_s=133898.148758] 008171 000001
[host_monotonic_s=133898.151495] 008173 000002
[host_monotonic_s=133898.154131] 008174 000001
[host_monotonic_s=133898.156638] 008175 000001
[host_monotonic_s=133898.158913] 008177 000002
[host_monotonic_s=133898.161172] 008178 000001
[host_monotonic_s=133898.163496] 008180 000001
[host_monotonic_s=133898.165841] 008184 000001
[host_monotonic_s=133898.168139] 008189 000001
[host_monotonic_s=133898.170415] 008190 000001
[host_monotonic_s=133898.172744] 008191 000001
[host_monotonic_s=133898.175461] 008193 000001
[host_monotonic_s=133898.177759] 008196 000001
[host_monotonic_s=133898.180035] 008205 000001
[host_monotonic_s=133898.182282] 008206 000001
[host_monotonic_s=133898.184709] 008207 000001
[host_monotonic_s=133898.186995] 008215 000001
[host_monotonic_s=133898.189271] 008218 000001
[host_monotonic_s=133898.490763] 008219 000001
[host_monotonic_s=133898.490779] 008221 000001
[host_monotonic_s=133898.490782] 008224 000001
[host_monotonic_s=133898.490785] 008234 000001
[host_monotonic_s=133898.490787] 008255 000001
[host_monotonic_s=133898.490789] 008284 000001
[host_monotonic_s=133898.490791] 008295 000001
[host_monotonic_s=133898.490793] 008314 000001
[host_monotonic_s=133898.490795] 008342 000001
[host_monotonic_s=133898.490797] 008377 000001
[host_monotonic_s=133898.490800] 008388 000001
[host_monotonic_s=133898.490802] 008394 000001
[host_monotonic_s=133898.490804] 008420 000001
[host_monotonic_s=133898.490805] 008447 000001
[host_monotonic_s=133898.490807] 008461 000001
[host_monotonic_s=133898.490809] 008522 000001
[host_monotonic_s=133898.490811] 008525 000001
[host_monotonic_s=133898.490813] 008532 000001
[host_monotonic_s=133898.493890] 008580 000001
[host_monotonic_s=133898.498454] 008597 000001
[host_monotonic_s=133898.500733] 008600 000001
[host_monotonic_s=133898.502967] 008620 000001
[host_monotonic_s=133898.505612] 008649 000001
[host_monotonic_s=133898.507899] 008655 000001
[host_monotonic_s=133898.510132] 008656 000001
[host_monotonic_s=133898.512364] 008664 000001
[host_monotonic_s=133898.514763] 008666 000001
[host_monotonic_s=133898.517016] 008668 000002
[host_monotonic_s=133903.977658] 008669 000001
[host_monotonic_s=133903.977669] 008671 000001
[host_monotonic_s=133903.977671] 008676 000001
[host_monotonic_s=133903.977673] 008677 000001
[host_monotonic_s=133903.977675] 008678 000002
[host_monotonic_s=133903.977676] 008681 000002
[host_monotonic_s=133903.977678] 008683 000001
[host_monotonic_s=133903.977680] 008686 000001
[host_monotonic_s=133903.977681] 008688 000001
[host_monotonic_s=133903.977683] 008689 000001
[host_monotonic_s=133903.977684] 008691 000001
[host_monotonic_s=133903.977685] 008694 000001
[host_monotonic_s=133903.977687] 008697 000001
[host_monotonic_s=133903.977688] 008698 000001
[host_monotonic_s=133903.977690] 008700 000002
[host_monotonic_s=133903.977691] 008702 000001
[host_monotonic_s=133903.977692] 008703 000002
[host_monotonic_s=133903.977694] 008704 000002
[host_monotonic_s=133903.977695] 008705 000001
[host_monotonic_s=133903.982533] 008706 000001
[host_monotonic_s=133903.985943] 008707 000002
[host_monotonic_s=133903.988277] 008709 000001
[host_monotonic_s=133903.990544] 008710 000001
[host_monotonic_s=133903.992870] 008713 000001
[host_monotonic_s=133903.995363] 008717 000002
[host_monotonic_s=133903.997687] 008718 000001
[host_monotonic_s=133904.000026] 008721 000002
[host_monotonic_s=133904.002364] 008722 000002
[host_monotonic_s=133904.004808] 008723 000002
[host_monotonic_s=133904.007136] 008724 000003
[host_monotonic_s=133904.009471] 008726 000001
[host_monotonic_s=133904.011815] 008727 000001
[host_monotonic_s=133904.014159] 008728 000001
[host_monotonic_s=133904.016800] 008729 000003
[host_monotonic_s=133904.019108] 008732 000002
[host_monotonic_s=133904.021407] 008733 000003
[host_monotonic_s=133904.023733] 008735 000001
[host_monotonic_s=133904.026137] 008736 000001
[host_monotonic_s=133904.028454] 008737 000003
[host_monotonic_s=133904.030710] 008738 000001
[host_monotonic_s=133904.033042] 008740 000002
[host_monotonic_s=133904.035444] 008741 000002
[host_monotonic_s=133904.037911] 008742 000001
[host_monotonic_s=133904.040200] 008743 000001
[host_monotonic_s=133904.042676] 008744 000004
[host_monotonic_s=133904.045545] 008745 000001
[host_monotonic_s=133904.047968] 008746 000001
[host_monotonic_s=133904.050363] 008748 000002
[host_monotonic_s=133904.052692] 008749 000002
[host_monotonic_s=133904.055528] 008753 000003
[host_monotonic_s=133904.057983] 008754 000001
[host_monotonic_s=133904.060288] 008755 000001
[host_monotonic_s=133904.062545] 008757 000002
[host_monotonic_s=133904.065173] 008758 000003
[host_monotonic_s=133904.067468] 008759 000002
[host_monotonic_s=133904.069742] 008761 000002
[host_monotonic_s=133904.072039] 008762 000001
[host_monotonic_s=133904.074540] 008763 000001
[host_monotonic_s=133904.076868] 008764 000004
[host_monotonic_s=133904.079303] 008765 000005
[host_monotonic_s=133904.081601] 008766 000001
[host_monotonic_s=133904.083874] 008767 000001
[host_monotonic_s=133904.086461] 008768 000003
[host_monotonic_s=133904.088741] 008769 000003
[host_monotonic_s=133904.090991] 008770 000002
[host_monotonic_s=133904.093245] 008771 000002
[host_monotonic_s=133904.095563] 008772 000001
[host_monotonic_s=133904.097849] 008773 000001
[host_monotonic_s=133904.100122] 008774 000003
[host_monotonic_s=133904.102345] 008775 000003
[host_monotonic_s=133904.104659] 008776 000001
[host_monotonic_s=133904.106962] 008778 000004
[host_monotonic_s=133904.109236] 008779 000001
[host_monotonic_s=133904.111488] 008780 000001
[host_monotonic_s=133904.113760] 008781 000001
[host_monotonic_s=133904.116103] 008782 000001
[host_monotonic_s=133904.118422] 008783 000006
[host_monotonic_s=133904.120695] 008784 000003
[host_monotonic_s=133904.122935] 008785 000001
[host_monotonic_s=133904.125264] 008787 000003
[host_monotonic_s=133904.127546] 008788 000003
[host_monotonic_s=133904.129813] 008789 000001
[host_monotonic_s=133904.132051] 008790 000003
[host_monotonic_s=133904.134593] 008791 000002
[host_monotonic_s=133904.136876] 008792 000002
[host_monotonic_s=133904.139195] 008794 000002
[host_monotonic_s=133904.141422] 008795 000001
[host_monotonic_s=133904.143772] 008796 000003
[host_monotonic_s=133904.146597] 008797 000002
[host_monotonic_s=133904.149069] 008798 000002
[host_monotonic_s=133904.151337] 008800 000002
[host_monotonic_s=133904.153603] 008801 000002
[host_monotonic_s=133904.156273] 008802 000003
[host_monotonic_s=133904.158554] 008803 000002
[host_monotonic_s=133904.160801] 008805 000001
[host_monotonic_s=133904.163100] 008806 000003
[host_monotonic_s=133904.165635] 008807 000002
[host_monotonic_s=133904.167931] 008808 000004
[host_monotonic_s=133904.170196] 008809 000001
[host_monotonic_s=133904.172448] 008810 000002
[host_monotonic_s=133904.174835] 008811 000003
[host_monotonic_s=133904.177090] 008812 000002
[host_monotonic_s=133904.179408] 008813 000006
[host_monotonic_s=133904.181650] 008814 000002
[host_monotonic_s=133904.183927] 008815 000003
[host_monotonic_s=133904.186677] 008816 000005
[host_monotonic_s=133904.188950] 008817 000002
[host_monotonic_s=133904.191184] 008818 000003
[host_monotonic_s=133904.193448] 008819 000004
[host_monotonic_s=133904.195811] 008820 000004
[host_monotonic_s=133904.198130] 008822 000004
[host_monotonic_s=133904.200383] 008823 000005
[host_monotonic_s=133904.202627] 008824 000004
[host_monotonic_s=133904.204975] 008825 000005
[host_monotonic_s=133904.207315] 008826 000002
[host_monotonic_s=133904.209504] 008827 000003
[host_monotonic_s=133904.211750] 008828 000001
[host_monotonic_s=133904.214023] 008829 000003
[host_monotonic_s=133904.216544] 008830 000004
[host_monotonic_s=133904.218807] 008831 000003
[host_monotonic_s=133904.221062] 008832 000004
[host_monotonic_s=133904.223695] 008833 000005
[host_monotonic_s=133904.528269] 008834 000004
[host_monotonic_s=133904.528282] 008835 000001
[host_monotonic_s=133904.528284] 008836 000005
[host_monotonic_s=133904.528286] 008837 000003
[host_monotonic_s=133904.528288] 008838 000005
[host_monotonic_s=133904.528290] 008839 000005
[host_monotonic_s=133904.528292] 008840 000003
[host_monotonic_s=133904.528294] 008841 000003
[host_monotonic_s=133904.528296] 008842 000004
[host_monotonic_s=133904.528297] 008843 000007
[host_monotonic_s=133904.528299] 008844 000004
[host_monotonic_s=133904.528301] 008845 000004
[host_monotonic_s=133904.528302] 008846 000004
[host_monotonic_s=133904.528304] 008847 000005
[host_monotonic_s=133904.528306] 008848 000004
[host_monotonic_s=133904.528307] 008849 000002
[host_monotonic_s=133904.528309] 008850 000008
[host_monotonic_s=133904.528310] 008851 000004
[host_monotonic_s=133904.528312] 008852 000009
[host_monotonic_s=133904.534072] 008853 000010
[host_monotonic_s=133904.536627] 008854 000005
[host_monotonic_s=133904.538951] 008855 000003
[host_monotonic_s=133904.541218] 008856 000008
[host_monotonic_s=133904.543622] 008857 000006
[host_monotonic_s=133904.545995] 008858 000009
[host_monotonic_s=133904.548351] 008859 000005
[host_monotonic_s=133904.550617] 008860 000006
[host_monotonic_s=133904.552881] 008861 000005
[host_monotonic_s=133904.555311] 008862 000007
[host_monotonic_s=133904.557753] 008863 000004
[host_monotonic_s=133904.560150] 008864 000006
[host_monotonic_s=133904.562527] 008865 000003
[host_monotonic_s=133904.565016] 008866 000004
[host_monotonic_s=133904.567499] 008867 000002
[host_monotonic_s=133904.569856] 008868 000004
[host_monotonic_s=133904.572318] 008869 000002
[host_monotonic_s=133904.575026] 008870 000004
[host_monotonic_s=133904.577398] 008871 000002
[host_monotonic_s=133904.579668] 008872 000003
[host_monotonic_s=133904.581971] 008873 000003
[host_monotonic_s=133904.584375] 008874 000003
[host_monotonic_s=133904.586701] 008876 000004
[host_monotonic_s=133904.588984] 008877 000002
[host_monotonic_s=133904.591297] 008878 000001
[host_monotonic_s=133904.593594] 008879 000002
[host_monotonic_s=133904.596158] 008881 000005
[host_monotonic_s=133904.598458] 008882 000003
[host_monotonic_s=133904.600721] 008883 000002
[host_monotonic_s=133904.602989] 008884 000001
[host_monotonic_s=133904.605789] 008885 000003
[host_monotonic_s=133904.608058] 008886 000002
[host_monotonic_s=133904.610299] 008887 000001
[host_monotonic_s=133904.612551] 008888 000001
[host_monotonic_s=133904.615146] 008889 000002
[host_monotonic_s=133904.617423] 008891 000001
[host_monotonic_s=133904.619669] 008892 000001
[host_monotonic_s=133904.621902] 008893 000001
[host_monotonic_s=133904.624173] 008895 000001
[host_monotonic_s=133904.626692] 008896 000003
[host_monotonic_s=133904.629013] 008897 000001
[host_monotonic_s=133904.631300] 008900 000001
[host_monotonic_s=133904.633626] 008901 000002
[host_monotonic_s=133904.637126] 008904 000001
[host_monotonic_s=133904.639549] 008905 000001
[host_monotonic_s=133904.641882] 008907 000001
[host_monotonic_s=133904.644745] 008911 000001
[host_monotonic_s=133904.647033] 008915 000001
[host_monotonic_s=133904.649331] 008919 000001
[host_monotonic_s=133904.651597] 008920 000002
[host_monotonic_s=133904.653912] 008928 000001
[host_monotonic_s=133904.656542] 008935 000001
[host_monotonic_s=133904.658853] 008936 000001
[host_monotonic_s=133904.661187] 008939 000001
[host_monotonic_s=133904.663506] 008940 000002
[host_monotonic_s=133904.665898] 008941 000001
[host_monotonic_s=133904.668267] 008944 000001
[host_monotonic_s=133904.670552] 008952 000001
[host_monotonic_s=133904.672870] 008954 000001
[host_monotonic_s=133904.675259] 008957 000001
[host_monotonic_s=133904.677584] 008959 000001
[host_monotonic_s=133904.679852] 008960 000001
[host_monotonic_s=133904.682159] 008964 000001
[host_monotonic_s=133904.684778] 008968 000001
[host_monotonic_s=133904.687132] 008978 000001
[host_monotonic_s=133904.689475] 008987 000001
[host_monotonic_s=133904.691843] 008998 000001
[host_monotonic_s=133904.694250] 009006 000001
[host_monotonic_s=133904.696584] 009010 000001
[host_monotonic_s=133904.698954] 009012 000002
[host_monotonic_s=133904.701243] 009018 000001
[host_monotonic_s=133904.703598] 009019 000001
[host_monotonic_s=133904.706201] 009026 000001
[host_monotonic_s=133904.708549] 009029 000001
[host_monotonic_s=133904.710874] 009030 000001
[host_monotonic_s=133904.713273] 009031 000001
[host_monotonic_s=133904.715937] 009037 000001
[host_monotonic_s=133904.718311] 009040 000001
[host_monotonic_s=133904.720581] 009041 000001
[host_monotonic_s=133904.722852] 009045 000001
[host_monotonic_s=133904.725473] 009049 000001
[host_monotonic_s=133904.727821] 009052 000001
[host_monotonic_s=133904.730223] 009055 000001
[host_monotonic_s=133904.732497] 009056 000001
[host_monotonic_s=133904.735135] 009061 000001
[host_monotonic_s=133904.737470] 009067 000003
[host_monotonic_s=133904.739779] 009068 000001
[host_monotonic_s=133904.742139] 009069 000002
[host_monotonic_s=133904.744958] 009072 000001
[host_monotonic_s=133904.747319] 009073 000002
[host_monotonic_s=133904.749607] 009074 000001
[host_monotonic_s=133904.751894] 009078 000001
[host_monotonic_s=133904.754269] 009081 000002
[host_monotonic_s=133904.756586] 009082 000001
[host_monotonic_s=133904.758967] 009086 000001
[host_monotonic_s=133904.761289] 009087 000002
[host_monotonic_s=133904.763616] 009097 000001
[host_monotonic_s=133904.766018] 009100 000001
[host_monotonic_s=133904.768469] 009104 000001
[host_monotonic_s=133904.770784] 009106 000001
[host_monotonic_s=133904.773164] 009116 000001
[host_monotonic_s=133904.775868] 009124 000001
[host_monotonic_s=133905.078576] 009126 000001
[host_monotonic_s=133905.078587] 009127 000001
[host_monotonic_s=133905.078590] 009128 000002
[host_monotonic_s=133905.078592] 009132 000001
[host_monotonic_s=133905.078593] 009137 000001
[host_monotonic_s=133905.078595] 009138 000001
[host_monotonic_s=133905.078597] 009141 000001
[host_monotonic_s=133905.078598] 009144 000001
[host_monotonic_s=133905.078600] 009145 000001
[host_monotonic_s=133905.078601] 009146 000003
[host_monotonic_s=133905.078603] 009147 000001
[host_monotonic_s=133905.078604] 009149 000001
[host_monotonic_s=133905.078606] 009159 000001
[host_monotonic_s=133905.078607] 009165 000001
[host_monotonic_s=133905.078608] 009168 000001
[host_monotonic_s=133905.078610] 009174 000001
[host_monotonic_s=133905.078611] 009188 000001
[host_monotonic_s=133905.078612] 009189 000001
[host_monotonic_s=133905.078614] 009216 000001
[host_monotonic_s=133905.084047] 009233 000001
[host_monotonic_s=133905.086871] 009252 000001
[host_monotonic_s=133905.089149] 009293 000001
[host_monotonic_s=133905.091931] 009315 000001
[host_monotonic_s=133905.094584] 009332 000001
[host_monotonic_s=133905.096910] 009345 000001
[host_monotonic_s=133905.099210] 009381 000001
[host_monotonic_s=133905.101612] 009386 000001
[host_monotonic_s=133905.103923] 009400 000001
[host_monotonic_s=133905.106724] 009410 000001
[host_monotonic_s=133905.109021] 009550 000002
[host_monotonic_s=133910.629885] 009564 000001
[host_monotonic_s=133910.629899] 009590 000001
[host_monotonic_s=133910.629902] 009599 000001
[host_monotonic_s=133910.629904] 009600 000001
[host_monotonic_s=133910.629906] 009614 000001
[host_monotonic_s=133910.629908] 009622 000001
[host_monotonic_s=133910.629910] 009623 000001
[host_monotonic_s=133910.629912] 009627 000002
[host_monotonic_s=133910.629914] 009635 000001
[host_monotonic_s=133910.629915] 009639 000001
[host_monotonic_s=133910.629917] 009663 000001
[host_monotonic_s=133910.629919] 009665 000001
[host_monotonic_s=133910.629921] 009679 000001
[host_monotonic_s=133910.629922] 009691 000001
[host_monotonic_s=133910.629924] 009692 000001
[host_monotonic_s=133910.629926] 009696 000001
[host_monotonic_s=133910.629927] 009698 000001
[host_monotonic_s=133910.629929] 009699 000001
[host_monotonic_s=133910.629930] 009702 000002
[host_monotonic_s=133910.637142] 009705 000002
[host_monotonic_s=133910.640417] 009709 000002
[host_monotonic_s=133910.642853] 009710 000001
[host_monotonic_s=133910.645248] 009717 000002
[host_monotonic_s=133910.647563] 009718 000003
[host_monotonic_s=133910.649806] 009719 000002
[host_monotonic_s=133910.652057] 009720 000002
[host_monotonic_s=133910.654588] 009721 000002
[host_monotonic_s=133910.656906] 009722 000001
[host_monotonic_s=133910.659099] 009724 000001
[host_monotonic_s=133910.661397] 009725 000003
[host_monotonic_s=133910.663750] 009726 000001
[host_monotonic_s=133910.666289] 009727 000001
[host_monotonic_s=133910.668571] 009728 000002
[host_monotonic_s=133910.670963] 009730 000004
[host_monotonic_s=133910.673366] 009731 000004
[host_monotonic_s=133910.675739] 009732 000007
[host_monotonic_s=133910.678078] 009733 000003
[host_monotonic_s=133910.680393] 009734 000001
[host_monotonic_s=133910.682665] 009735 000001
[host_monotonic_s=133910.685099] 009736 000003
[host_monotonic_s=133910.687417] 009737 000002
[host_monotonic_s=133910.689699] 009738 000001
[host_monotonic_s=133910.691995] 009739 000001
[host_monotonic_s=133910.694414] 009740 000003
[host_monotonic_s=133910.696832] 009741 000002
[host_monotonic_s=133910.699111] 009743 000002
[host_monotonic_s=133910.701385] 009744 000004
[host_monotonic_s=133910.703704] 009745 000001
[host_monotonic_s=133910.706316] 009746 000001
[host_monotonic_s=133910.708593] 009747 000002
[host_monotonic_s=133910.710862] 009748 000004
[host_monotonic_s=133910.713271] 009749 000005
[host_monotonic_s=133910.715647] 009750 000003
[host_monotonic_s=133910.718130] 009751 000006
[host_monotonic_s=133910.720514] 009752 000004
[host_monotonic_s=133910.722814] 009753 000007
[host_monotonic_s=133910.725272] 009754 000005
[host_monotonic_s=133910.727550] 009755 000008
[host_monotonic_s=133910.729868] 009756 000005
[host_monotonic_s=133910.732349] 009757 000008
[host_monotonic_s=133910.735033] 009758 000010
[host_monotonic_s=133910.737322] 009759 000008
[host_monotonic_s=133910.739574] 009760 000013
[host_monotonic_s=133910.741813] 009761 000006
[host_monotonic_s=133910.744142] 009762 000014
[host_monotonic_s=133910.746472] 009763 000011
[host_monotonic_s=133910.748733] 009764 000013
[host_monotonic_s=133910.750977] 009765 000010
[host_monotonic_s=133910.753293] 009766 000010
[host_monotonic_s=133910.755638] 009767 000006
[host_monotonic_s=133910.757909] 009768 000006
[host_monotonic_s=133910.760189] 009769 000006
[host_monotonic_s=133910.762452] 009770 000014
[host_monotonic_s=133910.765056] 009771 000004
[host_monotonic_s=133910.767351] 009772 000005
[host_monotonic_s=133910.769600] 009773 000004
[host_monotonic_s=133910.771824] 009774 000011
[host_monotonic_s=133910.774160] 009775 000007
[host_monotonic_s=133910.776702] 009776 000009
[host_monotonic_s=133910.778967] 009777 000012
[host_monotonic_s=133910.781210] 009778 000009
[host_monotonic_s=133910.783526] 009779 000009
[host_monotonic_s=133910.785872] 009780 000016
[host_monotonic_s=133910.788166] 009781 000008
[host_monotonic_s=133910.790410] 009782 000015
[host_monotonic_s=133910.792674] 009783 000011
[host_monotonic_s=133910.795207] 009784 000009
[host_monotonic_s=133910.797552] 009785 000005
[host_monotonic_s=133910.799804] 009786 000013
[host_monotonic_s=133910.802038] 009787 000014
[host_monotonic_s=133910.804428] 009788 000011
[host_monotonic_s=133910.806750] 009789 000015
[host_monotonic_s=133910.809078] 009790 000018
[host_monotonic_s=133910.811345] 009791 000011
[host_monotonic_s=133910.813676] 009792 000013
[host_monotonic_s=133910.815998] 009793 000016
[host_monotonic_s=133910.818294] 009794 000008
[host_monotonic_s=133910.820582] 009795 000014
[host_monotonic_s=133910.823366] 009796 000014
[host_monotonic_s=133910.825821] 009797 000016
[host_monotonic_s=133910.828206] 009798 000013
[host_monotonic_s=133910.830564] 009799 000005
[host_monotonic_s=133910.832916] 009800 000016
[host_monotonic_s=133910.835479] 009801 000020
[host_monotonic_s=133910.837836] 009802 000009
[host_monotonic_s=133910.840110] 009803 000010
[host_monotonic_s=133910.842390] 009804 000014
[host_monotonic_s=133910.845090] 009805 000016
[host_monotonic_s=133910.847359] 009806 000011
[host_monotonic_s=133910.849589] 009807 000022
[host_monotonic_s=133910.851805] 009808 000013
[host_monotonic_s=133910.854152] 009809 000010
[host_monotonic_s=133910.856543] 009810 000016
[host_monotonic_s=133910.858816] 009811 000026
[host_monotonic_s=133910.861118] 009812 000021
[host_monotonic_s=133910.863473] 009813 000024
[host_monotonic_s=133910.866068] 009814 000024
[host_monotonic_s=133910.868365] 009815 000028
[host_monotonic_s=133910.870716] 009816 000030
[host_monotonic_s=133910.873015] 009817 000038
[host_monotonic_s=133910.875551] 009818 000037
[host_monotonic_s=133910.877933] 009819 000055
[host_monotonic_s=133911.180332] 009820 000037
[host_monotonic_s=133911.180348] 009821 000033
[host_monotonic_s=133911.180351] 009822 000037
[host_monotonic_s=133911.180354] 009823 000035
[host_monotonic_s=133911.180356] 009824 000030
[host_monotonic_s=133911.180358] 009825 000032
[host_monotonic_s=133911.180360] 009826 000029
[host_monotonic_s=133911.180362] 009827 000033
[host_monotonic_s=133911.180365] 009828 000033
[host_monotonic_s=133911.180367] 009829 000040
[host_monotonic_s=133911.180369] 009830 000025
[host_monotonic_s=133911.180371] 009831 000031
[host_monotonic_s=133911.180373] 009832 000029
[host_monotonic_s=133911.180374] 009833 000031
[host_monotonic_s=133911.180377] 009834 000020
[host_monotonic_s=133911.180379] 009835 000031
[host_monotonic_s=133911.180380] 009836 000031
[host_monotonic_s=133911.180382] 009837 000040
[host_monotonic_s=133911.180384] 009838 000029
[host_monotonic_s=133911.187085] 009839 000034
[host_monotonic_s=133911.189277] 009840 000026
[host_monotonic_s=133911.191521] 009841 000029
[host_monotonic_s=133911.193889] 009842 000027
[host_monotonic_s=133911.196337] 009843 000040
[host_monotonic_s=133911.198622] 009844 000033
[host_monotonic_s=133911.200895] 009845 000044
[host_monotonic_s=133911.203294] 009846 000036
[host_monotonic_s=133911.205842] 009847 000032
[host_monotonic_s=133911.208185] 009848 000041
[host_monotonic_s=133911.210439] 009849 000043
[host_monotonic_s=133911.212686] 009850 000034
[host_monotonic_s=133911.215116] 009851 000049
[host_monotonic_s=133911.217431] 009852 000058
[host_monotonic_s=133911.219700] 009853 000038
[host_monotonic_s=133911.221981] 009854 000041
[host_monotonic_s=133911.224660] 009855 000036
[host_monotonic_s=133911.226961] 009856 000045
[host_monotonic_s=133911.229280] 009857 000043
[host_monotonic_s=133911.231552] 009858 000034
[host_monotonic_s=133911.233872] 009859 000034
[host_monotonic_s=133911.236226] 009860 000036
[host_monotonic_s=133911.238526] 009861 000038
[host_monotonic_s=133911.240792] 009862 000032
[host_monotonic_s=133911.243159] 009863 000029
[host_monotonic_s=133911.245801] 009864 000030
[host_monotonic_s=133911.248089] 009865 000039
[host_monotonic_s=133911.250359] 009866 000030
[host_monotonic_s=133911.252580] 009867 000027
[host_monotonic_s=133911.255270] 009868 000032
[host_monotonic_s=133911.257549] 009869 000022
[host_monotonic_s=133911.259937] 009870 000020
[host_monotonic_s=133911.262329] 009871 000026
[host_monotonic_s=133911.265111] 009872 000023
[host_monotonic_s=133911.267612] 009873 000013
[host_monotonic_s=133911.270034] 009874 000021
[host_monotonic_s=133911.272462] 009875 000022
[host_monotonic_s=133911.275053] 009876 000015
[host_monotonic_s=133911.277480] 009877 000015
[host_monotonic_s=133911.279806] 009878 000022
[host_monotonic_s=133911.282263] 009879 000017
[host_monotonic_s=133911.284712] 009880 000016
[host_monotonic_s=133911.286986] 009881 000019
[host_monotonic_s=133911.289254] 009882 000018
[host_monotonic_s=133911.291524] 009883 000008
[host_monotonic_s=133911.293817] 009884 000014
[host_monotonic_s=133911.296128] 009885 000013
[host_monotonic_s=133911.298408] 009886 000018
[host_monotonic_s=133911.300662] 009887 000010
[host_monotonic_s=133911.302910] 009888 000010
[host_monotonic_s=133911.305496] 009889 000011
[host_monotonic_s=133911.307761] 009890 000010
[host_monotonic_s=133911.309988] 009891 000011
[host_monotonic_s=133911.312234] 009892 000012
[host_monotonic_s=133911.314805] 009893 000006
[host_monotonic_s=133911.317072] 009894 000008
[host_monotonic_s=133911.319329] 009895 000011
[host_monotonic_s=133911.321562] 009896 000007
[host_monotonic_s=133911.323867] 009897 000003
[host_monotonic_s=133911.326230] 009898 000010
[host_monotonic_s=133911.328492] 009899 000004
[host_monotonic_s=133911.330739] 009900 000004
[host_monotonic_s=133911.333022] 009901 000009
[host_monotonic_s=133911.335549] 009902 000006
[host_monotonic_s=133911.337816] 009903 000007
[host_monotonic_s=133911.340049] 009904 000003
[host_monotonic_s=133911.342335] 009905 000008
[host_monotonic_s=133911.344719] 009906 000008
[host_monotonic_s=133911.346991] 009907 000006
[host_monotonic_s=133911.349264] 009908 000004
[host_monotonic_s=133911.351629] 009909 000002
[host_monotonic_s=133911.354030] 009910 000003
[host_monotonic_s=133911.356391] 009911 000004
[host_monotonic_s=133911.358686] 009912 000002
[host_monotonic_s=133911.360977] 009913 000004
[host_monotonic_s=133911.363310] 009914 000004
[host_monotonic_s=133911.365935] 009915 000003
[host_monotonic_s=133911.368227] 009916 000002
[host_monotonic_s=133911.370573] 009917 000006
[host_monotonic_s=133911.372887] 009918 000002
[host_monotonic_s=133911.375583] 009919 000002
[host_monotonic_s=133911.377947] 009920 000002
[host_monotonic_s=133911.380227] 009921 000003
[host_monotonic_s=133911.382676] 009922 000002
[host_monotonic_s=133911.385379] 009923 000003
[host_monotonic_s=133911.387713] 009924 000003
[host_monotonic_s=133911.390130] 009925 000001
[host_monotonic_s=133911.392568] 009926 000003
[host_monotonic_s=133911.395111] 009927 000001
[host_monotonic_s=133911.397418] 009928 000005
[host_monotonic_s=133911.399697] 009930 000001
[host_monotonic_s=133911.402027] 009931 000001
[host_monotonic_s=133911.404682] 009932 000003
[host_monotonic_s=133911.407018] 009933 000003
[host_monotonic_s=133911.409293] 009934 000003
[host_monotonic_s=133911.411590] 009936 000003
[host_monotonic_s=133911.413955] 009938 000001
[host_monotonic_s=133911.416332] 009939 000001
[host_monotonic_s=133911.418607] 009940 000001
[host_monotonic_s=133911.420885] 009941 000001
[host_monotonic_s=133911.423226] 009942 000001
[host_monotonic_s=133911.425558] 009943 000004
[host_monotonic_s=133911.427857] 009944 000006
[host_monotonic_s=133911.730650] 009946 000002
[host_monotonic_s=133911.730661] 009947 000001
[host_monotonic_s=133911.730663] 009948 000002
[host_monotonic_s=133911.730665] 009950 000002
[host_monotonic_s=133911.730667] 009951 000002
[host_monotonic_s=133911.730669] 009952 000001
[host_monotonic_s=133911.730670] 009953 000002
[host_monotonic_s=133911.730672] 009954 000001
[host_monotonic_s=133911.730674] 009958 000003
[host_monotonic_s=133911.730675] 009959 000002
[host_monotonic_s=133911.730677] 009960 000003
[host_monotonic_s=133911.730678] 009962 000001
[host_monotonic_s=133911.730680] 009963 000001
[host_monotonic_s=133911.730681] 009966 000001
[host_monotonic_s=133911.730683] 009967 000002
[host_monotonic_s=133911.730684] 009968 000001
[host_monotonic_s=133911.730685] 009969 000001
[host_monotonic_s=133911.730686] 009970 000001
[host_monotonic_s=133911.730688] 009971 000001
[host_monotonic_s=133911.735676] 009972 000001
[host_monotonic_s=133911.738572] 009973 000001
[host_monotonic_s=133911.740814] 009975 000002
[host_monotonic_s=133911.743089] 009978 000001
[host_monotonic_s=133911.745409] 009979 000001
[host_monotonic_s=133911.747730] 009981 000001
[host_monotonic_s=133911.749999] 009983 000001
[host_monotonic_s=133911.752262] 009986 000001
[host_monotonic_s=133911.754559] 009991 000001
[host_monotonic_s=133911.756851] 010000 000001
[host_monotonic_s=133916.565649] 010002 000001
[host_monotonic_s=133916.565669] 010004 000001
[host_monotonic_s=133916.565673] 010005 000003
[host_monotonic_s=133916.565676] 010006 000001
[host_monotonic_s=133916.565679] 010007 000002
[host_monotonic_s=133916.565682] 010009 000002
[host_monotonic_s=133916.565684] 010013 000001
[host_monotonic_s=133916.565687] 010018 000001
[host_monotonic_s=133916.565689] 010032 000001
[host_monotonic_s=133916.565691] 010034 000001
[host_monotonic_s=133916.565693] 010035 000002
[host_monotonic_s=133916.565695] 010036 000002
[host_monotonic_s=133916.565698] 010037 000002
[host_monotonic_s=133916.565700] 010038 000002
[host_monotonic_s=133916.565703] 010040 000001
[host_monotonic_s=133916.565705] 010042 000001
[host_monotonic_s=133916.565706] 010043 000003
[host_monotonic_s=133916.565708] 010044 000001
[host_monotonic_s=133916.565711] 010045 000001
[host_monotonic_s=133916.571732] 010046 000001
[host_monotonic_s=133916.574035] 010047 000002
[host_monotonic_s=133916.576622] 010049 000002
[host_monotonic_s=133916.578869] 010051 000001
[host_monotonic_s=133916.581162] 010053 000001
[host_monotonic_s=133916.583449] 010056 000002
[host_monotonic_s=133916.585795] 010057 000001
[host_monotonic_s=133916.588134] 010062 000003
[host_monotonic_s=133916.590413] 010064 000005
[host_monotonic_s=133916.592712] 010066 000004
[host_monotonic_s=133916.595080] 010067 000001
[host_monotonic_s=133916.597394] 010068 000002
[host_monotonic_s=133916.599657] 010069 000001
[host_monotonic_s=133916.601907] 010071 000002
[host_monotonic_s=133916.604244] 010072 000002
[host_monotonic_s=133916.606541] 010073 000001
[host_monotonic_s=133916.608858] 010074 000001
[host_monotonic_s=133916.611181] 010075 000002
[host_monotonic_s=133916.613478] 010076 000003
[host_monotonic_s=133916.616020] 010077 000002
[host_monotonic_s=133916.618341] 010078 000001
[host_monotonic_s=133916.620599] 010079 000001
[host_monotonic_s=133916.622938] 010080 000001
[host_monotonic_s=133916.625532] 010081 000002
[host_monotonic_s=133916.627828] 010082 000002
[host_monotonic_s=133916.630079] 010083 000001
[host_monotonic_s=133916.632403] 010084 000001
[host_monotonic_s=133916.634956] 010085 000003
[host_monotonic_s=133916.637544] 010087 000001
[host_monotonic_s=133916.639980] 010088 000002
[host_monotonic_s=133916.642383] 010090 000002
[host_monotonic_s=133916.645076] 010092 000001
[host_monotonic_s=133916.647517] 010093 000001
[host_monotonic_s=133916.649773] 010095 000001
[host_monotonic_s=133916.652014] 010096 000001
[host_monotonic_s=133916.654351] 010097 000001
[host_monotonic_s=133916.656633] 010099 000002
[host_monotonic_s=133916.658887] 010101 000001
[host_monotonic_s=133916.661131] 010103 000002
[host_monotonic_s=133916.663403] 010104 000002
[host_monotonic_s=133916.665909] 010105 000001
[host_monotonic_s=133916.668280] 010107 000001
[host_monotonic_s=133916.670523] 010108 000002
[host_monotonic_s=133916.672781] 010111 000001
[host_monotonic_s=133916.675188] 010115 000001
[host_monotonic_s=133916.677473] 010117 000001
[host_monotonic_s=133916.679731] 010120 000001
[host_monotonic_s=133916.682017] 010122 000001
[host_monotonic_s=133916.684357] 010128 000001
[host_monotonic_s=133916.686637] 010129 000001
[host_monotonic_s=133916.688918] 010132 000001
[host_monotonic_s=133916.691246] 010134 000001
[host_monotonic_s=133916.693625] 010143 000001
[host_monotonic_s=133916.696213] 010146 000002
[host_monotonic_s=133916.698544] 010147 000001
[host_monotonic_s=133916.700806] 010149 000001
[host_monotonic_s=133916.703098] 010152 000001
[host_monotonic_s=133916.705458] 010154 000002
[host_monotonic_s=133916.707867] 010156 000001
[host_monotonic_s=133916.710167] 010159 000001
[host_monotonic_s=133916.712458] 010163 000001
[host_monotonic_s=133916.715116] 010165 000001
[host_monotonic_s=133916.717547] 010169 000001
[host_monotonic_s=133916.719818] 010174 000001
[host_monotonic_s=133916.722151] 010176 000001
[host_monotonic_s=133916.724597] 010184 000001
[host_monotonic_s=133916.726987] 010185 000001
[host_monotonic_s=133916.729355] 010189 000001
[host_monotonic_s=133916.731632] 010213 000001
[host_monotonic_s=133916.733920] 010236 000001
[host_monotonic_s=133916.736533] 010244 000002
[host_monotonic_s=133916.738855] 010259 000001
[host_monotonic_s=133916.741140] 010267 000002
[host_monotonic_s=133916.743496] 010273 000001
[host_monotonic_s=133916.746057] 010275 000001
[host_monotonic_s=133916.748409] 010279 000001
[host_monotonic_s=133916.750667] 010285 000001
[host_monotonic_s=133916.752934] 010291 000001
[host_monotonic_s=133916.755521] 010293 000002
[host_monotonic_s=133916.757816] 010294 000001
[host_monotonic_s=133916.760079] 010295 000001
[host_monotonic_s=133916.762324] 010297 000001
[host_monotonic_s=133916.764664] 010300 000001
[host_monotonic_s=133916.766981] 010301 000001
[host_monotonic_s=133916.769264] 010303 000001
[host_monotonic_s=133916.771507] 010306 000001
[host_monotonic_s=133916.773794] 010307 000001
[host_monotonic_s=133916.776169] 010308 000003
[host_monotonic_s=133916.778473] 010313 000001
[host_monotonic_s=133916.780753] 010315 000001
[host_monotonic_s=133916.783031] 010317 000001
[host_monotonic_s=133916.785367] 010318 000001
[host_monotonic_s=133916.787704] 010319 000001
[host_monotonic_s=133916.789950] 010321 000001
[host_monotonic_s=133916.792198] 010323 000001
[host_monotonic_s=133916.794896] 010325 000001
[host_monotonic_s=133916.797188] 010328 000001
[host_monotonic_s=133916.799441] 010329 000001
[host_monotonic_s=133916.801690] 010331 000001
[host_monotonic_s=133916.803959] 010334 000001
[host_monotonic_s=133916.806318] 010335 000001
[host_monotonic_s=133916.808600] 010336 000001
[host_monotonic_s=133916.810866] 010338 000001
[host_monotonic_s=133916.813155] 010341 000002
[host_monotonic_s=133917.116016] 010346 000002
[host_monotonic_s=133917.116028] 010357 000001
[host_monotonic_s=133917.116030] 010360 000001
[host_monotonic_s=133917.116033] 010366 000001
[host_monotonic_s=133917.116035] 010394 000001
[host_monotonic_s=133917.116036] 010395 000001
[host_monotonic_s=133917.116038] 010417 000001
[host_monotonic_s=133917.116039] 010434 000001
[host_monotonic_s=133917.116041] 010436 000001
[host_monotonic_s=133917.116042] 010441 000001
[host_monotonic_s=133917.116044] 010443 000001
[host_monotonic_s=133917.116045] 010463 000001
[host_monotonic_s=133917.116047] 010488 000001
[host_monotonic_s=133917.116048] 010508 000001
[host_monotonic_s=133917.116050] 010529 000001
[host_monotonic_s=133917.116051] 010544 000001
[host_monotonic_s=133917.116052] 010570 000001
[host_monotonic_s=133917.116054] 010592 000001
[host_monotonic_s=133917.116055] 010609 000001
[host_monotonic_s=133917.120989] 010622 000001
[host_monotonic_s=133917.124613] 010627 000001
[host_monotonic_s=133917.126907] 010719 000001
[host_monotonic_s=133917.129237] 010788 000001
[host_monotonic_s=133917.131497] 010818 000001
[host_monotonic_s=133917.133836] 010825 000001
[host_monotonic_s=133917.136246] 010826 000001
[host_monotonic_s=133917.138544] 010842 000001
[host_monotonic_s=133917.140821] 010849 000001
[host_monotonic_s=133917.143188] 010862 000001
[host_monotonic_s=133917.145584] 010887 000001
[host_monotonic_s=133917.147985] 010981 000001
[host_monotonic_s=133917.151726] # Min Latencies: 00150
[host_monotonic_s=133917.155786] # Avg Latencies: 00634
[host_monotonic_s=133917.159924] # Max Latencies: 303668
[host_monotonic_s=133917.164598] # Histogram Overflows: 00013
[host_monotonic_s=133917.170486] # Histogram Overflow at cycle number:
[host_monotonic_s=133917.184666] # Thread 0: 00650 01123 03397 06918 07196 07485 07771 08055 08316 08602 08882 10164 12428
[host_monotonic_s=133917.184966] 
[host_monotonic_s=133917.191391] RT_CYCLICTEST_TIMING_END uptime_s=1945.85
[host_monotonic_s=133917.195110] RT_CYCLICTEST_COMPLETE
[host_monotonic_s=133917.201874] stress-ng: info:  [68] stopping 3 stressors
[host_monotonic_s=133917.204584] RT_STRESS_STOP
[host_monotonic_s=133917.219974] RT_CPUSTAT sample=0 cpu=cpu0 user=4 nice=0 system=218 idle=2464 iowait=0 irq=20 softirq=1 steal=0
[host_monotonic_s=133917.234849] RT_CPUSTAT sample=0 cpu=cpu1 user=0 nice=0 system=0 idle=2849 iowait=0 irq=5 softirq=0 steal=0
[host_monotonic_s=133917.250234] RT_CPUSTAT sample=1 cpu=cpu0 user=362 nice=0 system=258 idle=2464 iowait=0 irq=42 softirq=2 steal=0
[host_monotonic_s=133917.265312] RT_CPUSTAT sample=1 cpu=cpu1 user=0 nice=0 system=4 idle=3245 iowait=0 irq=82 softirq=0 steal=0
[host_monotonic_s=133917.280798] RT_CPUSTAT sample=2 cpu=cpu0 user=744 nice=0 system=283 idle=2464 iowait=0 irq=64 softirq=2 steal=0
[host_monotonic_s=133917.296189] RT_CPUSTAT sample=2 cpu=cpu1 user=1 nice=0 system=6 idle=3656 iowait=0 irq=162 softirq=0 steal=0
[host_monotonic_s=133917.311844] RT_CPUSTAT sample=3 cpu=cpu0 user=1138 nice=0 system=318 idle=2464 iowait=0 irq=139 softirq=2 steal=0
[host_monotonic_s=133917.327284] RT_CPUSTAT sample=3 cpu=cpu1 user=1 nice=0 system=8 idle=4092 iowait=0 irq=244 softirq=0 steal=0
[host_monotonic_s=133917.343280] RT_CPUSTAT sample=4 cpu=cpu0 user=1557 nice=0 system=350 idle=2464 iowait=0 irq=162 softirq=3 steal=0
[host_monotonic_s=133917.359145] RT_CPUSTAT sample=4 cpu=cpu1 user=2 nice=0 system=11 idle=4439 iowait=0 irq=357 softirq=0 steal=0
[host_monotonic_s=133917.375116] RT_CPUSTAT sample=5 cpu=cpu0 user=2037 nice=0 system=350 idle=2464 iowait=0 irq=186 softirq=3 steal=0
[host_monotonic_s=133917.390482] RT_CPUSTAT sample=5 cpu=cpu1 user=3 nice=0 system=15 idle=4807 iowait=0 irq=447 softirq=0 steal=0
[host_monotonic_s=133917.406451] RT_CPUSTAT sample=6 cpu=cpu0 user=2514 nice=0 system=350 idle=2464 iowait=0 irq=211 softirq=3 steal=0
[host_monotonic_s=133917.421869] RT_CPUSTAT sample=6 cpu=cpu1 user=5 nice=0 system=18 idle=5172 iowait=0 irq=536 softirq=0 steal=0
[host_monotonic_s=133918.228986] RT_CPUSTAT sample=7 cpu=cpu0 user=2986 nice=0 system=359 idle=2464 iowait=0 irq=236 softirq=3 steal=0
[host_monotonic_s=133918.228997] RT_CPUSTAT sample=7 cpu=cpu1 user=5 nice=0 system=21 idle=5541 iowait=0 irq=626 softirq=0 steal=0
[host_monotonic_s=133918.228999] RT_CPUSTAT sample=8 cpu=cpu0 user=3458 nice=0 system=366 idle=2464 iowait=0 irq=261 softirq=4 steal=0
[host_monotonic_s=133918.250122] RT_CPUSTAT sample=8 cpu=cpu1 user=7 nice=0 system=22 idle=5908 iowait=0 irq=715 softirq=0 steal=0
[host_monotonic_s=133918.266311] RT_CPUSTAT sample=9 cpu=cpu0 user=3936 nice=0 system=366 idle=2464 iowait=0 irq=286 softirq=4 steal=0
[host_monotonic_s=133918.281869] RT_CPUSTAT sample=9 cpu=cpu1 user=8 nice=0 system=26 idle=6272 iowait=0 irq=806 softirq=1 steal=0
[host_monotonic_s=133918.298078] RT_CPUSTAT sample=10 cpu=cpu0 user=4402 nice=0 system=380 idle=2464 iowait=0 irq=311 softirq=4 steal=0
[host_monotonic_s=133918.313794] RT_CPUSTAT sample=10 cpu=cpu1 user=8 nice=0 system=28 idle=6638 iowait=0 irq=896 softirq=1 steal=0
[host_monotonic_s=133918.330529] RT_CPUSTAT sample=11 cpu=cpu0 user=4836 nice=0 system=426 idle=2464 iowait=0 irq=336 softirq=5 steal=0
[host_monotonic_s=133918.346005] RT_CPUSTAT sample=11 cpu=cpu1 user=9 nice=0 system=30 idle=7004 iowait=0 irq=987 softirq=1 steal=0
[host_monotonic_s=133918.362187] RT_CPUSTAT sample=12 cpu=cpu0 user=5279 nice=0 system=460 idle=2464 iowait=0 irq=361 softirq=5 steal=0
[host_monotonic_s=133918.378034] RT_CPUSTAT sample=12 cpu=cpu1 user=9 nice=0 system=32 idle=7369 iowait=0 irq=1078 softirq=1 steal=0
[host_monotonic_s=133918.394755] RT_CPUSTAT sample=13 cpu=cpu0 user=5738 nice=0 system=480 idle=2464 iowait=0 irq=387 softirq=5 steal=0
[host_monotonic_s=133918.410771] RT_CPUSTAT sample=13 cpu=cpu1 user=10 nice=0 system=34 idle=7735 iowait=0 irq=1167 softirq=1 steal=0
[host_monotonic_s=133918.427319] RT_CPUSTAT sample=14 cpu=cpu0 user=6189 nice=0 system=508 idle=2464 iowait=0 irq=412 softirq=5 steal=0
[host_monotonic_s=133918.443344] RT_CPUSTAT sample=14 cpu=cpu1 user=10 nice=0 system=35 idle=8100 iowait=0 irq=1258 softirq=1 steal=0
[host_monotonic_s=133918.459836] RT_CPUSTAT sample=15 cpu=cpu0 user=6635 nice=0 system=541 idle=2464 iowait=0 irq=437 softirq=6 steal=0
[host_monotonic_s=133918.475647] RT_CPUSTAT sample=15 cpu=cpu1 user=11 nice=0 system=38 idle=8465 iowait=0 irq=1348 softirq=1 steal=0
[host_monotonic_s=133918.779546] RT_CPUSTAT sample=16 cpu=cpu0 user=7054 nice=0 system=600 idle=2464 iowait=0 irq=463 softirq=6 steal=0
[host_monotonic_s=133918.779560] RT_CPUSTAT sample=16 cpu=cpu1 user=11 nice=0 system=39 idle=8831 iowait=0 irq=1439 softirq=1 steal=0
[host_monotonic_s=133918.786195] RT_CPUSTAT sample=17 cpu=cpu0 user=7522 nice=0 system=612 idle=2464 iowait=0 irq=487 softirq=6 steal=0
[host_monotonic_s=133918.801788] RT_CPUSTAT sample=17 cpu=cpu1 user=11 nice=0 system=42 idle=9196 iowait=0 irq=1530 softirq=2 steal=0
[host_monotonic_s=133918.817790] RT_CPUSTAT sample=18 cpu=cpu0 user=7970 nice=0 system=643 idle=2464 iowait=0 irq=512 softirq=7 steal=0
[host_monotonic_s=133918.833880] RT_CPUSTAT sample=18 cpu=cpu1 user=12 nice=0 system=44 idle=9561 iowait=0 irq=1622 softirq=2 steal=0
[host_monotonic_s=133918.849854] RT_CPUSTAT sample=19 cpu=cpu0 user=8431 nice=0 system=659 idle=2464 iowait=0 irq=538 softirq=7 steal=0
[host_monotonic_s=133918.865646] RT_CPUSTAT sample=19 cpu=cpu1 user=12 nice=0 system=46 idle=9928 iowait=0 irq=1712 softirq=2 steal=0
[host_monotonic_s=133918.881856] RT_CPUSTAT sample=20 cpu=cpu0 user=8895 nice=0 system=674 idle=2464 iowait=0 irq=564 softirq=7 steal=0
[host_monotonic_s=133918.898415] RT_CPUSTAT sample=20 cpu=cpu1 user=12 nice=0 system=48 idle=10294 iowait=0 irq=1804 softirq=2 steal=0
[host_monotonic_s=133918.914975] RT_CPUSTAT sample=21 cpu=cpu0 user=9374 nice=0 system=675 idle=2464 iowait=0 irq=589 softirq=8 steal=0
[host_monotonic_s=133918.931026] RT_CPUSTAT sample=21 cpu=cpu1 user=13 nice=0 system=50 idle=10662 iowait=0 irq=1894 softirq=2 steal=0
[host_monotonic_s=133918.947711] RT_CPUSTAT sample=22 cpu=cpu0 user=9840 nice=0 system=686 idle=2464 iowait=0 irq=614 softirq=8 steal=0
[host_monotonic_s=133918.963693] RT_CPUSTAT sample=22 cpu=cpu1 user=13 nice=0 system=51 idle=11026 iowait=0 irq=1986 softirq=2 steal=0
[host_monotonic_s=133918.980806] RT_CPUSTAT sample=23 cpu=cpu0 user=10303 nice=0 system=701 idle=2464 iowait=0 irq=639 softirq=8 steal=0
[host_monotonic_s=133918.997353] RT_CPUSTAT sample=23 cpu=cpu1 user=14 nice=0 system=53 idle=11392 iowait=0 irq=2075 softirq=2 steal=0
[host_monotonic_s=133919.013864] RT_CPUSTAT sample=24 cpu=cpu0 user=10780 nice=0 system=703 idle=2464 iowait=0 irq=664 softirq=8 steal=0
[host_monotonic_s=133919.329856] RT_CPUSTAT sample=24 cpu=cpu1 user=14 nice=0 system=56 idle=11756 iowait=0 irq=2165 softirq=2 steal=0
[host_monotonic_s=133919.329868] RT_CPUSTAT sample=25 cpu=cpu0 user=11258 nice=0 system=704 idle=2464 iowait=0 irq=689 softirq=9 steal=0
[host_monotonic_s=133919.329871] RT_CPUSTAT sample=25 cpu=cpu1 user=16 nice=0 system=58 idle=12120 iowait=0 irq=2256 softirq=2 steal=0
[host_monotonic_s=133919.340964] RT_CPUSTAT sample=26 cpu=cpu0 user=11697 nice=0 system=744 idle=2464 iowait=0 irq=714 softirq=9 steal=0
[host_monotonic_s=133919.357403] RT_CPUSTAT sample=26 cpu=cpu1 user=16 nice=0 system=61 idle=12485 iowait=0 irq=2348 softirq=3 steal=0
[host_monotonic_s=133920.161606] RT_CPUSTAT sample=27 cpu=cpu0 user=12150 nice=0 system=769 idle=2464 iowait=0 irq=740 softirq=9 steal=0
[host_monotonic_s=133920.161620] RT_CPUSTAT sample=27 cpu=cpu1 user=16 nice=0 system=63 idle=12852 iowait=0 irq=2438 softirq=3 steal=0
[host_monotonic_s=133920.168884] RT_CPUSTAT sample=28 cpu=cpu0 user=12601 nice=0 system=795 idle=2464 iowait=0 irq=766 softirq=10 steal=0
[host_monotonic_s=133920.184739] RT_CPUSTAT sample=28 cpu=cpu1 user=17 nice=0 system=66 idle=13214 iowait=0 irq=2529 softirq=3 steal=0
[host_monotonic_s=133920.201053] RT_CPUSTAT sample=29 cpu=cpu0 user=13066 nice=0 system=808 idle=2464 iowait=0 irq=791 softirq=10 steal=0
[host_monotonic_s=133920.217316] RT_CPUSTAT sample=29 cpu=cpu1 user=17 nice=0 system=68 idle=13580 iowait=0 irq=2620 softirq=3 steal=0
[host_monotonic_s=133920.233717] RT_CPUSTAT sample=30 cpu=cpu0 user=13513 nice=0 system=840 idle=2464 iowait=0 irq=817 softirq=10 steal=0
[host_monotonic_s=133920.250269] RT_CPUSTAT sample=30 cpu=cpu1 user=18 nice=0 system=71 idle=13944 iowait=0 irq=2711 softirq=3 steal=0
[host_monotonic_s=133920.267349] RT_CPUSTAT sample=31 cpu=cpu0 user=13947 nice=0 system=885 idle=2464 iowait=0 irq=843 softirq=10 steal=0
[host_monotonic_s=133920.283427] RT_CPUSTAT sample=31 cpu=cpu1 user=18 nice=0 system=73 idle=14312 iowait=0 irq=2801 softirq=3 steal=0
[host_monotonic_s=133920.300258] RT_CPUSTAT sample=32 cpu=cpu0 user=14392 nice=0 system=918 idle=2464 iowait=0 irq=868 softirq=11 steal=0
[host_monotonic_s=133920.316077] RT_CPUSTAT sample=32 cpu=cpu1 user=19 nice=0 system=75 idle=14678 iowait=0 irq=2891 softirq=3 steal=0
[host_monotonic_s=133920.332195] RT_CPUSTAT sample=33 cpu=cpu0 user=14853 nice=0 system=936 idle=2464 iowait=0 irq=893 softirq=11 steal=0
[host_monotonic_s=133920.348181] RT_CPUSTAT sample=33 cpu=cpu1 user=20 nice=0 system=77 idle=15042 iowait=0 irq=2984 softirq=3 steal=0
[host_monotonic_s=133920.365098] RT_CPUSTAT sample=34 cpu=cpu0 user=15307 nice=0 system=961 idle=2464 iowait=0 irq=918 softirq=11 steal=0
[host_monotonic_s=133920.380814] RT_CPUSTAT sample=34 cpu=cpu1 user=20 nice=0 system=79 idle=15408 iowait=0 irq=3076 softirq=4 steal=0
[host_monotonic_s=133920.397322] RT_CPUSTAT sample=35 cpu=cpu0 user=15755 nice=0 system=993 idle=2464 iowait=0 irq=943 softirq=12 steal=0
[host_monotonic_s=133920.711728] RT_CPUSTAT sample=35 cpu=cpu1 user=22 nice=0 system=82 idle=15776 iowait=0 irq=3166 softirq=4 steal=0
[host_monotonic_s=133920.711739] RT_CPUSTAT sample=36 cpu=cpu0 user=16231 nice=0 system=994 idle=2464 iowait=0 irq=968 softirq=12 steal=0
[host_monotonic_s=133920.711741] RT_CPUSTAT sample=36 cpu=cpu1 user=23 nice=0 system=84 idle=16139 iowait=0 irq=3258 softirq=4 steal=0
[host_monotonic_s=133920.725253] RT_CPUSTAT sample=37 cpu=cpu0 user=16710 nice=0 system=994 idle=2464 iowait=0 irq=994 softirq=12 steal=0
[host_monotonic_s=133920.741305] RT_CPUSTAT sample=37 cpu=cpu1 user=23 nice=0 system=87 idle=16503 iowait=0 irq=3348 softirq=4 steal=0
[host_monotonic_s=133920.758511] RT_CPUSTAT sample=38 cpu=cpu0 user=17184 nice=0 system=998 idle=2464 iowait=0 irq=1019 softirq=13 steal=0
[host_monotonic_s=133920.774747] RT_CPUSTAT sample=38 cpu=cpu1 user=24 nice=0 system=89 idle=16868 iowait=0 irq=3439 softirq=4 steal=0
[host_monotonic_s=133920.791532] RT_CPUSTAT sample=39 cpu=cpu0 user=17655 nice=0 system=1007 idle=2464 iowait=0 irq=1044 softirq=13 steal=0
[host_monotonic_s=133920.807706] RT_CPUSTAT sample=39 cpu=cpu1 user=25 nice=0 system=91 idle=17233 iowait=0 irq=3529 softirq=4 steal=0
[host_monotonic_s=133920.824632] RT_CPUSTAT sample=40 cpu=cpu0 user=18131 nice=0 system=1008 idle=2464 iowait=0 irq=1069 softirq=13 steal=0
[host_monotonic_s=133920.840894] RT_CPUSTAT sample=40 cpu=cpu1 user=25 nice=0 system=93 idle=17598 iowait=0 irq=3618 softirq=4 steal=0
[host_monotonic_s=133920.857721] RT_CPUSTAT sample=41 cpu=cpu0 user=18593 nice=0 system=1026 idle=2464 iowait=0 irq=1095 softirq=13 steal=0
[host_monotonic_s=133920.873645] RT_CPUSTAT sample=41 cpu=cpu1 user=25 nice=0 system=94 idle=17964 iowait=0 irq=3710 softirq=4 steal=0
[host_monotonic_s=133920.890548] RT_CPUSTAT sample=42 cpu=cpu0 user=19033 nice=0 system=1065 idle=2464 iowait=0 irq=1121 softirq=14 steal=0
[host_monotonic_s=133920.906850] RT_CPUSTAT sample=42 cpu=cpu1 user=26 nice=0 system=97 idle=18328 iowait=0 irq=3802 softirq=5 steal=0
[host_monotonic_s=133920.923427] RT_CPUSTAT sample=43 cpu=cpu0 user=19474 nice=0 system=1102 idle=2464 iowait=0 irq=1147 softirq=14 steal=0
[host_monotonic_s=133920.939786] RT_CPUSTAT sample=43 cpu=cpu1 user=26 nice=0 system=100 idle=18693 iowait=0 irq=3895 softirq=5 steal=0
[host_monotonic_s=133920.956885] RT_CPUSTAT sample=44 cpu=cpu0 user=19937 nice=0 system=1115 idle=2464 iowait=0 irq=1172 softirq=14 steal=0
[host_monotonic_s=133921.262256] RT_CPUSTAT sample=44 cpu=cpu1 user=26 nice=0 system=102 idle=19056 iowait=0 irq=3985 softirq=5 steal=0
[host_monotonic_s=133921.262271] RT_CPUSTAT sample=45 cpu=cpu0 user=20403 nice=0 system=1128 idle=2464 iowait=0 irq=1198 softirq=15 steal=0
[host_monotonic_s=133921.267927] RT_CPUSTAT sample=45 cpu=cpu1 user=27 nice=0 system=105 idle=19418 iowait=0 irq=4077 softirq=5 steal=0
[host_monotonic_s=133921.285186] RT_CPUSTAT sample=46 cpu=cpu0 user=20845 nice=0 system=1166 idle=2464 iowait=0 irq=1223 softirq=15 steal=0
[host_monotonic_s=133922.088643] RT_CPUSTAT sample=46 cpu=cpu1 user=28 nice=0 system=108 idle=19782 iowait=0 irq=4170 softirq=5 steal=0
[host_monotonic_s=133922.088655] RT_CPUSTAT sample=47 cpu=cpu0 user=21274 nice=0 system=1214 idle=2464 iowait=0 irq=1249 softirq=15 steal=0
[host_monotonic_s=133922.095887] RT_CPUSTAT sample=47 cpu=cpu1 user=29 nice=0 system=110 idle=20147 iowait=0 irq=4261 softirq=5 steal=0
[host_monotonic_s=133922.112497] RT_CPUSTAT sample=48 cpu=cpu0 user=21741 nice=0 system=1226 idle=2464 iowait=0 irq=1274 softirq=16 steal=0
[host_monotonic_s=133922.128890] RT_CPUSTAT sample=48 cpu=cpu1 user=30 nice=0 system=112 idle=20512 iowait=0 irq=4353 softirq=5 steal=0
[host_monotonic_s=133922.145824] RT_CPUSTAT sample=49 cpu=cpu0 user=22172 nice=0 system=1273 idle=2464 iowait=0 irq=1299 softirq=16 steal=0
[host_monotonic_s=133922.164439] RT_CPUSTAT sample=49 cpu=cpu1 user=30 nice=0 system=116 idle=20878 iowait=0 irq=4443 softirq=5 steal=0
[host_monotonic_s=133922.181176] RT_CPUSTAT sample=50 cpu=cpu0 user=22625 nice=0 system=1299 idle=2464 iowait=0 irq=1324 softirq=16 steal=0
[host_monotonic_s=133922.197950] RT_CPUSTAT sample=50 cpu=cpu1 user=31 nice=0 system=119 idle=21242 iowait=0 irq=4535 softirq=5 steal=0
[host_monotonic_s=133922.215258] RT_CPUSTAT sample=51 cpu=cpu0 user=23099 nice=0 system=1306 idle=2464 iowait=0 irq=1349 softirq=17 steal=0
[host_monotonic_s=133922.231623] RT_CPUSTAT sample=51 cpu=cpu1 user=32 nice=0 system=122 idle=21610 iowait=0 irq=4624 softirq=6 steal=0
[host_monotonic_s=133922.248656] RT_CPUSTAT sample=52 cpu=cpu0 user=23575 nice=0 system=1306 idle=2464 iowait=0 irq=1375 softirq=17 steal=0
[host_monotonic_s=133922.265343] RT_CPUSTAT sample=52 cpu=cpu1 user=33 nice=0 system=126 idle=21975 iowait=0 irq=4714 softirq=6 steal=0
[host_monotonic_s=133922.281994] RT_CPUSTAT sample=53 cpu=cpu0 user=24046 nice=0 system=1314 idle=2464 iowait=0 irq=1400 softirq=17 steal=0
[host_monotonic_s=133922.298084] RT_CPUSTAT sample=53 cpu=cpu1 user=33 nice=0 system=129 idle=22336 iowait=0 irq=4807 softirq=6 steal=0
[host_monotonic_s=133922.314614] RT_CPUSTAT sample=54 cpu=cpu0 user=24519 nice=0 system=1321 idle=2464 iowait=0 irq=1426 softirq=17 steal=0
[host_monotonic_s=133922.330526] RT_CPUSTAT sample=54 cpu=cpu1 user=33 nice=0 system=131 idle=22700 iowait=0 irq=4901 softirq=6 steal=0
[host_monotonic_s=133922.639336] RT_CPUSTAT sample=55 cpu=cpu0 user=24996 nice=0 system=1324 idle=2464 iowait=0 irq=1451 softirq=18 steal=0
[host_monotonic_s=133922.639351] RT_CPUSTAT sample=55 cpu=cpu1 user=34 nice=0 system=133 idle=23064 iowait=0 irq=4991 softirq=6 steal=0
[host_monotonic_s=133922.639355] RT_CPUSTAT sample=56 cpu=cpu0 user=25473 nice=0 system=1325 idle=2464 iowait=0 irq=1477 softirq=18 steal=0
[host_monotonic_s=133922.658649] RT_CPUSTAT sample=56 cpu=cpu1 user=34 nice=0 system=135 idle=23431 iowait=0 irq=5082 softirq=6 steal=0
[host_monotonic_s=133922.675495] RT_CPUSTAT sample=57 cpu=cpu0 user=25900 nice=0 system=1375 idle=2464 iowait=0 irq=1502 softirq=18 steal=0
[host_monotonic_s=133922.691349] RT_CPUSTAT sample=57 cpu=cpu1 user=35 nice=0 system=137 idle=23796 iowait=0 irq=5173 softirq=6 steal=0
[host_monotonic_s=133922.708138] RT_CPUSTAT sample=58 cpu=cpu0 user=26353 nice=0 system=1402 idle=2464 iowait=0 irq=1528 softirq=19 steal=0
[host_monotonic_s=133922.724150] RT_CPUSTAT sample=58 cpu=cpu1 user=36 nice=0 system=139 idle=24161 iowait=0 irq=5265 softirq=6 steal=0
[host_monotonic_s=133922.740788] RT_CPUSTAT sample=59 cpu=cpu0 user=26799 nice=0 system=1436 idle=2464 iowait=0 irq=1553 softirq=19 steal=0
[host_monotonic_s=133922.757283] RT_CPUSTAT sample=59 cpu=cpu1 user=37 nice=0 system=142 idle=24527 iowait=0 irq=5357 softirq=6 steal=0
[host_monotonic_s=133922.774049] RT_CPUSTAT sample=60 cpu=cpu0 user=27265 nice=0 system=1449 idle=2464 iowait=0 irq=1578 softirq=19 steal=0
[host_monotonic_s=133922.790008] RT_CPUSTAT sample=60 cpu=cpu1 user=37 nice=0 system=144 idle=24892 iowait=0 irq=5448 softirq=7 steal=0
[host_monotonic_s=133922.806522] RT_CPUSTAT sample=61 cpu=cpu0 user=27718 nice=0 system=1473 idle=2464 iowait=0 irq=1603 softirq=20 steal=0
[host_monotonic_s=133922.822684] RT_CPUSTAT sample=61 cpu=cpu1 user=38 nice=0 system=147 idle=25255 iowait=0 irq=5540 softirq=7 steal=0
[host_monotonic_s=133922.839504] RT_CPUSTAT sample=62 cpu=cpu0 user=28157 nice=0 system=1512 idle=2464 iowait=0 irq=1629 softirq=20 steal=0
[host_monotonic_s=133922.855965] RT_CPUSTAT sample=62 cpu=cpu1 user=39 nice=0 system=149 idle=25620 iowait=0 irq=5631 softirq=7 steal=0
[host_monotonic_s=133922.872423] RT_CPUSTAT sample=63 cpu=cpu0 user=28613 nice=0 system=1535 idle=2464 iowait=0 irq=1654 softirq=20 steal=0
[host_monotonic_s=133923.189743] RT_CPUSTAT sample=63 cpu=cpu1 user=40 nice=0 system=150 idle=25985 iowait=0 irq=5721 softirq=7 steal=0
[host_monotonic_s=133923.189759] RT_CPUSTAT sample=64 cpu=cpu0 user=29061 nice=0 system=1564 idle=2464 iowait=0 irq=1680 softirq=20 steal=0
[host_monotonic_s=133923.189763] RT_CPUSTAT sample=64 cpu=cpu1 user=41 nice=0 system=152 idle=26349 iowait=0 irq=5812 softirq=7 steal=0
[host_monotonic_s=133923.202851] RT_CPUSTAT sample=65 cpu=cpu0 user=29519 nice=0 system=1586 idle=2464 iowait=0 irq=1705 softirq=21 steal=0
[host_monotonic_s=133924.017650] RT_CPUSTAT sample=65 cpu=cpu1 user=42 nice=0 system=154 idle=26714 iowait=0 irq=5902 softirq=7 steal=0
[host_monotonic_s=133924.017664] RT_CPUSTAT sample=66 cpu=cpu0 user=29973 nice=0 system=1611 idle=2464 iowait=0 irq=1731 softirq=21 steal=0
[host_monotonic_s=133924.017668] RT_CPUSTAT sample=66 cpu=cpu1 user=42 nice=0 system=157 idle=27079 iowait=0 irq=5995 softirq=7 steal=0
[host_monotonic_s=133924.035624] RT_CPUSTAT sample=67 cpu=cpu0 user=30452 nice=0 system=1611 idle=2464 iowait=0 irq=1757 softirq=21 steal=0
[host_monotonic_s=133924.051946] RT_CPUSTAT sample=67 cpu=cpu1 user=44 nice=0 system=159 idle=27444 iowait=0 irq=6086 softirq=8 steal=0
[host_monotonic_s=133924.069600] RT_CPUSTAT sample=68 cpu=cpu0 user=30930 nice=0 system=1612 idle=2464 iowait=0 irq=1782 softirq=22 steal=0
[host_monotonic_s=133924.085840] RT_CPUSTAT sample=68 cpu=cpu1 user=44 nice=0 system=161 idle=27808 iowait=0 irq=6177 softirq=8 steal=0
[host_monotonic_s=133924.102425] RT_CPUSTAT sample=69 cpu=cpu0 user=31398 nice=0 system=1622 idle=2464 iowait=0 irq=1808 softirq=22 steal=0
[host_monotonic_s=133924.118433] RT_CPUSTAT sample=69 cpu=cpu1 user=44 nice=0 system=163 idle=28172 iowait=0 irq=6268 softirq=8 steal=0
[host_monotonic_s=133924.135305] RT_CPUSTAT sample=70 cpu=cpu0 user=31870 nice=0 system=1630 idle=2464 iowait=0 irq=1833 softirq=22 steal=0
[host_monotonic_s=133924.151511] RT_CPUSTAT sample=70 cpu=cpu1 user=45 nice=0 system=165 idle=28535 iowait=0 irq=6361 softirq=8 steal=0
[host_monotonic_s=133924.168073] RT_CPUSTAT sample=71 cpu=cpu0 user=32347 nice=0 system=1630 idle=2464 iowait=0 irq=1858 softirq=22 steal=0
[host_monotonic_s=133924.184038] RT_CPUSTAT sample=71 cpu=cpu1 user=45 nice=0 system=166 idle=28900 iowait=0 irq=6452 softirq=8 steal=0
[host_monotonic_s=133924.200892] RT_CPUSTAT sample=72 cpu=cpu0 user=32799 nice=0 system=1658 idle=2464 iowait=0 irq=1884 softirq=23 steal=0
[host_monotonic_s=133924.217438] RT_CPUSTAT sample=72 cpu=cpu1 user=45 nice=0 system=169 idle=29267 iowait=0 irq=6544 softirq=8 steal=0
[host_monotonic_s=133924.234456] RT_CPUSTAT sample=73 cpu=cpu0 user=33248 nice=0 system=1688 idle=2464 iowait=0 irq=1909 softirq=23 steal=0
[host_monotonic_s=133924.250337] RT_CPUSTAT sample=73 cpu=cpu1 user=46 nice=0 system=169 idle=29634 iowait=0 irq=6635 softirq=8 steal=0
[host_monotonic_s=133924.267078] RT_CPUSTAT sample=74 cpu=cpu0 user=33701 nice=0 system=1714 idle=2464 iowait=0 irq=1935 softirq=23 steal=0
[host_monotonic_s=133924.568058] RT_CPUSTAT sample=74 cpu=cpu1 user=47 nice=0 system=171 idle=30001 iowait=0 irq=6727 softirq=8 steal=0
[host_monotonic_s=133924.568074] RT_CPUSTAT sample=75 cpu=cpu0 user=34157 nice=0 system=1737 idle=2464 iowait=0 irq=1960 softirq=24 steal=0
[host_monotonic_s=133924.578662] RT_CPUSTAT sample=75 cpu=cpu1 user=47 nice=0 system=173 idle=30366 iowait=0 irq=6818 softirq=9 steal=0
[host_monotonic_s=133924.595186] RT_CPUSTAT sample=76 cpu=cpu0 user=34619 nice=0 system=1754 idle=2464 iowait=0 irq=1985 softirq=24 steal=0
[host_monotonic_s=133924.611192] RT_CPUSTAT sample=76 cpu=cpu1 user=48 nice=0 system=175 idle=30732 iowait=0 irq=6908 softirq=9 steal=0
[host_monotonic_s=133924.627859] RT_CPUSTAT sample=77 cpu=cpu0 user=35062 nice=0 system=1790 idle=2464 iowait=0 irq=2011 softirq=24 steal=0
[host_monotonic_s=133924.643690] RT_CPUSTAT sample=77 cpu=cpu1 user=49 nice=0 system=177 idle=31098 iowait=0 irq=6999 softirq=9 steal=0
[host_monotonic_s=133924.660110] RT_CPUSTAT sample=78 cpu=cpu0 user=35478 nice=0 system=1853 idle=2464 iowait=0 irq=2037 softirq=25 steal=0
[host_monotonic_s=133924.676266] RT_CPUSTAT sample=78 cpu=cpu1 user=49 nice=0 system=179 idle=31461 iowait=0 irq=7092 softirq=9 steal=0
[host_monotonic_s=133924.692565] RT_CPUSTAT sample=79 cpu=cpu0 user=35949 nice=0 system=1860 idle=2464 iowait=0 irq=2062 softirq=25 steal=0
[host_monotonic_s=133924.708686] RT_CPUSTAT sample=79 cpu=cpu1 user=49 nice=0 system=181 idle=31825 iowait=0 irq=7183 softirq=9 steal=0
[host_monotonic_s=133924.725402] RT_CPUSTAT sample=80 cpu=cpu0 user=36391 nice=0 system=1896 idle=2464 iowait=0 irq=2088 softirq=25 steal=0
[host_monotonic_s=133924.741160] RT_CPUSTAT sample=80 cpu=cpu1 user=49 nice=0 system=183 idle=32188 iowait=0 irq=7276 softirq=9 steal=0
[host_monotonic_s=133924.758121] RT_CPUSTAT sample=81 cpu=cpu0 user=36845 nice=0 system=1921 idle=2464 iowait=0 irq=2114 softirq=26 steal=0
[host_monotonic_s=133924.774129] RT_CPUSTAT sample=81 cpu=cpu1 user=49 nice=0 system=186 idle=32552 iowait=0 irq=7369 softirq=9 steal=0
[host_monotonic_s=133924.791145] RT_CPUSTAT sample=82 cpu=cpu0 user=37314 nice=0 system=1930 idle=2464 iowait=0 irq=2140 softirq=26 steal=0
[host_monotonic_s=133924.807425] RT_CPUSTAT sample=82 cpu=cpu1 user=50 nice=0 system=187 idle=32915 iowait=0 irq=7460 softirq=9 steal=0
[host_monotonic_s=133925.118198] RT_CPUSTAT sample=83 cpu=cpu0 user=37792 nice=0 system=1931 idle=2464 iowait=0 irq=2166 softirq=26 steal=0
[host_monotonic_s=133925.118210] RT_CPUSTAT sample=83 cpu=cpu1 user=51 nice=0 system=190 idle=33277 iowait=0 irq=7552 softirq=9 steal=0
[host_monotonic_s=133925.118212] RT_CPUSTAT sample=84 cpu=cpu0 user=38262 nice=0 system=1940 idle=2464 iowait=0 irq=2192 softirq=26 steal=0
[host_monotonic_s=133925.135297] RT_CPUSTAT sample=84 cpu=cpu1 user=51 nice=0 system=191 idle=33643 iowait=0 irq=7642 softirq=10 steal=0
[host_monotonic_s=133925.944161] RT_CPUSTAT sample=85 cpu=cpu0 user=38738 nice=0 system=1945 idle=2464 iowait=0 irq=2217 softirq=27 steal=0
[host_monotonic_s=133925.944173] RT_CPUSTAT sample=85 cpu=cpu1 user=52 nice=0 system=194 idle=34012 iowait=0 irq=7733 softirq=10 steal=0
[host_monotonic_s=133925.944176] RT_CPUSTAT sample=86 cpu=cpu0 user=39213 nice=0 system=1947 idle=2464 iowait=0 irq=2242 softirq=27 steal=0
[host_monotonic_s=133925.963631] RT_CPUSTAT sample=86 cpu=cpu1 user=52 nice=0 system=196 idle=34380 iowait=0 irq=7822 softirq=10 steal=0
[host_monotonic_s=133925.980605] RT_CPUSTAT sample=87 cpu=cpu0 user=39693 nice=0 system=1947 idle=2464 iowait=0 irq=2267 softirq=27 steal=0
[host_monotonic_s=133925.997308] RT_CPUSTAT sample=87 cpu=cpu1 user=53 nice=0 system=198 idle=34747 iowait=0 irq=7914 softirq=10 steal=0
[host_monotonic_s=133926.013897] RT_CPUSTAT sample=88 cpu=cpu0 user=40127 nice=0 system=1990 idle=2464 iowait=0 irq=2293 softirq=28 steal=0
[host_monotonic_s=133926.030106] RT_CPUSTAT sample=88 cpu=cpu1 user=53 nice=0 system=200 idle=35114 iowait=0 irq=8005 softirq=10 steal=0
[host_monotonic_s=133926.046808] RT_CPUSTAT sample=89 cpu=cpu0 user=40591 nice=0 system=2004 idle=2464 iowait=0 irq=2318 softirq=28 steal=0
[host_monotonic_s=133926.063198] RT_CPUSTAT sample=89 cpu=cpu1 user=54 nice=0 system=202 idle=35478 iowait=0 irq=8096 softirq=10 steal=0
[host_monotonic_s=133926.079878] RT_CPUSTAT sample=90 cpu=cpu0 user=41030 nice=0 system=2045 idle=2464 iowait=0 irq=2344 softirq=28 steal=0
[host_monotonic_s=133926.095933] RT_CPUSTAT sample=90 cpu=cpu1 user=55 nice=0 system=205 idle=35843 iowait=0 irq=8187 softirq=10 steal=0
[host_monotonic_s=133926.112592] RT_CPUSTAT sample=91 cpu=cpu0 user=41498 nice=0 system=2056 idle=2464 iowait=0 irq=2369 softirq=29 steal=0
[host_monotonic_s=133926.128877] RT_CPUSTAT sample=91 cpu=cpu1 user=56 nice=0 system=207 idle=36207 iowait=0 irq=8279 softirq=10 steal=0
[host_monotonic_s=133926.146376] RT_CPUSTAT sample=92 cpu=cpu0 user=41940 nice=0 system=2091 idle=2464 iowait=0 irq=2395 softirq=29 steal=0
[host_monotonic_s=133926.164392] RT_CPUSTAT sample=92 cpu=cpu1 user=56 nice=0 system=208 idle=36571 iowait=0 irq=8372 softirq=10 steal=0
[host_monotonic_s=133926.181936] RT_CPUSTAT sample=93 cpu=cpu0 user=42368 nice=0 system=2142 idle=2464 iowait=0 irq=2421 softirq=29 steal=0
[host_monotonic_s=133926.494522] RT_CPUSTAT sample=93 cpu=cpu1 user=56 nice=0 system=210 idle=36935 iowait=0 irq=8464 softirq=11 steal=0
[host_monotonic_s=133926.494534] RT_CPUSTAT sample=94 cpu=cpu0 user=42818 nice=0 system=2169 idle=2464 iowait=0 irq=2447 softirq=29 steal=0
[host_monotonic_s=133926.494536] RT_CPUSTAT sample=94 cpu=cpu1 user=57 nice=0 system=211 idle=37301 iowait=0 irq=8555 softirq=11 steal=0
[host_monotonic_s=133926.510173] RT_CPUSTAT sample=95 cpu=cpu0 user=43256 nice=0 system=2209 idle=2464 iowait=0 irq=2473 softirq=30 steal=0
[host_monotonic_s=133926.527306] RT_CPUSTAT sample=95 cpu=cpu1 user=57 nice=0 system=214 idle=37665 iowait=0 irq=8646 softirq=11 steal=0
[host_monotonic_s=133926.544916] RT_CPUSTAT sample=96 cpu=cpu0 user=43710 nice=0 system=2233 idle=2464 iowait=0 irq=2498 softirq=30 steal=0
[host_monotonic_s=133926.561417] RT_CPUSTAT sample=96 cpu=cpu1 user=58 nice=0 system=217 idle=38030 iowait=0 irq=8737 softirq=11 steal=0
[host_monotonic_s=133926.580258] RT_CPUSTAT sample=97 cpu=cpu0 user=44166 nice=0 system=2255 idle=2464 iowait=0 irq=2524 softirq=30 steal=0
[host_monotonic_s=133926.596817] RT_CPUSTAT sample=97 cpu=cpu1 user=59 nice=0 system=219 idle=38396 iowait=0 irq=8828 softirq=11 steal=0
[host_monotonic_s=133926.613355] RT_CPUSTAT sample=98 cpu=cpu0 user=44644 nice=0 system=2256 idle=2464 iowait=0 irq=2549 softirq=31 steal=0
[host_monotonic_s=133926.629612] RT_CPUSTAT sample=98 cpu=cpu1 user=59 nice=0 system=221 idle=38763 iowait=0 irq=8919 softirq=11 steal=0
[host_monotonic_s=133926.646250] RT_CPUSTAT sample=99 cpu=cpu0 user=45122 nice=0 system=2256 idle=2464 iowait=0 irq=2574 softirq=31 steal=0
[host_monotonic_s=133926.662217] RT_CPUSTAT sample=99 cpu=cpu1 user=59 nice=0 system=223 idle=39128 iowait=0 irq=9010 softirq=11 steal=0
[host_monotonic_s=133926.679372] RT_CPUSTAT sample=100 cpu=cpu0 user=45594 nice=0 system=2265 idle=2464 iowait=0 irq=2599 softirq=31 steal=0
[host_monotonic_s=133926.695281] RT_CPUSTAT sample=100 cpu=cpu1 user=60 nice=0 system=225 idle=39495 iowait=0 irq=9102 softirq=11 steal=0
[host_monotonic_s=133926.711315] RT_CPUSTAT sample=101 cpu=cpu0 user=46042 nice=0 system=2296 idle=2464 iowait=0 irq=2625 softirq=32 steal=0
[host_monotonic_s=133926.728017] RT_CPUSTAT sample=101 cpu=cpu1 user=60 nice=0 system=227 idle=39861 iowait=0 irq=9195 softirq=12 steal=0
[host_monotonic_s=133927.045012] RT_CPUSTAT sample=102 cpu=cpu0 user=46519 nice=0 system=2297 idle=2464 iowait=0 irq=2650 softirq=32 steal=0
[host_monotonic_s=133927.045032] RT_CPUSTAT sample=102 cpu=cpu1 user=60 nice=0 system=229 idle=40225 iowait=0 irq=9286 softirq=12 steal=0
[host_monotonic_s=133927.045037] RT_CPUSTAT sample=103 cpu=cpu0 user=46983 nice=0 system=2313 idle=2464 iowait=0 irq=2675 softirq=32 steal=0
[host_monotonic_s=133927.056799] RT_CPUSTAT sample=103 cpu=cpu1 user=60 nice=0 system=234 idle=40589 iowait=0 irq=9378 softirq=12 steal=0
[host_monotonic_s=133927.871935] RT_CPUSTAT sample=104 cpu=cpu0 user=47422 nice=0 system=2352 idle=2464 iowait=0 irq=2700 softirq=32 steal=0
[host_monotonic_s=133927.871949] RT_CPUSTAT sample=104 cpu=cpu1 user=61 nice=0 system=237 idle=40950 iowait=0 irq=9471 softirq=12 steal=0
[host_monotonic_s=133927.871953] RT_CPUSTAT sample=105 cpu=cpu0 user=47881 nice=0 system=2371 idle=2464 iowait=0 irq=2726 softirq=33 steal=0
[host_monotonic_s=133927.886644] RT_CPUSTAT sample=105 cpu=cpu1 user=62 nice=0 system=239 idle=41314 iowait=0 irq=9561 softirq=12 steal=0
[host_monotonic_s=133927.903701] RT_CPUSTAT sample=106 cpu=cpu0 user=48335 nice=0 system=2395 idle=2464 iowait=0 irq=2752 softirq=33 steal=0
[host_monotonic_s=133927.920630] RT_CPUSTAT sample=106 cpu=cpu1 user=62 nice=0 system=242 idle=41680 iowait=0 irq=9654 softirq=12 steal=0
[host_monotonic_s=133927.938560] RT_CPUSTAT sample=107 cpu=cpu0 user=48797 nice=0 system=2414 idle=2464 iowait=0 irq=2778 softirq=33 steal=0
[host_monotonic_s=133927.955407] RT_CPUSTAT sample=107 cpu=cpu1 user=62 nice=0 system=244 idle=42047 iowait=0 irq=9744 softirq=12 steal=0
[host_monotonic_s=133927.972468] RT_CPUSTAT sample=108 cpu=cpu0 user=49250 nice=0 system=2438 idle=2464 iowait=0 irq=2803 softirq=34 steal=0
[host_monotonic_s=133927.988967] RT_CPUSTAT sample=108 cpu=cpu1 user=62 nice=0 system=246 idle=42412 iowait=0 irq=9835 softirq=12 steal=0
[host_monotonic_s=133928.006324] RT_CPUSTAT sample=109 cpu=cpu0 user=49670 nice=0 system=2497 idle=2464 iowait=0 irq=2830 softirq=34 steal=0
[host_monotonic_s=133928.022589] RT_CPUSTAT sample=109 cpu=cpu1 user=63 nice=0 system=249 idle=42777 iowait=0 irq=9928 softirq=13 steal=0
[host_monotonic_s=133928.039719] RT_CPUSTAT sample=110 cpu=cpu0 user=50143 nice=0 system=2502 idle=2464 iowait=0 irq=2855 softirq=34 steal=0
[host_monotonic_s=133928.056722] RT_CPUSTAT sample=110 cpu=cpu1 user=63 nice=0 system=252 idle=43140 iowait=0 irq=10022 softirq=13 steal=0
[host_monotonic_s=133928.073574] RT_CPUSTAT sample=111 cpu=cpu0 user=50579 nice=0 system=2545 idle=2464 iowait=0 irq=2880 softirq=35 steal=0
[host_monotonic_s=133928.089998] RT_CPUSTAT sample=111 cpu=cpu1 user=64 nice=0 system=254 idle=43503 iowait=0 irq=10114 softirq=13 steal=0
[host_monotonic_s=133928.106776] RT_CPUSTAT sample=112 cpu=cpu0 user=51037 nice=0 system=2566 idle=2464 iowait=0 irq=2906 softirq=35 steal=0
[host_monotonic_s=133928.422077] RT_CPUSTAT sample=112 cpu=cpu1 user=64 nice=0 system=257 idle=43868 iowait=0 irq=10206 softirq=13 steal=0
[host_monotonic_s=133928.422088] RT_CPUSTAT sample=113 cpu=cpu0 user=51502 nice=0 system=2578 idle=2464 iowait=0 irq=2932 softirq=35 steal=0
[host_monotonic_s=133928.422090] RT_CPUSTAT sample=113 cpu=cpu1 user=64 nice=0 system=259 idle=44233 iowait=0 irq=10297 softirq=13 steal=0
[host_monotonic_s=133928.435944] RT_CPUSTAT sample=114 cpu=cpu0 user=51982 nice=0 system=2578 idle=2464 iowait=0 irq=2957 softirq=36 steal=0
[host_monotonic_s=133928.452437] RT_CPUSTAT sample=114 cpu=cpu1 user=65 nice=0 system=261 idle=44599 iowait=0 irq=10389 softirq=13 steal=0
[host_monotonic_s=133928.468969] RT_CPUSTAT sample=115 cpu=cpu0 user=52456 nice=0 system=2582 idle=2464 iowait=0 irq=2983 softirq=36 steal=0
[host_monotonic_s=133928.485674] RT_CPUSTAT sample=115 cpu=cpu1 user=67 nice=0 system=263 idle=44962 iowait=0 irq=10480 softirq=13 steal=0
[host_monotonic_s=133928.503104] RT_CPUSTAT sample=116 cpu=cpu0 user=52928 nice=0 system=2589 idle=2464 iowait=0 irq=3008 softirq=36 steal=0
[host_monotonic_s=133928.519816] RT_CPUSTAT sample=116 cpu=cpu1 user=67 nice=0 system=265 idle=45325 iowait=0 irq=10571 softirq=13 steal=0
[host_monotonic_s=133928.536802] RT_CPUSTAT sample=117 cpu=cpu0 user=53404 nice=0 system=2590 idle=2464 iowait=0 irq=3033 softirq=36 steal=0
[host_monotonic_s=133928.553066] RT_CPUSTAT sample=117 cpu=cpu1 user=68 nice=0 system=268 idle=45690 iowait=0 irq=10662 softirq=13 steal=0
[host_monotonic_s=133928.569689] RT_CPUSTAT sample=118 cpu=cpu0 user=53882 nice=0 system=2591 idle=2464 iowait=0 irq=3059 softirq=37 steal=0
[host_monotonic_s=133928.586280] RT_CPUSTAT sample=118 cpu=cpu1 user=69 nice=0 system=272 idle=46053 iowait=0 irq=10753 softirq=14 steal=0
[host_monotonic_s=133928.603433] RT_CPUSTAT sample=119 cpu=cpu0 user=54317 nice=0 system=2636 idle=2464 iowait=0 irq=3084 softirq=37 steal=0
[host_monotonic_s=133928.620210] RT_CPUSTAT sample=119 cpu=cpu1 user=69 nice=0 system=274 idle=46419 iowait=0 irq=10845 softirq=14 steal=0
[host_monotonic_s=133928.637434] RT_CPUSTAT sample=120 cpu=cpu0 user=54770 nice=0 system=2662 idle=2464 iowait=0 irq=3110 softirq=37 steal=0
[host_monotonic_s=133928.655035] RT_CPUSTAT sample=120 cpu=cpu1 user=69 nice=0 system=277 idle=46786 iowait=0 irq=10935 softirq=14 steal=0
[host_monotonic_s=133928.671909] RT_CPUSTAT sample=121 cpu=cpu0 user=55218 nice=0 system=2693 idle=2464 iowait=0 irq=3135 softirq=38 steal=0
[host_monotonic_s=133928.972489] RT_CPUSTAT sample=121 cpu=cpu1 user=70 nice=0 system=280 idle=47150 iowait=0 irq=11026 softirq=14 steal=0
[host_monotonic_s=133928.972505] RT_CPUSTAT sample=122 cpu=cpu0 user=55677 nice=0 system=2710 idle=2464 iowait=0 irq=3160 softirq=38 steal=0
[host_monotonic_s=133928.984646] RT_CPUSTAT sample=122 cpu=cpu1 user=71 nice=0 system=282 idle=47514 iowait=0 irq=11117 softirq=14 steal=0
[host_monotonic_s=133929.800108] RT_CPUSTAT sample=123 cpu=cpu0 user=56131 nice=0 system=2737 idle=2464 iowait=0 irq=3186 softirq=38 steal=0
[host_monotonic_s=133929.800122] RT_CPUSTAT sample=123 cpu=cpu1 user=72 nice=0 system=285 idle=47883 iowait=0 irq=11206 softirq=14 steal=0
[host_monotonic_s=133929.800125] RT_CPUSTAT sample=124 cpu=cpu0 user=56554 nice=0 system=2794 idle=2464 iowait=0 irq=3212 softirq=38 steal=0
[host_monotonic_s=133929.817172] RT_CPUSTAT sample=124 cpu=cpu1 user=72 nice=0 system=287 idle=48248 iowait=0 irq=11298 softirq=14 steal=0
[host_monotonic_s=133929.835215] RT_CPUSTAT sample=125 cpu=cpu0 user=56991 nice=0 system=2834 idle=2464 iowait=0 irq=3237 softirq=39 steal=0
[host_monotonic_s=133929.851833] RT_CPUSTAT sample=125 cpu=cpu1 user=73 nice=0 system=288 idle=48614 iowait=0 irq=11388 softirq=14 steal=0
[host_monotonic_s=133929.868559] RT_CPUSTAT sample=126 cpu=cpu0 user=57444 nice=0 system=2861 idle=2464 iowait=0 irq=3262 softirq=39 steal=0
[host_monotonic_s=133929.885490] RT_CPUSTAT sample=126 cpu=cpu1 user=73 nice=0 system=290 idle=48982 iowait=0 irq=11479 softirq=15 steal=0
[host_monotonic_s=133929.902541] RT_CPUSTAT sample=127 cpu=cpu0 user=57892 nice=0 system=2891 idle=2464 iowait=0 irq=3288 softirq=39 steal=0
[host_monotonic_s=133929.920416] RT_CPUSTAT sample=127 cpu=cpu1 user=73 nice=0 system=291 idle=49348 iowait=0 irq=11570 softirq=15 steal=0
[host_monotonic_s=133929.937280] RT_CPUSTAT sample=128 cpu=cpu0 user=58348 nice=0 system=2914 idle=2464 iowait=0 irq=3313 softirq=40 steal=0
[host_monotonic_s=133929.954603] RT_CPUSTAT sample=128 cpu=cpu1 user=73 nice=0 system=294 idle=49714 iowait=0 irq=11662 softirq=15 steal=0
[host_monotonic_s=133929.971899] RT_CPUSTAT sample=129 cpu=cpu0 user=58825 nice=0 system=2914 idle=2464 iowait=0 irq=3338 softirq=40 steal=0
[host_monotonic_s=133929.988728] RT_CPUSTAT sample=129 cpu=cpu1 user=74 nice=0 system=296 idle=50077 iowait=0 irq=11754 softirq=15 steal=0
[host_monotonic_s=133930.006169] RT_CPUSTAT sample=130 cpu=cpu0 user=59304 nice=0 system=2916 idle=2464 iowait=0 irq=3363 softirq=40 steal=0
[host_monotonic_s=133930.022955] RT_CPUSTAT sample=130 cpu=cpu1 user=74 nice=0 system=299 idle=50443 iowait=0 irq=11845 softirq=15 steal=0
[host_monotonic_s=133930.043050] RT_CPUSTAT sample=131 cpu=cpu0 user=59775 nice=0 system=2922 idle=2464 iowait=0 irq=3388 softirq=40 steal=0
[host_monotonic_s=133930.350449] RT_CPUSTAT sample=131 cpu=cpu1 user=75 nice=0 system=301 idle=50808 iowait=0 irq=11936 softirq=15 steal=0
[host_monotonic_s=133930.350458] RT_CPUSTAT sample=132 cpu=cpu0 user=60246 nice=0 system=2930 idle=2464 iowait=0 irq=3414 softirq=41 steal=0
[host_monotonic_s=133930.353022] RT_CPUSTAT sample=132 cpu=cpu1 user=75 nice=0 system=303 idle=51173 iowait=0 irq=12026 softirq=15 steal=0
[host_monotonic_s=133930.375453] RT_CPUSTAT sample=133 cpu=cpu0 user=60724 nice=0 system=2931 idle=2464 iowait=0 irq=3439 softirq=41 steal=0
[host_monotonic_s=133930.391981] RT_CPUSTAT sample=133 cpu=cpu1 user=76 nice=0 system=305 idle=51536 iowait=0 irq=12118 softirq=15 steal=0
[host_monotonic_s=133930.408965] RT_CPUSTAT sample=134 cpu=cpu0 user=61195 nice=0 system=2941 idle=2464 iowait=0 irq=3464 softirq=41 steal=0
[host_monotonic_s=133930.425564] RT_CPUSTAT sample=134 cpu=cpu1 user=77 nice=0 system=308 idle=51901 iowait=0 irq=12210 softirq=15 steal=0
[host_monotonic_s=133930.442593] RT_CPUSTAT sample=135 cpu=cpu0 user=61632 nice=0 system=2982 idle=2464 iowait=0 irq=3489 softirq=42 steal=0
[host_monotonic_s=133930.460692] RT_CPUSTAT sample=135 cpu=cpu1 user=77 nice=0 system=311 idle=52266 iowait=0 irq=12302 softirq=16 steal=0
[host_monotonic_s=133930.477885] RT_CPUSTAT sample=136 cpu=cpu0 user=62082 nice=0 system=3011 idle=2464 iowait=0 irq=3514 softirq=42 steal=0
[host_monotonic_s=133930.495135] RT_CPUSTAT sample=136 cpu=cpu1 user=78 nice=0 system=315 idle=52632 iowait=0 irq=12391 softirq=16 steal=0
[host_monotonic_s=133930.511937] RT_CPUSTAT sample=137 cpu=cpu0 user=62535 nice=0 system=3037 idle=2464 iowait=0 irq=3540 softirq=42 steal=0
[host_monotonic_s=133930.528548] RT_CPUSTAT sample=137 cpu=cpu1 user=78 nice=0 system=318 idle=52998 iowait=0 irq=12482 softirq=16 steal=0
[host_monotonic_s=133930.545736] RT_CPUSTAT sample=138 cpu=cpu0 user=62983 nice=0 system=3067 idle=2464 iowait=0 irq=3567 softirq=43 steal=0
[host_monotonic_s=133930.563150] RT_CPUSTAT sample=138 cpu=cpu1 user=79 nice=0 system=321 idle=53362 iowait=0 irq=12574 softirq=16 steal=0
[host_monotonic_s=133930.580018] RT_CPUSTAT sample=139 cpu=cpu0 user=63426 nice=0 system=3101 idle=2464 iowait=0 irq=3592 softirq=43 steal=0
[host_monotonic_s=133930.596949] RT_CPUSTAT sample=139 cpu=cpu1 user=80 nice=0 system=322 idle=53725 iowait=0 irq=12665 softirq=16 steal=0
[host_monotonic_s=133930.900967] RT_CPUSTAT sample=140 cpu=cpu0 user=63845 nice=0 system=3161 idle=2464 iowait=0 irq=3618 softirq=43 steal=0
[host_monotonic_s=133930.900981] RT_CPUSTAT sample=140 cpu=cpu1 user=81 nice=0 system=324 idle=54089 iowait=0 irq=12758 softirq=16 steal=0
[host_monotonic_s=133930.909735] RT_CPUSTAT sample=141 cpu=cpu0 user=64295 nice=0 system=3190 idle=2464 iowait=0 irq=3644 softirq=44 steal=0
[host_monotonic_s=133930.926818] RT_CPUSTAT sample=141 cpu=cpu1 user=81 nice=0 system=327 idle=54453 iowait=0 irq=12849 softirq=16 steal=0
[host_monotonic_s=133931.740318] RT_CPUSTAT sample=142 cpu=cpu0 user=64749 nice=0 system=3213 idle=2464 iowait=0 irq=3670 softirq=44 steal=0
[host_monotonic_s=133931.740332] RT_CPUSTAT sample=142 cpu=cpu1 user=81 nice=0 system=330 idle=54814 iowait=0 irq=12942 softirq=17 steal=0
[host_monotonic_s=133931.740335] RT_CPUSTAT sample=143 cpu=cpu0 user=65203 nice=0 system=3237 idle=2464 iowait=0 irq=3696 softirq=44 steal=0
[host_monotonic_s=133931.760916] RT_CPUSTAT sample=143 cpu=cpu1 user=82 nice=0 system=334 idle=55181 iowait=0 irq=13032 softirq=17 steal=0
[host_monotonic_s=133931.778138] RT_CPUSTAT sample=144 cpu=cpu0 user=65645 nice=0 system=3275 idle=2464 iowait=0 irq=3722 softirq=44 steal=0
[host_monotonic_s=133931.794716] RT_CPUSTAT sample=144 cpu=cpu1 user=82 nice=0 system=337 idle=55546 iowait=0 irq=13123 softirq=17 steal=0
[host_monotonic_s=133931.811478] RT_CPUSTAT sample=145 cpu=cpu0 user=66121 nice=0 system=3276 idle=2464 iowait=0 irq=3747 softirq=45 steal=0
[host_monotonic_s=133931.828174] RT_CPUSTAT sample=145 cpu=cpu1 user=82 nice=0 system=339 idle=55911 iowait=0 irq=13213 softirq=17 steal=0
[host_monotonic_s=133931.846167] RT_CPUSTAT sample=146 cpu=cpu0 user=66599 nice=0 system=3276 idle=2464 iowait=0 irq=3772 softirq=45 steal=0
[host_monotonic_s=133931.862610] RT_CPUSTAT sample=146 cpu=cpu1 user=83 nice=0 system=340 idle=56275 iowait=0 irq=13304 softirq=17 steal=0
[host_monotonic_s=133931.880143] RT_CPUSTAT sample=147 cpu=cpu0 user=67053 nice=0 system=3301 idle=2464 iowait=0 irq=3797 softirq=45 steal=0
[host_monotonic_s=133931.896895] RT_CPUSTAT sample=147 cpu=cpu1 user=83 nice=0 system=342 idle=56639 iowait=0 irq=13396 softirq=17 steal=0
[host_monotonic_s=133931.914063] RT_CPUSTAT sample=148 cpu=cpu0 user=67524 nice=0 system=3310 idle=2464 iowait=0 irq=3823 softirq=46 steal=0
[host_monotonic_s=133931.930835] RT_CPUSTAT sample=148 cpu=cpu1 user=83 nice=0 system=345 idle=57005 iowait=0 irq=13487 softirq=17 steal=0
[host_monotonic_s=133931.948326] RT_CPUSTAT sample=149 cpu=cpu0 user=68001 nice=0 system=3312 idle=2464 iowait=0 irq=3849 softirq=46 steal=0
[host_monotonic_s=133931.965284] RT_CPUSTAT sample=149 cpu=cpu1 user=84 nice=0 system=347 idle=57371 iowait=0 irq=13577 softirq=17 steal=0
[host_monotonic_s=133931.982371] RT_CPUSTAT sample=150 cpu=cpu0 user=68468 nice=0 system=3323 idle=2464 iowait=0 irq=3875 softirq=46 steal=0
[host_monotonic_s=133932.290602] RT_CPUSTAT sample=150 cpu=cpu1 user=84 nice=0 system=350 idle=57736 iowait=0 irq=13668 softirq=17 steal=0
[host_monotonic_s=133932.290615] RT_CPUSTAT sample=151 cpu=cpu0 user=68903 nice=0 system=3365 idle=2464 iowait=0 irq=3901 softirq=47 steal=0
[host_monotonic_s=133932.290618] RT_CPUSTAT sample=151 cpu=cpu1 user=85 nice=0 system=352 idle=58098 iowait=0 irq=13759 softirq=18 steal=0
[host_monotonic_s=133932.312158] RT_CPUSTAT sample=152 cpu=cpu0 user=69355 nice=0 system=3392 idle=2464 iowait=0 irq=3926 softirq=47 steal=0
[host_monotonic_s=133932.328589] RT_CPUSTAT sample=152 cpu=cpu1 user=86 nice=0 system=354 idle=58462 iowait=0 irq=13852 softirq=18 steal=0
[host_monotonic_s=133932.345645] RT_CPUSTAT sample=153 cpu=cpu0 user=69806 nice=0 system=3419 idle=2464 iowait=0 irq=3952 softirq=47 steal=0
[host_monotonic_s=133932.362248] RT_CPUSTAT sample=153 cpu=cpu1 user=86 nice=0 system=357 idle=58827 iowait=0 irq=13943 softirq=18 steal=0
[host_monotonic_s=133932.379114] RT_CPUSTAT sample=154 cpu=cpu0 user=70266 nice=0 system=3437 idle=2464 iowait=0 irq=3977 softirq=47 steal=0
[host_monotonic_s=133932.395807] RT_CPUSTAT sample=154 cpu=cpu1 user=87 nice=0 system=359 idle=59191 iowait=0 irq=14035 softirq=18 steal=0
[host_monotonic_s=133932.413117] RT_CPUSTAT sample=155 cpu=cpu0 user=70718 nice=0 system=3463 idle=2464 iowait=0 irq=4003 softirq=48 steal=0
[host_monotonic_s=133932.430092] RT_CPUSTAT sample=155 cpu=cpu1 user=88 nice=0 system=361 idle=59557 iowait=0 irq=14127 softirq=18 steal=0
[host_monotonic_s=133932.446916] RT_CPUSTAT sample=156 cpu=cpu0 user=71121 nice=0 system=3538 idle=2464 iowait=0 irq=4028 softirq=48 steal=0
[host_monotonic_s=133932.463175] RT_CPUSTAT sample=156 cpu=cpu1 user=88 nice=0 system=363 idle=59923 iowait=0 irq=14216 softirq=18 steal=0
[host_monotonic_s=133932.480367] RT_CPUSTAT sample=157 cpu=cpu0 user=71593 nice=0 system=3546 idle=2464 iowait=0 irq=4053 softirq=48 steal=0
[host_monotonic_s=133932.497934] RT_CPUSTAT sample=157 cpu=cpu1 user=89 nice=0 system=365 idle=60291 iowait=0 irq=14306 softirq=18 steal=0
[host_monotonic_s=133932.515721] RT_CPUSTAT sample=158 cpu=cpu0 user=72021 nice=0 system=3596 idle=2464 iowait=0 irq=4078 softirq=49 steal=0
[host_monotonic_s=133932.532228] RT_CPUSTAT sample=158 cpu=cpu1 user=89 nice=0 system=367 idle=60653 iowait=0 irq=14398 softirq=18 steal=0
[host_monotonic_s=133932.841129] RT_CPUSTAT sample=159 cpu=cpu0 user=72460 nice=0 system=3636 idle=2464 iowait=0 irq=4103 softirq=49 steal=0
[host_monotonic_s=133932.841140] RT_CPUSTAT sample=159 cpu=cpu1 user=90 nice=0 system=369 idle=61019 iowait=0 irq=14489 softirq=19 steal=0
[host_monotonic_s=133932.841143] RT_CPUSTAT sample=160 cpu=cpu0 user=72922 nice=0 system=3654 idle=2464 iowait=0 irq=4129 softirq=49 steal=0
[host_monotonic_s=133932.861502] RT_CPUSTAT sample=160 cpu=cpu1 user=90 nice=0 system=372 idle=61384 iowait=0 irq=14580 softirq=19 steal=0
[host_monotonic_s=133933.673623] RT_CPUSTAT sample=161 cpu=cpu0 user=73400 nice=0 system=3654 idle=2464 iowait=0 irq=4154 softirq=50 steal=0
[host_monotonic_s=133933.673635] RT_CPUSTAT sample=161 cpu=cpu1 user=91 nice=0 system=375 idle=61749 iowait=0 irq=14671 softirq=19 steal=0
[host_monotonic_s=133933.673637] RT_CPUSTAT sample=162 cpu=cpu0 user=73875 nice=0 system=3658 idle=2464 iowait=0 irq=4180 softirq=50 steal=0
[host_monotonic_s=133933.690886] RT_CPUSTAT sample=162 cpu=cpu1 user=91 nice=0 system=378 idle=62114 iowait=0 irq=14763 softirq=19 steal=0
[host_monotonic_s=133933.708331] RT_CPUSTAT sample=163 cpu=cpu0 user=74336 nice=0 system=3674 idle=2464 iowait=0 irq=4205 softirq=50 steal=0
[host_monotonic_s=133933.725825] RT_CPUSTAT sample=163 cpu=cpu1 user=93 nice=0 system=380 idle=62479 iowait=0 irq=14853 softirq=19 steal=0
[host_monotonic_s=133933.742734] RT_CPUSTAT sample=164 cpu=cpu0 user=74784 nice=0 system=3706 idle=2464 iowait=0 irq=4231 softirq=50 steal=0
[host_monotonic_s=133933.759159] RT_CPUSTAT sample=164 cpu=cpu1 user=94 nice=0 system=381 idle=62844 iowait=0 irq=14946 softirq=19 steal=0
[host_monotonic_s=133933.776185] RT_CPUSTAT sample=165 cpu=cpu0 user=75262 nice=0 system=3707 idle=2464 iowait=0 irq=4257 softirq=51 steal=0
[host_monotonic_s=133933.792432] RT_CPUSTAT sample=165 cpu=cpu1 user=95 nice=0 system=383 idle=63210 iowait=0 irq=15038 softirq=19 steal=0
[host_monotonic_s=133933.810792] RT_CPUSTAT sample=166 cpu=cpu0 user=75727 nice=0 system=3721 idle=2464 iowait=0 irq=4282 softirq=51 steal=0
[host_monotonic_s=133933.829237] RT_CPUSTAT sample=166 cpu=cpu1 user=96 nice=0 system=385 idle=63574 iowait=0 irq=15129 softirq=19 steal=0
[host_monotonic_s=133933.846333] RT_CPUSTAT sample=167 cpu=cpu0 user=76165 nice=0 system=3761 idle=2464 iowait=0 irq=4308 softirq=51 steal=0
[host_monotonic_s=133933.862808] RT_CPUSTAT sample=167 cpu=cpu1 user=97 nice=0 system=385 idle=63939 iowait=0 irq=15221 softirq=19 steal=0
[host_monotonic_s=133933.879591] RT_CPUSTAT sample=168 cpu=cpu0 user=76618 nice=0 system=3786 idle=2464 iowait=0 irq=4334 softirq=52 steal=0
[host_monotonic_s=133933.896191] RT_CPUSTAT sample=168 cpu=cpu1 user=98 nice=0 system=388 idle=64303 iowait=0 irq=15312 softirq=19 steal=0
[host_monotonic_s=133933.913162] RT_CPUSTAT sample=169 cpu=cpu0 user=77081 nice=0 system=3803 idle=2464 iowait=0 irq=4359 softirq=52 steal=0
[host_monotonic_s=133934.224313] RT_CPUSTAT sample=169 cpu=cpu1 user=98 nice=0 system=390 idle=64669 iowait=0 irq=15404 softirq=20 steal=0
[host_monotonic_s=133934.224327] RT_CPUSTAT sample=170 cpu=cpu0 user=77537 nice=0 system=3824 idle=2464 iowait=0 irq=4384 softirq=52 steal=0
[host_monotonic_s=133934.224331] RT_CPUSTAT sample=170 cpu=cpu1 user=100 nice=0 system=393 idle=65032 iowait=0 irq=15495 softirq=20 steal=0
[host_monotonic_s=133934.242817] RT_CPUSTAT sample=171 cpu=cpu0 user=77992 nice=0 system=3850 idle=2464 iowait=0 irq=4409 softirq=53 steal=0
[host_monotonic_s=133934.260927] RT_CPUSTAT sample=171 cpu=cpu1 user=100 nice=0 system=395 idle=65397 iowait=0 irq=15588 softirq=20 steal=0
[host_monotonic_s=133934.277718] RT_CPUSTAT sample=172 cpu=cpu0 user=78409 nice=0 system=3909 idle=2464 iowait=0 irq=4436 softirq=53 steal=0
[host_monotonic_s=133934.294546] RT_CPUSTAT sample=172 cpu=cpu1 user=101 nice=0 system=398 idle=65761 iowait=0 irq=15680 softirq=20 steal=0
[host_monotonic_s=133934.311033] RT_CPUSTAT sample=173 cpu=cpu0 user=78880 nice=0 system=3917 idle=2464 iowait=0 irq=4462 softirq=53 steal=0
[host_monotonic_s=133934.328061] RT_CPUSTAT sample=173 cpu=cpu1 user=103 nice=0 system=401 idle=66123 iowait=0 irq=15773 softirq=20 steal=0
[host_monotonic_s=133934.344899] RT_CPUSTAT sample=174 cpu=cpu0 user=79320 nice=0 system=3957 idle=2464 iowait=0 irq=4487 softirq=54 steal=0
[host_monotonic_s=133934.361491] RT_CPUSTAT sample=174 cpu=cpu1 user=104 nice=0 system=404 idle=66489 iowait=0 irq=15864 softirq=20 steal=0
[host_monotonic_s=133934.378430] RT_CPUSTAT sample=175 cpu=cpu0 user=79770 nice=0 system=3985 idle=2464 iowait=0 irq=4512 softirq=54 steal=0
[host_monotonic_s=133934.395216] RT_CPUSTAT sample=175 cpu=cpu1 user=104 nice=0 system=405 idle=66856 iowait=0 irq=15954 softirq=20 steal=0
[host_monotonic_s=133934.412308] RT_CPUSTAT sample=176 cpu=cpu0 user=80225 nice=0 system=4009 idle=2464 iowait=0 irq=4538 softirq=54 steal=0
[host_monotonic_s=133934.429544] RT_CPUSTAT sample=176 cpu=cpu1 user=105 nice=0 system=408 idle=67220 iowait=0 irq=16045 softirq=21 steal=0
[host_monotonic_s=133934.446962] RT_CPUSTAT sample=177 cpu=cpu0 user=80703 nice=0 system=4010 idle=2464 iowait=0 irq=4563 softirq=54 steal=0
[host_monotonic_s=133934.463714] RT_CPUSTAT sample=177 cpu=cpu1 user=106 nice=0 system=410 idle=67584 iowait=0 irq=16138 softirq=21 steal=0
[host_monotonic_s=133934.774741] RT_CPUSTAT sample=178 cpu=cpu0 user=81174 nice=0 system=4018 idle=2464 iowait=0 irq=4588 softirq=55 steal=0
[host_monotonic_s=133934.774753] RT_CPUSTAT sample=178 cpu=cpu1 user=106 nice=0 system=412 idle=67950 iowait=0 irq=16228 softirq=21 steal=0
[host_monotonic_s=133934.774756] RT_CPUSTAT sample=179 cpu=cpu0 user=81644 nice=0 system=4026 idle=2464 iowait=0 irq=4614 softirq=55 steal=0
[host_monotonic_s=133934.798153] RT_CPUSTAT sample=179 cpu=cpu1 user=107 nice=0 system=413 idle=68313 iowait=0 irq=16321 softirq=21 steal=0
[host_monotonic_s=133935.608155] RT_CPUSTAT sample=180 cpu=cpu0 user=82121 nice=0 system=4028 idle=2464 iowait=0 irq=4639 softirq=55 steal=0
[host_monotonic_s=133935.608167] RT_CPUSTAT sample=180 cpu=cpu1 user=107 nice=0 system=415 idle=68679 iowait=0 irq=16412 softirq=21 steal=0
[host_monotonic_s=133935.608169] RT_CPUSTAT sample=181 cpu=cpu0 user=82598 nice=0 system=4029 idle=2464 iowait=0 irq=4665 softirq=56 steal=0
[host_monotonic_s=133935.628300] RT_CPUSTAT sample=181 cpu=cpu1 user=107 nice=0 system=418 idle=69045 iowait=0 irq=16502 softirq=21 steal=0
[host_monotonic_s=133935.644973] RT_CPUSTAT sample=182 cpu=cpu0 user=83037 nice=0 system=4068 idle=2464 iowait=0 irq=4691 softirq=56 steal=0
[host_monotonic_s=133935.661451] RT_CPUSTAT sample=182 cpu=cpu1 user=108 nice=0 system=421 idle=69409 iowait=0 irq=16595 softirq=21 steal=0
[host_monotonic_s=133935.677916] RT_CPUSTAT sample=183 cpu=cpu0 user=83485 nice=0 system=4099 idle=2464 iowait=0 irq=4717 softirq=56 steal=0
[host_monotonic_s=133935.694291] RT_CPUSTAT sample=183 cpu=cpu1 user=108 nice=0 system=422 idle=69775 iowait=0 irq=16687 softirq=21 steal=0
[host_monotonic_s=133935.711244] RT_CPUSTAT sample=184 cpu=cpu0 user=83938 nice=0 system=4125 idle=2464 iowait=0 irq=4743 softirq=57 steal=0
[host_monotonic_s=133935.728399] RT_CPUSTAT sample=184 cpu=cpu1 user=109 nice=0 system=423 idle=70140 iowait=0 irq=16778 softirq=21 steal=0
[host_monotonic_s=133935.745495] RT_CPUSTAT sample=185 cpu=cpu0 user=84407 nice=0 system=4136 idle=2464 iowait=0 irq=4768 softirq=57 steal=0
[host_monotonic_s=133935.761948] RT_CPUSTAT sample=185 cpu=cpu1 user=110 nice=0 system=426 idle=70507 iowait=0 irq=16869 softirq=21 steal=0
[host_monotonic_s=133935.778690] RT_CPUSTAT sample=186 cpu=cpu0 user=84858 nice=0 system=4163 idle=2464 iowait=0 irq=4794 softirq=57 steal=0
[host_monotonic_s=133935.795366] RT_CPUSTAT sample=186 cpu=cpu1 user=110 nice=0 system=430 idle=70871 iowait=0 irq=16961 softirq=22 steal=0
[host_monotonic_s=133935.812228] RT_CPUSTAT sample=187 cpu=cpu0 user=85293 nice=0 system=4209 idle=2464 iowait=0 irq=4819 softirq=58 steal=0
[host_monotonic_s=133935.828706] RT_CPUSTAT sample=187 cpu=cpu1 user=111 nice=0 system=433 idle=71236 iowait=0 irq=17054 softirq=22 steal=0
[host_monotonic_s=133935.845484] RT_CPUSTAT sample=188 cpu=cpu0 user=85746 nice=0 system=4234 idle=2464 iowait=0 irq=4845 softirq=58 steal=0
[host_monotonic_s=133936.158534] RT_CPUSTAT sample=188 cpu=cpu1 user=111 nice=0 system=435 idle=71601 iowait=0 irq=17145 softirq=22 steal=0
[host_monotonic_s=133936.158546] RT_CPUSTAT sample=189 cpu=cpu0 user=86194 nice=0 system=4265 idle=2464 iowait=0 irq=4870 softirq=58 steal=0
[host_monotonic_s=133936.158549] RT_CPUSTAT sample=189 cpu=cpu1 user=112 nice=0 system=437 idle=71966 iowait=0 irq=17237 softirq=22 steal=0
[host_monotonic_s=133936.178169] RT_CPUSTAT sample=190 cpu=cpu0 user=86643 nice=0 system=4292 idle=2464 iowait=0 irq=4895 softirq=58 steal=0
[host_monotonic_s=133936.194769] RT_CPUSTAT sample=190 cpu=cpu1 user=112 nice=0 system=439 idle=72332 iowait=0 irq=17327 softirq=22 steal=0
[host_monotonic_s=133936.211454] RT_CPUSTAT sample=191 cpu=cpu0 user=87097 nice=0 system=4319 idle=2464 iowait=0 irq=4921 softirq=59 steal=0
[host_monotonic_s=133936.228195] RT_CPUSTAT sample=191 cpu=cpu1 user=113 nice=0 system=441 idle=72697 iowait=0 irq=17418 softirq=22 steal=0
[host_monotonic_s=133936.245208] RT_CPUSTAT sample=192 cpu=cpu0 user=87575 nice=0 system=4319 idle=2464 iowait=0 irq=4947 softirq=59 steal=0
[host_monotonic_s=133936.262051] RT_CPUSTAT sample=192 cpu=cpu1 user=113 nice=0 system=443 idle=73062 iowait=0 irq=17507 softirq=22 steal=0
[host_monotonic_s=133936.279190] RT_CPUSTAT sample=193 cpu=cpu0 user=88052 nice=0 system=4320 idle=2464 iowait=0 irq=4972 softirq=59 steal=0
[host_monotonic_s=133936.296067] RT_CPUSTAT sample=193 cpu=cpu1 user=114 nice=0 system=446 idle=73426 iowait=0 irq=17600 softirq=22 steal=0
[host_monotonic_s=133936.313026] RT_CPUSTAT sample=194 cpu=cpu0 user=88512 nice=0 system=4339 idle=2464 iowait=0 irq=4998 softirq=60 steal=0
[host_monotonic_s=133936.329583] RT_CPUSTAT sample=194 cpu=cpu1 user=114 nice=0 system=447 idle=73791 iowait=0 irq=17691 softirq=22 steal=0
[host_monotonic_s=133936.346382] RT_CPUSTAT sample=195 cpu=cpu0 user=88981 nice=0 system=4348 idle=2464 iowait=0 irq=5023 softirq=60 steal=0
[host_monotonic_s=133936.363050] RT_CPUSTAT sample=195 cpu=cpu1 user=115 nice=0 system=448 idle=74157 iowait=0 irq=17781 softirq=23 steal=0
[host_monotonic_s=133936.379782] RT_CPUSTAT sample=196 cpu=cpu0 user=89460 nice=0 system=4348 idle=2464 iowait=0 irq=5048 softirq=60 steal=0
[host_monotonic_s=133936.396191] RT_CPUSTAT sample=196 cpu=cpu1 user=115 nice=0 system=452 idle=74522 iowait=0 irq=17872 softirq=23 steal=0
[host_monotonic_s=133936.708808] RT_CPUSTAT sample=197 cpu=cpu0 user=89924 nice=0 system=4363 idle=2464 iowait=0 irq=5074 softirq=60 steal=0
[host_monotonic_s=133936.708819] RT_CPUSTAT sample=197 cpu=cpu1 user=116 nice=0 system=454 idle=74889 iowait=0 irq=17963 softirq=23 steal=0
[host_monotonic_s=133936.708822] RT_CPUSTAT sample=198 cpu=cpu0 user=90367 nice=0 system=4397 idle=2464 iowait=0 irq=5100 softirq=61 steal=0
[host_monotonic_s=133936.725723] RT_CPUSTAT sample=198 cpu=cpu1 user=116 nice=0 system=458 idle=75252 iowait=0 irq=18053 softirq=23 steal=0
[host_monotonic_s=133937.531244] RT_CPUSTAT sample=199 cpu=cpu0 user=90821 nice=0 system=4423 idle=2464 iowait=0 irq=5125 softirq=61 steal=0
[host_monotonic_s=133937.531258] RT_CPUSTAT sample=199 cpu=cpu1 user=116 nice=0 system=460 idle=75619 iowait=0 irq=18145 softirq=23 steal=0
[host_monotonic_s=133937.540267] RT_CPUSTAT sample=200 cpu=cpu0 user=91286 nice=0 system=4436 idle=2464 iowait=0 irq=5151 softirq=61 steal=0
[host_monotonic_s=133937.556752] RT_CPUSTAT sample=200 cpu=cpu1 user=117 nice=0 system=462 idle=75982 iowait=0 irq=18237 softirq=23 steal=0
[host_monotonic_s=133937.573505] RT_CPUSTAT sample=201 cpu=cpu0 user=91748 nice=0 system=4454 idle=2464 iowait=0 irq=5176 softirq=62 steal=0
[host_monotonic_s=133937.590181] RT_CPUSTAT sample=201 cpu=cpu1 user=118 nice=0 system=465 idle=76348 iowait=0 irq=18329 softirq=23 steal=0
[host_monotonic_s=133937.607032] RT_CPUSTAT sample=202 cpu=cpu0 user=92184 nice=0 system=4495 idle=2464 iowait=0 irq=5201 softirq=62 steal=0
[host_monotonic_s=133937.623506] RT_CPUSTAT sample=202 cpu=cpu1 user=118 nice=0 system=468 idle=76711 iowait=0 irq=18420 softirq=23 steal=0
[host_monotonic_s=133937.640535] RT_CPUSTAT sample=203 cpu=cpu0 user=92615 nice=0 system=4542 idle=2464 iowait=0 irq=5227 softirq=62 steal=0
[host_monotonic_s=133937.657333] RT_CPUSTAT sample=203 cpu=cpu1 user=119 nice=0 system=470 idle=77077 iowait=0 irq=18511 softirq=24 steal=0
[host_monotonic_s=133937.673715] RT_CPUSTAT sample=204 cpu=cpu0 user=93087 nice=0 system=4550 idle=2464 iowait=0 irq=5253 softirq=63 steal=0
[host_monotonic_s=133937.690300] RT_CPUSTAT sample=204 cpu=cpu1 user=120 nice=0 system=471 idle=77443 iowait=0 irq=18603 softirq=24 steal=0
[host_monotonic_s=133937.707122] RT_CPUSTAT sample=205 cpu=cpu0 user=93532 nice=0 system=4583 idle=2464 iowait=0 irq=5278 softirq=63 steal=0
[host_monotonic_s=133937.723675] RT_CPUSTAT sample=205 cpu=cpu1 user=120 nice=0 system=474 idle=77806 iowait=0 irq=18696 softirq=24 steal=0
[host_monotonic_s=133937.740447] RT_CPUSTAT sample=206 cpu=cpu0 user=93980 nice=0 system=4615 idle=2464 iowait=0 irq=5304 softirq=63 steal=0
[host_monotonic_s=133937.756950] RT_CPUSTAT sample=206 cpu=cpu1 user=120 nice=0 system=476 idle=78172 iowait=0 irq=18787 softirq=24 steal=0
[host_monotonic_s=133937.773737] RT_CPUSTAT sample=207 cpu=cpu0 user=94443 nice=0 system=4630 idle=2464 iowait=0 irq=5329 softirq=63 steal=0
[host_monotonic_s=133938.081597] RT_CPUSTAT sample=207 cpu=cpu1 user=120 nice=0 system=477 idle=78535 iowait=0 irq=18880 softirq=24 steal=0
[host_monotonic_s=133938.081612] RT_CPUSTAT sample=208 cpu=cpu0 user=94922 nice=0 system=4630 idle=2464 iowait=0 irq=5355 softirq=64 steal=0
[host_monotonic_s=133938.081616] RT_CPUSTAT sample=208 cpu=cpu1 user=120 nice=0 system=481 idle=78901 iowait=0 irq=18969 softirq=24 steal=0
[host_monotonic_s=133938.103553] RT_CPUSTAT sample=209 cpu=cpu0 user=95394 nice=0 system=4636 idle=2464 iowait=0 irq=5381 softirq=64 steal=0
[host_monotonic_s=133938.120083] RT_CPUSTAT sample=209 cpu=cpu1 user=121 nice=0 system=484 idle=79269 iowait=0 irq=19059 softirq=24 steal=0
[host_monotonic_s=133938.137085] RT_CPUSTAT sample=210 cpu=cpu0 user=95864 nice=0 system=4643 idle=2464 iowait=0 irq=5406 softirq=64 steal=0
[host_monotonic_s=133938.153701] RT_CPUSTAT sample=210 cpu=cpu1 user=122 nice=0 system=486 idle=79632 iowait=0 irq=19151 softirq=24 steal=0
[host_monotonic_s=133938.170713] RT_CPUSTAT sample=211 cpu=cpu0 user=96340 nice=0 system=4645 idle=2464 iowait=0 irq=5432 softirq=65 steal=0
[host_monotonic_s=133938.187443] RT_CPUSTAT sample=211 cpu=cpu1 user=122 nice=0 system=488 idle=80000 iowait=0 irq=19240 softirq=25 steal=0
[host_monotonic_s=133938.204547] RT_CPUSTAT sample=212 cpu=cpu0 user=96818 nice=0 system=4645 idle=2464 iowait=0 irq=5457 softirq=65 steal=0
[host_monotonic_s=133938.221196] RT_CPUSTAT sample=212 cpu=cpu1 user=123 nice=0 system=492 idle=80364 iowait=0 irq=19331 softirq=25 steal=0
[host_monotonic_s=133938.238319] RT_CPUSTAT sample=213 cpu=cpu0 user=97253 nice=0 system=4691 idle=2464 iowait=0 irq=5483 softirq=65 steal=0
[host_monotonic_s=133938.255154] RT_CPUSTAT sample=213 cpu=cpu1 user=123 nice=0 system=494 idle=80731 iowait=0 irq=19422 softirq=25 steal=0
[host_monotonic_s=133938.272251] RT_CPUSTAT sample=214 cpu=cpu0 user=97707 nice=0 system=4714 idle=2464 iowait=0 irq=5509 softirq=66 steal=0
[host_monotonic_s=133938.288872] RT_CPUSTAT sample=214 cpu=cpu1 user=124 nice=0 system=496 idle=81096 iowait=0 irq=19513 softirq=25 steal=0
[host_monotonic_s=133938.306008] RT_CPUSTAT sample=215 cpu=cpu0 user=98144 nice=0 system=4756 idle=2464 iowait=0 irq=5534 softirq=66 steal=0
[host_monotonic_s=133938.322731] RT_CPUSTAT sample=215 cpu=cpu1 user=125 nice=0 system=499 idle=81461 iowait=0 irq=19603 softirq=25 steal=0
[host_monotonic_s=133938.632095] RT_CPUSTAT sample=216 cpu=cpu0 user=98611 nice=0 system=4767 idle=2464 iowait=0 irq=5561 softirq=66 steal=0
[host_monotonic_s=133938.632106] RT_CPUSTAT sample=216 cpu=cpu1 user=125 nice=0 system=502 idle=81825 iowait=0 irq=19694 softirq=25 steal=0
[host_monotonic_s=133938.632108] RT_CPUSTAT sample=217 cpu=cpu0 user=99056 nice=0 system=4798 idle=2464 iowait=0 irq=5587 softirq=67 steal=0
[host_monotonic_s=133938.652306] RT_CPUSTAT sample=217 cpu=cpu1 user=125 nice=0 system=503 idle=82186 iowait=0 irq=19787 softirq=25 steal=0
[host_monotonic_s=133939.453718] RT_CPUSTAT sample=218 cpu=cpu0 user=99477 nice=0 system=4858 idle=2464 iowait=0 irq=5612 softirq=67 steal=0
[host_monotonic_s=133939.453732] RT_CPUSTAT sample=218 cpu=cpu1 user=126 nice=0 system=505 idle=82551 iowait=0 irq=19879 softirq=25 steal=0
[host_monotonic_s=133939.466217] RT_CPUSTAT sample=219 cpu=cpu0 user=99921 nice=0 system=4893 idle=2464 iowait=0 irq=5638 softirq=67 steal=0
[host_monotonic_s=133939.482640] RT_CPUSTAT sample=219 cpu=cpu1 user=126 nice=0 system=507 idle=82915 iowait=0 irq=19972 softirq=26 steal=0
[host_monotonic_s=133939.499817] RT_CPUSTAT sample=220 cpu=cpu0 user=100384 nice=0 system=4907 idle=2464 iowait=0 irq=5664 softirq=67 steal=0
[host_monotonic_s=133939.516585] RT_CPUSTAT sample=220 cpu=cpu1 user=127 nice=0 system=511 idle=83276 iowait=0 irq=20065 softirq=26 steal=0
[host_monotonic_s=133939.533939] RT_CPUSTAT sample=221 cpu=cpu0 user=100813 nice=0 system=4957 idle=2464 iowait=0 irq=5689 softirq=68 steal=0
[host_monotonic_s=133939.551211] RT_CPUSTAT sample=221 cpu=cpu1 user=128 nice=0 system=513 idle=83640 iowait=0 irq=20156 softirq=26 steal=0
[host_monotonic_s=133939.568582] RT_CPUSTAT sample=222 cpu=cpu0 user=101256 nice=0 system=4992 idle=2464 iowait=0 irq=5715 softirq=68 steal=0
[host_monotonic_s=133939.585080] RT_CPUSTAT sample=222 cpu=cpu1 user=129 nice=0 system=515 idle=84005 iowait=0 irq=20247 softirq=26 steal=0
[host_monotonic_s=133939.601794] RT_CPUSTAT sample=223 cpu=cpu0 user=101726 nice=0 system=5000 idle=2464 iowait=0 irq=5741 softirq=68 steal=0
[host_monotonic_s=133939.618252] RT_CPUSTAT sample=223 cpu=cpu1 user=129 nice=0 system=518 idle=84371 iowait=0 irq=20338 softirq=26 steal=0
[host_monotonic_s=133939.635255] RT_CPUSTAT sample=224 cpu=cpu0 user=102205 nice=0 system=5000 idle=2464 iowait=0 irq=5766 softirq=69 steal=0
[host_monotonic_s=133939.651716] RT_CPUSTAT sample=224 cpu=cpu1 user=129 nice=0 system=521 idle=84738 iowait=0 irq=20428 softirq=26 steal=0
[host_monotonic_s=133939.669086] RT_CPUSTAT sample=225 cpu=cpu0 user=102673 nice=0 system=5009 idle=2464 iowait=0 irq=5791 softirq=69 steal=0
[host_monotonic_s=133939.685638] RT_CPUSTAT sample=225 cpu=cpu1 user=130 nice=0 system=524 idle=85102 iowait=0 irq=20518 softirq=26 steal=0
[host_monotonic_s=133939.702480] RT_CPUSTAT sample=226 cpu=cpu0 user=103144 nice=0 system=5017 idle=2464 iowait=0 irq=5817 softirq=69 steal=0
[host_monotonic_s=133940.004161] RT_CPUSTAT sample=226 cpu=cpu1 user=131 nice=0 system=526 idle=85468 iowait=0 irq=20609 softirq=26 steal=0
[host_monotonic_s=133940.004175] RT_CPUSTAT sample=227 cpu=cpu0 user=103622 nice=0 system=5020 idle=2464 iowait=0 irq=5842 softirq=70 steal=0
[host_monotonic_s=133940.019113] RT_CPUSTAT sample=227 cpu=cpu1 user=131 nice=0 system=527 idle=85838 iowait=0 irq=20698 softirq=26 steal=0
[host_monotonic_s=133940.036166] RT_CPUSTAT sample=228 cpu=cpu0 user=104099 nice=0 system=5020 idle=2464 iowait=0 irq=5868 softirq=70 steal=0
[host_monotonic_s=133940.052750] RT_CPUSTAT sample=228 cpu=cpu1 user=132 nice=0 system=529 idle=86202 iowait=0 irq=20789 softirq=26 steal=0
[host_monotonic_s=133940.070356] RT_CPUSTAT sample=229 cpu=cpu0 user=104535 nice=0 system=5064 idle=2464 iowait=0 irq=5894 softirq=70 steal=0
[host_monotonic_s=133940.086939] RT_CPUSTAT sample=229 cpu=cpu1 user=132 nice=0 system=531 idle=86566 iowait=0 irq=20880 softirq=27 steal=0
[host_monotonic_s=133940.104012] RT_CPUSTAT sample=230 cpu=cpu0 user=104999 nice=0 system=5078 idle=2464 iowait=0 irq=5920 softirq=70 steal=0
[host_monotonic_s=133940.121282] RT_CPUSTAT sample=230 cpu=cpu1 user=133 nice=0 system=534 idle=86933 iowait=0 irq=20969 softirq=27 steal=0
[host_monotonic_s=133940.138461] RT_CPUSTAT sample=231 cpu=cpu0 user=105444 nice=0 system=5112 idle=2464 iowait=0 irq=5945 softirq=71 steal=0
[host_monotonic_s=133940.155492] RT_CPUSTAT sample=231 cpu=cpu1 user=134 nice=0 system=536 idle=87298 iowait=0 irq=21062 softirq=27 steal=0
[host_monotonic_s=133940.172569] RT_CPUSTAT sample=232 cpu=cpu0 user=105912 nice=0 system=5123 idle=2464 iowait=0 irq=5971 softirq=71 steal=0
[host_monotonic_s=133940.189570] RT_CPUSTAT sample=232 cpu=cpu1 user=134 nice=0 system=540 idle=87662 iowait=0 irq=21155 softirq=27 steal=0
[host_monotonic_s=133940.206438] RT_CPUSTAT sample=233 cpu=cpu0 user=106364 nice=0 system=5149 idle=2464 iowait=0 irq=5997 softirq=71 steal=0
[host_monotonic_s=133940.223250] RT_CPUSTAT sample=233 cpu=cpu1 user=135 nice=0 system=542 idle=88026 iowait=0 irq=21247 softirq=27 steal=0
[host_monotonic_s=133940.239990] RT_CPUSTAT sample=234 cpu=cpu0 user=106793 nice=0 system=5198 idle=2464 iowait=0 irq=6022 softirq=72 steal=0
[host_monotonic_s=133940.554633] RT_CPUSTAT sample=234 cpu=cpu1 user=135 nice=0 system=543 idle=88391 iowait=0 irq=21337 softirq=27 steal=0
[host_monotonic_s=133940.554648] RT_CPUSTAT sample=235 cpu=cpu0 user=107254 nice=0 system=5214 idle=2464 iowait=0 irq=6047 softirq=72 steal=0
[host_monotonic_s=133940.554651] RT_CPUSTAT sample=235 cpu=cpu1 user=136 nice=0 system=545 idle=88757 iowait=0 irq=21428 softirq=27 steal=0
[host_monotonic_s=133940.572446] RT_CPUSTAT sample=236 cpu=cpu0 user=107703 nice=0 system=5246 idle=2464 iowait=0 irq=6073 softirq=72 steal=0
[host_monotonic_s=133941.383545] RT_CPUSTAT sample=236 cpu=cpu1 user=136 nice=0 system=547 idle=89123 iowait=0 irq=21520 softirq=27 steal=0
[host_monotonic_s=133941.383557] RT_CPUSTAT sample=237 cpu=cpu0 user=108151 nice=0 system=5276 idle=2464 iowait=0 irq=6098 softirq=73 steal=0
[host_monotonic_s=133941.383559] RT_CPUSTAT sample=237 cpu=cpu1 user=137 nice=0 system=549 idle=89487 iowait=0 irq=21611 softirq=28 steal=0
[host_monotonic_s=133941.402307] RT_CPUSTAT sample=238 cpu=cpu0 user=108611 nice=0 system=5295 idle=2464 iowait=0 irq=6124 softirq=73 steal=0
[host_monotonic_s=133941.419059] RT_CPUSTAT sample=238 cpu=cpu1 user=137 nice=0 system=552 idle=89850 iowait=0 irq=21703 softirq=28 steal=0
[host_monotonic_s=133941.436006] RT_CPUSTAT sample=239 cpu=cpu0 user=109088 nice=0 system=5296 idle=2464 iowait=0 irq=6149 softirq=73 steal=0
[host_monotonic_s=133941.452638] RT_CPUSTAT sample=239 cpu=cpu1 user=139 nice=0 system=554 idle=90214 iowait=0 irq=21795 softirq=28 steal=0
[host_monotonic_s=133941.469753] RT_CPUSTAT sample=240 cpu=cpu0 user=109567 nice=0 system=5296 idle=2464 iowait=0 irq=6174 softirq=73 steal=0
[host_monotonic_s=133941.487380] RT_CPUSTAT sample=240 cpu=cpu1 user=139 nice=0 system=556 idle=90580 iowait=0 irq=21885 softirq=28 steal=0
[host_monotonic_s=133941.504050] RT_CPUSTAT sample=241 cpu=cpu0 user=110033 nice=0 system=5309 idle=2464 iowait=0 irq=6200 softirq=74 steal=0
[host_monotonic_s=133941.520759] RT_CPUSTAT sample=241 cpu=cpu1 user=140 nice=0 system=558 idle=90945 iowait=0 irq=21979 softirq=28 steal=0
[host_monotonic_s=133941.537999] RT_CPUSTAT sample=242 cpu=cpu0 user=110509 nice=0 system=5312 idle=2464 iowait=0 irq=6225 softirq=74 steal=0
[host_monotonic_s=133941.555184] RT_CPUSTAT sample=242 cpu=cpu1 user=140 nice=0 system=562 idle=91310 iowait=0 irq=22069 softirq=28 steal=0
[host_monotonic_s=133941.572047] RT_CPUSTAT sample=243 cpu=cpu0 user=110986 nice=0 system=5313 idle=2464 iowait=0 irq=6251 softirq=74 steal=0
[host_monotonic_s=133941.588826] RT_CPUSTAT sample=243 cpu=cpu1 user=141 nice=0 system=566 idle=91675 iowait=0 irq=22158 softirq=28 steal=0
[host_monotonic_s=133941.605796] RT_CPUSTAT sample=244 cpu=cpu0 user=111441 nice=0 system=5337 idle=2464 iowait=0 irq=6276 softirq=75 steal=0
[host_monotonic_s=133941.622158] RT_CPUSTAT sample=244 cpu=cpu1 user=142 nice=0 system=570 idle=92041 iowait=0 irq=22248 softirq=28 steal=0
[host_monotonic_s=133941.934238] RT_CPUSTAT sample=245 cpu=cpu0 user=111897 nice=0 system=5359 idle=2464 iowait=0 irq=6302 softirq=75 steal=0
[host_monotonic_s=133941.934252] RT_CPUSTAT sample=245 cpu=cpu1 user=143 nice=0 system=572 idle=92404 iowait=0 irq=22341 softirq=29 steal=0
[host_monotonic_s=133941.934255] RT_CPUSTAT sample=246 cpu=cpu0 user=112338 nice=0 system=5396 idle=2464 iowait=0 irq=6327 softirq=75 steal=0
[host_monotonic_s=133941.953701] RT_CPUSTAT sample=246 cpu=cpu1 user=144 nice=0 system=574 idle=92768 iowait=0 irq=22433 softirq=29 steal=0
[host_monotonic_s=133941.970878] RT_CPUSTAT sample=247 cpu=cpu0 user=112802 nice=0 system=5412 idle=2464 iowait=0 irq=6353 softirq=75 steal=0
[host_monotonic_s=133941.987578] RT_CPUSTAT sample=247 cpu=cpu1 user=144 nice=0 system=579 idle=93133 iowait=0 irq=22525 softirq=29 steal=0
[host_monotonic_s=133942.004550] RT_CPUSTAT sample=248 cpu=cpu0 user=113255 nice=0 system=5437 idle=2464 iowait=0 irq=6379 softirq=76 steal=0
[host_monotonic_s=133942.020947] RT_CPUSTAT sample=248 cpu=cpu1 user=145 nice=0 system=580 idle=93494 iowait=0 irq=22617 softirq=29 steal=0
[host_monotonic_s=133942.038555] RT_CPUSTAT sample=249 cpu=cpu0 user=113694 nice=0 system=5476 idle=2464 iowait=0 irq=6404 softirq=76 steal=0
[host_monotonic_s=133942.055210] RT_CPUSTAT sample=249 cpu=cpu1 user=145 nice=0 system=582 idle=93857 iowait=0 irq=22710 softirq=29 steal=0
[host_monotonic_s=133942.071762] RT_CPUSTAT sample=250 cpu=cpu0 user=114130 nice=0 system=5518 idle=2464 iowait=0 irq=6429 softirq=76 steal=0
[host_monotonic_s=133942.088598] RT_CPUSTAT sample=250 cpu=cpu1 user=145 nice=0 system=584 idle=94222 iowait=0 irq=22803 softirq=29 steal=0
[host_monotonic_s=133942.105558] RT_CPUSTAT sample=251 cpu=cpu0 user=114597 nice=0 system=5528 idle=2464 iowait=0 irq=6455 softirq=77 steal=0
[host_monotonic_s=133942.122116] RT_CPUSTAT sample=251 cpu=cpu1 user=145 nice=0 system=588 idle=94585 iowait=0 irq=22895 softirq=29 steal=0
[host_monotonic_s=133942.139080] RT_CPUSTAT sample=252 cpu=cpu0 user=115030 nice=0 system=5575 idle=2464 iowait=0 irq=6481 softirq=77 steal=0
[host_monotonic_s=133942.156393] RT_CPUSTAT sample=252 cpu=cpu1 user=145 nice=0 system=591 idle=94949 iowait=0 irq=22987 softirq=29 steal=0
[host_monotonic_s=133942.173355] RT_CPUSTAT sample=253 cpu=cpu0 user=115477 nice=0 system=5606 idle=2464 iowait=0 irq=6506 softirq=77 steal=0
[host_monotonic_s=133942.484553] RT_CPUSTAT sample=253 cpu=cpu1 user=145 nice=0 system=594 idle=95315 iowait=0 irq=23078 softirq=30 steal=0
[host_monotonic_s=133942.484564] RT_CPUSTAT sample=254 cpu=cpu0 user=115945 nice=0 system=5615 idle=2464 iowait=0 irq=6532 softirq=78 steal=0
[host_monotonic_s=133942.484566] RT_CPUSTAT sample=254 cpu=cpu1 user=146 nice=0 system=597 idle=95677 iowait=0 irq=23170 softirq=30 steal=0
[host_monotonic_s=133942.503808] RT_CPUSTAT sample=255 cpu=cpu0 user=116423 nice=0 system=5616 idle=2464 iowait=0 irq=6558 softirq=78 steal=0
[host_monotonic_s=133943.307684] RT_CPUSTAT sample=255 cpu=cpu1 user=147 nice=0 system=599 idle=96040 iowait=0 irq=23263 softirq=30 steal=0
[host_monotonic_s=133943.307694] RT_CPUSTAT sample=256 cpu=cpu0 user=116891 nice=0 system=5628 idle=2464 iowait=0 irq=6583 softirq=78 steal=0
[host_monotonic_s=133943.317095] RT_CPUSTAT sample=256 cpu=cpu1 user=148 nice=0 system=599 idle=96406 iowait=0 irq=23355 softirq=30 steal=0
[host_monotonic_s=133943.334050] RT_CPUSTAT sample=257 cpu=cpu0 user=117361 nice=0 system=5636 idle=2464 iowait=0 irq=6608 softirq=79 steal=0
[host_monotonic_s=133943.351038] RT_CPUSTAT sample=257 cpu=cpu1 user=148 nice=0 system=602 idle=96771 iowait=0 irq=23445 softirq=30 steal=0
[host_monotonic_s=133943.372990] RT_CPUSTAT sample=258 cpu=cpu0 user=117838 nice=0 system=5638 idle=2464 iowait=0 irq=6634 softirq=79 steal=0
[host_monotonic_s=133943.390363] RT_CPUSTAT sample=258 cpu=cpu1 user=148 nice=0 system=604 idle=97138 iowait=0 irq=23535 softirq=30 steal=0
[host_monotonic_s=133943.407215] RT_CPUSTAT sample=259 cpu=cpu0 user=118315 nice=0 system=5639 idle=2464 iowait=0 irq=6659 softirq=79 steal=0
[host_monotonic_s=133943.424051] RT_CPUSTAT sample=259 cpu=cpu1 user=149 nice=0 system=608 idle=97500 iowait=0 irq=23627 softirq=30 steal=0
[host_monotonic_s=133943.441380] RT_CPUSTAT sample=260 cpu=cpu0 user=118749 nice=0 system=5684 idle=2464 iowait=0 irq=6684 softirq=79 steal=0
[host_monotonic_s=133943.458392] RT_CPUSTAT sample=260 cpu=cpu1 user=150 nice=0 system=611 idle=97864 iowait=0 irq=23719 softirq=30 steal=0
[host_monotonic_s=133943.475516] RT_CPUSTAT sample=261 cpu=cpu0 user=119207 nice=0 system=5707 idle=2464 iowait=0 irq=6710 softirq=80 steal=0
[host_monotonic_s=133943.492181] RT_CPUSTAT sample=261 cpu=cpu1 user=151 nice=0 system=612 idle=98231 iowait=0 irq=23811 softirq=31 steal=0
[host_monotonic_s=133943.508844] RT_CPUSTAT sample=262 cpu=cpu0 user=119659 nice=0 system=5732 idle=2464 iowait=0 irq=6735 softirq=80 steal=0
[host_monotonic_s=133943.525946] RT_CPUSTAT sample=262 cpu=cpu1 user=152 nice=0 system=614 idle=98596 iowait=0 irq=23901 softirq=31 steal=0
[host_monotonic_s=133943.542652] RT_CPUSTAT sample=263 cpu=cpu0 user=120127 nice=0 system=5741 idle=2464 iowait=0 irq=6761 softirq=80 steal=0
[host_monotonic_s=133943.858323] RT_CPUSTAT sample=263 cpu=cpu1 user=153 nice=0 system=616 idle=98962 iowait=0 irq=23991 softirq=31 steal=0
[host_monotonic_s=133943.858338] RT_CPUSTAT sample=264 cpu=cpu0 user=120575 nice=0 system=5771 idle=2464 iowait=0 irq=6786 softirq=81 steal=0
[host_monotonic_s=133943.858341] RT_CPUSTAT sample=264 cpu=cpu1 user=153 nice=0 system=619 idle=99329 iowait=0 irq=24081 softirq=31 steal=0
[host_monotonic_s=133943.875411] RT_CPUSTAT sample=265 cpu=cpu0 user=121010 nice=0 system=5817 idle=2464 iowait=0 irq=6812 softirq=81 steal=0
[host_monotonic_s=133943.892143] RT_CPUSTAT sample=265 cpu=cpu1 user=154 nice=0 system=621 idle=99696 iowait=0 irq=24173 softirq=31 steal=0
[host_monotonic_s=133943.909637] RT_CPUSTAT sample=266 cpu=cpu0 user=121463 nice=0 system=5842 idle=2464 iowait=0 irq=6838 softirq=81 steal=0
[host_monotonic_s=133943.926720] RT_CPUSTAT sample=266 cpu=cpu1 user=155 nice=0 system=624 idle=100063 iowait=0 irq=24264 softirq=31 steal=0
[host_monotonic_s=133943.943424] RT_CPUSTAT sample=267 cpu=cpu0 user=121910 nice=0 system=5872 idle=2464 iowait=0 irq=6864 softirq=82 steal=0
[host_monotonic_s=133943.959963] RT_CPUSTAT sample=267 cpu=cpu1 user=156 nice=0 system=629 idle=100428 iowait=0 irq=24354 softirq=31 steal=0
[host_monotonic_s=133943.977226] RT_CPUSTAT sample=268 cpu=cpu0 user=122358 nice=0 system=5903 idle=2464 iowait=0 irq=6889 softirq=82 steal=0
[host_monotonic_s=133943.993645] RT_CPUSTAT sample=268 cpu=cpu1 user=156 nice=0 system=631 idle=100792 iowait=0 irq=24446 softirq=31 steal=0
[host_monotonic_s=133944.010590] RT_CPUSTAT sample=269 cpu=cpu0 user=122803 nice=0 system=5937 idle=2464 iowait=0 irq=6915 softirq=82 steal=0
[host_monotonic_s=133944.027398] RT_CPUSTAT sample=269 cpu=cpu1 user=157 nice=0 system=633 idle=101158 iowait=0 irq=24538 softirq=32 steal=0
[host_monotonic_s=133944.044007] RT_CPUSTAT sample=270 cpu=cpu0 user=123281 nice=0 system=5937 idle=2464 iowait=0 irq=6941 softirq=82 steal=0
[host_monotonic_s=133944.060712] RT_CPUSTAT sample=270 cpu=cpu1 user=157 nice=0 system=637 idle=101522 iowait=0 irq=24630 softirq=32 steal=0
[host_monotonic_s=133944.077764] RT_CPUSTAT sample=271 cpu=cpu0 user=123758 nice=0 system=5937 idle=2464 iowait=0 irq=6967 softirq=83 steal=0
[host_monotonic_s=133944.094471] RT_CPUSTAT sample=271 cpu=cpu1 user=158 nice=0 system=639 idle=101885 iowait=0 irq=24721 softirq=32 steal=0
[host_monotonic_s=133944.408685] RT_CPUSTAT sample=272 cpu=cpu0 user=124229 nice=0 system=5944 idle=2464 iowait=0 irq=6992 softirq=83 steal=0
[host_monotonic_s=133944.408696] RT_CPUSTAT sample=272 cpu=cpu1 user=159 nice=0 system=642 idle=102251 iowait=0 irq=24811 softirq=32 steal=0
[host_monotonic_s=133944.408698] RT_CPUSTAT sample=273 cpu=cpu0 user=124698 nice=0 system=5953 idle=2464 iowait=0 irq=7018 softirq=83 steal=0
[host_monotonic_s=133944.423258] RT_CPUSTAT sample=273 cpu=cpu1 user=159 nice=0 system=644 idle=102617 iowait=0 irq=24901 softirq=32 steal=0
[host_monotonic_s=133945.235597] RT_CPUSTAT sample=274 cpu=cpu0 user=125176 nice=0 system=5954 idle=2464 iowait=0 irq=7043 softirq=84 steal=0
[host_monotonic_s=133945.235609] RT_CPUSTAT sample=274 cpu=cpu1 user=160 nice=0 system=647 idle=102984 iowait=0 irq=24991 softirq=32 steal=0
[host_monotonic_s=133945.235611] RT_CPUSTAT sample=275 cpu=cpu0 user=125645 nice=0 system=5964 idle=2464 iowait=0 irq=7069 softirq=84 steal=0
[host_monotonic_s=133945.253514] RT_CPUSTAT sample=275 cpu=cpu1 user=160 nice=0 system=649 idle=103347 iowait=0 irq=25084 softirq=32 steal=0
[host_monotonic_s=133945.270847] RT_CPUSTAT sample=276 cpu=cpu0 user=126088 nice=0 system=5999 idle=2464 iowait=0 irq=7094 softirq=84 steal=0
[host_monotonic_s=133945.287796] RT_CPUSTAT sample=276 cpu=cpu1 user=161 nice=0 system=651 idle=103711 iowait=0 irq=25175 softirq=32 steal=0
[host_monotonic_s=133945.304717] RT_CPUSTAT sample=277 cpu=cpu0 user=126537 nice=0 system=6029 idle=2464 iowait=0 irq=7120 softirq=85 steal=0
[host_monotonic_s=133945.321241] RT_CPUSTAT sample=277 cpu=cpu1 user=162 nice=0 system=653 idle=104074 iowait=0 irq=25268 softirq=32 steal=0
[host_monotonic_s=133945.338502] RT_CPUSTAT sample=278 cpu=cpu0 user=127000 nice=0 system=6046 idle=2464 iowait=0 irq=7145 softirq=85 steal=0
[host_monotonic_s=133945.355488] RT_CPUSTAT sample=278 cpu=cpu1 user=162 nice=0 system=656 idle=104440 iowait=0 irq=25359 softirq=33 steal=0
[host_monotonic_s=133945.372489] RT_CPUSTAT sample=279 cpu=cpu0 user=127452 nice=0 system=6072 idle=2464 iowait=0 irq=7170 softirq=85 steal=0
[host_monotonic_s=133945.389532] RT_CPUSTAT sample=279 cpu=cpu1 user=163 nice=0 system=658 idle=104806 iowait=0 irq=25449 softirq=33 steal=0
[host_monotonic_s=133945.406790] RT_CPUSTAT sample=280 cpu=cpu0 user=127911 nice=0 system=6093 idle=2464 iowait=0 irq=7195 softirq=85 steal=0
[host_monotonic_s=133945.423741] RT_CPUSTAT sample=280 cpu=cpu1 user=164 nice=0 system=660 idle=105170 iowait=0 irq=25542 softirq=33 steal=0
[host_monotonic_s=133945.441082] RT_CPUSTAT sample=281 cpu=cpu0 user=128339 nice=0 system=6143 idle=2464 iowait=0 irq=7220 softirq=86 steal=0
[host_monotonic_s=133945.458414] RT_CPUSTAT sample=281 cpu=cpu1 user=165 nice=0 system=662 idle=105537 iowait=0 irq=25634 softirq=33 steal=0
[host_monotonic_s=133945.475670] RT_CPUSTAT sample=282 cpu=cpu0 user=128810 nice=0 system=6151 idle=2464 iowait=0 irq=7246 softirq=86 steal=0
[host_monotonic_s=133945.786190] RT_CPUSTAT sample=282 cpu=cpu1 user=165 nice=0 system=664 idle=105903 iowait=0 irq=25724 softirq=33 steal=0
[host_monotonic_s=133945.786202] RT_CPUSTAT sample=283 cpu=cpu0 user=129244 nice=0 system=6196 idle=2464 iowait=0 irq=7272 softirq=86 steal=0
[host_monotonic_s=133945.786204] RT_CPUSTAT sample=283 cpu=cpu1 user=167 nice=0 system=666 idle=106268 iowait=0 irq=25816 softirq=33 steal=0
[host_monotonic_s=133945.805331] RT_CPUSTAT sample=284 cpu=cpu0 user=129705 nice=0 system=6214 idle=2464 iowait=0 irq=7297 softirq=87 steal=0
[host_monotonic_s=133945.822075] RT_CPUSTAT sample=284 cpu=cpu1 user=168 nice=0 system=668 idle=106632 iowait=0 irq=25907 softirq=33 steal=0
[host_monotonic_s=133945.838797] RT_CPUSTAT sample=285 cpu=cpu0 user=130160 nice=0 system=6235 idle=2464 iowait=0 irq=7323 softirq=87 steal=0
[host_monotonic_s=133945.855537] RT_CPUSTAT sample=285 cpu=cpu1 user=168 nice=0 system=671 idle=106996 iowait=0 irq=25998 softirq=33 steal=0
[host_monotonic_s=133945.872610] RT_CPUSTAT sample=286 cpu=cpu0 user=130640 nice=0 system=6236 idle=2464 iowait=0 irq=7348 softirq=87 steal=0
[host_monotonic_s=133945.889609] RT_CPUSTAT sample=286 cpu=cpu1 user=169 nice=0 system=672 idle=107364 iowait=0 irq=26088 softirq=34 steal=0
[host_monotonic_s=133945.906326] RT_CPUSTAT sample=287 cpu=cpu0 user=131110 nice=0 system=6242 idle=2464 iowait=0 irq=7374 softirq=88 steal=0
[host_monotonic_s=133945.922816] RT_CPUSTAT sample=287 cpu=cpu1 user=170 nice=0 system=675 idle=107728 iowait=0 irq=26180 softirq=34 steal=0
[host_monotonic_s=133945.939903] RT_CPUSTAT sample=288 cpu=cpu0 user=131582 nice=0 system=6249 idle=2464 iowait=0 irq=7399 softirq=88 steal=0
[host_monotonic_s=133945.957221] RT_CPUSTAT sample=288 cpu=cpu1 user=170 nice=0 system=678 idle=108094 iowait=0 irq=26271 softirq=34 steal=0
[host_monotonic_s=133945.974067] RT_CPUSTAT sample=289 cpu=cpu0 user=132058 nice=0 system=6253 idle=2464 iowait=0 irq=7425 softirq=88 steal=0
[host_monotonic_s=133945.992098] RT_CPUSTAT sample=289 cpu=cpu1 user=170 nice=0 system=680 idle=108458 iowait=0 irq=26362 softirq=34 steal=0
[host_monotonic_s=133946.009894] RT_CPUSTAT sample=290 cpu=cpu0 user=132537 nice=0 system=6253 idle=2464 iowait=0 irq=7451 softirq=88 steal=0
[host_monotonic_s=133946.026689] RT_CPUSTAT sample=290 cpu=cpu1 user=171 nice=0 system=681 idle=108825 iowait=0 irq=26452 softirq=34 steal=0
[host_monotonic_s=133946.336593] RT_CPUSTAT sample=291 cpu=cpu0 user=132983 nice=0 system=6285 idle=2464 iowait=0 irq=7476 softirq=89 steal=0
[host_monotonic_s=133946.336606] RT_CPUSTAT sample=291 cpu=cpu1 user=172 nice=0 system=683 idle=109190 iowait=0 irq=26543 softirq=34 steal=0
[host_monotonic_s=133946.336608] RT_CPUSTAT sample=292 cpu=cpu0 user=133427 nice=0 system=6320 idle=2464 iowait=0 irq=7502 softirq=89 steal=0
[host_monotonic_s=133946.358750] RT_CPUSTAT sample=292 cpu=cpu1 user=173 nice=0 system=685 idle=109555 iowait=0 irq=26635 softirq=34 steal=0
[host_monotonic_s=133947.161337] RT_CPUSTAT sample=293 cpu=cpu0 user=133879 nice=0 system=6345 idle=2464 iowait=0 irq=7527 softirq=89 steal=0
[host_monotonic_s=133947.161348] RT_CPUSTAT sample=293 cpu=cpu1 user=173 nice=0 system=688 idle=109918 iowait=0 irq=26726 softirq=34 steal=0
[host_monotonic_s=133947.172076] RT_CPUSTAT sample=294 cpu=cpu0 user=134338 nice=0 system=6364 idle=2464 iowait=0 irq=7553 softirq=90 steal=0
[host_monotonic_s=133947.188726] RT_CPUSTAT sample=294 cpu=cpu1 user=173 nice=0 system=691 idle=110281 iowait=0 irq=26818 softirq=34 steal=0
[host_monotonic_s=133947.205559] RT_CPUSTAT sample=295 cpu=cpu0 user=134791 nice=0 system=6392 idle=2464 iowait=0 irq=7578 softirq=90 steal=0
[host_monotonic_s=133947.222393] RT_CPUSTAT sample=295 cpu=cpu1 user=173 nice=0 system=693 idle=110647 iowait=0 irq=26910 softirq=35 steal=0
[host_monotonic_s=133947.239059] RT_CPUSTAT sample=296 cpu=cpu0 user=135228 nice=0 system=6432 idle=2464 iowait=0 irq=7604 softirq=90 steal=0
[host_monotonic_s=133947.255751] RT_CPUSTAT sample=296 cpu=cpu1 user=174 nice=0 system=696 idle=111011 iowait=0 irq=27002 softirq=35 steal=0
[host_monotonic_s=133947.272760] RT_CPUSTAT sample=297 cpu=cpu0 user=135670 nice=0 system=6467 idle=2464 iowait=0 irq=7629 softirq=91 steal=0
[host_monotonic_s=133947.289877] RT_CPUSTAT sample=297 cpu=cpu1 user=174 nice=0 system=698 idle=111374 iowait=0 irq=27093 softirq=35 steal=0
[host_monotonic_s=133947.306709] RT_CPUSTAT sample=298 cpu=cpu0 user=136127 nice=0 system=6489 idle=2464 iowait=0 irq=7655 softirq=91 steal=0
[host_monotonic_s=133947.323439] RT_CPUSTAT sample=298 cpu=cpu1 user=174 nice=0 system=700 idle=111740 iowait=0 irq=27184 softirq=35 steal=0
[host_monotonic_s=133947.340417] RT_CPUSTAT sample=299 cpu=cpu0 user=136578 nice=0 system=6517 idle=2464 iowait=0 irq=7680 softirq=91 steal=0
[host_monotonic_s=133947.357424] RT_CPUSTAT sample=299 cpu=cpu1 user=175 nice=0 system=700 idle=112104 iowait=0 irq=27275 softirq=35 steal=0
[host_monotonic_s=133947.375030] RT_CPUSTAT sample=300 cpu=cpu0 user=137021 nice=0 system=6552 idle=2464 iowait=0 irq=7706 softirq=91 steal=0
[host_monotonic_s=133947.392177] RT_CPUSTAT sample=300 cpu=cpu1 user=176 nice=0 system=704 idle=112470 iowait=0 irq=27366 softirq=35 steal=0
[host_monotonic_s=133947.410620] RT_CPUSTAT sample=301 cpu=cpu0 user=137500 nice=0 system=6552 idle=2464 iowait=0 irq=7731 softirq=92 steal=0
