rt_experiment scenario=stress-rt mode=duration start_ns=1786829611762488418 expected_runtime_sec=3600
[host_monotonic_s=140661.690372] dedicated_cpus=1
[host_monotonic_s=140661.690816] VM Load @PA:0x40200000
[host_monotonic_s=140661.690979] VM Load Offset: 0xffff0000c0200000
[host_monotonic_s=140661.692848] Memory Map:
[host_monotonic_s=140661.694684]   Free   0x00000040000000 - 0x00000040200000 (2 MiB)
[host_monotonic_s=140661.694835]   KImg   0x00000040200000 - 0x00000044c00000 (74 MiB)
[host_monotonic_s=140661.696432]   Free   0x00000044c00000 - 0x00000240000000 (7.93 GiB)
[host_monotonic_s=140661.696676] Initialize RAM allocator: 0x44c00000..0x240000000
[host_monotonic_s=140661.725891] Reserving CPU-local areas
[host_monotonic_s=140661.728044] CPU-local area stride: 0x44000 bytes
[host_monotonic_s=140661.728151] Total CPU-local allocation: 0x110000 bytes (4 CPUs)
[host_monotonic_s=140661.728301] Flushed RAM used range to memory map: 0x44c00000..0x44d00000, current: 0x44d00000
[host_monotonic_s=140661.728419] Flushed RAM used range to memory map: 0x44d00000..0x44e10000, current: 0x44e10000
[host_monotonic_s=140661.729822] CPU-local areas allocated at 0x44d00000 - 0x44e10000
[host_monotonic_s=140661.729824] EL: 2
[host_monotonic_s=140661.729843] Mapping early memory regions...
[host_monotonic_s=140661.730543] Ram                 : [0x0000000040000000, 0x0000000240000000) -> [0x0000000040000000, 0x0000000240000000) (8 GiB)
[host_monotonic_s=140661.730983] KImage              : [0x0000ffff80000000, 0x0000ffff84a00000) -> [0x0000000040200000, 0x0000000044c00000) (74 MiB)
[host_monotonic_s=140661.731271] PerCpu              : [0x0000ff0044d00000, 0x0000ff0044e10000) -> [0x0000000044d00000, 0x0000000044e10000) (1.06 MiB)
[host_monotonic_s=140661.731483] Debug serial        : [0x0000000009000000, 0x0000000009001000) -> [0x0000000009000000, 0x0000000009001000) (4 KiB)
[host_monotonic_s=140661.731597] Boot page table at physical address: PA:0x44e10000
[host_monotonic_s=140661.731639] Setting up table registers...
[host_monotonic_s=140661.731787] MMU Entry point at physical address: 0x403bc31c
[host_monotonic_s=140661.736318] Trap vector at 0xffff801c0000
[host_monotonic_s=140661.736598] Memory Map:
[host_monotonic_s=140661.737807]   MMIO   0x00000009000000 - 0x00000009001000 (4 KiB)
[host_monotonic_s=140661.737834]   Free   0x00000040000000 - 0x00000040200000 (2 MiB)
[host_monotonic_s=140661.737996]   KImg   0x00000040200000 - 0x00000044c00000 (74 MiB)
[host_monotonic_s=140661.737998]   Rsv    0x00000044c00000 - 0x00000044d00000 (1 MiB)
[host_monotonic_s=140661.739068]   PerCPU 0x00000044d00000 - 0x00000044e10000 (1.06 MiB)
[host_monotonic_s=140661.739070]   Rsv    0x00000044e10000 - 0x00000044e1a000 (40 KiB)
[host_monotonic_s=140661.739434]   Free   0x00000044e1a000 - 0x00000240000000 (7.92 GiB)
[host_monotonic_s=140661.743213] Jumping to main entry point at 0xffff801a413c with SP 0x0000ff0044d44000
[host_monotonic_s=140661.744738] 
[host_monotonic_s=140661.744740]        d8888                            .d88888b.   .d8888b.
[host_monotonic_s=140661.744758]       d88888                           d88P" "Y88b d88P  Y88b
[host_monotonic_s=140661.744817]      d88P888                           888     888 Y88b.
[host_monotonic_s=140661.744876]     d88P 888 888d888  .d8888b  .d88b.  888     888  "Y888b.
[host_monotonic_s=140661.744940]    d88P  888 888P"   d88P"    d8P  Y8b 888     888     "Y88b.
[host_monotonic_s=140661.745006]   d88P   888 888     888      88888888 888     888       "888
[host_monotonic_s=140661.745072]  d8888888888 888     Y88b.    Y8b.     Y88b. .d88P Y88b  d88P
[host_monotonic_s=140661.745137] d88P     888 888      "Y8888P  "Y8888   "Y88888P"   "Y8888P"
[host_monotonic_s=140661.745160] 
[host_monotonic_s=140661.745595] arch = aarch64
[host_monotonic_s=140661.745597] platform = linux,dummy-virt
[host_monotonic_s=140661.745597] target = aarch64-unknown-none-softfloat
[host_monotonic_s=140661.745598] build_mode = 
[host_monotonic_s=140661.745598] log_level = info
[host_monotonic_s=140661.745613] backtrace = false
[host_monotonic_s=140661.745703] smp = 4
[host_monotonic_s=140661.745706] 
[host_monotonic_s=140661.746301] [37m[  0.063791 ax_runtime:220] [32mLogging is enabled.[m
[host_monotonic_s=140661.746352] [m[37m[  0.064206 ax_runtime:221] [32mPrimary CPU 0 started, arg = 0x44c00000.[m
[host_monotonic_s=140661.746478] [m[37m[  0.064315 ax_runtime:223] [32mFound physcial memory regions:[m
[host_monotonic_s=140661.747675] [m[37m[  0.065364 ax_runtime:225] [32m  [PA:0x9000000, PA:0x9001000) mmio (READ | WRITE | DEVICE | RESERVED)[m
[host_monotonic_s=140661.747801] [m[37m[  0.065596 ax_runtime:225] [32m  [PA:0x40000000, PA:0x40200000) free memory (READ | WRITE | FREE)[m
[host_monotonic_s=140661.747935] [m[37m[  0.065747 ax_runtime:225] [32m  [PA:0x40200000, PA:0x44c00000) reserved (READ | WRITE | EXECUTE | RESERVED)[m
[host_monotonic_s=140661.748069] [m[37m[  0.065881 ax_runtime:225] [32m  [PA:0x44c00000, PA:0x44d00000) reserved (READ | WRITE | EXECUTE | RESERVED)[m
[host_monotonic_s=140661.748208] [m[37m[  0.066015 ax_runtime:225] [32m  [PA:0x44d00000, PA:0x44e10000) reserved (READ | WRITE | EXECUTE | RESERVED)[m
[host_monotonic_s=140661.748337] [m[37m[  0.066155 ax_runtime:225] [32m  [PA:0x44e10000, PA:0x44e1a000) reserved (READ | WRITE | EXECUTE | RESERVED)[m
[host_monotonic_s=140661.748455] [m[37m[  0.066284 ax_runtime:225] [32m  [PA:0x44e1a000, PA:0x240000000) free memory (READ | WRITE | FREE)[m
[host_monotonic_s=140661.748571] [m[37m[  0.066421 ax_runtime:375] [32mInitialize global memory allocator...[m
[host_monotonic_s=140661.748666] [m[37m[  0.066526 ax_runtime:376] [32m  use buddy-slab-allocator allocator.[m
[host_monotonic_s=140661.748915] [m[37m[  0.066722 ax_alloc::buddy_slab:158] [32mInitialize global memory allocator, start_vaddr: 0x44e1a000, size: 0x1fb1e6000[m
[host_monotonic_s=140661.756896] [m[37m[  0.074649 ax_alloc::buddy_slab:424] [32mglobal allocator initialized[m
[host_monotonic_s=140661.757032] [m[37m[  0.074843 ax_alloc::buddy_slab:168] [32mAdd memory region, start_vaddr: 0x40000000, size: 0x200000[m
[host_monotonic_s=140661.757298] [m[37m[  0.075030 buddy_slab_allocator::global:151] [32mGlobalAllocator: skip region 0x40000000+0x200000, no allocator-visible memory after 2097152 alignment[m
[host_monotonic_s=140661.757626] [m[37m[  0.075455 ax_runtime:260] [32mkernel aspace: [VA:0x0, VA:0xffffffffffffffff)[m
[host_monotonic_s=140661.757791] [m[37m[  0.075645 ax_mm:103] [32mInitialize virtual memory management...[m
[host_monotonic_s=140662.559027] [m[37m[  0.678536 ax_runtime:272] [32mInitialize platform devices...[m
[host_monotonic_s=140662.559039] [m[37m[  0.685097 someboot::arch::power:23] [32mPower management method : SMC[m
[host_monotonic_s=140662.559042] [m[37m[  0.685295 somehal::driver:5] [32mInitializing rdrive with FDT at 0x44c00000[m
[host_monotonic_s=140662.559094] [m[37m[  0.698193 somehal::arch::gic::v3:274] [32mGICv3 CPU 0 EOI mode: two_step=true[m
[host_monotonic_s=140662.570864] [m[37m[  0.888605 ax_runtime:558] [32mDedicated (no-tick) host CPUs: 0b10[m
[host_monotonic_s=140662.570895] [m[37m[  0.888761 ax_task::api:158] [32mInitialize scheduling...[m
[host_monotonic_s=140662.572288] [m[37m[  0.890065 ax_task::api:166] [32m  use FIFO scheduler.[m
[host_monotonic_s=140662.572548] [m[37m[  0.890406 ax_runtime:300] [32mInitialize interrupt handlers...[m
[host_monotonic_s=140662.574827] [m[37m[  0.892616 ax_runtime::devices:2] [32mProbe platform devices...[m
[host_monotonic_s=140662.587881] [m[37m[  0.905665 somehal::arch::gic::v3:274] [32mGICv3 CPU 1 EOI mode: two_step=true[m
[host_monotonic_s=140662.588151] [m[37m[  0.905997 ax_runtime::mp:79] [32mSecondary CPU 1 started.[m
[host_monotonic_s=140662.588944] [m[37m[  0.906710 ax_runtime::mp:110] [32mSecondary CPU 1 init OK.[m
[host_monotonic_s=140662.598784] [m[37m[  0.916520 somehal::arch::gic::v3:274] [32mGICv3 CPU 2 EOI mode: two_step=true[m
[host_monotonic_s=140662.598968] [m[37m[  0.916757 ax_runtime::mp:79] [32mSecondary CPU 2 started.[m
[host_monotonic_s=140662.599312] [m[37m[  0.917095 ax_runtime::mp:110] [32mSecondary CPU 2 init OK.[m
[host_monotonic_s=140662.609442] [m[37m[  0.927139 somehal::arch::gic::v3:274] [32mGICv3 CPU 3 EOI mode: two_step=true[m
[host_monotonic_s=140662.609653] [m[37m[  0.927410 ax_runtime::mp:79] [32mSecondary CPU 3 started.[m
[host_monotonic_s=140662.609759] [m[37m[  0.927488 ax_runtime:348] [32mPrimary CPU 0 init OK.[m
[host_monotonic_s=140662.610212] [m[37m[  0.927982 ax_runtime::mp:110] [32mSecondary CPU 3 init OK.[m
[host_monotonic_s=140662.612312] [m
[host_monotonic_s=140662.612496] 
[host_monotonic_s=140662.612498]        d8888            888     888  d8b
[host_monotonic_s=140662.612526]       d88888            888     888  Y8P
[host_monotonic_s=140662.612562]      d88P888            888     888
[host_monotonic_s=140662.612635]     d88P 888  888  888  Y88b   d88P  888  .d8888b    .d88b.   888d888
[host_monotonic_s=140662.612719]    d88P  888  `Y8bd8P'   Y88b d88P   888  88K       d88""88b  888P"
[host_monotonic_s=140662.612802]   d88P   888    X88K      Y88o88P    888  "Y8888b.  888  888  888
[host_monotonic_s=140662.612873]  d8888888888  .d8""8b.     Y888P     888       X88  Y88..88P  888
[host_monotonic_s=140662.612946] d88P     888  888  888      Y8P      888   88888P'   "Y88P"   888
[host_monotonic_s=140662.612961] 
[host_monotonic_s=140662.612980] 
[host_monotonic_s=140662.613014] by AxVisor Team
[host_monotonic_s=140662.613021] 
[host_monotonic_s=140662.613237] [37m[  0.931047 0:2 axvisor:77] [32mRT partition host CPU mask established: 0b10[m
[host_monotonic_s=140662.613350] [m[37m[  0.931204 0:2 axvisor:80] [32mStarting virtualization...[m
[host_monotonic_s=140662.613534] [m[37m[  0.931362 0:2 axvm::host::arceos:330] [32mEnabling hardware virtualization support on all cores...[m
[host_monotonic_s=140662.613709] [m[37m[  0.931535 0:2 axvm::host::arceos:336] [32mCore 0 is initializing hardware virtualization support...[m
[host_monotonic_s=140662.613864] [m[37m[  0.931723 0:2 axvm::timer:349] [32mInitializing AxVM timer wheel...[m
[host_monotonic_s=140662.619300] [m[37m[  0.937089 0:2 axvm::host::arceos:338] [32mHardware virtualization support enabled on core 0[m
[host_monotonic_s=140662.620221] [m[37m[  0.937970 0:2 axvm::host::arceos:361] [32mWaiting for all cores to enable hardware virtualization...[m
[host_monotonic_s=140662.620934] [m[37m[  0.938689 1:11 axvm::host::arceos:348] [32mCore 1 is initializing hardware virtualization support...[m
[host_monotonic_s=140662.621114] [m[37m[  0.938707 2:12 axvm::host::arceos:348] [32mCore 2 is initializing hardware virtualization support...[m
[host_monotonic_s=140662.621428] [m[37m[  0.938733 3:13 axvm::host::arceos:348] [32mCore 3 is initializing hardware virtualization support...[m
[host_monotonic_s=140662.621546] [m[37m[  0.938886 1:11 axvm::timer:349] [32mInitializing AxVM timer wheel...[m
[host_monotonic_s=140662.621660] [m[37m[  0.939061 2:12 axvm::timer:349] [32mInitializing AxVM timer wheel...[m
[host_monotonic_s=140662.621883] [m[37m[  0.939380 3:13 axvm::timer:349] [32mInitializing AxVM timer wheel...[m
[host_monotonic_s=140662.622169] [m[37m[  0.939914 1:11 axvm::host::arceos:351] [32mHardware virtualization support enabled on core 1[m
[host_monotonic_s=140662.622440] [m[37m[  0.939960 3:13 axvm::host::arceos:351] [32mHardware virtualization support enabled on core 3[m
[host_monotonic_s=140662.622596] [m[37m[  0.939916 2:12 axvm::host::arceos:351] [32mHardware virtualization support enabled on core 2[m
[host_monotonic_s=140662.622775] [m[37m[  0.940581 0:2 axvm::host::arceos:372] [32mAll cores have enabled hardware virtualization support.[m
[host_monotonic_s=140662.623029] [m[37m[  0.940858 0:2 axvisor::config:91] [32mUsing static VM configs.[m
[host_monotonic_s=140662.641468] [m[37m[  0.957996 0:2 axvm::arch::aarch64::fdt::core:79] [32mVM[1] virtual GIC follows host firmware resources: GuestGicProfile { compatible: "arm,gic-v3", node_path: "/intc@8000000", node_phandle: Some(32773), distributor: GuestMmioRegion { base: 134217728, length: 65536 }, cpu_region: Redistributors(GuestGicRedistributorProfile { regions: [GuestMmioRegion { base: 134873088, length: 16121856 }], stride: 131072 }), its: [GuestItsProfile { id: ItsId(0), node_path: "/intc@8000000/its@8080000", node_phandle: Some(32774), registers: GuestMmioRegion { base: 134742016, length: 131072 } }] }[m
[host_monotonic_s=140662.642940] [m[37m[  0.960731 0:2 axvm::arch::aarch64::fdt::core:93] [32mVM[1] architectural timer follows host firmware PPIs[m
[host_monotonic_s=140662.647025] [m[37m[  0.964798 0:2 axvm::arch::aarch64::fdt::core::parser:442] [32mCPU node: /cpus/cpu@0, node_id: 0x0, hardware_cpu_id: 0x0[m
[host_monotonic_s=140662.647254] [m[37m[  0.965051 0:2 axvm::arch::aarch64::fdt::core::parser:442] [32mCPU node: /cpus/cpu@1, node_id: 0x1, hardware_cpu_id: 0x1[m
[host_monotonic_s=140662.647455] [m[37m[  0.965251 0:2 axvm::arch::aarch64::fdt::core::parser:442] [32mCPU node: /cpus/cpu@2, node_id: 0x2, hardware_cpu_id: 0x2[m
[host_monotonic_s=140662.647619] [m[37m[  0.965416 0:2 axvm::arch::aarch64::fdt::core::parser:442] [32mCPU node: /cpus/cpu@3, node_id: 0x3, hardware_cpu_id: 0x3[m
[host_monotonic_s=140662.647814] [m[37m[  0.965650 0:2 axvm::arch::aarch64::fdt::core::parser:449] [32mFound 4 host CPU nodes[m
[host_monotonic_s=140662.648358] [m[37m[  0.966148 0:2 axvm::arch::aarch64::fdt::core:144] [32mVM[1] DTB not found, generating from the VM configuration[m
[host_monotonic_s=140662.659531] [m[37m[  0.977205 0:2 axvm::arch::aarch64::fdt::core::device:96] [32mFound excluded devices: ["/intc@8000000", "/pl011@9000000", "/timer", "/intc@8000000/its@8080000"][m
[host_monotonic_s=140662.669486] [m[37m[  0.987205 0:2 axvm::arch::aarch64::fdt::core::device:96] [32mFound excluded devices: ["/intc@8000000", "/pl011@9000000", "/timer", "/intc@8000000/its@8080000"][m
[host_monotonic_s=140662.670418] [m[37m[  0.988202 0:2 axvisor::config:258] [32mCreating VM[1] "rt-partition-linux"[m
[host_monotonic_s=140662.686983] [m[37m[  1.004784 0:2 axvm::vm:1044] [32mVM created: id=1[m
[host_monotonic_s=140663.738275] [m[37m[  2.056000 0:2 axvisor::config:270] [32mVM[1] created success, loading images...[m
[host_monotonic_s=140664.038725] [m[37m[  2.162211 0:2 axvm::boot::images:137] [32mLoading ramdisk image from memory (19620641 bytes) into GPA @0x84000000[m
[host_monotonic_s=140664.038741] [m[37m[  2.220816 0:2 axdevice::device:1232] [32mDeviceRuntime: registered device id=0[m
[host_monotonic_s=140664.038924] [m[37m[  2.221273 0:2 axdevice::device:1232] [32mDeviceRuntime: registered device id=1[m
[host_monotonic_s=140664.047314] [m[37m[  2.357454 0:2 axdevice::device:1232] [32mDeviceRuntime: registered device id=2[m
[host_monotonic_s=140664.047319] [m[37m[  2.364945 0:2 axdevice::device:1232] [32mDeviceRuntime: registered device id=3[m
[host_monotonic_s=140664.051076] [m[37m[  2.368857 0:2 axdevice::device:1232] [32mDeviceRuntime: registered device id=4[m
[host_monotonic_s=140664.055007] [m[37m[  2.372803 0:2 axvm::vm::prepare:82] [32mVM setup: id=1[m
[host_monotonic_s=140664.058247] [m[37m[  2.375504 0:2 axvm::arch::aarch64::fdt::core:79] [32mVM[2] virtual GIC follows host firmware resources: GuestGicProfile { compatible: "arm,gic-v3", node_path: "/intc@8000000", node_phandle: Some(32773), distributor: GuestMmioRegion { base: 134217728, length: 65536 }, cpu_region: Redistributors(GuestGicRedistributorProfile { regions: [GuestMmioRegion { base: 134873088, length: 16121856 }], stride: 131072 }), its: [GuestItsProfile { id: ItsId(0), node_path: "/intc@8000000/its@8080000", node_phandle: Some(32774), registers: GuestMmioRegion { base: 134742016, length: 131072 } }] }[m
[host_monotonic_s=140664.058469] [m[37m[  2.376287 0:2 axvm::arch::aarch64::fdt::core:93] [32mVM[2] architectural timer follows host firmware PPIs[m
[host_monotonic_s=140664.061625] [m[37m[  2.379414 0:2 axvm::arch::aarch64::fdt::core::parser:442] [32mCPU node: /cpus/cpu@0, node_id: 0x0, hardware_cpu_id: 0x0[m
[host_monotonic_s=140664.061773] [m[37m[  2.379578 0:2 axvm::arch::aarch64::fdt::core::parser:442] [32mCPU node: /cpus/cpu@1, node_id: 0x1, hardware_cpu_id: 0x1[m
[host_monotonic_s=140664.061924] [m[37m[  2.379734 0:2 axvm::arch::aarch64::fdt::core::parser:442] [32mCPU node: /cpus/cpu@2, node_id: 0x2, hardware_cpu_id: 0x2[m
[host_monotonic_s=140664.062084] [m[37m[  2.379886 0:2 axvm::arch::aarch64::fdt::core::parser:442] [32mCPU node: /cpus/cpu@3, node_id: 0x3, hardware_cpu_id: 0x3[m
[host_monotonic_s=140664.062225] [m[37m[  2.380068 0:2 axvm::arch::aarch64::fdt::core::parser:449] [32mFound 4 host CPU nodes[m
[host_monotonic_s=140664.062367] [m[37m[  2.380181 0:2 axvm::arch::aarch64::fdt::core:144] [32mVM[2] DTB not found, generating from the VM configuration[m
[host_monotonic_s=140664.069089] [m[37m[  2.386839 0:2 axvm::arch::aarch64::fdt::core::device:96] [32mFound excluded devices: ["/intc@8000000", "/pl011@9000000", "/timer", "/intc@8000000/its@8080000"][m
[host_monotonic_s=140664.073418] [m[37m[  2.391167 0:2 axvm::arch::aarch64::fdt::core::device:96] [32mFound excluded devices: ["/intc@8000000", "/pl011@9000000", "/timer", "/intc@8000000/its@8080000"][m
[host_monotonic_s=140664.073783] [m[37m[  2.391631 0:2 axvisor::config:258] [32mCreating VM[2] "rt-partition-zephyr"[m
[host_monotonic_s=140664.074932] [m[37m[  2.392785 0:2 axvm::vm:1044] [32mVM created: id=2[m
[host_monotonic_s=140664.875802] [m[37m[  2.933494 0:2 axvisor::config:270] [32mVM[2] created success, loading images...[m
[host_monotonic_s=140664.875821] [m[37m[  2.937829 0:2 axdevice::device:1232] [32mDeviceRuntime: registered device id=0[m
[host_monotonic_s=140664.875825] [m[37m[  2.937977 0:2 axdevice::device:1232] [32mDeviceRuntime: registered device id=1[m
[host_monotonic_s=140664.876734] [m[37m[  3.193618 0:2 axdevice::device:1232] [32mDeviceRuntime: registered device id=2[m
[host_monotonic_s=140664.877833] [m[37m[  3.195234 0:2 axdevice::device:1232] [32mDeviceRuntime: registered device id=3[m
[host_monotonic_s=140664.908024] [m[37m[  3.225828 0:2 axvm::vm::prepare:82] [32mVM setup: id=2[m
[host_monotonic_s=140664.908681] [m[37m[  3.226535 0:2 axvm::runtime:51] [32mInitializing VMM...[m
[host_monotonic_s=140664.909609] [m[37m[  3.227417 0:2 axvm::runtime:62] [32mVMM starting, booting VMs...[m
[host_monotonic_s=140664.909833] [m[37m[  3.227688 0:2 axvm::vm:1259] [32mStarting VM[1][m
[host_monotonic_s=140664.910074] [m[37m[  3.227897 0:2 axvm::runtime::vcpus:609] [32mSpawning task for VM[1] VCpu[0][m
[host_monotonic_s=140664.910579] [m[37m[  3.228344 0:2 axvm::runtime::vcpus:627] [32mVCpu task Task(17, "VM[1]-VCpu[0]") created cpumask: [2, ][m
[host_monotonic_s=140664.914699] [m[37m[  3.232560 0:2 axvm::runtime:70] [32mVM[1] boot success[m
[host_monotonic_s=140664.914885] [m[37m[  3.232633 2:17 axvm::runtime::vcpus:681] [32mVM[1] VCpu[0] waiting for running[m
[host_monotonic_s=140664.914951] [m[37m[  3.232659 0:2 axvm::vm:1259] [32mStarting VM[2][m
[host_monotonic_s=140664.915063] [m[37m[  3.232902 0:2 axvm::runtime::vcpus:609] [32mSpawning task for VM[2] VCpu[0][m
[host_monotonic_s=140664.915214] [m[37m[  3.233031 0:2 axvm::runtime::vcpus:627] [32mVCpu task Task(19, "VM[2]-VCpu[0]") created cpumask: [1, ][m
[host_monotonic_s=140664.915451] [m[37m[  3.233220 2:17 axvm::runtime::vcpus:719] [32mVM[1] VCpu[0] running...[m
[host_monotonic_s=140664.915533] [m[37m[  3.233234 0:2 axvm::runtime:70] [32mVM[2] boot success[m
[host_monotonic_s=140664.915662] [m[37m[  3.233373 1:19 axvm::runtime::vcpus:681] [32mVM[2] VCpu[0] waiting for running[m
[host_monotonic_s=140664.915776] [m[37m[  3.233615 1:19 axvm::runtime::vcpus:719] [32mVM[2] VCpu[0] running...[m
[host_monotonic_s=140664.917532] [m[37m[  3.235383 0:2 axvisor:98] [32m[OK] Default guest initialized[m
[host_monotonic_s=140664.951820] [m[VM 2] *** Booting Zephyr OS build v3.7.0 ***
[host_monotonic_s=140664.955288] [VM 2] PERIODIC LATENCY READY
[host_monotonic_s=140664.956029] [37m[  3.273787 2:17 axvm::runtime::hvc:258] [32mVM[1] PSCI_FEATURES function_id=0x80000000[m
[host_monotonic_s=140664.956809] [m[37m[  3.274591 2:17 axvm::runtime::hvc:258] [32mVM[1] PSCI_FEATURES function_id=0xc4000001[m
[host_monotonic_s=140664.957152] [m[37m[  3.274927 2:17 axvm::runtime::hvc:258] [32mVM[1] PSCI_FEATURES function_id=0xc400000e[m
[host_monotonic_s=140664.957392] [m[37m[  3.275210 2:17 axvm::runtime::hvc:258] [32mVM[1] PSCI_FEATURES function_id=0xc4000012[m
[host_monotonic_s=140664.957647] [m[37m[  3.275464 2:17 axvm::runtime::hvc:258] [32mVM[1] PSCI_FEATURES function_id=0xc4000015[m
[host_monotonic_s=140665.125698] [m[37m[  3.443302 2:17 axvm::runtime::hvc:272] [32mVM[1] PSCI_CPU_ON target=0x1 entry=0x8228158c context=0x0[m
[host_monotonic_s=140665.126361] [m[37m[  3.444196 2:17 axvm::runtime::vcpus:609] [32mSpawning task for VM[1] VCpu[1][m
[host_monotonic_s=140665.126547] [m[37m[  3.444347 2:17 axvm::runtime::vcpus:627] [32mVCpu task Task(22, "VM[1]-VCpu[1]") created cpumask: [3, ][m
[host_monotonic_s=140665.127314] [m[37m[  3.445080 3:22 axvm::runtime::vcpus:681] [32mVM[1] VCpu[1] waiting for running[m
[host_monotonic_s=140665.127712] [m[37m[  3.445509 3:22 axvm::runtime::vcpus:719] [32mVM[1] VCpu[1] running...[m
[host_monotonic_s=140665.338803] [m[VM 1] [    0.000000] Booting Linux on physical CPU 0x0000000000 [0x410fd083]
[host_monotonic_s=140665.677274] [VM 1] [    0.000000] Linux version 7.1.0-rc2-g74fe02ce122a (runner@s1lqc) (aarch64-linux-gnu-gcc (Ubuntu 13.3.0-6ubuntu2~24.04) 13.3.0, GNU ld (GNU Binutils for Ubuntu) 2.42) #2 SMP PREEMPT Mon Jun  8 08:07:46 UTC 2026
[host_monotonic_s=140665.677291] [VM 1] [    0.000000] KASLR disabled due to lack of seed
[host_monotonic_s=140665.678423] [VM 1] [    0.000000] Machine model: linux,dummy-virt
[host_monotonic_s=140665.691163] [VM 1] [    0.000000] efi: UEFI not found.
[host_monotonic_s=140665.706166] [VM 1] [    0.000000] OF: reserved mem: Reserved memory: No reserved-memory node in the DT
[host_monotonic_s=140665.720812] [VM 1] [    0.000000] NUMA: Faking a node at [mem 0x0000000080000000-0x00000000bfffffff]
[host_monotonic_s=140665.732168] [VM 1] [    0.000000] NODE_DATA(0) allocated [mem 0xbfe08940-0xbfe0b03f]
[host_monotonic_s=140665.742536] [VM 1] [    0.000000] cma: Reserved 32 MiB at 0x00000000bde00000
[host_monotonic_s=140665.752467] [VM 1] [    0.000000] psci: probing for conduit method from DT.
[host_monotonic_s=140665.761949] [VM 1] [    0.000000] psci: PSCIv1.1 detected in firmware.
[host_monotonic_s=140665.772287] [VM 1] [    0.000000] psci: Using standard PSCI v0.2 function IDs
[host_monotonic_s=140665.782291] [VM 1] [    0.000000] psci: Trusted OS migration not required
[host_monotonic_s=140665.792928] [VM 1] [    0.000000] psci: SMC Calling Convention v65535.65535
[host_monotonic_s=140665.798168] [VM 1] [    0.000000] Zone ranges:
[host_monotonic_s=140665.811463] [VM 1] [    0.000000]   DMA      [mem 0x0000000080000000-0x00000000bfffffff]
[host_monotonic_s=140665.819214] [VM 1] [    0.000000]   DMA32    empty
[host_monotonic_s=140665.825051] [VM 1] [    0.000000]   Normal   empty
[host_monotonic_s=140665.833548] [VM 1] [    0.000000] Movable zone start for each node
[host_monotonic_s=140665.840849] [VM 1] [    0.000000] Early memory node ranges
[host_monotonic_s=140665.853007] [VM 1] [    0.000000]   node   0: [mem 0x0000000080000000-0x00000000bfffffff]
[host_monotonic_s=140665.866966] [VM 1] [    0.000000] Initmem setup node 0 [mem 0x0000000080000000-0x00000000bfffffff]
[host_monotonic_s=140665.880172] [VM 1] [    0.000000] percpu: Embedded 26 pages/cpu s66584 r8192 d31720 u106496
[host_monotonic_s=140665.888176] [VM 1] [    0.000000] Detected PIPT I-cache on CPU0
[host_monotonic_s=140665.898442] [VM 1] [    0.000000] CPU features: detected: GICv3 CPU interface
[host_monotonic_s=140665.907722] [VM 1] [    0.000000] CPU features: detected: Spectre-v2
[host_monotonic_s=140665.916961] [VM 1] [    0.000000] CPU features: detected: Spectre-v3a
[host_monotonic_s=140665.926067] [VM 1] [    0.000000] CPU features: detected: Spectre-v4
[host_monotonic_s=140665.935205] [VM 1] [    0.000000] CPU features: detected: Spectre-BHB
[host_monotonic_s=140666.235752] [VM 1] [    0.000000] CPU features: detected: ARM erratum 1742098
[host_monotonic_s=140666.235768] [VM 1] [    0.000000] CPU features: detected: ARM errata 1165522, 1319367, or 1530923
[host_monotonic_s=140666.235772] [VM 1] [    0.000000] alternatives: applying boot alternatives
[host_monotonic_s=140666.239101] [VM 1] [    0.000000] Kernel command line: console=ttyAMA0 devtmpfs.mount=1 loglevel=7 isolcpus=1 nohz_full=1 irqaffinity=0 rt_scenario=stress-rt rt_cpu=1 rt_load_cpu=0 rt_loops=0 rt_duration_sec=3600 rt_interval_us=1000 rt_maxlat_us=20000 rt_priority=90 rt_start_delay_sec=25
[host_monotonic_s=140666.261049] [VM 1] [    0.000000] Housekeeping: nohz unsupported. Build with CONFIG_NO_HZ_FULL
[host_monotonic_s=140666.309123] [VM 1] [    0.000000] Unknown kernel command line parameters "nohz_full=1 rt_scenario=stress-rt rt_cpu=1 rt_load_cpu=0 rt_loops=0 rt_duration_sec=3600 rt_interval_us=1000 rt_maxlat_us=20000 rt_priority=90 rt_start_delay_sec=25", will be passed to user space.
[host_monotonic_s=140666.324480] [VM 1] [    0.000000] printk: log buffer data + meta data: 131072 + 458752 = 589824 bytes
[host_monotonic_s=140666.340242] [VM 1] [    0.000000] Dentry cache hash table entries: 131072 (order: 8, 1048576 bytes, linear)
[host_monotonic_s=140666.357410] [VM 1] [    0.000000] Inode-cache hash table entries: 65536 (order: 7, 524288 bytes, linear)
[host_monotonic_s=140666.372019] [VM 1] [    0.000000] software IO TLB: SWIOTLB bounce buffer size adjusted to 1MB
[host_monotonic_s=140666.380114] [VM 1] [    0.000000] software IO TLB: area num 2.
[host_monotonic_s=140666.396014] [VM 1] [    0.000000] software IO TLB: mapped [mem 0x00000000bcb00000-0x00000000bcc00000] (1MB)
[host_monotonic_s=140666.404672] [VM 1] [    0.000000] Fallback order for Node 0: 0 
[host_monotonic_s=140666.419187] [VM 1] [    0.000000] Built 1 zonelists, mobility grouping on.  Total pages: 262144
[host_monotonic_s=140666.428025] [VM 1] [    0.000000] Policy zone: DMA
[host_monotonic_s=140666.442191] [VM 1] [    0.000000] mem auto-init: stack:all(zero), heap alloc:off, heap free:off
[host_monotonic_s=140666.456219] [VM 1] [    0.000000] SLUB: HWalign=64, Order=0-3, MinObjects=0, CPUs=2, Nodes=1
[host_monotonic_s=140666.468155] [VM 1] [    0.000000] rcu: Preemptible hierarchical RCU implementation.
[host_monotonic_s=140666.477783] [VM 1] [    0.000000] rcu: 	RCU event tracing is enabled.
[host_monotonic_s=140666.791691] [VM 1] [    0.000000] rcu: 	RCU restricting CPUs from NR_CPUS=512 to nr_cpu_ids=2.
[host_monotonic_s=140666.791704] [VM 1] [    0.000000] 	Trampoline variant of Tasks RCU enabled.
[host_monotonic_s=140666.791707] [VM 1] [    0.000000] 	Tracing variant of Tasks RCU enabled.
[host_monotonic_s=140666.791990] [VM 1] [    0.000000] rcu: RCU calculated value of scheduler-enlistment delay is 25 jiffies.
[host_monotonic_s=140666.813375] [VM 1] [    0.000000] rcu: Adjusting geometry for rcu_fanout_leaf=16, nr_cpu_ids=2
[host_monotonic_s=140666.831365] [VM 1] [    0.000000] RCU Tasks: Setting shift to 1 and lim to 1 rcu_task_cb_adjust=1 rcu_task_cpu_ids=2.
[host_monotonic_s=140666.843097] [VM 1] [    0.000000] NR_IRQS: 64, nr_irqs: 64, preallocated irqs: 0
[host_monotonic_s=140666.851147] [VM 1] [    0.000000] GICv3: 256 SPIs implemented
[host_monotonic_s=140666.862577] [VM 1] [    0.000000] GICv3: 0 Extended SPIs implemented
[host_monotonic_s=140666.872102] [VM 1] [    0.000000] Root IRQ handler: gic_handle_irq
[host_monotonic_s=140666.881735] [VM 1] [    0.000000] GICv3: GICv3 features: 16 PPIs, RSS
[host_monotonic_s=140666.891924] [VM 1] [    0.000000] GICv3: GICD_CTLR.DS=0, SCR_EL3.FIQ=0
[host_monotonic_s=140666.910516] [VM 1] [    0.000000] GICv3: CPU0: found redistributor 0 region 0:0x00000000080a0000
[host_monotonic_s=140666.919083] [VM 1] [    0.000000] ITS [mem 0x08080000-0x0809ffff]
[host_monotonic_s=140666.937881] [VM 1] [    0.000000] ITS@0x0000000008080000: allocated 8192 Devices @83860000 (indirect, esz 8, psz 64K, shr 1)
[host_monotonic_s=140666.959172] [VM 1] [    0.000000] ITS@0x0000000008080000: allocated 8192 Interrupt Collections @83870000 (flat, esz 8, psz 64K, shr 1)
[host_monotonic_s=140666.971398] [VM 1] [    0.000000] GICv3: using LPI property table @0x0000000083880000
[host_monotonic_s=140666.986142] [VM 1] [    0.000000] GICv3: CPU0: using allocated LPI pending table @0x0000000083890000
[host_monotonic_s=140667.000420] [VM 1] [    0.000000] rcu: srcu_init: Setting srcu_struct sizes based on contention.
[host_monotonic_s=140667.012456] [VM 1] [    0.000000] arch_timer: cp15 timer running at 62.50MHz (virt).
[host_monotonic_s=140667.035824] [VM 1] [    0.000000] clocksource: arch_sys_counter: mask: 0x1ffffffffffffff max_cycles: 0x1cd42e208c, max_idle_ns: 881590405314 ns
[host_monotonic_s=140667.356633] [VM 1] [    0.000055] sched_clock: 57 bits at 63MHz, resolution 16ns, wraps every 4398046511096ns
[host_monotonic_s=140667.356646] [VM 1] [    0.008331] Console: colour dummy device 80x25
[host_monotonic_s=140667.356649] [VM 1] [    0.011427] Calibrating delay loop (skipped), value calculated using timer frequency.. 125.00 BogoMIPS (lpj=250000)
[host_monotonic_s=140667.373264] [VM 1] [    0.011514] pid_max: default: 32768 minimum: 301
[host_monotonic_s=140667.388497] [VM 1] [    0.015712] Mount-cache hash table entries: 2048 (order: 2, 16384 bytes, linear)
[host_monotonic_s=140667.404235] [VM 1] [    0.015753] Mountpoint-cache hash table entries: 2048 (order: 2, 16384 bytes, linear)
[host_monotonic_s=140667.414414] [VM 1] [    0.023873] VFS: Finished mounting rootfs on nullfs
[host_monotonic_s=140667.427119] [VM 1] [    0.043859] cacheinfo: Unable to detect cache hierarchy for CPU 0
[host_monotonic_s=140667.437457] [VM 1] [    0.055036] rcu: Hierarchical SRCU implementation.
[host_monotonic_s=140667.448906] [VM 1] [    0.055067] rcu: 	Max phase no-delay instances is 1000.
[host_monotonic_s=140667.466286] [VM 1] [    0.056024] Timer migration: 1 hierarchy levels; 8 children per group; 1 crossnode level
[host_monotonic_s=140667.476555] [VM 1] [    0.058210] fsl-mc MSI: its@8080000 domain created
[host_monotonic_s=140667.485827] [VM 1] [    0.059640] EFI services will not be available.
[host_monotonic_s=140667.495289] [VM 1] [    0.060449] smp: Bringing up secondary CPUs ...
[host_monotonic_s=140667.504012] [VM 1] [    0.065887] Detected PIPT I-cache on CPU1
[host_monotonic_s=140667.518224] [VM 1] [    0.067182] GICv3: CPU1: found redistributor 1 region 0:0x00000000080c0000
[host_monotonic_s=140667.533708] [VM 1] [    0.069614] GICv3: CPU1: using allocated LPI pending table @0x00000000838a0000
[host_monotonic_s=140667.546955] [VM 1] [    0.071842] CPU1: Booted secondary processor 0x0000000001 [0x410fd083]
[host_monotonic_s=140667.556027] [VM 1] [    0.078449] smp: Brought up 1 node, 2 CPUs
[host_monotonic_s=140667.565774] [VM 1] [    0.078481] SMP: Total of 2 processors activated.
[host_monotonic_s=140667.574668] [VM 1] [    0.078506] CPU: All CPU(s) started at EL1
[host_monotonic_s=140667.585807] [VM 1] [    0.078754] CPU features: detected: 32-bit EL0 Support
[host_monotonic_s=140667.596509] [VM 1] [    0.078765] CPU features: detected: 32-bit EL1 Support
[host_monotonic_s=140667.907856] [VM 1] [    0.078813] CPU features: detected: CRC32 instructions
[host_monotonic_s=140667.907873] [VM 1] [    0.078971] CPU features: detected: PMUv3
[host_monotonic_s=140667.907876] [VM 1] [    0.089175] alternatives: applying system-wide alternatives
[host_monotonic_s=140667.908583] [VM 1] [    0.118239] Memory: 919888K/1048576K available (18688K kernel code, 5242K rwdata, 14480K rodata, 12672K init, 718K bss, 92528K reserved, 32768K cma-reserved)
[host_monotonic_s=140667.925155] [VM 1] [    0.143311] devtmpfs: initialized
[host_monotonic_s=140667.944592] [VM 1] [    0.160750] clocksource: jiffies: mask: 0xffffffff max_cycles: 0xffffffff, max_idle_ns: 7645041785100000 ns
[host_monotonic_s=140667.959701] [VM 1] [    0.161208] posixtimers hash table entries: 1024 (order: 2, 16384 bytes, linear)
[host_monotonic_s=140667.977176] [VM 1] [    0.161429] futex hash table entries: 512 (32768 bytes on 1 NUMA nodes, total 32 KiB, linear).
[host_monotonic_s=140667.991201] [VM 1] [    0.164435] 19744 pages in range for non-PLT usage
[host_monotonic_s=140668.000568] [VM 1] [    0.164474] 511264 pages in range for PLT usage
[host_monotonic_s=140668.008646] [VM 1] [    0.176316] DMI: not present or invalid.
[host_monotonic_s=140668.021388] [VM 1] [    0.204643] NET: Registered PF_NETLINK/PF_ROUTE protocol family
[host_monotonic_s=140668.037839] [VM 1] [    0.219385] DMA: preallocated 128 KiB GFP_KERNEL|GFP_DMA pool for atomic allocations
[host_monotonic_s=140668.049369] [VM 1] [    0.219704] audit: initializing netlink subsys (disabled)
[host_monotonic_s=140668.065206] [VM 1] [    0.221743] audit: type=2000 audit(0.196:1): state=initialized audit_enabled=0 res=1
[host_monotonic_s=140668.077796] [VM 1] [    0.226433] thermal_sys: Registered thermal governor 'step_wise'
[host_monotonic_s=140668.091055] [VM 1] [    0.226464] thermal_sys: Registered thermal governor 'power_allocator'
[host_monotonic_s=140668.099284] [VM 1] [    0.226780] cpuidle: using governor menu
[host_monotonic_s=140668.113442] [VM 1] [    0.228090] hw-breakpoint: found 6 breakpoint and 4 watchpoint registers.
[host_monotonic_s=140668.124754] [VM 1] [    0.229959] ASID allocator initialised with 65536 entries
[host_monotonic_s=140668.133791] [VM 1] [    0.235266] Serial: AMBA PL011 UART driver
[host_monotonic_s=140668.152574] [VM 1] [    0.258914] 9000000.pl011: ttyAMA0 at MMIO 0x9000000 (irq = 13, base_baud = 0) is a PL011 rev1
[host_monotonic_s=140668.162156] [VM 1] [    0.262392] printk: console [ttyAMA0] enabled
[host_monotonic_s=140668.462549] [VM 1] [    1.200906] HugeTLB: registered 1.00 GiB page size, pre-allocated 0 pages
[host_monotonic_s=140668.462560] [VM 1] [    1.200936] HugeTLB: 0 KiB vmemmap can be freed for a 1.00 GiB page
[host_monotonic_s=140668.462563] [VM 1] [    1.200959] HugeTLB: registered 32.0 MiB page size, pre-allocated 0 pages
[host_monotonic_s=140668.462690] [VM 1] [    1.200964] HugeTLB: 0 KiB vmemmap can be freed for a 32.0 MiB page
[host_monotonic_s=140668.483318] [VM 1] [    1.200969] HugeTLB: registered 2.00 MiB page size, pre-allocated 0 pages
[host_monotonic_s=140668.497987] [VM 1] [    1.200973] HugeTLB: 0 KiB vmemmap can be freed for a 2.00 MiB page
[host_monotonic_s=140668.512669] [VM 1] [    1.200979] HugeTLB: registered 64.0 KiB page size, pre-allocated 0 pages
[host_monotonic_s=140668.525651] [VM 1] [    1.200982] HugeTLB: 0 KiB vmemmap can be freed for a 64.0 KiB page
[host_monotonic_s=140668.533598] [VM 1] [    2.556498] ACPI: Interpreter disabled.
[host_monotonic_s=140668.544168] [VM 1] [    3.403362] iommu: Default domain type: Translated
[host_monotonic_s=140668.556487] [VM 1] [    3.403502] iommu: DMA domain TLB invalidation policy: strict mode
[host_monotonic_s=140668.564430] [VM 1] [    3.422814] SCSI subsystem initialized
[host_monotonic_s=140668.579339] [VM 1] [    3.505677] usbcore: registered new interface driver usbfs
[host_monotonic_s=140668.590885] [VM 1] [    3.517867] usbcore: registered new interface driver hub
[host_monotonic_s=140668.603238] [VM 1] [    3.529205] usbcore: registered new device driver usb
[host_monotonic_s=140668.613548] [VM 1] [    3.530149] pps_core: LinuxPPS API ver. 1 registered
[host_monotonic_s=140668.632521] [VM 1] [    3.530161] pps_core: Software ver. 5.3.6 - Copyright 2005-2007 Rodolfo Giometti <giometti@linux.it>
[host_monotonic_s=140668.640717] [VM 1] [    3.530203] PTP clock support registered
[host_monotonic_s=140668.647968] [VM 1] [    3.530499] EDAC MC: Ver: 3.0.0
[host_monotonic_s=140668.659056] [VM 1] [    3.586715] scmi_core: SCMI protocol bus registered
[host_monotonic_s=140668.668651] [VM 1] [    3.599253] FPGA manager framework
[host_monotonic_s=140668.684187] [VM 1] [    3.616229] vgaarb: loaded
[host_monotonic_s=140668.701915] [VM 1] [    3.627199] clocksource: Switched to clocksource arch_sys_counter
[host_monotonic_s=140668.713818] [VM 1] [    3.642132] VFS: Disk quotas dquot_6.6.0
[host_monotonic_s=140669.014369] [VM 1] [    3.653180] VFS: Dquot-cache hash table entries: 512 (order 0, 4096 bytes)
[host_monotonic_s=140669.014384] [VM 1] [    3.670107] pnp: PnP ACPI: disabled
[host_monotonic_s=140669.014387] [VM 1] [    3.697488] NET: Registered PF_INET protocol family
[host_monotonic_s=140669.014390] [VM 1] [    3.709362] IP idents hash table entries: 16384 (order: 5, 131072 bytes, linear)
[host_monotonic_s=140669.041641] [VM 1] [    3.962138] tcp_listen_portaddr_hash hash table entries: 512 (order: 1, 8192 bytes, linear)
[host_monotonic_s=140669.057086] [VM 1] [    3.962212] Table-perturb hash table entries: 65536 (order: 6, 262144 bytes, linear)
[host_monotonic_s=140669.072902] [VM 1] [    3.962327] TCP established hash table entries: 8192 (order: 4, 65536 bytes, linear)
[host_monotonic_s=140669.087053] [VM 1] [    3.962482] TCP bind hash table entries: 8192 (order: 6, 262144 bytes, linear)
[host_monotonic_s=140669.099573] [VM 1] [    3.962638] TCP: Hash tables configured (established 8192 bind 8192)
[host_monotonic_s=140669.114579] [VM 1] [    4.038694] UDP hash table entries: 512 (order: 3, 32768 bytes, linear)
[host_monotonic_s=140669.127886] [VM 1] [    4.053835] NET: Registered PF_UNIX/PF_LOCAL protocol family
[host_monotonic_s=140669.144067] [VM 1] [    4.069647] RPC: Registered named UNIX socket transport module.
[host_monotonic_s=140669.155070] [VM 1] [    4.082337] RPC: Registered udp transport module.
[host_monotonic_s=140669.166421] [VM 1] [    4.093416] RPC: Registered tcp transport module.
[host_monotonic_s=140669.177941] [VM 1] [    4.093449] RPC: Registered tcp-with-tls transport module.
[host_monotonic_s=140669.191939] [VM 1] [    4.093456] RPC: Registered tcp NFSv4.1 backchannel transport module.
[host_monotonic_s=140669.205658] [VM 1] [    4.093572] PCI: CLS 0 bytes, default 64
[host_monotonic_s=140669.212976] [VM 1] [    4.134223] Unpacking initramfs...
[host_monotonic_s=140669.228550] [VM 1] [    4.155791] kvm [1]: HYP mode not available
[host_monotonic_s=140669.241323] [VM 1] [    4.169250] Initialise system trusted keyrings
[host_monotonic_s=140669.259972] [VM 1] [    4.180879] workingset: timestamp_bits=42 (anon: 38) max_order=18 bucket_order=0 (anon: 0)
[host_monotonic_s=140669.279884] [VM 1] [    4.205163] squashfs: version 4.0 (2009/01/31) Phillip Lougher
[host_monotonic_s=140669.580498] [VM 1] [    4.221737] NFS: Registering the id_resolver key type
[host_monotonic_s=140669.580515] [VM 1] [    4.235789] Key type id_resolver registered
[host_monotonic_s=140669.580520] [VM 1] [    4.244944] Key type id_legacy registered
[host_monotonic_s=140669.580523] [VM 1] [    4.254251] nfs4filelayout_init: NFSv4 File Layout Driver Registering...
[host_monotonic_s=140669.581384] [VM 1] [    4.268817] nfs4flexfilelayout_init: NFSv4 Flexfile Layout Driver Registering...
[host_monotonic_s=140669.603846] [VM 1] [    4.527817] 9p: Installing v9fs 9p2000 file system support
[host_monotonic_s=140669.612594] [VM 1] [    4.529492] Key type asymmetric registered
[host_monotonic_s=140669.622927] [VM 1] [    4.529557] Asymmetric key parser 'x509' registered
[host_monotonic_s=140669.637019] [VM 1] [    4.529758] Block layer SCSI generic (bsg) driver version 0.4 loaded (major 244)
[host_monotonic_s=140669.645981] [VM 1] [    4.529872] io scheduler mq-deadline registered
[host_monotonic_s=140669.654226] [VM 1] [    4.529919] io scheduler kyber registered
[host_monotonic_s=140669.662227] [VM 1] [    4.530189] io scheduler bfq registered
[host_monotonic_s=140669.713258] [VM 1] [    4.638149] ledtrig-cpu: registered to indicate activity on CPUs
[host_monotonic_s=140669.813840] [VM 1] [    4.738646] Serial: 8250/16550 driver, 4 ports, IRQ sharing enabled
[host_monotonic_s=140670.140379] [VM 1] [    4.769277] msm_serial: driver initialized
[host_monotonic_s=140670.140393] [VM 1] [    4.779925] SuperH (H)SCI(F) driver initialized
[host_monotonic_s=140670.140396] [VM 1] [    4.795402] STM32 USART driver initialized
[host_monotonic_s=140670.140399] [VM 1] [    4.843857] loop: module loaded
[host_monotonic_s=140670.140414] [VM 1] [    4.852962] megasas: 07.734.00.00-rc1
[host_monotonic_s=140670.140640] [VM 1] [    4.885418] tun: Universal TUN/TAP device driver, 1.6
[host_monotonic_s=140670.198172] [VM 1] [    5.129160] thunder_xcv, ver 1.0
[host_monotonic_s=140670.206172] [VM 1] [    5.137163] thunder_bgx, ver 1.0
[host_monotonic_s=140670.212714] [VM 1] [    5.144547] nicpf, ver 1.0
[host_monotonic_s=140670.226974] [VM 1] [    5.154115] e1000: Intel(R) PRO/1000 Network Driver
[host_monotonic_s=140670.249264] [VM 1] [    5.171187] e1000: Copyright (c) 1999-2006 Intel Corporation.
[host_monotonic_s=140670.259911] [VM 1] [    5.171580] e1000e: Intel(R) PRO/1000 Network Driver
[host_monotonic_s=140670.272284] [VM 1] [    5.171772] e1000e: Copyright(c) 1999 - 2015 Intel Corporation.
[host_monotonic_s=140670.283867] [VM 1] [    5.172103] igb: Intel(R) Gigabit Ethernet Network Driver
[host_monotonic_s=140670.295641] [VM 1] [    5.172291] igb: Copyright (c) 2007-2014 Intel Corporation.
[host_monotonic_s=140670.308697] [VM 1] [    5.172605] igbvf: Intel(R) Gigabit Virtual Function Network Driver
[host_monotonic_s=140670.322202] [VM 1] [    5.172789] igbvf: Copyright (c) 2009 - 2012 Intel Corporation.
[host_monotonic_s=140670.330292] [VM 1] [    5.173488] sky2: driver version 1.30
[host_monotonic_s=140670.345728] [VM 1] [    5.272351] VFIO - User Level meta-driver version: 0.3
[host_monotonic_s=140670.368840] [VM 1] [    5.293824] usbcore: registered new interface driver usb-storage
[host_monotonic_s=140670.389948] [VM 1] [    5.318213] i2c_dev: i2c /dev entries driver
[host_monotonic_s=140670.746860] [VM 1] [    5.368799] SMCCC: SOC_ID: ARCH_SOC_ID not implemented, skipping ....
[host_monotonic_s=140670.746876] [VM 1] [    5.386617] usbcore: registered new interface driver usbhid
[host_monotonic_s=140670.746880] [VM 1] [    5.403191] usbhid: USB HID core driver
[host_monotonic_s=140670.746884] [VM 1] [    5.429267] NET: Registered PF_INET6 protocol family
[host_monotonic_s=140670.746969] [VM 1] [    5.453667] Segment Routing with IPv6
[host_monotonic_s=140670.761307] [VM 1] [    5.689419] In-situ OAM (IOAM) with IPv6
[host_monotonic_s=140670.774264] [VM 1] [    5.690377] sit: IPv6, IPv4 and MPLS over IPv4 tunneling driver
[host_monotonic_s=140670.799601] [VM 1] [    5.723684] NET: Registered PF_PACKET protocol family
[host_monotonic_s=140670.809029] [VM 1] [    5.724944] 9pnet: Installing 9P2000 support
[host_monotonic_s=140670.819101] [VM 1] [    5.725428] Key type dns_resolver registered
[host_monotonic_s=140670.883768] [VM 1] [    5.812461] registered taskstats version 1
[host_monotonic_s=140670.902849] [VM 1] [    5.828242] Loading compiled-in X.509 certificates
[host_monotonic_s=140670.937168] [VM 1] [    5.865400] Demotion targets for Node 0: null
[host_monotonic_s=140670.961793] [VM 1] [    5.891281] clk: Disabling unused clocks
[host_monotonic_s=140670.973320] [VM 1] [    5.900210] PM: genpd: Disabling unused power domains
[host_monotonic_s=140671.662194] [VM 1] [    6.290317] Freeing initrd memory: 19160K
[host_monotonic_s=140671.662200] [VM 1] [    6.391679] Freeing unused kernel memory: 12672K
[host_monotonic_s=140671.662200] [VM 1] [    6.403397] Run /init as init process
[host_monotonic_s=140672.463363] [VM 1] RT_INIT scenario=stress-rt cpu=1 load_cpu=0 loops=0 duration_sec=3600 interval_us=1000 maxlat_us=20000 priority=90 start_delay_sec=25
[host_monotonic_s=140672.463377] [VM 1] RT_CPUS total=2
[host_monotonic_s=140672.463379] [VM 1] RT_SCHED_PROBE_START
[host_monotonic_s=140672.463382] [VM 1] pid 1's current scheduling policy: SCHED_OTHER
[host_monotonic_s=140672.463724] [VM 1] pid 1's current scheduling priority: 0
[host_monotonic_s=140672.471561] [VM 1] RT_SCHED_PROBE_OK
[host_monotonic_s=140672.476527] [VM 1] RT_WAIT_BEFORE_TEST seconds=25
[host_monotonic_s=140696.676213] [VM 1] RT_STRESS_START cpu=0 workers=2 vm=1
[host_monotonic_s=140696.679815] [VM 1] RT_CYCLICTEST_START
[host_monotonic_s=140696.771025] [VM 1] RT_CYCLICTEST_TIMING_START uptime_s=28.79
[host_monotonic_s=140696.775786] [VM 1] RT_PROGRESS uptime_s=28.82
[host_monotonic_s=140696.787315] [VM 1] stress-ng: info:  [68] defaulting to a 1 day run per stressor
[host_monotonic_s=140696.808487] [VM 1] stress-ng: info:  [68] dispatching hogs: 2 cpu, 1 vm
[host_monotonic_s=140696.898085] [VM 1] stress-ng: info:  [77] vm: non-temporal memory stores not supported, dropping back to plain memory stores
[host_monotonic_s=140696.970125] [VM 1] stress-ng: info:  [77] vm: using 64MB per stressor instance (total 64MB of 871.47MB available memory)
[host_monotonic_s=140697.771586] 
[host_monotonic_s=140697.771602] [Axvisor] detached VM[1] console
[host_monotonic_s=140697.771607] Welcome to AxVisor Shell!
[host_monotonic_s=140697.771610] Type 'help' to see available commands
[host_monotonic_s=140697.771613] Use UP/DOWN arrows to navigate command history
[host_monotonic_s=140697.771616] Console shortcuts:
[host_monotonic_s=140697.771619]   Ctrl+X, then h  return to the Axvisor shell
[host_monotonic_s=140697.771621]   Ctrl+X, then [  attach the previous running guest
[host_monotonic_s=140697.772490]   Ctrl+X, then ]  attach the next running guest
[host_monotonic_s=140697.773667] Note: Running with limited features (filesystem support disabled).
[host_monotonic_s=140697.773763] 
[host_monotonic_s=140698.576353] [2Kaxvisor:$ [2Kaxvisor:$ v[2Kaxvisor:$ vm[2Kaxvisor:$ vme[2Kaxvisor:$ vmex[2Kaxvisor:$ vmexi[2Kaxvisor:$ vmexit[2Kaxvisor:$ vmexit [2Kaxvisor:$ vmexit s[2Kaxvisor:$ vmexit st[2Kaxvisor:$ vmexit sta[2Kaxvisor:$ vmexit stat
[host_monotonic_s=140698.576358] VM-exit counters per physical CPU (12 reasons):
[host_monotonic_s=140698.577030]   cpu         irq     timer      mmio       wfi   hvc-smc    sysreg    gic-if       sgi    cpu-up  sys-down   nothing     other
[host_monotonic_s=140698.577448]     1       15046     15042     45423     15041         -         -         -         -         -         -         -         -
[host_monotonic_s=140698.577637]     2        1379      1024     31185       124         7         -         -       107         -         -        11         -
[host_monotonic_s=140698.577836]     3        1751      1603        52      2289         -         -         -        19         -         -         2         -
[host_monotonic_s=140698.577932] Host periodic scheduler ticks (event-driven timer IRQs excluded):
[host_monotonic_s=140698.578038]   cpu   0:       3253
[host_monotonic_s=140698.578072]   cpu   1:          0
[host_monotonic_s=140698.578138]   cpu   2:       3257
[host_monotonic_s=140698.578193]   cpu   3:       3254
[host_monotonic_s=140701.281672] axvisor:$ [2Kaxvisor:$ v[2Kaxvisor:$ vm[2Kaxvisor:$ vm [2Kaxvisor:$ vm c[2Kaxvisor:$ vm co[2Kaxvisor:$ vm con[2Kaxvisor:$ vm cons[2Kaxvisor:$ vm conso[2Kaxvisor:$ vm consol[2Kaxvisor:$ vm console[2Kaxvisor:$ vm console [2Kaxvisor:$ vm console 2
[host_monotonic_s=140701.282239] ✓ Attached VM[2] console; use Ctrl+X, then h to return to the shell
[host_monotonic_s=140701.791761] PERIODIC LATENCY START
[host_monotonic_s=140704.807291] sequence,timestamp_ns,deadline_ns,actual_ns,jitter_ns
[host_monotonic_s=140704.814538] 0,10496656,37183010608,37183507264,496656
[host_monotonic_s=140704.821282] 1,20707536,37193010608,37193718144,707536
[host_monotonic_s=140704.827995] 2,30666864,37203010608,37203677472,666864
[host_monotonic_s=140704.834741] 3,40736800,37213010608,37213747408,736800
[host_monotonic_s=140704.841456] 4,50713776,37223010608,37223724384,713776
[host_monotonic_s=140704.847948] 5,60689872,37233010608,37233700480,689872
[host_monotonic_s=140704.854594] 6,70711312,37243010608,37243721920,711312
[host_monotonic_s=140704.861398] 7,80844976,37253010608,37253855584,844976
[host_monotonic_s=140704.868040] 8,90704592,37263010608,37263715200,704592
[host_monotonic_s=140704.875060] 9,100702192,37273010608,37273712800,702192
[host_monotonic_s=140704.882066] 10,110713616,37283010608,37283724224,713616
[host_monotonic_s=140704.889149] 11,120817728,37293010608,37293828336,817728
[host_monotonic_s=140704.896349] 12,130786992,37303010608,37303797600,786992
[host_monotonic_s=140704.903376] 13,140915376,37313010608,37313925984,915376
[host_monotonic_s=140704.910371] 14,150834112,37323010608,37323844720,834112
[host_monotonic_s=140704.917440] 15,160914960,37333010608,37333925568,914960
[host_monotonic_s=140704.924338] 16,170737120,37343010608,37343747728,737120
[host_monotonic_s=140704.931308] 17,180865440,37353010608,37353876048,865440
[host_monotonic_s=140704.937890] 18,190770352,37363010608,37363780960,770352
[host_monotonic_s=140705.244559] 19,200735984,37373010608,37373746592,735984
[host_monotonic_s=140705.244564] 20,210929056,37383010608,37383939664,929056
[host_monotonic_s=140705.244565] 21,220822032,37393010608,37393832640,822032
[host_monotonic_s=140705.244565] 22,230810896,37403010608,37403821504,810896
[host_monotonic_s=140705.244566] 23,240871520,37413010608,37413882128,871520
[host_monotonic_s=140705.244567] 24,250826944,37423010608,37423837552,826944
[host_monotonic_s=140705.244567] 25,260833728,37433010608,37433844336,833728
[host_monotonic_s=140705.253095] 26,270917456,37443010608,37443928064,917456
[host_monotonic_s=140705.260205] 27,280774544,37453010608,37453785152,774544
[host_monotonic_s=140705.267258] 28,290895328,37463010608,37463905936,895328
[host_monotonic_s=140705.274288] 29,300903264,37473010608,37473913872,903264
[host_monotonic_s=140705.284357] 30,310778144,37483010608,37483788752,778144
[host_monotonic_s=140705.295421] 31,320901040,37493010608,37493911648,901040
[host_monotonic_s=140705.306028] 32,330806656,37503010608,37503817264,806656
[host_monotonic_s=140705.316625] 33,340652720,37513010608,37513663328,652720
[host_monotonic_s=140705.325349] 34,350621920,37523010608,37523632528,621920
[host_monotonic_s=140705.332219] 35,360775184,37533010608,37533785792,775184
[host_monotonic_s=140705.339143] 36,370635712,37543010608,37543646320,635712
[host_monotonic_s=140705.346090] 37,380624592,37553010608,37553635200,624592
[host_monotonic_s=140705.352986] 38,390571904,37563010608,37563582512,571904
[host_monotonic_s=140705.359964] 39,400601584,37573010608,37573612192,601584
[host_monotonic_s=140705.366850] 40,410552960,37583010608,37583563568,552960
[host_monotonic_s=140705.373791] 41,420602832,37593010608,37593613440,602832
[host_monotonic_s=140705.380702] 42,430571472,37603010608,37603582080,571472
[host_monotonic_s=140705.387664] 43,440603392,37613010608,37613614000,603392
[host_monotonic_s=140705.394688] 44,450630752,37623010608,37623641360,630752
[host_monotonic_s=140705.401735] 45,460595632,37633010608,37633606240,595632
[host_monotonic_s=140705.408625] 46,470760144,37643010608,37643770752,760144
[host_monotonic_s=140705.415599] 47,480594976,37653010608,37653605584,594976
[host_monotonic_s=140705.422536] 48,490540800,37663010608,37663551408,540800
[host_monotonic_s=140705.429173] 49,500740208,37673010608,37673750816,740208
[host_monotonic_s=140705.435997] 50,510624304,37683010608,37683634912,624304
[host_monotonic_s=140705.442878] 51,520571328,37693010608,37693581936,571328
[host_monotonic_s=140705.449977] 52,530493952,37703010608,37703504560,493952
[host_monotonic_s=140705.456899] 53,540627904,37713010608,37713638512,627904
[host_monotonic_s=140705.463899] 54,550576752,37723010608,37723587360,576752
[host_monotonic_s=140705.470857] 55,560715104,37733010608,37733725712,715104
[host_monotonic_s=140705.477789] 56,570493568,37743010608,37743504176,493568
[host_monotonic_s=140705.484711] 57,580540672,37753010608,37753551280,540672
[host_monotonic_s=140705.491861] 58,590602640,37763010608,37763613248,602640
[host_monotonic_s=140705.795035] 59,600604592,37773010608,37773615200,604592
[host_monotonic_s=140705.795052] 60,610569152,37783010608,37783579760,569152
[host_monotonic_s=140705.795055] 61,620723520,37793010608,37793734128,723520
[host_monotonic_s=140705.795060] 62,630618336,37803010608,37803628944,618336
[host_monotonic_s=140705.795062] 63,640602176,37813010608,37813612784,602176
[host_monotonic_s=140705.795065] 64,650579584,37823010608,37823590192,579584
[host_monotonic_s=140705.802713] 65,660565328,37833010608,37833575936,565328
[host_monotonic_s=140705.809651] 66,670591024,37843010608,37843601632,591024
[host_monotonic_s=140705.816518] 67,680630880,37853010608,37853641488,630880
[host_monotonic_s=140705.823596] 68,690523664,37863010608,37863534272,523664
[host_monotonic_s=140705.830806] 69,700616272,37873010608,37873626880,616272
[host_monotonic_s=140705.837756] 70,710581648,37883010608,37883592256,581648
[host_monotonic_s=140705.845204] 71,720728736,37893010608,37893739344,728736
[host_monotonic_s=140705.852650] 72,730604272,37903010608,37903614880,604272
[host_monotonic_s=140705.860081] 73,740747968,37913010608,37913758576,747968
[host_monotonic_s=140705.867369] 74,750530128,37923010608,37923540736,530128
[host_monotonic_s=140705.874820] 75,760642304,37933010608,37933652912,642304
[host_monotonic_s=140705.882256] 76,770556000,37943010608,37943566608,556000
[host_monotonic_s=140705.889672] 77,780642976,37953010608,37953653584,642976
[host_monotonic_s=140705.897173] 78,790592272,37963010608,37963602880,592272
[host_monotonic_s=140705.904288] 79,800737040,37973010608,37973747648,737040
[host_monotonic_s=140705.911525] 80,810605408,37983010608,37983616016,605408
[host_monotonic_s=140705.918940] 81,820758848,37993010608,37993769456,758848
[host_monotonic_s=140705.926469] 82,830643568,38003010608,38003654176,643568
[host_monotonic_s=140705.933910] 83,840752448,38013010608,38013763056,752448
[host_monotonic_s=140705.941253] 84,850585008,38023010608,38023595616,585008
[host_monotonic_s=140705.948884] 85,860736592,38033010608,38033747200,736592
[host_monotonic_s=140705.956268] 86,870550704,38043010608,38043561312,550704
[host_monotonic_s=140705.963756] 87,880742080,38053010608,38053752688,742080
[host_monotonic_s=140705.971196] 88,890602032,38063010608,38063612640,602032
[host_monotonic_s=140705.978510] 89,900744592,38073010608,38073755200,744592
[host_monotonic_s=140705.985841] 90,910612736,38083010608,38083623344,612736
[host_monotonic_s=140705.993248] 91,920606736,38093010608,38093617344,606736
[host_monotonic_s=140706.000602] 92,930578800,38103010608,38103589408,578800
[host_monotonic_s=140706.007868] 93,940762944,38113010608,38113773552,762944
[host_monotonic_s=140706.015285] 94,950610176,38123010608,38123620784,610176
[host_monotonic_s=140706.022702] 95,960817504,38133010608,38133828112,817504
[host_monotonic_s=140706.030005] 96,970591440,38143010608,38143602048,591440
[host_monotonic_s=140706.037431] 97,980828960,38153010608,38153839568,828960
[host_monotonic_s=140706.345094] 98,990605360,38163010608,38163615968,605360
[host_monotonic_s=140706.345099] 99,1000943456,38173010608,38173954064,943456
[host_monotonic_s=140706.345100] 100,1010607744,38183010608,38183618352,607744
[host_monotonic_s=140706.345101] 101,1020752080,38193010608,38193762688,752080
[host_monotonic_s=140706.345102] 102,1030521024,38203010608,38203531632,521024
[host_monotonic_s=140706.345102] 103,1040837872,38213010608,38213848480,837872
[host_monotonic_s=140706.346744] 104,1050583616,38223010608,38223594224,583616
[host_monotonic_s=140706.354331] 105,1060601584,38233010608,38233612192,601584
[host_monotonic_s=140706.361655] 106,1070609424,38243010608,38243620032,609424
[host_monotonic_s=140706.368911] 107,1080737648,38253010608,38253748256,737648
[host_monotonic_s=140706.376282] 108,1090626176,38263010608,38263636784,626176
[host_monotonic_s=140706.383450] 109,1100751344,38273010608,38273761952,751344
[host_monotonic_s=140706.390845] 110,1110602464,38283010608,38283613072,602464
[host_monotonic_s=140706.398081] 111,1120607104,38293010608,38293617712,607104
[host_monotonic_s=140706.405371] 112,1130805360,38303010608,38303815968,805360
[host_monotonic_s=140706.413281] 113,1140670928,38313010608,38313681536,670928
[host_monotonic_s=140706.420580] 114,1150508656,38323010608,38323519264,508656
[host_monotonic_s=140706.427604] 115,1160727456,38333010608,38333738064,727456
[host_monotonic_s=140706.434678] 116,1170557920,38343010608,38343568528,557920
[host_monotonic_s=140706.441895] 117,1180617872,38353010608,38353628480,617872
[host_monotonic_s=140706.449226] 118,1190615392,38363010608,38363626000,615392
[host_monotonic_s=140706.456502] 119,1200582032,38373010608,38373592640,582032
[host_monotonic_s=140706.463695] 120,1210545664,38383010608,38383556272,545664
[host_monotonic_s=140706.471129] 121,1220748656,38393010608,38393759264,748656
[host_monotonic_s=140706.478419] 122,1230538880,38403010608,38403549488,538880
[host_monotonic_s=140706.485686] 123,1240645456,38413010608,38413656064,645456
[host_monotonic_s=140706.492903] 124,1250610464,38423010608,38423621072,610464
[host_monotonic_s=140706.500135] 125,1260726176,38433010608,38433736784,726176
[host_monotonic_s=140706.507342] 126,1270603584,38443010608,38443614192,603584
[host_monotonic_s=140706.514707] 127,1280579440,38453010608,38453590048,579440
[host_monotonic_s=140706.522206] 128,1290606128,38463010608,38463616736,606128
[host_monotonic_s=140706.529570] 129,1300851632,38473010608,38473862240,851632
[host_monotonic_s=140706.536846] 130,1310614432,38483010608,38483625040,614432
[host_monotonic_s=140706.544152] 131,1320617072,38493010608,38493627680,617072
[host_monotonic_s=140706.551417] 132,1330595200,38503010608,38503605808,595200
[host_monotonic_s=140706.558674] 133,1340906176,38513010608,38513916784,906176
[host_monotonic_s=140706.566259] 134,1350711776,38523010608,38523722384,711776
[host_monotonic_s=140706.573572] 135,1360761344,38533010608,38533771952,761344
[host_monotonic_s=140706.580489] 136,1370588144,38543010608,38543598752,588144
[host_monotonic_s=140706.587854] 137,1380823280,38553010608,38553833888,823280
[host_monotonic_s=140706.595070] 138,1390555136,38563010608,38563565744,555136
[host_monotonic_s=140706.895550] 139,1400628400,38573010608,38573639008,628400
[host_monotonic_s=140706.895562] 140,1410579440,38583010608,38583590048,579440
[host_monotonic_s=140706.895564] 141,1420853440,38593010608,38593864048,853440
[host_monotonic_s=140706.895566] 142,1430508480,38603010608,38603519088,508480
[host_monotonic_s=140706.895568] 143,1440500320,38613010608,38613510928,500320
[host_monotonic_s=140706.898594] 144,1450622080,38623010608,38623632688,622080
[host_monotonic_s=140706.914990] 145,1460737984,38633010608,38633748592,737984
[host_monotonic_s=140706.928300] 146,1470539088,38643010608,38643549696,539088
[host_monotonic_s=140706.939794] 147,1480737392,38653010608,38653748000,737392
[host_monotonic_s=140706.947439] 148,1490532768,38663010608,38663543376,532768
[host_monotonic_s=140706.954680] 149,1500498224,38673010608,38673508832,498224
[host_monotonic_s=140706.963176] 150,1510724528,38683010608,38683735136,724528
[host_monotonic_s=140706.970277] 151,1520800496,38693010608,38693811104,800496
[host_monotonic_s=140706.977373] 152,1530603184,38703010608,38703613792,603184
[host_monotonic_s=140706.984880] 153,1540763008,38713010608,38713773616,763008
[host_monotonic_s=140706.992044] 154,1550588128,38723010608,38723598736,588128
[host_monotonic_s=140706.999267] 155,1560660048,38733010608,38733670656,660048
[host_monotonic_s=140707.006652] 156,1570517520,38743010608,38743528128,517520
[host_monotonic_s=140707.013839] 157,1580578144,38753010608,38753588752,578144
[host_monotonic_s=140707.021002] 158,1590632352,38763010608,38763642960,632352
[host_monotonic_s=140707.028330] 159,1600712128,38773010608,38773722736,712128
[host_monotonic_s=140707.036401] 160,1610621024,38783010608,38783631632,621024
[host_monotonic_s=140707.043663] 161,1620705120,38793010608,38793715728,705120
[host_monotonic_s=140707.050917] 162,1630598640,38803010608,38803609248,598640
[host_monotonic_s=140707.058219] 163,1640818624,38813010608,38813829232,818624
[host_monotonic_s=140707.065556] 164,1650477328,38823010608,38823487936,477328
[host_monotonic_s=140707.072769] 165,1660764288,38833010608,38833774896,764288
[host_monotonic_s=140707.080004] 166,1670580720,38843010608,38843591328,580720
[host_monotonic_s=140707.087188] 167,1680806928,38853010608,38853817536,806928
[host_monotonic_s=140707.094611] 168,1690539056,38863010608,38863549664,539056
[host_monotonic_s=140707.101925] 169,1700724688,38873010608,38873735296,724688
[host_monotonic_s=140707.109135] 170,1710592032,38883010608,38883602640,592032
[host_monotonic_s=140707.116439] 171,1720837440,38893010608,38893848048,837440
[host_monotonic_s=140707.123754] 172,1730613264,38903010608,38903623872,613264
[host_monotonic_s=140707.131075] 173,1740631504,38913010608,38913642112,631504
[host_monotonic_s=140707.138307] 174,1750602944,38923010608,38923613552,602944
[host_monotonic_s=140707.445785] 175,1760622416,38933010608,38933633024,622416
[host_monotonic_s=140707.445791] 176,1770605104,38943010608,38943615712,605104
[host_monotonic_s=140707.445792] 177,1780559168,38953010608,38953569776,559168
[host_monotonic_s=140707.445793] 178,1790517952,38963010608,38963528560,517952
[host_monotonic_s=140707.445794] 179,1800621824,38973010608,38973632432,621824
[host_monotonic_s=140707.445794] 180,1810597328,38983010608,38983607936,597328
[host_monotonic_s=140707.446940] 181,1820577760,38993010608,38993588368,577760
[host_monotonic_s=140707.454464] 182,1830571808,39003010608,39003582416,571808
[host_monotonic_s=140707.461500] 183,1840750944,39013010608,39013761552,750944
[host_monotonic_s=140707.468726] 184,1850583888,39023010608,39023594496,583888
[host_monotonic_s=140707.475939] 185,1860806224,39033010608,39033816832,806224
[host_monotonic_s=140707.483202] 186,1870706400,39043010608,39043717008,706400
[host_monotonic_s=140707.490435] 187,1880740256,39053010608,39053750864,740256
[host_monotonic_s=140707.497656] 188,1890533568,39063010608,39063544176,533568
[host_monotonic_s=140707.504824] 189,1900605760,39073010608,39073616368,605760
[host_monotonic_s=140707.513070] 190,1910576864,39083010608,39083587472,576864
[host_monotonic_s=140707.520277] 191,1920591664,39093010608,39093602272,591664
[host_monotonic_s=140707.527431] 192,1930624976,39103010608,39103635584,624976
[host_monotonic_s=140707.534649] 193,1940772400,39113010608,39113783008,772400
[host_monotonic_s=140707.542204] 194,1950604416,39123010608,39123615024,604416
[host_monotonic_s=140707.549750] 195,1960771936,39133010608,39133782544,771936
[host_monotonic_s=140707.558541] 196,1970633424,39143010608,39143644032,633424
[host_monotonic_s=140707.567592] 197,1980579600,39153010608,39153590208,579600
[host_monotonic_s=140707.575285] 198,1990595120,39163010608,39163605728,595120
[host_monotonic_s=140707.582977] 199,2000760928,39173010608,39173771536,760928
[host_monotonic_s=140707.590644] 200,2010583712,39183010608,39183594320,583712
[host_monotonic_s=140707.598645] 201,2020716672,39193010608,39193727280,716672
[host_monotonic_s=140707.606359] 202,2030583280,39203010608,39203593888,583280
[host_monotonic_s=140707.619726] 203,2040755856,39213010608,39213766464,755856
[host_monotonic_s=140707.627558] 204,2050729488,39223010608,39223740096,729488
[host_monotonic_s=140707.635263] 205,2060860864,39233010608,39233871472,860864
[host_monotonic_s=140707.643155] 206,2070800096,39243010608,39243810704,800096
[host_monotonic_s=140707.651056] 207,2081022400,39253010608,39254033008,1022400
[host_monotonic_s=140707.658828] 208,2090755040,39263010608,39263765648,755040
[host_monotonic_s=140707.666541] 209,2100851440,39273010608,39273862048,851440
[host_monotonic_s=140707.674352] 210,2110803536,39283010608,39283814144,803536
[host_monotonic_s=140707.682217] 211,2121072384,39293010608,39294082992,1072384
[host_monotonic_s=140707.690606] 212,2130790240,39303010608,39303800848,790240
[host_monotonic_s=140707.996028] 213,2140848880,39313010608,39313859488,848880
[host_monotonic_s=140707.996033] 214,2150864688,39323010608,39323875296,864688
[host_monotonic_s=140707.996034] 215,2161099600,39333010608,39334110208,1099600
[host_monotonic_s=140707.996035] 216,2170769120,39343010608,39343779728,769120
[host_monotonic_s=140707.996036] 217,2180772080,39353010608,39353782688,772080
[host_monotonic_s=140707.996036] 218,2190629072,39363010608,39363639680,629072
[host_monotonic_s=140708.000050] 219,2200573184,39373010608,39373583792,573184
[host_monotonic_s=140708.008295] 220,2210581280,39383010608,39383591888,581280
[host_monotonic_s=140708.016375] 221,2220606544,39393010608,39393617152,606544
[host_monotonic_s=140708.025242] 222,2230609344,39403010608,39403619952,609344
[host_monotonic_s=140708.035331] 223,2240772720,39413010608,39413783328,772720
[host_monotonic_s=140708.042632] 224,2250899888,39423010608,39423910496,899888
[host_monotonic_s=140708.049907] 225,2260896272,39433010608,39433906880,896272
[host_monotonic_s=140708.057302] 226,2270768896,39443010608,39443779504,768896
[host_monotonic_s=140708.064440] 227,2280823808,39453010608,39453834416,823808
[host_monotonic_s=140708.071406] 228,2290814016,39463010608,39463824624,814016
[host_monotonic_s=140708.078917] 229,2301019296,39473010608,39474029904,1019296
[host_monotonic_s=140708.086201] 230,2310910688,39483010608,39483921296,910688
[host_monotonic_s=140708.093420] 231,2320835664,39493010608,39493846272,835664
[host_monotonic_s=140708.100613] 232,2330830640,39503010608,39503841248,830640
[host_monotonic_s=140708.107965] 233,2340875232,39513010608,39513885840,875232
[host_monotonic_s=140708.115243] 234,2350788288,39523010608,39523798896,788288
[host_monotonic_s=140708.122672] 235,2361042688,39533010608,39534053296,1042688
[host_monotonic_s=140708.130178] 236,2371050848,39543010608,39544061456,1050848
[host_monotonic_s=140708.137516] 237,2380740736,39553010608,39553751344,740736
[host_monotonic_s=140708.144927] 238,2390842288,39563010608,39563852896,842288
[host_monotonic_s=140708.155103] 239,2400865440,39573010608,39573876048,865440
[host_monotonic_s=140708.162434] 240,2410860864,39583010608,39583871472,860864
[host_monotonic_s=140708.169752] 241,2420955904,39593010608,39593966512,955904
[host_monotonic_s=140708.177231] 242,2431101808,39603010608,39604112416,1101808
[host_monotonic_s=140708.184532] 243,2440919680,39613010608,39613930288,919680
[host_monotonic_s=140708.191884] 244,2450797568,39623010608,39623808176,797568
[host_monotonic_s=140708.199722] 245,2460966304,39633010608,39633976912,966304
[host_monotonic_s=140708.206986] 246,2470885280,39643010608,39643895888,885280
[host_monotonic_s=140708.214440] 247,2480958544,39653010608,39653969152,958544
[host_monotonic_s=140708.221914] 248,2490934384,39663010608,39663944992,934384
[host_monotonic_s=140708.229394] 249,2500938704,39673010608,39673949312,938704
[host_monotonic_s=140708.236815] 250,2510820832,39683010608,39683831440,820832
[host_monotonic_s=140708.244107] 251,2520737936,39693010608,39693748544,737936
[host_monotonic_s=140708.546561] 252,2530777888,39703010608,39703788496,777888
[host_monotonic_s=140708.546577] 253,2541012112,39713010608,39714022720,1012112
[host_monotonic_s=140708.546580] 254,2550989136,39723010608,39723999744,989136
[host_monotonic_s=140708.546583] 255,2560848192,39733010608,39733858800,848192
[host_monotonic_s=140708.546585] 256,2570902672,39743010608,39743913280,902672
[host_monotonic_s=140708.546587] 257,2581164672,39753010608,39754175280,1164672
[host_monotonic_s=140708.557871] 258,2590849840,39763010608,39763860448,849840
[host_monotonic_s=140708.565130] 259,2600746592,39773010608,39773757200,746592
[host_monotonic_s=140708.572242] 260,2610867824,39783010608,39783878432,867824
[host_monotonic_s=140708.579396] 261,2620814592,39793010608,39793825200,814592
[host_monotonic_s=140708.586555] 262,2630797536,39803010608,39803808144,797536
[host_monotonic_s=140708.594175] 263,2640926800,39813010608,39813937408,926800
[host_monotonic_s=140708.601412] 264,2650808112,39823010608,39823818720,808112
[host_monotonic_s=140708.608486] 265,2660878576,39833010608,39833889184,878576
[host_monotonic_s=140708.615731] 266,2670814784,39843010608,39843825392,814784
[host_monotonic_s=140708.622934] 267,2680948672,39853010608,39853959280,948672
[host_monotonic_s=140708.630122] 268,2690727424,39863010608,39863738032,727424
[host_monotonic_s=140708.637414] 269,2700934816,39873010608,39873945424,934816
[host_monotonic_s=140708.644711] 270,2710783632,39883010608,39883794240,783632
[host_monotonic_s=140708.651933] 271,2720942592,39893010608,39893953200,942592
[host_monotonic_s=140708.659252] 272,2730864656,39903010608,39903875264,864656
[host_monotonic_s=140708.666486] 273,2740930624,39913010608,39913941232,930624
[host_monotonic_s=140708.673815] 274,2750829280,39923010608,39923839888,829280
[host_monotonic_s=140708.681002] 275,2760758976,39933010608,39933769584,758976
[host_monotonic_s=140708.688292] 276,2770891616,39943010608,39943902224,891616
[host_monotonic_s=140708.695831] 277,2781030544,39953010608,39954041152,1030544
[host_monotonic_s=140708.703229] 278,2790961632,39963010608,39963972240,961632
[host_monotonic_s=140708.710564] 279,2801013216,39973010608,39974023824,1013216
[host_monotonic_s=140708.717957] 280,2811007568,39983010608,39984018176,1007568
[host_monotonic_s=140708.725028] 281,2820802320,39993010608,39993812928,802320
[host_monotonic_s=140708.732353] 282,2830687488,40003010608,40003698096,687488
[host_monotonic_s=140708.739613] 283,2840823296,40013010608,40013833904,823296
[host_monotonic_s=140708.746992] 284,2850949632,40023010608,40023960240,949632
[host_monotonic_s=140708.754279] 285,2860965056,40033010608,40033975664,965056
[host_monotonic_s=140708.761531] 286,2870788048,40043010608,40043798656,788048
[host_monotonic_s=140708.768417] 287,2880801104,40053010608,40053811712,801104
[host_monotonic_s=140708.775680] 288,2890747872,40063010608,40063758480,747872
[host_monotonic_s=140708.783044] 289,2900868576,40073010608,40073879184,868576
[host_monotonic_s=140708.790249] 290,2910815264,40083010608,40083825872,815264
[host_monotonic_s=140709.096569] 291,2920767424,40093010608,40093778032,767424
[host_monotonic_s=140709.096575] 292,2930846640,40103010608,40103857248,846640
[host_monotonic_s=140709.096576] 293,2940881248,40113010608,40113891856,881248
[host_monotonic_s=140709.096577] 294,2950799360,40123010608,40123809968,799360
[host_monotonic_s=140709.096577] 295,2960841072,40133010608,40133851680,841072
[host_monotonic_s=140709.096578] 296,2970800672,40143010608,40143811280,800672
[host_monotonic_s=140709.098606] 297,2980936048,40153010608,40153946656,936048
[host_monotonic_s=140709.105903] 298,2990864304,40163010608,40163874912,864304
[host_monotonic_s=140709.113257] 299,3001007040,40173010608,40174017648,1007040
[host_monotonic_s=140709.119342] PERIODIC LATENCY COMPLETE samples=300
[host_monotonic_s=140709.920220] 
[host_monotonic_s=140709.920226] [Axvisor] detached VM[2] console
[host_monotonic_s=140710.721638] [2Kaxvisor:$ [2Kaxvisor:$ v[2Kaxvisor:$ vm[2Kaxvisor:$ vme[2Kaxvisor:$ vmex[2Kaxvisor:$ vmexi[2Kaxvisor:$ vmexit[2Kaxvisor:$ vmexit [2Kaxvisor:$ vmexit s[2Kaxvisor:$ vmexit st[2Kaxvisor:$ vmexit sta[2Kaxvisor:$ vmexit stat
[host_monotonic_s=140710.721643] VM-exit counters per physical CPU (12 reasons):
[host_monotonic_s=140710.722000]   cpu         irq     timer      mmio       wfi   hvc-smc    sysreg    gic-if       sgi    cpu-up  sys-down   nothing     other
[host_monotonic_s=140710.722896]     1   16687@135.1/s 16677@134.7/s 77459@2638.4/s 16678@134.8/s         -         -         -         -         -         -         -         -
[host_monotonic_s=140710.723137]     2    4437@251.8/s  3403@195.9/s 31242@4.7/s       124         7         -         -       107         -         -        11         -
[host_monotonic_s=140710.723390]     3   13253@947.3/s 12247@876.6/s        52 10915@710.4/s         -         -         -    22@0.2/s         -         -         2         -
[host_monotonic_s=140710.723472] Host periodic scheduler ticks (event-driven timer IRQs excluded):
[host_monotonic_s=140710.723582]   cpu   0:       4210 (78.816/s)
[host_monotonic_s=140710.723605]   cpu   1:          0
[host_monotonic_s=140710.723648]   cpu   2:       4217 (79.063/s)
[host_monotonic_s=140710.723731]   cpu   3:       4213 (78.981/s)
[host_monotonic_s=140713.426387] axvisor:$ [2Kaxvisor:$ v[2Kaxvisor:$ vm[2Kaxvisor:$ vm [2Kaxvisor:$ vm c[2Kaxvisor:$ vm co[2Kaxvisor:$ vm con[2Kaxvisor:$ vm cons[2Kaxvisor:$ vm conso[2Kaxvisor:$ vm consol[2Kaxvisor:$ vm console[2Kaxvisor:$ vm console [2Kaxvisor:$ vm console 1
[host_monotonic_s=140713.426664] ✓ Attached VM[1] console; use Ctrl+X, then h to return to the shell
[host_monotonic_s=140713.426734] RT_PROGRESS uptime_s=39.23
[host_monotonic_s=140713.426800] [   45.663620] random: crng init done
[host_monotonic_s=140717.431177] RT_PROGRESS uptime_s=49.30
[host_monotonic_s=140727.200949] RT_PROGRESS uptime_s=59.32
[host_monotonic_s=140737.512366] RT_PROGRESS uptime_s=69.33
[host_monotonic_s=140747.240498] RT_PROGRESS uptime_s=79.36
[host_monotonic_s=140757.559776] RT_PROGRESS uptime_s=89.38
[host_monotonic_s=140767.287978] RT_PROGRESS uptime_s=99.40
[host_monotonic_s=140778.250129] RT_PROGRESS uptime_s=109.44
[host_monotonic_s=140787.647641] RT_PROGRESS uptime_s=119.47
[host_monotonic_s=140797.376967] RT_PROGRESS uptime_s=129.49
[host_monotonic_s=140807.695558] RT_PROGRESS uptime_s=139.52
[host_monotonic_s=140817.424857] RT_PROGRESS uptime_s=149.54
[host_monotonic_s=140827.743675] RT_PROGRESS uptime_s=159.56
[host_monotonic_s=140838.265359] RT_PROGRESS uptime_s=169.58
[host_monotonic_s=140847.788136] RT_PROGRESS uptime_s=179.61
[host_monotonic_s=140857.520319] RT_PROGRESS uptime_s=189.64
[host_monotonic_s=140867.835684] RT_PROGRESS uptime_s=199.66
[host_monotonic_s=140878.368384] RT_PROGRESS uptime_s=209.68
[host_monotonic_s=140887.887422] RT_PROGRESS uptime_s=219.71
[host_monotonic_s=140897.620657] RT_PROGRESS uptime_s=229.74
[host_monotonic_s=140908.566356] RT_PROGRESS uptime_s=239.76
[host_monotonic_s=140917.963764] RT_PROGRESS uptime_s=249.78
[host_monotonic_s=140927.692916] RT_PROGRESS uptime_s=259.81
[host_monotonic_s=140938.004381] RT_PROGRESS uptime_s=269.82
[host_monotonic_s=140947.725644] RT_PROGRESS uptime_s=279.84
[host_monotonic_s=140958.040578] RT_PROGRESS uptime_s=289.86
[host_monotonic_s=140967.760807] RT_PROGRESS uptime_s=299.88
[host_monotonic_s=140978.079525] RT_PROGRESS uptime_s=309.90
[host_monotonic_s=140987.808384] RT_PROGRESS uptime_s=319.92
[host_monotonic_s=140998.127608] RT_PROGRESS uptime_s=329.95
[host_monotonic_s=141007.856299] RT_PROGRESS uptime_s=339.97
[host_monotonic_s=141018.175621] RT_PROGRESS uptime_s=350.00
[host_monotonic_s=141027.904409] RT_PROGRESS uptime_s=360.02
[host_monotonic_s=141038.223744] RT_PROGRESS uptime_s=370.04
[host_monotonic_s=141047.960509] RT_PROGRESS uptime_s=380.08
[host_monotonic_s=141058.275534] RT_PROGRESS uptime_s=390.10
[host_monotonic_s=141068.809314] RT_PROGRESS uptime_s=400.12
[host_monotonic_s=141078.965950] RT_PROGRESS uptime_s=410.16
[host_monotonic_s=141088.367547] RT_PROGRESS uptime_s=420.19
[host_monotonic_s=141098.096423] RT_PROGRESS uptime_s=430.21
[host_monotonic_s=141109.038013] RT_PROGRESS uptime_s=440.23
[host_monotonic_s=141118.436509] RT_PROGRESS uptime_s=450.26
[host_monotonic_s=141128.972207] RT_PROGRESS uptime_s=460.29
[host_monotonic_s=141139.134048] RT_PROGRESS uptime_s=470.33
[host_monotonic_s=141148.539735] RT_PROGRESS uptime_s=480.36
[host_monotonic_s=141158.268390] RT_PROGRESS uptime_s=490.38
[host_monotonic_s=141168.580180] RT_PROGRESS uptime_s=500.40
[host_monotonic_s=141178.305587] RT_PROGRESS uptime_s=510.42
[host_monotonic_s=141188.616527] RT_PROGRESS uptime_s=520.44
[host_monotonic_s=141198.344707] RT_PROGRESS uptime_s=530.46
[host_monotonic_s=141208.663533] RT_PROGRESS uptime_s=540.48
[host_monotonic_s=141218.392644] RT_PROGRESS uptime_s=550.51
[host_monotonic_s=141228.711776] RT_PROGRESS uptime_s=560.53
[host_monotonic_s=141239.236785] RT_PROGRESS uptime_s=570.55
[host_monotonic_s=141248.759658] RT_PROGRESS uptime_s=580.58
[host_monotonic_s=141258.488986] RT_PROGRESS uptime_s=590.60
[host_monotonic_s=141268.807701] RT_PROGRESS uptime_s=600.63
[host_monotonic_s=141278.536924] RT_PROGRESS uptime_s=610.65
[host_monotonic_s=141289.482018] RT_PROGRESS uptime_s=620.67
[host_monotonic_s=141298.883709] RT_PROGRESS uptime_s=630.70
[host_monotonic_s=141308.612390] RT_PROGRESS uptime_s=640.73
[host_monotonic_s=141318.928458] RT_PROGRESS uptime_s=650.75
[host_monotonic_s=141328.652010] RT_PROGRESS uptime_s=660.77
[host_monotonic_s=141338.975592] RT_PROGRESS uptime_s=670.80
[host_monotonic_s=141348.704667] RT_PROGRESS uptime_s=680.82
[host_monotonic_s=141359.023855] RT_PROGRESS uptime_s=690.84
[host_monotonic_s=141368.752544] RT_PROGRESS uptime_s=700.87
[host_monotonic_s=141379.071860] RT_PROGRESS uptime_s=710.89
[host_monotonic_s=141388.817441] RT_PROGRESS uptime_s=720.93
[host_monotonic_s=141399.132516] RT_PROGRESS uptime_s=730.95
[host_monotonic_s=141408.857471] RT_PROGRESS uptime_s=740.97
[host_monotonic_s=141419.175657] RT_PROGRESS uptime_s=751.00
[host_monotonic_s=141428.904681] RT_PROGRESS uptime_s=761.02
[host_monotonic_s=141439.223516] RT_PROGRESS uptime_s=771.04
[host_monotonic_s=141448.948304] RT_PROGRESS uptime_s=781.06
[host_monotonic_s=141459.271604] RT_PROGRESS uptime_s=791.09
[host_monotonic_s=141469.797181] RT_PROGRESS uptime_s=801.11
[host_monotonic_s=141479.320688] RT_PROGRESS uptime_s=811.14
[host_monotonic_s=141489.049463] RT_PROGRESS uptime_s=821.16
[host_monotonic_s=141499.990149] RT_PROGRESS uptime_s=831.18
[host_monotonic_s=141510.018035] RT_PROGRESS uptime_s=841.21
[host_monotonic_s=141519.412363] RT_PROGRESS uptime_s=851.23
[host_monotonic_s=141529.140613] RT_PROGRESS uptime_s=861.26
[host_monotonic_s=141539.460491] RT_PROGRESS uptime_s=871.28
[host_monotonic_s=141549.185054] RT_PROGRESS uptime_s=881.30
[host_monotonic_s=141559.500480] RT_PROGRESS uptime_s=891.32
[host_monotonic_s=141569.229244] RT_PROGRESS uptime_s=901.34
[host_monotonic_s=141579.551805] RT_PROGRESS uptime_s=911.37
[host_monotonic_s=141590.073377] RT_PROGRESS uptime_s=921.39
[host_monotonic_s=141599.592371] RT_PROGRESS uptime_s=931.41
[host_monotonic_s=141609.313727] RT_PROGRESS uptime_s=941.43
[host_monotonic_s=141619.631858] RT_PROGRESS uptime_s=951.45
[host_monotonic_s=141629.360352] RT_PROGRESS uptime_s=961.48
[host_monotonic_s=141640.306004] RT_PROGRESS uptime_s=971.50
[host_monotonic_s=141649.703667] RT_PROGRESS uptime_s=981.52
[host_monotonic_s=141659.428990] RT_PROGRESS uptime_s=991.54
[host_monotonic_s=141669.751915] RT_PROGRESS uptime_s=1001.57
[host_monotonic_s=141680.276215] RT_PROGRESS uptime_s=1011.59
[host_monotonic_s=141689.796499] RT_PROGRESS uptime_s=1021.62
[host_monotonic_s=141699.520826] RT_PROGRESS uptime_s=1031.64
[host_monotonic_s=141710.466121] RT_PROGRESS uptime_s=1041.66
[host_monotonic_s=141719.863845] RT_PROGRESS uptime_s=1051.68
[host_monotonic_s=141729.592785] RT_PROGRESS uptime_s=1061.71
[host_monotonic_s=141739.911828] RT_PROGRESS uptime_s=1071.73
[host_monotonic_s=141750.440185] RT_PROGRESS uptime_s=1081.76
[host_monotonic_s=141759.960295] RT_PROGRESS uptime_s=1091.78
[host_monotonic_s=141769.681311] RT_PROGRESS uptime_s=1101.80
[host_monotonic_s=141779.999617] RT_PROGRESS uptime_s=1111.82
[host_monotonic_s=141789.728724] RT_PROGRESS uptime_s=1121.84
[host_monotonic_s=141800.682188] RT_PROGRESS uptime_s=1131.87
[host_monotonic_s=141810.076361] RT_PROGRESS uptime_s=1141.90
[host_monotonic_s=141819.804486] RT_PROGRESS uptime_s=1151.92
[host_monotonic_s=141830.123659] RT_PROGRESS uptime_s=1161.94
[host_monotonic_s=141839.848777] RT_PROGRESS uptime_s=1171.96
[host_monotonic_s=141850.171551] RT_PROGRESS uptime_s=1181.99
[host_monotonic_s=141859.896786] RT_PROGRESS uptime_s=1192.01
[host_monotonic_s=141870.850274] RT_PROGRESS uptime_s=1202.04
[host_monotonic_s=141880.243782] RT_PROGRESS uptime_s=1212.06
[host_monotonic_s=141889.976615] RT_PROGRESS uptime_s=1222.09
[host_monotonic_s=141900.295752] RT_PROGRESS uptime_s=1232.12
[host_monotonic_s=141910.024745] RT_PROGRESS uptime_s=1242.14
[host_monotonic_s=141920.343785] RT_PROGRESS uptime_s=1252.16
[host_monotonic_s=141930.872253] RT_PROGRESS uptime_s=1262.19
[host_monotonic_s=141940.399555] RT_PROGRESS uptime_s=1272.22
[host_monotonic_s=141950.128715] RT_PROGRESS uptime_s=1282.24
[host_monotonic_s=141961.070049] RT_PROGRESS uptime_s=1292.26
[host_monotonic_s=141970.468295] RT_PROGRESS uptime_s=1302.29
[host_monotonic_s=141980.193342] RT_PROGRESS uptime_s=1312.31
[host_monotonic_s=141990.508417] RT_PROGRESS uptime_s=1322.33
[host_monotonic_s=142001.033568] RT_PROGRESS uptime_s=1332.35
[host_monotonic_s=142011.181871] RT_PROGRESS uptime_s=1342.37
[host_monotonic_s=142020.576331] RT_PROGRESS uptime_s=1352.40
[host_monotonic_s=142030.301875] RT_PROGRESS uptime_s=1362.42
[host_monotonic_s=142041.246057] RT_PROGRESS uptime_s=1372.43
[host_monotonic_s=142050.639473] RT_PROGRESS uptime_s=1382.46
[host_monotonic_s=142060.368786] RT_PROGRESS uptime_s=1392.48
[host_monotonic_s=142070.687647] RT_PROGRESS uptime_s=1402.51
[host_monotonic_s=142080.416449] RT_PROGRESS uptime_s=1412.53
[host_monotonic_s=142090.731684] RT_PROGRESS uptime_s=1422.55
[host_monotonic_s=142100.457822] RT_PROGRESS uptime_s=1432.57
[host_monotonic_s=142110.784153] RT_PROGRESS uptime_s=1442.60
[host_monotonic_s=142120.516639] RT_PROGRESS uptime_s=1452.63
[host_monotonic_s=142130.831790] RT_PROGRESS uptime_s=1462.65
[host_monotonic_s=142140.564760] RT_PROGRESS uptime_s=1472.68
[host_monotonic_s=142150.880026] RT_PROGRESS uptime_s=1482.70
[host_monotonic_s=142161.408610] RT_PROGRESS uptime_s=1492.72
[host_monotonic_s=142170.931689] RT_PROGRESS uptime_s=1502.75
[host_monotonic_s=142180.661455] RT_PROGRESS uptime_s=1512.78
[host_monotonic_s=142190.979565] RT_PROGRESS uptime_s=1522.80
[host_monotonic_s=142200.709251] RT_PROGRESS uptime_s=1532.82
[host_monotonic_s=142211.658091] RT_PROGRESS uptime_s=1542.84
[host_monotonic_s=142221.052382] RT_PROGRESS uptime_s=1552.87
[host_monotonic_s=142231.582125] RT_PROGRESS uptime_s=1562.90
[host_monotonic_s=142241.107437] RT_PROGRESS uptime_s=1572.93
[host_monotonic_s=142250.832928] RT_PROGRESS uptime_s=1582.95
[host_monotonic_s=142261.155691] RT_PROGRESS uptime_s=1592.98
[host_monotonic_s=142270.884749] RT_PROGRESS uptime_s=1603.00
[host_monotonic_s=142281.203434] RT_PROGRESS uptime_s=1613.02
[host_monotonic_s=142290.934996] RT_PROGRESS uptime_s=1623.05
[host_monotonic_s=142301.251682] RT_PROGRESS uptime_s=1633.07
[host_monotonic_s=142310.980652] RT_PROGRESS uptime_s=1643.10
[host_monotonic_s=142321.299656] RT_PROGRESS uptime_s=1653.12
[host_monotonic_s=142331.028927] RT_PROGRESS uptime_s=1663.14
[host_monotonic_s=142341.347749] RT_PROGRESS uptime_s=1673.17
[host_monotonic_s=142351.079905] RT_PROGRESS uptime_s=1683.19
[host_monotonic_s=142361.395766] RT_PROGRESS uptime_s=1693.22
[host_monotonic_s=142371.124658] RT_PROGRESS uptime_s=1703.24
[host_monotonic_s=142381.439635] RT_PROGRESS uptime_s=1713.26
[host_monotonic_s=142391.172928] RT_PROGRESS uptime_s=1723.29
[host_monotonic_s=142401.491714] RT_PROGRESS uptime_s=1733.31
[host_monotonic_s=142411.221135] RT_PROGRESS uptime_s=1743.34
[host_monotonic_s=142421.539633] RT_PROGRESS uptime_s=1753.36
[host_monotonic_s=142431.269117] RT_PROGRESS uptime_s=1763.38
[host_monotonic_s=142441.580375] RT_PROGRESS uptime_s=1773.40
[host_monotonic_s=142451.301160] RT_PROGRESS uptime_s=1783.42
[host_monotonic_s=142461.615777] RT_PROGRESS uptime_s=1793.44
[host_monotonic_s=142471.351083] RT_PROGRESS uptime_s=1803.46
[host_monotonic_s=142481.667684] RT_PROGRESS uptime_s=1813.49
[host_monotonic_s=142491.396760] RT_PROGRESS uptime_s=1823.51
[host_monotonic_s=142501.715550] RT_PROGRESS uptime_s=1833.54
[host_monotonic_s=142512.240724] RT_PROGRESS uptime_s=1843.56
[host_monotonic_s=142521.763547] RT_PROGRESS uptime_s=1853.58
[host_monotonic_s=142531.488712] RT_PROGRESS uptime_s=1863.60
[host_monotonic_s=142541.811795] RT_PROGRESS uptime_s=1873.63
[host_monotonic_s=142552.339375] RT_PROGRESS uptime_s=1883.65
[host_monotonic_s=142561.863573] RT_PROGRESS uptime_s=1893.68
[host_monotonic_s=142571.588238] RT_PROGRESS uptime_s=1903.70
[host_monotonic_s=142581.911676] RT_PROGRESS uptime_s=1913.73
[host_monotonic_s=142591.640606] RT_PROGRESS uptime_s=1923.76
[host_monotonic_s=142601.952242] RT_PROGRESS uptime_s=1933.77
[host_monotonic_s=142611.681864] RT_PROGRESS uptime_s=1943.80
[host_monotonic_s=142622.002276] RT_PROGRESS uptime_s=1953.82
[host_monotonic_s=142632.533031] RT_PROGRESS uptime_s=1963.85
[host_monotonic_s=142642.048081] RT_PROGRESS uptime_s=1973.87
[host_monotonic_s=142652.572149] RT_PROGRESS uptime_s=1983.88
[host_monotonic_s=142662.092236] RT_PROGRESS uptime_s=1993.91
[host_monotonic_s=142671.813722] RT_PROGRESS uptime_s=2003.93
[host_monotonic_s=142682.131830] RT_PROGRESS uptime_s=2013.95
[host_monotonic_s=142691.865666] RT_PROGRESS uptime_s=2023.98
[host_monotonic_s=142702.188397] RT_PROGRESS uptime_s=2034.01
[host_monotonic_s=142711.917103] RT_PROGRESS uptime_s=2044.03
[host_monotonic_s=142722.232412] RT_PROGRESS uptime_s=2054.05
[host_monotonic_s=142731.965110] RT_PROGRESS uptime_s=2064.08
[host_monotonic_s=142742.283739] RT_PROGRESS uptime_s=2074.10
[host_monotonic_s=142752.013843] RT_PROGRESS uptime_s=2084.13
[host_monotonic_s=142762.347471] RT_PROGRESS uptime_s=2094.17
[host_monotonic_s=142772.076827] RT_PROGRESS uptime_s=2104.19
[host_monotonic_s=142782.395477] RT_PROGRESS uptime_s=2114.22
[host_monotonic_s=142792.920437] RT_PROGRESS uptime_s=2124.24
[host_monotonic_s=142803.066015] RT_PROGRESS uptime_s=2134.26
[host_monotonic_s=142812.460409] RT_PROGRESS uptime_s=2144.28
[host_monotonic_s=142822.185505] RT_PROGRESS uptime_s=2154.30
[host_monotonic_s=142832.500739] RT_PROGRESS uptime_s=2164.32
[host_monotonic_s=142842.237147] RT_PROGRESS uptime_s=2174.35
[host_monotonic_s=142852.555561] RT_PROGRESS uptime_s=2184.38
[host_monotonic_s=142862.289072] RT_PROGRESS uptime_s=2194.40
[host_monotonic_s=142873.237967] RT_PROGRESS uptime_s=2204.43
[host_monotonic_s=142883.258115] RT_PROGRESS uptime_s=2214.45
[host_monotonic_s=142892.660463] RT_PROGRESS uptime_s=2224.48
[host_monotonic_s=142902.385480] RT_PROGRESS uptime_s=2234.50
[host_monotonic_s=142912.696191] RT_PROGRESS uptime_s=2244.52
[host_monotonic_s=142922.424957] RT_PROGRESS uptime_s=2254.54
[host_monotonic_s=142932.743596] RT_PROGRESS uptime_s=2264.56
[host_monotonic_s=142943.269590] RT_PROGRESS uptime_s=2274.58
[host_monotonic_s=142952.791723] RT_PROGRESS uptime_s=2284.61
[host_monotonic_s=142962.513949] RT_PROGRESS uptime_s=2294.63
[host_monotonic_s=142972.839764] RT_PROGRESS uptime_s=2304.66
[host_monotonic_s=142982.568800] RT_PROGRESS uptime_s=2314.68
[host_monotonic_s=142992.887655] RT_PROGRESS uptime_s=2324.71
[host_monotonic_s=143002.612447] RT_PROGRESS uptime_s=2334.73
[host_monotonic_s=143012.935427] RT_PROGRESS uptime_s=2344.76
[host_monotonic_s=143022.664865] RT_PROGRESS uptime_s=2354.78
[host_monotonic_s=143032.983492] RT_PROGRESS uptime_s=2364.80
[host_monotonic_s=143042.712523] RT_PROGRESS uptime_s=2374.83
[host_monotonic_s=143053.666094] RT_PROGRESS uptime_s=2384.85
[host_monotonic_s=143063.055783] RT_PROGRESS uptime_s=2394.88
[host_monotonic_s=143072.785223] RT_PROGRESS uptime_s=2404.90
[host_monotonic_s=143083.103512] RT_PROGRESS uptime_s=2414.92
[host_monotonic_s=143093.625527] RT_PROGRESS uptime_s=2424.94
[host_monotonic_s=143103.144321] RT_PROGRESS uptime_s=2434.96
[host_monotonic_s=143112.872805] RT_PROGRESS uptime_s=2444.99
[host_monotonic_s=143123.191775] RT_PROGRESS uptime_s=2455.01
[host_monotonic_s=143132.921156] RT_PROGRESS uptime_s=2465.04
[host_monotonic_s=143143.239448] RT_PROGRESS uptime_s=2475.06
[host_monotonic_s=143153.761327] RT_PROGRESS uptime_s=2485.08
[host_monotonic_s=143163.280262] RT_PROGRESS uptime_s=2495.10
[host_monotonic_s=143173.001726] RT_PROGRESS uptime_s=2505.12
[host_monotonic_s=143183.946176] RT_PROGRESS uptime_s=2515.14
[host_monotonic_s=143193.336338] RT_PROGRESS uptime_s=2525.16
[host_monotonic_s=143203.057312] RT_PROGRESS uptime_s=2535.17
[host_monotonic_s=143213.998061] RT_PROGRESS uptime_s=2545.19
[host_monotonic_s=143223.392316] RT_PROGRESS uptime_s=2555.21
[host_monotonic_s=143233.124717] RT_PROGRESS uptime_s=2565.24
[host_monotonic_s=143243.443786] RT_PROGRESS uptime_s=2575.26
[host_monotonic_s=143253.980174] RT_PROGRESS uptime_s=2585.30
[host_monotonic_s=143263.503539] RT_PROGRESS uptime_s=2595.32
[host_monotonic_s=143273.233455] RT_PROGRESS uptime_s=2605.35
[host_monotonic_s=143284.177913] RT_PROGRESS uptime_s=2615.37
[host_monotonic_s=143293.579678] RT_PROGRESS uptime_s=2625.40
[host_monotonic_s=143303.309046] RT_PROGRESS uptime_s=2635.42
[host_monotonic_s=143314.250007] RT_PROGRESS uptime_s=2645.44
[host_monotonic_s=143323.648314] RT_PROGRESS uptime_s=2655.47
[host_monotonic_s=143333.383127] RT_PROGRESS uptime_s=2665.50
[host_monotonic_s=143343.700230] RT_PROGRESS uptime_s=2675.52
[host_monotonic_s=143354.224859] RT_PROGRESS uptime_s=2685.54
[host_monotonic_s=143363.744356] RT_PROGRESS uptime_s=2695.56
[host_monotonic_s=143374.265708] RT_PROGRESS uptime_s=2705.58
[host_monotonic_s=143383.787520] RT_PROGRESS uptime_s=2715.61
[host_monotonic_s=143393.520725] RT_PROGRESS uptime_s=2725.64
[host_monotonic_s=143403.839945] RT_PROGRESS uptime_s=2735.66
[host_monotonic_s=143413.568586] RT_PROGRESS uptime_s=2745.68
[host_monotonic_s=143424.510124] RT_PROGRESS uptime_s=2755.70
[host_monotonic_s=143434.542035] RT_PROGRESS uptime_s=2765.73
[host_monotonic_s=143443.939687] RT_PROGRESS uptime_s=2775.76
[host_monotonic_s=143453.666472] RT_PROGRESS uptime_s=2785.78
[host_monotonic_s=143463.987907] RT_PROGRESS uptime_s=2795.81
[host_monotonic_s=143474.512700] RT_PROGRESS uptime_s=2805.83
[host_monotonic_s=143484.666045] RT_PROGRESS uptime_s=2815.85
[host_monotonic_s=143494.063621] RT_PROGRESS uptime_s=2825.88
[host_monotonic_s=143503.796865] RT_PROGRESS uptime_s=2835.91
[host_monotonic_s=143514.111638] RT_PROGRESS uptime_s=2845.93
[host_monotonic_s=143524.640590] RT_PROGRESS uptime_s=2855.96
[host_monotonic_s=143534.160448] RT_PROGRESS uptime_s=2865.98
[host_monotonic_s=143543.885646] RT_PROGRESS uptime_s=2876.00
[host_monotonic_s=143554.200482] RT_PROGRESS uptime_s=2886.02
[host_monotonic_s=143563.933533] RT_PROGRESS uptime_s=2896.05
[host_monotonic_s=143574.251932] RT_PROGRESS uptime_s=2906.07
[host_monotonic_s=143584.777082] RT_PROGRESS uptime_s=2916.09
[host_monotonic_s=143594.307658] RT_PROGRESS uptime_s=2926.13
[host_monotonic_s=143604.036830] RT_PROGRESS uptime_s=2936.15
[host_monotonic_s=143614.986051] RT_PROGRESS uptime_s=2946.17
[host_monotonic_s=143624.384387] RT_PROGRESS uptime_s=2956.20
[host_monotonic_s=143634.912626] RT_PROGRESS uptime_s=2966.23
[host_monotonic_s=143644.428248] RT_PROGRESS uptime_s=2976.25
[host_monotonic_s=143654.157274] RT_PROGRESS uptime_s=2986.27
[host_monotonic_s=143665.106083] RT_PROGRESS uptime_s=2996.30
[host_monotonic_s=143674.507619] RT_PROGRESS uptime_s=3006.33
[host_monotonic_s=143684.232432] RT_PROGRESS uptime_s=3016.35
[host_monotonic_s=143694.551675] RT_PROGRESS uptime_s=3026.37
[host_monotonic_s=143704.277052] RT_PROGRESS uptime_s=3036.39
[host_monotonic_s=143714.599382] RT_PROGRESS uptime_s=3046.42
[host_monotonic_s=143724.329719] RT_PROGRESS uptime_s=3056.44
[host_monotonic_s=143735.278041] RT_PROGRESS uptime_s=3066.46
[host_monotonic_s=143744.672270] RT_PROGRESS uptime_s=3076.49
[host_monotonic_s=143755.193641] RT_PROGRESS uptime_s=3086.51
[host_monotonic_s=143764.712607] RT_PROGRESS uptime_s=3096.53
[host_monotonic_s=143774.437364] RT_PROGRESS uptime_s=3106.55
[host_monotonic_s=143784.760064] RT_PROGRESS uptime_s=3116.58
[host_monotonic_s=143794.488921] RT_PROGRESS uptime_s=3126.60
[host_monotonic_s=143804.807821] RT_PROGRESS uptime_s=3136.63
[host_monotonic_s=143814.536766] RT_PROGRESS uptime_s=3146.65
[host_monotonic_s=143824.859890] RT_PROGRESS uptime_s=3156.68
[host_monotonic_s=143835.381519] RT_PROGRESS uptime_s=3166.70
[host_monotonic_s=143844.907535] RT_PROGRESS uptime_s=3176.73
[host_monotonic_s=143854.640587] RT_PROGRESS uptime_s=3186.76
[host_monotonic_s=143864.955760] RT_PROGRESS uptime_s=3196.78
[host_monotonic_s=143874.685641] RT_PROGRESS uptime_s=3206.80
[host_monotonic_s=143885.000556] RT_PROGRESS uptime_s=3216.82
[host_monotonic_s=143894.725651] RT_PROGRESS uptime_s=3226.84
[host_monotonic_s=143905.036305] RT_PROGRESS uptime_s=3236.86
[host_monotonic_s=143914.761014] RT_PROGRESS uptime_s=3246.88
[host_monotonic_s=143925.083921] RT_PROGRESS uptime_s=3256.90
[host_monotonic_s=143935.612767] RT_PROGRESS uptime_s=3266.93
[host_monotonic_s=143945.132447] RT_PROGRESS uptime_s=3276.95
[host_monotonic_s=143954.868587] RT_PROGRESS uptime_s=3286.98
[host_monotonic_s=143965.187663] RT_PROGRESS uptime_s=3297.01
[host_monotonic_s=143974.913342] RT_PROGRESS uptime_s=3307.03
[host_monotonic_s=143985.235704] RT_PROGRESS uptime_s=3317.06
[host_monotonic_s=143994.961100] RT_PROGRESS uptime_s=3327.08
[host_monotonic_s=144005.283570] RT_PROGRESS uptime_s=3337.10
[host_monotonic_s=144015.015333] RT_PROGRESS uptime_s=3347.13
[host_monotonic_s=144025.331745] RT_PROGRESS uptime_s=3357.15
[host_monotonic_s=144035.857429] RT_PROGRESS uptime_s=3367.17
[host_monotonic_s=144045.372558] RT_PROGRESS uptime_s=3377.19
[host_monotonic_s=144055.108965] RT_PROGRESS uptime_s=3387.22
[host_monotonic_s=144065.427721] RT_PROGRESS uptime_s=3397.25
[host_monotonic_s=144075.156722] RT_PROGRESS uptime_s=3407.27
[host_monotonic_s=144085.468536] RT_PROGRESS uptime_s=3417.29
[host_monotonic_s=144095.196790] RT_PROGRESS uptime_s=3427.31
[host_monotonic_s=144106.142105] RT_PROGRESS uptime_s=3437.33
[host_monotonic_s=144115.540435] RT_PROGRESS uptime_s=3447.36
[host_monotonic_s=144125.261570] RT_PROGRESS uptime_s=3457.38
[host_monotonic_s=144135.576369] RT_PROGRESS uptime_s=3467.40
[host_monotonic_s=144146.106432] RT_PROGRESS uptime_s=3477.42
[host_monotonic_s=144155.624402] RT_PROGRESS uptime_s=3487.44
[host_monotonic_s=144166.148362] RT_PROGRESS uptime_s=3497.46
[host_monotonic_s=144175.668378] RT_PROGRESS uptime_s=3507.49
[host_monotonic_s=144185.396907] RT_PROGRESS uptime_s=3517.51
[host_monotonic_s=144195.715629] RT_PROGRESS uptime_s=3527.54
[host_monotonic_s=144205.444919] RT_PROGRESS uptime_s=3537.56
[host_monotonic_s=144215.763798] RT_PROGRESS uptime_s=3547.58
[host_monotonic_s=144225.492735] RT_PROGRESS uptime_s=3557.61
[host_monotonic_s=144235.811724] RT_PROGRESS uptime_s=3567.63
[host_monotonic_s=144245.540709] RT_PROGRESS uptime_s=3577.66
[host_monotonic_s=144255.859826] RT_PROGRESS uptime_s=3587.68
[host_monotonic_s=144266.388993] RT_PROGRESS uptime_s=3597.70
[host_monotonic_s=144276.538207] RT_PROGRESS uptime_s=3607.73
[host_monotonic_s=144285.932538] RT_PROGRESS uptime_s=3617.75
[host_monotonic_s=144295.669338] RT_PROGRESS uptime_s=3627.78
[host_monotonic_s=144297.870713] WARN: stat /dev/cpu_dma_latency failed: No such file or directory
[host_monotonic_s=144297.870726] # Histogram
[host_monotonic_s=144297.870730] 000141 000001
[host_monotonic_s=144297.870733] 000145 000001
[host_monotonic_s=144297.870735] 000155 000003
[host_monotonic_s=144297.870737] 000158 000001
[host_monotonic_s=144297.870739] 000162 000001
[host_monotonic_s=144297.870741] 000163 000002
[host_monotonic_s=144297.870742] 000164 000006
[host_monotonic_s=144297.870744] 000165 000009
[host_monotonic_s=144297.870746] 000166 000011
[host_monotonic_s=144297.870748] 000167 000021
[host_monotonic_s=144297.870749] 000168 000035
[host_monotonic_s=144297.870751] 000169 000048
[host_monotonic_s=144297.870752] 000170 000051
[host_monotonic_s=144297.870754] 000171 000079
[host_monotonic_s=144297.870755] 000172 000086
[host_monotonic_s=144297.870757] 000173 000094
[host_monotonic_s=144297.870759] 000174 000138
[host_monotonic_s=144297.876627] 000175 000120
[host_monotonic_s=144297.880048] 000176 000155
[host_monotonic_s=144297.882351] 000177 000175
[host_monotonic_s=144297.884717] 000178 000170
[host_monotonic_s=144297.887046] 000179 000156
[host_monotonic_s=144297.889409] 000180 000184
[host_monotonic_s=144297.891766] 000181 000188
[host_monotonic_s=144297.894074] 000182 000188
[host_monotonic_s=144297.896415] 000183 000179
[host_monotonic_s=144297.898741] 000184 000236
[host_monotonic_s=144297.901390] 000185 000216
[host_monotonic_s=144297.903680] 000186 000218
[host_monotonic_s=144297.905990] 000187 000231
[host_monotonic_s=144297.908297] 000188 000248
[host_monotonic_s=144297.910688] 000189 000224
[host_monotonic_s=144297.913011] 000190 000299
[host_monotonic_s=144297.915417] 000191 000263
[host_monotonic_s=144297.917783] 000192 000270
[host_monotonic_s=144297.920252] 000193 000287
[host_monotonic_s=144297.922707] 000194 000291
[host_monotonic_s=144297.925124] 000195 000275
[host_monotonic_s=144297.927541] 000196 000261
[host_monotonic_s=144297.930308] 000197 000286
[host_monotonic_s=144297.932747] 000198 000318
[host_monotonic_s=144297.935187] 000199 000286
[host_monotonic_s=144297.937675] 000200 000268
[host_monotonic_s=144297.940181] 000201 000332
[host_monotonic_s=144297.942551] 000202 000284
[host_monotonic_s=144297.945037] 000203 000294
[host_monotonic_s=144297.947486] 000204 000324
[host_monotonic_s=144297.950237] 000205 000288
[host_monotonic_s=144297.952513] 000206 000289
[host_monotonic_s=144297.954941] 000207 000265
[host_monotonic_s=144297.957407] 000208 000291
[host_monotonic_s=144297.959973] 000209 000284
[host_monotonic_s=144297.962472] 000210 000260
[host_monotonic_s=144297.964881] 000211 000259
[host_monotonic_s=144297.967304] 000212 000266
[host_monotonic_s=144297.969828] 000213 000247
[host_monotonic_s=144297.972338] 000214 000245
[host_monotonic_s=144297.974761] 000215 000241
[host_monotonic_s=144297.977240] 000216 000288
[host_monotonic_s=144297.979685] 000217 000271
[host_monotonic_s=144297.982158] 000218 000261
[host_monotonic_s=144297.984600] 000219 000272
[host_monotonic_s=144297.987011] 000220 000266
[host_monotonic_s=144297.989491] 000221 000262
[host_monotonic_s=144297.991938] 000222 000282
[host_monotonic_s=144297.994405] 000223 000284
[host_monotonic_s=144297.996791] 000224 000281
[host_monotonic_s=144297.999210] 000225 000280
[host_monotonic_s=144298.001751] 000226 000259
[host_monotonic_s=144298.004192] 000227 000242
[host_monotonic_s=144298.006637] 000228 000241
[host_monotonic_s=144298.009081] 000229 000256
[host_monotonic_s=144298.011822] 000230 000259
[host_monotonic_s=144298.014251] 000231 000272
[host_monotonic_s=144298.016702] 000232 000262
[host_monotonic_s=144298.019149] 000233 000233
[host_monotonic_s=144298.021709] 000234 000228
[host_monotonic_s=144298.024142] 000235 000234
[host_monotonic_s=144298.026552] 000236 000236
[host_monotonic_s=144298.029017] 000237 000223
[host_monotonic_s=144298.031537] 000238 000227
[host_monotonic_s=144298.033989] 000239 000197
[host_monotonic_s=144298.036438] 000240 000237
[host_monotonic_s=144298.038908] 000241 000211
[host_monotonic_s=144298.041636] 000242 000216
[host_monotonic_s=144298.044106] 000243 000197
[host_monotonic_s=144298.046492] 000244 000219
[host_monotonic_s=144298.048935] 000245 000230
[host_monotonic_s=144298.051654] 000246 000218
[host_monotonic_s=144298.054140] 000247 000226
[host_monotonic_s=144298.056549] 000248 000215
[host_monotonic_s=144298.058992] 000249 000216
[host_monotonic_s=144298.061529] 000250 000222
[host_monotonic_s=144298.063961] 000251 000205
[host_monotonic_s=144298.066392] 000252 000218
[host_monotonic_s=144298.068817] 000253 000199
[host_monotonic_s=144298.071639] 000254 000221
[host_monotonic_s=144298.074014] 000255 000190
[host_monotonic_s=144298.076443] 000256 000215
[host_monotonic_s=144298.078858] 000257 000170
[host_monotonic_s=144298.081628] 000258 000205
[host_monotonic_s=144298.084049] 000259 000229
[host_monotonic_s=144298.086448] 000260 000217
[host_monotonic_s=144298.088942] 000261 000207
[host_monotonic_s=144298.091495] 000262 000191
[host_monotonic_s=144298.093936] 000263 000161
[host_monotonic_s=144298.096371] 000264 000223
[host_monotonic_s=144298.098788] 000265 000190
[host_monotonic_s=144298.101518] 000266 000209
[host_monotonic_s=144298.103934] 000267 000186
[host_monotonic_s=144298.106378] 000268 000179
[host_monotonic_s=144298.108813] 000269 000195
[host_monotonic_s=144298.111448] 000270 000209
[host_monotonic_s=144298.113848] 000271 000165
[host_monotonic_s=144298.116277] 000272 000196
[host_monotonic_s=144298.118682] 000273 000178
[host_monotonic_s=144298.421069] 000274 000179
[host_monotonic_s=144298.421081] 000275 000197
[host_monotonic_s=144298.421085] 000276 000208
[host_monotonic_s=144298.421087] 000277 000172
[host_monotonic_s=144298.421089] 000278 000191
[host_monotonic_s=144298.421090] 000279 000170
[host_monotonic_s=144298.421092] 000280 000162
[host_monotonic_s=144298.421094] 000281 000194
[host_monotonic_s=144298.421095] 000282 000183
[host_monotonic_s=144298.421097] 000283 000194
[host_monotonic_s=144298.421098] 000284 000187
[host_monotonic_s=144298.421100] 000285 000160
[host_monotonic_s=144298.421102] 000286 000166
[host_monotonic_s=144298.421103] 000287 000182
[host_monotonic_s=144298.421105] 000288 000177
[host_monotonic_s=144298.421106] 000289 000176
[host_monotonic_s=144298.421107] 000290 000179
[host_monotonic_s=144298.421109] 000291 000182
[host_monotonic_s=144298.421110] 000292 000158
[host_monotonic_s=144298.426770] 000293 000174
[host_monotonic_s=144298.429073] 000294 000161
[host_monotonic_s=144298.431600] 000295 000168
[host_monotonic_s=144298.433894] 000296 000192
[host_monotonic_s=144298.436226] 000297 000166
[host_monotonic_s=144298.438572] 000298 000191
[host_monotonic_s=144298.440985] 000299 000183
[host_monotonic_s=144298.443254] 000300 000182
[host_monotonic_s=144298.445546] 000301 000176
[host_monotonic_s=144298.447955] 000302 000204
[host_monotonic_s=144298.450356] 000303 000199
[host_monotonic_s=144298.452698] 000304 000224
[host_monotonic_s=144298.454981] 000305 000182
[host_monotonic_s=144298.457279] 000306 000204
[host_monotonic_s=144298.459613] 000307 000198
[host_monotonic_s=144298.461931] 000308 000199
[host_monotonic_s=144298.464231] 000309 000207
[host_monotonic_s=144298.466498] 000310 000197
[host_monotonic_s=144298.468825] 000311 000206
[host_monotonic_s=144298.471208] 000312 000187
[host_monotonic_s=144298.473528] 000313 000208
[host_monotonic_s=144298.475830] 000314 000230
[host_monotonic_s=144298.478196] 000315 000220
[host_monotonic_s=144298.480927] 000316 000214
[host_monotonic_s=144298.483404] 000317 000219
[host_monotonic_s=144298.485841] 000318 000227
[host_monotonic_s=144298.488210] 000319 000219
[host_monotonic_s=144298.490808] 000320 000277
[host_monotonic_s=144298.493260] 000321 000238
[host_monotonic_s=144298.495696] 000322 000230
[host_monotonic_s=144298.498138] 000323 000238
[host_monotonic_s=144298.500882] 000324 000254
[host_monotonic_s=144298.503355] 000325 000263
[host_monotonic_s=144298.505725] 000326 000282
[host_monotonic_s=144298.508137] 000327 000249
[host_monotonic_s=144298.510912] 000328 000291
[host_monotonic_s=144298.513377] 000329 000278
[host_monotonic_s=144298.515813] 000330 000299
[host_monotonic_s=144298.518235] 000331 000391
[host_monotonic_s=144298.520706] 000332 000382
[host_monotonic_s=144298.523444] 000333 000356
[host_monotonic_s=144298.525911] 000334 000411
[host_monotonic_s=144298.528369] 000335 000417
[host_monotonic_s=144298.530898] 000336 000482
[host_monotonic_s=144298.533374] 000337 000499
[host_monotonic_s=144298.535750] 000338 000542
[host_monotonic_s=144298.538154] 000339 000556
[host_monotonic_s=144298.540621] 000340 000635
[host_monotonic_s=144298.543073] 000341 000616
[host_monotonic_s=144298.545538] 000342 000665
[host_monotonic_s=144298.547955] 000343 000705
[host_monotonic_s=144298.550497] 000344 000797
[host_monotonic_s=144298.552926] 000345 000848
[host_monotonic_s=144298.555412] 000346 000908
[host_monotonic_s=144298.557795] 000347 001012
[host_monotonic_s=144298.560339] 000348 001108
[host_monotonic_s=144298.562790] 000349 001128
[host_monotonic_s=144298.565176] 000350 001230
[host_monotonic_s=144298.567635] 000351 001366
[host_monotonic_s=144298.570388] 000352 001380
[host_monotonic_s=144298.572796] 000353 001555
[host_monotonic_s=144298.575239] 000354 001676
[host_monotonic_s=144298.577691] 000355 001721
[host_monotonic_s=144298.580402] 000356 001775
[host_monotonic_s=144298.582923] 000357 001861
[host_monotonic_s=144298.585379] 000358 001982
[host_monotonic_s=144298.587781] 000359 001968
[host_monotonic_s=144298.590297] 000360 002072
[host_monotonic_s=144298.592831] 000361 002092
[host_monotonic_s=144298.595243] 000362 002195
[host_monotonic_s=144298.597626] 000363 002197
[host_monotonic_s=144298.600155] 000364 002229
[host_monotonic_s=144298.602565] 000365 002159
[host_monotonic_s=144298.605058] 000366 002222
[host_monotonic_s=144298.607510] 000367 002156
[host_monotonic_s=144298.610275] 000368 002226
[host_monotonic_s=144298.612729] 000369 002199
[host_monotonic_s=144298.615165] 000370 002211
[host_monotonic_s=144298.617581] 000371 002081
[host_monotonic_s=144298.620067] 000372 002245
[host_monotonic_s=144298.622683] 000373 002242
[host_monotonic_s=144298.625158] 000374 002114
[host_monotonic_s=144298.627586] 000375 002112
[host_monotonic_s=144298.630142] 000376 002048
[host_monotonic_s=144298.632566] 000377 002084
[host_monotonic_s=144298.634991] 000378 002096
[host_monotonic_s=144298.637478] 000379 001996
[host_monotonic_s=144298.639983] 000380 001935
[host_monotonic_s=144298.642405] 000381 001883
[host_monotonic_s=144298.644848] 000382 001916
[host_monotonic_s=144298.647277] 000383 001843
[host_monotonic_s=144298.649997] 000384 000265
[host_monotonic_s=144298.652497] 000386 000062
[host_monotonic_s=144298.654913] 000387 000633
[host_monotonic_s=144298.657392] 000388 001160
[host_monotonic_s=144298.659905] 000389 001348
[host_monotonic_s=144298.662381] 000390 001465
[host_monotonic_s=144298.664798] 000391 001527
[host_monotonic_s=144298.667247] 000392 001449
[host_monotonic_s=144298.669985] 000393 001376
[host_monotonic_s=144298.971481] 000394 001403
[host_monotonic_s=144298.971495] 000395 001307
[host_monotonic_s=144298.971498] 000396 001294
[host_monotonic_s=144298.971501] 000397 001250
[host_monotonic_s=144298.971503] 000398 001222
[host_monotonic_s=144298.971505] 000399 001173
[host_monotonic_s=144298.971507] 000400 001217
[host_monotonic_s=144298.971509] 000401 001158
[host_monotonic_s=144298.971510] 000402 001074
[host_monotonic_s=144298.971513] 000403 001037
[host_monotonic_s=144298.971514] 000404 001041
[host_monotonic_s=144298.971516] 000405 000970
[host_monotonic_s=144298.971518] 000406 000963
[host_monotonic_s=144298.971519] 000407 000900
[host_monotonic_s=144298.971521] 000408 000920
[host_monotonic_s=144298.971523] 000409 000834
[host_monotonic_s=144298.971524] 000410 000817
[host_monotonic_s=144298.971526] 000411 000809
[host_monotonic_s=144298.974698] 000412 000815
[host_monotonic_s=144298.979672] 000413 000798
[host_monotonic_s=144298.982040] 000414 000775
[host_monotonic_s=144298.984383] 000415 000775
[host_monotonic_s=144298.986625] 000416 000746
[host_monotonic_s=144298.988902] 000417 000692
[host_monotonic_s=144298.991287] 000418 000736
[host_monotonic_s=144298.993591] 000419 000777
[host_monotonic_s=144298.995875] 000420 000781
[host_monotonic_s=144298.998186] 000421 000792
[host_monotonic_s=144299.000620] 000422 000768
[host_monotonic_s=144299.002904] 000423 000748
[host_monotonic_s=144299.005217] 000424 000831
[host_monotonic_s=144299.007501] 000425 000823
[host_monotonic_s=144299.010068] 000426 000831
[host_monotonic_s=144299.012424] 000427 000801
[host_monotonic_s=144299.014774] 000428 000836
[host_monotonic_s=144299.017108] 000429 000899
[host_monotonic_s=144299.019667] 000430 000949
[host_monotonic_s=144304.546624] 000431 000995
[host_monotonic_s=144304.546637] 000432 001055
[host_monotonic_s=144304.546639] 000433 001060
[host_monotonic_s=144304.546641] 000434 001098
[host_monotonic_s=144304.546643] 000435 001174
[host_monotonic_s=144304.546645] 000436 001191
[host_monotonic_s=144304.546646] 000437 001336
[host_monotonic_s=144304.546648] 000438 001363
[host_monotonic_s=144304.546650] 000439 001377
[host_monotonic_s=144304.546652] 000440 001539
[host_monotonic_s=144304.546653] 000441 001604
[host_monotonic_s=144304.546655] 000442 001799
[host_monotonic_s=144304.546656] 000443 001778
[host_monotonic_s=144304.546658] 000444 001897
[host_monotonic_s=144304.546659] 000445 002014
[host_monotonic_s=144304.546660] 000446 002329
[host_monotonic_s=144304.546662] 000447 002463
[host_monotonic_s=144304.546663] 000448 002903
[host_monotonic_s=144304.551185] 000449 003026
[host_monotonic_s=144304.555484] 000450 003657
[host_monotonic_s=144304.557763] 000451 003993
[host_monotonic_s=144304.560358] 000452 004485
[host_monotonic_s=144304.562641] 000453 004946
[host_monotonic_s=144304.564921] 000454 005548
[host_monotonic_s=144304.567240] 000455 006290
[host_monotonic_s=144304.569593] 000456 007003
[host_monotonic_s=144304.571925] 000457 007764
[host_monotonic_s=144304.574311] 000458 008511
[host_monotonic_s=144304.576599] 000459 008860
[host_monotonic_s=144304.578894] 000460 009803
[host_monotonic_s=144304.581500] 000461 010103
[host_monotonic_s=144304.583844] 000462 010188
[host_monotonic_s=144304.586145] 000463 010211
[host_monotonic_s=144304.588447] 000464 010739
[host_monotonic_s=144304.591073] 000465 010606
[host_monotonic_s=144304.593488] 000466 010693
[host_monotonic_s=144304.595933] 000467 010585
[host_monotonic_s=144304.598334] 000468 010763
[host_monotonic_s=144304.601057] 000469 010625
[host_monotonic_s=144304.603505] 000470 010458
[host_monotonic_s=144304.605922] 000471 010190
[host_monotonic_s=144304.608300] 000472 010428
[host_monotonic_s=144304.610772] 000473 009997
[host_monotonic_s=144304.613160] 000474 009938
[host_monotonic_s=144304.615452] 000475 009783
[host_monotonic_s=144304.617792] 000476 009928
[host_monotonic_s=144304.620206] 000477 009627
[host_monotonic_s=144304.622577] 000478 009816
[host_monotonic_s=144304.624976] 000479 009670
[host_monotonic_s=144304.627393] 000480 009603
[host_monotonic_s=144304.629867] 000481 009523
[host_monotonic_s=144304.632282] 000482 009517
[host_monotonic_s=144304.634803] 000483 009206
[host_monotonic_s=144304.637253] 000484 009161
[host_monotonic_s=144304.639756] 000485 008831
[host_monotonic_s=144304.642223] 000486 009147
[host_monotonic_s=144304.644625] 000487 008889
[host_monotonic_s=144304.647084] 000488 009033
[host_monotonic_s=144304.649891] 000489 008921
[host_monotonic_s=144304.652351] 000490 009348
[host_monotonic_s=144304.654808] 000491 009351
[host_monotonic_s=144304.657241] 000492 009881
[host_monotonic_s=144304.659936] 000493 010422
[host_monotonic_s=144304.662447] 000494 011048
[host_monotonic_s=144304.664875] 000495 011135
[host_monotonic_s=144304.667310] 000496 011628
[host_monotonic_s=144304.670065] 000497 011528
[host_monotonic_s=144304.672531] 000498 012330
[host_monotonic_s=144304.674950] 000499 012129
[host_monotonic_s=144304.677350] 000500 012650
[host_monotonic_s=144304.680069] 000501 012466
[host_monotonic_s=144304.682578] 000502 012894
[host_monotonic_s=144304.685027] 000503 012514
[host_monotonic_s=144304.687387] 000504 012441
[host_monotonic_s=144304.689872] 000505 012347
[host_monotonic_s=144304.692264] 000506 012734
[host_monotonic_s=144304.694671] 000507 012509
[host_monotonic_s=144304.697078] 000508 012603
[host_monotonic_s=144304.699550] 000509 012161
[host_monotonic_s=144304.701979] 000510 012532
[host_monotonic_s=144304.704551] 000511 012136
[host_monotonic_s=144304.707009] 000512 012436
[host_monotonic_s=144304.709556] 000513 012015
[host_monotonic_s=144304.712043] 000514 012618
[host_monotonic_s=144304.714555] 000515 012506
[host_monotonic_s=144304.717074] 000516 012571
[host_monotonic_s=144304.719578] 000517 012729
[host_monotonic_s=144304.722011] 000518 013006
[host_monotonic_s=144304.724393] 000519 012791
[host_monotonic_s=144304.726808] 000520 013205
[host_monotonic_s=144304.729291] 000521 012904
[host_monotonic_s=144304.731828] 000522 013416
[host_monotonic_s=144304.734272] 000523 013112
[host_monotonic_s=144304.736670] 000524 013035
[host_monotonic_s=144304.739136] 000525 012635
[host_monotonic_s=144304.741677] 000526 012904
[host_monotonic_s=144304.744139] 000527 012742
[host_monotonic_s=144304.746626] 000528 012648
[host_monotonic_s=144304.749093] 000529 012552
[host_monotonic_s=144304.751971] 000530 012870
[host_monotonic_s=144304.754413] 000531 012905
[host_monotonic_s=144304.756840] 000532 013221
[host_monotonic_s=144304.759336] 000533 013113
[host_monotonic_s=144304.761812] 000534 013554
[host_monotonic_s=144304.764259] 000535 013454
[host_monotonic_s=144304.766707] 000536 013856
[host_monotonic_s=144304.769192] 000537 013447
[host_monotonic_s=144304.771968] 000538 013886
[host_monotonic_s=144304.774450] 000539 013555
[host_monotonic_s=144304.776872] 000540 013464
[host_monotonic_s=144304.779398] 000541 013326
[host_monotonic_s=144304.781867] 000542 013150
[host_monotonic_s=144304.784330] 000543 012997
[host_monotonic_s=144304.786763] 000544 012706
[host_monotonic_s=144304.789314] 000545 012029
[host_monotonic_s=144304.791786] 000546 011959
[host_monotonic_s=144304.794284] 000547 011441
[host_monotonic_s=144305.097042] 000548 011312
[host_monotonic_s=144305.097055] 000549 010973
[host_monotonic_s=144305.097058] 000550 010604
[host_monotonic_s=144305.097060] 000551 010165
[host_monotonic_s=144305.097062] 000552 009910
[host_monotonic_s=144305.097065] 000553 009327
[host_monotonic_s=144305.097066] 000554 008952
[host_monotonic_s=144305.097068] 000555 008725
[host_monotonic_s=144305.097070] 000556 008591
[host_monotonic_s=144305.097072] 000557 008235
[host_monotonic_s=144305.097074] 000558 008215
[host_monotonic_s=144305.097076] 000559 008210
[host_monotonic_s=144305.097077] 000560 008517
[host_monotonic_s=144305.097079] 000561 008659
[host_monotonic_s=144305.097081] 000562 009177
[host_monotonic_s=144305.097083] 000563 009734
[host_monotonic_s=144305.097084] 000564 010224
[host_monotonic_s=144305.097086] 000565 010609
[host_monotonic_s=144305.097088] 000566 011245
[host_monotonic_s=144305.104156] 000567 011572
[host_monotonic_s=144305.106856] 000568 012236
[host_monotonic_s=144305.109121] 000569 012245
[host_monotonic_s=144305.111679] 000570 012363
[host_monotonic_s=144305.113987] 000571 012282
[host_monotonic_s=144305.116269] 000572 012435
[host_monotonic_s=144305.118580] 000573 012117
[host_monotonic_s=144305.121196] 000574 012478
[host_monotonic_s=144305.123495] 000575 011969
[host_monotonic_s=144305.125783] 000576 012052
[host_monotonic_s=144305.128071] 000577 012186
[host_monotonic_s=144305.130499] 000578 012176
[host_monotonic_s=144305.132801] 000579 011981
[host_monotonic_s=144305.135127] 000580 012532
[host_monotonic_s=144305.137416] 000581 012127
[host_monotonic_s=144305.139781] 000582 012138
[host_monotonic_s=144305.142113] 000583 011698
[host_monotonic_s=144305.144404] 000584 011684
[host_monotonic_s=144305.146765] 000585 011433
[host_monotonic_s=144305.149342] 000586 011110
[host_monotonic_s=144305.151705] 000587 010754
[host_monotonic_s=144305.154072] 000588 010710
[host_monotonic_s=144305.156597] 000589 010369
[host_monotonic_s=144305.158964] 000590 010331
[host_monotonic_s=144305.161657] 000591 009818
[host_monotonic_s=144305.164063] 000592 009665
[host_monotonic_s=144305.166454] 000593 009335
[host_monotonic_s=144305.168838] 000594 009792
[host_monotonic_s=144305.171347] 000595 009345
[host_monotonic_s=144305.173727] 000596 009023
[host_monotonic_s=144305.176274] 000597 009072
[host_monotonic_s=144305.178700] 000598 009366
[host_monotonic_s=144305.181215] 000599 008621
[host_monotonic_s=144305.183624] 000600 008931
[host_monotonic_s=144305.186112] 000601 008687
[host_monotonic_s=144305.188511] 000602 009183
[host_monotonic_s=144305.191024] 000603 008915
[host_monotonic_s=144305.193478] 000604 008963
[host_monotonic_s=144305.195921] 000605 008855
[host_monotonic_s=144305.198347] 000606 008958
[host_monotonic_s=144305.200966] 000607 008895
[host_monotonic_s=144305.203437] 000608 008888
[host_monotonic_s=144305.205875] 000609 008671
[host_monotonic_s=144305.208346] 000610 008803
[host_monotonic_s=144305.210832] 000611 008620
[host_monotonic_s=144305.213300] 000612 008439
[host_monotonic_s=144305.215717] 000613 008621
[host_monotonic_s=144305.218173] 000614 008681
[host_monotonic_s=144305.220887] 000615 008574
[host_monotonic_s=144305.223285] 000616 008561
[host_monotonic_s=144305.225713] 000617 008452
[host_monotonic_s=144305.228143] 000618 008446
[host_monotonic_s=144305.230669] 000619 008048
[host_monotonic_s=144305.233162] 000620 008083
[host_monotonic_s=144305.235558] 000621 007683
[host_monotonic_s=144305.237997] 000622 007506
[host_monotonic_s=144305.240533] 000623 007235
[host_monotonic_s=144305.242941] 000624 007422
[host_monotonic_s=144305.245361] 000625 007173
[host_monotonic_s=144305.247761] 000626 006727
[host_monotonic_s=144305.250495] 000627 006785
[host_monotonic_s=144305.252967] 000628 007178
[host_monotonic_s=144305.255369] 000629 006903
[host_monotonic_s=144305.257798] 000630 006961
[host_monotonic_s=144305.260519] 000631 006851
[host_monotonic_s=144305.262958] 000632 007121
[host_monotonic_s=144305.265435] 000633 006889
[host_monotonic_s=144305.267886] 000634 007128
[host_monotonic_s=144305.270619] 000635 006878
[host_monotonic_s=144305.273039] 000636 007024
[host_monotonic_s=144305.275485] 000637 006664
[host_monotonic_s=144305.277952] 000638 006857
[host_monotonic_s=144305.280484] 000639 006571
[host_monotonic_s=144305.282937] 000640 006498
[host_monotonic_s=144305.285445] 000641 006378
[host_monotonic_s=144305.287931] 000642 006392
[host_monotonic_s=144305.290630] 000643 006231
[host_monotonic_s=144305.293134] 000644 006221
[host_monotonic_s=144305.295622] 000645 006011
[host_monotonic_s=144305.298049] 000646 005895
[host_monotonic_s=144305.300781] 000647 005900
[host_monotonic_s=144305.303270] 000648 006007
[host_monotonic_s=144305.305755] 000649 006021
[host_monotonic_s=144305.308211] 000650 006228
[host_monotonic_s=144305.310806] 000651 006154
[host_monotonic_s=144305.313303] 000652 006399
[host_monotonic_s=144305.315804] 000653 006576
[host_monotonic_s=144305.318281] 000654 006713
[host_monotonic_s=144305.320844] 000655 006793
[host_monotonic_s=144305.323190] 000656 007209
[host_monotonic_s=144305.325504] 000657 007233
[host_monotonic_s=144305.327907] 000658 007515
[host_monotonic_s=144305.330774] 000659 007655
[host_monotonic_s=144305.333160] 000660 007834
[host_monotonic_s=144305.335605] 000661 007836
[host_monotonic_s=144305.338056] 000662 008021
[host_monotonic_s=144305.340769] 000663 007688
[host_monotonic_s=144305.343228] 000664 007485
[host_monotonic_s=144305.345718] 000665 007242
[host_monotonic_s=144305.647338] 000666 007009
[host_monotonic_s=144305.647351] 000667 006708
[host_monotonic_s=144305.647354] 000668 006444
[host_monotonic_s=144305.647357] 000669 006278
[host_monotonic_s=144305.647358] 000670 006053
[host_monotonic_s=144305.647360] 000671 005860
[host_monotonic_s=144305.647363] 000672 005568
[host_monotonic_s=144305.647364] 000673 005556
[host_monotonic_s=144305.647366] 000674 005463
[host_monotonic_s=144305.647367] 000675 005303
[host_monotonic_s=144305.647369] 000676 005157
[host_monotonic_s=144305.647371] 000677 004998
[host_monotonic_s=144305.647373] 000678 005018
[host_monotonic_s=144305.647374] 000679 004715
[host_monotonic_s=144305.647376] 000680 004632
[host_monotonic_s=144305.647377] 000681 004434
[host_monotonic_s=144305.647378] 000682 004354
[host_monotonic_s=144305.647380] 000683 004169
[host_monotonic_s=144305.647382] 000684 004092
[host_monotonic_s=144305.654447] 000685 003878
[host_monotonic_s=144305.656674] 000686 003832
[host_monotonic_s=144305.658950] 000687 003773
[host_monotonic_s=144305.661329] 000688 003623
[host_monotonic_s=144305.663611] 000689 003588
[host_monotonic_s=144305.665894] 000690 003609
[host_monotonic_s=144305.668250] 000691 003347
[host_monotonic_s=144305.670694] 000692 003445
[host_monotonic_s=144305.673074] 000693 003161
[host_monotonic_s=144305.675387] 000694 003184
[host_monotonic_s=144305.677673] 000695 003148
[host_monotonic_s=144305.680283] 000696 003144
[host_monotonic_s=144305.682671] 000697 002975
[host_monotonic_s=144305.685092] 000698 002966
[host_monotonic_s=144305.687627] 000699 002819
[host_monotonic_s=144305.690151] 000700 002868
[host_monotonic_s=144305.692614] 000701 002777
[host_monotonic_s=144305.695041] 000702 002771
[host_monotonic_s=144305.697523] 000703 002647
[host_monotonic_s=144311.230747] 000704 002670
[host_monotonic_s=144311.230761] 000705 002556
[host_monotonic_s=144311.230764] 000706 002688
[host_monotonic_s=144311.230766] 000707 002522
[host_monotonic_s=144311.230768] 000708 002493
[host_monotonic_s=144311.230770] 000709 002521
[host_monotonic_s=144311.230772] 000710 002505
[host_monotonic_s=144311.230774] 000711 002473
[host_monotonic_s=144311.230775] 000712 002544
[host_monotonic_s=144311.230777] 000713 002488
[host_monotonic_s=144311.230778] 000714 002431
[host_monotonic_s=144311.230780] 000715 002560
[host_monotonic_s=144311.230782] 000716 002547
[host_monotonic_s=144311.230783] 000717 002582
[host_monotonic_s=144311.230785] 000718 002597
[host_monotonic_s=144311.230786] 000719 002423
[host_monotonic_s=144311.230787] 000720 002551
[host_monotonic_s=144311.230789] 000721 002421
[host_monotonic_s=144311.234259] 000722 002684
[host_monotonic_s=144311.240744] 000723 002633
[host_monotonic_s=144311.244050] 000724 002571
[host_monotonic_s=144311.246352] 000725 002662
[host_monotonic_s=144311.248622] 000726 002753
[host_monotonic_s=144311.251027] 000727 002732
[host_monotonic_s=144311.253358] 000728 002762
[host_monotonic_s=144311.255649] 000729 002807
[host_monotonic_s=144311.257945] 000730 002886
[host_monotonic_s=144311.260309] 000731 002758
[host_monotonic_s=144311.262595] 000732 002924
[host_monotonic_s=144311.264897] 000733 002902
[host_monotonic_s=144311.267255] 000734 003091
[host_monotonic_s=144311.269820] 000735 003084
[host_monotonic_s=144311.272199] 000736 003079
[host_monotonic_s=144311.274505] 000737 003176
[host_monotonic_s=144311.276819] 000738 003382
[host_monotonic_s=144311.279103] 000739 003255
[host_monotonic_s=144311.281504] 000740 003568
[host_monotonic_s=144311.283797] 000741 003533
[host_monotonic_s=144311.286202] 000742 003457
[host_monotonic_s=144311.288474] 000743 003361
[host_monotonic_s=144311.290898] 000744 003347
[host_monotonic_s=144311.293280] 000745 003297
[host_monotonic_s=144311.295662] 000746 003167
[host_monotonic_s=144311.297981] 000747 003014
[host_monotonic_s=144311.300569] 000748 003008
[host_monotonic_s=144311.302914] 000749 002931
[host_monotonic_s=144311.305284] 000750 002956
[host_monotonic_s=144311.307685] 000751 002810
[host_monotonic_s=144311.310405] 000752 002754
[host_monotonic_s=144311.312915] 000753 002569
[host_monotonic_s=144311.315307] 000754 002495
[host_monotonic_s=144311.317722] 000755 002477
[host_monotonic_s=144311.320412] 000756 002334
[host_monotonic_s=144311.322849] 000757 002229
[host_monotonic_s=144311.325281] 000758 002152
[host_monotonic_s=144311.327695] 000759 002160
[host_monotonic_s=144311.330459] 000760 002080
[host_monotonic_s=144311.333034] 000761 002122
[host_monotonic_s=144311.335504] 000762 002125
[host_monotonic_s=144311.337943] 000763 002037
[host_monotonic_s=144311.340632] 000764 002097
[host_monotonic_s=144311.343059] 000765 002074
[host_monotonic_s=144311.345480] 000766 002099
[host_monotonic_s=144311.347959] 000767 002150
[host_monotonic_s=144311.350707] 000768 002232
[host_monotonic_s=144311.353147] 000769 002233
[host_monotonic_s=144311.355522] 000770 002279
[host_monotonic_s=144311.357918] 000771 002318
[host_monotonic_s=144311.360470] 000772 002347
[host_monotonic_s=144311.362905] 000773 002321
[host_monotonic_s=144311.365360] 000774 002435
[host_monotonic_s=144311.367805] 000775 002416
[host_monotonic_s=144311.370284] 000776 002591
[host_monotonic_s=144311.372682] 000777 002555
[host_monotonic_s=144311.375125] 000778 002664
[host_monotonic_s=144311.377541] 000779 002674
[host_monotonic_s=144311.380259] 000780 002684
[host_monotonic_s=144311.382730] 000781 002721
[host_monotonic_s=144311.385181] 000782 002697
[host_monotonic_s=144311.387630] 000783 002642
[host_monotonic_s=144311.390186] 000784 002713
[host_monotonic_s=144311.392620] 000785 002635
[host_monotonic_s=144311.395069] 000786 002516
[host_monotonic_s=144311.397486] 000787 002665
[host_monotonic_s=144311.400013] 000788 002707
[host_monotonic_s=144311.402455] 000789 002757
[host_monotonic_s=144311.404874] 000790 002671
[host_monotonic_s=144311.407324] 000791 002598
[host_monotonic_s=144311.409800] 000792 002685
[host_monotonic_s=144311.412241] 000793 002668
[host_monotonic_s=144311.414715] 000794 002626
[host_monotonic_s=144311.417136] 000795 002663
[host_monotonic_s=144311.419656] 000796 002730
[host_monotonic_s=144311.422129] 000797 002797
[host_monotonic_s=144311.424533] 000798 002817
[host_monotonic_s=144311.426959] 000799 002828
[host_monotonic_s=144311.429738] 000800 002904
[host_monotonic_s=144311.432215] 000801 002952
[host_monotonic_s=144311.434699] 000802 003116
[host_monotonic_s=144311.437118] 000803 003110
[host_monotonic_s=144311.439988] 000804 003322
[host_monotonic_s=144311.442446] 000805 003380
[host_monotonic_s=144311.444874] 000806 003496
[host_monotonic_s=144311.447321] 000807 003575
[host_monotonic_s=144311.449837] 000808 003688
[host_monotonic_s=144311.452329] 000809 003776
[host_monotonic_s=144311.454761] 000810 003832
[host_monotonic_s=144311.457196] 000811 003972
[host_monotonic_s=144311.459879] 000812 004124
[host_monotonic_s=144311.462398] 000813 004067
[host_monotonic_s=144311.464862] 000814 004394
[host_monotonic_s=144311.467278] 000815 004280
[host_monotonic_s=144311.469848] 000816 004518
[host_monotonic_s=144311.472506] 000817 004399
[host_monotonic_s=144311.474971] 000818 004504
[host_monotonic_s=144311.477488] 000819 004609
[host_monotonic_s=144311.479995] 000820 004605
[host_monotonic_s=144311.780942] 000821 004535
[host_monotonic_s=144311.780956] 000822 004684
[host_monotonic_s=144311.780959] 000823 004545
[host_monotonic_s=144311.780962] 000824 004685
[host_monotonic_s=144311.780964] 000825 004439
[host_monotonic_s=144311.780966] 000826 004637
[host_monotonic_s=144311.780968] 000827 004482
[host_monotonic_s=144311.780969] 000828 004505
[host_monotonic_s=144311.780971] 000829 004366
[host_monotonic_s=144311.780973] 000830 004434
[host_monotonic_s=144311.780975] 000831 004219
[host_monotonic_s=144311.780977] 000832 004186
[host_monotonic_s=144311.780978] 000833 004045
[host_monotonic_s=144311.780980] 000834 004240
[host_monotonic_s=144311.780982] 000835 004078
[host_monotonic_s=144311.780983] 000836 004065
[host_monotonic_s=144311.780985] 000837 003941
[host_monotonic_s=144311.780987] 000838 003964
[host_monotonic_s=144311.784780] 000839 003921
[host_monotonic_s=144311.788618] 000840 003967
[host_monotonic_s=144311.791046] 000841 003982
[host_monotonic_s=144311.793253] 000842 003919
[host_monotonic_s=144311.795639] 000843 003872
[host_monotonic_s=144311.797786] 000844 004033
[host_monotonic_s=144311.800300] 000845 003945
[host_monotonic_s=144311.802449] 000846 004116
[host_monotonic_s=144311.804616] 000847 003968
[host_monotonic_s=144311.806833] 000848 004114
[host_monotonic_s=144311.809618] 000849 004017
[host_monotonic_s=144311.811855] 000850 004174
[host_monotonic_s=144311.814165] 000851 004091
[host_monotonic_s=144311.816452] 000852 004062
[host_monotonic_s=144311.818748] 000853 003866
[host_monotonic_s=144311.821385] 000854 003974
[host_monotonic_s=144311.823689] 000855 003922
[host_monotonic_s=144311.826004] 000856 003944
[host_monotonic_s=144311.828320] 000857 003819
[host_monotonic_s=144311.831677] 000858 003866
[host_monotonic_s=144311.833945] 000859 003707
[host_monotonic_s=144311.836349] 000860 003824
[host_monotonic_s=144311.838726] 000861 003624
[host_monotonic_s=144311.841399] 000862 003668
[host_monotonic_s=144311.843794] 000863 003545
[host_monotonic_s=144311.846147] 000864 003507
[host_monotonic_s=144311.848444] 000865 003366
[host_monotonic_s=144311.851143] 000866 003311
[host_monotonic_s=144311.853366] 000867 003337
[host_monotonic_s=144311.855713] 000868 003231
[host_monotonic_s=144311.858013] 000869 003044
[host_monotonic_s=144311.860436] 000870 003210
[host_monotonic_s=144311.862742] 000871 002980
[host_monotonic_s=144311.865049] 000872 003013
[host_monotonic_s=144311.867369] 000873 002759
[host_monotonic_s=144311.869720] 000874 002713
[host_monotonic_s=144311.872058] 000875 002623
[host_monotonic_s=144311.874415] 000876 002659
[host_monotonic_s=144311.876717] 000877 002489
[host_monotonic_s=144311.879212] 000878 002365
[host_monotonic_s=144311.881752] 000879 002320
[host_monotonic_s=144311.884160] 000880 002254
[host_monotonic_s=144311.886598] 000881 002138
[host_monotonic_s=144311.889010] 000882 002129
[host_monotonic_s=144311.891535] 000883 001930
[host_monotonic_s=144311.893952] 000884 001909
[host_monotonic_s=144311.896392] 000885 001906
[host_monotonic_s=144311.898821] 000886 001785
[host_monotonic_s=144311.901394] 000887 001762
[host_monotonic_s=144311.903803] 000888 001706
[host_monotonic_s=144311.906235] 000889 001676
[host_monotonic_s=144311.908656] 000890 001792
[host_monotonic_s=144311.911355] 000891 001609
[host_monotonic_s=144311.913726] 000892 001602
[host_monotonic_s=144311.916157] 000893 001568
[host_monotonic_s=144311.918555] 000894 001603
[host_monotonic_s=144311.921067] 000895 001481
[host_monotonic_s=144311.923522] 000896 001469
[host_monotonic_s=144311.925892] 000897 001538
[host_monotonic_s=144311.928301] 000898 001605
[host_monotonic_s=144311.930779] 000899 001551
[host_monotonic_s=144311.933223] 000900 001591
[host_monotonic_s=144311.935646] 000901 001574
[host_monotonic_s=144311.938126] 000902 001608
[host_monotonic_s=144311.940619] 000903 001627
[host_monotonic_s=144311.943095] 000904 001713
[host_monotonic_s=144311.945503] 000905 001687
[host_monotonic_s=144311.947945] 000906 001745
[host_monotonic_s=144311.950520] 000907 001698
[host_monotonic_s=144311.952938] 000908 001862
[host_monotonic_s=144311.955328] 000909 001835
[host_monotonic_s=144311.957779] 000910 001907
[host_monotonic_s=144311.960283] 000911 001909
[host_monotonic_s=144311.962713] 000912 001997
[host_monotonic_s=144311.965155] 000913 002121
[host_monotonic_s=144311.967675] 000914 002019
[host_monotonic_s=144311.970216] 000915 002216
[host_monotonic_s=144311.972596] 000916 002260
[host_monotonic_s=144311.974949] 000917 002229
[host_monotonic_s=144311.977346] 000918 002297
[host_monotonic_s=144311.979930] 000919 002254
[host_monotonic_s=144311.982404] 000920 002345
[host_monotonic_s=144311.984886] 000921 002248
[host_monotonic_s=144311.987290] 000922 002518
[host_monotonic_s=144311.989777] 000923 002268
[host_monotonic_s=144311.992212] 000924 002452
[host_monotonic_s=144311.994659] 000925 002398
[host_monotonic_s=144311.997077] 000926 002402
[host_monotonic_s=144311.999591] 000927 002444
[host_monotonic_s=144312.002003] 000928 002429
[host_monotonic_s=144312.004464] 000929 002304
[host_monotonic_s=144312.006912] 000930 002480
[host_monotonic_s=144312.009728] 000931 002401
[host_monotonic_s=144312.012184] 000932 002428
[host_monotonic_s=144312.014620] 000933 002364
[host_monotonic_s=144312.017189] 000934 002432
[host_monotonic_s=144312.019747] 000935 002340
[host_monotonic_s=144312.022189] 000936 002422
[host_monotonic_s=144312.024590] 000937 002291
[host_monotonic_s=144312.026994] 000938 002433
[host_monotonic_s=144312.029479] 000939 002405
[host_monotonic_s=144312.331123] 000940 002476
[host_monotonic_s=144312.331138] 000941 002441
[host_monotonic_s=144312.331140] 000942 002342
[host_monotonic_s=144312.331143] 000943 002414
[host_monotonic_s=144312.331145] 000944 002434
[host_monotonic_s=144312.331146] 000945 002377
[host_monotonic_s=144312.331148] 000946 002401
[host_monotonic_s=144312.331150] 000947 002342
[host_monotonic_s=144312.331152] 000948 002353
[host_monotonic_s=144312.331153] 000949 002274
[host_monotonic_s=144312.331155] 000950 002390
[host_monotonic_s=144312.331157] 000951 002259
[host_monotonic_s=144312.331159] 000952 002306
[host_monotonic_s=144312.331160] 000953 002314
[host_monotonic_s=144312.331162] 000954 002262
[host_monotonic_s=144312.331164] 000955 002255
[host_monotonic_s=144312.331165] 000956 002269
[host_monotonic_s=144312.331167] 000957 002244
[host_monotonic_s=144312.331169] 000958 002260
[host_monotonic_s=144312.339018] 000959 002176
[host_monotonic_s=144312.341389] 000960 002322
[host_monotonic_s=144312.343676] 000961 002060
[host_monotonic_s=144312.345997] 000962 002201
[host_monotonic_s=144312.348300] 000963 002090
[host_monotonic_s=144312.350731] 000964 002098
[host_monotonic_s=144312.353115] 000965 001927
[host_monotonic_s=144312.355395] 000966 001893
[host_monotonic_s=144312.357694] 000967 001894
[host_monotonic_s=144312.360087] 000968 001906
[host_monotonic_s=144312.362413] 000969 001812
[host_monotonic_s=144312.364723] 000970 001849
[host_monotonic_s=144312.366988] 000971 001731
[host_monotonic_s=144312.369442] 000972 001770
[host_monotonic_s=144312.371819] 000973 001708
[host_monotonic_s=144312.374085] 000974 001712
[host_monotonic_s=144312.376393] 000975 001710
[host_monotonic_s=144312.378702] 000976 001672
[host_monotonic_s=144317.926645] 000977 001606
[host_monotonic_s=144317.926659] 000978 001568
[host_monotonic_s=144317.926662] 000979 001481
[host_monotonic_s=144317.926665] 000980 001517
[host_monotonic_s=144317.926667] 000981 001494
[host_monotonic_s=144317.926669] 000982 001423
[host_monotonic_s=144317.926671] 000983 001387
[host_monotonic_s=144317.926673] 000984 001408
[host_monotonic_s=144317.926674] 000985 001332
[host_monotonic_s=144317.926676] 000986 001299
[host_monotonic_s=144317.926678] 000987 001283
[host_monotonic_s=144317.926680] 000988 001255
[host_monotonic_s=144317.926682] 000989 001172
[host_monotonic_s=144317.926683] 000990 001144
[host_monotonic_s=144317.926685] 000991 001130
[host_monotonic_s=144317.926686] 000992 001122
[host_monotonic_s=144317.926688] 000993 001016
[host_monotonic_s=144317.926690] 000994 001021
[host_monotonic_s=144317.930314] 000995 000974
[host_monotonic_s=144317.934381] 000996 000901
[host_monotonic_s=144317.936683] 000997 000905
[host_monotonic_s=144317.938975] 000998 000889
[host_monotonic_s=144317.941392] 000999 000848
[host_monotonic_s=144317.943686] 001000 000762
[host_monotonic_s=144317.946003] 001001 000790
[host_monotonic_s=144317.948303] 001002 000755
[host_monotonic_s=144317.950765] 001003 000713
[host_monotonic_s=144317.953093] 001004 000675
[host_monotonic_s=144317.955379] 001005 000619
[host_monotonic_s=144317.957671] 001006 000563
[host_monotonic_s=144317.960036] 001007 000558
[host_monotonic_s=144317.962406] 001008 000589
[host_monotonic_s=144317.964775] 001009 000520
[host_monotonic_s=144317.967151] 001010 000533
[host_monotonic_s=144317.969926] 001011 000483
[host_monotonic_s=144317.972341] 001012 000508
[host_monotonic_s=144317.974696] 001013 000439
[host_monotonic_s=144317.977043] 001014 000428
[host_monotonic_s=144317.979500] 001015 000414
[host_monotonic_s=144317.981946] 001016 000417
[host_monotonic_s=144317.984336] 001017 000408
[host_monotonic_s=144317.986738] 001018 000429
[host_monotonic_s=144317.989101] 001019 000352
[host_monotonic_s=144317.991573] 001020 000355
[host_monotonic_s=144317.993920] 001021 000308
[host_monotonic_s=144317.996279] 001022 000336
[host_monotonic_s=144317.998603] 001023 000305
[host_monotonic_s=144318.001076] 001024 000314
[host_monotonic_s=144318.003421] 001025 000318
[host_monotonic_s=144318.005731] 001026 000325
[host_monotonic_s=144318.008054] 001027 000308
[host_monotonic_s=144318.010814] 001028 000300
[host_monotonic_s=144318.013124] 001029 000287
[host_monotonic_s=144318.015526] 001030 000291
[host_monotonic_s=144318.017927] 001031 000310
[host_monotonic_s=144318.020877] 001032 000296
[host_monotonic_s=144318.023319] 001033 000296
[host_monotonic_s=144318.025760] 001034 000297
[host_monotonic_s=144318.028779] 001035 000306
[host_monotonic_s=144318.031352] 001036 000296
[host_monotonic_s=144318.033723] 001037 000297
[host_monotonic_s=144318.036241] 001038 000342
[host_monotonic_s=144318.038614] 001039 000323
[host_monotonic_s=144318.041155] 001040 000345
[host_monotonic_s=144318.043569] 001041 000338
[host_monotonic_s=144318.045974] 001042 000367
[host_monotonic_s=144318.048415] 001043 000364
[host_monotonic_s=144318.051230] 001044 000384
[host_monotonic_s=144318.053543] 001045 000376
[host_monotonic_s=144318.055879] 001046 000370
[host_monotonic_s=144318.058260] 001047 000374
[host_monotonic_s=144318.061144] 001048 000396
[host_monotonic_s=144318.063429] 001049 000382
[host_monotonic_s=144318.065785] 001050 000407
[host_monotonic_s=144318.068139] 001051 000421
[host_monotonic_s=144318.070578] 001052 000369
[host_monotonic_s=144318.072939] 001053 000361
[host_monotonic_s=144318.075320] 001054 000394
[host_monotonic_s=144318.077620] 001055 000383
[host_monotonic_s=144318.080030] 001056 000382
[host_monotonic_s=144318.082482] 001057 000404
[host_monotonic_s=144318.084937] 001058 000390
[host_monotonic_s=144318.087308] 001059 000383
[host_monotonic_s=144318.090150] 001060 000378
[host_monotonic_s=144318.092592] 001061 000388
[host_monotonic_s=144318.095106] 001062 000426
[host_monotonic_s=144318.097494] 001063 000368
[host_monotonic_s=144318.099969] 001064 000406
[host_monotonic_s=144318.102487] 001065 000434
[host_monotonic_s=144318.104882] 001066 000401
[host_monotonic_s=144318.107283] 001067 000367
[host_monotonic_s=144318.109823] 001068 000391
[host_monotonic_s=144318.112295] 001069 000393
[host_monotonic_s=144318.114765] 001070 000404
[host_monotonic_s=144318.117192] 001071 000396
[host_monotonic_s=144318.119631] 001072 000391
[host_monotonic_s=144318.122132] 001073 000371
[host_monotonic_s=144318.124577] 001074 000337
[host_monotonic_s=144318.127008] 001075 000302
[host_monotonic_s=144318.130094] 001076 000331
[host_monotonic_s=144318.132612] 001077 000354
[host_monotonic_s=144318.135026] 001078 000316
[host_monotonic_s=144318.137421] 001079 000347
[host_monotonic_s=144318.140302] 001080 000340
[host_monotonic_s=144318.142763] 001081 000319
[host_monotonic_s=144318.145201] 001082 000301
[host_monotonic_s=144318.147691] 001083 000288
[host_monotonic_s=144318.150338] 001084 000283
[host_monotonic_s=144318.152917] 001085 000273
[host_monotonic_s=144318.155487] 001086 000302
[host_monotonic_s=144318.157965] 001087 000279
[host_monotonic_s=144318.161016] 001088 000272
[host_monotonic_s=144318.163476] 001089 000235
[host_monotonic_s=144318.165860] 001090 000248
[host_monotonic_s=144318.168202] 001091 000237
[host_monotonic_s=144318.170737] 001092 000250
[host_monotonic_s=144318.173163] 001093 000207
[host_monotonic_s=144318.175529] 001094 000221
[host_monotonic_s=144318.476860] 001095 000215
[host_monotonic_s=144318.476873] 001096 000221
[host_monotonic_s=144318.476876] 001097 000212
[host_monotonic_s=144318.476878] 001098 000200
[host_monotonic_s=144318.476880] 001099 000193
[host_monotonic_s=144318.476882] 001100 000171
[host_monotonic_s=144318.476884] 001101 000188
[host_monotonic_s=144318.476886] 001102 000207
[host_monotonic_s=144318.476887] 001103 000168
[host_monotonic_s=144318.476889] 001104 000165
[host_monotonic_s=144318.476891] 001105 000199
[host_monotonic_s=144318.476892] 001106 000202
[host_monotonic_s=144318.476894] 001107 000168
[host_monotonic_s=144318.476895] 001108 000176
[host_monotonic_s=144318.476897] 001109 000187
[host_monotonic_s=144318.476898] 001110 000169
[host_monotonic_s=144318.476900] 001111 000166
[host_monotonic_s=144318.476901] 001112 000161
[host_monotonic_s=144318.479758] 001113 000176
[host_monotonic_s=144318.485413] 001114 000150
[host_monotonic_s=144318.487625] 001115 000162
[host_monotonic_s=144318.490590] 001116 000144
[host_monotonic_s=144318.492866] 001117 000151
[host_monotonic_s=144318.495146] 001118 000161
[host_monotonic_s=144318.497419] 001119 000130
[host_monotonic_s=144318.499818] 001120 000139
[host_monotonic_s=144318.502370] 001121 000146
[host_monotonic_s=144318.504658] 001122 000150
[host_monotonic_s=144318.506933] 001123 000127
[host_monotonic_s=144318.509848] 001124 000126
[host_monotonic_s=144318.512258] 001125 000141
[host_monotonic_s=144318.514624] 001126 000136
[host_monotonic_s=144318.516933] 001127 000130
[host_monotonic_s=144318.519246] 001128 000144
[host_monotonic_s=144318.521993] 001129 000128
[host_monotonic_s=144318.524305] 001130 000145
[host_monotonic_s=144318.526643] 001131 000136
[host_monotonic_s=144318.528918] 001132 000126
[host_monotonic_s=144318.531459] 001133 000125
[host_monotonic_s=144318.533756] 001134 000121
[host_monotonic_s=144318.536113] 001135 000122
[host_monotonic_s=144318.538413] 001136 000133
[host_monotonic_s=144318.540839] 001137 000112
[host_monotonic_s=144318.543164] 001138 000116
[host_monotonic_s=144318.545497] 001139 000125
[host_monotonic_s=144318.547859] 001140 000093
[host_monotonic_s=144318.550410] 001141 000111
[host_monotonic_s=144318.552752] 001142 000122
[host_monotonic_s=144318.555146] 001143 000132
[host_monotonic_s=144318.557514] 001144 000137
[host_monotonic_s=144318.559894] 001145 000100
[host_monotonic_s=144318.562258] 001146 000103
[host_monotonic_s=144318.564599] 001147 000116
[host_monotonic_s=144318.566911] 001148 000094
[host_monotonic_s=144318.569331] 001149 000096
[host_monotonic_s=144318.571740] 001150 000105
[host_monotonic_s=144318.574126] 001151 000108
[host_monotonic_s=144318.576549] 001152 000088
[host_monotonic_s=144318.579567] 001153 000091
[host_monotonic_s=144318.582101] 001154 000117
[host_monotonic_s=144318.584529] 001155 000095
[host_monotonic_s=144318.586953] 001156 000083
[host_monotonic_s=144318.589465] 001157 000079
[host_monotonic_s=144318.591990] 001158 000083
[host_monotonic_s=144318.594409] 001159 000080
[host_monotonic_s=144318.596820] 001160 000089
[host_monotonic_s=144318.599228] 001161 000087
[host_monotonic_s=144318.602151] 001162 000069
[host_monotonic_s=144318.604560] 001163 000074
[host_monotonic_s=144318.606960] 001164 000082
[host_monotonic_s=144318.609732] 001165 000075
[host_monotonic_s=144318.612277] 001166 000072
[host_monotonic_s=144318.614727] 001167 000068
[host_monotonic_s=144318.617156] 001168 000064
[host_monotonic_s=144318.619682] 001169 000050
[host_monotonic_s=144318.622184] 001170 000067
[host_monotonic_s=144318.624621] 001171 000074
[host_monotonic_s=144318.627011] 001172 000077
[host_monotonic_s=144318.629489] 001173 000078
[host_monotonic_s=144318.632056] 001174 000054
[host_monotonic_s=144318.634470] 001175 000070
[host_monotonic_s=144318.636899] 001176 000074
[host_monotonic_s=144318.639404] 001177 000059
[host_monotonic_s=144318.641916] 001178 000061
[host_monotonic_s=144318.644359] 001179 000049
[host_monotonic_s=144318.646800] 001180 000054
[host_monotonic_s=144318.649246] 001181 000050
[host_monotonic_s=144318.651774] 001182 000051
[host_monotonic_s=144318.654131] 001183 000053
[host_monotonic_s=144318.656554] 001184 000045
[host_monotonic_s=144318.658973] 001185 000049
[host_monotonic_s=144318.661932] 001186 000054
[host_monotonic_s=144318.664346] 001187 000050
[host_monotonic_s=144318.666727] 001188 000048
[host_monotonic_s=144318.669255] 001189 000046
[host_monotonic_s=144318.671770] 001190 000047
[host_monotonic_s=144318.674221] 001191 000046
[host_monotonic_s=144318.676658] 001192 000050
[host_monotonic_s=144318.679145] 001193 000040
[host_monotonic_s=144318.682114] 001194 000036
[host_monotonic_s=144318.684555] 001195 000036
[host_monotonic_s=144318.686992] 001196 000043
[host_monotonic_s=144318.689834] 001197 000032
[host_monotonic_s=144318.692376] 001198 000040
[host_monotonic_s=144318.694754] 001199 000043
[host_monotonic_s=144318.697184] 001200 000039
[host_monotonic_s=144318.700023] 001201 000030
[host_monotonic_s=144318.702554] 001202 000045
[host_monotonic_s=144318.704982] 001203 000042
[host_monotonic_s=144318.707452] 001204 000052
[host_monotonic_s=144318.710304] 001205 000042
[host_monotonic_s=144318.712755] 001206 000032
[host_monotonic_s=144318.715314] 001207 000042
[host_monotonic_s=144318.717834] 001208 000032
[host_monotonic_s=144318.720664] 001209 000032
[host_monotonic_s=144318.723092] 001210 000039
[host_monotonic_s=144318.725570] 001211 000030
[host_monotonic_s=144319.027272] 001212 000028
[host_monotonic_s=144319.027289] 001213 000028
[host_monotonic_s=144319.027293] 001214 000035
[host_monotonic_s=144319.027296] 001215 000024
[host_monotonic_s=144319.027299] 001216 000032
[host_monotonic_s=144319.027302] 001217 000028
[host_monotonic_s=144319.027305] 001218 000024
[host_monotonic_s=144319.027308] 001219 000035
[host_monotonic_s=144319.027311] 001220 000023
[host_monotonic_s=144319.027314] 001221 000028
[host_monotonic_s=144319.027317] 001222 000022
[host_monotonic_s=144319.027320] 001223 000016
[host_monotonic_s=144319.027323] 001224 000023
[host_monotonic_s=144319.027326] 001225 000037
[host_monotonic_s=144319.027328] 001226 000029
[host_monotonic_s=144319.027331] 001227 000023
[host_monotonic_s=144319.027334] 001228 000031
[host_monotonic_s=144319.027337] 001229 000025
[host_monotonic_s=144319.027342] 001230 000032
[host_monotonic_s=144319.033979] 001231 000026
[host_monotonic_s=144319.036645] 001232 000020
[host_monotonic_s=144319.039233] 001233 000027
[host_monotonic_s=144319.041662] 001234 000019
[host_monotonic_s=144319.043985] 001235 000026
[host_monotonic_s=144319.046449] 001236 000022
[host_monotonic_s=144319.048848] 001237 000018
[host_monotonic_s=144319.051373] 001238 000025
[host_monotonic_s=144319.053723] 001239 000031
[host_monotonic_s=144319.056265] 001240 000025
[host_monotonic_s=144319.058665] 001241 000033
[host_monotonic_s=144319.061210] 001242 000025
[host_monotonic_s=144319.063689] 001243 000014
[host_monotonic_s=144319.066192] 001244 000027
[host_monotonic_s=144319.068698] 001245 000026
[host_monotonic_s=144319.071501] 001246 000027
[host_monotonic_s=144319.073976] 001247 000022
[host_monotonic_s=144319.076442] 001248 000008
[host_monotonic_s=144319.079027] 001249 000030
[host_monotonic_s=144324.678600] 001250 000024
[host_monotonic_s=144324.678614] 001251 000022
[host_monotonic_s=144324.678617] 001252 000024
[host_monotonic_s=144324.678619] 001253 000021
[host_monotonic_s=144324.678621] 001254 000019
[host_monotonic_s=144324.678623] 001255 000020
[host_monotonic_s=144324.678625] 001256 000021
[host_monotonic_s=144324.678626] 001257 000018
[host_monotonic_s=144324.678628] 001258 000015
[host_monotonic_s=144324.678630] 001259 000017
[host_monotonic_s=144324.678631] 001260 000016
[host_monotonic_s=144324.678633] 001261 000015
[host_monotonic_s=144324.678635] 001262 000010
[host_monotonic_s=144324.678636] 001263 000017
[host_monotonic_s=144324.678638] 001264 000017
[host_monotonic_s=144324.678639] 001265 000023
[host_monotonic_s=144324.678641] 001266 000019
[host_monotonic_s=144324.678642] 001267 000019
[host_monotonic_s=144324.680784] 001268 000013
[host_monotonic_s=144324.686352] 001269 000014
[host_monotonic_s=144324.688795] 001270 000012
[host_monotonic_s=144324.691284] 001271 000008
[host_monotonic_s=144324.693584] 001272 000024
[host_monotonic_s=144324.695920] 001273 000015
[host_monotonic_s=144324.698211] 001274 000012
[host_monotonic_s=144324.701040] 001275 000014
[host_monotonic_s=144324.703376] 001276 000017
[host_monotonic_s=144324.705667] 001277 000018
[host_monotonic_s=144324.707971] 001278 000017
[host_monotonic_s=144324.710399] 001279 000021
[host_monotonic_s=144324.712951] 001280 000018
[host_monotonic_s=144324.715550] 001281 000011
[host_monotonic_s=144324.718188] 001282 000014
[host_monotonic_s=144324.721010] 001283 000008
[host_monotonic_s=144324.723602] 001284 000009
[host_monotonic_s=144324.726163] 001285 000015
[host_monotonic_s=144324.728663] 001286 000017
[host_monotonic_s=144324.731235] 001287 000009
[host_monotonic_s=144324.733803] 001288 000018
[host_monotonic_s=144324.736323] 001289 000015
[host_monotonic_s=144324.738793] 001290 000014
[host_monotonic_s=144324.741788] 001291 000020
[host_monotonic_s=144324.744312] 001292 000009
[host_monotonic_s=144324.746836] 001293 000019
[host_monotonic_s=144324.749426] 001294 000016
[host_monotonic_s=144324.751957] 001295 000014
[host_monotonic_s=144324.754285] 001296 000012
[host_monotonic_s=144324.756634] 001297 000013
[host_monotonic_s=144324.758970] 001298 000018
[host_monotonic_s=144324.761872] 001299 000012
[host_monotonic_s=144324.764304] 001300 000018
[host_monotonic_s=144324.766715] 001301 000009
[host_monotonic_s=144324.769557] 001302 000014
[host_monotonic_s=144324.772496] 001303 000006
[host_monotonic_s=144324.774987] 001304 000013
[host_monotonic_s=144324.777415] 001305 000008
[host_monotonic_s=144324.780743] 001306 000006
[host_monotonic_s=144324.783166] 001307 000011
[host_monotonic_s=144324.785599] 001308 000005
[host_monotonic_s=144324.788614] 001309 000006
[host_monotonic_s=144324.792792] 001310 000015
[host_monotonic_s=144324.795424] 001311 000006
[host_monotonic_s=144324.797987] 001312 000010
[host_monotonic_s=144324.800746] 001313 000015
[host_monotonic_s=144324.803305] 001314 000008
[host_monotonic_s=144324.805879] 001315 000015
[host_monotonic_s=144324.808497] 001316 000015
[host_monotonic_s=144324.811308] 001317 000009
[host_monotonic_s=144324.813959] 001318 000008
[host_monotonic_s=144324.816659] 001319 000009
[host_monotonic_s=144324.819353] 001320 000009
[host_monotonic_s=144324.822062] 001321 000011
[host_monotonic_s=144324.824677] 001322 000012
[host_monotonic_s=144324.827351] 001323 000014
[host_monotonic_s=144324.830523] 001324 000012
[host_monotonic_s=144324.832922] 001325 000011
[host_monotonic_s=144324.835353] 001326 000010
[host_monotonic_s=144324.837786] 001327 000012
[host_monotonic_s=144324.840322] 001328 000007
[host_monotonic_s=144324.842783] 001329 000015
[host_monotonic_s=144324.845223] 001330 000010
[host_monotonic_s=144324.847629] 001331 000007
[host_monotonic_s=144324.850415] 001332 000005
[host_monotonic_s=144324.853086] 001333 000006
[host_monotonic_s=144324.855746] 001334 000014
[host_monotonic_s=144324.858424] 001335 000010
[host_monotonic_s=144324.861656] 001336 000006
[host_monotonic_s=144324.864312] 001337 000016
[host_monotonic_s=144324.866940] 001338 000005
[host_monotonic_s=144324.869801] 001339 000004
[host_monotonic_s=144324.872547] 001340 000007
[host_monotonic_s=144324.875279] 001341 000006
[host_monotonic_s=144324.877941] 001342 000008
[host_monotonic_s=144324.881059] 001343 000005
[host_monotonic_s=144324.883609] 001344 000005
[host_monotonic_s=144324.886260] 001345 000006
[host_monotonic_s=144324.888876] 001346 000008
[host_monotonic_s=144324.891567] 001347 000003
[host_monotonic_s=144324.894035] 001348 000005
[host_monotonic_s=144324.896600] 001349 000002
[host_monotonic_s=144324.899062] 001350 000006
[host_monotonic_s=144324.901629] 001351 000005
[host_monotonic_s=144324.904043] 001352 000009
[host_monotonic_s=144324.906484] 001353 000012
[host_monotonic_s=144324.908887] 001354 000009
[host_monotonic_s=144324.912043] 001355 000008
[host_monotonic_s=144324.915354] 001356 000003
[host_monotonic_s=144324.917989] 001357 000004
[host_monotonic_s=144324.921153] 001358 000008
[host_monotonic_s=144324.923627] 001359 000003
[host_monotonic_s=144324.926220] 001360 000003
[host_monotonic_s=144325.228979] 001361 000011
[host_monotonic_s=144325.228998] 001362 000012
[host_monotonic_s=144325.229026] 001363 000007
[host_monotonic_s=144325.229030] 001364 000008
[host_monotonic_s=144325.229033] 001365 000003
[host_monotonic_s=144325.229035] 001366 000007
[host_monotonic_s=144325.229038] 001367 000003
[host_monotonic_s=144325.229041] 001368 000004
[host_monotonic_s=144325.229045] 001369 000007
[host_monotonic_s=144325.229047] 001370 000010
[host_monotonic_s=144325.229050] 001371 000006
[host_monotonic_s=144325.229053] 001372 000007
[host_monotonic_s=144325.229056] 001373 000009
[host_monotonic_s=144325.229059] 001374 000002
[host_monotonic_s=144325.229062] 001375 000008
[host_monotonic_s=144325.229065] 001376 000005
[host_monotonic_s=144325.229067] 001377 000003
[host_monotonic_s=144325.229071] 001378 000003
[host_monotonic_s=144325.229073] 001379 000001
[host_monotonic_s=144325.235503] 001380 000003
[host_monotonic_s=144325.239761] 001381 000006
[host_monotonic_s=144325.242300] 001382 000008
[host_monotonic_s=144325.244724] 001383 000008
[host_monotonic_s=144325.247181] 001386 000001
[host_monotonic_s=144325.249893] 001388 000005
[host_monotonic_s=144325.252347] 001389 000002
[host_monotonic_s=144325.254657] 001390 000004
[host_monotonic_s=144325.257045] 001391 000005
[host_monotonic_s=144325.259671] 001392 000002
[host_monotonic_s=144325.262143] 001393 000003
[host_monotonic_s=144325.264614] 001394 000007
[host_monotonic_s=144325.266973] 001395 000006
[host_monotonic_s=144325.269563] 001396 000006
[host_monotonic_s=144325.271867] 001397 000003
[host_monotonic_s=144325.274166] 001398 000005
[host_monotonic_s=144325.276498] 001399 000007
[host_monotonic_s=144325.278849] 001400 000005
[host_monotonic_s=144325.281283] 001401 000003
[host_monotonic_s=144325.283632] 001402 000007
[host_monotonic_s=144325.285964] 001403 000007
[host_monotonic_s=144325.288334] 001404 000001
[host_monotonic_s=144325.290803] 001405 000008
[host_monotonic_s=144325.293158] 001406 000006
[host_monotonic_s=144325.295485] 001407 000002
[host_monotonic_s=144325.297847] 001408 000004
[host_monotonic_s=144325.300256] 001409 000005
[host_monotonic_s=144325.302559] 001410 000001
[host_monotonic_s=144325.304858] 001411 000001
[host_monotonic_s=144325.307142] 001412 000005
[host_monotonic_s=144325.309618] 001413 000003
[host_monotonic_s=144325.312026] 001414 000004
[host_monotonic_s=144325.314408] 001415 000003
[host_monotonic_s=144325.316777] 001416 000001
[host_monotonic_s=144325.319296] 001417 000003
[host_monotonic_s=144325.321671] 001418 000004
[host_monotonic_s=144325.323986] 001419 000002
[host_monotonic_s=144325.326353] 001420 000006
[host_monotonic_s=144325.328665] 001421 000004
[host_monotonic_s=144325.331557] 001422 000005
[host_monotonic_s=144325.333879] 001423 000004
[host_monotonic_s=144325.336201] 001424 000003
[host_monotonic_s=144325.338535] 001425 000003
[host_monotonic_s=144325.340967] 001426 000001
[host_monotonic_s=144325.343296] 001427 000002
[host_monotonic_s=144325.345590] 001428 000001
[host_monotonic_s=144325.347991] 001429 000004
[host_monotonic_s=144325.350582] 001430 000005
[host_monotonic_s=144325.353113] 001431 000007
[host_monotonic_s=144325.355536] 001432 000005
[host_monotonic_s=144325.357984] 001433 000003
[host_monotonic_s=144325.360510] 001434 000002
[host_monotonic_s=144325.362869] 001435 000002
[host_monotonic_s=144325.365319] 001436 000001
[host_monotonic_s=144325.367731] 001437 000001
[host_monotonic_s=144325.370204] 001438 000002
[host_monotonic_s=144325.372593] 001439 000003
[host_monotonic_s=144325.375052] 001440 000003
[host_monotonic_s=144325.377513] 001441 000003
[host_monotonic_s=144325.379998] 001442 000004
[host_monotonic_s=144325.382497] 001443 000003
[host_monotonic_s=144325.384910] 001445 000004
[host_monotonic_s=144325.387354] 001446 000002
[host_monotonic_s=144325.389846] 001447 000003
[host_monotonic_s=144325.392410] 001449 000002
[host_monotonic_s=144325.394841] 001450 000006
[host_monotonic_s=144325.397230] 001452 000003
[host_monotonic_s=144325.399805] 001453 000003
[host_monotonic_s=144325.402441] 001454 000001
[host_monotonic_s=144325.404864] 001455 000001
[host_monotonic_s=144325.407293] 001456 000002
[host_monotonic_s=144325.409882] 001457 000003
[host_monotonic_s=144325.412496] 001459 000003
[host_monotonic_s=144325.414927] 001460 000001
[host_monotonic_s=144325.417402] 001461 000005
[host_monotonic_s=144325.420351] 001462 000003
[host_monotonic_s=144325.422732] 001463 000004
[host_monotonic_s=144325.425138] 001464 000002
[host_monotonic_s=144325.427532] 001465 000002
[host_monotonic_s=144325.430498] 001466 000002
[host_monotonic_s=144325.433393] 001467 000001
[host_monotonic_s=144325.435795] 001468 000006
[host_monotonic_s=144325.438176] 001470 000001
[host_monotonic_s=144325.440866] 001471 000001
[host_monotonic_s=144325.443332] 001472 000002
[host_monotonic_s=144325.445754] 001473 000001
[host_monotonic_s=144325.448228] 001475 000003
[host_monotonic_s=144325.451143] 001476 000001
[host_monotonic_s=144325.453544] 001477 000001
[host_monotonic_s=144325.456004] 001478 000001
[host_monotonic_s=144325.458436] 001480 000001
[host_monotonic_s=144325.460983] 001481 000002
[host_monotonic_s=144325.463406] 001482 000001
[host_monotonic_s=144325.465817] 001483 000002
[host_monotonic_s=144325.468244] 001484 000001
[host_monotonic_s=144325.470819] 001485 000001
[host_monotonic_s=144325.473247] 001486 000002
[host_monotonic_s=144325.475682] 001487 000001
[host_monotonic_s=144325.478160] 001488 000003
[host_monotonic_s=144325.779156] 001489 000004
[host_monotonic_s=144325.779170] 001491 000004
[host_monotonic_s=144325.779173] 001492 000002
[host_monotonic_s=144325.779176] 001493 000001
[host_monotonic_s=144325.779178] 001496 000003
[host_monotonic_s=144325.779180] 001497 000002
[host_monotonic_s=144325.779182] 001499 000001
[host_monotonic_s=144325.779184] 001500 000002
[host_monotonic_s=144325.779185] 001501 000003
[host_monotonic_s=144325.779187] 001502 000005
[host_monotonic_s=144325.779189] 001503 000002
[host_monotonic_s=144325.779191] 001504 000001
[host_monotonic_s=144325.779192] 001505 000001
[host_monotonic_s=144325.779194] 001507 000002
[host_monotonic_s=144325.779196] 001508 000001
[host_monotonic_s=144325.779197] 001509 000002
[host_monotonic_s=144325.779199] 001510 000001
[host_monotonic_s=144325.779200] 001511 000002
[host_monotonic_s=144325.783034] 001512 000001
[host_monotonic_s=144325.787151] 001513 000005
[host_monotonic_s=144325.789850] 001517 000001
[host_monotonic_s=144325.792224] 001518 000003
[host_monotonic_s=144325.794521] 001519 000001
[host_monotonic_s=144325.796843] 001520 000004
[host_monotonic_s=144325.799915] 001521 000002
[host_monotonic_s=144325.802255] 001522 000003
[host_monotonic_s=144325.804536] 001523 000002
[host_monotonic_s=144325.806815] 001524 000001
[host_monotonic_s=144325.809350] 001525 000001
[host_monotonic_s=144325.811748] 001529 000003
[host_monotonic_s=144325.814068] 001530 000002
[host_monotonic_s=144325.816377] 001531 000004
[host_monotonic_s=144325.818782] 001533 000002
[host_monotonic_s=144325.821588] 001534 000005
[host_monotonic_s=144325.823903] 001536 000002
[host_monotonic_s=144325.826226] 001537 000001
[host_monotonic_s=144325.828575] 001538 000002
[host_monotonic_s=144325.831085] 001540 000004
[host_monotonic_s=144325.833393] 001541 000001
[host_monotonic_s=144325.835708] 001543 000001
[host_monotonic_s=144325.838042] 001544 000002
[host_monotonic_s=144325.840888] 001545 000001
[host_monotonic_s=144325.843218] 001546 000001
[host_monotonic_s=144325.845638] 001548 000001
[host_monotonic_s=144331.422446] 001549 000001
[host_monotonic_s=144331.422459] 001550 000004
[host_monotonic_s=144331.422462] 001551 000002
[host_monotonic_s=144331.422464] 001552 000003
[host_monotonic_s=144331.422466] 001553 000005
[host_monotonic_s=144331.422468] 001556 000003
[host_monotonic_s=144331.422469] 001557 000001
[host_monotonic_s=144331.422471] 001558 000002
[host_monotonic_s=144331.422472] 001559 000001
[host_monotonic_s=144331.422474] 001560 000001
[host_monotonic_s=144331.422475] 001561 000002
[host_monotonic_s=144331.422476] 001562 000002
[host_monotonic_s=144331.422478] 001564 000001
[host_monotonic_s=144331.422479] 001565 000001
[host_monotonic_s=144331.422481] 001567 000001
[host_monotonic_s=144331.422482] 001568 000001
[host_monotonic_s=144331.422483] 001571 000001
[host_monotonic_s=144331.422484] 001572 000001
[host_monotonic_s=144331.422486] 001574 000001
[host_monotonic_s=144331.429658] 001575 000001
[host_monotonic_s=144331.431907] 001576 000002
[host_monotonic_s=144331.434177] 001577 000001
[host_monotonic_s=144331.436589] 001578 000001
[host_monotonic_s=144331.438887] 001579 000002
[host_monotonic_s=144331.441494] 001582 000002
[host_monotonic_s=144331.443796] 001583 000001
[host_monotonic_s=144331.446093] 001584 000001
[host_monotonic_s=144331.448410] 001585 000001
[host_monotonic_s=144331.450842] 001586 000004
[host_monotonic_s=144331.453153] 001587 000001
[host_monotonic_s=144331.455459] 001588 000004
[host_monotonic_s=144331.457768] 001589 000002
[host_monotonic_s=144331.460157] 001590 000002
[host_monotonic_s=144331.462517] 001591 000001
[host_monotonic_s=144331.464849] 001592 000002
[host_monotonic_s=144331.467174] 001593 000002
[host_monotonic_s=144331.469509] 001594 000001
[host_monotonic_s=144331.471849] 001596 000001
[host_monotonic_s=144331.474303] 001597 000003
[host_monotonic_s=144331.476621] 001598 000003
[host_monotonic_s=144331.478967] 001599 000001
[host_monotonic_s=144331.481429] 001602 000004
[host_monotonic_s=144331.483736] 001603 000005
[host_monotonic_s=144331.486050] 001604 000001
[host_monotonic_s=144331.488364] 001605 000001
[host_monotonic_s=144331.491031] 001606 000001
[host_monotonic_s=144331.493460] 001608 000001
[host_monotonic_s=144331.495855] 001609 000005
[host_monotonic_s=144331.498235] 001610 000001
[host_monotonic_s=144331.500841] 001611 000002
[host_monotonic_s=144331.503149] 001612 000002
[host_monotonic_s=144331.505498] 001613 000001
[host_monotonic_s=144331.507809] 001614 000002
[host_monotonic_s=144331.510211] 001616 000001
[host_monotonic_s=144331.512525] 001617 000003
[host_monotonic_s=144331.514860] 001618 000004
[host_monotonic_s=144331.517224] 001619 000001
[host_monotonic_s=144331.519647] 001620 000003
[host_monotonic_s=144331.522065] 001622 000003
[host_monotonic_s=144331.524963] 001623 000002
[host_monotonic_s=144331.527249] 001624 000002
[host_monotonic_s=144331.529814] 001625 000002
[host_monotonic_s=144331.532107] 001626 000001
[host_monotonic_s=144331.534412] 001627 000003
[host_monotonic_s=144331.536640] 001629 000002
[host_monotonic_s=144331.538879] 001630 000001
[host_monotonic_s=144331.541399] 001635 000002
[host_monotonic_s=144331.543709] 001636 000001
[host_monotonic_s=144331.545990] 001638 000001
[host_monotonic_s=144331.548333] 001640 000002
[host_monotonic_s=144331.550836] 001641 000001
[host_monotonic_s=144331.553158] 001642 000002
[host_monotonic_s=144331.555605] 001643 000004
[host_monotonic_s=144331.557944] 001645 000001
[host_monotonic_s=144331.560625] 001647 000002
[host_monotonic_s=144331.562891] 001648 000001
[host_monotonic_s=144331.565349] 001650 000003
[host_monotonic_s=144331.567687] 001652 000002
[host_monotonic_s=144331.570192] 001654 000001
[host_monotonic_s=144331.572522] 001655 000002
[host_monotonic_s=144331.574878] 001656 000001
[host_monotonic_s=144331.577172] 001657 000002
[host_monotonic_s=144331.579534] 001658 000003
[host_monotonic_s=144331.581886] 001659 000002
[host_monotonic_s=144331.584277] 001660 000002
[host_monotonic_s=144331.586546] 001661 000001
[host_monotonic_s=144331.588836] 001662 000004
[host_monotonic_s=144331.591280] 001663 000001
[host_monotonic_s=144331.593686] 001664 000002
[host_monotonic_s=144331.596041] 001665 000001
[host_monotonic_s=144331.598462] 001666 000001
[host_monotonic_s=144331.600991] 001667 000002
[host_monotonic_s=144331.603451] 001668 000004
[host_monotonic_s=144331.605908] 001670 000002
[host_monotonic_s=144331.608340] 001671 000001
[host_monotonic_s=144331.611032] 001672 000002
[host_monotonic_s=144331.613442] 001674 000002
[host_monotonic_s=144331.615930] 001675 000001
[host_monotonic_s=144331.618369] 001676 000002
[host_monotonic_s=144331.620832] 001677 000002
[host_monotonic_s=144331.623294] 001678 000003
[host_monotonic_s=144331.626048] 001679 000002
[host_monotonic_s=144331.628500] 001681 000001
[host_monotonic_s=144331.631241] 001684 000002
[host_monotonic_s=144331.633658] 001685 000001
[host_monotonic_s=144331.636068] 001686 000001
[host_monotonic_s=144331.638472] 001688 000001
[host_monotonic_s=144331.641234] 001689 000003
[host_monotonic_s=144331.643667] 001690 000005
[host_monotonic_s=144331.646083] 001691 000001
[host_monotonic_s=144331.648491] 001693 000002
[host_monotonic_s=144331.650992] 001695 000002
[host_monotonic_s=144331.653471] 001696 000002
[host_monotonic_s=144331.655861] 001697 000001
[host_monotonic_s=144331.658273] 001698 000001
[host_monotonic_s=144331.660928] 001700 000002
[host_monotonic_s=144331.663385] 001701 000002
[host_monotonic_s=144331.665805] 001702 000001
[host_monotonic_s=144331.668237] 001703 000002
[host_monotonic_s=144331.670971] 001704 000001
[host_monotonic_s=144331.972851] 001706 000002
[host_monotonic_s=144331.972865] 001708 000002
[host_monotonic_s=144331.972868] 001710 000001
[host_monotonic_s=144331.972870] 001711 000001
[host_monotonic_s=144331.972873] 001714 000003
[host_monotonic_s=144331.972875] 001715 000002
[host_monotonic_s=144331.972876] 001716 000001
[host_monotonic_s=144331.972878] 001718 000001
[host_monotonic_s=144331.972880] 001720 000003
[host_monotonic_s=144331.972882] 001721 000001
[host_monotonic_s=144331.972884] 001722 000002
[host_monotonic_s=144331.972885] 001723 000003
[host_monotonic_s=144331.972887] 001725 000003
[host_monotonic_s=144331.972889] 001726 000001
[host_monotonic_s=144331.972890] 001728 000001
[host_monotonic_s=144331.972892] 001731 000001
[host_monotonic_s=144331.972894] 001733 000002
[host_monotonic_s=144331.972896] 001735 000002
[host_monotonic_s=144331.972897] 001736 000003
[host_monotonic_s=144331.980283] 001737 000001
[host_monotonic_s=144331.982576] 001738 000001
[host_monotonic_s=144331.984907] 001739 000002
[host_monotonic_s=144331.987229] 001740 000001
[host_monotonic_s=144331.989564] 001741 000003
[host_monotonic_s=144331.991883] 001744 000001
[host_monotonic_s=144331.994161] 001746 000001
[host_monotonic_s=144331.996830] 001747 000003
[host_monotonic_s=144331.999127] 001748 000004
[host_monotonic_s=144332.001681] 001750 000002
[host_monotonic_s=144332.004043] 001751 000002
[host_monotonic_s=144332.006392] 001752 000003
[host_monotonic_s=144332.008697] 001753 000001
[host_monotonic_s=144332.011096] 001757 000001
[host_monotonic_s=144332.013419] 001758 000002
[host_monotonic_s=144332.015783] 001759 000002
[host_monotonic_s=144332.018181] 001760 000002
[host_monotonic_s=144332.020704] 001761 000002
[host_monotonic_s=144332.023054] 001764 000001
[host_monotonic_s=144332.025445] 001765 000005
[host_monotonic_s=144332.027824] 001766 000005
[host_monotonic_s=144332.030352] 001767 000002
[host_monotonic_s=144332.032698] 001768 000002
[host_monotonic_s=144332.035091] 001769 000002
[host_monotonic_s=144332.037430] 001771 000001
[host_monotonic_s=144332.039840] 001772 000002
[host_monotonic_s=144332.042175] 001774 000001
[host_monotonic_s=144332.044492] 001775 000001
[host_monotonic_s=144332.046784] 001776 000003
[host_monotonic_s=144332.049078] 001777 000001
[host_monotonic_s=144332.051471] 001779 000001
[host_monotonic_s=144332.053798] 001780 000002
[host_monotonic_s=144332.056125] 001782 000002
[host_monotonic_s=144332.058486] 001785 000002
[host_monotonic_s=144332.061301] 001786 000003
[host_monotonic_s=144332.063699] 001787 000002
[host_monotonic_s=144332.066119] 001788 000001
[host_monotonic_s=144332.068576] 001789 000001
[host_monotonic_s=144332.071034] 001790 000001
[host_monotonic_s=144332.073550] 001792 000001
[host_monotonic_s=144332.076312] 001793 000004
[host_monotonic_s=144332.078771] 001794 000001
[host_monotonic_s=144332.081253] 001795 000001
[host_monotonic_s=144332.083625] 001796 000002
[host_monotonic_s=144332.085979] 001798 000002
[host_monotonic_s=144332.088344] 001799 000001
[host_monotonic_s=144332.090995] 001801 000003
[host_monotonic_s=144332.093410] 001802 000001
[host_monotonic_s=144332.096129] 001803 000001
[host_monotonic_s=144332.098575] 001804 000002
[host_monotonic_s=144332.101109] 001805 000001
[host_monotonic_s=144332.103539] 001806 000004
[host_monotonic_s=144332.106004] 001807 000003
[host_monotonic_s=144332.108412] 001808 000002
[host_monotonic_s=144332.110993] 001810 000001
[host_monotonic_s=144332.113378] 001812 000003
[host_monotonic_s=144332.115786] 001813 000007
[host_monotonic_s=144332.118238] 001814 000001
[host_monotonic_s=144332.120885] 001815 000001
[host_monotonic_s=144332.123314] 001816 000001
[host_monotonic_s=144332.125791] 001817 000004
[host_monotonic_s=144332.128218] 001818 000002
[host_monotonic_s=144332.130793] 001819 000002
[host_monotonic_s=144332.133195] 001820 000001
[host_monotonic_s=144332.135592] 001823 000002
[host_monotonic_s=144332.138042] 001824 000003
[host_monotonic_s=144332.140601] 001825 000003
[host_monotonic_s=144332.143053] 001826 000002
[host_monotonic_s=144332.145572] 001827 000004
[host_monotonic_s=144332.148114] 001828 000004
[host_monotonic_s=144332.150644] 001829 000001
[host_monotonic_s=144332.153053] 001830 000003
[host_monotonic_s=144332.155403] 001831 000001
[host_monotonic_s=144332.157731] 001832 000001
[host_monotonic_s=144332.160388] 001833 000001
[host_monotonic_s=144332.162787] 001834 000002
[host_monotonic_s=144332.165138] 001835 000001
[host_monotonic_s=144332.167533] 001836 000002
[host_monotonic_s=144332.170122] 001837 000001
[host_monotonic_s=144332.172558] 001838 000001
[host_monotonic_s=144332.175472] 001840 000001
[host_monotonic_s=144332.177822] 001841 000004
[host_monotonic_s=144332.180370] 001843 000001
[host_monotonic_s=144332.182809] 001846 000001
[host_monotonic_s=144332.185266] 001847 000003
[host_monotonic_s=144332.187657] 001848 000001
[host_monotonic_s=144332.190292] 001849 000002
[host_monotonic_s=144332.192584] 001850 000002
[host_monotonic_s=144332.195062] 001851 000001
[host_monotonic_s=144332.197536] 001852 000001
[host_monotonic_s=144332.200066] 001854 000001
[host_monotonic_s=144332.202501] 001855 000002
[host_monotonic_s=144332.205033] 001856 000002
[host_monotonic_s=144332.207436] 001857 000001
[host_monotonic_s=144332.210118] 001858 000001
[host_monotonic_s=144332.212579] 001859 000002
[host_monotonic_s=144332.214994] 001860 000002
[host_monotonic_s=144332.217448] 001861 000001
[host_monotonic_s=144332.220134] 001863 000003
[host_monotonic_s=144332.222608] 001864 000002
[host_monotonic_s=144332.523434] 001866 000002
[host_monotonic_s=144332.523451] 001867 000003
[host_monotonic_s=144332.523455] 001869 000002
[host_monotonic_s=144332.523458] 001870 000004
[host_monotonic_s=144332.523460] 001871 000003
[host_monotonic_s=144332.523463] 001872 000002
[host_monotonic_s=144332.523465] 001873 000001
[host_monotonic_s=144332.523467] 001875 000002
[host_monotonic_s=144332.523469] 001876 000002
[host_monotonic_s=144332.523471] 001877 000004
[host_monotonic_s=144332.523473] 001878 000001
[host_monotonic_s=144332.523475] 001879 000002
[host_monotonic_s=144332.523477] 001881 000002
[host_monotonic_s=144332.523479] 001882 000002
[host_monotonic_s=144332.523481] 001883 000006
[host_monotonic_s=144332.523482] 001884 000001
[host_monotonic_s=144332.523484] 001885 000003
[host_monotonic_s=144332.523486] 001886 000002
[host_monotonic_s=144332.530591] 001887 000002
[host_monotonic_s=144332.535124] 001888 000003
[host_monotonic_s=144332.538551] 001889 000005
[host_monotonic_s=144332.540964] 001890 000003
[host_monotonic_s=144332.543300] 001891 000006
[host_monotonic_s=144332.545701] 001892 000005
[host_monotonic_s=144332.548024] 001893 000004
[host_monotonic_s=144332.550512] 001894 000001
[host_monotonic_s=144332.552860] 001895 000004
[host_monotonic_s=144332.555216] 001896 000001
[host_monotonic_s=144332.557535] 001897 000003
[host_monotonic_s=144332.560137] 001898 000002
[host_monotonic_s=144332.562463] 001899 000008
[host_monotonic_s=144332.564817] 001900 000001
[host_monotonic_s=144332.567139] 001901 000005
[host_monotonic_s=144332.569705] 001902 000003
[host_monotonic_s=144338.094540] 001903 000004
[host_monotonic_s=144338.094551] 001904 000004
[host_monotonic_s=144338.094554] 001905 000001
[host_monotonic_s=144338.094556] 001906 000003
[host_monotonic_s=144338.094558] 001907 000004
[host_monotonic_s=144338.094559] 001908 000003
[host_monotonic_s=144338.094561] 001909 000005
[host_monotonic_s=144338.094562] 001910 000004
[host_monotonic_s=144338.094563] 001911 000005
[host_monotonic_s=144338.094565] 001912 000005
[host_monotonic_s=144338.094566] 001913 000005
[host_monotonic_s=144338.094568] 001914 000002
[host_monotonic_s=144338.094569] 001915 000003
[host_monotonic_s=144338.094571] 001916 000001
[host_monotonic_s=144338.094572] 001917 000003
[host_monotonic_s=144338.094573] 001918 000004
[host_monotonic_s=144338.094574] 001919 000005
[host_monotonic_s=144338.094575] 001920 000004
[host_monotonic_s=144338.094577] 001921 000004
[host_monotonic_s=144338.101712] 001922 000004
[host_monotonic_s=144338.103960] 001923 000004
[host_monotonic_s=144338.106369] 001924 000004
[host_monotonic_s=144338.108641] 001925 000003
[host_monotonic_s=144338.111052] 001926 000006
[host_monotonic_s=144338.113351] 001927 000003
[host_monotonic_s=144338.115682] 001928 000006
[host_monotonic_s=144338.118008] 001929 000006
[host_monotonic_s=144338.120490] 001930 000003
[host_monotonic_s=144338.122801] 001931 000001
[host_monotonic_s=144338.125129] 001932 000001
[host_monotonic_s=144338.127416] 001933 000002
[host_monotonic_s=144338.129791] 001934 000003
[host_monotonic_s=144338.132136] 001935 000001
[host_monotonic_s=144338.134421] 001936 000001
[host_monotonic_s=144338.136729] 001937 000003
[host_monotonic_s=144338.139075] 001938 000003
[host_monotonic_s=144338.141442] 001939 000002
[host_monotonic_s=144338.143805] 001940 000008
[host_monotonic_s=144338.146349] 001941 000004
[host_monotonic_s=144338.148816] 001942 000006
[host_monotonic_s=144338.151535] 001943 000004
[host_monotonic_s=144338.153853] 001944 000003
[host_monotonic_s=144338.156203] 001945 000004
[host_monotonic_s=144338.158526] 001946 000003
[host_monotonic_s=144338.161103] 001947 000009
[host_monotonic_s=144338.163433] 001948 000003
[host_monotonic_s=144338.165794] 001949 000002
[host_monotonic_s=144338.168109] 001950 000003
[host_monotonic_s=144338.170524] 001951 000001
[host_monotonic_s=144338.172844] 001952 000003
[host_monotonic_s=144338.175170] 001953 000002
[host_monotonic_s=144338.177499] 001954 000001
[host_monotonic_s=144338.180085] 001955 000001
[host_monotonic_s=144338.182413] 001956 000001
[host_monotonic_s=144338.184764] 001957 000002
[host_monotonic_s=144338.187123] 001959 000001
[host_monotonic_s=144338.189511] 001961 000002
[host_monotonic_s=144338.191836] 001962 000004
[host_monotonic_s=144338.194130] 001963 000003
[host_monotonic_s=144338.196636] 001965 000004
[host_monotonic_s=144338.199015] 001966 000002
[host_monotonic_s=144338.201440] 001967 000005
[host_monotonic_s=144338.203825] 001968 000006
[host_monotonic_s=144338.206184] 001969 000002
[host_monotonic_s=144338.208599] 001970 000002
[host_monotonic_s=144338.211243] 001971 000003
[host_monotonic_s=144338.213652] 001972 000003
[host_monotonic_s=144338.216142] 001973 000002
[host_monotonic_s=144338.218599] 001974 000006
[host_monotonic_s=144338.221076] 001975 000002
[host_monotonic_s=144338.223448] 001976 000002
[host_monotonic_s=144338.225856] 001977 000003
[host_monotonic_s=144338.228313] 001978 000004
[host_monotonic_s=144338.230974] 001979 000001
[host_monotonic_s=144338.233390] 001980 000004
[host_monotonic_s=144338.235792] 001981 000002
[host_monotonic_s=144338.238218] 001982 000002
[host_monotonic_s=144338.240693] 001983 000003
[host_monotonic_s=144338.243121] 001984 000005
[host_monotonic_s=144338.245577] 001985 000008
[host_monotonic_s=144338.247981] 001986 000003
[host_monotonic_s=144338.250703] 001987 000003
[host_monotonic_s=144338.253163] 001988 000004
[host_monotonic_s=144338.255567] 001989 000003
[host_monotonic_s=144338.257961] 001990 000002
[host_monotonic_s=144338.260476] 001991 000002
[host_monotonic_s=144338.262904] 001992 000005
[host_monotonic_s=144338.265332] 001993 000002
[host_monotonic_s=144338.267759] 001994 000006
[host_monotonic_s=144338.270456] 001995 000005
[host_monotonic_s=144338.272867] 001996 000005
[host_monotonic_s=144338.275259] 001997 000003
[host_monotonic_s=144338.277656] 001998 000006
[host_monotonic_s=144338.280198] 001999 000005
[host_monotonic_s=144338.282579] 002000 000007
[host_monotonic_s=144338.285022] 002001 000006
[host_monotonic_s=144338.287434] 002002 000009
[host_monotonic_s=144338.290182] 002003 000008
[host_monotonic_s=144338.292604] 002004 000005
[host_monotonic_s=144338.295072] 002005 000004
[host_monotonic_s=144338.297493] 002006 000003
[host_monotonic_s=144338.299991] 002007 000004
[host_monotonic_s=144338.302403] 002008 000003
[host_monotonic_s=144338.304882] 002009 000008
[host_monotonic_s=144338.307302] 002010 000009
[host_monotonic_s=144338.309891] 002011 000005
[host_monotonic_s=144338.312284] 002012 000010
[host_monotonic_s=144338.314717] 002013 000006
[host_monotonic_s=144338.317190] 002014 000010
[host_monotonic_s=144338.319890] 002015 000009
[host_monotonic_s=144338.322336] 002016 000007
[host_monotonic_s=144338.324755] 002017 000005
[host_monotonic_s=144338.327181] 002018 000002
[host_monotonic_s=144338.329870] 002019 000004
[host_monotonic_s=144338.332320] 002020 000003
[host_monotonic_s=144338.334724] 002021 000006
[host_monotonic_s=144338.337180] 002022 000003
[host_monotonic_s=144338.339707] 002023 000008
[host_monotonic_s=144338.342132] 002024 000005
[host_monotonic_s=144338.645087] 002025 000002
[host_monotonic_s=144338.645102] 002026 000009
[host_monotonic_s=144338.645104] 002027 000006
[host_monotonic_s=144338.645107] 002028 000004
[host_monotonic_s=144338.645109] 002029 000007
[host_monotonic_s=144338.645111] 002030 000005
[host_monotonic_s=144338.645113] 002031 000007
[host_monotonic_s=144338.645115] 002032 000007
[host_monotonic_s=144338.645117] 002033 000007
[host_monotonic_s=144338.645119] 002034 000011
[host_monotonic_s=144338.645121] 002035 000011
[host_monotonic_s=144338.645123] 002036 000007
[host_monotonic_s=144338.645125] 002037 000005
[host_monotonic_s=144338.645126] 002038 000010
[host_monotonic_s=144338.645128] 002039 000006
[host_monotonic_s=144338.645130] 002040 000009
[host_monotonic_s=144338.645131] 002041 000008
[host_monotonic_s=144338.645133] 002042 000007
[host_monotonic_s=144338.645135] 002043 000011
[host_monotonic_s=144338.651675] 002044 000008
[host_monotonic_s=144338.654116] 002045 000008
[host_monotonic_s=144338.656445] 002046 000009
[host_monotonic_s=144338.658765] 002047 000007
[host_monotonic_s=144338.661222] 002048 000008
[host_monotonic_s=144338.663526] 002049 000007
[host_monotonic_s=144338.665844] 002050 000008
[host_monotonic_s=144338.668156] 002051 000003
[host_monotonic_s=144338.670538] 002052 000009
[host_monotonic_s=144338.672805] 002053 000006
[host_monotonic_s=144338.675105] 002054 000003
[host_monotonic_s=144338.677387] 002055 000009
[host_monotonic_s=144338.679743] 002056 000004
[host_monotonic_s=144338.682131] 002057 000009
[host_monotonic_s=144338.684483] 002058 000003
[host_monotonic_s=144338.686775] 002059 000008
[host_monotonic_s=144338.689172] 002060 000003
[host_monotonic_s=144338.691840] 002061 000005
[host_monotonic_s=144338.694146] 002062 000004
[host_monotonic_s=144338.696542] 002063 000004
[host_monotonic_s=144338.698827] 002064 000003
[host_monotonic_s=144338.701227] 002065 000006
[host_monotonic_s=144338.703590] 002066 000008
[host_monotonic_s=144338.705893] 002067 000003
[host_monotonic_s=144338.708227] 002068 000005
[host_monotonic_s=144338.710663] 002069 000003
[host_monotonic_s=144338.712980] 002070 000001
[host_monotonic_s=144338.715431] 002071 000005
[host_monotonic_s=144338.717884] 002072 000005
[host_monotonic_s=144338.720596] 002073 000004
[host_monotonic_s=144338.722915] 002074 000004
[host_monotonic_s=144338.725296] 002075 000005
[host_monotonic_s=144338.727650] 002076 000006
[host_monotonic_s=144338.730247] 002077 000003
[host_monotonic_s=144338.732536] 002078 000006
[host_monotonic_s=144338.734818] 002079 000001
[host_monotonic_s=144338.737149] 002080 000002
[host_monotonic_s=144338.739533] 002081 000002
[host_monotonic_s=144338.741843] 002083 000004
[host_monotonic_s=144338.744160] 002084 000002
[host_monotonic_s=144338.746543] 002085 000002
[host_monotonic_s=144338.748916] 002086 000003
[host_monotonic_s=144338.751381] 002087 000004
[host_monotonic_s=144338.753757] 002088 000003
[host_monotonic_s=144338.756195] 002089 000001
[host_monotonic_s=144338.758559] 002090 000006
[host_monotonic_s=144338.761447] 002091 000001
[host_monotonic_s=144338.763854] 002092 000003
[host_monotonic_s=144338.766249] 002093 000002
[host_monotonic_s=144338.768676] 002094 000005
[host_monotonic_s=144338.771377] 002095 000001
[host_monotonic_s=144338.773812] 002096 000002
[host_monotonic_s=144338.776256] 002097 000002
[host_monotonic_s=144338.778663] 002099 000002
[host_monotonic_s=144338.781202] 002100 000004
[host_monotonic_s=144338.783610] 002101 000001
[host_monotonic_s=144338.786044] 002102 000002
[host_monotonic_s=144338.788473] 002103 000004
[host_monotonic_s=144338.791269] 002104 000003
[host_monotonic_s=144338.793696] 002105 000001
[host_monotonic_s=144338.796286] 002106 000004
[host_monotonic_s=144338.798714] 002108 000002
[host_monotonic_s=144338.801454] 002109 000001
[host_monotonic_s=144338.803910] 002110 000005
[host_monotonic_s=144338.806362] 002112 000005
[host_monotonic_s=144338.808762] 002113 000001
[host_monotonic_s=144338.811247] 002114 000001
[host_monotonic_s=144338.813664] 002115 000005
[host_monotonic_s=144338.816116] 002117 000001
[host_monotonic_s=144338.818555] 002118 000002
[host_monotonic_s=144338.821273] 002119 000001
[host_monotonic_s=144338.823675] 002121 000006
[host_monotonic_s=144338.826073] 002122 000002
[host_monotonic_s=144338.828525] 002123 000002
[host_monotonic_s=144338.831070] 002124 000001
[host_monotonic_s=144338.833464] 002125 000001
[host_monotonic_s=144338.835961] 002126 000004
[host_monotonic_s=144338.838383] 002127 000003
[host_monotonic_s=144338.840826] 002129 000002
[host_monotonic_s=144338.843213] 002130 000003
[host_monotonic_s=144338.845547] 002131 000001
[host_monotonic_s=144338.847930] 002132 000001
[host_monotonic_s=144338.850627] 002133 000002
[host_monotonic_s=144338.853190] 002134 000006
[host_monotonic_s=144338.855614] 002135 000001
[host_monotonic_s=144338.858010] 002137 000002
[host_monotonic_s=144338.860763] 002139 000001
[host_monotonic_s=144338.863168] 002140 000004
[host_monotonic_s=144338.865607] 002145 000001
[host_monotonic_s=144338.868057] 002146 000001
[host_monotonic_s=144338.870579] 002147 000001
[host_monotonic_s=144338.873015] 002148 000001
[host_monotonic_s=144338.875462] 002149 000002
[host_monotonic_s=144338.877874] 002151 000002
[host_monotonic_s=144338.880384] 002152 000001
[host_monotonic_s=144338.882790] 002153 000002
[host_monotonic_s=144338.885250] 002154 000004
[host_monotonic_s=144338.887662] 002155 000005
[host_monotonic_s=144338.890155] 002156 000004
[host_monotonic_s=144338.892568] 002157 000002
[host_monotonic_s=144339.195576] 002158 000002
[host_monotonic_s=144339.195592] 002159 000002
[host_monotonic_s=144339.195594] 002160 000002
[host_monotonic_s=144339.195597] 002161 000002
[host_monotonic_s=144339.195599] 002162 000001
[host_monotonic_s=144339.195601] 002163 000003
[host_monotonic_s=144339.195603] 002164 000001
[host_monotonic_s=144339.195604] 002165 000001
[host_monotonic_s=144339.195606] 002166 000003
[host_monotonic_s=144339.195608] 002167 000001
[host_monotonic_s=144339.195610] 002169 000001
[host_monotonic_s=144339.195612] 002170 000001
[host_monotonic_s=144339.195614] 002171 000004
[host_monotonic_s=144339.195616] 002172 000001
[host_monotonic_s=144339.195618] 002174 000003
[host_monotonic_s=144339.195619] 002175 000001
[host_monotonic_s=144339.195621] 002176 000002
[host_monotonic_s=144339.195622] 002180 000002
[host_monotonic_s=144339.195624] 002181 000001
[host_monotonic_s=144339.201580] 002182 000002
[host_monotonic_s=144339.205236] 002183 000003
[host_monotonic_s=144339.207507] 002184 000002
[host_monotonic_s=144339.209837] 002185 000002
[host_monotonic_s=144339.212223] 002186 000003
[host_monotonic_s=144339.214466] 002187 000003
[host_monotonic_s=144339.216764] 002188 000001
[host_monotonic_s=144339.219037] 002189 000002
[host_monotonic_s=144339.221393] 002193 000002
[host_monotonic_s=144339.223715] 002194 000002
[host_monotonic_s=144339.226004] 002195 000003
[host_monotonic_s=144339.228285] 002196 000001
[host_monotonic_s=144339.230863] 002197 000002
[host_monotonic_s=144339.233148] 002199 000002
[host_monotonic_s=144339.235456] 002200 000001
[host_monotonic_s=144339.237730] 002201 000003
[host_monotonic_s=144344.742508] 002202 000003
[host_monotonic_s=144344.742521] 002203 000003
[host_monotonic_s=144344.742523] 002204 000001
[host_monotonic_s=144344.742525] 002205 000002
[host_monotonic_s=144344.742527] 002206 000002
[host_monotonic_s=144344.742529] 002207 000002
[host_monotonic_s=144344.742531] 002208 000002
[host_monotonic_s=144344.742532] 002209 000001
[host_monotonic_s=144344.742533] 002210 000002
[host_monotonic_s=144344.742537] 002212 000001
[host_monotonic_s=144344.742538] 002213 000002
[host_monotonic_s=144344.742540] 002214 000001
[host_monotonic_s=144344.742542] 002216 000004
[host_monotonic_s=144344.742543] 002217 000004
[host_monotonic_s=144344.742545] 002218 000001
[host_monotonic_s=144344.742546] 002219 000003
[host_monotonic_s=144344.742547] 002220 000001
[host_monotonic_s=144344.742549] 002223 000001
[host_monotonic_s=144344.742551] 002224 000003
[host_monotonic_s=144344.749362] 002225 000001
[host_monotonic_s=144344.751628] 002228 000001
[host_monotonic_s=144344.753883] 002230 000001
[host_monotonic_s=144344.756156] 002231 000001
[host_monotonic_s=144344.758445] 002232 000002
[host_monotonic_s=144344.760827] 002233 000002
[host_monotonic_s=144344.763137] 002234 000002
[host_monotonic_s=144344.765461] 002235 000001
[host_monotonic_s=144344.767763] 002236 000002
[host_monotonic_s=144344.770155] 002237 000002
[host_monotonic_s=144344.772439] 002238 000004
[host_monotonic_s=144344.774732] 002240 000001
[host_monotonic_s=144344.777022] 002241 000002
[host_monotonic_s=144344.779356] 002242 000001
[host_monotonic_s=144344.781697] 002243 000003
[host_monotonic_s=144344.783980] 002246 000001
[host_monotonic_s=144344.786370] 002247 000001
[host_monotonic_s=144344.788671] 002249 000001
[host_monotonic_s=144344.791167] 002250 000003
[host_monotonic_s=144344.793559] 002251 000001
[host_monotonic_s=144344.795875] 002252 000002
[host_monotonic_s=144344.798308] 002253 000003
[host_monotonic_s=144344.800944] 002254 000002
[host_monotonic_s=144344.803302] 002255 000003
[host_monotonic_s=144344.805682] 002256 000003
[host_monotonic_s=144344.808005] 002257 000001
[host_monotonic_s=144344.810438] 002258 000003
[host_monotonic_s=144344.812763] 002259 000002
[host_monotonic_s=144344.815077] 002261 000001
[host_monotonic_s=144344.817379] 002262 000002
[host_monotonic_s=144344.819942] 002263 000004
[host_monotonic_s=144344.822253] 002265 000003
[host_monotonic_s=144344.824572] 002266 000004
[host_monotonic_s=144344.826877] 002267 000001
[host_monotonic_s=144344.829172] 002268 000001
[host_monotonic_s=144344.831580] 002269 000002
[host_monotonic_s=144344.833894] 002271 000001
[host_monotonic_s=144344.836260] 002272 000001
[host_monotonic_s=144344.838586] 002273 000003
[host_monotonic_s=144344.840976] 002274 000001
[host_monotonic_s=144344.843319] 002275 000003
[host_monotonic_s=144344.845788] 002278 000003
[host_monotonic_s=144344.848139] 002279 000004
[host_monotonic_s=144344.850756] 002280 000001
[host_monotonic_s=144344.853091] 002281 000001
[host_monotonic_s=144344.855441] 002283 000002
[host_monotonic_s=144344.857770] 002284 000004
[host_monotonic_s=144344.860207] 002285 000002
[host_monotonic_s=144344.862685] 002287 000001
[host_monotonic_s=144344.865100] 002289 000002
[host_monotonic_s=144344.867546] 002290 000004
[host_monotonic_s=144344.870007] 002291 000002
[host_monotonic_s=144344.872425] 002292 000002
[host_monotonic_s=144344.874870] 002294 000001
[host_monotonic_s=144344.877249] 002295 000001
[host_monotonic_s=144344.879736] 002297 000002
[host_monotonic_s=144344.882184] 002299 000004
[host_monotonic_s=144344.884611] 002300 000002
[host_monotonic_s=144344.887066] 002301 000003
[host_monotonic_s=144344.889760] 002303 000005
[host_monotonic_s=144344.892210] 002305 000003
[host_monotonic_s=144344.894658] 002309 000001
[host_monotonic_s=144344.897073] 002310 000001
[host_monotonic_s=144344.899841] 002311 000001
[host_monotonic_s=144344.902267] 002312 000004
[host_monotonic_s=144344.904715] 002313 000003
[host_monotonic_s=144344.907164] 002315 000001
[host_monotonic_s=144344.909902] 002316 000004
[host_monotonic_s=144344.912310] 002317 000003
[host_monotonic_s=144344.914724] 002318 000001
[host_monotonic_s=144344.917136] 002320 000001
[host_monotonic_s=144344.919599] 002323 000001
[host_monotonic_s=144344.922027] 002324 000001
[host_monotonic_s=144344.924413] 002325 000002
[host_monotonic_s=144344.926816] 002326 000003
[host_monotonic_s=144344.929340] 002327 000001
[host_monotonic_s=144344.931771] 002329 000001
[host_monotonic_s=144344.934279] 002331 000002
[host_monotonic_s=144344.936675] 002332 000002
[host_monotonic_s=144344.939124] 002333 000001
[host_monotonic_s=144344.941825] 002337 000002
[host_monotonic_s=144344.944274] 002339 000001
[host_monotonic_s=144344.946680] 002340 000002
[host_monotonic_s=144344.949109] 002342 000002
[host_monotonic_s=144344.951684] 002344 000003
[host_monotonic_s=144344.954129] 002345 000001
[host_monotonic_s=144344.956557] 002346 000001
[host_monotonic_s=144344.959013] 002347 000001
[host_monotonic_s=144344.961494] 002350 000001
[host_monotonic_s=144344.963919] 002352 000002
[host_monotonic_s=144344.966373] 002355 000002
[host_monotonic_s=144344.968814] 002358 000003
[host_monotonic_s=144344.972041] 002361 000001
[host_monotonic_s=144344.974448] 002363 000001
[host_monotonic_s=144344.976873] 002364 000001
[host_monotonic_s=144344.979668] 002365 000001
[host_monotonic_s=144344.982024] 002366 000004
[host_monotonic_s=144344.984468] 002368 000003
[host_monotonic_s=144344.986903] 002369 000001
[host_monotonic_s=144344.989627] 002370 000001
[host_monotonic_s=144344.992124] 002371 000001
[host_monotonic_s=144345.292782] 002372 000001
[host_monotonic_s=144345.292794] 002373 000001
[host_monotonic_s=144345.292796] 002374 000001
[host_monotonic_s=144345.292798] 002375 000001
[host_monotonic_s=144345.292800] 002377 000002
[host_monotonic_s=144345.292801] 002378 000001
[host_monotonic_s=144345.292803] 002379 000002
[host_monotonic_s=144345.292804] 002380 000001
[host_monotonic_s=144345.292805] 002382 000002
[host_monotonic_s=144345.292807] 002383 000001
[host_monotonic_s=144345.292808] 002389 000001
[host_monotonic_s=144345.292810] 002390 000001
[host_monotonic_s=144345.292811] 002394 000001
[host_monotonic_s=144345.292812] 002395 000001
[host_monotonic_s=144345.292814] 002396 000001
[host_monotonic_s=144345.292816] 002400 000002
[host_monotonic_s=144345.292818] 002404 000001
[host_monotonic_s=144345.292819] 002406 000001
[host_monotonic_s=144345.296658] 002408 000001
[host_monotonic_s=144345.300960] 002412 000001
[host_monotonic_s=144345.303230] 002413 000001
[host_monotonic_s=144345.305535] 002415 000001
[host_monotonic_s=144345.307845] 002422 000002
[host_monotonic_s=144345.310270] 002424 000002
[host_monotonic_s=144345.312565] 002426 000003
[host_monotonic_s=144345.314938] 002427 000001
[host_monotonic_s=144345.317229] 002433 000001
[host_monotonic_s=144345.319634] 002435 000001
[host_monotonic_s=144345.321975] 002438 000003
[host_monotonic_s=144345.324319] 002446 000001
[host_monotonic_s=144345.326630] 002449 000001
[host_monotonic_s=144345.328947] 002450 000001
[host_monotonic_s=144345.331418] 002453 000001
[host_monotonic_s=144345.333731] 002456 000001
[host_monotonic_s=144345.336076] 002458 000001
[host_monotonic_s=144345.338392] 002459 000001
[host_monotonic_s=144345.340813] 002460 000001
[host_monotonic_s=144345.343160] 002461 000002
[host_monotonic_s=144345.345511] 002462 000001
[host_monotonic_s=144345.347851] 002464 000001
[host_monotonic_s=144345.350619] 002470 000001
[host_monotonic_s=144345.352940] 002471 000002
[host_monotonic_s=144345.355289] 002473 000001
[host_monotonic_s=144345.357620] 002475 000001
[host_monotonic_s=144345.360059] 002478 000001
[host_monotonic_s=144345.362411] 002480 000002
[host_monotonic_s=144345.364786] 002481 000002
[host_monotonic_s=144345.367089] 002484 000001
[host_monotonic_s=144345.369440] 002489 000001
[host_monotonic_s=144345.371778] 002494 000001
[host_monotonic_s=144345.374206] 002502 000001
[host_monotonic_s=144345.376442] 002511 000001
[host_monotonic_s=144345.378771] 002513 000001
[host_monotonic_s=144345.381432] 002515 000001
[host_monotonic_s=144345.383751] 002516 000001
[host_monotonic_s=144345.386104] 002519 000001
[host_monotonic_s=144345.388403] 002522 000001
[host_monotonic_s=144345.390990] 002523 000002
[host_monotonic_s=144345.393356] 002531 000001
[host_monotonic_s=144345.395783] 002534 000001
[host_monotonic_s=144345.398163] 002540 000001
[host_monotonic_s=144345.400591] 002546 000001
[host_monotonic_s=144345.403017] 002550 000001
[host_monotonic_s=144345.405386] 002557 000001
[host_monotonic_s=144345.407704] 002560 000001
[host_monotonic_s=144345.410174] 002561 000001
[host_monotonic_s=144345.412550] 002570 000001
[host_monotonic_s=144345.414862] 002571 000001
[host_monotonic_s=144345.417209] 002573 000001
[host_monotonic_s=144345.419891] 002576 000002
[host_monotonic_s=144345.422188] 002579 000001
[host_monotonic_s=144345.424576] 002588 000001
[host_monotonic_s=144345.427014] 002589 000005
[host_monotonic_s=144345.429687] 002591 000002
[host_monotonic_s=144345.432128] 002594 000001
[host_monotonic_s=144345.434535] 002597 000001
[host_monotonic_s=144345.436881] 002602 000002
[host_monotonic_s=144345.439372] 002604 000001
[host_monotonic_s=144345.441913] 002605 000001
[host_monotonic_s=144345.444322] 002613 000001
[host_monotonic_s=144345.446709] 002614 000001
[host_monotonic_s=144345.449162] 002615 000001
[host_monotonic_s=144345.451854] 002616 000001
[host_monotonic_s=144345.454309] 002617 000002
[host_monotonic_s=144345.456786] 002618 000001
[host_monotonic_s=144345.459452] 002619 000001
[host_monotonic_s=144345.461904] 002620 000001
[host_monotonic_s=144345.464331] 002623 000001
[host_monotonic_s=144345.466734] 002624 000001
[host_monotonic_s=144345.469151] 002628 000001
[host_monotonic_s=144345.471836] 002629 000001
[host_monotonic_s=144345.474246] 002631 000001
[host_monotonic_s=144345.476673] 002633 000001
[host_monotonic_s=144345.479145] 002640 000001
[host_monotonic_s=144345.481677] 002643 000001
[host_monotonic_s=144345.484121] 002644 000001
[host_monotonic_s=144345.486524] 002646 000001
[host_monotonic_s=144345.488929] 002647 000002
[host_monotonic_s=144345.491674] 002648 000001
[host_monotonic_s=144345.494105] 002650 000002
[host_monotonic_s=144345.496523] 002652 000001
[host_monotonic_s=144345.498945] 002656 000001
[host_monotonic_s=144345.501388] 002661 000001
[host_monotonic_s=144345.503776] 002662 000001
[host_monotonic_s=144345.506189] 002665 000001
[host_monotonic_s=144345.508590] 002674 000001
[host_monotonic_s=144345.511111] 002677 000001
[host_monotonic_s=144345.513553] 002679 000001
[host_monotonic_s=144345.515928] 002682 000001
[host_monotonic_s=144345.518360] 002686 000001
[host_monotonic_s=144345.521094] 002688 000001
[host_monotonic_s=144345.523573] 002689 000001
[host_monotonic_s=144345.525982] 002692 000003
[host_monotonic_s=144345.528373] 002695 000001
[host_monotonic_s=144345.531085] 002699 000002
[host_monotonic_s=144345.533508] 002701 000001
[host_monotonic_s=144345.535952] 002707 000001
[host_monotonic_s=144345.538396] 002708 000001
[host_monotonic_s=144345.540909] 002714 000001
[host_monotonic_s=144345.843212] 002717 000002
[host_monotonic_s=144345.843224] 002718 000001
[host_monotonic_s=144345.843226] 002719 000001
[host_monotonic_s=144345.843229] 002724 000001
[host_monotonic_s=144345.843231] 002726 000001
[host_monotonic_s=144345.843232] 002727 000001
[host_monotonic_s=144345.843234] 002728 000001
[host_monotonic_s=144345.843236] 002729 000001
[host_monotonic_s=144345.843237] 002731 000001
[host_monotonic_s=144345.843239] 002735 000001
[host_monotonic_s=144345.843240] 002742 000001
[host_monotonic_s=144345.843242] 002743 000001
[host_monotonic_s=144345.843244] 002744 000001
[host_monotonic_s=144345.843245] 002746 000001
[host_monotonic_s=144345.843247] 002747 000001
[host_monotonic_s=144345.843248] 002748 000001
[host_monotonic_s=144345.843250] 002749 000001
[host_monotonic_s=144345.843251] 002750 000001
[host_monotonic_s=144345.843253] 002751 000002
[host_monotonic_s=144345.849903] 002752 000001
[host_monotonic_s=144345.853021] 002753 000003
[host_monotonic_s=144345.855279] 002754 000001
[host_monotonic_s=144345.857537] 002756 000001
[host_monotonic_s=144345.859891] 002759 000001
[host_monotonic_s=144345.862238] 002760 000001
[host_monotonic_s=144345.864623] 002763 000001
[host_monotonic_s=144345.866909] 002766 000001
[host_monotonic_s=144345.869193] 002767 000001
[host_monotonic_s=144345.871580] 002770 000001
[host_monotonic_s=144345.873863] 002772 000001
[host_monotonic_s=144345.876166] 002773 000001
[host_monotonic_s=144345.878513] 002774 000001
[host_monotonic_s=144345.881164] 002775 000001
[host_monotonic_s=144345.883442] 002776 000002
[host_monotonic_s=144351.382684] 002777 000001
[host_monotonic_s=144351.382698] 002778 000001
[host_monotonic_s=144351.382701] 002779 000001
[host_monotonic_s=144351.382704] 002780 000001
[host_monotonic_s=144351.382706] 002781 000002
[host_monotonic_s=144351.382708] 002782 000001
[host_monotonic_s=144351.382710] 002783 000002
[host_monotonic_s=144351.382712] 002785 000001
[host_monotonic_s=144351.382714] 002786 000001
[host_monotonic_s=144351.382716] 002787 000001
[host_monotonic_s=144351.382717] 002789 000001
[host_monotonic_s=144351.382719] 002790 000001
[host_monotonic_s=144351.382721] 002791 000001
[host_monotonic_s=144351.382722] 002796 000001
[host_monotonic_s=144351.382724] 002797 000002
[host_monotonic_s=144351.382726] 002799 000001
[host_monotonic_s=144351.382727] 002801 000001
[host_monotonic_s=144351.382729] 002802 000001
[host_monotonic_s=144351.382731] 002803 000001
[host_monotonic_s=144351.390362] 002805 000002
[host_monotonic_s=144351.392130] 002806 000002
[host_monotonic_s=144351.394390] 002807 000001
[host_monotonic_s=144351.396664] 002808 000001
[host_monotonic_s=144351.398905] 002809 000001
[host_monotonic_s=144351.401480] 002810 000004
[host_monotonic_s=144351.403794] 002811 000002
[host_monotonic_s=144351.406174] 002813 000004
[host_monotonic_s=144351.408466] 002814 000001
[host_monotonic_s=144351.410894] 002815 000001
[host_monotonic_s=144351.413276] 002816 000001
[host_monotonic_s=144351.415597] 002817 000002
[host_monotonic_s=144351.417932] 002818 000001
[host_monotonic_s=144351.420468] 002820 000001
[host_monotonic_s=144351.422788] 002821 000005
[host_monotonic_s=144351.425211] 002822 000002
[host_monotonic_s=144351.427538] 002823 000002
[host_monotonic_s=144351.430128] 002824 000003
[host_monotonic_s=144351.432438] 002825 000003
[host_monotonic_s=144351.434730] 002826 000004
[host_monotonic_s=144351.437006] 002827 000002
[host_monotonic_s=144351.439385] 002828 000002
[host_monotonic_s=144351.441724] 002831 000002
[host_monotonic_s=144351.444037] 002832 000002
[host_monotonic_s=144351.446433] 002833 000001
[host_monotonic_s=144351.448761] 002834 000001
[host_monotonic_s=144351.451411] 002835 000002
[host_monotonic_s=144351.453762] 002837 000001
[host_monotonic_s=144351.456122] 002838 000001
[host_monotonic_s=144351.458483] 002839 000003
[host_monotonic_s=144351.460930] 002842 000001
[host_monotonic_s=144351.463305] 002843 000002
[host_monotonic_s=144351.465648] 002847 000001
[host_monotonic_s=144351.468048] 002848 000001
[host_monotonic_s=144351.470615] 002849 000002
[host_monotonic_s=144351.472928] 002850 000002
[host_monotonic_s=144351.475239] 002851 000006
[host_monotonic_s=144351.477561] 002852 000002
[host_monotonic_s=144351.480177] 002853 000004
[host_monotonic_s=144351.482498] 002854 000008
[host_monotonic_s=144351.485125] 002855 000005
[host_monotonic_s=144351.487550] 002856 000002
[host_monotonic_s=144351.490210] 002857 000007
[host_monotonic_s=144351.492701] 002858 000005
[host_monotonic_s=144351.495057] 002859 000008
[host_monotonic_s=144351.497396] 002860 000007
[host_monotonic_s=144351.499827] 002861 000007
[host_monotonic_s=144351.502138] 002862 000007
[host_monotonic_s=144351.504448] 002863 000005
[host_monotonic_s=144351.506744] 002864 000005
[host_monotonic_s=144351.509030] 002865 000004
[host_monotonic_s=144351.511605] 002866 000012
[host_monotonic_s=144351.513963] 002867 000004
[host_monotonic_s=144351.516290] 002868 000008
[host_monotonic_s=144351.518595] 002869 000005
[host_monotonic_s=144351.521105] 002870 000014
[host_monotonic_s=144351.523502] 002871 000014
[host_monotonic_s=144351.525944] 002872 000010
[host_monotonic_s=144351.528340] 002873 000007
[host_monotonic_s=144351.530904] 002874 000009
[host_monotonic_s=144351.533283] 002875 000014
[host_monotonic_s=144351.535704] 002876 000009
[host_monotonic_s=144351.538124] 002877 000015
[host_monotonic_s=144351.540789] 002878 000019
[host_monotonic_s=144351.543220] 002879 000014
[host_monotonic_s=144351.545718] 002880 000011
[host_monotonic_s=144351.548118] 002881 000016
[host_monotonic_s=144351.550618] 002882 000016
[host_monotonic_s=144351.553020] 002883 000008
[host_monotonic_s=144351.555410] 002884 000010
[host_monotonic_s=144351.557828] 002885 000019
[host_monotonic_s=144351.560460] 002886 000019
[host_monotonic_s=144351.562818] 002887 000013
[host_monotonic_s=144351.565134] 002888 000024
[host_monotonic_s=144351.567474] 002889 000018
[host_monotonic_s=144351.570079] 002890 000019
[host_monotonic_s=144351.572487] 002891 000018
[host_monotonic_s=144351.574849] 002892 000020
[host_monotonic_s=144351.577203] 002893 000013
[host_monotonic_s=144351.579848] 002894 000023
[host_monotonic_s=144351.582276] 002895 000009
[host_monotonic_s=144351.584756] 002896 000023
[host_monotonic_s=144351.587187] 002897 000014
[host_monotonic_s=144351.589717] 002898 000014
[host_monotonic_s=144351.592174] 002899 000013
[host_monotonic_s=144351.594598] 002900 000022
[host_monotonic_s=144351.597055] 002901 000013
[host_monotonic_s=144351.599537] 002902 000013
[host_monotonic_s=144351.601973] 002903 000018
[host_monotonic_s=144351.604400] 002904 000021
[host_monotonic_s=144351.606807] 002905 000011
[host_monotonic_s=144351.609490] 002906 000021
[host_monotonic_s=144351.611940] 002907 000010
[host_monotonic_s=144351.614399] 002908 000013
[host_monotonic_s=144351.616767] 002909 000019
[host_monotonic_s=144351.619222] 002910 000015
[host_monotonic_s=144351.621700] 002911 000018
[host_monotonic_s=144351.624127] 002912 000015
[host_monotonic_s=144351.626588] 002913 000014
[host_monotonic_s=144351.628992] 002914 000016
[host_monotonic_s=144351.631512] 002915 000013
[host_monotonic_s=144351.933030] 002916 000012
[host_monotonic_s=144351.933042] 002917 000014
[host_monotonic_s=144351.933045] 002918 000018
[host_monotonic_s=144351.933047] 002919 000017
[host_monotonic_s=144351.933049] 002920 000021
[host_monotonic_s=144351.933051] 002921 000022
[host_monotonic_s=144351.933053] 002922 000021
[host_monotonic_s=144351.933054] 002923 000026
[host_monotonic_s=144351.933056] 002924 000017
[host_monotonic_s=144351.933058] 002925 000014
[host_monotonic_s=144351.933059] 002926 000018
[host_monotonic_s=144351.933061] 002927 000016
[host_monotonic_s=144351.933063] 002928 000017
[host_monotonic_s=144351.933064] 002929 000013
[host_monotonic_s=144351.933066] 002930 000018
[host_monotonic_s=144351.933067] 002931 000014
[host_monotonic_s=144351.933069] 002932 000013
[host_monotonic_s=144351.933070] 002933 000016
[host_monotonic_s=144351.933072] 002934 000020
[host_monotonic_s=144351.940664] 002935 000016
[host_monotonic_s=144351.942913] 002936 000011
[host_monotonic_s=144351.945257] 002937 000016
[host_monotonic_s=144351.947553] 002938 000017
[host_monotonic_s=144351.950130] 002939 000010
[host_monotonic_s=144351.952422] 002940 000014
[host_monotonic_s=144351.954726] 002941 000014
[host_monotonic_s=144351.957009] 002942 000015
[host_monotonic_s=144351.959368] 002943 000017
[host_monotonic_s=144351.961716] 002944 000015
[host_monotonic_s=144351.964019] 002945 000019
[host_monotonic_s=144351.966359] 002946 000014
[host_monotonic_s=144351.968666] 002947 000015
[host_monotonic_s=144351.971459] 002948 000014
[host_monotonic_s=144351.973782] 002949 000015
[host_monotonic_s=144351.976116] 002950 000012
[host_monotonic_s=144351.978476] 002951 000013
[host_monotonic_s=144351.981027] 002952 000017
[host_monotonic_s=144351.983359] 002953 000010
[host_monotonic_s=144351.985661] 002954 000011
[host_monotonic_s=144351.987921] 002955 000011
[host_monotonic_s=144351.990283] 002956 000013
[host_monotonic_s=144351.992594] 002957 000013
[host_monotonic_s=144351.994912] 002958 000005
[host_monotonic_s=144351.997252] 002959 000015
[host_monotonic_s=144351.999847] 002960 000011
[host_monotonic_s=144352.002170] 002961 000013
[host_monotonic_s=144352.004465] 002962 000013
[host_monotonic_s=144352.006772] 002963 000010
[host_monotonic_s=144352.009083] 002964 000017
[host_monotonic_s=144352.011577] 002965 000011
[host_monotonic_s=144352.013873] 002966 000007
[host_monotonic_s=144352.016243] 002967 000008
[host_monotonic_s=144352.018558] 002968 000011
[host_monotonic_s=144352.020908] 002969 000017
[host_monotonic_s=144352.023199] 002970 000014
[host_monotonic_s=144352.025510] 002971 000015
[host_monotonic_s=144352.027793] 002972 000008
[host_monotonic_s=144352.030375] 002973 000015
[host_monotonic_s=144352.032637] 002974 000011
[host_monotonic_s=144352.035010] 002975 000017
[host_monotonic_s=144352.037372] 002976 000019
[host_monotonic_s=144352.039764] 002977 000021
[host_monotonic_s=144352.042124] 002978 000020
[host_monotonic_s=144352.044493] 002979 000027
[host_monotonic_s=144352.046833] 002980 000032
[host_monotonic_s=144352.049152] 002981 000020
[host_monotonic_s=144352.051809] 002982 000019
[host_monotonic_s=144352.054237] 002983 000029
[host_monotonic_s=144352.056680] 002984 000028
[host_monotonic_s=144352.059095] 002985 000026
[host_monotonic_s=144352.061563] 002986 000029
[host_monotonic_s=144352.063942] 002987 000033
[host_monotonic_s=144352.066347] 002988 000030
[host_monotonic_s=144352.068727] 002989 000035
[host_monotonic_s=144352.071258] 002990 000031
[host_monotonic_s=144352.073685] 002991 000021
[host_monotonic_s=144352.076169] 002992 000032
[host_monotonic_s=144352.078847] 002993 000024
[host_monotonic_s=144352.081651] 002994 000039
[host_monotonic_s=144352.083939] 002995 000051
[host_monotonic_s=144352.086470] 002996 000036
[host_monotonic_s=144352.088819] 002997 000051
[host_monotonic_s=144352.091625] 002998 000037
[host_monotonic_s=144352.094084] 002999 000049
[host_monotonic_s=144352.096545] 003000 000040
[host_monotonic_s=144352.098889] 003001 000055
[host_monotonic_s=144352.101349] 003002 000071
[host_monotonic_s=144352.103735] 003003 000053
[host_monotonic_s=144352.106081] 003004 000077
[host_monotonic_s=144352.108381] 003005 000087
[host_monotonic_s=144352.110903] 003006 000090
[host_monotonic_s=144352.113290] 003007 000075
[host_monotonic_s=144352.115645] 003008 000080
[host_monotonic_s=144352.117967] 003009 000082
[host_monotonic_s=144352.120657] 003010 000105
[host_monotonic_s=144352.122949] 003011 000087
[host_monotonic_s=144352.125295] 003012 000092
[host_monotonic_s=144352.127608] 003013 000085
[host_monotonic_s=144352.130034] 003014 000086
[host_monotonic_s=144352.132422] 003015 000093
[host_monotonic_s=144352.134817] 003016 000100
[host_monotonic_s=144352.137272] 003017 000097
[host_monotonic_s=144352.139662] 003018 000102
[host_monotonic_s=144352.142077] 003019 000118
[host_monotonic_s=144352.144554] 003020 000103
[host_monotonic_s=144352.146914] 003021 000100
[host_monotonic_s=144352.149604] 003022 000094
[host_monotonic_s=144352.151979] 003023 000085
[host_monotonic_s=144352.154361] 003024 000092
[host_monotonic_s=144352.156710] 003025 000084
[host_monotonic_s=144352.159027] 003026 000091
[host_monotonic_s=144352.161682] 003027 000084
[host_monotonic_s=144352.164020] 003028 000093
[host_monotonic_s=144352.166390] 003029 000070
[host_monotonic_s=144352.168848] 003030 000079
[host_monotonic_s=144352.171616] 003031 000080
[host_monotonic_s=144352.174009] 003032 000072
[host_monotonic_s=144352.176404] 003033 000072
[host_monotonic_s=144352.178821] 003034 000068
[host_monotonic_s=144352.181375] 003035 000052
[host_monotonic_s=144352.483332] 003036 000070
[host_monotonic_s=144352.483345] 003037 000065
[host_monotonic_s=144352.483348] 003038 000054
[host_monotonic_s=144352.483350] 003039 000060
[host_monotonic_s=144352.483352] 003040 000063
[host_monotonic_s=144352.483354] 003041 000046
[host_monotonic_s=144352.483356] 003042 000047
[host_monotonic_s=144352.483357] 003043 000048
[host_monotonic_s=144352.483359] 003044 000054
[host_monotonic_s=144352.483360] 003045 000046
[host_monotonic_s=144352.483362] 003046 000034
[host_monotonic_s=144352.483364] 003047 000036
[host_monotonic_s=144352.483365] 003048 000038
[host_monotonic_s=144352.483367] 003049 000039
[host_monotonic_s=144352.483368] 003050 000034
[host_monotonic_s=144352.483370] 003051 000038
[host_monotonic_s=144352.483371] 003052 000033
[host_monotonic_s=144352.483373] 003053 000033
[host_monotonic_s=144352.483374] 003054 000024
[host_monotonic_s=144352.490434] 003055 000025
[host_monotonic_s=144352.492845] 003056 000024
[host_monotonic_s=144352.495268] 003057 000025
[host_monotonic_s=144352.497545] 003058 000025
[host_monotonic_s=144352.500164] 003059 000018
[host_monotonic_s=144352.502433] 003060 000025
[host_monotonic_s=144352.504748] 003061 000017
[host_monotonic_s=144352.507088] 003062 000026
[host_monotonic_s=144352.509516] 003063 000027
[host_monotonic_s=144352.511844] 003064 000021
[host_monotonic_s=144352.514119] 003065 000018
[host_monotonic_s=144352.516460] 003066 000022
[host_monotonic_s=144352.518772] 003067 000022
[host_monotonic_s=144352.521151] 003068 000012
[host_monotonic_s=144358.022419] 003069 000017
[host_monotonic_s=144358.022431] 003070 000012
[host_monotonic_s=144358.022433] 003071 000010
[host_monotonic_s=144358.022435] 003072 000013
[host_monotonic_s=144358.022437] 003073 000021
[host_monotonic_s=144358.022439] 003074 000014
[host_monotonic_s=144358.022440] 003075 000007
[host_monotonic_s=144358.022442] 003076 000006
[host_monotonic_s=144358.022444] 003077 000016
[host_monotonic_s=144358.022445] 003078 000003
[host_monotonic_s=144358.022446] 003079 000009
[host_monotonic_s=144358.022448] 003080 000005
[host_monotonic_s=144358.022449] 003081 000009
[host_monotonic_s=144358.022451] 003082 000007
[host_monotonic_s=144358.022452] 003083 000010
[host_monotonic_s=144358.022453] 003084 000006
[host_monotonic_s=144358.022455] 003085 000010
[host_monotonic_s=144358.022456] 003086 000006
[host_monotonic_s=144358.022458] 003087 000006
[host_monotonic_s=144358.029245] 003088 000006
[host_monotonic_s=144358.031925] 003089 000008
[host_monotonic_s=144358.034201] 003090 000012
[host_monotonic_s=144358.036522] 003091 000008
[host_monotonic_s=144358.038816] 003092 000005
[host_monotonic_s=144358.041424] 003093 000011
[host_monotonic_s=144358.043715] 003094 000005
[host_monotonic_s=144358.046028] 003095 000005
[host_monotonic_s=144358.048314] 003096 000005
[host_monotonic_s=144358.050742] 003097 000006
[host_monotonic_s=144358.053071] 003098 000003
[host_monotonic_s=144358.055381] 003099 000003
[host_monotonic_s=144358.057668] 003100 000008
[host_monotonic_s=144358.060237] 003101 000007
[host_monotonic_s=144358.062573] 003102 000005
[host_monotonic_s=144358.065280] 003103 000006
[host_monotonic_s=144358.069853] 003104 000008
[host_monotonic_s=144358.072293] 003105 000004
[host_monotonic_s=144358.074636] 003106 000002
[host_monotonic_s=144358.077018] 003107 000002
[host_monotonic_s=144358.079535] 003108 000005
[host_monotonic_s=144358.081844] 003109 000004
[host_monotonic_s=144358.084206] 003110 000005
[host_monotonic_s=144358.086578] 003111 000004
[host_monotonic_s=144358.088889] 003112 000003
[host_monotonic_s=144358.091933] 003113 000002
[host_monotonic_s=144358.094307] 003114 000001
[host_monotonic_s=144358.096667] 003115 000006
[host_monotonic_s=144358.098968] 003116 000006
[host_monotonic_s=144358.101536] 003117 000002
[host_monotonic_s=144358.103825] 003118 000004
[host_monotonic_s=144358.106174] 003119 000002
[host_monotonic_s=144358.108553] 003120 000002
[host_monotonic_s=144358.111153] 003121 000003
[host_monotonic_s=144358.113538] 003122 000003
[host_monotonic_s=144358.116697] 003123 000001
[host_monotonic_s=144358.119027] 003124 000002
[host_monotonic_s=144358.121688] 003125 000007
[host_monotonic_s=144358.124182] 003127 000003
[host_monotonic_s=144358.126909] 003128 000004
[host_monotonic_s=144358.129344] 003129 000001
[host_monotonic_s=144358.131673] 003130 000001
[host_monotonic_s=144358.133971] 003131 000003
[host_monotonic_s=144358.136264] 003132 000002
[host_monotonic_s=144358.138581] 003133 000004
[host_monotonic_s=144358.141028] 003134 000003
[host_monotonic_s=144358.143372] 003135 000001
[host_monotonic_s=144358.147067] 003136 000001
[host_monotonic_s=144358.149992] 003137 000004
[host_monotonic_s=144358.152452] 003138 000002
[host_monotonic_s=144358.154833] 003139 000003
[host_monotonic_s=144358.157230] 003140 000004
[host_monotonic_s=144358.159893] 003141 000002
[host_monotonic_s=144358.162326] 003142 000004
[host_monotonic_s=144358.164716] 003143 000006
[host_monotonic_s=144358.167071] 003144 000002
[host_monotonic_s=144358.169560] 003145 000002
[host_monotonic_s=144358.172488] 003147 000002
[host_monotonic_s=144358.174971] 003148 000001
[host_monotonic_s=144358.177594] 003149 000002
[host_monotonic_s=144358.180359] 003150 000004
[host_monotonic_s=144358.182802] 003151 000003
[host_monotonic_s=144358.185288] 003152 000002
[host_monotonic_s=144358.187803] 003153 000002
[host_monotonic_s=144358.190392] 003154 000005
[host_monotonic_s=144358.192796] 003155 000002
[host_monotonic_s=144358.195237] 003156 000004
[host_monotonic_s=144358.197644] 003157 000001
[host_monotonic_s=144358.200309] 003158 000003
[host_monotonic_s=144358.202670] 003159 000001
[host_monotonic_s=144358.205063] 003160 000001
[host_monotonic_s=144358.207456] 003161 000006
[host_monotonic_s=144358.209936] 003162 000001
[host_monotonic_s=144358.212337] 003163 000002
[host_monotonic_s=144358.214736] 003164 000001
[host_monotonic_s=144358.217112] 003165 000001
[host_monotonic_s=144358.219719] 003166 000002
[host_monotonic_s=144358.222100] 003167 000002
[host_monotonic_s=144358.224580] 003168 000001
[host_monotonic_s=144358.226940] 003169 000002
[host_monotonic_s=144358.229616] 003170 000002
[host_monotonic_s=144358.232031] 003171 000003
[host_monotonic_s=144358.234449] 003172 000003
[host_monotonic_s=144358.236780] 003173 000004
[host_monotonic_s=144358.239226] 003174 000003
[host_monotonic_s=144358.241727] 003175 000001
[host_monotonic_s=144358.244139] 003176 000003
[host_monotonic_s=144358.246550] 003177 000002
[host_monotonic_s=144358.248988] 003179 000004
[host_monotonic_s=144358.251621] 003181 000003
[host_monotonic_s=144358.254520] 003184 000003
[host_monotonic_s=144358.256952] 003185 000003
[host_monotonic_s=144358.259446] 003186 000002
[host_monotonic_s=144358.261908] 003187 000002
[host_monotonic_s=144358.264372] 003188 000001
[host_monotonic_s=144358.266787] 003190 000003
[host_monotonic_s=144358.269375] 003192 000001
[host_monotonic_s=144358.271866] 003193 000003
[host_monotonic_s=144358.572783] 003195 000002
[host_monotonic_s=144358.572798] 003196 000002
[host_monotonic_s=144358.572801] 003197 000003
[host_monotonic_s=144358.572803] 003198 000001
[host_monotonic_s=144358.572805] 003199 000001
[host_monotonic_s=144358.572807] 003200 000003
[host_monotonic_s=144358.572809] 003201 000002
[host_monotonic_s=144358.572810] 003202 000002
[host_monotonic_s=144358.572812] 003204 000001
[host_monotonic_s=144358.572814] 003205 000001
[host_monotonic_s=144358.572816] 003206 000001
[host_monotonic_s=144358.572818] 003207 000002
[host_monotonic_s=144358.572820] 003208 000002
[host_monotonic_s=144358.572823] 003209 000001
[host_monotonic_s=144358.572825] 003211 000001
[host_monotonic_s=144358.572827] 003212 000002
[host_monotonic_s=144358.572829] 003213 000003
[host_monotonic_s=144358.572832] 003214 000004
[host_monotonic_s=144358.577255] 003215 000004
[host_monotonic_s=144358.580832] 003217 000002
[host_monotonic_s=144358.583118] 003218 000002
[host_monotonic_s=144358.585437] 003219 000001
[host_monotonic_s=144358.587711] 003221 000002
[host_monotonic_s=144358.590088] 003224 000001
[host_monotonic_s=144358.592717] 003225 000002
[host_monotonic_s=144358.595088] 003226 000002
[host_monotonic_s=144358.597406] 003227 000001
[host_monotonic_s=144358.599786] 003230 000001
[host_monotonic_s=144358.602144] 003231 000003
[host_monotonic_s=144358.604487] 003232 000004
[host_monotonic_s=144358.606784] 003233 000004
[host_monotonic_s=144358.609775] 003234 000001
[host_monotonic_s=144358.612169] 003236 000003
[host_monotonic_s=144358.614492] 003237 000002
[host_monotonic_s=144358.616814] 003238 000004
[host_monotonic_s=144358.619122] 003239 000004
[host_monotonic_s=144358.621541] 003240 000001
[host_monotonic_s=144358.623847] 003241 000003
[host_monotonic_s=144358.626292] 003242 000003
[host_monotonic_s=144358.628615] 003243 000004
[host_monotonic_s=144358.631043] 003244 000001
[host_monotonic_s=144358.633389] 003245 000002
[host_monotonic_s=144358.635721] 003246 000004
[host_monotonic_s=144358.638076] 003247 000005
[host_monotonic_s=144358.641681] 003248 000004
[host_monotonic_s=144358.644031] 003249 000002
[host_monotonic_s=144358.646400] 003250 000004
[host_monotonic_s=144358.648764] 003251 000003
[host_monotonic_s=144358.651170] 003254 000003
[host_monotonic_s=144358.653451] 003255 000001
[host_monotonic_s=144358.655777] 003256 000001
[host_monotonic_s=144358.658089] 003257 000002
[host_monotonic_s=144358.660839] 003258 000001
[host_monotonic_s=144358.663173] 003260 000002
[host_monotonic_s=144358.665529] 003261 000001
[host_monotonic_s=144358.667887] 003262 000001
[host_monotonic_s=144358.670347] 003263 000001
[host_monotonic_s=144358.672669] 003265 000002
[host_monotonic_s=144358.675128] 003266 000001
[host_monotonic_s=144358.677443] 003267 000003
[host_monotonic_s=144358.679864] 003269 000001
[host_monotonic_s=144358.682203] 003272 000002
[host_monotonic_s=144358.684531] 003274 000002
[host_monotonic_s=144358.686831] 003275 000003
[host_monotonic_s=144358.689222] 003276 000002
[host_monotonic_s=144358.692093] 003277 000001
[host_monotonic_s=144358.694485] 003278 000001
[host_monotonic_s=144358.696840] 003279 000002
[host_monotonic_s=144358.699326] 003281 000001
[host_monotonic_s=144358.701700] 003282 000001
[host_monotonic_s=144358.704114] 003283 000003
[host_monotonic_s=144358.706457] 003284 000001
[host_monotonic_s=144358.708759] 003286 000001
[host_monotonic_s=144358.711168] 003288 000003
[host_monotonic_s=144358.713453] 003289 000002
[host_monotonic_s=144358.715920] 003290 000002
[host_monotonic_s=144358.718279] 003292 000001
[host_monotonic_s=144358.720701] 003293 000001
[host_monotonic_s=144358.723031] 003294 000003
[host_monotonic_s=144358.725456] 003295 000001
[host_monotonic_s=144358.727753] 003296 000002
[host_monotonic_s=144358.730206] 003298 000001
[host_monotonic_s=144358.732551] 003300 000002
[host_monotonic_s=144358.734863] 003301 000002
[host_monotonic_s=144358.737255] 003302 000001
[host_monotonic_s=144358.739733] 003304 000001
[host_monotonic_s=144358.742120] 003305 000001
[host_monotonic_s=144358.744528] 003306 000001
[host_monotonic_s=144358.746888] 003307 000001
[host_monotonic_s=144358.749256] 003308 000002
[host_monotonic_s=144358.751954] 003309 000002
[host_monotonic_s=144358.754372] 003310 000004
[host_monotonic_s=144358.757234] 003311 000001
[host_monotonic_s=144358.759967] 003312 000004
[host_monotonic_s=144358.762504] 003313 000002
[host_monotonic_s=144358.764918] 003315 000001
[host_monotonic_s=144358.767265] 003316 000001
[host_monotonic_s=144358.769940] 003317 000003
[host_monotonic_s=144358.772414] 003318 000002
[host_monotonic_s=144358.774820] 003319 000002
[host_monotonic_s=144358.777198] 003320 000002
[host_monotonic_s=144358.779652] 003324 000001
[host_monotonic_s=144358.782032] 003328 000003
[host_monotonic_s=144358.784433] 003330 000001
[host_monotonic_s=144358.786851] 003331 000004
[host_monotonic_s=144358.789258] 003333 000001
[host_monotonic_s=144358.792069] 003334 000002
[host_monotonic_s=144358.794453] 003335 000002
[host_monotonic_s=144358.796882] 003336 000002
[host_monotonic_s=144358.799230] 003337 000002
[host_monotonic_s=144358.801759] 003340 000005
[host_monotonic_s=144358.804204] 003342 000003
[host_monotonic_s=144358.806622] 003343 000001
[host_monotonic_s=144358.809053] 003344 000003
[host_monotonic_s=144358.811610] 003345 000003
[host_monotonic_s=144358.814052] 003346 000001
[host_monotonic_s=144358.816460] 003347 000002
[host_monotonic_s=144358.818883] 003348 000001
[host_monotonic_s=144358.821680] 003350 000001
[host_monotonic_s=144359.123205] 003351 000004
[host_monotonic_s=144359.123218] 003353 000003
[host_monotonic_s=144359.123220] 003356 000003
[host_monotonic_s=144359.123223] 003360 000002
[host_monotonic_s=144359.123225] 003361 000001
[host_monotonic_s=144359.123227] 003365 000001
[host_monotonic_s=144359.123229] 003366 000003
[host_monotonic_s=144359.123231] 003369 000002
[host_monotonic_s=144359.123232] 003373 000001
[host_monotonic_s=144359.123235] 003380 000001
[host_monotonic_s=144359.123236] 003381 000001
[host_monotonic_s=144359.123238] 003387 000001
[host_monotonic_s=144359.123240] 003390 000001
[host_monotonic_s=144359.123242] 003391 000003
[host_monotonic_s=144359.123243] 003393 000003
[host_monotonic_s=144359.123245] 003395 000001
[host_monotonic_s=144359.123246] 003396 000002
[host_monotonic_s=144359.123248] 003397 000001
[host_monotonic_s=144359.125387] 003399 000002
[host_monotonic_s=144359.130726] 003403 000001
[host_monotonic_s=144359.133016] 003408 000001
[host_monotonic_s=144359.135290] 003414 000001
[host_monotonic_s=144359.137540] 003415 000001
[host_monotonic_s=144359.140518] 003417 000001
[host_monotonic_s=144359.142836] 003418 000001
[host_monotonic_s=144359.145330] 003427 000001
[host_monotonic_s=144359.147680] 003431 000002
[host_monotonic_s=144359.150294] 003436 000001
[host_monotonic_s=144359.152631] 003442 000001
[host_monotonic_s=144359.154969] 003464 000001
[host_monotonic_s=144359.157309] 003466 000001
[host_monotonic_s=144359.159697] 003469 000001
[host_monotonic_s=144359.162132] 003470 000001
[host_monotonic_s=144359.164611] 003473 000001
[host_monotonic_s=144359.166938] 003477 000001
[host_monotonic_s=144359.169269] 003490 000001
[host_monotonic_s=144359.172188] 003509 000001
[host_monotonic_s=144364.702589] 003518 000001
[host_monotonic_s=144364.702604] 003524 000001
[host_monotonic_s=144364.702607] 003530 000001
[host_monotonic_s=144364.702609] 003536 000001
[host_monotonic_s=144364.702611] 003546 000001
[host_monotonic_s=144364.702613] 003548 000001
[host_monotonic_s=144364.702615] 003570 000001
[host_monotonic_s=144364.702617] 003587 000001
[host_monotonic_s=144364.702619] 003592 000002
[host_monotonic_s=144364.702621] 003594 000001
[host_monotonic_s=144364.702622] 003609 000001
[host_monotonic_s=144364.702624] 003611 000001
[host_monotonic_s=144364.702626] 003613 000001
[host_monotonic_s=144364.702628] 003617 000001
[host_monotonic_s=144364.702630] 003628 000001
[host_monotonic_s=144364.702631] 003629 000001
[host_monotonic_s=144364.702635] 003631 000001
[host_monotonic_s=144364.702637] 003635 000001
[host_monotonic_s=144364.702639] 003636 000001
[host_monotonic_s=144364.709118] 003637 000001
[host_monotonic_s=144364.711498] 003641 000001
[host_monotonic_s=144364.713770] 003642 000001
[host_monotonic_s=144364.716233] 003646 000001
[host_monotonic_s=144364.718524] 003655 000001
[host_monotonic_s=144364.720940] 003656 000001
[host_monotonic_s=144364.723269] 003662 000001
[host_monotonic_s=144364.725618] 003668 000001
[host_monotonic_s=144364.727875] 003669 000002
[host_monotonic_s=144364.730481] 003671 000001
[host_monotonic_s=144364.732754] 003673 000001
[host_monotonic_s=144364.735058] 003674 000001
[host_monotonic_s=144364.737358] 003682 000003
[host_monotonic_s=144364.739709] 003683 000001
[host_monotonic_s=144364.742058] 003688 000002
[host_monotonic_s=144364.744348] 003689 000001
[host_monotonic_s=144364.746651] 003690 000001
[host_monotonic_s=144364.748945] 003707 000001
[host_monotonic_s=144364.751369] 003708 000002
[host_monotonic_s=144364.753693] 003715 000001
[host_monotonic_s=144364.756045] 003716 000001
[host_monotonic_s=144364.758330] 003717 000001
[host_monotonic_s=144364.760909] 003724 000001
[host_monotonic_s=144364.763229] 003728 000001
[host_monotonic_s=144364.765576] 003738 000001
[host_monotonic_s=144364.767940] 003755 000002
[host_monotonic_s=144364.770365] 003757 000001
[host_monotonic_s=144364.772727] 003761 000001
[host_monotonic_s=144364.775092] 003764 000001
[host_monotonic_s=144364.777511] 003766 000001
[host_monotonic_s=144364.780082] 003778 000001
[host_monotonic_s=144364.782412] 003780 000001
[host_monotonic_s=144364.784748] 003781 000001
[host_monotonic_s=144364.787082] 003782 000002
[host_monotonic_s=144364.789480] 003783 000003
[host_monotonic_s=144364.791834] 003784 000001
[host_monotonic_s=144364.794117] 003785 000001
[host_monotonic_s=144364.796485] 003789 000001
[host_monotonic_s=144364.798826] 003791 000003
[host_monotonic_s=144364.801292] 003792 000001
[host_monotonic_s=144364.803637] 003794 000001
[host_monotonic_s=144364.806078] 003796 000001
[host_monotonic_s=144364.808440] 003798 000001
[host_monotonic_s=144364.810853] 003803 000001
[host_monotonic_s=144364.813178] 003804 000001
[host_monotonic_s=144364.815523] 003805 000003
[host_monotonic_s=144364.817831] 003807 000002
[host_monotonic_s=144364.820401] 003808 000001
[host_monotonic_s=144364.822742] 003809 000002
[host_monotonic_s=144364.825065] 003812 000003
[host_monotonic_s=144364.827413] 003813 000001
[host_monotonic_s=144364.829869] 003815 000001
[host_monotonic_s=144364.832242] 003818 000001
[host_monotonic_s=144364.834618] 003825 000001
[host_monotonic_s=144364.837046] 003826 000001
[host_monotonic_s=144364.839766] 003830 000001
[host_monotonic_s=144364.842153] 003832 000001
[host_monotonic_s=144364.844564] 003834 000001
[host_monotonic_s=144364.846959] 003839 000001
[host_monotonic_s=144364.849758] 003840 000001
[host_monotonic_s=144364.852393] 003843 000001
[host_monotonic_s=144364.854879] 003849 000001
[host_monotonic_s=144364.857343] 003855 000001
[host_monotonic_s=144364.860200] 003856 000003
[host_monotonic_s=144364.862701] 003857 000002
[host_monotonic_s=144364.865151] 003858 000002
[host_monotonic_s=144364.867570] 003859 000001
[host_monotonic_s=144364.870315] 003863 000001
[host_monotonic_s=144364.872752] 003867 000001
[host_monotonic_s=144364.875191] 003869 000001
[host_monotonic_s=144364.877642] 003870 000001
[host_monotonic_s=144364.880132] 003871 000003
[host_monotonic_s=144364.882555] 003872 000002
[host_monotonic_s=144364.884958] 003875 000001
[host_monotonic_s=144364.887307] 003876 000001
[host_monotonic_s=144364.889774] 003877 000002
[host_monotonic_s=144364.892210] 003879 000002
[host_monotonic_s=144364.894605] 003881 000001
[host_monotonic_s=144364.896983] 003882 000001
[host_monotonic_s=144364.899399] 003883 000001
[host_monotonic_s=144364.901801] 003886 000001
[host_monotonic_s=144364.904207] 003889 000002
[host_monotonic_s=144364.906689] 003890 000001
[host_monotonic_s=144364.909075] 003891 000001
[host_monotonic_s=144364.911835] 003892 000001
[host_monotonic_s=144364.914165] 003893 000001
[host_monotonic_s=144364.916585] 003895 000001
[host_monotonic_s=144364.918953] 003896 000001
[host_monotonic_s=144364.921735] 003898 000003
[host_monotonic_s=144364.924155] 003900 000001
[host_monotonic_s=144364.926553] 003902 000003
[host_monotonic_s=144364.928947] 003903 000001
[host_monotonic_s=144364.931705] 003905 000003
[host_monotonic_s=144364.934108] 003906 000002
[host_monotonic_s=144364.936545] 003907 000002
[host_monotonic_s=144364.939013] 003908 000002
[host_monotonic_s=144364.941576] 003909 000002
[host_monotonic_s=144364.943953] 003911 000002
[host_monotonic_s=144364.946344] 003912 000001
[host_monotonic_s=144364.948754] 003913 000001
[host_monotonic_s=144364.951287] 003914 000002
[host_monotonic_s=144365.253059] 003916 000002
[host_monotonic_s=144365.253074] 003917 000001
[host_monotonic_s=144365.253077] 003918 000002
[host_monotonic_s=144365.253079] 003919 000001
[host_monotonic_s=144365.253081] 003920 000001
[host_monotonic_s=144365.253083] 003921 000003
[host_monotonic_s=144365.253084] 003923 000001
[host_monotonic_s=144365.253087] 003924 000006
[host_monotonic_s=144365.253088] 003925 000001
[host_monotonic_s=144365.253089] 003926 000004
[host_monotonic_s=144365.253091] 003927 000002
[host_monotonic_s=144365.253093] 003928 000001
[host_monotonic_s=144365.253095] 003929 000002
[host_monotonic_s=144365.253096] 003930 000002
[host_monotonic_s=144365.253098] 003931 000005
[host_monotonic_s=144365.253099] 003932 000001
[host_monotonic_s=144365.253101] 003933 000002
[host_monotonic_s=144365.253103] 003934 000001
[host_monotonic_s=144365.253105] 003935 000001
[host_monotonic_s=144365.260706] 003937 000001
[host_monotonic_s=144365.263060] 003938 000005
[host_monotonic_s=144365.265423] 003939 000003
[host_monotonic_s=144365.267705] 003940 000002
[host_monotonic_s=144365.270246] 003941 000005
[host_monotonic_s=144365.272534] 003942 000001
[host_monotonic_s=144365.274903] 003943 000002
[host_monotonic_s=144365.277164] 003944 000003
[host_monotonic_s=144365.279539] 003945 000004
[host_monotonic_s=144365.281958] 003946 000001
[host_monotonic_s=144365.284637] 003947 000002
[host_monotonic_s=144365.286970] 003948 000004
[host_monotonic_s=144365.289370] 003949 000003
[host_monotonic_s=144365.291778] 003950 000001
[host_monotonic_s=144365.294073] 003951 000007
[host_monotonic_s=144365.296456] 003952 000003
[host_monotonic_s=144365.298751] 003953 000002
[host_monotonic_s=144365.301381] 003954 000002
[host_monotonic_s=144365.303676] 003955 000004
[host_monotonic_s=144365.306239] 003956 000001
[host_monotonic_s=144365.308603] 003957 000005
[host_monotonic_s=144365.311102] 003958 000005
[host_monotonic_s=144365.313430] 003959 000002
[host_monotonic_s=144365.315760] 003960 000002
[host_monotonic_s=144365.318034] 003961 000003
[host_monotonic_s=144365.320556] 003962 000002
[host_monotonic_s=144365.322826] 003963 000003
[host_monotonic_s=144365.325118] 003964 000004
[host_monotonic_s=144365.327403] 003965 000004
[host_monotonic_s=144365.329799] 003966 000004
[host_monotonic_s=144365.332087] 003967 000005
[host_monotonic_s=144365.334325] 003968 000004
[host_monotonic_s=144365.336645] 003969 000003
[host_monotonic_s=144365.338959] 003970 000002
[host_monotonic_s=144365.341578] 003971 000005
[host_monotonic_s=144365.343923] 003972 000003
[host_monotonic_s=144365.346237] 003973 000002
[host_monotonic_s=144365.348670] 003974 000005
[host_monotonic_s=144365.351219] 003975 000003
[host_monotonic_s=144365.353665] 003976 000002
[host_monotonic_s=144365.356272] 003977 000001
[host_monotonic_s=144365.358654] 003978 000003
[host_monotonic_s=144365.361324] 003979 000002
[host_monotonic_s=144365.363698] 003980 000003
[host_monotonic_s=144365.366066] 003981 000004
[host_monotonic_s=144365.368388] 003982 000004
[host_monotonic_s=144365.370780] 003983 000002
[host_monotonic_s=144365.373127] 003984 000003
[host_monotonic_s=144365.375527] 003985 000002
[host_monotonic_s=144365.377827] 003986 000003
[host_monotonic_s=144365.380247] 003987 000001
[host_monotonic_s=144365.382550] 003988 000001
[host_monotonic_s=144365.384866] 003989 000002
[host_monotonic_s=144365.387219] 003990 000001
[host_monotonic_s=144365.389607] 003991 000004
[host_monotonic_s=144365.391929] 003992 000006
[host_monotonic_s=144365.394323] 003993 000001
[host_monotonic_s=144365.396602] 003995 000005
[host_monotonic_s=144365.398907] 003996 000006
[host_monotonic_s=144365.401688] 003997 000004
[host_monotonic_s=144365.404031] 003998 000001
[host_monotonic_s=144365.406451] 003999 000007
[host_monotonic_s=144365.408776] 004000 000005
[host_monotonic_s=144365.411272] 004001 000003
[host_monotonic_s=144365.413590] 004002 000004
[host_monotonic_s=144365.415913] 004004 000005
[host_monotonic_s=144365.418265] 004005 000004
[host_monotonic_s=144365.420876] 004006 000004
[host_monotonic_s=144365.423176] 004007 000003
[host_monotonic_s=144365.425531] 004008 000005
[host_monotonic_s=144365.427862] 004009 000005
[host_monotonic_s=144365.430453] 004010 000004
[host_monotonic_s=144365.432812] 004011 000008
[host_monotonic_s=144365.435188] 004012 000004
[host_monotonic_s=144365.437567] 004013 000003
[host_monotonic_s=144365.440055] 004014 000003
[host_monotonic_s=144365.442471] 004015 000004
[host_monotonic_s=144365.444862] 004016 000004
[host_monotonic_s=144365.447268] 004017 000006
[host_monotonic_s=144365.449753] 004018 000005
[host_monotonic_s=144365.452136] 004019 000007
[host_monotonic_s=144365.454628] 004020 000004
[host_monotonic_s=144365.457065] 004021 000010
[host_monotonic_s=144365.460019] 004022 000011
[host_monotonic_s=144365.462448] 004023 000005
[host_monotonic_s=144365.464879] 004024 000007
[host_monotonic_s=144365.467323] 004025 000006
[host_monotonic_s=144365.469733] 004026 000010
[host_monotonic_s=144365.472184] 004027 000009
[host_monotonic_s=144365.474675] 004028 000010
[host_monotonic_s=144365.477077] 004029 000005
[host_monotonic_s=144365.479600] 004030 000007
[host_monotonic_s=144365.482028] 004031 000003
[host_monotonic_s=144365.484455] 004032 000006
[host_monotonic_s=144365.486834] 004033 000004
[host_monotonic_s=144365.489235] 004034 000007
[host_monotonic_s=144365.491769] 004035 000011
[host_monotonic_s=144365.494204] 004036 000007
[host_monotonic_s=144365.496627] 004037 000006
[host_monotonic_s=144365.499010] 004038 000010
[host_monotonic_s=144365.501510] 004039 000009
[host_monotonic_s=144365.803328] 004040 000009
[host_monotonic_s=144365.803339] 004041 000010
[host_monotonic_s=144365.803341] 004042 000005
[host_monotonic_s=144365.803343] 004043 000009
[host_monotonic_s=144365.803345] 004044 000009
[host_monotonic_s=144365.803346] 004045 000009
[host_monotonic_s=144365.803348] 004046 000010
[host_monotonic_s=144365.803349] 004047 000009
[host_monotonic_s=144365.803351] 004048 000009
[host_monotonic_s=144365.803352] 004049 000010
[host_monotonic_s=144365.803353] 004050 000004
[host_monotonic_s=144365.803355] 004051 000010
[host_monotonic_s=144365.803356] 004052 000007
[host_monotonic_s=144365.803357] 004053 000007
[host_monotonic_s=144365.803359] 004054 000010
[host_monotonic_s=144365.803360] 004055 000009
[host_monotonic_s=144365.803361] 004056 000011
[host_monotonic_s=144365.803362] 004057 000011
[host_monotonic_s=144365.803364] 004058 000008
[host_monotonic_s=144365.810399] 004059 000004
[host_monotonic_s=144365.812653] 004060 000009
[host_monotonic_s=144365.814968] 004061 000008
[host_monotonic_s=144365.817232] 004062 000010
[host_monotonic_s=144365.819596] 004063 000006
[host_monotonic_s=144365.821922] 004064 000011
[host_monotonic_s=144365.824193] 004065 000009
[host_monotonic_s=144365.826488] 004066 000015
[host_monotonic_s=144365.828748] 004067 000010
[host_monotonic_s=144365.831358] 004068 000014
[host_monotonic_s=144365.833620] 004069 000004
[host_monotonic_s=144365.835877] 004070 000010
[host_monotonic_s=144365.838146] 004071 000003
[host_monotonic_s=144365.840734] 004072 000007
[host_monotonic_s=144371.330764] 004073 000004
[host_monotonic_s=144371.330778] 004074 000013
[host_monotonic_s=144371.330781] 004075 000012
[host_monotonic_s=144371.330784] 004076 000001
[host_monotonic_s=144371.330786] 004077 000005
[host_monotonic_s=144371.330788] 004078 000005
[host_monotonic_s=144371.330790] 004079 000005
[host_monotonic_s=144371.330792] 004080 000004
[host_monotonic_s=144371.330794] 004081 000004
[host_monotonic_s=144371.330796] 004082 000007
[host_monotonic_s=144371.330797] 004083 000002
[host_monotonic_s=144371.330799] 004084 000006
[host_monotonic_s=144371.330801] 004085 000004
[host_monotonic_s=144371.330803] 004086 000007
[host_monotonic_s=144371.330804] 004087 000007
[host_monotonic_s=144371.330806] 004088 000006
[host_monotonic_s=144371.330808] 004089 000005
[host_monotonic_s=144371.330809] 004090 000003
[host_monotonic_s=144371.330811] 004091 000004
[host_monotonic_s=144371.337172] 004092 000010
[host_monotonic_s=144371.339514] 004093 000001
[host_monotonic_s=144371.341820] 004094 000001
[host_monotonic_s=144371.344134] 004095 000007
[host_monotonic_s=144371.346439] 004096 000005
[host_monotonic_s=144371.348853] 004097 000003
[host_monotonic_s=144371.351259] 004098 000002
[host_monotonic_s=144371.353611] 004099 000001
[host_monotonic_s=144371.355903] 004100 000002
[host_monotonic_s=144371.358199] 004101 000002
[host_monotonic_s=144371.360778] 004102 000004
[host_monotonic_s=144371.363064] 004103 000002
[host_monotonic_s=144371.365476] 004104 000002
[host_monotonic_s=144371.367801] 004105 000002
[host_monotonic_s=144371.370179] 004106 000002
[host_monotonic_s=144371.372507] 004107 000003
[host_monotonic_s=144371.374818] 004110 000002
[host_monotonic_s=144371.377136] 004111 000001
[host_monotonic_s=144371.379705] 004112 000002
[host_monotonic_s=144371.382005] 004113 000003
[host_monotonic_s=144371.384327] 004114 000002
[host_monotonic_s=144371.386645] 004115 000001
[host_monotonic_s=144371.388964] 004116 000003
[host_monotonic_s=144371.391581] 004117 000001
[host_monotonic_s=144371.393850] 004119 000002
[host_monotonic_s=144371.396176] 004120 000002
[host_monotonic_s=144371.398731] 004121 000002
[host_monotonic_s=144371.401223] 004122 000002
[host_monotonic_s=144371.403550] 004123 000004
[host_monotonic_s=144371.405968] 004124 000003
[host_monotonic_s=144371.408315] 004125 000001
[host_monotonic_s=144371.410766] 004127 000002
[host_monotonic_s=144371.413094] 004129 000001
[host_monotonic_s=144371.415494] 004132 000003
[host_monotonic_s=144371.417804] 004133 000002
[host_monotonic_s=144371.420236] 004135 000002
[host_monotonic_s=144371.422557] 004136 000002
[host_monotonic_s=144371.424885] 004137 000002
[host_monotonic_s=144371.427338] 004139 000001
[host_monotonic_s=144371.429756] 004140 000001
[host_monotonic_s=144371.432516] 004141 000003
[host_monotonic_s=144371.434887] 004144 000001
[host_monotonic_s=144371.437233] 004146 000001
[host_monotonic_s=144371.439622] 004147 000002
[host_monotonic_s=144371.442078] 004148 000001
[host_monotonic_s=144371.444350] 004149 000001
[host_monotonic_s=144371.446698] 004151 000003
[host_monotonic_s=144371.448997] 004152 000001
[host_monotonic_s=144371.451461] 004153 000002
[host_monotonic_s=144371.453795] 004155 000002
[host_monotonic_s=144371.456130] 004158 000001
[host_monotonic_s=144371.458451] 004159 000003
[host_monotonic_s=144371.461007] 004163 000003
[host_monotonic_s=144371.463310] 004164 000002
[host_monotonic_s=144371.465633] 004165 000001
[host_monotonic_s=144371.468003] 004170 000001
[host_monotonic_s=144371.470435] 004171 000001
[host_monotonic_s=144371.472730] 004173 000002
[host_monotonic_s=144371.475038] 004174 000002
[host_monotonic_s=144371.477406] 004175 000001
[host_monotonic_s=144371.479976] 004179 000001
[host_monotonic_s=144371.482378] 004180 000001
[host_monotonic_s=144371.484752] 004181 000001
[host_monotonic_s=144371.487123] 004182 000001
[host_monotonic_s=144371.489849] 004186 000002
[host_monotonic_s=144371.492284] 004187 000002
[host_monotonic_s=144371.494707] 004188 000004
[host_monotonic_s=144371.497134] 004190 000001
[host_monotonic_s=144371.499994] 004191 000002
[host_monotonic_s=144371.502476] 004192 000002
[host_monotonic_s=144371.504899] 004193 000003
[host_monotonic_s=144371.507298] 004195 000001
[host_monotonic_s=144371.509794] 004197 000001
[host_monotonic_s=144371.512242] 004200 000003
[host_monotonic_s=144371.514684] 004202 000001
[host_monotonic_s=144371.517134] 004204 000002
[host_monotonic_s=144371.519617] 004205 000001
[host_monotonic_s=144371.522058] 004207 000001
[host_monotonic_s=144371.524498] 004208 000001
[host_monotonic_s=144371.526876] 004209 000002
[host_monotonic_s=144371.529270] 004210 000001
[host_monotonic_s=144371.532003] 004211 000001
[host_monotonic_s=144371.534542] 004212 000001
[host_monotonic_s=144371.536888] 004213 000002
[host_monotonic_s=144371.539584] 004214 000004
[host_monotonic_s=144371.541959] 004215 000001
[host_monotonic_s=144371.544346] 004217 000003
[host_monotonic_s=144371.546806] 004218 000001
[host_monotonic_s=144371.549301] 004222 000002
[host_monotonic_s=144371.551754] 004223 000001
[host_monotonic_s=144371.554182] 004225 000001
[host_monotonic_s=144371.556667] 004226 000001
[host_monotonic_s=144371.559067] 004228 000001
[host_monotonic_s=144371.561693] 004229 000001
[host_monotonic_s=144371.564055] 004236 000001
[host_monotonic_s=144371.566495] 004237 000002
[host_monotonic_s=144371.568869] 004238 000001
[host_monotonic_s=144371.571591] 004239 000001
[host_monotonic_s=144371.573970] 004241 000002
[host_monotonic_s=144371.576357] 004242 000002
[host_monotonic_s=144371.578705] 004243 000001
[host_monotonic_s=144371.880951] 004246 000002
[host_monotonic_s=144371.880962] 004248 000002
[host_monotonic_s=144371.880964] 004249 000002
[host_monotonic_s=144371.880966] 004250 000001
[host_monotonic_s=144371.880968] 004251 000002
[host_monotonic_s=144371.880969] 004253 000002
[host_monotonic_s=144371.880971] 004254 000001
[host_monotonic_s=144371.880972] 004255 000001
[host_monotonic_s=144371.880974] 004256 000001
[host_monotonic_s=144371.880975] 004258 000001
[host_monotonic_s=144371.880977] 004259 000003
[host_monotonic_s=144371.880978] 004260 000001
[host_monotonic_s=144371.880980] 004261 000002
[host_monotonic_s=144371.880981] 004262 000002
[host_monotonic_s=144371.880982] 004263 000001
[host_monotonic_s=144371.880984] 004266 000001
[host_monotonic_s=144371.880985] 004267 000001
[host_monotonic_s=144371.880986] 004268 000002
[host_monotonic_s=144371.880988] 004270 000001
[host_monotonic_s=144371.887468] 004272 000001
[host_monotonic_s=144371.890548] 004273 000002
[host_monotonic_s=144371.892883] 004274 000002
[host_monotonic_s=144371.895253] 004275 000002
[host_monotonic_s=144371.897569] 004276 000003
[host_monotonic_s=144371.900373] 004278 000001
[host_monotonic_s=144371.902714] 004279 000001
[host_monotonic_s=144371.905024] 004281 000002
[host_monotonic_s=144371.907416] 004282 000001
[host_monotonic_s=144371.909772] 004283 000001
[host_monotonic_s=144371.912154] 004284 000001
[host_monotonic_s=144371.914450] 004286 000001
[host_monotonic_s=144371.916749] 004288 000001
[host_monotonic_s=144371.919066] 004289 000001
[host_monotonic_s=144371.921666] 004291 000001
[host_monotonic_s=144371.923970] 004293 000001
[host_monotonic_s=144371.926308] 004294 000002
[host_monotonic_s=144371.928607] 004295 000002
[host_monotonic_s=144371.931000] 004297 000001
[host_monotonic_s=144371.933361] 004299 000001
[host_monotonic_s=144371.935673] 004300 000001
[host_monotonic_s=144371.937996] 004301 000003
[host_monotonic_s=144371.940385] 004302 000001
[host_monotonic_s=144371.942684] 004303 000002
[host_monotonic_s=144371.945079] 004306 000004
[host_monotonic_s=144371.947433] 004307 000002
[host_monotonic_s=144371.949996] 004312 000001
[host_monotonic_s=144371.952366] 004313 000001
[host_monotonic_s=144371.954698] 004315 000001
[host_monotonic_s=144371.957094] 004318 000001
[host_monotonic_s=144371.959521] 004319 000001
[host_monotonic_s=144371.961854] 004321 000002
[host_monotonic_s=144371.964178] 004323 000001
[host_monotonic_s=144371.966598] 004324 000003
[host_monotonic_s=144371.968944] 004329 000001
[host_monotonic_s=144371.971319] 004331 000001
[host_monotonic_s=144371.973676] 004332 000005
[host_monotonic_s=144371.976252] 004333 000001
[host_monotonic_s=144371.978501] 004334 000001
[host_monotonic_s=144371.981187] 004335 000001
[host_monotonic_s=144371.983842] 004337 000001
[host_monotonic_s=144371.986202] 004338 000002
[host_monotonic_s=144371.988549] 004341 000003
[host_monotonic_s=144371.991238] 004353 000001
[host_monotonic_s=144371.993544] 004355 000002
[host_monotonic_s=144371.995881] 004357 000001
[host_monotonic_s=144371.998232] 004360 000002
[host_monotonic_s=144372.000881] 004368 000004
[host_monotonic_s=144372.003260] 004370 000001
[host_monotonic_s=144372.005608] 004371 000002
[host_monotonic_s=144372.007905] 004372 000002
[host_monotonic_s=144372.010490] 004373 000002
[host_monotonic_s=144372.012785] 004374 000002
[host_monotonic_s=144372.015090] 004378 000001
[host_monotonic_s=144372.017424] 004379 000003
[host_monotonic_s=144372.019844] 004390 000001
[host_monotonic_s=144372.022150] 004394 000001
[host_monotonic_s=144372.024455] 004400 000002
[host_monotonic_s=144372.026767] 004401 000001
[host_monotonic_s=144372.029068] 004402 000001
[host_monotonic_s=144372.031663] 004403 000002
[host_monotonic_s=144372.034074] 004408 000002
[host_monotonic_s=144372.036418] 004412 000002
[host_monotonic_s=144372.038786] 004423 000002
[host_monotonic_s=144372.041271] 004430 000001
[host_monotonic_s=144372.043688] 004431 000001
[host_monotonic_s=144372.046105] 004432 000001
[host_monotonic_s=144372.048573] 004439 000001
[host_monotonic_s=144372.051037] 004443 000001
[host_monotonic_s=144372.053476] 004445 000001
[host_monotonic_s=144372.055921] 004449 000001
[host_monotonic_s=144372.058297] 004450 000002
[host_monotonic_s=144372.060781] 004463 000001
[host_monotonic_s=144372.063206] 004470 000001
[host_monotonic_s=144372.065625] 004482 000001
[host_monotonic_s=144372.068208] 004496 000001
[host_monotonic_s=144372.070826] 004497 000001
[host_monotonic_s=144372.073186] 004498 000002
[host_monotonic_s=144372.075757] 004501 000001
[host_monotonic_s=144372.078171] 004505 000001
[host_monotonic_s=144372.080624] 004507 000001
[host_monotonic_s=144372.083307] 004524 000001
[host_monotonic_s=144372.085653] 004525 000002
[host_monotonic_s=144372.088010] 004527 000001
[host_monotonic_s=144372.090437] 004537 000001
[host_monotonic_s=144372.092803] 004539 000001
[host_monotonic_s=144372.095189] 004543 000001
[host_monotonic_s=144372.097605] 004554 000001
[host_monotonic_s=144372.100318] 004559 000001
[host_monotonic_s=144372.102740] 004579 000001
[host_monotonic_s=144372.105149] 004581 000001
[host_monotonic_s=144372.107547] 004585 000002
[host_monotonic_s=144372.110042] 004593 000001
[host_monotonic_s=144372.112510] 004594 000001
[host_monotonic_s=144372.114899] 004602 000002
[host_monotonic_s=144372.117316] 004619 000001
[host_monotonic_s=144372.119958] 004628 000001
[host_monotonic_s=144372.122435] 004629 000001
[host_monotonic_s=144372.124849] 004637 000001
[host_monotonic_s=144372.127282] 004640 000002
[host_monotonic_s=144372.129953] 004644 000001
[host_monotonic_s=144372.431345] 004645 000001
[host_monotonic_s=144372.431358] 004650 000001
[host_monotonic_s=144372.431361] 004651 000001
[host_monotonic_s=144372.431363] 004652 000001
[host_monotonic_s=144372.431365] 004659 000001
[host_monotonic_s=144372.431367] 004660 000001
[host_monotonic_s=144372.431368] 004662 000001
[host_monotonic_s=144372.431370] 004664 000001
[host_monotonic_s=144372.431371] 004667 000001
[host_monotonic_s=144372.431373] 004673 000001
[host_monotonic_s=144372.431375] 004675 000001
[host_monotonic_s=144372.431376] 004677 000001
[host_monotonic_s=144372.431378] 004684 000001
[host_monotonic_s=144372.431379] 004691 000001
[host_monotonic_s=144372.431381] 004700 000001
[host_monotonic_s=144372.431382] 004703 000002
[host_monotonic_s=144372.431383] 004704 000001
[host_monotonic_s=144372.431385] 004713 000001
[host_monotonic_s=144372.434321] 004720 000002
[host_monotonic_s=144372.440349] 004721 000001
[host_monotonic_s=144372.442648] 004728 000001
[host_monotonic_s=144372.444979] 004729 000001
[host_monotonic_s=144372.447284] 004737 000001
[host_monotonic_s=144372.449689] 004747 000001
[host_monotonic_s=144372.452013] 004748 000001
[host_monotonic_s=144372.454387] 004749 000001
[host_monotonic_s=144372.456680] 004751 000001
[host_monotonic_s=144372.458969] 004759 000001
[host_monotonic_s=144372.461558] 004760 000001
[host_monotonic_s=144372.463856] 004761 000001
[host_monotonic_s=144372.466210] 004765 000001
[host_monotonic_s=144372.468542] 004767 000002
[host_monotonic_s=144372.470957] 004772 000001
[host_monotonic_s=144377.970538] 004778 000001
[host_monotonic_s=144377.970552] 004781 000001
[host_monotonic_s=144377.970555] 004784 000001
[host_monotonic_s=144377.970558] 004787 000001
[host_monotonic_s=144377.970560] 004792 000001
[host_monotonic_s=144377.970562] 004797 000002
[host_monotonic_s=144377.970564] 004800 000001
[host_monotonic_s=144377.970566] 004804 000001
[host_monotonic_s=144377.970568] 004808 000002
[host_monotonic_s=144377.970570] 004809 000001
[host_monotonic_s=144377.970572] 004810 000001
[host_monotonic_s=144377.970574] 004817 000005
[host_monotonic_s=144377.970576] 004822 000001
[host_monotonic_s=144377.970577] 004825 000001
[host_monotonic_s=144377.970579] 004826 000001
[host_monotonic_s=144377.970581] 004829 000001
[host_monotonic_s=144377.970583] 004833 000001
[host_monotonic_s=144377.970585] 004836 000002
[host_monotonic_s=144377.970587] 004837 000002
[host_monotonic_s=144377.977056] 004838 000001
[host_monotonic_s=144377.982081] 004840 000001
[host_monotonic_s=144377.984764] 004841 000001
[host_monotonic_s=144377.987208] 004844 000002
[host_monotonic_s=144377.989681] 004845 000001
[host_monotonic_s=144377.992200] 004848 000001
[host_monotonic_s=144377.994795] 004849 000001
[host_monotonic_s=144377.997316] 004852 000002
[host_monotonic_s=144378.000213] 004859 000001
[host_monotonic_s=144378.002930] 004860 000001
[host_monotonic_s=144378.005257] 004861 000002
[host_monotonic_s=144378.007595] 004863 000001
[host_monotonic_s=144378.010007] 004864 000002
[host_monotonic_s=144378.012365] 004865 000001
[host_monotonic_s=144378.014682] 004866 000002
[host_monotonic_s=144378.017019] 004868 000002
[host_monotonic_s=144378.019457] 004869 000002
[host_monotonic_s=144378.021788] 004870 000001
[host_monotonic_s=144378.024108] 004871 000001
[host_monotonic_s=144378.026487] 004872 000002
[host_monotonic_s=144378.028761] 004873 000002
[host_monotonic_s=144378.031162] 004875 000001
[host_monotonic_s=144378.033483] 004878 000002
[host_monotonic_s=144378.035851] 004879 000003
[host_monotonic_s=144378.038173] 004880 000001
[host_monotonic_s=144378.040557] 004882 000003
[host_monotonic_s=144378.042859] 004883 000003
[host_monotonic_s=144378.045153] 004886 000003
[host_monotonic_s=144378.047508] 004887 000002
[host_monotonic_s=144378.050345] 004888 000002
[host_monotonic_s=144378.052668] 004889 000003
[host_monotonic_s=144378.055011] 004890 000002
[host_monotonic_s=144378.057375] 004891 000001
[host_monotonic_s=144378.059769] 004892 000002
[host_monotonic_s=144378.062101] 004893 000003
[host_monotonic_s=144378.064444] 004894 000005
[host_monotonic_s=144378.067056] 004895 000002
[host_monotonic_s=144378.069842] 004896 000003
[host_monotonic_s=144378.072532] 004897 000002
[host_monotonic_s=144378.075091] 004898 000003
[host_monotonic_s=144378.077616] 004899 000005
[host_monotonic_s=144378.080074] 004900 000002
[host_monotonic_s=144378.082863] 004901 000005
[host_monotonic_s=144378.085403] 004902 000008
[host_monotonic_s=144378.087877] 004903 000006
[host_monotonic_s=144378.090610] 004904 000002
[host_monotonic_s=144378.093110] 004905 000006
[host_monotonic_s=144378.095630] 004906 000011
[host_monotonic_s=144378.098147] 004908 000005
[host_monotonic_s=144378.100829] 004909 000006
[host_monotonic_s=144378.103385] 004910 000006
[host_monotonic_s=144378.105900] 004911 000002
[host_monotonic_s=144378.108422] 004912 000011
[host_monotonic_s=144378.111233] 004913 000007
[host_monotonic_s=144378.113785] 004914 000012
[host_monotonic_s=144378.116296] 004915 000005
[host_monotonic_s=144378.118793] 004916 000005
[host_monotonic_s=144378.121630] 004917 000013
[host_monotonic_s=144378.124137] 004918 000011
[host_monotonic_s=144378.126617] 004919 000016
[host_monotonic_s=144378.129126] 004920 000006
[host_monotonic_s=144378.131779] 004921 000009
[host_monotonic_s=144378.134331] 004922 000005
[host_monotonic_s=144378.136870] 004923 000010
[host_monotonic_s=144378.139641] 004924 000011
[host_monotonic_s=144378.142217] 004925 000014
[host_monotonic_s=144378.145033] 004926 000005
[host_monotonic_s=144378.148605] 004927 000010
[host_monotonic_s=144378.151101] 004928 000011
[host_monotonic_s=144378.153430] 004929 000008
[host_monotonic_s=144378.155812] 004930 000014
[host_monotonic_s=144378.158279] 004931 000005
[host_monotonic_s=144378.160823] 004932 000013
[host_monotonic_s=144378.163682] 004933 000015
[host_monotonic_s=144378.166268] 004934 000013
[host_monotonic_s=144378.168667] 004935 000017
[host_monotonic_s=144378.171109] 004936 000012
[host_monotonic_s=144378.173562] 004937 000015
[host_monotonic_s=144378.175908] 004938 000011
[host_monotonic_s=144378.178327] 004939 000011
[host_monotonic_s=144378.181139] 004940 000014
[host_monotonic_s=144378.183670] 004941 000012
[host_monotonic_s=144378.186030] 004942 000015
[host_monotonic_s=144378.188441] 004943 000015
[host_monotonic_s=144378.191062] 004944 000016
[host_monotonic_s=144378.193515] 004945 000010
[host_monotonic_s=144378.196005] 004946 000010
[host_monotonic_s=144378.198429] 004947 000011
[host_monotonic_s=144378.200929] 004948 000013
[host_monotonic_s=144378.203338] 004949 000017
[host_monotonic_s=144378.206213] 004950 000016
[host_monotonic_s=144378.208628] 004951 000018
[host_monotonic_s=144378.211112] 004952 000012
[host_monotonic_s=144378.213439] 004953 000018
[host_monotonic_s=144378.215791] 004954 000024
[host_monotonic_s=144378.218166] 004955 000016
[host_monotonic_s=144378.520726] 004956 000008
[host_monotonic_s=144378.520736] 004957 000017
[host_monotonic_s=144378.520739] 004958 000015
[host_monotonic_s=144378.520740] 004959 000019
[host_monotonic_s=144378.520742] 004960 000022
[host_monotonic_s=144378.520743] 004961 000008
[host_monotonic_s=144378.520745] 004962 000027
[host_monotonic_s=144378.520746] 004963 000018
[host_monotonic_s=144378.520747] 004964 000014
[host_monotonic_s=144378.520749] 004965 000015
[host_monotonic_s=144378.520750] 004966 000025
[host_monotonic_s=144378.520751] 004967 000021
[host_monotonic_s=144378.520753] 004968 000019
[host_monotonic_s=144378.520754] 004969 000020
[host_monotonic_s=144378.520755] 004970 000016
[host_monotonic_s=144378.520756] 004971 000013
[host_monotonic_s=144378.520757] 004972 000021
[host_monotonic_s=144378.520759] 004973 000021
[host_monotonic_s=144378.520760] 004974 000020
[host_monotonic_s=144378.526292] 004975 000016
[host_monotonic_s=144378.529273] 004976 000014
[host_monotonic_s=144378.532033] 004977 000021
[host_monotonic_s=144378.534341] 004978 000016
[host_monotonic_s=144378.536720] 004979 000016
[host_monotonic_s=144378.539077] 004980 000012
[host_monotonic_s=144378.541487] 004981 000010
[host_monotonic_s=144378.543772] 004982 000015
[host_monotonic_s=144378.546474] 004983 000011
[host_monotonic_s=144378.548868] 004984 000013
[host_monotonic_s=144378.551320] 004985 000014
[host_monotonic_s=144378.553640] 004986 000012
[host_monotonic_s=144378.555946] 004987 000008
[host_monotonic_s=144378.558235] 004988 000010
[host_monotonic_s=144378.560703] 004989 000009
[host_monotonic_s=144378.563022] 004990 000010
[host_monotonic_s=144378.565471] 004991 000015
[host_monotonic_s=144378.567783] 004992 000008
[host_monotonic_s=144378.570198] 004993 000010
[host_monotonic_s=144378.572519] 004994 000022
[host_monotonic_s=144378.574822] 004995 000010
[host_monotonic_s=144378.577147] 004996 000015
[host_monotonic_s=144378.579501] 004997 000013
[host_monotonic_s=144378.581835] 004998 000012
[host_monotonic_s=144378.584157] 004999 000014
[host_monotonic_s=144378.586537] 005000 000010
[host_monotonic_s=144378.588872] 005001 000011
[host_monotonic_s=144378.591296] 005002 000012
[host_monotonic_s=144378.593938] 005003 000014
[host_monotonic_s=144378.596236] 005004 000019
[host_monotonic_s=144378.598563] 005005 000017
[host_monotonic_s=144378.601579] 005006 000018
[host_monotonic_s=144378.603957] 005007 000021
[host_monotonic_s=144378.606312] 005008 000026
[host_monotonic_s=144378.608644] 005009 000027
[host_monotonic_s=144378.611384] 005010 000026
[host_monotonic_s=144378.613697] 005011 000018
[host_monotonic_s=144378.616086] 005012 000023
[host_monotonic_s=144378.618366] 005013 000034
[host_monotonic_s=144378.621016] 005014 000025
[host_monotonic_s=144378.623473] 005015 000028
[host_monotonic_s=144378.625800] 005016 000034
[host_monotonic_s=144378.628228] 005017 000027
[host_monotonic_s=144378.630916] 005018 000037
[host_monotonic_s=144378.633244] 005019 000029
[host_monotonic_s=144378.635544] 005020 000036
[host_monotonic_s=144378.637855] 005021 000031
[host_monotonic_s=144378.640238] 005022 000033
[host_monotonic_s=144378.642542] 005023 000037
[host_monotonic_s=144378.644829] 005024 000042
[host_monotonic_s=144378.647149] 005025 000043
[host_monotonic_s=144378.649526] 005026 000036
[host_monotonic_s=144378.651869] 005027 000039
[host_monotonic_s=144378.654310] 005028 000047
[host_monotonic_s=144378.656616] 005029 000041
[host_monotonic_s=144378.658969] 005030 000033
[host_monotonic_s=144378.661652] 005031 000051
[host_monotonic_s=144378.663937] 005032 000051
[host_monotonic_s=144378.666395] 005033 000052
[host_monotonic_s=144378.668701] 005034 000055
[host_monotonic_s=144378.671131] 005035 000073
[host_monotonic_s=144378.673455] 005036 000055
[host_monotonic_s=144378.675843] 005037 000053
[host_monotonic_s=144378.678217] 005038 000069
[host_monotonic_s=144378.681033] 005039 000065
[host_monotonic_s=144378.683458] 005040 000056
[host_monotonic_s=144378.685884] 005041 000056
[host_monotonic_s=144378.688315] 005042 000059
[host_monotonic_s=144378.691075] 005043 000067
[host_monotonic_s=144378.693766] 005044 000067
[host_monotonic_s=144378.696231] 005045 000070
[host_monotonic_s=144378.698721] 005046 000070
[host_monotonic_s=144378.701375] 005047 000077
[host_monotonic_s=144378.704016] 005048 000084
[host_monotonic_s=144378.706468] 005049 000076
[host_monotonic_s=144378.709178] 005050 000073
[host_monotonic_s=144378.711696] 005051 000078
[host_monotonic_s=144378.714165] 005052 000083
[host_monotonic_s=144378.716650] 005053 000076
[host_monotonic_s=144378.719039] 005054 000079
[host_monotonic_s=144378.721716] 005055 000080
[host_monotonic_s=144378.724447] 005056 000067
[host_monotonic_s=144378.726853] 005057 000073
[host_monotonic_s=144378.729610] 005058 000064
[host_monotonic_s=144378.731982] 005059 000071
[host_monotonic_s=144378.734407] 005060 000072
[host_monotonic_s=144378.736734] 005061 000069
[host_monotonic_s=144378.739057] 005062 000070
[host_monotonic_s=144378.741552] 005063 000057
[host_monotonic_s=144378.743901] 005064 000047
[host_monotonic_s=144378.746273] 005065 000056
[host_monotonic_s=144378.748675] 005066 000050
[host_monotonic_s=144378.751383] 005067 000047
[host_monotonic_s=144378.753760] 005068 000059
[host_monotonic_s=144378.756209] 005069 000056
[host_monotonic_s=144378.758627] 005070 000049
[host_monotonic_s=144378.761173] 005071 000046
[host_monotonic_s=144378.763583] 005072 000036
[host_monotonic_s=144378.766051] 005073 000045
[host_monotonic_s=144378.768459] 005074 000031
[host_monotonic_s=144379.071388] 005075 000042
[host_monotonic_s=144379.071403] 005076 000057
[host_monotonic_s=144379.071406] 005077 000040
[host_monotonic_s=144379.071409] 005078 000035
[host_monotonic_s=144379.071411] 005079 000037
[host_monotonic_s=144379.071413] 005080 000040
[host_monotonic_s=144379.071414] 005081 000035
[host_monotonic_s=144379.071416] 005082 000024
[host_monotonic_s=144379.071418] 005083 000033
[host_monotonic_s=144379.071420] 005084 000027
[host_monotonic_s=144379.071422] 005085 000024
[host_monotonic_s=144379.071424] 005086 000025
[host_monotonic_s=144379.071426] 005087 000018
[host_monotonic_s=144379.071428] 005088 000024
[host_monotonic_s=144379.071429] 005089 000020
[host_monotonic_s=144379.071431] 005090 000027
[host_monotonic_s=144379.071433] 005091 000018
[host_monotonic_s=144379.071434] 005092 000020
[host_monotonic_s=144379.071436] 005093 000014
[host_monotonic_s=144379.077735] 005094 000017
[host_monotonic_s=144379.081746] 005095 000014
[host_monotonic_s=144379.084202] 005096 000019
[host_monotonic_s=144379.087002] 005097 000022
[host_monotonic_s=144379.089294] 005098 000012
[host_monotonic_s=144379.091923] 005099 000018
[host_monotonic_s=144379.094252] 005100 000014
[host_monotonic_s=144379.096551] 005101 000012
[host_monotonic_s=144379.098863] 005102 000009
[host_monotonic_s=144379.101538] 005103 000009
[host_monotonic_s=144379.103848] 005104 000011
[host_monotonic_s=144379.106182] 005105 000012
[host_monotonic_s=144379.108488] 005106 000009
[host_monotonic_s=144379.111106] 005107 000010
[host_monotonic_s=144379.113359] 005108 000015
[host_monotonic_s=144379.115694] 005109 000007
[host_monotonic_s=144379.118041] 005110 000006
[host_monotonic_s=144379.120614] 005111 000009
[host_monotonic_s=144379.122921] 005112 000011
[host_monotonic_s=144379.125239] 005113 000008
[host_monotonic_s=144384.674543] 005114 000003
[host_monotonic_s=144384.674560] 005115 000005
[host_monotonic_s=144384.674564] 005116 000010
[host_monotonic_s=144384.674567] 005117 000008
[host_monotonic_s=144384.674571] 005118 000007
[host_monotonic_s=144384.674573] 005119 000011
[host_monotonic_s=144384.674576] 005120 000006
[host_monotonic_s=144384.674578] 005121 000005
[host_monotonic_s=144384.674581] 005122 000006
[host_monotonic_s=144384.674583] 005123 000008
[host_monotonic_s=144384.674585] 005124 000003
[host_monotonic_s=144384.674588] 005125 000004
[host_monotonic_s=144384.674591] 005126 000006
[host_monotonic_s=144384.674594] 005127 000004
[host_monotonic_s=144384.674597] 005128 000006
[host_monotonic_s=144384.674599] 005129 000003
[host_monotonic_s=144384.674601] 005130 000002
[host_monotonic_s=144384.674604] 005131 000004
[host_monotonic_s=144384.674606] 005132 000007
[host_monotonic_s=144384.680192] 005133 000003
[host_monotonic_s=144384.683104] 005134 000007
[host_monotonic_s=144384.685494] 005135 000004
[host_monotonic_s=144384.687873] 005136 000005
[host_monotonic_s=144384.690493] 005137 000006
[host_monotonic_s=144384.692881] 005138 000003
[host_monotonic_s=144384.695341] 005139 000004
[host_monotonic_s=144384.697714] 005140 000005
[host_monotonic_s=144384.700404] 005141 000002
[host_monotonic_s=144384.702842] 005142 000007
[host_monotonic_s=144384.705323] 005143 000003
[host_monotonic_s=144384.707864] 005144 000001
[host_monotonic_s=144384.710575] 005145 000001
[host_monotonic_s=144384.712981] 005146 000002
[host_monotonic_s=144384.715550] 005147 000001
[host_monotonic_s=144384.718112] 005148 000003
[host_monotonic_s=144384.720722] 005149 000002
[host_monotonic_s=144384.723024] 005150 000003
[host_monotonic_s=144384.725382] 005151 000003
[host_monotonic_s=144384.727684] 005152 000005
[host_monotonic_s=144384.730115] 005153 000004
[host_monotonic_s=144384.732440] 005154 000002
[host_monotonic_s=144384.734770] 005155 000008
[host_monotonic_s=144384.737168] 005156 000002
[host_monotonic_s=144384.739754] 005157 000001
[host_monotonic_s=144384.742064] 005158 000002
[host_monotonic_s=144384.744462] 005159 000002
[host_monotonic_s=144384.746764] 005161 000001
[host_monotonic_s=144384.749158] 005162 000002
[host_monotonic_s=144384.751628] 005163 000001
[host_monotonic_s=144384.753914] 005164 000006
[host_monotonic_s=144384.756233] 005165 000003
[host_monotonic_s=144384.758516] 005166 000003
[host_monotonic_s=144384.761079] 005167 000002
[host_monotonic_s=144384.763511] 005168 000003
[host_monotonic_s=144384.765840] 005169 000002
[host_monotonic_s=144384.768137] 005170 000003
[host_monotonic_s=144384.770547] 005171 000002
[host_monotonic_s=144384.772850] 005173 000001
[host_monotonic_s=144384.775242] 005174 000003
[host_monotonic_s=144384.777711] 005175 000002
[host_monotonic_s=144384.780076] 005176 000003
[host_monotonic_s=144384.782408] 005177 000003
[host_monotonic_s=144384.784721] 005178 000003
[host_monotonic_s=144384.787032] 005179 000002
[host_monotonic_s=144384.789488] 005180 000001
[host_monotonic_s=144384.791899] 005181 000001
[host_monotonic_s=144384.794287] 005182 000001
[host_monotonic_s=144384.796606] 005183 000001
[host_monotonic_s=144384.798999] 005184 000001
[host_monotonic_s=144384.801520] 005186 000003
[host_monotonic_s=144384.803936] 005187 000002
[host_monotonic_s=144384.806405] 005188 000001
[host_monotonic_s=144384.808800] 005189 000002
[host_monotonic_s=144384.811331] 005190 000001
[host_monotonic_s=144384.813749] 005191 000004
[host_monotonic_s=144384.816165] 005192 000001
[host_monotonic_s=144384.818601] 005193 000001
[host_monotonic_s=144384.821123] 005194 000003
[host_monotonic_s=144384.823572] 005195 000003
[host_monotonic_s=144384.826029] 005196 000001
[host_monotonic_s=144384.828425] 005197 000002
[host_monotonic_s=144384.830912] 005198 000003
[host_monotonic_s=144384.833302] 005199 000001
[host_monotonic_s=144384.835755] 005200 000004
[host_monotonic_s=144384.838245] 005201 000003
[host_monotonic_s=144384.840984] 005202 000001
[host_monotonic_s=144384.843430] 005204 000001
[host_monotonic_s=144384.845854] 005205 000004
[host_monotonic_s=144384.848258] 005206 000001
[host_monotonic_s=144384.850961] 005207 000002
[host_monotonic_s=144384.853370] 005208 000002
[host_monotonic_s=144384.855818] 005209 000003
[host_monotonic_s=144384.858226] 005210 000002
[host_monotonic_s=144384.860679] 005211 000002
[host_monotonic_s=144384.863243] 005213 000001
[host_monotonic_s=144384.865643] 005214 000001
[host_monotonic_s=144384.868055] 005215 000003
[host_monotonic_s=144384.870586] 005216 000002
[host_monotonic_s=144384.872950] 005217 000001
[host_monotonic_s=144384.875434] 005219 000002
[host_monotonic_s=144384.877806] 005220 000003
[host_monotonic_s=144384.880306] 005221 000001
[host_monotonic_s=144384.882713] 005222 000002
[host_monotonic_s=144384.885189] 005223 000001
[host_monotonic_s=144384.887600] 005224 000001
[host_monotonic_s=144384.890288] 005225 000003
[host_monotonic_s=144384.892724] 005226 000001
[host_monotonic_s=144384.895152] 005227 000001
[host_monotonic_s=144384.897546] 005229 000003
[host_monotonic_s=144384.900057] 005230 000002
[host_monotonic_s=144384.902504] 005231 000001
[host_monotonic_s=144384.904918] 005232 000002
[host_monotonic_s=144384.907296] 005233 000004
[host_monotonic_s=144384.909840] 005234 000003
[host_monotonic_s=144384.912275] 005235 000002
[host_monotonic_s=144384.914625] 005237 000001
[host_monotonic_s=144384.916998] 005238 000001
[host_monotonic_s=144384.919465] 005239 000001
[host_monotonic_s=144384.921902] 005240 000002
[host_monotonic_s=144385.224878] 005242 000001
[host_monotonic_s=144385.224894] 005244 000001
[host_monotonic_s=144385.224897] 005245 000001
[host_monotonic_s=144385.224900] 005246 000003
[host_monotonic_s=144385.224902] 005247 000003
[host_monotonic_s=144385.224904] 005248 000004
[host_monotonic_s=144385.224906] 005249 000003
[host_monotonic_s=144385.224909] 005250 000002
[host_monotonic_s=144385.224911] 005252 000002
[host_monotonic_s=144385.224912] 005253 000001
[host_monotonic_s=144385.224914] 005254 000001
[host_monotonic_s=144385.224916] 005255 000002
[host_monotonic_s=144385.224918] 005256 000005
[host_monotonic_s=144385.224920] 005257 000001
[host_monotonic_s=144385.224922] 005258 000001
[host_monotonic_s=144385.224924] 005259 000001
[host_monotonic_s=144385.224926] 005260 000001
[host_monotonic_s=144385.224928] 005261 000003
[host_monotonic_s=144385.224930] 005264 000003
[host_monotonic_s=144385.231365] 005265 000002
[host_monotonic_s=144385.233646] 005266 000002
[host_monotonic_s=144385.235945] 005267 000002
[host_monotonic_s=144385.238254] 005268 000001
[host_monotonic_s=144385.240616] 005269 000002
[host_monotonic_s=144385.242925] 005270 000002
[host_monotonic_s=144385.245310] 005271 000001
[host_monotonic_s=144385.247643] 005273 000001
[host_monotonic_s=144385.250013] 005274 000002
[host_monotonic_s=144385.252354] 005275 000001
[host_monotonic_s=144385.254701] 005276 000001
[host_monotonic_s=144385.257033] 005278 000002
[host_monotonic_s=144385.259368] 005280 000001
[host_monotonic_s=144385.261878] 005281 000001
[host_monotonic_s=144385.264182] 005282 000002
[host_monotonic_s=144385.266478] 005283 000001
[host_monotonic_s=144385.268853] 005284 000004
[host_monotonic_s=144385.271294] 005285 000003
[host_monotonic_s=144385.273601] 005286 000002
[host_monotonic_s=144385.276060] 005287 000004
[host_monotonic_s=144385.278522] 005288 000004
[host_monotonic_s=144385.280988] 005289 000001
[host_monotonic_s=144385.283327] 005290 000001
[host_monotonic_s=144385.285874] 005291 000002
[host_monotonic_s=144385.288173] 005292 000002
[host_monotonic_s=144385.290652] 005293 000002
[host_monotonic_s=144385.293081] 005294 000001
[host_monotonic_s=144385.295433] 005295 000001
[host_monotonic_s=144385.297782] 005296 000001
[host_monotonic_s=144385.300200] 005297 000003
[host_monotonic_s=144385.302598] 005298 000002
[host_monotonic_s=144385.304917] 005299 000001
[host_monotonic_s=144385.307271] 005300 000003
[host_monotonic_s=144385.309891] 005301 000003
[host_monotonic_s=144385.312523] 005302 000002
[host_monotonic_s=144385.314854] 005303 000004
[host_monotonic_s=144385.317186] 005304 000002
[host_monotonic_s=144385.319808] 005305 000002
[host_monotonic_s=144385.322222] 005306 000003
[host_monotonic_s=144385.324525] 005307 000004
[host_monotonic_s=144385.326986] 005308 000003
[host_monotonic_s=144385.329613] 005309 000002
[host_monotonic_s=144385.331942] 005310 000002
[host_monotonic_s=144385.334286] 005311 000003
[host_monotonic_s=144385.336567] 005312 000001
[host_monotonic_s=144385.338879] 005313 000002
[host_monotonic_s=144385.341268] 005314 000001
[host_monotonic_s=144385.343668] 005315 000001
[host_monotonic_s=144385.346022] 005316 000002
[host_monotonic_s=144385.348486] 005317 000003
[host_monotonic_s=144385.350977] 005318 000002
[host_monotonic_s=144385.353379] 005319 000003
[host_monotonic_s=144385.355857] 005320 000001
[host_monotonic_s=144385.358240] 005324 000001
[host_monotonic_s=144385.360871] 005325 000003
[host_monotonic_s=144385.363246] 005326 000003
[host_monotonic_s=144385.365578] 005328 000004
[host_monotonic_s=144385.367900] 005330 000002
[host_monotonic_s=144385.370332] 005334 000001
[host_monotonic_s=144385.372698] 005335 000002
[host_monotonic_s=144385.375033] 005336 000004
[host_monotonic_s=144385.377438] 005339 000001
[host_monotonic_s=144385.379879] 005340 000003
[host_monotonic_s=144385.382275] 005341 000001
[host_monotonic_s=144385.384619] 005342 000003
[host_monotonic_s=144385.386969] 005343 000001
[host_monotonic_s=144385.389423] 005344 000006
[host_monotonic_s=144385.391784] 005345 000001
[host_monotonic_s=144385.394077] 005346 000002
[host_monotonic_s=144385.396354] 005347 000002
[host_monotonic_s=144385.398645] 005348 000001
[host_monotonic_s=144385.401405] 005351 000003
[host_monotonic_s=144385.403718] 005352 000001
[host_monotonic_s=144385.406063] 005354 000002
[host_monotonic_s=144385.408404] 005355 000003
[host_monotonic_s=144385.410846] 005358 000002
[host_monotonic_s=144385.413186] 005360 000001
[host_monotonic_s=144385.415566] 005361 000001
[host_monotonic_s=144385.417914] 005364 000002
[host_monotonic_s=144385.420385] 005365 000001
[host_monotonic_s=144385.422765] 005366 000002
[host_monotonic_s=144385.425170] 005368 000001
[host_monotonic_s=144385.427616] 005369 000001
[host_monotonic_s=144385.430228] 005370 000002
[host_monotonic_s=144385.432623] 005371 000003
[host_monotonic_s=144385.434990] 005372 000002
[host_monotonic_s=144385.437398] 005373 000001
[host_monotonic_s=144385.440136] 005374 000001
[host_monotonic_s=144385.442575] 005375 000001
[host_monotonic_s=144385.445056] 005376 000001
[host_monotonic_s=144385.447368] 005377 000003
[host_monotonic_s=144385.449800] 005378 000003
[host_monotonic_s=144385.452240] 005380 000001
[host_monotonic_s=144385.454686] 005381 000001
[host_monotonic_s=144385.457152] 005382 000001
[host_monotonic_s=144385.459900] 005383 000001
[host_monotonic_s=144385.462362] 005391 000001
[host_monotonic_s=144385.464770] 005392 000001
[host_monotonic_s=144385.467171] 005393 000002
[host_monotonic_s=144385.469893] 005394 000001
[host_monotonic_s=144385.472372] 005395 000001
[host_monotonic_s=144385.775299] 005396 000003
[host_monotonic_s=144385.775314] 005397 000001
[host_monotonic_s=144385.775317] 005399 000001
[host_monotonic_s=144385.775320] 005400 000002
[host_monotonic_s=144385.775322] 005402 000003
[host_monotonic_s=144385.775324] 005403 000001
[host_monotonic_s=144385.775326] 005408 000001
[host_monotonic_s=144385.775328] 005412 000002
[host_monotonic_s=144385.775330] 005413 000001
[host_monotonic_s=144385.775332] 005414 000001
[host_monotonic_s=144385.775334] 005417 000001
[host_monotonic_s=144385.775336] 005418 000004
[host_monotonic_s=144385.775338] 005421 000002
[host_monotonic_s=144385.775339] 005424 000001
[host_monotonic_s=144385.775341] 005425 000003
[host_monotonic_s=144385.775342] 005429 000001
[host_monotonic_s=144385.775344] 005432 000001
[host_monotonic_s=144385.775346] 005435 000001
[host_monotonic_s=144385.775347] 005436 000001
[host_monotonic_s=144385.781603] 005437 000001
[host_monotonic_s=144385.784533] 005439 000001
[host_monotonic_s=144385.786812] 005445 000001
[host_monotonic_s=144385.789091] 005446 000001
[host_monotonic_s=144385.791507] 005453 000001
[host_monotonic_s=144385.793849] 005454 000002
[host_monotonic_s=144385.796315] 005462 000001
[host_monotonic_s=144385.798648] 005463 000001
[host_monotonic_s=144385.801090] 005476 000002
[host_monotonic_s=144385.803399] 005478 000002
[host_monotonic_s=144385.805720] 005482 000001
[host_monotonic_s=144385.808034] 005494 000001
[host_monotonic_s=144385.810623] 005498 000001
[host_monotonic_s=144385.813044] 005500 000001
[host_monotonic_s=144385.815373] 005504 000001
[host_monotonic_s=144391.322478] 005507 000001
[host_monotonic_s=144391.322490] 005508 000001
[host_monotonic_s=144391.322492] 005510 000001
[host_monotonic_s=144391.322494] 005526 000002
[host_monotonic_s=144391.322496] 005528 000001
[host_monotonic_s=144391.322497] 005530 000001
[host_monotonic_s=144391.322499] 005535 000001
[host_monotonic_s=144391.322501] 005538 000002
[host_monotonic_s=144391.322502] 005539 000001
[host_monotonic_s=144391.322504] 005549 000001
[host_monotonic_s=144391.322505] 005554 000001
[host_monotonic_s=144391.322507] 005577 000002
[host_monotonic_s=144391.322508] 005585 000001
[host_monotonic_s=144391.322510] 005589 000001
[host_monotonic_s=144391.322512] 005591 000001
[host_monotonic_s=144391.322513] 005597 000001
[host_monotonic_s=144391.322514] 005611 000003
[host_monotonic_s=144391.322515] 005619 000001
[host_monotonic_s=144391.322517] 005621 000002
[host_monotonic_s=144391.327823] 005630 000001
[host_monotonic_s=144391.333337] 005637 000002
[host_monotonic_s=144391.336143] 005650 000002
[host_monotonic_s=144391.338448] 005657 000001
[host_monotonic_s=144391.340851] 005659 000001
[host_monotonic_s=144391.343230] 005664 000001
[host_monotonic_s=144391.345507] 005673 000001
[host_monotonic_s=144391.348151] 005683 000001
[host_monotonic_s=144391.351089] 005692 000001
[host_monotonic_s=144391.353446] 005698 000001
[host_monotonic_s=144391.355769] 005701 000001
[host_monotonic_s=144391.358084] 005712 000001
[host_monotonic_s=144391.360455] 005713 000001
[host_monotonic_s=144391.362755] 005721 000001
[host_monotonic_s=144391.365281] 005727 000001
[host_monotonic_s=144391.367595] 005728 000001
[host_monotonic_s=144391.369976] 005737 000002
[host_monotonic_s=144391.372316] 005738 000001
[host_monotonic_s=144391.374657] 005745 000001
[host_monotonic_s=144391.377064] 005753 000001
[host_monotonic_s=144391.379456] 005757 000001
[host_monotonic_s=144391.382419] 005762 000001
[host_monotonic_s=144391.384743] 005764 000001
[host_monotonic_s=144391.387045] 005786 000001
[host_monotonic_s=144391.389683] 005788 000002
[host_monotonic_s=144391.392096] 005789 000001
[host_monotonic_s=144391.394456] 005791 000001
[host_monotonic_s=144391.396853] 005792 000001
[host_monotonic_s=144391.399259] 005799 000001
[host_monotonic_s=144391.401899] 005800 000001
[host_monotonic_s=144391.404315] 005811 000001
[host_monotonic_s=144391.406601] 005812 000001
[host_monotonic_s=144391.408954] 005819 000001
[host_monotonic_s=144391.411873] 005823 000001
[host_monotonic_s=144391.414441] 005830 000002
[host_monotonic_s=144391.416796] 005840 000001
[host_monotonic_s=144391.419121] 005841 000001
[host_monotonic_s=144391.421580] 005843 000001
[host_monotonic_s=144391.424395] 005845 000001
[host_monotonic_s=144391.426711] 005853 000001
[host_monotonic_s=144391.429012] 005854 000001
[host_monotonic_s=144391.431457] 005856 000001
[host_monotonic_s=144391.433761] 005861 000001
[host_monotonic_s=144391.436065] 005864 000002
[host_monotonic_s=144391.438369] 005868 000001
[host_monotonic_s=144391.441189] 005871 000001
[host_monotonic_s=144391.443645] 005872 000001
[host_monotonic_s=144391.446042] 005875 000001
[host_monotonic_s=144391.448455] 005877 000001
[host_monotonic_s=144391.451133] 005878 000001
[host_monotonic_s=144391.453549] 005883 000001
[host_monotonic_s=144391.455881] 005885 000001
[host_monotonic_s=144391.458152] 005891 000001
[host_monotonic_s=144391.460560] 005892 000001
[host_monotonic_s=144391.463302] 005895 000001
[host_monotonic_s=144391.465644] 005896 000002
[host_monotonic_s=144391.467941] 005900 000001
[host_monotonic_s=144391.470353] 005901 000001
[host_monotonic_s=144391.472653] 005902 000002
[host_monotonic_s=144391.474951] 005903 000002
[host_monotonic_s=144391.477354] 005907 000001
[host_monotonic_s=144391.479973] 005908 000001
[host_monotonic_s=144391.482289] 005910 000001
[host_monotonic_s=144391.484615] 005912 000001
[host_monotonic_s=144391.486981] 005913 000001
[host_monotonic_s=144391.489662] 005915 000001
[host_monotonic_s=144391.492127] 005918 000002
[host_monotonic_s=144391.494512] 005919 000001
[host_monotonic_s=144391.496957] 005921 000002
[host_monotonic_s=144391.499521] 005922 000002
[host_monotonic_s=144391.501951] 005923 000001
[host_monotonic_s=144391.504331] 005924 000002
[host_monotonic_s=144391.506713] 005925 000001
[host_monotonic_s=144391.509427] 005927 000001
[host_monotonic_s=144391.511899] 005928 000001
[host_monotonic_s=144391.514304] 005931 000001
[host_monotonic_s=144391.516676] 005933 000002
[host_monotonic_s=144391.519104] 005934 000002
[host_monotonic_s=144391.521615] 005935 000001
[host_monotonic_s=144391.524015] 005936 000002
[host_monotonic_s=144391.526705] 005937 000002
[host_monotonic_s=144391.529089] 005938 000002
[host_monotonic_s=144391.531644] 005939 000003
[host_monotonic_s=144391.534029] 005940 000002
[host_monotonic_s=144391.536467] 005941 000006
[host_monotonic_s=144391.538871] 005942 000001
[host_monotonic_s=144391.541696] 005943 000002
[host_monotonic_s=144391.544101] 005944 000004
[host_monotonic_s=144391.546500] 005945 000001
[host_monotonic_s=144391.548903] 005947 000001
[host_monotonic_s=144391.551426] 005948 000003
[host_monotonic_s=144391.553881] 005949 000002
[host_monotonic_s=144391.556333] 005951 000001
[host_monotonic_s=144391.558747] 005952 000005
[host_monotonic_s=144391.561322] 005953 000005
[host_monotonic_s=144391.563726] 005956 000003
[host_monotonic_s=144391.566154] 005957 000001
[host_monotonic_s=144391.568577] 005958 000002
[host_monotonic_s=144391.571317] 005959 000001
[host_monotonic_s=144391.872819] 005960 000002
[host_monotonic_s=144391.872832] 005961 000003
[host_monotonic_s=144391.872835] 005962 000001
[host_monotonic_s=144391.872837] 005963 000001
[host_monotonic_s=144391.872839] 005965 000003
[host_monotonic_s=144391.872841] 005966 000004
[host_monotonic_s=144391.872843] 005968 000002
[host_monotonic_s=144391.872845] 005969 000005
[host_monotonic_s=144391.872846] 005970 000002
[host_monotonic_s=144391.872848] 005972 000003
[host_monotonic_s=144391.872850] 005973 000002
[host_monotonic_s=144391.872852] 005974 000003
[host_monotonic_s=144391.872853] 005977 000003
[host_monotonic_s=144391.872855] 005978 000001
[host_monotonic_s=144391.872856] 005979 000001
[host_monotonic_s=144391.872858] 005980 000002
[host_monotonic_s=144391.872859] 005981 000002
[host_monotonic_s=144391.872861] 005982 000001
[host_monotonic_s=144391.872863] 005983 000002
[host_monotonic_s=144391.880673] 005985 000003
[host_monotonic_s=144391.882948] 005986 000002
[host_monotonic_s=144391.885313] 005987 000002
[host_monotonic_s=144391.887613] 005988 000001
[host_monotonic_s=144391.890037] 005989 000003
[host_monotonic_s=144391.892402] 005990 000001
[host_monotonic_s=144391.894708] 005991 000001
[host_monotonic_s=144391.897010] 005992 000001
[host_monotonic_s=144391.899502] 005993 000001
[host_monotonic_s=144391.901837] 005994 000001
[host_monotonic_s=144391.904133] 005995 000004
[host_monotonic_s=144391.906432] 005996 000002
[host_monotonic_s=144391.908778] 005997 000003
[host_monotonic_s=144391.911217] 005998 000002
[host_monotonic_s=144391.913543] 005999 000001
[host_monotonic_s=144391.915908] 006000 000003
[host_monotonic_s=144391.918219] 006002 000002
[host_monotonic_s=144391.920607] 006003 000002
[host_monotonic_s=144391.922917] 006004 000004
[host_monotonic_s=144391.925236] 006005 000004
[host_monotonic_s=144391.927547] 006006 000003
[host_monotonic_s=144391.929956] 006007 000002
[host_monotonic_s=144391.932300] 006008 000003
[host_monotonic_s=144391.934611] 006009 000002
[host_monotonic_s=144391.936942] 006010 000001
[host_monotonic_s=144391.939550] 006011 000003
[host_monotonic_s=144391.941880] 006012 000003
[host_monotonic_s=144391.944170] 006013 000003
[host_monotonic_s=144391.946506] 006014 000004
[host_monotonic_s=144391.948904] 006015 000006
[host_monotonic_s=144391.951348] 006016 000005
[host_monotonic_s=144391.953768] 006017 000008
[host_monotonic_s=144391.956102] 006018 000003
[host_monotonic_s=144391.958385] 006019 000005
[host_monotonic_s=144391.960779] 006020 000005
[host_monotonic_s=144391.963107] 006021 000001
[host_monotonic_s=144391.965408] 006022 000008
[host_monotonic_s=144391.967722] 006023 000007
[host_monotonic_s=144391.970136] 006024 000004
[host_monotonic_s=144391.972424] 006025 000006
[host_monotonic_s=144391.974843] 006026 000011
[host_monotonic_s=144391.977140] 006027 000002
[host_monotonic_s=144391.979516] 006028 000012
[host_monotonic_s=144391.982160] 006029 000004
[host_monotonic_s=144391.984611] 006030 000009
[host_monotonic_s=144391.986970] 006031 000008
[host_monotonic_s=144391.989556] 006032 000009
[host_monotonic_s=144391.991881] 006033 000007
[host_monotonic_s=144391.994172] 006034 000009
[host_monotonic_s=144391.996493] 006035 000009
[host_monotonic_s=144391.998830] 006036 000006
[host_monotonic_s=144392.001399] 006037 000009
[host_monotonic_s=144392.003677] 006038 000007
[host_monotonic_s=144392.005976] 006039 000007
[host_monotonic_s=144392.008331] 006040 000009
[host_monotonic_s=144392.010717] 006041 000004
[host_monotonic_s=144392.013012] 006042 000007
[host_monotonic_s=144392.015364] 006043 000012
[host_monotonic_s=144392.017661] 006044 000008
[host_monotonic_s=144392.020059] 006045 000009
[host_monotonic_s=144392.022374] 006046 000012
[host_monotonic_s=144392.024696] 006047 000009
[host_monotonic_s=144392.027008] 006048 000008
[host_monotonic_s=144392.029434] 006049 000013
[host_monotonic_s=144392.031942] 006050 000010
[host_monotonic_s=144392.034277] 006051 000007
[host_monotonic_s=144392.036768] 006052 000015
[host_monotonic_s=144392.039086] 006053 000009
[host_monotonic_s=144392.041535] 006054 000013
[host_monotonic_s=144392.043873] 006055 000008
[host_monotonic_s=144392.046243] 006056 000008
[host_monotonic_s=144392.048565] 006057 000007
[host_monotonic_s=144392.051170] 006058 000011
[host_monotonic_s=144392.053615] 006059 000012
[host_monotonic_s=144392.056164] 006060 000005
[host_monotonic_s=144392.058691] 006061 000010
[host_monotonic_s=144392.061264] 006062 000009
[host_monotonic_s=144392.063610] 006063 000011
[host_monotonic_s=144392.065944] 006064 000005
[host_monotonic_s=144392.068310] 006065 000004
[host_monotonic_s=144392.070923] 006066 000004
[host_monotonic_s=144392.073254] 006067 000013
[host_monotonic_s=144392.075680] 006068 000006
[host_monotonic_s=144392.078002] 006069 000013
[host_monotonic_s=144392.080604] 006070 000010
[host_monotonic_s=144392.082920] 006071 000004
[host_monotonic_s=144392.085248] 006072 000002
[host_monotonic_s=144392.087563] 006073 000012
[host_monotonic_s=144392.090032] 006074 000005
[host_monotonic_s=144392.092567] 006075 000007
[host_monotonic_s=144392.094996] 006076 000008
[host_monotonic_s=144392.097432] 006077 000006
[host_monotonic_s=144392.100360] 006078 000005
[host_monotonic_s=144392.102789] 006079 000005
[host_monotonic_s=144392.105269] 006080 000009
[host_monotonic_s=144392.107699] 006081 000006
[host_monotonic_s=144392.110167] 006082 000002
[host_monotonic_s=144392.112626] 006083 000005
[host_monotonic_s=144392.114973] 006084 000005
[host_monotonic_s=144392.117323] 006085 000004
[host_monotonic_s=144392.119811] 006086 000001
[host_monotonic_s=144392.122275] 006087 000003
[host_monotonic_s=144392.423315] 006088 000002
[host_monotonic_s=144392.423327] 006089 000005
[host_monotonic_s=144392.423330] 006090 000003
[host_monotonic_s=144392.423332] 006091 000003
[host_monotonic_s=144392.423334] 006092 000004
[host_monotonic_s=144392.423335] 006093 000003
[host_monotonic_s=144392.423337] 006094 000003
[host_monotonic_s=144392.423339] 006095 000005
[host_monotonic_s=144392.423340] 006096 000002
[host_monotonic_s=144392.423341] 006097 000005
[host_monotonic_s=144392.423343] 006098 000006
[host_monotonic_s=144392.423345] 006099 000002
[host_monotonic_s=144392.423346] 006100 000001
[host_monotonic_s=144392.423347] 006101 000003
[host_monotonic_s=144392.423348] 006102 000003
[host_monotonic_s=144392.423349] 006103 000001
[host_monotonic_s=144392.423351] 006105 000005
[host_monotonic_s=144392.423352] 006106 000002
[host_monotonic_s=144392.427339] 006107 000002
[host_monotonic_s=144392.431372] 006108 000001
[host_monotonic_s=144392.433721] 006109 000002
[host_monotonic_s=144392.436048] 006110 000002
[host_monotonic_s=144392.438348] 006111 000001
[host_monotonic_s=144392.441217] 006112 000001
[host_monotonic_s=144392.443556] 006113 000001
[host_monotonic_s=144392.445872] 006114 000002
[host_monotonic_s=144392.448251] 006115 000001
[host_monotonic_s=144392.450801] 006116 000001
[host_monotonic_s=144392.453273] 006117 000001
[host_monotonic_s=144392.455531] 006118 000003
[host_monotonic_s=144392.457857] 006119 000001
[host_monotonic_s=144392.460319] 006120 000001
[host_monotonic_s=144392.462653] 006121 000001
[host_monotonic_s=144392.465026] 006122 000001
[host_monotonic_s=144397.986666] 006128 000001
[host_monotonic_s=144397.986677] 006130 000002
[host_monotonic_s=144397.986679] 006131 000001
[host_monotonic_s=144397.986681] 006132 000001
[host_monotonic_s=144397.986683] 006134 000002
[host_monotonic_s=144397.986685] 006135 000001
[host_monotonic_s=144397.986686] 006136 000001
[host_monotonic_s=144397.986688] 006137 000001
[host_monotonic_s=144397.986689] 006139 000005
[host_monotonic_s=144397.986691] 006141 000001
[host_monotonic_s=144397.986692] 006143 000001
[host_monotonic_s=144397.986694] 006144 000001
[host_monotonic_s=144397.986695] 006145 000001
[host_monotonic_s=144397.986696] 006146 000001
[host_monotonic_s=144397.986698] 006147 000002
[host_monotonic_s=144397.986699] 006150 000003
[host_monotonic_s=144397.986700] 006151 000002
[host_monotonic_s=144397.986702] 006153 000002
[host_monotonic_s=144397.986703] 006154 000001
[host_monotonic_s=144397.991703] 006155 000001
[host_monotonic_s=144397.994781] 006157 000001
[host_monotonic_s=144397.997088] 006159 000001
[host_monotonic_s=144397.999456] 006161 000002
[host_monotonic_s=144398.001793] 006165 000001
[host_monotonic_s=144398.004118] 006166 000001
[host_monotonic_s=144398.006460] 006167 000002
[host_monotonic_s=144398.008769] 006169 000002
[host_monotonic_s=144398.011184] 006170 000002
[host_monotonic_s=144398.013496] 006171 000002
[host_monotonic_s=144398.015841] 006175 000001
[host_monotonic_s=144398.018147] 006177 000001
[host_monotonic_s=144398.020555] 006179 000002
[host_monotonic_s=144398.022850] 006181 000001
[host_monotonic_s=144398.025188] 006183 000001
[host_monotonic_s=144398.027497] 006192 000001
[host_monotonic_s=144398.029856] 006193 000001
[host_monotonic_s=144398.032190] 006194 000001
[host_monotonic_s=144398.034495] 006197 000001
[host_monotonic_s=144398.036801] 006199 000001
[host_monotonic_s=144398.039098] 006200 000002
[host_monotonic_s=144398.041506] 006201 000001
[host_monotonic_s=144398.043802] 006203 000001
[host_monotonic_s=144398.046180] 006206 000002
[host_monotonic_s=144398.048593] 006209 000001
[host_monotonic_s=144398.050966] 006211 000001
[host_monotonic_s=144398.053386] 006212 000001
[host_monotonic_s=144398.055965] 006215 000001
[host_monotonic_s=144398.058514] 006218 000002
[host_monotonic_s=144398.061116] 006221 000002
[host_monotonic_s=144398.063447] 006222 000001
[host_monotonic_s=144398.065787] 006224 000001
[host_monotonic_s=144398.068097] 006225 000001
[host_monotonic_s=144398.070544] 006229 000001
[host_monotonic_s=144398.072939] 006230 000001
[host_monotonic_s=144398.075285] 006231 000001
[host_monotonic_s=144398.077580] 006232 000001
[host_monotonic_s=144398.079989] 006233 000002
[host_monotonic_s=144398.082361] 006235 000001
[host_monotonic_s=144398.084721] 006236 000001
[host_monotonic_s=144398.087096] 006237 000003
[host_monotonic_s=144398.089851] 006238 000001
[host_monotonic_s=144398.092224] 006241 000002
[host_monotonic_s=144398.094578] 006242 000001
[host_monotonic_s=144398.096927] 006244 000002
[host_monotonic_s=144398.099552] 006247 000002
[host_monotonic_s=144398.101880] 006248 000001
[host_monotonic_s=144398.104190] 006250 000001
[host_monotonic_s=144398.106513] 006254 000002
[host_monotonic_s=144398.108821] 006255 000001
[host_monotonic_s=144398.111649] 006256 000005
[host_monotonic_s=144398.113954] 006258 000001
[host_monotonic_s=144398.116416] 006259 000003
[host_monotonic_s=144398.118836] 006261 000001
[host_monotonic_s=144398.121283] 006262 000002
[host_monotonic_s=144398.123644] 006264 000002
[host_monotonic_s=144398.125972] 006265 000001
[host_monotonic_s=144398.128355] 006268 000001
[host_monotonic_s=144398.130737] 006270 000002
[host_monotonic_s=144398.133109] 006271 000001
[host_monotonic_s=144398.135432] 006272 000002
[host_monotonic_s=144398.137718] 006273 000001
[host_monotonic_s=144398.140305] 006274 000002
[host_monotonic_s=144398.142609] 006275 000002
[host_monotonic_s=144398.144950] 006279 000001
[host_monotonic_s=144398.147307] 006280 000001
[host_monotonic_s=144398.150200] 006281 000002
[host_monotonic_s=144398.152543] 006282 000001
[host_monotonic_s=144398.154880] 006283 000001
[host_monotonic_s=144398.157270] 006285 000001
[host_monotonic_s=144398.159843] 006286 000002
[host_monotonic_s=144398.162184] 006287 000001
[host_monotonic_s=144398.164522] 006291 000001
[host_monotonic_s=144398.166811] 006293 000001
[host_monotonic_s=144398.169120] 006294 000001
[host_monotonic_s=144398.171719] 006295 000002
[host_monotonic_s=144398.174045] 006296 000001
[host_monotonic_s=144398.176416] 006297 000002
[host_monotonic_s=144398.178845] 006298 000001
[host_monotonic_s=144398.181528] 006300 000001
[host_monotonic_s=144398.183888] 006303 000002
[host_monotonic_s=144398.186286] 006304 000002
[host_monotonic_s=144398.189037] 006305 000001
[host_monotonic_s=144398.191741] 006308 000002
[host_monotonic_s=144398.194147] 006310 000002
[host_monotonic_s=144398.196528] 006312 000003
[host_monotonic_s=144398.198909] 006313 000002
[host_monotonic_s=144398.201470] 006314 000002
[host_monotonic_s=144398.203902] 006317 000002
[host_monotonic_s=144398.206353] 006318 000001
[host_monotonic_s=144398.208808] 006319 000001
[host_monotonic_s=144398.211339] 006320 000003
[host_monotonic_s=144398.213747] 006325 000001
[host_monotonic_s=144398.216127] 006327 000003
[host_monotonic_s=144398.218497] 006329 000001
[host_monotonic_s=144398.221181] 006330 000001
[host_monotonic_s=144398.223522] 006331 000001
[host_monotonic_s=144398.225929] 006332 000001
[host_monotonic_s=144398.228292] 006333 000002
[host_monotonic_s=144398.230738] 006334 000002
[host_monotonic_s=144398.233117] 006336 000001
[host_monotonic_s=144398.235450] 006338 000002
[host_monotonic_s=144398.537025] 006339 000001
[host_monotonic_s=144398.537037] 006342 000001
[host_monotonic_s=144398.537039] 006344 000002
[host_monotonic_s=144398.537041] 006346 000002
[host_monotonic_s=144398.537042] 006351 000001
[host_monotonic_s=144398.537044] 006352 000001
[host_monotonic_s=144398.537045] 006354 000001
[host_monotonic_s=144398.537047] 006361 000001
[host_monotonic_s=144398.537048] 006370 000001
[host_monotonic_s=144398.537050] 006375 000002
[host_monotonic_s=144398.537051] 006376 000002
[host_monotonic_s=144398.537053] 006377 000001
[host_monotonic_s=144398.537054] 006378 000001
[host_monotonic_s=144398.537055] 006379 000001
[host_monotonic_s=144398.537057] 006381 000001
[host_monotonic_s=144398.537058] 006383 000001
[host_monotonic_s=144398.537059] 006392 000001
[host_monotonic_s=144398.537061] 006393 000001
[host_monotonic_s=144398.537062] 006416 000001
[host_monotonic_s=144398.544636] 006432 000001
[host_monotonic_s=144398.547015] 006438 000001
[host_monotonic_s=144398.550349] 006448 000001
[host_monotonic_s=144398.554513] 006450 000001
[host_monotonic_s=144398.556839] 006463 000001
[host_monotonic_s=144398.559141] 006466 000001
[host_monotonic_s=144398.561549] 006480 000001
[host_monotonic_s=144398.563869] 006489 000001
[host_monotonic_s=144398.566210] 006492 000001
[host_monotonic_s=144398.568504] 006496 000002
[host_monotonic_s=144398.570948] 006532 000001
[host_monotonic_s=144398.573228] 006555 000001
[host_monotonic_s=144398.575551] 006562 000001
[host_monotonic_s=144398.577842] 006563 000001
[host_monotonic_s=144398.580289] 006590 000001
[host_monotonic_s=144398.582616] 006592 000001
[host_monotonic_s=144398.584934] 006593 000001
[host_monotonic_s=144398.587254] 006595 000001
[host_monotonic_s=144398.589605] 006599 000001
[host_monotonic_s=144398.591910] 006602 000001
[host_monotonic_s=144398.594217] 006609 000001
[host_monotonic_s=144398.596525] 006617 000001
[host_monotonic_s=144398.598833] 006622 000001
[host_monotonic_s=144398.601257] 006635 000001
[host_monotonic_s=144398.603570] 006660 000001
[host_monotonic_s=144398.605886] 006661 000001
[host_monotonic_s=144398.608187] 006664 000001
[host_monotonic_s=144398.610791] 006686 000001
[host_monotonic_s=144398.613242] 006688 000001
[host_monotonic_s=144398.615510] 006689 000001
[host_monotonic_s=144398.617883] 006694 000001
[host_monotonic_s=144398.620425] 006699 000001
[host_monotonic_s=144398.622772] 006717 000001
[host_monotonic_s=144398.625123] 006722 000001
[host_monotonic_s=144398.627489] 006730 000001
[host_monotonic_s=144398.629907] 006739 000001
[host_monotonic_s=144398.632279] 006746 000001
[host_monotonic_s=144398.634574] 006747 000001
[host_monotonic_s=144398.636935] 006748 000001
[host_monotonic_s=144398.639346] 006754 000001
[host_monotonic_s=144398.641692] 006764 000001
[host_monotonic_s=144398.643980] 006769 000001
[host_monotonic_s=144398.646309] 006777 000001
[host_monotonic_s=144398.648631] 006785 000001
[host_monotonic_s=144398.651012] 006791 000002
[host_monotonic_s=144398.653526] 006792 000001
[host_monotonic_s=144398.655850] 006795 000001
[host_monotonic_s=144398.658207] 006799 000001
[host_monotonic_s=144398.660907] 006802 000001
[host_monotonic_s=144398.663209] 006809 000002
[host_monotonic_s=144398.665491] 006811 000002
[host_monotonic_s=144398.667764] 006814 000001
[host_monotonic_s=144398.670339] 006815 000001
[host_monotonic_s=144398.672766] 006818 000002
[host_monotonic_s=144398.675212] 006825 000001
[host_monotonic_s=144398.677621] 006826 000001
[host_monotonic_s=144398.680432] 006829 000001
[host_monotonic_s=144398.682753] 006830 000001
[host_monotonic_s=144398.685202] 006832 000001
[host_monotonic_s=144398.687564] 006834 000001
[host_monotonic_s=144398.690072] 006837 000001
[host_monotonic_s=144398.692454] 006838 000001
[host_monotonic_s=144398.694869] 006841 000001
[host_monotonic_s=144398.697247] 006844 000001
[host_monotonic_s=144398.699874] 006847 000001
[host_monotonic_s=144398.702269] 006849 000001
[host_monotonic_s=144398.704618] 006853 000001
[host_monotonic_s=144398.707036] 006856 000001
[host_monotonic_s=144398.709438] 006861 000001
[host_monotonic_s=144398.711830] 006863 000001
[host_monotonic_s=144398.714291] 006864 000001
[host_monotonic_s=144398.716663] 006865 000001
[host_monotonic_s=144398.719054] 006867 000001
[host_monotonic_s=144398.721729] 006869 000002
[host_monotonic_s=144398.724096] 006871 000002
[host_monotonic_s=144398.726486] 006872 000001
[host_monotonic_s=144398.728842] 006874 000001
[host_monotonic_s=144398.731307] 006875 000001
[host_monotonic_s=144398.733700] 006876 000002
[host_monotonic_s=144398.736124] 006877 000001
[host_monotonic_s=144398.738573] 006880 000001
[host_monotonic_s=144398.741296] 006882 000002
[host_monotonic_s=144398.743736] 006885 000002
[host_monotonic_s=144398.746191] 006886 000002
[host_monotonic_s=144398.748662] 006887 000001
[host_monotonic_s=144398.751180] 006888 000001
[host_monotonic_s=144398.753616] 006890 000002
[host_monotonic_s=144398.756007] 006892 000004
[host_monotonic_s=144398.758431] 006895 000002
[host_monotonic_s=144398.761213] 006896 000002
[host_monotonic_s=144398.763618] 006897 000003
[host_monotonic_s=144398.766072] 006899 000004
[host_monotonic_s=144398.768507] 006900 000003
[host_monotonic_s=144398.771016] 006901 000005
[host_monotonic_s=144398.773420] 006902 000001
[host_monotonic_s=144398.775864] 006903 000005
[host_monotonic_s=144398.778322] 006905 000002
[host_monotonic_s=144398.780835] 006906 000003
[host_monotonic_s=144398.783215] 006907 000003
[host_monotonic_s=144398.785603] 006908 000006
[host_monotonic_s=144399.087546] 006909 000009
[host_monotonic_s=144399.087560] 006910 000005
[host_monotonic_s=144399.087563] 006911 000006
[host_monotonic_s=144399.087566] 006912 000005
[host_monotonic_s=144399.087568] 006913 000003
[host_monotonic_s=144399.087570] 006914 000007
[host_monotonic_s=144399.087573] 006915 000003
[host_monotonic_s=144399.087575] 006916 000002
[host_monotonic_s=144399.087577] 006917 000006
[host_monotonic_s=144399.087578] 006918 000009
[host_monotonic_s=144399.087581] 006919 000010
[host_monotonic_s=144399.087583] 006920 000008
[host_monotonic_s=144399.087585] 006921 000011
[host_monotonic_s=144399.087586] 006922 000005
[host_monotonic_s=144399.087588] 006923 000008
[host_monotonic_s=144399.087590] 006924 000011
[host_monotonic_s=144399.087592] 006925 000003
[host_monotonic_s=144399.087594] 006926 000006
[host_monotonic_s=144399.087596] 006927 000012
[host_monotonic_s=144399.094595] 006928 000006
[host_monotonic_s=144399.096876] 006929 000007
[host_monotonic_s=144399.099204] 006930 000007
[host_monotonic_s=144399.101544] 006931 000010
[host_monotonic_s=144399.103835] 006932 000008
[host_monotonic_s=144399.106154] 006933 000010
[host_monotonic_s=144399.108444] 006934 000009
[host_monotonic_s=144399.111062] 006935 000007
[host_monotonic_s=144399.113336] 006936 000006
[host_monotonic_s=144399.115623] 006937 000007
[host_monotonic_s=144399.117917] 006938 000012
[host_monotonic_s=144399.120476] 006939 000011
[host_monotonic_s=144399.122775] 006940 000007
[host_monotonic_s=144399.125085] 006941 000010
[host_monotonic_s=144404.626457] 006942 000007
[host_monotonic_s=144404.626471] 006943 000012
[host_monotonic_s=144404.626473] 006944 000014
[host_monotonic_s=144404.626476] 006945 000019
[host_monotonic_s=144404.626477] 006946 000013
[host_monotonic_s=144404.626479] 006947 000010
[host_monotonic_s=144404.626481] 006948 000008
[host_monotonic_s=144404.626483] 006949 000013
[host_monotonic_s=144404.626485] 006950 000009
[host_monotonic_s=144404.626486] 006951 000013
[host_monotonic_s=144404.626488] 006952 000018
[host_monotonic_s=144404.626490] 006953 000013
[host_monotonic_s=144404.626492] 006954 000014
[host_monotonic_s=144404.626493] 006955 000015
[host_monotonic_s=144404.626495] 006956 000014
[host_monotonic_s=144404.626496] 006957 000012
[host_monotonic_s=144404.626497] 006958 000021
[host_monotonic_s=144404.626499] 006959 000019
[host_monotonic_s=144404.626500] 006960 000017
[host_monotonic_s=144404.631632] 006961 000015
[host_monotonic_s=144404.636867] 006962 000016
[host_monotonic_s=144404.640144] 006963 000009
[host_monotonic_s=144404.642442] 006964 000014
[host_monotonic_s=144404.644779] 006965 000015
[host_monotonic_s=144404.647098] 006966 000015
[host_monotonic_s=144404.649513] 006967 000009
[host_monotonic_s=144404.651869] 006968 000010
[host_monotonic_s=144404.654196] 006969 000010
[host_monotonic_s=144404.656511] 006970 000012
[host_monotonic_s=144404.658835] 006971 000015
[host_monotonic_s=144404.661196] 006972 000010
[host_monotonic_s=144404.663464] 006973 000011
[host_monotonic_s=144404.665787] 006974 000012
[host_monotonic_s=144404.668072] 006975 000014
[host_monotonic_s=144404.670471] 006976 000013
[host_monotonic_s=144404.672781] 006977 000014
[host_monotonic_s=144404.675063] 006978 000011
[host_monotonic_s=144404.677377] 006979 000016
[host_monotonic_s=144404.679933] 006980 000009
[host_monotonic_s=144404.682243] 006981 000008
[host_monotonic_s=144404.684549] 006982 000010
[host_monotonic_s=144404.686822] 006983 000016
[host_monotonic_s=144404.689179] 006984 000009
[host_monotonic_s=144404.691582] 006985 000009
[host_monotonic_s=144404.693901] 006986 000011
[host_monotonic_s=144404.696228] 006987 000019
[host_monotonic_s=144404.698559] 006988 000006
[host_monotonic_s=144404.700928] 006989 000009
[host_monotonic_s=144404.703286] 006990 000013
[host_monotonic_s=144404.705629] 006991 000007
[host_monotonic_s=144404.707926] 006992 000010
[host_monotonic_s=144404.710599] 006993 000013
[host_monotonic_s=144404.712960] 006994 000007
[host_monotonic_s=144404.715449] 006995 000012
[host_monotonic_s=144404.717832] 006996 000017
[host_monotonic_s=144404.720336] 006997 000011
[host_monotonic_s=144404.722686] 006998 000014
[host_monotonic_s=144404.725010] 006999 000013
[host_monotonic_s=144404.727383] 007000 000011
[host_monotonic_s=144404.729833] 007001 000017
[host_monotonic_s=144404.732231] 007002 000015
[host_monotonic_s=144404.734561] 007003 000013
[host_monotonic_s=144404.736873] 007004 000012
[host_monotonic_s=144404.739417] 007005 000019
[host_monotonic_s=144404.741828] 007006 000014
[host_monotonic_s=144404.744091] 007007 000014
[host_monotonic_s=144404.746497] 007008 000019
[host_monotonic_s=144404.748892] 007009 000017
[host_monotonic_s=144404.751524] 007010 000020
[host_monotonic_s=144404.753869] 007011 000033
[host_monotonic_s=144404.756214] 007012 000028
[host_monotonic_s=144404.758520] 007013 000021
[host_monotonic_s=144404.761063] 007014 000028
[host_monotonic_s=144404.763356] 007015 000033
[host_monotonic_s=144404.765674] 007016 000027
[host_monotonic_s=144404.767980] 007017 000039
[host_monotonic_s=144404.770374] 007018 000034
[host_monotonic_s=144404.772688] 007019 000034
[host_monotonic_s=144404.774986] 007020 000034
[host_monotonic_s=144404.777298] 007021 000046
[host_monotonic_s=144404.779679] 007022 000036
[host_monotonic_s=144404.782082] 007023 000040
[host_monotonic_s=144404.784442] 007024 000048
[host_monotonic_s=144404.786845] 007025 000036
[host_monotonic_s=144404.789242] 007026 000044
[host_monotonic_s=144404.791668] 007027 000047
[host_monotonic_s=144404.794031] 007028 000044
[host_monotonic_s=144404.796408] 007029 000044
[host_monotonic_s=144404.798822] 007030 000056
[host_monotonic_s=144404.801302] 007031 000039
[host_monotonic_s=144404.803683] 007032 000059
[host_monotonic_s=144404.806140] 007033 000055
[host_monotonic_s=144404.808580] 007034 000057
[host_monotonic_s=144404.811048] 007035 000053
[host_monotonic_s=144404.813440] 007036 000064
[host_monotonic_s=144404.815888] 007037 000055
[host_monotonic_s=144404.818271] 007038 000064
[host_monotonic_s=144404.820727] 007039 000065
[host_monotonic_s=144404.823136] 007040 000066
[host_monotonic_s=144404.825558] 007041 000054
[host_monotonic_s=144404.827981] 007042 000060
[host_monotonic_s=144404.830472] 007043 000074
[host_monotonic_s=144404.832884] 007044 000084
[host_monotonic_s=144404.835335] 007045 000093
[host_monotonic_s=144404.837696] 007046 000083
[host_monotonic_s=144404.840448] 007047 000088
[host_monotonic_s=144404.842826] 007048 000094
[host_monotonic_s=144404.845259] 007049 000105
[host_monotonic_s=144404.847765] 007050 000102
[host_monotonic_s=144404.850456] 007051 000098
[host_monotonic_s=144404.852826] 007052 000090
[host_monotonic_s=144404.855187] 007053 000079
[host_monotonic_s=144404.857586] 007054 000086
[host_monotonic_s=144404.860054] 007055 000078
[host_monotonic_s=144404.862514] 007056 000086
[host_monotonic_s=144404.864935] 007057 000092
[host_monotonic_s=144404.867390] 007058 000085
[host_monotonic_s=144404.869875] 007059 000082
[host_monotonic_s=144404.872334] 007060 000098
[host_monotonic_s=144404.874776] 007061 000074
[host_monotonic_s=144405.176904] 007062 000082
[host_monotonic_s=144405.176915] 007063 000096
[host_monotonic_s=144405.176917] 007064 000074
[host_monotonic_s=144405.176919] 007065 000070
[host_monotonic_s=144405.176921] 007066 000069
[host_monotonic_s=144405.176922] 007067 000064
[host_monotonic_s=144405.176924] 007068 000056
[host_monotonic_s=144405.176925] 007069 000046
[host_monotonic_s=144405.176927] 007070 000077
[host_monotonic_s=144405.176928] 007071 000064
[host_monotonic_s=144405.176930] 007072 000059
[host_monotonic_s=144405.176932] 007073 000045
[host_monotonic_s=144405.176933] 007074 000052
[host_monotonic_s=144405.176935] 007075 000047
[host_monotonic_s=144405.176936] 007076 000046
[host_monotonic_s=144405.176937] 007077 000056
[host_monotonic_s=144405.176938] 007078 000047
[host_monotonic_s=144405.176940] 007079 000040
[host_monotonic_s=144405.176942] 007080 000036
[host_monotonic_s=144405.184436] 007081 000035
[host_monotonic_s=144405.188910] 007082 000044
[host_monotonic_s=144405.191514] 007083 000041
[host_monotonic_s=144405.193822] 007084 000031
[host_monotonic_s=144405.196121] 007085 000036
[host_monotonic_s=144405.198409] 007086 000031
[host_monotonic_s=144405.200778] 007087 000021
[host_monotonic_s=144405.203069] 007088 000030
[host_monotonic_s=144405.205386] 007089 000024
[host_monotonic_s=144405.207648] 007090 000018
[host_monotonic_s=144405.210250] 007091 000031
[host_monotonic_s=144405.212502] 007092 000022
[host_monotonic_s=144405.214802] 007093 000021
[host_monotonic_s=144405.217064] 007094 000013
[host_monotonic_s=144405.219437] 007095 000019
[host_monotonic_s=144405.221743] 007096 000017
[host_monotonic_s=144405.224030] 007097 000012
[host_monotonic_s=144405.226300] 007098 000028
[host_monotonic_s=144405.228578] 007099 000016
[host_monotonic_s=144405.231124] 007100 000015
[host_monotonic_s=144405.233437] 007101 000014
[host_monotonic_s=144405.235771] 007102 000016
[host_monotonic_s=144405.238083] 007103 000016
[host_monotonic_s=144405.240443] 007104 000019
[host_monotonic_s=144405.242765] 007105 000018
[host_monotonic_s=144405.245264] 007106 000019
[host_monotonic_s=144405.247480] 007107 000016
[host_monotonic_s=144405.250124] 007108 000006
[host_monotonic_s=144405.252473] 007109 000009
[host_monotonic_s=144405.254792] 007110 000010
[host_monotonic_s=144405.257151] 007111 000004
[host_monotonic_s=144405.259583] 007112 000010
[host_monotonic_s=144405.261875] 007113 000010
[host_monotonic_s=144405.264256] 007114 000011
[host_monotonic_s=144405.266537] 007115 000011
[host_monotonic_s=144405.268875] 007116 000012
[host_monotonic_s=144405.271621] 007117 000006
[host_monotonic_s=144405.273923] 007118 000005
[host_monotonic_s=144405.276275] 007119 000007
[host_monotonic_s=144405.278931] 007120 000006
[host_monotonic_s=144405.281345] 007121 000007
[host_monotonic_s=144405.283692] 007122 000015
[host_monotonic_s=144405.286018] 007123 000008
[host_monotonic_s=144405.288306] 007124 000008
[host_monotonic_s=144405.290840] 007125 000008
[host_monotonic_s=144405.293157] 007126 000008
[host_monotonic_s=144405.295490] 007127 000011
[host_monotonic_s=144405.297788] 007128 000008
[host_monotonic_s=144405.300345] 007129 000008
[host_monotonic_s=144405.302650] 007130 000008
[host_monotonic_s=144405.304999] 007131 000008
[host_monotonic_s=144405.307329] 007132 000009
[host_monotonic_s=144405.309689] 007133 000009
[host_monotonic_s=144405.312003] 007134 000004
[host_monotonic_s=144405.314305] 007135 000006
[host_monotonic_s=144405.316625] 007136 000004
[host_monotonic_s=144405.318926] 007137 000002
[host_monotonic_s=144405.321292] 007138 000006
[host_monotonic_s=144405.323638] 007139 000006
[host_monotonic_s=144405.326059] 007140 000009
[host_monotonic_s=144405.328400] 007141 000004
[host_monotonic_s=144405.330995] 007142 000007
[host_monotonic_s=144405.333382] 007143 000004
[host_monotonic_s=144405.335802] 007144 000006
[host_monotonic_s=144405.338212] 007145 000004
[host_monotonic_s=144405.340802] 007146 000004
[host_monotonic_s=144405.343261] 007147 000007
[host_monotonic_s=144405.345560] 007148 000003
[host_monotonic_s=144405.347935] 007149 000002
[host_monotonic_s=144405.350925] 007150 000004
[host_monotonic_s=144405.353403] 007151 000002
[host_monotonic_s=144405.355877] 007152 000001
[host_monotonic_s=144405.358281] 007153 000005
[host_monotonic_s=144405.360744] 007154 000004
[host_monotonic_s=144405.363051] 007155 000003
[host_monotonic_s=144405.365393] 007156 000005
[host_monotonic_s=144405.367700] 007157 000004
[host_monotonic_s=144405.370091] 007158 000002
[host_monotonic_s=144405.372416] 007159 000006
[host_monotonic_s=144405.374714] 007160 000002
[host_monotonic_s=144405.377022] 007161 000003
[host_monotonic_s=144405.379565] 007163 000008
[host_monotonic_s=144405.381957] 007164 000001
[host_monotonic_s=144405.384310] 007165 000005
[host_monotonic_s=144405.386693] 007167 000002
[host_monotonic_s=144405.389071] 007168 000001
[host_monotonic_s=144405.391573] 007169 000004
[host_monotonic_s=144405.393960] 007171 000002
[host_monotonic_s=144405.396391] 007172 000002
[host_monotonic_s=144405.398833] 007173 000001
[host_monotonic_s=144405.401278] 007174 000002
[host_monotonic_s=144405.403663] 007175 000004
[host_monotonic_s=144405.406063] 007176 000001
[host_monotonic_s=144405.408381] 007177 000005
[host_monotonic_s=144405.410829] 007178 000003
[host_monotonic_s=144405.413179] 007180 000006
[host_monotonic_s=144405.415548] 007181 000001
[host_monotonic_s=144405.418053] 007182 000001
[host_monotonic_s=144405.420532] 007183 000002
[host_monotonic_s=144405.422943] 007184 000001
[host_monotonic_s=144405.425370] 007185 000002
[host_monotonic_s=144405.727509] 007186 000003
[host_monotonic_s=144405.727524] 007188 000001
[host_monotonic_s=144405.727527] 007189 000002
[host_monotonic_s=144405.727530] 007190 000005
[host_monotonic_s=144405.727532] 007191 000006
[host_monotonic_s=144405.727534] 007192 000002
[host_monotonic_s=144405.727536] 007194 000001
[host_monotonic_s=144405.727538] 007195 000002
[host_monotonic_s=144405.727540] 007196 000002
[host_monotonic_s=144405.727541] 007197 000001
[host_monotonic_s=144405.727543] 007199 000004
[host_monotonic_s=144405.727545] 007200 000006
[host_monotonic_s=144405.727547] 007201 000002
[host_monotonic_s=144405.727549] 007202 000003
[host_monotonic_s=144405.727551] 007203 000003
[host_monotonic_s=144405.727552] 007204 000001
[host_monotonic_s=144405.727554] 007206 000002
[host_monotonic_s=144405.727555] 007207 000001
[host_monotonic_s=144405.727557] 007208 000001
[host_monotonic_s=144405.736482] 007209 000001
[host_monotonic_s=144405.740167] 007210 000001
[host_monotonic_s=144405.742507] 007211 000001
[host_monotonic_s=144405.744813] 007212 000001
[host_monotonic_s=144405.747103] 007213 000001
[host_monotonic_s=144405.749712] 007214 000002
[host_monotonic_s=144405.752038] 007216 000003
[host_monotonic_s=144405.754320] 007217 000004
[host_monotonic_s=144405.756624] 007218 000001
[host_monotonic_s=144405.758883] 007219 000003
[host_monotonic_s=144405.761494] 007220 000004
[host_monotonic_s=144405.763788] 007221 000002
[host_monotonic_s=144405.766060] 007222 000001
[host_monotonic_s=144405.768329] 007223 000001
[host_monotonic_s=144411.278674] 007224 000001
[host_monotonic_s=144411.278689] 007225 000001
[host_monotonic_s=144411.278692] 007226 000001
[host_monotonic_s=144411.278694] 007227 000002
[host_monotonic_s=144411.278697] 007228 000002
[host_monotonic_s=144411.278699] 007230 000007
[host_monotonic_s=144411.278701] 007231 000004
[host_monotonic_s=144411.278702] 007232 000003
[host_monotonic_s=144411.278704] 007234 000002
[host_monotonic_s=144411.278706] 007235 000005
[host_monotonic_s=144411.278708] 007236 000002
[host_monotonic_s=144411.278710] 007237 000001
[host_monotonic_s=144411.278712] 007238 000003
[host_monotonic_s=144411.278714] 007239 000002
[host_monotonic_s=144411.278716] 007240 000003
[host_monotonic_s=144411.278717] 007241 000001
[host_monotonic_s=144411.278719] 007242 000002
[host_monotonic_s=144411.278721] 007243 000002
[host_monotonic_s=144411.278722] 007244 000002
[host_monotonic_s=144411.284881] 007245 000001
[host_monotonic_s=144411.290475] 007248 000003
[host_monotonic_s=144411.293235] 007249 000004
[host_monotonic_s=144411.295488] 007250 000001
[host_monotonic_s=144411.297763] 007251 000001
[host_monotonic_s=144411.300375] 007252 000001
[host_monotonic_s=144411.302663] 007253 000002
[host_monotonic_s=144411.304953] 007254 000001
[host_monotonic_s=144411.307229] 007255 000003
[host_monotonic_s=144411.309860] 007256 000001
[host_monotonic_s=144411.312181] 007258 000003
[host_monotonic_s=144411.314485] 007259 000005
[host_monotonic_s=144411.316795] 007260 000003
[host_monotonic_s=144411.319066] 007261 000003
[host_monotonic_s=144411.321457] 007262 000001
[host_monotonic_s=144411.323753] 007263 000003
[host_monotonic_s=144411.326070] 007264 000001
[host_monotonic_s=144411.328319] 007265 000001
[host_monotonic_s=144411.330889] 007267 000002
[host_monotonic_s=144411.333175] 007269 000003
[host_monotonic_s=144411.335485] 007270 000001
[host_monotonic_s=144411.337853] 007271 000004
[host_monotonic_s=144411.340468] 007272 000002
[host_monotonic_s=144411.342756] 007273 000001
[host_monotonic_s=144411.345133] 007274 000003
[host_monotonic_s=144411.347507] 007275 000002
[host_monotonic_s=144411.350058] 007276 000003
[host_monotonic_s=144411.352447] 007277 000003
[host_monotonic_s=144411.354793] 007278 000001
[host_monotonic_s=144411.357216] 007279 000002
[host_monotonic_s=144411.359837] 007280 000004
[host_monotonic_s=144411.362245] 007281 000004
[host_monotonic_s=144411.364622] 007283 000004
[host_monotonic_s=144411.366934] 007284 000002
[host_monotonic_s=144411.369380] 007285 000004
[host_monotonic_s=144411.371727] 007286 000003
[host_monotonic_s=144411.374062] 007287 000001
[host_monotonic_s=144411.376442] 007288 000004
[host_monotonic_s=144411.378795] 007289 000004
[host_monotonic_s=144411.381684] 007290 000001
[host_monotonic_s=144411.384058] 007291 000004
[host_monotonic_s=144411.386370] 007292 000004
[host_monotonic_s=144411.388681] 007293 000005
[host_monotonic_s=144411.391327] 007294 000002
[host_monotonic_s=144411.393617] 007295 000001
[host_monotonic_s=144411.395961] 007296 000003
[host_monotonic_s=144411.398259] 007297 000006
[host_monotonic_s=144411.400837] 007298 000003
[host_monotonic_s=144411.403185] 007299 000003
[host_monotonic_s=144411.405481] 007300 000002
[host_monotonic_s=144411.407801] 007301 000004
[host_monotonic_s=144411.410391] 007302 000004
[host_monotonic_s=144411.412682] 007303 000005
[host_monotonic_s=144411.414974] 007304 000002
[host_monotonic_s=144411.417273] 007305 000003
[host_monotonic_s=144411.419669] 007306 000003
[host_monotonic_s=144411.422009] 007307 000001
[host_monotonic_s=144411.424366] 007308 000001
[host_monotonic_s=144411.426696] 007309 000001
[host_monotonic_s=144411.429056] 007310 000004
[host_monotonic_s=144411.431473] 007311 000003
[host_monotonic_s=144411.433845] 007312 000004
[host_monotonic_s=144411.436206] 007313 000002
[host_monotonic_s=144411.438631] 007314 000001
[host_monotonic_s=144411.441099] 007315 000001
[host_monotonic_s=144411.443510] 007316 000002
[host_monotonic_s=144411.445875] 007317 000002
[host_monotonic_s=144411.448265] 007318 000002
[host_monotonic_s=144411.450734] 007320 000002
[host_monotonic_s=144411.453105] 007321 000001
[host_monotonic_s=144411.455554] 007322 000001
[host_monotonic_s=144411.458003] 007323 000002
[host_monotonic_s=144411.460524] 007324 000002
[host_monotonic_s=144411.462939] 007325 000003
[host_monotonic_s=144411.465352] 007326 000001
[host_monotonic_s=144411.467819] 007327 000001
[host_monotonic_s=144411.470512] 007328 000005
[host_monotonic_s=144411.472879] 007329 000002
[host_monotonic_s=144411.475325] 007330 000002
[host_monotonic_s=144411.477632] 007331 000001
[host_monotonic_s=144411.480349] 007332 000001
[host_monotonic_s=144411.482751] 007333 000003
[host_monotonic_s=144411.485133] 007334 000001
[host_monotonic_s=144411.487525] 007337 000001
[host_monotonic_s=144411.490247] 007338 000001
[host_monotonic_s=144411.492653] 007339 000001
[host_monotonic_s=144411.495050] 007341 000001
[host_monotonic_s=144411.497430] 007342 000001
[host_monotonic_s=144411.500098] 007345 000003
[host_monotonic_s=144411.502492] 007347 000001
[host_monotonic_s=144411.504949] 007348 000002
[host_monotonic_s=144411.507368] 007350 000002
[host_monotonic_s=144411.509873] 007351 000001
[host_monotonic_s=144411.512295] 007352 000001
[host_monotonic_s=144411.514709] 007353 000001
[host_monotonic_s=144411.517117] 007354 000002
[host_monotonic_s=144411.519607] 007355 000001
[host_monotonic_s=144411.522043] 007356 000003
[host_monotonic_s=144411.524472] 007360 000001
[host_monotonic_s=144411.526870] 007361 000001
[host_monotonic_s=144411.828965] 007363 000003
[host_monotonic_s=144411.828976] 007364 000003
[host_monotonic_s=144411.828979] 007365 000001
[host_monotonic_s=144411.828981] 007366 000001
[host_monotonic_s=144411.828982] 007367 000001
[host_monotonic_s=144411.828984] 007369 000001
[host_monotonic_s=144411.828985] 007370 000002
[host_monotonic_s=144411.828987] 007371 000003
[host_monotonic_s=144411.828989] 007372 000003
[host_monotonic_s=144411.828990] 007373 000001
[host_monotonic_s=144411.828992] 007377 000003
[host_monotonic_s=144411.828993] 007382 000002
[host_monotonic_s=144411.828995] 007383 000001
[host_monotonic_s=144411.828996] 007384 000001
[host_monotonic_s=144411.828998] 007387 000002
[host_monotonic_s=144411.828999] 007389 000002
[host_monotonic_s=144411.829017] 007390 000001
[host_monotonic_s=144411.829019] 007391 000002
[host_monotonic_s=144411.829021] 007395 000002
[host_monotonic_s=144411.836686] 007396 000001
[host_monotonic_s=144411.839765] 007397 000001
[host_monotonic_s=144411.842306] 007399 000001
[host_monotonic_s=144411.844958] 007401 000001
[host_monotonic_s=144411.847293] 007404 000001
[host_monotonic_s=144411.849912] 007408 000001
[host_monotonic_s=144411.852481] 007413 000001
[host_monotonic_s=144411.854808] 007416 000001
[host_monotonic_s=144411.857086] 007418 000001
[host_monotonic_s=144411.859466] 007438 000001
[host_monotonic_s=144411.861816] 007452 000002
[host_monotonic_s=144411.864348] 007511 000001
[host_monotonic_s=144411.866576] 007529 000001
[host_monotonic_s=144411.868893] 007561 000001
[host_monotonic_s=144411.871568] 007566 000001
[host_monotonic_s=144411.873836] 007593 000001
[host_monotonic_s=144411.876129] 007605 000001
[host_monotonic_s=144411.878441] 007612 000001
[host_monotonic_s=144411.880850] 007618 000001
[host_monotonic_s=144411.883154] 007647 000001
[host_monotonic_s=144411.885440] 007654 000001
[host_monotonic_s=144411.887739] 007673 000001
[host_monotonic_s=144411.890367] 007674 000001
[host_monotonic_s=144411.892695] 007711 000001
[host_monotonic_s=144411.894979] 007731 000001
[host_monotonic_s=144411.897301] 007739 000001
[host_monotonic_s=144411.899693] 007746 000001
[host_monotonic_s=144411.902015] 007750 000001
[host_monotonic_s=144411.904365] 007752 000001
[host_monotonic_s=144411.906646] 007753 000001
[host_monotonic_s=144411.908987] 007759 000001
[host_monotonic_s=144411.911398] 007760 000001
[host_monotonic_s=144411.913693] 007761 000001
[host_monotonic_s=144411.916016] 007781 000001
[host_monotonic_s=144411.918328] 007785 000001
[host_monotonic_s=144411.920910] 007802 000001
[host_monotonic_s=144411.923233] 007808 000001
[host_monotonic_s=144411.925562] 007811 000001
[host_monotonic_s=144411.927857] 007818 000001
[host_monotonic_s=144411.930771] 007824 000001
[host_monotonic_s=144411.933160] 007828 000001
[host_monotonic_s=144411.935457] 007835 000002
[host_monotonic_s=144411.937799] 007837 000001
[host_monotonic_s=144411.940418] 007845 000001
[host_monotonic_s=144411.942762] 007858 000001
[host_monotonic_s=144411.945092] 007867 000001
[host_monotonic_s=144411.947415] 007868 000001
[host_monotonic_s=144411.949859] 007873 000001
[host_monotonic_s=144411.952185] 007874 000001
[host_monotonic_s=144411.954541] 007877 000001
[host_monotonic_s=144411.956891] 007883 000001
[host_monotonic_s=144411.959187] 007887 000001
[host_monotonic_s=144411.961611] 007891 000001
[host_monotonic_s=144411.963955] 007894 000001
[host_monotonic_s=144411.966271] 007906 000001
[host_monotonic_s=144411.968572] 007908 000001
[host_monotonic_s=144411.971143] 007909 000001
[host_monotonic_s=144411.973452] 007912 000001
[host_monotonic_s=144411.975777] 007914 000002
[host_monotonic_s=144411.978149] 007915 000001
[host_monotonic_s=144411.980557] 007916 000001
[host_monotonic_s=144411.982875] 007919 000002
[host_monotonic_s=144411.985182] 007920 000001
[host_monotonic_s=144411.987496] 007921 000001
[host_monotonic_s=144411.990088] 007924 000001
[host_monotonic_s=144411.992491] 007925 000001
[host_monotonic_s=144411.994804] 007926 000003
[host_monotonic_s=144411.997097] 007927 000002
[host_monotonic_s=144411.999483] 007928 000002
[host_monotonic_s=144412.001832] 007930 000001
[host_monotonic_s=144412.004163] 007931 000001
[host_monotonic_s=144412.006503] 007932 000001
[host_monotonic_s=144412.008841] 007934 000001
[host_monotonic_s=144412.011303] 007937 000001
[host_monotonic_s=144412.013637] 007938 000003
[host_monotonic_s=144412.015974] 007939 000002
[host_monotonic_s=144412.018328] 007940 000001
[host_monotonic_s=144412.020763] 007941 000001
[host_monotonic_s=144412.023106] 007942 000001
[host_monotonic_s=144412.025490] 007943 000001
[host_monotonic_s=144412.027877] 007944 000004
[host_monotonic_s=144412.030714] 007945 000002
[host_monotonic_s=144412.033131] 007946 000004
[host_monotonic_s=144412.035558] 007947 000001
[host_monotonic_s=144412.037950] 007948 000001
[host_monotonic_s=144412.040437] 007949 000002
[host_monotonic_s=144412.042895] 007951 000001
[host_monotonic_s=144412.045271] 007952 000003
[host_monotonic_s=144412.047621] 007953 000003
[host_monotonic_s=144412.050078] 007954 000002
[host_monotonic_s=144412.052469] 007955 000002
[host_monotonic_s=144412.054926] 007957 000002
[host_monotonic_s=144412.057314] 007958 000006
[host_monotonic_s=144412.059795] 007959 000001
[host_monotonic_s=144412.062261] 007960 000003
[host_monotonic_s=144412.064669] 007961 000001
[host_monotonic_s=144412.067119] 007962 000006
[host_monotonic_s=144412.069622] 007963 000003
[host_monotonic_s=144412.072136] 007964 000001
[host_monotonic_s=144412.074916] 007965 000001
[host_monotonic_s=144412.077342] 007966 000002
[host_monotonic_s=144412.379423] 007967 000002
[host_monotonic_s=144412.379437] 007968 000002
[host_monotonic_s=144412.379439] 007969 000002
[host_monotonic_s=144412.379442] 007970 000004
[host_monotonic_s=144412.379444] 007971 000006
[host_monotonic_s=144412.379446] 007972 000002
[host_monotonic_s=144412.379448] 007973 000003
[host_monotonic_s=144412.379450] 007974 000001
[host_monotonic_s=144412.379452] 007976 000004
[host_monotonic_s=144412.379454] 007977 000001
[host_monotonic_s=144412.379455] 007978 000001
[host_monotonic_s=144412.379457] 007979 000002
[host_monotonic_s=144412.379459] 007980 000002
[host_monotonic_s=144412.379461] 007981 000005
[host_monotonic_s=144412.379463] 007982 000001
[host_monotonic_s=144412.379464] 007983 000003
[host_monotonic_s=144412.379466] 007984 000003
[host_monotonic_s=144412.379468] 007985 000003
[host_monotonic_s=144412.379470] 007986 000002
[host_monotonic_s=144412.388018] 007988 000002
[host_monotonic_s=144412.391714] 007989 000002
[host_monotonic_s=144412.394299] 007990 000002
[host_monotonic_s=144412.396628] 007991 000002
[host_monotonic_s=144412.398914] 007992 000004
[host_monotonic_s=144412.401332] 007993 000001
[host_monotonic_s=144412.403634] 007994 000001
[host_monotonic_s=144412.405948] 007995 000001
[host_monotonic_s=144412.408256] 007996 000002
[host_monotonic_s=144412.410831] 007997 000002
[host_monotonic_s=144412.413117] 007998 000001
[host_monotonic_s=144412.415412] 007999 000001
[host_monotonic_s=144412.417732] 008000 000001
[host_monotonic_s=144412.420329] 008001 000001
[host_monotonic_s=144412.422650] 008002 000003
[host_monotonic_s=144417.938554] 008003 000002
[host_monotonic_s=144417.938569] 008004 000003
[host_monotonic_s=144417.938572] 008005 000003
[host_monotonic_s=144417.938575] 008006 000007
[host_monotonic_s=144417.938577] 008007 000004
[host_monotonic_s=144417.938579] 008008 000002
[host_monotonic_s=144417.938581] 008009 000004
[host_monotonic_s=144417.938583] 008010 000007
[host_monotonic_s=144417.938585] 008011 000002
[host_monotonic_s=144417.938586] 008012 000005
[host_monotonic_s=144417.938588] 008013 000002
[host_monotonic_s=144417.938590] 008014 000002
[host_monotonic_s=144417.938592] 008015 000001
[host_monotonic_s=144417.938594] 008016 000001
[host_monotonic_s=144417.938595] 008018 000005
[host_monotonic_s=144417.938597] 008019 000005
[host_monotonic_s=144417.938598] 008020 000001
[host_monotonic_s=144417.938600] 008021 000010
[host_monotonic_s=144417.938602] 008022 000003
[host_monotonic_s=144417.944816] 008023 000007
[host_monotonic_s=144417.947121] 008024 000004
[host_monotonic_s=144417.949488] 008025 000002
[host_monotonic_s=144417.951844] 008026 000003
[host_monotonic_s=144417.954163] 008027 000006
[host_monotonic_s=144417.956477] 008028 000005
[host_monotonic_s=144417.958772] 008029 000008
[host_monotonic_s=144417.961213] 008030 000006
[host_monotonic_s=144417.963530] 008031 000007
[host_monotonic_s=144417.965842] 008032 000008
[host_monotonic_s=144417.968135] 008033 000007
[host_monotonic_s=144417.970565] 008034 000010
[host_monotonic_s=144417.972863] 008035 000004
[host_monotonic_s=144417.975175] 008036 000011
[host_monotonic_s=144417.977457] 008037 000008
[host_monotonic_s=144417.979925] 008038 000006
[host_monotonic_s=144417.982266] 008039 000014
[host_monotonic_s=144417.984670] 008040 000011
[host_monotonic_s=144417.987004] 008041 000014
[host_monotonic_s=144417.989658] 008042 000011
[host_monotonic_s=144417.992044] 008043 000011
[host_monotonic_s=144417.994360] 008044 000011
[host_monotonic_s=144417.996725] 008045 000008
[host_monotonic_s=144417.999059] 008046 000013
[host_monotonic_s=144418.001657] 008047 000010
[host_monotonic_s=144418.003961] 008048 000009
[host_monotonic_s=144418.006282] 008049 000016
[host_monotonic_s=144418.008580] 008050 000009
[host_monotonic_s=144418.011183] 008051 000007
[host_monotonic_s=144418.013476] 008052 000013
[host_monotonic_s=144418.015787] 008053 000015
[host_monotonic_s=144418.018068] 008054 000011
[host_monotonic_s=144418.020940] 008055 000015
[host_monotonic_s=144418.023244] 008056 000012
[host_monotonic_s=144418.025681] 008057 000015
[host_monotonic_s=144418.028215] 008058 000012
[host_monotonic_s=144418.031751] 008059 000019
[host_monotonic_s=144418.034119] 008060 000010
[host_monotonic_s=144418.036536] 008061 000014
[host_monotonic_s=144418.038940] 008062 000015
[host_monotonic_s=144418.041755] 008063 000011
[host_monotonic_s=144418.044187] 008064 000011
[host_monotonic_s=144418.046611] 008065 000012
[host_monotonic_s=144418.049030] 008066 000009
[host_monotonic_s=144418.051765] 008067 000011
[host_monotonic_s=144418.054216] 008068 000008
[host_monotonic_s=144418.056649] 008069 000006
[host_monotonic_s=144418.059060] 008070 000011
[host_monotonic_s=144418.061775] 008071 000006
[host_monotonic_s=144418.064217] 008072 000009
[host_monotonic_s=144418.066650] 008073 000006
[host_monotonic_s=144418.069085] 008074 000008
[host_monotonic_s=144418.071615] 008075 000013
[host_monotonic_s=144418.074047] 008076 000010
[host_monotonic_s=144418.076508] 008077 000009
[host_monotonic_s=144418.078971] 008078 000008
[host_monotonic_s=144418.081465] 008079 000004
[host_monotonic_s=144418.083836] 008080 000002
[host_monotonic_s=144418.086242] 008081 000007
[host_monotonic_s=144418.088663] 008082 000006
[host_monotonic_s=144418.091391] 008083 000007
[host_monotonic_s=144418.093833] 008084 000009
[host_monotonic_s=144418.096252] 008085 000005
[host_monotonic_s=144418.098711] 008086 000006
[host_monotonic_s=144418.101413] 008087 000014
[host_monotonic_s=144418.103785] 008088 000006
[host_monotonic_s=144418.106215] 008089 000005
[host_monotonic_s=144418.108625] 008090 000003
[host_monotonic_s=144418.111311] 008091 000003
[host_monotonic_s=144418.113750] 008092 000001
[host_monotonic_s=144418.116191] 008093 000006
[host_monotonic_s=144418.118610] 008094 000003
[host_monotonic_s=144418.121118] 008095 000004
[host_monotonic_s=144418.123547] 008096 000004
[host_monotonic_s=144418.126018] 008097 000002
[host_monotonic_s=144418.128446] 008098 000004
[host_monotonic_s=144418.130995] 008099 000004
[host_monotonic_s=144418.133435] 008100 000005
[host_monotonic_s=144418.135797] 008101 000002
[host_monotonic_s=144418.138193] 008102 000002
[host_monotonic_s=144418.140757] 008103 000002
[host_monotonic_s=144418.143195] 008104 000001
[host_monotonic_s=144418.145733] 008105 000004
[host_monotonic_s=144418.148363] 008106 000002
[host_monotonic_s=144418.150954] 008107 000002
[host_monotonic_s=144418.153316] 008109 000002
[host_monotonic_s=144418.155697] 008110 000003
[host_monotonic_s=144418.158209] 008111 000001
[host_monotonic_s=144418.160758] 008112 000001
[host_monotonic_s=144418.163133] 008114 000001
[host_monotonic_s=144418.165480] 008117 000001
[host_monotonic_s=144418.167819] 008118 000002
[host_monotonic_s=144418.170329] 008120 000001
[host_monotonic_s=144418.172806] 008122 000001
[host_monotonic_s=144418.175204] 008124 000002
[host_monotonic_s=144418.177596] 008126 000002
[host_monotonic_s=144418.180163] 008128 000002
[host_monotonic_s=144418.182594] 008129 000001
[host_monotonic_s=144418.185017] 008133 000002
[host_monotonic_s=144418.187439] 008134 000003
[host_monotonic_s=144418.488848] 008136 000002
[host_monotonic_s=144418.488863] 008140 000001
[host_monotonic_s=144418.488866] 008141 000003
[host_monotonic_s=144418.488868] 008143 000002
[host_monotonic_s=144418.488870] 008144 000002
[host_monotonic_s=144418.488872] 008145 000002
[host_monotonic_s=144418.488875] 008146 000002
[host_monotonic_s=144418.488877] 008147 000002
[host_monotonic_s=144418.488878] 008150 000005
[host_monotonic_s=144418.488880] 008151 000003
[host_monotonic_s=144418.488882] 008152 000001
[host_monotonic_s=144418.488884] 008153 000002
[host_monotonic_s=144418.488886] 008154 000002
[host_monotonic_s=144418.488888] 008155 000001
[host_monotonic_s=144418.488890] 008156 000001
[host_monotonic_s=144418.488891] 008158 000001
[host_monotonic_s=144418.488893] 008162 000002
[host_monotonic_s=144418.488895] 008166 000001
[host_monotonic_s=144418.491343] 008167 000002
[host_monotonic_s=144418.495985] 008171 000001
[host_monotonic_s=144418.498280] 008175 000001
[host_monotonic_s=144418.500862] 008176 000001
[host_monotonic_s=144418.503195] 008177 000002
[host_monotonic_s=144418.505489] 008181 000002
[host_monotonic_s=144418.507778] 008183 000001
[host_monotonic_s=144418.510183] 008188 000001
[host_monotonic_s=144418.512483] 008190 000001
[host_monotonic_s=144418.514848] 008191 000001
[host_monotonic_s=144418.517181] 008195 000002
[host_monotonic_s=144418.519756] 008204 000002
[host_monotonic_s=144418.522112] 008205 000001
[host_monotonic_s=144418.524436] 008207 000001
[host_monotonic_s=144418.526737] 008208 000001
[host_monotonic_s=144418.529022] 008212 000001
[host_monotonic_s=144418.531438] 008214 000004
[host_monotonic_s=144418.533749] 008215 000001
[host_monotonic_s=144418.536123] 008217 000003
[host_monotonic_s=144418.538474] 008218 000001
[host_monotonic_s=144418.540893] 008219 000001
[host_monotonic_s=144418.543337] 008220 000001
[host_monotonic_s=144418.545656] 008221 000002
[host_monotonic_s=144418.548063] 008222 000003
[host_monotonic_s=144418.550839] 008224 000001
[host_monotonic_s=144418.553186] 008226 000002
[host_monotonic_s=144418.555535] 008229 000002
[host_monotonic_s=144418.557860] 008230 000001
[host_monotonic_s=144418.560487] 008231 000001
[host_monotonic_s=144418.562796] 008234 000001
[host_monotonic_s=144418.565135] 008235 000001
[host_monotonic_s=144418.567428] 008236 000001
[host_monotonic_s=144418.569965] 008237 000001
[host_monotonic_s=144418.572286] 008238 000002
[host_monotonic_s=144418.574610] 008240 000001
[host_monotonic_s=144418.576914] 008241 000001
[host_monotonic_s=144418.579327] 008242 000001
[host_monotonic_s=144418.581779] 008244 000001
[host_monotonic_s=144418.584165] 008245 000001
[host_monotonic_s=144418.586533] 008247 000001
[host_monotonic_s=144418.588904] 008248 000001
[host_monotonic_s=144418.591514] 008251 000002
[host_monotonic_s=144418.593925] 008252 000001
[host_monotonic_s=144418.596345] 008253 000001
[host_monotonic_s=144418.599086] 008256 000001
[host_monotonic_s=144418.601599] 008258 000003
[host_monotonic_s=144418.603981] 008264 000001
[host_monotonic_s=144418.606388] 008268 000001
[host_monotonic_s=144418.608787] 008270 000003
[host_monotonic_s=144418.611294] 008273 000001
[host_monotonic_s=144418.613720] 008276 000001
[host_monotonic_s=144418.616147] 008278 000001
[host_monotonic_s=144418.618565] 008280 000001
[host_monotonic_s=144418.621336] 008281 000002
[host_monotonic_s=144418.623773] 008282 000001
[host_monotonic_s=144418.626230] 008283 000002
[host_monotonic_s=144418.628664] 008284 000001
[host_monotonic_s=144418.631229] 008286 000001
[host_monotonic_s=144418.633667] 008287 000001
[host_monotonic_s=144418.636089] 008289 000003
[host_monotonic_s=144418.638493] 008290 000003
[host_monotonic_s=144418.641053] 008291 000001
[host_monotonic_s=144418.643451] 008292 000001
[host_monotonic_s=144418.645901] 008293 000002
[host_monotonic_s=144418.648362] 008296 000001
[host_monotonic_s=144418.650837] 008300 000004
[host_monotonic_s=144418.653289] 008301 000001
[host_monotonic_s=144418.655725] 008304 000003
[host_monotonic_s=144418.658126] 008306 000003
[host_monotonic_s=144418.660681] 008307 000002
[host_monotonic_s=144418.663054] 008311 000001
[host_monotonic_s=144418.665436] 008312 000002
[host_monotonic_s=144418.667792] 008313 000001
[host_monotonic_s=144418.670302] 008315 000001
[host_monotonic_s=144418.672769] 008316 000001
[host_monotonic_s=144418.675200] 008317 000001
[host_monotonic_s=144418.677556] 008319 000001
[host_monotonic_s=144418.680031] 008320 000001
[host_monotonic_s=144418.682442] 008321 000001
[host_monotonic_s=144418.684849] 008324 000002
[host_monotonic_s=144418.687164] 008325 000001
[host_monotonic_s=144418.689788] 008327 000001
[host_monotonic_s=144418.692257] 008329 000002
[host_monotonic_s=144418.694636] 008333 000001
[host_monotonic_s=144418.697068] 008335 000001
[host_monotonic_s=144418.699563] 008338 000003
[host_monotonic_s=144418.702025] 008344 000001
[host_monotonic_s=144418.704427] 008350 000003
[host_monotonic_s=144418.706842] 008355 000001
[host_monotonic_s=144418.709377] 008356 000002
[host_monotonic_s=144418.711857] 008373 000001
[host_monotonic_s=144418.714360] 008375 000001
[host_monotonic_s=144418.716868] 008377 000001
[host_monotonic_s=144418.719432] 008378 000001
[host_monotonic_s=144418.721907] 008381 000001
[host_monotonic_s=144418.724316] 008395 000001
[host_monotonic_s=144418.726745] 008398 000001
[host_monotonic_s=144418.729479] 008412 000001
[host_monotonic_s=144418.731943] 008413 000001
[host_monotonic_s=144419.039806] 008416 000001
[host_monotonic_s=144419.039821] 008422 000001
[host_monotonic_s=144419.039824] 008445 000001
[host_monotonic_s=144419.039827] 008446 000001
[host_monotonic_s=144419.039830] 008470 000001
[host_monotonic_s=144419.039832] 008474 000001
[host_monotonic_s=144419.039834] 008484 000001
[host_monotonic_s=144419.039836] 008511 000001
[host_monotonic_s=144419.039837] 008523 000001
[host_monotonic_s=144419.039839] 008560 000001
[host_monotonic_s=144419.039841] 008574 000001
[host_monotonic_s=144419.039843] 008596 000001
[host_monotonic_s=144419.039845] 008629 000001
[host_monotonic_s=144419.039847] 008633 000001
[host_monotonic_s=144419.039848] 008640 000001
[host_monotonic_s=144419.039850] 008648 000001
[host_monotonic_s=144419.039852] 008656 000001
[host_monotonic_s=144419.039853] 008662 000001
[host_monotonic_s=144419.045023] 008686 000001
[host_monotonic_s=144419.048519] 008705 000001
[host_monotonic_s=144419.051189] 008714 000001
[host_monotonic_s=144419.053491] 008727 000001
[host_monotonic_s=144419.055799] 008746 000001
[host_monotonic_s=144419.058126] 008769 000001
[host_monotonic_s=144419.060700] 008771 000003
[host_monotonic_s=144419.062998] 008777 000001
[host_monotonic_s=144419.065317] 008778 000001
[host_monotonic_s=144419.067612] 008781 000001
[host_monotonic_s=144419.069991] 008790 000001
[host_monotonic_s=144419.072311] 008794 000001
[host_monotonic_s=144419.074634] 008799 000001
[host_monotonic_s=144419.076916] 008802 000001
[host_monotonic_s=144419.079280] 008804 000001
[host_monotonic_s=144419.081909] 008816 000001
[host_monotonic_s=144419.084523] 008825 000001
[host_monotonic_s=144419.086861] 008828 000001
[host_monotonic_s=144419.089221] 008832 000002
[host_monotonic_s=144424.622609] 008834 000002
[host_monotonic_s=144424.622625] 008839 000002
[host_monotonic_s=144424.622628] 008846 000001
[host_monotonic_s=144424.622631] 008859 000001
[host_monotonic_s=144424.622634] 008864 000001
[host_monotonic_s=144424.622636] 008870 000001
[host_monotonic_s=144424.622638] 008872 000001
[host_monotonic_s=144424.622641] 008876 000001
[host_monotonic_s=144424.622643] 008884 000001
[host_monotonic_s=144424.622644] 008888 000001
[host_monotonic_s=144424.622647] 008889 000003
[host_monotonic_s=144424.622648] 008890 000001
[host_monotonic_s=144424.622651] 008891 000003
[host_monotonic_s=144424.622652] 008893 000001
[host_monotonic_s=144424.622655] 008894 000003
[host_monotonic_s=144424.622656] 008900 000001
[host_monotonic_s=144424.622658] 008901 000001
[host_monotonic_s=144424.622660] 008903 000002
[host_monotonic_s=144424.622662] 008905 000003
[host_monotonic_s=144424.628897] 008907 000001
[host_monotonic_s=144424.631930] 008909 000002
[host_monotonic_s=144424.634207] 008912 000002
[host_monotonic_s=144424.636723] 008913 000002
[host_monotonic_s=144424.639009] 008914 000002
[host_monotonic_s=144424.641711] 008915 000003
[host_monotonic_s=144424.644008] 008916 000003
[host_monotonic_s=144424.646377] 008917 000002
[host_monotonic_s=144424.648723] 008918 000003
[host_monotonic_s=144424.651354] 008919 000003
[host_monotonic_s=144424.653635] 008920 000003
[host_monotonic_s=144424.655954] 008921 000006
[host_monotonic_s=144424.658210] 008922 000001
[host_monotonic_s=144424.660620] 008923 000009
[host_monotonic_s=144424.662912] 008924 000002
[host_monotonic_s=144424.665245] 008925 000005
[host_monotonic_s=144424.667540] 008926 000001
[host_monotonic_s=144424.669922] 008927 000002
[host_monotonic_s=144424.672260] 008928 000014
[host_monotonic_s=144424.674521] 008929 000008
[host_monotonic_s=144424.676855] 008930 000003
[host_monotonic_s=144424.679136] 008931 000004
[host_monotonic_s=144424.681538] 008932 000004
[host_monotonic_s=144424.683876] 008933 000004
[host_monotonic_s=144424.686390] 008934 000007
[host_monotonic_s=144424.688773] 008935 000003
[host_monotonic_s=144424.691250] 008936 000006
[host_monotonic_s=144424.693553] 008937 000002
[host_monotonic_s=144424.695905] 008938 000007
[host_monotonic_s=144424.698251] 008939 000006
[host_monotonic_s=144424.700940] 008940 000006
[host_monotonic_s=144424.703327] 008941 000009
[host_monotonic_s=144424.705655] 008942 000008
[host_monotonic_s=144424.708013] 008943 000005
[host_monotonic_s=144424.710486] 008944 000006
[host_monotonic_s=144424.712812] 008945 000006
[host_monotonic_s=144424.715208] 008946 000004
[host_monotonic_s=144424.717713] 008947 000012
[host_monotonic_s=144424.720211] 008948 000006
[host_monotonic_s=144424.722545] 008949 000004
[host_monotonic_s=144424.725262] 008950 000010
[host_monotonic_s=144424.727632] 008951 000015
[host_monotonic_s=144424.729984] 008952 000006
[host_monotonic_s=144424.732304] 008953 000010
[host_monotonic_s=144424.734613] 008954 000003
[host_monotonic_s=144424.736929] 008955 000008
[host_monotonic_s=144424.739227] 008956 000015
[host_monotonic_s=144424.741829] 008957 000009
[host_monotonic_s=144424.744138] 008958 000015
[host_monotonic_s=144424.746467] 008959 000009
[host_monotonic_s=144424.748762] 008960 000007
[host_monotonic_s=144424.751190] 008961 000010
[host_monotonic_s=144424.753504] 008962 000012
[host_monotonic_s=144424.755844] 008963 000014
[host_monotonic_s=144424.758131] 008964 000012
[host_monotonic_s=144424.760780] 008965 000009
[host_monotonic_s=144424.763079] 008966 000012
[host_monotonic_s=144424.765393] 008967 000017
[host_monotonic_s=144424.767742] 008968 000014
[host_monotonic_s=144424.770182] 008969 000013
[host_monotonic_s=144424.772593] 008970 000017
[host_monotonic_s=144424.774981] 008971 000014
[host_monotonic_s=144424.777384] 008972 000012
[host_monotonic_s=144424.780199] 008973 000014
[host_monotonic_s=144424.782530] 008974 000018
[host_monotonic_s=144424.784984] 008975 000012
[host_monotonic_s=144424.787373] 008976 000011
[host_monotonic_s=144424.789814] 008977 000016
[host_monotonic_s=144424.792234] 008978 000012
[host_monotonic_s=144424.794653] 008979 000012
[host_monotonic_s=144424.797070] 008980 000014
[host_monotonic_s=144424.799776] 008981 000008
[host_monotonic_s=144424.802234] 008982 000006
[host_monotonic_s=144424.804668] 008983 000018
[host_monotonic_s=144424.807051] 008984 000015
[host_monotonic_s=144424.809476] 008985 000013
[host_monotonic_s=144424.811863] 008986 000009
[host_monotonic_s=144424.814245] 008987 000012
[host_monotonic_s=144424.816680] 008988 000008
[host_monotonic_s=144424.819123] 008989 000008
[host_monotonic_s=144424.821678] 008990 000011
[host_monotonic_s=144424.824188] 008991 000005
[host_monotonic_s=144424.826684] 008992 000013
[host_monotonic_s=144424.829107] 008993 000008
[host_monotonic_s=144424.831835] 008994 000004
[host_monotonic_s=144424.834317] 008995 000014
[host_monotonic_s=144424.836674] 008996 000011
[host_monotonic_s=144424.839072] 008997 000012
[host_monotonic_s=144424.841616] 008998 000006
[host_monotonic_s=144424.844057] 008999 000007
[host_monotonic_s=144424.846515] 009000 000009
[host_monotonic_s=144424.848876] 009001 000009
[host_monotonic_s=144424.851619] 009002 000010
[host_monotonic_s=144424.854024] 009003 000010
[host_monotonic_s=144424.856475] 009004 000011
[host_monotonic_s=144424.858905] 009005 000005
[host_monotonic_s=144424.861616] 009006 000010
[host_monotonic_s=144424.863994] 009007 000009
[host_monotonic_s=144424.866418] 009008 000009
[host_monotonic_s=144424.868815] 009009 000010
[host_monotonic_s=144424.871323] 009010 000014
[host_monotonic_s=144425.172838] 009011 000014
[host_monotonic_s=144425.172852] 009012 000010
[host_monotonic_s=144425.172855] 009013 000013
[host_monotonic_s=144425.172858] 009014 000015
[host_monotonic_s=144425.172860] 009015 000013
[host_monotonic_s=144425.172862] 009016 000018
[host_monotonic_s=144425.172864] 009017 000016
[host_monotonic_s=144425.172866] 009018 000027
[host_monotonic_s=144425.172867] 009019 000018
[host_monotonic_s=144425.172869] 009020 000021
[host_monotonic_s=144425.172871] 009021 000028
[host_monotonic_s=144425.172873] 009022 000029
[host_monotonic_s=144425.172875] 009023 000023
[host_monotonic_s=144425.172876] 009024 000033
[host_monotonic_s=144425.172878] 009025 000020
[host_monotonic_s=144425.172879] 009026 000025
[host_monotonic_s=144425.172881] 009027 000032
[host_monotonic_s=144425.172883] 009028 000022
[host_monotonic_s=144425.172885] 009029 000033
[host_monotonic_s=144425.180853] 009030 000021
[host_monotonic_s=144425.183114] 009031 000034
[host_monotonic_s=144425.185412] 009032 000030
[host_monotonic_s=144425.187726] 009033 000023
[host_monotonic_s=144425.190090] 009034 000035
[host_monotonic_s=144425.192516] 009035 000029
[host_monotonic_s=144425.194835] 009036 000036
[host_monotonic_s=144425.197164] 009037 000032
[host_monotonic_s=144425.199720] 009038 000044
[host_monotonic_s=144425.202028] 009039 000042
[host_monotonic_s=144425.204382] 009040 000037
[host_monotonic_s=144425.206707] 009041 000051
[host_monotonic_s=144425.208996] 009042 000040
[host_monotonic_s=144425.211410] 009043 000049
[host_monotonic_s=144425.213706] 009044 000055
[host_monotonic_s=144425.216030] 009045 000046
[host_monotonic_s=144425.218316] 009046 000054
[host_monotonic_s=144425.220702] 009047 000057
[host_monotonic_s=144425.223000] 009048 000067
[host_monotonic_s=144425.225288] 009049 000059
[host_monotonic_s=144425.227576] 009050 000067
[host_monotonic_s=144425.230303] 009051 000061
[host_monotonic_s=144425.232566] 009052 000056
[host_monotonic_s=144425.234894] 009053 000069
[host_monotonic_s=144425.237223] 009054 000057
[host_monotonic_s=144425.239617] 009055 000065
[host_monotonic_s=144425.242011] 009056 000058
[host_monotonic_s=144425.244342] 009057 000060
[host_monotonic_s=144425.246751] 009058 000049
[host_monotonic_s=144425.249188] 009059 000055
[host_monotonic_s=144425.251895] 009060 000059
[host_monotonic_s=144425.254320] 009061 000052
[host_monotonic_s=144425.256558] 009062 000064
[host_monotonic_s=144425.258879] 009063 000058
[host_monotonic_s=144425.261309] 009064 000055
[host_monotonic_s=144425.263645] 009065 000052
[host_monotonic_s=144425.265965] 009066 000046
[host_monotonic_s=144425.268306] 009067 000054
[host_monotonic_s=144425.270762] 009068 000056
[host_monotonic_s=144425.273117] 009069 000053
[host_monotonic_s=144425.275516] 009070 000050
[host_monotonic_s=144425.277838] 009071 000035
[host_monotonic_s=144425.280235] 009072 000045
[host_monotonic_s=144425.282555] 009073 000046
[host_monotonic_s=144425.285077] 009074 000038
[host_monotonic_s=144425.287471] 009075 000048
[host_monotonic_s=144425.289853] 009076 000039
[host_monotonic_s=144425.292230] 009077 000036
[host_monotonic_s=144425.294568] 009078 000029
[host_monotonic_s=144425.296908] 009079 000036
[host_monotonic_s=144425.299382] 009080 000027
[host_monotonic_s=144425.301699] 009081 000030
[host_monotonic_s=144425.304098] 009082 000036
[host_monotonic_s=144425.306421] 009083 000039
[host_monotonic_s=144425.308737] 009084 000034
[host_monotonic_s=144425.311194] 009085 000026
[host_monotonic_s=144425.313632] 009086 000026
[host_monotonic_s=144425.316059] 009087 000028
[host_monotonic_s=144425.318520] 009088 000035
[host_monotonic_s=144425.321321] 009089 000033
[host_monotonic_s=144425.323776] 009090 000018
[host_monotonic_s=144425.326155] 009091 000018
[host_monotonic_s=144425.328511] 009092 000029
[host_monotonic_s=144425.330889] 009093 000025
[host_monotonic_s=144425.333203] 009094 000027
[host_monotonic_s=144425.335560] 009095 000018
[host_monotonic_s=144425.337876] 009096 000025
[host_monotonic_s=144425.340492] 009097 000019
[host_monotonic_s=144425.342884] 009098 000024
[host_monotonic_s=144425.345208] 009099 000016
[host_monotonic_s=144425.347704] 009100 000019
[host_monotonic_s=144425.351350] 009101 000020
[host_monotonic_s=144425.353752] 009102 000019
[host_monotonic_s=144425.356168] 009103 000018
[host_monotonic_s=144425.358576] 009104 000016
[host_monotonic_s=144425.361111] 009105 000018
[host_monotonic_s=144425.363528] 009106 000016
[host_monotonic_s=144425.366018] 009107 000007
[host_monotonic_s=144425.368440] 009108 000009
[host_monotonic_s=144425.370967] 009109 000013
[host_monotonic_s=144425.373414] 009110 000015
[host_monotonic_s=144425.375789] 009111 000007
[host_monotonic_s=144425.378169] 009112 000006
[host_monotonic_s=144425.380717] 009113 000014
[host_monotonic_s=144425.383147] 009114 000009
[host_monotonic_s=144425.385601] 009115 000007
[host_monotonic_s=144425.388028] 009116 000012
[host_monotonic_s=144425.390514] 009117 000007
[host_monotonic_s=144425.392992] 009118 000021
[host_monotonic_s=144425.395430] 009119 000009
[host_monotonic_s=144425.397880] 009120 000016
[host_monotonic_s=144425.400400] 009121 000013
[host_monotonic_s=144425.402804] 009122 000013
[host_monotonic_s=144425.405253] 009123 000007
[host_monotonic_s=144425.407661] 009124 000008
[host_monotonic_s=144425.410401] 009125 000010
[host_monotonic_s=144425.412883] 009126 000008
[host_monotonic_s=144425.415377] 009127 000011
[host_monotonic_s=144425.417787] 009128 000004
[host_monotonic_s=144425.420406] 009129 000007
[host_monotonic_s=144425.722914] 009130 000003
[host_monotonic_s=144425.722925] 009131 000007
[host_monotonic_s=144425.722926] 009132 000006
[host_monotonic_s=144425.722928] 009133 000007
[host_monotonic_s=144425.722930] 009134 000006
[host_monotonic_s=144425.722931] 009135 000007
[host_monotonic_s=144425.722933] 009136 000014
[host_monotonic_s=144425.722934] 009137 000005
[host_monotonic_s=144425.722935] 009138 000004
[host_monotonic_s=144425.722936] 009139 000008
[host_monotonic_s=144425.722938] 009140 000007
[host_monotonic_s=144425.722939] 009141 000008
[host_monotonic_s=144425.722940] 009142 000003
[host_monotonic_s=144425.722941] 009143 000007
[host_monotonic_s=144425.722943] 009144 000006
[host_monotonic_s=144425.722944] 009145 000008
[host_monotonic_s=144425.722945] 009146 000005
[host_monotonic_s=144425.722946] 009147 000004
[host_monotonic_s=144425.722947] 009148 000002
[host_monotonic_s=144425.727443] 009149 000006
[host_monotonic_s=144425.731015] 009150 000005
[host_monotonic_s=144425.733285] 009151 000007
[host_monotonic_s=144425.735629] 009152 000006
[host_monotonic_s=144425.737926] 009153 000008
[host_monotonic_s=144425.740595] 009154 000006
[host_monotonic_s=144425.742931] 009155 000003
[host_monotonic_s=144425.745269] 009156 000003
[host_monotonic_s=144425.747513] 009157 000002
[host_monotonic_s=144425.749918] 009158 000004
[host_monotonic_s=144425.752251] 009159 000004
[host_monotonic_s=144425.754492] 009160 000006
[host_monotonic_s=144425.756762] 009161 000004
[host_monotonic_s=144425.759033] 009162 000003
[host_monotonic_s=144425.761669] 009163 000001
[host_monotonic_s=144431.258626] 009164 000005
[host_monotonic_s=144431.258643] 009166 000003
[host_monotonic_s=144431.258645] 009167 000002
[host_monotonic_s=144431.258648] 009168 000002
[host_monotonic_s=144431.258650] 009169 000004
[host_monotonic_s=144431.258653] 009170 000002
[host_monotonic_s=144431.258655] 009171 000002
[host_monotonic_s=144431.258657] 009172 000004
[host_monotonic_s=144431.258659] 009173 000006
[host_monotonic_s=144431.258662] 009174 000006
[host_monotonic_s=144431.258664] 009175 000002
[host_monotonic_s=144431.258666] 009176 000005
[host_monotonic_s=144431.258668] 009177 000005
[host_monotonic_s=144431.258669] 009178 000004
[host_monotonic_s=144431.258671] 009179 000002
[host_monotonic_s=144431.258673] 009180 000002
[host_monotonic_s=144431.258675] 009181 000003
[host_monotonic_s=144431.258677] 009182 000002
[host_monotonic_s=144431.258679] 009183 000005
[host_monotonic_s=144431.264596] 009184 000002
[host_monotonic_s=144431.266881] 009185 000003
[host_monotonic_s=144431.269237] 009186 000005
[host_monotonic_s=144431.271567] 009189 000001
[host_monotonic_s=144431.273823] 009190 000002
[host_monotonic_s=144431.276154] 009191 000001
[host_monotonic_s=144431.278443] 009192 000003
[host_monotonic_s=144431.280815] 009193 000002
[host_monotonic_s=144431.283313] 009194 000001
[host_monotonic_s=144431.285621] 009196 000004
[host_monotonic_s=144431.287907] 009197 000001
[host_monotonic_s=144431.290520] 009198 000001
[host_monotonic_s=144431.292803] 009199 000001
[host_monotonic_s=144431.295134] 009200 000002
[host_monotonic_s=144431.297484] 009201 000003
[host_monotonic_s=144431.299936] 009204 000002
[host_monotonic_s=144431.302237] 009205 000002
[host_monotonic_s=144431.304545] 009206 000002
[host_monotonic_s=144431.306840] 009207 000001
[host_monotonic_s=144431.309284] 009208 000002
[host_monotonic_s=144431.311627] 009210 000001
[host_monotonic_s=144431.313958] 009212 000002
[host_monotonic_s=144431.316270] 009213 000001
[host_monotonic_s=144431.318534] 009214 000001
[host_monotonic_s=144431.320888] 009215 000002
[host_monotonic_s=144431.323198] 009216 000001
[host_monotonic_s=144431.325573] 009217 000001
[host_monotonic_s=144431.327880] 009218 000002
[host_monotonic_s=144431.330281] 009219 000003
[host_monotonic_s=144431.332617] 009220 000001
[host_monotonic_s=144431.335088] 009221 000001
[host_monotonic_s=144431.337450] 009222 000004
[host_monotonic_s=144431.339857] 009223 000001
[host_monotonic_s=144431.342206] 009224 000001
[host_monotonic_s=144431.344526] 009225 000004
[host_monotonic_s=144431.347834] 009227 000001
[host_monotonic_s=144431.350248] 009228 000003
[host_monotonic_s=144431.352595] 009231 000001
[host_monotonic_s=144431.354926] 009232 000001
[host_monotonic_s=144431.357319] 009235 000001
[host_monotonic_s=144431.359756] 009236 000001
[host_monotonic_s=144431.362243] 009237 000001
[host_monotonic_s=144431.364594] 009238 000002
[host_monotonic_s=144431.366912] 009240 000001
[host_monotonic_s=144431.369271] 009242 000003
[host_monotonic_s=144431.371614] 009243 000003
[host_monotonic_s=144431.373924] 009244 000001
[host_monotonic_s=144431.376212] 009245 000001
[host_monotonic_s=144431.378606] 009246 000001
[host_monotonic_s=144431.380991] 009247 000001
[host_monotonic_s=144431.383314] 009248 000001
[host_monotonic_s=144431.385652] 009250 000002
[host_monotonic_s=144431.388007] 009251 000001
[host_monotonic_s=144431.390519] 009252 000003
[host_monotonic_s=144431.392902] 009254 000002
[host_monotonic_s=144431.395349] 009255 000005
[host_monotonic_s=144431.397739] 009256 000001
[host_monotonic_s=144431.400235] 009258 000001
[host_monotonic_s=144431.402674] 009259 000003
[host_monotonic_s=144431.405087] 009260 000001
[host_monotonic_s=144431.407443] 009261 000001
[host_monotonic_s=144431.410205] 009264 000002
[host_monotonic_s=144431.412600] 009265 000001
[host_monotonic_s=144431.415038] 009266 000001
[host_monotonic_s=144431.417427] 009268 000001
[host_monotonic_s=144431.420145] 009269 000001
[host_monotonic_s=144431.422567] 009270 000005
[host_monotonic_s=144431.425027] 009271 000002
[host_monotonic_s=144431.427450] 009272 000001
[host_monotonic_s=144431.429962] 009273 000001
[host_monotonic_s=144431.432427] 009274 000002
[host_monotonic_s=144431.434951] 009276 000002
[host_monotonic_s=144431.437388] 009277 000002
[host_monotonic_s=144431.440184] 009278 000005
[host_monotonic_s=144431.442628] 009279 000002
[host_monotonic_s=144431.445118] 009280 000002
[host_monotonic_s=144431.447525] 009281 000002
[host_monotonic_s=144431.449973] 009283 000003
[host_monotonic_s=144431.452385] 009284 000001
[host_monotonic_s=144431.454784] 009285 000001
[host_monotonic_s=144431.457193] 009286 000001
[host_monotonic_s=144431.459766] 009287 000001
[host_monotonic_s=144431.462198] 009288 000003
[host_monotonic_s=144431.464620] 009289 000003
[host_monotonic_s=144431.467059] 009290 000006
[host_monotonic_s=144431.469623] 009291 000003
[host_monotonic_s=144431.472054] 009292 000008
[host_monotonic_s=144431.474504] 009293 000005
[host_monotonic_s=144431.476870] 009294 000004
[host_monotonic_s=144431.479511] 009295 000002
[host_monotonic_s=144431.481948] 009296 000003
[host_monotonic_s=144431.484400] 009297 000005
[host_monotonic_s=144431.486808] 009298 000005
[host_monotonic_s=144431.489338] 009299 000003
[host_monotonic_s=144431.491850] 009300 000004
[host_monotonic_s=144431.494304] 009301 000003
[host_monotonic_s=144431.496723] 009302 000004
[host_monotonic_s=144431.499486] 009303 000004
[host_monotonic_s=144431.501945] 009304 000004
[host_monotonic_s=144431.504401] 009305 000002
[host_monotonic_s=144431.506832] 009306 000001
[host_monotonic_s=144431.808925] 009307 000004
[host_monotonic_s=144431.808941] 009308 000001
[host_monotonic_s=144431.808945] 009309 000004
[host_monotonic_s=144431.808948] 009310 000005
[host_monotonic_s=144431.808950] 009311 000005
[host_monotonic_s=144431.808953] 009312 000003
[host_monotonic_s=144431.808955] 009313 000002
[host_monotonic_s=144431.808956] 009314 000001
[host_monotonic_s=144431.808959] 009315 000002
[host_monotonic_s=144431.808961] 009318 000002
[host_monotonic_s=144431.808963] 009319 000005
[host_monotonic_s=144431.808965] 009320 000001
[host_monotonic_s=144431.808967] 009321 000003
[host_monotonic_s=144431.808968] 009322 000002
[host_monotonic_s=144431.808970] 009323 000001
[host_monotonic_s=144431.808972] 009324 000001
[host_monotonic_s=144431.808974] 009326 000003
[host_monotonic_s=144431.808975] 009327 000001
[host_monotonic_s=144431.808977] 009328 000004
[host_monotonic_s=144431.815878] 009330 000002
[host_monotonic_s=144431.818129] 009332 000006
[host_monotonic_s=144431.820710] 009334 000001
[host_monotonic_s=144431.823006] 009335 000004
[host_monotonic_s=144431.825307] 009336 000003
[host_monotonic_s=144431.827590] 009337 000001
[host_monotonic_s=144431.830033] 009338 000003
[host_monotonic_s=144431.832421] 009340 000003
[host_monotonic_s=144431.834703] 009341 000001
[host_monotonic_s=144431.837007] 009343 000003
[host_monotonic_s=144431.839541] 009345 000003
[host_monotonic_s=144431.841854] 009346 000002
[host_monotonic_s=144431.844165] 009347 000005
[host_monotonic_s=144431.846428] 009348 000001
[host_monotonic_s=144431.848701] 009350 000002
[host_monotonic_s=144431.851323] 009351 000001
[host_monotonic_s=144431.853590] 009353 000001
[host_monotonic_s=144431.855941] 009354 000001
[host_monotonic_s=144431.858278] 009355 000001
[host_monotonic_s=144431.860870] 009356 000003
[host_monotonic_s=144431.863262] 009357 000003
[host_monotonic_s=144431.865585] 009359 000001
[host_monotonic_s=144431.867881] 009360 000002
[host_monotonic_s=144431.870260] 009361 000001
[host_monotonic_s=144431.872552] 009363 000001
[host_monotonic_s=144431.874842] 009365 000001
[host_monotonic_s=144431.877140] 009366 000001
[host_monotonic_s=144431.879671] 009367 000001
[host_monotonic_s=144431.881992] 009369 000002
[host_monotonic_s=144431.884307] 009371 000004
[host_monotonic_s=144431.886612] 009372 000003
[host_monotonic_s=144431.888933] 009374 000002
[host_monotonic_s=144431.891379] 009375 000001
[host_monotonic_s=144431.893723] 009376 000001
[host_monotonic_s=144431.896088] 009378 000003
[host_monotonic_s=144431.898469] 009379 000001
[host_monotonic_s=144431.900930] 009381 000001
[host_monotonic_s=144431.903303] 009382 000003
[host_monotonic_s=144431.905696] 009383 000003
[host_monotonic_s=144431.908096] 009389 000001
[host_monotonic_s=144431.910903] 009390 000002
[host_monotonic_s=144431.913272] 009394 000001
[host_monotonic_s=144431.915655] 009396 000001
[host_monotonic_s=144431.918068] 009397 000001
[host_monotonic_s=144431.920774] 009398 000001
[host_monotonic_s=144431.923157] 009399 000001
[host_monotonic_s=144431.925594] 009400 000002
[host_monotonic_s=144431.928018] 009405 000002
[host_monotonic_s=144431.930541] 009406 000002
[host_monotonic_s=144431.932992] 009407 000001
[host_monotonic_s=144431.935443] 009411 000001
[host_monotonic_s=144431.937857] 009414 000001
[host_monotonic_s=144431.940515] 009415 000001
[host_monotonic_s=144431.942937] 009418 000001
[host_monotonic_s=144431.945374] 009419 000001
[host_monotonic_s=144431.947784] 009422 000001
[host_monotonic_s=144431.950497] 009424 000001
[host_monotonic_s=144431.952940] 009430 000001
[host_monotonic_s=144431.955356] 009434 000002
[host_monotonic_s=144431.957761] 009436 000002
[host_monotonic_s=144431.960503] 009440 000001
[host_monotonic_s=144431.962849] 009441 000001
[host_monotonic_s=144431.965271] 009446 000001
[host_monotonic_s=144431.967649] 009449 000001
[host_monotonic_s=144431.970153] 009452 000001
[host_monotonic_s=144431.972555] 009454 000002
[host_monotonic_s=144431.975040] 009461 000001
[host_monotonic_s=144431.977479] 009471 000001
[host_monotonic_s=144431.979937] 009480 000001
[host_monotonic_s=144431.982390] 009495 000001
[host_monotonic_s=144431.984786] 009497 000001
[host_monotonic_s=144431.987196] 009503 000001
[host_monotonic_s=144431.989692] 009505 000001
[host_monotonic_s=144431.992178] 009516 000001
[host_monotonic_s=144431.994617] 009529 000001
[host_monotonic_s=144431.997030] 009546 000001
[host_monotonic_s=144431.999673] 009557 000001
[host_monotonic_s=144432.002144] 009565 000001
[host_monotonic_s=144432.004559] 009569 000001
[host_monotonic_s=144432.007034] 009595 000001
[host_monotonic_s=144432.009748] 009607 000001
[host_monotonic_s=144432.012177] 009610 000001
[host_monotonic_s=144432.014568] 009617 000001
[host_monotonic_s=144432.016954] 009641 000001
[host_monotonic_s=144432.019682] 009736 000001
[host_monotonic_s=144432.022298] 009766 000001
[host_monotonic_s=144432.024622] 009779 000001
[host_monotonic_s=144432.027090] 009797 000001
[host_monotonic_s=144432.029585] 009818 000001
[host_monotonic_s=144432.032055] 009821 000001
[host_monotonic_s=144432.034469] 009822 000001
[host_monotonic_s=144432.036805] 009830 000001
[host_monotonic_s=144432.039208] 009835 000002
[host_monotonic_s=144432.041615] 009865 000001
[host_monotonic_s=144432.044022] 009872 000001
[host_monotonic_s=144432.046412] 009876 000001
[host_monotonic_s=144432.048818] 009877 000001
[host_monotonic_s=144432.051355] 009878 000001
[host_monotonic_s=144432.053747] 009885 000001
[host_monotonic_s=144432.056207] 009901 000002
[host_monotonic_s=144432.058608] 009903 000001
[host_monotonic_s=144432.359155] 009906 000001
[host_monotonic_s=144432.359166] 009907 000001
[host_monotonic_s=144432.359168] 009914 000001
[host_monotonic_s=144432.359170] 009915 000003
[host_monotonic_s=144432.359172] 009916 000002
[host_monotonic_s=144432.359173] 009920 000001
[host_monotonic_s=144432.359175] 009921 000002
[host_monotonic_s=144432.359176] 009922 000001
[host_monotonic_s=144432.359178] 009923 000001
[host_monotonic_s=144432.359179] 009924 000001
[host_monotonic_s=144432.359181] 009925 000002
[host_monotonic_s=144432.359183] 009926 000003
[host_monotonic_s=144432.359184] 009927 000002
[host_monotonic_s=144432.359186] 009928 000003
[host_monotonic_s=144432.359187] 009929 000002
[host_monotonic_s=144432.359188] 009930 000002
[host_monotonic_s=144432.359189] 009931 000001
[host_monotonic_s=144432.359191] 009932 000001
[host_monotonic_s=144432.363640] 009933 000001
[host_monotonic_s=144432.368416] 009934 000001
[host_monotonic_s=144432.371198] 009935 000001
[host_monotonic_s=144432.373475] 009936 000001
[host_monotonic_s=144432.375745] 009938 000003
[host_monotonic_s=144432.378112] 009939 000002
[host_monotonic_s=144432.380486] 009940 000004
[host_monotonic_s=144432.382780] 009941 000002
[host_monotonic_s=144432.385072] 009942 000002
[host_monotonic_s=144432.387376] 009943 000001
[host_monotonic_s=144432.389912] 009944 000002
[host_monotonic_s=144432.392250] 009947 000001
[host_monotonic_s=144432.394583] 009948 000002
[host_monotonic_s=144432.396908] 009949 000002
[host_monotonic_s=144432.399331] 009950 000002
[host_monotonic_s=144437.902412] 009951 000004
[host_monotonic_s=144437.902425] 009952 000002
[host_monotonic_s=144437.902427] 009953 000004
[host_monotonic_s=144437.902429] 009954 000004
[host_monotonic_s=144437.902430] 009955 000006
[host_monotonic_s=144437.902432] 009956 000006
[host_monotonic_s=144437.902434] 009957 000003
[host_monotonic_s=144437.902435] 009958 000004
[host_monotonic_s=144437.902437] 009959 000003
[host_monotonic_s=144437.902438] 009960 000004
[host_monotonic_s=144437.902440] 009961 000005
[host_monotonic_s=144437.902441] 009962 000002
[host_monotonic_s=144437.902443] 009963 000004
[host_monotonic_s=144437.902444] 009964 000005
[host_monotonic_s=144437.902445] 009965 000003
[host_monotonic_s=144437.902447] 009966 000009
[host_monotonic_s=144437.902448] 009967 000007
[host_monotonic_s=144437.902449] 009968 000005
[host_monotonic_s=144437.902450] 009969 000005
[host_monotonic_s=144437.907657] 009970 000003
[host_monotonic_s=144437.911169] 009971 000004
[host_monotonic_s=144437.913490] 009972 000009
[host_monotonic_s=144437.915773] 009973 000005
[host_monotonic_s=144437.918451] 009974 000003
[host_monotonic_s=144437.920958] 009975 000007
[host_monotonic_s=144437.923402] 009976 000005
[host_monotonic_s=144437.925767] 009977 000003
[host_monotonic_s=144437.928150] 009978 000003
[host_monotonic_s=144437.930822] 009979 000005
[host_monotonic_s=144437.933170] 009980 000003
[host_monotonic_s=144437.935559] 009981 000006
[host_monotonic_s=144437.937836] 009982 000003
[host_monotonic_s=144437.940425] 009983 000010
[host_monotonic_s=144437.942746] 009984 000003
[host_monotonic_s=144437.945049] 009985 000006
[host_monotonic_s=144437.947357] 009986 000003
[host_monotonic_s=144437.949810] 009987 000004
[host_monotonic_s=144437.952127] 009988 000005
[host_monotonic_s=144437.954460] 009989 000002
[host_monotonic_s=144437.956749] 009990 000003
[host_monotonic_s=144437.959061] 009992 000003
[host_monotonic_s=144437.961672] 009993 000009
[host_monotonic_s=144437.963959] 009994 000002
[host_monotonic_s=144437.966272] 009995 000006
[host_monotonic_s=144437.968575] 009996 000006
[host_monotonic_s=144437.970954] 009997 000006
[host_monotonic_s=144437.973272] 009999 000005
[host_monotonic_s=144437.975671] 010000 000007
[host_monotonic_s=144437.978410] 010001 000005
[host_monotonic_s=144437.980826] 010002 000004
[host_monotonic_s=144437.983135] 010003 000003
[host_monotonic_s=144437.985485] 010004 000005
[host_monotonic_s=144437.987797] 010005 000003
[host_monotonic_s=144437.990164] 010006 000005
[host_monotonic_s=144437.992467] 010007 000003
[host_monotonic_s=144437.995185] 010008 000003
[host_monotonic_s=144437.997555] 010009 000005
[host_monotonic_s=144438.000493] 010010 000011
[host_monotonic_s=144438.002873] 010011 000006
[host_monotonic_s=144438.005680] 010012 000012
[host_monotonic_s=144438.008112] 010013 000007
[host_monotonic_s=144438.010626] 010014 000004
[host_monotonic_s=144438.013077] 010015 000006
[host_monotonic_s=144438.015593] 010016 000011
[host_monotonic_s=144438.017944] 010017 000013
[host_monotonic_s=144438.020515] 010018 000008
[host_monotonic_s=144438.022896] 010019 000018
[host_monotonic_s=144438.025321] 010020 000015
[host_monotonic_s=144438.027712] 010021 000021
[host_monotonic_s=144438.030546] 010022 000008
[host_monotonic_s=144438.032975] 010023 000011
[host_monotonic_s=144438.035383] 010024 000014
[host_monotonic_s=144438.037814] 010025 000009
[host_monotonic_s=144438.040330] 010026 000016
[host_monotonic_s=144438.042784] 010027 000018
[host_monotonic_s=144438.045236] 010028 000013
[host_monotonic_s=144438.047692] 010029 000020
[host_monotonic_s=144438.050219] 010030 000019
[host_monotonic_s=144438.052619] 010031 000020
[host_monotonic_s=144438.055050] 010032 000019
[host_monotonic_s=144438.057463] 010033 000017
[host_monotonic_s=144438.060085] 010034 000017
[host_monotonic_s=144438.062610] 010035 000015
[host_monotonic_s=144438.065058] 010036 000021
[host_monotonic_s=144438.067493] 010037 000018
[host_monotonic_s=144438.069930] 010038 000014
[host_monotonic_s=144438.072346] 010039 000015
[host_monotonic_s=144438.074774] 010040 000019
[host_monotonic_s=144438.077226] 010041 000010
[host_monotonic_s=144438.080175] 010042 000030
[host_monotonic_s=144438.082601] 010043 000022
[host_monotonic_s=144438.085039] 010044 000025
[host_monotonic_s=144438.087470] 010045 000031
[host_monotonic_s=144438.089966] 010046 000037
[host_monotonic_s=144438.092414] 010047 000031
[host_monotonic_s=144438.095201] 010048 000039
[host_monotonic_s=144438.097658] 010049 000033
[host_monotonic_s=144438.100364] 010050 000029
[host_monotonic_s=144438.102805] 010051 000039
[host_monotonic_s=144438.105614] 010052 000039
[host_monotonic_s=144438.108068] 010053 000035
[host_monotonic_s=144438.110795] 010054 000034
[host_monotonic_s=144438.113254] 010055 000041
[host_monotonic_s=144438.115673] 010056 000043
[host_monotonic_s=144438.118096] 010057 000033
[host_monotonic_s=144438.120661] 010058 000041
[host_monotonic_s=144438.123122] 010059 000036
[host_monotonic_s=144438.125518] 010060 000030
[host_monotonic_s=144438.128087] 010061 000037
[host_monotonic_s=144438.130611] 010062 000029
[host_monotonic_s=144438.133087] 010063 000047
[host_monotonic_s=144438.135493] 010064 000037
[host_monotonic_s=144438.137961] 010065 000027
[host_monotonic_s=144438.140596] 010066 000026
[host_monotonic_s=144438.143023] 010067 000036
[host_monotonic_s=144438.146542] 010068 000031
[host_monotonic_s=144438.150276] 010069 000038
[host_monotonic_s=144438.452765] 010070 000026
[host_monotonic_s=144438.452777] 010071 000031
[host_monotonic_s=144438.452779] 010072 000023
[host_monotonic_s=144438.452781] 010073 000022
[host_monotonic_s=144438.452782] 010074 000023
[host_monotonic_s=144438.452783] 010075 000018
[host_monotonic_s=144438.452785] 010076 000026
[host_monotonic_s=144438.452787] 010077 000026
[host_monotonic_s=144438.452788] 010078 000023
[host_monotonic_s=144438.452790] 010079 000029
[host_monotonic_s=144438.452792] 010080 000018
[host_monotonic_s=144438.452793] 010081 000014
[host_monotonic_s=144438.452794] 010082 000018
[host_monotonic_s=144438.452796] 010083 000028
[host_monotonic_s=144438.452797] 010084 000014
[host_monotonic_s=144438.452799] 010085 000020
[host_monotonic_s=144438.452800] 010086 000018
[host_monotonic_s=144438.452801] 010087 000019
[host_monotonic_s=144438.452803] 010088 000017
[host_monotonic_s=144438.458095] 010089 000015
[host_monotonic_s=144438.461745] 010090 000007
[host_monotonic_s=144438.464037] 010091 000016
[host_monotonic_s=144438.466371] 010092 000021
[host_monotonic_s=144438.468817] 010093 000012
[host_monotonic_s=144438.471388] 010094 000009
[host_monotonic_s=144438.473704] 010095 000012
[host_monotonic_s=144438.476028] 010096 000010
[host_monotonic_s=144438.478354] 010097 000009
[host_monotonic_s=144438.480924] 010098 000015
[host_monotonic_s=144438.483234] 010099 000005
[host_monotonic_s=144438.485541] 010100 000012
[host_monotonic_s=144438.487856] 010101 000008
[host_monotonic_s=144438.490254] 010102 000004
[host_monotonic_s=144438.492574] 010103 000010
[host_monotonic_s=144438.494912] 010104 000005
[host_monotonic_s=144438.497257] 010105 000011
[host_monotonic_s=144438.499849] 010106 000007
[host_monotonic_s=144438.502202] 010107 000005
[host_monotonic_s=144438.504524] 010108 000007
[host_monotonic_s=144438.506841] 010109 000007
[host_monotonic_s=144438.509229] 010110 000009
[host_monotonic_s=144438.511596] 010111 000006
[host_monotonic_s=144438.513888] 010112 000006
[host_monotonic_s=144438.516239] 010113 000008
[host_monotonic_s=144438.518557] 010114 000006
[host_monotonic_s=144438.521299] 010115 000008
[host_monotonic_s=144438.523584] 010116 000002
[host_monotonic_s=144438.525937] 010117 000008
[host_monotonic_s=144438.528314] 010118 000007
[host_monotonic_s=144438.530724] 010119 000007
[host_monotonic_s=144438.533067] 010120 000006
[host_monotonic_s=144438.535489] 010121 000004
[host_monotonic_s=144438.537831] 010122 000002
[host_monotonic_s=144438.540497] 010123 000005
[host_monotonic_s=144438.542823] 010124 000008
[host_monotonic_s=144438.545154] 010125 000003
[host_monotonic_s=144438.547514] 010126 000003
[host_monotonic_s=144438.550221] 010127 000001
[host_monotonic_s=144438.552788] 010128 000006
[host_monotonic_s=144438.555375] 010129 000005
[host_monotonic_s=144438.557967] 010130 000002
[host_monotonic_s=144438.560478] 010131 000008
[host_monotonic_s=144438.562894] 010132 000002
[host_monotonic_s=144438.565371] 010133 000004
[host_monotonic_s=144438.567758] 010134 000007
[host_monotonic_s=144438.570266] 010135 000009
[host_monotonic_s=144438.572624] 010136 000002
[host_monotonic_s=144438.574951] 010137 000006
[host_monotonic_s=144438.577258] 010138 000007
[host_monotonic_s=144438.579637] 010139 000001
[host_monotonic_s=144438.581961] 010140 000002
[host_monotonic_s=144438.584277] 010141 000002
[host_monotonic_s=144438.586594] 010142 000009
[host_monotonic_s=144438.588963] 010143 000003
[host_monotonic_s=144438.591689] 010144 000006
[host_monotonic_s=144438.594188] 010145 000002
[host_monotonic_s=144438.596591] 010146 000005
[host_monotonic_s=144438.598937] 010147 000005
[host_monotonic_s=144438.601402] 010148 000003
[host_monotonic_s=144438.603793] 010149 000002
[host_monotonic_s=144438.606226] 010150 000007
[host_monotonic_s=144438.608609] 010151 000002
[host_monotonic_s=144438.611164] 010152 000003
[host_monotonic_s=144438.613565] 010153 000005
[host_monotonic_s=144438.616031] 010154 000003
[host_monotonic_s=144438.618417] 010155 000004
[host_monotonic_s=144438.621080] 010156 000003
[host_monotonic_s=144438.623516] 010157 000001
[host_monotonic_s=144438.625974] 010158 000002
[host_monotonic_s=144438.628476] 010159 000003
[host_monotonic_s=144438.631210] 010160 000001
[host_monotonic_s=144438.633586] 010161 000002
[host_monotonic_s=144438.636023] 010162 000003
[host_monotonic_s=144438.638421] 010163 000002
[host_monotonic_s=144438.640922] 010164 000002
[host_monotonic_s=144438.643313] 010165 000002
[host_monotonic_s=144438.645644] 010166 000002
[host_monotonic_s=144438.648030] 010167 000003
[host_monotonic_s=144438.650533] 010168 000003
[host_monotonic_s=144438.652880] 010169 000002
[host_monotonic_s=144438.655287] 010171 000001
[host_monotonic_s=144438.657885] 010172 000003
[host_monotonic_s=144438.660736] 010175 000003
[host_monotonic_s=144438.663305] 010179 000001
[host_monotonic_s=144438.665699] 010180 000002
[host_monotonic_s=144438.668117] 010181 000001
[host_monotonic_s=144438.670614] 010182 000003
[host_monotonic_s=144438.673032] 010183 000001
[host_monotonic_s=144438.675515] 010185 000003
[host_monotonic_s=144438.677887] 010187 000001
[host_monotonic_s=144438.680378] 010189 000001
[host_monotonic_s=144438.682820] 010192 000003
[host_monotonic_s=144438.685293] 010193 000001
[host_monotonic_s=144438.687703] 010194 000002
[host_monotonic_s=144438.690310] 010195 000002
[host_monotonic_s=144438.692742] 010196 000002
[host_monotonic_s=144438.695199] 010199 000002
[host_monotonic_s=144438.697598] 010201 000001
[host_monotonic_s=144438.700129] 010203 000002
[host_monotonic_s=144438.702587] 010204 000002
[host_monotonic_s=144439.003195] 010205 000001
[host_monotonic_s=144439.003209] 010210 000001
[host_monotonic_s=144439.003212] 010217 000002
[host_monotonic_s=144439.003214] 010218 000001
[host_monotonic_s=144439.003216] 010221 000001
[host_monotonic_s=144439.003217] 010222 000001
[host_monotonic_s=144439.003219] 010224 000001
[host_monotonic_s=144439.003221] 010226 000001
[host_monotonic_s=144439.003222] 010232 000001
[host_monotonic_s=144439.003224] 010233 000002
[host_monotonic_s=144439.003226] 010234 000002
[host_monotonic_s=144439.003228] 010237 000001
[host_monotonic_s=144439.003229] 010240 000001
[host_monotonic_s=144439.003231] 010241 000005
[host_monotonic_s=144439.003232] 010245 000001
[host_monotonic_s=144439.003234] 010246 000001
[host_monotonic_s=144439.003235] 010248 000004
[host_monotonic_s=144439.003237] 010249 000002
[host_monotonic_s=144439.008150] 010252 000002
[host_monotonic_s=144439.011718] 010253 000002
[host_monotonic_s=144439.014007] 010254 000001
[host_monotonic_s=144439.016542] 010255 000002
[host_monotonic_s=144439.019012] 010256 000001
[host_monotonic_s=144439.021872] 010257 000001
[host_monotonic_s=144439.024219] 010258 000002
[host_monotonic_s=144439.026555] 010259 000002
[host_monotonic_s=144439.028945] 010260 000002
[host_monotonic_s=144439.031575] 010261 000002
[host_monotonic_s=144439.033952] 010264 000001
[host_monotonic_s=144439.036248] 010266 000002
[host_monotonic_s=144439.038599] 010267 000002
[host_monotonic_s=144439.041094] 010268 000001
[host_monotonic_s=144439.043477] 010270 000002
[host_monotonic_s=144439.045812] 010271 000002
[host_monotonic_s=144439.048090] 010272 000001
[host_monotonic_s=144439.050557] 010273 000001
[host_monotonic_s=144443.812461] 010275 000002
[host_monotonic_s=144443.812476] 010276 000001
[host_monotonic_s=144443.812479] 010277 000001
[host_monotonic_s=144443.812481] 010278 000003
[host_monotonic_s=144443.812483] 010279 000001
[host_monotonic_s=144443.812485] 010280 000001
[host_monotonic_s=144443.812487] 010281 000001
[host_monotonic_s=144443.812489] 010284 000002
[host_monotonic_s=144443.812491] 010285 000003
[host_monotonic_s=144443.812493] 010286 000002
[host_monotonic_s=144443.812494] 010288 000001
[host_monotonic_s=144443.812496] 010289 000002
[host_monotonic_s=144443.812498] 010290 000003
[host_monotonic_s=144443.812499] 010291 000002
[host_monotonic_s=144443.812501] 010292 000004
[host_monotonic_s=144443.812503] 010293 000004
[host_monotonic_s=144443.812504] 010294 000004
[host_monotonic_s=144443.812506] 010295 000004
[host_monotonic_s=144443.812508] 010296 000004
[host_monotonic_s=144443.818139] 010297 000004
[host_monotonic_s=144443.821699] 010298 000002
[host_monotonic_s=144443.824021] 010300 000001
[host_monotonic_s=144443.826338] 010301 000003
[host_monotonic_s=144443.828631] 010302 000002
[host_monotonic_s=144443.831054] 010303 000002
[host_monotonic_s=144443.833380] 010305 000001
[host_monotonic_s=144443.835698] 010306 000005
[host_monotonic_s=144443.837989] 010307 000002
[host_monotonic_s=144443.840396] 010308 000001
[host_monotonic_s=144443.842713] 010309 000004
[host_monotonic_s=144443.845036] 010310 000002
[host_monotonic_s=144443.847369] 010311 000003
[host_monotonic_s=144443.849801] 010312 000003
[host_monotonic_s=144443.852199] 010313 000001
[host_monotonic_s=144443.854611] 010314 000006
[host_monotonic_s=144443.856906] 010315 000002
[host_monotonic_s=144443.859279] 010316 000008
[host_monotonic_s=144443.861621] 010317 000001
[host_monotonic_s=144443.863911] 010318 000003
[host_monotonic_s=144443.866256] 010319 000001
[host_monotonic_s=144443.868681] 010320 000002
[host_monotonic_s=144443.871124] 010321 000003
[host_monotonic_s=144443.873442] 010322 000002
[host_monotonic_s=144443.875991] 010325 000001
[host_monotonic_s=144443.878267] 010327 000002
[host_monotonic_s=144443.880840] 010328 000001
[host_monotonic_s=144443.883193] 010330 000001
[host_monotonic_s=144443.885485] 010331 000002
[host_monotonic_s=144443.887849] 010332 000002
[host_monotonic_s=144443.890256] 010333 000002
[host_monotonic_s=144443.892560] 010334 000002
[host_monotonic_s=144443.895069] 010335 000006
[host_monotonic_s=144443.897470] 010337 000003
[host_monotonic_s=144443.899908] 010338 000002
[host_monotonic_s=144443.902413] 010339 000001
[host_monotonic_s=144443.904901] 010340 000002
[host_monotonic_s=144443.907256] 010342 000002
[host_monotonic_s=144443.909638] 010343 000002
[host_monotonic_s=144443.911965] 010344 000001
[host_monotonic_s=144443.914429] 010345 000003
[host_monotonic_s=144443.916755] 010346 000005
[host_monotonic_s=144443.919102] 010347 000003
[host_monotonic_s=144443.921517] 010348 000004
[host_monotonic_s=144443.923854] 010349 000003
[host_monotonic_s=144443.926225] 010350 000003
[host_monotonic_s=144443.928578] 010352 000002
[host_monotonic_s=144443.931333] 010353 000002
[host_monotonic_s=144443.933751] 010354 000004
[host_monotonic_s=144443.936140] 010355 000002
[host_monotonic_s=144443.938554] 010356 000001
[host_monotonic_s=144443.941313] 010357 000002
[host_monotonic_s=144443.943687] 010358 000002
[host_monotonic_s=144443.946110] 010359 000001
[host_monotonic_s=144443.948571] 010360 000003
[host_monotonic_s=144443.951318] 010361 000002
[host_monotonic_s=144443.953734] 010362 000003
[host_monotonic_s=144443.956144] 010363 000003
[host_monotonic_s=144443.958525] 010364 000001
[host_monotonic_s=144443.961339] 010365 000001
[host_monotonic_s=144443.963792] 010366 000002
[host_monotonic_s=144443.966234] 010368 000004
[host_monotonic_s=144443.968633] 010369 000001
[host_monotonic_s=144443.971182] 010370 000001
[host_monotonic_s=144443.973639] 010371 000001
[host_monotonic_s=144443.976115] 010372 000002
[host_monotonic_s=144443.978475] 010373 000001
[host_monotonic_s=144443.980998] 010375 000001
[host_monotonic_s=144443.983417] 010377 000001
[host_monotonic_s=144443.985839] 010378 000002
[host_monotonic_s=144443.988274] 010379 000001
[host_monotonic_s=144443.990805] 010380 000003
[host_monotonic_s=144443.993226] 010381 000002
[host_monotonic_s=144443.995636] 010383 000003
[host_monotonic_s=144443.998107] 010389 000002
[host_monotonic_s=144444.000588] 010392 000001
[host_monotonic_s=144444.002976] 010393 000001
[host_monotonic_s=144444.005503] 010394 000001
[host_monotonic_s=144444.007898] 010395 000001
[host_monotonic_s=144444.010727] 010396 000001
[host_monotonic_s=144444.013165] 010398 000001
[host_monotonic_s=144444.015668] 010399 000001
[host_monotonic_s=144444.018108] 010406 000001
[host_monotonic_s=144444.020662] 010407 000001
[host_monotonic_s=144444.023089] 010408 000001
[host_monotonic_s=144444.025531] 010409 000001
[host_monotonic_s=144444.027981] 010412 000001
[host_monotonic_s=144444.030780] 010413 000001
[host_monotonic_s=144444.033152] 010417 000001
[host_monotonic_s=144444.035581] 010418 000001
[host_monotonic_s=144444.037982] 010420 000001
[host_monotonic_s=144444.040553] 010433 000001
[host_monotonic_s=144444.042969] 010434 000001
[host_monotonic_s=144444.045363] 010438 000001
[host_monotonic_s=144444.047773] 010444 000001
[host_monotonic_s=144444.050302] 010448 000001
[host_monotonic_s=144444.052746] 010460 000001
[host_monotonic_s=144444.055129] 010461 000002
[host_monotonic_s=144444.057533] 010471 000001
[host_monotonic_s=144444.060224] 010492 000001
[host_monotonic_s=144444.362721] 010493 000001
[host_monotonic_s=144444.362733] 010497 000001
[host_monotonic_s=144444.362736] 010516 000001
[host_monotonic_s=144444.362738] 010543 000001
[host_monotonic_s=144444.362740] 010544 000001
[host_monotonic_s=144444.362742] 010546 000001
[host_monotonic_s=144444.362743] 010557 000001
[host_monotonic_s=144444.362745] 010561 000001
[host_monotonic_s=144444.362746] 010661 000001
[host_monotonic_s=144444.362748] 010892 000001
[host_monotonic_s=144444.362749] 010898 000001
[host_monotonic_s=144444.362751] 010908 000001
[host_monotonic_s=144444.362752] 010950 000001
[host_monotonic_s=144444.362753] 010976 000001
[host_monotonic_s=144444.362755] 010988 000001
[host_monotonic_s=144444.362756] 011023 000001
[host_monotonic_s=144444.362757] 011026 000001
[host_monotonic_s=144444.362759] 011035 000001
[host_monotonic_s=144444.362760] 011058 000001
[host_monotonic_s=144444.368656] 011083 000001
[host_monotonic_s=144444.371560] 011133 000001
[host_monotonic_s=144444.373846] 011140 000001
[host_monotonic_s=144444.376141] 011306 000001
[host_monotonic_s=144444.378407] 013279 000001
[host_monotonic_s=144444.381019] 013300 000001
[host_monotonic_s=144444.384759] # Min Latencies: 00141
[host_monotonic_s=144444.388421] # Avg Latencies: 00679
[host_monotonic_s=144444.392643] # Max Latencies: 304760
[host_monotonic_s=144444.397344] # Histogram Overflows: 00013
[host_monotonic_s=144444.403456] # Histogram Overflow at cycle number:
[host_monotonic_s=144444.417894] # Thread 0: 00647 01129 03407 06888 07155 07426 07697 07971 08237 08504 08760 10026 12297
[host_monotonic_s=144444.418340] 
[host_monotonic_s=144444.425199] RT_CYCLICTEST_TIMING_END uptime_s=3773.40
[host_monotonic_s=144444.428982] RT_CYCLICTEST_COMPLETE
[host_monotonic_s=144444.436155] stress-ng: info:  [68] stopping 3 stressors
[host_monotonic_s=144444.438604] RT_STRESS_STOP
[host_monotonic_s=144444.454425] RT_CPUSTAT sample=0 cpu=cpu0 user=5 nice=0 system=213 idle=2474 iowait=0 irq=18 softirq=1 steal=0
[host_monotonic_s=144444.469767] RT_CPUSTAT sample=0 cpu=cpu1 user=0 nice=0 system=1 idle=2871 iowait=0 irq=5 softirq=0 steal=0
[host_monotonic_s=144444.485849] RT_CPUSTAT sample=1 cpu=cpu0 user=363 nice=0 system=254 idle=2474 iowait=0 irq=41 softirq=2 steal=0
[host_monotonic_s=144444.502259] RT_CPUSTAT sample=1 cpu=cpu1 user=1 nice=0 system=5 idle=3244 iowait=0 irq=106 softirq=0 steal=0
[host_monotonic_s=144444.518952] RT_CPUSTAT sample=2 cpu=cpu0 user=744 nice=0 system=276 idle=2474 iowait=0 irq=89 softirq=2 steal=0
[host_monotonic_s=144444.534834] RT_CPUSTAT sample=2 cpu=cpu1 user=2 nice=0 system=8 idle=3632 iowait=0 irq=205 softirq=0 steal=0
[host_monotonic_s=144444.552156] RT_CPUSTAT sample=3 cpu=cpu0 user=1093 nice=0 system=316 idle=2474 iowait=0 irq=111 softirq=2 steal=0
[host_monotonic_s=144444.568497] RT_CPUSTAT sample=3 cpu=cpu1 user=2 nice=0 system=10 idle=4014 iowait=0 irq=329 softirq=0 steal=0
[host_monotonic_s=144444.584869] RT_CPUSTAT sample=4 cpu=cpu0 user=1526 nice=0 system=333 idle=2474 iowait=0 irq=134 softirq=2 steal=0
[host_monotonic_s=144444.601060] RT_CPUSTAT sample=4 cpu=cpu1 user=4 nice=0 system=13 idle=4365 iowait=0 irq=437 softirq=0 steal=0
[host_monotonic_s=144444.617915] RT_CPUSTAT sample=5 cpu=cpu0 user=2003 nice=0 system=333 idle=2474 iowait=0 irq=161 softirq=3 steal=0
[host_monotonic_s=144444.634404] RT_CPUSTAT sample=5 cpu=cpu1 user=4 nice=0 system=16 idle=4710 iowait=0 irq=550 softirq=0 steal=0
[host_monotonic_s=144444.651199] RT_CPUSTAT sample=6 cpu=cpu0 user=2478 nice=0 system=334 idle=2474 iowait=0 irq=187 softirq=3 steal=0
[host_monotonic_s=144444.667756] RT_CPUSTAT sample=6 cpu=cpu1 user=5 nice=0 system=18 idle=5055 iowait=0 irq=663 softirq=0 steal=0
[host_monotonic_s=144444.684960] RT_CPUSTAT sample=7 cpu=cpu0 user=2945 nice=0 system=345 idle=2474 iowait=0 irq=213 softirq=3 steal=0
[host_monotonic_s=144445.500088] RT_CPUSTAT sample=7 cpu=cpu1 user=6 nice=0 system=22 idle=5397 iowait=0 irq=779 softirq=0 steal=0
[host_monotonic_s=144445.500103] RT_CPUSTAT sample=8 cpu=cpu0 user=3409 nice=0 system=360 idle=2474 iowait=0 irq=238 softirq=4 steal=0
[host_monotonic_s=144445.500106] RT_CPUSTAT sample=8 cpu=cpu1 user=7 nice=0 system=25 idle=5741 iowait=0 irq=893 softirq=0 steal=0
[host_monotonic_s=144445.512891] RT_CPUSTAT sample=9 cpu=cpu0 user=3887 nice=0 system=360 idle=2474 iowait=0 irq=264 softirq=4 steal=0
[host_monotonic_s=144445.529242] RT_CPUSTAT sample=9 cpu=cpu1 user=8 nice=0 system=26 idle=6085 iowait=0 irq=1008 softirq=0 steal=0
[host_monotonic_s=144445.545426] RT_CPUSTAT sample=10 cpu=cpu0 user=4356 nice=0 system=370 idle=2474 iowait=0 irq=291 softirq=4 steal=0
[host_monotonic_s=144445.561802] RT_CPUSTAT sample=10 cpu=cpu1 user=10 nice=0 system=29 idle=6431 iowait=0 irq=1121 softirq=1 steal=0
[host_monotonic_s=144445.578191] RT_CPUSTAT sample=11 cpu=cpu0 user=4791 nice=0 system=414 idle=2474 iowait=0 irq=317 softirq=5 steal=0
[host_monotonic_s=144445.594783] RT_CPUSTAT sample=11 cpu=cpu1 user=10 nice=0 system=31 idle=6776 iowait=0 irq=1235 softirq=1 steal=0
[host_monotonic_s=144445.611516] RT_CPUSTAT sample=12 cpu=cpu0 user=5258 nice=0 system=423 idle=2474 iowait=0 irq=343 softirq=5 steal=0
[host_monotonic_s=144445.627867] RT_CPUSTAT sample=12 cpu=cpu1 user=11 nice=0 system=33 idle=7115 iowait=0 irq=1352 softirq=1 steal=0
[host_monotonic_s=144445.645141] RT_CPUSTAT sample=13 cpu=cpu0 user=5713 nice=0 system=448 idle=2474 iowait=0 irq=369 softirq=5 steal=0
[host_monotonic_s=144445.661981] RT_CPUSTAT sample=13 cpu=cpu1 user=12 nice=0 system=35 idle=7461 iowait=0 irq=1466 softirq=1 steal=0
[host_monotonic_s=144445.679240] RT_CPUSTAT sample=14 cpu=cpu0 user=6178 nice=0 system=458 idle=2474 iowait=0 irq=395 softirq=6 steal=0
[host_monotonic_s=144445.696133] RT_CPUSTAT sample=14 cpu=cpu1 user=12 nice=0 system=39 idle=7800 iowait=0 irq=1583 softirq=1 steal=0
[host_monotonic_s=144445.712800] RT_CPUSTAT sample=15 cpu=cpu0 user=6643 nice=0 system=471 idle=2474 iowait=0 irq=421 softirq=6 steal=0
[host_monotonic_s=144445.729077] RT_CPUSTAT sample=15 cpu=cpu1 user=15 nice=0 system=41 idle=8142 iowait=0 irq=1699 softirq=1 steal=0
[host_monotonic_s=144445.745597] RT_CPUSTAT sample=16 cpu=cpu0 user=7073 nice=0 system=519 idle=2474 iowait=0 irq=448 softirq=6 steal=0
[host_monotonic_s=144446.050292] RT_CPUSTAT sample=16 cpu=cpu1 user=15 nice=0 system=43 idle=8483 iowait=0 irq=1816 softirq=1 steal=0
[host_monotonic_s=144446.050302] RT_CPUSTAT sample=17 cpu=cpu0 user=7532 nice=0 system=538 idle=2474 iowait=0 irq=473 softirq=6 steal=0
[host_monotonic_s=144446.053210] RT_CPUSTAT sample=17 cpu=cpu1 user=17 nice=0 system=47 idle=8828 iowait=0 irq=1929 softirq=1 steal=0
[host_monotonic_s=144446.071381] RT_CPUSTAT sample=18 cpu=cpu0 user=7972 nice=0 system=574 idle=2474 iowait=0 irq=500 softirq=7 steal=0
[host_monotonic_s=144446.087039] RT_CPUSTAT sample=18 cpu=cpu1 user=18 nice=0 system=51 idle=9170 iowait=0 irq=2044 softirq=2 steal=0
[host_monotonic_s=144446.103210] RT_CPUSTAT sample=19 cpu=cpu0 user=8424 nice=0 system=601 idle=2474 iowait=0 irq=526 softirq=7 steal=0
[host_monotonic_s=144446.119113] RT_CPUSTAT sample=19 cpu=cpu1 user=18 nice=0 system=54 idle=9512 iowait=0 irq=2160 softirq=2 steal=0
[host_monotonic_s=144446.136010] RT_CPUSTAT sample=20 cpu=cpu0 user=8883 nice=0 system=619 idle=2474 iowait=0 irq=552 softirq=7 steal=0
[host_monotonic_s=144446.152427] RT_CPUSTAT sample=20 cpu=cpu1 user=19 nice=0 system=55 idle=9854 iowait=0 irq=2275 softirq=2 steal=0
[host_monotonic_s=144446.169108] RT_CPUSTAT sample=21 cpu=cpu0 user=9360 nice=0 system=619 idle=2474 iowait=0 irq=579 softirq=8 steal=0
[host_monotonic_s=144446.185573] RT_CPUSTAT sample=21 cpu=cpu1 user=20 nice=0 system=57 idle=10193 iowait=0 irq=2392 softirq=2 steal=0
[host_monotonic_s=144446.202211] RT_CPUSTAT sample=22 cpu=cpu0 user=9837 nice=0 system=620 idle=2474 iowait=0 irq=605 softirq=8 steal=0
[host_monotonic_s=144446.219141] RT_CPUSTAT sample=22 cpu=cpu1 user=21 nice=0 system=59 idle=10536 iowait=0 irq=2508 softirq=2 steal=0
[host_monotonic_s=144446.236066] RT_CPUSTAT sample=23 cpu=cpu0 user=10305 nice=0 system=629 idle=2474 iowait=0 irq=631 softirq=8 steal=0
[host_monotonic_s=144446.253212] RT_CPUSTAT sample=23 cpu=cpu1 user=21 nice=0 system=60 idle=10878 iowait=0 irq=2623 softirq=2 steal=0
[host_monotonic_s=144446.270839] RT_CPUSTAT sample=24 cpu=cpu0 user=10779 nice=0 system=633 idle=2474 iowait=0 irq=657 softirq=9 steal=0
[host_monotonic_s=144446.287808] RT_CPUSTAT sample=24 cpu=cpu1 user=22 nice=0 system=62 idle=11223 iowait=0 irq=2737 softirq=2 steal=0
[host_monotonic_s=144446.600806] RT_CPUSTAT sample=25 cpu=cpu0 user=11257 nice=0 system=633 idle=2474 iowait=0 irq=683 softirq=9 steal=0
[host_monotonic_s=144446.600820] RT_CPUSTAT sample=25 cpu=cpu1 user=22 nice=0 system=66 idle=11565 iowait=0 irq=2853 softirq=2 steal=0
[host_monotonic_s=144446.600823] RT_CPUSTAT sample=26 cpu=cpu0 user=11712 nice=0 system=654 idle=2474 iowait=0 irq=708 softirq=9 steal=0
[host_monotonic_s=144446.615882] RT_CPUSTAT sample=26 cpu=cpu1 user=22 nice=0 system=68 idle=11908 iowait=0 irq=2965 softirq=2 steal=0
[host_monotonic_s=144446.632514] RT_CPUSTAT sample=27 cpu=cpu0 user=12171 nice=0 system=674 idle=2474 iowait=0 irq=735 softirq=10 steal=0
[host_monotonic_s=144447.442975] RT_CPUSTAT sample=27 cpu=cpu1 user=24 nice=0 system=70 idle=12250 iowait=0 irq=3082 softirq=3 steal=0
[host_monotonic_s=144447.442990] RT_CPUSTAT sample=28 cpu=cpu0 user=12625 nice=0 system=697 idle=2474 iowait=0 irq=761 softirq=10 steal=0
[host_monotonic_s=144447.442993] RT_CPUSTAT sample=28 cpu=cpu1 user=25 nice=0 system=74 idle=12593 iowait=0 irq=3196 softirq=3 steal=0
[host_monotonic_s=144447.461221] RT_CPUSTAT sample=29 cpu=cpu0 user=13084 nice=0 system=714 idle=2474 iowait=0 irq=787 softirq=10 steal=0
[host_monotonic_s=144447.477251] RT_CPUSTAT sample=29 cpu=cpu1 user=26 nice=0 system=75 idle=12936 iowait=0 irq=3309 softirq=3 steal=0
[host_monotonic_s=144447.494265] RT_CPUSTAT sample=30 cpu=cpu0 user=13550 nice=0 system=726 idle=2474 iowait=0 irq=813 softirq=11 steal=0
[host_monotonic_s=144447.511030] RT_CPUSTAT sample=30 cpu=cpu1 user=27 nice=0 system=78 idle=13279 iowait=0 irq=3424 softirq=3 steal=0
[host_monotonic_s=144447.528038] RT_CPUSTAT sample=31 cpu=cpu0 user=14000 nice=0 system=754 idle=2474 iowait=0 irq=839 softirq=11 steal=0
[host_monotonic_s=144447.544848] RT_CPUSTAT sample=31 cpu=cpu1 user=28 nice=0 system=81 idle=13621 iowait=0 irq=3539 softirq=3 steal=0
[host_monotonic_s=144447.562146] RT_CPUSTAT sample=32 cpu=cpu0 user=14452 nice=0 system=778 idle=2474 iowait=0 irq=865 softirq=11 steal=0
[host_monotonic_s=144447.578180] RT_CPUSTAT sample=32 cpu=cpu1 user=28 nice=0 system=85 idle=13962 iowait=0 irq=3654 softirq=3 steal=0
[host_monotonic_s=144447.595369] RT_CPUSTAT sample=33 cpu=cpu0 user=14917 nice=0 system=791 idle=2474 iowait=0 irq=891 softirq=11 steal=0
[host_monotonic_s=144447.612507] RT_CPUSTAT sample=33 cpu=cpu1 user=29 nice=0 system=87 idle=14305 iowait=0 irq=3769 softirq=3 steal=0
[host_monotonic_s=144447.629651] RT_CPUSTAT sample=34 cpu=cpu0 user=15349 nice=0 system=836 idle=2474 iowait=0 irq=918 softirq=12 steal=0
[host_monotonic_s=144447.646635] RT_CPUSTAT sample=34 cpu=cpu1 user=29 nice=0 system=91 idle=14646 iowait=0 irq=3885 softirq=3 steal=0
[host_monotonic_s=144447.664469] RT_CPUSTAT sample=35 cpu=cpu0 user=15803 nice=0 system=860 idle=2474 iowait=0 irq=945 softirq=12 steal=0
[host_monotonic_s=144447.681726] RT_CPUSTAT sample=35 cpu=cpu1 user=29 nice=0 system=93 idle=14987 iowait=0 irq=4002 softirq=3 steal=0
[host_monotonic_s=144447.993526] RT_CPUSTAT sample=36 cpu=cpu0 user=16282 nice=0 system=861 idle=2474 iowait=0 irq=971 softirq=13 steal=0
[host_monotonic_s=144447.993541] RT_CPUSTAT sample=36 cpu=cpu1 user=29 nice=0 system=95 idle=15331 iowait=0 irq=4117 softirq=4 steal=0
[host_monotonic_s=144447.993545] RT_CPUSTAT sample=37 cpu=cpu0 user=16760 nice=0 system=861 idle=2474 iowait=0 irq=997 softirq=13 steal=0
[host_monotonic_s=144448.010467] RT_CPUSTAT sample=37 cpu=cpu1 user=29 nice=0 system=97 idle=15677 iowait=0 irq=4231 softirq=4 steal=0
[host_monotonic_s=144448.027111] RT_CPUSTAT sample=38 cpu=cpu0 user=17233 nice=0 system=865 idle=2474 iowait=0 irq=1023 softirq=13 steal=0
[host_monotonic_s=144448.043763] RT_CPUSTAT sample=38 cpu=cpu1 user=30 nice=0 system=101 idle=16026 iowait=0 irq=4342 softirq=4 steal=0
[host_monotonic_s=144448.061049] RT_CPUSTAT sample=39 cpu=cpu0 user=17706 nice=0 system=869 idle=2474 iowait=0 irq=1050 softirq=13 steal=0
[host_monotonic_s=144448.077513] RT_CPUSTAT sample=39 cpu=cpu1 user=30 nice=0 system=103 idle=16366 iowait=0 irq=4457 softirq=4 steal=0
[host_monotonic_s=144448.094497] RT_CPUSTAT sample=40 cpu=cpu0 user=18181 nice=0 system=871 idle=2474 iowait=0 irq=1076 softirq=14 steal=0
[host_monotonic_s=144448.111186] RT_CPUSTAT sample=40 cpu=cpu1 user=32 nice=0 system=105 idle=16708 iowait=0 irq=4572 softirq=4 steal=0
[host_monotonic_s=144448.128374] RT_CPUSTAT sample=41 cpu=cpu0 user=18656 nice=0 system=874 idle=2474 iowait=0 irq=1102 softirq=14 steal=0
[host_monotonic_s=144448.145653] RT_CPUSTAT sample=41 cpu=cpu1 user=32 nice=0 system=110 idle=17050 iowait=0 irq=4687 softirq=4 steal=0
[host_monotonic_s=144448.162952] RT_CPUSTAT sample=42 cpu=cpu0 user=19094 nice=0 system=915 idle=2474 iowait=0 irq=1129 softirq=14 steal=0
[host_monotonic_s=144448.179612] RT_CPUSTAT sample=42 cpu=cpu1 user=33 nice=0 system=115 idle=17395 iowait=0 irq=4801 softirq=4 steal=0
[host_monotonic_s=144448.197307] RT_CPUSTAT sample=43 cpu=cpu0 user=19561 nice=0 system=925 idle=2474 iowait=0 irq=1155 softirq=15 steal=0
[host_monotonic_s=144448.215079] RT_CPUSTAT sample=43 cpu=cpu1 user=34 nice=0 system=119 idle=17734 iowait=0 irq=4918 softirq=4 steal=0
[host_monotonic_s=144448.232821] RT_CPUSTAT sample=44 cpu=cpu0 user=20002 nice=0 system=962 idle=2474 iowait=0 irq=1181 softirq=15 steal=0
[host_monotonic_s=144448.543652] RT_CPUSTAT sample=44 cpu=cpu1 user=35 nice=0 system=121 idle=18077 iowait=0 irq=5035 softirq=5 steal=0
[host_monotonic_s=144448.543663] RT_CPUSTAT sample=45 cpu=cpu0 user=20473 nice=0 system=970 idle=2474 iowait=0 irq=1207 softirq=15 steal=0
[host_monotonic_s=144448.543665] RT_CPUSTAT sample=45 cpu=cpu1 user=36 nice=0 system=124 idle=18421 iowait=0 irq=5149 softirq=5 steal=0
[host_monotonic_s=144448.561184] RT_CPUSTAT sample=46 cpu=cpu0 user=20930 nice=0 system=989 idle=2474 iowait=0 irq=1233 softirq=16 steal=0
[host_monotonic_s=144448.577351] RT_CPUSTAT sample=46 cpu=cpu1 user=36 nice=0 system=125 idle=18766 iowait=0 irq=5262 softirq=5 steal=0
[host_monotonic_s=144449.387863] RT_CPUSTAT sample=47 cpu=cpu0 user=21364 nice=0 system=1034 idle=2474 iowait=0 irq=1259 softirq=16 steal=0
[host_monotonic_s=144449.387879] RT_CPUSTAT sample=47 cpu=cpu1 user=37 nice=0 system=130 idle=19109 iowait=0 irq=5376 softirq=5 steal=0
[host_monotonic_s=144449.387882] RT_CPUSTAT sample=48 cpu=cpu0 user=21831 nice=0 system=1046 idle=2474 iowait=0 irq=1286 softirq=16 steal=0
[host_monotonic_s=144449.407302] RT_CPUSTAT sample=48 cpu=cpu1 user=38 nice=0 system=132 idle=19451 iowait=0 irq=5492 softirq=5 steal=0
[host_monotonic_s=144449.424296] RT_CPUSTAT sample=49 cpu=cpu0 user=22281 nice=0 system=1072 idle=2474 iowait=0 irq=1312 softirq=17 steal=0
[host_monotonic_s=144449.440675] RT_CPUSTAT sample=49 cpu=cpu1 user=38 nice=0 system=134 idle=19791 iowait=0 irq=5607 softirq=5 steal=0
[host_monotonic_s=144449.457956] RT_CPUSTAT sample=50 cpu=cpu0 user=22723 nice=0 system=1108 idle=2474 iowait=0 irq=1338 softirq=17 steal=0
[host_monotonic_s=144449.474497] RT_CPUSTAT sample=50 cpu=cpu1 user=40 nice=0 system=137 idle=20134 iowait=0 irq=5722 softirq=5 steal=0
[host_monotonic_s=144449.491628] RT_CPUSTAT sample=51 cpu=cpu0 user=23176 nice=0 system=1133 idle=2474 iowait=0 irq=1364 softirq=17 steal=0
[host_monotonic_s=144449.508051] RT_CPUSTAT sample=51 cpu=cpu1 user=40 nice=0 system=140 idle=20476 iowait=0 irq=5838 softirq=5 steal=0
[host_monotonic_s=144449.524896] RT_CPUSTAT sample=52 cpu=cpu0 user=23654 nice=0 system=1134 idle=2474 iowait=0 irq=1390 softirq=18 steal=0
[host_monotonic_s=144449.541695] RT_CPUSTAT sample=52 cpu=cpu1 user=41 nice=0 system=143 idle=20817 iowait=0 irq=5955 softirq=5 steal=0
[host_monotonic_s=144449.559447] RT_CPUSTAT sample=53 cpu=cpu0 user=24130 nice=0 system=1134 idle=2474 iowait=0 irq=1416 softirq=18 steal=0
[host_monotonic_s=144449.576294] RT_CPUSTAT sample=53 cpu=cpu1 user=41 nice=0 system=146 idle=21156 iowait=0 irq=6072 softirq=6 steal=0
[host_monotonic_s=144449.594526] RT_CPUSTAT sample=54 cpu=cpu0 user=24593 nice=0 system=1150 idle=2474 iowait=0 irq=1442 softirq=18 steal=0
[host_monotonic_s=144449.611769] RT_CPUSTAT sample=54 cpu=cpu1 user=41 nice=0 system=148 idle=21501 iowait=0 irq=6186 softirq=6 steal=0
[host_monotonic_s=144449.629507] RT_CPUSTAT sample=55 cpu=cpu0 user=25039 nice=0 system=1182 idle=2474 iowait=0 irq=1468 softirq=18 steal=0
[host_monotonic_s=144449.938443] RT_CPUSTAT sample=55 cpu=cpu1 user=41 nice=0 system=150 idle=21840 iowait=0 irq=6306 softirq=6 steal=0
[host_monotonic_s=144449.938457] RT_CPUSTAT sample=56 cpu=cpu0 user=25509 nice=0 system=1189 idle=2474 iowait=0 irq=1493 softirq=19 steal=0
[host_monotonic_s=144449.938459] RT_CPUSTAT sample=56 cpu=cpu1 user=42 nice=0 system=152 idle=22185 iowait=0 irq=6420 softirq=6 steal=0
[host_monotonic_s=144449.958354] RT_CPUSTAT sample=57 cpu=cpu0 user=25985 nice=0 system=1192 idle=2474 iowait=0 irq=1519 softirq=19 steal=0
[host_monotonic_s=144449.974801] RT_CPUSTAT sample=57 cpu=cpu1 user=43 nice=0 system=157 idle=22528 iowait=0 irq=6536 softirq=6 steal=0
[host_monotonic_s=144449.992353] RT_CPUSTAT sample=58 cpu=cpu0 user=26424 nice=0 system=1230 idle=2474 iowait=0 irq=1546 softirq=19 steal=0
[host_monotonic_s=144450.008580] RT_CPUSTAT sample=58 cpu=cpu1 user=43 nice=0 system=159 idle=22867 iowait=0 irq=6654 softirq=6 steal=0
[host_monotonic_s=144450.025886] RT_CPUSTAT sample=59 cpu=cpu0 user=26878 nice=0 system=1253 idle=2474 iowait=0 irq=1572 softirq=20 steal=0
[host_monotonic_s=144450.042546] RT_CPUSTAT sample=59 cpu=cpu1 user=44 nice=0 system=163 idle=23210 iowait=0 irq=6769 softirq=6 steal=0
[host_monotonic_s=144450.059845] RT_CPUSTAT sample=60 cpu=cpu0 user=27329 nice=0 system=1280 idle=2474 iowait=0 irq=1598 softirq=20 steal=0
[host_monotonic_s=144450.076256] RT_CPUSTAT sample=60 cpu=cpu1 user=44 nice=0 system=167 idle=23551 iowait=0 irq=6885 softirq=6 steal=0
[host_monotonic_s=144450.093494] RT_CPUSTAT sample=61 cpu=cpu0 user=27800 nice=0 system=1288 idle=2474 iowait=0 irq=1624 softirq=20 steal=0
[host_monotonic_s=144450.110550] RT_CPUSTAT sample=61 cpu=cpu1 user=46 nice=0 system=172 idle=23896 iowait=0 irq=7001 softirq=6 steal=0
[host_monotonic_s=144450.127778] RT_CPUSTAT sample=62 cpu=cpu0 user=28252 nice=0 system=1313 idle=2474 iowait=0 irq=1650 softirq=21 steal=0
[host_monotonic_s=144450.145035] RT_CPUSTAT sample=62 cpu=cpu1 user=46 nice=0 system=174 idle=24238 iowait=0 irq=7116 softirq=7 steal=0
[host_monotonic_s=144450.162777] RT_CPUSTAT sample=63 cpu=cpu0 user=28677 nice=0 system=1366 idle=2474 iowait=0 irq=1676 softirq=21 steal=0
[host_monotonic_s=144450.179719] RT_CPUSTAT sample=63 cpu=cpu1 user=47 nice=0 system=176 idle=24583 iowait=0 irq=7229 softirq=7 steal=0
[host_monotonic_s=144450.488790] RT_CPUSTAT sample=64 cpu=cpu0 user=29132 nice=0 system=1390 idle=2474 iowait=0 irq=1702 softirq=21 steal=0
[host_monotonic_s=144450.488801] RT_CPUSTAT sample=64 cpu=cpu1 user=49 nice=0 system=180 idle=24927 iowait=0 irq=7342 softirq=7 steal=0
[host_monotonic_s=144450.488804] RT_CPUSTAT sample=65 cpu=cpu0 user=29583 nice=0 system=1418 idle=2474 iowait=0 irq=1729 softirq=22 steal=0
[host_monotonic_s=144450.508386] RT_CPUSTAT sample=65 cpu=cpu1 user=49 nice=0 system=184 idle=25273 iowait=0 irq=7456 softirq=7 steal=0
[host_monotonic_s=144450.525212] RT_CPUSTAT sample=66 cpu=cpu0 user=30037 nice=0 system=1442 idle=2474 iowait=0 irq=1754 softirq=22 steal=0
[host_monotonic_s=144451.329577] RT_CPUSTAT sample=66 cpu=cpu1 user=50 nice=0 system=189 idle=25615 iowait=0 irq=7572 softirq=7 steal=0
[host_monotonic_s=144451.329591] RT_CPUSTAT sample=67 cpu=cpu0 user=30479 nice=0 system=1477 idle=2474 iowait=0 irq=1780 softirq=22 steal=0
[host_monotonic_s=144451.337332] RT_CPUSTAT sample=67 cpu=cpu1 user=51 nice=0 system=192 idle=25959 iowait=0 irq=7685 softirq=7 steal=0
[host_monotonic_s=144451.354516] RT_CPUSTAT sample=68 cpu=cpu0 user=30954 nice=0 system=1479 idle=2474 iowait=0 irq=1806 softirq=23 steal=0
[host_monotonic_s=144451.370749] RT_CPUSTAT sample=68 cpu=cpu1 user=51 nice=0 system=197 idle=26301 iowait=0 irq=7801 softirq=7 steal=0
[host_monotonic_s=144451.387543] RT_CPUSTAT sample=69 cpu=cpu0 user=31433 nice=0 system=1480 idle=2474 iowait=0 irq=1832 softirq=23 steal=0
[host_monotonic_s=144451.404039] RT_CPUSTAT sample=69 cpu=cpu1 user=52 nice=0 system=199 idle=26646 iowait=0 irq=7916 softirq=7 steal=0
[host_monotonic_s=144451.421146] RT_CPUSTAT sample=70 cpu=cpu0 user=31906 nice=0 system=1483 idle=2474 iowait=0 irq=1858 softirq=23 steal=0
[host_monotonic_s=144451.437658] RT_CPUSTAT sample=70 cpu=cpu1 user=53 nice=0 system=201 idle=26989 iowait=0 irq=8030 softirq=7 steal=0
[host_monotonic_s=144451.455071] RT_CPUSTAT sample=71 cpu=cpu0 user=32378 nice=0 system=1490 idle=2474 iowait=0 irq=1884 softirq=23 steal=0
[host_monotonic_s=144451.471753] RT_CPUSTAT sample=71 cpu=cpu1 user=53 nice=0 system=203 idle=27334 iowait=0 irq=8144 softirq=7 steal=0
[host_monotonic_s=144451.489365] RT_CPUSTAT sample=72 cpu=cpu0 user=32856 nice=0 system=1491 idle=2474 iowait=0 irq=1910 softirq=24 steal=0
[host_monotonic_s=144451.506091] RT_CPUSTAT sample=72 cpu=cpu1 user=54 nice=0 system=205 idle=27677 iowait=0 irq=8260 softirq=8 steal=0
[host_monotonic_s=144451.523339] RT_CPUSTAT sample=73 cpu=cpu0 user=33320 nice=0 system=1504 idle=2474 iowait=0 irq=1936 softirq=24 steal=0
[host_monotonic_s=144451.539834] RT_CPUSTAT sample=73 cpu=cpu1 user=55 nice=0 system=208 idle=28020 iowait=0 irq=8374 softirq=8 steal=0
[host_monotonic_s=144451.556809] RT_CPUSTAT sample=74 cpu=cpu0 user=33764 nice=0 system=1536 idle=2474 iowait=0 irq=1964 softirq=24 steal=0
[host_monotonic_s=144451.573658] RT_CPUSTAT sample=74 cpu=cpu1 user=55 nice=0 system=213 idle=28363 iowait=0 irq=8488 softirq=8 steal=0
[host_monotonic_s=144451.879927] RT_CPUSTAT sample=75 cpu=cpu0 user=34213 nice=0 system=1565 idle=2474 iowait=0 irq=1990 softirq=25 steal=0
[host_monotonic_s=144451.879941] RT_CPUSTAT sample=75 cpu=cpu1 user=56 nice=0 system=215 idle=28706 iowait=0 irq=8604 softirq=8 steal=0
[host_monotonic_s=144451.884201] RT_CPUSTAT sample=76 cpu=cpu0 user=34680 nice=0 system=1575 idle=2474 iowait=0 irq=2017 softirq=25 steal=0
[host_monotonic_s=144451.902220] RT_CPUSTAT sample=76 cpu=cpu1 user=57 nice=0 system=218 idle=29048 iowait=0 irq=8719 softirq=8 steal=0
[host_monotonic_s=144451.919056] RT_CPUSTAT sample=77 cpu=cpu0 user=35149 nice=0 system=1583 idle=2474 iowait=0 irq=2043 softirq=25 steal=0
[host_monotonic_s=144451.935404] RT_CPUSTAT sample=77 cpu=cpu1 user=58 nice=0 system=220 idle=29388 iowait=0 irq=8837 softirq=8 steal=0
[host_monotonic_s=144451.952228] RT_CPUSTAT sample=78 cpu=cpu0 user=35597 nice=0 system=1613 idle=2474 iowait=0 irq=2069 softirq=26 steal=0
[host_monotonic_s=144451.968463] RT_CPUSTAT sample=78 cpu=cpu1 user=59 nice=0 system=224 idle=29731 iowait=0 irq=8951 softirq=8 steal=0
[host_monotonic_s=144451.985577] RT_CPUSTAT sample=79 cpu=cpu0 user=36036 nice=0 system=1654 idle=2474 iowait=0 irq=2095 softirq=26 steal=0
[host_monotonic_s=144452.002302] RT_CPUSTAT sample=79 cpu=cpu1 user=60 nice=0 system=226 idle=30078 iowait=0 irq=9063 softirq=8 steal=0
[host_monotonic_s=144452.020183] RT_CPUSTAT sample=80 cpu=cpu0 user=36504 nice=0 system=1664 idle=2474 iowait=0 irq=2121 softirq=26 steal=0
[host_monotonic_s=144452.036248] RT_CPUSTAT sample=80 cpu=cpu1 user=60 nice=0 system=228 idle=30419 iowait=0 irq=9181 softirq=8 steal=0
[host_monotonic_s=144452.053284] RT_CPUSTAT sample=81 cpu=cpu0 user=36940 nice=0 system=1703 idle=2474 iowait=0 irq=2147 softirq=27 steal=0
[host_monotonic_s=144452.070150] RT_CPUSTAT sample=81 cpu=cpu1 user=62 nice=0 system=229 idle=30763 iowait=0 irq=9294 softirq=9 steal=0
[host_monotonic_s=144452.087354] RT_CPUSTAT sample=82 cpu=cpu0 user=37385 nice=0 system=1738 idle=2474 iowait=0 irq=2173 softirq=27 steal=0
[host_monotonic_s=144452.104035] RT_CPUSTAT sample=82 cpu=cpu1 user=64 nice=0 system=233 idle=31108 iowait=0 irq=9408 softirq=9 steal=0
[host_monotonic_s=144452.121623] RT_CPUSTAT sample=83 cpu=cpu0 user=37842 nice=0 system=1758 idle=2474 iowait=0 irq=2200 softirq=27 steal=0
[host_monotonic_s=144452.430571] RT_CPUSTAT sample=83 cpu=cpu1 user=65 nice=0 system=235 idle=31452 iowait=0 irq=9522 softirq=9 steal=0
[host_monotonic_s=144452.430590] RT_CPUSTAT sample=84 cpu=cpu0 user=38318 nice=0 system=1758 idle=2474 iowait=0 irq=2227 softirq=28 steal=0
[host_monotonic_s=144452.430594] RT_CPUSTAT sample=84 cpu=cpu1 user=68 nice=0 system=238 idle=31795 iowait=0 irq=9636 softirq=9 steal=0
[host_monotonic_s=144452.452055] RT_CPUSTAT sample=85 cpu=cpu0 user=38792 nice=0 system=1763 idle=2474 iowait=0 irq=2253 softirq=28 steal=0
[host_monotonic_s=144453.268162] RT_CPUSTAT sample=85 cpu=cpu1 user=68 nice=0 system=241 idle=32139 iowait=0 irq=9751 softirq=9 steal=0
[host_monotonic_s=144453.268182] RT_CPUSTAT sample=86 cpu=cpu0 user=39265 nice=0 system=1769 idle=2474 iowait=0 irq=2279 softirq=28 steal=0
[host_monotonic_s=144453.268187] RT_CPUSTAT sample=86 cpu=cpu1 user=69 nice=0 system=243 idle=32479 iowait=0 irq=9869 softirq=9 steal=0
[host_monotonic_s=144453.282188] RT_CPUSTAT sample=87 cpu=cpu0 user=39740 nice=0 system=1770 idle=2474 iowait=0 irq=2305 softirq=28 steal=0
[host_monotonic_s=144453.299339] RT_CPUSTAT sample=87 cpu=cpu1 user=70 nice=0 system=245 idle=32819 iowait=0 irq=9987 softirq=9 steal=0
[host_monotonic_s=144453.318062] RT_CPUSTAT sample=88 cpu=cpu0 user=40217 nice=0 system=1771 idle=2474 iowait=0 irq=2331 softirq=29 steal=0
[host_monotonic_s=144453.336561] RT_CPUSTAT sample=88 cpu=cpu1 user=71 nice=0 system=248 idle=33158 iowait=0 irq=10104 softirq=9 steal=0
[host_monotonic_s=144453.355708] RT_CPUSTAT sample=89 cpu=cpu0 user=40658 nice=0 system=1811 idle=2474 iowait=0 irq=2358 softirq=29 steal=0
[host_monotonic_s=144453.372476] RT_CPUSTAT sample=89 cpu=cpu1 user=72 nice=0 system=250 idle=33503 iowait=0 irq=10221 softirq=9 steal=0
[host_monotonic_s=144453.390810] RT_CPUSTAT sample=90 cpu=cpu0 user=41114 nice=0 system=1832 idle=2474 iowait=0 irq=2384 softirq=29 steal=0
[host_monotonic_s=144453.408105] RT_CPUSTAT sample=90 cpu=cpu1 user=72 nice=0 system=252 idle=33845 iowait=0 irq=10336 softirq=10 steal=0
[host_monotonic_s=144453.426157] RT_CPUSTAT sample=91 cpu=cpu0 user=41572 nice=0 system=1850 idle=2474 iowait=0 irq=2411 softirq=30 steal=0
[host_monotonic_s=144453.445127] RT_CPUSTAT sample=91 cpu=cpu1 user=74 nice=0 system=256 idle=34186 iowait=0 irq=10450 softirq=10 steal=0
[host_monotonic_s=144453.464397] RT_CPUSTAT sample=92 cpu=cpu0 user=42035 nice=0 system=1865 idle=2474 iowait=0 irq=2437 softirq=30 steal=0
[host_monotonic_s=144453.483437] RT_CPUSTAT sample=92 cpu=cpu1 user=74 nice=0 system=259 idle=34527 iowait=0 irq=10567 softirq=10 steal=0
[host_monotonic_s=144453.502831] RT_CPUSTAT sample=93 cpu=cpu0 user=42500 nice=0 system=1880 idle=2474 iowait=0 irq=2464 softirq=30 steal=0
[host_monotonic_s=144453.818245] RT_CPUSTAT sample=93 cpu=cpu1 user=75 nice=0 system=263 idle=34870 iowait=0 irq=10683 softirq=10 steal=0
[host_monotonic_s=144453.818258] RT_CPUSTAT sample=94 cpu=cpu0 user=42931 nice=0 system=1925 idle=2474 iowait=0 irq=2490 softirq=31 steal=0
[host_monotonic_s=144453.818260] RT_CPUSTAT sample=94 cpu=cpu1 user=75 nice=0 system=267 idle=35207 iowait=0 irq=10803 softirq=10 steal=0
[host_monotonic_s=144453.832345] RT_CPUSTAT sample=95 cpu=cpu0 user=43366 nice=0 system=1967 idle=2474 iowait=0 irq=2516 softirq=31 steal=0
[host_monotonic_s=144453.848840] RT_CPUSTAT sample=95 cpu=cpu1 user=76 nice=0 system=272 idle=35549 iowait=0 irq=10917 softirq=10 steal=0
[host_monotonic_s=144453.865872] RT_CPUSTAT sample=96 cpu=cpu0 user=43834 nice=0 system=1977 idle=2474 iowait=0 irq=2542 softirq=31 steal=0
[host_monotonic_s=144453.882665] RT_CPUSTAT sample=96 cpu=cpu1 user=78 nice=0 system=275 idle=35891 iowait=0 irq=11034 softirq=10 steal=0
[host_monotonic_s=144453.899863] RT_CPUSTAT sample=97 cpu=cpu0 user=44276 nice=0 system=2013 idle=2474 iowait=0 irq=2569 softirq=32 steal=0
[host_monotonic_s=144453.917212] RT_CPUSTAT sample=97 cpu=cpu1 user=78 nice=0 system=277 idle=36233 iowait=0 irq=11149 softirq=10 steal=0
[host_monotonic_s=144453.934173] RT_CPUSTAT sample=98 cpu=cpu0 user=44729 nice=0 system=2039 idle=2474 iowait=0 irq=2595 softirq=32 steal=0
[host_monotonic_s=144453.951244] RT_CPUSTAT sample=98 cpu=cpu1 user=79 nice=0 system=280 idle=36577 iowait=0 irq=11264 softirq=11 steal=0
[host_monotonic_s=144453.968242] RT_CPUSTAT sample=99 cpu=cpu0 user=45198 nice=0 system=2045 idle=2474 iowait=0 irq=2620 softirq=32 steal=0
[host_monotonic_s=144453.985215] RT_CPUSTAT sample=99 cpu=cpu1 user=80 nice=0 system=282 idle=36917 iowait=0 irq=11381 softirq=11 steal=0
[host_monotonic_s=144454.003716] RT_CPUSTAT sample=100 cpu=cpu0 user=45675 nice=0 system=2047 idle=2474 iowait=0 irq=2646 softirq=33 steal=0
[host_monotonic_s=144454.023239] RT_CPUSTAT sample=100 cpu=cpu1 user=81 nice=0 system=287 idle=37262 iowait=0 irq=11493 softirq=11 steal=0
[host_monotonic_s=144454.042342] RT_CPUSTAT sample=101 cpu=cpu0 user=46144 nice=0 system=2055 idle=2474 iowait=0 irq=2672 softirq=33 steal=0
[host_monotonic_s=144454.063616] RT_CPUSTAT sample=101 cpu=cpu1 user=82 nice=0 system=290 idle=37606 iowait=0 irq=11607 softirq=11 steal=0
[host_monotonic_s=144454.368982] RT_CPUSTAT sample=102 cpu=cpu0 user=46614 nice=0 system=2062 idle=2474 iowait=0 irq=2699 softirq=33 steal=0
[host_monotonic_s=144454.368997] RT_CPUSTAT sample=102 cpu=cpu1 user=84 nice=0 system=293 idle=37945 iowait=0 irq=11724 softirq=11 steal=0
[host_monotonic_s=144454.381581] RT_CPUSTAT sample=103 cpu=cpu0 user=47091 nice=0 system=2063 idle=2474 iowait=0 irq=2725 softirq=33 steal=0
[host_monotonic_s=144454.398291] RT_CPUSTAT sample=103 cpu=cpu1 user=84 nice=0 system=296 idle=38290 iowait=0 irq=11838 softirq=11 steal=0
[host_monotonic_s=144454.415600] RT_CPUSTAT sample=104 cpu=cpu0 user=47567 nice=0 system=2064 idle=2474 iowait=0 irq=2752 softirq=34 steal=0
[host_monotonic_s=144454.432563] RT_CPUSTAT sample=104 cpu=cpu1 user=85 nice=0 system=299 idle=38632 iowait=0 irq=11954 softirq=11 steal=0
[host_monotonic_s=144455.235484] RT_CPUSTAT sample=105 cpu=cpu0 user=48011 nice=0 system=2099 idle=2474 iowait=0 irq=2778 softirq=34 steal=0
[host_monotonic_s=144455.235500] RT_CPUSTAT sample=105 cpu=cpu1 user=86 nice=0 system=302 idle=38976 iowait=0 irq=12070 softirq=11 steal=0
[host_monotonic_s=144455.246214] RT_CPUSTAT sample=106 cpu=cpu0 user=48467 nice=0 system=2121 idle=2474 iowait=0 irq=2804 softirq=34 steal=0
[host_monotonic_s=144455.263021] RT_CPUSTAT sample=106 cpu=cpu1 user=86 nice=0 system=306 idle=39320 iowait=0 irq=12184 softirq=11 steal=0
[host_monotonic_s=144455.280245] RT_CPUSTAT sample=107 cpu=cpu0 user=48921 nice=0 system=2145 idle=2474 iowait=0 irq=2830 softirq=35 steal=0
[host_monotonic_s=144455.297173] RT_CPUSTAT sample=107 cpu=cpu1 user=86 nice=0 system=310 idle=39663 iowait=0 irq=12298 softirq=12 steal=0
[host_monotonic_s=144455.314573] RT_CPUSTAT sample=108 cpu=cpu0 user=49394 nice=0 system=2150 idle=2474 iowait=0 irq=2856 softirq=35 steal=0
[host_monotonic_s=144455.331291] RT_CPUSTAT sample=108 cpu=cpu1 user=87 nice=0 system=312 idle=40003 iowait=0 irq=12416 softirq=12 steal=0
[host_monotonic_s=144455.348707] RT_CPUSTAT sample=109 cpu=cpu0 user=49844 nice=0 system=2177 idle=2474 iowait=0 irq=2883 softirq=35 steal=0
[host_monotonic_s=144455.365740] RT_CPUSTAT sample=109 cpu=cpu1 user=88 nice=0 system=314 idle=40345 iowait=0 irq=12532 softirq=12 steal=0
[host_monotonic_s=144455.383160] RT_CPUSTAT sample=110 cpu=cpu0 user=50296 nice=0 system=2204 idle=2474 iowait=0 irq=2909 softirq=36 steal=0
[host_monotonic_s=144455.400321] RT_CPUSTAT sample=110 cpu=cpu1 user=90 nice=0 system=316 idle=40685 iowait=0 irq=12650 softirq=12 steal=0
[host_monotonic_s=144455.417379] RT_CPUSTAT sample=111 cpu=cpu0 user=50746 nice=0 system=2229 idle=2474 iowait=0 irq=2936 softirq=36 steal=0
[host_monotonic_s=144455.434417] RT_CPUSTAT sample=111 cpu=cpu1 user=91 nice=0 system=320 idle=41027 iowait=0 irq=12764 softirq=12 steal=0
[host_monotonic_s=144455.452013] RT_CPUSTAT sample=112 cpu=cpu0 user=51205 nice=0 system=2250 idle=2474 iowait=0 irq=2962 softirq=36 steal=0
[host_monotonic_s=144455.469501] RT_CPUSTAT sample=112 cpu=cpu1 user=92 nice=0 system=324 idle=41373 iowait=0 irq=12877 softirq=12 steal=0
[host_monotonic_s=144455.785544] RT_CPUSTAT sample=113 cpu=cpu0 user=51649 nice=0 system=2283 idle=2474 iowait=0 irq=2988 softirq=37 steal=0
[host_monotonic_s=144455.785553] RT_CPUSTAT sample=113 cpu=cpu1 user=93 nice=0 system=328 idle=41714 iowait=0 irq=12992 softirq=12 steal=0
[host_monotonic_s=144455.785555] RT_CPUSTAT sample=114 cpu=cpu0 user=52107 nice=0 system=2302 idle=2474 iowait=0 irq=3014 softirq=37 steal=0
[host_monotonic_s=144455.797866] RT_CPUSTAT sample=114 cpu=cpu1 user=94 nice=0 system=331 idle=42055 iowait=0 irq=13108 softirq=12 steal=0
[host_monotonic_s=144455.815243] RT_CPUSTAT sample=115 cpu=cpu0 user=52584 nice=0 system=2302 idle=2474 iowait=0 irq=3041 softirq=37 steal=0
[host_monotonic_s=144455.832761] RT_CPUSTAT sample=115 cpu=cpu1 user=95 nice=0 system=335 idle=42397 iowait=0 irq=13224 softirq=12 steal=0
[host_monotonic_s=144455.850897] RT_CPUSTAT sample=116 cpu=cpu0 user=53059 nice=0 system=2303 idle=2474 iowait=0 irq=3067 softirq=37 steal=0
[host_monotonic_s=144455.867613] RT_CPUSTAT sample=116 cpu=cpu1 user=97 nice=0 system=338 idle=42738 iowait=0 irq=13340 softirq=12 steal=0
[host_monotonic_s=144455.884566] RT_CPUSTAT sample=117 cpu=cpu0 user=53536 nice=0 system=2306 idle=2474 iowait=0 irq=3093 softirq=38 steal=0
[host_monotonic_s=144455.901694] RT_CPUSTAT sample=117 cpu=cpu1 user=98 nice=0 system=341 idle=43081 iowait=0 irq=13457 softirq=13 steal=0
[host_monotonic_s=144455.919858] RT_CPUSTAT sample=118 cpu=cpu0 user=54004 nice=0 system=2314 idle=2474 iowait=0 irq=3119 softirq=38 steal=0
[host_monotonic_s=144455.937184] RT_CPUSTAT sample=118 cpu=cpu1 user=99 nice=0 system=344 idle=43424 iowait=0 irq=13571 softirq=13 steal=0
[host_monotonic_s=144455.954868] RT_CPUSTAT sample=119 cpu=cpu0 user=54483 nice=0 system=2315 idle=2474 iowait=0 irq=3145 softirq=38 steal=0
[host_monotonic_s=144455.972480] RT_CPUSTAT sample=119 cpu=cpu1 user=99 nice=0 system=349 idle=43771 iowait=0 irq=13683 softirq=13 steal=0
[host_monotonic_s=144455.990472] RT_CPUSTAT sample=120 cpu=cpu0 user=54947 nice=0 system=2328 idle=2474 iowait=0 irq=3170 softirq=39 steal=0
[host_monotonic_s=144456.007856] RT_CPUSTAT sample=120 cpu=cpu1 user=101 nice=0 system=354 idle=44113 iowait=0 irq=13798 softirq=13 steal=0
[host_monotonic_s=144456.025061] RT_CPUSTAT sample=121 cpu=cpu0 user=55373 nice=0 system=2380 idle=2474 iowait=0 irq=3196 softirq=39 steal=0
[host_monotonic_s=144456.335983] RT_CPUSTAT sample=121 cpu=cpu1 user=101 nice=0 system=358 idle=44459 iowait=0 irq=13910 softirq=13 steal=0
[host_monotonic_s=144456.335995] RT_CPUSTAT sample=122 cpu=cpu0 user=55837 nice=0 system=2395 idle=2474 iowait=0 irq=3223 softirq=39 steal=0
[host_monotonic_s=144456.335998] RT_CPUSTAT sample=122 cpu=cpu1 user=102 nice=0 system=361 idle=44800 iowait=0 irq=14027 softirq=13 steal=0
[host_monotonic_s=144456.355151] RT_CPUSTAT sample=123 cpu=cpu0 user=56299 nice=0 system=2411 idle=2474 iowait=0 irq=3249 softirq=40 steal=0
[host_monotonic_s=144457.172539] RT_CPUSTAT sample=123 cpu=cpu1 user=104 nice=0 system=365 idle=45141 iowait=0 irq=14144 softirq=13 steal=0
[host_monotonic_s=144457.172552] RT_CPUSTAT sample=124 cpu=cpu0 user=56759 nice=0 system=2428 idle=2474 iowait=0 irq=3275 softirq=40 steal=0
[host_monotonic_s=144457.172554] RT_CPUSTAT sample=124 cpu=cpu1 user=105 nice=0 system=368 idle=45482 iowait=0 irq=14261 softirq=13 steal=0
[host_monotonic_s=144457.185283] RT_CPUSTAT sample=125 cpu=cpu0 user=57222 nice=0 system=2443 idle=2474 iowait=0 irq=3302 softirq=40 steal=0
[host_monotonic_s=144457.203438] RT_CPUSTAT sample=125 cpu=cpu1 user=105 nice=0 system=371 idle=45824 iowait=0 irq=14376 softirq=13 steal=0
[host_monotonic_s=144457.220642] RT_CPUSTAT sample=126 cpu=cpu0 user=57657 nice=0 system=2484 idle=2474 iowait=0 irq=3329 softirq=40 steal=0
[host_monotonic_s=144457.237281] RT_CPUSTAT sample=126 cpu=cpu1 user=105 nice=0 system=372 idle=46164 iowait=0 irq=14492 softirq=13 steal=0
[host_monotonic_s=144457.254566] RT_CPUSTAT sample=127 cpu=cpu0 user=58127 nice=0 system=2491 idle=2474 iowait=0 irq=3355 softirq=41 steal=0
[host_monotonic_s=144457.271679] RT_CPUSTAT sample=127 cpu=cpu1 user=106 nice=0 system=376 idle=46505 iowait=0 irq=14609 softirq=14 steal=0
[host_monotonic_s=144457.288947] RT_CPUSTAT sample=128 cpu=cpu0 user=58582 nice=0 system=2513 idle=2474 iowait=0 irq=3382 softirq=41 steal=0
[host_monotonic_s=144457.306059] RT_CPUSTAT sample=128 cpu=cpu1 user=108 nice=0 system=378 idle=46845 iowait=0 irq=14723 softirq=14 steal=0
[host_monotonic_s=144457.323241] RT_CPUSTAT sample=129 cpu=cpu0 user=59035 nice=0 system=2537 idle=2474 iowait=0 irq=3408 softirq=41 steal=0
[host_monotonic_s=144457.340354] RT_CPUSTAT sample=129 cpu=cpu1 user=108 nice=0 system=381 idle=47184 iowait=0 irq=14841 softirq=14 steal=0
[host_monotonic_s=144457.358342] RT_CPUSTAT sample=130 cpu=cpu0 user=59493 nice=0 system=2557 idle=2474 iowait=0 irq=3434 softirq=42 steal=0
[host_monotonic_s=144457.375681] RT_CPUSTAT sample=130 cpu=cpu1 user=109 nice=0 system=384 idle=47524 iowait=0 irq=14958 softirq=14 steal=0
[host_monotonic_s=144457.393604] RT_CPUSTAT sample=131 cpu=cpu0 user=59971 nice=0 system=2558 idle=2474 iowait=0 irq=3461 softirq=42 steal=0
[host_monotonic_s=144457.411946] RT_CPUSTAT sample=131 cpu=cpu1 user=109 nice=0 system=387 idle=47864 iowait=0 irq=15076 softirq=14 steal=0
[host_monotonic_s=144457.722877] RT_CPUSTAT sample=132 cpu=cpu0 user=60444 nice=0 system=2560 idle=2474 iowait=0 irq=3487 softirq=42 steal=0
[host_monotonic_s=144457.722887] RT_CPUSTAT sample=132 cpu=cpu1 user=110 nice=0 system=392 idle=48204 iowait=0 irq=15191 softirq=14 steal=0
[host_monotonic_s=144457.722889] RT_CPUSTAT sample=133 cpu=cpu0 user=60909 nice=0 system=2573 idle=2474 iowait=0 irq=3513 softirq=43 steal=0
[host_monotonic_s=144457.742243] RT_CPUSTAT sample=133 cpu=cpu1 user=112 nice=0 system=394 idle=48546 iowait=0 irq=15307 softirq=14 steal=0
[host_monotonic_s=144457.758870] RT_CPUSTAT sample=134 cpu=cpu0 user=61383 nice=0 system=2577 idle=2474 iowait=0 irq=3539 softirq=43 steal=0
[host_monotonic_s=144457.775904] RT_CPUSTAT sample=134 cpu=cpu1 user=113 nice=0 system=397 idle=48890 iowait=0 irq=15422 softirq=14 steal=0
[host_monotonic_s=144457.792628] RT_CPUSTAT sample=135 cpu=cpu0 user=61861 nice=0 system=2577 idle=2474 iowait=0 irq=3565 softirq=43 steal=0
[host_monotonic_s=144457.809711] RT_CPUSTAT sample=135 cpu=cpu1 user=113 nice=0 system=398 idle=49233 iowait=0 irq=15537 softirq=14 steal=0
[host_monotonic_s=144457.826995] RT_CPUSTAT sample=136 cpu=cpu0 user=62321 nice=0 system=2593 idle=2474 iowait=0 irq=3592 softirq=44 steal=0
[host_monotonic_s=144457.844183] RT_CPUSTAT sample=136 cpu=cpu1 user=114 nice=0 system=400 idle=49575 iowait=0 irq=15653 softirq=15 steal=0
[host_monotonic_s=144457.861329] RT_CPUSTAT sample=137 cpu=cpu0 user=62767 nice=0 system=2624 idle=2474 iowait=0 irq=3618 softirq=44 steal=0
[host_monotonic_s=144457.878238] RT_CPUSTAT sample=137 cpu=cpu1 user=115 nice=0 system=403 idle=49916 iowait=0 irq=15769 softirq=15 steal=0
[host_monotonic_s=144457.895241] RT_CPUSTAT sample=138 cpu=cpu0 user=63214 nice=0 system=2655 idle=2474 iowait=0 irq=3643 softirq=44 steal=0
[host_monotonic_s=144457.912069] RT_CPUSTAT sample=138 cpu=cpu1 user=115 nice=0 system=405 idle=50261 iowait=0 irq=15883 softirq=15 steal=0
[host_monotonic_s=144457.929413] RT_CPUSTAT sample=139 cpu=cpu0 user=63672 nice=0 system=2676 idle=2474 iowait=0 irq=3669 softirq=44 steal=0
[host_monotonic_s=144457.946667] RT_CPUSTAT sample=139 cpu=cpu1 user=115 nice=0 system=407 idle=50610 iowait=0 irq=15994 softirq=15 steal=0
[host_monotonic_s=144457.964555] RT_CPUSTAT sample=140 cpu=cpu0 user=64131 nice=0 system=2693 idle=2474 iowait=0 irq=3696 softirq=45 steal=0
[host_monotonic_s=144458.273256] RT_CPUSTAT sample=140 cpu=cpu1 user=116 nice=0 system=411 idle=50950 iowait=0 irq=16110 softirq=15 steal=0
[host_monotonic_s=144458.273270] RT_CPUSTAT sample=141 cpu=cpu0 user=64584 nice=0 system=2719 idle=2474 iowait=0 irq=3722 softirq=45 steal=0
[host_monotonic_s=144458.273273] RT_CPUSTAT sample=141 cpu=cpu1 user=117 nice=0 system=414 idle=51289 iowait=0 irq=16229 softirq=15 steal=0
[host_monotonic_s=144458.295222] RT_CPUSTAT sample=142 cpu=cpu0 user=65015 nice=0 system=2765 idle=2474 iowait=0 irq=3748 softirq=45 steal=0
[host_monotonic_s=144459.108462] RT_CPUSTAT sample=142 cpu=cpu1 user=118 nice=0 system=417 idle=51626 iowait=0 irq=16350 softirq=15 steal=0
[host_monotonic_s=144459.108474] RT_CPUSTAT sample=143 cpu=cpu0 user=65487 nice=0 system=2770 idle=2474 iowait=0 irq=3775 softirq=46 steal=0
[host_monotonic_s=144459.108476] RT_CPUSTAT sample=143 cpu=cpu1 user=118 nice=0 system=419 idle=51961 iowait=0 irq=16469 softirq=15 steal=0
[host_monotonic_s=144459.124805] RT_CPUSTAT sample=144 cpu=cpu0 user=65921 nice=0 system=2813 idle=2474 iowait=0 irq=3801 softirq=46 steal=0
[host_monotonic_s=144459.141566] RT_CPUSTAT sample=144 cpu=cpu1 user=118 nice=0 system=422 idle=52303 iowait=0 irq=16586 softirq=15 steal=0
[host_monotonic_s=144459.158740] RT_CPUSTAT sample=145 cpu=cpu0 user=66384 nice=0 system=2828 idle=2474 iowait=0 irq=3828 softirq=46 steal=0
[host_monotonic_s=144459.175825] RT_CPUSTAT sample=145 cpu=cpu1 user=119 nice=0 system=425 idle=52647 iowait=0 irq=16700 softirq=16 steal=0
[host_monotonic_s=144459.193166] RT_CPUSTAT sample=146 cpu=cpu0 user=66844 nice=0 system=2846 idle=2474 iowait=0 irq=3854 softirq=47 steal=0
[host_monotonic_s=144459.210688] RT_CPUSTAT sample=146 cpu=cpu1 user=119 nice=0 system=428 idle=52987 iowait=0 irq=16817 softirq=16 steal=0
[host_monotonic_s=144459.227700] RT_CPUSTAT sample=147 cpu=cpu0 user=67321 nice=0 system=2847 idle=2474 iowait=0 irq=3880 softirq=47 steal=0
[host_monotonic_s=144459.245116] RT_CPUSTAT sample=147 cpu=cpu1 user=120 nice=0 system=430 idle=53327 iowait=0 irq=16935 softirq=16 steal=0
[host_monotonic_s=144459.262610] RT_CPUSTAT sample=148 cpu=cpu0 user=67793 nice=0 system=2853 idle=2474 iowait=0 irq=3907 softirq=47 steal=0
[host_monotonic_s=144459.279718] RT_CPUSTAT sample=148 cpu=cpu1 user=121 nice=0 system=433 idle=53667 iowait=0 irq=17053 softirq=16 steal=0
[host_monotonic_s=144459.296634] RT_CPUSTAT sample=149 cpu=cpu0 user=68257 nice=0 system=2866 idle=2474 iowait=0 irq=3934 softirq=48 steal=0
[host_monotonic_s=144459.314618] RT_CPUSTAT sample=149 cpu=cpu1 user=122 nice=0 system=435 idle=54006 iowait=0 irq=17173 softirq=16 steal=0
[host_monotonic_s=144459.332529] RT_CPUSTAT sample=150 cpu=cpu0 user=68710 nice=0 system=2890 idle=2474 iowait=0 irq=3961 softirq=48 steal=0
[host_monotonic_s=144459.349837] RT_CPUSTAT sample=150 cpu=cpu1 user=123 nice=0 system=438 idle=54339 iowait=0 irq=17296 softirq=16 steal=0
[host_monotonic_s=144459.658851] RT_CPUSTAT sample=151 cpu=cpu0 user=69190 nice=0 system=2890 idle=2474 iowait=0 irq=3986 softirq=48 steal=0
[host_monotonic_s=144459.658863] RT_CPUSTAT sample=151 cpu=cpu1 user=124 nice=0 system=441 idle=54684 iowait=0 irq=17411 softirq=16 steal=0
[host_monotonic_s=144459.658866] RT_CPUSTAT sample=152 cpu=cpu0 user=69646 nice=0 system=2910 idle=2474 iowait=0 irq=4012 softirq=49 steal=0
[host_monotonic_s=144459.680194] RT_CPUSTAT sample=152 cpu=cpu1 user=124 nice=0 system=446 idle=55026 iowait=0 irq=17525 softirq=16 steal=0
[host_monotonic_s=144459.697191] RT_CPUSTAT sample=153 cpu=cpu0 user=70103 nice=0 system=2931 idle=2474 iowait=0 irq=4038 softirq=49 steal=0
[host_monotonic_s=144459.714550] RT_CPUSTAT sample=153 cpu=cpu1 user=126 nice=0 system=450 idle=55364 iowait=0 irq=17643 softirq=16 steal=0
[host_monotonic_s=144459.731703] RT_CPUSTAT sample=154 cpu=cpu0 user=70545 nice=0 system=2969 idle=2474 iowait=0 irq=4064 softirq=49 steal=0
[host_monotonic_s=144459.749174] RT_CPUSTAT sample=154 cpu=cpu1 user=127 nice=0 system=453 idle=55709 iowait=0 irq=17758 softirq=17 steal=0
[host_monotonic_s=144459.767118] RT_CPUSTAT sample=155 cpu=cpu0 user=71008 nice=0 system=2981 idle=2474 iowait=0 irq=4091 softirq=49 steal=0
[host_monotonic_s=144459.784603] RT_CPUSTAT sample=155 cpu=cpu1 user=128 nice=0 system=455 idle=56053 iowait=0 irq=17870 softirq=17 steal=0
[host_monotonic_s=144459.802010] RT_CPUSTAT sample=156 cpu=cpu0 user=71470 nice=0 system=2997 idle=2474 iowait=0 irq=4117 softirq=50 steal=0
[host_monotonic_s=144459.818964] RT_CPUSTAT sample=156 cpu=cpu1 user=129 nice=0 system=460 idle=56389 iowait=0 irq=17989 softirq=17 steal=0
[host_monotonic_s=144459.835890] RT_CPUSTAT sample=157 cpu=cpu0 user=71911 nice=0 system=3033 idle=2474 iowait=0 irq=4143 softirq=50 steal=0
[host_monotonic_s=144459.853814] RT_CPUSTAT sample=157 cpu=cpu1 user=130 nice=0 system=464 idle=56730 iowait=0 irq=18107 softirq=17 steal=0
[host_monotonic_s=144459.871444] RT_CPUSTAT sample=158 cpu=cpu0 user=72334 nice=0 system=3089 idle=2474 iowait=0 irq=4170 softirq=50 steal=0
[host_monotonic_s=144459.888398] RT_CPUSTAT sample=158 cpu=cpu1 user=130 nice=0 system=467 idle=57069 iowait=0 irq=18225 softirq=17 steal=0
[host_monotonic_s=144459.906066] RT_CPUSTAT sample=159 cpu=cpu0 user=72806 nice=0 system=3094 idle=2474 iowait=0 irq=4197 softirq=51 steal=0
[host_monotonic_s=144460.209141] RT_CPUSTAT sample=159 cpu=cpu1 user=131 nice=0 system=470 idle=57411 iowait=0 irq=18339 softirq=17 steal=0
[host_monotonic_s=144460.209153] RT_CPUSTAT sample=160 cpu=cpu0 user=73250 nice=0 system=3128 idle=2474 iowait=0 irq=4223 softirq=51 steal=0
[host_monotonic_s=144460.221020] RT_CPUSTAT sample=160 cpu=cpu1 user=131 nice=0 system=473 idle=57753 iowait=0 irq=18456 softirq=17 steal=0
[host_monotonic_s=144460.238261] RT_CPUSTAT sample=161 cpu=cpu0 user=73703 nice=0 system=3153 idle=2474 iowait=0 irq=4249 softirq=51 steal=0
[host_monotonic_s=144461.047730] RT_CPUSTAT sample=161 cpu=cpu1 user=132 nice=0 system=475 idle=58096 iowait=0 irq=18570 softirq=17 steal=0
[host_monotonic_s=144461.047743] RT_CPUSTAT sample=162 cpu=cpu0 user=74167 nice=0 system=3168 idle=2474 iowait=0 irq=4276 softirq=52 steal=0
[host_monotonic_s=144461.047746] RT_CPUSTAT sample=162 cpu=cpu1 user=133 nice=0 system=477 idle=58439 iowait=0 irq=18685 softirq=17 steal=0
[host_monotonic_s=144461.068504] RT_CPUSTAT sample=163 cpu=cpu0 user=74643 nice=0 system=3169 idle=2474 iowait=0 irq=4302 softirq=52 steal=0
[host_monotonic_s=144461.085896] RT_CPUSTAT sample=163 cpu=cpu1 user=133 nice=0 system=479 idle=58779 iowait=0 irq=18803 softirq=18 steal=0
[host_monotonic_s=144461.103623] RT_CPUSTAT sample=164 cpu=cpu0 user=75117 nice=0 system=3174 idle=2474 iowait=0 irq=4328 softirq=52 steal=0
[host_monotonic_s=144461.120679] RT_CPUSTAT sample=164 cpu=cpu1 user=133 nice=0 system=482 idle=59119 iowait=0 irq=18921 softirq=18 steal=0
[host_monotonic_s=144461.137977] RT_CPUSTAT sample=165 cpu=cpu0 user=75589 nice=0 system=3178 idle=2474 iowait=0 irq=4354 softirq=53 steal=0
[host_monotonic_s=144461.155734] RT_CPUSTAT sample=165 cpu=cpu1 user=134 nice=0 system=484 idle=59460 iowait=0 irq=19037 softirq=18 steal=0
[host_monotonic_s=144461.173386] RT_CPUSTAT sample=166 cpu=cpu0 user=76066 nice=0 system=3181 idle=2474 iowait=0 irq=4379 softirq=53 steal=0
[host_monotonic_s=144461.190546] RT_CPUSTAT sample=166 cpu=cpu1 user=135 nice=0 system=488 idle=59804 iowait=0 irq=19152 softirq=18 steal=0
[host_monotonic_s=144461.207954] RT_CPUSTAT sample=167 cpu=cpu0 user=76543 nice=0 system=3182 idle=2474 iowait=0 irq=4405 softirq=53 steal=0
[host_monotonic_s=144461.224887] RT_CPUSTAT sample=167 cpu=cpu1 user=136 nice=0 system=490 idle=60148 iowait=0 irq=19266 softirq=18 steal=0
[host_monotonic_s=144461.242346] RT_CPUSTAT sample=168 cpu=cpu0 user=76984 nice=0 system=3219 idle=2474 iowait=0 irq=4432 softirq=53 steal=0
[host_monotonic_s=144461.260031] RT_CPUSTAT sample=168 cpu=cpu1 user=136 nice=0 system=495 idle=60490 iowait=0 irq=19382 softirq=18 steal=0
[host_monotonic_s=144461.277354] RT_CPUSTAT sample=169 cpu=cpu0 user=77436 nice=0 system=3244 idle=2474 iowait=0 irq=4458 softirq=54 steal=0
[host_monotonic_s=144461.294950] RT_CPUSTAT sample=169 cpu=cpu1 user=139 nice=0 system=497 idle=60834 iowait=0 irq=19494 softirq=18 steal=0
[host_monotonic_s=144461.597978] RT_CPUSTAT sample=170 cpu=cpu0 user=77886 nice=0 system=3271 idle=2474 iowait=0 irq=4485 softirq=54 steal=0
[host_monotonic_s=144461.597989] RT_CPUSTAT sample=170 cpu=cpu1 user=139 nice=0 system=500 idle=61177 iowait=0 irq=19609 softirq=18 steal=0
[host_monotonic_s=144461.606905] RT_CPUSTAT sample=171 cpu=cpu0 user=78351 nice=0 system=3281 idle=2474 iowait=0 irq=4511 softirq=54 steal=0
[host_monotonic_s=144461.623969] RT_CPUSTAT sample=171 cpu=cpu1 user=140 nice=0 system=503 idle=61518 iowait=0 irq=19724 softirq=18 steal=0
[host_monotonic_s=144461.641172] RT_CPUSTAT sample=172 cpu=cpu0 user=78817 nice=0 system=3295 idle=2474 iowait=0 irq=4538 softirq=55 steal=0
[host_monotonic_s=144461.658343] RT_CPUSTAT sample=172 cpu=cpu1 user=141 nice=0 system=506 idle=61859 iowait=0 irq=19842 softirq=19 steal=0
[host_monotonic_s=144461.675895] RT_CPUSTAT sample=173 cpu=cpu0 user=79255 nice=0 system=3334 idle=2474 iowait=0 irq=4564 softirq=55 steal=0
[host_monotonic_s=144461.692855] RT_CPUSTAT sample=173 cpu=cpu1 user=143 nice=0 system=509 idle=62197 iowait=0 irq=19961 softirq=19 steal=0
[host_monotonic_s=144461.710192] RT_CPUSTAT sample=174 cpu=cpu0 user=79699 nice=0 system=3368 idle=2474 iowait=0 irq=4590 softirq=55 steal=0
[host_monotonic_s=144461.727659] RT_CPUSTAT sample=174 cpu=cpu1 user=144 nice=0 system=512 idle=62538 iowait=0 irq=20078 softirq=19 steal=0
[host_monotonic_s=144461.745183] RT_CPUSTAT sample=175 cpu=cpu0 user=80166 nice=0 system=3378 idle=2474 iowait=0 irq=4616 softirq=56 steal=0
[host_monotonic_s=144461.762108] RT_CPUSTAT sample=175 cpu=cpu1 user=145 nice=0 system=515 idle=62881 iowait=0 irq=20194 softirq=19 steal=0
[host_monotonic_s=144461.779160] RT_CPUSTAT sample=176 cpu=cpu0 user=80604 nice=0 system=3420 idle=2474 iowait=0 irq=4642 softirq=56 steal=0
[host_monotonic_s=144461.796433] RT_CPUSTAT sample=176 cpu=cpu1 user=146 nice=0 system=520 idle=63226 iowait=0 irq=20308 softirq=19 steal=0
[host_monotonic_s=144461.813966] RT_CPUSTAT sample=177 cpu=cpu0 user=81059 nice=0 system=3441 idle=2474 iowait=0 irq=4668 softirq=56 steal=0
[host_monotonic_s=144461.831666] RT_CPUSTAT sample=177 cpu=cpu1 user=148 nice=0 system=524 idle=63568 iowait=0 irq=20421 softirq=19 steal=0
[host_monotonic_s=144462.148360] RT_CPUSTAT sample=178 cpu=cpu0 user=81526 nice=0 system=3453 idle=2474 iowait=0 irq=4695 softirq=57 steal=0
[host_monotonic_s=144462.148371] RT_CPUSTAT sample=178 cpu=cpu1 user=149 nice=0 system=527 idle=63909 iowait=0 irq=20539 softirq=19 steal=0
[host_monotonic_s=144462.148373] RT_CPUSTAT sample=179 cpu=cpu0 user=82003 nice=0 system=3453 idle=2474 iowait=0 irq=4721 softirq=57 steal=0
[host_monotonic_s=144462.161322] RT_CPUSTAT sample=179 cpu=cpu1 user=149 nice=0 system=529 idle=64251 iowait=0 irq=20655 softirq=19 steal=0
[host_monotonic_s=144462.178730] RT_CPUSTAT sample=180 cpu=cpu0 user=82478 nice=0 system=3457 idle=2474 iowait=0 irq=4747 softirq=57 steal=0
[host_monotonic_s=144462.984034] RT_CPUSTAT sample=180 cpu=cpu1 user=149 nice=0 system=532 idle=64597 iowait=0 irq=20769 softirq=19 steal=0
[host_monotonic_s=144462.984047] RT_CPUSTAT sample=181 cpu=cpu0 user=82948 nice=0 system=3465 idle=2474 iowait=0 irq=4774 softirq=58 steal=0
[host_monotonic_s=144462.992645] RT_CPUSTAT sample=181 cpu=cpu1 user=150 nice=0 system=536 idle=64941 iowait=0 irq=20883 softirq=19 steal=0
[host_monotonic_s=144463.010457] RT_CPUSTAT sample=182 cpu=cpu0 user=83424 nice=0 system=3467 idle=2474 iowait=0 irq=4799 softirq=58 steal=0
[host_monotonic_s=144463.030155] RT_CPUSTAT sample=182 cpu=cpu1 user=152 nice=0 system=539 idle=65283 iowait=0 irq=20998 softirq=20 steal=0
[host_monotonic_s=144463.048475] RT_CPUSTAT sample=183 cpu=cpu0 user=83902 nice=0 system=3468 idle=2474 iowait=0 irq=4825 softirq=58 steal=0
[host_monotonic_s=144463.065671] RT_CPUSTAT sample=183 cpu=cpu1 user=153 nice=0 system=541 idle=65628 iowait=0 irq=21111 softirq=20 steal=0
[host_monotonic_s=144463.083264] RT_CPUSTAT sample=184 cpu=cpu0 user=84348 nice=0 system=3497 idle=2474 iowait=0 irq=4852 softirq=58 steal=0
[host_monotonic_s=144463.100573] RT_CPUSTAT sample=184 cpu=cpu1 user=154 nice=0 system=544 idle=65973 iowait=0 irq=21222 softirq=20 steal=0
[host_monotonic_s=144463.118166] RT_CPUSTAT sample=185 cpu=cpu0 user=84811 nice=0 system=3513 idle=2474 iowait=0 irq=4878 softirq=59 steal=0
[host_monotonic_s=144463.135410] RT_CPUSTAT sample=185 cpu=cpu1 user=154 nice=0 system=548 idle=66317 iowait=0 irq=21337 softirq=20 steal=0
[host_monotonic_s=144463.153384] RT_CPUSTAT sample=186 cpu=cpu0 user=85266 nice=0 system=3537 idle=2474 iowait=0 irq=4904 softirq=59 steal=0
[host_monotonic_s=144463.170606] RT_CPUSTAT sample=186 cpu=cpu1 user=155 nice=0 system=549 idle=66662 iowait=0 irq=21452 softirq=20 steal=0
[host_monotonic_s=144463.187677] RT_CPUSTAT sample=187 cpu=cpu0 user=85733 nice=0 system=3548 idle=2474 iowait=0 irq=4930 softirq=59 steal=0
[host_monotonic_s=144463.205076] RT_CPUSTAT sample=187 cpu=cpu1 user=156 nice=0 system=552 idle=67005 iowait=0 irq=21568 softirq=20 steal=0
[host_monotonic_s=144463.222385] RT_CPUSTAT sample=188 cpu=cpu0 user=86188 nice=0 system=3570 idle=2474 iowait=0 irq=4956 softirq=60 steal=0
[host_monotonic_s=144463.534466] RT_CPUSTAT sample=188 cpu=cpu1 user=156 nice=0 system=555 idle=67351 iowait=0 irq=21681 softirq=20 steal=0
[host_monotonic_s=144463.534479] RT_CPUSTAT sample=189 cpu=cpu0 user=86626 nice=0 system=3611 idle=2474 iowait=0 irq=4983 softirq=60 steal=0
[host_monotonic_s=144463.534482] RT_CPUSTAT sample=189 cpu=cpu1 user=157 nice=0 system=558 idle=67693 iowait=0 irq=21797 softirq=20 steal=0
[host_monotonic_s=144463.553076] RT_CPUSTAT sample=190 cpu=cpu0 user=87060 nice=0 system=3656 idle=2474 iowait=0 irq=5009 softirq=60 steal=0
[host_monotonic_s=144463.572765] RT_CPUSTAT sample=190 cpu=cpu1 user=158 nice=0 system=561 idle=68036 iowait=0 irq=21913 softirq=20 steal=0
[host_monotonic_s=144463.592646] RT_CPUSTAT sample=191 cpu=cpu0 user=87520 nice=0 system=3675 idle=2474 iowait=0 irq=5035 softirq=61 steal=0
[host_monotonic_s=144463.610060] RT_CPUSTAT sample=191 cpu=cpu1 user=159 nice=0 system=564 idle=68380 iowait=0 irq=22027 softirq=21 steal=0
[host_monotonic_s=144463.627032] RT_CPUSTAT sample=192 cpu=cpu0 user=87970 nice=0 system=3703 idle=2474 iowait=0 irq=5061 softirq=61 steal=0
[host_monotonic_s=144463.644144] RT_CPUSTAT sample=192 cpu=cpu1 user=160 nice=0 system=569 idle=68726 iowait=0 irq=22140 softirq=21 steal=0
[host_monotonic_s=144463.661114] RT_CPUSTAT sample=193 cpu=cpu0 user=88419 nice=0 system=3732 idle=2474 iowait=0 irq=5088 softirq=61 steal=0
[host_monotonic_s=144463.678961] RT_CPUSTAT sample=193 cpu=cpu1 user=162 nice=0 system=573 idle=69070 iowait=0 irq=22255 softirq=21 steal=0
[host_monotonic_s=144463.696587] RT_CPUSTAT sample=194 cpu=cpu0 user=88897 nice=0 system=3732 idle=2474 iowait=0 irq=5114 softirq=62 steal=0
[host_monotonic_s=144463.713662] RT_CPUSTAT sample=194 cpu=cpu1 user=163 nice=0 system=576 idle=69410 iowait=0 irq=22371 softirq=21 steal=0
[host_monotonic_s=144463.731400] RT_CPUSTAT sample=195 cpu=cpu0 user=89374 nice=0 system=3732 idle=2474 iowait=0 irq=5140 softirq=62 steal=0
[host_monotonic_s=144463.748556] RT_CPUSTAT sample=195 cpu=cpu1 user=164 nice=0 system=580 idle=69753 iowait=0 irq=22487 softirq=21 steal=0
[host_monotonic_s=144463.765960] RT_CPUSTAT sample=196 cpu=cpu0 user=89838 nice=0 system=3748 idle=2474 iowait=0 irq=5167 softirq=62 steal=0
[host_monotonic_s=144463.783192] RT_CPUSTAT sample=196 cpu=cpu1 user=165 nice=0 system=582 idle=70095 iowait=0 irq=22604 softirq=21 steal=0
[host_monotonic_s=144464.084657] RT_CPUSTAT sample=197 cpu=cpu0 user=90304 nice=0 system=3757 idle=2474 iowait=0 irq=5193 softirq=63 steal=0
[host_monotonic_s=144464.084666] RT_CPUSTAT sample=197 cpu=cpu1 user=166 nice=0 system=585 idle=70434 iowait=0 irq=22722 softirq=21 steal=0
[host_monotonic_s=144464.093394] RT_CPUSTAT sample=198 cpu=cpu0 user=90783 nice=0 system=3757 idle=2474 iowait=0 irq=5220 softirq=63 steal=0
[host_monotonic_s=144464.110401] RT_CPUSTAT sample=198 cpu=cpu1 user=169 nice=0 system=589 idle=70778 iowait=0 irq=22839 softirq=21 steal=0
[host_monotonic_s=144464.927954] RT_CPUSTAT sample=199 cpu=cpu0 user=91253 nice=0 system=3764 idle=2474 iowait=0 irq=5246 softirq=63 steal=0
[host_monotonic_s=144464.927974] RT_CPUSTAT sample=199 cpu=cpu1 user=171 nice=0 system=591 idle=71118 iowait=0 irq=22955 softirq=21 steal=0
[host_monotonic_s=144464.927979] RT_CPUSTAT sample=200 cpu=cpu0 user=91669 nice=0 system=3826 idle=2474 iowait=0 irq=5272 softirq=63 steal=0
[host_monotonic_s=144464.942815] RT_CPUSTAT sample=200 cpu=cpu1 user=172 nice=0 system=594 idle=71463 iowait=0 irq=23069 softirq=21 steal=0
[host_monotonic_s=144464.960267] RT_CPUSTAT sample=201 cpu=cpu0 user=92131 nice=0 system=3843 idle=2474 iowait=0 irq=5298 softirq=64 steal=0
[host_monotonic_s=144464.977220] RT_CPUSTAT sample=201 cpu=cpu1 user=172 nice=0 system=597 idle=71806 iowait=0 irq=23185 softirq=21 steal=0
[host_monotonic_s=144464.994412] RT_CPUSTAT sample=202 cpu=cpu0 user=92567 nice=0 system=3884 idle=2474 iowait=0 irq=5323 softirq=64 steal=0
[host_monotonic_s=144465.011557] RT_CPUSTAT sample=202 cpu=cpu1 user=173 nice=0 system=601 idle=72149 iowait=0 irq=23299 softirq=22 steal=0
[host_monotonic_s=144465.028692] RT_CPUSTAT sample=203 cpu=cpu0 user=93038 nice=0 system=3893 idle=2474 iowait=0 irq=5349 softirq=64 steal=0
[host_monotonic_s=144465.046143] RT_CPUSTAT sample=203 cpu=cpu1 user=174 nice=0 system=604 idle=72496 iowait=0 irq=23413 softirq=22 steal=0
[host_monotonic_s=144465.063507] RT_CPUSTAT sample=204 cpu=cpu0 user=93490 nice=0 system=3919 idle=2474 iowait=0 irq=5375 softirq=65 steal=0
[host_monotonic_s=144465.080421] RT_CPUSTAT sample=204 cpu=cpu1 user=175 nice=0 system=607 idle=72840 iowait=0 irq=23527 softirq=22 steal=0
[host_monotonic_s=144465.097843] RT_CPUSTAT sample=205 cpu=cpu0 user=93928 nice=0 system=3959 idle=2474 iowait=0 irq=5402 softirq=65 steal=0
[host_monotonic_s=144465.115139] RT_CPUSTAT sample=205 cpu=cpu1 user=175 nice=0 system=609 idle=73183 iowait=0 irq=23641 softirq=22 steal=0
[host_monotonic_s=144465.132335] RT_CPUSTAT sample=206 cpu=cpu0 user=94377 nice=0 system=3986 idle=2474 iowait=0 irq=5427 softirq=65 steal=0
[host_monotonic_s=144465.149646] RT_CPUSTAT sample=206 cpu=cpu1 user=176 nice=0 system=615 idle=73525 iowait=0 irq=23756 softirq=22 steal=0
[host_monotonic_s=144465.167152] RT_CPUSTAT sample=207 cpu=cpu0 user=94839 nice=0 system=4002 idle=2474 iowait=0 irq=5453 softirq=66 steal=0
[host_monotonic_s=144465.478385] RT_CPUSTAT sample=207 cpu=cpu1 user=177 nice=0 system=619 idle=73863 iowait=0 irq=23874 softirq=22 steal=0
[host_monotonic_s=144465.478404] RT_CPUSTAT sample=208 cpu=cpu0 user=95300 nice=0 system=4019 idle=2474 iowait=0 irq=5479 softirq=66 steal=0
[host_monotonic_s=144465.478407] RT_CPUSTAT sample=208 cpu=cpu1 user=178 nice=0 system=621 idle=74205 iowait=0 irq=23989 softirq=22 steal=0
[host_monotonic_s=144465.498337] RT_CPUSTAT sample=209 cpu=cpu0 user=95751 nice=0 system=4047 idle=2474 iowait=0 irq=5505 softirq=66 steal=0
[host_monotonic_s=144465.515114] RT_CPUSTAT sample=209 cpu=cpu1 user=178 nice=0 system=624 idle=74549 iowait=0 irq=24104 softirq=22 steal=0
[host_monotonic_s=144465.532181] RT_CPUSTAT sample=210 cpu=cpu0 user=96228 nice=0 system=4047 idle=2474 iowait=0 irq=5532 softirq=67 steal=0
[host_monotonic_s=144465.548810] RT_CPUSTAT sample=210 cpu=cpu1 user=178 nice=0 system=627 idle=74886 iowait=0 irq=24223 softirq=22 steal=0
[host_monotonic_s=144465.566649] RT_CPUSTAT sample=211 cpu=cpu0 user=96705 nice=0 system=4048 idle=2474 iowait=0 irq=5558 softirq=67 steal=0
[host_monotonic_s=144465.583943] RT_CPUSTAT sample=211 cpu=cpu1 user=179 nice=0 system=630 idle=75228 iowait=0 irq=24341 softirq=23 steal=0
[host_monotonic_s=144465.601134] RT_CPUSTAT sample=212 cpu=cpu0 user=97176 nice=0 system=4056 idle=2474 iowait=0 irq=5585 softirq=67 steal=0
[host_monotonic_s=144465.618146] RT_CPUSTAT sample=212 cpu=cpu1 user=180 nice=0 system=633 idle=75572 iowait=0 irq=24454 softirq=23 steal=0
[host_monotonic_s=144465.635651] RT_CPUSTAT sample=213 cpu=cpu0 user=97647 nice=0 system=4063 idle=2474 iowait=0 irq=5610 softirq=67 steal=0
[host_monotonic_s=144465.652896] RT_CPUSTAT sample=213 cpu=cpu1 user=180 nice=0 system=635 idle=75917 iowait=0 irq=24569 softirq=23 steal=0
[host_monotonic_s=144465.670199] RT_CPUSTAT sample=214 cpu=cpu0 user=98124 nice=0 system=4063 idle=2474 iowait=0 irq=5637 softirq=68 steal=0
[host_monotonic_s=144465.687347] RT_CPUSTAT sample=214 cpu=cpu1 user=181 nice=0 system=636 idle=76260 iowait=0 irq=24683 softirq=23 steal=0
[host_monotonic_s=144465.704746] RT_CPUSTAT sample=215 cpu=cpu0 user=98589 nice=0 system=4077 idle=2474 iowait=0 irq=5663 softirq=68 steal=0
[host_monotonic_s=144465.722006] RT_CPUSTAT sample=215 cpu=cpu1 user=181 nice=0 system=638 idle=76605 iowait=0 irq=24798 softirq=23 steal=0
[host_monotonic_s=144466.028486] RT_CPUSTAT sample=216 cpu=cpu0 user=99032 nice=0 system=4109 idle=2474 iowait=0 irq=5689 softirq=68 steal=0
[host_monotonic_s=144466.028498] RT_CPUSTAT sample=216 cpu=cpu1 user=181 nice=0 system=641 idle=76943 iowait=0 irq=24915 softirq=23 steal=0
[host_monotonic_s=144466.034411] RT_CPUSTAT sample=217 cpu=cpu0 user=99472 nice=0 system=4148 idle=2474 iowait=0 irq=5716 softirq=69 steal=0
[host_monotonic_s=144466.051673] RT_CPUSTAT sample=217 cpu=cpu1 user=183 nice=0 system=645 idle=77289 iowait=0 irq=25028 softirq=23 steal=0
[host_monotonic_s=144466.865126] RT_CPUSTAT sample=218 cpu=cpu0 user=99928 nice=0 system=4169 idle=2474 iowait=0 irq=5743 softirq=69 steal=0
[host_monotonic_s=144466.865140] RT_CPUSTAT sample=218 cpu=cpu1 user=185 nice=0 system=651 idle=77632 iowait=0 irq=25142 softirq=23 steal=0
[host_monotonic_s=144466.865143] RT_CPUSTAT sample=219 cpu=cpu0 user=100390 nice=0 system=4186 idle=2474 iowait=0 irq=5770 softirq=69 steal=0
[host_monotonic_s=144466.885098] RT_CPUSTAT sample=219 cpu=cpu1 user=186 nice=0 system=653 idle=77977 iowait=0 irq=25256 softirq=23 steal=0
[host_monotonic_s=144466.902625] RT_CPUSTAT sample=220 cpu=cpu0 user=100840 nice=0 system=4213 idle=2474 iowait=0 irq=5796 softirq=70 steal=0
[host_monotonic_s=144466.919653] RT_CPUSTAT sample=220 cpu=cpu1 user=187 nice=0 system=655 idle=78320 iowait=0 irq=25371 softirq=23 steal=0
[host_monotonic_s=144466.936695] RT_CPUSTAT sample=221 cpu=cpu0 user=101258 nice=0 system=4273 idle=2474 iowait=0 irq=5823 softirq=70 steal=0
[host_monotonic_s=144466.953640] RT_CPUSTAT sample=221 cpu=cpu1 user=188 nice=0 system=656 idle=78661 iowait=0 irq=25487 softirq=24 steal=0
[host_monotonic_s=144466.971328] RT_CPUSTAT sample=222 cpu=cpu0 user=101727 nice=0 system=4282 idle=2474 iowait=0 irq=5849 softirq=70 steal=0
[host_monotonic_s=144466.988347] RT_CPUSTAT sample=222 cpu=cpu1 user=189 nice=0 system=662 idle=79007 iowait=0 irq=25600 softirq=24 steal=0
[host_monotonic_s=144467.006323] RT_CPUSTAT sample=223 cpu=cpu0 user=102167 nice=0 system=4319 idle=2474 iowait=0 irq=5875 softirq=71 steal=0
[host_monotonic_s=144467.023399] RT_CPUSTAT sample=223 cpu=cpu1 user=190 nice=0 system=664 idle=79349 iowait=0 irq=25715 softirq=24 steal=0
[host_monotonic_s=144467.040670] RT_CPUSTAT sample=224 cpu=cpu0 user=102628 nice=0 system=4336 idle=2474 iowait=0 irq=5901 softirq=71 steal=0
[host_monotonic_s=144467.057833] RT_CPUSTAT sample=224 cpu=cpu1 user=191 nice=0 system=666 idle=79690 iowait=0 irq=25831 softirq=24 steal=0
[host_monotonic_s=144467.075560] RT_CPUSTAT sample=225 cpu=cpu0 user=103092 nice=0 system=4349 idle=2474 iowait=0 irq=5928 softirq=71 steal=0
[host_monotonic_s=144467.092601] RT_CPUSTAT sample=225 cpu=cpu1 user=193 nice=0 system=667 idle=80032 iowait=0 irq=25945 softirq=24 steal=0
[host_monotonic_s=144467.109976] RT_CPUSTAT sample=226 cpu=cpu0 user=103569 nice=0 system=4349 idle=2474 iowait=0 irq=5954 softirq=72 steal=0
[host_monotonic_s=144467.415727] RT_CPUSTAT sample=226 cpu=cpu1 user=193 nice=0 system=670 idle=80379 iowait=0 irq=26057 softirq=24 steal=0
[host_monotonic_s=144467.415744] RT_CPUSTAT sample=227 cpu=cpu0 user=104042 nice=0 system=4353 idle=2474 iowait=0 irq=5981 softirq=72 steal=0
[host_monotonic_s=144467.423340] RT_CPUSTAT sample=227 cpu=cpu1 user=193 nice=0 system=673 idle=80719 iowait=0 irq=26172 softirq=24 steal=0
[host_monotonic_s=144467.440277] RT_CPUSTAT sample=228 cpu=cpu0 user=104510 nice=0 system=4362 idle=2474 iowait=0 irq=6007 softirq=72 steal=0
[host_monotonic_s=144467.456969] RT_CPUSTAT sample=228 cpu=cpu1 user=194 nice=0 system=676 idle=81062 iowait=0 irq=26285 softirq=24 steal=0
[host_monotonic_s=144467.474453] RT_CPUSTAT sample=229 cpu=cpu0 user=104985 nice=0 system=4365 idle=2474 iowait=0 irq=6033 softirq=73 steal=0
[host_monotonic_s=144467.491750] RT_CPUSTAT sample=229 cpu=cpu1 user=195 nice=0 system=680 idle=81406 iowait=0 irq=26400 softirq=24 steal=0
[host_monotonic_s=144467.509189] RT_CPUSTAT sample=230 cpu=cpu0 user=105462 nice=0 system=4365 idle=2474 iowait=0 irq=6059 softirq=73 steal=0
[host_monotonic_s=144467.525964] RT_CPUSTAT sample=230 cpu=cpu1 user=197 nice=0 system=683 idle=81751 iowait=0 irq=26513 softirq=25 steal=0
[host_monotonic_s=144467.543391] RT_CPUSTAT sample=231 cpu=cpu0 user=105918 nice=0 system=4387 idle=2474 iowait=0 irq=6085 softirq=73 steal=0
[host_monotonic_s=144467.560836] RT_CPUSTAT sample=231 cpu=cpu1 user=198 nice=0 system=685 idle=82091 iowait=0 irq=26630 softirq=25 steal=0
[host_monotonic_s=144467.578201] RT_CPUSTAT sample=232 cpu=cpu0 user=106377 nice=0 system=4407 idle=2474 iowait=0 irq=6111 softirq=73 steal=0
[host_monotonic_s=144467.595453] RT_CPUSTAT sample=232 cpu=cpu1 user=198 nice=0 system=689 idle=82432 iowait=0 irq=26748 softirq=25 steal=0
[host_monotonic_s=144467.613350] RT_CPUSTAT sample=233 cpu=cpu0 user=106829 nice=0 system=4432 idle=2474 iowait=0 irq=6137 softirq=74 steal=0
[host_monotonic_s=144467.630565] RT_CPUSTAT sample=233 cpu=cpu1 user=199 nice=0 system=693 idle=82771 iowait=0 irq=26865 softirq=25 steal=0
[host_monotonic_s=144467.647801] RT_CPUSTAT sample=234 cpu=cpu0 user=107296 nice=0 system=4444 idle=2474 iowait=0 irq=6163 softirq=74 steal=0
[host_monotonic_s=144467.664908] RT_CPUSTAT sample=234 cpu=cpu1 user=200 nice=0 system=695 idle=83113 iowait=0 irq=26981 softirq=25 steal=0
[host_monotonic_s=144467.966175] RT_CPUSTAT sample=235 cpu=cpu0 user=107758 nice=0 system=4459 idle=2474 iowait=0 irq=6190 softirq=74 steal=0
[host_monotonic_s=144467.966194] RT_CPUSTAT sample=235 cpu=cpu1 user=200 nice=0 system=700 idle=83455 iowait=0 irq=27096 softirq=25 steal=0
[host_monotonic_s=144467.983037] RT_CPUSTAT sample=236 cpu=cpu0 user=108193 nice=0 system=4502 idle=2474 iowait=0 irq=6217 softirq=75 steal=0
[host_monotonic_s=144468.000421] RT_CPUSTAT sample=236 cpu=cpu1 user=201 nice=0 system=705 idle=83799 iowait=0 irq=27211 softirq=25 steal=0
[host_monotonic_s=144468.806940] RT_CPUSTAT sample=237 cpu=cpu0 user=108621 nice=0 system=4552 idle=2474 iowait=0 irq=6243 softirq=75 steal=0
[host_monotonic_s=144468.806951] RT_CPUSTAT sample=237 cpu=cpu1 user=202 nice=0 system=707 idle=84142 iowait=0 irq=27326 softirq=25 steal=0
[host_monotonic_s=144468.813455] RT_CPUSTAT sample=238 cpu=cpu0 user=109091 nice=0 system=4560 idle=2474 iowait=0 irq=6270 softirq=75 steal=0
[host_monotonic_s=144468.830678] RT_CPUSTAT sample=238 cpu=cpu1 user=203 nice=0 system=709 idle=84484 iowait=0 irq=27441 softirq=26 steal=0
[host_monotonic_s=144468.848036] RT_CPUSTAT sample=239 cpu=cpu0 user=109542 nice=0 system=4586 idle=2474 iowait=0 irq=6297 softirq=76 steal=0
[host_monotonic_s=144468.865182] RT_CPUSTAT sample=239 cpu=cpu1 user=204 nice=0 system=713 idle=84825 iowait=0 irq=27558 softirq=26 steal=0
[host_monotonic_s=144468.882572] RT_CPUSTAT sample=240 cpu=cpu0 user=110005 nice=0 system=4601 idle=2474 iowait=0 irq=6323 softirq=76 steal=0
[host_monotonic_s=144468.899683] RT_CPUSTAT sample=240 cpu=cpu1 user=204 nice=0 system=716 idle=85165 iowait=0 irq=27676 softirq=26 steal=0
[host_monotonic_s=144468.917051] RT_CPUSTAT sample=241 cpu=cpu0 user=110477 nice=0 system=4607 idle=2474 iowait=0 irq=6348 softirq=76 steal=0
[host_monotonic_s=144468.933933] RT_CPUSTAT sample=241 cpu=cpu1 user=206 nice=0 system=721 idle=85503 iowait=0 irq=27795 softirq=26 steal=0
[host_monotonic_s=144468.951081] RT_CPUSTAT sample=242 cpu=cpu0 user=110954 nice=0 system=4607 idle=2474 iowait=0 irq=6375 softirq=77 steal=0
[host_monotonic_s=144468.967974] RT_CPUSTAT sample=242 cpu=cpu1 user=207 nice=0 system=723 idle=85849 iowait=0 irq=27907 softirq=26 steal=0
[host_monotonic_s=144468.985674] RT_CPUSTAT sample=243 cpu=cpu0 user=111424 nice=0 system=4616 idle=2474 iowait=0 irq=6401 softirq=77 steal=0
[host_monotonic_s=144469.002654] RT_CPUSTAT sample=243 cpu=cpu1 user=208 nice=0 system=726 idle=86194 iowait=0 irq=28022 softirq=26 steal=0
[host_monotonic_s=144469.020317] RT_CPUSTAT sample=244 cpu=cpu0 user=111893 nice=0 system=4624 idle=2474 iowait=0 irq=6427 softirq=77 steal=0
[host_monotonic_s=144469.037143] RT_CPUSTAT sample=244 cpu=cpu1 user=209 nice=0 system=728 idle=86538 iowait=0 irq=28135 softirq=26 steal=0
[host_monotonic_s=144469.054848] RT_CPUSTAT sample=245 cpu=cpu0 user=112370 nice=0 system=4625 idle=2474 iowait=0 irq=6454 softirq=78 steal=0
[host_monotonic_s=144469.357231] RT_CPUSTAT sample=245 cpu=cpu1 user=210 nice=0 system=730 idle=86879 iowait=0 irq=28251 softirq=26 steal=0
[host_monotonic_s=144469.357241] RT_CPUSTAT sample=246 cpu=cpu0 user=112848 nice=0 system=4625 idle=2474 iowait=0 irq=6480 softirq=78 steal=0
[host_monotonic_s=144469.367302] RT_CPUSTAT sample=246 cpu=cpu1 user=210 nice=0 system=732 idle=87222 iowait=0 irq=28366 softirq=26 steal=0
[host_monotonic_s=144469.384710] RT_CPUSTAT sample=247 cpu=cpu0 user=113291 nice=0 system=4660 idle=2474 iowait=0 irq=6507 softirq=78 steal=0
[host_monotonic_s=144469.401799] RT_CPUSTAT sample=247 cpu=cpu1 user=211 nice=0 system=734 idle=87569 iowait=0 irq=28478 softirq=27 steal=0
[host_monotonic_s=144469.418853] RT_CPUSTAT sample=248 cpu=cpu0 user=113755 nice=0 system=4675 idle=2474 iowait=0 irq=6533 softirq=79 steal=0
[host_monotonic_s=144469.435687] RT_CPUSTAT sample=248 cpu=cpu1 user=212 nice=0 system=739 idle=87914 iowait=0 irq=28590 softirq=27 steal=0
[host_monotonic_s=144469.453060] RT_CPUSTAT sample=249 cpu=cpu0 user=114204 nice=0 system=4702 idle=2474 iowait=0 irq=6559 softirq=79 steal=0
[host_monotonic_s=144469.470209] RT_CPUSTAT sample=249 cpu=cpu1 user=213 nice=0 system=741 idle=88256 iowait=0 irq=28706 softirq=27 steal=0
[host_monotonic_s=144469.487423] RT_CPUSTAT sample=250 cpu=cpu0 user=114679 nice=0 system=4706 idle=2474 iowait=0 irq=6585 softirq=79 steal=0
[host_monotonic_s=144469.504289] RT_CPUSTAT sample=250 cpu=cpu1 user=214 nice=0 system=745 idle=88600 iowait=0 irq=28821 softirq=27 steal=0
[host_monotonic_s=144469.521472] RT_CPUSTAT sample=251 cpu=cpu0 user=115137 nice=0 system=4726 idle=2474 iowait=0 irq=6611 softirq=80 steal=0
[host_monotonic_s=144469.538240] RT_CPUSTAT sample=251 cpu=cpu1 user=215 nice=0 system=748 idle=88943 iowait=0 irq=28936 softirq=27 steal=0
[host_monotonic_s=144469.555696] RT_CPUSTAT sample=252 cpu=cpu0 user=115583 nice=0 system=4756 idle=2474 iowait=0 irq=6637 softirq=80 steal=0
[host_monotonic_s=144469.572593] RT_CPUSTAT sample=252 cpu=cpu1 user=216 nice=0 system=751 idle=89287 iowait=0 irq=29049 softirq=27 steal=0
[host_monotonic_s=144469.589984] RT_CPUSTAT sample=253 cpu=cpu0 user=116033 nice=0 system=4783 idle=2474 iowait=0 irq=6663 softirq=80 steal=0
[host_monotonic_s=144469.607006] RT_CPUSTAT sample=253 cpu=cpu1 user=216 nice=0 system=754 idle=89631 iowait=0 irq=29162 softirq=27 steal=0
[host_monotonic_s=144469.907598] RT_CPUSTAT sample=254 cpu=cpu0 user=116490 nice=0 system=4805 idle=2474 iowait=0 irq=6689 softirq=81 steal=0
[host_monotonic_s=144469.907612] RT_CPUSTAT sample=254 cpu=cpu1 user=218 nice=0 system=757 idle=89974 iowait=0 irq=29278 softirq=27 steal=0
[host_monotonic_s=144469.921333] RT_CPUSTAT sample=255 cpu=cpu0 user=116949 nice=0 system=4824 idle=2474 iowait=0 irq=6716 softirq=81 steal=0
[host_monotonic_s=144470.737771] RT_CPUSTAT sample=255 cpu=cpu1 user=218 nice=0 system=758 idle=90315 iowait=0 irq=29394 softirq=28 steal=0
[host_monotonic_s=144470.737783] RT_CPUSTAT sample=256 cpu=cpu0 user=117407 nice=0 system=4842 idle=2474 iowait=0 irq=6742 softirq=81 steal=0
[host_monotonic_s=144470.737786] RT_CPUSTAT sample=256 cpu=cpu1 user=219 nice=0 system=760 idle=90657 iowait=0 irq=29510 softirq=28 steal=0
[host_monotonic_s=144470.753778] RT_CPUSTAT sample=257 cpu=cpu0 user=117883 nice=0 system=4843 idle=2474 iowait=0 irq=6768 softirq=81 steal=0
[host_monotonic_s=144470.771061] RT_CPUSTAT sample=257 cpu=cpu1 user=220 nice=0 system=763 idle=90998 iowait=0 irq=29625 softirq=28 steal=0
[host_monotonic_s=144470.788322] RT_CPUSTAT sample=258 cpu=cpu0 user=118361 nice=0 system=4844 idle=2474 iowait=0 irq=6794 softirq=82 steal=0
[host_monotonic_s=144470.805291] RT_CPUSTAT sample=258 cpu=cpu1 user=222 nice=0 system=766 idle=91336 iowait=0 irq=29745 softirq=28 steal=0
[host_monotonic_s=144470.822644] RT_CPUSTAT sample=259 cpu=cpu0 user=118824 nice=0 system=4858 idle=2474 iowait=0 irq=6821 softirq=82 steal=0
[host_monotonic_s=144470.839810] RT_CPUSTAT sample=259 cpu=cpu1 user=223 nice=0 system=769 idle=91676 iowait=0 irq=29863 softirq=28 steal=0
[host_monotonic_s=144470.856975] RT_CPUSTAT sample=260 cpu=cpu0 user=119285 nice=0 system=4874 idle=2474 iowait=0 irq=6846 softirq=82 steal=0
[host_monotonic_s=144470.873781] RT_CPUSTAT sample=260 cpu=cpu1 user=224 nice=0 system=772 idle=92018 iowait=0 irq=29978 softirq=28 steal=0
[host_monotonic_s=144470.891106] RT_CPUSTAT sample=261 cpu=cpu0 user=119762 nice=0 system=4877 idle=2474 iowait=0 irq=6872 softirq=83 steal=0
[host_monotonic_s=144470.907922] RT_CPUSTAT sample=261 cpu=cpu1 user=224 nice=0 system=774 idle=92362 iowait=0 irq=30093 softirq=28 steal=0
[host_monotonic_s=144470.925223] RT_CPUSTAT sample=262 cpu=cpu0 user=120231 nice=0 system=4885 idle=2474 iowait=0 irq=6898 softirq=83 steal=0
[host_monotonic_s=144470.942372] RT_CPUSTAT sample=262 cpu=cpu1 user=226 nice=0 system=776 idle=92705 iowait=0 irq=30207 softirq=28 steal=0
[host_monotonic_s=144470.959693] RT_CPUSTAT sample=263 cpu=cpu0 user=120680 nice=0 system=4914 idle=2474 iowait=0 irq=6925 softirq=83 steal=0
[host_monotonic_s=144470.976526] RT_CPUSTAT sample=263 cpu=cpu1 user=228 nice=0 system=779 idle=93047 iowait=0 irq=30323 softirq=28 steal=0
[host_monotonic_s=144471.288221] RT_CPUSTAT sample=264 cpu=cpu0 user=121126 nice=0 system=4947 idle=2474 iowait=0 irq=6951 softirq=84 steal=0
[host_monotonic_s=144471.288236] RT_CPUSTAT sample=264 cpu=cpu1 user=228 nice=0 system=782 idle=93394 iowait=0 irq=30435 softirq=28 steal=0
[host_monotonic_s=144471.288239] RT_CPUSTAT sample=265 cpu=cpu0 user=121580 nice=0 system=4970 idle=2474 iowait=0 irq=6977 softirq=84 steal=0
[host_monotonic_s=144471.306884] RT_CPUSTAT sample=265 cpu=cpu1 user=229 nice=0 system=784 idle=93734 iowait=0 irq=30551 softirq=29 steal=0
[host_monotonic_s=144471.324123] RT_CPUSTAT sample=266 cpu=cpu0 user=122050 nice=0 system=4978 idle=2474 iowait=0 irq=7004 softirq=84 steal=0
[host_monotonic_s=144471.340872] RT_CPUSTAT sample=266 cpu=cpu1 user=229 nice=0 system=788 idle=94074 iowait=0 irq=30668 softirq=29 steal=0
[host_monotonic_s=144471.357851] RT_CPUSTAT sample=267 cpu=cpu0 user=122507 nice=0 system=4998 idle=2474 iowait=0 irq=7030 softirq=85 steal=0
[host_monotonic_s=144471.374839] RT_CPUSTAT sample=267 cpu=cpu1 user=230 nice=0 system=790 idle=94417 iowait=0 irq=30783 softirq=29 steal=0
[host_monotonic_s=144471.392462] RT_CPUSTAT sample=268 cpu=cpu0 user=122932 nice=0 system=5052 idle=2474 iowait=0 irq=7056 softirq=85 steal=0
[host_monotonic_s=144471.409441] RT_CPUSTAT sample=268 cpu=cpu1 user=231 nice=0 system=791 idle=94759 iowait=0 irq=30898 softirq=29 steal=0
[host_monotonic_s=144471.426465] RT_CPUSTAT sample=269 cpu=cpu0 user=123395 nice=0 system=5066 idle=2474 iowait=0 irq=7082 softirq=85 steal=0
[host_monotonic_s=144471.443464] RT_CPUSTAT sample=269 cpu=cpu1 user=231 nice=0 system=794 idle=95100 iowait=0 irq=31014 softirq=29 steal=0
[host_monotonic_s=144471.460567] RT_CPUSTAT sample=270 cpu=cpu0 user=123837 nice=0 system=5102 idle=2474 iowait=0 irq=7109 softirq=85 steal=0
[host_monotonic_s=144471.477390] RT_CPUSTAT sample=270 cpu=cpu1 user=231 nice=0 system=797 idle=95442 iowait=0 irq=31129 softirq=29 steal=0
[host_monotonic_s=144471.495359] RT_CPUSTAT sample=271 cpu=cpu0 user=124292 nice=0 system=5125 idle=2474 iowait=0 irq=7136 softirq=86 steal=0
[host_monotonic_s=144471.512336] RT_CPUSTAT sample=271 cpu=cpu1 user=233 nice=0 system=802 idle=95785 iowait=0 irq=31242 softirq=29 steal=0
[host_monotonic_s=144471.529888] RT_CPUSTAT sample=272 cpu=cpu0 user=124758 nice=0 system=5136 idle=2474 iowait=0 irq=7162 softirq=86 steal=0
[host_monotonic_s=144471.838572] RT_CPUSTAT sample=272 cpu=cpu1 user=234 nice=0 system=805 idle=96126 iowait=0 irq=31359 softirq=29 steal=0
[host_monotonic_s=144471.838587] RT_CPUSTAT sample=273 cpu=cpu0 user=125236 nice=0 system=5137 idle=2474 iowait=0 irq=7188 softirq=86 steal=0
[host_monotonic_s=144471.838590] RT_CPUSTAT sample=273 cpu=cpu1 user=235 nice=0 system=806 idle=96468 iowait=0 irq=31475 softirq=30 steal=0
[host_monotonic_s=144471.860556] RT_CPUSTAT sample=274 cpu=cpu0 user=125709 nice=0 system=5141 idle=2474 iowait=0 irq=7216 softirq=87 steal=0
[host_monotonic_s=144472.669610] RT_CPUSTAT sample=274 cpu=cpu1 user=237 nice=0 system=810 idle=96809 iowait=0 irq=31591 softirq=30 steal=0
[host_monotonic_s=144472.669627] RT_CPUSTAT sample=275 cpu=cpu0 user=126161 nice=0 system=5167 idle=2474 iowait=0 irq=7242 softirq=87 steal=0
[host_monotonic_s=144472.669632] RT_CPUSTAT sample=275 cpu=cpu1 user=238 nice=0 system=811 idle=97150 iowait=0 irq=31708 softirq=30 steal=0
[host_monotonic_s=144472.691851] RT_CPUSTAT sample=276 cpu=cpu0 user=126636 nice=0 system=5170 idle=2474 iowait=0 irq=7268 softirq=87 steal=0
[host_monotonic_s=144472.708447] RT_CPUSTAT sample=276 cpu=cpu1 user=239 nice=0 system=813 idle=97493 iowait=0 irq=31823 softirq=30 steal=0
[host_monotonic_s=144472.727203] RT_CPUSTAT sample=277 cpu=cpu0 user=127112 nice=0 system=5171 idle=2474 iowait=0 irq=7294 softirq=88 steal=0
[host_monotonic_s=144472.744355] RT_CPUSTAT sample=277 cpu=cpu1 user=239 nice=0 system=814 idle=97837 iowait=0 irq=31938 softirq=30 steal=0
[host_monotonic_s=144472.761476] RT_CPUSTAT sample=278 cpu=cpu0 user=127568 nice=0 system=5192 idle=2474 iowait=0 irq=7320 softirq=88 steal=0
[host_monotonic_s=144472.778229] RT_CPUSTAT sample=278 cpu=cpu1 user=240 nice=0 system=816 idle=98178 iowait=0 irq=32052 softirq=30 steal=0
[host_monotonic_s=144472.795448] RT_CPUSTAT sample=279 cpu=cpu0 user=128022 nice=0 system=5217 idle=2474 iowait=0 irq=7346 softirq=88 steal=0
[host_monotonic_s=144472.812845] RT_CPUSTAT sample=279 cpu=cpu1 user=240 nice=0 system=820 idle=98522 iowait=0 irq=32167 softirq=30 steal=0
[host_monotonic_s=144472.830584] RT_CPUSTAT sample=280 cpu=cpu0 user=128474 nice=0 system=5242 idle=2474 iowait=0 irq=7373 softirq=89 steal=0
[host_monotonic_s=144472.847615] RT_CPUSTAT sample=280 cpu=cpu1 user=243 nice=0 system=822 idle=98862 iowait=0 irq=32283 softirq=30 steal=0
[host_monotonic_s=144472.864831] RT_CPUSTAT sample=281 cpu=cpu0 user=128932 nice=0 system=5262 idle=2474 iowait=0 irq=7399 softirq=89 steal=0
[host_monotonic_s=144472.882119] RT_CPUSTAT sample=281 cpu=cpu1 user=243 nice=0 system=824 idle=99204 iowait=0 irq=32399 softirq=30 steal=0
[host_monotonic_s=144472.899736] RT_CPUSTAT sample=282 cpu=cpu0 user=129401 nice=0 system=5270 idle=2474 iowait=0 irq=7426 softirq=89 steal=0
[host_monotonic_s=144472.916789] RT_CPUSTAT sample=282 cpu=cpu1 user=244 nice=0 system=826 idle=99543 iowait=0 irq=32516 softirq=31 steal=0
[host_monotonic_s=144473.219963] RT_CPUSTAT sample=283 cpu=cpu0 user=129853 nice=0 system=5297 idle=2474 iowait=0 irq=7451 softirq=90 steal=0
[host_monotonic_s=144473.219977] RT_CPUSTAT sample=283 cpu=cpu1 user=246 nice=0 system=830 idle=99886 iowait=0 irq=32631 softirq=31 steal=0
[host_monotonic_s=144473.230500] RT_CPUSTAT sample=284 cpu=cpu0 user=130280 nice=0 system=5348 idle=2474 iowait=0 irq=7477 softirq=90 steal=0
[host_monotonic_s=144473.247807] RT_CPUSTAT sample=284 cpu=cpu1 user=246 nice=0 system=832 idle=100232 iowait=0 irq=32744 softirq=31 steal=0
[host_monotonic_s=144473.265355] RT_CPUSTAT sample=285 cpu=cpu0 user=130750 nice=0 system=5356 idle=2474 iowait=0 irq=7503 softirq=90 steal=0
[host_monotonic_s=144473.282447] RT_CPUSTAT sample=285 cpu=cpu1 user=248 nice=0 system=837 idle=100574 iowait=0 irq=32859 softirq=31 steal=0
[host_monotonic_s=144473.299558] RT_CPUSTAT sample=286 cpu=cpu0 user=131184 nice=0 system=5399 idle=2474 iowait=0 irq=7529 softirq=90 steal=0
[host_monotonic_s=144473.316644] RT_CPUSTAT sample=286 cpu=cpu1 user=249 nice=0 system=841 idle=100916 iowait=0 irq=32974 softirq=31 steal=0
[host_monotonic_s=144473.334331] RT_CPUSTAT sample=287 cpu=cpu0 user=131638 nice=0 system=5422 idle=2474 iowait=0 irq=7555 softirq=91 steal=0
[host_monotonic_s=144473.352034] RT_CPUSTAT sample=287 cpu=cpu1 user=249 nice=0 system=846 idle=101255 iowait=0 irq=33091 softirq=31 steal=0
[host_monotonic_s=144473.369232] RT_CPUSTAT sample=288 cpu=cpu0 user=132111 nice=0 system=5426 idle=2474 iowait=0 irq=7583 softirq=91 steal=0
[host_monotonic_s=144473.386508] RT_CPUSTAT sample=288 cpu=cpu1 user=249 nice=0 system=847 idle=101596 iowait=0 irq=33208 softirq=31 steal=0
[host_monotonic_s=144473.403924] RT_CPUSTAT sample=289 cpu=cpu0 user=132585 nice=0 system=5427 idle=2474 iowait=0 irq=7609 softirq=91 steal=0
[host_monotonic_s=144473.421425] RT_CPUSTAT sample=289 cpu=cpu1 user=250 nice=0 system=849 idle=101937 iowait=0 irq=33322 softirq=31 steal=0
[host_monotonic_s=144473.438604] RT_CPUSTAT sample=290 cpu=cpu0 user=133054 nice=0 system=5438 idle=2474 iowait=0 irq=7635 softirq=92 steal=0
[host_monotonic_s=144473.456258] RT_CPUSTAT sample=290 cpu=cpu1 user=250 nice=0 system=853 idle=102282 iowait=0 irq=33436 softirq=31 steal=0
[host_monotonic_s=144473.770299] RT_CPUSTAT sample=291 cpu=cpu0 user=133523 nice=0 system=5444 idle=2474 iowait=0 irq=7661 softirq=92 steal=0
[host_monotonic_s=144473.770313] RT_CPUSTAT sample=291 cpu=cpu1 user=251 nice=0 system=856 idle=102621 iowait=0 irq=33553 softirq=32 steal=0
[host_monotonic_s=144473.770315] RT_CPUSTAT sample=292 cpu=cpu0 user=134000 nice=0 system=5446 idle=2474 iowait=0 irq=7687 softirq=92 steal=0
[host_monotonic_s=144473.788252] RT_CPUSTAT sample=292 cpu=cpu1 user=252 nice=0 system=860 idle=102961 iowait=0 irq=33669 softirq=32 steal=0
[host_monotonic_s=144474.606353] RT_CPUSTAT sample=293 cpu=cpu0 user=134478 nice=0 system=5447 idle=2474 iowait=0 irq=7714 softirq=93 steal=0
[host_monotonic_s=144474.606365] RT_CPUSTAT sample=293 cpu=cpu1 user=252 nice=0 system=863 idle=103308 iowait=0 irq=33782 softirq=32 steal=0
[host_monotonic_s=144474.606368] RT_CPUSTAT sample=294 cpu=cpu0 user=134916 nice=0 system=5487 idle=2474 iowait=0 irq=7740 softirq=93 steal=0
[host_monotonic_s=144474.619249] RT_CPUSTAT sample=294 cpu=cpu1 user=253 nice=0 system=867 idle=103647 iowait=0 irq=33900 softirq=32 steal=0
[host_monotonic_s=144474.636793] RT_CPUSTAT sample=295 cpu=cpu0 user=135374 nice=0 system=5505 idle=2474 iowait=0 irq=7767 softirq=93 steal=0
[host_monotonic_s=144474.654324] RT_CPUSTAT sample=295 cpu=cpu1 user=253 nice=0 system=869 idle=103989 iowait=0 irq=34016 softirq=32 steal=0
[host_monotonic_s=144474.672085] RT_CPUSTAT sample=296 cpu=cpu0 user=135836 nice=0 system=5519 idle=2474 iowait=0 irq=7793 softirq=94 steal=0
[host_monotonic_s=144474.689223] RT_CPUSTAT sample=296 cpu=cpu1 user=254 nice=0 system=871 idle=104329 iowait=0 irq=34132 softirq=32 steal=0
[host_monotonic_s=144474.706423] RT_CPUSTAT sample=297 cpu=cpu0 user=136304 nice=0 system=5530 idle=2474 iowait=0 irq=7819 softirq=94 steal=0
[host_monotonic_s=144474.724413] RT_CPUSTAT sample=297 cpu=cpu1 user=254 nice=0 system=877 idle=104674 iowait=0 irq=34247 softirq=32 steal=0
[host_monotonic_s=144474.742028] RT_CPUSTAT sample=298 cpu=cpu0 user=136757 nice=0 system=5555 idle=2474 iowait=0 irq=7845 softirq=94 steal=0
[host_monotonic_s=144474.759230] RT_CPUSTAT sample=298 cpu=cpu1 user=256 nice=0 system=880 idle=105019 iowait=0 irq=34359 softirq=32 steal=0
[host_monotonic_s=144474.776307] RT_CPUSTAT sample=299 cpu=cpu0 user=137188 nice=0 system=5600 idle=2474 iowait=0 irq=7871 softirq=95 steal=0
[host_monotonic_s=144474.793478] RT_CPUSTAT sample=299 cpu=cpu1 user=257 nice=0 system=883 idle=105361 iowait=0 irq=34473 softirq=33 steal=0
[host_monotonic_s=144474.810657] RT_CPUSTAT sample=300 cpu=cpu0 user=137632 nice=0 system=5634 idle=2474 iowait=0 irq=7899 softirq=95 steal=0
[host_monotonic_s=144474.827887] RT_CPUSTAT sample=300 cpu=cpu1 user=257 nice=0 system=885 idle=105705 iowait=0 irq=34586 softirq=33 steal=0
[host_monotonic_s=144474.845330] RT_CPUSTAT sample=301 cpu=cpu0 user=138095 nice=0 system=5646 idle=2474 iowait=0 irq=7926 softirq=95 steal=0
[host_monotonic_s=144475.156690] RT_CPUSTAT sample=301 cpu=cpu1 user=258 nice=0 system=888 idle=106046 iowait=0 irq=34701 softirq=33 steal=0
[host_monotonic_s=144475.156697] RT_CPUSTAT sample=302 cpu=cpu0 user=138536 nice=0 system=5683 idle=2474 iowait=0 irq=7952 softirq=96 steal=0
[host_monotonic_s=144475.156699] RT_CPUSTAT sample=302 cpu=cpu1 user=259 nice=0 system=891 idle=106385 iowait=0 irq=34818 softirq=33 steal=0
[host_monotonic_s=144475.174491] RT_CPUSTAT sample=303 cpu=cpu0 user=138994 nice=0 system=5702 idle=2474 iowait=0 irq=7979 softirq=96 steal=0
[host_monotonic_s=144475.191731] RT_CPUSTAT sample=303 cpu=cpu1 user=261 nice=0 system=893 idle=106725 iowait=0 irq=34936 softirq=33 steal=0
[host_monotonic_s=144475.208994] RT_CPUSTAT sample=304 cpu=cpu0 user=139465 nice=0 system=5710 idle=2474 iowait=0 irq=8005 softirq=96 steal=0
[host_monotonic_s=144475.226247] RT_CPUSTAT sample=304 cpu=cpu1 user=261 nice=0 system=895 idle=107066 iowait=0 irq=35053 softirq=33 steal=0
[host_monotonic_s=144475.244431] RT_CPUSTAT sample=305 cpu=cpu0 user=139941 nice=0 system=5710 idle=2474 iowait=0 irq=8031 softirq=97 steal=0
[host_monotonic_s=144475.261467] RT_CPUSTAT sample=305 cpu=cpu1 user=262 nice=0 system=900 idle=107407 iowait=0 irq=35170 softirq=33 steal=0
[host_monotonic_s=144475.279150] RT_CPUSTAT sample=306 cpu=cpu0 user=140402 nice=0 system=5728 idle=2474 iowait=0 irq=8057 softirq=97 steal=0
[host_monotonic_s=144475.296622] RT_CPUSTAT sample=306 cpu=cpu1 user=263 nice=0 system=902 idle=107750 iowait=0 irq=35286 softirq=33 steal=0
[host_monotonic_s=144475.314391] RT_CPUSTAT sample=307 cpu=cpu0 user=140869 nice=0 system=5739 idle=2474 iowait=0 irq=8083 softirq=97 steal=0
[host_monotonic_s=144475.331303] RT_CPUSTAT sample=307 cpu=cpu1 user=264 nice=0 system=905 idle=108093 iowait=0 irq=35400 softirq=33 steal=0
[host_monotonic_s=144475.348425] RT_CPUSTAT sample=308 cpu=cpu0 user=141344 nice=0 system=5741 idle=2474 iowait=0 irq=8109 softirq=97 steal=0
[host_monotonic_s=144475.365649] RT_CPUSTAT sample=308 cpu=cpu1 user=264 nice=0 system=907 idle=108437 iowait=0 irq=35516 softirq=34 steal=0
[host_monotonic_s=144475.383272] RT_CPUSTAT sample=309 cpu=cpu0 user=141823 nice=0 system=5742 idle=2474 iowait=0 irq=8135 softirq=98 steal=0
[host_monotonic_s=144475.400371] RT_CPUSTAT sample=309 cpu=cpu1 user=265 nice=0 system=910 idle=108782 iowait=0 irq=35630 softirq=34 steal=0
[host_monotonic_s=144475.707138] RT_CPUSTAT sample=310 cpu=cpu0 user=142261 nice=0 system=5779 idle=2474 iowait=0 irq=8161 softirq=98 steal=0
[host_monotonic_s=144475.707151] RT_CPUSTAT sample=310 cpu=cpu1 user=266 nice=0 system=914 idle=109122 iowait=0 irq=35745 softirq=34 steal=0
[host_monotonic_s=144475.713416] RT_CPUSTAT sample=311 cpu=cpu0 user=142697 nice=0 system=5820 idle=2474 iowait=0 irq=8187 softirq=98 steal=0
[host_monotonic_s=144475.731234] RT_CPUSTAT sample=311 cpu=cpu1 user=267 nice=0 system=918 idle=109461 iowait=0 irq=35862 softirq=34 steal=0
[host_monotonic_s=144476.538717] RT_CPUSTAT sample=312 cpu=cpu0 user=143149 nice=0 system=5846 idle=2474 iowait=0 irq=8213 softirq=99 steal=0
[host_monotonic_s=144476.538729] RT_CPUSTAT sample=312 cpu=cpu1 user=268 nice=0 system=921 idle=109802 iowait=0 irq=35978 softirq=34 steal=0
[host_monotonic_s=144476.543857] RT_CPUSTAT sample=313 cpu=cpu0 user=143611 nice=0 system=5861 idle=2474 iowait=0 irq=8240 softirq=99 steal=0
[host_monotonic_s=144476.562961] RT_CPUSTAT sample=313 cpu=cpu1 user=269 nice=0 system=925 idle=110148 iowait=0 irq=36090 softirq=34 steal=0
[host_monotonic_s=144476.581168] RT_CPUSTAT sample=314 cpu=cpu0 user=144063 nice=0 system=5887 idle=2474 iowait=0 irq=8266 softirq=99 steal=0
[host_monotonic_s=144476.598494] RT_CPUSTAT sample=314 cpu=cpu1 user=270 nice=0 system=926 idle=110488 iowait=0 irq=36207 softirq=34 steal=0
[host_monotonic_s=144476.616022] RT_CPUSTAT sample=315 cpu=cpu0 user=144501 nice=0 system=5927 idle=2474 iowait=0 irq=8292 softirq=100 steal=0
[host_monotonic_s=144476.633523] RT_CPUSTAT sample=315 cpu=cpu1 user=271 nice=0 system=930 idle=110831 iowait=0 irq=36322 softirq=34 steal=0
[host_monotonic_s=144476.651231] RT_CPUSTAT sample=316 cpu=cpu0 user=144929 nice=0 system=5978 idle=2474 iowait=0 irq=8318 softirq=100 steal=0
[host_monotonic_s=144476.669126] RT_CPUSTAT sample=316 cpu=cpu1 user=272 nice=0 system=933 idle=111172 iowait=0 irq=36438 softirq=35 steal=0
[host_monotonic_s=144476.687400] RT_CPUSTAT sample=317 cpu=cpu0 user=145401 nice=0 system=5983 idle=2474 iowait=0 irq=8345 softirq=100 steal=0
[host_monotonic_s=144476.705295] RT_CPUSTAT sample=317 cpu=cpu1 user=273 nice=0 system=936 idle=111514 iowait=0 irq=36554 softirq=35 steal=0
[host_monotonic_s=144476.723446] RT_CPUSTAT sample=318 cpu=cpu0 user=145842 nice=0 system=6020 idle=2474 iowait=0 irq=8371 softirq=101 steal=0
[host_monotonic_s=144476.741987] RT_CPUSTAT sample=318 cpu=cpu1 user=274 nice=0 system=939 idle=111858 iowait=0 irq=36669 softirq=35 steal=0
[host_monotonic_s=144476.760063] RT_CPUSTAT sample=319 cpu=cpu0 user=146302 nice=0 system=6038 idle=2474 iowait=0 irq=8397 softirq=101 steal=0
[host_monotonic_s=144476.778156] RT_CPUSTAT sample=319 cpu=cpu1 user=276 nice=0 system=942 idle=112198 iowait=0 irq=36785 softirq=35 steal=0
[host_monotonic_s=144477.089204] RT_CPUSTAT sample=320 cpu=cpu0 user=146777 nice=0 system=6042 idle=2474 iowait=0 irq=8423 softirq=101 steal=0
[host_monotonic_s=144477.089217] RT_CPUSTAT sample=320 cpu=cpu1 user=277 nice=0 system=946 idle=112542 iowait=0 irq=36901 softirq=35 steal=0
[host_monotonic_s=144477.089220] RT_CPUSTAT sample=321 cpu=cpu0 user=147256 nice=0 system=6042 idle=2474 iowait=0 irq=8449 softirq=101 steal=0
[host_monotonic_s=144477.108506] RT_CPUSTAT sample=321 cpu=cpu1 user=277 nice=0 system=951 idle=112884 iowait=0 irq=37017 softirq=35 steal=0
[host_monotonic_s=144477.126953] RT_CPUSTAT sample=322 cpu=cpu0 user=147721 nice=0 system=6052 idle=2474 iowait=0 irq=8475 softirq=102 steal=0
[host_monotonic_s=144477.144481] RT_CPUSTAT sample=322 cpu=cpu1 user=278 nice=0 system=953 idle=113227 iowait=0 irq=37132 softirq=35 steal=0
[host_monotonic_s=144477.162251] RT_CPUSTAT sample=323 cpu=cpu0 user=148194 nice=0 system=6058 idle=2474 iowait=0 irq=8501 softirq=102 steal=0
[host_monotonic_s=144477.179463] RT_CPUSTAT sample=323 cpu=cpu1 user=279 nice=0 system=956 idle=113570 iowait=0 irq=37247 softirq=35 steal=0
[host_monotonic_s=144477.196976] RT_CPUSTAT sample=324 cpu=cpu0 user=148671 nice=0 system=6059 idle=2474 iowait=0 irq=8528 softirq=102 steal=0
[host_monotonic_s=144477.214114] RT_CPUSTAT sample=324 cpu=cpu1 user=280 nice=0 system=959 idle=113913 iowait=0 irq=37363 softirq=35 steal=0
[host_monotonic_s=144477.231889] RT_CPUSTAT sample=325 cpu=cpu0 user=149148 nice=0 system=6059 idle=2474 iowait=0 irq=8555 softirq=103 steal=0
[host_monotonic_s=144477.248995] RT_CPUSTAT sample=325 cpu=cpu1 user=280 nice=0 system=964 idle=114255 iowait=0 irq=37479 softirq=35 steal=0
[host_monotonic_s=144477.266299] RT_CPUSTAT sample=326 cpu=cpu0 user=149589 nice=0 system=6095 idle=2474 iowait=0 irq=8581 softirq=103 steal=0
[host_monotonic_s=144477.283439] RT_CPUSTAT sample=326 cpu=cpu1 user=281 nice=0 system=966 idle=114597 iowait=0 irq=37596 softirq=36 steal=0
[host_monotonic_s=144477.300782] RT_CPUSTAT sample=327 cpu=cpu0 user=150053 nice=0 system=6110 idle=2474 iowait=0 irq=8607 softirq=103 steal=0
[host_monotonic_s=144477.317782] RT_CPUSTAT sample=327 cpu=cpu1 user=282 nice=0 system=968 idle=114941 iowait=0 irq=37711 softirq=36 steal=0
[host_monotonic_s=144477.335425] RT_CPUSTAT sample=328 cpu=cpu0 user=150500 nice=0 system=6139 idle=2474 iowait=0 irq=8633 softirq=104 steal=0
[host_monotonic_s=144477.639487] RT_CPUSTAT sample=328 cpu=cpu1 user=283 nice=0 system=971 idle=115281 iowait=0 irq=37826 softirq=36 steal=0
[host_monotonic_s=144477.639498] RT_CPUSTAT sample=329 cpu=cpu0 user=150969 nice=0 system=6149 idle=2474 iowait=0 irq=8659 softirq=104 steal=0
[host_monotonic_s=144477.648730] RT_CPUSTAT sample=329 cpu=cpu1 user=284 nice=0 system=974 idle=115626 iowait=0 irq=37940 softirq=36 steal=0
[host_monotonic_s=144477.666539] RT_CPUSTAT sample=330 cpu=cpu0 user=151427 nice=0 system=6168 idle=2474 iowait=0 irq=8685 softirq=104 steal=0
[host_monotonic_s=144478.478435] RT_CPUSTAT sample=330 cpu=cpu1 user=285 nice=0 system=979 idle=115968 iowait=0 irq=38055 softirq=36 steal=0
[host_monotonic_s=144478.478446] RT_CPUSTAT sample=331 cpu=cpu0 user=151856 nice=0 system=6215 idle=2474 iowait=0 irq=8711 softirq=104 steal=0
[host_monotonic_s=144478.478449] RT_CPUSTAT sample=331 cpu=cpu1 user=285 nice=0 system=982 idle=116309 iowait=0 irq=38168 softirq=36 steal=0
[host_monotonic_s=144478.497786] RT_CPUSTAT sample=332 cpu=cpu0 user=152308 nice=0 system=6240 idle=2474 iowait=0 irq=8738 softirq=105 steal=0
[host_monotonic_s=144478.514707] RT_CPUSTAT sample=332 cpu=cpu1 user=286 nice=0 system=986 idle=116652 iowait=0 irq=38283 softirq=36 steal=0
[host_monotonic_s=144478.532036] RT_CPUSTAT sample=333 cpu=cpu0 user=152765 nice=0 system=6260 idle=2474 iowait=0 irq=8764 softirq=105 steal=0
[host_monotonic_s=144478.549065] RT_CPUSTAT sample=333 cpu=cpu1 user=287 nice=0 system=991 idle=116993 iowait=0 irq=38399 softirq=36 steal=0
[host_monotonic_s=144478.566524] RT_CPUSTAT sample=334 cpu=cpu0 user=153215 nice=0 system=6286 idle=2474 iowait=0 irq=8791 softirq=105 steal=0
[host_monotonic_s=144478.583593] RT_CPUSTAT sample=334 cpu=cpu1 user=288 nice=0 system=995 idle=117338 iowait=0 irq=38511 softirq=36 steal=0
[host_monotonic_s=144478.601264] RT_CPUSTAT sample=335 cpu=cpu0 user=153665 nice=0 system=6314 idle=2474 iowait=0 irq=8818 softirq=106 steal=0
[host_monotonic_s=144478.618375] RT_CPUSTAT sample=335 cpu=cpu1 user=288 nice=0 system=997 idle=117679 iowait=0 irq=38626 softirq=37 steal=0
[host_monotonic_s=144478.635680] RT_CPUSTAT sample=336 cpu=cpu0 user=154142 nice=0 system=6315 idle=2474 iowait=0 irq=8844 softirq=106 steal=0
[host_monotonic_s=144478.652828] RT_CPUSTAT sample=336 cpu=cpu1 user=289 nice=0 system=998 idle=118017 iowait=0 irq=38747 softirq=37 steal=0
[host_monotonic_s=144478.670411] RT_CPUSTAT sample=337 cpu=cpu0 user=154620 nice=0 system=6316 idle=2474 iowait=0 irq=8870 softirq=106 steal=0
[host_monotonic_s=144478.687903] RT_CPUSTAT sample=337 cpu=cpu1 user=290 nice=0 system=1002 idle=118361 iowait=0 irq=38862 softirq=37 steal=0
[host_monotonic_s=144478.705571] RT_CPUSTAT sample=338 cpu=cpu0 user=155092 nice=0 system=6320 idle=2474 iowait=0 irq=8897 softirq=107 steal=0
[host_monotonic_s=144478.723359] RT_CPUSTAT sample=338 cpu=cpu1 user=290 nice=0 system=1004 idle=118701 iowait=0 irq=38978 softirq=37 steal=0
[host_monotonic_s=144479.028878] RT_CPUSTAT sample=339 cpu=cpu0 user=155565 nice=0 system=6326 idle=2474 iowait=0 irq=8923 softirq=107 steal=0
[host_monotonic_s=144479.028892] RT_CPUSTAT sample=339 cpu=cpu1 user=291 nice=0 system=1007 idle=119044 iowait=0 irq=39094 softirq=37 steal=0
[host_monotonic_s=144479.037457] RT_CPUSTAT sample=340 cpu=cpu0 user=156042 nice=0 system=6327 idle=2474 iowait=0 irq=8949 softirq=107 steal=0
[host_monotonic_s=144479.054439] RT_CPUSTAT sample=340 cpu=cpu1 user=292 nice=0 system=1010 idle=119388 iowait=0 irq=39208 softirq=37 steal=0
[host_monotonic_s=144479.071907] RT_CPUSTAT sample=341 cpu=cpu0 user=156511 nice=0 system=6336 idle=2474 iowait=0 irq=8975 softirq=108 steal=0
[host_monotonic_s=144479.089803] RT_CPUSTAT sample=341 cpu=cpu1 user=294 nice=0 system=1013 idle=119727 iowait=0 irq=39326 softirq=37 steal=0
[host_monotonic_s=144479.106841] RT_CPUSTAT sample=342 cpu=cpu0 user=156964 nice=0 system=6361 idle=2474 iowait=0 irq=9002 softirq=108 steal=0
[host_monotonic_s=144479.124109] RT_CPUSTAT sample=342 cpu=cpu1 user=295 nice=0 system=1015 idle=120071 iowait=0 irq=39440 softirq=37 steal=0
[host_monotonic_s=144479.141532] RT_CPUSTAT sample=343 cpu=cpu0 user=157428 nice=0 system=6375 idle=2474 iowait=0 irq=9028 softirq=108 steal=0
[host_monotonic_s=144479.158540] RT_CPUSTAT sample=343 cpu=cpu1 user=295 nice=0 system=1019 idle=120409 iowait=0 irq=39558 softirq=37 steal=0
[host_monotonic_s=144479.175752] RT_CPUSTAT sample=344 cpu=cpu0 user=157895 nice=0 system=6386 idle=2474 iowait=0 irq=9054 softirq=108 steal=0
[host_monotonic_s=144479.193055] RT_CPUSTAT sample=344 cpu=cpu1 user=295 nice=0 system=1021 idle=120749 iowait=0 irq=39678 softirq=38 steal=0
[host_monotonic_s=144479.210576] RT_CPUSTAT sample=345 cpu=cpu0 user=158364 nice=0 system=6394 idle=2474 iowait=0 irq=9081 softirq=109 steal=0
[host_monotonic_s=144479.227536] RT_CPUSTAT sample=345 cpu=cpu1 user=296 nice=0 system=1023 idle=121088 iowait=0 irq=39796 softirq=38 steal=0
[host_monotonic_s=144479.244839] RT_CPUSTAT sample=346 cpu=cpu0 user=158824 nice=0 system=6411 idle=2474 iowait=0 irq=9107 softirq=109 steal=0
[host_monotonic_s=144479.262241] RT_CPUSTAT sample=346 cpu=cpu1 user=296 nice=0 system=1025 idle=121431 iowait=0 irq=39911 softirq=38 steal=0
[host_monotonic_s=144479.579155] RT_CPUSTAT sample=347 cpu=cpu0 user=159251 nice=0 system=6461 idle=2474 iowait=0 irq=9133 softirq=109 steal=0
[host_monotonic_s=144479.579168] RT_CPUSTAT sample=347 cpu=cpu1 user=297 nice=0 system=1028 idle=121773 iowait=0 irq=40025 softirq=38 steal=0
[host_monotonic_s=144479.579171] RT_CPUSTAT sample=348 cpu=cpu0 user=159712 nice=0 system=6479 idle=2474 iowait=0 irq=9160 softirq=110 steal=0
[host_monotonic_s=144479.593907] RT_CPUSTAT sample=348 cpu=cpu1 user=298 nice=0 system=1032 idle=122114 iowait=0 irq=40141 softirq=38 steal=0
[host_monotonic_s=144480.408293] RT_CPUSTAT sample=349 cpu=cpu0 user=160165 nice=0 system=6503 idle=2474 iowait=0 irq=9186 softirq=110 steal=0
[host_monotonic_s=144480.408303] RT_CPUSTAT sample=349 cpu=cpu1 user=299 nice=0 system=1034 idle=122460 iowait=0 irq=40254 softirq=38 steal=0
[host_monotonic_s=144480.408305] RT_CPUSTAT sample=350 cpu=cpu0 user=160625 nice=0 system=6520 idle=2474 iowait=0 irq=9212 softirq=110 steal=0
[host_monotonic_s=144480.428009] RT_CPUSTAT sample=350 cpu=cpu1 user=301 nice=0 system=1040 idle=122802 iowait=0 irq=40368 softirq=38 steal=0
[host_monotonic_s=144480.445505] RT_CPUSTAT sample=351 cpu=cpu0 user=161085 nice=0 system=6537 idle=2474 iowait=0 irq=9238 softirq=111 steal=0
[host_monotonic_s=144480.462909] RT_CPUSTAT sample=351 cpu=cpu1 user=301 nice=0 system=1042 idle=123144 iowait=0 irq=40482 softirq=38 steal=0
[host_monotonic_s=144480.480426] RT_CPUSTAT sample=352 cpu=cpu0 user=161561 nice=0 system=6538 idle=2474 iowait=0 irq=9265 softirq=111 steal=0
[host_monotonic_s=144480.497418] RT_CPUSTAT sample=352 cpu=cpu1 user=302 nice=0 system=1044 idle=123484 iowait=0 irq=40599 softirq=38 steal=0
[host_monotonic_s=144480.514984] RT_CPUSTAT sample=353 cpu=cpu0 user=162035 nice=0 system=6542 idle=2474 iowait=0 irq=9292 softirq=111 steal=0
[host_monotonic_s=144480.532388] RT_CPUSTAT sample=353 cpu=cpu1 user=303 nice=0 system=1048 idle=123823 iowait=0 irq=40717 softirq=38 steal=0
[host_monotonic_s=144480.549854] RT_CPUSTAT sample=354 cpu=cpu0 user=162508 nice=0 system=6547 idle=2474 iowait=0 irq=9318 softirq=112 steal=0
[host_monotonic_s=144480.567305] RT_CPUSTAT sample=354 cpu=cpu1 user=304 nice=0 system=1052 idle=124167 iowait=0 irq=40832 softirq=39 steal=0
[host_monotonic_s=144480.584892] RT_CPUSTAT sample=355 cpu=cpu0 user=162983 nice=0 system=6550 idle=2474 iowait=0 irq=9344 softirq=112 steal=0
[host_monotonic_s=144480.602747] RT_CPUSTAT sample=355 cpu=cpu1 user=305 nice=0 system=1055 idle=124510 iowait=0 irq=40946 softirq=39 steal=0
[host_monotonic_s=144480.620407] RT_CPUSTAT sample=356 cpu=cpu0 user=163458 nice=0 system=6550 idle=2474 iowait=0 irq=9371 softirq=112 steal=0
[host_monotonic_s=144480.637538] RT_CPUSTAT sample=356 cpu=cpu1 user=306 nice=0 system=1057 idle=124850 iowait=0 irq=41061 softirq=39 steal=0
[host_monotonic_s=144480.655441] RT_CPUSTAT sample=357 cpu=cpu0 user=163913 nice=0 system=6575 idle=2474 iowait=0 irq=9397 softirq=112 steal=0
[host_monotonic_s=144480.958630] RT_CPUSTAT sample=357 cpu=cpu1 user=308 nice=0 system=1061 idle=125194 iowait=0 irq=41177 softirq=39 steal=0
[host_monotonic_s=144480.958644] RT_CPUSTAT sample=358 cpu=cpu0 user=164370 nice=0 system=6596 idle=2474 iowait=0 irq=9423 softirq=113 steal=0
[host_monotonic_s=144480.970546] RT_CPUSTAT sample=358 cpu=cpu1 user=309 nice=0 system=1065 idle=125536 iowait=0 irq=41293 softirq=39 steal=0
[host_monotonic_s=144480.988221] RT_CPUSTAT sample=359 cpu=cpu0 user=164807 nice=0 system=6636 idle=2474 iowait=0 irq=9449 softirq=113 steal=0
[host_monotonic_s=144481.005570] RT_CPUSTAT sample=359 cpu=cpu1 user=310 nice=0 system=1068 idle=125878 iowait=0 irq=41407 softirq=39 steal=0
[host_monotonic_s=144481.023059] RT_CPUSTAT sample=360 cpu=cpu0 user=165265 nice=0 system=6656 idle=2474 iowait=0 irq=9475 softirq=113 steal=0
[host_monotonic_s=144481.040472] RT_CPUSTAT sample=360 cpu=cpu1 user=310 nice=0 system=1072 idle=126220 iowait=0 irq=41523 softirq=39 steal=0
[host_monotonic_s=144481.057842] RT_CPUSTAT sample=361 cpu=cpu0 user=165727 nice=0 system=6671 idle=2474 iowait=0 irq=9501 softirq=114 steal=0
[host_monotonic_s=144481.074981] RT_CPUSTAT sample=361 cpu=cpu1 user=311 nice=0 system=1077 idle=126561 iowait=0 irq=41638 softirq=39 steal=0
[host_monotonic_s=144481.092240] RT_CPUSTAT sample=362 cpu=cpu0 user=166178 nice=0 system=6698 idle=2474 iowait=0 irq=9528 softirq=114 steal=0
[host_monotonic_s=144481.109293] RT_CPUSTAT sample=362 cpu=cpu1 user=312 nice=0 system=1080 idle=126901 iowait=0 irq=41755 softirq=39 steal=0
[host_monotonic_s=144481.126792] RT_CPUSTAT sample=363 cpu=cpu0 user=166617 nice=0 system=6738 idle=2474 iowait=0 irq=9554 softirq=114 steal=0
[host_monotonic_s=144481.144324] RT_CPUSTAT sample=363 cpu=cpu1 user=313 nice=0 system=1082 idle=127241 iowait=0 irq=41873 softirq=40 steal=0
[host_monotonic_s=144481.162928] RT_CPUSTAT sample=364 cpu=cpu0 user=167087 nice=0 system=6746 idle=2474 iowait=0 irq=9580 softirq=115 steal=0
[host_monotonic_s=144481.180101] RT_CPUSTAT sample=364 cpu=cpu1 user=313 nice=0 system=1085 idle=127581 iowait=0 irq=41990 softirq=40 steal=0
[host_monotonic_s=144481.197365] RT_CPUSTAT sample=365 cpu=cpu0 user=167539 nice=0 system=6771 idle=2474 iowait=0 irq=9607 softirq=115 steal=0
[host_monotonic_s=144481.508976] RT_CPUSTAT sample=365 cpu=cpu1 user=314 nice=0 system=1089 idle=127919 iowait=0 irq=42109 softirq=40 steal=0
[host_monotonic_s=144481.508988] RT_CPUSTAT sample=366 cpu=cpu0 user=167998 nice=0 system=6789 idle=2474 iowait=0 irq=9634 softirq=115 steal=0
[host_monotonic_s=144481.508991] RT_CPUSTAT sample=366 cpu=cpu1 user=315 nice=0 system=1091 idle=128258 iowait=0 irq=42225 softirq=40 steal=0
[host_monotonic_s=144481.530004] RT_CPUSTAT sample=367 cpu=cpu0 user=168470 nice=0 system=6795 idle=2474 iowait=0 irq=9660 softirq=116 steal=0
[host_monotonic_s=144482.345119] RT_CPUSTAT sample=367 cpu=cpu1 user=316 nice=0 system=1093 idle=128598 iowait=0 irq=42343 softirq=40 steal=0
[host_monotonic_s=144482.345137] RT_CPUSTAT sample=368 cpu=cpu0 user=168948 nice=0 system=6796 idle=2474 iowait=0 irq=9687 softirq=116 steal=0
[host_monotonic_s=144482.345141] RT_CPUSTAT sample=368 cpu=cpu1 user=317 nice=0 system=1096 idle=128939 iowait=0 irq=42461 softirq=40 steal=0
[host_monotonic_s=144482.360613] RT_CPUSTAT sample=369 cpu=cpu0 user=169416 nice=0 system=6804 idle=2474 iowait=0 irq=9712 softirq=116 steal=0
[host_monotonic_s=144482.377747] RT_CPUSTAT sample=369 cpu=cpu1 user=319 nice=0 system=1098 idle=129281 iowait=0 irq=42575 softirq=40 steal=0
[host_monotonic_s=144482.395378] RT_CPUSTAT sample=370 cpu=cpu0 user=169890 nice=0 system=6810 idle=2474 iowait=0 irq=9739 softirq=116 steal=0
[host_monotonic_s=144482.413391] RT_CPUSTAT sample=370 cpu=cpu1 user=320 nice=0 system=1102 idle=129627 iowait=0 irq=42688 softirq=40 steal=0
[host_monotonic_s=144482.430539] RT_CPUSTAT sample=371 cpu=cpu0 user=170365 nice=0 system=6812 idle=2474 iowait=0 irq=9765 softirq=117 steal=0
[host_monotonic_s=144482.448686] RT_CPUSTAT sample=371 cpu=cpu1 user=320 nice=0 system=1105 idle=129974 iowait=0 irq=42799 softirq=40 steal=0
[host_monotonic_s=144482.467131] RT_CPUSTAT sample=372 cpu=cpu0 user=170842 nice=0 system=6813 idle=2474 iowait=0 irq=9790 softirq=117 steal=0
[host_monotonic_s=144482.485679] RT_CPUSTAT sample=372 cpu=cpu1 user=321 nice=0 system=1108 idle=130318 iowait=0 irq=42912 softirq=40 steal=0
[host_monotonic_s=144482.508809] RT_CPUSTAT sample=373 cpu=cpu0 user=171281 nice=0 system=6851 idle=2474 iowait=0 irq=9817 softirq=117 steal=0
[host_monotonic_s=144482.529635] RT_CPUSTAT sample=373 cpu=cpu1 user=322 nice=0 system=1110 idle=130658 iowait=0 irq=43030 softirq=41 steal=0
[host_monotonic_s=144482.548196] RT_CPUSTAT sample=374 cpu=cpu0 user=171750 nice=0 system=6860 idle=2474 iowait=0 irq=9843 softirq=118 steal=0
[host_monotonic_s=144482.567583] RT_CPUSTAT sample=374 cpu=cpu1 user=323 nice=0 system=1112 idle=131002 iowait=0 irq=43144 softirq=41 steal=0
[host_monotonic_s=144482.589172] RT_CPUSTAT sample=375 cpu=cpu0 user=172207 nice=0 system=6882 idle=2474 iowait=0 irq=9869 softirq=118 steal=0
[host_monotonic_s=144482.895556] RT_CPUSTAT sample=375 cpu=cpu1 user=324 nice=0 system=1116 idle=131344 iowait=0 irq=43261 softirq=41 steal=0
[host_monotonic_s=144482.895575] RT_CPUSTAT sample=376 cpu=cpu0 user=172676 nice=0 system=6890 idle=2474 iowait=0 irq=9895 softirq=118 steal=0
[host_monotonic_s=144482.904021] RT_CPUSTAT sample=376 cpu=cpu1 user=324 nice=0 system=1118 idle=131688 iowait=0 irq=43375 softirq=41 steal=0
[host_monotonic_s=144482.922708] RT_CPUSTAT sample=377 cpu=cpu0 user=173140 nice=0 system=6903 idle=2474 iowait=0 irq=9920 softirq=119 steal=0
[host_monotonic_s=144482.942449] RT_CPUSTAT sample=377 cpu=cpu1 user=326 nice=0 system=1120 idle=132029 iowait=0 irq=43491 softirq=41 steal=0
[host_monotonic_s=144482.961760] RT_CPUSTAT sample=378 cpu=cpu0 user=173575 nice=0 system=6946 idle=2474 iowait=0 irq=9946 softirq=119 steal=0
[host_monotonic_s=144482.980581] RT_CPUSTAT sample=378 cpu=cpu1 user=327 nice=0 system=1122 idle=132373 iowait=0 irq=43605 softirq=41 steal=0
[host_monotonic_s=144482.998788] RT_CPUSTAT sample=379 cpu=cpu0 user=174037 nice=0 system=6962 idle=2474 iowait=0 irq=9973 softirq=119 steal=0
[host_monotonic_s=144483.016481] RT_CPUSTAT sample=379 cpu=cpu1 user=328 nice=0 system=1125 idle=132716 iowait=0 irq=43720 softirq=41 steal=0
[host_monotonic_s=144483.033964] RT_CPUSTAT sample=380 cpu=cpu0 user=174491 nice=0 system=6985 idle=2474 iowait=0 irq=9999 softirq=120 steal=0
[host_monotonic_s=144483.051207] RT_CPUSTAT sample=380 cpu=cpu1 user=330 nice=0 system=1129 idle=133058 iowait=0 irq=43834 softirq=41 steal=0
[host_monotonic_s=144483.068527] RT_CPUSTAT sample=381 cpu=cpu0 user=174948 nice=0 system=7007 idle=2474 iowait=0 irq=10025 softirq=120 steal=0
[host_monotonic_s=144483.085462] RT_CPUSTAT sample=381 cpu=cpu1 user=332 nice=0 system=1132 idle=133402 iowait=0 irq=43950 softirq=41 steal=0
[host_monotonic_s=144483.103217] RT_CPUSTAT sample=382 cpu=cpu0 user=175406 nice=0 system=7026 idle=2474 iowait=0 irq=10051 softirq=120 steal=0
[host_monotonic_s=144483.120288] RT_CPUSTAT sample=382 cpu=cpu1 user=333 nice=0 system=1134 idle=133741 iowait=0 irq=44066 softirq=41 steal=0
[host_monotonic_s=144483.137432] RT_CPUSTAT sample=383 cpu=cpu0 user=175884 nice=0 system=7027 idle=2474 iowait=0 irq=10078 softirq=120 steal=0
[host_monotonic_s=144483.445876] RT_CPUSTAT sample=383 cpu=cpu1 user=333 nice=0 system=1136 idle=134083 iowait=0 irq=44183 softirq=42 steal=0
[host_monotonic_s=144483.445890] RT_CPUSTAT sample=384 cpu=cpu0 user=176360 nice=0 system=7027 idle=2474 iowait=0 irq=10104 softirq=121 steal=0
[host_monotonic_s=144483.450681] RT_CPUSTAT sample=384 cpu=cpu1 user=334 nice=0 system=1139 idle=134424 iowait=0 irq=44298 softirq=42 steal=0
[host_monotonic_s=144483.469891] RT_CPUSTAT sample=385 cpu=cpu0 user=176837 nice=0 system=7030 idle=2474 iowait=0 irq=10131 softirq=121 steal=0
[host_monotonic_s=144483.487011] RT_CPUSTAT sample=385 cpu=cpu1 user=334 nice=0 system=1141 idle=134768 iowait=0 irq=44415 softirq=42 steal=0
[host_monotonic_s=144484.303690] RT_CPUSTAT sample=386 cpu=cpu0 user=177308 nice=0 system=7037 idle=2474 iowait=0 irq=10157 softirq=121 steal=0
[host_monotonic_s=144484.303704] RT_CPUSTAT sample=386 cpu=cpu1 user=335 nice=0 system=1148 idle=135112 iowait=0 irq=44529 softirq=42 steal=0
[host_monotonic_s=144484.303706] RT_CPUSTAT sample=387 cpu=cpu0 user=177785 nice=0 system=7037 idle=2474 iowait=0 irq=10182 softirq=122 steal=0
[host_monotonic_s=144484.320168] RT_CPUSTAT sample=387 cpu=cpu1 user=336 nice=0 system=1150 idle=135454 iowait=0 irq=44644 softirq=42 steal=0
[host_monotonic_s=144484.337413] RT_CPUSTAT sample=388 cpu=cpu0 user=178250 nice=0 system=7051 idle=2474 iowait=0 irq=10209 softirq=122 steal=0
[host_monotonic_s=144484.354636] RT_CPUSTAT sample=388 cpu=cpu1 user=336 nice=0 system=1151 idle=135798 iowait=0 irq=44759 softirq=42 steal=0
[host_monotonic_s=144484.372882] RT_CPUSTAT sample=389 cpu=cpu0 user=178705 nice=0 system=7074 idle=2474 iowait=0 irq=10236 softirq=122 steal=0
[host_monotonic_s=144484.390247] RT_CPUSTAT sample=389 cpu=cpu1 user=337 nice=0 system=1154 idle=136143 iowait=0 irq=44872 softirq=42 steal=0
[host_monotonic_s=144484.408082] RT_CPUSTAT sample=390 cpu=cpu0 user=179156 nice=0 system=7101 idle=2474 iowait=0 irq=10262 softirq=123 steal=0
[host_monotonic_s=144484.425317] RT_CPUSTAT sample=390 cpu=cpu1 user=338 nice=0 system=1156 idle=136485 iowait=0 irq=44988 softirq=42 steal=0
[host_monotonic_s=144484.442834] RT_CPUSTAT sample=391 cpu=cpu0 user=179625 nice=0 system=7111 idle=2474 iowait=0 irq=10288 softirq=123 steal=0
[host_monotonic_s=144484.460508] RT_CPUSTAT sample=391 cpu=cpu1 user=338 nice=0 system=1160 idle=136829 iowait=0 irq=45101 softirq=42 steal=0
[host_monotonic_s=144484.478051] RT_CPUSTAT sample=392 cpu=cpu0 user=180075 nice=0 system=7136 idle=2474 iowait=0 irq=10315 softirq=123 steal=0
[host_monotonic_s=144484.495307] RT_CPUSTAT sample=392 cpu=cpu1 user=339 nice=0 system=1162 idle=137171 iowait=0 irq=45217 softirq=42 steal=0
[host_monotonic_s=144484.513040] RT_CPUSTAT sample=393 cpu=cpu0 user=180524 nice=0 system=7164 idle=2474 iowait=0 irq=10341 softirq=123 steal=0
[host_monotonic_s=144484.530554] RT_CPUSTAT sample=393 cpu=cpu1 user=340 nice=0 system=1164 idle=137513 iowait=0 irq=45331 softirq=42 steal=0
[host_monotonic_s=144484.547892] RT_CPUSTAT sample=394 cpu=cpu0 user=180953 nice=0 system=7210 idle=2474 iowait=0 irq=10368 softirq=124 steal=0
[host_monotonic_s=144484.854366] RT_CPUSTAT sample=394 cpu=cpu1 user=340 nice=0 system=1167 idle=137854 iowait=0 irq=45446 softirq=43 steal=0
[host_monotonic_s=144484.854380] RT_CPUSTAT sample=395 cpu=cpu0 user=181418 nice=0 system=7224 idle=2474 iowait=0 irq=10394 softirq=124 steal=0
[host_monotonic_s=144484.863886] RT_CPUSTAT sample=395 cpu=cpu1 user=340 nice=0 system=1169 idle=138197 iowait=0 irq=45563 softirq=43 steal=0
[host_monotonic_s=144484.881926] RT_CPUSTAT sample=396 cpu=cpu0 user=181872 nice=0 system=7247 idle=2474 iowait=0 irq=10421 softirq=124 steal=0
[host_monotonic_s=144484.899141] RT_CPUSTAT sample=396 cpu=cpu1 user=341 nice=0 system=1171 idle=138538 iowait=0 irq=45678 softirq=43 steal=0
[host_monotonic_s=144484.916677] RT_CPUSTAT sample=397 cpu=cpu0 user=182327 nice=0 system=7270 idle=2474 iowait=0 irq=10448 softirq=125 steal=0
[host_monotonic_s=144484.933731] RT_CPUSTAT sample=397 cpu=cpu1 user=342 nice=0 system=1175 idle=138876 iowait=0 irq=45796 softirq=43 steal=0
[host_monotonic_s=144484.951411] RT_CPUSTAT sample=398 cpu=cpu0 user=182791 nice=0 system=7283 idle=2474 iowait=0 irq=10474 softirq=125 steal=0
[host_monotonic_s=144484.968839] RT_CPUSTAT sample=398 cpu=cpu1 user=343 nice=0 system=1178 idle=139218 iowait=0 irq=45910 softirq=43 steal=0
[host_monotonic_s=144484.986341] RT_CPUSTAT sample=399 cpu=cpu0 user=183269 nice=0 system=7283 idle=2474 iowait=0 irq=10500 softirq=125 steal=0
[host_monotonic_s=144485.003245] RT_CPUSTAT sample=399 cpu=cpu1 user=344 nice=0 system=1181 idle=139561 iowait=0 irq=46025 softirq=43 steal=0
[host_monotonic_s=144485.020565] RT_CPUSTAT sample=400 cpu=cpu0 user=183730 nice=0 system=7300 idle=2474 iowait=0 irq=10526 softirq=126 steal=0
[host_monotonic_s=144485.037421] RT_CPUSTAT sample=400 cpu=cpu1 user=345 nice=0 system=1186 idle=139905 iowait=0 irq=46139 softirq=43 steal=0
[host_monotonic_s=144485.054954] RT_CPUSTAT sample=401 cpu=cpu0 user=184192 nice=0 system=7318 idle=2474 iowait=0 irq=10552 softirq=126 steal=0
[host_monotonic_s=144485.072120] RT_CPUSTAT sample=401 cpu=cpu1 user=347 nice=0 system=1189 idle=140248 iowait=0 irq=46254 softirq=43 steal=0
[host_monotonic_s=144485.089531] RT_CPUSTAT sample=402 cpu=cpu0 user=184665 nice=0 system=7321 idle=2474 iowait=0 irq=10578 softirq=126 steal=0
[host_monotonic_s=144485.404818] RT_CPUSTAT sample=402 cpu=cpu1 user=347 nice=0 system=1191 idle=140590 iowait=0 irq=46369 softirq=43 steal=0
[host_monotonic_s=144485.404833] RT_CPUSTAT sample=403 cpu=cpu0 user=185143 nice=0 system=7321 idle=2474 iowait=0 irq=10605 softirq=127 steal=0
[host_monotonic_s=144485.404837] RT_CPUSTAT sample=403 cpu=cpu1 user=348 nice=0 system=1195 idle=140933 iowait=0 irq=46486 softirq=44 steal=0
[host_monotonic_s=144485.425145] RT_CPUSTAT sample=404 cpu=cpu0 user=185593 nice=0 system=7349 idle=2474 iowait=0 irq=10631 softirq=127 steal=0
[host_monotonic_s=144486.239147] RT_CPUSTAT sample=404 cpu=cpu1 user=350 nice=0 system=1198 idle=141274 iowait=0 irq=46602 softirq=44 steal=0
[host_monotonic_s=144486.239161] RT_CPUSTAT sample=405 cpu=cpu0 user=186043 nice=0 system=7375 idle=2474 iowait=0 irq=10658 softirq=127 steal=0
[host_monotonic_s=144486.239165] RT_CPUSTAT sample=405 cpu=cpu1 user=351 nice=0 system=1201 idle=141614 iowait=0 irq=46720 softirq=44 steal=0
[host_monotonic_s=144486.256866] RT_CPUSTAT sample=406 cpu=cpu0 user=186490 nice=0 system=7404 idle=2474 iowait=0 irq=10684 softirq=128 steal=0
[host_monotonic_s=144486.274157] RT_CPUSTAT sample=406 cpu=cpu1 user=352 nice=0 system=1204 idle=141954 iowait=0 irq=46836 softirq=44 steal=0
[host_monotonic_s=144486.291734] RT_CPUSTAT sample=407 cpu=cpu0 user=186957 nice=0 system=7416 idle=2474 iowait=0 irq=10711 softirq=128 steal=0
[host_monotonic_s=144486.309028] RT_CPUSTAT sample=407 cpu=cpu1 user=353 nice=0 system=1207 idle=142299 iowait=0 irq=46949 softirq=44 steal=0
[host_monotonic_s=144486.326893] RT_CPUSTAT sample=408 cpu=cpu0 user=187420 nice=0 system=7428 idle=2474 iowait=0 irq=10737 softirq=128 steal=0
[host_monotonic_s=144486.344362] RT_CPUSTAT sample=408 cpu=cpu1 user=353 nice=0 system=1209 idle=142642 iowait=0 irq=47063 softirq=44 steal=0
[host_monotonic_s=144486.362240] RT_CPUSTAT sample=409 cpu=cpu0 user=187882 nice=0 system=7445 idle=2474 iowait=0 irq=10764 softirq=128 steal=0
[host_monotonic_s=144486.379765] RT_CPUSTAT sample=409 cpu=cpu1 user=354 nice=0 system=1211 idle=142986 iowait=0 irq=47179 softirq=44 steal=0
[host_monotonic_s=144486.397338] RT_CPUSTAT sample=410 cpu=cpu0 user=188312 nice=0 system=7491 idle=2474 iowait=0 irq=10791 softirq=129 steal=0
[host_monotonic_s=144486.414554] RT_CPUSTAT sample=410 cpu=cpu1 user=355 nice=0 system=1215 idle=143328 iowait=0 irq=47293 softirq=44 steal=0
[host_monotonic_s=144486.432191] RT_CPUSTAT sample=411 cpu=cpu0 user=188787 nice=0 system=7494 idle=2474 iowait=0 irq=10818 softirq=129 steal=0
[host_monotonic_s=144486.449520] RT_CPUSTAT sample=411 cpu=cpu1 user=356 nice=0 system=1218 idle=143672 iowait=0 irq=47407 softirq=45 steal=0
[host_monotonic_s=144486.467024] RT_CPUSTAT sample=412 cpu=cpu0 user=189220 nice=0 system=7539 idle=2474 iowait=0 irq=10844 softirq=129 steal=0
[host_monotonic_s=144486.484411] RT_CPUSTAT sample=412 cpu=cpu1 user=357 nice=0 system=1222 idle=144014 iowait=0 irq=47521 softirq=45 steal=0
[host_monotonic_s=144486.789554] RT_CPUSTAT sample=413 cpu=cpu0 user=189675 nice=0 system=7561 idle=2474 iowait=0 irq=10870 softirq=130 steal=0
[host_monotonic_s=144486.789568] RT_CPUSTAT sample=413 cpu=cpu1 user=357 nice=0 system=1226 idle=144357 iowait=0 irq=47636 softirq=45 steal=0
[host_monotonic_s=144486.799025] RT_CPUSTAT sample=414 cpu=cpu0 user=190137 nice=0 system=7578 idle=2474 iowait=0 irq=10897 softirq=130 steal=0
[host_monotonic_s=144486.816500] RT_CPUSTAT sample=414 cpu=cpu1 user=358 nice=0 system=1228 idle=144699 iowait=0 irq=47751 softirq=45 steal=0
[host_monotonic_s=144486.833959] RT_CPUSTAT sample=415 cpu=cpu0 user=190614 nice=0 system=7578 idle=2474 iowait=0 irq=10923 softirq=130 steal=0
[host_monotonic_s=144486.851164] RT_CPUSTAT sample=415 cpu=cpu1 user=359 nice=0 system=1228 idle=145044 iowait=0 irq=47865 softirq=45 steal=0
[host_monotonic_s=144486.868392] RT_CPUSTAT sample=416 cpu=cpu0 user=191089 nice=0 system=7581 idle=2474 iowait=0 irq=10949 softirq=131 steal=0
[host_monotonic_s=144486.885350] RT_CPUSTAT sample=416 cpu=cpu1 user=360 nice=0 system=1230 idle=145388 iowait=0 irq=47979 softirq=45 steal=0
[host_monotonic_s=144486.902872] RT_CPUSTAT sample=417 cpu=cpu0 user=191555 nice=0 system=7593 idle=2474 iowait=0 irq=10975 softirq=131 steal=0
[host_monotonic_s=144486.920526] RT_CPUSTAT sample=417 cpu=cpu1 user=361 nice=0 system=1231 idle=145729 iowait=0 irq=48097 softirq=45 steal=0
[host_monotonic_s=144486.938081] RT_CPUSTAT sample=418 cpu=cpu0 user=192031 nice=0 system=7596 idle=2474 iowait=0 irq=11002 softirq=131 steal=0
[host_monotonic_s=144486.955491] RT_CPUSTAT sample=418 cpu=cpu1 user=362 nice=0 system=1234 idle=146071 iowait=0 irq=48214 softirq=45 steal=0
[host_monotonic_s=144486.973165] RT_CPUSTAT sample=419 cpu=cpu0 user=192506 nice=0 system=7596 idle=2474 iowait=0 irq=11028 softirq=132 steal=0
[host_monotonic_s=144486.990363] RT_CPUSTAT sample=419 cpu=cpu1 user=363 nice=0 system=1236 idle=146412 iowait=0 irq=48330 softirq=45 steal=0
[host_monotonic_s=144487.008149] RT_CPUSTAT sample=420 cpu=cpu0 user=192955 nice=0 system=7627 idle=2474 iowait=0 irq=11054 softirq=132 steal=0
[host_monotonic_s=144487.025748] RT_CPUSTAT sample=420 cpu=cpu1 user=364 nice=0 system=1239 idle=146753 iowait=0 irq=48447 softirq=45 steal=0
[host_monotonic_s=144487.340423] RT_CPUSTAT sample=421 cpu=cpu0 user=193398 nice=0 system=7660 idle=2474 iowait=0 irq=11080 softirq=132 steal=0
[host_monotonic_s=144487.340438] RT_CPUSTAT sample=421 cpu=cpu1 user=365 nice=0 system=1244 idle=147100 iowait=0 irq=48557 softirq=45 steal=0
[host_monotonic_s=144487.340442] RT_CPUSTAT sample=422 cpu=cpu0 user=193833 nice=0 system=7701 idle=2474 iowait=0 irq=11106 softirq=132 steal=0
[host_monotonic_s=144487.357501] RT_CPUSTAT sample=422 cpu=cpu1 user=365 nice=0 system=1247 idle=147442 iowait=0 irq=48673 softirq=46 steal=0
[host_monotonic_s=144488.170995] RT_CPUSTAT sample=423 cpu=cpu0 user=194300 nice=0 system=7713 idle=2474 iowait=0 irq=11133 softirq=133 steal=0
[host_monotonic_s=144488.171029] RT_CPUSTAT sample=423 cpu=cpu1 user=365 nice=0 system=1250 idle=147783 iowait=0 irq=48790 softirq=46 steal=0
[host_monotonic_s=144488.171032] RT_CPUSTAT sample=424 cpu=cpu0 user=194763 nice=0 system=7726 idle=2474 iowait=0 irq=11159 softirq=133 steal=0
[host_monotonic_s=144488.196364] RT_CPUSTAT sample=424 cpu=cpu1 user=366 nice=0 system=1254 idle=148123 iowait=0 irq=48908 softirq=46 steal=0
[host_monotonic_s=144488.214597] RT_CPUSTAT sample=425 cpu=cpu0 user=195215 nice=0 system=7751 idle=2474 iowait=0 irq=11186 softirq=133 steal=0
[host_monotonic_s=144488.231950] RT_CPUSTAT sample=425 cpu=cpu1 user=367 nice=0 system=1256 idle=148465 iowait=0 irq=49022 softirq=46 steal=0
[host_monotonic_s=144488.249830] RT_CPUSTAT sample=426 cpu=cpu0 user=195638 nice=0 system=7805 idle=2474 iowait=0 irq=11213 softirq=134 steal=0
[host_monotonic_s=144488.267221] RT_CPUSTAT sample=426 cpu=cpu1 user=368 nice=0 system=1260 idle=148807 iowait=0 irq=49138 softirq=46 steal=0
[host_monotonic_s=144488.287484] RT_CPUSTAT sample=427 cpu=cpu0 user=196113 nice=0 system=7806 idle=2474 iowait=0 irq=11239 softirq=134 steal=0
[host_monotonic_s=144488.305138] RT_CPUSTAT sample=427 cpu=cpu1 user=369 nice=0 system=1263 idle=149148 iowait=0 irq=49253 softirq=46 steal=0
[host_monotonic_s=144488.322797] RT_CPUSTAT sample=428 cpu=cpu0 user=196559 nice=0 system=7836 idle=2474 iowait=0 irq=11266 softirq=134 steal=0
[host_monotonic_s=144488.340218] RT_CPUSTAT sample=428 cpu=cpu1 user=371 nice=0 system=1267 idle=149486 iowait=0 irq=49370 softirq=46 steal=0
[host_monotonic_s=144488.358680] RT_CPUSTAT sample=429 cpu=cpu0 user=197025 nice=0 system=7848 idle=2474 iowait=0 irq=11292 softirq=135 steal=0
[host_monotonic_s=144488.377216] RT_CPUSTAT sample=429 cpu=cpu1 user=373 nice=0 system=1271 idle=149830 iowait=0 irq=49484 softirq=46 steal=0
[host_monotonic_s=144488.394989] RT_CPUSTAT sample=430 cpu=cpu0 user=197492 nice=0 system=7859 idle=2474 iowait=0 irq=11318 softirq=135 steal=0
[host_monotonic_s=144488.412702] RT_CPUSTAT sample=430 cpu=cpu1 user=374 nice=0 system=1276 idle=150171 iowait=0 irq=49600 softirq=46 steal=0
[host_monotonic_s=144488.721247] RT_CPUSTAT sample=431 cpu=cpu0 user=197970 nice=0 system=7859 idle=2474 iowait=0 irq=11345 softirq=135 steal=0
[host_monotonic_s=144488.721258] RT_CPUSTAT sample=431 cpu=cpu1 user=376 nice=0 system=1277 idle=150509 iowait=0 irq=49720 softirq=47 steal=0
[host_monotonic_s=144488.724926] RT_CPUSTAT sample=432 cpu=cpu0 user=198437 nice=0 system=7869 idle=2474 iowait=0 irq=11371 softirq=136 steal=0
[host_monotonic_s=144488.743164] RT_CPUSTAT sample=432 cpu=cpu1 user=376 nice=0 system=1278 idle=150851 iowait=0 irq=49834 softirq=47 steal=0
[host_monotonic_s=144488.760443] RT_CPUSTAT sample=433 cpu=cpu0 user=198909 nice=0 system=7874 idle=2474 iowait=0 irq=11397 softirq=136 steal=0
[host_monotonic_s=144488.778471] RT_CPUSTAT sample=433 cpu=cpu1 user=377 nice=0 system=1281 idle=151195 iowait=0 irq=49949 softirq=47 steal=0
[host_monotonic_s=144488.796337] RT_CPUSTAT sample=434 cpu=cpu0 user=199385 nice=0 system=7877 idle=2474 iowait=0 irq=11423 softirq=136 steal=0
[host_monotonic_s=144488.814580] RT_CPUSTAT sample=434 cpu=cpu1 user=379 nice=0 system=1283 idle=151539 iowait=0 irq=50063 softirq=47 steal=0
[host_monotonic_s=144488.832488] RT_CPUSTAT sample=435 cpu=cpu0 user=199863 nice=0 system=7877 idle=2474 iowait=0 irq=11449 softirq=136 steal=0
[host_monotonic_s=144488.850444] RT_CPUSTAT sample=435 cpu=cpu1 user=379 nice=0 system=1285 idle=151884 iowait=0 irq=50178 softirq=47 steal=0
[host_monotonic_s=144488.868270] RT_CPUSTAT sample=436 cpu=cpu0 user=200307 nice=0 system=7910 idle=2474 iowait=0 irq=11475 softirq=137 steal=0
[host_monotonic_s=144488.886067] RT_CPUSTAT sample=436 cpu=cpu1 user=380 nice=0 system=1289 idle=152223 iowait=0 irq=50295 softirq=47 steal=0
[host_monotonic_s=144488.903823] RT_CPUSTAT sample=437 cpu=cpu0 user=200768 nice=0 system=7928 idle=2474 iowait=0 irq=11502 softirq=137 steal=0
[host_monotonic_s=144488.921174] RT_CPUSTAT sample=437 cpu=cpu1 user=381 nice=0 system=1291 idle=152567 iowait=0 irq=50410 softirq=47 steal=0
[host_monotonic_s=144488.938786] RT_CPUSTAT sample=438 cpu=cpu0 user=201221 nice=0 system=7951 idle=2474 iowait=0 irq=11528 softirq=137 steal=0
[host_monotonic_s=144488.956436] RT_CPUSTAT sample=438 cpu=cpu1 user=382 nice=0 system=1296 idle=152911 iowait=0 irq=50523 softirq=47 steal=0
[host_monotonic_s=144489.271736] RT_CPUSTAT sample=439 cpu=cpu0 user=201690 nice=0 system=7960 idle=2474 iowait=0 irq=11554 softirq=138 steal=0
[host_monotonic_s=144489.271750] RT_CPUSTAT sample=439 cpu=cpu1 user=382 nice=0 system=1299 idle=153250 iowait=0 irq=50641 softirq=47 steal=0
[host_monotonic_s=144489.271752] RT_CPUSTAT sample=440 cpu=cpu0 user=202147 nice=0 system=7980 idle=2474 iowait=0 irq=11580 softirq=138 steal=0
[host_monotonic_s=144489.293167] RT_CPUSTAT sample=440 cpu=cpu1 user=383 nice=0 system=1302 idle=153595 iowait=0 irq=50755 softirq=48 steal=0
[host_monotonic_s=144489.311131] RT_CPUSTAT sample=441 cpu=cpu0 user=202594 nice=0 system=8011 idle=2474 iowait=0 irq=11607 softirq=138 steal=0
[host_monotonic_s=144490.121849] RT_CPUSTAT sample=441 cpu=cpu1 user=384 nice=0 system=1303 idle=153937 iowait=0 irq=50871 softirq=48 steal=0
[host_monotonic_s=144490.121860] RT_CPUSTAT sample=442 cpu=cpu0 user=203035 nice=0 system=8047 idle=2474 iowait=0 irq=11633 softirq=139 steal=0
[host_monotonic_s=144490.121863] RT_CPUSTAT sample=442 cpu=cpu1 user=385 nice=0 system=1304 idle=154275 iowait=0 irq=50989 softirq=48 steal=0
[host_monotonic_s=144490.144921] RT_CPUSTAT sample=443 cpu=cpu0 user=203493 nice=0 system=8065 idle=2474 iowait=0 irq=11660 softirq=139 steal=0
[host_monotonic_s=144490.164737] RT_CPUSTAT sample=443 cpu=cpu1 user=385 nice=0 system=1308 idle=154612 iowait=0 irq=51107 softirq=48 steal=0
[host_monotonic_s=144490.182240] RT_CPUSTAT sample=444 cpu=cpu0 user=203933 nice=0 system=8105 idle=2474 iowait=0 irq=11686 softirq=139 steal=0
[host_monotonic_s=144490.199970] RT_CPUSTAT sample=444 cpu=cpu1 user=386 nice=0 system=1311 idle=154957 iowait=0 irq=51221 softirq=48 steal=0
[host_monotonic_s=144490.217609] RT_CPUSTAT sample=445 cpu=cpu0 user=204389 nice=0 system=8125 idle=2474 iowait=0 irq=11712 softirq=140 steal=0
[host_monotonic_s=144490.236072] RT_CPUSTAT sample=445 cpu=cpu1 user=386 nice=0 system=1313 idle=155301 iowait=0 irq=51334 softirq=48 steal=0
[host_monotonic_s=144490.253805] RT_CPUSTAT sample=446 cpu=cpu0 user=204866 nice=0 system=8126 idle=2474 iowait=0 irq=11739 softirq=140 steal=0
[host_monotonic_s=144490.271355] RT_CPUSTAT sample=446 cpu=cpu1 user=388 nice=0 system=1318 idle=155643 iowait=0 irq=51451 softirq=48 steal=0
[host_monotonic_s=144490.289143] RT_CPUSTAT sample=447 cpu=cpu0 user=205343 nice=0 system=8126 idle=2474 iowait=0 irq=11765 softirq=140 steal=0
[host_monotonic_s=144490.307144] RT_CPUSTAT sample=447 cpu=cpu1 user=389 nice=0 system=1319 idle=155982 iowait=0 irq=51567 softirq=48 steal=0
[host_monotonic_s=144490.324912] RT_CPUSTAT sample=448 cpu=cpu0 user=205805 nice=0 system=8141 idle=2474 iowait=0 irq=11791 softirq=140 steal=0
[host_monotonic_s=144490.342129] RT_CPUSTAT sample=448 cpu=cpu1 user=390 nice=0 system=1322 idle=156327 iowait=0 irq=51680 softirq=48 steal=0
[host_monotonic_s=144490.360691] RT_CPUSTAT sample=449 cpu=cpu0 user=206274 nice=0 system=8150 idle=2474 iowait=0 irq=11816 softirq=141 steal=0
[host_monotonic_s=144490.672214] RT_CPUSTAT sample=449 cpu=cpu1 user=392 nice=0 system=1325 idle=156667 iowait=0 irq=51797 softirq=48 steal=0
[host_monotonic_s=144490.672220] RT_CPUSTAT sample=450 cpu=cpu0 user=206751 nice=0 system=8151 idle=2474 iowait=0 irq=11843 softirq=141 steal=0
[host_monotonic_s=144490.672221] RT_CPUSTAT sample=450 cpu=cpu1 user=392 nice=0 system=1329 idle=157007 iowait=0 irq=51914 softirq=49 steal=0
[host_monotonic_s=144490.689138] RT_CPUSTAT sample=451 cpu=cpu0 user=207224 nice=0 system=8157 idle=2474 iowait=0 irq=11870 softirq=141 steal=0
[host_monotonic_s=144490.708577] RT_CPUSTAT sample=451 cpu=cpu1 user=393 nice=0 system=1331 idle=157348 iowait=0 irq=52030 softirq=49 steal=0
[host_monotonic_s=144490.726980] RT_CPUSTAT sample=452 cpu=cpu0 user=207653 nice=0 system=8203 idle=2474 iowait=0 irq=11896 softirq=142 steal=0
[host_monotonic_s=144490.745169] RT_CPUSTAT sample=452 cpu=cpu1 user=394 nice=0 system=1335 idle=157690 iowait=0 irq=52145 softirq=49 steal=0
[host_monotonic_s=144490.763955] RT_CPUSTAT sample=453 cpu=cpu0 user=208108 nice=0 system=8228 idle=2474 iowait=0 irq=11922 softirq=142 steal=0
[host_monotonic_s=144490.783035] RT_CPUSTAT sample=453 cpu=cpu1 user=396 nice=0 system=1343 idle=158032 iowait=0 irq=52260 softirq=49 steal=0
[host_monotonic_s=144490.801094] RT_CPUSTAT sample=454 cpu=cpu0 user=208556 nice=0 system=8257 idle=2474 iowait=0 irq=11948 softirq=142 steal=0
[host_monotonic_s=144490.818614] RT_CPUSTAT sample=454 cpu=cpu1 user=397 nice=0 system=1345 idle=158372 iowait=0 irq=52378 softirq=49 steal=0
[host_monotonic_s=144490.836698] RT_CPUSTAT sample=455 cpu=cpu0 user=209025 nice=0 system=8265 idle=2474 iowait=0 irq=11975 softirq=143 steal=0
[host_monotonic_s=144490.854538] RT_CPUSTAT sample=455 cpu=cpu1 user=398 nice=0 system=1347 idle=158715 iowait=0 irq=52492 softirq=49 steal=0
[host_monotonic_s=144490.873366] RT_CPUSTAT sample=456 cpu=cpu0 user=209481 nice=0 system=8286 idle=2474 iowait=0 irq=12001 softirq=143 steal=0
[host_monotonic_s=144490.891117] RT_CPUSTAT sample=456 cpu=cpu1 user=398 nice=0 system=1352 idle=159057 iowait=0 irq=52607 softirq=49 steal=0
[host_monotonic_s=144490.911103] RT_CPUSTAT sample=457 cpu=cpu0 user=209905 nice=0 system=8339 idle=2474 iowait=0 irq=12027 softirq=143 steal=0
[host_monotonic_s=144491.222669] RT_CPUSTAT sample=457 cpu=cpu1 user=398 nice=0 system=1354 idle=159400 iowait=0 irq=52720 softirq=49 steal=0
[host_monotonic_s=144491.222678] RT_CPUSTAT sample=458 cpu=cpu0 user=210362 nice=0 system=8361 idle=2474 iowait=0 irq=12052 softirq=144 steal=0
[host_monotonic_s=144491.222680] RT_CPUSTAT sample=458 cpu=cpu1 user=399 nice=0 system=1357 idle=159747 iowait=0 irq=52832 softirq=49 steal=0
[host_monotonic_s=144491.242771] RT_CPUSTAT sample=459 cpu=cpu0 user=210820 nice=0 system=8382 idle=2474 iowait=0 irq=12079 softirq=144 steal=0
[host_monotonic_s=144491.259907] RT_CPUSTAT sample=459 cpu=cpu1 user=400 nice=0 system=1360 idle=160089 iowait=0 irq=52948 softirq=50 steal=0
[host_monotonic_s=144492.068818] RT_CPUSTAT sample=460 cpu=cpu0 user=211280 nice=0 system=8399 idle=2474 iowait=0 irq=12105 softirq=144 steal=0
[host_monotonic_s=144492.068827] RT_CPUSTAT sample=460 cpu=cpu1 user=400 nice=0 system=1362 idle=160436 iowait=0 irq=53061 softirq=50 steal=0
[host_monotonic_s=144492.071808] RT_CPUSTAT sample=461 cpu=cpu0 user=211735 nice=0 system=8421 idle=2474 iowait=0 irq=12131 softirq=144 steal=0
[host_monotonic_s=144492.090783] RT_CPUSTAT sample=461 cpu=cpu1 user=401 nice=0 system=1363 idle=160778 iowait=0 irq=53175 softirq=50 steal=0
[host_monotonic_s=144492.108140] RT_CPUSTAT sample=462 cpu=cpu0 user=212211 nice=0 system=8422 idle=2474 iowait=0 irq=12158 softirq=145 steal=0
[host_monotonic_s=144492.125535] RT_CPUSTAT sample=462 cpu=cpu1 user=402 nice=0 system=1365 idle=161119 iowait=0 irq=53291 softirq=50 steal=0
[host_monotonic_s=144492.143030] RT_CPUSTAT sample=463 cpu=cpu0 user=212689 nice=0 system=8423 idle=2474 iowait=0 irq=12184 softirq=145 steal=0
[host_monotonic_s=144492.160843] RT_CPUSTAT sample=463 cpu=cpu1 user=403 nice=0 system=1368 idle=161462 iowait=0 irq=53406 softirq=50 steal=0
[host_monotonic_s=144492.178428] RT_CPUSTAT sample=464 cpu=cpu0 user=213151 nice=0 system=8439 idle=2474 iowait=0 irq=12210 softirq=145 steal=0
[host_monotonic_s=144492.195881] RT_CPUSTAT sample=464 cpu=cpu1 user=403 nice=0 system=1372 idle=161802 iowait=0 irq=53523 softirq=50 steal=0
[host_monotonic_s=144492.213597] RT_CPUSTAT sample=465 cpu=cpu0 user=213620 nice=0 system=8447 idle=2474 iowait=0 irq=12236 softirq=146 steal=0
[host_monotonic_s=144492.231065] RT_CPUSTAT sample=465 cpu=cpu1 user=404 nice=0 system=1376 idle=162142 iowait=0 irq=53640 softirq=50 steal=0
[host_monotonic_s=144492.248682] RT_CPUSTAT sample=466 cpu=cpu0 user=214098 nice=0 system=8449 idle=2474 iowait=0 irq=12262 softirq=146 steal=0
[host_monotonic_s=144492.266087] RT_CPUSTAT sample=466 cpu=cpu1 user=405 nice=0 system=1378 idle=162484 iowait=0 irq=53756 softirq=50 steal=0
[host_monotonic_s=144492.284046] RT_CPUSTAT sample=467 cpu=cpu0 user=214561 nice=0 system=8462 idle=2474 iowait=0 irq=12288 softirq=146 steal=0
[host_monotonic_s=144492.301592] RT_CPUSTAT sample=467 cpu=cpu1 user=406 nice=0 system=1381 idle=162825 iowait=0 irq=53870 softirq=50 steal=0
[host_monotonic_s=144492.619294] RT_CPUSTAT sample=468 cpu=cpu0 user=215008 nice=0 system=8493 idle=2474 iowait=0 irq=12315 softirq=147 steal=0
[host_monotonic_s=144492.619307] RT_CPUSTAT sample=468 cpu=cpu1 user=407 nice=0 system=1383 idle=163164 iowait=0 irq=53990 softirq=51 steal=0
[host_monotonic_s=144492.619310] RT_CPUSTAT sample=469 cpu=cpu0 user=215448 nice=0 system=8531 idle=2474 iowait=0 irq=12341 softirq=147 steal=0
[host_monotonic_s=144492.633267] RT_CPUSTAT sample=469 cpu=cpu1 user=408 nice=0 system=1386 idle=163505 iowait=0 irq=54105 softirq=51 steal=0
[host_monotonic_s=144492.650599] RT_CPUSTAT sample=470 cpu=cpu0 user=215912 nice=0 system=8546 idle=2474 iowait=0 irq=12368 softirq=147 steal=0
[host_monotonic_s=144492.667619] RT_CPUSTAT sample=470 cpu=cpu1 user=408 nice=0 system=1390 idle=163845 iowait=0 irq=54222 softirq=51 steal=0
[host_monotonic_s=144492.684942] RT_CPUSTAT sample=471 cpu=cpu0 user=216372 nice=0 system=8563 idle=2474 iowait=0 irq=12394 softirq=148 steal=0
[host_monotonic_s=144492.702533] RT_CPUSTAT sample=471 cpu=cpu1 user=408 nice=0 system=1393 idle=164183 iowait=0 irq=54340 softirq=51 steal=0
[host_monotonic_s=144492.720711] RT_CPUSTAT sample=472 cpu=cpu0 user=216821 nice=0 system=8592 idle=2474 iowait=0 irq=12420 softirq=148 steal=0
[host_monotonic_s=144492.738160] RT_CPUSTAT sample=472 cpu=cpu1 user=409 nice=0 system=1397 idle=164525 iowait=0 irq=54456 softirq=51 steal=0
[host_monotonic_s=144492.755518] RT_CPUSTAT sample=473 cpu=cpu0 user=217236 nice=0 system=8655 idle=2474 iowait=0 irq=12446 softirq=148 steal=0
[host_monotonic_s=144492.773302] RT_CPUSTAT sample=473 cpu=cpu1 user=410 nice=0 system=1399 idle=164867 iowait=0 irq=54571 softirq=51 steal=0
[host_monotonic_s=144492.791208] RT_CPUSTAT sample=474 cpu=cpu0 user=217692 nice=0 system=8675 idle=2474 iowait=0 irq=12472 softirq=149 steal=0
[host_monotonic_s=144492.808284] RT_CPUSTAT sample=474 cpu=cpu1 user=411 nice=0 system=1402 idle=165212 iowait=0 irq=54684 softirq=51 steal=0
[host_monotonic_s=144492.825921] RT_CPUSTAT sample=475 cpu=cpu0 user=218145 nice=0 system=8698 idle=2474 iowait=0 irq=12498 softirq=149 steal=0
[host_monotonic_s=144492.843254] RT_CPUSTAT sample=475 cpu=cpu1 user=412 nice=0 system=1405 idle=165550 iowait=0 irq=54802 softirq=51 steal=0
[host_monotonic_s=144492.860879] RT_CPUSTAT sample=476 cpu=cpu0 user=218600 nice=0 system=8723 idle=2474 iowait=0 irq=12524 softirq=149 steal=0
[host_monotonic_s=144493.169614] RT_CPUSTAT sample=476 cpu=cpu1 user=412 nice=0 system=1408 idle=165893 iowait=0 irq=54917 softirq=52 steal=0
[host_monotonic_s=144493.169623] RT_CPUSTAT sample=477 cpu=cpu0 user=219051 nice=0 system=8749 idle=2474 iowait=0 irq=12551 softirq=149 steal=0
[host_monotonic_s=144493.169625] RT_CPUSTAT sample=477 cpu=cpu1 user=413 nice=0 system=1410 idle=166230 iowait=0 irq=55036 softirq=52 steal=0
[host_monotonic_s=144493.189869] RT_CPUSTAT sample=478 cpu=cpu0 user=219528 nice=0 system=8749 idle=2474 iowait=0 irq=12577 softirq=150 steal=0
[host_monotonic_s=144493.997165] RT_CPUSTAT sample=478 cpu=cpu1 user=414 nice=0 system=1414 idle=166571 iowait=0 irq=55152 softirq=52 steal=0
[host_monotonic_s=144493.997176] RT_CPUSTAT sample=479 cpu=cpu0 user=220006 nice=0 system=8751 idle=2474 iowait=0 irq=12604 softirq=150 steal=0
[host_monotonic_s=144494.003264] RT_CPUSTAT sample=479 cpu=cpu1 user=414 nice=0 system=1416 idle=166916 iowait=0 irq=55267 softirq=52 steal=0
[host_monotonic_s=144494.020843] RT_CPUSTAT sample=480 cpu=cpu0 user=220482 nice=0 system=8753 idle=2474 iowait=0 irq=12630 softirq=150 steal=0
[host_monotonic_s=144494.037838] RT_CPUSTAT sample=480 cpu=cpu1 user=415 nice=0 system=1418 idle=167258 iowait=0 irq=55381 softirq=52 steal=0
[host_monotonic_s=144494.055269] RT_CPUSTAT sample=481 cpu=cpu0 user=220950 nice=0 system=8761 idle=2474 iowait=0 irq=12657 softirq=151 steal=0
[host_monotonic_s=144494.072686] RT_CPUSTAT sample=481 cpu=cpu1 user=417 nice=0 system=1421 idle=167596 iowait=0 irq=55497 softirq=52 steal=0
[host_monotonic_s=144494.090616] RT_CPUSTAT sample=482 cpu=cpu0 user=221428 nice=0 system=8761 idle=2474 iowait=0 irq=12683 softirq=151 steal=0
[host_monotonic_s=144494.107637] RT_CPUSTAT sample=482 cpu=cpu1 user=418 nice=0 system=1422 idle=167937 iowait=0 irq=55614 softirq=52 steal=0
[host_monotonic_s=144494.125498] RT_CPUSTAT sample=483 cpu=cpu0 user=221893 nice=0 system=8773 idle=2474 iowait=0 irq=12709 softirq=151 steal=0
[host_monotonic_s=144494.142604] RT_CPUSTAT sample=483 cpu=cpu1 user=418 nice=0 system=1426 idle=168275 iowait=0 irq=55732 softirq=52 steal=0
[host_monotonic_s=144494.160782] RT_CPUSTAT sample=484 cpu=cpu0 user=222333 nice=0 system=8809 idle=2474 iowait=0 irq=12736 softirq=152 steal=0
[host_monotonic_s=144494.178036] RT_CPUSTAT sample=484 cpu=cpu1 user=419 nice=0 system=1427 idle=168616 iowait=0 irq=55846 softirq=52 steal=0
[host_monotonic_s=144494.195690] RT_CPUSTAT sample=485 cpu=cpu0 user=222779 nice=0 system=8843 idle=2474 iowait=0 irq=12763 softirq=152 steal=0
[host_monotonic_s=144494.212806] RT_CPUSTAT sample=485 cpu=cpu1 user=419 nice=0 system=1430 idle=168958 iowait=0 irq=55962 softirq=52 steal=0
[host_monotonic_s=144494.230682] RT_CPUSTAT sample=486 cpu=cpu0 user=223243 nice=0 system=8856 idle=2474 iowait=0 irq=12789 softirq=152 steal=0
[host_monotonic_s=144494.547680] RT_CPUSTAT sample=486 cpu=cpu1 user=420 nice=0 system=1432 idle=169300 iowait=0 irq=56077 softirq=53 steal=0
[host_monotonic_s=144494.547695] RT_CPUSTAT sample=487 cpu=cpu0 user=223706 nice=0 system=8871 idle=2474 iowait=0 irq=12816 softirq=153 steal=0
[host_monotonic_s=144494.547699] RT_CPUSTAT sample=487 cpu=cpu1 user=421 nice=0 system=1435 idle=169643 iowait=0 irq=56191 softirq=53 steal=0
[host_monotonic_s=144494.563043] RT_CPUSTAT sample=488 cpu=cpu0 user=224161 nice=0 system=8891 idle=2474 iowait=0 irq=12842 softirq=153 steal=0
[host_monotonic_s=144494.580052] RT_CPUSTAT sample=488 cpu=cpu1 user=423 nice=0 system=1437 idle=169982 iowait=0 irq=56308 softirq=53 steal=0
[host_monotonic_s=144494.597470] RT_CPUSTAT sample=489 cpu=cpu0 user=224577 nice=0 system=8953 idle=2474 iowait=0 irq=12869 softirq=153 steal=0
[host_monotonic_s=144494.614705] RT_CPUSTAT sample=489 cpu=cpu1 user=423 nice=0 system=1444 idle=170323 iowait=0 irq=56424 softirq=53 steal=0
[host_monotonic_s=144494.632095] RT_CPUSTAT sample=490 cpu=cpu0 user=225037 nice=0 system=8972 idle=2474 iowait=0 irq=12894 softirq=153 steal=0
[host_monotonic_s=144494.649574] RT_CPUSTAT sample=490 cpu=cpu1 user=424 nice=0 system=1445 idle=170668 iowait=0 irq=56537 softirq=53 steal=0
[host_monotonic_s=144494.666953] RT_CPUSTAT sample=491 cpu=cpu0 user=225480 nice=0 system=9006 idle=2474 iowait=0 irq=12921 softirq=154 steal=0
[host_monotonic_s=144494.684425] RT_CPUSTAT sample=491 cpu=cpu1 user=424 nice=0 system=1449 idle=171014 iowait=0 irq=56648 softirq=53 steal=0
[host_monotonic_s=144494.701749] RT_CPUSTAT sample=492 cpu=cpu0 user=225943 nice=0 system=9022 idle=2474 iowait=0 irq=12948 softirq=154 steal=0
[host_monotonic_s=144494.719137] RT_CPUSTAT sample=492 cpu=cpu1 user=425 nice=0 system=1452 idle=171359 iowait=0 irq=56763 softirq=53 steal=0
[host_monotonic_s=144494.736911] RT_CPUSTAT sample=493 cpu=cpu0 user=226394 nice=0 system=9047 idle=2474 iowait=0 irq=12974 softirq=154 steal=0
[host_monotonic_s=144494.754346] RT_CPUSTAT sample=493 cpu=cpu1 user=428 nice=0 system=1454 idle=171700 iowait=0 irq=56878 softirq=53 steal=0
[host_monotonic_s=144494.772602] RT_CPUSTAT sample=494 cpu=cpu0 user=226872 nice=0 system=9048 idle=2474 iowait=0 irq=13001 softirq=155 steal=0
[host_monotonic_s=144494.789747] RT_CPUSTAT sample=494 cpu=cpu1 user=429 nice=0 system=1456 idle=172045 iowait=0 irq=56993 softirq=53 steal=0
[host_monotonic_s=144495.097990] RT_CPUSTAT sample=495 cpu=cpu0 user=227347 nice=0 system=9048 idle=2474 iowait=0 irq=13027 softirq=155 steal=0
[host_monotonic_s=144495.098020] RT_CPUSTAT sample=495 cpu=cpu1 user=429 nice=0 system=1457 idle=172387 iowait=0 irq=57107 softirq=54 steal=0
[host_monotonic_s=144495.106375] RT_CPUSTAT sample=496 cpu=cpu0 user=227818 nice=0 system=9057 idle=2474 iowait=0 irq=13054 softirq=155 steal=0
[host_monotonic_s=144495.124189] RT_CPUSTAT sample=496 cpu=cpu1 user=430 nice=0 system=1458 idle=172728 iowait=0 irq=57224 softirq=54 steal=0
[host_monotonic_s=144495.929676] RT_CPUSTAT sample=497 cpu=cpu0 user=228287 nice=0 system=9064 idle=2474 iowait=0 irq=13080 softirq=156 steal=0
[host_monotonic_s=144495.929690] RT_CPUSTAT sample=497 cpu=cpu1 user=430 nice=0 system=1461 idle=173070 iowait=0 irq=57339 softirq=54 steal=0
[host_monotonic_s=144495.940746] RT_CPUSTAT sample=498 cpu=cpu0 user=228766 nice=0 system=9064 idle=2474 iowait=0 irq=13106 softirq=156 steal=0
[host_monotonic_s=144495.957712] RT_CPUSTAT sample=498 cpu=cpu1 user=431 nice=0 system=1464 idle=173415 iowait=0 irq=57453 softirq=54 steal=0
[host_monotonic_s=144495.975157] RT_CPUSTAT sample=499 cpu=cpu0 user=229225 nice=0 system=9081 idle=2474 iowait=0 irq=13132 softirq=156 steal=0
[host_monotonic_s=144495.992482] RT_CPUSTAT sample=499 cpu=cpu1 user=432 nice=0 system=1466 idle=173755 iowait=0 irq=57569 softirq=54 steal=0
[host_monotonic_s=144496.010117] RT_CPUSTAT sample=500 cpu=cpu0 user=229655 nice=0 system=9130 idle=2474 iowait=0 irq=13159 softirq=157 steal=0
[host_monotonic_s=144496.027022] RT_CPUSTAT sample=500 cpu=cpu1 user=434 nice=0 system=1468 idle=174096 iowait=0 irq=57686 softirq=54 steal=0
[host_monotonic_s=144496.044609] RT_CPUSTAT sample=501 cpu=cpu0 user=230112 nice=0 system=9150 idle=2474 iowait=0 irq=13185 softirq=157 steal=0
[host_monotonic_s=144496.062067] RT_CPUSTAT sample=501 cpu=cpu1 user=435 nice=0 system=1471 idle=174437 iowait=0 irq=57802 softirq=54 steal=0
[host_monotonic_s=144496.079382] RT_CPUSTAT sample=502 cpu=cpu0 user=230575 nice=0 system=9166 idle=2474 iowait=0 irq=13211 softirq=157 steal=0
[host_monotonic_s=144496.096659] RT_CPUSTAT sample=502 cpu=cpu1 user=435 nice=0 system=1472 idle=174780 iowait=0 irq=57918 softirq=54 steal=0
[host_monotonic_s=144496.114094] RT_CPUSTAT sample=503 cpu=cpu0 user=231036 nice=0 system=9182 idle=2474 iowait=0 irq=13238 softirq=158 steal=0
[host_monotonic_s=144496.131765] RT_CPUSTAT sample=503 cpu=cpu1 user=436 nice=0 system=1476 idle=175123 iowait=0 irq=58032 softirq=54 steal=0
[host_monotonic_s=144496.149224] RT_CPUSTAT sample=504 cpu=cpu0 user=231494 nice=0 system=9200 idle=2474 iowait=0 irq=13264 softirq=158 steal=0
[host_monotonic_s=144496.166759] RT_CPUSTAT sample=504 cpu=cpu1 user=437 nice=0 system=1479 idle=175465 iowait=0 irq=58146 softirq=54 steal=0
[host_monotonic_s=144496.480083] RT_CPUSTAT sample=505 cpu=cpu0 user=231932 nice=0 system=9240 idle=2474 iowait=0 irq=13291 softirq=158 steal=0
[host_monotonic_s=144496.480096] RT_CPUSTAT sample=505 cpu=cpu1 user=438 nice=0 system=1481 idle=175802 iowait=0 irq=58266 softirq=54 steal=0
[host_monotonic_s=144496.480099] RT_CPUSTAT sample=506 cpu=cpu0 user=232402 nice=0 system=9248 idle=2474 iowait=0 irq=13317 softirq=158 steal=0
[host_monotonic_s=144496.497200] RT_CPUSTAT sample=506 cpu=cpu1 user=440 nice=0 system=1484 idle=176147 iowait=0 irq=58378 softirq=55 steal=0
[host_monotonic_s=144496.514965] RT_CPUSTAT sample=507 cpu=cpu0 user=232853 nice=0 system=9274 idle=2474 iowait=0 irq=13344 softirq=159 steal=0
[host_monotonic_s=144496.532199] RT_CPUSTAT sample=507 cpu=cpu1 user=440 nice=0 system=1488 idle=176486 iowait=0 irq=58495 softirq=55 steal=0
[host_monotonic_s=144496.550487] RT_CPUSTAT sample=508 cpu=cpu0 user=233307 nice=0 system=9298 idle=2474 iowait=0 irq=13370 softirq=159 steal=0
[host_monotonic_s=144496.567581] RT_CPUSTAT sample=508 cpu=cpu1 user=440 nice=0 system=1491 idle=176829 iowait=0 irq=58609 softirq=55 steal=0
[host_monotonic_s=144496.585255] RT_CPUSTAT sample=509 cpu=cpu0 user=233769 nice=0 system=9315 idle=2474 iowait=0 irq=13396 softirq=159 steal=0
[host_monotonic_s=144496.603423] RT_CPUSTAT sample=509 cpu=cpu1 user=441 nice=0 system=1494 idle=177173 iowait=0 irq=58724 softirq=55 steal=0
[host_monotonic_s=144496.622391] RT_CPUSTAT sample=510 cpu=cpu0 user=234245 nice=0 system=9315 idle=2474 iowait=0 irq=13423 softirq=160 steal=0
[host_monotonic_s=144496.640741] RT_CPUSTAT sample=510 cpu=cpu1 user=441 nice=0 system=1495 idle=177516 iowait=0 irq=58839 softirq=55 steal=0
[host_monotonic_s=144496.658396] RT_CPUSTAT sample=511 cpu=cpu0 user=234716 nice=0 system=9323 idle=2474 iowait=0 irq=13449 softirq=160 steal=0
[host_monotonic_s=144496.675549] RT_CPUSTAT sample=511 cpu=cpu1 user=443 nice=0 system=1500 idle=177855 iowait=0 irq=58957 softirq=55 steal=0
[host_monotonic_s=144496.693589] RT_CPUSTAT sample=512 cpu=cpu0 user=235170 nice=0 system=9345 idle=2474 iowait=0 irq=13476 softirq=160 steal=0
[host_monotonic_s=144496.710927] RT_CPUSTAT sample=512 cpu=cpu1 user=444 nice=0 system=1502 idle=178197 iowait=0 irq=59072 softirq=55 steal=0
[host_monotonic_s=144496.728919] RT_CPUSTAT sample=513 cpu=cpu0 user=235645 nice=0 system=9348 idle=2474 iowait=0 irq=13502 softirq=161 steal=0
[host_monotonic_s=144497.030624] RT_CPUSTAT sample=513 cpu=cpu1 user=446 nice=0 system=1505 idle=178540 iowait=0 irq=59187 softirq=55 steal=0
[host_monotonic_s=144497.030639] RT_CPUSTAT sample=514 cpu=cpu0 user=236123 nice=0 system=9348 idle=2474 iowait=0 irq=13528 softirq=161 steal=0
[host_monotonic_s=144497.042784] RT_CPUSTAT sample=514 cpu=cpu1 user=446 nice=0 system=1507 idle=178881 iowait=0 irq=59303 softirq=55 steal=0
[host_monotonic_s=144497.060588] RT_CPUSTAT sample=515 cpu=cpu0 user=236581 nice=0 system=9366 idle=2474 iowait=0 irq=13554 softirq=161 steal=0
[host_monotonic_s=144497.864337] RT_CPUSTAT sample=515 cpu=cpu1 user=446 nice=0 system=1510 idle=179219 iowait=0 irq=59421 softirq=56 steal=0
[host_monotonic_s=144497.864352] RT_CPUSTAT sample=516 cpu=cpu0 user=237034 nice=0 system=9391 idle=2474 iowait=0 irq=13581 softirq=162 steal=0
[host_monotonic_s=144497.874660] RT_CPUSTAT sample=516 cpu=cpu1 user=447 nice=0 system=1513 idle=179561 iowait=0 irq=59537 softirq=56 steal=0
[host_monotonic_s=144497.892532] RT_CPUSTAT sample=517 cpu=cpu0 user=237494 nice=0 system=9408 idle=2474 iowait=0 irq=13607 softirq=162 steal=0
[host_monotonic_s=144497.909827] RT_CPUSTAT sample=517 cpu=cpu1 user=448 nice=0 system=1514 idle=179906 iowait=0 irq=59649 softirq=56 steal=0
[host_monotonic_s=144497.927517] RT_CPUSTAT sample=518 cpu=cpu0 user=237959 nice=0 system=9423 idle=2474 iowait=0 irq=13634 softirq=162 steal=0
[host_monotonic_s=144497.945318] RT_CPUSTAT sample=518 cpu=cpu1 user=449 nice=0 system=1519 idle=180248 iowait=0 irq=59767 softirq=56 steal=0
[host_monotonic_s=144497.963328] RT_CPUSTAT sample=519 cpu=cpu0 user=238421 nice=0 system=9439 idle=2474 iowait=0 irq=13660 softirq=162 steal=0
[host_monotonic_s=144497.981070] RT_CPUSTAT sample=519 cpu=cpu1 user=450 nice=0 system=1520 idle=180592 iowait=0 irq=59880 softirq=56 steal=0
[host_monotonic_s=144497.999027] RT_CPUSTAT sample=520 cpu=cpu0 user=238864 nice=0 system=9475 idle=2474 iowait=0 irq=13685 softirq=163 steal=0
[host_monotonic_s=144498.016629] RT_CPUSTAT sample=520 cpu=cpu1 user=452 nice=0 system=1524 idle=180934 iowait=0 irq=59996 softirq=56 steal=0
[host_monotonic_s=144498.034156] RT_CPUSTAT sample=521 cpu=cpu0 user=239283 nice=0 system=9533 idle=2474 iowait=0 irq=13712 softirq=163 steal=0
[host_monotonic_s=144498.051782] RT_CPUSTAT sample=521 cpu=cpu1 user=452 nice=0 system=1529 idle=181279 iowait=0 irq=60109 softirq=56 steal=0
[host_monotonic_s=144498.069474] RT_CPUSTAT sample=522 cpu=cpu0 user=239751 nice=0 system=9542 idle=2474 iowait=0 irq=13737 softirq=163 steal=0
[host_monotonic_s=144498.086762] RT_CPUSTAT sample=522 cpu=cpu1 user=453 nice=0 system=1531 idle=181620 iowait=0 irq=60225 softirq=56 steal=0
[host_monotonic_s=144498.104415] RT_CPUSTAT sample=523 cpu=cpu0 user=240193 nice=0 system=9579 idle=2474 iowait=0 irq=13763 softirq=164 steal=0
[host_monotonic_s=144498.414702] RT_CPUSTAT sample=523 cpu=cpu1 user=454 nice=0 system=1534 idle=181966 iowait=0 irq=60338 softirq=56 steal=0
[host_monotonic_s=144498.414716] RT_CPUSTAT sample=524 cpu=cpu0 user=240650 nice=0 system=9597 idle=2474 iowait=0 irq=13790 softirq=164 steal=0
[host_monotonic_s=144498.414720] RT_CPUSTAT sample=524 cpu=cpu1 user=455 nice=0 system=1537 idle=182308 iowait=0 irq=60451 softirq=56 steal=0
[host_monotonic_s=144498.436759] RT_CPUSTAT sample=525 cpu=cpu0 user=241123 nice=0 system=9604 idle=2474 iowait=0 irq=13816 softirq=164 steal=0
[host_monotonic_s=144498.454765] RT_CPUSTAT sample=525 cpu=cpu1 user=456 nice=0 system=1539 idle=182650 iowait=0 irq=60569 softirq=57 steal=0
[host_monotonic_s=144498.472737] RT_CPUSTAT sample=526 cpu=cpu0 user=241599 nice=0 system=9604 idle=2474 iowait=0 irq=13842 softirq=165 steal=0
[host_monotonic_s=144498.490170] RT_CPUSTAT sample=526 cpu=cpu1 user=456 nice=0 system=1543 idle=182990 iowait=0 irq=60686 softirq=57 steal=0
[host_monotonic_s=144498.507597] RT_CPUSTAT sample=527 cpu=cpu0 user=242071 nice=0 system=9611 idle=2474 iowait=0 irq=13868 softirq=165 steal=0
[host_monotonic_s=144498.525468] RT_CPUSTAT sample=527 cpu=cpu1 user=456 nice=0 system=1544 idle=183335 iowait=0 irq=60800 softirq=57 steal=0
[host_monotonic_s=144498.543165] RT_CPUSTAT sample=528 cpu=cpu0 user=242525 nice=0 system=9635 idle=2474 iowait=0 irq=13894 softirq=165 steal=0
[host_monotonic_s=144498.560985] RT_CPUSTAT sample=528 cpu=cpu1 user=457 nice=0 system=1547 idle=183673 iowait=0 irq=60920 softirq=57 steal=0
[host_monotonic_s=144498.578595] RT_CPUSTAT sample=529 cpu=cpu0 user=242991 nice=0 system=9647 idle=2474 iowait=0 irq=13920 softirq=165 steal=0
[host_monotonic_s=144498.595967] RT_CPUSTAT sample=529 cpu=cpu1 user=457 nice=0 system=1549 idle=184014 iowait=0 irq=61038 softirq=57 steal=0
[host_monotonic_s=144498.614083] RT_CPUSTAT sample=530 cpu=cpu0 user=243470 nice=0 system=9647 idle=2474 iowait=0 irq=13946 softirq=166 steal=0
[host_monotonic_s=144498.631812] RT_CPUSTAT sample=530 cpu=cpu1 user=459 nice=0 system=1553 idle=184359 iowait=0 irq=61152 softirq=57 steal=0
[host_monotonic_s=144498.649974] RT_CPUSTAT sample=531 cpu=cpu0 user=243916 nice=0 system=9676 idle=2474 iowait=0 irq=13972 softirq=166 steal=0
[host_monotonic_s=144498.965047] RT_CPUSTAT sample=531 cpu=cpu1 user=460 nice=0 system=1556 idle=184700 iowait=0 irq=61268 softirq=57 steal=0
[host_monotonic_s=144498.965060] RT_CPUSTAT sample=532 cpu=cpu0 user=244381 nice=0 system=9690 idle=2474 iowait=0 irq=13998 softirq=166 steal=0
[host_monotonic_s=144498.965063] RT_CPUSTAT sample=532 cpu=cpu1 user=461 nice=0 system=1557 idle=185042 iowait=0 irq=61384 softirq=57 steal=0
[host_monotonic_s=144498.984756] RT_CPUSTAT sample=533 cpu=cpu0 user=244846 nice=0 system=9703 idle=2474 iowait=0 irq=14025 softirq=167 steal=0
[host_monotonic_s=144499.002459] RT_CPUSTAT sample=533 cpu=cpu1 user=462 nice=0 system=1560 idle=185385 iowait=0 irq=61500 softirq=57 steal=0
[host_monotonic_s=144499.804610] RT_CPUSTAT sample=534 cpu=cpu0 user=245315 nice=0 system=9711 idle=2474 iowait=0 irq=14052 softirq=167 steal=0
[host_monotonic_s=144499.804622] RT_CPUSTAT sample=534 cpu=cpu1 user=464 nice=0 system=1563 idle=185728 iowait=0 irq=61613 softirq=57 steal=0
[host_monotonic_s=144499.817747] RT_CPUSTAT sample=535 cpu=cpu0 user=245770 nice=0 system=9732 idle=2474 iowait=0 irq=14079 softirq=167 steal=0
[host_monotonic_s=144499.834921] RT_CPUSTAT sample=535 cpu=cpu1 user=464 nice=0 system=1566 idle=186071 iowait=0 irq=61726 softirq=58 steal=0
[host_monotonic_s=144499.852728] RT_CPUSTAT sample=536 cpu=cpu0 user=246205 nice=0 system=9777 idle=2474 iowait=0 irq=14105 softirq=168 steal=0
[host_monotonic_s=144499.870171] RT_CPUSTAT sample=536 cpu=cpu1 user=465 nice=0 system=1569 idle=186414 iowait=0 irq=61843 softirq=58 steal=0
[host_monotonic_s=144499.887592] RT_CPUSTAT sample=537 cpu=cpu0 user=246650 nice=0 system=9809 idle=2474 iowait=0 irq=14131 softirq=168 steal=0
[host_monotonic_s=144499.905225] RT_CPUSTAT sample=537 cpu=cpu1 user=465 nice=0 system=1573 idle=186754 iowait=0 irq=61960 softirq=58 steal=0
[host_monotonic_s=144499.922942] RT_CPUSTAT sample=538 cpu=cpu0 user=247110 nice=0 system=9826 idle=2474 iowait=0 irq=14157 softirq=168 steal=0
[host_monotonic_s=144499.940153] RT_CPUSTAT sample=538 cpu=cpu1 user=467 nice=0 system=1576 idle=187097 iowait=0 irq=62075 softirq=58 steal=0
[host_monotonic_s=144499.957757] RT_CPUSTAT sample=539 cpu=cpu0 user=247557 nice=0 system=9856 idle=2474 iowait=0 irq=14184 softirq=169 steal=0
[host_monotonic_s=144499.975059] RT_CPUSTAT sample=539 cpu=cpu1 user=468 nice=0 system=1578 idle=187437 iowait=0 irq=62191 softirq=58 steal=0
[host_monotonic_s=144499.992526] RT_CPUSTAT sample=540 cpu=cpu0 user=248012 nice=0 system=9880 idle=2474 iowait=0 irq=14210 softirq=169 steal=0
[host_monotonic_s=144500.009972] RT_CPUSTAT sample=540 cpu=cpu1 user=469 nice=0 system=1582 idle=187781 iowait=0 irq=62306 softirq=58 steal=0
[host_monotonic_s=144500.027311] RT_CPUSTAT sample=541 cpu=cpu0 user=248489 nice=0 system=9881 idle=2474 iowait=0 irq=14237 softirq=169 steal=0
[host_monotonic_s=144500.045064] RT_CPUSTAT sample=541 cpu=cpu1 user=470 nice=0 system=1585 idle=188124 iowait=0 irq=62421 softirq=58 steal=0
[host_monotonic_s=144500.354991] RT_CPUSTAT sample=542 cpu=cpu0 user=248966 nice=0 system=9881 idle=2474 iowait=0 irq=14263 softirq=170 steal=0
[host_monotonic_s=144500.355012] RT_CPUSTAT sample=542 cpu=cpu1 user=470 nice=0 system=1589 idle=188464 iowait=0 irq=62537 softirq=58 steal=0
[host_monotonic_s=144500.355014] RT_CPUSTAT sample=543 cpu=cpu0 user=249438 nice=0 system=9887 idle=2474 iowait=0 irq=14290 softirq=170 steal=0
[host_monotonic_s=144500.378229] RT_CPUSTAT sample=543 cpu=cpu1 user=472 nice=0 system=1591 idle=188806 iowait=0 irq=62652 softirq=59 steal=0
[host_monotonic_s=144500.395815] RT_CPUSTAT sample=544 cpu=cpu0 user=249907 nice=0 system=9896 idle=2474 iowait=0 irq=14316 softirq=170 steal=0
[host_monotonic_s=144500.413692] RT_CPUSTAT sample=544 cpu=cpu1 user=472 nice=0 system=1595 idle=189148 iowait=0 irq=62768 softirq=59 steal=0
[host_monotonic_s=144500.432162] RT_CPUSTAT sample=545 cpu=cpu0 user=250384 nice=0 system=9897 idle=2474 iowait=0 irq=14342 softirq=171 steal=0
[host_monotonic_s=144500.449568] RT_CPUSTAT sample=545 cpu=cpu1 user=473 nice=0 system=1597 idle=189487 iowait=0 irq=62887 softirq=59 steal=0
[host_monotonic_s=144500.467631] RT_CPUSTAT sample=546 cpu=cpu0 user=250859 nice=0 system=9899 idle=2474 iowait=0 irq=14368 softirq=171 steal=0
[host_monotonic_s=144500.485063] RT_CPUSTAT sample=546 cpu=cpu1 user=474 nice=0 system=1600 idle=189830 iowait=0 irq=63002 softirq=59 steal=0
[host_monotonic_s=144500.502695] RT_CPUSTAT sample=547 cpu=cpu0 user=251290 nice=0 system=9946 idle=2474 iowait=0 irq=14395 softirq=171 steal=0
[host_monotonic_s=144500.520016] RT_CPUSTAT sample=547 cpu=cpu1 user=475 nice=0 system=1604 idle=190173 iowait=0 irq=63116 softirq=59 steal=0
[host_monotonic_s=144500.537717] RT_CPUSTAT sample=548 cpu=cpu0 user=251745 nice=0 system=9970 idle=2474 iowait=0 irq=14420 softirq=171 steal=0
[host_monotonic_s=144500.555347] RT_CPUSTAT sample=548 cpu=cpu1 user=475 nice=0 system=1609 idle=190518 iowait=0 irq=63230 softirq=59 steal=0
[host_monotonic_s=144500.573804] RT_CPUSTAT sample=549 cpu=cpu0 user=252191 nice=0 system=10000 idle=2474 iowait=0 irq=14446 softirq=172 steal=0
[host_monotonic_s=144500.591240] RT_CPUSTAT sample=549 cpu=cpu1 user=475 nice=0 system=1612 idle=190858 iowait=0 irq=63345 softirq=59 steal=0
[host_monotonic_s=144500.905386] RT_CPUSTAT sample=550 cpu=cpu0 user=252664 nice=0 system=10007 idle=2474 iowait=0 irq=14472 softirq=172 steal=0
[host_monotonic_s=144500.905397] RT_CPUSTAT sample=550 cpu=cpu1 user=476 nice=0 system=1615 idle=191203 iowait=0 irq=63460 softirq=59 steal=0
[host_monotonic_s=144500.905400] RT_CPUSTAT sample=551 cpu=cpu0 user=253124 nice=0 system=10023 idle=2474 iowait=0 irq=14498 softirq=172 steal=0
[host_monotonic_s=144500.922617] RT_CPUSTAT sample=551 cpu=cpu1 user=477 nice=0 system=1618 idle=191544 iowait=0 irq=63575 softirq=59 steal=0
[host_monotonic_s=144501.741052] RT_CPUSTAT sample=552 cpu=cpu0 user=253556 nice=0 system=10069 idle=2474 iowait=0 irq=14524 softirq=173 steal=0
[host_monotonic_s=144501.741068] RT_CPUSTAT sample=552 cpu=cpu1 user=477 nice=0 system=1619 idle=191887 iowait=0 irq=63690 softirq=60 steal=0
[host_monotonic_s=144501.741071] RT_CPUSTAT sample=553 cpu=cpu0 user=253994 nice=0 system=10110 idle=2474 iowait=0 irq=14550 softirq=173 steal=0
[host_monotonic_s=144501.757363] RT_CPUSTAT sample=553 cpu=cpu1 user=478 nice=0 system=1622 idle=192231 iowait=0 irq=63804 softirq=60 steal=0
[host_monotonic_s=144501.775154] RT_CPUSTAT sample=554 cpu=cpu0 user=254454 nice=0 system=10126 idle=2474 iowait=0 irq=14577 softirq=173 steal=0
[host_monotonic_s=144501.792343] RT_CPUSTAT sample=554 cpu=cpu1 user=478 nice=0 system=1624 idle=192574 iowait=0 irq=63918 softirq=60 steal=0
[host_monotonic_s=144501.822097] RT_CPUSTAT sample=555 cpu=cpu0 user=254900 nice=0 system=10158 idle=2474 iowait=0 irq=14603 softirq=174 steal=0
[host_monotonic_s=144501.839522] RT_CPUSTAT sample=555 cpu=cpu1 user=479 nice=0 system=1628 idle=192915 iowait=0 irq=64034 softirq=60 steal=0
[host_monotonic_s=144501.857321] RT_CPUSTAT sample=556 cpu=cpu0 user=255351 nice=0 system=10185 idle=2474 iowait=0 irq=14629 softirq=174 steal=0
[host_monotonic_s=144501.874493] RT_CPUSTAT sample=556 cpu=cpu1 user=481 nice=0 system=1630 idle=193255 iowait=0 irq=64149 softirq=60 steal=0
[host_monotonic_s=144501.892089] RT_CPUSTAT sample=557 cpu=cpu0 user=255827 nice=0 system=10185 idle=2474 iowait=0 irq=14656 softirq=174 steal=0
[host_monotonic_s=144501.909842] RT_CPUSTAT sample=557 cpu=cpu1 user=481 nice=0 system=1635 idle=193598 iowait=0 irq=64263 softirq=60 steal=0
[host_monotonic_s=144501.927538] RT_CPUSTAT sample=558 cpu=cpu0 user=256305 nice=0 system=10187 idle=2474 iowait=0 irq=14682 softirq=175 steal=0
[host_monotonic_s=144501.944898] RT_CPUSTAT sample=558 cpu=cpu1 user=481 nice=0 system=1637 idle=193942 iowait=0 irq=64379 softirq=60 steal=0
[host_monotonic_s=144501.963134] RT_CPUSTAT sample=559 cpu=cpu0 user=256763 nice=0 system=10205 idle=2474 iowait=0 irq=14708 softirq=175 steal=0
[host_monotonic_s=144501.980650] RT_CPUSTAT sample=559 cpu=cpu1 user=482 nice=0 system=1639 idle=194286 iowait=0 irq=64493 softirq=60 steal=0
[host_monotonic_s=144502.291628] RT_CPUSTAT sample=560 cpu=cpu0 user=257233 nice=0 system=10216 idle=2474 iowait=0 irq=14734 softirq=175 steal=0
[host_monotonic_s=144502.291644] RT_CPUSTAT sample=560 cpu=cpu1 user=484 nice=0 system=1643 idle=194629 iowait=0 irq=64609 softirq=60 steal=0
[host_monotonic_s=144502.291648] RT_CPUSTAT sample=561 cpu=cpu0 user=257711 nice=0 system=10216 idle=2474 iowait=0 irq=14760 softirq=176 steal=0
[host_monotonic_s=144502.313192] RT_CPUSTAT sample=561 cpu=cpu1 user=485 nice=0 system=1646 idle=194973 iowait=0 irq=64724 softirq=61 steal=0
[host_monotonic_s=144502.330927] RT_CPUSTAT sample=562 cpu=cpu0 user=258186 nice=0 system=10220 idle=2474 iowait=0 irq=14786 softirq=176 steal=0
[host_monotonic_s=144502.349209] RT_CPUSTAT sample=562 cpu=cpu1 user=486 nice=0 system=1649 idle=195317 iowait=0 irq=64839 softirq=61 steal=0
[host_monotonic_s=144502.367184] RT_CPUSTAT sample=563 cpu=cpu0 user=258626 nice=0 system=10256 idle=2474 iowait=0 irq=14812 softirq=176 steal=0
[host_monotonic_s=144502.384691] RT_CPUSTAT sample=563 cpu=cpu1 user=487 nice=0 system=1654 idle=195656 iowait=0 irq=64955 softirq=61 steal=0
[host_monotonic_s=144502.402912] RT_CPUSTAT sample=564 cpu=cpu0 user=259094 nice=0 system=10266 idle=2474 iowait=0 irq=14838 softirq=176 steal=0
[host_monotonic_s=144502.420448] RT_CPUSTAT sample=564 cpu=cpu1 user=488 nice=0 system=1657 idle=195998 iowait=0 irq=65070 softirq=61 steal=0
[host_monotonic_s=144502.438569] RT_CPUSTAT sample=565 cpu=cpu0 user=259545 nice=0 system=10292 idle=2474 iowait=0 irq=14865 softirq=177 steal=0
[host_monotonic_s=144502.455982] RT_CPUSTAT sample=565 cpu=cpu1 user=488 nice=0 system=1659 idle=196340 iowait=0 irq=65186 softirq=61 steal=0
[host_monotonic_s=144502.473781] RT_CPUSTAT sample=566 cpu=cpu0 user=260016 nice=0 system=10300 idle=2474 iowait=0 irq=14891 softirq=177 steal=0
[host_monotonic_s=144502.491071] RT_CPUSTAT sample=566 cpu=cpu1 user=489 nice=0 system=1661 idle=196684 iowait=0 irq=65302 softirq=61 steal=0
[host_monotonic_s=144502.509018] RT_CPUSTAT sample=567 cpu=cpu0 user=260473 nice=0 system=10321 idle=2474 iowait=0 irq=14918 softirq=177 steal=0
[host_monotonic_s=144502.526215] RT_CPUSTAT sample=567 cpu=cpu1 user=490 nice=0 system=1664 idle=197021 iowait=0 irq=65421 softirq=61 steal=0
[host_monotonic_s=144502.842155] RT_CPUSTAT sample=568 cpu=cpu0 user=260908 nice=0 system=10363 idle=2474 iowait=0 irq=14944 softirq=178 steal=0
[host_monotonic_s=144502.842169] RT_CPUSTAT sample=568 cpu=cpu1 user=491 nice=0 system=1667 idle=197365 iowait=0 irq=65535 softirq=61 steal=0
[host_monotonic_s=144502.842171] RT_CPUSTAT sample=569 cpu=cpu0 user=261366 nice=0 system=10382 idle=2474 iowait=0 irq=14970 softirq=178 steal=0
[host_monotonic_s=144502.857796] RT_CPUSTAT sample=569 cpu=cpu1 user=492 nice=0 system=1670 idle=197707 iowait=0 irq=65651 softirq=61 steal=0
[host_monotonic_s=144502.875392] RT_CPUSTAT sample=570 cpu=cpu0 user=261828 nice=0 system=10399 idle=2474 iowait=0 irq=14997 softirq=178 steal=0
[host_monotonic_s=144503.687867] RT_CPUSTAT sample=570 cpu=cpu1 user=493 nice=0 system=1674 idle=198047 iowait=0 irq=65770 softirq=62 steal=0
[host_monotonic_s=144503.687882] RT_CPUSTAT sample=571 cpu=cpu0 user=262271 nice=0 system=10431 idle=2474 iowait=0 irq=15023 softirq=179 steal=0
[host_monotonic_s=144503.687884] RT_CPUSTAT sample=571 cpu=cpu1 user=494 nice=0 system=1677 idle=198389 iowait=0 irq=65884 softirq=62 steal=0
[host_monotonic_s=144503.708215] RT_CPUSTAT sample=572 cpu=cpu0 user=262724 nice=0 system=10456 idle=2474 iowait=0 irq=15049 softirq=179 steal=0
[host_monotonic_s=144503.725890] RT_CPUSTAT sample=572 cpu=cpu1 user=495 nice=0 system=1680 idle=198731 iowait=0 irq=65999 softirq=62 steal=0
[host_monotonic_s=144503.743642] RT_CPUSTAT sample=573 cpu=cpu0 user=263202 nice=0 system=10458 idle=2474 iowait=0 irq=15076 softirq=179 steal=0
[host_monotonic_s=144503.761745] RT_CPUSTAT sample=573 cpu=cpu1 user=496 nice=0 system=1681 idle=199071 iowait=0 irq=66118 softirq=62 steal=0
[host_monotonic_s=144503.779785] RT_CPUSTAT sample=574 cpu=cpu0 user=263680 nice=0 system=10458 idle=2474 iowait=0 irq=15103 softirq=180 steal=0
[host_monotonic_s=144503.797227] RT_CPUSTAT sample=574 cpu=cpu1 user=497 nice=0 system=1683 idle=199414 iowait=0 irq=66233 softirq=62 steal=0
[host_monotonic_s=144503.816426] RT_CPUSTAT sample=575 cpu=cpu0 user=264153 nice=0 system=10462 idle=2474 iowait=0 irq=15129 softirq=180 steal=0
[host_monotonic_s=144503.833837] RT_CPUSTAT sample=575 cpu=cpu1 user=497 nice=0 system=1687 idle=199761 iowait=0 irq=66344 softirq=62 steal=0
[host_monotonic_s=144503.851609] RT_CPUSTAT sample=576 cpu=cpu0 user=264625 nice=0 system=10467 idle=2474 iowait=0 irq=15155 softirq=180 steal=0
[host_monotonic_s=144503.868625] RT_CPUSTAT sample=576 cpu=cpu1 user=498 nice=0 system=1688 idle=200106 iowait=0 irq=66455 softirq=62 steal=0
[host_monotonic_s=144503.886379] RT_CPUSTAT sample=577 cpu=cpu0 user=265102 nice=0 system=10467 idle=2474 iowait=0 irq=15181 softirq=180 steal=0
[host_monotonic_s=144503.904108] RT_CPUSTAT sample=577 cpu=cpu1 user=499 nice=0 system=1691 idle=200450 iowait=0 irq=66569 softirq=62 steal=0
[host_monotonic_s=144503.921666] RT_CPUSTAT sample=578 cpu=cpu0 user=265571 nice=0 system=10477 idle=2474 iowait=0 irq=15207 softirq=181 steal=0
[host_monotonic_s=144504.238230] RT_CPUSTAT sample=578 cpu=cpu1 user=500 nice=0 system=1693 idle=200794 iowait=0 irq=66684 softirq=62 steal=0
[host_monotonic_s=144504.238244] RT_CPUSTAT sample=579 cpu=cpu0 user=266017 nice=0 system=10509 idle=2474 iowait=0 irq=15234 softirq=181 steal=0
[host_monotonic_s=144504.238248] RT_CPUSTAT sample=579 cpu=cpu1 user=500 nice=0 system=1694 idle=201136 iowait=0 irq=66801 softirq=63 steal=0
[host_monotonic_s=144504.254178] RT_CPUSTAT sample=580 cpu=cpu0 user=266468 nice=0 system=10535 idle=2474 iowait=0 irq=15260 softirq=181 steal=0
[host_monotonic_s=144504.271559] RT_CPUSTAT sample=580 cpu=cpu1 user=501 nice=0 system=1696 idle=201476 iowait=0 irq=66918 softirq=63 steal=0
[host_monotonic_s=144504.289653] RT_CPUSTAT sample=581 cpu=cpu0 user=266925 nice=0 system=10556 idle=2474 iowait=0 irq=15286 softirq=182 steal=0
[host_monotonic_s=144504.306948] RT_CPUSTAT sample=581 cpu=cpu1 user=502 nice=0 system=1698 idle=201821 iowait=0 irq=67032 softirq=63 steal=0
[host_monotonic_s=144504.324932] RT_CPUSTAT sample=582 cpu=cpu0 user=267373 nice=0 system=10585 idle=2474 iowait=0 irq=15312 softirq=182 steal=0
[host_monotonic_s=144504.342807] RT_CPUSTAT sample=582 cpu=cpu1 user=504 nice=0 system=1702 idle=202164 iowait=0 irq=67147 softirq=63 steal=0
[host_monotonic_s=144504.361914] RT_CPUSTAT sample=583 cpu=cpu0 user=267829 nice=0 system=10608 idle=2474 iowait=0 irq=15337 softirq=182 steal=0
[host_monotonic_s=144504.379100] RT_CPUSTAT sample=583 cpu=cpu1 user=505 nice=0 system=1705 idle=202506 iowait=0 irq=67263 softirq=63 steal=0
[host_monotonic_s=144504.397066] RT_CPUSTAT sample=584 cpu=cpu0 user=268244 nice=0 system=10669 idle=2474 iowait=0 irq=15364 softirq=183 steal=0
[host_monotonic_s=144504.414923] RT_CPUSTAT sample=584 cpu=cpu1 user=505 nice=0 system=1708 idle=202845 iowait=0 irq=67380 softirq=63 steal=0
[host_monotonic_s=144504.433142] RT_CPUSTAT sample=585 cpu=cpu0 user=268712 nice=0 system=10679 idle=2474 iowait=0 irq=15389 softirq=183 steal=0
[host_monotonic_s=144504.451720] RT_CPUSTAT sample=585 cpu=cpu1 user=507 nice=0 system=1713 idle=203189 iowait=0 irq=67494 softirq=63 steal=0
[host_monotonic_s=144504.469301] RT_CPUSTAT sample=586 cpu=cpu0 user=269151 nice=0 system=10719 idle=2474 iowait=0 irq=15415 softirq=183 steal=0
[host_monotonic_s=144504.486490] RT_CPUSTAT sample=586 cpu=cpu1 user=509 nice=0 system=1716 idle=203534 iowait=0 irq=67607 softirq=63 steal=0
[host_monotonic_s=144504.788710] RT_CPUSTAT sample=587 cpu=cpu0 user=269585 nice=0 system=10762 idle=2474 iowait=0 irq=15441 softirq=183 steal=0
[host_monotonic_s=144504.788724] RT_CPUSTAT sample=587 cpu=cpu1 user=510 nice=0 system=1720 idle=203875 iowait=0 irq=67721 softirq=63 steal=0
[host_monotonic_s=144504.801023] RT_CPUSTAT sample=588 cpu=cpu0 user=270039 nice=0 system=10787 idle=2474 iowait=0 irq=15467 softirq=184 steal=0
[host_monotonic_s=144504.818161] RT_CPUSTAT sample=588 cpu=cpu1 user=510 nice=0 system=1724 idle=204219 iowait=0 irq=67836 softirq=63 steal=0
[host_monotonic_s=144504.844693] RT_CPUSTAT sample=589 cpu=cpu0 user=270515 nice=0 system=10788 idle=2474 iowait=0 irq=15493 softirq=184 steal=0
[host_monotonic_s=144504.862055] RT_CPUSTAT sample=589 cpu=cpu1 user=511 nice=0 system=1727 idle=204559 iowait=0 irq=67954 softirq=64 steal=0
[host_monotonic_s=144504.880169] RT_CPUSTAT sample=590 cpu=cpu0 user=270994 nice=0 system=10788 idle=2474 iowait=0 irq=15519 softirq=184 steal=0
[host_monotonic_s=144504.897749] RT_CPUSTAT sample=590 cpu=cpu1 user=511 nice=0 system=1731 idle=204902 iowait=0 irq=68069 softirq=64 steal=0
[host_monotonic_s=144504.915492] RT_CPUSTAT sample=591 cpu=cpu0 user=271461 nice=0 system=10798 idle=2474 iowait=0 irq=15545 softirq=185 steal=0
[host_monotonic_s=144504.932936] RT_CPUSTAT sample=591 cpu=cpu1 user=511 nice=0 system=1734 idle=205244 iowait=0 irq=68185 softirq=64 steal=0
[host_monotonic_s=144504.951013] RT_CPUSTAT sample=592 cpu=cpu0 user=271936 nice=0 system=10801 idle=2474 iowait=0 irq=15571 softirq=185 steal=0
[host_monotonic_s=144504.968688] RT_CPUSTAT sample=592 cpu=cpu1 user=512 nice=0 system=1736 idle=205584 iowait=0 irq=68303 softirq=64 steal=0
[host_monotonic_s=144504.986978] RT_CPUSTAT sample=593 cpu=cpu0 user=272414 nice=0 system=10803 idle=2474 iowait=0 irq=15597 softirq=185 steal=0
[host_monotonic_s=144505.004533] RT_CPUSTAT sample=593 cpu=cpu1 user=513 nice=0 system=1739 idle=205926 iowait=0 irq=68420 softirq=64 steal=0
[host_monotonic_s=144505.022211] RT_CPUSTAT sample=594 cpu=cpu0 user=272858 nice=0 system=10837 idle=2474 iowait=0 irq=15623 softirq=186 steal=0
[host_monotonic_s=144505.339051] RT_CPUSTAT sample=594 cpu=cpu1 user=513 nice=0 system=1741 idle=206268 iowait=0 irq=68535 softirq=64 steal=0
[host_monotonic_s=144505.339067] RT_CPUSTAT sample=595 cpu=cpu0 user=273309 nice=0 system=10863 idle=2474 iowait=0 irq=15649 softirq=186 steal=0
[host_monotonic_s=144505.339071] RT_CPUSTAT sample=595 cpu=cpu1 user=514 nice=0 system=1743 idle=206608 iowait=0 irq=68652 softirq=64 steal=0
[host_monotonic_s=144505.356978] RT_CPUSTAT sample=596 cpu=cpu0 user=273765 nice=0 system=10886 idle=2474 iowait=0 irq=15675 softirq=186 steal=0
[host_monotonic_s=144505.374442] RT_CPUSTAT sample=596 cpu=cpu1 user=515 nice=0 system=1747 idle=206955 iowait=0 irq=68764 softirq=64 steal=0
[host_monotonic_s=144505.392253] RT_CPUSTAT sample=597 cpu=cpu0 user=274229 nice=0 system=10899 idle=2474 iowait=0 irq=15701 softirq=187 steal=0
[host_monotonic_s=144505.409953] RT_CPUSTAT sample=597 cpu=cpu1 user=516 nice=0 system=1750 idle=207299 iowait=0 irq=68878 softirq=64 steal=0
[host_monotonic_s=144505.428063] RT_CPUSTAT sample=598 cpu=cpu0 user=274685 nice=0 system=10921 idle=2474 iowait=0 irq=15728 softirq=187 steal=0
[host_monotonic_s=144505.446140] RT_CPUSTAT sample=598 cpu=cpu1 user=517 nice=0 system=1752 idle=207645 iowait=0 irq=68989 softirq=65 steal=0
[host_monotonic_s=144505.463991] RT_CPUSTAT sample=599 cpu=cpu0 user=275119 nice=0 system=10964 idle=2474 iowait=0 irq=15754 softirq=187 steal=0
[host_monotonic_s=144505.481065] RT_CPUSTAT sample=599 cpu=cpu1 user=518 nice=0 system=1756 idle=207988 iowait=0 irq=69103 softirq=65 steal=0
[host_monotonic_s=144505.498957] RT_CPUSTAT sample=600 cpu=cpu0 user=275538 nice=0 system=11022 idle=2474 iowait=0 irq=15780 softirq=187 steal=0
[host_monotonic_s=144505.516041] RT_CPUSTAT sample=600 cpu=cpu1 user=519 nice=0 system=1759 idle=208332 iowait=0 irq=69216 softirq=65 steal=0
[host_monotonic_s=144505.533981] RT_CPUSTAT sample=601 cpu=cpu0 user=276012 nice=0 system=11026 idle=2474 iowait=0 irq=15806 softirq=188 steal=0
[host_monotonic_s=144505.551639] RT_CPUSTAT sample=601 cpu=cpu1 user=520 nice=0 system=1763 idle=208668 iowait=0 irq=69335 softirq=65 steal=0
[host_monotonic_s=144505.569176] RT_CPUSTAT sample=602 cpu=cpu0 user=276457 nice=0 system=11059 idle=2474 iowait=0 irq=15833 softirq=188 steal=0
[host_monotonic_s=144505.586546] RT_CPUSTAT sample=602 cpu=cpu1 user=521 nice=0 system=1765 idle=209008 iowait=0 irq=69451 softirq=65 steal=0
[host_monotonic_s=144505.889477] RT_CPUSTAT sample=603 cpu=cpu0 user=276917 nice=0 system=11077 idle=2474 iowait=0 irq=15859 softirq=188 steal=0
[host_monotonic_s=144505.889492] RT_CPUSTAT sample=603 cpu=cpu1 user=521 nice=0 system=1769 idle=209352 iowait=0 irq=69566 softirq=65 steal=0
[host_monotonic_s=144505.901950] RT_CPUSTAT sample=604 cpu=cpu0 user=277381 nice=0 system=11089 idle=2474 iowait=0 irq=15885 softirq=189 steal=0
[host_monotonic_s=144505.919255] RT_CPUSTAT sample=604 cpu=cpu1 user=523 nice=0 system=1771 idle=209690 iowait=0 irq=69684 softirq=65 steal=0
[host_monotonic_s=144505.937516] RT_CPUSTAT sample=605 cpu=cpu0 user=277858 nice=0 system=11090 idle=2474 iowait=0 irq=15911 softirq=189 steal=0
[host_monotonic_s=144505.956377] RT_CPUSTAT sample=605 cpu=cpu1 user=523 nice=0 system=1773 idle=210034 iowait=0 irq=stress-ng: info:  [68] skipped: 0
[host_monotonic_s=144505.964166] stress-ng: info:  [68] passed: 3: cpu (2) vm (1)
[host_monotonic_s=144505.969592] stress-ng: info:  [68] failed: 0
[host_monotonic_s=144505.977152] stress-ng: info:  [68] metrics untrustworthy: 0
[host_monotonic_s=144505.989739] stress-ng: info:  [68] successful run completed in 1 hour 2 mins 26.09 secs
[host_monotonic_s=144505.994702] 69799 softirq=65 steal=0
[host_monotonic_s=144506.013928] RT_CPUSTAT sample=606 cpu=cpu0 user=278325 nice=0 system=11101 idle=2474 iowait=0 irq=15937 softirq=189 steal=0
[host_monotonic_s=144506.032077] RT_CPUSTAT sample=606 cpu=cpu1 user=524 nice=0 system=1776 idle=210377 iowait=0 irq=69915 softirq=65 steal=0
[host_monotonic_s=144506.050841] RT_CPUSTAT sample=607 cpu=cpu0 user=278797 nice=0 system=11105 idle=2474 iowait=0 irq=15964 softirq=190 steal=0
[host_monotonic_s=144506.068658] RT_CPUSTAT sample=607 cpu=cpu1 user=525 nice=0 system=1779 idle=210718 iowait=0 irq=70031 softirq=66 steal=0
[host_monotonic_s=144506.087253] RT_CPUSTAT sample=608 cpu=cpu0 user=279272 nice=0 system=11108 idle=2474 iowait=0 irq=15989 softirq=190 steal=0
[host_monotonic_s=144506.105944] RT_CPUSTAT sample=608 cpu=cpu1 user=525 nice=0 system=1782 idle=211059 iowait=0 irq=70149 softirq=66 steal=0
[host_monotonic_s=144506.124555] RT_CPUSTAT sample=609 cpu=cpu0 user=279749 nice=0 system=11110 idle=2474 iowait=0 irq=16015 softirq=190 steal=0
[host_monotonic_s=144506.439726] RT_CPUSTAT sample=609 cpu=cpu1 user=528 nice=0 system=1784 idle=211400 iowait=0 irq=70266 softirq=66 steal=0
[host_monotonic_s=144506.439739] RT_CPUSTAT sample=610 cpu=cpu0 user=280208 nice=0 system=11129 idle=2474 iowait=0 irq=16042 softirq=191 steal=0
[host_monotonic_s=144506.439741] RT_CPUSTAT sample=610 cpu=cpu1 user=528 nice=0 system=1788 idle=211742 iowait=0 irq=70383 softirq=66 steal=0
[host_monotonic_s=144506.463678] RT_CPUSTAT sample=611 cpu=cpu0 user=280664 nice=0 system=11150 idle=2474 iowait=0 irq=16068 softirq=191 steal=0
[host_monotonic_s=144506.481818] RT_CPUSTAT sample=611 cpu=cpu1 user=529 nice=0 system=1791 idle=212086 iowait=0 irq=70497 softirq=66 steal=0
[host_monotonic_s=144506.500931] RT_CPUSTAT sample=612 cpu=cpu0 user=281109 nice=0 system=11183 idle=2474 iowait=0 irq=16094 softirq=191 steal=0
[host_monotonic_s=144506.519236] RT_CPUSTAT sample=612 cpu=cpu1 user=530 nice=0 system=1794 idle=212428 iowait=0 irq=70612 softirq=66 steal=0
[host_monotonic_s=144506.537798] RT_CPUSTAT sample=613 cpu=cpu0 user=281567 nice=0 system=11201 idle=2474 iowait=0 irq=16121 softirq=191 steal=0
[host_monotonic_s=144506.557792] RT_CPUSTAT sample=613 cpu=cpu1 user=530 nice=0 system=1796 idle=212770 iowait=0 irq=70726 softirq=66 steal=0
[host_monotonic_s=144506.576323] RT_CPUSTAT sample=614 cpu=cpu0 user=282022 nice=0 system=11224 idle=2474 iowait=0 irq=16147 softirq=192 steal=0
[host_monotonic_s=144506.594508] RT_CPUSTAT sample=614 cpu=cpu1 user=531 nice=0 system=1798 idle=213112 iowait=0 irq=70841 softirq=66 steal=0
[host_monotonic_s=144506.616554] RT_CPUSTAT sample=615 cpu=cpu0 user=282465 nice=0 system=11257 idle=2474 iowait=0 irq=16173 softirq=192 steal=0
[host_monotonic_s=144506.634870] RT_CPUSTAT sample=615 cpu=cpu1 user=531 nice=0 system=1801 idle=213454 iowait=0 irq=70956 softirq=66 steal=0
[host_monotonic_s=144506.653747] RT_CPUSTAT sample=616 cpu=cpu0 user=282915 nice=0 system=11286 idle=2474 iowait=0 irq=16199 softirq=192 steal=0
[host_monotonic_s=144506.672835] RT_CPUSTAT sample=616 cpu=cpu1 user=532 nice=0 system=1804 idle=213799 iowait=0 irq=71069 softirq=66 steal=0
[host_monotonic_s=144506.989975] RT_CPUSTAT sample=617 cpu=cpu0 user=283382 nice=0 system=11299 idle=2474 iowait=0 irq=16225 softirq=193 steal=0
[host_monotonic_s=144506.989987] RT_CPUSTAT sample=617 cpu=cpu1 user=533 nice=0 system=1806 idle=214143 iowait=0 irq=71184 softirq=67 steal=0
[host_monotonic_s=144506.989989] RT_CPUSTAT sample=618 cpu=cpu0 user=283817 nice=0 system=11341 idle=2474 iowait=0 irq=16251 softirq=193 steal=0
[host_monotonic_s=144507.005913] RT_CPUSTAT sample=618 cpu=cpu1 user=534 nice=0 system=1810 idle=214486 iowait=0 irq=71297 softirq=67 steal=0
[host_monotonic_s=144507.024244] RT_CPUSTAT sample=619 cpu=cpu0 user=284271 nice=0 system=11363 idle=2474 iowait=0 irq=16277 softirq=193 steal=0
[host_monotonic_s=144507.042692] RT_CPUSTAT sample=619 cpu=cpu1 user=535 nice=0 system=1813 idle=214829 iowait=0 irq=71411 softirq=67 steal=0
[host_monotonic_s=144507.061977] RT_CPUSTAT sample=620 cpu=cpu0 user=284749 nice=0 system=11364 idle=2474 iowait=0 irq=16304 softirq=194 steal=0
[host_monotonic_s=144507.079901] RT_CPUSTAT sample=620 cpu=cpu1 user=535 nice=0 system=1817 idle=215172 iowait=0 irq=71527 softirq=67 steal=0
[host_monotonic_s=144507.098167] RT_CPUSTAT sample=621 cpu=cpu0 user=285225 nice=0 system=11365 idle=2474 iowait=0 irq=16331 softirq=194 steal=0
[host_monotonic_s=144507.115823] RT_CPUSTAT sample=621 cpu=cpu1 user=537 nice=0 system=1821 idle=215512 iowait=0 irq=71644 softirq=67 steal=0
[host_monotonic_s=144507.134132] RT_CPUSTAT sample=622 cpu=cpu0 user=285691 nice=0 system=11378 idle=2474 iowait=0 irq=16357 softirq=194 steal=0
[host_monotonic_s=144507.152460] RT_CPUSTAT sample=622 cpu=cpu1 user=538 nice=0 system=1824 idle=215855 iowait=0 irq=71760 softirq=67 steal=0
[host_monotonic_s=144507.170803] RT_CPUSTAT sample=623 cpu=cpu0 user=286161 nice=0 system=11386 idle=2474 iowait=0 irq=16383 softirq=194 steal=0
[host_monotonic_s=144507.188835] RT_CPUSTAT sample=623 cpu=cpu1 user=538 nice=0 system=1827 idle=216196 iowait=0 irq=71876 softirq=67 steal=0
[host_monotonic_s=144507.208100] RT_CPUSTAT sample=624 cpu=cpu0 user=286639 nice=0 system=11386 idle=2474 iowait=0 irq=16409 softirq=195 steal=0
[host_monotonic_s=144507.226197] RT_CPUSTAT sample=624 cpu=cpu1 user=539 nice=0 system=1829 idle=216538 iowait=0 irq=71993 softirq=67 steal=0
[host_monotonic_s=144507.540399] RT_CPUSTAT sample=625 cpu=cpu0 user=287113 nice=0 system=11390 idle=2474 iowait=0 irq=16435 softirq=195 steal=0
[host_monotonic_s=144507.540413] RT_CPUSTAT sample=625 cpu=cpu1 user=540 nice=0 system=1832 idle=216883 iowait=0 irq=72107 softirq=68 steal=0
[host_monotonic_s=144507.540416] RT_CPUSTAT sample=626 cpu=cpu0 user=287553 nice=0 system=11426 idle=2474 iowait=0 irq=16461 softirq=195 steal=0
[host_monotonic_s=144507.558854] RT_CPUSTAT sample=626 cpu=cpu1 user=540 nice=0 system=1834 idle=217227 iowait=0 irq=72220 softirq=68 steal=0
[host_monotonic_s=144507.577329] RT_CPUSTAT sample=627 cpu=cpu0 user=288015 nice=0 system=11445 idle=2474 iowait=0 irq=16487 softirq=196 steal=0
[host_monotonic_s=144507.595281] RT_CPUSTAT sample=627 cpu=cpu1 user=541 nice=0 system=1837 idle=217572 iowait=0 irq=72335 softirq=68 steal=0
[host_monotonic_s=144507.613673] RT_CPUSTAT sample=628 cpu=cpu0 user=288470 nice=0 system=11466 idle=2474 iowait=0 irq=16514 softirq=196 steal=0
[host_monotonic_s=144507.631349] RT_CPUSTAT sample=628 cpu=cpu1 user=541 nice=0 system=1839 idle=217914 iowait=0 irq=72449 softirq=68 steal=0
[host_monotonic_s=144507.649817] RT_CPUSTAT sample=629 cpu=cpu0 user=288939 nice=0 system=11475 idle=2474 iowait=0 irq=16540 softirq=196 steal=0
[host_monotonic_s=144507.667340] RT_CPUSTAT sample=629 cpu=cpu1 user=542 nice=0 system=1843 idle=218258 iowait=0 irq=72564 softirq=68 steal=0
[host_monotonic_s=144507.685662] RT_CPUSTAT sample=630 cpu=cpu0 user=289398 nice=0 system=11496 idle=2474 iowait=0 irq=16566 softirq=197 steal=0
[host_monotonic_s=144507.703515] RT_CPUSTAT sample=630 cpu=cpu1 user=544 nice=0 system=1846 idle=218603 iowait=0 irq=72678 softirq=68 steal=0
[host_monotonic_s=144507.722832] RT_CPUSTAT sample=631 cpu=cpu0 user=289828 nice=0 system=11543 idle=2474 iowait=0 irq=16592 softirq=197 steal=0
[host_monotonic_s=144507.741399] RT_CPUSTAT sample=631 cpu=cpu1 user=545 nice=0 system=1849 idle=218946 iowait=0 irq=72792 softirq=68 steal=0
[host_monotonic_s=144507.759830] RT_CPUSTAT sample=632 cpu=cpu0 user=290280 nice=0 system=11567 idle=2474 iowait=0 irq=16619 softirq=197 steal=0
[host_monotonic_s=144507.778141] RT_CPUSTAT sample=632 cpu=cpu1 user=547 nice=0 system=1853 idle=219286 iowait=0 irq=72907 softirq=68 steal=0
[host_monotonic_s=144508.090876] RT_CPUSTAT sample=633 cpu=cpu0 user=290734 nice=0 system=11591 idle=2474 iowait=0 irq=16645 softirq=198 steal=0
[host_monotonic_s=144508.090888] RT_CPUSTAT sample=633 cpu=cpu1 user=547 nice=0 system=1855 idle=219631 iowait=0 irq=73022 softirq=68 steal=0
[host_monotonic_s=144508.090890] RT_CPUSTAT sample=634 cpu=cpu0 user=291191 nice=0 system=11614 idle=2474 iowait=0 irq=16671 softirq=198 steal=0
[host_monotonic_s=144508.110402] RT_CPUSTAT sample=634 cpu=cpu1 user=547 nice=0 system=1857 idle=219974 iowait=0 irq=73137 softirq=69 steal=0
[host_monotonic_s=144508.129391] RT_CPUSTAT sample=635 cpu=cpu0 user=291645 nice=0 system=11639 idle=2474 iowait=0 irq=16696 softirq=198 steal=0
[host_monotonic_s=144508.147807] RT_CPUSTAT sample=635 cpu=cpu1 user=548 nice=0 system=1861 idle=220321 iowait=0 irq=73249 softirq=69 steal=0
[host_monotonic_s=144508.166304] RT_CPUSTAT sample=636 cpu=cpu0 user=292121 nice=0 system=11639 idle=2474 iowait=0 irq=16722 softirq=198 steal=0
[host_monotonic_s=144508.183792] RT_CPUSTAT sample=636 cpu=cpu1 user=549 nice=0 system=1864 idle=220666 iowait=0 irq=73362 softirq=69 steal=0
[host_monotonic_s=144508.202106] RT_CPUSTAT sample=637 cpu=cpu0 user=292599 nice=0 system=11640 idle=2474 iowait=0 irq=16748 softirq=199 steal=0
[host_monotonic_s=144508.219707] RT_CPUSTAT sample=637 cpu=cpu1 user=549 nice=0 system=1867 idle=221016 iowait=0 irq=73471 softirq=69 steal=0
[host_monotonic_s=144508.238109] RT_CPUSTAT sample=638 cpu=cpu0 user=293071 nice=0 system=11646 idle=2474 iowait=0 irq=16774 softirq=199 steal=0
[host_monotonic_s=144508.255686] RT_CPUSTAT sample=638 cpu=cpu1 user=550 nice=0 system=1871 idle=221363 iowait=0 irq=73582 softirq=69 steal=0
[host_monotonic_s=144508.274254] RT_CPUSTAT sample=639 cpu=cpu0 user=293544 nice=0 system=11651 idle=2474 iowait=0 irq=16800 softirq=199 steal=0
[host_monotonic_s=144508.292074] RT_CPUSTAT sample=639 cpu=cpu1 user=551 nice=0 system=1875 idle=221707 iowait=0 irq=73697 softirq=69 steal=0
[host_monotonic_s=144508.310370] RT_CPUSTAT sample=640 cpu=cpu0 user=294022 nice=0 system=11652 idle=2474 iowait=0 irq=16825 softirq=200 steal=0
[host_monotonic_s=144508.328063] RT_CPUSTAT sample=640 cpu=cpu1 user=552 nice=0 system=1878 idle=222048 iowait=0 irq=73813 softirq=69 steal=0
[host_monotonic_s=144508.641422] RT_CPUSTAT sample=641 cpu=cpu0 user=294488 nice=0 system=11664 idle=2474 iowait=0 irq=16851 softirq=200 steal=0
[host_monotonic_s=144508.641436] RT_CPUSTAT sample=641 cpu=cpu1 user=553 nice=0 system=1881 idle=222392 iowait=0 irq=73927 softirq=69 steal=0
[host_monotonic_s=144508.641439] RT_CPUSTAT sample=642 cpu=cpu0 user=294948 nice=0 system=11682 idle=2474 iowait=0 irq=16878 softirq=200 steal=0
[host_monotonic_s=144508.661286] RT_CPUSTAT sample=642 cpu=cpu1 user=554 nice=0 system=1884 idle=222734 iowait=0 irq=74043 softirq=69 steal=0
[host_monotonic_s=144508.679676] RT_CPUSTAT sample=643 cpu=cpu0 user=295407 nice=0 system=11700 idle=2474 iowait=0 irq=16904 softirq=200 steal=0
[host_monotonic_s=144508.697535] RT_CPUSTAT sample=643 cpu=cpu1 user=554 nice=0 system=1887 idle=223074 iowait=0 irq=74159 softirq=70 steal=0
[host_monotonic_s=144508.716023] RT_CPUSTAT sample=644 cpu=cpu0 user=295864 nice=0 system=11719 idle=2474 iowait=0 irq=16931 softirq=201 steal=0
[host_monotonic_s=144508.734256] RT_CPUSTAT sample=644 cpu=cpu1 user=556 nice=0 system=1889 idle=223418 iowait=0 irq=74273 softirq=70 steal=0
[host_monotonic_s=144508.752792] RT_CPUSTAT sample=645 cpu=cpu0 user=296333 nice=0 system=11730 idle=2474 iowait=0 irq=16957 softirq=201 steal=0
[host_monotonic_s=144508.770856] RT_CPUSTAT sample=645 cpu=cpu1 user=556 nice=0 system=1890 idle=223759 iowait=0 irq=74391 softirq=70 steal=0
[host_monotonic_s=144508.789308] RT_CPUSTAT sample=646 cpu=cpu0 user=296785 nice=0 system=11754 idle=2474 iowait=0 irq=16984 softirq=201 steal=0
[host_monotonic_s=144508.807161] RT_CPUSTAT sample=646 cpu=cpu1 user=558 nice=0 system=1892 idle=224100 iowait=0 irq=74507 softirq=70 steal=0
[host_monotonic_s=144508.825486] RT_CPUSTAT sample=647 cpu=cpu0 user=297205 nice=0 system=11812 idle=2474 iowait=0 irq=17010 softirq=202 steal=0
[host_monotonic_s=144508.843495] RT_CPUSTAT sample=647 cpu=cpu1 user=559 nice=0 system=1895 idle=224445 iowait=0 irq=74622 softirq=70 steal=0
[host_monotonic_s=144508.862343] RT_CPUSTAT sample=648 cpu=cpu0 user=297670 nice=0 system=11824 idle=2474 iowait=0 irq=17037 softirq=202 steal=0
[host_monotonic_s=144508.880292] RT_CPUSTAT sample=648 cpu=cpu1 user=559 nice=0 system=1896 idle=224788 iowait=0 irq=74735 softirq=70 steal=0
[host_monotonic_s=144509.191858] RT_CPUSTAT sample=649 cpu=cpu0 user=298110 nice=0 system=11861 idle=2474 iowait=0 irq=17063 softirq=202 steal=0
[host_monotonic_s=144509.191870] RT_CPUSTAT sample=649 cpu=cpu1 user=561 nice=0 system=1898 idle=225131 iowait=0 irq=74850 softirq=70 steal=0
[host_monotonic_s=144509.191873] RT_CPUSTAT sample=650 cpu=cpu0 user=298561 nice=0 system=11888 idle=2474 iowait=0 irq=17090 softirq=203 steal=0
[host_monotonic_s=144509.216567] RT_CPUSTAT sample=650 cpu=cpu1 user=562 nice=0 system=1899 idle=225479 iowait=0 irq=74962 softirq=70 steal=0
[host_monotonic_s=144509.235007] RT_CPUSTAT sample=651 cpu=cpu0 user=299024 nice=0 system=11904 idle=2474 iowait=0 irq=17116 softirq=203 steal=0
[host_monotonic_s=144509.253021] RT_CPUSTAT sample=651 cpu=cpu1 user=564 nice=0 system=1902 idle=225820 iowait=0 irq=75079 softirq=70 steal=0
[host_monotonic_s=144509.272092] RT_CPUSTAT sample=652 cpu=cpu0 user=299500 nice=0 system=11904 idle=2474 iowait=0 irq=17142 softirq=203 steal=0
[host_monotonic_s=144509.290240] RT_CPUSTAT sample=652 cpu=cpu1 user=564 nice=0 system=1904 idle=226163 iowait=0 irq=75193 softirq=71 steal=0
[host_monotonic_s=144509.309377] RT_CPUSTAT sample=653 cpu=cpu0 user=299978 nice=0 system=11905 idle=2474 iowait=0 irq=17168 softirq=204 steal=0
[host_monotonic_s=144509.327330] RT_CPUSTAT sample=653 cpu=cpu1 user=565 nice=0 system=1909 idle=226506 iowait=0 irq=75309 softirq=71 steal=0
[host_monotonic_s=144509.345655] RT_CPUSTAT sample=654 cpu=cpu0 user=300447 nice=0 system=11913 idle=2474 iowait=0 irq=17195 softirq=204 steal=0
[host_monotonic_s=144509.363742] RT_CPUSTAT sample=654 cpu=cpu1 user=566 nice=0 system=1913 idle=226848 iowait=0 irq=75424 softirq=71 steal=0
[host_monotonic_s=144509.382190] RT_CPUSTAT sample=655 cpu=cpu0 user=300923 nice=0 system=11917 idle=2474 iowait=0 irq=17220 softirq=204 steal=0
[host_monotonic_s=144509.399877] RT_CPUSTAT sample=655 cpu=cpu1 user=567 nice=0 system=1914 idle=227189 iowait=0 irq=75542 softirq=71 steal=0
[host_monotonic_s=144509.418810] RT_CPUSTAT sample=656 cpu=cpu0 user=301399 nice=0 system=11918 idle=2474 iowait=0 irq=17247 softirq=205 steal=0
[host_monotonic_s=144509.436860] RT_CPUSTAT sample=656 cpu=cpu1 user=568 nice=0 system=1917 idle=227532 iowait=0 irq=75657 softirq=71 steal=0
[host_monotonic_s=144509.742463] RT_CPUSTAT sample=657 cpu=cpu0 user=301859 nice=0 system=11936 idle=2474 iowait=0 irq=17273 softirq=205 steal=0
[host_monotonic_s=144509.742475] RT_CPUSTAT sample=657 cpu=cpu1 user=569 nice=0 system=1919 idle=227876 iowait=0 irq=75771 softirq=71 steal=0
[host_monotonic_s=144509.752535] RT_CPUSTAT sample=658 cpu=cpu0 user=302306 nice=0 system=11966 idle=2474 iowait=0 irq=17299 softirq=205 steal=0
[host_monotonic_s=144509.771075] RT_CPUSTAT sample=658 cpu=cpu1 user=570 nice=0 system=1920 idle=228217 iowait=0 irq=75885 softirq=71 steal=0
[host_monotonic_s=144509.790330] RT_CPUSTAT sample=659 cpu=cpu0 user=302766 nice=0 system=11985 idle=2474 iowait=0 irq=17325 softirq=205 steal=0
[host_monotonic_s=144509.808131] RT_CPUSTAT sample=659 cpu=cpu1 user=571 nice=0 system=1923 idle=228562 iowait=0 irq=75999 softirq=71 steal=0
[host_monotonic_s=144509.826573] RT_CPUSTAT sample=660 cpu=cpu0 user=303218 nice=0 system=12010 idle=2474 iowait=0 irq=17352 softirq=206 steal=0
[host_monotonic_s=144509.844712] RT_CPUSTAT sample=660 cpu=cpu1 user=572 nice=0 system=1926 idle=228906 iowait=0 irq=76112 softirq=72 steal=0
[host_monotonic_s=144509.863634] RT_CPUSTAT sample=661 cpu=cpu0 user=303685 nice=0 system=12022 idle=2474 iowait=0 irq=17378 softirq=206 steal=0
[host_monotonic_s=144509.881811] RT_CPUSTAT sample=661 cpu=cpu1 user=573 nice=0 system=1929 idle=229251 iowait=0 irq=76224 softirq=72 steal=0
[host_monotonic_s=144509.899938] RT_CPUSTAT sample=662 cpu=cpu0 user=304143 nice=0 system=12041 idle=2474 iowait=0 irq=17405 softirq=206 steal=0
[host_monotonic_s=144509.917661] RT_CPUSTAT sample=662 cpu=cpu1 user=574 nice=0 system=1933 idle=229596 iowait=0 irq=76337 softirq=72 steal=0
[host_monotonic_s=144509.935947] RT_CPUSTAT sample=663 cpu=cpu0 user=304542 nice=0 system=12122 idle=2474 iowait=0 irq=17431 softirq=207 steal=0
[host_monotonic_s=144509.954657] RT_CPUSTAT sample=663 cpu=cpu1 user=576 nice=0 system=1937 idle=229943 iowait=0 irq=76448 softirq=72 steal=0
[host_monotonic_s=144509.973713] RT_CPUSTAT sample=664 cpu=cpu0 user=305004 nice=0 system=12136 idle=2474 iowait=0 irq=17458 softirq=207 steal=0
[host_monotonic_s=144510.292819] RT_CPUSTAT sample=664 cpu=cpu1 user=577 nice=0 system=1942 idle=230289 iowait=0 irq=76559 softirq=72 steal=0
[host_monotonic_s=144510.292831] RT_CPUSTAT sample=665 cpu=cpu0 user=305456 nice=0 system=12160 idle=2474 iowait=0 irq=17484 softirq=207 steal=0
[host_monotonic_s=144510.292833] RT_CPUSTAT sample=665 cpu=cpu1 user=578 nice=0 system=1946 idle=230632 iowait=0 irq=76673 softirq=72 steal=0
[host_monotonic_s=144510.307599] RT_CPUSTAT sample=666 cpu=cpu0 user=305913 nice=0 system=12180 idle=2474 iowait=0 irq=17511 softirq=208 steal=0
[host_monotonic_s=144510.325830] RT_CPUSTAT sample=666 cpu=cpu1 user=581 nice=0 system=1949 idle=230974 iowait=0 irq=76787 softirq=72 steal=0
[host_monotonic_s=144510.344182] RT_CPUSTAT sample=667 cpu=cpu0 user=306380 nice=0 system=12192 idle=2474 iowait=0 irq=17537 softirq=208 steal=0
[host_monotonic_s=144510.363009] RT_CPUSTAT sample=667 cpu=cpu1 user=581 nice=0 system=1950 idle=231318 iowait=0 irq=76901 softirq=72 steal=0
[host_monotonic_s=144510.381567] RT_CPUSTAT sample=668 cpu=cpu0 user=306856 nice=0 system=12192 idle=2474 iowait=0 irq=17564 softirq=208 steal=0
[host_monotonic_s=144510.400051] RT_CPUSTAT sample=668 cpu=cpu1 user=582 nice=0 system=1953 idle=231660 iowait=0 irq=77015 softirq=72 steal=0
[host_monotonic_s=144510.418237] RT_CPUSTAT sample=669 cpu=cpu0 user=307322 nice=0 system=12205 idle=2474 iowait=0 irq=17590 softirq=209 steal=0
[host_monotonic_s=144510.436603] RT_CPUSTAT sample=669 cpu=cpu1 user=583 nice=0 system=1956 idle=232003 iowait=0 irq=77132 softirq=73 steal=0
[host_monotonic_s=144510.455466] RT_CPUSTAT sample=670 cpu=cpu0 user=307794 nice=0 system=12212 idle=2474 iowait=0 irq=17616 softirq=209 steal=0
[host_monotonic_s=144510.474417] RT_CPUSTAT sample=670 cpu=cpu1 user=584 nice=0 system=1960 idle=232347 iowait=0 irq=77247 softirq=73 steal=0
[host_monotonic_s=144510.493488] RT_CPUSTAT sample=671 cpu=cpu0 user=308269 nice=0 system=12216 idle=2474 iowait=0 irq=17641 softirq=209 steal=0
[host_monotonic_s=144510.512516] RT_CPUSTAT sample=671 cpu=cpu1 user=584 nice=0 system=1962 idle=232689 iowait=0 irq=77364 softirq=73 steal=0
[host_monotonic_s=144510.531022] RT_CPUSTAT sample=672 cpu=cpu0 user=308744 nice=0 system=12217 idle=2474 iowait=0 irq=17667 softirq=209 steal=0
[host_monotonic_s=144510.843403] RT_CPUSTAT sample=672 cpu=cpu1 user=586 nice=0 system=1965 idle=233030 iowait=0 irq=77479 softirq=73 steal=0
[host_monotonic_s=144510.843420] RT_CPUSTAT sample=673 cpu=cpu0 user=309198 nice=0 system=12241 idle=2474 iowait=0 irq=17694 softirq=210 steal=0
[host_monotonic_s=144510.843423] RT_CPUSTAT sample=673 cpu=cpu1 user=588 nice=0 system=1968 idle=233374 iowait=0 irq=77594 softirq=73 steal=0
[host_monotonic_s=144510.864110] RT_CPUSTAT sample=674 cpu=cpu0 user=309649 nice=0 system=12266 idle=2474 iowait=0 irq=17720 softirq=210 steal=0
[host_monotonic_s=144510.882095] RT_CPUSTAT sample=674 cpu=cpu1 user=588 nice=0 system=1972 idle=233719 iowait=0 irq=77706 softirq=73 steal=0
[host_monotonic_s=144510.900946] RT_CPUSTAT sample=675 cpu=cpu0 user=310110 nice=0 system=12283 idle=2474 iowait=0 irq=17747 softirq=210 steal=0
[host_monotonic_s=144510.918903] RT_CPUSTAT sample=675 cpu=cpu1 user=589 nice=0 system=1975 idle=234059 iowait=0 irq=77824 softirq=73 steal=0
[host_monotonic_s=144510.937726] RT_CPUSTAT sample=676 cpu=cpu0 user=310566 nice=0 system=12304 idle=2474 iowait=0 irq=17773 softirq=211 steal=0
[host_monotonic_s=144510.956154] RT_CPUSTAT sample=676 cpu=cpu1 user=590 nice=0 system=1978 idle=234401 iowait=0 irq=77939 softirq=73 steal=0
[host_monotonic_s=144510.974661] RT_CPUSTAT sample=677 cpu=cpu0 user=311014 nice=0 system=12334 idle=2474 iowait=0 irq=17799 softirq=211 steal=0
[host_monotonic_s=144510.992641] RT_CPUSTAT sample=677 cpu=cpu1 user=590 nice=0 system=1982 idle=234744 iowait=0 irq=78054 softirq=73 steal=0
[host_monotonic_s=144511.010999] RT_CPUSTAT sample=678 cpu=cpu0 user=311441 nice=0 system=12384 idle=2474 iowait=0 irq=17824 softirq=211 steal=0
[host_monotonic_s=144511.029007] RT_CPUSTAT sample=678 cpu=cpu1 user=591 nice=0 system=1986 idle=235088 iowait=0 irq=78166 softirq=74 steal=0
[host_monotonic_s=144511.047897] RT_CPUSTAT sample=679 cpu=cpu0 user=311875 nice=0 system=12428 idle=2474 iowait=0 irq=17850 softirq=212 steal=0
[host_monotonic_s=144511.065707] RT_CPUSTAT sample=679 cpu=cpu1 user=593 nice=0 system=1988 idle=235430 iowait=0 irq=78281 softirq=74 steal=0
[host_monotonic_s=144511.084515] RT_CPUSTAT sample=680 cpu=cpu0 user=312348 nice=0 system=12433 idle=2474 iowait=0 irq=17877 softirq=212 steal=0
[host_monotonic_s=144511.393693] RT_CPUSTAT sample=680 cpu=cpu1 user=594 nice=0 system=1992 idle=235773 iowait=0 irq=78396 softirq=74 steal=0
[host_monotonic_s=144511.393704] RT_CPUSTAT sample=681 cpu=cpu0 user=312801 nice=0 system=12458 idle=2474 iowait=0 irq=17903 softirq=212 steal=0
[host_monotonic_s=144511.398544] RT_CPUSTAT sample=681 cpu=cpu1 user=595 nice=0 system=1994 idle=236115 iowait=0 irq=78513 softirq=74 steal=0
[host_monotonic_s=144511.418645] RT_CPUSTAT sample=682 cpu=cpu0 user=313253 nice=0 system=12483 idle=2474 iowait=0 irq=17930 softirq=213 steal=0
[host_monotonic_s=144511.436557] RT_CPUSTAT sample=682 cpu=cpu1 user=596 nice=0 system=1996 idle=236454 iowait=0 irq=78631 softirq=74 steal=0
[host_monotonic_s=144511.455150] RT_CPUSTAT sample=683 cpu=cpu0 user=313719 nice=0 system=12493 idle=2474 iowait=0 irq=17957 softirq=213 steal=0
[host_monotonic_s=144511.473003] RT_CPUSTAT sample=683 cpu=cpu1 user=596 nice=0 system=1998 idle=236791 iowait=0 irq=78750 softirq=74 steal=0
[host_monotonic_s=144511.491519] RT_CPUSTAT sample=684 cpu=cpu0 user=314196 nice=0 system=12494 idle=2474 iowait=0 irq=17984 softirq=213 steal=0
[host_monotonic_s=144511.509936] RT_CPUSTAT sample=684 cpu=cpu1 user=598 nice=0 system=1999 idle=237133 iowait=0 irq=78866 softirq=74 steal=0
[host_monotonic_s=144511.528632] RT_CPUSTAT sample=685 cpu=cpu0 user=314668 nice=0 system=12499 idle=2474 iowait=0 irq=18010 softirq=214 steal=0
[host_monotonic_s=144511.548316] RT_CPUSTAT sample=685 cpu=cpu1 user=598 nice=0 system=2001 idle=237478 iowait=0 irq=78978 softirq=74 steal=0
[host_monotonic_s=144511.566951] RT_CPUSTAT sample=686 cpu=cpu0 user=315140 nice=0 system=12506 idle=2474 iowait=0 irq=18036 softirq=214 steal=0
[host_monotonic_s=144511.584804] RT_CPUSTAT sample=686 cpu=cpu1 user=598 nice=0 system=2005 idle=237819 iowait=0 irq=79095 softirq=74 steal=0
[host_monotonic_s=144511.603842] RT_CPUSTAT sample=687 cpu=cpu0 user=315613 nice=0 system=12508 idle=2474 iowait=0 irq=18062 softirq=214 steal=0
[host_monotonic_s=144511.621703] RT_CPUSTAT sample=687 cpu=cpu1 user=598 nice=0 system=2008 idle=238159 iowait=0 irq=79211 softirq=74 steal=0
[host_monotonic_s=144511.640183] RT_CPUSTAT sample=688 cpu=cpu0 user=316091 nice=0 system=12509 idle=2474 iowait=0 irq=18089 softirq=214 steal=0
[host_monotonic_s=144511.944155] RT_CPUSTAT sample=688 cpu=cpu1 user=599 nice=0 system=2010 idle=238508 iowait=0 irq=79322 softirq=75 steal=0
[host_monotonic_s=144511.944166] RT_CPUSTAT sample=689 cpu=cpu0 user=316535 nice=0 system=12542 idle=2474 iowait=0 irq=18116 softirq=215 steal=0
[host_monotonic_s=144511.955151] RT_CPUSTAT sample=689 cpu=cpu1 user=600 nice=0 system=2014 idle=238849 iowait=0 irq=79439 softirq=75 steal=0
[host_monotonic_s=144511.973531] RT_CPUSTAT sample=690 cpu=cpu0 user=316990 nice=0 system=12565 idle=2474 iowait=0 irq=18142 softirq=215 steal=0
[host_monotonic_s=144511.992484] RT_CPUSTAT sample=690 cpu=cpu1 user=601 nice=0 system=2017 idle=239190 iowait=0 irq=79553 softirq=75 steal=0
[host_monotonic_s=144512.010999] RT_CPUSTAT sample=691 cpu=cpu0 user=317450 nice=0 system=12581 idle=2474 iowait=0 irq=18169 softirq=215 steal=0
[host_monotonic_s=144512.029412] RT_CPUSTAT sample=691 cpu=cpu1 user=601 nice=0 system=2020 idle=239534 iowait=0 irq=79667 softirq=75 steal=0
[host_monotonic_s=144512.048749] RT_CPUSTAT sample=692 cpu=cpu0 user=317918 nice=0 system=12591 idle=2474 iowait=0 irq=18196 softirq=216 steal=0
[host_monotonic_s=144512.066849] RT_CPUSTAT sample=692 cpu=cpu1 user=601 nice=0 system=2022 idle=239877 iowait=0 irq=79783 softirq=75 steal=0
[host_monotonic_s=144512.086589] RT_CPUSTAT sample=693 cpu=cpu0 user=318361 nice=0 system=12624 idle=2474 iowait=0 irq=18222 softirq=216 steal=0
[host_monotonic_s=144512.104442] RT_CPUSTAT sample=693 cpu=cpu1 user=603 nice=0 system=2028 idle=240221 iowait=0 irq=79896 softirq=75 steal=0
[host_monotonic_s=144512.123175] RT_CPUSTAT sample=694 cpu=cpu0 user=318801 nice=0 system=12662 idle=2474 iowait=0 irq=18248 softirq=216 steal=0
[host_monotonic_s=144512.141421] RT_CPUSTAT sample=694 cpu=cpu1 user=604 nice=0 system=2032 idle=240568 iowait=0 irq=80007 softirq=75 steal=0
[host_monotonic_s=144512.160423] RT_CPUSTAT sample=695 cpu=cpu0 user=319261 nice=0 system=12680 idle=2474 iowait=0 irq=18275 softirq=217 steal=0
[host_monotonic_s=144512.178712] RT_CPUSTAT sample=695 cpu=cpu1 user=605 nice=0 system=2034 idle=240910 iowait=0 irq=80123 softirq=75 steal=0
[host_monotonic_s=144512.494664] RT_CPUSTAT sample=696 cpu=cpu0 user=319713 nice=0 system=12706 idle=2474 iowait=0 irq=18301 softirq=217 steal=0
[host_monotonic_s=144512.494676] RT_CPUSTAT sample=696 cpu=cpu1 user=605 nice=0 system=2035 idle=241251 iowait=0 irq=80239 softirq=75 steal=0
[host_monotonic_s=144512.494679] RT_CPUSTAT sample=697 cpu=cpu0 user=320154 nice=0 system=12741 idle=2474 iowait=0 irq=18328 softirq=217 steal=0
[host_monotonic_s=144512.512129] RT_CPUSTAT sample=697 cpu=cpu1 user=606 nice=0 system=2037 idle=241590 iowait=0 irq=80355 softirq=76 steal=0
[host_monotonic_s=144512.530719] RT_CPUSTAT sample=698 cpu=cpu0 user=320594 nice=0 system=12779 idle=2474 iowait=0 irq=18354 softirq=218 steal=0
[host_monotonic_s=144512.548940] RT_CPUSTAT sample=698 cpu=cpu1 user=608 nice=0 system=2041 idle=241937 iowait=0 irq=80467 softirq=76 steal=0
[host_monotonic_s=144512.568666] RT_CPUSTAT sample=699 cpu=cpu0 user=321072 nice=0 system=12779 idle=2474 iowait=0 irq=18380 softirq=218 steal=0
[host_monotonic_s=144512.586539] RT_CPUSTAT sample=699 cpu=cpu1 user=609 nice=0 system=2043 idle=242282 iowait=0 irq=80580 softirq=76 steal=0
[host_monotonic_s=144512.604905] RT_CPUSTAT sample=700 cpu=cpu0 user=321548 nice=0 system=12780 idle=2474 iowait=0 irq=18407 softirq=218 steal=0
[host_monotonic_s=144512.623793] RT_CPUSTAT sample=700 cpu=cpu1 user=610 nice=0 system=2046 idle=242619 iowait=0 irq=80700 softirq=76 steal=0
[host_monotonic_s=144512.642944] RT_CPUSTAT sample=701 cpu=cpu0 user=322009 nice=0 system=12797 idle=2474 iowait=0 irq=18433 softirq=219 steal=0
[host_monotonic_s=144512.660765] RT_CPUSTAT sample=701 cpu=cpu1 user=611 nice=0 system=2049 idle=242963 iowait=0 irq=80814 softirq=76 steal=0
[host_monotonic_s=144512.679700] RT_CPUSTAT sample=702 cpu=cpu0 user=322480 nice=0 system=12804 idle=2474 iowait=0 irq=18460 softirq=219 steal=0
[host_monotonic_s=144512.698663] RT_CPUSTAT sample=702 cpu=cpu1 user=612 nice=0 system=2053 idle=243303 iowait=0 irq=80931 softirq=76 steal=0
[host_monotonic_s=144512.718102] RT_CPUSTAT sample=703 cpu=cpu0 user=322955 nice=0 system=12804 idle=2474 iowait=0 irq=18487 softirq=219 steal=0
[host_monotonic_s=144512.736405] RT_CPUSTAT sample=703 cpu=cpu1 user=612 nice=0 system=2057 idle=243647 iowait=0 irq=81043 softirq=76 steal=0
[host_monotonic_s=144513.045156] RT_CPUSTAT sample=704 cpu=cpu0 user=323425 nice=0 system=12811 idle=2474 iowait=0 irq=18513 softirq=219 steal=0
[host_monotonic_s=144513.045170] RT_CPUSTAT sample=704 cpu=cpu1 user=613 nice=0 system=2059 idle=243988 iowait=0 irq=81160 softirq=76 steal=0
[host_monotonic_s=144513.052799] RT_CPUSTAT sample=705 cpu=cpu0 user=323855 nice=0 system=12860 idle=2474 iowait=0 irq=18539 softirq=220 steal=0
[host_monotonic_s=144513.070628] RT_CPUSTAT sample=705 cpu=cpu1 user=614 nice=0 system=2062 idle=244332 iowait=0 irq=81274 softirq=76 steal=0
[host_monotonic_s=144513.088934] RT_CPUSTAT sample=706 cpu=cpu0 user=324323 nice=0 system=12869 idle=2474 iowait=0 irq=18565 softirq=220 steal=0
[host_monotonic_s=144513.107563] RT_CPUSTAT sample=706 cpu=cpu1 user=615 nice=0 system=2063 idle=244673 iowait=0 irq=81390 softirq=77 steal=0
[host_monotonic_s=144513.125938] RT_CPUSTAT sample=707 cpu=cpu0 user=324775 nice=0 system=12895 idle=2474 iowait=0 irq=18592 softirq=220 steal=0
[host_monotonic_s=144513.144407] RT_CPUSTAT sample=707 cpu=cpu1 user=616 nice=0 system=2066 idle=245017 iowait=0 irq=81505 softirq=77 steal=0
[host_monotonic_s=144513.163933] RT_CPUSTAT sample=708 cpu=cpu0 user=325244 nice=0 system=12903 idle=2474 iowait=0 irq=18619 softirq=221 steal=0
[host_monotonic_s=144513.181644] RT_CPUSTAT sample=708 cpu=cpu1 user=617 nice=0 system=2070 idle=245359 iowait=0 irq=81620 softirq=77 steal=0
[host_monotonic_s=144513.199733] RT_CPUSTAT sample=709 cpu=cpu0 user=325706 nice=0 system=12918 idle=2474 iowait=0 irq=18645 softirq=221 steal=0
[host_monotonic_s=144513.217578] RT_CPUSTAT sample=709 cpu=cpu1 user=617 nice=0 system=2072 idle=245693 iowait=0 irq=81741 softirq=77 steal=0
[host_monotonic_s=144513.236015] RT_CPUSTAT sample=710 cpu=cpu0 user=326147 nice=0 system=12953 idle=2474 iowait=0 irq=18672 softirq=221 steal=0
[host_monotonic_s=144513.254649] RT_CPUSTAT sample=710 cpu=cpu1 user=618 nice=0 system=2074 idle=246033 iowait=0 irq=81856 softirq=77 steal=0
[host_monotonic_s=144513.273696] RT_CPUSTAT sample=711 cpu=cpu0 user=326600 nice=0 system=12978 idle=2474 iowait=0 irq=18698 softirq=222 steal=0
[host_monotonic_s=144513.291899] RT_CPUSTAT sample=711 cpu=cpu1 user=619 nice=0 system=2078 idle=246377 iowait=0 irq=81971 softirq=77 steal=0
[host_monotonic_s=144513.595720] RT_CPUSTAT sample=712 cpu=cpu0 user=327058 nice=0 system=12998 idle=2474 iowait=0 irq=18725 softirq=222 steal=0
[host_monotonic_s=144513.595736] RT_CPUSTAT sample=712 cpu=cpu1 user=620 nice=0 system=2080 idle=246718 iowait=0 irq=82087 softirq=77 steal=0
[host_monotonic_s=144513.606965] RT_CPUSTAT sample=713 cpu=cpu0 user=327520 nice=0 system=13013 idle=2474 iowait=0 irq=18751 softirq=222 steal=0
[host_monotonic_s=144513.625428] RT_CPUSTAT sample=713 cpu=cpu1 user=621 nice=0 system=2082 idle=247062 iowait=0 irq=82202 softirq=77 steal=0
[host_monotonic_s=144513.644480] RT_CPUSTAT sample=714 cpu=cpu0 user=328140 nice=0 system=13044 idle=2474 iowait=0 irq=18786 softirq=223 steal=0
[host_monotonic_s=144513.662847] RT_CPUSTAT sample=714 cpu=cpu1 user=623 nice=0 system=2085 idle=247781 iowait=0 irq=82278 softirq=77 steal=0
[host_monotonic_s=144513.680946] RT_CPUSTAT sample=715 cpu=cpu0 user=328684 nice=0 system=13045 idle=2474 iowait=0 irq=18815 softirq=223 steal=0
[host_monotonic_s=144513.699446] RT_CPUSTAT sample=715 cpu=cpu1 user=623 nice=0 system=2085 idle=248501 iowait=0 irq=82278 softirq=77 steal=0
[host_monotonic_s=144513.718437] RT_CPUSTAT sample=716 cpu=cpu0 user=329201 nice=0 system=13051 idle=2474 iowait=0 irq=18844 softirq=223 steal=0
[host_monotonic_s=144513.736534] RT_CPUSTAT sample=716 cpu=cpu1 user=623 nice=0 system=2085 idle=249196 iowait=0 irq=82278 softirq=77 steal=0
[host_monotonic_s=144513.756117] RT_CPUSTAT sample=717 cpu=cpu0 user=329697 nice=0 system=13055 idle=2474 iowait=0 irq=18878 softirq=224 steal=0
[host_monotonic_s=144513.774146] RT_CPUSTAT sample=717 cpu=cpu1 user=623 nice=0 system=2085 idle=249878 iowait=0 irq=82278 softirq=77 steal=0
[host_monotonic_s=144513.792908] RT_CPUSTAT sample=718 cpu=cpu0 user=330198 nice=0 system=13057 idle=2474 iowait=0 irq=18906 softirq=224 steal=0
[host_monotonic_s=144513.811301] RT_CPUSTAT sample=718 cpu=cpu1 user=623 nice=0 system=2085 idle=250553 iowait=0 irq=82278 softirq=77 steal=0
[host_monotonic_s=144513.829862] RT_CPUSTAT sample=719 cpu=cpu0 user=330697 nice=0 system=13061 idle=2474 iowait=0 irq=18933 softirq=224 steal=0
[host_monotonic_s=144514.146429] RT_CPUSTAT sample=719 cpu=cpu1 user=623 nice=0 system=2085 idle=251228 iowait=0 irq=82278 softirq=77 steal=0
[host_monotonic_s=144514.146441] RT_CPUSTAT sample=720 cpu=cpu0 user=331160 nice=0 system=13091 idle=2474 iowait=0 irq=18959 softirq=224 steal=0
[host_monotonic_s=144514.146444] RT_CPUSTAT sample=720 cpu=cpu1 user=623 nice=0 system=2085 idle=251891 iowait=0 irq=82278 softirq=77 steal=0
[host_monotonic_s=144514.173725] RT_CPUSTAT sample=721 cpu=cpu0 user=331639 nice=0 system=13106 idle=2474 iowait=0 irq=18985 softirq=225 steal=0
[host_monotonic_s=144514.191922] RT_CPUSTAT sample=721 cpu=cpu1 user=623 nice=0 system=2085 idle=252555 iowait=0 irq=82278 softirq=77 steal=0
[host_monotonic_s=144514.210908] RT_CPUSTAT sample=722 cpu=cpu0 user=332121 nice=0 system=13121 idle=2474 iowait=0 irq=19011 softirq=225 steal=0
[host_monotonic_s=144514.228931] RT_CPUSTAT sample=722 cpu=cpu1 user=623 nice=0 system=2085 idle=253223 iowait=0 irq=82278 softirq=77 steal=0
[host_monotonic_s=144514.248063] RT_CPUSTAT sample=723 cpu=cpu0 user=332607 nice=0 system=13130 idle=2474 iowait=0 irq=19038 softirq=225 steal=0
[host_monotonic_s=144514.266283] RT_CPUSTAT sample=723 cpu=cpu1 user=623 nice=0 system=2085 idle=253889 iowait=0 irq=82278 softirq=77 steal=0
[host_monotonic_s=144514.284542] RT_CPUSTAT sample=724 cpu=cpu0 user=333075 nice=0 system=13159 idle=2474 iowait=0 irq=19063 softirq=226 steal=0
[host_monotonic_s=144514.302522] RT_CPUSTAT sample=724 cpu=cpu1 user=623 nice=0 system=2085 idle=254555 iowait=0 irq=82278 softirq=77 steal=0
[host_monotonic_s=144514.320674] RT_CPUSTAT sample=725 cpu=cpu0 user=333510 nice=0 system=13215 idle=2474 iowait=0 irq=19089 softirq=226 steal=0
[host_monotonic_s=144514.338669] RT_CPUSTAT sample=725 cpu=cpu1 user=623 nice=0 system=2085 idle=255216 iowait=0 irq=82278 softirq=77 steal=0
[host_monotonic_s=144514.358599] RT_CPUSTAT sample=726 cpu=cpu0 user=333995 nice=0 system=13227 idle=2474 iowait=0 irq=19116 softirq=226 steal=0
[host_monotonic_s=144514.376927] RT_CPUSTAT sample=726 cpu=cpu1 user=623 nice=0 system=2085 idle=255885 iowait=0 irq=82278 softirq=77 steal=0
[host_monotonic_s=144514.395957] RT_CPUSTAT sample=727 cpu=cpu0 user=334465 nice=0 system=13251 idle=2474 iowait=0 irq=19142 softirq=226 steal=0
[host_monotonic_s=144514.696911] RT_CPUSTAT sample=727 cpu=cpu1 user=623 nice=0 system=2085 idle=256551 iowait=0 irq=82278 softirq=77 steal=0
[host_monotonic_s=144514.696923] RT_CPUSTAT sample=728 cpu=cpu0 user=334947 nice=0 system=13262 idle=2474 iowait=0 irq=19169 softirq=227 steal=0
[host_monotonic_s=144514.710856] RT_CPUSTAT sample=728 cpu=cpu1 user=623 nice=0 system=2085 idle=257215 iowait=0 irq=82278 softirq=77 steal=0
[host_monotonic_s=144514.729848] RT_CPUSTAT sample=729 cpu=cpu0 user=335438 nice=0 system=13269 idle=2474 iowait=0 irq=19195 softirq=227 steal=0
[host_monotonic_s=144514.747547] RT_CPUSTAT sample=729 cpu=cpu1 user=623 nice=0 system=2085 idle=257883 iowait=0 irq=82278 softirq=77 steal=0
[host_monotonic_s=144514.766363] RT_CPUSTAT sample=730 cpu=cpu0 user=335931 nice=0 system=13270 idle=2474 iowait=0 irq=19222 softirq=227 steal=0
[host_monotonic_s=144514.784440] RT_CPUSTAT sample=730 cpu=cpu1 user=623 nice=0 system=2085 idle=258547 iowait=0 irq=82278 softirq=77 steal=0
[host_monotonic_s=144514.803183] RT_CPUSTAT sample=731 cpu=cpu0 user=336419 nice=0 system=13277 idle=2474 iowait=0 irq=19248 softirq=227 steal=0
[host_monotonic_s=144514.821439] RT_CPUSTAT sample=731 cpu=cpu1 user=623 nice=0 system=2085 idle=259213 iowait=0 irq=82278 softirq=77 steal=0
[host_monotonic_s=144514.840044] RT_CPUSTAT sample=732 cpu=cpu0 user=336907 nice=0 system=13287 idle=2474 iowait=0 irq=19274 softirq=228 steal=0
[host_monotonic_s=144514.858241] RT_CPUSTAT sample=732 cpu=cpu1 user=623 nice=0 system=2085 idle=259882 iowait=0 irq=82278 softirq=77 steal=0
[host_monotonic_s=144514.876786] RT_CPUSTAT sample=733 cpu=cpu0 user=337399 nice=0 system=13288 idle=2474 iowait=0 irq=19300 softirq=228 steal=0
[host_monotonic_s=144514.894845] RT_CPUSTAT sample=733 cpu=cpu1 user=623 nice=0 system=2085 idle=260544 iowait=0 irq=82278 softirq=77 steal=0
[host_monotonic_s=144514.913726] RT_CPUSTAT sample=734 cpu=cpu0 user=337887 nice=0 system=13295 idle=2474 iowait=0 irq=19325 softirq=228 steal=0
[host_monotonic_s=144514.931598] RT_CPUSTAT sample=734 cpu=cpu1 user=623 nice=0 system=2085 idle=261210 iowait=0 irq=82278 softirq=77 steal=0
[host_monotonic_s=144515.247439] RT_CPUSTAT sample=735 cpu=cpu0 user=338330 nice=0 system=13322 idle=2474 iowait=0 irq=19351 softirq=229 steal=0
[host_monotonic_s=144515.247445] RT_CPUSTAT sample=735 cpu=cpu1 user=623 nice=0 system=2085 idle=261849 iowait=0 irq=82278 softirq=77 steal=0
[host_monotonic_s=144516.981652] RT_INIT_DONE scenario=stress-rt
[host_monotonic_s=144516.995501] [ 3851.927290] reboot: Power down
[host_monotonic_s=144516.998144] [37m[3855.315921 2:17 axvm::runtime::hvc:352] [33mVM[1] PSCI_SYSTEM_OFF[m
[host_monotonic_s=144516.998342] [m[37m[3855.316181 2:17 axvm::vm:1360] [32mStopping VM[1]: SystemDown[m
[host_monotonic_s=144516.998706] [m
[host_monotonic_s=144516.998926] [Axvisor] VM[1] stopped; returning to the management shell[37m[3855.316651 2:17 axvm::runtime::vcpus:800] [33mVM[1] VCpu[0] stopping because of VM stopping[m
[host_monotonic_s=144516.998927] 
[host_monotonic_s=144516.999169] [m[37m[3855.316672 3:22 axvm::runtime::vcpus:800] [33mVM[1] VCpu[1] stopping because of VM stopping[m[2Kaxvisor:$ 
[host_monotonic_s=144516.999309] [m[37m[3855.316974 2:17 axvm::runtime::vcpus:838] [32mVM[1] VCpu[0] exiting...[m
[host_monotonic_s=144516.999553] [m[37m[3855.317169 3:22 axvm::runtime::vcpus:807] [32mVM[1] VCpu[1] last VCpu exiting, decreasing running VM count[m
[host_monotonic_s=144517.000507] [m[37m[3855.318327 3:22 axvm::runtime::vcpus:817] [32mVM[1] state changed to Stopped[m
[host_monotonic_s=144517.000661] [m[37m[3855.318510 3:22 axvm::runtime::vcpus:838] [32mVM[1] VCpu[1] exiting...[m
[host_monotonic_s=144518.303049] [m[2Kaxvisor:$ v[2Kaxvisor:$ vm[2Kaxvisor:$ vme[2Kaxvisor:$ vmex[2Kaxvisor:$ vmexi[2Kaxvisor:$ vmexit[2Kaxvisor:$ vmexit [2Kaxvisor:$ vmexit s[2Kaxvisor:$ vmexit st[2Kaxvisor:$ vmexit sta[2Kaxvisor:$ vmexit stat
[host_monotonic_s=144518.303061] VM-exit counters per physical CPU (12 reasons):
[host_monotonic_s=144518.304233]   cpu         irq     timer      mmio       wfi   hvc-smc    sysreg    gic-if       sgi    cpu-up  sys-down   nothing     other
[host_monotonic_s=144518.305042]     1       16687     16677     77459     16678         -         -         -         -         -         -         -         -
[host_monotonic_s=144518.305976]     2  1194114@312.4/s929557@243.2/s562220@139.5/s   226@0.0/s     8@0.0/s         -         -   109@0.0/s         -         -        11         -
[host_monotonic_s=144518.306620]     3  4243395@1111.0/s3952809@1034.9/s        523301184@864.1/s         -         -         -  2400@0.6/s         -         -         2         -
[host_monotonic_s=144518.306889] Host periodic scheduler ticks (event-driven timer IRQs excluded):
[host_monotonic_s=144518.307050]   cpu   0:     380563 (98.843/s)
[host_monotonic_s=144518.307134]   cpu   1:          0
[host_monotonic_s=144518.307282]   cpu   2:     380547 (98.837/s)
[host_monotonic_s=144518.309606]   cpu   3:     380564 (98.843/s)
[host_monotonic_s=144522.512384] axvisor:$ rt_experiment end_ns=1786833477893696893 elapsed_ms=3866131
