
--- before ---
VM-exit counters per physical CPU (12 reasons):
  cpu         irq     timer      mmio       wfi   hvc-smc    sysreg    gic-if       sgi    cpu-up  sys-down   nothing     other
    1       15046     15042     45423     15041         -         -         -         -         -         -         -         -
    2        1379      1024     31185       124         7         -         -       107         -         -        11         -
    3        1751      1603        52      2289         -         -         -        19         -         -         2         -
Host periodic scheduler ticks (event-driven timer IRQs excluded):
  cpu   0:       3253
  cpu   1:          0
  cpu   2:       3257
  cpu   3:       3254
axvisor:$ 
[2Kaxvisor:$ v
[2Kaxvisor:$ vm
[2Kaxvisor:$ vm 
[2Kaxvisor:$ vm c
[2Kaxvisor:$ vm co
[2Kaxvisor:$ vm con
[2Kaxvisor:$ vm cons
[2Kaxvisor:$ vm conso
[2Kaxvisor:$ vm consol
[2Kaxvisor:$ vm console
[2Kaxvisor:$ vm console 
[2Kaxvisor:$ vm console 2
✓ Attached VM[2] console; use Ctrl+X, then h to return to the shell
PERIODIC LATENCY START
sequence,timestamp_ns,deadline_ns,actual_ns,jitter_ns
0,10496656,37183010608,37183507264,496656
1,20707536,37193010608,37193718144,707536
2,30666864,37203010608,37203677472,666864
3,40736800,37213010608,37213747408,736800
4,50713776,37223010608,37223724384,713776
5,60689872,37233010608,37233700480,689872
6,70711312,37243010608,37243721920,711312
7,80844976,37253010608,37253855584,844976
8,90704592,37263010608,37263715200,704592
9,100702192,37273010608,37273712800,702192
10,110713616,37283010608,37283724224,713616
11,120817728,37293010608,37293828336,817728
12,130786992,37303010608,37303797600,786992
13,140915376,37313010608,37313925984,915376
14,150834112,37323010608,37323844720,834112
15,160914960,37333010608,37333925568,914960
16,170737120,37343010608,37343747728,737120
17,180865440,37353010608,37353876048,865440
18,190770352,37363010608,37363780960,770352
19,200735984,37373010608,37373746592,735984
20,210929056,37383010608,37383939664,929056
21,220822032,37393010608,37393832640,822032
22,230810896,37403010608,37403821504,810896
23,240871520,37413010608,37413882128,871520
24,250826944,37423010608,37423837552,826944
25,260833728,37433010608,37433844336,833728
26,270917456,37443010608,37443928064,917456
27,280774544,37453010608,37453785152,774544
28,290895328,37463010608,37463905936,895328
29,300903264,37473010608,37473913872,903264
30,310778144,37483010608,37483788752,778144
31,320901040,37493010608,37493911648,901040
32,330806656,37503010608,37503817264,806656
33,340652720,37513010608,37513663328,652720
34,350621920,37523010608,37523632528,621920
35,360775184,37533010608,37533785792,775184
36,370635712,37543010608,37543646320,635712
37,380624592,37553010608,37553635200,624592
38,390571904,37563010608,37563582512,571904
39,400601584,37573010608,37573612192,601584
40,410552960,37583010608,37583563568,552960
41,420602832,37593010608,37593613440,602832
42,430571472,37603010608,37603582080,571472
43,440603392,37613010608,37613614000,603392
44,450630752,37623010608,37623641360,630752
45,460595632,37633010608,37633606240,595632
46,470760144,37643010608,37643770752,760144
47,480594976,37653010608,37653605584,594976
48,490540800,37663010608,37663551408,540800
49,500740208,37673010608,37673750816,740208
50,510624304,37683010608,37683634912,624304
51,520571328,37693010608,37693581936,571328
52,530493952,37703010608,37703504560,493952
53,540627904,37713010608,37713638512,627904
54,550576752,37723010608,37723587360,576752
55,560715104,37733010608,37733725712,715104
56,570493568,37743010608,37743504176,493568
57,580540672,37753010608,37753551280,540672
58,590602640,37763010608,37763613248,602640
59,600604592,37773010608,37773615200,604592
60,610569152,37783010608,37783579760,569152
61,620723520,37793010608,37793734128,723520
62,630618336,37803010608,37803628944,618336
63,640602176,37813010608,37813612784,602176
64,650579584,37823010608,37823590192,579584
65,660565328,37833010608,37833575936,565328
66,670591024,37843010608,37843601632,591024
67,680630880,37853010608,37853641488,630880
68,690523664,37863010608,37863534272,523664
69,700616272,37873010608,37873626880,616272
70,710581648,37883010608,37883592256,581648
71,720728736,37893010608,37893739344,728736
72,730604272,37903010608,37903614880,604272
73,740747968,37913010608,37913758576,747968
74,750530128,37923010608,37923540736,530128
75,760642304,37933010608,37933652912,642304
76,770556000,37943010608,37943566608,556000
77,780642976,37953010608,37953653584,642976
78,790592272,37963010608,37963602880,592272
79,800737040,37973010608,37973747648,737040
80,810605408,37983010608,37983616016,605408
81,820758848,37993010608,37993769456,758848
82,830643568,38003010608,38003654176,643568
83,840752448,38013010608,38013763056,752448
84,850585008,38023010608,38023595616,585008
85,860736592,38033010608,38033747200,736592
86,870550704,38043010608,38043561312,550704
87,880742080,38053010608,38053752688,742080
88,890602032,38063010608,38063612640,602032
89,900744592,38073010608,38073755200,744592
90,910612736,38083010608,38083623344,612736
91,920606736,38093010608,38093617344,606736
92,930578800,38103010608,38103589408,578800
93,940762944,38113010608,38113773552,762944
94,950610176,38123010608,38123620784,610176
95,960817504,38133010608,38133828112,817504
96,970591440,38143010608,38143602048,591440
97,980828960,38153010608,38153839568,828960
98,990605360,38163010608,38163615968,605360
99,1000943456,38173010608,38173954064,943456
100,1010607744,38183010608,38183618352,607744
101,1020752080,38193010608,38193762688,752080
102,1030521024,38203010608,38203531632,521024
103,1040837872,38213010608,38213848480,837872
104,1050583616,38223010608,38223594224,583616
105,1060601584,38233010608,38233612192,601584
106,1070609424,38243010608,38243620032,609424
107,1080737648,38253010608,38253748256,737648
108,1090626176,38263010608,38263636784,626176
109,1100751344,38273010608,38273761952,751344
110,1110602464,38283010608,38283613072,602464
111,1120607104,38293010608,38293617712,607104
112,1130805360,38303010608,38303815968,805360
113,1140670928,38313010608,38313681536,670928
114,1150508656,38323010608,38323519264,508656
115,1160727456,38333010608,38333738064,727456
116,1170557920,38343010608,38343568528,557920
117,1180617872,38353010608,38353628480,617872
118,1190615392,38363010608,38363626000,615392
119,1200582032,38373010608,38373592640,582032
120,1210545664,38383010608,38383556272,545664
121,1220748656,38393010608,38393759264,748656
122,1230538880,38403010608,38403549488,538880
123,1240645456,38413010608,38413656064,645456
124,1250610464,38423010608,38423621072,610464
125,1260726176,38433010608,38433736784,726176
126,1270603584,38443010608,38443614192,603584
127,1280579440,38453010608,38453590048,579440
128,1290606128,38463010608,38463616736,606128
129,1300851632,38473010608,38473862240,851632
130,1310614432,38483010608,38483625040,614432
131,1320617072,38493010608,38493627680,617072
132,1330595200,38503010608,38503605808,595200
133,1340906176,38513010608,38513916784,906176
134,1350711776,38523010608,38523722384,711776
135,1360761344,38533010608,38533771952,761344
136,1370588144,38543010608,38543598752,588144
137,1380823280,38553010608,38553833888,823280
138,1390555136,38563010608,38563565744,555136
139,1400628400,38573010608,38573639008,628400
140,1410579440,38583010608,38583590048,579440
141,1420853440,38593010608,38593864048,853440
142,1430508480,38603010608,38603519088,508480
143,1440500320,38613010608,38613510928,500320
144,1450622080,38623010608,38623632688,622080
145,1460737984,38633010608,38633748592,737984
146,1470539088,38643010608,38643549696,539088
147,1480737392,38653010608,38653748000,737392
148,1490532768,38663010608,38663543376,532768
149,1500498224,38673010608,38673508832,498224
150,1510724528,38683010608,38683735136,724528
151,1520800496,38693010608,38693811104,800496
152,1530603184,38703010608,38703613792,603184
153,1540763008,38713010608,38713773616,763008
154,1550588128,38723010608,38723598736,588128
155,1560660048,38733010608,38733670656,660048
156,1570517520,38743010608,38743528128,517520
157,1580578144,38753010608,38753588752,578144
158,1590632352,38763010608,38763642960,632352
159,1600712128,38773010608,38773722736,712128
160,1610621024,38783010608,38783631632,621024
161,1620705120,38793010608,38793715728,705120
162,1630598640,38803010608,38803609248,598640
163,1640818624,38813010608,38813829232,818624
164,1650477328,38823010608,38823487936,477328
165,1660764288,38833010608,38833774896,764288
166,1670580720,38843010608,38843591328,580720
167,1680806928,38853010608,38853817536,806928
168,1690539056,38863010608,38863549664,539056
169,1700724688,38873010608,38873735296,724688
170,1710592032,38883010608,38883602640,592032
171,1720837440,38893010608,38893848048,837440
172,1730613264,38903010608,38903623872,613264
173,1740631504,38913010608,38913642112,631504
174,1750602944,38923010608,38923613552,602944
175,1760622416,38933010608,38933633024,622416
176,1770605104,38943010608,38943615712,605104
177,1780559168,38953010608,38953569776,559168
178,1790517952,38963010608,38963528560,517952
179,1800621824,38973010608,38973632432,621824
180,1810597328,38983010608,38983607936,597328
181,1820577760,38993010608,38993588368,577760
182,1830571808,39003010608,39003582416,571808
183,1840750944,39013010608,39013761552,750944
184,1850583888,39023010608,39023594496,583888
185,1860806224,39033010608,39033816832,806224
186,1870706400,39043010608,39043717008,706400
187,1880740256,39053010608,39053750864,740256
188,1890533568,39063010608,39063544176,533568
189,1900605760,39073010608,39073616368,605760
190,1910576864,39083010608,39083587472,576864
191,1920591664,39093010608,39093602272,591664
192,1930624976,39103010608,39103635584,624976
193,1940772400,39113010608,39113783008,772400
194,1950604416,39123010608,39123615024,604416
195,1960771936,39133010608,39133782544,771936
196,1970633424,39143010608,39143644032,633424
197,1980579600,39153010608,39153590208,579600
198,1990595120,39163010608,39163605728,595120
199,2000760928,39173010608,39173771536,760928
200,2010583712,39183010608,39183594320,583712
201,2020716672,39193010608,39193727280,716672
202,2030583280,39203010608,39203593888,583280
203,2040755856,39213010608,39213766464,755856
204,2050729488,39223010608,39223740096,729488
205,2060860864,39233010608,39233871472,860864
206,2070800096,39243010608,39243810704,800096
207,2081022400,39253010608,39254033008,1022400
208,2090755040,39263010608,39263765648,755040
209,2100851440,39273010608,39273862048,851440
210,2110803536,39283010608,39283814144,803536
211,2121072384,39293010608,39294082992,1072384
212,2130790240,39303010608,39303800848,790240
213,2140848880,39313010608,39313859488,848880
214,2150864688,39323010608,39323875296,864688
215,2161099600,39333010608,39334110208,1099600
216,2170769120,39343010608,39343779728,769120
217,2180772080,39353010608,39353782688,772080
218,2190629072,39363010608,39363639680,629072
219,2200573184,39373010608,39373583792,573184
220,2210581280,39383010608,39383591888,581280
221,2220606544,39393010608,39393617152,606544
222,2230609344,39403010608,39403619952,609344
223,2240772720,39413010608,39413783328,772720
224,2250899888,39423010608,39423910496,899888
225,2260896272,39433010608,39433906880,896272
226,2270768896,39443010608,39443779504,768896
227,2280823808,39453010608,39453834416,823808
228,2290814016,39463010608,39463824624,814016
229,2301019296,39473010608,39474029904,1019296
230,2310910688,39483010608,39483921296,910688
231,2320835664,39493010608,39493846272,835664
232,2330830640,39503010608,39503841248,830640
233,2340875232,39513010608,39513885840,875232
234,2350788288,39523010608,39523798896,788288
235,2361042688,39533010608,39534053296,1042688
236,2371050848,39543010608,39544061456,1050848
237,2380740736,39553010608,39553751344,740736
238,2390842288,39563010608,39563852896,842288
239,2400865440,39573010608,39573876048,865440
240,2410860864,39583010608,39583871472,860864
241,2420955904,39593010608,39593966512,955904
242,2431101808,39603010608,39604112416,1101808
243,2440919680,39613010608,39613930288,919680
244,2450797568,39623010608,39623808176,797568
245,2460966304,39633010608,39633976912,966304
246,2470885280,39643010608,39643895888,885280
247,2480958544,39653010608,39653969152,958544
248,2490934384,39663010608,39663944992,934384
249,2500938704,39673010608,39673949312,938704
250,2510820832,39683010608,39683831440,820832
251,2520737936,39693010608,39693748544,737936
252,2530777888,39703010608,39703788496,777888
253,2541012112,39713010608,39714022720,1012112
254,2550989136,39723010608,39723999744,989136
255,2560848192,39733010608,39733858800,848192
256,2570902672,39743010608,39743913280,902672
257,2581164672,39753010608,39754175280,1164672
258,2590849840,39763010608,39763860448,849840
259,2600746592,39773010608,39773757200,746592
260,2610867824,39783010608,39783878432,867824
261,2620814592,39793010608,39793825200,814592
262,2630797536,39803010608,39803808144,797536
263,2640926800,39813010608,39813937408,926800
264,2650808112,39823010608,39823818720,808112
265,2660878576,39833010608,39833889184,878576
266,2670814784,39843010608,39843825392,814784
267,2680948672,39853010608,39853959280,948672
268,2690727424,39863010608,39863738032,727424
269,2700934816,39873010608,39873945424,934816
270,2710783632,39883010608,39883794240,783632
271,2720942592,39893010608,39893953200,942592
272,2730864656,39903010608,39903875264,864656
273,2740930624,39913010608,39913941232,930624
274,2750829280,39923010608,39923839888,829280
275,2760758976,39933010608,39933769584,758976
276,2770891616,39943010608,39943902224,891616
277,2781030544,39953010608,39954041152,1030544
278,2790961632,39963010608,39963972240,961632
279,2801013216,39973010608,39974023824,1013216
280,2811007568,39983010608,39984018176,1007568
281,2820802320,39993010608,39993812928,802320
282,2830687488,40003010608,40003698096,687488
283,2840823296,40013010608,40013833904,823296
284,2850949632,40023010608,40023960240,949632
285,2860965056,40033010608,40033975664,965056
286,2870788048,40043010608,40043798656,788048
287,2880801104,40053010608,40053811712,801104
288,2890747872,40063010608,40063758480,747872
289,2900868576,40073010608,40073879184,868576
290,2910815264,40083010608,40083825872,815264
291,2920767424,40093010608,40093778032,767424
292,2930846640,40103010608,40103857248,846640
293,2940881248,40113010608,40113891856,881248
294,2950799360,40123010608,40123809968,799360
295,2960841072,40133010608,40133851680,841072
296,2970800672,40143010608,40143811280,800672
297,2980936048,40153010608,40153946656,936048
298,2990864304,40163010608,40163874912,864304
299,3001007040,40173010608,40174017648,1007040
PERIODIC LATENCY COMPLETE samples=300

--- zephyr-after ---
VM-exit counters per physical CPU (12 reasons):
  cpu         irq     timer      mmio       wfi   hvc-smc    sysreg    gic-if       sgi    cpu-up  sys-down   nothing     other
    1   16687@135.1/s 16677@134.7/s 77459@2638.4/s 16678@134.8/s         -         -         -         -         -         -         -         -
    2    4437@251.8/s  3403@195.9/s 31242@4.7/s       124         7         -         -       107         -         -        11         -
    3   13253@947.3/s 12247@876.6/s        52 10915@710.4/s         -         -         -    22@0.2/s         -         -         2         -
Host periodic scheduler ticks (event-driven timer IRQs excluded):
  cpu   0:       4210 (78.816/s)
  cpu   1:          0
  cpu   2:       4217 (79.063/s)
  cpu   3:       4213 (78.981/s)
axvisor:$ 
[2Kaxvisor:$ v
[2Kaxvisor:$ vm
[2Kaxvisor:$ vm 
[2Kaxvisor:$ vm c
[2Kaxvisor:$ vm co
[2Kaxvisor:$ vm con
[2Kaxvisor:$ vm cons
[2Kaxvisor:$ vm conso
[2Kaxvisor:$ vm consol
[2Kaxvisor:$ vm console
[2Kaxvisor:$ vm console 
[2Kaxvisor:$ vm console 1
✓ Attached VM[1] console; use Ctrl+X, then h to return to the shell
RT_PROGRESS uptime_s=39.23
[   45.663620] random: crng init done
RT_PROGRESS uptime_s=49.30
RT_PROGRESS uptime_s=59.32
RT_PROGRESS uptime_s=69.33
RT_PROGRESS uptime_s=79.36
RT_PROGRESS uptime_s=89.38
RT_PROGRESS uptime_s=99.40
RT_PROGRESS uptime_s=109.44
RT_PROGRESS uptime_s=119.47
RT_PROGRESS uptime_s=129.49
RT_PROGRESS uptime_s=139.52
RT_PROGRESS uptime_s=149.54
RT_PROGRESS uptime_s=159.56
RT_PROGRESS uptime_s=169.58
RT_PROGRESS uptime_s=179.61
RT_PROGRESS uptime_s=189.64
RT_PROGRESS uptime_s=199.66
RT_PROGRESS uptime_s=209.68
RT_PROGRESS uptime_s=219.71
RT_PROGRESS uptime_s=229.74
RT_PROGRESS uptime_s=239.76
RT_PROGRESS uptime_s=249.78
RT_PROGRESS uptime_s=259.81
RT_PROGRESS uptime_s=269.82
RT_PROGRESS uptime_s=279.84
RT_PROGRESS uptime_s=289.86
RT_PROGRESS uptime_s=299.88
RT_PROGRESS uptime_s=309.90
RT_PROGRESS uptime_s=319.92
RT_PROGRESS uptime_s=329.95
RT_PROGRESS uptime_s=339.97
RT_PROGRESS uptime_s=350.00
RT_PROGRESS uptime_s=360.02
RT_PROGRESS uptime_s=370.04
RT_PROGRESS uptime_s=380.08
RT_PROGRESS uptime_s=390.10
RT_PROGRESS uptime_s=400.12
RT_PROGRESS uptime_s=410.16
RT_PROGRESS uptime_s=420.19
RT_PROGRESS uptime_s=430.21
RT_PROGRESS uptime_s=440.23
RT_PROGRESS uptime_s=450.26
RT_PROGRESS uptime_s=460.29
RT_PROGRESS uptime_s=470.33
RT_PROGRESS uptime_s=480.36
RT_PROGRESS uptime_s=490.38
RT_PROGRESS uptime_s=500.40
RT_PROGRESS uptime_s=510.42
RT_PROGRESS uptime_s=520.44
RT_PROGRESS uptime_s=530.46
RT_PROGRESS uptime_s=540.48
RT_PROGRESS uptime_s=550.51
RT_PROGRESS uptime_s=560.53
RT_PROGRESS uptime_s=570.55
RT_PROGRESS uptime_s=580.58
RT_PROGRESS uptime_s=590.60
RT_PROGRESS uptime_s=600.63
RT_PROGRESS uptime_s=610.65
RT_PROGRESS uptime_s=620.67
RT_PROGRESS uptime_s=630.70
RT_PROGRESS uptime_s=640.73
RT_PROGRESS uptime_s=650.75
RT_PROGRESS uptime_s=660.77
RT_PROGRESS uptime_s=670.80
RT_PROGRESS uptime_s=680.82
RT_PROGRESS uptime_s=690.84
RT_PROGRESS uptime_s=700.87
RT_PROGRESS uptime_s=710.89
RT_PROGRESS uptime_s=720.93
RT_PROGRESS uptime_s=730.95
RT_PROGRESS uptime_s=740.97
RT_PROGRESS uptime_s=751.00
RT_PROGRESS uptime_s=761.02
RT_PROGRESS uptime_s=771.04
RT_PROGRESS uptime_s=781.06
RT_PROGRESS uptime_s=791.09
RT_PROGRESS uptime_s=801.11
RT_PROGRESS uptime_s=811.14
RT_PROGRESS uptime_s=821.16
RT_PROGRESS uptime_s=831.18
RT_PROGRESS uptime_s=841.21
RT_PROGRESS uptime_s=851.23
RT_PROGRESS uptime_s=861.26
RT_PROGRESS uptime_s=871.28
RT_PROGRESS uptime_s=881.30
RT_PROGRESS uptime_s=891.32
RT_PROGRESS uptime_s=901.34
RT_PROGRESS uptime_s=911.37
RT_PROGRESS uptime_s=921.39
RT_PROGRESS uptime_s=931.41
RT_PROGRESS uptime_s=941.43
RT_PROGRESS uptime_s=951.45
RT_PROGRESS uptime_s=961.48
RT_PROGRESS uptime_s=971.50
RT_PROGRESS uptime_s=981.52
RT_PROGRESS uptime_s=991.54
RT_PROGRESS uptime_s=1001.57
RT_PROGRESS uptime_s=1011.59
RT_PROGRESS uptime_s=1021.62
RT_PROGRESS uptime_s=1031.64
RT_PROGRESS uptime_s=1041.66
RT_PROGRESS uptime_s=1051.68
RT_PROGRESS uptime_s=1061.71
RT_PROGRESS uptime_s=1071.73
RT_PROGRESS uptime_s=1081.76
RT_PROGRESS uptime_s=1091.78
RT_PROGRESS uptime_s=1101.80
RT_PROGRESS uptime_s=1111.82
RT_PROGRESS uptime_s=1121.84
RT_PROGRESS uptime_s=1131.87
RT_PROGRESS uptime_s=1141.90
RT_PROGRESS uptime_s=1151.92
RT_PROGRESS uptime_s=1161.94
RT_PROGRESS uptime_s=1171.96
RT_PROGRESS uptime_s=1181.99
RT_PROGRESS uptime_s=1192.01
RT_PROGRESS uptime_s=1202.04
RT_PROGRESS uptime_s=1212.06
RT_PROGRESS uptime_s=1222.09
RT_PROGRESS uptime_s=1232.12
RT_PROGRESS uptime_s=1242.14
RT_PROGRESS uptime_s=1252.16
RT_PROGRESS uptime_s=1262.19
RT_PROGRESS uptime_s=1272.22
RT_PROGRESS uptime_s=1282.24
RT_PROGRESS uptime_s=1292.26
RT_PROGRESS uptime_s=1302.29
RT_PROGRESS uptime_s=1312.31
RT_PROGRESS uptime_s=1322.33
RT_PROGRESS uptime_s=1332.35
RT_PROGRESS uptime_s=1342.37
RT_PROGRESS uptime_s=1352.40
RT_PROGRESS uptime_s=1362.42
RT_PROGRESS uptime_s=1372.43
RT_PROGRESS uptime_s=1382.46
RT_PROGRESS uptime_s=1392.48
RT_PROGRESS uptime_s=1402.51
RT_PROGRESS uptime_s=1412.53
RT_PROGRESS uptime_s=1422.55
RT_PROGRESS uptime_s=1432.57
RT_PROGRESS uptime_s=1442.60
RT_PROGRESS uptime_s=1452.63
RT_PROGRESS uptime_s=1462.65
RT_PROGRESS uptime_s=1472.68
RT_PROGRESS uptime_s=1482.70
RT_PROGRESS uptime_s=1492.72
RT_PROGRESS uptime_s=1502.75
RT_PROGRESS uptime_s=1512.78
RT_PROGRESS uptime_s=1522.80
RT_PROGRESS uptime_s=1532.82
RT_PROGRESS uptime_s=1542.84
RT_PROGRESS uptime_s=1552.87
RT_PROGRESS uptime_s=1562.90
RT_PROGRESS uptime_s=1572.93
RT_PROGRESS uptime_s=1582.95
RT_PROGRESS uptime_s=1592.98
RT_PROGRESS uptime_s=1603.00
RT_PROGRESS uptime_s=1613.02
RT_PROGRESS uptime_s=1623.05
RT_PROGRESS uptime_s=1633.07
RT_PROGRESS uptime_s=1643.10
RT_PROGRESS uptime_s=1653.12
RT_PROGRESS uptime_s=1663.14
RT_PROGRESS uptime_s=1673.17
RT_PROGRESS uptime_s=1683.19
RT_PROGRESS uptime_s=1693.22
RT_PROGRESS uptime_s=1703.24
RT_PROGRESS uptime_s=1713.26
RT_PROGRESS uptime_s=1723.29
RT_PROGRESS uptime_s=1733.31
RT_PROGRESS uptime_s=1743.34
RT_PROGRESS uptime_s=1753.36
RT_PROGRESS uptime_s=1763.38
RT_PROGRESS uptime_s=1773.40
RT_PROGRESS uptime_s=1783.42
RT_PROGRESS uptime_s=1793.44
RT_PROGRESS uptime_s=1803.46
RT_PROGRESS uptime_s=1813.49
RT_PROGRESS uptime_s=1823.51
RT_PROGRESS uptime_s=1833.54
RT_PROGRESS uptime_s=1843.56
RT_PROGRESS uptime_s=1853.58
RT_PROGRESS uptime_s=1863.60
RT_PROGRESS uptime_s=1873.63
RT_PROGRESS uptime_s=1883.65
RT_PROGRESS uptime_s=1893.68
RT_PROGRESS uptime_s=1903.70
RT_PROGRESS uptime_s=1913.73
RT_PROGRESS uptime_s=1923.76
RT_PROGRESS uptime_s=1933.77
RT_PROGRESS uptime_s=1943.80
RT_PROGRESS uptime_s=1953.82
RT_PROGRESS uptime_s=1963.85
RT_PROGRESS uptime_s=1973.87
RT_PROGRESS uptime_s=1983.88
RT_PROGRESS uptime_s=1993.91
RT_PROGRESS uptime_s=2003.93
RT_PROGRESS uptime_s=2013.95
RT_PROGRESS uptime_s=2023.98
RT_PROGRESS uptime_s=2034.01
RT_PROGRESS uptime_s=2044.03
RT_PROGRESS uptime_s=2054.05
RT_PROGRESS uptime_s=2064.08
RT_PROGRESS uptime_s=2074.10
RT_PROGRESS uptime_s=2084.13
RT_PROGRESS uptime_s=2094.17
RT_PROGRESS uptime_s=2104.19
RT_PROGRESS uptime_s=2114.22
RT_PROGRESS uptime_s=2124.24
RT_PROGRESS uptime_s=2134.26
RT_PROGRESS uptime_s=2144.28
RT_PROGRESS uptime_s=2154.30
RT_PROGRESS uptime_s=2164.32
RT_PROGRESS uptime_s=2174.35
RT_PROGRESS uptime_s=2184.38
RT_PROGRESS uptime_s=2194.40
RT_PROGRESS uptime_s=2204.43
RT_PROGRESS uptime_s=2214.45
RT_PROGRESS uptime_s=2224.48
RT_PROGRESS uptime_s=2234.50
RT_PROGRESS uptime_s=2244.52
RT_PROGRESS uptime_s=2254.54
RT_PROGRESS uptime_s=2264.56
RT_PROGRESS uptime_s=2274.58
RT_PROGRESS uptime_s=2284.61
RT_PROGRESS uptime_s=2294.63
RT_PROGRESS uptime_s=2304.66
RT_PROGRESS uptime_s=2314.68
RT_PROGRESS uptime_s=2324.71
RT_PROGRESS uptime_s=2334.73
RT_PROGRESS uptime_s=2344.76
RT_PROGRESS uptime_s=2354.78
RT_PROGRESS uptime_s=2364.80
RT_PROGRESS uptime_s=2374.83
RT_PROGRESS uptime_s=2384.85
RT_PROGRESS uptime_s=2394.88
RT_PROGRESS uptime_s=2404.90
RT_PROGRESS uptime_s=2414.92
RT_PROGRESS uptime_s=2424.94
RT_PROGRESS uptime_s=2434.96
RT_PROGRESS uptime_s=2444.99
RT_PROGRESS uptime_s=2455.01
RT_PROGRESS uptime_s=2465.04
RT_PROGRESS uptime_s=2475.06
RT_PROGRESS uptime_s=2485.08
RT_PROGRESS uptime_s=2495.10
RT_PROGRESS uptime_s=2505.12
RT_PROGRESS uptime_s=2515.14
RT_PROGRESS uptime_s=2525.16
RT_PROGRESS uptime_s=2535.17
RT_PROGRESS uptime_s=2545.19
RT_PROGRESS uptime_s=2555.21
RT_PROGRESS uptime_s=2565.24
RT_PROGRESS uptime_s=2575.26
RT_PROGRESS uptime_s=2585.30
RT_PROGRESS uptime_s=2595.32
RT_PROGRESS uptime_s=2605.35
RT_PROGRESS uptime_s=2615.37
RT_PROGRESS uptime_s=2625.40
RT_PROGRESS uptime_s=2635.42
RT_PROGRESS uptime_s=2645.44
RT_PROGRESS uptime_s=2655.47
RT_PROGRESS uptime_s=2665.50
RT_PROGRESS uptime_s=2675.52
RT_PROGRESS uptime_s=2685.54
RT_PROGRESS uptime_s=2695.56
RT_PROGRESS uptime_s=2705.58
RT_PROGRESS uptime_s=2715.61
RT_PROGRESS uptime_s=2725.64
RT_PROGRESS uptime_s=2735.66
RT_PROGRESS uptime_s=2745.68
RT_PROGRESS uptime_s=2755.70
RT_PROGRESS uptime_s=2765.73
RT_PROGRESS uptime_s=2775.76
RT_PROGRESS uptime_s=2785.78
RT_PROGRESS uptime_s=2795.81
RT_PROGRESS uptime_s=2805.83
RT_PROGRESS uptime_s=2815.85
RT_PROGRESS uptime_s=2825.88
RT_PROGRESS uptime_s=2835.91
RT_PROGRESS uptime_s=2845.93
RT_PROGRESS uptime_s=2855.96
RT_PROGRESS uptime_s=2865.98
RT_PROGRESS uptime_s=2876.00
RT_PROGRESS uptime_s=2886.02
RT_PROGRESS uptime_s=2896.05
RT_PROGRESS uptime_s=2906.07
RT_PROGRESS uptime_s=2916.09
RT_PROGRESS uptime_s=2926.13
RT_PROGRESS uptime_s=2936.15
RT_PROGRESS uptime_s=2946.17
RT_PROGRESS uptime_s=2956.20
RT_PROGRESS uptime_s=2966.23
RT_PROGRESS uptime_s=2976.25
RT_PROGRESS uptime_s=2986.27
RT_PROGRESS uptime_s=2996.30
RT_PROGRESS uptime_s=3006.33
RT_PROGRESS uptime_s=3016.35
RT_PROGRESS uptime_s=3026.37
RT_PROGRESS uptime_s=3036.39
RT_PROGRESS uptime_s=3046.42
RT_PROGRESS uptime_s=3056.44
RT_PROGRESS uptime_s=3066.46
RT_PROGRESS uptime_s=3076.49
RT_PROGRESS uptime_s=3086.51
RT_PROGRESS uptime_s=3096.53
RT_PROGRESS uptime_s=3106.55
RT_PROGRESS uptime_s=3116.58
RT_PROGRESS uptime_s=3126.60
RT_PROGRESS uptime_s=3136.63
RT_PROGRESS uptime_s=3146.65
RT_PROGRESS uptime_s=3156.68
RT_PROGRESS uptime_s=3166.70
RT_PROGRESS uptime_s=3176.73
RT_PROGRESS uptime_s=3186.76
RT_PROGRESS uptime_s=3196.78
RT_PROGRESS uptime_s=3206.80
RT_PROGRESS uptime_s=3216.82
RT_PROGRESS uptime_s=3226.84
RT_PROGRESS uptime_s=3236.86
RT_PROGRESS uptime_s=3246.88
RT_PROGRESS uptime_s=3256.90
RT_PROGRESS uptime_s=3266.93
RT_PROGRESS uptime_s=3276.95
RT_PROGRESS uptime_s=3286.98
RT_PROGRESS uptime_s=3297.01
RT_PROGRESS uptime_s=3307.03
RT_PROGRESS uptime_s=3317.06
RT_PROGRESS uptime_s=3327.08
RT_PROGRESS uptime_s=3337.10
RT_PROGRESS uptime_s=3347.13
RT_PROGRESS uptime_s=3357.15
RT_PROGRESS uptime_s=3367.17
RT_PROGRESS uptime_s=3377.19
RT_PROGRESS uptime_s=3387.22
RT_PROGRESS uptime_s=3397.25
RT_PROGRESS uptime_s=3407.27
RT_PROGRESS uptime_s=3417.29
RT_PROGRESS uptime_s=3427.31
RT_PROGRESS uptime_s=3437.33
RT_PROGRESS uptime_s=3447.36
RT_PROGRESS uptime_s=3457.38
RT_PROGRESS uptime_s=3467.40
RT_PROGRESS uptime_s=3477.42
RT_PROGRESS uptime_s=3487.44
RT_PROGRESS uptime_s=3497.46
RT_PROGRESS uptime_s=3507.49
RT_PROGRESS uptime_s=3517.51
RT_PROGRESS uptime_s=3527.54
RT_PROGRESS uptime_s=3537.56
RT_PROGRESS uptime_s=3547.58
RT_PROGRESS uptime_s=3557.61
RT_PROGRESS uptime_s=3567.63
RT_PROGRESS uptime_s=3577.66
RT_PROGRESS uptime_s=3587.68
RT_PROGRESS uptime_s=3597.70
RT_PROGRESS uptime_s=3607.73
RT_PROGRESS uptime_s=3617.75
RT_PROGRESS uptime_s=3627.78
WARN: stat /dev/cpu_dma_latency failed: No such file or directory
# Histogram
000141 000001
000145 000001
000155 000003
000158 000001
000162 000001
000163 000002
000164 000006
000165 000009
000166 000011
000167 000021
000168 000035
000169 000048
000170 000051
000171 000079
000172 000086
000173 000094
000174 000138
000175 000120
000176 000155
000177 000175
000178 000170
000179 000156
000180 000184
000181 000188
000182 000188
000183 000179
000184 000236
000185 000216
000186 000218
000187 000231
000188 000248
000189 000224
000190 000299
000191 000263
000192 000270
000193 000287
000194 000291
000195 000275
000196 000261
000197 000286
000198 000318
000199 000286
000200 000268
000201 000332
000202 000284
000203 000294
000204 000324
000205 000288
000206 000289
000207 000265
000208 000291
000209 000284
000210 000260
000211 000259
000212 000266
000213 000247
000214 000245
000215 000241
000216 000288
000217 000271
000218 000261
000219 000272
000220 000266
000221 000262
000222 000282
000223 000284
000224 000281
000225 000280
000226 000259
000227 000242
000228 000241
000229 000256
000230 000259
000231 000272
000232 000262
000233 000233
000234 000228
000235 000234
000236 000236
000237 000223
000238 000227
000239 000197
000240 000237
000241 000211
000242 000216
000243 000197
000244 000219
000245 000230
000246 000218
000247 000226
000248 000215
000249 000216
000250 000222
000251 000205
000252 000218
000253 000199
000254 000221
000255 000190
000256 000215
000257 000170
000258 000205
000259 000229
000260 000217
000261 000207
000262 000191
000263 000161
000264 000223
000265 000190
000266 000209
000267 000186
000268 000179
000269 000195
000270 000209
000271 000165
000272 000196
000273 000178
000274 000179
000275 000197
000276 000208
000277 000172
000278 000191
000279 000170
000280 000162
000281 000194
000282 000183
000283 000194
000284 000187
000285 000160
000286 000166
000287 000182
000288 000177
000289 000176
000290 000179
000291 000182
000292 000158
000293 000174
000294 000161
000295 000168
000296 000192
000297 000166
000298 000191
000299 000183
000300 000182
000301 000176
000302 000204
000303 000199
000304 000224
000305 000182
000306 000204
000307 000198
000308 000199
000309 000207
000310 000197
000311 000206
000312 000187
000313 000208
000314 000230
000315 000220
000316 000214
000317 000219
000318 000227
000319 000219
000320 000277
000321 000238
000322 000230
000323 000238
000324 000254
000325 000263
000326 000282
000327 000249
000328 000291
000329 000278
000330 000299
000331 000391
000332 000382
000333 000356
000334 000411
000335 000417
000336 000482
000337 000499
000338 000542
000339 000556
000340 000635
000341 000616
000342 000665
000343 000705
000344 000797
000345 000848
000346 000908
000347 001012
000348 001108
000349 001128
000350 001230
000351 001366
000352 001380
000353 001555
000354 001676
000355 001721
000356 001775
000357 001861
000358 001982
000359 001968
000360 002072
000361 002092
000362 002195
000363 002197
000364 002229
000365 002159
000366 002222
000367 002156
000368 002226
000369 002199
000370 002211
000371 002081
000372 002245
000373 002242
000374 002114
000375 002112
000376 002048
000377 002084
000378 002096
000379 001996
000380 001935
000381 001883
000382 001916
000383 001843
000384 000265
000386 000062
000387 000633
000388 001160
000389 001348
000390 001465
000391 001527
000392 001449
000393 001376
000394 001403
000395 001307
000396 001294
000397 001250
000398 001222
000399 001173
000400 001217
000401 001158
000402 001074
000403 001037
000404 001041
000405 000970
000406 000963
000407 000900
000408 000920
000409 000834
000410 000817
000411 000809
000412 000815
000413 000798
000414 000775
000415 000775
000416 000746
000417 000692
000418 000736
000419 000777
000420 000781
000421 000792
000422 000768
000423 000748
000424 000831
000425 000823
000426 000831
000427 000801
000428 000836
000429 000899
000430 000949
000431 000995
000432 001055
000433 001060
000434 001098
000435 001174
000436 001191
000437 001336
000438 001363
000439 001377
000440 001539
000441 001604
000442 001799
000443 001778
000444 001897
000445 002014
000446 002329
000447 002463
000448 002903
000449 003026
000450 003657
000451 003993
000452 004485
000453 004946
000454 005548
000455 006290
000456 007003
000457 007764
000458 008511
000459 008860
000460 009803
000461 010103
000462 010188
000463 010211
000464 010739
000465 010606
000466 010693
000467 010585
000468 010763
000469 010625
000470 010458
000471 010190
000472 010428
000473 009997
000474 009938
000475 009783
000476 009928
000477 009627
000478 009816
000479 009670
000480 009603
000481 009523
000482 009517
000483 009206
000484 009161
000485 008831
000486 009147
000487 008889
000488 009033
000489 008921
000490 009348
000491 009351
000492 009881
000493 010422
000494 011048
000495 011135
000496 011628
000497 011528
000498 012330
000499 012129
000500 012650
000501 012466
000502 012894
000503 012514
000504 012441
000505 012347
000506 012734
000507 012509
000508 012603
000509 012161
000510 012532
000511 012136
000512 012436
000513 012015
000514 012618
000515 012506
000516 012571
000517 012729
000518 013006
000519 012791
000520 013205
000521 012904
000522 013416
000523 013112
000524 013035
000525 012635
000526 012904
000527 012742
000528 012648
000529 012552
000530 012870
000531 012905
000532 013221
000533 013113
000534 013554
000535 013454
000536 013856
000537 013447
000538 013886
000539 013555
000540 013464
000541 013326
000542 013150
000543 012997
000544 012706
000545 012029
000546 011959
000547 011441
000548 011312
000549 010973
000550 010604
000551 010165
000552 009910
000553 009327
000554 008952
000555 008725
000556 008591
000557 008235
000558 008215
000559 008210
000560 008517
000561 008659
000562 009177
000563 009734
000564 010224
000565 010609
000566 011245
000567 011572
000568 012236
000569 012245
000570 012363
000571 012282
000572 012435
000573 012117
000574 012478
000575 011969
000576 012052
000577 012186
000578 012176
000579 011981
000580 012532
000581 012127
000582 012138
000583 011698
000584 011684
000585 011433
000586 011110
000587 010754
000588 010710
000589 010369
000590 010331
000591 009818
000592 009665
000593 009335
000594 009792
000595 009345
000596 009023
000597 009072
000598 009366
000599 008621
000600 008931
000601 008687
000602 009183
000603 008915
000604 008963
000605 008855
000606 008958
000607 008895
000608 008888
000609 008671
000610 008803
000611 008620
000612 008439
000613 008621
000614 008681
000615 008574
000616 008561
000617 008452
000618 008446
000619 008048
000620 008083
000621 007683
000622 007506
000623 007235
000624 007422
000625 007173
000626 006727
000627 006785
000628 007178
000629 006903
000630 006961
000631 006851
000632 007121
000633 006889
000634 007128
000635 006878
000636 007024
000637 006664
000638 006857
000639 006571
000640 006498
000641 006378
000642 006392
000643 006231
000644 006221
000645 006011
000646 005895
000647 005900
000648 006007
000649 006021
000650 006228
000651 006154
000652 006399
000653 006576
000654 006713
000655 006793
000656 007209
000657 007233
000658 007515
000659 007655
000660 007834
000661 007836
000662 008021
000663 007688
000664 007485
000665 007242
000666 007009
000667 006708
000668 006444
000669 006278
000670 006053
000671 005860
000672 005568
000673 005556
000674 005463
000675 005303
000676 005157
000677 004998
000678 005018
000679 004715
000680 004632
000681 004434
000682 004354
000683 004169
000684 004092
000685 003878
000686 003832
000687 003773
000688 003623
000689 003588
000690 003609
000691 003347
000692 003445
000693 003161
000694 003184
000695 003148
000696 003144
000697 002975
000698 002966
000699 002819
000700 002868
000701 002777
000702 002771
000703 002647
000704 002670
000705 002556
000706 002688
000707 002522
000708 002493
000709 002521
000710 002505
000711 002473
000712 002544
000713 002488
000714 002431
000715 002560
000716 002547
000717 002582
000718 002597
000719 002423
000720 002551
000721 002421
000722 002684
000723 002633
000724 002571
000725 002662
000726 002753
000727 002732
000728 002762
000729 002807
000730 002886
000731 002758
000732 002924
000733 002902
000734 003091
000735 003084
000736 003079
000737 003176
000738 003382
000739 003255
000740 003568
000741 003533
000742 003457
000743 003361
000744 003347
000745 003297
000746 003167
000747 003014
000748 003008
000749 002931
000750 002956
000751 002810
000752 002754
000753 002569
000754 002495
000755 002477
000756 002334
000757 002229
000758 002152
000759 002160
000760 002080
000761 002122
000762 002125
000763 002037
000764 002097
000765 002074
000766 002099
000767 002150
000768 002232
000769 002233
000770 002279
000771 002318
000772 002347
000773 002321
000774 002435
000775 002416
000776 002591
000777 002555
000778 002664
000779 002674
000780 002684
000781 002721
000782 002697
000783 002642
000784 002713
000785 002635
000786 002516
000787 002665
000788 002707
000789 002757
000790 002671
000791 002598
000792 002685
000793 002668
000794 002626
000795 002663
000796 002730
000797 002797
000798 002817
000799 002828
000800 002904
000801 002952
000802 003116
000803 003110
000804 003322
000805 003380
000806 003496
000807 003575
000808 003688
000809 003776
000810 003832
000811 003972
000812 004124
000813 004067
000814 004394
000815 004280
000816 004518
000817 004399
000818 004504
000819 004609
000820 004605
000821 004535
000822 004684
000823 004545
000824 004685
000825 004439
000826 004637
000827 004482
000828 004505
000829 004366
000830 004434
000831 004219
000832 004186
000833 004045
000834 004240
000835 004078
000836 004065
000837 003941
000838 003964
000839 003921
000840 003967
000841 003982
000842 003919
000843 003872
000844 004033
000845 003945
000846 004116
000847 003968
000848 004114
000849 004017
000850 004174
000851 004091
000852 004062
000853 003866
000854 003974
000855 003922
000856 003944
000857 003819
000858 003866
000859 003707
000860 003824
000861 003624
000862 003668
000863 003545
000864 003507
000865 003366
000866 003311
000867 003337
000868 003231
000869 003044
000870 003210
000871 002980
000872 003013
000873 002759
000874 002713
000875 002623
000876 002659
000877 002489
000878 002365
000879 002320
000880 002254
000881 002138
000882 002129
000883 001930
000884 001909
000885 001906
000886 001785
000887 001762
000888 001706
000889 001676
000890 001792
000891 001609
000892 001602
000893 001568
000894 001603
000895 001481
000896 001469
000897 001538
000898 001605
000899 001551
000900 001591
000901 001574
000902 001608
000903 001627
000904 001713
000905 001687
000906 001745
000907 001698
000908 001862
000909 001835
000910 001907
000911 001909
000912 001997
000913 002121
000914 002019
000915 002216
000916 002260
000917 002229
000918 002297
000919 002254
000920 002345
000921 002248
000922 002518
000923 002268
000924 002452
000925 002398
000926 002402
000927 002444
000928 002429
000929 002304
000930 002480
000931 002401
000932 002428
000933 002364
000934 002432
000935 002340
000936 002422
000937 002291
000938 002433
000939 002405
000940 002476
000941 002441
000942 002342
000943 002414
000944 002434
000945 002377
000946 002401
000947 002342
000948 002353
000949 002274
000950 002390
000951 002259
000952 002306
000953 002314
000954 002262
000955 002255
000956 002269
000957 002244
000958 002260
000959 002176
000960 002322
000961 002060
000962 002201
000963 002090
000964 002098
000965 001927
000966 001893
000967 001894
000968 001906
000969 001812
000970 001849
000971 001731
000972 001770
000973 001708
000974 001712
000975 001710
000976 001672
000977 001606
000978 001568
000979 001481
000980 001517
000981 001494
000982 001423
000983 001387
000984 001408
000985 001332
000986 001299
000987 001283
000988 001255
000989 001172
000990 001144
000991 001130
000992 001122
000993 001016
000994 001021
000995 000974
000996 000901
000997 000905
000998 000889
000999 000848
001000 000762
001001 000790
001002 000755
001003 000713
001004 000675
001005 000619
001006 000563
001007 000558
001008 000589
001009 000520
001010 000533
001011 000483
001012 000508
001013 000439
001014 000428
001015 000414
001016 000417
001017 000408
001018 000429
001019 000352
001020 000355
001021 000308
001022 000336
001023 000305
001024 000314
001025 000318
001026 000325
001027 000308
001028 000300
001029 000287
001030 000291
001031 000310
001032 000296
001033 000296
001034 000297
001035 000306
001036 000296
001037 000297
001038 000342
001039 000323
001040 000345
001041 000338
001042 000367
001043 000364
001044 000384
001045 000376
001046 000370
001047 000374
001048 000396
001049 000382
001050 000407
001051 000421
001052 000369
001053 000361
001054 000394
001055 000383
001056 000382
001057 000404
001058 000390
001059 000383
001060 000378
001061 000388
001062 000426
001063 000368
001064 000406
001065 000434
001066 000401
001067 000367
001068 000391
001069 000393
001070 000404
001071 000396
001072 000391
001073 000371
001074 000337
001075 000302
001076 000331
001077 000354
001078 000316
001079 000347
001080 000340
001081 000319
001082 000301
001083 000288
001084 000283
001085 000273
001086 000302
001087 000279
001088 000272
001089 000235
001090 000248
001091 000237
001092 000250
001093 000207
001094 000221
001095 000215
001096 000221
001097 000212
001098 000200
001099 000193
001100 000171
001101 000188
001102 000207
001103 000168
001104 000165
001105 000199
001106 000202
001107 000168
001108 000176
001109 000187
001110 000169
001111 000166
001112 000161
001113 000176
001114 000150
001115 000162
001116 000144
001117 000151
001118 000161
001119 000130
001120 000139
001121 000146
001122 000150
001123 000127
001124 000126
001125 000141
001126 000136
001127 000130
001128 000144
001129 000128
001130 000145
001131 000136
001132 000126
001133 000125
001134 000121
001135 000122
001136 000133
001137 000112
001138 000116
001139 000125
001140 000093
001141 000111
001142 000122
001143 000132
001144 000137
001145 000100
001146 000103
001147 000116
001148 000094
001149 000096
001150 000105
001151 000108
001152 000088
001153 000091
001154 000117
001155 000095
001156 000083
001157 000079
001158 000083
001159 000080
001160 000089
001161 000087
001162 000069
001163 000074
001164 000082
001165 000075
001166 000072
001167 000068
001168 000064
001169 000050
001170 000067
001171 000074
001172 000077
001173 000078
001174 000054
001175 000070
001176 000074
001177 000059
001178 000061
001179 000049
001180 000054
001181 000050
001182 000051
001183 000053
001184 000045
001185 000049
001186 000054
001187 000050
001188 000048
001189 000046
001190 000047
001191 000046
001192 000050
001193 000040
001194 000036
001195 000036
001196 000043
001197 000032
001198 000040
001199 000043
001200 000039
001201 000030
001202 000045
001203 000042
001204 000052
001205 000042
001206 000032
001207 000042
001208 000032
001209 000032
001210 000039
001211 000030
001212 000028
001213 000028
001214 000035
001215 000024
001216 000032
001217 000028
001218 000024
001219 000035
001220 000023
001221 000028
001222 000022
001223 000016
001224 000023
001225 000037
001226 000029
001227 000023
001228 000031
001229 000025
001230 000032
001231 000026
001232 000020
001233 000027
001234 000019
001235 000026
001236 000022
001237 000018
001238 000025
001239 000031
001240 000025
001241 000033
001242 000025
001243 000014
001244 000027
001245 000026
001246 000027
001247 000022
001248 000008
001249 000030
001250 000024
001251 000022
001252 000024
001253 000021
001254 000019
001255 000020
001256 000021
001257 000018
001258 000015
001259 000017
001260 000016
001261 000015
001262 000010
001263 000017
001264 000017
001265 000023
001266 000019
001267 000019
001268 000013
001269 000014
001270 000012
001271 000008
001272 000024
001273 000015
001274 000012
001275 000014
001276 000017
001277 000018
001278 000017
001279 000021
001280 000018
001281 000011
001282 000014
001283 000008
001284 000009
001285 000015
001286 000017
001287 000009
001288 000018
001289 000015
001290 000014
001291 000020
001292 000009
001293 000019
001294 000016
001295 000014
001296 000012
001297 000013
001298 000018
001299 000012
001300 000018
001301 000009
001302 000014
001303 000006
001304 000013
001305 000008
001306 000006
001307 000011
001308 000005
001309 000006
001310 000015
001311 000006
001312 000010
001313 000015
001314 000008
001315 000015
001316 000015
001317 000009
001318 000008
001319 000009
001320 000009
001321 000011
001322 000012
001323 000014
001324 000012
001325 000011
001326 000010
001327 000012
001328 000007
001329 000015
001330 000010
001331 000007
001332 000005
001333 000006
001334 000014
001335 000010
001336 000006
001337 000016
001338 000005
001339 000004
001340 000007
001341 000006
001342 000008
001343 000005
001344 000005
001345 000006
001346 000008
001347 000003
001348 000005
001349 000002
001350 000006
001351 000005
001352 000009
001353 000012
001354 000009
001355 000008
001356 000003
001357 000004
001358 000008
001359 000003
001360 000003
001361 000011
001362 000012
001363 000007
001364 000008
001365 000003
001366 000007
001367 000003
001368 000004
001369 000007
001370 000010
001371 000006
001372 000007
001373 000009
001374 000002
001375 000008
001376 000005
001377 000003
001378 000003
001379 000001
001380 000003
001381 000006
001382 000008
001383 000008
001386 000001
001388 000005
001389 000002
001390 000004
001391 000005
001392 000002
001393 000003
001394 000007
001395 000006
001396 000006
001397 000003
001398 000005
001399 000007
001400 000005
001401 000003
001402 000007
001403 000007
001404 000001
001405 000008
001406 000006
001407 000002
001408 000004
001409 000005
001410 000001
001411 000001
001412 000005
001413 000003
001414 000004
001415 000003
001416 000001
001417 000003
001418 000004
001419 000002
001420 000006
001421 000004
001422 000005
001423 000004
001424 000003
001425 000003
001426 000001
001427 000002
001428 000001
001429 000004
001430 000005
001431 000007
001432 000005
001433 000003
001434 000002
001435 000002
001436 000001
001437 000001
001438 000002
001439 000003
001440 000003
001441 000003
001442 000004
001443 000003
001445 000004
001446 000002
001447 000003
001449 000002
001450 000006
001452 000003
001453 000003
001454 000001
001455 000001
001456 000002
001457 000003
001459 000003
001460 000001
001461 000005
001462 000003
001463 000004
001464 000002
001465 000002
001466 000002
001467 000001
001468 000006
001470 000001
001471 000001
001472 000002
001473 000001
001475 000003
001476 000001
001477 000001
001478 000001
001480 000001
001481 000002
001482 000001
001483 000002
001484 000001
001485 000001
001486 000002
001487 000001
001488 000003
001489 000004
001491 000004
001492 000002
001493 000001
001496 000003
001497 000002
001499 000001
001500 000002
001501 000003
001502 000005
001503 000002
001504 000001
001505 000001
001507 000002
001508 000001
001509 000002
001510 000001
001511 000002
001512 000001
001513 000005
001517 000001
001518 000003
001519 000001
001520 000004
001521 000002
001522 000003
001523 000002
001524 000001
001525 000001
001529 000003
001530 000002
001531 000004
001533 000002
001534 000005
001536 000002
001537 000001
001538 000002
001540 000004
001541 000001
001543 000001
001544 000002
001545 000001
001546 000001
001548 000001
001549 000001
001550 000004
001551 000002
001552 000003
001553 000005
001556 000003
001557 000001
001558 000002
001559 000001
001560 000001
001561 000002
001562 000002
001564 000001
001565 000001
001567 000001
001568 000001
001571 000001
001572 000001
001574 000001
001575 000001
001576 000002
001577 000001
001578 000001
001579 000002
001582 000002
001583 000001
001584 000001
001585 000001
001586 000004
001587 000001
001588 000004
001589 000002
001590 000002
001591 000001
001592 000002
001593 000002
001594 000001
001596 000001
001597 000003
001598 000003
001599 000001
001602 000004
001603 000005
001604 000001
001605 000001
001606 000001
001608 000001
001609 000005
001610 000001
001611 000002
001612 000002
001613 000001
001614 000002
001616 000001
001617 000003
001618 000004
001619 000001
001620 000003
001622 000003
001623 000002
001624 000002
001625 000002
001626 000001
001627 000003
001629 000002
001630 000001
001635 000002
001636 000001
001638 000001
001640 000002
001641 000001
001642 000002
001643 000004
001645 000001
001647 000002
001648 000001
001650 000003
001652 000002
001654 000001
001655 000002
001656 000001
001657 000002
001658 000003
001659 000002
001660 000002
001661 000001
001662 000004
001663 000001
001664 000002
001665 000001
001666 000001
001667 000002
001668 000004
001670 000002
001671 000001
001672 000002
001674 000002
001675 000001
001676 000002
001677 000002
001678 000003
001679 000002
001681 000001
001684 000002
001685 000001
001686 000001
001688 000001
001689 000003
001690 000005
001691 000001
001693 000002
001695 000002
001696 000002
001697 000001
001698 000001
001700 000002
001701 000002
001702 000001
001703 000002
001704 000001
001706 000002
001708 000002
001710 000001
001711 000001
001714 000003
001715 000002
001716 000001
001718 000001
001720 000003
001721 000001
001722 000002
001723 000003
001725 000003
001726 000001
001728 000001
001731 000001
001733 000002
001735 000002
001736 000003
001737 000001
001738 000001
001739 000002
001740 000001
001741 000003
001744 000001
001746 000001
001747 000003
001748 000004
001750 000002
001751 000002
001752 000003
001753 000001
001757 000001
001758 000002
001759 000002
001760 000002
001761 000002
001764 000001
001765 000005
001766 000005
001767 000002
001768 000002
001769 000002
001771 000001
001772 000002
001774 000001
001775 000001
001776 000003
001777 000001
001779 000001
001780 000002
001782 000002
001785 000002
001786 000003
001787 000002
001788 000001
001789 000001
001790 000001
001792 000001
001793 000004
001794 000001
001795 000001
001796 000002
001798 000002
001799 000001
001801 000003
001802 000001
001803 000001
001804 000002
001805 000001
001806 000004
001807 000003
001808 000002
001810 000001
001812 000003
001813 000007
001814 000001
001815 000001
001816 000001
001817 000004
001818 000002
001819 000002
001820 000001
001823 000002
001824 000003
001825 000003
001826 000002
001827 000004
001828 000004
001829 000001
001830 000003
001831 000001
001832 000001
001833 000001
001834 000002
001835 000001
001836 000002
001837 000001
001838 000001
001840 000001
001841 000004
001843 000001
001846 000001
001847 000003
001848 000001
001849 000002
001850 000002
001851 000001
001852 000001
001854 000001
001855 000002
001856 000002
001857 000001
001858 000001
001859 000002
001860 000002
001861 000001
001863 000003
001864 000002
001866 000002
001867 000003
001869 000002
001870 000004
001871 000003
001872 000002
001873 000001
001875 000002
001876 000002
001877 000004
001878 000001
001879 000002
001881 000002
001882 000002
001883 000006
001884 000001
001885 000003
001886 000002
001887 000002
001888 000003
001889 000005
001890 000003
001891 000006
001892 000005
001893 000004
001894 000001
001895 000004
001896 000001
001897 000003
001898 000002
001899 000008
001900 000001
001901 000005
001902 000003
001903 000004
001904 000004
001905 000001
001906 000003
001907 000004
001908 000003
001909 000005
001910 000004
001911 000005
001912 000005
001913 000005
001914 000002
001915 000003
001916 000001
001917 000003
001918 000004
001919 000005
001920 000004
001921 000004
001922 000004
001923 000004
001924 000004
001925 000003
001926 000006
001927 000003
001928 000006
001929 000006
001930 000003
001931 000001
001932 000001
001933 000002
001934 000003
001935 000001
001936 000001
001937 000003
001938 000003
001939 000002
001940 000008
001941 000004
001942 000006
001943 000004
001944 000003
001945 000004
001946 000003
001947 000009
001948 000003
001949 000002
001950 000003
001951 000001
001952 000003
001953 000002
001954 000001
001955 000001
001956 000001
001957 000002
001959 000001
001961 000002
001962 000004
001963 000003
001965 000004
001966 000002
001967 000005
001968 000006
001969 000002
001970 000002
001971 000003
001972 000003
001973 000002
001974 000006
001975 000002
001976 000002
001977 000003
001978 000004
001979 000001
001980 000004
001981 000002
001982 000002
001983 000003
001984 000005
001985 000008
001986 000003
001987 000003
001988 000004
001989 000003
001990 000002
001991 000002
001992 000005
001993 000002
001994 000006
001995 000005
001996 000005
001997 000003
001998 000006
001999 000005
002000 000007
002001 000006
002002 000009
002003 000008
002004 000005
002005 000004
002006 000003
002007 000004
002008 000003
002009 000008
002010 000009
002011 000005
002012 000010
002013 000006
002014 000010
002015 000009
002016 000007
002017 000005
002018 000002
002019 000004
002020 000003
002021 000006
002022 000003
002023 000008
002024 000005
002025 000002
002026 000009
002027 000006
002028 000004
002029 000007
002030 000005
002031 000007
002032 000007
002033 000007
002034 000011
002035 000011
002036 000007
002037 000005
002038 000010
002039 000006
002040 000009
002041 000008
002042 000007
002043 000011
002044 000008
002045 000008
002046 000009
002047 000007
002048 000008
002049 000007
002050 000008
002051 000003
002052 000009
002053 000006
002054 000003
002055 000009
002056 000004
002057 000009
002058 000003
002059 000008
002060 000003
002061 000005
002062 000004
002063 000004
002064 000003
002065 000006
002066 000008
002067 000003
002068 000005
002069 000003
002070 000001
002071 000005
002072 000005
002073 000004
002074 000004
002075 000005
002076 000006
002077 000003
002078 000006
002079 000001
002080 000002
002081 000002
002083 000004
002084 000002
002085 000002
002086 000003
002087 000004
002088 000003
002089 000001
002090 000006
002091 000001
002092 000003
002093 000002
002094 000005
002095 000001
002096 000002
002097 000002
002099 000002
002100 000004
002101 000001
002102 000002
002103 000004
002104 000003
002105 000001
002106 000004
002108 000002
002109 000001
002110 000005
002112 000005
002113 000001
002114 000001
002115 000005
002117 000001
002118 000002
002119 000001
002121 000006
002122 000002
002123 000002
002124 000001
002125 000001
002126 000004
002127 000003
002129 000002
002130 000003
002131 000001
002132 000001
002133 000002
002134 000006
002135 000001
002137 000002
002139 000001
002140 000004
002145 000001
002146 000001
002147 000001
002148 000001
002149 000002
002151 000002
002152 000001
002153 000002
002154 000004
002155 000005
002156 000004
002157 000002
002158 000002
002159 000002
002160 000002
002161 000002
002162 000001
002163 000003
002164 000001
002165 000001
002166 000003
002167 000001
002169 000001
002170 000001
002171 000004
002172 000001
002174 000003
002175 000001
002176 000002
002180 000002
002181 000001
002182 000002
002183 000003
002184 000002
002185 000002
002186 000003
002187 000003
002188 000001
002189 000002
002193 000002
002194 000002
002195 000003
002196 000001
002197 000002
002199 000002
002200 000001
002201 000003
002202 000003
002203 000003
002204 000001
002205 000002
002206 000002
002207 000002
002208 000002
002209 000001
002210 000002
002212 000001
002213 000002
002214 000001
002216 000004
002217 000004
002218 000001
002219 000003
002220 000001
002223 000001
002224 000003
002225 000001
002228 000001
002230 000001
002231 000001
002232 000002
002233 000002
002234 000002
002235 000001
002236 000002
002237 000002
002238 000004
002240 000001
002241 000002
002242 000001
002243 000003
002246 000001
002247 000001
002249 000001
002250 000003
002251 000001
002252 000002
002253 000003
002254 000002
002255 000003
002256 000003
002257 000001
002258 000003
002259 000002
002261 000001
002262 000002
002263 000004
002265 000003
002266 000004
002267 000001
002268 000001
002269 000002
002271 000001
002272 000001
002273 000003
002274 000001
002275 000003
002278 000003
002279 000004
002280 000001
002281 000001
002283 000002
002284 000004
002285 000002
002287 000001
002289 000002
002290 000004
002291 000002
002292 000002
002294 000001
002295 000001
002297 000002
002299 000004
002300 000002
002301 000003
002303 000005
002305 000003
002309 000001
002310 000001
002311 000001
002312 000004
002313 000003
002315 000001
002316 000004
002317 000003
002318 000001
002320 000001
002323 000001
002324 000001
002325 000002
002326 000003
002327 000001
002329 000001
002331 000002
002332 000002
002333 000001
002337 000002
002339 000001
002340 000002
002342 000002
002344 000003
002345 000001
002346 000001
002347 000001
002350 000001
002352 000002
002355 000002
002358 000003
002361 000001
002363 000001
002364 000001
002365 000001
002366 000004
002368 000003
002369 000001
002370 000001
002371 000001
002372 000001
002373 000001
002374 000001
002375 000001
002377 000002
002378 000001
002379 000002
002380 000001
002382 000002
002383 000001
002389 000001
002390 000001
002394 000001
002395 000001
002396 000001
002400 000002
002404 000001
002406 000001
002408 000001
002412 000001
002413 000001
002415 000001
002422 000002
002424 000002
002426 000003
002427 000001
002433 000001
002435 000001
002438 000003
002446 000001
002449 000001
002450 000001
002453 000001
002456 000001
002458 000001
002459 000001
002460 000001
002461 000002
002462 000001
002464 000001
002470 000001
002471 000002
002473 000001
002475 000001
002478 000001
002480 000002
002481 000002
002484 000001
002489 000001
002494 000001
002502 000001
002511 000001
002513 000001
002515 000001
002516 000001
002519 000001
002522 000001
002523 000002
002531 000001
002534 000001
002540 000001
002546 000001
002550 000001
002557 000001
002560 000001
002561 000001
002570 000001
002571 000001
002573 000001
002576 000002
002579 000001
002588 000001
002589 000005
002591 000002
002594 000001
002597 000001
002602 000002
002604 000001
002605 000001
002613 000001
002614 000001
002615 000001
002616 000001
002617 000002
002618 000001
002619 000001
002620 000001
002623 000001
002624 000001
002628 000001
002629 000001
002631 000001
002633 000001
002640 000001
002643 000001
002644 000001
002646 000001
002647 000002
002648 000001
002650 000002
002652 000001
002656 000001
002661 000001
002662 000001
002665 000001
002674 000001
002677 000001
002679 000001
002682 000001
002686 000001
002688 000001
002689 000001
002692 000003
002695 000001
002699 000002
002701 000001
002707 000001
002708 000001
002714 000001
002717 000002
002718 000001
002719 000001
002724 000001
002726 000001
002727 000001
002728 000001
002729 000001
002731 000001
002735 000001
002742 000001
002743 000001
002744 000001
002746 000001
002747 000001
002748 000001
002749 000001
002750 000001
002751 000002
002752 000001
002753 000003
002754 000001
002756 000001
002759 000001
002760 000001
002763 000001
002766 000001
002767 000001
002770 000001
002772 000001
002773 000001
002774 000001
002775 000001
002776 000002
002777 000001
002778 000001
002779 000001
002780 000001
002781 000002
002782 000001
002783 000002
002785 000001
002786 000001
002787 000001
002789 000001
002790 000001
002791 000001
002796 000001
002797 000002
002799 000001
002801 000001
002802 000001
002803 000001
002805 000002
002806 000002
002807 000001
002808 000001
002809 000001
002810 000004
002811 000002
002813 000004
002814 000001
002815 000001
002816 000001
002817 000002
002818 000001
002820 000001
002821 000005
002822 000002
002823 000002
002824 000003
002825 000003
002826 000004
002827 000002
002828 000002
002831 000002
002832 000002
002833 000001
002834 000001
002835 000002
002837 000001
002838 000001
002839 000003
002842 000001
002843 000002
002847 000001
002848 000001
002849 000002
002850 000002
002851 000006
002852 000002
002853 000004
002854 000008
002855 000005
002856 000002
002857 000007
002858 000005
002859 000008
002860 000007
002861 000007
002862 000007
002863 000005
002864 000005
002865 000004
002866 000012
002867 000004
002868 000008
002869 000005
002870 000014
002871 000014
002872 000010
002873 000007
002874 000009
002875 000014
002876 000009
002877 000015
002878 000019
002879 000014
002880 000011
002881 000016
002882 000016
002883 000008
002884 000010
002885 000019
002886 000019
002887 000013
002888 000024
002889 000018
002890 000019
002891 000018
002892 000020
002893 000013
002894 000023
002895 000009
002896 000023
002897 000014
002898 000014
002899 000013
002900 000022
002901 000013
002902 000013
002903 000018
002904 000021
002905 000011
002906 000021
002907 000010
002908 000013
002909 000019
002910 000015
002911 000018
002912 000015
002913 000014
002914 000016
002915 000013
002916 000012
002917 000014
002918 000018
002919 000017
002920 000021
002921 000022
002922 000021
002923 000026
002924 000017
002925 000014
002926 000018
002927 000016
002928 000017
002929 000013
002930 000018
002931 000014
002932 000013
002933 000016
002934 000020
002935 000016
002936 000011
002937 000016
002938 000017
002939 000010
002940 000014
002941 000014
002942 000015
002943 000017
002944 000015
002945 000019
002946 000014
002947 000015
002948 000014
002949 000015
002950 000012
002951 000013
002952 000017
002953 000010
002954 000011
002955 000011
002956 000013
002957 000013
002958 000005
002959 000015
002960 000011
002961 000013
002962 000013
002963 000010
002964 000017
002965 000011
002966 000007
002967 000008
002968 000011
002969 000017
002970 000014
002971 000015
002972 000008
002973 000015
002974 000011
002975 000017
002976 000019
002977 000021
002978 000020
002979 000027
002980 000032
002981 000020
002982 000019
002983 000029
002984 000028
002985 000026
002986 000029
002987 000033
002988 000030
002989 000035
002990 000031
002991 000021
002992 000032
002993 000024
002994 000039
002995 000051
002996 000036
002997 000051
002998 000037
002999 000049
003000 000040
003001 000055
003002 000071
003003 000053
003004 000077
003005 000087
003006 000090
003007 000075
003008 000080
003009 000082
003010 000105
003011 000087
003012 000092
003013 000085
003014 000086
003015 000093
003016 000100
003017 000097
003018 000102
003019 000118
003020 000103
003021 000100
003022 000094
003023 000085
003024 000092
003025 000084
003026 000091
003027 000084
003028 000093
003029 000070
003030 000079
003031 000080
003032 000072
003033 000072
003034 000068
003035 000052
003036 000070
003037 000065
003038 000054
003039 000060
003040 000063
003041 000046
003042 000047
003043 000048
003044 000054
003045 000046
003046 000034
003047 000036
003048 000038
003049 000039
003050 000034
003051 000038
003052 000033
003053 000033
003054 000024
003055 000025
003056 000024
003057 000025
003058 000025
003059 000018
003060 000025
003061 000017
003062 000026
003063 000027
003064 000021
003065 000018
003066 000022
003067 000022
003068 000012
003069 000017
003070 000012
003071 000010
003072 000013
003073 000021
003074 000014
003075 000007
003076 000006
003077 000016
003078 000003
003079 000009
003080 000005
003081 000009
003082 000007
003083 000010
003084 000006
003085 000010
003086 000006
003087 000006
003088 000006
003089 000008
003090 000012
003091 000008
003092 000005
003093 000011
003094 000005
003095 000005
003096 000005
003097 000006
003098 000003
003099 000003
003100 000008
003101 000007
003102 000005
003103 000006
003104 000008
003105 000004
003106 000002
003107 000002
003108 000005
003109 000004
003110 000005
003111 000004
003112 000003
003113 000002
003114 000001
003115 000006
003116 000006
003117 000002
003118 000004
003119 000002
003120 000002
003121 000003
003122 000003
003123 000001
003124 000002
003125 000007
003127 000003
003128 000004
003129 000001
003130 000001
003131 000003
003132 000002
003133 000004
003134 000003
003135 000001
003136 000001
003137 000004
003138 000002
003139 000003
003140 000004
003141 000002
003142 000004
003143 000006
003144 000002
003145 000002
003147 000002
003148 000001
003149 000002
003150 000004
003151 000003
003152 000002
003153 000002
003154 000005
003155 000002
003156 000004
003157 000001
003158 000003
003159 000001
003160 000001
003161 000006
003162 000001
003163 000002
003164 000001
003165 000001
003166 000002
003167 000002
003168 000001
003169 000002
003170 000002
003171 000003
003172 000003
003173 000004
003174 000003
003175 000001
003176 000003
003177 000002
003179 000004
003181 000003
003184 000003
003185 000003
003186 000002
003187 000002
003188 000001
003190 000003
003192 000001
003193 000003
003195 000002
003196 000002
003197 000003
003198 000001
003199 000001
003200 000003
003201 000002
003202 000002
003204 000001
003205 000001
003206 000001
003207 000002
003208 000002
003209 000001
003211 000001
003212 000002
003213 000003
003214 000004
003215 000004
003217 000002
003218 000002
003219 000001
003221 000002
003224 000001
003225 000002
003226 000002
003227 000001
003230 000001
003231 000003
003232 000004
003233 000004
003234 000001
003236 000003
003237 000002
003238 000004
003239 000004
003240 000001
003241 000003
003242 000003
003243 000004
003244 000001
003245 000002
003246 000004
003247 000005
003248 000004
003249 000002
003250 000004
003251 000003
003254 000003
003255 000001
003256 000001
003257 000002
003258 000001
003260 000002
003261 000001
003262 000001
003263 000001
003265 000002
003266 000001
003267 000003
003269 000001
003272 000002
003274 000002
003275 000003
003276 000002
003277 000001
003278 000001
003279 000002
003281 000001
003282 000001
003283 000003
003284 000001
003286 000001
003288 000003
003289 000002
003290 000002
003292 000001
003293 000001
003294 000003
003295 000001
003296 000002
003298 000001
003300 000002
003301 000002
003302 000001
003304 000001
003305 000001
003306 000001
003307 000001
003308 000002
003309 000002
003310 000004
003311 000001
003312 000004
003313 000002
003315 000001
003316 000001
003317 000003
003318 000002
003319 000002
003320 000002
003324 000001
003328 000003
003330 000001
003331 000004
003333 000001
003334 000002
003335 000002
003336 000002
003337 000002
003340 000005
003342 000003
003343 000001
003344 000003
003345 000003
003346 000001
003347 000002
003348 000001
003350 000001
003351 000004
003353 000003
003356 000003
003360 000002
003361 000001
003365 000001
003366 000003
003369 000002
003373 000001
003380 000001
003381 000001
003387 000001
003390 000001
003391 000003
003393 000003
003395 000001
003396 000002
003397 000001
003399 000002
003403 000001
003408 000001
003414 000001
003415 000001
003417 000001
003418 000001
003427 000001
003431 000002
003436 000001
003442 000001
003464 000001
003466 000001
003469 000001
003470 000001
003473 000001
003477 000001
003490 000001
003509 000001
003518 000001
003524 000001
003530 000001
003536 000001
003546 000001
003548 000001
003570 000001
003587 000001
003592 000002
003594 000001
003609 000001
003611 000001
003613 000001
003617 000001
003628 000001
003629 000001
003631 000001
003635 000001
003636 000001
003637 000001
003641 000001
003642 000001
003646 000001
003655 000001
003656 000001
003662 000001
003668 000001
003669 000002
003671 000001
003673 000001
003674 000001
003682 000003
003683 000001
003688 000002
003689 000001
003690 000001
003707 000001
003708 000002
003715 000001
003716 000001
003717 000001
003724 000001
003728 000001
003738 000001
003755 000002
003757 000001
003761 000001
003764 000001
003766 000001
003778 000001
003780 000001
003781 000001
003782 000002
003783 000003
003784 000001
003785 000001
003789 000001
003791 000003
003792 000001
003794 000001
003796 000001
003798 000001
003803 000001
003804 000001
003805 000003
003807 000002
003808 000001
003809 000002
003812 000003
003813 000001
003815 000001
003818 000001
003825 000001
003826 000001
003830 000001
003832 000001
003834 000001
003839 000001
003840 000001
003843 000001
003849 000001
003855 000001
003856 000003
003857 000002
003858 000002
003859 000001
003863 000001
003867 000001
003869 000001
003870 000001
003871 000003
003872 000002
003875 000001
003876 000001
003877 000002
003879 000002
003881 000001
003882 000001
003883 000001
003886 000001
003889 000002
003890 000001
003891 000001
003892 000001
003893 000001
003895 000001
003896 000001
003898 000003
003900 000001
003902 000003
003903 000001
003905 000003
003906 000002
003907 000002
003908 000002
003909 000002
003911 000002
003912 000001
003913 000001
003914 000002
003916 000002
003917 000001
003918 000002
003919 000001
003920 000001
003921 000003
003923 000001
003924 000006
003925 000001
003926 000004
003927 000002
003928 000001
003929 000002
003930 000002
003931 000005
003932 000001
003933 000002
003934 000001
003935 000001
003937 000001
003938 000005
003939 000003
003940 000002
003941 000005
003942 000001
003943 000002
003944 000003
003945 000004
003946 000001
003947 000002
003948 000004
003949 000003
003950 000001
003951 000007
003952 000003
003953 000002
003954 000002
003955 000004
003956 000001
003957 000005
003958 000005
003959 000002
003960 000002
003961 000003
003962 000002
003963 000003
003964 000004
003965 000004
003966 000004
003967 000005
003968 000004
003969 000003
003970 000002
003971 000005
003972 000003
003973 000002
003974 000005
003975 000003
003976 000002
003977 000001
003978 000003
003979 000002
003980 000003
003981 000004
003982 000004
003983 000002
003984 000003
003985 000002
003986 000003
003987 000001
003988 000001
003989 000002
003990 000001
003991 000004
003992 000006
003993 000001
003995 000005
003996 000006
003997 000004
003998 000001
003999 000007
004000 000005
004001 000003
004002 000004
004004 000005
004005 000004
004006 000004
004007 000003
004008 000005
004009 000005
004010 000004
004011 000008
004012 000004
004013 000003
004014 000003
004015 000004
004016 000004
004017 000006
004018 000005
004019 000007
004020 000004
004021 000010
004022 000011
004023 000005
004024 000007
004025 000006
004026 000010
004027 000009
004028 000010
004029 000005
004030 000007
004031 000003
004032 000006
004033 000004
004034 000007
004035 000011
004036 000007
004037 000006
004038 000010
004039 000009
004040 000009
004041 000010
004042 000005
004043 000009
004044 000009
004045 000009
004046 000010
004047 000009
004048 000009
004049 000010
004050 000004
004051 000010
004052 000007
004053 000007
004054 000010
004055 000009
004056 000011
004057 000011
004058 000008
004059 000004
004060 000009
004061 000008
004062 000010
004063 000006
004064 000011
004065 000009
004066 000015
004067 000010
004068 000014
004069 000004
004070 000010
004071 000003
004072 000007
004073 000004
004074 000013
004075 000012
004076 000001
004077 000005
004078 000005
004079 000005
004080 000004
004081 000004
004082 000007
004083 000002
004084 000006
004085 000004
004086 000007
004087 000007
004088 000006
004089 000005
004090 000003
004091 000004
004092 000010
004093 000001
004094 000001
004095 000007
004096 000005
004097 000003
004098 000002
004099 000001
004100 000002
004101 000002
004102 000004
004103 000002
004104 000002
004105 000002
004106 000002
004107 000003
004110 000002
004111 000001
004112 000002
004113 000003
004114 000002
004115 000001
004116 000003
004117 000001
004119 000002
004120 000002
004121 000002
004122 000002
004123 000004
004124 000003
004125 000001
004127 000002
004129 000001
004132 000003
004133 000002
004135 000002
004136 000002
004137 000002
004139 000001
004140 000001
004141 000003
004144 000001
004146 000001
004147 000002
004148 000001
004149 000001
004151 000003
004152 000001
004153 000002
004155 000002
004158 000001
004159 000003
004163 000003
004164 000002
004165 000001
004170 000001
004171 000001
004173 000002
004174 000002
004175 000001
004179 000001
004180 000001
004181 000001
004182 000001
004186 000002
004187 000002
004188 000004
004190 000001
004191 000002
004192 000002
004193 000003
004195 000001
004197 000001
004200 000003
004202 000001
004204 000002
004205 000001
004207 000001
004208 000001
004209 000002
004210 000001
004211 000001
004212 000001
004213 000002
004214 000004
004215 000001
004217 000003
004218 000001
004222 000002
004223 000001
004225 000001
004226 000001
004228 000001
004229 000001
004236 000001
004237 000002
004238 000001
004239 000001
004241 000002
004242 000002
004243 000001
004246 000002
004248 000002
004249 000002
004250 000001
004251 000002
004253 000002
004254 000001
004255 000001
004256 000001
004258 000001
004259 000003
004260 000001
004261 000002
004262 000002
004263 000001
004266 000001
004267 000001
004268 000002
004270 000001
004272 000001
004273 000002
004274 000002
004275 000002
004276 000003
004278 000001
004279 000001
004281 000002
004282 000001
004283 000001
004284 000001
004286 000001
004288 000001
004289 000001
004291 000001
004293 000001
004294 000002
004295 000002
004297 000001
004299 000001
004300 000001
004301 000003
004302 000001
004303 000002
004306 000004
004307 000002
004312 000001
004313 000001
004315 000001
004318 000001
004319 000001
004321 000002
004323 000001
004324 000003
004329 000001
004331 000001
004332 000005
004333 000001
004334 000001
004335 000001
004337 000001
004338 000002
004341 000003
004353 000001
004355 000002
004357 000001
004360 000002
004368 000004
004370 000001
004371 000002
004372 000002
004373 000002
004374 000002
004378 000001
004379 000003
004390 000001
004394 000001
004400 000002
004401 000001
004402 000001
004403 000002
004408 000002
004412 000002
004423 000002
004430 000001
004431 000001
004432 000001
004439 000001
004443 000001
004445 000001
004449 000001
004450 000002
004463 000001
004470 000001
004482 000001
004496 000001
004497 000001
004498 000002
004501 000001
004505 000001
004507 000001
004524 000001
004525 000002
004527 000001
004537 000001
004539 000001
004543 000001
004554 000001
004559 000001
004579 000001
004581 000001
004585 000002
004593 000001
004594 000001
004602 000002
004619 000001
004628 000001
004629 000001
004637 000001
004640 000002
004644 000001
004645 000001
004650 000001
004651 000001
004652 000001
004659 000001
004660 000001
004662 000001
004664 000001
004667 000001
004673 000001
004675 000001
004677 000001
004684 000001
004691 000001
004700 000001
004703 000002
004704 000001
004713 000001
004720 000002
004721 000001
004728 000001
004729 000001
004737 000001
004747 000001
004748 000001
004749 000001
004751 000001
004759 000001
004760 000001
004761 000001
004765 000001
004767 000002
004772 000001
004778 000001
004781 000001
004784 000001
004787 000001
004792 000001
004797 000002
004800 000001
004804 000001
004808 000002
004809 000001
004810 000001
004817 000005
004822 000001
004825 000001
004826 000001
004829 000001
004833 000001
004836 000002
004837 000002
004838 000001
004840 000001
004841 000001
004844 000002
004845 000001
004848 000001
004849 000001
004852 000002
004859 000001
004860 000001
004861 000002
004863 000001
004864 000002
004865 000001
004866 000002
004868 000002
004869 000002
004870 000001
004871 000001
004872 000002
004873 000002
004875 000001
004878 000002
004879 000003
004880 000001
004882 000003
004883 000003
004886 000003
004887 000002
004888 000002
004889 000003
004890 000002
004891 000001
004892 000002
004893 000003
004894 000005
004895 000002
004896 000003
004897 000002
004898 000003
004899 000005
004900 000002
004901 000005
004902 000008
004903 000006
004904 000002
004905 000006
004906 000011
004908 000005
004909 000006
004910 000006
004911 000002
004912 000011
004913 000007
004914 000012
004915 000005
004916 000005
004917 000013
004918 000011
004919 000016
004920 000006
004921 000009
004922 000005
004923 000010
004924 000011
004925 000014
004926 000005
004927 000010
004928 000011
004929 000008
004930 000014
004931 000005
004932 000013
004933 000015
004934 000013
004935 000017
004936 000012
004937 000015
004938 000011
004939 000011
004940 000014
004941 000012
004942 000015
004943 000015
004944 000016
004945 000010
004946 000010
004947 000011
004948 000013
004949 000017
004950 000016
004951 000018
004952 000012
004953 000018
004954 000024
004955 000016
004956 000008
004957 000017
004958 000015
004959 000019
004960 000022
004961 000008
004962 000027
004963 000018
004964 000014
004965 000015
004966 000025
004967 000021
004968 000019
004969 000020
004970 000016
004971 000013
004972 000021
004973 000021
004974 000020
004975 000016
004976 000014
004977 000021
004978 000016
004979 000016
004980 000012
004981 000010
004982 000015
004983 000011
004984 000013
004985 000014
004986 000012
004987 000008
004988 000010
004989 000009
004990 000010
004991 000015
004992 000008
004993 000010
004994 000022
004995 000010
004996 000015
004997 000013
004998 000012
004999 000014
005000 000010
005001 000011
005002 000012
005003 000014
005004 000019
005005 000017
005006 000018
005007 000021
005008 000026
005009 000027
005010 000026
005011 000018
005012 000023
005013 000034
005014 000025
005015 000028
005016 000034
005017 000027
005018 000037
005019 000029
005020 000036
005021 000031
005022 000033
005023 000037
005024 000042
005025 000043
005026 000036
005027 000039
005028 000047
005029 000041
005030 000033
005031 000051
005032 000051
005033 000052
005034 000055
005035 000073
005036 000055
005037 000053
005038 000069
005039 000065
005040 000056
005041 000056
005042 000059
005043 000067
005044 000067
005045 000070
005046 000070
005047 000077
005048 000084
005049 000076
005050 000073
005051 000078
005052 000083
005053 000076
005054 000079
005055 000080
005056 000067
005057 000073
005058 000064
005059 000071
005060 000072
005061 000069
005062 000070
005063 000057
005064 000047
005065 000056
005066 000050
005067 000047
005068 000059
005069 000056
005070 000049
005071 000046
005072 000036
005073 000045
005074 000031
005075 000042
005076 000057
005077 000040
005078 000035
005079 000037
005080 000040
005081 000035
005082 000024
005083 000033
005084 000027
005085 000024
005086 000025
005087 000018
005088 000024
005089 000020
005090 000027
005091 000018
005092 000020
005093 000014
005094 000017
005095 000014
005096 000019
005097 000022
005098 000012
005099 000018
005100 000014
005101 000012
005102 000009
005103 000009
005104 000011
005105 000012
005106 000009
005107 000010
005108 000015
005109 000007
005110 000006
005111 000009
005112 000011
005113 000008
005114 000003
005115 000005
005116 000010
005117 000008
005118 000007
005119 000011
005120 000006
005121 000005
005122 000006
005123 000008
005124 000003
005125 000004
005126 000006
005127 000004
005128 000006
005129 000003
005130 000002
005131 000004
005132 000007
005133 000003
005134 000007
005135 000004
005136 000005
005137 000006
005138 000003
005139 000004
005140 000005
005141 000002
005142 000007
005143 000003
005144 000001
005145 000001
005146 000002
005147 000001
005148 000003
005149 000002
005150 000003
005151 000003
005152 000005
005153 000004
005154 000002
005155 000008
005156 000002
005157 000001
005158 000002
005159 000002
005161 000001
005162 000002
005163 000001
005164 000006
005165 000003
005166 000003
005167 000002
005168 000003
005169 000002
005170 000003
005171 000002
005173 000001
005174 000003
005175 000002
005176 000003
005177 000003
005178 000003
005179 000002
005180 000001
005181 000001
005182 000001
005183 000001
005184 000001
005186 000003
005187 000002
005188 000001
005189 000002
005190 000001
005191 000004
005192 000001
005193 000001
005194 000003
005195 000003
005196 000001
005197 000002
005198 000003
005199 000001
005200 000004
005201 000003
005202 000001
005204 000001
005205 000004
005206 000001
005207 000002
005208 000002
005209 000003
005210 000002
005211 000002
005213 000001
005214 000001
005215 000003
005216 000002
005217 000001
005219 000002
005220 000003
005221 000001
005222 000002
005223 000001
005224 000001
005225 000003
005226 000001
005227 000001
005229 000003
005230 000002
005231 000001
005232 000002
005233 000004
005234 000003
005235 000002
005237 000001
005238 000001
005239 000001
005240 000002
005242 000001
005244 000001
005245 000001
005246 000003
005247 000003
005248 000004
005249 000003
005250 000002
005252 000002
005253 000001
005254 000001
005255 000002
005256 000005
005257 000001
005258 000001
005259 000001
005260 000001
005261 000003
005264 000003
005265 000002
005266 000002
005267 000002
005268 000001
005269 000002
005270 000002
005271 000001
005273 000001
005274 000002
005275 000001
005276 000001
005278 000002
005280 000001
005281 000001
005282 000002
005283 000001
005284 000004
005285 000003
005286 000002
005287 000004
005288 000004
005289 000001
005290 000001
005291 000002
005292 000002
005293 000002
005294 000001
005295 000001
005296 000001
005297 000003
005298 000002
005299 000001
005300 000003
005301 000003
005302 000002
005303 000004
005304 000002
005305 000002
005306 000003
005307 000004
005308 000003
005309 000002
005310 000002
005311 000003
005312 000001
005313 000002
005314 000001
005315 000001
005316 000002
005317 000003
005318 000002
005319 000003
005320 000001
005324 000001
005325 000003
005326 000003
005328 000004
005330 000002
005334 000001
005335 000002
005336 000004
005339 000001
005340 000003
005341 000001
005342 000003
005343 000001
005344 000006
005345 000001
005346 000002
005347 000002
005348 000001
005351 000003
005352 000001
005354 000002
005355 000003
005358 000002
005360 000001
005361 000001
005364 000002
005365 000001
005366 000002
005368 000001
005369 000001
005370 000002
005371 000003
005372 000002
005373 000001
005374 000001
005375 000001
005376 000001
005377 000003
005378 000003
005380 000001
005381 000001
005382 000001
005383 000001
005391 000001
005392 000001
005393 000002
005394 000001
005395 000001
005396 000003
005397 000001
005399 000001
005400 000002
005402 000003
005403 000001
005408 000001
005412 000002
005413 000001
005414 000001
005417 000001
005418 000004
005421 000002
005424 000001
005425 000003
005429 000001
005432 000001
005435 000001
005436 000001
005437 000001
005439 000001
005445 000001
005446 000001
005453 000001
005454 000002
005462 000001
005463 000001
005476 000002
005478 000002
005482 000001
005494 000001
005498 000001
005500 000001
005504 000001
005507 000001
005508 000001
005510 000001
005526 000002
005528 000001
005530 000001
005535 000001
005538 000002
005539 000001
005549 000001
005554 000001
005577 000002
005585 000001
005589 000001
005591 000001
005597 000001
005611 000003
005619 000001
005621 000002
005630 000001
005637 000002
005650 000002
005657 000001
005659 000001
005664 000001
005673 000001
005683 000001
005692 000001
005698 000001
005701 000001
005712 000001
005713 000001
005721 000001
005727 000001
005728 000001
005737 000002
005738 000001
005745 000001
005753 000001
005757 000001
005762 000001
005764 000001
005786 000001
005788 000002
005789 000001
005791 000001
005792 000001
005799 000001
005800 000001
005811 000001
005812 000001
005819 000001
005823 000001
005830 000002
005840 000001
005841 000001
005843 000001
005845 000001
005853 000001
005854 000001
005856 000001
005861 000001
005864 000002
005868 000001
005871 000001
005872 000001
005875 000001
005877 000001
005878 000001
005883 000001
005885 000001
005891 000001
005892 000001
005895 000001
005896 000002
005900 000001
005901 000001
005902 000002
005903 000002
005907 000001
005908 000001
005910 000001
005912 000001
005913 000001
005915 000001
005918 000002
005919 000001
005921 000002
005922 000002
005923 000001
005924 000002
005925 000001
005927 000001
005928 000001
005931 000001
005933 000002
005934 000002
005935 000001
005936 000002
005937 000002
005938 000002
005939 000003
005940 000002
005941 000006
005942 000001
005943 000002
005944 000004
005945 000001
005947 000001
005948 000003
005949 000002
005951 000001
005952 000005
005953 000005
005956 000003
005957 000001
005958 000002
005959 000001
005960 000002
005961 000003
005962 000001
005963 000001
005965 000003
005966 000004
005968 000002
005969 000005
005970 000002
005972 000003
005973 000002
005974 000003
005977 000003
005978 000001
005979 000001
005980 000002
005981 000002
005982 000001
005983 000002
005985 000003
005986 000002
005987 000002
005988 000001
005989 000003
005990 000001
005991 000001
005992 000001
005993 000001
005994 000001
005995 000004
005996 000002
005997 000003
005998 000002
005999 000001
006000 000003
006002 000002
006003 000002
006004 000004
006005 000004
006006 000003
006007 000002
006008 000003
006009 000002
006010 000001
006011 000003
006012 000003
006013 000003
006014 000004
006015 000006
006016 000005
006017 000008
006018 000003
006019 000005
006020 000005
006021 000001
006022 000008
006023 000007
006024 000004
006025 000006
006026 000011
006027 000002
006028 000012
006029 000004
006030 000009
006031 000008
006032 000009
006033 000007
006034 000009
006035 000009
006036 000006
006037 000009
006038 000007
006039 000007
006040 000009
006041 000004
006042 000007
006043 000012
006044 000008
006045 000009
006046 000012
006047 000009
006048 000008
006049 000013
006050 000010
006051 000007
006052 000015
006053 000009
006054 000013
006055 000008
006056 000008
006057 000007
006058 000011
006059 000012
006060 000005
006061 000010
006062 000009
006063 000011
006064 000005
006065 000004
006066 000004
006067 000013
006068 000006
006069 000013
006070 000010
006071 000004
006072 000002
006073 000012
006074 000005
006075 000007
006076 000008
006077 000006
006078 000005
006079 000005
006080 000009
006081 000006
006082 000002
006083 000005
006084 000005
006085 000004
006086 000001
006087 000003
006088 000002
006089 000005
006090 000003
006091 000003
006092 000004
006093 000003
006094 000003
006095 000005
006096 000002
006097 000005
006098 000006
006099 000002
006100 000001
006101 000003
006102 000003
006103 000001
006105 000005
006106 000002
006107 000002
006108 000001
006109 000002
006110 000002
006111 000001
006112 000001
006113 000001
006114 000002
006115 000001
006116 000001
006117 000001
006118 000003
006119 000001
006120 000001
006121 000001
006122 000001
006128 000001
006130 000002
006131 000001
006132 000001
006134 000002
006135 000001
006136 000001
006137 000001
006139 000005
006141 000001
006143 000001
006144 000001
006145 000001
006146 000001
006147 000002
006150 000003
006151 000002
006153 000002
006154 000001
006155 000001
006157 000001
006159 000001
006161 000002
006165 000001
006166 000001
006167 000002
006169 000002
006170 000002
006171 000002
006175 000001
006177 000001
006179 000002
006181 000001
006183 000001
006192 000001
006193 000001
006194 000001
006197 000001
006199 000001
006200 000002
006201 000001
006203 000001
006206 000002
006209 000001
006211 000001
006212 000001
006215 000001
006218 000002
006221 000002
006222 000001
006224 000001
006225 000001
006229 000001
006230 000001
006231 000001
006232 000001
006233 000002
006235 000001
006236 000001
006237 000003
006238 000001
006241 000002
006242 000001
006244 000002
006247 000002
006248 000001
006250 000001
006254 000002
006255 000001
006256 000005
006258 000001
006259 000003
006261 000001
006262 000002
006264 000002
006265 000001
006268 000001
006270 000002
006271 000001
006272 000002
006273 000001
006274 000002
006275 000002
006279 000001
006280 000001
006281 000002
006282 000001
006283 000001
006285 000001
006286 000002
006287 000001
006291 000001
006293 000001
006294 000001
006295 000002
006296 000001
006297 000002
006298 000001
006300 000001
006303 000002
006304 000002
006305 000001
006308 000002
006310 000002
006312 000003
006313 000002
006314 000002
006317 000002
006318 000001
006319 000001
006320 000003
006325 000001
006327 000003
006329 000001
006330 000001
006331 000001
006332 000001
006333 000002
006334 000002
006336 000001
006338 000002
006339 000001
006342 000001
006344 000002
006346 000002
006351 000001
006352 000001
006354 000001
006361 000001
006370 000001
006375 000002
006376 000002
006377 000001
006378 000001
006379 000001
006381 000001
006383 000001
006392 000001
006393 000001
006416 000001
006432 000001
006438 000001
006448 000001
006450 000001
006463 000001
006466 000001
006480 000001
006489 000001
006492 000001
006496 000002
006532 000001
006555 000001
006562 000001
006563 000001
006590 000001
006592 000001
006593 000001
006595 000001
006599 000001
006602 000001
006609 000001
006617 000001
006622 000001
006635 000001
006660 000001
006661 000001
006664 000001
006686 000001
006688 000001
006689 000001
006694 000001
006699 000001
006717 000001
006722 000001
006730 000001
006739 000001
006746 000001
006747 000001
006748 000001
006754 000001
006764 000001
006769 000001
006777 000001
006785 000001
006791 000002
006792 000001
006795 000001
006799 000001
006802 000001
006809 000002
006811 000002
006814 000001
006815 000001
006818 000002
006825 000001
006826 000001
006829 000001
006830 000001
006832 000001
006834 000001
006837 000001
006838 000001
006841 000001
006844 000001
006847 000001
006849 000001
006853 000001
006856 000001
006861 000001
006863 000001
006864 000001
006865 000001
006867 000001
006869 000002
006871 000002
006872 000001
006874 000001
006875 000001
006876 000002
006877 000001
006880 000001
006882 000002
006885 000002
006886 000002
006887 000001
006888 000001
006890 000002
006892 000004
006895 000002
006896 000002
006897 000003
006899 000004
006900 000003
006901 000005
006902 000001
006903 000005
006905 000002
006906 000003
006907 000003
006908 000006
006909 000009
006910 000005
006911 000006
006912 000005
006913 000003
006914 000007
006915 000003
006916 000002
006917 000006
006918 000009
006919 000010
006920 000008
006921 000011
006922 000005
006923 000008
006924 000011
006925 000003
006926 000006
006927 000012
006928 000006
006929 000007
006930 000007
006931 000010
006932 000008
006933 000010
006934 000009
006935 000007
006936 000006
006937 000007
006938 000012
006939 000011
006940 000007
006941 000010
006942 000007
006943 000012
006944 000014
006945 000019
006946 000013
006947 000010
006948 000008
006949 000013
006950 000009
006951 000013
006952 000018
006953 000013
006954 000014
006955 000015
006956 000014
006957 000012
006958 000021
006959 000019
006960 000017
006961 000015
006962 000016
006963 000009
006964 000014
006965 000015
006966 000015
006967 000009
006968 000010
006969 000010
006970 000012
006971 000015
006972 000010
006973 000011
006974 000012
006975 000014
006976 000013
006977 000014
006978 000011
006979 000016
006980 000009
006981 000008
006982 000010
006983 000016
006984 000009
006985 000009
006986 000011
006987 000019
006988 000006
006989 000009
006990 000013
006991 000007
006992 000010
006993 000013
006994 000007
006995 000012
006996 000017
006997 000011
006998 000014
006999 000013
007000 000011
007001 000017
007002 000015
007003 000013
007004 000012
007005 000019
007006 000014
007007 000014
007008 000019
007009 000017
007010 000020
007011 000033
007012 000028
007013 000021
007014 000028
007015 000033
007016 000027
007017 000039
007018 000034
007019 000034
007020 000034
007021 000046
007022 000036
007023 000040
007024 000048
007025 000036
007026 000044
007027 000047
007028 000044
007029 000044
007030 000056
007031 000039
007032 000059
007033 000055
007034 000057
007035 000053
007036 000064
007037 000055
007038 000064
007039 000065
007040 000066
007041 000054
007042 000060
007043 000074
007044 000084
007045 000093
007046 000083
007047 000088
007048 000094
007049 000105
007050 000102
007051 000098
007052 000090
007053 000079
007054 000086
007055 000078
007056 000086
007057 000092
007058 000085
007059 000082
007060 000098
007061 000074
007062 000082
007063 000096
007064 000074
007065 000070
007066 000069
007067 000064
007068 000056
007069 000046
007070 000077
007071 000064
007072 000059
007073 000045
007074 000052
007075 000047
007076 000046
007077 000056
007078 000047
007079 000040
007080 000036
007081 000035
007082 000044
007083 000041
007084 000031
007085 000036
007086 000031
007087 000021
007088 000030
007089 000024
007090 000018
007091 000031
007092 000022
007093 000021
007094 000013
007095 000019
007096 000017
007097 000012
007098 000028
007099 000016
007100 000015
007101 000014
007102 000016
007103 000016
007104 000019
007105 000018
007106 000019
007107 000016
007108 000006
007109 000009
007110 000010
007111 000004
007112 000010
007113 000010
007114 000011
007115 000011
007116 000012
007117 000006
007118 000005
007119 000007
007120 000006
007121 000007
007122 000015
007123 000008
007124 000008
007125 000008
007126 000008
007127 000011
007128 000008
007129 000008
007130 000008
007131 000008
007132 000009
007133 000009
007134 000004
007135 000006
007136 000004
007137 000002
007138 000006
007139 000006
007140 000009
007141 000004
007142 000007
007143 000004
007144 000006
007145 000004
007146 000004
007147 000007
007148 000003
007149 000002
007150 000004
007151 000002
007152 000001
007153 000005
007154 000004
007155 000003
007156 000005
007157 000004
007158 000002
007159 000006
007160 000002
007161 000003
007163 000008
007164 000001
007165 000005
007167 000002
007168 000001
007169 000004
007171 000002
007172 000002
007173 000001
007174 000002
007175 000004
007176 000001
007177 000005
007178 000003
007180 000006
007181 000001
007182 000001
007183 000002
007184 000001
007185 000002
007186 000003
007188 000001
007189 000002
007190 000005
007191 000006
007192 000002
007194 000001
007195 000002
007196 000002
007197 000001
007199 000004
007200 000006
007201 000002
007202 000003
007203 000003
007204 000001
007206 000002
007207 000001
007208 000001
007209 000001
007210 000001
007211 000001
007212 000001
007213 000001
007214 000002
007216 000003
007217 000004
007218 000001
007219 000003
007220 000004
007221 000002
007222 000001
007223 000001
007224 000001
007225 000001
007226 000001
007227 000002
007228 000002
007230 000007
007231 000004
007232 000003
007234 000002
007235 000005
007236 000002
007237 000001
007238 000003
007239 000002
007240 000003
007241 000001
007242 000002
007243 000002
007244 000002
007245 000001
007248 000003
007249 000004
007250 000001
007251 000001
007252 000001
007253 000002
007254 000001
007255 000003
007256 000001
007258 000003
007259 000005
007260 000003
007261 000003
007262 000001
007263 000003
007264 000001
007265 000001
007267 000002
007269 000003
007270 000001
007271 000004
007272 000002
007273 000001
007274 000003
007275 000002
007276 000003
007277 000003
007278 000001
007279 000002
007280 000004
007281 000004
007283 000004
007284 000002
007285 000004
007286 000003
007287 000001
007288 000004
007289 000004
007290 000001
007291 000004
007292 000004
007293 000005
007294 000002
007295 000001
007296 000003
007297 000006
007298 000003
007299 000003
007300 000002
007301 000004
007302 000004
007303 000005
007304 000002
007305 000003
007306 000003
007307 000001
007308 000001
007309 000001
007310 000004
007311 000003
007312 000004
007313 000002
007314 000001
007315 000001
007316 000002
007317 000002
007318 000002
007320 000002
007321 000001
007322 000001
007323 000002
007324 000002
007325 000003
007326 000001
007327 000001
007328 000005
007329 000002
007330 000002
007331 000001
007332 000001
007333 000003
007334 000001
007337 000001
007338 000001
007339 000001
007341 000001
007342 000001
007345 000003
007347 000001
007348 000002
007350 000002
007351 000001
007352 000001
007353 000001
007354 000002
007355 000001
007356 000003
007360 000001
007361 000001
007363 000003
007364 000003
007365 000001
007366 000001
007367 000001
007369 000001
007370 000002
007371 000003
007372 000003
007373 000001
007377 000003
007382 000002
007383 000001
007384 000001
007387 000002
007389 000002
007390 000001
007391 000002
007395 000002
007396 000001
007397 000001
007399 000001
007401 000001
007404 000001
007408 000001
007413 000001
007416 000001
007418 000001
007438 000001
007452 000002
007511 000001
007529 000001
007561 000001
007566 000001
007593 000001
007605 000001
007612 000001
007618 000001
007647 000001
007654 000001
007673 000001
007674 000001
007711 000001
007731 000001
007739 000001
007746 000001
007750 000001
007752 000001
007753 000001
007759 000001
007760 000001
007761 000001
007781 000001
007785 000001
007802 000001
007808 000001
007811 000001
007818 000001
007824 000001
007828 000001
007835 000002
007837 000001
007845 000001
007858 000001
007867 000001
007868 000001
007873 000001
007874 000001
007877 000001
007883 000001
007887 000001
007891 000001
007894 000001
007906 000001
007908 000001
007909 000001
007912 000001
007914 000002
007915 000001
007916 000001
007919 000002
007920 000001
007921 000001
007924 000001
007925 000001
007926 000003
007927 000002
007928 000002
007930 000001
007931 000001
007932 000001
007934 000001
007937 000001
007938 000003
007939 000002
007940 000001
007941 000001
007942 000001
007943 000001
007944 000004
007945 000002
007946 000004
007947 000001
007948 000001
007949 000002
007951 000001
007952 000003
007953 000003
007954 000002
007955 000002
007957 000002
007958 000006
007959 000001
007960 000003
007961 000001
007962 000006
007963 000003
007964 000001
007965 000001
007966 000002
007967 000002
007968 000002
007969 000002
007970 000004
007971 000006
007972 000002
007973 000003
007974 000001
007976 000004
007977 000001
007978 000001
007979 000002
007980 000002
007981 000005
007982 000001
007983 000003
007984 000003
007985 000003
007986 000002
007988 000002
007989 000002
007990 000002
007991 000002
007992 000004
007993 000001
007994 000001
007995 000001
007996 000002
007997 000002
007998 000001
007999 000001
008000 000001
008001 000001
008002 000003
008003 000002
008004 000003
008005 000003
008006 000007
008007 000004
008008 000002
008009 000004
008010 000007
008011 000002
008012 000005
008013 000002
008014 000002
008015 000001
008016 000001
008018 000005
008019 000005
008020 000001
008021 000010
008022 000003
008023 000007
008024 000004
008025 000002
008026 000003
008027 000006
008028 000005
008029 000008
008030 000006
008031 000007
008032 000008
008033 000007
008034 000010
008035 000004
008036 000011
008037 000008
008038 000006
008039 000014
008040 000011
008041 000014
008042 000011
008043 000011
008044 000011
008045 000008
008046 000013
008047 000010
008048 000009
008049 000016
008050 000009
008051 000007
008052 000013
008053 000015
008054 000011
008055 000015
008056 000012
008057 000015
008058 000012
008059 000019
008060 000010
008061 000014
008062 000015
008063 000011
008064 000011
008065 000012
008066 000009
008067 000011
008068 000008
008069 000006
008070 000011
008071 000006
008072 000009
008073 000006
008074 000008
008075 000013
008076 000010
008077 000009
008078 000008
008079 000004
008080 000002
008081 000007
008082 000006
008083 000007
008084 000009
008085 000005
008086 000006
008087 000014
008088 000006
008089 000005
008090 000003
008091 000003
008092 000001
008093 000006
008094 000003
008095 000004
008096 000004
008097 000002
008098 000004
008099 000004
008100 000005
008101 000002
008102 000002
008103 000002
008104 000001
008105 000004
008106 000002
008107 000002
008109 000002
008110 000003
008111 000001
008112 000001
008114 000001
008117 000001
008118 000002
008120 000001
008122 000001
008124 000002
008126 000002
008128 000002
008129 000001
008133 000002
008134 000003
008136 000002
008140 000001
008141 000003
008143 000002
008144 000002
008145 000002
008146 000002
008147 000002
008150 000005
008151 000003
008152 000001
008153 000002
008154 000002
008155 000001
008156 000001
008158 000001
008162 000002
008166 000001
008167 000002
008171 000001
008175 000001
008176 000001
008177 000002
008181 000002
008183 000001
008188 000001
008190 000001
008191 000001
008195 000002
008204 000002
008205 000001
008207 000001
008208 000001
008212 000001
008214 000004
008215 000001
008217 000003
008218 000001
008219 000001
008220 000001
008221 000002
008222 000003
008224 000001
008226 000002
008229 000002
008230 000001
008231 000001
008234 000001
008235 000001
008236 000001
008237 000001
008238 000002
008240 000001
008241 000001
008242 000001
008244 000001
008245 000001
008247 000001
008248 000001
008251 000002
008252 000001
008253 000001
008256 000001
008258 000003
008264 000001
008268 000001
008270 000003
008273 000001
008276 000001
008278 000001
008280 000001
008281 000002
008282 000001
008283 000002
008284 000001
008286 000001
008287 000001
008289 000003
008290 000003
008291 000001
008292 000001
008293 000002
008296 000001
008300 000004
008301 000001
008304 000003
008306 000003
008307 000002
008311 000001
008312 000002
008313 000001
008315 000001
008316 000001
008317 000001
008319 000001
008320 000001
008321 000001
008324 000002
008325 000001
008327 000001
008329 000002
008333 000001
008335 000001
008338 000003
008344 000001
008350 000003
008355 000001
008356 000002
008373 000001
008375 000001
008377 000001
008378 000001
008381 000001
008395 000001
008398 000001
008412 000001
008413 000001
008416 000001
008422 000001
008445 000001
008446 000001
008470 000001
008474 000001
008484 000001
008511 000001
008523 000001
008560 000001
008574 000001
008596 000001
008629 000001
008633 000001
008640 000001
008648 000001
008656 000001
008662 000001
008686 000001
008705 000001
008714 000001
008727 000001
008746 000001
008769 000001
008771 000003
008777 000001
008778 000001
008781 000001
008790 000001
008794 000001
008799 000001
008802 000001
008804 000001
008816 000001
008825 000001
008828 000001
008832 000002
008834 000002
008839 000002
008846 000001
008859 000001
008864 000001
008870 000001
008872 000001
008876 000001
008884 000001
008888 000001
008889 000003
008890 000001
008891 000003
008893 000001
008894 000003
008900 000001
008901 000001
008903 000002
008905 000003
008907 000001
008909 000002
008912 000002
008913 000002
008914 000002
008915 000003
008916 000003
008917 000002
008918 000003
008919 000003
008920 000003
008921 000006
008922 000001
008923 000009
008924 000002
008925 000005
008926 000001
008927 000002
008928 000014
008929 000008
008930 000003
008931 000004
008932 000004
008933 000004
008934 000007
008935 000003
008936 000006
008937 000002
008938 000007
008939 000006
008940 000006
008941 000009
008942 000008
008943 000005
008944 000006
008945 000006
008946 000004
008947 000012
008948 000006
008949 000004
008950 000010
008951 000015
008952 000006
008953 000010
008954 000003
008955 000008
008956 000015
008957 000009
008958 000015
008959 000009
008960 000007
008961 000010
008962 000012
008963 000014
008964 000012
008965 000009
008966 000012
008967 000017
008968 000014
008969 000013
008970 000017
008971 000014
008972 000012
008973 000014
008974 000018
008975 000012
008976 000011
008977 000016
008978 000012
008979 000012
008980 000014
008981 000008
008982 000006
008983 000018
008984 000015
008985 000013
008986 000009
008987 000012
008988 000008
008989 000008
008990 000011
008991 000005
008992 000013
008993 000008
008994 000004
008995 000014
008996 000011
008997 000012
008998 000006
008999 000007
009000 000009
009001 000009
009002 000010
009003 000010
009004 000011
009005 000005
009006 000010
009007 000009
009008 000009
009009 000010
009010 000014
009011 000014
009012 000010
009013 000013
009014 000015
009015 000013
009016 000018
009017 000016
009018 000027
009019 000018
009020 000021
009021 000028
009022 000029
009023 000023
009024 000033
009025 000020
009026 000025
009027 000032
009028 000022
009029 000033
009030 000021
009031 000034
009032 000030
009033 000023
009034 000035
009035 000029
009036 000036
009037 000032
009038 000044
009039 000042
009040 000037
009041 000051
009042 000040
009043 000049
009044 000055
009045 000046
009046 000054
009047 000057
009048 000067
009049 000059
009050 000067
009051 000061
009052 000056
009053 000069
009054 000057
009055 000065
009056 000058
009057 000060
009058 000049
009059 000055
009060 000059
009061 000052
009062 000064
009063 000058
009064 000055
009065 000052
009066 000046
009067 000054
009068 000056
009069 000053
009070 000050
009071 000035
009072 000045
009073 000046
009074 000038
009075 000048
009076 000039
009077 000036
009078 000029
009079 000036
009080 000027
009081 000030
009082 000036
009083 000039
009084 000034
009085 000026
009086 000026
009087 000028
009088 000035
009089 000033
009090 000018
009091 000018
009092 000029
009093 000025
009094 000027
009095 000018
009096 000025
009097 000019
009098 000024
009099 000016
009100 000019
009101 000020
009102 000019
009103 000018
009104 000016
009105 000018
009106 000016
009107 000007
009108 000009
009109 000013
009110 000015
009111 000007
009112 000006
009113 000014
009114 000009
009115 000007
009116 000012
009117 000007
009118 000021
009119 000009
009120 000016
009121 000013
009122 000013
009123 000007
009124 000008
009125 000010
009126 000008
009127 000011
009128 000004
009129 000007
009130 000003
009131 000007
009132 000006
009133 000007
009134 000006
009135 000007
009136 000014
009137 000005
009138 000004
009139 000008
009140 000007
009141 000008
009142 000003
009143 000007
009144 000006
009145 000008
009146 000005
009147 000004
009148 000002
009149 000006
009150 000005
009151 000007
009152 000006
009153 000008
009154 000006
009155 000003
009156 000003
009157 000002
009158 000004
009159 000004
009160 000006
009161 000004
009162 000003
009163 000001
009164 000005
009166 000003
009167 000002
009168 000002
009169 000004
009170 000002
009171 000002
009172 000004
009173 000006
009174 000006
009175 000002
009176 000005
009177 000005
009178 000004
009179 000002
009180 000002
009181 000003
009182 000002
009183 000005
009184 000002
009185 000003
009186 000005
009189 000001
009190 000002
009191 000001
009192 000003
009193 000002
009194 000001
009196 000004
009197 000001
009198 000001
009199 000001
009200 000002
009201 000003
009204 000002
009205 000002
009206 000002
009207 000001
009208 000002
009210 000001
009212 000002
009213 000001
009214 000001
009215 000002
009216 000001
009217 000001
009218 000002
009219 000003
009220 000001
009221 000001
009222 000004
009223 000001
009224 000001
009225 000004
009227 000001
009228 000003
009231 000001
009232 000001
009235 000001
009236 000001
009237 000001
009238 000002
009240 000001
009242 000003
009243 000003
009244 000001
009245 000001
009246 000001
009247 000001
009248 000001
009250 000002
009251 000001
009252 000003
009254 000002
009255 000005
009256 000001
009258 000001
009259 000003
009260 000001
009261 000001
009264 000002
009265 000001
009266 000001
009268 000001
009269 000001
009270 000005
009271 000002
009272 000001
009273 000001
009274 000002
009276 000002
009277 000002
009278 000005
009279 000002
009280 000002
009281 000002
009283 000003
009284 000001
009285 000001
009286 000001
009287 000001
009288 000003
009289 000003
009290 000006
009291 000003
009292 000008
009293 000005
009294 000004
009295 000002
009296 000003
009297 000005
009298 000005
009299 000003
009300 000004
009301 000003
009302 000004
009303 000004
009304 000004
009305 000002
009306 000001
009307 000004
009308 000001
009309 000004
009310 000005
009311 000005
009312 000003
009313 000002
009314 000001
009315 000002
009318 000002
009319 000005
009320 000001
009321 000003
009322 000002
009323 000001
009324 000001
009326 000003
009327 000001
009328 000004
009330 000002
009332 000006
009334 000001
009335 000004
009336 000003
009337 000001
009338 000003
009340 000003
009341 000001
009343 000003
009345 000003
009346 000002
009347 000005
009348 000001
009350 000002
009351 000001
009353 000001
009354 000001
009355 000001
009356 000003
009357 000003
009359 000001
009360 000002
009361 000001
009363 000001
009365 000001
009366 000001
009367 000001
009369 000002
009371 000004
009372 000003
009374 000002
009375 000001
009376 000001
009378 000003
009379 000001
009381 000001
009382 000003
009383 000003
009389 000001
009390 000002
009394 000001
009396 000001
009397 000001
009398 000001
009399 000001
009400 000002
009405 000002
009406 000002
009407 000001
009411 000001
009414 000001
009415 000001
009418 000001
009419 000001
009422 000001
009424 000001
009430 000001
009434 000002
009436 000002
009440 000001
009441 000001
009446 000001
009449 000001
009452 000001
009454 000002
009461 000001
009471 000001
009480 000001
009495 000001
009497 000001
009503 000001
009505 000001
009516 000001
009529 000001
009546 000001
009557 000001
009565 000001
009569 000001
009595 000001
009607 000001
009610 000001
009617 000001
009641 000001
009736 000001
009766 000001
009779 000001
009797 000001
009818 000001
009821 000001
009822 000001
009830 000001
009835 000002
009865 000001
009872 000001
009876 000001
009877 000001
009878 000001
009885 000001
009901 000002
009903 000001
009906 000001
009907 000001
009914 000001
009915 000003
009916 000002
009920 000001
009921 000002
009922 000001
009923 000001
009924 000001
009925 000002
009926 000003
009927 000002
009928 000003
009929 000002
009930 000002
009931 000001
009932 000001
009933 000001
009934 000001
009935 000001
009936 000001
009938 000003
009939 000002
009940 000004
009941 000002
009942 000002
009943 000001
009944 000002
009947 000001
009948 000002
009949 000002
009950 000002
009951 000004
009952 000002
009953 000004
009954 000004
009955 000006
009956 000006
009957 000003
009958 000004
009959 000003
009960 000004
009961 000005
009962 000002
009963 000004
009964 000005
009965 000003
009966 000009
009967 000007
009968 000005
009969 000005
009970 000003
009971 000004
009972 000009
009973 000005
009974 000003
009975 000007
009976 000005
009977 000003
009978 000003
009979 000005
009980 000003
009981 000006
009982 000003
009983 000010
009984 000003
009985 000006
009986 000003
009987 000004
009988 000005
009989 000002
009990 000003
009992 000003
009993 000009
009994 000002
009995 000006
009996 000006
009997 000006
009999 000005
010000 000007
010001 000005
010002 000004
010003 000003
010004 000005
010005 000003
010006 000005
010007 000003
010008 000003
010009 000005
010010 000011
010011 000006
010012 000012
010013 000007
010014 000004
010015 000006
010016 000011
010017 000013
010018 000008
010019 000018
010020 000015
010021 000021
010022 000008
010023 000011
010024 000014
010025 000009
010026 000016
010027 000018
010028 000013
010029 000020
010030 000019
010031 000020
010032 000019
010033 000017
010034 000017
010035 000015
010036 000021
010037 000018
010038 000014
010039 000015
010040 000019
010041 000010
010042 000030
010043 000022
010044 000025
010045 000031
010046 000037
010047 000031
010048 000039
010049 000033
010050 000029
010051 000039
010052 000039
010053 000035
010054 000034
010055 000041
010056 000043
010057 000033
010058 000041
010059 000036
010060 000030
010061 000037
010062 000029
010063 000047
010064 000037
010065 000027
010066 000026
010067 000036
010068 000031
010069 000038
010070 000026
010071 000031
010072 000023
010073 000022
010074 000023
010075 000018
010076 000026
010077 000026
010078 000023
010079 000029
010080 000018
010081 000014
010082 000018
010083 000028
010084 000014
010085 000020
010086 000018
010087 000019
010088 000017
010089 000015
010090 000007
010091 000016
010092 000021
010093 000012
010094 000009
010095 000012
010096 000010
010097 000009
010098 000015
010099 000005
010100 000012
010101 000008
010102 000004
010103 000010
010104 000005
010105 000011
010106 000007
010107 000005
010108 000007
010109 000007
010110 000009
010111 000006
010112 000006
010113 000008
010114 000006
010115 000008
010116 000002
010117 000008
010118 000007
010119 000007
010120 000006
010121 000004
010122 000002
010123 000005
010124 000008
010125 000003
010126 000003
010127 000001
010128 000006
010129 000005
010130 000002
010131 000008
010132 000002
010133 000004
010134 000007
010135 000009
010136 000002
010137 000006
010138 000007
010139 000001
010140 000002
010141 000002
010142 000009
010143 000003
010144 000006
010145 000002
010146 000005
010147 000005
010148 000003
010149 000002
010150 000007
010151 000002
010152 000003
010153 000005
010154 000003
010155 000004
010156 000003
010157 000001
010158 000002
010159 000003
010160 000001
010161 000002
010162 000003
010163 000002
010164 000002
010165 000002
010166 000002
010167 000003
010168 000003
010169 000002
010171 000001
010172 000003
010175 000003
010179 000001
010180 000002
010181 000001
010182 000003
010183 000001
010185 000003
010187 000001
010189 000001
010192 000003
010193 000001
010194 000002
010195 000002
010196 000002
010199 000002
010201 000001
010203 000002
010204 000002
010205 000001
010210 000001
010217 000002
010218 000001
010221 000001
010222 000001
010224 000001
010226 000001
010232 000001
010233 000002
010234 000002
010237 000001
010240 000001
010241 000005
010245 000001
010246 000001
010248 000004
010249 000002
010252 000002
010253 000002
010254 000001
010255 000002
010256 000001
010257 000001
010258 000002
010259 000002
010260 000002
010261 000002
010264 000001
010266 000002
010267 000002
010268 000001
010270 000002
010271 000002
010272 000001
010273 000001
010275 000002
010276 000001
010277 000001
010278 000003
010279 000001
010280 000001
010281 000001
010284 000002
010285 000003
010286 000002
010288 000001
010289 000002
010290 000003
010291 000002
010292 000004
010293 000004
010294 000004
010295 000004
010296 000004
010297 000004
010298 000002
010300 000001
010301 000003
010302 000002
010303 000002
010305 000001
010306 000005
010307 000002
010308 000001
010309 000004
010310 000002
010311 000003
010312 000003
010313 000001
010314 000006
010315 000002
010316 000008
010317 000001
010318 000003
010319 000001
010320 000002
010321 000003
010322 000002
010325 000001
010327 000002
010328 000001
010330 000001
010331 000002
010332 000002
010333 000002
010334 000002
010335 000006
010337 000003
010338 000002
010339 000001
010340 000002
010342 000002
010343 000002
010344 000001
010345 000003
010346 000005
010347 000003
010348 000004
010349 000003
010350 000003
010352 000002
010353 000002
010354 000004
010355 000002
010356 000001
010357 000002
010358 000002
010359 000001
010360 000003
010361 000002
010362 000003
010363 000003
010364 000001
010365 000001
010366 000002
010368 000004
010369 000001
010370 000001
010371 000001
010372 000002
010373 000001
010375 000001
010377 000001
010378 000002
010379 000001
010380 000003
010381 000002
010383 000003
010389 000002
010392 000001
010393 000001
010394 000001
010395 000001
010396 000001
010398 000001
010399 000001
010406 000001
010407 000001
010408 000001
010409 000001
010412 000001
010413 000001
010417 000001
010418 000001
010420 000001
010433 000001
010434 000001
010438 000001
010444 000001
010448 000001
010460 000001
010461 000002
010471 000001
010492 000001
010493 000001
010497 000001
010516 000001
010543 000001
010544 000001
010546 000001
010557 000001
010561 000001
010661 000001
010892 000001
010898 000001
010908 000001
010950 000001
010976 000001
010988 000001
011023 000001
011026 000001
011035 000001
011058 000001
011083 000001
011133 000001
011140 000001
011306 000001
013279 000001
013300 000001
# Min Latencies: 00141
# Avg Latencies: 00679
# Max Latencies: 304760
# Histogram Overflows: 00013
# Histogram Overflow at cycle number:
# Thread 0: 00647 01129 03407 06888 07155 07426 07697 07971 08237 08504 08760 10026 12297

RT_CYCLICTEST_TIMING_END uptime_s=3773.40
RT_CYCLICTEST_COMPLETE
stress-ng: info:  [68] stopping 3 stressors
RT_STRESS_STOP
RT_CPUSTAT sample=0 cpu=cpu0 user=5 nice=0 system=213 idle=2474 iowait=0 irq=18 softirq=1 steal=0
RT_CPUSTAT sample=0 cpu=cpu1 user=0 nice=0 system=1 idle=2871 iowait=0 irq=5 softirq=0 steal=0
RT_CPUSTAT sample=1 cpu=cpu0 user=363 nice=0 system=254 idle=2474 iowait=0 irq=41 softirq=2 steal=0
RT_CPUSTAT sample=1 cpu=cpu1 user=1 nice=0 system=5 idle=3244 iowait=0 irq=106 softirq=0 steal=0
RT_CPUSTAT sample=2 cpu=cpu0 user=744 nice=0 system=276 idle=2474 iowait=0 irq=89 softirq=2 steal=0
RT_CPUSTAT sample=2 cpu=cpu1 user=2 nice=0 system=8 idle=3632 iowait=0 irq=205 softirq=0 steal=0
RT_CPUSTAT sample=3 cpu=cpu0 user=1093 nice=0 system=316 idle=2474 iowait=0 irq=111 softirq=2 steal=0
RT_CPUSTAT sample=3 cpu=cpu1 user=2 nice=0 system=10 idle=4014 iowait=0 irq=329 softirq=0 steal=0
RT_CPUSTAT sample=4 cpu=cpu0 user=1526 nice=0 system=333 idle=2474 iowait=0 irq=134 softirq=2 steal=0
RT_CPUSTAT sample=4 cpu=cpu1 user=4 nice=0 system=13 idle=4365 iowait=0 irq=437 softirq=0 steal=0
RT_CPUSTAT sample=5 cpu=cpu0 user=2003 nice=0 system=333 idle=2474 iowait=0 irq=161 softirq=3 steal=0
RT_CPUSTAT sample=5 cpu=cpu1 user=4 nice=0 system=16 idle=4710 iowait=0 irq=550 softirq=0 steal=0
RT_CPUSTAT sample=6 cpu=cpu0 user=2478 nice=0 system=334 idle=2474 iowait=0 irq=187 softirq=3 steal=0
RT_CPUSTAT sample=6 cpu=cpu1 user=5 nice=0 system=18 idle=5055 iowait=0 irq=663 softirq=0 steal=0
RT_CPUSTAT sample=7 cpu=cpu0 user=2945 nice=0 system=345 idle=2474 iowait=0 irq=213 softirq=3 steal=0
RT_CPUSTAT sample=7 cpu=cpu1 user=6 nice=0 system=22 idle=5397 iowait=0 irq=779 softirq=0 steal=0
RT_CPUSTAT sample=8 cpu=cpu0 user=3409 nice=0 system=360 idle=2474 iowait=0 irq=238 softirq=4 steal=0
RT_CPUSTAT sample=8 cpu=cpu1 user=7 nice=0 system=25 idle=5741 iowait=0 irq=893 softirq=0 steal=0
RT_CPUSTAT sample=9 cpu=cpu0 user=3887 nice=0 system=360 idle=2474 iowait=0 irq=264 softirq=4 steal=0
RT_CPUSTAT sample=9 cpu=cpu1 user=8 nice=0 system=26 idle=6085 iowait=0 irq=1008 softirq=0 steal=0
RT_CPUSTAT sample=10 cpu=cpu0 user=4356 nice=0 system=370 idle=2474 iowait=0 irq=291 softirq=4 steal=0
RT_CPUSTAT sample=10 cpu=cpu1 user=10 nice=0 system=29 idle=6431 iowait=0 irq=1121 softirq=1 steal=0
RT_CPUSTAT sample=11 cpu=cpu0 user=4791 nice=0 system=414 idle=2474 iowait=0 irq=317 softirq=5 steal=0
RT_CPUSTAT sample=11 cpu=cpu1 user=10 nice=0 system=31 idle=6776 iowait=0 irq=1235 softirq=1 steal=0
RT_CPUSTAT sample=12 cpu=cpu0 user=5258 nice=0 system=423 idle=2474 iowait=0 irq=343 softirq=5 steal=0
RT_CPUSTAT sample=12 cpu=cpu1 user=11 nice=0 system=33 idle=7115 iowait=0 irq=1352 softirq=1 steal=0
RT_CPUSTAT sample=13 cpu=cpu0 user=5713 nice=0 system=448 idle=2474 iowait=0 irq=369 softirq=5 steal=0
RT_CPUSTAT sample=13 cpu=cpu1 user=12 nice=0 system=35 idle=7461 iowait=0 irq=1466 softirq=1 steal=0
RT_CPUSTAT sample=14 cpu=cpu0 user=6178 nice=0 system=458 idle=2474 iowait=0 irq=395 softirq=6 steal=0
RT_CPUSTAT sample=14 cpu=cpu1 user=12 nice=0 system=39 idle=7800 iowait=0 irq=1583 softirq=1 steal=0
RT_CPUSTAT sample=15 cpu=cpu0 user=6643 nice=0 system=471 idle=2474 iowait=0 irq=421 softirq=6 steal=0
RT_CPUSTAT sample=15 cpu=cpu1 user=15 nice=0 system=41 idle=8142 iowait=0 irq=1699 softirq=1 steal=0
RT_CPUSTAT sample=16 cpu=cpu0 user=7073 nice=0 system=519 idle=2474 iowait=0 irq=448 softirq=6 steal=0
RT_CPUSTAT sample=16 cpu=cpu1 user=15 nice=0 system=43 idle=8483 iowait=0 irq=1816 softirq=1 steal=0
RT_CPUSTAT sample=17 cpu=cpu0 user=7532 nice=0 system=538 idle=2474 iowait=0 irq=473 softirq=6 steal=0
RT_CPUSTAT sample=17 cpu=cpu1 user=17 nice=0 system=47 idle=8828 iowait=0 irq=1929 softirq=1 steal=0
RT_CPUSTAT sample=18 cpu=cpu0 user=7972 nice=0 system=574 idle=2474 iowait=0 irq=500 softirq=7 steal=0
RT_CPUSTAT sample=18 cpu=cpu1 user=18 nice=0 system=51 idle=9170 iowait=0 irq=2044 softirq=2 steal=0
RT_CPUSTAT sample=19 cpu=cpu0 user=8424 nice=0 system=601 idle=2474 iowait=0 irq=526 softirq=7 steal=0
RT_CPUSTAT sample=19 cpu=cpu1 user=18 nice=0 system=54 idle=9512 iowait=0 irq=2160 softirq=2 steal=0
RT_CPUSTAT sample=20 cpu=cpu0 user=8883 nice=0 system=619 idle=2474 iowait=0 irq=552 softirq=7 steal=0
RT_CPUSTAT sample=20 cpu=cpu1 user=19 nice=0 system=55 idle=9854 iowait=0 irq=2275 softirq=2 steal=0
RT_CPUSTAT sample=21 cpu=cpu0 user=9360 nice=0 system=619 idle=2474 iowait=0 irq=579 softirq=8 steal=0
RT_CPUSTAT sample=21 cpu=cpu1 user=20 nice=0 system=57 idle=10193 iowait=0 irq=2392 softirq=2 steal=0
RT_CPUSTAT sample=22 cpu=cpu0 user=9837 nice=0 system=620 idle=2474 iowait=0 irq=605 softirq=8 steal=0
RT_CPUSTAT sample=22 cpu=cpu1 user=21 nice=0 system=59 idle=10536 iowait=0 irq=2508 softirq=2 steal=0
RT_CPUSTAT sample=23 cpu=cpu0 user=10305 nice=0 system=629 idle=2474 iowait=0 irq=631 softirq=8 steal=0
RT_CPUSTAT sample=23 cpu=cpu1 user=21 nice=0 system=60 idle=10878 iowait=0 irq=2623 softirq=2 steal=0
RT_CPUSTAT sample=24 cpu=cpu0 user=10779 nice=0 system=633 idle=2474 iowait=0 irq=657 softirq=9 steal=0
RT_CPUSTAT sample=24 cpu=cpu1 user=22 nice=0 system=62 idle=11223 iowait=0 irq=2737 softirq=2 steal=0
RT_CPUSTAT sample=25 cpu=cpu0 user=11257 nice=0 system=633 idle=2474 iowait=0 irq=683 softirq=9 steal=0
RT_CPUSTAT sample=25 cpu=cpu1 user=22 nice=0 system=66 idle=11565 iowait=0 irq=2853 softirq=2 steal=0
RT_CPUSTAT sample=26 cpu=cpu0 user=11712 nice=0 system=654 idle=2474 iowait=0 irq=708 softirq=9 steal=0
RT_CPUSTAT sample=26 cpu=cpu1 user=22 nice=0 system=68 idle=11908 iowait=0 irq=2965 softirq=2 steal=0
RT_CPUSTAT sample=27 cpu=cpu0 user=12171 nice=0 system=674 idle=2474 iowait=0 irq=735 softirq=10 steal=0
RT_CPUSTAT sample=27 cpu=cpu1 user=24 nice=0 system=70 idle=12250 iowait=0 irq=3082 softirq=3 steal=0
RT_CPUSTAT sample=28 cpu=cpu0 user=12625 nice=0 system=697 idle=2474 iowait=0 irq=761 softirq=10 steal=0
RT_CPUSTAT sample=28 cpu=cpu1 user=25 nice=0 system=74 idle=12593 iowait=0 irq=3196 softirq=3 steal=0
RT_CPUSTAT sample=29 cpu=cpu0 user=13084 nice=0 system=714 idle=2474 iowait=0 irq=787 softirq=10 steal=0
RT_CPUSTAT sample=29 cpu=cpu1 user=26 nice=0 system=75 idle=12936 iowait=0 irq=3309 softirq=3 steal=0
RT_CPUSTAT sample=30 cpu=cpu0 user=13550 nice=0 system=726 idle=2474 iowait=0 irq=813 softirq=11 steal=0
RT_CPUSTAT sample=30 cpu=cpu1 user=27 nice=0 system=78 idle=13279 iowait=0 irq=3424 softirq=3 steal=0
RT_CPUSTAT sample=31 cpu=cpu0 user=14000 nice=0 system=754 idle=2474 iowait=0 irq=839 softirq=11 steal=0
RT_CPUSTAT sample=31 cpu=cpu1 user=28 nice=0 system=81 idle=13621 iowait=0 irq=3539 softirq=3 steal=0
RT_CPUSTAT sample=32 cpu=cpu0 user=14452 nice=0 system=778 idle=2474 iowait=0 irq=865 softirq=11 steal=0
RT_CPUSTAT sample=32 cpu=cpu1 user=28 nice=0 system=85 idle=13962 iowait=0 irq=3654 softirq=3 steal=0
RT_CPUSTAT sample=33 cpu=cpu0 user=14917 nice=0 system=791 idle=2474 iowait=0 irq=891 softirq=11 steal=0
RT_CPUSTAT sample=33 cpu=cpu1 user=29 nice=0 system=87 idle=14305 iowait=0 irq=3769 softirq=3 steal=0
RT_CPUSTAT sample=34 cpu=cpu0 user=15349 nice=0 system=836 idle=2474 iowait=0 irq=918 softirq=12 steal=0
RT_CPUSTAT sample=34 cpu=cpu1 user=29 nice=0 system=91 idle=14646 iowait=0 irq=3885 softirq=3 steal=0
RT_CPUSTAT sample=35 cpu=cpu0 user=15803 nice=0 system=860 idle=2474 iowait=0 irq=945 softirq=12 steal=0
RT_CPUSTAT sample=35 cpu=cpu1 user=29 nice=0 system=93 idle=14987 iowait=0 irq=4002 softirq=3 steal=0
RT_CPUSTAT sample=36 cpu=cpu0 user=16282 nice=0 system=861 idle=2474 iowait=0 irq=971 softirq=13 steal=0
RT_CPUSTAT sample=36 cpu=cpu1 user=29 nice=0 system=95 idle=15331 iowait=0 irq=4117 softirq=4 steal=0
RT_CPUSTAT sample=37 cpu=cpu0 user=16760 nice=0 system=861 idle=2474 iowait=0 irq=997 softirq=13 steal=0
RT_CPUSTAT sample=37 cpu=cpu1 user=29 nice=0 system=97 idle=15677 iowait=0 irq=4231 softirq=4 steal=0
RT_CPUSTAT sample=38 cpu=cpu0 user=17233 nice=0 system=865 idle=2474 iowait=0 irq=1023 softirq=13 steal=0
RT_CPUSTAT sample=38 cpu=cpu1 user=30 nice=0 system=101 idle=16026 iowait=0 irq=4342 softirq=4 steal=0
RT_CPUSTAT sample=39 cpu=cpu0 user=17706 nice=0 system=869 idle=2474 iowait=0 irq=1050 softirq=13 steal=0
RT_CPUSTAT sample=39 cpu=cpu1 user=30 nice=0 system=103 idle=16366 iowait=0 irq=4457 softirq=4 steal=0
RT_CPUSTAT sample=40 cpu=cpu0 user=18181 nice=0 system=871 idle=2474 iowait=0 irq=1076 softirq=14 steal=0
RT_CPUSTAT sample=40 cpu=cpu1 user=32 nice=0 system=105 idle=16708 iowait=0 irq=4572 softirq=4 steal=0
RT_CPUSTAT sample=41 cpu=cpu0 user=18656 nice=0 system=874 idle=2474 iowait=0 irq=1102 softirq=14 steal=0
RT_CPUSTAT sample=41 cpu=cpu1 user=32 nice=0 system=110 idle=17050 iowait=0 irq=4687 softirq=4 steal=0
RT_CPUSTAT sample=42 cpu=cpu0 user=19094 nice=0 system=915 idle=2474 iowait=0 irq=1129 softirq=14 steal=0
RT_CPUSTAT sample=42 cpu=cpu1 user=33 nice=0 system=115 idle=17395 iowait=0 irq=4801 softirq=4 steal=0
RT_CPUSTAT sample=43 cpu=cpu0 user=19561 nice=0 system=925 idle=2474 iowait=0 irq=1155 softirq=15 steal=0
RT_CPUSTAT sample=43 cpu=cpu1 user=34 nice=0 system=119 idle=17734 iowait=0 irq=4918 softirq=4 steal=0
RT_CPUSTAT sample=44 cpu=cpu0 user=20002 nice=0 system=962 idle=2474 iowait=0 irq=1181 softirq=15 steal=0
RT_CPUSTAT sample=44 cpu=cpu1 user=35 nice=0 system=121 idle=18077 iowait=0 irq=5035 softirq=5 steal=0
RT_CPUSTAT sample=45 cpu=cpu0 user=20473 nice=0 system=970 idle=2474 iowait=0 irq=1207 softirq=15 steal=0
RT_CPUSTAT sample=45 cpu=cpu1 user=36 nice=0 system=124 idle=18421 iowait=0 irq=5149 softirq=5 steal=0
RT_CPUSTAT sample=46 cpu=cpu0 user=20930 nice=0 system=989 idle=2474 iowait=0 irq=1233 softirq=16 steal=0
RT_CPUSTAT sample=46 cpu=cpu1 user=36 nice=0 system=125 idle=18766 iowait=0 irq=5262 softirq=5 steal=0
RT_CPUSTAT sample=47 cpu=cpu0 user=21364 nice=0 system=1034 idle=2474 iowait=0 irq=1259 softirq=16 steal=0
RT_CPUSTAT sample=47 cpu=cpu1 user=37 nice=0 system=130 idle=19109 iowait=0 irq=5376 softirq=5 steal=0
RT_CPUSTAT sample=48 cpu=cpu0 user=21831 nice=0 system=1046 idle=2474 iowait=0 irq=1286 softirq=16 steal=0
RT_CPUSTAT sample=48 cpu=cpu1 user=38 nice=0 system=132 idle=19451 iowait=0 irq=5492 softirq=5 steal=0
RT_CPUSTAT sample=49 cpu=cpu0 user=22281 nice=0 system=1072 idle=2474 iowait=0 irq=1312 softirq=17 steal=0
RT_CPUSTAT sample=49 cpu=cpu1 user=38 nice=0 system=134 idle=19791 iowait=0 irq=5607 softirq=5 steal=0
RT_CPUSTAT sample=50 cpu=cpu0 user=22723 nice=0 system=1108 idle=2474 iowait=0 irq=1338 softirq=17 steal=0
RT_CPUSTAT sample=50 cpu=cpu1 user=40 nice=0 system=137 idle=20134 iowait=0 irq=5722 softirq=5 steal=0
RT_CPUSTAT sample=51 cpu=cpu0 user=23176 nice=0 system=1133 idle=2474 iowait=0 irq=1364 softirq=17 steal=0
RT_CPUSTAT sample=51 cpu=cpu1 user=40 nice=0 system=140 idle=20476 iowait=0 irq=5838 softirq=5 steal=0
RT_CPUSTAT sample=52 cpu=cpu0 user=23654 nice=0 system=1134 idle=2474 iowait=0 irq=1390 softirq=18 steal=0
RT_CPUSTAT sample=52 cpu=cpu1 user=41 nice=0 system=143 idle=20817 iowait=0 irq=5955 softirq=5 steal=0
RT_CPUSTAT sample=53 cpu=cpu0 user=24130 nice=0 system=1134 idle=2474 iowait=0 irq=1416 softirq=18 steal=0
RT_CPUSTAT sample=53 cpu=cpu1 user=41 nice=0 system=146 idle=21156 iowait=0 irq=6072 softirq=6 steal=0
RT_CPUSTAT sample=54 cpu=cpu0 user=24593 nice=0 system=1150 idle=2474 iowait=0 irq=1442 softirq=18 steal=0
RT_CPUSTAT sample=54 cpu=cpu1 user=41 nice=0 system=148 idle=21501 iowait=0 irq=6186 softirq=6 steal=0
RT_CPUSTAT sample=55 cpu=cpu0 user=25039 nice=0 system=1182 idle=2474 iowait=0 irq=1468 softirq=18 steal=0
RT_CPUSTAT sample=55 cpu=cpu1 user=41 nice=0 system=150 idle=21840 iowait=0 irq=6306 softirq=6 steal=0
RT_CPUSTAT sample=56 cpu=cpu0 user=25509 nice=0 system=1189 idle=2474 iowait=0 irq=1493 softirq=19 steal=0
RT_CPUSTAT sample=56 cpu=cpu1 user=42 nice=0 system=152 idle=22185 iowait=0 irq=6420 softirq=6 steal=0
RT_CPUSTAT sample=57 cpu=cpu0 user=25985 nice=0 system=1192 idle=2474 iowait=0 irq=1519 softirq=19 steal=0
RT_CPUSTAT sample=57 cpu=cpu1 user=43 nice=0 system=157 idle=22528 iowait=0 irq=6536 softirq=6 steal=0
RT_CPUSTAT sample=58 cpu=cpu0 user=26424 nice=0 system=1230 idle=2474 iowait=0 irq=1546 softirq=19 steal=0
RT_CPUSTAT sample=58 cpu=cpu1 user=43 nice=0 system=159 idle=22867 iowait=0 irq=6654 softirq=6 steal=0
RT_CPUSTAT sample=59 cpu=cpu0 user=26878 nice=0 system=1253 idle=2474 iowait=0 irq=1572 softirq=20 steal=0
RT_CPUSTAT sample=59 cpu=cpu1 user=44 nice=0 system=163 idle=23210 iowait=0 irq=6769 softirq=6 steal=0
RT_CPUSTAT sample=60 cpu=cpu0 user=27329 nice=0 system=1280 idle=2474 iowait=0 irq=1598 softirq=20 steal=0
RT_CPUSTAT sample=60 cpu=cpu1 user=44 nice=0 system=167 idle=23551 iowait=0 irq=6885 softirq=6 steal=0
RT_CPUSTAT sample=61 cpu=cpu0 user=27800 nice=0 system=1288 idle=2474 iowait=0 irq=1624 softirq=20 steal=0
RT_CPUSTAT sample=61 cpu=cpu1 user=46 nice=0 system=172 idle=23896 iowait=0 irq=7001 softirq=6 steal=0
RT_CPUSTAT sample=62 cpu=cpu0 user=28252 nice=0 system=1313 idle=2474 iowait=0 irq=1650 softirq=21 steal=0
RT_CPUSTAT sample=62 cpu=cpu1 user=46 nice=0 system=174 idle=24238 iowait=0 irq=7116 softirq=7 steal=0
RT_CPUSTAT sample=63 cpu=cpu0 user=28677 nice=0 system=1366 idle=2474 iowait=0 irq=1676 softirq=21 steal=0
RT_CPUSTAT sample=63 cpu=cpu1 user=47 nice=0 system=176 idle=24583 iowait=0 irq=7229 softirq=7 steal=0
RT_CPUSTAT sample=64 cpu=cpu0 user=29132 nice=0 system=1390 idle=2474 iowait=0 irq=1702 softirq=21 steal=0
RT_CPUSTAT sample=64 cpu=cpu1 user=49 nice=0 system=180 idle=24927 iowait=0 irq=7342 softirq=7 steal=0
RT_CPUSTAT sample=65 cpu=cpu0 user=29583 nice=0 system=1418 idle=2474 iowait=0 irq=1729 softirq=22 steal=0
RT_CPUSTAT sample=65 cpu=cpu1 user=49 nice=0 system=184 idle=25273 iowait=0 irq=7456 softirq=7 steal=0
RT_CPUSTAT sample=66 cpu=cpu0 user=30037 nice=0 system=1442 idle=2474 iowait=0 irq=1754 softirq=22 steal=0
RT_CPUSTAT sample=66 cpu=cpu1 user=50 nice=0 system=189 idle=25615 iowait=0 irq=7572 softirq=7 steal=0
RT_CPUSTAT sample=67 cpu=cpu0 user=30479 nice=0 system=1477 idle=2474 iowait=0 irq=1780 softirq=22 steal=0
RT_CPUSTAT sample=67 cpu=cpu1 user=51 nice=0 system=192 idle=25959 iowait=0 irq=7685 softirq=7 steal=0
RT_CPUSTAT sample=68 cpu=cpu0 user=30954 nice=0 system=1479 idle=2474 iowait=0 irq=1806 softirq=23 steal=0
RT_CPUSTAT sample=68 cpu=cpu1 user=51 nice=0 system=197 idle=26301 iowait=0 irq=7801 softirq=7 steal=0
RT_CPUSTAT sample=69 cpu=cpu0 user=31433 nice=0 system=1480 idle=2474 iowait=0 irq=1832 softirq=23 steal=0
RT_CPUSTAT sample=69 cpu=cpu1 user=52 nice=0 system=199 idle=26646 iowait=0 irq=7916 softirq=7 steal=0
RT_CPUSTAT sample=70 cpu=cpu0 user=31906 nice=0 system=1483 idle=2474 iowait=0 irq=1858 softirq=23 steal=0
RT_CPUSTAT sample=70 cpu=cpu1 user=53 nice=0 system=201 idle=26989 iowait=0 irq=8030 softirq=7 steal=0
RT_CPUSTAT sample=71 cpu=cpu0 user=32378 nice=0 system=1490 idle=2474 iowait=0 irq=1884 softirq=23 steal=0
RT_CPUSTAT sample=71 cpu=cpu1 user=53 nice=0 system=203 idle=27334 iowait=0 irq=8144 softirq=7 steal=0
RT_CPUSTAT sample=72 cpu=cpu0 user=32856 nice=0 system=1491 idle=2474 iowait=0 irq=1910 softirq=24 steal=0
RT_CPUSTAT sample=72 cpu=cpu1 user=54 nice=0 system=205 idle=27677 iowait=0 irq=8260 softirq=8 steal=0
RT_CPUSTAT sample=73 cpu=cpu0 user=33320 nice=0 system=1504 idle=2474 iowait=0 irq=1936 softirq=24 steal=0
RT_CPUSTAT sample=73 cpu=cpu1 user=55 nice=0 system=208 idle=28020 iowait=0 irq=8374 softirq=8 steal=0
RT_CPUSTAT sample=74 cpu=cpu0 user=33764 nice=0 system=1536 idle=2474 iowait=0 irq=1964 softirq=24 steal=0
RT_CPUSTAT sample=74 cpu=cpu1 user=55 nice=0 system=213 idle=28363 iowait=0 irq=8488 softirq=8 steal=0
RT_CPUSTAT sample=75 cpu=cpu0 user=34213 nice=0 system=1565 idle=2474 iowait=0 irq=1990 softirq=25 steal=0
RT_CPUSTAT sample=75 cpu=cpu1 user=56 nice=0 system=215 idle=28706 iowait=0 irq=8604 softirq=8 steal=0
RT_CPUSTAT sample=76 cpu=cpu0 user=34680 nice=0 system=1575 idle=2474 iowait=0 irq=2017 softirq=25 steal=0
RT_CPUSTAT sample=76 cpu=cpu1 user=57 nice=0 system=218 idle=29048 iowait=0 irq=8719 softirq=8 steal=0
RT_CPUSTAT sample=77 cpu=cpu0 user=35149 nice=0 system=1583 idle=2474 iowait=0 irq=2043 softirq=25 steal=0
RT_CPUSTAT sample=77 cpu=cpu1 user=58 nice=0 system=220 idle=29388 iowait=0 irq=8837 softirq=8 steal=0
RT_CPUSTAT sample=78 cpu=cpu0 user=35597 nice=0 system=1613 idle=2474 iowait=0 irq=2069 softirq=26 steal=0
RT_CPUSTAT sample=78 cpu=cpu1 user=59 nice=0 system=224 idle=29731 iowait=0 irq=8951 softirq=8 steal=0
RT_CPUSTAT sample=79 cpu=cpu0 user=36036 nice=0 system=1654 idle=2474 iowait=0 irq=2095 softirq=26 steal=0
RT_CPUSTAT sample=79 cpu=cpu1 user=60 nice=0 system=226 idle=30078 iowait=0 irq=9063 softirq=8 steal=0
RT_CPUSTAT sample=80 cpu=cpu0 user=36504 nice=0 system=1664 idle=2474 iowait=0 irq=2121 softirq=26 steal=0
RT_CPUSTAT sample=80 cpu=cpu1 user=60 nice=0 system=228 idle=30419 iowait=0 irq=9181 softirq=8 steal=0
RT_CPUSTAT sample=81 cpu=cpu0 user=36940 nice=0 system=1703 idle=2474 iowait=0 irq=2147 softirq=27 steal=0
RT_CPUSTAT sample=81 cpu=cpu1 user=62 nice=0 system=229 idle=30763 iowait=0 irq=9294 softirq=9 steal=0
RT_CPUSTAT sample=82 cpu=cpu0 user=37385 nice=0 system=1738 idle=2474 iowait=0 irq=2173 softirq=27 steal=0
RT_CPUSTAT sample=82 cpu=cpu1 user=64 nice=0 system=233 idle=31108 iowait=0 irq=9408 softirq=9 steal=0
RT_CPUSTAT sample=83 cpu=cpu0 user=37842 nice=0 system=1758 idle=2474 iowait=0 irq=2200 softirq=27 steal=0
RT_CPUSTAT sample=83 cpu=cpu1 user=65 nice=0 system=235 idle=31452 iowait=0 irq=9522 softirq=9 steal=0
RT_CPUSTAT sample=84 cpu=cpu0 user=38318 nice=0 system=1758 idle=2474 iowait=0 irq=2227 softirq=28 steal=0
RT_CPUSTAT sample=84 cpu=cpu1 user=68 nice=0 system=238 idle=31795 iowait=0 irq=9636 softirq=9 steal=0
RT_CPUSTAT sample=85 cpu=cpu0 user=38792 nice=0 system=1763 idle=2474 iowait=0 irq=2253 softirq=28 steal=0
RT_CPUSTAT sample=85 cpu=cpu1 user=68 nice=0 system=241 idle=32139 iowait=0 irq=9751 softirq=9 steal=0
RT_CPUSTAT sample=86 cpu=cpu0 user=39265 nice=0 system=1769 idle=2474 iowait=0 irq=2279 softirq=28 steal=0
RT_CPUSTAT sample=86 cpu=cpu1 user=69 nice=0 system=243 idle=32479 iowait=0 irq=9869 softirq=9 steal=0
RT_CPUSTAT sample=87 cpu=cpu0 user=39740 nice=0 system=1770 idle=2474 iowait=0 irq=2305 softirq=28 steal=0
RT_CPUSTAT sample=87 cpu=cpu1 user=70 nice=0 system=245 idle=32819 iowait=0 irq=9987 softirq=9 steal=0
RT_CPUSTAT sample=88 cpu=cpu0 user=40217 nice=0 system=1771 idle=2474 iowait=0 irq=2331 softirq=29 steal=0
RT_CPUSTAT sample=88 cpu=cpu1 user=71 nice=0 system=248 idle=33158 iowait=0 irq=10104 softirq=9 steal=0
RT_CPUSTAT sample=89 cpu=cpu0 user=40658 nice=0 system=1811 idle=2474 iowait=0 irq=2358 softirq=29 steal=0
RT_CPUSTAT sample=89 cpu=cpu1 user=72 nice=0 system=250 idle=33503 iowait=0 irq=10221 softirq=9 steal=0
RT_CPUSTAT sample=90 cpu=cpu0 user=41114 nice=0 system=1832 idle=2474 iowait=0 irq=2384 softirq=29 steal=0
RT_CPUSTAT sample=90 cpu=cpu1 user=72 nice=0 system=252 idle=33845 iowait=0 irq=10336 softirq=10 steal=0
RT_CPUSTAT sample=91 cpu=cpu0 user=41572 nice=0 system=1850 idle=2474 iowait=0 irq=2411 softirq=30 steal=0
RT_CPUSTAT sample=91 cpu=cpu1 user=74 nice=0 system=256 idle=34186 iowait=0 irq=10450 softirq=10 steal=0
RT_CPUSTAT sample=92 cpu=cpu0 user=42035 nice=0 system=1865 idle=2474 iowait=0 irq=2437 softirq=30 steal=0
RT_CPUSTAT sample=92 cpu=cpu1 user=74 nice=0 system=259 idle=34527 iowait=0 irq=10567 softirq=10 steal=0
RT_CPUSTAT sample=93 cpu=cpu0 user=42500 nice=0 system=1880 idle=2474 iowait=0 irq=2464 softirq=30 steal=0
RT_CPUSTAT sample=93 cpu=cpu1 user=75 nice=0 system=263 idle=34870 iowait=0 irq=10683 softirq=10 steal=0
RT_CPUSTAT sample=94 cpu=cpu0 user=42931 nice=0 system=1925 idle=2474 iowait=0 irq=2490 softirq=31 steal=0
RT_CPUSTAT sample=94 cpu=cpu1 user=75 nice=0 system=267 idle=35207 iowait=0 irq=10803 softirq=10 steal=0
RT_CPUSTAT sample=95 cpu=cpu0 user=43366 nice=0 system=1967 idle=2474 iowait=0 irq=2516 softirq=31 steal=0
RT_CPUSTAT sample=95 cpu=cpu1 user=76 nice=0 system=272 idle=35549 iowait=0 irq=10917 softirq=10 steal=0
RT_CPUSTAT sample=96 cpu=cpu0 user=43834 nice=0 system=1977 idle=2474 iowait=0 irq=2542 softirq=31 steal=0
RT_CPUSTAT sample=96 cpu=cpu1 user=78 nice=0 system=275 idle=35891 iowait=0 irq=11034 softirq=10 steal=0
RT_CPUSTAT sample=97 cpu=cpu0 user=44276 nice=0 system=2013 idle=2474 iowait=0 irq=2569 softirq=32 steal=0
RT_CPUSTAT sample=97 cpu=cpu1 user=78 nice=0 system=277 idle=36233 iowait=0 irq=11149 softirq=10 steal=0
RT_CPUSTAT sample=98 cpu=cpu0 user=44729 nice=0 system=2039 idle=2474 iowait=0 irq=2595 softirq=32 steal=0
RT_CPUSTAT sample=98 cpu=cpu1 user=79 nice=0 system=280 idle=36577 iowait=0 irq=11264 softirq=11 steal=0
RT_CPUSTAT sample=99 cpu=cpu0 user=45198 nice=0 system=2045 idle=2474 iowait=0 irq=2620 softirq=32 steal=0
RT_CPUSTAT sample=99 cpu=cpu1 user=80 nice=0 system=282 idle=36917 iowait=0 irq=11381 softirq=11 steal=0
RT_CPUSTAT sample=100 cpu=cpu0 user=45675 nice=0 system=2047 idle=2474 iowait=0 irq=2646 softirq=33 steal=0
RT_CPUSTAT sample=100 cpu=cpu1 user=81 nice=0 system=287 idle=37262 iowait=0 irq=11493 softirq=11 steal=0
RT_CPUSTAT sample=101 cpu=cpu0 user=46144 nice=0 system=2055 idle=2474 iowait=0 irq=2672 softirq=33 steal=0
RT_CPUSTAT sample=101 cpu=cpu1 user=82 nice=0 system=290 idle=37606 iowait=0 irq=11607 softirq=11 steal=0
RT_CPUSTAT sample=102 cpu=cpu0 user=46614 nice=0 system=2062 idle=2474 iowait=0 irq=2699 softirq=33 steal=0
RT_CPUSTAT sample=102 cpu=cpu1 user=84 nice=0 system=293 idle=37945 iowait=0 irq=11724 softirq=11 steal=0
RT_CPUSTAT sample=103 cpu=cpu0 user=47091 nice=0 system=2063 idle=2474 iowait=0 irq=2725 softirq=33 steal=0
RT_CPUSTAT sample=103 cpu=cpu1 user=84 nice=0 system=296 idle=38290 iowait=0 irq=11838 softirq=11 steal=0
RT_CPUSTAT sample=104 cpu=cpu0 user=47567 nice=0 system=2064 idle=2474 iowait=0 irq=2752 softirq=34 steal=0
RT_CPUSTAT sample=104 cpu=cpu1 user=85 nice=0 system=299 idle=38632 iowait=0 irq=11954 softirq=11 steal=0
RT_CPUSTAT sample=105 cpu=cpu0 user=48011 nice=0 system=2099 idle=2474 iowait=0 irq=2778 softirq=34 steal=0
RT_CPUSTAT sample=105 cpu=cpu1 user=86 nice=0 system=302 idle=38976 iowait=0 irq=12070 softirq=11 steal=0
RT_CPUSTAT sample=106 cpu=cpu0 user=48467 nice=0 system=2121 idle=2474 iowait=0 irq=2804 softirq=34 steal=0
RT_CPUSTAT sample=106 cpu=cpu1 user=86 nice=0 system=306 idle=39320 iowait=0 irq=12184 softirq=11 steal=0
RT_CPUSTAT sample=107 cpu=cpu0 user=48921 nice=0 system=2145 idle=2474 iowait=0 irq=2830 softirq=35 steal=0
RT_CPUSTAT sample=107 cpu=cpu1 user=86 nice=0 system=310 idle=39663 iowait=0 irq=12298 softirq=12 steal=0
RT_CPUSTAT sample=108 cpu=cpu0 user=49394 nice=0 system=2150 idle=2474 iowait=0 irq=2856 softirq=35 steal=0
RT_CPUSTAT sample=108 cpu=cpu1 user=87 nice=0 system=312 idle=40003 iowait=0 irq=12416 softirq=12 steal=0
RT_CPUSTAT sample=109 cpu=cpu0 user=49844 nice=0 system=2177 idle=2474 iowait=0 irq=2883 softirq=35 steal=0
RT_CPUSTAT sample=109 cpu=cpu1 user=88 nice=0 system=314 idle=40345 iowait=0 irq=12532 softirq=12 steal=0
RT_CPUSTAT sample=110 cpu=cpu0 user=50296 nice=0 system=2204 idle=2474 iowait=0 irq=2909 softirq=36 steal=0
RT_CPUSTAT sample=110 cpu=cpu1 user=90 nice=0 system=316 idle=40685 iowait=0 irq=12650 softirq=12 steal=0
RT_CPUSTAT sample=111 cpu=cpu0 user=50746 nice=0 system=2229 idle=2474 iowait=0 irq=2936 softirq=36 steal=0
RT_CPUSTAT sample=111 cpu=cpu1 user=91 nice=0 system=320 idle=41027 iowait=0 irq=12764 softirq=12 steal=0
RT_CPUSTAT sample=112 cpu=cpu0 user=51205 nice=0 system=2250 idle=2474 iowait=0 irq=2962 softirq=36 steal=0
RT_CPUSTAT sample=112 cpu=cpu1 user=92 nice=0 system=324 idle=41373 iowait=0 irq=12877 softirq=12 steal=0
RT_CPUSTAT sample=113 cpu=cpu0 user=51649 nice=0 system=2283 idle=2474 iowait=0 irq=2988 softirq=37 steal=0
RT_CPUSTAT sample=113 cpu=cpu1 user=93 nice=0 system=328 idle=41714 iowait=0 irq=12992 softirq=12 steal=0
RT_CPUSTAT sample=114 cpu=cpu0 user=52107 nice=0 system=2302 idle=2474 iowait=0 irq=3014 softirq=37 steal=0
RT_CPUSTAT sample=114 cpu=cpu1 user=94 nice=0 system=331 idle=42055 iowait=0 irq=13108 softirq=12 steal=0
RT_CPUSTAT sample=115 cpu=cpu0 user=52584 nice=0 system=2302 idle=2474 iowait=0 irq=3041 softirq=37 steal=0
RT_CPUSTAT sample=115 cpu=cpu1 user=95 nice=0 system=335 idle=42397 iowait=0 irq=13224 softirq=12 steal=0
RT_CPUSTAT sample=116 cpu=cpu0 user=53059 nice=0 system=2303 idle=2474 iowait=0 irq=3067 softirq=37 steal=0
RT_CPUSTAT sample=116 cpu=cpu1 user=97 nice=0 system=338 idle=42738 iowait=0 irq=13340 softirq=12 steal=0
RT_CPUSTAT sample=117 cpu=cpu0 user=53536 nice=0 system=2306 idle=2474 iowait=0 irq=3093 softirq=38 steal=0
RT_CPUSTAT sample=117 cpu=cpu1 user=98 nice=0 system=341 idle=43081 iowait=0 irq=13457 softirq=13 steal=0
RT_CPUSTAT sample=118 cpu=cpu0 user=54004 nice=0 system=2314 idle=2474 iowait=0 irq=3119 softirq=38 steal=0
RT_CPUSTAT sample=118 cpu=cpu1 user=99 nice=0 system=344 idle=43424 iowait=0 irq=13571 softirq=13 steal=0
RT_CPUSTAT sample=119 cpu=cpu0 user=54483 nice=0 system=2315 idle=2474 iowait=0 irq=3145 softirq=38 steal=0
RT_CPUSTAT sample=119 cpu=cpu1 user=99 nice=0 system=349 idle=43771 iowait=0 irq=13683 softirq=13 steal=0
RT_CPUSTAT sample=120 cpu=cpu0 user=54947 nice=0 system=2328 idle=2474 iowait=0 irq=3170 softirq=39 steal=0
RT_CPUSTAT sample=120 cpu=cpu1 user=101 nice=0 system=354 idle=44113 iowait=0 irq=13798 softirq=13 steal=0
RT_CPUSTAT sample=121 cpu=cpu0 user=55373 nice=0 system=2380 idle=2474 iowait=0 irq=3196 softirq=39 steal=0
RT_CPUSTAT sample=121 cpu=cpu1 user=101 nice=0 system=358 idle=44459 iowait=0 irq=13910 softirq=13 steal=0
RT_CPUSTAT sample=122 cpu=cpu0 user=55837 nice=0 system=2395 idle=2474 iowait=0 irq=3223 softirq=39 steal=0
RT_CPUSTAT sample=122 cpu=cpu1 user=102 nice=0 system=361 idle=44800 iowait=0 irq=14027 softirq=13 steal=0
RT_CPUSTAT sample=123 cpu=cpu0 user=56299 nice=0 system=2411 idle=2474 iowait=0 irq=3249 softirq=40 steal=0
RT_CPUSTAT sample=123 cpu=cpu1 user=104 nice=0 system=365 idle=45141 iowait=0 irq=14144 softirq=13 steal=0
RT_CPUSTAT sample=124 cpu=cpu0 user=56759 nice=0 system=2428 idle=2474 iowait=0 irq=3275 softirq=40 steal=0
RT_CPUSTAT sample=124 cpu=cpu1 user=105 nice=0 system=368 idle=45482 iowait=0 irq=14261 softirq=13 steal=0
RT_CPUSTAT sample=125 cpu=cpu0 user=57222 nice=0 system=2443 idle=2474 iowait=0 irq=3302 softirq=40 steal=0
RT_CPUSTAT sample=125 cpu=cpu1 user=105 nice=0 system=371 idle=45824 iowait=0 irq=14376 softirq=13 steal=0
RT_CPUSTAT sample=126 cpu=cpu0 user=57657 nice=0 system=2484 idle=2474 iowait=0 irq=3329 softirq=40 steal=0
RT_CPUSTAT sample=126 cpu=cpu1 user=105 nice=0 system=372 idle=46164 iowait=0 irq=14492 softirq=13 steal=0
RT_CPUSTAT sample=127 cpu=cpu0 user=58127 nice=0 system=2491 idle=2474 iowait=0 irq=3355 softirq=41 steal=0
RT_CPUSTAT sample=127 cpu=cpu1 user=106 nice=0 system=376 idle=46505 iowait=0 irq=14609 softirq=14 steal=0
RT_CPUSTAT sample=128 cpu=cpu0 user=58582 nice=0 system=2513 idle=2474 iowait=0 irq=3382 softirq=41 steal=0
RT_CPUSTAT sample=128 cpu=cpu1 user=108 nice=0 system=378 idle=46845 iowait=0 irq=14723 softirq=14 steal=0
RT_CPUSTAT sample=129 cpu=cpu0 user=59035 nice=0 system=2537 idle=2474 iowait=0 irq=3408 softirq=41 steal=0
RT_CPUSTAT sample=129 cpu=cpu1 user=108 nice=0 system=381 idle=47184 iowait=0 irq=14841 softirq=14 steal=0
RT_CPUSTAT sample=130 cpu=cpu0 user=59493 nice=0 system=2557 idle=2474 iowait=0 irq=3434 softirq=42 steal=0
RT_CPUSTAT sample=130 cpu=cpu1 user=109 nice=0 system=384 idle=47524 iowait=0 irq=14958 softirq=14 steal=0
RT_CPUSTAT sample=131 cpu=cpu0 user=59971 nice=0 system=2558 idle=2474 iowait=0 irq=3461 softirq=42 steal=0
RT_CPUSTAT sample=131 cpu=cpu1 user=109 nice=0 system=387 idle=47864 iowait=0 irq=15076 softirq=14 steal=0
RT_CPUSTAT sample=132 cpu=cpu0 user=60444 nice=0 system=2560 idle=2474 iowait=0 irq=3487 softirq=42 steal=0
RT_CPUSTAT sample=132 cpu=cpu1 user=110 nice=0 system=392 idle=48204 iowait=0 irq=15191 softirq=14 steal=0
RT_CPUSTAT sample=133 cpu=cpu0 user=60909 nice=0 system=2573 idle=2474 iowait=0 irq=3513 softirq=43 steal=0
RT_CPUSTAT sample=133 cpu=cpu1 user=112 nice=0 system=394 idle=48546 iowait=0 irq=15307 softirq=14 steal=0
RT_CPUSTAT sample=134 cpu=cpu0 user=61383 nice=0 system=2577 idle=2474 iowait=0 irq=3539 softirq=43 steal=0
RT_CPUSTAT sample=134 cpu=cpu1 user=113 nice=0 system=397 idle=48890 iowait=0 irq=15422 softirq=14 steal=0
RT_CPUSTAT sample=135 cpu=cpu0 user=61861 nice=0 system=2577 idle=2474 iowait=0 irq=3565 softirq=43 steal=0
RT_CPUSTAT sample=135 cpu=cpu1 user=113 nice=0 system=398 idle=49233 iowait=0 irq=15537 softirq=14 steal=0
RT_CPUSTAT sample=136 cpu=cpu0 user=62321 nice=0 system=2593 idle=2474 iowait=0 irq=3592 softirq=44 steal=0
RT_CPUSTAT sample=136 cpu=cpu1 user=114 nice=0 system=400 idle=49575 iowait=0 irq=15653 softirq=15 steal=0
RT_CPUSTAT sample=137 cpu=cpu0 user=62767 nice=0 system=2624 idle=2474 iowait=0 irq=3618 softirq=44 steal=0
RT_CPUSTAT sample=137 cpu=cpu1 user=115 nice=0 system=403 idle=49916 iowait=0 irq=15769 softirq=15 steal=0
RT_CPUSTAT sample=138 cpu=cpu0 user=63214 nice=0 system=2655 idle=2474 iowait=0 irq=3643 softirq=44 steal=0
RT_CPUSTAT sample=138 cpu=cpu1 user=115 nice=0 system=405 idle=50261 iowait=0 irq=15883 softirq=15 steal=0
RT_CPUSTAT sample=139 cpu=cpu0 user=63672 nice=0 system=2676 idle=2474 iowait=0 irq=3669 softirq=44 steal=0
RT_CPUSTAT sample=139 cpu=cpu1 user=115 nice=0 system=407 idle=50610 iowait=0 irq=15994 softirq=15 steal=0
RT_CPUSTAT sample=140 cpu=cpu0 user=64131 nice=0 system=2693 idle=2474 iowait=0 irq=3696 softirq=45 steal=0
RT_CPUSTAT sample=140 cpu=cpu1 user=116 nice=0 system=411 idle=50950 iowait=0 irq=16110 softirq=15 steal=0
RT_CPUSTAT sample=141 cpu=cpu0 user=64584 nice=0 system=2719 idle=2474 iowait=0 irq=3722 softirq=45 steal=0
RT_CPUSTAT sample=141 cpu=cpu1 user=117 nice=0 system=414 idle=51289 iowait=0 irq=16229 softirq=15 steal=0
RT_CPUSTAT sample=142 cpu=cpu0 user=65015 nice=0 system=2765 idle=2474 iowait=0 irq=3748 softirq=45 steal=0
RT_CPUSTAT sample=142 cpu=cpu1 user=118 nice=0 system=417 idle=51626 iowait=0 irq=16350 softirq=15 steal=0
RT_CPUSTAT sample=143 cpu=cpu0 user=65487 nice=0 system=2770 idle=2474 iowait=0 irq=3775 softirq=46 steal=0
RT_CPUSTAT sample=143 cpu=cpu1 user=118 nice=0 system=419 idle=51961 iowait=0 irq=16469 softirq=15 steal=0
RT_CPUSTAT sample=144 cpu=cpu0 user=65921 nice=0 system=2813 idle=2474 iowait=0 irq=3801 softirq=46 steal=0
RT_CPUSTAT sample=144 cpu=cpu1 user=118 nice=0 system=422 idle=52303 iowait=0 irq=16586 softirq=15 steal=0
RT_CPUSTAT sample=145 cpu=cpu0 user=66384 nice=0 system=2828 idle=2474 iowait=0 irq=3828 softirq=46 steal=0
RT_CPUSTAT sample=145 cpu=cpu1 user=119 nice=0 system=425 idle=52647 iowait=0 irq=16700 softirq=16 steal=0
RT_CPUSTAT sample=146 cpu=cpu0 user=66844 nice=0 system=2846 idle=2474 iowait=0 irq=3854 softirq=47 steal=0
RT_CPUSTAT sample=146 cpu=cpu1 user=119 nice=0 system=428 idle=52987 iowait=0 irq=16817 softirq=16 steal=0
RT_CPUSTAT sample=147 cpu=cpu0 user=67321 nice=0 system=2847 idle=2474 iowait=0 irq=3880 softirq=47 steal=0
RT_CPUSTAT sample=147 cpu=cpu1 user=120 nice=0 system=430 idle=53327 iowait=0 irq=16935 softirq=16 steal=0
RT_CPUSTAT sample=148 cpu=cpu0 user=67793 nice=0 system=2853 idle=2474 iowait=0 irq=3907 softirq=47 steal=0
RT_CPUSTAT sample=148 cpu=cpu1 user=121 nice=0 system=433 idle=53667 iowait=0 irq=17053 softirq=16 steal=0
RT_CPUSTAT sample=149 cpu=cpu0 user=68257 nice=0 system=2866 idle=2474 iowait=0 irq=3934 softirq=48 steal=0
RT_CPUSTAT sample=149 cpu=cpu1 user=122 nice=0 system=435 idle=54006 iowait=0 irq=17173 softirq=16 steal=0
RT_CPUSTAT sample=150 cpu=cpu0 user=68710 nice=0 system=2890 idle=2474 iowait=0 irq=3961 softirq=48 steal=0
RT_CPUSTAT sample=150 cpu=cpu1 user=123 nice=0 system=438 idle=54339 iowait=0 irq=17296 softirq=16 steal=0
RT_CPUSTAT sample=151 cpu=cpu0 user=69190 nice=0 system=2890 idle=2474 iowait=0 irq=3986 softirq=48 steal=0
RT_CPUSTAT sample=151 cpu=cpu1 user=124 nice=0 system=441 idle=54684 iowait=0 irq=17411 softirq=16 steal=0
RT_CPUSTAT sample=152 cpu=cpu0 user=69646 nice=0 system=2910 idle=2474 iowait=0 irq=4012 softirq=49 steal=0
RT_CPUSTAT sample=152 cpu=cpu1 user=124 nice=0 system=446 idle=55026 iowait=0 irq=17525 softirq=16 steal=0
RT_CPUSTAT sample=153 cpu=cpu0 user=70103 nice=0 system=2931 idle=2474 iowait=0 irq=4038 softirq=49 steal=0
RT_CPUSTAT sample=153 cpu=cpu1 user=126 nice=0 system=450 idle=55364 iowait=0 irq=17643 softirq=16 steal=0
RT_CPUSTAT sample=154 cpu=cpu0 user=70545 nice=0 system=2969 idle=2474 iowait=0 irq=4064 softirq=49 steal=0
RT_CPUSTAT sample=154 cpu=cpu1 user=127 nice=0 system=453 idle=55709 iowait=0 irq=17758 softirq=17 steal=0
RT_CPUSTAT sample=155 cpu=cpu0 user=71008 nice=0 system=2981 idle=2474 iowait=0 irq=4091 softirq=49 steal=0
RT_CPUSTAT sample=155 cpu=cpu1 user=128 nice=0 system=455 idle=56053 iowait=0 irq=17870 softirq=17 steal=0
RT_CPUSTAT sample=156 cpu=cpu0 user=71470 nice=0 system=2997 idle=2474 iowait=0 irq=4117 softirq=50 steal=0
RT_CPUSTAT sample=156 cpu=cpu1 user=129 nice=0 system=460 idle=56389 iowait=0 irq=17989 softirq=17 steal=0
RT_CPUSTAT sample=157 cpu=cpu0 user=71911 nice=0 system=3033 idle=2474 iowait=0 irq=4143 softirq=50 steal=0
RT_CPUSTAT sample=157 cpu=cpu1 user=130 nice=0 system=464 idle=56730 iowait=0 irq=18107 softirq=17 steal=0
RT_CPUSTAT sample=158 cpu=cpu0 user=72334 nice=0 system=3089 idle=2474 iowait=0 irq=4170 softirq=50 steal=0
RT_CPUSTAT sample=158 cpu=cpu1 user=130 nice=0 system=467 idle=57069 iowait=0 irq=18225 softirq=17 steal=0
RT_CPUSTAT sample=159 cpu=cpu0 user=72806 nice=0 system=3094 idle=2474 iowait=0 irq=4197 softirq=51 steal=0
RT_CPUSTAT sample=159 cpu=cpu1 user=131 nice=0 system=470 idle=57411 iowait=0 irq=18339 softirq=17 steal=0
RT_CPUSTAT sample=160 cpu=cpu0 user=73250 nice=0 system=3128 idle=2474 iowait=0 irq=4223 softirq=51 steal=0
RT_CPUSTAT sample=160 cpu=cpu1 user=131 nice=0 system=473 idle=57753 iowait=0 irq=18456 softirq=17 steal=0
RT_CPUSTAT sample=161 cpu=cpu0 user=73703 nice=0 system=3153 idle=2474 iowait=0 irq=4249 softirq=51 steal=0
RT_CPUSTAT sample=161 cpu=cpu1 user=132 nice=0 system=475 idle=58096 iowait=0 irq=18570 softirq=17 steal=0
RT_CPUSTAT sample=162 cpu=cpu0 user=74167 nice=0 system=3168 idle=2474 iowait=0 irq=4276 softirq=52 steal=0
RT_CPUSTAT sample=162 cpu=cpu1 user=133 nice=0 system=477 idle=58439 iowait=0 irq=18685 softirq=17 steal=0
RT_CPUSTAT sample=163 cpu=cpu0 user=74643 nice=0 system=3169 idle=2474 iowait=0 irq=4302 softirq=52 steal=0
RT_CPUSTAT sample=163 cpu=cpu1 user=133 nice=0 system=479 idle=58779 iowait=0 irq=18803 softirq=18 steal=0
RT_CPUSTAT sample=164 cpu=cpu0 user=75117 nice=0 system=3174 idle=2474 iowait=0 irq=4328 softirq=52 steal=0
RT_CPUSTAT sample=164 cpu=cpu1 user=133 nice=0 system=482 idle=59119 iowait=0 irq=18921 softirq=18 steal=0
RT_CPUSTAT sample=165 cpu=cpu0 user=75589 nice=0 system=3178 idle=2474 iowait=0 irq=4354 softirq=53 steal=0
RT_CPUSTAT sample=165 cpu=cpu1 user=134 nice=0 system=484 idle=59460 iowait=0 irq=19037 softirq=18 steal=0
RT_CPUSTAT sample=166 cpu=cpu0 user=76066 nice=0 system=3181 idle=2474 iowait=0 irq=4379 softirq=53 steal=0
RT_CPUSTAT sample=166 cpu=cpu1 user=135 nice=0 system=488 idle=59804 iowait=0 irq=19152 softirq=18 steal=0
RT_CPUSTAT sample=167 cpu=cpu0 user=76543 nice=0 system=3182 idle=2474 iowait=0 irq=4405 softirq=53 steal=0
RT_CPUSTAT sample=167 cpu=cpu1 user=136 nice=0 system=490 idle=60148 iowait=0 irq=19266 softirq=18 steal=0
RT_CPUSTAT sample=168 cpu=cpu0 user=76984 nice=0 system=3219 idle=2474 iowait=0 irq=4432 softirq=53 steal=0
RT_CPUSTAT sample=168 cpu=cpu1 user=136 nice=0 system=495 idle=60490 iowait=0 irq=19382 softirq=18 steal=0
RT_CPUSTAT sample=169 cpu=cpu0 user=77436 nice=0 system=3244 idle=2474 iowait=0 irq=4458 softirq=54 steal=0
RT_CPUSTAT sample=169 cpu=cpu1 user=139 nice=0 system=497 idle=60834 iowait=0 irq=19494 softirq=18 steal=0
RT_CPUSTAT sample=170 cpu=cpu0 user=77886 nice=0 system=3271 idle=2474 iowait=0 irq=4485 softirq=54 steal=0
RT_CPUSTAT sample=170 cpu=cpu1 user=139 nice=0 system=500 idle=61177 iowait=0 irq=19609 softirq=18 steal=0
RT_CPUSTAT sample=171 cpu=cpu0 user=78351 nice=0 system=3281 idle=2474 iowait=0 irq=4511 softirq=54 steal=0
RT_CPUSTAT sample=171 cpu=cpu1 user=140 nice=0 system=503 idle=61518 iowait=0 irq=19724 softirq=18 steal=0
RT_CPUSTAT sample=172 cpu=cpu0 user=78817 nice=0 system=3295 idle=2474 iowait=0 irq=4538 softirq=55 steal=0
RT_CPUSTAT sample=172 cpu=cpu1 user=141 nice=0 system=506 idle=61859 iowait=0 irq=19842 softirq=19 steal=0
RT_CPUSTAT sample=173 cpu=cpu0 user=79255 nice=0 system=3334 idle=2474 iowait=0 irq=4564 softirq=55 steal=0
RT_CPUSTAT sample=173 cpu=cpu1 user=143 nice=0 system=509 idle=62197 iowait=0 irq=19961 softirq=19 steal=0
RT_CPUSTAT sample=174 cpu=cpu0 user=79699 nice=0 system=3368 idle=2474 iowait=0 irq=4590 softirq=55 steal=0
RT_CPUSTAT sample=174 cpu=cpu1 user=144 nice=0 system=512 idle=62538 iowait=0 irq=20078 softirq=19 steal=0
RT_CPUSTAT sample=175 cpu=cpu0 user=80166 nice=0 system=3378 idle=2474 iowait=0 irq=4616 softirq=56 steal=0
RT_CPUSTAT sample=175 cpu=cpu1 user=145 nice=0 system=515 idle=62881 iowait=0 irq=20194 softirq=19 steal=0
RT_CPUSTAT sample=176 cpu=cpu0 user=80604 nice=0 system=3420 idle=2474 iowait=0 irq=4642 softirq=56 steal=0
RT_CPUSTAT sample=176 cpu=cpu1 user=146 nice=0 system=520 idle=63226 iowait=0 irq=20308 softirq=19 steal=0
RT_CPUSTAT sample=177 cpu=cpu0 user=81059 nice=0 system=3441 idle=2474 iowait=0 irq=4668 softirq=56 steal=0
RT_CPUSTAT sample=177 cpu=cpu1 user=148 nice=0 system=524 idle=63568 iowait=0 irq=20421 softirq=19 steal=0
RT_CPUSTAT sample=178 cpu=cpu0 user=81526 nice=0 system=3453 idle=2474 iowait=0 irq=4695 softirq=57 steal=0
RT_CPUSTAT sample=178 cpu=cpu1 user=149 nice=0 system=527 idle=63909 iowait=0 irq=20539 softirq=19 steal=0
RT_CPUSTAT sample=179 cpu=cpu0 user=82003 nice=0 system=3453 idle=2474 iowait=0 irq=4721 softirq=57 steal=0
RT_CPUSTAT sample=179 cpu=cpu1 user=149 nice=0 system=529 idle=64251 iowait=0 irq=20655 softirq=19 steal=0
RT_CPUSTAT sample=180 cpu=cpu0 user=82478 nice=0 system=3457 idle=2474 iowait=0 irq=4747 softirq=57 steal=0
RT_CPUSTAT sample=180 cpu=cpu1 user=149 nice=0 system=532 idle=64597 iowait=0 irq=20769 softirq=19 steal=0
RT_CPUSTAT sample=181 cpu=cpu0 user=82948 nice=0 system=3465 idle=2474 iowait=0 irq=4774 softirq=58 steal=0
RT_CPUSTAT sample=181 cpu=cpu1 user=150 nice=0 system=536 idle=64941 iowait=0 irq=20883 softirq=19 steal=0
RT_CPUSTAT sample=182 cpu=cpu0 user=83424 nice=0 system=3467 idle=2474 iowait=0 irq=4799 softirq=58 steal=0
RT_CPUSTAT sample=182 cpu=cpu1 user=152 nice=0 system=539 idle=65283 iowait=0 irq=20998 softirq=20 steal=0
RT_CPUSTAT sample=183 cpu=cpu0 user=83902 nice=0 system=3468 idle=2474 iowait=0 irq=4825 softirq=58 steal=0
RT_CPUSTAT sample=183 cpu=cpu1 user=153 nice=0 system=541 idle=65628 iowait=0 irq=21111 softirq=20 steal=0
RT_CPUSTAT sample=184 cpu=cpu0 user=84348 nice=0 system=3497 idle=2474 iowait=0 irq=4852 softirq=58 steal=0
RT_CPUSTAT sample=184 cpu=cpu1 user=154 nice=0 system=544 idle=65973 iowait=0 irq=21222 softirq=20 steal=0
RT_CPUSTAT sample=185 cpu=cpu0 user=84811 nice=0 system=3513 idle=2474 iowait=0 irq=4878 softirq=59 steal=0
RT_CPUSTAT sample=185 cpu=cpu1 user=154 nice=0 system=548 idle=66317 iowait=0 irq=21337 softirq=20 steal=0
RT_CPUSTAT sample=186 cpu=cpu0 user=85266 nice=0 system=3537 idle=2474 iowait=0 irq=4904 softirq=59 steal=0
RT_CPUSTAT sample=186 cpu=cpu1 user=155 nice=0 system=549 idle=66662 iowait=0 irq=21452 softirq=20 steal=0
RT_CPUSTAT sample=187 cpu=cpu0 user=85733 nice=0 system=3548 idle=2474 iowait=0 irq=4930 softirq=59 steal=0
RT_CPUSTAT sample=187 cpu=cpu1 user=156 nice=0 system=552 idle=67005 iowait=0 irq=21568 softirq=20 steal=0
RT_CPUSTAT sample=188 cpu=cpu0 user=86188 nice=0 system=3570 idle=2474 iowait=0 irq=4956 softirq=60 steal=0
RT_CPUSTAT sample=188 cpu=cpu1 user=156 nice=0 system=555 idle=67351 iowait=0 irq=21681 softirq=20 steal=0
RT_CPUSTAT sample=189 cpu=cpu0 user=86626 nice=0 system=3611 idle=2474 iowait=0 irq=4983 softirq=60 steal=0
RT_CPUSTAT sample=189 cpu=cpu1 user=157 nice=0 system=558 idle=67693 iowait=0 irq=21797 softirq=20 steal=0
RT_CPUSTAT sample=190 cpu=cpu0 user=87060 nice=0 system=3656 idle=2474 iowait=0 irq=5009 softirq=60 steal=0
RT_CPUSTAT sample=190 cpu=cpu1 user=158 nice=0 system=561 idle=68036 iowait=0 irq=21913 softirq=20 steal=0
RT_CPUSTAT sample=191 cpu=cpu0 user=87520 nice=0 system=3675 idle=2474 iowait=0 irq=5035 softirq=61 steal=0
RT_CPUSTAT sample=191 cpu=cpu1 user=159 nice=0 system=564 idle=68380 iowait=0 irq=22027 softirq=21 steal=0
RT_CPUSTAT sample=192 cpu=cpu0 user=87970 nice=0 system=3703 idle=2474 iowait=0 irq=5061 softirq=61 steal=0
RT_CPUSTAT sample=192 cpu=cpu1 user=160 nice=0 system=569 idle=68726 iowait=0 irq=22140 softirq=21 steal=0
RT_CPUSTAT sample=193 cpu=cpu0 user=88419 nice=0 system=3732 idle=2474 iowait=0 irq=5088 softirq=61 steal=0
RT_CPUSTAT sample=193 cpu=cpu1 user=162 nice=0 system=573 idle=69070 iowait=0 irq=22255 softirq=21 steal=0
RT_CPUSTAT sample=194 cpu=cpu0 user=88897 nice=0 system=3732 idle=2474 iowait=0 irq=5114 softirq=62 steal=0
RT_CPUSTAT sample=194 cpu=cpu1 user=163 nice=0 system=576 idle=69410 iowait=0 irq=22371 softirq=21 steal=0
RT_CPUSTAT sample=195 cpu=cpu0 user=89374 nice=0 system=3732 idle=2474 iowait=0 irq=5140 softirq=62 steal=0
RT_CPUSTAT sample=195 cpu=cpu1 user=164 nice=0 system=580 idle=69753 iowait=0 irq=22487 softirq=21 steal=0
RT_CPUSTAT sample=196 cpu=cpu0 user=89838 nice=0 system=3748 idle=2474 iowait=0 irq=5167 softirq=62 steal=0
RT_CPUSTAT sample=196 cpu=cpu1 user=165 nice=0 system=582 idle=70095 iowait=0 irq=22604 softirq=21 steal=0
RT_CPUSTAT sample=197 cpu=cpu0 user=90304 nice=0 system=3757 idle=2474 iowait=0 irq=5193 softirq=63 steal=0
RT_CPUSTAT sample=197 cpu=cpu1 user=166 nice=0 system=585 idle=70434 iowait=0 irq=22722 softirq=21 steal=0
RT_CPUSTAT sample=198 cpu=cpu0 user=90783 nice=0 system=3757 idle=2474 iowait=0 irq=5220 softirq=63 steal=0
RT_CPUSTAT sample=198 cpu=cpu1 user=169 nice=0 system=589 idle=70778 iowait=0 irq=22839 softirq=21 steal=0
RT_CPUSTAT sample=199 cpu=cpu0 user=91253 nice=0 system=3764 idle=2474 iowait=0 irq=5246 softirq=63 steal=0
RT_CPUSTAT sample=199 cpu=cpu1 user=171 nice=0 system=591 idle=71118 iowait=0 irq=22955 softirq=21 steal=0
RT_CPUSTAT sample=200 cpu=cpu0 user=91669 nice=0 system=3826 idle=2474 iowait=0 irq=5272 softirq=63 steal=0
RT_CPUSTAT sample=200 cpu=cpu1 user=172 nice=0 system=594 idle=71463 iowait=0 irq=23069 softirq=21 steal=0
RT_CPUSTAT sample=201 cpu=cpu0 user=92131 nice=0 system=3843 idle=2474 iowait=0 irq=5298 softirq=64 steal=0
RT_CPUSTAT sample=201 cpu=cpu1 user=172 nice=0 system=597 idle=71806 iowait=0 irq=23185 softirq=21 steal=0
RT_CPUSTAT sample=202 cpu=cpu0 user=92567 nice=0 system=3884 idle=2474 iowait=0 irq=5323 softirq=64 steal=0
RT_CPUSTAT sample=202 cpu=cpu1 user=173 nice=0 system=601 idle=72149 iowait=0 irq=23299 softirq=22 steal=0
RT_CPUSTAT sample=203 cpu=cpu0 user=93038 nice=0 system=3893 idle=2474 iowait=0 irq=5349 softirq=64 steal=0
RT_CPUSTAT sample=203 cpu=cpu1 user=174 nice=0 system=604 idle=72496 iowait=0 irq=23413 softirq=22 steal=0
RT_CPUSTAT sample=204 cpu=cpu0 user=93490 nice=0 system=3919 idle=2474 iowait=0 irq=5375 softirq=65 steal=0
RT_CPUSTAT sample=204 cpu=cpu1 user=175 nice=0 system=607 idle=72840 iowait=0 irq=23527 softirq=22 steal=0
RT_CPUSTAT sample=205 cpu=cpu0 user=93928 nice=0 system=3959 idle=2474 iowait=0 irq=5402 softirq=65 steal=0
RT_CPUSTAT sample=205 cpu=cpu1 user=175 nice=0 system=609 idle=73183 iowait=0 irq=23641 softirq=22 steal=0
RT_CPUSTAT sample=206 cpu=cpu0 user=94377 nice=0 system=3986 idle=2474 iowait=0 irq=5427 softirq=65 steal=0
RT_CPUSTAT sample=206 cpu=cpu1 user=176 nice=0 system=615 idle=73525 iowait=0 irq=23756 softirq=22 steal=0
RT_CPUSTAT sample=207 cpu=cpu0 user=94839 nice=0 system=4002 idle=2474 iowait=0 irq=5453 softirq=66 steal=0
RT_CPUSTAT sample=207 cpu=cpu1 user=177 nice=0 system=619 idle=73863 iowait=0 irq=23874 softirq=22 steal=0
RT_CPUSTAT sample=208 cpu=cpu0 user=95300 nice=0 system=4019 idle=2474 iowait=0 irq=5479 softirq=66 steal=0
RT_CPUSTAT sample=208 cpu=cpu1 user=178 nice=0 system=621 idle=74205 iowait=0 irq=23989 softirq=22 steal=0
RT_CPUSTAT sample=209 cpu=cpu0 user=95751 nice=0 system=4047 idle=2474 iowait=0 irq=5505 softirq=66 steal=0
RT_CPUSTAT sample=209 cpu=cpu1 user=178 nice=0 system=624 idle=74549 iowait=0 irq=24104 softirq=22 steal=0
RT_CPUSTAT sample=210 cpu=cpu0 user=96228 nice=0 system=4047 idle=2474 iowait=0 irq=5532 softirq=67 steal=0
RT_CPUSTAT sample=210 cpu=cpu1 user=178 nice=0 system=627 idle=74886 iowait=0 irq=24223 softirq=22 steal=0
RT_CPUSTAT sample=211 cpu=cpu0 user=96705 nice=0 system=4048 idle=2474 iowait=0 irq=5558 softirq=67 steal=0
RT_CPUSTAT sample=211 cpu=cpu1 user=179 nice=0 system=630 idle=75228 iowait=0 irq=24341 softirq=23 steal=0
RT_CPUSTAT sample=212 cpu=cpu0 user=97176 nice=0 system=4056 idle=2474 iowait=0 irq=5585 softirq=67 steal=0
RT_CPUSTAT sample=212 cpu=cpu1 user=180 nice=0 system=633 idle=75572 iowait=0 irq=24454 softirq=23 steal=0
RT_CPUSTAT sample=213 cpu=cpu0 user=97647 nice=0 system=4063 idle=2474 iowait=0 irq=5610 softirq=67 steal=0
RT_CPUSTAT sample=213 cpu=cpu1 user=180 nice=0 system=635 idle=75917 iowait=0 irq=24569 softirq=23 steal=0
RT_CPUSTAT sample=214 cpu=cpu0 user=98124 nice=0 system=4063 idle=2474 iowait=0 irq=5637 softirq=68 steal=0
RT_CPUSTAT sample=214 cpu=cpu1 user=181 nice=0 system=636 idle=76260 iowait=0 irq=24683 softirq=23 steal=0
RT_CPUSTAT sample=215 cpu=cpu0 user=98589 nice=0 system=4077 idle=2474 iowait=0 irq=5663 softirq=68 steal=0
RT_CPUSTAT sample=215 cpu=cpu1 user=181 nice=0 system=638 idle=76605 iowait=0 irq=24798 softirq=23 steal=0
RT_CPUSTAT sample=216 cpu=cpu0 user=99032 nice=0 system=4109 idle=2474 iowait=0 irq=5689 softirq=68 steal=0
RT_CPUSTAT sample=216 cpu=cpu1 user=181 nice=0 system=641 idle=76943 iowait=0 irq=24915 softirq=23 steal=0
RT_CPUSTAT sample=217 cpu=cpu0 user=99472 nice=0 system=4148 idle=2474 iowait=0 irq=5716 softirq=69 steal=0
RT_CPUSTAT sample=217 cpu=cpu1 user=183 nice=0 system=645 idle=77289 iowait=0 irq=25028 softirq=23 steal=0
RT_CPUSTAT sample=218 cpu=cpu0 user=99928 nice=0 system=4169 idle=2474 iowait=0 irq=5743 softirq=69 steal=0
RT_CPUSTAT sample=218 cpu=cpu1 user=185 nice=0 system=651 idle=77632 iowait=0 irq=25142 softirq=23 steal=0
RT_CPUSTAT sample=219 cpu=cpu0 user=100390 nice=0 system=4186 idle=2474 iowait=0 irq=5770 softirq=69 steal=0
RT_CPUSTAT sample=219 cpu=cpu1 user=186 nice=0 system=653 idle=77977 iowait=0 irq=25256 softirq=23 steal=0
RT_CPUSTAT sample=220 cpu=cpu0 user=100840 nice=0 system=4213 idle=2474 iowait=0 irq=5796 softirq=70 steal=0
RT_CPUSTAT sample=220 cpu=cpu1 user=187 nice=0 system=655 idle=78320 iowait=0 irq=25371 softirq=23 steal=0
RT_CPUSTAT sample=221 cpu=cpu0 user=101258 nice=0 system=4273 idle=2474 iowait=0 irq=5823 softirq=70 steal=0
RT_CPUSTAT sample=221 cpu=cpu1 user=188 nice=0 system=656 idle=78661 iowait=0 irq=25487 softirq=24 steal=0
RT_CPUSTAT sample=222 cpu=cpu0 user=101727 nice=0 system=4282 idle=2474 iowait=0 irq=5849 softirq=70 steal=0
RT_CPUSTAT sample=222 cpu=cpu1 user=189 nice=0 system=662 idle=79007 iowait=0 irq=25600 softirq=24 steal=0
RT_CPUSTAT sample=223 cpu=cpu0 user=102167 nice=0 system=4319 idle=2474 iowait=0 irq=5875 softirq=71 steal=0
RT_CPUSTAT sample=223 cpu=cpu1 user=190 nice=0 system=664 idle=79349 iowait=0 irq=25715 softirq=24 steal=0
RT_CPUSTAT sample=224 cpu=cpu0 user=102628 nice=0 system=4336 idle=2474 iowait=0 irq=5901 softirq=71 steal=0
RT_CPUSTAT sample=224 cpu=cpu1 user=191 nice=0 system=666 idle=79690 iowait=0 irq=25831 softirq=24 steal=0
RT_CPUSTAT sample=225 cpu=cpu0 user=103092 nice=0 system=4349 idle=2474 iowait=0 irq=5928 softirq=71 steal=0
RT_CPUSTAT sample=225 cpu=cpu1 user=193 nice=0 system=667 idle=80032 iowait=0 irq=25945 softirq=24 steal=0
RT_CPUSTAT sample=226 cpu=cpu0 user=103569 nice=0 system=4349 idle=2474 iowait=0 irq=5954 softirq=72 steal=0
RT_CPUSTAT sample=226 cpu=cpu1 user=193 nice=0 system=670 idle=80379 iowait=0 irq=26057 softirq=24 steal=0
RT_CPUSTAT sample=227 cpu=cpu0 user=104042 nice=0 system=4353 idle=2474 iowait=0 irq=5981 softirq=72 steal=0
RT_CPUSTAT sample=227 cpu=cpu1 user=193 nice=0 system=673 idle=80719 iowait=0 irq=26172 softirq=24 steal=0
RT_CPUSTAT sample=228 cpu=cpu0 user=104510 nice=0 system=4362 idle=2474 iowait=0 irq=6007 softirq=72 steal=0
RT_CPUSTAT sample=228 cpu=cpu1 user=194 nice=0 system=676 idle=81062 iowait=0 irq=26285 softirq=24 steal=0
RT_CPUSTAT sample=229 cpu=cpu0 user=104985 nice=0 system=4365 idle=2474 iowait=0 irq=6033 softirq=73 steal=0
RT_CPUSTAT sample=229 cpu=cpu1 user=195 nice=0 system=680 idle=81406 iowait=0 irq=26400 softirq=24 steal=0
RT_CPUSTAT sample=230 cpu=cpu0 user=105462 nice=0 system=4365 idle=2474 iowait=0 irq=6059 softirq=73 steal=0
RT_CPUSTAT sample=230 cpu=cpu1 user=197 nice=0 system=683 idle=81751 iowait=0 irq=26513 softirq=25 steal=0
RT_CPUSTAT sample=231 cpu=cpu0 user=105918 nice=0 system=4387 idle=2474 iowait=0 irq=6085 softirq=73 steal=0
RT_CPUSTAT sample=231 cpu=cpu1 user=198 nice=0 system=685 idle=82091 iowait=0 irq=26630 softirq=25 steal=0
RT_CPUSTAT sample=232 cpu=cpu0 user=106377 nice=0 system=4407 idle=2474 iowait=0 irq=6111 softirq=73 steal=0
RT_CPUSTAT sample=232 cpu=cpu1 user=198 nice=0 system=689 idle=82432 iowait=0 irq=26748 softirq=25 steal=0
RT_CPUSTAT sample=233 cpu=cpu0 user=106829 nice=0 system=4432 idle=2474 iowait=0 irq=6137 softirq=74 steal=0
RT_CPUSTAT sample=233 cpu=cpu1 user=199 nice=0 system=693 idle=82771 iowait=0 irq=26865 softirq=25 steal=0
RT_CPUSTAT sample=234 cpu=cpu0 user=107296 nice=0 system=4444 idle=2474 iowait=0 irq=6163 softirq=74 steal=0
RT_CPUSTAT sample=234 cpu=cpu1 user=200 nice=0 system=695 idle=83113 iowait=0 irq=26981 softirq=25 steal=0
RT_CPUSTAT sample=235 cpu=cpu0 user=107758 nice=0 system=4459 idle=2474 iowait=0 irq=6190 softirq=74 steal=0
RT_CPUSTAT sample=235 cpu=cpu1 user=200 nice=0 system=700 idle=83455 iowait=0 irq=27096 softirq=25 steal=0
RT_CPUSTAT sample=236 cpu=cpu0 user=108193 nice=0 system=4502 idle=2474 iowait=0 irq=6217 softirq=75 steal=0
RT_CPUSTAT sample=236 cpu=cpu1 user=201 nice=0 system=705 idle=83799 iowait=0 irq=27211 softirq=25 steal=0
RT_CPUSTAT sample=237 cpu=cpu0 user=108621 nice=0 system=4552 idle=2474 iowait=0 irq=6243 softirq=75 steal=0
RT_CPUSTAT sample=237 cpu=cpu1 user=202 nice=0 system=707 idle=84142 iowait=0 irq=27326 softirq=25 steal=0
RT_CPUSTAT sample=238 cpu=cpu0 user=109091 nice=0 system=4560 idle=2474 iowait=0 irq=6270 softirq=75 steal=0
RT_CPUSTAT sample=238 cpu=cpu1 user=203 nice=0 system=709 idle=84484 iowait=0 irq=27441 softirq=26 steal=0
RT_CPUSTAT sample=239 cpu=cpu0 user=109542 nice=0 system=4586 idle=2474 iowait=0 irq=6297 softirq=76 steal=0
RT_CPUSTAT sample=239 cpu=cpu1 user=204 nice=0 system=713 idle=84825 iowait=0 irq=27558 softirq=26 steal=0
RT_CPUSTAT sample=240 cpu=cpu0 user=110005 nice=0 system=4601 idle=2474 iowait=0 irq=6323 softirq=76 steal=0
RT_CPUSTAT sample=240 cpu=cpu1 user=204 nice=0 system=716 idle=85165 iowait=0 irq=27676 softirq=26 steal=0
RT_CPUSTAT sample=241 cpu=cpu0 user=110477 nice=0 system=4607 idle=2474 iowait=0 irq=6348 softirq=76 steal=0
RT_CPUSTAT sample=241 cpu=cpu1 user=206 nice=0 system=721 idle=85503 iowait=0 irq=27795 softirq=26 steal=0
RT_CPUSTAT sample=242 cpu=cpu0 user=110954 nice=0 system=4607 idle=2474 iowait=0 irq=6375 softirq=77 steal=0
RT_CPUSTAT sample=242 cpu=cpu1 user=207 nice=0 system=723 idle=85849 iowait=0 irq=27907 softirq=26 steal=0
RT_CPUSTAT sample=243 cpu=cpu0 user=111424 nice=0 system=4616 idle=2474 iowait=0 irq=6401 softirq=77 steal=0
RT_CPUSTAT sample=243 cpu=cpu1 user=208 nice=0 system=726 idle=86194 iowait=0 irq=28022 softirq=26 steal=0
RT_CPUSTAT sample=244 cpu=cpu0 user=111893 nice=0 system=4624 idle=2474 iowait=0 irq=6427 softirq=77 steal=0
RT_CPUSTAT sample=244 cpu=cpu1 user=209 nice=0 system=728 idle=86538 iowait=0 irq=28135 softirq=26 steal=0
RT_CPUSTAT sample=245 cpu=cpu0 user=112370 nice=0 system=4625 idle=2474 iowait=0 irq=6454 softirq=78 steal=0
RT_CPUSTAT sample=245 cpu=cpu1 user=210 nice=0 system=730 idle=86879 iowait=0 irq=28251 softirq=26 steal=0
RT_CPUSTAT sample=246 cpu=cpu0 user=112848 nice=0 system=4625 idle=2474 iowait=0 irq=6480 softirq=78 steal=0
RT_CPUSTAT sample=246 cpu=cpu1 user=210 nice=0 system=732 idle=87222 iowait=0 irq=28366 softirq=26 steal=0
RT_CPUSTAT sample=247 cpu=cpu0 user=113291 nice=0 system=4660 idle=2474 iowait=0 irq=6507 softirq=78 steal=0
RT_CPUSTAT sample=247 cpu=cpu1 user=211 nice=0 system=734 idle=87569 iowait=0 irq=28478 softirq=27 steal=0
RT_CPUSTAT sample=248 cpu=cpu0 user=113755 nice=0 system=4675 idle=2474 iowait=0 irq=6533 softirq=79 steal=0
RT_CPUSTAT sample=248 cpu=cpu1 user=212 nice=0 system=739 idle=87914 iowait=0 irq=28590 softirq=27 steal=0
RT_CPUSTAT sample=249 cpu=cpu0 user=114204 nice=0 system=4702 idle=2474 iowait=0 irq=6559 softirq=79 steal=0
RT_CPUSTAT sample=249 cpu=cpu1 user=213 nice=0 system=741 idle=88256 iowait=0 irq=28706 softirq=27 steal=0
RT_CPUSTAT sample=250 cpu=cpu0 user=114679 nice=0 system=4706 idle=2474 iowait=0 irq=6585 softirq=79 steal=0
RT_CPUSTAT sample=250 cpu=cpu1 user=214 nice=0 system=745 idle=88600 iowait=0 irq=28821 softirq=27 steal=0
RT_CPUSTAT sample=251 cpu=cpu0 user=115137 nice=0 system=4726 idle=2474 iowait=0 irq=6611 softirq=80 steal=0
RT_CPUSTAT sample=251 cpu=cpu1 user=215 nice=0 system=748 idle=88943 iowait=0 irq=28936 softirq=27 steal=0
RT_CPUSTAT sample=252 cpu=cpu0 user=115583 nice=0 system=4756 idle=2474 iowait=0 irq=6637 softirq=80 steal=0
RT_CPUSTAT sample=252 cpu=cpu1 user=216 nice=0 system=751 idle=89287 iowait=0 irq=29049 softirq=27 steal=0
RT_CPUSTAT sample=253 cpu=cpu0 user=116033 nice=0 system=4783 idle=2474 iowait=0 irq=6663 softirq=80 steal=0
RT_CPUSTAT sample=253 cpu=cpu1 user=216 nice=0 system=754 idle=89631 iowait=0 irq=29162 softirq=27 steal=0
RT_CPUSTAT sample=254 cpu=cpu0 user=116490 nice=0 system=4805 idle=2474 iowait=0 irq=6689 softirq=81 steal=0
RT_CPUSTAT sample=254 cpu=cpu1 user=218 nice=0 system=757 idle=89974 iowait=0 irq=29278 softirq=27 steal=0
RT_CPUSTAT sample=255 cpu=cpu0 user=116949 nice=0 system=4824 idle=2474 iowait=0 irq=6716 softirq=81 steal=0
RT_CPUSTAT sample=255 cpu=cpu1 user=218 nice=0 system=758 idle=90315 iowait=0 irq=29394 softirq=28 steal=0
RT_CPUSTAT sample=256 cpu=cpu0 user=117407 nice=0 system=4842 idle=2474 iowait=0 irq=6742 softirq=81 steal=0
RT_CPUSTAT sample=256 cpu=cpu1 user=219 nice=0 system=760 idle=90657 iowait=0 irq=29510 softirq=28 steal=0
RT_CPUSTAT sample=257 cpu=cpu0 user=117883 nice=0 system=4843 idle=2474 iowait=0 irq=6768 softirq=81 steal=0
RT_CPUSTAT sample=257 cpu=cpu1 user=220 nice=0 system=763 idle=90998 iowait=0 irq=29625 softirq=28 steal=0
RT_CPUSTAT sample=258 cpu=cpu0 user=118361 nice=0 system=4844 idle=2474 iowait=0 irq=6794 softirq=82 steal=0
RT_CPUSTAT sample=258 cpu=cpu1 user=222 nice=0 system=766 idle=91336 iowait=0 irq=29745 softirq=28 steal=0
RT_CPUSTAT sample=259 cpu=cpu0 user=118824 nice=0 system=4858 idle=2474 iowait=0 irq=6821 softirq=82 steal=0
RT_CPUSTAT sample=259 cpu=cpu1 user=223 nice=0 system=769 idle=91676 iowait=0 irq=29863 softirq=28 steal=0
RT_CPUSTAT sample=260 cpu=cpu0 user=119285 nice=0 system=4874 idle=2474 iowait=0 irq=6846 softirq=82 steal=0
RT_CPUSTAT sample=260 cpu=cpu1 user=224 nice=0 system=772 idle=92018 iowait=0 irq=29978 softirq=28 steal=0
RT_CPUSTAT sample=261 cpu=cpu0 user=119762 nice=0 system=4877 idle=2474 iowait=0 irq=6872 softirq=83 steal=0
RT_CPUSTAT sample=261 cpu=cpu1 user=224 nice=0 system=774 idle=92362 iowait=0 irq=30093 softirq=28 steal=0
RT_CPUSTAT sample=262 cpu=cpu0 user=120231 nice=0 system=4885 idle=2474 iowait=0 irq=6898 softirq=83 steal=0
RT_CPUSTAT sample=262 cpu=cpu1 user=226 nice=0 system=776 idle=92705 iowait=0 irq=30207 softirq=28 steal=0
RT_CPUSTAT sample=263 cpu=cpu0 user=120680 nice=0 system=4914 idle=2474 iowait=0 irq=6925 softirq=83 steal=0
RT_CPUSTAT sample=263 cpu=cpu1 user=228 nice=0 system=779 idle=93047 iowait=0 irq=30323 softirq=28 steal=0
RT_CPUSTAT sample=264 cpu=cpu0 user=121126 nice=0 system=4947 idle=2474 iowait=0 irq=6951 softirq=84 steal=0
RT_CPUSTAT sample=264 cpu=cpu1 user=228 nice=0 system=782 idle=93394 iowait=0 irq=30435 softirq=28 steal=0
RT_CPUSTAT sample=265 cpu=cpu0 user=121580 nice=0 system=4970 idle=2474 iowait=0 irq=6977 softirq=84 steal=0
RT_CPUSTAT sample=265 cpu=cpu1 user=229 nice=0 system=784 idle=93734 iowait=0 irq=30551 softirq=29 steal=0
RT_CPUSTAT sample=266 cpu=cpu0 user=122050 nice=0 system=4978 idle=2474 iowait=0 irq=7004 softirq=84 steal=0
RT_CPUSTAT sample=266 cpu=cpu1 user=229 nice=0 system=788 idle=94074 iowait=0 irq=30668 softirq=29 steal=0
RT_CPUSTAT sample=267 cpu=cpu0 user=122507 nice=0 system=4998 idle=2474 iowait=0 irq=7030 softirq=85 steal=0
RT_CPUSTAT sample=267 cpu=cpu1 user=230 nice=0 system=790 idle=94417 iowait=0 irq=30783 softirq=29 steal=0
RT_CPUSTAT sample=268 cpu=cpu0 user=122932 nice=0 system=5052 idle=2474 iowait=0 irq=7056 softirq=85 steal=0
RT_CPUSTAT sample=268 cpu=cpu1 user=231 nice=0 system=791 idle=94759 iowait=0 irq=30898 softirq=29 steal=0
RT_CPUSTAT sample=269 cpu=cpu0 user=123395 nice=0 system=5066 idle=2474 iowait=0 irq=7082 softirq=85 steal=0
RT_CPUSTAT sample=269 cpu=cpu1 user=231 nice=0 system=794 idle=95100 iowait=0 irq=31014 softirq=29 steal=0
RT_CPUSTAT sample=270 cpu=cpu0 user=123837 nice=0 system=5102 idle=2474 iowait=0 irq=7109 softirq=85 steal=0
RT_CPUSTAT sample=270 cpu=cpu1 user=231 nice=0 system=797 idle=95442 iowait=0 irq=31129 softirq=29 steal=0
RT_CPUSTAT sample=271 cpu=cpu0 user=124292 nice=0 system=5125 idle=2474 iowait=0 irq=7136 softirq=86 steal=0
RT_CPUSTAT sample=271 cpu=cpu1 user=233 nice=0 system=802 idle=95785 iowait=0 irq=31242 softirq=29 steal=0
RT_CPUSTAT sample=272 cpu=cpu0 user=124758 nice=0 system=5136 idle=2474 iowait=0 irq=7162 softirq=86 steal=0
RT_CPUSTAT sample=272 cpu=cpu1 user=234 nice=0 system=805 idle=96126 iowait=0 irq=31359 softirq=29 steal=0
RT_CPUSTAT sample=273 cpu=cpu0 user=125236 nice=0 system=5137 idle=2474 iowait=0 irq=7188 softirq=86 steal=0
RT_CPUSTAT sample=273 cpu=cpu1 user=235 nice=0 system=806 idle=96468 iowait=0 irq=31475 softirq=30 steal=0
RT_CPUSTAT sample=274 cpu=cpu0 user=125709 nice=0 system=5141 idle=2474 iowait=0 irq=7216 softirq=87 steal=0
RT_CPUSTAT sample=274 cpu=cpu1 user=237 nice=0 system=810 idle=96809 iowait=0 irq=31591 softirq=30 steal=0
RT_CPUSTAT sample=275 cpu=cpu0 user=126161 nice=0 system=5167 idle=2474 iowait=0 irq=7242 softirq=87 steal=0
RT_CPUSTAT sample=275 cpu=cpu1 user=238 nice=0 system=811 idle=97150 iowait=0 irq=31708 softirq=30 steal=0
RT_CPUSTAT sample=276 cpu=cpu0 user=126636 nice=0 system=5170 idle=2474 iowait=0 irq=7268 softirq=87 steal=0
RT_CPUSTAT sample=276 cpu=cpu1 user=239 nice=0 system=813 idle=97493 iowait=0 irq=31823 softirq=30 steal=0
RT_CPUSTAT sample=277 cpu=cpu0 user=127112 nice=0 system=5171 idle=2474 iowait=0 irq=7294 softirq=88 steal=0
RT_CPUSTAT sample=277 cpu=cpu1 user=239 nice=0 system=814 idle=97837 iowait=0 irq=31938 softirq=30 steal=0
RT_CPUSTAT sample=278 cpu=cpu0 user=127568 nice=0 system=5192 idle=2474 iowait=0 irq=7320 softirq=88 steal=0
RT_CPUSTAT sample=278 cpu=cpu1 user=240 nice=0 system=816 idle=98178 iowait=0 irq=32052 softirq=30 steal=0
RT_CPUSTAT sample=279 cpu=cpu0 user=128022 nice=0 system=5217 idle=2474 iowait=0 irq=7346 softirq=88 steal=0
RT_CPUSTAT sample=279 cpu=cpu1 user=240 nice=0 system=820 idle=98522 iowait=0 irq=32167 softirq=30 steal=0
RT_CPUSTAT sample=280 cpu=cpu0 user=128474 nice=0 system=5242 idle=2474 iowait=0 irq=7373 softirq=89 steal=0
RT_CPUSTAT sample=280 cpu=cpu1 user=243 nice=0 system=822 idle=98862 iowait=0 irq=32283 softirq=30 steal=0
RT_CPUSTAT sample=281 cpu=cpu0 user=128932 nice=0 system=5262 idle=2474 iowait=0 irq=7399 softirq=89 steal=0
RT_CPUSTAT sample=281 cpu=cpu1 user=243 nice=0 system=824 idle=99204 iowait=0 irq=32399 softirq=30 steal=0
RT_CPUSTAT sample=282 cpu=cpu0 user=129401 nice=0 system=5270 idle=2474 iowait=0 irq=7426 softirq=89 steal=0
RT_CPUSTAT sample=282 cpu=cpu1 user=244 nice=0 system=826 idle=99543 iowait=0 irq=32516 softirq=31 steal=0
RT_CPUSTAT sample=283 cpu=cpu0 user=129853 nice=0 system=5297 idle=2474 iowait=0 irq=7451 softirq=90 steal=0
RT_CPUSTAT sample=283 cpu=cpu1 user=246 nice=0 system=830 idle=99886 iowait=0 irq=32631 softirq=31 steal=0
RT_CPUSTAT sample=284 cpu=cpu0 user=130280 nice=0 system=5348 idle=2474 iowait=0 irq=7477 softirq=90 steal=0
RT_CPUSTAT sample=284 cpu=cpu1 user=246 nice=0 system=832 idle=100232 iowait=0 irq=32744 softirq=31 steal=0
RT_CPUSTAT sample=285 cpu=cpu0 user=130750 nice=0 system=5356 idle=2474 iowait=0 irq=7503 softirq=90 steal=0
RT_CPUSTAT sample=285 cpu=cpu1 user=248 nice=0 system=837 idle=100574 iowait=0 irq=32859 softirq=31 steal=0
RT_CPUSTAT sample=286 cpu=cpu0 user=131184 nice=0 system=5399 idle=2474 iowait=0 irq=7529 softirq=90 steal=0
RT_CPUSTAT sample=286 cpu=cpu1 user=249 nice=0 system=841 idle=100916 iowait=0 irq=32974 softirq=31 steal=0
RT_CPUSTAT sample=287 cpu=cpu0 user=131638 nice=0 system=5422 idle=2474 iowait=0 irq=7555 softirq=91 steal=0
RT_CPUSTAT sample=287 cpu=cpu1 user=249 nice=0 system=846 idle=101255 iowait=0 irq=33091 softirq=31 steal=0
RT_CPUSTAT sample=288 cpu=cpu0 user=132111 nice=0 system=5426 idle=2474 iowait=0 irq=7583 softirq=91 steal=0
RT_CPUSTAT sample=288 cpu=cpu1 user=249 nice=0 system=847 idle=101596 iowait=0 irq=33208 softirq=31 steal=0
RT_CPUSTAT sample=289 cpu=cpu0 user=132585 nice=0 system=5427 idle=2474 iowait=0 irq=7609 softirq=91 steal=0
RT_CPUSTAT sample=289 cpu=cpu1 user=250 nice=0 system=849 idle=101937 iowait=0 irq=33322 softirq=31 steal=0
RT_CPUSTAT sample=290 cpu=cpu0 user=133054 nice=0 system=5438 idle=2474 iowait=0 irq=7635 softirq=92 steal=0
RT_CPUSTAT sample=290 cpu=cpu1 user=250 nice=0 system=853 idle=102282 iowait=0 irq=33436 softirq=31 steal=0
RT_CPUSTAT sample=291 cpu=cpu0 user=133523 nice=0 system=5444 idle=2474 iowait=0 irq=7661 softirq=92 steal=0
RT_CPUSTAT sample=291 cpu=cpu1 user=251 nice=0 system=856 idle=102621 iowait=0 irq=33553 softirq=32 steal=0
RT_CPUSTAT sample=292 cpu=cpu0 user=134000 nice=0 system=5446 idle=2474 iowait=0 irq=7687 softirq=92 steal=0
RT_CPUSTAT sample=292 cpu=cpu1 user=252 nice=0 system=860 idle=102961 iowait=0 irq=33669 softirq=32 steal=0
RT_CPUSTAT sample=293 cpu=cpu0 user=134478 nice=0 system=5447 idle=2474 iowait=0 irq=7714 softirq=93 steal=0
RT_CPUSTAT sample=293 cpu=cpu1 user=252 nice=0 system=863 idle=103308 iowait=0 irq=33782 softirq=32 steal=0
RT_CPUSTAT sample=294 cpu=cpu0 user=134916 nice=0 system=5487 idle=2474 iowait=0 irq=7740 softirq=93 steal=0
RT_CPUSTAT sample=294 cpu=cpu1 user=253 nice=0 system=867 idle=103647 iowait=0 irq=33900 softirq=32 steal=0
RT_CPUSTAT sample=295 cpu=cpu0 user=135374 nice=0 system=5505 idle=2474 iowait=0 irq=7767 softirq=93 steal=0
RT_CPUSTAT sample=295 cpu=cpu1 user=253 nice=0 system=869 idle=103989 iowait=0 irq=34016 softirq=32 steal=0
RT_CPUSTAT sample=296 cpu=cpu0 user=135836 nice=0 system=5519 idle=2474 iowait=0 irq=7793 softirq=94 steal=0
RT_CPUSTAT sample=296 cpu=cpu1 user=254 nice=0 system=871 idle=104329 iowait=0 irq=34132 softirq=32 steal=0
RT_CPUSTAT sample=297 cpu=cpu0 user=136304 nice=0 system=5530 idle=2474 iowait=0 irq=7819 softirq=94 steal=0
RT_CPUSTAT sample=297 cpu=cpu1 user=254 nice=0 system=877 idle=104674 iowait=0 irq=34247 softirq=32 steal=0
RT_CPUSTAT sample=298 cpu=cpu0 user=136757 nice=0 system=5555 idle=2474 iowait=0 irq=7845 softirq=94 steal=0
RT_CPUSTAT sample=298 cpu=cpu1 user=256 nice=0 system=880 idle=105019 iowait=0 irq=34359 softirq=32 steal=0
RT_CPUSTAT sample=299 cpu=cpu0 user=137188 nice=0 system=5600 idle=2474 iowait=0 irq=7871 softirq=95 steal=0
RT_CPUSTAT sample=299 cpu=cpu1 user=257 nice=0 system=883 idle=105361 iowait=0 irq=34473 softirq=33 steal=0
RT_CPUSTAT sample=300 cpu=cpu0 user=137632 nice=0 system=5634 idle=2474 iowait=0 irq=7899 softirq=95 steal=0
RT_CPUSTAT sample=300 cpu=cpu1 user=257 nice=0 system=885 idle=105705 iowait=0 irq=34586 softirq=33 steal=0
RT_CPUSTAT sample=301 cpu=cpu0 user=138095 nice=0 system=5646 idle=2474 iowait=0 irq=7926 softirq=95 steal=0
RT_CPUSTAT sample=301 cpu=cpu1 user=258 nice=0 system=888 idle=106046 iowait=0 irq=34701 softirq=33 steal=0
RT_CPUSTAT sample=302 cpu=cpu0 user=138536 nice=0 system=5683 idle=2474 iowait=0 irq=7952 softirq=96 steal=0
RT_CPUSTAT sample=302 cpu=cpu1 user=259 nice=0 system=891 idle=106385 iowait=0 irq=34818 softirq=33 steal=0
RT_CPUSTAT sample=303 cpu=cpu0 user=138994 nice=0 system=5702 idle=2474 iowait=0 irq=7979 softirq=96 steal=0
RT_CPUSTAT sample=303 cpu=cpu1 user=261 nice=0 system=893 idle=106725 iowait=0 irq=34936 softirq=33 steal=0
RT_CPUSTAT sample=304 cpu=cpu0 user=139465 nice=0 system=5710 idle=2474 iowait=0 irq=8005 softirq=96 steal=0
RT_CPUSTAT sample=304 cpu=cpu1 user=261 nice=0 system=895 idle=107066 iowait=0 irq=35053 softirq=33 steal=0
RT_CPUSTAT sample=305 cpu=cpu0 user=139941 nice=0 system=5710 idle=2474 iowait=0 irq=8031 softirq=97 steal=0
RT_CPUSTAT sample=305 cpu=cpu1 user=262 nice=0 system=900 idle=107407 iowait=0 irq=35170 softirq=33 steal=0
RT_CPUSTAT sample=306 cpu=cpu0 user=140402 nice=0 system=5728 idle=2474 iowait=0 irq=8057 softirq=97 steal=0
RT_CPUSTAT sample=306 cpu=cpu1 user=263 nice=0 system=902 idle=107750 iowait=0 irq=35286 softirq=33 steal=0
RT_CPUSTAT sample=307 cpu=cpu0 user=140869 nice=0 system=5739 idle=2474 iowait=0 irq=8083 softirq=97 steal=0
RT_CPUSTAT sample=307 cpu=cpu1 user=264 nice=0 system=905 idle=108093 iowait=0 irq=35400 softirq=33 steal=0
RT_CPUSTAT sample=308 cpu=cpu0 user=141344 nice=0 system=5741 idle=2474 iowait=0 irq=8109 softirq=97 steal=0
RT_CPUSTAT sample=308 cpu=cpu1 user=264 nice=0 system=907 idle=108437 iowait=0 irq=35516 softirq=34 steal=0
RT_CPUSTAT sample=309 cpu=cpu0 user=141823 nice=0 system=5742 idle=2474 iowait=0 irq=8135 softirq=98 steal=0
RT_CPUSTAT sample=309 cpu=cpu1 user=265 nice=0 system=910 idle=108782 iowait=0 irq=35630 softirq=34 steal=0
RT_CPUSTAT sample=310 cpu=cpu0 user=142261 nice=0 system=5779 idle=2474 iowait=0 irq=8161 softirq=98 steal=0
RT_CPUSTAT sample=310 cpu=cpu1 user=266 nice=0 system=914 idle=109122 iowait=0 irq=35745 softirq=34 steal=0
RT_CPUSTAT sample=311 cpu=cpu0 user=142697 nice=0 system=5820 idle=2474 iowait=0 irq=8187 softirq=98 steal=0
RT_CPUSTAT sample=311 cpu=cpu1 user=267 nice=0 system=918 idle=109461 iowait=0 irq=35862 softirq=34 steal=0
RT_CPUSTAT sample=312 cpu=cpu0 user=143149 nice=0 system=5846 idle=2474 iowait=0 irq=8213 softirq=99 steal=0
RT_CPUSTAT sample=312 cpu=cpu1 user=268 nice=0 system=921 idle=109802 iowait=0 irq=35978 softirq=34 steal=0
RT_CPUSTAT sample=313 cpu=cpu0 user=143611 nice=0 system=5861 idle=2474 iowait=0 irq=8240 softirq=99 steal=0
RT_CPUSTAT sample=313 cpu=cpu1 user=269 nice=0 system=925 idle=110148 iowait=0 irq=36090 softirq=34 steal=0
RT_CPUSTAT sample=314 cpu=cpu0 user=144063 nice=0 system=5887 idle=2474 iowait=0 irq=8266 softirq=99 steal=0
RT_CPUSTAT sample=314 cpu=cpu1 user=270 nice=0 system=926 idle=110488 iowait=0 irq=36207 softirq=34 steal=0
RT_CPUSTAT sample=315 cpu=cpu0 user=144501 nice=0 system=5927 idle=2474 iowait=0 irq=8292 softirq=100 steal=0
RT_CPUSTAT sample=315 cpu=cpu1 user=271 nice=0 system=930 idle=110831 iowait=0 irq=36322 softirq=34 steal=0
RT_CPUSTAT sample=316 cpu=cpu0 user=144929 nice=0 system=5978 idle=2474 iowait=0 irq=8318 softirq=100 steal=0
RT_CPUSTAT sample=316 cpu=cpu1 user=272 nice=0 system=933 idle=111172 iowait=0 irq=36438 softirq=35 steal=0
RT_CPUSTAT sample=317 cpu=cpu0 user=145401 nice=0 system=5983 idle=2474 iowait=0 irq=8345 softirq=100 steal=0
RT_CPUSTAT sample=317 cpu=cpu1 user=273 nice=0 system=936 idle=111514 iowait=0 irq=36554 softirq=35 steal=0
RT_CPUSTAT sample=318 cpu=cpu0 user=145842 nice=0 system=6020 idle=2474 iowait=0 irq=8371 softirq=101 steal=0
RT_CPUSTAT sample=318 cpu=cpu1 user=274 nice=0 system=939 idle=111858 iowait=0 irq=36669 softirq=35 steal=0
RT_CPUSTAT sample=319 cpu=cpu0 user=146302 nice=0 system=6038 idle=2474 iowait=0 irq=8397 softirq=101 steal=0
RT_CPUSTAT sample=319 cpu=cpu1 user=276 nice=0 system=942 idle=112198 iowait=0 irq=36785 softirq=35 steal=0
RT_CPUSTAT sample=320 cpu=cpu0 user=146777 nice=0 system=6042 idle=2474 iowait=0 irq=8423 softirq=101 steal=0
RT_CPUSTAT sample=320 cpu=cpu1 user=277 nice=0 system=946 idle=112542 iowait=0 irq=36901 softirq=35 steal=0
RT_CPUSTAT sample=321 cpu=cpu0 user=147256 nice=0 system=6042 idle=2474 iowait=0 irq=8449 softirq=101 steal=0
RT_CPUSTAT sample=321 cpu=cpu1 user=277 nice=0 system=951 idle=112884 iowait=0 irq=37017 softirq=35 steal=0
RT_CPUSTAT sample=322 cpu=cpu0 user=147721 nice=0 system=6052 idle=2474 iowait=0 irq=8475 softirq=102 steal=0
RT_CPUSTAT sample=322 cpu=cpu1 user=278 nice=0 system=953 idle=113227 iowait=0 irq=37132 softirq=35 steal=0
RT_CPUSTAT sample=323 cpu=cpu0 user=148194 nice=0 system=6058 idle=2474 iowait=0 irq=8501 softirq=102 steal=0
RT_CPUSTAT sample=323 cpu=cpu1 user=279 nice=0 system=956 idle=113570 iowait=0 irq=37247 softirq=35 steal=0
RT_CPUSTAT sample=324 cpu=cpu0 user=148671 nice=0 system=6059 idle=2474 iowait=0 irq=8528 softirq=102 steal=0
RT_CPUSTAT sample=324 cpu=cpu1 user=280 nice=0 system=959 idle=113913 iowait=0 irq=37363 softirq=35 steal=0
RT_CPUSTAT sample=325 cpu=cpu0 user=149148 nice=0 system=6059 idle=2474 iowait=0 irq=8555 softirq=103 steal=0
RT_CPUSTAT sample=325 cpu=cpu1 user=280 nice=0 system=964 idle=114255 iowait=0 irq=37479 softirq=35 steal=0
RT_CPUSTAT sample=326 cpu=cpu0 user=149589 nice=0 system=6095 idle=2474 iowait=0 irq=8581 softirq=103 steal=0
RT_CPUSTAT sample=326 cpu=cpu1 user=281 nice=0 system=966 idle=114597 iowait=0 irq=37596 softirq=36 steal=0
RT_CPUSTAT sample=327 cpu=cpu0 user=150053 nice=0 system=6110 idle=2474 iowait=0 irq=8607 softirq=103 steal=0
RT_CPUSTAT sample=327 cpu=cpu1 user=282 nice=0 system=968 idle=114941 iowait=0 irq=37711 softirq=36 steal=0
RT_CPUSTAT sample=328 cpu=cpu0 user=150500 nice=0 system=6139 idle=2474 iowait=0 irq=8633 softirq=104 steal=0
RT_CPUSTAT sample=328 cpu=cpu1 user=283 nice=0 system=971 idle=115281 iowait=0 irq=37826 softirq=36 steal=0
RT_CPUSTAT sample=329 cpu=cpu0 user=150969 nice=0 system=6149 idle=2474 iowait=0 irq=8659 softirq=104 steal=0
RT_CPUSTAT sample=329 cpu=cpu1 user=284 nice=0 system=974 idle=115626 iowait=0 irq=37940 softirq=36 steal=0
RT_CPUSTAT sample=330 cpu=cpu0 user=151427 nice=0 system=6168 idle=2474 iowait=0 irq=8685 softirq=104 steal=0
RT_CPUSTAT sample=330 cpu=cpu1 user=285 nice=0 system=979 idle=115968 iowait=0 irq=38055 softirq=36 steal=0
RT_CPUSTAT sample=331 cpu=cpu0 user=151856 nice=0 system=6215 idle=2474 iowait=0 irq=8711 softirq=104 steal=0
RT_CPUSTAT sample=331 cpu=cpu1 user=285 nice=0 system=982 idle=116309 iowait=0 irq=38168 softirq=36 steal=0
RT_CPUSTAT sample=332 cpu=cpu0 user=152308 nice=0 system=6240 idle=2474 iowait=0 irq=8738 softirq=105 steal=0
RT_CPUSTAT sample=332 cpu=cpu1 user=286 nice=0 system=986 idle=116652 iowait=0 irq=38283 softirq=36 steal=0
RT_CPUSTAT sample=333 cpu=cpu0 user=152765 nice=0 system=6260 idle=2474 iowait=0 irq=8764 softirq=105 steal=0
RT_CPUSTAT sample=333 cpu=cpu1 user=287 nice=0 system=991 idle=116993 iowait=0 irq=38399 softirq=36 steal=0
RT_CPUSTAT sample=334 cpu=cpu0 user=153215 nice=0 system=6286 idle=2474 iowait=0 irq=8791 softirq=105 steal=0
RT_CPUSTAT sample=334 cpu=cpu1 user=288 nice=0 system=995 idle=117338 iowait=0 irq=38511 softirq=36 steal=0
RT_CPUSTAT sample=335 cpu=cpu0 user=153665 nice=0 system=6314 idle=2474 iowait=0 irq=8818 softirq=106 steal=0
RT_CPUSTAT sample=335 cpu=cpu1 user=288 nice=0 system=997 idle=117679 iowait=0 irq=38626 softirq=37 steal=0
RT_CPUSTAT sample=336 cpu=cpu0 user=154142 nice=0 system=6315 idle=2474 iowait=0 irq=8844 softirq=106 steal=0
RT_CPUSTAT sample=336 cpu=cpu1 user=289 nice=0 system=998 idle=118017 iowait=0 irq=38747 softirq=37 steal=0
RT_CPUSTAT sample=337 cpu=cpu0 user=154620 nice=0 system=6316 idle=2474 iowait=0 irq=8870 softirq=106 steal=0
RT_CPUSTAT sample=337 cpu=cpu1 user=290 nice=0 system=1002 idle=118361 iowait=0 irq=38862 softirq=37 steal=0
RT_CPUSTAT sample=338 cpu=cpu0 user=155092 nice=0 system=6320 idle=2474 iowait=0 irq=8897 softirq=107 steal=0
RT_CPUSTAT sample=338 cpu=cpu1 user=290 nice=0 system=1004 idle=118701 iowait=0 irq=38978 softirq=37 steal=0
RT_CPUSTAT sample=339 cpu=cpu0 user=155565 nice=0 system=6326 idle=2474 iowait=0 irq=8923 softirq=107 steal=0
RT_CPUSTAT sample=339 cpu=cpu1 user=291 nice=0 system=1007 idle=119044 iowait=0 irq=39094 softirq=37 steal=0
RT_CPUSTAT sample=340 cpu=cpu0 user=156042 nice=0 system=6327 idle=2474 iowait=0 irq=8949 softirq=107 steal=0
RT_CPUSTAT sample=340 cpu=cpu1 user=292 nice=0 system=1010 idle=119388 iowait=0 irq=39208 softirq=37 steal=0
RT_CPUSTAT sample=341 cpu=cpu0 user=156511 nice=0 system=6336 idle=2474 iowait=0 irq=8975 softirq=108 steal=0
RT_CPUSTAT sample=341 cpu=cpu1 user=294 nice=0 system=1013 idle=119727 iowait=0 irq=39326 softirq=37 steal=0
RT_CPUSTAT sample=342 cpu=cpu0 user=156964 nice=0 system=6361 idle=2474 iowait=0 irq=9002 softirq=108 steal=0
RT_CPUSTAT sample=342 cpu=cpu1 user=295 nice=0 system=1015 idle=120071 iowait=0 irq=39440 softirq=37 steal=0
RT_CPUSTAT sample=343 cpu=cpu0 user=157428 nice=0 system=6375 idle=2474 iowait=0 irq=9028 softirq=108 steal=0
RT_CPUSTAT sample=343 cpu=cpu1 user=295 nice=0 system=1019 idle=120409 iowait=0 irq=39558 softirq=37 steal=0
RT_CPUSTAT sample=344 cpu=cpu0 user=157895 nice=0 system=6386 idle=2474 iowait=0 irq=9054 softirq=108 steal=0
RT_CPUSTAT sample=344 cpu=cpu1 user=295 nice=0 system=1021 idle=120749 iowait=0 irq=39678 softirq=38 steal=0
RT_CPUSTAT sample=345 cpu=cpu0 user=158364 nice=0 system=6394 idle=2474 iowait=0 irq=9081 softirq=109 steal=0
RT_CPUSTAT sample=345 cpu=cpu1 user=296 nice=0 system=1023 idle=121088 iowait=0 irq=39796 softirq=38 steal=0
RT_CPUSTAT sample=346 cpu=cpu0 user=158824 nice=0 system=6411 idle=2474 iowait=0 irq=9107 softirq=109 steal=0
RT_CPUSTAT sample=346 cpu=cpu1 user=296 nice=0 system=1025 idle=121431 iowait=0 irq=39911 softirq=38 steal=0
RT_CPUSTAT sample=347 cpu=cpu0 user=159251 nice=0 system=6461 idle=2474 iowait=0 irq=9133 softirq=109 steal=0
RT_CPUSTAT sample=347 cpu=cpu1 user=297 nice=0 system=1028 idle=121773 iowait=0 irq=40025 softirq=38 steal=0
RT_CPUSTAT sample=348 cpu=cpu0 user=159712 nice=0 system=6479 idle=2474 iowait=0 irq=9160 softirq=110 steal=0
RT_CPUSTAT sample=348 cpu=cpu1 user=298 nice=0 system=1032 idle=122114 iowait=0 irq=40141 softirq=38 steal=0
RT_CPUSTAT sample=349 cpu=cpu0 user=160165 nice=0 system=6503 idle=2474 iowait=0 irq=9186 softirq=110 steal=0
RT_CPUSTAT sample=349 cpu=cpu1 user=299 nice=0 system=1034 idle=122460 iowait=0 irq=40254 softirq=38 steal=0
RT_CPUSTAT sample=350 cpu=cpu0 user=160625 nice=0 system=6520 idle=2474 iowait=0 irq=9212 softirq=110 steal=0
RT_CPUSTAT sample=350 cpu=cpu1 user=301 nice=0 system=1040 idle=122802 iowait=0 irq=40368 softirq=38 steal=0
RT_CPUSTAT sample=351 cpu=cpu0 user=161085 nice=0 system=6537 idle=2474 iowait=0 irq=9238 softirq=111 steal=0
RT_CPUSTAT sample=351 cpu=cpu1 user=301 nice=0 system=1042 idle=123144 iowait=0 irq=40482 softirq=38 steal=0
RT_CPUSTAT sample=352 cpu=cpu0 user=161561 nice=0 system=6538 idle=2474 iowait=0 irq=9265 softirq=111 steal=0
RT_CPUSTAT sample=352 cpu=cpu1 user=302 nice=0 system=1044 idle=123484 iowait=0 irq=40599 softirq=38 steal=0
RT_CPUSTAT sample=353 cpu=cpu0 user=162035 nice=0 system=6542 idle=2474 iowait=0 irq=9292 softirq=111 steal=0
RT_CPUSTAT sample=353 cpu=cpu1 user=303 nice=0 system=1048 idle=123823 iowait=0 irq=40717 softirq=38 steal=0
RT_CPUSTAT sample=354 cpu=cpu0 user=162508 nice=0 system=6547 idle=2474 iowait=0 irq=9318 softirq=112 steal=0
RT_CPUSTAT sample=354 cpu=cpu1 user=304 nice=0 system=1052 idle=124167 iowait=0 irq=40832 softirq=39 steal=0
RT_CPUSTAT sample=355 cpu=cpu0 user=162983 nice=0 system=6550 idle=2474 iowait=0 irq=9344 softirq=112 steal=0
RT_CPUSTAT sample=355 cpu=cpu1 user=305 nice=0 system=1055 idle=124510 iowait=0 irq=40946 softirq=39 steal=0
RT_CPUSTAT sample=356 cpu=cpu0 user=163458 nice=0 system=6550 idle=2474 iowait=0 irq=9371 softirq=112 steal=0
RT_CPUSTAT sample=356 cpu=cpu1 user=306 nice=0 system=1057 idle=124850 iowait=0 irq=41061 softirq=39 steal=0
RT_CPUSTAT sample=357 cpu=cpu0 user=163913 nice=0 system=6575 idle=2474 iowait=0 irq=9397 softirq=112 steal=0
RT_CPUSTAT sample=357 cpu=cpu1 user=308 nice=0 system=1061 idle=125194 iowait=0 irq=41177 softirq=39 steal=0
RT_CPUSTAT sample=358 cpu=cpu0 user=164370 nice=0 system=6596 idle=2474 iowait=0 irq=9423 softirq=113 steal=0
RT_CPUSTAT sample=358 cpu=cpu1 user=309 nice=0 system=1065 idle=125536 iowait=0 irq=41293 softirq=39 steal=0
RT_CPUSTAT sample=359 cpu=cpu0 user=164807 nice=0 system=6636 idle=2474 iowait=0 irq=9449 softirq=113 steal=0
RT_CPUSTAT sample=359 cpu=cpu1 user=310 nice=0 system=1068 idle=125878 iowait=0 irq=41407 softirq=39 steal=0
RT_CPUSTAT sample=360 cpu=cpu0 user=165265 nice=0 system=6656 idle=2474 iowait=0 irq=9475 softirq=113 steal=0
RT_CPUSTAT sample=360 cpu=cpu1 user=310 nice=0 system=1072 idle=126220 iowait=0 irq=41523 softirq=39 steal=0
RT_CPUSTAT sample=361 cpu=cpu0 user=165727 nice=0 system=6671 idle=2474 iowait=0 irq=9501 softirq=114 steal=0
RT_CPUSTAT sample=361 cpu=cpu1 user=311 nice=0 system=1077 idle=126561 iowait=0 irq=41638 softirq=39 steal=0
RT_CPUSTAT sample=362 cpu=cpu0 user=166178 nice=0 system=6698 idle=2474 iowait=0 irq=9528 softirq=114 steal=0
RT_CPUSTAT sample=362 cpu=cpu1 user=312 nice=0 system=1080 idle=126901 iowait=0 irq=41755 softirq=39 steal=0
RT_CPUSTAT sample=363 cpu=cpu0 user=166617 nice=0 system=6738 idle=2474 iowait=0 irq=9554 softirq=114 steal=0
RT_CPUSTAT sample=363 cpu=cpu1 user=313 nice=0 system=1082 idle=127241 iowait=0 irq=41873 softirq=40 steal=0
RT_CPUSTAT sample=364 cpu=cpu0 user=167087 nice=0 system=6746 idle=2474 iowait=0 irq=9580 softirq=115 steal=0
RT_CPUSTAT sample=364 cpu=cpu1 user=313 nice=0 system=1085 idle=127581 iowait=0 irq=41990 softirq=40 steal=0
RT_CPUSTAT sample=365 cpu=cpu0 user=167539 nice=0 system=6771 idle=2474 iowait=0 irq=9607 softirq=115 steal=0
RT_CPUSTAT sample=365 cpu=cpu1 user=314 nice=0 system=1089 idle=127919 iowait=0 irq=42109 softirq=40 steal=0
RT_CPUSTAT sample=366 cpu=cpu0 user=167998 nice=0 system=6789 idle=2474 iowait=0 irq=9634 softirq=115 steal=0
RT_CPUSTAT sample=366 cpu=cpu1 user=315 nice=0 system=1091 idle=128258 iowait=0 irq=42225 softirq=40 steal=0
RT_CPUSTAT sample=367 cpu=cpu0 user=168470 nice=0 system=6795 idle=2474 iowait=0 irq=9660 softirq=116 steal=0
RT_CPUSTAT sample=367 cpu=cpu1 user=316 nice=0 system=1093 idle=128598 iowait=0 irq=42343 softirq=40 steal=0
RT_CPUSTAT sample=368 cpu=cpu0 user=168948 nice=0 system=6796 idle=2474 iowait=0 irq=9687 softirq=116 steal=0
RT_CPUSTAT sample=368 cpu=cpu1 user=317 nice=0 system=1096 idle=128939 iowait=0 irq=42461 softirq=40 steal=0
RT_CPUSTAT sample=369 cpu=cpu0 user=169416 nice=0 system=6804 idle=2474 iowait=0 irq=9712 softirq=116 steal=0
RT_CPUSTAT sample=369 cpu=cpu1 user=319 nice=0 system=1098 idle=129281 iowait=0 irq=42575 softirq=40 steal=0
RT_CPUSTAT sample=370 cpu=cpu0 user=169890 nice=0 system=6810 idle=2474 iowait=0 irq=9739 softirq=116 steal=0
RT_CPUSTAT sample=370 cpu=cpu1 user=320 nice=0 system=1102 idle=129627 iowait=0 irq=42688 softirq=40 steal=0
RT_CPUSTAT sample=371 cpu=cpu0 user=170365 nice=0 system=6812 idle=2474 iowait=0 irq=9765 softirq=117 steal=0
RT_CPUSTAT sample=371 cpu=cpu1 user=320 nice=0 system=1105 idle=129974 iowait=0 irq=42799 softirq=40 steal=0
RT_CPUSTAT sample=372 cpu=cpu0 user=170842 nice=0 system=6813 idle=2474 iowait=0 irq=9790 softirq=117 steal=0
RT_CPUSTAT sample=372 cpu=cpu1 user=321 nice=0 system=1108 idle=130318 iowait=0 irq=42912 softirq=40 steal=0
RT_CPUSTAT sample=373 cpu=cpu0 user=171281 nice=0 system=6851 idle=2474 iowait=0 irq=9817 softirq=117 steal=0
RT_CPUSTAT sample=373 cpu=cpu1 user=322 nice=0 system=1110 idle=130658 iowait=0 irq=43030 softirq=41 steal=0
RT_CPUSTAT sample=374 cpu=cpu0 user=171750 nice=0 system=6860 idle=2474 iowait=0 irq=9843 softirq=118 steal=0
RT_CPUSTAT sample=374 cpu=cpu1 user=323 nice=0 system=1112 idle=131002 iowait=0 irq=43144 softirq=41 steal=0
RT_CPUSTAT sample=375 cpu=cpu0 user=172207 nice=0 system=6882 idle=2474 iowait=0 irq=9869 softirq=118 steal=0
RT_CPUSTAT sample=375 cpu=cpu1 user=324 nice=0 system=1116 idle=131344 iowait=0 irq=43261 softirq=41 steal=0
RT_CPUSTAT sample=376 cpu=cpu0 user=172676 nice=0 system=6890 idle=2474 iowait=0 irq=9895 softirq=118 steal=0
RT_CPUSTAT sample=376 cpu=cpu1 user=324 nice=0 system=1118 idle=131688 iowait=0 irq=43375 softirq=41 steal=0
RT_CPUSTAT sample=377 cpu=cpu0 user=173140 nice=0 system=6903 idle=2474 iowait=0 irq=9920 softirq=119 steal=0
RT_CPUSTAT sample=377 cpu=cpu1 user=326 nice=0 system=1120 idle=132029 iowait=0 irq=43491 softirq=41 steal=0
RT_CPUSTAT sample=378 cpu=cpu0 user=173575 nice=0 system=6946 idle=2474 iowait=0 irq=9946 softirq=119 steal=0
RT_CPUSTAT sample=378 cpu=cpu1 user=327 nice=0 system=1122 idle=132373 iowait=0 irq=43605 softirq=41 steal=0
RT_CPUSTAT sample=379 cpu=cpu0 user=174037 nice=0 system=6962 idle=2474 iowait=0 irq=9973 softirq=119 steal=0
RT_CPUSTAT sample=379 cpu=cpu1 user=328 nice=0 system=1125 idle=132716 iowait=0 irq=43720 softirq=41 steal=0
RT_CPUSTAT sample=380 cpu=cpu0 user=174491 nice=0 system=6985 idle=2474 iowait=0 irq=9999 softirq=120 steal=0
RT_CPUSTAT sample=380 cpu=cpu1 user=330 nice=0 system=1129 idle=133058 iowait=0 irq=43834 softirq=41 steal=0
RT_CPUSTAT sample=381 cpu=cpu0 user=174948 nice=0 system=7007 idle=2474 iowait=0 irq=10025 softirq=120 steal=0
RT_CPUSTAT sample=381 cpu=cpu1 user=332 nice=0 system=1132 idle=133402 iowait=0 irq=43950 softirq=41 steal=0
RT_CPUSTAT sample=382 cpu=cpu0 user=175406 nice=0 system=7026 idle=2474 iowait=0 irq=10051 softirq=120 steal=0
RT_CPUSTAT sample=382 cpu=cpu1 user=333 nice=0 system=1134 idle=133741 iowait=0 irq=44066 softirq=41 steal=0
RT_CPUSTAT sample=383 cpu=cpu0 user=175884 nice=0 system=7027 idle=2474 iowait=0 irq=10078 softirq=120 steal=0
RT_CPUSTAT sample=383 cpu=cpu1 user=333 nice=0 system=1136 idle=134083 iowait=0 irq=44183 softirq=42 steal=0
RT_CPUSTAT sample=384 cpu=cpu0 user=176360 nice=0 system=7027 idle=2474 iowait=0 irq=10104 softirq=121 steal=0
RT_CPUSTAT sample=384 cpu=cpu1 user=334 nice=0 system=1139 idle=134424 iowait=0 irq=44298 softirq=42 steal=0
RT_CPUSTAT sample=385 cpu=cpu0 user=176837 nice=0 system=7030 idle=2474 iowait=0 irq=10131 softirq=121 steal=0
RT_CPUSTAT sample=385 cpu=cpu1 user=334 nice=0 system=1141 idle=134768 iowait=0 irq=44415 softirq=42 steal=0
RT_CPUSTAT sample=386 cpu=cpu0 user=177308 nice=0 system=7037 idle=2474 iowait=0 irq=10157 softirq=121 steal=0
RT_CPUSTAT sample=386 cpu=cpu1 user=335 nice=0 system=1148 idle=135112 iowait=0 irq=44529 softirq=42 steal=0
RT_CPUSTAT sample=387 cpu=cpu0 user=177785 nice=0 system=7037 idle=2474 iowait=0 irq=10182 softirq=122 steal=0
RT_CPUSTAT sample=387 cpu=cpu1 user=336 nice=0 system=1150 idle=135454 iowait=0 irq=44644 softirq=42 steal=0
RT_CPUSTAT sample=388 cpu=cpu0 user=178250 nice=0 system=7051 idle=2474 iowait=0 irq=10209 softirq=122 steal=0
RT_CPUSTAT sample=388 cpu=cpu1 user=336 nice=0 system=1151 idle=135798 iowait=0 irq=44759 softirq=42 steal=0
RT_CPUSTAT sample=389 cpu=cpu0 user=178705 nice=0 system=7074 idle=2474 iowait=0 irq=10236 softirq=122 steal=0
RT_CPUSTAT sample=389 cpu=cpu1 user=337 nice=0 system=1154 idle=136143 iowait=0 irq=44872 softirq=42 steal=0
RT_CPUSTAT sample=390 cpu=cpu0 user=179156 nice=0 system=7101 idle=2474 iowait=0 irq=10262 softirq=123 steal=0
RT_CPUSTAT sample=390 cpu=cpu1 user=338 nice=0 system=1156 idle=136485 iowait=0 irq=44988 softirq=42 steal=0
RT_CPUSTAT sample=391 cpu=cpu0 user=179625 nice=0 system=7111 idle=2474 iowait=0 irq=10288 softirq=123 steal=0
RT_CPUSTAT sample=391 cpu=cpu1 user=338 nice=0 system=1160 idle=136829 iowait=0 irq=45101 softirq=42 steal=0
RT_CPUSTAT sample=392 cpu=cpu0 user=180075 nice=0 system=7136 idle=2474 iowait=0 irq=10315 softirq=123 steal=0
RT_CPUSTAT sample=392 cpu=cpu1 user=339 nice=0 system=1162 idle=137171 iowait=0 irq=45217 softirq=42 steal=0
RT_CPUSTAT sample=393 cpu=cpu0 user=180524 nice=0 system=7164 idle=2474 iowait=0 irq=10341 softirq=123 steal=0
RT_CPUSTAT sample=393 cpu=cpu1 user=340 nice=0 system=1164 idle=137513 iowait=0 irq=45331 softirq=42 steal=0
RT_CPUSTAT sample=394 cpu=cpu0 user=180953 nice=0 system=7210 idle=2474 iowait=0 irq=10368 softirq=124 steal=0
RT_CPUSTAT sample=394 cpu=cpu1 user=340 nice=0 system=1167 idle=137854 iowait=0 irq=45446 softirq=43 steal=0
RT_CPUSTAT sample=395 cpu=cpu0 user=181418 nice=0 system=7224 idle=2474 iowait=0 irq=10394 softirq=124 steal=0
RT_CPUSTAT sample=395 cpu=cpu1 user=340 nice=0 system=1169 idle=138197 iowait=0 irq=45563 softirq=43 steal=0
RT_CPUSTAT sample=396 cpu=cpu0 user=181872 nice=0 system=7247 idle=2474 iowait=0 irq=10421 softirq=124 steal=0
RT_CPUSTAT sample=396 cpu=cpu1 user=341 nice=0 system=1171 idle=138538 iowait=0 irq=45678 softirq=43 steal=0
RT_CPUSTAT sample=397 cpu=cpu0 user=182327 nice=0 system=7270 idle=2474 iowait=0 irq=10448 softirq=125 steal=0
RT_CPUSTAT sample=397 cpu=cpu1 user=342 nice=0 system=1175 idle=138876 iowait=0 irq=45796 softirq=43 steal=0
RT_CPUSTAT sample=398 cpu=cpu0 user=182791 nice=0 system=7283 idle=2474 iowait=0 irq=10474 softirq=125 steal=0
RT_CPUSTAT sample=398 cpu=cpu1 user=343 nice=0 system=1178 idle=139218 iowait=0 irq=45910 softirq=43 steal=0
RT_CPUSTAT sample=399 cpu=cpu0 user=183269 nice=0 system=7283 idle=2474 iowait=0 irq=10500 softirq=125 steal=0
RT_CPUSTAT sample=399 cpu=cpu1 user=344 nice=0 system=1181 idle=139561 iowait=0 irq=46025 softirq=43 steal=0
RT_CPUSTAT sample=400 cpu=cpu0 user=183730 nice=0 system=7300 idle=2474 iowait=0 irq=10526 softirq=126 steal=0
RT_CPUSTAT sample=400 cpu=cpu1 user=345 nice=0 system=1186 idle=139905 iowait=0 irq=46139 softirq=43 steal=0
RT_CPUSTAT sample=401 cpu=cpu0 user=184192 nice=0 system=7318 idle=2474 iowait=0 irq=10552 softirq=126 steal=0
RT_CPUSTAT sample=401 cpu=cpu1 user=347 nice=0 system=1189 idle=140248 iowait=0 irq=46254 softirq=43 steal=0
RT_CPUSTAT sample=402 cpu=cpu0 user=184665 nice=0 system=7321 idle=2474 iowait=0 irq=10578 softirq=126 steal=0
RT_CPUSTAT sample=402 cpu=cpu1 user=347 nice=0 system=1191 idle=140590 iowait=0 irq=46369 softirq=43 steal=0
RT_CPUSTAT sample=403 cpu=cpu0 user=185143 nice=0 system=7321 idle=2474 iowait=0 irq=10605 softirq=127 steal=0
RT_CPUSTAT sample=403 cpu=cpu1 user=348 nice=0 system=1195 idle=140933 iowait=0 irq=46486 softirq=44 steal=0
RT_CPUSTAT sample=404 cpu=cpu0 user=185593 nice=0 system=7349 idle=2474 iowait=0 irq=10631 softirq=127 steal=0
RT_CPUSTAT sample=404 cpu=cpu1 user=350 nice=0 system=1198 idle=141274 iowait=0 irq=46602 softirq=44 steal=0
RT_CPUSTAT sample=405 cpu=cpu0 user=186043 nice=0 system=7375 idle=2474 iowait=0 irq=10658 softirq=127 steal=0
RT_CPUSTAT sample=405 cpu=cpu1 user=351 nice=0 system=1201 idle=141614 iowait=0 irq=46720 softirq=44 steal=0
RT_CPUSTAT sample=406 cpu=cpu0 user=186490 nice=0 system=7404 idle=2474 iowait=0 irq=10684 softirq=128 steal=0
RT_CPUSTAT sample=406 cpu=cpu1 user=352 nice=0 system=1204 idle=141954 iowait=0 irq=46836 softirq=44 steal=0
RT_CPUSTAT sample=407 cpu=cpu0 user=186957 nice=0 system=7416 idle=2474 iowait=0 irq=10711 softirq=128 steal=0
RT_CPUSTAT sample=407 cpu=cpu1 user=353 nice=0 system=1207 idle=142299 iowait=0 irq=46949 softirq=44 steal=0
RT_CPUSTAT sample=408 cpu=cpu0 user=187420 nice=0 system=7428 idle=2474 iowait=0 irq=10737 softirq=128 steal=0
RT_CPUSTAT sample=408 cpu=cpu1 user=353 nice=0 system=1209 idle=142642 iowait=0 irq=47063 softirq=44 steal=0
RT_CPUSTAT sample=409 cpu=cpu0 user=187882 nice=0 system=7445 idle=2474 iowait=0 irq=10764 softirq=128 steal=0
RT_CPUSTAT sample=409 cpu=cpu1 user=354 nice=0 system=1211 idle=142986 iowait=0 irq=47179 softirq=44 steal=0
RT_CPUSTAT sample=410 cpu=cpu0 user=188312 nice=0 system=7491 idle=2474 iowait=0 irq=10791 softirq=129 steal=0
RT_CPUSTAT sample=410 cpu=cpu1 user=355 nice=0 system=1215 idle=143328 iowait=0 irq=47293 softirq=44 steal=0
RT_CPUSTAT sample=411 cpu=cpu0 user=188787 nice=0 system=7494 idle=2474 iowait=0 irq=10818 softirq=129 steal=0
RT_CPUSTAT sample=411 cpu=cpu1 user=356 nice=0 system=1218 idle=143672 iowait=0 irq=47407 softirq=45 steal=0
RT_CPUSTAT sample=412 cpu=cpu0 user=189220 nice=0 system=7539 idle=2474 iowait=0 irq=10844 softirq=129 steal=0
RT_CPUSTAT sample=412 cpu=cpu1 user=357 nice=0 system=1222 idle=144014 iowait=0 irq=47521 softirq=45 steal=0
RT_CPUSTAT sample=413 cpu=cpu0 user=189675 nice=0 system=7561 idle=2474 iowait=0 irq=10870 softirq=130 steal=0
RT_CPUSTAT sample=413 cpu=cpu1 user=357 nice=0 system=1226 idle=144357 iowait=0 irq=47636 softirq=45 steal=0
RT_CPUSTAT sample=414 cpu=cpu0 user=190137 nice=0 system=7578 idle=2474 iowait=0 irq=10897 softirq=130 steal=0
RT_CPUSTAT sample=414 cpu=cpu1 user=358 nice=0 system=1228 idle=144699 iowait=0 irq=47751 softirq=45 steal=0
RT_CPUSTAT sample=415 cpu=cpu0 user=190614 nice=0 system=7578 idle=2474 iowait=0 irq=10923 softirq=130 steal=0
RT_CPUSTAT sample=415 cpu=cpu1 user=359 nice=0 system=1228 idle=145044 iowait=0 irq=47865 softirq=45 steal=0
RT_CPUSTAT sample=416 cpu=cpu0 user=191089 nice=0 system=7581 idle=2474 iowait=0 irq=10949 softirq=131 steal=0
RT_CPUSTAT sample=416 cpu=cpu1 user=360 nice=0 system=1230 idle=145388 iowait=0 irq=47979 softirq=45 steal=0
RT_CPUSTAT sample=417 cpu=cpu0 user=191555 nice=0 system=7593 idle=2474 iowait=0 irq=10975 softirq=131 steal=0
RT_CPUSTAT sample=417 cpu=cpu1 user=361 nice=0 system=1231 idle=145729 iowait=0 irq=48097 softirq=45 steal=0
RT_CPUSTAT sample=418 cpu=cpu0 user=192031 nice=0 system=7596 idle=2474 iowait=0 irq=11002 softirq=131 steal=0
RT_CPUSTAT sample=418 cpu=cpu1 user=362 nice=0 system=1234 idle=146071 iowait=0 irq=48214 softirq=45 steal=0
RT_CPUSTAT sample=419 cpu=cpu0 user=192506 nice=0 system=7596 idle=2474 iowait=0 irq=11028 softirq=132 steal=0
RT_CPUSTAT sample=419 cpu=cpu1 user=363 nice=0 system=1236 idle=146412 iowait=0 irq=48330 softirq=45 steal=0
RT_CPUSTAT sample=420 cpu=cpu0 user=192955 nice=0 system=7627 idle=2474 iowait=0 irq=11054 softirq=132 steal=0
RT_CPUSTAT sample=420 cpu=cpu1 user=364 nice=0 system=1239 idle=146753 iowait=0 irq=48447 softirq=45 steal=0
RT_CPUSTAT sample=421 cpu=cpu0 user=193398 nice=0 system=7660 idle=2474 iowait=0 irq=11080 softirq=132 steal=0
RT_CPUSTAT sample=421 cpu=cpu1 user=365 nice=0 system=1244 idle=147100 iowait=0 irq=48557 softirq=45 steal=0
RT_CPUSTAT sample=422 cpu=cpu0 user=193833 nice=0 system=7701 idle=2474 iowait=0 irq=11106 softirq=132 steal=0
RT_CPUSTAT sample=422 cpu=cpu1 user=365 nice=0 system=1247 idle=147442 iowait=0 irq=48673 softirq=46 steal=0
RT_CPUSTAT sample=423 cpu=cpu0 user=194300 nice=0 system=7713 idle=2474 iowait=0 irq=11133 softirq=133 steal=0
RT_CPUSTAT sample=423 cpu=cpu1 user=365 nice=0 system=1250 idle=147783 iowait=0 irq=48790 softirq=46 steal=0
RT_CPUSTAT sample=424 cpu=cpu0 user=194763 nice=0 system=7726 idle=2474 iowait=0 irq=11159 softirq=133 steal=0
RT_CPUSTAT sample=424 cpu=cpu1 user=366 nice=0 system=1254 idle=148123 iowait=0 irq=48908 softirq=46 steal=0
RT_CPUSTAT sample=425 cpu=cpu0 user=195215 nice=0 system=7751 idle=2474 iowait=0 irq=11186 softirq=133 steal=0
RT_CPUSTAT sample=425 cpu=cpu1 user=367 nice=0 system=1256 idle=148465 iowait=0 irq=49022 softirq=46 steal=0
RT_CPUSTAT sample=426 cpu=cpu0 user=195638 nice=0 system=7805 idle=2474 iowait=0 irq=11213 softirq=134 steal=0
RT_CPUSTAT sample=426 cpu=cpu1 user=368 nice=0 system=1260 idle=148807 iowait=0 irq=49138 softirq=46 steal=0
RT_CPUSTAT sample=427 cpu=cpu0 user=196113 nice=0 system=7806 idle=2474 iowait=0 irq=11239 softirq=134 steal=0
RT_CPUSTAT sample=427 cpu=cpu1 user=369 nice=0 system=1263 idle=149148 iowait=0 irq=49253 softirq=46 steal=0
RT_CPUSTAT sample=428 cpu=cpu0 user=196559 nice=0 system=7836 idle=2474 iowait=0 irq=11266 softirq=134 steal=0
RT_CPUSTAT sample=428 cpu=cpu1 user=371 nice=0 system=1267 idle=149486 iowait=0 irq=49370 softirq=46 steal=0
RT_CPUSTAT sample=429 cpu=cpu0 user=197025 nice=0 system=7848 idle=2474 iowait=0 irq=11292 softirq=135 steal=0
RT_CPUSTAT sample=429 cpu=cpu1 user=373 nice=0 system=1271 idle=149830 iowait=0 irq=49484 softirq=46 steal=0
RT_CPUSTAT sample=430 cpu=cpu0 user=197492 nice=0 system=7859 idle=2474 iowait=0 irq=11318 softirq=135 steal=0
RT_CPUSTAT sample=430 cpu=cpu1 user=374 nice=0 system=1276 idle=150171 iowait=0 irq=49600 softirq=46 steal=0
RT_CPUSTAT sample=431 cpu=cpu0 user=197970 nice=0 system=7859 idle=2474 iowait=0 irq=11345 softirq=135 steal=0
RT_CPUSTAT sample=431 cpu=cpu1 user=376 nice=0 system=1277 idle=150509 iowait=0 irq=49720 softirq=47 steal=0
RT_CPUSTAT sample=432 cpu=cpu0 user=198437 nice=0 system=7869 idle=2474 iowait=0 irq=11371 softirq=136 steal=0
RT_CPUSTAT sample=432 cpu=cpu1 user=376 nice=0 system=1278 idle=150851 iowait=0 irq=49834 softirq=47 steal=0
RT_CPUSTAT sample=433 cpu=cpu0 user=198909 nice=0 system=7874 idle=2474 iowait=0 irq=11397 softirq=136 steal=0
RT_CPUSTAT sample=433 cpu=cpu1 user=377 nice=0 system=1281 idle=151195 iowait=0 irq=49949 softirq=47 steal=0
RT_CPUSTAT sample=434 cpu=cpu0 user=199385 nice=0 system=7877 idle=2474 iowait=0 irq=11423 softirq=136 steal=0
RT_CPUSTAT sample=434 cpu=cpu1 user=379 nice=0 system=1283 idle=151539 iowait=0 irq=50063 softirq=47 steal=0
RT_CPUSTAT sample=435 cpu=cpu0 user=199863 nice=0 system=7877 idle=2474 iowait=0 irq=11449 softirq=136 steal=0
RT_CPUSTAT sample=435 cpu=cpu1 user=379 nice=0 system=1285 idle=151884 iowait=0 irq=50178 softirq=47 steal=0
RT_CPUSTAT sample=436 cpu=cpu0 user=200307 nice=0 system=7910 idle=2474 iowait=0 irq=11475 softirq=137 steal=0
RT_CPUSTAT sample=436 cpu=cpu1 user=380 nice=0 system=1289 idle=152223 iowait=0 irq=50295 softirq=47 steal=0
RT_CPUSTAT sample=437 cpu=cpu0 user=200768 nice=0 system=7928 idle=2474 iowait=0 irq=11502 softirq=137 steal=0
RT_CPUSTAT sample=437 cpu=cpu1 user=381 nice=0 system=1291 idle=152567 iowait=0 irq=50410 softirq=47 steal=0
RT_CPUSTAT sample=438 cpu=cpu0 user=201221 nice=0 system=7951 idle=2474 iowait=0 irq=11528 softirq=137 steal=0
RT_CPUSTAT sample=438 cpu=cpu1 user=382 nice=0 system=1296 idle=152911 iowait=0 irq=50523 softirq=47 steal=0
RT_CPUSTAT sample=439 cpu=cpu0 user=201690 nice=0 system=7960 idle=2474 iowait=0 irq=11554 softirq=138 steal=0
RT_CPUSTAT sample=439 cpu=cpu1 user=382 nice=0 system=1299 idle=153250 iowait=0 irq=50641 softirq=47 steal=0
RT_CPUSTAT sample=440 cpu=cpu0 user=202147 nice=0 system=7980 idle=2474 iowait=0 irq=11580 softirq=138 steal=0
RT_CPUSTAT sample=440 cpu=cpu1 user=383 nice=0 system=1302 idle=153595 iowait=0 irq=50755 softirq=48 steal=0
RT_CPUSTAT sample=441 cpu=cpu0 user=202594 nice=0 system=8011 idle=2474 iowait=0 irq=11607 softirq=138 steal=0
RT_CPUSTAT sample=441 cpu=cpu1 user=384 nice=0 system=1303 idle=153937 iowait=0 irq=50871 softirq=48 steal=0
RT_CPUSTAT sample=442 cpu=cpu0 user=203035 nice=0 system=8047 idle=2474 iowait=0 irq=11633 softirq=139 steal=0
RT_CPUSTAT sample=442 cpu=cpu1 user=385 nice=0 system=1304 idle=154275 iowait=0 irq=50989 softirq=48 steal=0
RT_CPUSTAT sample=443 cpu=cpu0 user=203493 nice=0 system=8065 idle=2474 iowait=0 irq=11660 softirq=139 steal=0
RT_CPUSTAT sample=443 cpu=cpu1 user=385 nice=0 system=1308 idle=154612 iowait=0 irq=51107 softirq=48 steal=0
RT_CPUSTAT sample=444 cpu=cpu0 user=203933 nice=0 system=8105 idle=2474 iowait=0 irq=11686 softirq=139 steal=0
RT_CPUSTAT sample=444 cpu=cpu1 user=386 nice=0 system=1311 idle=154957 iowait=0 irq=51221 softirq=48 steal=0
RT_CPUSTAT sample=445 cpu=cpu0 user=204389 nice=0 system=8125 idle=2474 iowait=0 irq=11712 softirq=140 steal=0
RT_CPUSTAT sample=445 cpu=cpu1 user=386 nice=0 system=1313 idle=155301 iowait=0 irq=51334 softirq=48 steal=0
RT_CPUSTAT sample=446 cpu=cpu0 user=204866 nice=0 system=8126 idle=2474 iowait=0 irq=11739 softirq=140 steal=0
RT_CPUSTAT sample=446 cpu=cpu1 user=388 nice=0 system=1318 idle=155643 iowait=0 irq=51451 softirq=48 steal=0
RT_CPUSTAT sample=447 cpu=cpu0 user=205343 nice=0 system=8126 idle=2474 iowait=0 irq=11765 softirq=140 steal=0
RT_CPUSTAT sample=447 cpu=cpu1 user=389 nice=0 system=1319 idle=155982 iowait=0 irq=51567 softirq=48 steal=0
RT_CPUSTAT sample=448 cpu=cpu0 user=205805 nice=0 system=8141 idle=2474 iowait=0 irq=11791 softirq=140 steal=0
RT_CPUSTAT sample=448 cpu=cpu1 user=390 nice=0 system=1322 idle=156327 iowait=0 irq=51680 softirq=48 steal=0
RT_CPUSTAT sample=449 cpu=cpu0 user=206274 nice=0 system=8150 idle=2474 iowait=0 irq=11816 softirq=141 steal=0
RT_CPUSTAT sample=449 cpu=cpu1 user=392 nice=0 system=1325 idle=156667 iowait=0 irq=51797 softirq=48 steal=0
RT_CPUSTAT sample=450 cpu=cpu0 user=206751 nice=0 system=8151 idle=2474 iowait=0 irq=11843 softirq=141 steal=0
RT_CPUSTAT sample=450 cpu=cpu1 user=392 nice=0 system=1329 idle=157007 iowait=0 irq=51914 softirq=49 steal=0
RT_CPUSTAT sample=451 cpu=cpu0 user=207224 nice=0 system=8157 idle=2474 iowait=0 irq=11870 softirq=141 steal=0
RT_CPUSTAT sample=451 cpu=cpu1 user=393 nice=0 system=1331 idle=157348 iowait=0 irq=52030 softirq=49 steal=0
RT_CPUSTAT sample=452 cpu=cpu0 user=207653 nice=0 system=8203 idle=2474 iowait=0 irq=11896 softirq=142 steal=0
RT_CPUSTAT sample=452 cpu=cpu1 user=394 nice=0 system=1335 idle=157690 iowait=0 irq=52145 softirq=49 steal=0
RT_CPUSTAT sample=453 cpu=cpu0 user=208108 nice=0 system=8228 idle=2474 iowait=0 irq=11922 softirq=142 steal=0
RT_CPUSTAT sample=453 cpu=cpu1 user=396 nice=0 system=1343 idle=158032 iowait=0 irq=52260 softirq=49 steal=0
RT_CPUSTAT sample=454 cpu=cpu0 user=208556 nice=0 system=8257 idle=2474 iowait=0 irq=11948 softirq=142 steal=0
RT_CPUSTAT sample=454 cpu=cpu1 user=397 nice=0 system=1345 idle=158372 iowait=0 irq=52378 softirq=49 steal=0
RT_CPUSTAT sample=455 cpu=cpu0 user=209025 nice=0 system=8265 idle=2474 iowait=0 irq=11975 softirq=143 steal=0
RT_CPUSTAT sample=455 cpu=cpu1 user=398 nice=0 system=1347 idle=158715 iowait=0 irq=52492 softirq=49 steal=0
RT_CPUSTAT sample=456 cpu=cpu0 user=209481 nice=0 system=8286 idle=2474 iowait=0 irq=12001 softirq=143 steal=0
RT_CPUSTAT sample=456 cpu=cpu1 user=398 nice=0 system=1352 idle=159057 iowait=0 irq=52607 softirq=49 steal=0
RT_CPUSTAT sample=457 cpu=cpu0 user=209905 nice=0 system=8339 idle=2474 iowait=0 irq=12027 softirq=143 steal=0
RT_CPUSTAT sample=457 cpu=cpu1 user=398 nice=0 system=1354 idle=159400 iowait=0 irq=52720 softirq=49 steal=0
RT_CPUSTAT sample=458 cpu=cpu0 user=210362 nice=0 system=8361 idle=2474 iowait=0 irq=12052 softirq=144 steal=0
RT_CPUSTAT sample=458 cpu=cpu1 user=399 nice=0 system=1357 idle=159747 iowait=0 irq=52832 softirq=49 steal=0
RT_CPUSTAT sample=459 cpu=cpu0 user=210820 nice=0 system=8382 idle=2474 iowait=0 irq=12079 softirq=144 steal=0
RT_CPUSTAT sample=459 cpu=cpu1 user=400 nice=0 system=1360 idle=160089 iowait=0 irq=52948 softirq=50 steal=0
RT_CPUSTAT sample=460 cpu=cpu0 user=211280 nice=0 system=8399 idle=2474 iowait=0 irq=12105 softirq=144 steal=0
RT_CPUSTAT sample=460 cpu=cpu1 user=400 nice=0 system=1362 idle=160436 iowait=0 irq=53061 softirq=50 steal=0
RT_CPUSTAT sample=461 cpu=cpu0 user=211735 nice=0 system=8421 idle=2474 iowait=0 irq=12131 softirq=144 steal=0
RT_CPUSTAT sample=461 cpu=cpu1 user=401 nice=0 system=1363 idle=160778 iowait=0 irq=53175 softirq=50 steal=0
RT_CPUSTAT sample=462 cpu=cpu0 user=212211 nice=0 system=8422 idle=2474 iowait=0 irq=12158 softirq=145 steal=0
RT_CPUSTAT sample=462 cpu=cpu1 user=402 nice=0 system=1365 idle=161119 iowait=0 irq=53291 softirq=50 steal=0
RT_CPUSTAT sample=463 cpu=cpu0 user=212689 nice=0 system=8423 idle=2474 iowait=0 irq=12184 softirq=145 steal=0
RT_CPUSTAT sample=463 cpu=cpu1 user=403 nice=0 system=1368 idle=161462 iowait=0 irq=53406 softirq=50 steal=0
RT_CPUSTAT sample=464 cpu=cpu0 user=213151 nice=0 system=8439 idle=2474 iowait=0 irq=12210 softirq=145 steal=0
RT_CPUSTAT sample=464 cpu=cpu1 user=403 nice=0 system=1372 idle=161802 iowait=0 irq=53523 softirq=50 steal=0
RT_CPUSTAT sample=465 cpu=cpu0 user=213620 nice=0 system=8447 idle=2474 iowait=0 irq=12236 softirq=146 steal=0
RT_CPUSTAT sample=465 cpu=cpu1 user=404 nice=0 system=1376 idle=162142 iowait=0 irq=53640 softirq=50 steal=0
RT_CPUSTAT sample=466 cpu=cpu0 user=214098 nice=0 system=8449 idle=2474 iowait=0 irq=12262 softirq=146 steal=0
RT_CPUSTAT sample=466 cpu=cpu1 user=405 nice=0 system=1378 idle=162484 iowait=0 irq=53756 softirq=50 steal=0
RT_CPUSTAT sample=467 cpu=cpu0 user=214561 nice=0 system=8462 idle=2474 iowait=0 irq=12288 softirq=146 steal=0
RT_CPUSTAT sample=467 cpu=cpu1 user=406 nice=0 system=1381 idle=162825 iowait=0 irq=53870 softirq=50 steal=0
RT_CPUSTAT sample=468 cpu=cpu0 user=215008 nice=0 system=8493 idle=2474 iowait=0 irq=12315 softirq=147 steal=0
RT_CPUSTAT sample=468 cpu=cpu1 user=407 nice=0 system=1383 idle=163164 iowait=0 irq=53990 softirq=51 steal=0
RT_CPUSTAT sample=469 cpu=cpu0 user=215448 nice=0 system=8531 idle=2474 iowait=0 irq=12341 softirq=147 steal=0
RT_CPUSTAT sample=469 cpu=cpu1 user=408 nice=0 system=1386 idle=163505 iowait=0 irq=54105 softirq=51 steal=0
RT_CPUSTAT sample=470 cpu=cpu0 user=215912 nice=0 system=8546 idle=2474 iowait=0 irq=12368 softirq=147 steal=0
RT_CPUSTAT sample=470 cpu=cpu1 user=408 nice=0 system=1390 idle=163845 iowait=0 irq=54222 softirq=51 steal=0
RT_CPUSTAT sample=471 cpu=cpu0 user=216372 nice=0 system=8563 idle=2474 iowait=0 irq=12394 softirq=148 steal=0
RT_CPUSTAT sample=471 cpu=cpu1 user=408 nice=0 system=1393 idle=164183 iowait=0 irq=54340 softirq=51 steal=0
RT_CPUSTAT sample=472 cpu=cpu0 user=216821 nice=0 system=8592 idle=2474 iowait=0 irq=12420 softirq=148 steal=0
RT_CPUSTAT sample=472 cpu=cpu1 user=409 nice=0 system=1397 idle=164525 iowait=0 irq=54456 softirq=51 steal=0
RT_CPUSTAT sample=473 cpu=cpu0 user=217236 nice=0 system=8655 idle=2474 iowait=0 irq=12446 softirq=148 steal=0
RT_CPUSTAT sample=473 cpu=cpu1 user=410 nice=0 system=1399 idle=164867 iowait=0 irq=54571 softirq=51 steal=0
RT_CPUSTAT sample=474 cpu=cpu0 user=217692 nice=0 system=8675 idle=2474 iowait=0 irq=12472 softirq=149 steal=0
RT_CPUSTAT sample=474 cpu=cpu1 user=411 nice=0 system=1402 idle=165212 iowait=0 irq=54684 softirq=51 steal=0
RT_CPUSTAT sample=475 cpu=cpu0 user=218145 nice=0 system=8698 idle=2474 iowait=0 irq=12498 softirq=149 steal=0
RT_CPUSTAT sample=475 cpu=cpu1 user=412 nice=0 system=1405 idle=165550 iowait=0 irq=54802 softirq=51 steal=0
RT_CPUSTAT sample=476 cpu=cpu0 user=218600 nice=0 system=8723 idle=2474 iowait=0 irq=12524 softirq=149 steal=0
RT_CPUSTAT sample=476 cpu=cpu1 user=412 nice=0 system=1408 idle=165893 iowait=0 irq=54917 softirq=52 steal=0
RT_CPUSTAT sample=477 cpu=cpu0 user=219051 nice=0 system=8749 idle=2474 iowait=0 irq=12551 softirq=149 steal=0
RT_CPUSTAT sample=477 cpu=cpu1 user=413 nice=0 system=1410 idle=166230 iowait=0 irq=55036 softirq=52 steal=0
RT_CPUSTAT sample=478 cpu=cpu0 user=219528 nice=0 system=8749 idle=2474 iowait=0 irq=12577 softirq=150 steal=0
RT_CPUSTAT sample=478 cpu=cpu1 user=414 nice=0 system=1414 idle=166571 iowait=0 irq=55152 softirq=52 steal=0
RT_CPUSTAT sample=479 cpu=cpu0 user=220006 nice=0 system=8751 idle=2474 iowait=0 irq=12604 softirq=150 steal=0
RT_CPUSTAT sample=479 cpu=cpu1 user=414 nice=0 system=1416 idle=166916 iowait=0 irq=55267 softirq=52 steal=0
RT_CPUSTAT sample=480 cpu=cpu0 user=220482 nice=0 system=8753 idle=2474 iowait=0 irq=12630 softirq=150 steal=0
RT_CPUSTAT sample=480 cpu=cpu1 user=415 nice=0 system=1418 idle=167258 iowait=0 irq=55381 softirq=52 steal=0
RT_CPUSTAT sample=481 cpu=cpu0 user=220950 nice=0 system=8761 idle=2474 iowait=0 irq=12657 softirq=151 steal=0
RT_CPUSTAT sample=481 cpu=cpu1 user=417 nice=0 system=1421 idle=167596 iowait=0 irq=55497 softirq=52 steal=0
RT_CPUSTAT sample=482 cpu=cpu0 user=221428 nice=0 system=8761 idle=2474 iowait=0 irq=12683 softirq=151 steal=0
RT_CPUSTAT sample=482 cpu=cpu1 user=418 nice=0 system=1422 idle=167937 iowait=0 irq=55614 softirq=52 steal=0
RT_CPUSTAT sample=483 cpu=cpu0 user=221893 nice=0 system=8773 idle=2474 iowait=0 irq=12709 softirq=151 steal=0
RT_CPUSTAT sample=483 cpu=cpu1 user=418 nice=0 system=1426 idle=168275 iowait=0 irq=55732 softirq=52 steal=0
RT_CPUSTAT sample=484 cpu=cpu0 user=222333 nice=0 system=8809 idle=2474 iowait=0 irq=12736 softirq=152 steal=0
RT_CPUSTAT sample=484 cpu=cpu1 user=419 nice=0 system=1427 idle=168616 iowait=0 irq=55846 softirq=52 steal=0
RT_CPUSTAT sample=485 cpu=cpu0 user=222779 nice=0 system=8843 idle=2474 iowait=0 irq=12763 softirq=152 steal=0
RT_CPUSTAT sample=485 cpu=cpu1 user=419 nice=0 system=1430 idle=168958 iowait=0 irq=55962 softirq=52 steal=0
RT_CPUSTAT sample=486 cpu=cpu0 user=223243 nice=0 system=8856 idle=2474 iowait=0 irq=12789 softirq=152 steal=0
RT_CPUSTAT sample=486 cpu=cpu1 user=420 nice=0 system=1432 idle=169300 iowait=0 irq=56077 softirq=53 steal=0
RT_CPUSTAT sample=487 cpu=cpu0 user=223706 nice=0 system=8871 idle=2474 iowait=0 irq=12816 softirq=153 steal=0
RT_CPUSTAT sample=487 cpu=cpu1 user=421 nice=0 system=1435 idle=169643 iowait=0 irq=56191 softirq=53 steal=0
RT_CPUSTAT sample=488 cpu=cpu0 user=224161 nice=0 system=8891 idle=2474 iowait=0 irq=12842 softirq=153 steal=0
RT_CPUSTAT sample=488 cpu=cpu1 user=423 nice=0 system=1437 idle=169982 iowait=0 irq=56308 softirq=53 steal=0
RT_CPUSTAT sample=489 cpu=cpu0 user=224577 nice=0 system=8953 idle=2474 iowait=0 irq=12869 softirq=153 steal=0
RT_CPUSTAT sample=489 cpu=cpu1 user=423 nice=0 system=1444 idle=170323 iowait=0 irq=56424 softirq=53 steal=0
RT_CPUSTAT sample=490 cpu=cpu0 user=225037 nice=0 system=8972 idle=2474 iowait=0 irq=12894 softirq=153 steal=0
RT_CPUSTAT sample=490 cpu=cpu1 user=424 nice=0 system=1445 idle=170668 iowait=0 irq=56537 softirq=53 steal=0
RT_CPUSTAT sample=491 cpu=cpu0 user=225480 nice=0 system=9006 idle=2474 iowait=0 irq=12921 softirq=154 steal=0
RT_CPUSTAT sample=491 cpu=cpu1 user=424 nice=0 system=1449 idle=171014 iowait=0 irq=56648 softirq=53 steal=0
RT_CPUSTAT sample=492 cpu=cpu0 user=225943 nice=0 system=9022 idle=2474 iowait=0 irq=12948 softirq=154 steal=0
RT_CPUSTAT sample=492 cpu=cpu1 user=425 nice=0 system=1452 idle=171359 iowait=0 irq=56763 softirq=53 steal=0
RT_CPUSTAT sample=493 cpu=cpu0 user=226394 nice=0 system=9047 idle=2474 iowait=0 irq=12974 softirq=154 steal=0
RT_CPUSTAT sample=493 cpu=cpu1 user=428 nice=0 system=1454 idle=171700 iowait=0 irq=56878 softirq=53 steal=0
RT_CPUSTAT sample=494 cpu=cpu0 user=226872 nice=0 system=9048 idle=2474 iowait=0 irq=13001 softirq=155 steal=0
RT_CPUSTAT sample=494 cpu=cpu1 user=429 nice=0 system=1456 idle=172045 iowait=0 irq=56993 softirq=53 steal=0
RT_CPUSTAT sample=495 cpu=cpu0 user=227347 nice=0 system=9048 idle=2474 iowait=0 irq=13027 softirq=155 steal=0
RT_CPUSTAT sample=495 cpu=cpu1 user=429 nice=0 system=1457 idle=172387 iowait=0 irq=57107 softirq=54 steal=0
RT_CPUSTAT sample=496 cpu=cpu0 user=227818 nice=0 system=9057 idle=2474 iowait=0 irq=13054 softirq=155 steal=0
RT_CPUSTAT sample=496 cpu=cpu1 user=430 nice=0 system=1458 idle=172728 iowait=0 irq=57224 softirq=54 steal=0
RT_CPUSTAT sample=497 cpu=cpu0 user=228287 nice=0 system=9064 idle=2474 iowait=0 irq=13080 softirq=156 steal=0
RT_CPUSTAT sample=497 cpu=cpu1 user=430 nice=0 system=1461 idle=173070 iowait=0 irq=57339 softirq=54 steal=0
RT_CPUSTAT sample=498 cpu=cpu0 user=228766 nice=0 system=9064 idle=2474 iowait=0 irq=13106 softirq=156 steal=0
RT_CPUSTAT sample=498 cpu=cpu1 user=431 nice=0 system=1464 idle=173415 iowait=0 irq=57453 softirq=54 steal=0
RT_CPUSTAT sample=499 cpu=cpu0 user=229225 nice=0 system=9081 idle=2474 iowait=0 irq=13132 softirq=156 steal=0
RT_CPUSTAT sample=499 cpu=cpu1 user=432 nice=0 system=1466 idle=173755 iowait=0 irq=57569 softirq=54 steal=0
RT_CPUSTAT sample=500 cpu=cpu0 user=229655 nice=0 system=9130 idle=2474 iowait=0 irq=13159 softirq=157 steal=0
RT_CPUSTAT sample=500 cpu=cpu1 user=434 nice=0 system=1468 idle=174096 iowait=0 irq=57686 softirq=54 steal=0
RT_CPUSTAT sample=501 cpu=cpu0 user=230112 nice=0 system=9150 idle=2474 iowait=0 irq=13185 softirq=157 steal=0
RT_CPUSTAT sample=501 cpu=cpu1 user=435 nice=0 system=1471 idle=174437 iowait=0 irq=57802 softirq=54 steal=0
RT_CPUSTAT sample=502 cpu=cpu0 user=230575 nice=0 system=9166 idle=2474 iowait=0 irq=13211 softirq=157 steal=0
RT_CPUSTAT sample=502 cpu=cpu1 user=435 nice=0 system=1472 idle=174780 iowait=0 irq=57918 softirq=54 steal=0
RT_CPUSTAT sample=503 cpu=cpu0 user=231036 nice=0 system=9182 idle=2474 iowait=0 irq=13238 softirq=158 steal=0
RT_CPUSTAT sample=503 cpu=cpu1 user=436 nice=0 system=1476 idle=175123 iowait=0 irq=58032 softirq=54 steal=0
RT_CPUSTAT sample=504 cpu=cpu0 user=231494 nice=0 system=9200 idle=2474 iowait=0 irq=13264 softirq=158 steal=0
RT_CPUSTAT sample=504 cpu=cpu1 user=437 nice=0 system=1479 idle=175465 iowait=0 irq=58146 softirq=54 steal=0
RT_CPUSTAT sample=505 cpu=cpu0 user=231932 nice=0 system=9240 idle=2474 iowait=0 irq=13291 softirq=158 steal=0
RT_CPUSTAT sample=505 cpu=cpu1 user=438 nice=0 system=1481 idle=175802 iowait=0 irq=58266 softirq=54 steal=0
RT_CPUSTAT sample=506 cpu=cpu0 user=232402 nice=0 system=9248 idle=2474 iowait=0 irq=13317 softirq=158 steal=0
RT_CPUSTAT sample=506 cpu=cpu1 user=440 nice=0 system=1484 idle=176147 iowait=0 irq=58378 softirq=55 steal=0
RT_CPUSTAT sample=507 cpu=cpu0 user=232853 nice=0 system=9274 idle=2474 iowait=0 irq=13344 softirq=159 steal=0
RT_CPUSTAT sample=507 cpu=cpu1 user=440 nice=0 system=1488 idle=176486 iowait=0 irq=58495 softirq=55 steal=0
RT_CPUSTAT sample=508 cpu=cpu0 user=233307 nice=0 system=9298 idle=2474 iowait=0 irq=13370 softirq=159 steal=0
RT_CPUSTAT sample=508 cpu=cpu1 user=440 nice=0 system=1491 idle=176829 iowait=0 irq=58609 softirq=55 steal=0
RT_CPUSTAT sample=509 cpu=cpu0 user=233769 nice=0 system=9315 idle=2474 iowait=0 irq=13396 softirq=159 steal=0
RT_CPUSTAT sample=509 cpu=cpu1 user=441 nice=0 system=1494 idle=177173 iowait=0 irq=58724 softirq=55 steal=0
RT_CPUSTAT sample=510 cpu=cpu0 user=234245 nice=0 system=9315 idle=2474 iowait=0 irq=13423 softirq=160 steal=0
RT_CPUSTAT sample=510 cpu=cpu1 user=441 nice=0 system=1495 idle=177516 iowait=0 irq=58839 softirq=55 steal=0
RT_CPUSTAT sample=511 cpu=cpu0 user=234716 nice=0 system=9323 idle=2474 iowait=0 irq=13449 softirq=160 steal=0
RT_CPUSTAT sample=511 cpu=cpu1 user=443 nice=0 system=1500 idle=177855 iowait=0 irq=58957 softirq=55 steal=0
RT_CPUSTAT sample=512 cpu=cpu0 user=235170 nice=0 system=9345 idle=2474 iowait=0 irq=13476 softirq=160 steal=0
RT_CPUSTAT sample=512 cpu=cpu1 user=444 nice=0 system=1502 idle=178197 iowait=0 irq=59072 softirq=55 steal=0
RT_CPUSTAT sample=513 cpu=cpu0 user=235645 nice=0 system=9348 idle=2474 iowait=0 irq=13502 softirq=161 steal=0
RT_CPUSTAT sample=513 cpu=cpu1 user=446 nice=0 system=1505 idle=178540 iowait=0 irq=59187 softirq=55 steal=0
RT_CPUSTAT sample=514 cpu=cpu0 user=236123 nice=0 system=9348 idle=2474 iowait=0 irq=13528 softirq=161 steal=0
RT_CPUSTAT sample=514 cpu=cpu1 user=446 nice=0 system=1507 idle=178881 iowait=0 irq=59303 softirq=55 steal=0
RT_CPUSTAT sample=515 cpu=cpu0 user=236581 nice=0 system=9366 idle=2474 iowait=0 irq=13554 softirq=161 steal=0
RT_CPUSTAT sample=515 cpu=cpu1 user=446 nice=0 system=1510 idle=179219 iowait=0 irq=59421 softirq=56 steal=0
RT_CPUSTAT sample=516 cpu=cpu0 user=237034 nice=0 system=9391 idle=2474 iowait=0 irq=13581 softirq=162 steal=0
RT_CPUSTAT sample=516 cpu=cpu1 user=447 nice=0 system=1513 idle=179561 iowait=0 irq=59537 softirq=56 steal=0
RT_CPUSTAT sample=517 cpu=cpu0 user=237494 nice=0 system=9408 idle=2474 iowait=0 irq=13607 softirq=162 steal=0
RT_CPUSTAT sample=517 cpu=cpu1 user=448 nice=0 system=1514 idle=179906 iowait=0 irq=59649 softirq=56 steal=0
RT_CPUSTAT sample=518 cpu=cpu0 user=237959 nice=0 system=9423 idle=2474 iowait=0 irq=13634 softirq=162 steal=0
RT_CPUSTAT sample=518 cpu=cpu1 user=449 nice=0 system=1519 idle=180248 iowait=0 irq=59767 softirq=56 steal=0
RT_CPUSTAT sample=519 cpu=cpu0 user=238421 nice=0 system=9439 idle=2474 iowait=0 irq=13660 softirq=162 steal=0
RT_CPUSTAT sample=519 cpu=cpu1 user=450 nice=0 system=1520 idle=180592 iowait=0 irq=59880 softirq=56 steal=0
RT_CPUSTAT sample=520 cpu=cpu0 user=238864 nice=0 system=9475 idle=2474 iowait=0 irq=13685 softirq=163 steal=0
RT_CPUSTAT sample=520 cpu=cpu1 user=452 nice=0 system=1524 idle=180934 iowait=0 irq=59996 softirq=56 steal=0
RT_CPUSTAT sample=521 cpu=cpu0 user=239283 nice=0 system=9533 idle=2474 iowait=0 irq=13712 softirq=163 steal=0
RT_CPUSTAT sample=521 cpu=cpu1 user=452 nice=0 system=1529 idle=181279 iowait=0 irq=60109 softirq=56 steal=0
RT_CPUSTAT sample=522 cpu=cpu0 user=239751 nice=0 system=9542 idle=2474 iowait=0 irq=13737 softirq=163 steal=0
RT_CPUSTAT sample=522 cpu=cpu1 user=453 nice=0 system=1531 idle=181620 iowait=0 irq=60225 softirq=56 steal=0
RT_CPUSTAT sample=523 cpu=cpu0 user=240193 nice=0 system=9579 idle=2474 iowait=0 irq=13763 softirq=164 steal=0
RT_CPUSTAT sample=523 cpu=cpu1 user=454 nice=0 system=1534 idle=181966 iowait=0 irq=60338 softirq=56 steal=0
RT_CPUSTAT sample=524 cpu=cpu0 user=240650 nice=0 system=9597 idle=2474 iowait=0 irq=13790 softirq=164 steal=0
RT_CPUSTAT sample=524 cpu=cpu1 user=455 nice=0 system=1537 idle=182308 iowait=0 irq=60451 softirq=56 steal=0
RT_CPUSTAT sample=525 cpu=cpu0 user=241123 nice=0 system=9604 idle=2474 iowait=0 irq=13816 softirq=164 steal=0
RT_CPUSTAT sample=525 cpu=cpu1 user=456 nice=0 system=1539 idle=182650 iowait=0 irq=60569 softirq=57 steal=0
RT_CPUSTAT sample=526 cpu=cpu0 user=241599 nice=0 system=9604 idle=2474 iowait=0 irq=13842 softirq=165 steal=0
RT_CPUSTAT sample=526 cpu=cpu1 user=456 nice=0 system=1543 idle=182990 iowait=0 irq=60686 softirq=57 steal=0
RT_CPUSTAT sample=527 cpu=cpu0 user=242071 nice=0 system=9611 idle=2474 iowait=0 irq=13868 softirq=165 steal=0
RT_CPUSTAT sample=527 cpu=cpu1 user=456 nice=0 system=1544 idle=183335 iowait=0 irq=60800 softirq=57 steal=0
RT_CPUSTAT sample=528 cpu=cpu0 user=242525 nice=0 system=9635 idle=2474 iowait=0 irq=13894 softirq=165 steal=0
RT_CPUSTAT sample=528 cpu=cpu1 user=457 nice=0 system=1547 idle=183673 iowait=0 irq=60920 softirq=57 steal=0
RT_CPUSTAT sample=529 cpu=cpu0 user=242991 nice=0 system=9647 idle=2474 iowait=0 irq=13920 softirq=165 steal=0
RT_CPUSTAT sample=529 cpu=cpu1 user=457 nice=0 system=1549 idle=184014 iowait=0 irq=61038 softirq=57 steal=0
RT_CPUSTAT sample=530 cpu=cpu0 user=243470 nice=0 system=9647 idle=2474 iowait=0 irq=13946 softirq=166 steal=0
RT_CPUSTAT sample=530 cpu=cpu1 user=459 nice=0 system=1553 idle=184359 iowait=0 irq=61152 softirq=57 steal=0
RT_CPUSTAT sample=531 cpu=cpu0 user=243916 nice=0 system=9676 idle=2474 iowait=0 irq=13972 softirq=166 steal=0
RT_CPUSTAT sample=531 cpu=cpu1 user=460 nice=0 system=1556 idle=184700 iowait=0 irq=61268 softirq=57 steal=0
RT_CPUSTAT sample=532 cpu=cpu0 user=244381 nice=0 system=9690 idle=2474 iowait=0 irq=13998 softirq=166 steal=0
RT_CPUSTAT sample=532 cpu=cpu1 user=461 nice=0 system=1557 idle=185042 iowait=0 irq=61384 softirq=57 steal=0
RT_CPUSTAT sample=533 cpu=cpu0 user=244846 nice=0 system=9703 idle=2474 iowait=0 irq=14025 softirq=167 steal=0
RT_CPUSTAT sample=533 cpu=cpu1 user=462 nice=0 system=1560 idle=185385 iowait=0 irq=61500 softirq=57 steal=0
RT_CPUSTAT sample=534 cpu=cpu0 user=245315 nice=0 system=9711 idle=2474 iowait=0 irq=14052 softirq=167 steal=0
RT_CPUSTAT sample=534 cpu=cpu1 user=464 nice=0 system=1563 idle=185728 iowait=0 irq=61613 softirq=57 steal=0
RT_CPUSTAT sample=535 cpu=cpu0 user=245770 nice=0 system=9732 idle=2474 iowait=0 irq=14079 softirq=167 steal=0
RT_CPUSTAT sample=535 cpu=cpu1 user=464 nice=0 system=1566 idle=186071 iowait=0 irq=61726 softirq=58 steal=0
RT_CPUSTAT sample=536 cpu=cpu0 user=246205 nice=0 system=9777 idle=2474 iowait=0 irq=14105 softirq=168 steal=0
RT_CPUSTAT sample=536 cpu=cpu1 user=465 nice=0 system=1569 idle=186414 iowait=0 irq=61843 softirq=58 steal=0
RT_CPUSTAT sample=537 cpu=cpu0 user=246650 nice=0 system=9809 idle=2474 iowait=0 irq=14131 softirq=168 steal=0
RT_CPUSTAT sample=537 cpu=cpu1 user=465 nice=0 system=1573 idle=186754 iowait=0 irq=61960 softirq=58 steal=0
RT_CPUSTAT sample=538 cpu=cpu0 user=247110 nice=0 system=9826 idle=2474 iowait=0 irq=14157 softirq=168 steal=0
RT_CPUSTAT sample=538 cpu=cpu1 user=467 nice=0 system=1576 idle=187097 iowait=0 irq=62075 softirq=58 steal=0
RT_CPUSTAT sample=539 cpu=cpu0 user=247557 nice=0 system=9856 idle=2474 iowait=0 irq=14184 softirq=169 steal=0
RT_CPUSTAT sample=539 cpu=cpu1 user=468 nice=0 system=1578 idle=187437 iowait=0 irq=62191 softirq=58 steal=0
RT_CPUSTAT sample=540 cpu=cpu0 user=248012 nice=0 system=9880 idle=2474 iowait=0 irq=14210 softirq=169 steal=0
RT_CPUSTAT sample=540 cpu=cpu1 user=469 nice=0 system=1582 idle=187781 iowait=0 irq=62306 softirq=58 steal=0
RT_CPUSTAT sample=541 cpu=cpu0 user=248489 nice=0 system=9881 idle=2474 iowait=0 irq=14237 softirq=169 steal=0
RT_CPUSTAT sample=541 cpu=cpu1 user=470 nice=0 system=1585 idle=188124 iowait=0 irq=62421 softirq=58 steal=0
RT_CPUSTAT sample=542 cpu=cpu0 user=248966 nice=0 system=9881 idle=2474 iowait=0 irq=14263 softirq=170 steal=0
RT_CPUSTAT sample=542 cpu=cpu1 user=470 nice=0 system=1589 idle=188464 iowait=0 irq=62537 softirq=58 steal=0
RT_CPUSTAT sample=543 cpu=cpu0 user=249438 nice=0 system=9887 idle=2474 iowait=0 irq=14290 softirq=170 steal=0
RT_CPUSTAT sample=543 cpu=cpu1 user=472 nice=0 system=1591 idle=188806 iowait=0 irq=62652 softirq=59 steal=0
RT_CPUSTAT sample=544 cpu=cpu0 user=249907 nice=0 system=9896 idle=2474 iowait=0 irq=14316 softirq=170 steal=0
RT_CPUSTAT sample=544 cpu=cpu1 user=472 nice=0 system=1595 idle=189148 iowait=0 irq=62768 softirq=59 steal=0
RT_CPUSTAT sample=545 cpu=cpu0 user=250384 nice=0 system=9897 idle=2474 iowait=0 irq=14342 softirq=171 steal=0
RT_CPUSTAT sample=545 cpu=cpu1 user=473 nice=0 system=1597 idle=189487 iowait=0 irq=62887 softirq=59 steal=0
RT_CPUSTAT sample=546 cpu=cpu0 user=250859 nice=0 system=9899 idle=2474 iowait=0 irq=14368 softirq=171 steal=0
RT_CPUSTAT sample=546 cpu=cpu1 user=474 nice=0 system=1600 idle=189830 iowait=0 irq=63002 softirq=59 steal=0
RT_CPUSTAT sample=547 cpu=cpu0 user=251290 nice=0 system=9946 idle=2474 iowait=0 irq=14395 softirq=171 steal=0
RT_CPUSTAT sample=547 cpu=cpu1 user=475 nice=0 system=1604 idle=190173 iowait=0 irq=63116 softirq=59 steal=0
RT_CPUSTAT sample=548 cpu=cpu0 user=251745 nice=0 system=9970 idle=2474 iowait=0 irq=14420 softirq=171 steal=0
RT_CPUSTAT sample=548 cpu=cpu1 user=475 nice=0 system=1609 idle=190518 iowait=0 irq=63230 softirq=59 steal=0
RT_CPUSTAT sample=549 cpu=cpu0 user=252191 nice=0 system=10000 idle=2474 iowait=0 irq=14446 softirq=172 steal=0
RT_CPUSTAT sample=549 cpu=cpu1 user=475 nice=0 system=1612 idle=190858 iowait=0 irq=63345 softirq=59 steal=0
RT_CPUSTAT sample=550 cpu=cpu0 user=252664 nice=0 system=10007 idle=2474 iowait=0 irq=14472 softirq=172 steal=0
RT_CPUSTAT sample=550 cpu=cpu1 user=476 nice=0 system=1615 idle=191203 iowait=0 irq=63460 softirq=59 steal=0
RT_CPUSTAT sample=551 cpu=cpu0 user=253124 nice=0 system=10023 idle=2474 iowait=0 irq=14498 softirq=172 steal=0
RT_CPUSTAT sample=551 cpu=cpu1 user=477 nice=0 system=1618 idle=191544 iowait=0 irq=63575 softirq=59 steal=0
RT_CPUSTAT sample=552 cpu=cpu0 user=253556 nice=0 system=10069 idle=2474 iowait=0 irq=14524 softirq=173 steal=0
RT_CPUSTAT sample=552 cpu=cpu1 user=477 nice=0 system=1619 idle=191887 iowait=0 irq=63690 softirq=60 steal=0
RT_CPUSTAT sample=553 cpu=cpu0 user=253994 nice=0 system=10110 idle=2474 iowait=0 irq=14550 softirq=173 steal=0
RT_CPUSTAT sample=553 cpu=cpu1 user=478 nice=0 system=1622 idle=192231 iowait=0 irq=63804 softirq=60 steal=0
RT_CPUSTAT sample=554 cpu=cpu0 user=254454 nice=0 system=10126 idle=2474 iowait=0 irq=14577 softirq=173 steal=0
RT_CPUSTAT sample=554 cpu=cpu1 user=478 nice=0 system=1624 idle=192574 iowait=0 irq=63918 softirq=60 steal=0
RT_CPUSTAT sample=555 cpu=cpu0 user=254900 nice=0 system=10158 idle=2474 iowait=0 irq=14603 softirq=174 steal=0
RT_CPUSTAT sample=555 cpu=cpu1 user=479 nice=0 system=1628 idle=192915 iowait=0 irq=64034 softirq=60 steal=0
RT_CPUSTAT sample=556 cpu=cpu0 user=255351 nice=0 system=10185 idle=2474 iowait=0 irq=14629 softirq=174 steal=0
RT_CPUSTAT sample=556 cpu=cpu1 user=481 nice=0 system=1630 idle=193255 iowait=0 irq=64149 softirq=60 steal=0
RT_CPUSTAT sample=557 cpu=cpu0 user=255827 nice=0 system=10185 idle=2474 iowait=0 irq=14656 softirq=174 steal=0
RT_CPUSTAT sample=557 cpu=cpu1 user=481 nice=0 system=1635 idle=193598 iowait=0 irq=64263 softirq=60 steal=0
RT_CPUSTAT sample=558 cpu=cpu0 user=256305 nice=0 system=10187 idle=2474 iowait=0 irq=14682 softirq=175 steal=0
RT_CPUSTAT sample=558 cpu=cpu1 user=481 nice=0 system=1637 idle=193942 iowait=0 irq=64379 softirq=60 steal=0
RT_CPUSTAT sample=559 cpu=cpu0 user=256763 nice=0 system=10205 idle=2474 iowait=0 irq=14708 softirq=175 steal=0
RT_CPUSTAT sample=559 cpu=cpu1 user=482 nice=0 system=1639 idle=194286 iowait=0 irq=64493 softirq=60 steal=0
RT_CPUSTAT sample=560 cpu=cpu0 user=257233 nice=0 system=10216 idle=2474 iowait=0 irq=14734 softirq=175 steal=0
RT_CPUSTAT sample=560 cpu=cpu1 user=484 nice=0 system=1643 idle=194629 iowait=0 irq=64609 softirq=60 steal=0
RT_CPUSTAT sample=561 cpu=cpu0 user=257711 nice=0 system=10216 idle=2474 iowait=0 irq=14760 softirq=176 steal=0
RT_CPUSTAT sample=561 cpu=cpu1 user=485 nice=0 system=1646 idle=194973 iowait=0 irq=64724 softirq=61 steal=0
RT_CPUSTAT sample=562 cpu=cpu0 user=258186 nice=0 system=10220 idle=2474 iowait=0 irq=14786 softirq=176 steal=0
RT_CPUSTAT sample=562 cpu=cpu1 user=486 nice=0 system=1649 idle=195317 iowait=0 irq=64839 softirq=61 steal=0
RT_CPUSTAT sample=563 cpu=cpu0 user=258626 nice=0 system=10256 idle=2474 iowait=0 irq=14812 softirq=176 steal=0
RT_CPUSTAT sample=563 cpu=cpu1 user=487 nice=0 system=1654 idle=195656 iowait=0 irq=64955 softirq=61 steal=0
RT_CPUSTAT sample=564 cpu=cpu0 user=259094 nice=0 system=10266 idle=2474 iowait=0 irq=14838 softirq=176 steal=0
RT_CPUSTAT sample=564 cpu=cpu1 user=488 nice=0 system=1657 idle=195998 iowait=0 irq=65070 softirq=61 steal=0
RT_CPUSTAT sample=565 cpu=cpu0 user=259545 nice=0 system=10292 idle=2474 iowait=0 irq=14865 softirq=177 steal=0
RT_CPUSTAT sample=565 cpu=cpu1 user=488 nice=0 system=1659 idle=196340 iowait=0 irq=65186 softirq=61 steal=0
RT_CPUSTAT sample=566 cpu=cpu0 user=260016 nice=0 system=10300 idle=2474 iowait=0 irq=14891 softirq=177 steal=0
RT_CPUSTAT sample=566 cpu=cpu1 user=489 nice=0 system=1661 idle=196684 iowait=0 irq=65302 softirq=61 steal=0
RT_CPUSTAT sample=567 cpu=cpu0 user=260473 nice=0 system=10321 idle=2474 iowait=0 irq=14918 softirq=177 steal=0
RT_CPUSTAT sample=567 cpu=cpu1 user=490 nice=0 system=1664 idle=197021 iowait=0 irq=65421 softirq=61 steal=0
RT_CPUSTAT sample=568 cpu=cpu0 user=260908 nice=0 system=10363 idle=2474 iowait=0 irq=14944 softirq=178 steal=0
RT_CPUSTAT sample=568 cpu=cpu1 user=491 nice=0 system=1667 idle=197365 iowait=0 irq=65535 softirq=61 steal=0
RT_CPUSTAT sample=569 cpu=cpu0 user=261366 nice=0 system=10382 idle=2474 iowait=0 irq=14970 softirq=178 steal=0
RT_CPUSTAT sample=569 cpu=cpu1 user=492 nice=0 system=1670 idle=197707 iowait=0 irq=65651 softirq=61 steal=0
RT_CPUSTAT sample=570 cpu=cpu0 user=261828 nice=0 system=10399 idle=2474 iowait=0 irq=14997 softirq=178 steal=0
RT_CPUSTAT sample=570 cpu=cpu1 user=493 nice=0 system=1674 idle=198047 iowait=0 irq=65770 softirq=62 steal=0
RT_CPUSTAT sample=571 cpu=cpu0 user=262271 nice=0 system=10431 idle=2474 iowait=0 irq=15023 softirq=179 steal=0
RT_CPUSTAT sample=571 cpu=cpu1 user=494 nice=0 system=1677 idle=198389 iowait=0 irq=65884 softirq=62 steal=0
RT_CPUSTAT sample=572 cpu=cpu0 user=262724 nice=0 system=10456 idle=2474 iowait=0 irq=15049 softirq=179 steal=0
RT_CPUSTAT sample=572 cpu=cpu1 user=495 nice=0 system=1680 idle=198731 iowait=0 irq=65999 softirq=62 steal=0
RT_CPUSTAT sample=573 cpu=cpu0 user=263202 nice=0 system=10458 idle=2474 iowait=0 irq=15076 softirq=179 steal=0
RT_CPUSTAT sample=573 cpu=cpu1 user=496 nice=0 system=1681 idle=199071 iowait=0 irq=66118 softirq=62 steal=0
RT_CPUSTAT sample=574 cpu=cpu0 user=263680 nice=0 system=10458 idle=2474 iowait=0 irq=15103 softirq=180 steal=0
RT_CPUSTAT sample=574 cpu=cpu1 user=497 nice=0 system=1683 idle=199414 iowait=0 irq=66233 softirq=62 steal=0
RT_CPUSTAT sample=575 cpu=cpu0 user=264153 nice=0 system=10462 idle=2474 iowait=0 irq=15129 softirq=180 steal=0
RT_CPUSTAT sample=575 cpu=cpu1 user=497 nice=0 system=1687 idle=199761 iowait=0 irq=66344 softirq=62 steal=0
RT_CPUSTAT sample=576 cpu=cpu0 user=264625 nice=0 system=10467 idle=2474 iowait=0 irq=15155 softirq=180 steal=0
RT_CPUSTAT sample=576 cpu=cpu1 user=498 nice=0 system=1688 idle=200106 iowait=0 irq=66455 softirq=62 steal=0
RT_CPUSTAT sample=577 cpu=cpu0 user=265102 nice=0 system=10467 idle=2474 iowait=0 irq=15181 softirq=180 steal=0
RT_CPUSTAT sample=577 cpu=cpu1 user=499 nice=0 system=1691 idle=200450 iowait=0 irq=66569 softirq=62 steal=0
RT_CPUSTAT sample=578 cpu=cpu0 user=265571 nice=0 system=10477 idle=2474 iowait=0 irq=15207 softirq=181 steal=0
RT_CPUSTAT sample=578 cpu=cpu1 user=500 nice=0 system=1693 idle=200794 iowait=0 irq=66684 softirq=62 steal=0
RT_CPUSTAT sample=579 cpu=cpu0 user=266017 nice=0 system=10509 idle=2474 iowait=0 irq=15234 softirq=181 steal=0
RT_CPUSTAT sample=579 cpu=cpu1 user=500 nice=0 system=1694 idle=201136 iowait=0 irq=66801 softirq=63 steal=0
RT_CPUSTAT sample=580 cpu=cpu0 user=266468 nice=0 system=10535 idle=2474 iowait=0 irq=15260 softirq=181 steal=0
RT_CPUSTAT sample=580 cpu=cpu1 user=501 nice=0 system=1696 idle=201476 iowait=0 irq=66918 softirq=63 steal=0
RT_CPUSTAT sample=581 cpu=cpu0 user=266925 nice=0 system=10556 idle=2474 iowait=0 irq=15286 softirq=182 steal=0
RT_CPUSTAT sample=581 cpu=cpu1 user=502 nice=0 system=1698 idle=201821 iowait=0 irq=67032 softirq=63 steal=0
RT_CPUSTAT sample=582 cpu=cpu0 user=267373 nice=0 system=10585 idle=2474 iowait=0 irq=15312 softirq=182 steal=0
RT_CPUSTAT sample=582 cpu=cpu1 user=504 nice=0 system=1702 idle=202164 iowait=0 irq=67147 softirq=63 steal=0
RT_CPUSTAT sample=583 cpu=cpu0 user=267829 nice=0 system=10608 idle=2474 iowait=0 irq=15337 softirq=182 steal=0
RT_CPUSTAT sample=583 cpu=cpu1 user=505 nice=0 system=1705 idle=202506 iowait=0 irq=67263 softirq=63 steal=0
RT_CPUSTAT sample=584 cpu=cpu0 user=268244 nice=0 system=10669 idle=2474 iowait=0 irq=15364 softirq=183 steal=0
RT_CPUSTAT sample=584 cpu=cpu1 user=505 nice=0 system=1708 idle=202845 iowait=0 irq=67380 softirq=63 steal=0
RT_CPUSTAT sample=585 cpu=cpu0 user=268712 nice=0 system=10679 idle=2474 iowait=0 irq=15389 softirq=183 steal=0
RT_CPUSTAT sample=585 cpu=cpu1 user=507 nice=0 system=1713 idle=203189 iowait=0 irq=67494 softirq=63 steal=0
RT_CPUSTAT sample=586 cpu=cpu0 user=269151 nice=0 system=10719 idle=2474 iowait=0 irq=15415 softirq=183 steal=0
RT_CPUSTAT sample=586 cpu=cpu1 user=509 nice=0 system=1716 idle=203534 iowait=0 irq=67607 softirq=63 steal=0
RT_CPUSTAT sample=587 cpu=cpu0 user=269585 nice=0 system=10762 idle=2474 iowait=0 irq=15441 softirq=183 steal=0
RT_CPUSTAT sample=587 cpu=cpu1 user=510 nice=0 system=1720 idle=203875 iowait=0 irq=67721 softirq=63 steal=0
RT_CPUSTAT sample=588 cpu=cpu0 user=270039 nice=0 system=10787 idle=2474 iowait=0 irq=15467 softirq=184 steal=0
RT_CPUSTAT sample=588 cpu=cpu1 user=510 nice=0 system=1724 idle=204219 iowait=0 irq=67836 softirq=63 steal=0
RT_CPUSTAT sample=589 cpu=cpu0 user=270515 nice=0 system=10788 idle=2474 iowait=0 irq=15493 softirq=184 steal=0
RT_CPUSTAT sample=589 cpu=cpu1 user=511 nice=0 system=1727 idle=204559 iowait=0 irq=67954 softirq=64 steal=0
RT_CPUSTAT sample=590 cpu=cpu0 user=270994 nice=0 system=10788 idle=2474 iowait=0 irq=15519 softirq=184 steal=0
RT_CPUSTAT sample=590 cpu=cpu1 user=511 nice=0 system=1731 idle=204902 iowait=0 irq=68069 softirq=64 steal=0
RT_CPUSTAT sample=591 cpu=cpu0 user=271461 nice=0 system=10798 idle=2474 iowait=0 irq=15545 softirq=185 steal=0
RT_CPUSTAT sample=591 cpu=cpu1 user=511 nice=0 system=1734 idle=205244 iowait=0 irq=68185 softirq=64 steal=0
RT_CPUSTAT sample=592 cpu=cpu0 user=271936 nice=0 system=10801 idle=2474 iowait=0 irq=15571 softirq=185 steal=0
RT_CPUSTAT sample=592 cpu=cpu1 user=512 nice=0 system=1736 idle=205584 iowait=0 irq=68303 softirq=64 steal=0
RT_CPUSTAT sample=593 cpu=cpu0 user=272414 nice=0 system=10803 idle=2474 iowait=0 irq=15597 softirq=185 steal=0
RT_CPUSTAT sample=593 cpu=cpu1 user=513 nice=0 system=1739 idle=205926 iowait=0 irq=68420 softirq=64 steal=0
RT_CPUSTAT sample=594 cpu=cpu0 user=272858 nice=0 system=10837 idle=2474 iowait=0 irq=15623 softirq=186 steal=0
RT_CPUSTAT sample=594 cpu=cpu1 user=513 nice=0 system=1741 idle=206268 iowait=0 irq=68535 softirq=64 steal=0
RT_CPUSTAT sample=595 cpu=cpu0 user=273309 nice=0 system=10863 idle=2474 iowait=0 irq=15649 softirq=186 steal=0
RT_CPUSTAT sample=595 cpu=cpu1 user=514 nice=0 system=1743 idle=206608 iowait=0 irq=68652 softirq=64 steal=0
RT_CPUSTAT sample=596 cpu=cpu0 user=273765 nice=0 system=10886 idle=2474 iowait=0 irq=15675 softirq=186 steal=0
RT_CPUSTAT sample=596 cpu=cpu1 user=515 nice=0 system=1747 idle=206955 iowait=0 irq=68764 softirq=64 steal=0
RT_CPUSTAT sample=597 cpu=cpu0 user=274229 nice=0 system=10899 idle=2474 iowait=0 irq=15701 softirq=187 steal=0
RT_CPUSTAT sample=597 cpu=cpu1 user=516 nice=0 system=1750 idle=207299 iowait=0 irq=68878 softirq=64 steal=0
RT_CPUSTAT sample=598 cpu=cpu0 user=274685 nice=0 system=10921 idle=2474 iowait=0 irq=15728 softirq=187 steal=0
RT_CPUSTAT sample=598 cpu=cpu1 user=517 nice=0 system=1752 idle=207645 iowait=0 irq=68989 softirq=65 steal=0
RT_CPUSTAT sample=599 cpu=cpu0 user=275119 nice=0 system=10964 idle=2474 iowait=0 irq=15754 softirq=187 steal=0
RT_CPUSTAT sample=599 cpu=cpu1 user=518 nice=0 system=1756 idle=207988 iowait=0 irq=69103 softirq=65 steal=0
RT_CPUSTAT sample=600 cpu=cpu0 user=275538 nice=0 system=11022 idle=2474 iowait=0 irq=15780 softirq=187 steal=0
RT_CPUSTAT sample=600 cpu=cpu1 user=519 nice=0 system=1759 idle=208332 iowait=0 irq=69216 softirq=65 steal=0
RT_CPUSTAT sample=601 cpu=cpu0 user=276012 nice=0 system=11026 idle=2474 iowait=0 irq=15806 softirq=188 steal=0
RT_CPUSTAT sample=601 cpu=cpu1 user=520 nice=0 system=1763 idle=208668 iowait=0 irq=69335 softirq=65 steal=0
RT_CPUSTAT sample=602 cpu=cpu0 user=276457 nice=0 system=11059 idle=2474 iowait=0 irq=15833 softirq=188 steal=0
RT_CPUSTAT sample=602 cpu=cpu1 user=521 nice=0 system=1765 idle=209008 iowait=0 irq=69451 softirq=65 steal=0
RT_CPUSTAT sample=603 cpu=cpu0 user=276917 nice=0 system=11077 idle=2474 iowait=0 irq=15859 softirq=188 steal=0
RT_CPUSTAT sample=603 cpu=cpu1 user=521 nice=0 system=1769 idle=209352 iowait=0 irq=69566 softirq=65 steal=0
RT_CPUSTAT sample=604 cpu=cpu0 user=277381 nice=0 system=11089 idle=2474 iowait=0 irq=15885 softirq=189 steal=0
RT_CPUSTAT sample=604 cpu=cpu1 user=523 nice=0 system=1771 idle=209690 iowait=0 irq=69684 softirq=65 steal=0
RT_CPUSTAT sample=605 cpu=cpu0 user=277858 nice=0 system=11090 idle=2474 iowait=0 irq=15911 softirq=189 steal=0
RT_CPUSTAT sample=605 cpu=cpu1 user=523 nice=0 system=1773 idle=210034 iowait=0 irq=stress-ng: info:  [68] skipped: 0
stress-ng: info:  [68] passed: 3: cpu (2) vm (1)
stress-ng: info:  [68] failed: 0
stress-ng: info:  [68] metrics untrustworthy: 0
stress-ng: info:  [68] successful run completed in 1 hour 2 mins 26.09 secs
69799 softirq=65 steal=0
RT_CPUSTAT sample=606 cpu=cpu0 user=278325 nice=0 system=11101 idle=2474 iowait=0 irq=15937 softirq=189 steal=0
RT_CPUSTAT sample=606 cpu=cpu1 user=524 nice=0 system=1776 idle=210377 iowait=0 irq=69915 softirq=65 steal=0
RT_CPUSTAT sample=607 cpu=cpu0 user=278797 nice=0 system=11105 idle=2474 iowait=0 irq=15964 softirq=190 steal=0
RT_CPUSTAT sample=607 cpu=cpu1 user=525 nice=0 system=1779 idle=210718 iowait=0 irq=70031 softirq=66 steal=0
RT_CPUSTAT sample=608 cpu=cpu0 user=279272 nice=0 system=11108 idle=2474 iowait=0 irq=15989 softirq=190 steal=0
RT_CPUSTAT sample=608 cpu=cpu1 user=525 nice=0 system=1782 idle=211059 iowait=0 irq=70149 softirq=66 steal=0
RT_CPUSTAT sample=609 cpu=cpu0 user=279749 nice=0 system=11110 idle=2474 iowait=0 irq=16015 softirq=190 steal=0
RT_CPUSTAT sample=609 cpu=cpu1 user=528 nice=0 system=1784 idle=211400 iowait=0 irq=70266 softirq=66 steal=0
RT_CPUSTAT sample=610 cpu=cpu0 user=280208 nice=0 system=11129 idle=2474 iowait=0 irq=16042 softirq=191 steal=0
RT_CPUSTAT sample=610 cpu=cpu1 user=528 nice=0 system=1788 idle=211742 iowait=0 irq=70383 softirq=66 steal=0
RT_CPUSTAT sample=611 cpu=cpu0 user=280664 nice=0 system=11150 idle=2474 iowait=0 irq=16068 softirq=191 steal=0
RT_CPUSTAT sample=611 cpu=cpu1 user=529 nice=0 system=1791 idle=212086 iowait=0 irq=70497 softirq=66 steal=0
RT_CPUSTAT sample=612 cpu=cpu0 user=281109 nice=0 system=11183 idle=2474 iowait=0 irq=16094 softirq=191 steal=0
RT_CPUSTAT sample=612 cpu=cpu1 user=530 nice=0 system=1794 idle=212428 iowait=0 irq=70612 softirq=66 steal=0
RT_CPUSTAT sample=613 cpu=cpu0 user=281567 nice=0 system=11201 idle=2474 iowait=0 irq=16121 softirq=191 steal=0
RT_CPUSTAT sample=613 cpu=cpu1 user=530 nice=0 system=1796 idle=212770 iowait=0 irq=70726 softirq=66 steal=0
RT_CPUSTAT sample=614 cpu=cpu0 user=282022 nice=0 system=11224 idle=2474 iowait=0 irq=16147 softirq=192 steal=0
RT_CPUSTAT sample=614 cpu=cpu1 user=531 nice=0 system=1798 idle=213112 iowait=0 irq=70841 softirq=66 steal=0
RT_CPUSTAT sample=615 cpu=cpu0 user=282465 nice=0 system=11257 idle=2474 iowait=0 irq=16173 softirq=192 steal=0
RT_CPUSTAT sample=615 cpu=cpu1 user=531 nice=0 system=1801 idle=213454 iowait=0 irq=70956 softirq=66 steal=0
RT_CPUSTAT sample=616 cpu=cpu0 user=282915 nice=0 system=11286 idle=2474 iowait=0 irq=16199 softirq=192 steal=0
RT_CPUSTAT sample=616 cpu=cpu1 user=532 nice=0 system=1804 idle=213799 iowait=0 irq=71069 softirq=66 steal=0
RT_CPUSTAT sample=617 cpu=cpu0 user=283382 nice=0 system=11299 idle=2474 iowait=0 irq=16225 softirq=193 steal=0
RT_CPUSTAT sample=617 cpu=cpu1 user=533 nice=0 system=1806 idle=214143 iowait=0 irq=71184 softirq=67 steal=0
RT_CPUSTAT sample=618 cpu=cpu0 user=283817 nice=0 system=11341 idle=2474 iowait=0 irq=16251 softirq=193 steal=0
RT_CPUSTAT sample=618 cpu=cpu1 user=534 nice=0 system=1810 idle=214486 iowait=0 irq=71297 softirq=67 steal=0
RT_CPUSTAT sample=619 cpu=cpu0 user=284271 nice=0 system=11363 idle=2474 iowait=0 irq=16277 softirq=193 steal=0
RT_CPUSTAT sample=619 cpu=cpu1 user=535 nice=0 system=1813 idle=214829 iowait=0 irq=71411 softirq=67 steal=0
RT_CPUSTAT sample=620 cpu=cpu0 user=284749 nice=0 system=11364 idle=2474 iowait=0 irq=16304 softirq=194 steal=0
RT_CPUSTAT sample=620 cpu=cpu1 user=535 nice=0 system=1817 idle=215172 iowait=0 irq=71527 softirq=67 steal=0
RT_CPUSTAT sample=621 cpu=cpu0 user=285225 nice=0 system=11365 idle=2474 iowait=0 irq=16331 softirq=194 steal=0
RT_CPUSTAT sample=621 cpu=cpu1 user=537 nice=0 system=1821 idle=215512 iowait=0 irq=71644 softirq=67 steal=0
RT_CPUSTAT sample=622 cpu=cpu0 user=285691 nice=0 system=11378 idle=2474 iowait=0 irq=16357 softirq=194 steal=0
RT_CPUSTAT sample=622 cpu=cpu1 user=538 nice=0 system=1824 idle=215855 iowait=0 irq=71760 softirq=67 steal=0
RT_CPUSTAT sample=623 cpu=cpu0 user=286161 nice=0 system=11386 idle=2474 iowait=0 irq=16383 softirq=194 steal=0
RT_CPUSTAT sample=623 cpu=cpu1 user=538 nice=0 system=1827 idle=216196 iowait=0 irq=71876 softirq=67 steal=0
RT_CPUSTAT sample=624 cpu=cpu0 user=286639 nice=0 system=11386 idle=2474 iowait=0 irq=16409 softirq=195 steal=0
RT_CPUSTAT sample=624 cpu=cpu1 user=539 nice=0 system=1829 idle=216538 iowait=0 irq=71993 softirq=67 steal=0
RT_CPUSTAT sample=625 cpu=cpu0 user=287113 nice=0 system=11390 idle=2474 iowait=0 irq=16435 softirq=195 steal=0
RT_CPUSTAT sample=625 cpu=cpu1 user=540 nice=0 system=1832 idle=216883 iowait=0 irq=72107 softirq=68 steal=0
RT_CPUSTAT sample=626 cpu=cpu0 user=287553 nice=0 system=11426 idle=2474 iowait=0 irq=16461 softirq=195 steal=0
RT_CPUSTAT sample=626 cpu=cpu1 user=540 nice=0 system=1834 idle=217227 iowait=0 irq=72220 softirq=68 steal=0
RT_CPUSTAT sample=627 cpu=cpu0 user=288015 nice=0 system=11445 idle=2474 iowait=0 irq=16487 softirq=196 steal=0
RT_CPUSTAT sample=627 cpu=cpu1 user=541 nice=0 system=1837 idle=217572 iowait=0 irq=72335 softirq=68 steal=0
RT_CPUSTAT sample=628 cpu=cpu0 user=288470 nice=0 system=11466 idle=2474 iowait=0 irq=16514 softirq=196 steal=0
RT_CPUSTAT sample=628 cpu=cpu1 user=541 nice=0 system=1839 idle=217914 iowait=0 irq=72449 softirq=68 steal=0
RT_CPUSTAT sample=629 cpu=cpu0 user=288939 nice=0 system=11475 idle=2474 iowait=0 irq=16540 softirq=196 steal=0
RT_CPUSTAT sample=629 cpu=cpu1 user=542 nice=0 system=1843 idle=218258 iowait=0 irq=72564 softirq=68 steal=0
RT_CPUSTAT sample=630 cpu=cpu0 user=289398 nice=0 system=11496 idle=2474 iowait=0 irq=16566 softirq=197 steal=0
RT_CPUSTAT sample=630 cpu=cpu1 user=544 nice=0 system=1846 idle=218603 iowait=0 irq=72678 softirq=68 steal=0
RT_CPUSTAT sample=631 cpu=cpu0 user=289828 nice=0 system=11543 idle=2474 iowait=0 irq=16592 softirq=197 steal=0
RT_CPUSTAT sample=631 cpu=cpu1 user=545 nice=0 system=1849 idle=218946 iowait=0 irq=72792 softirq=68 steal=0
RT_CPUSTAT sample=632 cpu=cpu0 user=290280 nice=0 system=11567 idle=2474 iowait=0 irq=16619 softirq=197 steal=0
RT_CPUSTAT sample=632 cpu=cpu1 user=547 nice=0 system=1853 idle=219286 iowait=0 irq=72907 softirq=68 steal=0
RT_CPUSTAT sample=633 cpu=cpu0 user=290734 nice=0 system=11591 idle=2474 iowait=0 irq=16645 softirq=198 steal=0
RT_CPUSTAT sample=633 cpu=cpu1 user=547 nice=0 system=1855 idle=219631 iowait=0 irq=73022 softirq=68 steal=0
RT_CPUSTAT sample=634 cpu=cpu0 user=291191 nice=0 system=11614 idle=2474 iowait=0 irq=16671 softirq=198 steal=0
RT_CPUSTAT sample=634 cpu=cpu1 user=547 nice=0 system=1857 idle=219974 iowait=0 irq=73137 softirq=69 steal=0
RT_CPUSTAT sample=635 cpu=cpu0 user=291645 nice=0 system=11639 idle=2474 iowait=0 irq=16696 softirq=198 steal=0
RT_CPUSTAT sample=635 cpu=cpu1 user=548 nice=0 system=1861 idle=220321 iowait=0 irq=73249 softirq=69 steal=0
RT_CPUSTAT sample=636 cpu=cpu0 user=292121 nice=0 system=11639 idle=2474 iowait=0 irq=16722 softirq=198 steal=0
RT_CPUSTAT sample=636 cpu=cpu1 user=549 nice=0 system=1864 idle=220666 iowait=0 irq=73362 softirq=69 steal=0
RT_CPUSTAT sample=637 cpu=cpu0 user=292599 nice=0 system=11640 idle=2474 iowait=0 irq=16748 softirq=199 steal=0
RT_CPUSTAT sample=637 cpu=cpu1 user=549 nice=0 system=1867 idle=221016 iowait=0 irq=73471 softirq=69 steal=0
RT_CPUSTAT sample=638 cpu=cpu0 user=293071 nice=0 system=11646 idle=2474 iowait=0 irq=16774 softirq=199 steal=0
RT_CPUSTAT sample=638 cpu=cpu1 user=550 nice=0 system=1871 idle=221363 iowait=0 irq=73582 softirq=69 steal=0
RT_CPUSTAT sample=639 cpu=cpu0 user=293544 nice=0 system=11651 idle=2474 iowait=0 irq=16800 softirq=199 steal=0
RT_CPUSTAT sample=639 cpu=cpu1 user=551 nice=0 system=1875 idle=221707 iowait=0 irq=73697 softirq=69 steal=0
RT_CPUSTAT sample=640 cpu=cpu0 user=294022 nice=0 system=11652 idle=2474 iowait=0 irq=16825 softirq=200 steal=0
RT_CPUSTAT sample=640 cpu=cpu1 user=552 nice=0 system=1878 idle=222048 iowait=0 irq=73813 softirq=69 steal=0
RT_CPUSTAT sample=641 cpu=cpu0 user=294488 nice=0 system=11664 idle=2474 iowait=0 irq=16851 softirq=200 steal=0
RT_CPUSTAT sample=641 cpu=cpu1 user=553 nice=0 system=1881 idle=222392 iowait=0 irq=73927 softirq=69 steal=0
RT_CPUSTAT sample=642 cpu=cpu0 user=294948 nice=0 system=11682 idle=2474 iowait=0 irq=16878 softirq=200 steal=0
RT_CPUSTAT sample=642 cpu=cpu1 user=554 nice=0 system=1884 idle=222734 iowait=0 irq=74043 softirq=69 steal=0
RT_CPUSTAT sample=643 cpu=cpu0 user=295407 nice=0 system=11700 idle=2474 iowait=0 irq=16904 softirq=200 steal=0
RT_CPUSTAT sample=643 cpu=cpu1 user=554 nice=0 system=1887 idle=223074 iowait=0 irq=74159 softirq=70 steal=0
RT_CPUSTAT sample=644 cpu=cpu0 user=295864 nice=0 system=11719 idle=2474 iowait=0 irq=16931 softirq=201 steal=0
RT_CPUSTAT sample=644 cpu=cpu1 user=556 nice=0 system=1889 idle=223418 iowait=0 irq=74273 softirq=70 steal=0
RT_CPUSTAT sample=645 cpu=cpu0 user=296333 nice=0 system=11730 idle=2474 iowait=0 irq=16957 softirq=201 steal=0
RT_CPUSTAT sample=645 cpu=cpu1 user=556 nice=0 system=1890 idle=223759 iowait=0 irq=74391 softirq=70 steal=0
RT_CPUSTAT sample=646 cpu=cpu0 user=296785 nice=0 system=11754 idle=2474 iowait=0 irq=16984 softirq=201 steal=0
RT_CPUSTAT sample=646 cpu=cpu1 user=558 nice=0 system=1892 idle=224100 iowait=0 irq=74507 softirq=70 steal=0
RT_CPUSTAT sample=647 cpu=cpu0 user=297205 nice=0 system=11812 idle=2474 iowait=0 irq=17010 softirq=202 steal=0
RT_CPUSTAT sample=647 cpu=cpu1 user=559 nice=0 system=1895 idle=224445 iowait=0 irq=74622 softirq=70 steal=0
RT_CPUSTAT sample=648 cpu=cpu0 user=297670 nice=0 system=11824 idle=2474 iowait=0 irq=17037 softirq=202 steal=0
RT_CPUSTAT sample=648 cpu=cpu1 user=559 nice=0 system=1896 idle=224788 iowait=0 irq=74735 softirq=70 steal=0
RT_CPUSTAT sample=649 cpu=cpu0 user=298110 nice=0 system=11861 idle=2474 iowait=0 irq=17063 softirq=202 steal=0
RT_CPUSTAT sample=649 cpu=cpu1 user=561 nice=0 system=1898 idle=225131 iowait=0 irq=74850 softirq=70 steal=0
RT_CPUSTAT sample=650 cpu=cpu0 user=298561 nice=0 system=11888 idle=2474 iowait=0 irq=17090 softirq=203 steal=0
RT_CPUSTAT sample=650 cpu=cpu1 user=562 nice=0 system=1899 idle=225479 iowait=0 irq=74962 softirq=70 steal=0
RT_CPUSTAT sample=651 cpu=cpu0 user=299024 nice=0 system=11904 idle=2474 iowait=0 irq=17116 softirq=203 steal=0
RT_CPUSTAT sample=651 cpu=cpu1 user=564 nice=0 system=1902 idle=225820 iowait=0 irq=75079 softirq=70 steal=0
RT_CPUSTAT sample=652 cpu=cpu0 user=299500 nice=0 system=11904 idle=2474 iowait=0 irq=17142 softirq=203 steal=0
RT_CPUSTAT sample=652 cpu=cpu1 user=564 nice=0 system=1904 idle=226163 iowait=0 irq=75193 softirq=71 steal=0
RT_CPUSTAT sample=653 cpu=cpu0 user=299978 nice=0 system=11905 idle=2474 iowait=0 irq=17168 softirq=204 steal=0
RT_CPUSTAT sample=653 cpu=cpu1 user=565 nice=0 system=1909 idle=226506 iowait=0 irq=75309 softirq=71 steal=0
RT_CPUSTAT sample=654 cpu=cpu0 user=300447 nice=0 system=11913 idle=2474 iowait=0 irq=17195 softirq=204 steal=0
RT_CPUSTAT sample=654 cpu=cpu1 user=566 nice=0 system=1913 idle=226848 iowait=0 irq=75424 softirq=71 steal=0
RT_CPUSTAT sample=655 cpu=cpu0 user=300923 nice=0 system=11917 idle=2474 iowait=0 irq=17220 softirq=204 steal=0
RT_CPUSTAT sample=655 cpu=cpu1 user=567 nice=0 system=1914 idle=227189 iowait=0 irq=75542 softirq=71 steal=0
RT_CPUSTAT sample=656 cpu=cpu0 user=301399 nice=0 system=11918 idle=2474 iowait=0 irq=17247 softirq=205 steal=0
RT_CPUSTAT sample=656 cpu=cpu1 user=568 nice=0 system=1917 idle=227532 iowait=0 irq=75657 softirq=71 steal=0
RT_CPUSTAT sample=657 cpu=cpu0 user=301859 nice=0 system=11936 idle=2474 iowait=0 irq=17273 softirq=205 steal=0
RT_CPUSTAT sample=657 cpu=cpu1 user=569 nice=0 system=1919 idle=227876 iowait=0 irq=75771 softirq=71 steal=0
RT_CPUSTAT sample=658 cpu=cpu0 user=302306 nice=0 system=11966 idle=2474 iowait=0 irq=17299 softirq=205 steal=0
RT_CPUSTAT sample=658 cpu=cpu1 user=570 nice=0 system=1920 idle=228217 iowait=0 irq=75885 softirq=71 steal=0
RT_CPUSTAT sample=659 cpu=cpu0 user=302766 nice=0 system=11985 idle=2474 iowait=0 irq=17325 softirq=205 steal=0
RT_CPUSTAT sample=659 cpu=cpu1 user=571 nice=0 system=1923 idle=228562 iowait=0 irq=75999 softirq=71 steal=0
RT_CPUSTAT sample=660 cpu=cpu0 user=303218 nice=0 system=12010 idle=2474 iowait=0 irq=17352 softirq=206 steal=0
RT_CPUSTAT sample=660 cpu=cpu1 user=572 nice=0 system=1926 idle=228906 iowait=0 irq=76112 softirq=72 steal=0
RT_CPUSTAT sample=661 cpu=cpu0 user=303685 nice=0 system=12022 idle=2474 iowait=0 irq=17378 softirq=206 steal=0
RT_CPUSTAT sample=661 cpu=cpu1 user=573 nice=0 system=1929 idle=229251 iowait=0 irq=76224 softirq=72 steal=0
RT_CPUSTAT sample=662 cpu=cpu0 user=304143 nice=0 system=12041 idle=2474 iowait=0 irq=17405 softirq=206 steal=0
RT_CPUSTAT sample=662 cpu=cpu1 user=574 nice=0 system=1933 idle=229596 iowait=0 irq=76337 softirq=72 steal=0
RT_CPUSTAT sample=663 cpu=cpu0 user=304542 nice=0 system=12122 idle=2474 iowait=0 irq=17431 softirq=207 steal=0
RT_CPUSTAT sample=663 cpu=cpu1 user=576 nice=0 system=1937 idle=229943 iowait=0 irq=76448 softirq=72 steal=0
RT_CPUSTAT sample=664 cpu=cpu0 user=305004 nice=0 system=12136 idle=2474 iowait=0 irq=17458 softirq=207 steal=0
RT_CPUSTAT sample=664 cpu=cpu1 user=577 nice=0 system=1942 idle=230289 iowait=0 irq=76559 softirq=72 steal=0
RT_CPUSTAT sample=665 cpu=cpu0 user=305456 nice=0 system=12160 idle=2474 iowait=0 irq=17484 softirq=207 steal=0
RT_CPUSTAT sample=665 cpu=cpu1 user=578 nice=0 system=1946 idle=230632 iowait=0 irq=76673 softirq=72 steal=0
RT_CPUSTAT sample=666 cpu=cpu0 user=305913 nice=0 system=12180 idle=2474 iowait=0 irq=17511 softirq=208 steal=0
RT_CPUSTAT sample=666 cpu=cpu1 user=581 nice=0 system=1949 idle=230974 iowait=0 irq=76787 softirq=72 steal=0
RT_CPUSTAT sample=667 cpu=cpu0 user=306380 nice=0 system=12192 idle=2474 iowait=0 irq=17537 softirq=208 steal=0
RT_CPUSTAT sample=667 cpu=cpu1 user=581 nice=0 system=1950 idle=231318 iowait=0 irq=76901 softirq=72 steal=0
RT_CPUSTAT sample=668 cpu=cpu0 user=306856 nice=0 system=12192 idle=2474 iowait=0 irq=17564 softirq=208 steal=0
RT_CPUSTAT sample=668 cpu=cpu1 user=582 nice=0 system=1953 idle=231660 iowait=0 irq=77015 softirq=72 steal=0
RT_CPUSTAT sample=669 cpu=cpu0 user=307322 nice=0 system=12205 idle=2474 iowait=0 irq=17590 softirq=209 steal=0
RT_CPUSTAT sample=669 cpu=cpu1 user=583 nice=0 system=1956 idle=232003 iowait=0 irq=77132 softirq=73 steal=0
RT_CPUSTAT sample=670 cpu=cpu0 user=307794 nice=0 system=12212 idle=2474 iowait=0 irq=17616 softirq=209 steal=0
RT_CPUSTAT sample=670 cpu=cpu1 user=584 nice=0 system=1960 idle=232347 iowait=0 irq=77247 softirq=73 steal=0
RT_CPUSTAT sample=671 cpu=cpu0 user=308269 nice=0 system=12216 idle=2474 iowait=0 irq=17641 softirq=209 steal=0
RT_CPUSTAT sample=671 cpu=cpu1 user=584 nice=0 system=1962 idle=232689 iowait=0 irq=77364 softirq=73 steal=0
RT_CPUSTAT sample=672 cpu=cpu0 user=308744 nice=0 system=12217 idle=2474 iowait=0 irq=17667 softirq=209 steal=0
RT_CPUSTAT sample=672 cpu=cpu1 user=586 nice=0 system=1965 idle=233030 iowait=0 irq=77479 softirq=73 steal=0
RT_CPUSTAT sample=673 cpu=cpu0 user=309198 nice=0 system=12241 idle=2474 iowait=0 irq=17694 softirq=210 steal=0
RT_CPUSTAT sample=673 cpu=cpu1 user=588 nice=0 system=1968 idle=233374 iowait=0 irq=77594 softirq=73 steal=0
RT_CPUSTAT sample=674 cpu=cpu0 user=309649 nice=0 system=12266 idle=2474 iowait=0 irq=17720 softirq=210 steal=0
RT_CPUSTAT sample=674 cpu=cpu1 user=588 nice=0 system=1972 idle=233719 iowait=0 irq=77706 softirq=73 steal=0
RT_CPUSTAT sample=675 cpu=cpu0 user=310110 nice=0 system=12283 idle=2474 iowait=0 irq=17747 softirq=210 steal=0
RT_CPUSTAT sample=675 cpu=cpu1 user=589 nice=0 system=1975 idle=234059 iowait=0 irq=77824 softirq=73 steal=0
RT_CPUSTAT sample=676 cpu=cpu0 user=310566 nice=0 system=12304 idle=2474 iowait=0 irq=17773 softirq=211 steal=0
RT_CPUSTAT sample=676 cpu=cpu1 user=590 nice=0 system=1978 idle=234401 iowait=0 irq=77939 softirq=73 steal=0
RT_CPUSTAT sample=677 cpu=cpu0 user=311014 nice=0 system=12334 idle=2474 iowait=0 irq=17799 softirq=211 steal=0
RT_CPUSTAT sample=677 cpu=cpu1 user=590 nice=0 system=1982 idle=234744 iowait=0 irq=78054 softirq=73 steal=0
RT_CPUSTAT sample=678 cpu=cpu0 user=311441 nice=0 system=12384 idle=2474 iowait=0 irq=17824 softirq=211 steal=0
RT_CPUSTAT sample=678 cpu=cpu1 user=591 nice=0 system=1986 idle=235088 iowait=0 irq=78166 softirq=74 steal=0
RT_CPUSTAT sample=679 cpu=cpu0 user=311875 nice=0 system=12428 idle=2474 iowait=0 irq=17850 softirq=212 steal=0
RT_CPUSTAT sample=679 cpu=cpu1 user=593 nice=0 system=1988 idle=235430 iowait=0 irq=78281 softirq=74 steal=0
RT_CPUSTAT sample=680 cpu=cpu0 user=312348 nice=0 system=12433 idle=2474 iowait=0 irq=17877 softirq=212 steal=0
RT_CPUSTAT sample=680 cpu=cpu1 user=594 nice=0 system=1992 idle=235773 iowait=0 irq=78396 softirq=74 steal=0
RT_CPUSTAT sample=681 cpu=cpu0 user=312801 nice=0 system=12458 idle=2474 iowait=0 irq=17903 softirq=212 steal=0
RT_CPUSTAT sample=681 cpu=cpu1 user=595 nice=0 system=1994 idle=236115 iowait=0 irq=78513 softirq=74 steal=0
RT_CPUSTAT sample=682 cpu=cpu0 user=313253 nice=0 system=12483 idle=2474 iowait=0 irq=17930 softirq=213 steal=0
RT_CPUSTAT sample=682 cpu=cpu1 user=596 nice=0 system=1996 idle=236454 iowait=0 irq=78631 softirq=74 steal=0
RT_CPUSTAT sample=683 cpu=cpu0 user=313719 nice=0 system=12493 idle=2474 iowait=0 irq=17957 softirq=213 steal=0
RT_CPUSTAT sample=683 cpu=cpu1 user=596 nice=0 system=1998 idle=236791 iowait=0 irq=78750 softirq=74 steal=0
RT_CPUSTAT sample=684 cpu=cpu0 user=314196 nice=0 system=12494 idle=2474 iowait=0 irq=17984 softirq=213 steal=0
RT_CPUSTAT sample=684 cpu=cpu1 user=598 nice=0 system=1999 idle=237133 iowait=0 irq=78866 softirq=74 steal=0
RT_CPUSTAT sample=685 cpu=cpu0 user=314668 nice=0 system=12499 idle=2474 iowait=0 irq=18010 softirq=214 steal=0
RT_CPUSTAT sample=685 cpu=cpu1 user=598 nice=0 system=2001 idle=237478 iowait=0 irq=78978 softirq=74 steal=0
RT_CPUSTAT sample=686 cpu=cpu0 user=315140 nice=0 system=12506 idle=2474 iowait=0 irq=18036 softirq=214 steal=0
RT_CPUSTAT sample=686 cpu=cpu1 user=598 nice=0 system=2005 idle=237819 iowait=0 irq=79095 softirq=74 steal=0
RT_CPUSTAT sample=687 cpu=cpu0 user=315613 nice=0 system=12508 idle=2474 iowait=0 irq=18062 softirq=214 steal=0
RT_CPUSTAT sample=687 cpu=cpu1 user=598 nice=0 system=2008 idle=238159 iowait=0 irq=79211 softirq=74 steal=0
RT_CPUSTAT sample=688 cpu=cpu0 user=316091 nice=0 system=12509 idle=2474 iowait=0 irq=18089 softirq=214 steal=0
RT_CPUSTAT sample=688 cpu=cpu1 user=599 nice=0 system=2010 idle=238508 iowait=0 irq=79322 softirq=75 steal=0
RT_CPUSTAT sample=689 cpu=cpu0 user=316535 nice=0 system=12542 idle=2474 iowait=0 irq=18116 softirq=215 steal=0
RT_CPUSTAT sample=689 cpu=cpu1 user=600 nice=0 system=2014 idle=238849 iowait=0 irq=79439 softirq=75 steal=0
RT_CPUSTAT sample=690 cpu=cpu0 user=316990 nice=0 system=12565 idle=2474 iowait=0 irq=18142 softirq=215 steal=0
RT_CPUSTAT sample=690 cpu=cpu1 user=601 nice=0 system=2017 idle=239190 iowait=0 irq=79553 softirq=75 steal=0
RT_CPUSTAT sample=691 cpu=cpu0 user=317450 nice=0 system=12581 idle=2474 iowait=0 irq=18169 softirq=215 steal=0
RT_CPUSTAT sample=691 cpu=cpu1 user=601 nice=0 system=2020 idle=239534 iowait=0 irq=79667 softirq=75 steal=0
RT_CPUSTAT sample=692 cpu=cpu0 user=317918 nice=0 system=12591 idle=2474 iowait=0 irq=18196 softirq=216 steal=0
RT_CPUSTAT sample=692 cpu=cpu1 user=601 nice=0 system=2022 idle=239877 iowait=0 irq=79783 softirq=75 steal=0
RT_CPUSTAT sample=693 cpu=cpu0 user=318361 nice=0 system=12624 idle=2474 iowait=0 irq=18222 softirq=216 steal=0
RT_CPUSTAT sample=693 cpu=cpu1 user=603 nice=0 system=2028 idle=240221 iowait=0 irq=79896 softirq=75 steal=0
RT_CPUSTAT sample=694 cpu=cpu0 user=318801 nice=0 system=12662 idle=2474 iowait=0 irq=18248 softirq=216 steal=0
RT_CPUSTAT sample=694 cpu=cpu1 user=604 nice=0 system=2032 idle=240568 iowait=0 irq=80007 softirq=75 steal=0
RT_CPUSTAT sample=695 cpu=cpu0 user=319261 nice=0 system=12680 idle=2474 iowait=0 irq=18275 softirq=217 steal=0
RT_CPUSTAT sample=695 cpu=cpu1 user=605 nice=0 system=2034 idle=240910 iowait=0 irq=80123 softirq=75 steal=0
RT_CPUSTAT sample=696 cpu=cpu0 user=319713 nice=0 system=12706 idle=2474 iowait=0 irq=18301 softirq=217 steal=0
RT_CPUSTAT sample=696 cpu=cpu1 user=605 nice=0 system=2035 idle=241251 iowait=0 irq=80239 softirq=75 steal=0
RT_CPUSTAT sample=697 cpu=cpu0 user=320154 nice=0 system=12741 idle=2474 iowait=0 irq=18328 softirq=217 steal=0
RT_CPUSTAT sample=697 cpu=cpu1 user=606 nice=0 system=2037 idle=241590 iowait=0 irq=80355 softirq=76 steal=0
RT_CPUSTAT sample=698 cpu=cpu0 user=320594 nice=0 system=12779 idle=2474 iowait=0 irq=18354 softirq=218 steal=0
RT_CPUSTAT sample=698 cpu=cpu1 user=608 nice=0 system=2041 idle=241937 iowait=0 irq=80467 softirq=76 steal=0
RT_CPUSTAT sample=699 cpu=cpu0 user=321072 nice=0 system=12779 idle=2474 iowait=0 irq=18380 softirq=218 steal=0
RT_CPUSTAT sample=699 cpu=cpu1 user=609 nice=0 system=2043 idle=242282 iowait=0 irq=80580 softirq=76 steal=0
RT_CPUSTAT sample=700 cpu=cpu0 user=321548 nice=0 system=12780 idle=2474 iowait=0 irq=18407 softirq=218 steal=0
RT_CPUSTAT sample=700 cpu=cpu1 user=610 nice=0 system=2046 idle=242619 iowait=0 irq=80700 softirq=76 steal=0
RT_CPUSTAT sample=701 cpu=cpu0 user=322009 nice=0 system=12797 idle=2474 iowait=0 irq=18433 softirq=219 steal=0
RT_CPUSTAT sample=701 cpu=cpu1 user=611 nice=0 system=2049 idle=242963 iowait=0 irq=80814 softirq=76 steal=0
RT_CPUSTAT sample=702 cpu=cpu0 user=322480 nice=0 system=12804 idle=2474 iowait=0 irq=18460 softirq=219 steal=0
RT_CPUSTAT sample=702 cpu=cpu1 user=612 nice=0 system=2053 idle=243303 iowait=0 irq=80931 softirq=76 steal=0
RT_CPUSTAT sample=703 cpu=cpu0 user=322955 nice=0 system=12804 idle=2474 iowait=0 irq=18487 softirq=219 steal=0
RT_CPUSTAT sample=703 cpu=cpu1 user=612 nice=0 system=2057 idle=243647 iowait=0 irq=81043 softirq=76 steal=0
RT_CPUSTAT sample=704 cpu=cpu0 user=323425 nice=0 system=12811 idle=2474 iowait=0 irq=18513 softirq=219 steal=0
RT_CPUSTAT sample=704 cpu=cpu1 user=613 nice=0 system=2059 idle=243988 iowait=0 irq=81160 softirq=76 steal=0
RT_CPUSTAT sample=705 cpu=cpu0 user=323855 nice=0 system=12860 idle=2474 iowait=0 irq=18539 softirq=220 steal=0
RT_CPUSTAT sample=705 cpu=cpu1 user=614 nice=0 system=2062 idle=244332 iowait=0 irq=81274 softirq=76 steal=0
RT_CPUSTAT sample=706 cpu=cpu0 user=324323 nice=0 system=12869 idle=2474 iowait=0 irq=18565 softirq=220 steal=0
RT_CPUSTAT sample=706 cpu=cpu1 user=615 nice=0 system=2063 idle=244673 iowait=0 irq=81390 softirq=77 steal=0
RT_CPUSTAT sample=707 cpu=cpu0 user=324775 nice=0 system=12895 idle=2474 iowait=0 irq=18592 softirq=220 steal=0
RT_CPUSTAT sample=707 cpu=cpu1 user=616 nice=0 system=2066 idle=245017 iowait=0 irq=81505 softirq=77 steal=0
RT_CPUSTAT sample=708 cpu=cpu0 user=325244 nice=0 system=12903 idle=2474 iowait=0 irq=18619 softirq=221 steal=0
RT_CPUSTAT sample=708 cpu=cpu1 user=617 nice=0 system=2070 idle=245359 iowait=0 irq=81620 softirq=77 steal=0
RT_CPUSTAT sample=709 cpu=cpu0 user=325706 nice=0 system=12918 idle=2474 iowait=0 irq=18645 softirq=221 steal=0
RT_CPUSTAT sample=709 cpu=cpu1 user=617 nice=0 system=2072 idle=245693 iowait=0 irq=81741 softirq=77 steal=0
RT_CPUSTAT sample=710 cpu=cpu0 user=326147 nice=0 system=12953 idle=2474 iowait=0 irq=18672 softirq=221 steal=0
RT_CPUSTAT sample=710 cpu=cpu1 user=618 nice=0 system=2074 idle=246033 iowait=0 irq=81856 softirq=77 steal=0
RT_CPUSTAT sample=711 cpu=cpu0 user=326600 nice=0 system=12978 idle=2474 iowait=0 irq=18698 softirq=222 steal=0
RT_CPUSTAT sample=711 cpu=cpu1 user=619 nice=0 system=2078 idle=246377 iowait=0 irq=81971 softirq=77 steal=0
RT_CPUSTAT sample=712 cpu=cpu0 user=327058 nice=0 system=12998 idle=2474 iowait=0 irq=18725 softirq=222 steal=0
RT_CPUSTAT sample=712 cpu=cpu1 user=620 nice=0 system=2080 idle=246718 iowait=0 irq=82087 softirq=77 steal=0
RT_CPUSTAT sample=713 cpu=cpu0 user=327520 nice=0 system=13013 idle=2474 iowait=0 irq=18751 softirq=222 steal=0
RT_CPUSTAT sample=713 cpu=cpu1 user=621 nice=0 system=2082 idle=247062 iowait=0 irq=82202 softirq=77 steal=0
RT_CPUSTAT sample=714 cpu=cpu0 user=328140 nice=0 system=13044 idle=2474 iowait=0 irq=18786 softirq=223 steal=0
RT_CPUSTAT sample=714 cpu=cpu1 user=623 nice=0 system=2085 idle=247781 iowait=0 irq=82278 softirq=77 steal=0
RT_CPUSTAT sample=715 cpu=cpu0 user=328684 nice=0 system=13045 idle=2474 iowait=0 irq=18815 softirq=223 steal=0
RT_CPUSTAT sample=715 cpu=cpu1 user=623 nice=0 system=2085 idle=248501 iowait=0 irq=82278 softirq=77 steal=0
RT_CPUSTAT sample=716 cpu=cpu0 user=329201 nice=0 system=13051 idle=2474 iowait=0 irq=18844 softirq=223 steal=0
RT_CPUSTAT sample=716 cpu=cpu1 user=623 nice=0 system=2085 idle=249196 iowait=0 irq=82278 softirq=77 steal=0
RT_CPUSTAT sample=717 cpu=cpu0 user=329697 nice=0 system=13055 idle=2474 iowait=0 irq=18878 softirq=224 steal=0
RT_CPUSTAT sample=717 cpu=cpu1 user=623 nice=0 system=2085 idle=249878 iowait=0 irq=82278 softirq=77 steal=0
RT_CPUSTAT sample=718 cpu=cpu0 user=330198 nice=0 system=13057 idle=2474 iowait=0 irq=18906 softirq=224 steal=0
RT_CPUSTAT sample=718 cpu=cpu1 user=623 nice=0 system=2085 idle=250553 iowait=0 irq=82278 softirq=77 steal=0
RT_CPUSTAT sample=719 cpu=cpu0 user=330697 nice=0 system=13061 idle=2474 iowait=0 irq=18933 softirq=224 steal=0
RT_CPUSTAT sample=719 cpu=cpu1 user=623 nice=0 system=2085 idle=251228 iowait=0 irq=82278 softirq=77 steal=0
RT_CPUSTAT sample=720 cpu=cpu0 user=331160 nice=0 system=13091 idle=2474 iowait=0 irq=18959 softirq=224 steal=0
RT_CPUSTAT sample=720 cpu=cpu1 user=623 nice=0 system=2085 idle=251891 iowait=0 irq=82278 softirq=77 steal=0
RT_CPUSTAT sample=721 cpu=cpu0 user=331639 nice=0 system=13106 idle=2474 iowait=0 irq=18985 softirq=225 steal=0
RT_CPUSTAT sample=721 cpu=cpu1 user=623 nice=0 system=2085 idle=252555 iowait=0 irq=82278 softirq=77 steal=0
RT_CPUSTAT sample=722 cpu=cpu0 user=332121 nice=0 system=13121 idle=2474 iowait=0 irq=19011 softirq=225 steal=0
RT_CPUSTAT sample=722 cpu=cpu1 user=623 nice=0 system=2085 idle=253223 iowait=0 irq=82278 softirq=77 steal=0
RT_CPUSTAT sample=723 cpu=cpu0 user=332607 nice=0 system=13130 idle=2474 iowait=0 irq=19038 softirq=225 steal=0
RT_CPUSTAT sample=723 cpu=cpu1 user=623 nice=0 system=2085 idle=253889 iowait=0 irq=82278 softirq=77 steal=0
RT_CPUSTAT sample=724 cpu=cpu0 user=333075 nice=0 system=13159 idle=2474 iowait=0 irq=19063 softirq=226 steal=0
RT_CPUSTAT sample=724 cpu=cpu1 user=623 nice=0 system=2085 idle=254555 iowait=0 irq=82278 softirq=77 steal=0
RT_CPUSTAT sample=725 cpu=cpu0 user=333510 nice=0 system=13215 idle=2474 iowait=0 irq=19089 softirq=226 steal=0
RT_CPUSTAT sample=725 cpu=cpu1 user=623 nice=0 system=2085 idle=255216 iowait=0 irq=82278 softirq=77 steal=0
RT_CPUSTAT sample=726 cpu=cpu0 user=333995 nice=0 system=13227 idle=2474 iowait=0 irq=19116 softirq=226 steal=0
RT_CPUSTAT sample=726 cpu=cpu1 user=623 nice=0 system=2085 idle=255885 iowait=0 irq=82278 softirq=77 steal=0
RT_CPUSTAT sample=727 cpu=cpu0 user=334465 nice=0 system=13251 idle=2474 iowait=0 irq=19142 softirq=226 steal=0
RT_CPUSTAT sample=727 cpu=cpu1 user=623 nice=0 system=2085 idle=256551 iowait=0 irq=82278 softirq=77 steal=0
RT_CPUSTAT sample=728 cpu=cpu0 user=334947 nice=0 system=13262 idle=2474 iowait=0 irq=19169 softirq=227 steal=0
RT_CPUSTAT sample=728 cpu=cpu1 user=623 nice=0 system=2085 idle=257215 iowait=0 irq=82278 softirq=77 steal=0
RT_CPUSTAT sample=729 cpu=cpu0 user=335438 nice=0 system=13269 idle=2474 iowait=0 irq=19195 softirq=227 steal=0
RT_CPUSTAT sample=729 cpu=cpu1 user=623 nice=0 system=2085 idle=257883 iowait=0 irq=82278 softirq=77 steal=0
RT_CPUSTAT sample=730 cpu=cpu0 user=335931 nice=0 system=13270 idle=2474 iowait=0 irq=19222 softirq=227 steal=0
RT_CPUSTAT sample=730 cpu=cpu1 user=623 nice=0 system=2085 idle=258547 iowait=0 irq=82278 softirq=77 steal=0
RT_CPUSTAT sample=731 cpu=cpu0 user=336419 nice=0 system=13277 idle=2474 iowait=0 irq=19248 softirq=227 steal=0
RT_CPUSTAT sample=731 cpu=cpu1 user=623 nice=0 system=2085 idle=259213 iowait=0 irq=82278 softirq=77 steal=0
RT_CPUSTAT sample=732 cpu=cpu0 user=336907 nice=0 system=13287 idle=2474 iowait=0 irq=19274 softirq=228 steal=0
RT_CPUSTAT sample=732 cpu=cpu1 user=623 nice=0 system=2085 idle=259882 iowait=0 irq=82278 softirq=77 steal=0
RT_CPUSTAT sample=733 cpu=cpu0 user=337399 nice=0 system=13288 idle=2474 iowait=0 irq=19300 softirq=228 steal=0
RT_CPUSTAT sample=733 cpu=cpu1 user=623 nice=0 system=2085 idle=260544 iowait=0 irq=82278 softirq=77 steal=0
RT_CPUSTAT sample=734 cpu=cpu0 user=337887 nice=0 system=13295 idle=2474 iowait=0 irq=19325 softirq=228 steal=0
RT_CPUSTAT sample=734 cpu=cpu1 user=623 nice=0 system=2085 idle=261210 iowait=0 irq=82278 softirq=77 steal=0
RT_CPUSTAT sample=735 cpu=cpu0 user=338330 nice=0 system=13322 idle=2474 iowait=0 irq=19351 softirq=229 steal=0
RT_CPUSTAT sample=735 cpu=cpu1 user=623 nice=0 system=2085 idle=261849 iowait=0 irq=82278 softirq=77 steal=0
RT_INIT_DONE scenario=stress-rt
[ 3851.927290] reboot: Power down
[37m[3855.315921 2:17 axvm::runtime::hvc:352] [33mVM[1] PSCI_SYSTEM_OFF[m
[m[37m[3855.316181 2:17 axvm::vm:1360] [32mStopping VM[1]: SystemDown[m
[m

--- linux-final ---
VM-exit counters per physical CPU (12 reasons):
  cpu         irq     timer      mmio       wfi   hvc-smc    sysreg    gic-if       sgi    cpu-up  sys-down   nothing     other
    1       16687     16677     77459     16678         -         -         -         -         -         -         -         -
    2  1194114@312.4/s929557@243.2/s562220@139.5/s   226@0.0/s     8@0.0/s         -         -   109@0.0/s         -         -        11         -
    3  4243395@1111.0/s3952809@1034.9/s        523301184@864.1/s         -         -         -  2400@0.6/s         -         -         2         -
Host periodic scheduler ticks (event-driven timer IRQs excluded):
  cpu   0:     380563 (98.843/s)
  cpu   1:          0
  cpu   2:     380547 (98.837/s)
  cpu   3:     380564 (98.843/s)
axvisor:$ rt_experiment end_ns=1786833477893696893 elapsed_ms=3866131
