rt_experiment scenario=stress-noiso mode=duration start_ns=1786870524871487757 expected_runtime_sec=90
[host_monotonic_s=181570.772319] rt_burner=1:10:53:60000
[host_monotonic_s=181570.772592] VM Load @PA:0x40200000
[host_monotonic_s=181570.772706] VM Load Offset: 0xffff0000c0200000
[host_monotonic_s=181570.774039] Memory Map:
[host_monotonic_s=181570.775244]   Free   0x00000040000000 - 0x00000040200000 (2 MiB)
[host_monotonic_s=181570.775264]   KImg   0x00000040200000 - 0x00000044c00000 (74 MiB)
[host_monotonic_s=181570.776435]   Free   0x00000044c00000 - 0x00000240000000 (7.93 GiB)
[host_monotonic_s=181570.776449] Initialize RAM allocator: 0x44c00000..0x240000000
[host_monotonic_s=181570.805184] Reserving CPU-local areas
[host_monotonic_s=181570.807270] CPU-local area stride: 0x44000 bytes
[host_monotonic_s=181570.807383] Total CPU-local allocation: 0x110000 bytes (4 CPUs)
[host_monotonic_s=181570.807545] Flushed RAM used range to memory map: 0x44c00000..0x44d00000, current: 0x44d00000
[host_monotonic_s=181570.807665] Flushed RAM used range to memory map: 0x44d00000..0x44e10000, current: 0x44e10000
[host_monotonic_s=181570.808962] CPU-local areas allocated at 0x44d00000 - 0x44e10000
[host_monotonic_s=181570.808964] EL: 2
[host_monotonic_s=181570.808979] Mapping early memory regions...
[host_monotonic_s=181570.809679] Ram                 : [0x0000000040000000, 0x0000000240000000) -> [0x0000000040000000, 0x0000000240000000) (8 GiB)
[host_monotonic_s=181570.810149] KImage              : [0x0000ffff80000000, 0x0000ffff84a00000) -> [0x0000000040200000, 0x0000000044c00000) (74 MiB)
[host_monotonic_s=181570.810458] PerCpu              : [0x0000ff0044d00000, 0x0000ff0044e10000) -> [0x0000000044d00000, 0x0000000044e10000) (1.06 MiB)
[host_monotonic_s=181570.810643] Debug serial        : [0x0000000009000000, 0x0000000009001000) -> [0x0000000009000000, 0x0000000009001000) (4 KiB)
[host_monotonic_s=181570.810749] Boot page table at physical address: PA:0x44e10000
[host_monotonic_s=181570.810798] Setting up table registers...
[host_monotonic_s=181570.810932] MMU Entry point at physical address: 0x403b77f0
[host_monotonic_s=181570.815682] Trap vector at 0xffff801bd800
[host_monotonic_s=181570.816035] Memory Map:
[host_monotonic_s=181570.817147]   MMIO   0x00000009000000 - 0x00000009001000 (4 KiB)
[host_monotonic_s=181570.817209]   Free   0x00000040000000 - 0x00000040200000 (2 MiB)
[host_monotonic_s=181570.817374]   KImg   0x00000040200000 - 0x00000044c00000 (74 MiB)
[host_monotonic_s=181570.817376]   Rsv    0x00000044c00000 - 0x00000044d00000 (1 MiB)
[host_monotonic_s=181570.818449]   PerCPU 0x00000044d00000 - 0x00000044e10000 (1.06 MiB)
[host_monotonic_s=181570.818452]   Rsv    0x00000044e10000 - 0x00000044e1a000 (40 KiB)
[host_monotonic_s=181570.818811]   Free   0x00000044e1a000 - 0x00000240000000 (7.92 GiB)
[host_monotonic_s=181570.822585] Jumping to main entry point at 0xffff801a2e7c with SP 0x0000ff0044d44000
[host_monotonic_s=181570.824135] 
[host_monotonic_s=181570.824137]        d8888                            .d88888b.   .d8888b.
[host_monotonic_s=181570.824163]       d88888                           d88P" "Y88b d88P  Y88b
[host_monotonic_s=181570.824218]      d88P888                           888     888 Y88b.
[host_monotonic_s=181570.824276]     d88P 888 888d888  .d8888b  .d88b.  888     888  "Y888b.
[host_monotonic_s=181570.824340]    d88P  888 888P"   d88P"    d8P  Y8b 888     888     "Y88b.
[host_monotonic_s=181570.824399]   d88P   888 888     888      88888888 888     888       "888
[host_monotonic_s=181570.824458]  d8888888888 888     Y88b.    Y8b.     Y88b. .d88P Y88b  d88P
[host_monotonic_s=181570.824528] d88P     888 888      "Y8888P  "Y8888   "Y88888P"   "Y8888P"
[host_monotonic_s=181570.824674] 
[host_monotonic_s=181570.824924] arch = aarch64
[host_monotonic_s=181570.824926] platform = linux,dummy-virt
[host_monotonic_s=181570.824959] target = aarch64-unknown-none-softfloat
[host_monotonic_s=181570.824975] build_mode = 
[host_monotonic_s=181570.824998] log_level = info
[host_monotonic_s=181570.825030] backtrace = false
[host_monotonic_s=181570.825130] smp = 4
[host_monotonic_s=181570.825133] 
[host_monotonic_s=181570.825698] [37m[  0.060070 ax_runtime:222] [32mLogging is enabled.[m
[host_monotonic_s=181570.825767] [m[37m[  0.060486 ax_runtime:223] [32mPrimary CPU 0 started, arg = 0x44c00000.[m
[host_monotonic_s=181570.825898] [m[37m[  0.060607 ax_runtime:225] [32mFound physcial memory regions:[m
[host_monotonic_s=181570.827160] [m[37m[  0.061712 ax_runtime:227] [32m  [PA:0x9000000, PA:0x9001000) mmio (READ | WRITE | DEVICE | RESERVED)[m
[host_monotonic_s=181570.827304] [m[37m[  0.061961 ax_runtime:227] [32m  [PA:0x40000000, PA:0x40200000) free memory (READ | WRITE | FREE)[m
[host_monotonic_s=181570.827434] [m[37m[  0.062117 ax_runtime:227] [32m  [PA:0x40200000, PA:0x44c00000) reserved (READ | WRITE | EXECUTE | RESERVED)[m
[host_monotonic_s=181570.827561] [m[37m[  0.062253 ax_runtime:227] [32m  [PA:0x44c00000, PA:0x44d00000) reserved (READ | WRITE | EXECUTE | RESERVED)[m
[host_monotonic_s=181570.827687] [m[37m[  0.062380 ax_runtime:227] [32m  [PA:0x44d00000, PA:0x44e10000) reserved (READ | WRITE | EXECUTE | RESERVED)[m
[host_monotonic_s=181570.827812] [m[37m[  0.062504 ax_runtime:227] [32m  [PA:0x44e10000, PA:0x44e1a000) reserved (READ | WRITE | EXECUTE | RESERVED)[m
[host_monotonic_s=181570.827926] [m[37m[  0.062631 ax_runtime:227] [32m  [PA:0x44e1a000, PA:0x240000000) free memory (READ | WRITE | FREE)[m
[host_monotonic_s=181570.828031] [m[37m[  0.062764 ax_runtime:375] [32mInitialize global memory allocator...[m
[host_monotonic_s=181570.828163] [m[37m[  0.062875 ax_runtime:376] [32m  use buddy-slab-allocator allocator.[m
[host_monotonic_s=181570.828421] [m[37m[  0.063088 ax_alloc::buddy_slab:158] [32mInitialize global memory allocator, start_vaddr: 0x44e1a000, size: 0x1fb1e6000[m
[host_monotonic_s=181570.835815] [m[37m[  0.070439 ax_alloc::buddy_slab:424] [32mglobal allocator initialized[m
[host_monotonic_s=181570.835930] [m[37m[  0.070629 ax_alloc::buddy_slab:168] [32mAdd memory region, start_vaddr: 0x40000000, size: 0x200000[m
[host_monotonic_s=181570.836224] [m[37m[  0.070812 buddy_slab_allocator::global:151] [32mGlobalAllocator: skip region 0x40000000+0x200000, no allocator-visible memory after 2097152 alignment[m
[host_monotonic_s=181570.836453] [m[37m[  0.071165 ax_runtime:262] [32mkernel aspace: [VA:0x0, VA:0xffffffffffffffff)[m
[host_monotonic_s=181570.836631] [m[37m[  0.071353 ax_mm:107] [32mInitialize virtual memory management...[m
[host_monotonic_s=181571.637718] [m[37m[  0.722465 ax_runtime:274] [32mInitialize platform devices...[m
[host_monotonic_s=181571.637731] [m[37m[  0.729529 someboot::arch::power:23] [32mPower management method : SMC[m
[host_monotonic_s=181571.637734] [m[37m[  0.729731 somehal::driver:5] [32mInitializing rdrive with FDT at 0x44c00000[m
[host_monotonic_s=181571.637806] [m[37m[  0.743170 somehal::arch::gic::v3:274] [32mGICv3 CPU 0 EOI mode: two_step=true[m
[host_monotonic_s=181571.649187] [m[37m[  0.883903 ax_task::api:137] [32mInitialize scheduling...[m
[host_monotonic_s=181571.650514] [m[37m[  0.885186 ax_task::api:145] [32m  use FIFO scheduler.[m
[host_monotonic_s=181571.650768] [m[37m[  0.885501 ax_runtime:300] [32mInitialize interrupt handlers...[m
[host_monotonic_s=181571.652968] [m[37m[  0.887695 ax_runtime::devices:2] [32mProbe platform devices...[m
[host_monotonic_s=181571.667816] [m[37m[  0.902423 somehal::arch::gic::v3:274] [32mGICv3 CPU 1 EOI mode: two_step=true[m
[host_monotonic_s=181571.668289] [m[37m[  0.902946 ax_runtime::mp:79] [32mSecondary CPU 1 started.[m
[host_monotonic_s=181571.669297] [m[37m[  0.903947 ax_runtime::mp:110] [32mSecondary CPU 1 init OK.[m
[host_monotonic_s=181571.679287] [m[37m[  0.913864 somehal::arch::gic::v3:274] [32mGICv3 CPU 2 EOI mode: two_step=true[m
[host_monotonic_s=181571.679462] [m[37m[  0.914132 ax_runtime::mp:79] [32mSecondary CPU 2 started.[m
[host_monotonic_s=181571.679785] [m[37m[  0.914443 ax_runtime::mp:110] [32mSecondary CPU 2 init OK.[m
[host_monotonic_s=181571.690708] [m[37m[  0.925318 somehal::arch::gic::v3:274] [32mGICv3 CPU 3 EOI mode: two_step=true[m
[host_monotonic_s=181571.690885] [m[37m[  0.925554 ax_runtime::mp:79] [32mSecondary CPU 3 started.[m
[host_monotonic_s=181571.691006] [m[37m[  0.925597 ax_runtime:348] [32mPrimary CPU 0 init OK.[m
[host_monotonic_s=181571.691419] [m[37m[  0.926070 ax_runtime::mp:110] [32mSecondary CPU 3 init OK.[m
[host_monotonic_s=181571.693340] [m
[host_monotonic_s=181571.693601] 
[host_monotonic_s=181571.693604]        d8888            888     888  d8b
[host_monotonic_s=181571.693630]       d88888            888     888  Y8P
[host_monotonic_s=181571.693670]      d88P888            888     888
[host_monotonic_s=181571.693745]     d88P 888  888  888  Y88b   d88P  888  .d8888b    .d88b.   888d888
[host_monotonic_s=181571.693819]    d88P  888  `Y8bd8P'   Y88b d88P   888  88K       d88""88b  888P"
[host_monotonic_s=181571.693892]   d88P   888    X88K      Y88o88P    888  "Y8888b.  888  888  888
[host_monotonic_s=181571.693961]  d8888888888  .d8""8b.     Y888P     888       X88  Y88..88P  888
[host_monotonic_s=181571.694033] d88P     888  888  888      Y8P      888   88888P'   "Y88P"   888
[host_monotonic_s=181571.694057] 
[host_monotonic_s=181571.694078] 
[host_monotonic_s=181571.694103] by AxVisor Team
[host_monotonic_s=181571.694109] 
[host_monotonic_s=181571.694297] [37m[  0.928999 0:2 axvisor:75] [32mStarting virtualization...[m
[host_monotonic_s=181571.694519] [m[37m[  0.929204 0:2 axvm::host::arceos:352] [32mEnabling hardware virtualization support on all cores...[m
[host_monotonic_s=181571.694708] [m[37m[  0.929397 0:2 axvm::host::arceos:358] [32mCore 0 is initializing hardware virtualization support...[m
[host_monotonic_s=181571.694894] [m[37m[  0.929603 0:2 axvm::timer:318] [32mInitializing AxVM timer wheel...[m
[host_monotonic_s=181571.700822] [m[37m[  0.935466 0:2 axvm::host::arceos:360] [32mHardware virtualization support enabled on core 0[m
[host_monotonic_s=181571.701809] [m[37m[  0.936433 0:2 axvm::host::arceos:386] [32mWaiting for all cores to enable hardware virtualization...[m
[host_monotonic_s=181571.702046] [m[37m[  0.936686 1:11 axvm::host::arceos:370] [32mCore 1 is initializing hardware virtualization support...[m
[host_monotonic_s=181571.702334] [m[37m[  0.936746 2:12 axvm::host::arceos:370] [32mCore 2 is initializing hardware virtualization support...[m
[host_monotonic_s=181571.702456] [m[37m[  0.936874 1:11 axvm::timer:318] [32mInitializing AxVM timer wheel...[m
[host_monotonic_s=181571.702717] [m[37m[  0.937155 2:12 axvm::timer:318] [32mInitializing AxVM timer wheel...[m
[host_monotonic_s=181571.703038] [m[37m[  0.936719 3:13 axvm::host::arceos:370] [32mCore 3 is initializing hardware virtualization support...[m
[host_monotonic_s=181571.703281] [m[37m[  0.937755 2:12 axvm::host::arceos:373] [32mHardware virtualization support enabled on core 2[m
[host_monotonic_s=181571.703386] [m[37m[  0.937851 3:13 axvm::timer:318] [32mInitializing AxVM timer wheel...[m
[host_monotonic_s=181571.703522] [m[37m[  0.937686 1:11 axvm::host::arceos:373] [32mHardware virtualization support enabled on core 1[m
[host_monotonic_s=181571.703672] [m[37m[  0.938354 3:13 axvm::host::arceos:373] [32mHardware virtualization support enabled on core 3[m
[host_monotonic_s=181571.704520] [m[37m[  0.939185 0:2 axvm::host::arceos:402] [32mAll cores have enabled hardware virtualization support.[m
[host_monotonic_s=181571.704710] [m[37m[  0.939420 0:2 axvisor::config:90] [32mUsing static VM configs.[m
[host_monotonic_s=181571.722633] [m[37m[  0.955949 0:2 axvm::arch::aarch64::fdt::core:78] [32mVM[1] virtual GIC follows host firmware resources: GuestGicProfile { compatible: "arm,gic-v3", node_path: "/intc@8000000", node_phandle: Some(32773), distributor: GuestMmioRegion { base: 134217728, length: 65536 }, cpu_region: Redistributors(GuestGicRedistributorProfile { regions: [GuestMmioRegion { base: 134873088, length: 16121856 }], stride: 131072 }), its: [GuestItsProfile { id: ItsId(0), node_path: "/intc@8000000/its@8080000", node_phandle: Some(32774), registers: GuestMmioRegion { base: 134742016, length: 131072 } }] }[m
[host_monotonic_s=181571.724204] [m[37m[  0.958810 0:2 axvm::arch::aarch64::fdt::core:92] [32mVM[1] architectural timer follows host firmware PPIs[m
[host_monotonic_s=181571.728396] [m[37m[  0.963019 0:2 axvm::arch::aarch64::fdt::core::parser:462] [32mCPU node: /cpus/cpu@0, node_id: 0x0, hardware_cpu_id: 0x0[m
[host_monotonic_s=181571.728569] [m[37m[  0.963246 0:2 axvm::arch::aarch64::fdt::core::parser:462] [32mCPU node: /cpus/cpu@1, node_id: 0x1, hardware_cpu_id: 0x1[m
[host_monotonic_s=181571.728750] [m[37m[  0.963431 0:2 axvm::arch::aarch64::fdt::core::parser:462] [32mCPU node: /cpus/cpu@2, node_id: 0x2, hardware_cpu_id: 0x2[m
[host_monotonic_s=181571.728926] [m[37m[  0.963587 0:2 axvm::arch::aarch64::fdt::core::parser:462] [32mCPU node: /cpus/cpu@3, node_id: 0x3, hardware_cpu_id: 0x3[m
[host_monotonic_s=181571.729129] [m[37m[  0.963834 0:2 axvm::arch::aarch64::fdt::core::parser:469] [32mFound 4 host CPU nodes[m
[host_monotonic_s=181571.729696] [m[37m[  0.964355 0:2 axvm::arch::aarch64::fdt::core:143] [32mVM[1] DTB not found, generating from the VM configuration[m
[host_monotonic_s=181571.741097] [m[37m[  0.975672 0:2 axvm::arch::aarch64::fdt::core::device:96] [32mFound excluded devices: ["/intc@8000000", "/pl011@9000000", "/timer", "/intc@8000000/its@8080000"][m
[host_monotonic_s=181571.749127] [m[37m[  0.983734 0:2 axvm::arch::aarch64::fdt::core::device:96] [32mFound excluded devices: ["/intc@8000000", "/pl011@9000000", "/timer", "/intc@8000000/its@8080000"][m
[host_monotonic_s=181571.750252] [m[37m[  0.984963 0:2 axvisor::config:137] [32mCreating VM[1] "rt-partition-linux"[m
[host_monotonic_s=181571.767878] [m[37m[  1.002515 0:2 axvm::vm:1064] [32mVM created: id=1[m
[host_monotonic_s=181572.891301] [m[37m[  2.125885 0:2 axvisor::config:149] [32mVM[1] created success, loading images...[m
[host_monotonic_s=181573.191907] [m[37m[  2.238806 0:2 axvm::boot::images:137] [32mLoading ramdisk image from memory (19620641 bytes) into GPA @0x84000000[m
[host_monotonic_s=181573.191921] [m[37m[  2.297231 0:2 axdevice::device:1229] [32mDeviceRuntime: registered device id=0[m
[host_monotonic_s=181573.191983] [m[37m[  2.297787 0:2 axdevice::device:1229] [32mDeviceRuntime: registered device id=1[m
[host_monotonic_s=181573.192961] [m[37m[  2.427346 0:2 axdevice::device:1229] [32mDeviceRuntime: registered device id=2[m
[host_monotonic_s=181573.198606] [m[37m[  2.433117 0:2 axdevice::device:1229] [32mDeviceRuntime: registered device id=3[m
[host_monotonic_s=181573.201218] [m[37m[  2.435882 0:2 axdevice::device:1229] [32mDeviceRuntime: registered device id=4[m
[host_monotonic_s=181573.204769] [m[37m[  2.439434 0:2 axvm::vm::prepare:82] [32mVM setup: id=1[m
[host_monotonic_s=181573.207878] [m[37m[  2.442037 0:2 axvm::arch::aarch64::fdt::core:78] [32mVM[2] virtual GIC follows host firmware resources: GuestGicProfile { compatible: "arm,gic-v3", node_path: "/intc@8000000", node_phandle: Some(32773), distributor: GuestMmioRegion { base: 134217728, length: 65536 }, cpu_region: Redistributors(GuestGicRedistributorProfile { regions: [GuestMmioRegion { base: 134873088, length: 16121856 }], stride: 131072 }), its: [GuestItsProfile { id: ItsId(0), node_path: "/intc@8000000/its@8080000", node_phandle: Some(32774), registers: GuestMmioRegion { base: 134742016, length: 131072 } }] }[m
[host_monotonic_s=181573.208121] [m[37m[  2.442795 0:2 axvm::arch::aarch64::fdt::core:92] [32mVM[2] architectural timer follows host firmware PPIs[m
[host_monotonic_s=181573.211494] [m[37m[  2.446147 0:2 axvm::arch::aarch64::fdt::core::parser:462] [32mCPU node: /cpus/cpu@0, node_id: 0x0, hardware_cpu_id: 0x0[m
[host_monotonic_s=181573.211659] [m[37m[  2.446325 0:2 axvm::arch::aarch64::fdt::core::parser:462] [32mCPU node: /cpus/cpu@1, node_id: 0x1, hardware_cpu_id: 0x1[m
[host_monotonic_s=181573.211826] [m[37m[  2.446495 0:2 axvm::arch::aarch64::fdt::core::parser:462] [32mCPU node: /cpus/cpu@2, node_id: 0x2, hardware_cpu_id: 0x2[m
[host_monotonic_s=181573.211981] [m[37m[  2.446661 0:2 axvm::arch::aarch64::fdt::core::parser:462] [32mCPU node: /cpus/cpu@3, node_id: 0x3, hardware_cpu_id: 0x3[m
[host_monotonic_s=181573.212143] [m[37m[  2.446835 0:2 axvm::arch::aarch64::fdt::core::parser:469] [32mFound 4 host CPU nodes[m
[host_monotonic_s=181573.212310] [m[37m[  2.446956 0:2 axvm::arch::aarch64::fdt::core:143] [32mVM[2] DTB not found, generating from the VM configuration[m
[host_monotonic_s=181573.219461] [m[37m[  2.454049 0:2 axvm::arch::aarch64::fdt::core::device:96] [32mFound excluded devices: ["/intc@8000000", "/pl011@9000000", "/timer", "/intc@8000000/its@8080000"][m
[host_monotonic_s=181573.224370] [m[37m[  2.458984 0:2 axvm::arch::aarch64::fdt::core::device:96] [32mFound excluded devices: ["/intc@8000000", "/pl011@9000000", "/timer", "/intc@8000000/its@8080000"][m
[host_monotonic_s=181573.225057] [m[37m[  2.459753 0:2 axvisor::config:137] [32mCreating VM[2] "upstream-dev-zephyr"[m
[host_monotonic_s=181573.226246] [m[37m[  2.460955 0:2 axvm::vm:1064] [32mVM created: id=2[m
[host_monotonic_s=181574.027395] [m[37m[  3.020689 0:2 axvisor::config:149] [32mVM[2] created success, loading images...[m
[host_monotonic_s=181574.027406] [m[37m[  3.025373 0:2 axdevice::device:1229] [32mDeviceRuntime: registered device id=0[m
[host_monotonic_s=181574.027408] [m[37m[  3.025517 0:2 axdevice::device:1229] [32mDeviceRuntime: registered device id=1[m
[host_monotonic_s=181574.028037] [m[37m[  3.262120 0:2 axdevice::device:1229] [32mDeviceRuntime: registered device id=2[m
[host_monotonic_s=181574.028718] [m[37m[  3.263201 0:2 axdevice::device:1229] [32mDeviceRuntime: registered device id=3[m
[host_monotonic_s=181574.029685] [m[37m[  3.263861 0:2 axvm::vm::prepare:82] [32mVM setup: id=2[m
[host_monotonic_s=181574.030735] [m[37m[  3.265295 0:2 axvm::runtime:42] [32mInitializing VMM...[m
[host_monotonic_s=181574.036344] [m[37m[  3.271049 0:2 axvm::runtime:53] [32mVMM starting, booting VMs...[m
[host_monotonic_s=181574.036558] [m[37m[  3.271292 0:2 axvm::vm:1279] [32mStarting VM[1][m
[host_monotonic_s=181574.036818] [m[37m[  3.271519 0:2 axvm::runtime::vcpus:369] [32mSpawning task for VM[1] VCpu[0][m
[host_monotonic_s=181574.037482] [m[37m[  3.272090 0:2 axvm::runtime::vcpus:386] [32mVCpu task Task(18, "VM[1]-VCpu[0]") created cpumask: [2, ][m
[host_monotonic_s=181574.040855] [m[37m[  3.275513 0:2 axvm::runtime:61] [32mVM[1] boot success[m
[host_monotonic_s=181574.040884] [m[37m[  3.275619 0:2 axvm::vm:1279] [32mStarting VM[2][m
[host_monotonic_s=181574.041090] [m[37m[  3.275640 2:18 axvm::runtime::vcpus:440] [32mVM[1] VCpu[0] waiting for running[m
[host_monotonic_s=181574.041197] [m[37m[  3.275709 0:2 axvm::runtime::vcpus:369] [32mSpawning task for VM[2] VCpu[0][m
[host_monotonic_s=181574.041350] [m[37m[  3.276035 0:2 axvm::runtime::vcpus:386] [32mVCpu task Task(20, "VM[2]-VCpu[0]") created cpumask: [1, ][m
[host_monotonic_s=181574.041725] [m[37m[  3.276327 2:18 axvm::runtime::vcpus:478] [32mVM[1] VCpu[0] running...[m
[host_monotonic_s=181574.041810] [m[37m[  3.276381 0:2 axvm::runtime:61] [32mVM[2] boot success[m
[host_monotonic_s=181574.042016] [m[37m[  3.276476 1:20 axvm::runtime::vcpus:440] [32mVM[2] VCpu[0] waiting for running[m
[host_monotonic_s=181574.042178] [m[37m[  3.276843 1:20 axvm::runtime::vcpus:478] [32mVM[2] VCpu[0] running...[m
[host_monotonic_s=181574.043121] [m[37m[  3.277787 0:2 axvisor:92] [32m[OK] Default guest initialized[m
[host_monotonic_s=181574.053820] [m[37m[  3.288248 1:17 axvisor::rt_burner:41] [32mRT_BURNER_ARMED cpu=1 start_delay_ms=60000[m
[host_monotonic_s=181574.089062] [m[37m[  3.323708 2:18 axvm::runtime::hvc:258] [32mVM[1] PSCI_FEATURES function_id=0x80000000[m
[host_monotonic_s=181574.090046] [m[37m[  3.324667 2:18 axvm::runtime::hvc:258] [32mVM[1] PSCI_FEATURES function_id=0xc4000001[m
[host_monotonic_s=181574.100145] [m[37m[  3.334759 2:18 axvm::runtime::hvc:258] [32mVM[1] PSCI_FEATURES function_id=0xc400000e[m
[host_monotonic_s=181574.100449] [m[37m[  3.335114 2:18 axvm::runtime::hvc:258] [32mVM[1] PSCI_FEATURES function_id=0xc4000012[m
[host_monotonic_s=181574.100739] [m[37m[  3.335395 2:18 axvm::runtime::hvc:258] [32mVM[1] PSCI_FEATURES function_id=0xc4000015[m
[host_monotonic_s=181574.130193] [m[VM 2] *** Booting Zephyr OS build v3.7.0 ***
[host_monotonic_s=181574.161768] [VM 2] PERIODIC LATENCY READY
[host_monotonic_s=181574.309790] [37m[  3.544338 2:18 axvm::runtime::hvc:272] [32mVM[1] PSCI_CPU_ON target=0x3 entry=0x8228158c context=0x0[m
[host_monotonic_s=181574.310492] [m[37m[  3.545156 2:18 axvm::runtime::vcpus:369] [32mSpawning task for VM[1] VCpu[1][m
[host_monotonic_s=181574.310653] [m[37m[  3.545317 2:18 axvm::runtime::vcpus:386] [32mVCpu task Task(24, "VM[1]-VCpu[1]") created cpumask: [3, ][m
[host_monotonic_s=181574.311202] [m[37m[  3.545783 3:24 axvm::runtime::vcpus:440] [32mVM[1] VCpu[1] waiting for running[m
[host_monotonic_s=181574.311976] [m[37m[  3.546521 3:24 axvm::runtime::vcpus:478] [32mVM[1] VCpu[1] running...[m
[host_monotonic_s=181574.586269] [m[VM 1] [    0.000000] Booting Linux on physical CPU 0x0000000002 [0x410fd083]
[host_monotonic_s=181574.886899] [VM 1] [    0.000000] Linux version 7.1.0-rc2-g74fe02ce122a (runner@s1lqc) (aarch64-linux-gnu-gcc (Ubuntu 13.3.0-6ubuntu2~24.04) 13.3.0, GNU ld (GNU Binutils for Ubuntu) 2.42) #2 SMP PREEMPT Mon Jun  8 08:07:46 UTC 2026
[host_monotonic_s=181574.886915] [VM 1] [    0.000000] KASLR disabled due to lack of seed
[host_monotonic_s=181574.938087] [VM 1] [    0.000000] Machine model: linux,dummy-virt
[host_monotonic_s=181574.948295] [VM 1] [    0.000000] efi: UEFI not found.
[host_monotonic_s=181575.004126] [VM 1] [    0.000000] OF: reserved mem: Reserved memory: No reserved-memory node in the DT
[host_monotonic_s=181575.071541] [VM 1] [    0.000000] NUMA: Faking a node at [mem 0x0000000080000000-0x00000000bfffffff]
[host_monotonic_s=181575.110629] [VM 1] [    0.000000] NODE_DATA(0) allocated [mem 0xbfe07e40-0xbfe0a53f]
[host_monotonic_s=181575.127504] [VM 1] [    0.000000] cma: Reserved 32 MiB at 0x00000000bde00000
[host_monotonic_s=181575.190178] [VM 1] [    0.000000] psci: probing for conduit method from DT.
[host_monotonic_s=181575.490744] [VM 1] [    0.000000] psci: PSCIv1.1 detected in firmware.
[host_monotonic_s=181575.490760] [VM 1] [    0.000000] psci: Using standard PSCI v0.2 function IDs
[host_monotonic_s=181575.490763] [VM 1] [    0.000000] psci: Trusted OS migration not required
[host_monotonic_s=181575.490766] [VM 1] [    0.000000] psci: SMC Calling Convention v65535.65535
[host_monotonic_s=181575.490768] [VM 1] [    0.000000] Zone ranges:
[host_monotonic_s=181575.570207] [VM 1] [    0.000000]   DMA      [mem 0x0000000080000000-0x00000000bfffffff]
[host_monotonic_s=181575.600678] [VM 1] [    0.000000]   DMA32    empty
[host_monotonic_s=181575.642290] [VM 1] [    0.000000]   Normal   empty
[host_monotonic_s=181575.664954] [VM 1] [    0.000000] Movable zone start for each node
[host_monotonic_s=181575.698102] [VM 1] [    0.000000] Early memory node ranges
[host_monotonic_s=181575.740291] [VM 1] [    0.000000]   node   0: [mem 0x0000000080000000-0x00000000bfffffff]
[host_monotonic_s=181575.777986] [VM 1] [    0.000000] Initmem setup node 0 [mem 0x0000000080000000-0x00000000bfffffff]
[host_monotonic_s=181576.078356] [VM 1] [    0.000000] percpu: Embedded 26 pages/cpu s66584 r8192 d31720 u106496
[host_monotonic_s=181576.078362] [VM 1] [    0.000000] Detected PIPT I-cache on CPU0
[host_monotonic_s=181576.078364] [VM 1] [    0.000000] CPU features: detected: GICv3 CPU interface
[host_monotonic_s=181576.078365] [VM 1] [    0.000000] CPU features: detected: Spectre-v2
[host_monotonic_s=181576.078366] [VM 1] [    0.000000] CPU features: detected: Spectre-v3a
[host_monotonic_s=181576.110450] [VM 1] [    0.000000] CPU features: detected: Spectre-v4
[host_monotonic_s=181576.161208] [VM 1] [    0.000000] CPU features: detected: Spectre-BHB
[host_monotonic_s=181576.194240] [VM 1] [    0.000000] CPU features: detected: ARM erratum 1742098
[host_monotonic_s=181576.262801] [VM 1] [    0.000000] CPU features: detected: ARM errata 1165522, 1319367, or 1530923
[host_monotonic_s=181576.303858] [VM 1] [    0.000000] alternatives: applying boot alternatives
[host_monotonic_s=181576.753226] [VM 1] [    0.000000] Kernel command line: console=ttyAMA0 devtmpfs.mount=1 loglevel=7 isolcpus=1 nohz_full=1 irqaffinity=0 rt_scenario=stress-noiso rt_cpu=1 rt_load_cpu=0 rt_loops=0 rt_duration_sec=90 rt_interval_us=1000 rt_maxlat_us=20000 rt_priority=90 rt_start_delay_sec=25
[host_monotonic_s=181576.753239] [VM 1] [    0.000000] Housekeeping: nohz unsupported. Build with CONFIG_NO_HZ_FULL
[host_monotonic_s=181576.754531] [VM 1] [    0.000000] Unknown kernel command line parameters "nohz_full=1 rt_scenario=stress-noiso rt_cpu=1 rt_load_cpu=0 rt_loops=0 rt_duration_sec=90 rt_interval_us=1000 rt_maxlat_us=20000 rt_priority=90 rt_start_delay_sec=25", will be passed to user space.
[host_monotonic_s=181576.817452] [VM 1] [    0.000000] printk: log buffer data + meta data: 131072 + 458752 = 589824 bytes
[host_monotonic_s=181576.880908] [VM 1] [    0.000000] Dentry cache hash table entries: 131072 (order: 8, 1048576 bytes, linear)
[host_monotonic_s=181576.923506] [VM 1] [    0.000000] Inode-cache hash table entries: 65536 (order: 7, 524288 bytes, linear)
[host_monotonic_s=181576.967512] [VM 1] [    0.000000] software IO TLB: SWIOTLB bounce buffer size adjusted to 1MB
[host_monotonic_s=181577.316810] [VM 1] [    0.000000] software IO TLB: area num 2.
[host_monotonic_s=181577.316823] [VM 1] [    0.000000] software IO TLB: mapped [mem 0x00000000bcb00000-0x00000000bcc00000] (1MB)
[host_monotonic_s=181577.316827] [VM 1] [    0.000000] Fallback order for Node 0: 0 
[host_monotonic_s=181577.316829] [VM 1] [    0.000000] Built 1 zonelists, mobility grouping on.  Total pages: 262144
[host_monotonic_s=181577.316832] [VM 1] [    0.000000] Policy zone: DMA
[host_monotonic_s=181577.355010] [VM 1] [    0.000000] mem auto-init: stack:all(zero), heap alloc:off, heap free:off
[host_monotonic_s=181577.390411] [VM 1] [    0.000000] SLUB: HWalign=64, Order=0-3, MinObjects=0, CPUs=2, Nodes=1
[host_monotonic_s=181577.434147] [VM 1] [    0.000000] rcu: Preemptible hierarchical RCU implementation.
[host_monotonic_s=181577.451725] [VM 1] [    0.000000] rcu: 	RCU event tracing is enabled.
[host_monotonic_s=181577.508992] [VM 1] [    0.000000] rcu: 	RCU restricting CPUs from NR_CPUS=512 to nr_cpu_ids=2.
[host_monotonic_s=181577.540377] [VM 1] [    0.000000] 	Trampoline variant of Tasks RCU enabled.
[host_monotonic_s=181577.565909] [VM 1] [    0.000000] 	Tracing variant of Tasks RCU enabled.
[host_monotonic_s=181577.925396] [VM 1] [    0.000000] rcu: RCU calculated value of scheduler-enlistment delay is 25 jiffies.
[host_monotonic_s=181577.925411] [VM 1] [    0.000000] rcu: Adjusting geometry for rcu_fanout_leaf=16, nr_cpu_ids=2
[host_monotonic_s=181577.925415] [VM 1] [    0.000000] RCU Tasks: Setting shift to 1 and lim to 1 rcu_task_cb_adjust=1 rcu_task_cpu_ids=2.
[host_monotonic_s=181577.925730] [VM 1] [    0.000000] NR_IRQS: 64, nr_irqs: 64, preallocated irqs: 0
[host_monotonic_s=181577.985688] [VM 1] [    0.000000] GICv3: 256 SPIs implemented
[host_monotonic_s=181578.020390] [VM 1] [    0.000000] GICv3: 0 Extended SPIs implemented
[host_monotonic_s=181578.056857] [VM 1] [    0.000000] Root IRQ handler: gic_handle_irq
[host_monotonic_s=181578.085869] [VM 1] [    0.000000] GICv3: GICv3 features: 16 PPIs, RSS
[host_monotonic_s=181578.101315] [VM 1] [    0.000000] GICv3: GICD_CTLR.DS=0, SCR_EL3.FIQ=0
[host_monotonic_s=181578.171805] [VM 1] [    0.000000] GICv3: CPU0: found redistributor 2 region 0:0x00000000080a0000
[host_monotonic_s=181578.206059] [VM 1] [    0.000000] ITS [mem 0x08080000-0x0809ffff]
[host_monotonic_s=181578.506392] [VM 1] [    0.000000] ITS@0x0000000008080000: allocated 8192 Devices @83860000 (indirect, esz 8, psz 64K, shr 1)
[host_monotonic_s=181578.506397] [VM 1] [    0.000000] ITS@0x0000000008080000: allocated 8192 Interrupt Collections @83870000 (flat, esz 8, psz 64K, shr 1)
[host_monotonic_s=181578.506428] [VM 1] [    0.000000] GICv3: using LPI property table @0x0000000083880000
[host_monotonic_s=181578.555358] [VM 1] [    0.000000] GICv3: CPU0: using allocated LPI pending table @0x0000000083890000
[host_monotonic_s=181578.581152] [VM 1] [    0.000000] rcu: srcu_init: Setting srcu_struct sizes based on contention.
[host_monotonic_s=181578.596621] [VM 1] [    0.000000] arch_timer: cp15 timer running at 62.50MHz (virt).
[host_monotonic_s=181578.673210] [VM 1] [    0.000000] clocksource: arch_sys_counter: mask: 0x1ffffffffffffff max_cycles: 0x1cd42e208c, max_idle_ns: 881590405314 ns
[host_monotonic_s=181578.729981] [VM 1] [    0.000059] sched_clock: 57 bits at 63MHz, resolution 16ns, wraps every 4398046511096ns
[host_monotonic_s=181578.748137] [VM 1] [    0.008339] Console: colour dummy device 80x25
[host_monotonic_s=181579.111659] [VM 1] [    0.011401] Calibrating delay loop (skipped), value calculated using timer frequency.. 125.00 BogoMIPS (lpj=250000)
[host_monotonic_s=181579.111671] [VM 1] [    0.011497] pid_max: default: 32768 minimum: 301
[host_monotonic_s=181579.111673] [VM 1] [    0.023782] Mount-cache hash table entries: 2048 (order: 2, 16384 bytes, linear)
[host_monotonic_s=181579.111675] [VM 1] [    0.023819] Mountpoint-cache hash table entries: 2048 (order: 2, 16384 bytes, linear)
[host_monotonic_s=181579.111935] [VM 1] [    0.031679] VFS: Finished mounting rootfs on nullfs
[host_monotonic_s=181579.164976] [VM 1] [    0.056432] /cpus/cpu-map/socket0/cluster0/core0: Can't get CPU for leaf core
[host_monotonic_s=181579.206611] [VM 1] [    0.057432] cacheinfo: Unable to detect cache hierarchy for CPU 0
[host_monotonic_s=181579.238348] [VM 1] [    0.093741] rcu: Hierarchical SRCU implementation.
[host_monotonic_s=181579.280879] [VM 1] [    0.093779] rcu: 	Max phase no-delay instances is 1000.
[host_monotonic_s=181579.342515] [VM 1] [    0.095153] Timer migration: 1 hierarchy levels; 8 children per group; 1 crossnode level
[host_monotonic_s=181579.413933] [VM 1] [    0.097735] fsl-mc MSI: its@8080000 domain created
[host_monotonic_s=181579.714466] [VM 1] [    0.098751] EFI services will not be available.
[host_monotonic_s=181579.714478] [VM 1] [    0.099575] smp: Bringing up secondary CPUs ...
[host_monotonic_s=181579.714480] [VM 1] [    0.106021] Detected PIPT I-cache on CPU1
[host_monotonic_s=181579.714482] [VM 1] [    0.107969] GICv3: CPU1: found redistributor 3 region 0:0x00000000080c0000
[host_monotonic_s=181579.714861] [VM 1] [    0.110981] GICv3: CPU1: using allocated LPI pending table @0x00000000838a0000
[host_monotonic_s=181579.751835] [VM 1] [    0.113739] CPU1: Booted secondary processor 0x0000000003 [0x410fd083]
[host_monotonic_s=181579.802641] [VM 1] [    0.127508] smp: Brought up 1 node, 2 CPUs
[host_monotonic_s=181579.831006] [VM 1] [    0.127540] SMP: Total of 2 processors activated.
[host_monotonic_s=181579.890299] [VM 1] [    0.127565] CPU: All CPU(s) started at EL1
[host_monotonic_s=181579.933704] [VM 1] [    0.127803] CPU features: detected: 32-bit EL0 Support
[host_monotonic_s=181579.950436] [VM 1] [    0.127814] CPU features: detected: 32-bit EL1 Support
[host_monotonic_s=181580.023261] [VM 1] [    0.127860] CPU features: detected: CRC32 instructions
[host_monotonic_s=181580.323686] [VM 1] [    0.128007] CPU features: detected: PMUv3
[host_monotonic_s=181580.323697] [VM 1] [    0.156634] alternatives: applying system-wide alternatives
[host_monotonic_s=181580.323700] [VM 1] [    0.183701] Memory: 919884K/1048576K available (18688K kernel code, 5242K rwdata, 14480K rodata, 12672K init, 718K bss, 92532K reserved, 32768K cma-reserved)
[host_monotonic_s=181580.368433] [VM 1] [    0.210210] devtmpfs: initialized
[host_monotonic_s=181580.452135] [VM 1] [    0.230543] clocksource: jiffies: mask: 0xffffffff max_cycles: 0xffffffff, max_idle_ns: 7645041785100000 ns
[host_monotonic_s=181580.543027] [VM 1] [    0.230991] posixtimers hash table entries: 1024 (order: 2, 16384 bytes, linear)
[host_monotonic_s=181580.912802] [VM 1] [    0.231218] futex hash table entries: 512 (32768 bytes on 1 NUMA nodes, total 32 KiB, linear).
[host_monotonic_s=181580.912817] [VM 1] [    0.235176] 19744 pages in range for non-PLT usage
[host_monotonic_s=181580.912821] [VM 1] [    0.235248] 511264 pages in range for PLT usage
[host_monotonic_s=181580.912824] [VM 1] [    0.256987] DMI: not present or invalid.
[host_monotonic_s=181580.912896] [VM 1] [    0.287565] NET: Registered PF_NETLINK/PF_ROUTE protocol family
[host_monotonic_s=181580.981065] [VM 1] [    0.314048] DMA: preallocated 128 KiB GFP_KERNEL|GFP_DMA pool for atomic allocations
[host_monotonic_s=181581.030243] [VM 1] [    0.314389] audit: initializing netlink subsys (disabled)
[host_monotonic_s=181581.100816] [VM 1] [    0.315924] audit: type=2000 audit(0.244:1): state=initialized audit_enabled=0 res=1
[host_monotonic_s=181581.146040] [VM 1] [    0.320689] thermal_sys: Registered thermal governor 'step_wise'
[host_monotonic_s=181581.490533] [VM 1] [    0.320721] thermal_sys: Registered thermal governor 'power_allocator'
[host_monotonic_s=181581.490540] [VM 1] [    0.321015] cpuidle: using governor menu
[host_monotonic_s=181581.490542] [VM 1] [    0.323198] hw-breakpoint: found 6 breakpoint and 4 watchpoint registers.
[host_monotonic_s=181581.490543] [VM 1] [    0.324978] ASID allocator initialised with 65536 entries
[host_monotonic_s=181581.490577] [VM 1] [    0.330953] Serial: AMBA PL011 UART driver
[host_monotonic_s=181581.586083] [VM 1] [    0.358981] 9000000.pl011: ttyAMA0 at MMIO 0x9000000 (irq = 13, base_baud = 0) is a PL011 rev1
[host_monotonic_s=181581.645533] [VM 1] [    0.362738] printk: console [ttyAMA0] enabled
[host_monotonic_s=181581.675377] [VM 1] [    1.290942] HugeTLB: registered 1.00 GiB page size, pre-allocated 0 pages
[host_monotonic_s=181581.695080] [VM 1] [    1.290972] HugeTLB: 0 KiB vmemmap can be freed for a 1.00 GiB page
[host_monotonic_s=181581.716019] [VM 1] [    1.290993] HugeTLB: registered 32.0 MiB page size, pre-allocated 0 pages
[host_monotonic_s=181582.085493] [VM 1] [    1.290997] HugeTLB: 0 KiB vmemmap can be freed for a 32.0 MiB page
[host_monotonic_s=181582.085507] [VM 1] [    1.291001] HugeTLB: registered 2.00 MiB page size, pre-allocated 0 pages
[host_monotonic_s=181582.085510] [VM 1] [    1.291005] HugeTLB: 0 KiB vmemmap can be freed for a 2.00 MiB page
[host_monotonic_s=181582.085513] [VM 1] [    1.291009] HugeTLB: registered 64.0 KiB page size, pre-allocated 0 pages
[host_monotonic_s=181582.116265] [VM 1] [    1.291012] HugeTLB: 0 KiB vmemmap can be freed for a 64.0 KiB page
[host_monotonic_s=181582.137478] [VM 1] [    4.000920] ACPI: Interpreter disabled.
[host_monotonic_s=181582.180382] [VM 1] [    4.656284] iommu: Default domain type: Translated
[host_monotonic_s=181582.213077] [VM 1] [    4.656339] iommu: DMA domain TLB invalidation policy: strict mode
[host_monotonic_s=181582.259908] [VM 1] [    4.718957] SCSI subsystem initialized
[host_monotonic_s=181582.290076] [VM 1] [    4.910641] usbcore: registered new interface driver usbfs
[host_monotonic_s=181582.636835] [VM 1] [    5.306086] usbcore: registered new interface driver hub
[host_monotonic_s=181582.636850] [VM 1] [    5.306276] usbcore: registered new device driver usb
[host_monotonic_s=181582.636853] [VM 1] [    5.307520] pps_core: LinuxPPS API ver. 1 registered
[host_monotonic_s=181582.636857] [VM 1] [    5.307535] pps_core: Software ver. 5.3.6 - Copyright 2005-2007 Rodolfo Giometti <giometti@linux.it>
[host_monotonic_s=181582.692394] [VM 1] [    5.307587] PTP clock support registered
[host_monotonic_s=181582.735370] [VM 1] [    5.307961] EDAC MC: Ver: 3.0.0
[host_monotonic_s=181582.767407] [VM 1] [    5.597182] scmi_core: SCMI protocol bus registered
[host_monotonic_s=181582.790653] [VM 1] [    5.728796] FPGA manager framework
[host_monotonic_s=181582.821141] [VM 1] [    8.486504] vgaarb: loaded
[host_monotonic_s=181582.900381] [VM 1] [    8.615464] clocksource: Switched to clocksource arch_sys_counter
[host_monotonic_s=181583.201070] [VM 1] [    8.705135] VFS: Disk quotas dquot_6.6.0
[host_monotonic_s=181583.201088] [VM 1] [    8.746732] VFS: Dquot-cache hash table entries: 512 (order 0, 4096 bytes)
[host_monotonic_s=181583.201092] [VM 1] [    8.794568] pnp: PnP ACPI: disabled
[host_monotonic_s=181583.201096] [VM 1] [    8.825523] NET: Registered PF_INET protocol family
[host_monotonic_s=181583.201293] [VM 1] [    8.860110] IP idents hash table entries: 16384 (order: 5, 131072 bytes, linear)
[host_monotonic_s=181583.252898] [VM 1] [    9.004420] tcp_listen_portaddr_hash hash table entries: 512 (order: 1, 8192 bytes, linear)
[host_monotonic_s=181583.291451] [VM 1] [    9.046785] Table-perturb hash table entries: 65536 (order: 6, 262144 bytes, linear)
[host_monotonic_s=181583.311656] [VM 1] [    9.085564] TCP established hash table entries: 8192 (order: 4, 65536 bytes, linear)
[host_monotonic_s=181583.379840] [VM 1] [    9.105782] TCP bind hash table entries: 8192 (order: 6, 262144 bytes, linear)
[host_monotonic_s=181583.410241] [VM 1] [    9.174011] TCP: Hash tables configured (established 8192 bind 8192)
[host_monotonic_s=181583.804230] [VM 1] [    9.175156] UDP hash table entries: 512 (order: 3, 32768 bytes, linear)
[host_monotonic_s=181583.804246] [VM 1] [    9.334013] NET: Registered PF_UNIX/PF_LOCAL protocol family
[host_monotonic_s=181583.804249] [VM 1] [    9.350633] RPC: Registered named UNIX socket transport module.
[host_monotonic_s=181583.804253] [VM 1] [    9.415489] RPC: Registered udp transport module.
[host_monotonic_s=181583.804331] [VM 1] [    9.454663] RPC: Registered tcp transport module.
[host_monotonic_s=181583.883086] [VM 1] [    9.601685] RPC: Registered tcp-with-tls transport module.
[host_monotonic_s=181583.912341] [VM 1] [    9.601784] RPC: Registered tcp NFSv4.1 backchannel transport module.
[host_monotonic_s=181583.923135] [VM 1] [    9.602132] PCI: CLS 0 bytes, default 64
[host_monotonic_s=181583.934357] [VM 1] [    9.718706] Unpacking initramfs...
[host_monotonic_s=181583.948818] [VM 1] [    9.728290] kvm [1]: HYP mode not available
[host_monotonic_s=181583.967595] [VM 1] [    9.749912] Initialise system trusted keyrings
[host_monotonic_s=181584.090733] [VM 1] [    9.764511] workingset: timestamp_bits=42 (anon: 38) max_order=18 bucket_order=0 (anon: 0)
[host_monotonic_s=181584.391442] [VM 1] [    9.886946] squashfs: version 4.0 (2009/01/31) Phillip Lougher
[host_monotonic_s=181584.391454] [VM 1] [    9.929476] NFS: Registering the id_resolver key type
[host_monotonic_s=181584.391457] [VM 1] [    9.975420] Key type id_resolver registered
[host_monotonic_s=181584.391459] [VM 1] [   10.012036] Key type id_legacy registered
[host_monotonic_s=181584.391524] [VM 1] [   10.033801] nfs4filelayout_init: NFSv4 File Layout Driver Registering...
[host_monotonic_s=181584.440464] [VM 1] [   10.192836] nfs4flexfilelayout_init: NFSv4 Flexfile Layout Driver Registering...
[host_monotonic_s=181584.492820] [VM 1] [   10.234831] 9p: Installing v9fs 9p2000 file system support
[host_monotonic_s=181584.544948] [VM 1] [   10.237817] Key type asymmetric registered
[host_monotonic_s=181584.557269] [VM 1] [   10.238111] Asymmetric key parser 'x509' registered
[host_monotonic_s=181584.606406] [VM 1] [   10.238580] Block layer SCSI generic (bsg) driver version 0.4 loaded (major 244)
[host_monotonic_s=181584.636850] [VM 1] [   10.238888] io scheduler mq-deadline registered
[host_monotonic_s=181584.972300] [VM 1] [   10.239127] io scheduler kyber registered
[host_monotonic_s=181584.972306] [VM 1] [   10.476176] io scheduler bfq registered
[host_monotonic_s=181584.972307] [VM 1] [   10.552151] ledtrig-cpu: registered to indicate activity on CPUs
[host_monotonic_s=181585.031019] [VM 1] [   10.792854] Serial: 8250/16550 driver, 4 ports, IRQ sharing enabled
[host_monotonic_s=181585.122583] [VM 1] [   10.853971] msm_serial: driver initialized
[host_monotonic_s=181585.201747] [VM 1] [   10.855175] SuperH (H)SCI(F) driver initialized
[host_monotonic_s=181585.592464] [VM 1] [   11.003434] STM32 USART driver initialized
[host_monotonic_s=181585.592470] [VM 1] [   11.140694] loop: module loaded
[host_monotonic_s=181585.592471] [VM 1] [   11.152915] megasas: 07.734.00.00-rc1
[host_monotonic_s=181585.592472] [VM 1] [   11.245883] tun: Universal TUN/TAP device driver, 1.6
[host_monotonic_s=181585.592472] [VM 1] [   11.345793] thunder_xcv, ver 1.0
[host_monotonic_s=181585.592473] [VM 1] [   11.361485] thunder_bgx, ver 1.0
[host_monotonic_s=181585.610321] [VM 1] [   11.386667] nicpf, ver 1.0
[host_monotonic_s=181585.634313] [VM 1] [   11.406617] e1000: Intel(R) PRO/1000 Network Driver
[host_monotonic_s=181585.667474] [VM 1] [   11.431967] e1000: Copyright (c) 1999-2006 Intel Corporation.
[host_monotonic_s=181585.739936] [VM 1] [   11.461636] e1000e: Intel(R) PRO/1000 Network Driver
[host_monotonic_s=181585.802008] [VM 1] [   11.461841] e1000e: Copyright(c) 1999 - 2015 Intel Corporation.
[host_monotonic_s=181585.840380] [VM 1] [   11.462167] igb: Intel(R) Gigabit Ethernet Network Driver
[host_monotonic_s=181586.219647] [VM 1] [   11.462345] igb: Copyright (c) 2007-2014 Intel Corporation.
[host_monotonic_s=181586.219660] [VM 1] [   11.462684] igbvf: Intel(R) Gigabit Virtual Function Network Driver
[host_monotonic_s=181586.219663] [VM 1] [   11.462875] igbvf: Copyright (c) 2009 - 2012 Intel Corporation.
[host_monotonic_s=181586.219666] [VM 1] [   11.761637] sky2: driver version 1.30
[host_monotonic_s=181586.219820] [VM 1] [   11.841073] VFIO - User Level meta-driver version: 0.3
[host_monotonic_s=181586.351715] [VM 1] [   12.046460] usbcore: registered new interface driver usb-storage
[host_monotonic_s=181586.400248] [VM 1] [   12.166636] i2c_dev: i2c /dev entries driver
[host_monotonic_s=181586.785546] [VM 1] [   12.222593] SMCCC: SOC_ID: ARCH_SOC_ID not implemented, skipping ....
[host_monotonic_s=181586.785566] [VM 1] [   12.317420] usbcore: registered new interface driver usbhid
[host_monotonic_s=181586.785570] [VM 1] [   12.342599] usbhid: USB HID core driver
[host_monotonic_s=181586.785575] [VM 1] [   12.413938] NET: Registered PF_INET6 protocol family
[host_monotonic_s=181586.785678] [VM 1] [   12.448282] Segment Routing with IPv6
[host_monotonic_s=181586.807727] [VM 1] [   12.448733] In-situ OAM (IOAM) with IPv6
[host_monotonic_s=181586.853469] [VM 1] [   12.449301] sit: IPv6, IPv4 and MPLS over IPv4 tunneling driver
[host_monotonic_s=181586.880896] [VM 1] [   12.657636] NET: Registered PF_PACKET protocol family
[host_monotonic_s=181586.907657] [VM 1] [   12.683988] 9pnet: Installing 9P2000 support
[host_monotonic_s=181586.939922] [VM 1] [   12.684538] Key type dns_resolver registered
[host_monotonic_s=181587.093175] [VM 1] [   12.841535] registered taskstats version 1
[host_monotonic_s=181587.393418] [VM 1] [   12.888953] Loading compiled-in X.509 certificates
[host_monotonic_s=181587.393424] [VM 1] [   12.996123] Demotion targets for Node 0: null
[host_monotonic_s=181587.393425] [VM 1] [   13.014175] clk: Disabling unused clocks
[host_monotonic_s=181587.393426] [VM 1] [   13.060425] PM: genpd: Disabling unused power domains
[host_monotonic_s=181588.194159] [VM 1] [   13.886222] Freeing initrd memory: 19160K
[host_monotonic_s=181588.258766] [VM 1] [   14.029462] Freeing unused kernel memory: 12672K
[host_monotonic_s=181588.275796] [VM 1] [   14.053972] Run /init as init process
[host_monotonic_s=181589.131367] [VM 1] RT_INIT scenario=stress-noiso cpu=1 load_cpu=0 loops=0 duration_sec=90 interval_us=1000 maxlat_us=20000 priority=90 start_delay_sec=25
[host_monotonic_s=181589.142184] [VM 1] RT_CPUS total=2
[host_monotonic_s=181589.150349] [VM 1] RT_SCHED_PROBE_START
[host_monotonic_s=181589.221480] [VM 1] pid 1's current scheduling policy: SCHED_OTHER
[host_monotonic_s=181589.270012] [VM 1] pid 1's current scheduling priority: 0
[host_monotonic_s=181589.274490] [VM 1] RT_SCHED_PROBE_OK
[host_monotonic_s=181589.292990] [VM 1] RT_WAIT_BEFORE_TEST seconds=25
[host_monotonic_s=181613.633466] [VM 1] RT_STRESS_START cpu=0 workers=2 vm=1
[host_monotonic_s=181613.933820] [VM 1] RT_CYCLICTEST_START
[host_monotonic_s=181613.933826] [VM 1] RT_CYCLICTEST_TIMING_START uptime_s=31.75
[host_monotonic_s=181613.933827] [VM 1] RT_PROGRESS uptime_s=31.86
[host_monotonic_s=181613.933827] [VM 1] stress-ng: info:  [69] defaulting to a 1 day run per stressor
[host_monotonic_s=181613.933828] [VM 1] stress-ng: info:  [69] dispatching hogs: 2 cpu, 1 vm
[host_monotonic_s=181614.307286] [VM 1] stress-ng: info:  [78] vm: non-temporal memory stores not supported, dropping back to plain memory stores
[host_monotonic_s=181614.430779] [VM 1] stress-ng: info:  [78] vm: using 64MB per stressor instance (total 64MB of 871.42MB available memory)
[host_monotonic_s=181615.232111] 
[host_monotonic_s=181615.232124] [Axvisor] detached VM[1] console
[host_monotonic_s=181615.232127] Welcome to AxVisor Shell!
[host_monotonic_s=181615.232130] Type 'help' to see available commands
[host_monotonic_s=181615.232133] Use UP/DOWN arrows to navigate command history
[host_monotonic_s=181615.232135] Console shortcuts:
[host_monotonic_s=181615.232137]   Ctrl+X, then h  return to the Axvisor shell
[host_monotonic_s=181615.232139]   Ctrl+X, then [  attach the previous running guest
[host_monotonic_s=181615.232836]   Ctrl+X, then ]  attach the next running guest
[host_monotonic_s=181615.233471] Note: Running with limited features (filesystem support disabled).
[host_monotonic_s=181615.233535] 
[host_monotonic_s=181616.035667] [2Kaxvisor:$ [2Kaxvisor:$ v[2Kaxvisor:$ vm[2Kaxvisor:$ vm [2Kaxvisor:$ vm c[2Kaxvisor:$ vm co[2Kaxvisor:$ vm con[2Kaxvisor:$ vm cons[2Kaxvisor:$ vm conso[2Kaxvisor:$ vm consol[2Kaxvisor:$ vm console[2Kaxvisor:$ vm console [2Kaxvisor:$ vm console 2
[host_monotonic_s=181616.036848] ✓ Attached VM[2] console; use Ctrl+X, then h to return to the shell
[host_monotonic_s=181616.559407] PERIODIC LATENCY START
[host_monotonic_s=181616.589238] PERIODIC LATENCY SETTLE delay_ms=45000
[host_monotonic_s=181634.054850] [37m[ 63.289097 1:17 axvisor::rt_burner:48] [32mRT_BURNER_READY cpu=1 busy_ms=10 idle_ms=53 start_delay_ms=60000[m
[host_monotonic_s=181664.652944] [msequence,timestamp_ns,deadline_ns,actual_ns,jitter_ns
[host_monotonic_s=181664.678787] 0,19162496,87810018480,87819180976,9162496
[host_monotonic_s=181665.039420] 1,20466784,87820018480,87820485264,466784
[host_monotonic_s=181665.039425] 2,30425744,87830018480,87830444224,425744
[host_monotonic_s=181665.039426] 3,40413600,87840018480,87840432080,413600
[host_monotonic_s=181665.039427] 4,50391952,87850018480,87850410432,391952
[host_monotonic_s=181665.041806] 5,60352832,87860018480,87860371312,352832
[host_monotonic_s=181665.090693] 6,70463152,87870018480,87870481632,463152
[host_monotonic_s=181665.114103] 7,88865856,87880018480,87888884336,8865856
[host_monotonic_s=181665.139356] 8,90429152,87890018480,87890447632,429152
[host_monotonic_s=181665.215000] 9,100459936,87900018480,87900478416,459936
[host_monotonic_s=181665.239913] 10,110427760,87910018480,87910446240,427760
[host_monotonic_s=181665.248489] 11,120430448,87920018480,87920448928,430448
[host_monotonic_s=181665.278534] 12,130499168,87930018480,87930517648,499168
[host_monotonic_s=181665.589714] 13,145192704,87940018480,87945211184,5192704
[host_monotonic_s=181665.589720] 14,150431200,87950018480,87950449680,431200
[host_monotonic_s=181665.589721] 15,160429984,87960018480,87960448464,429984
[host_monotonic_s=181665.589722] 16,170392016,87970018480,87970410496,392016
[host_monotonic_s=181665.589722] 17,180393920,87980018480,87980412400,393920
[host_monotonic_s=181665.609482] 18,190399600,87990018480,87990418080,399600
[host_monotonic_s=181665.680915] 19,209134768,88000018480,88009153248,9134768
[host_monotonic_s=181665.725010] 20,210429408,88010018480,88010447888,429408
[host_monotonic_s=181665.732918] 21,220446128,88020018480,88020464608,446128
[host_monotonic_s=181665.797820] 22,230383456,88030018480,88030401936,383456
[host_monotonic_s=181665.820257] 23,240418496,88040018480,88040436976,418496
[host_monotonic_s=181666.140038] 24,250409264,88050018480,88050427744,409264
[host_monotonic_s=181666.140050] 25,260432496,88060018480,88060450976,432496
[host_monotonic_s=181666.140053] 26,278855888,88070018480,88078874368,8855888
[host_monotonic_s=181666.140055] 27,280451808,88080018480,88080470288,451808
[host_monotonic_s=181666.140057] 28,290390688,88090018480,88090409168,390688
[host_monotonic_s=181666.140059] 29,300447632,88100018480,88100466112,447632
[host_monotonic_s=181666.169671] 30,310443584,88110018480,88110462064,443584
[host_monotonic_s=181666.231039] 31,320407888,88120018480,88120426368,407888
[host_monotonic_s=181666.280660] 32,338848656,88130018480,88138867136,8848656
[host_monotonic_s=181666.331153] 33,340447120,88140018480,88140465600,447120
[host_monotonic_s=181666.389375] 34,350397440,88150018480,88150415920,397440
[host_monotonic_s=181666.690339] 35,368828944,88160018480,88168847424,8828944
[host_monotonic_s=181666.690345] 36,370406608,88170018480,88170425088,406608
[host_monotonic_s=181666.690346] 37,380419120,88180018480,88180437600,419120
[host_monotonic_s=181666.690346] 38,397643296,88190018480,88197661776,7643296
[host_monotonic_s=181666.690347] 39,400438368,88200018480,88200456848,438368
[host_monotonic_s=181666.699450] 40,410384128,88210018480,88210402608,384128
[host_monotonic_s=181666.769557] 41,428878128,88220018480,88228896608,8878128
[host_monotonic_s=181666.798456] 42,438832784,88230018480,88238851264,8832784
[host_monotonic_s=181666.853876] 43,440398912,88240018480,88240417392,398912
[host_monotonic_s=181666.899378] 44,460511904,88250018480,88260530384,10511904
[host_monotonic_s=181666.939396] 45,460803424,88260018480,88260821904,803424
[host_monotonic_s=181667.240540] 46,478834592,88270018480,88278853072,8834592
[host_monotonic_s=181667.240546] 47,488829680,88280018480,88288848160,8829680
[host_monotonic_s=181667.240547] 48,490434096,88290018480,88290452576,434096
[host_monotonic_s=181667.240548] 49,500443648,88300018480,88300462128,443648
[host_monotonic_s=181667.240548] 50,513569056,88310018480,88313587536,3569056
[host_monotonic_s=181667.240549] 51,524042432,88320018480,88324060912,4042432
[host_monotonic_s=181667.289895] 52,530415936,88330018480,88330434416,415936
[host_monotonic_s=181667.330295] 53,540458704,88340018480,88340477184,458704
[host_monotonic_s=181667.401297] 54,550369056,88350018480,88350387536,369056
[host_monotonic_s=181667.432419] 55,560963472,88360018480,88360981952,963472
[host_monotonic_s=181667.481006] 56,570375648,88370018480,88370394128,375648
[host_monotonic_s=181667.790716] 57,587118016,88380018480,88387136496,7118016
[host_monotonic_s=181667.790721] 58,590437552,88390018480,88390456032,437552
[host_monotonic_s=181667.790722] 59,600432432,88400018480,88400450912,432432
[host_monotonic_s=181667.790722] 60,610526400,88410018480,88410544880,526400
[host_monotonic_s=181667.827093] 61,620417264,88420018480,88420435744,417264
[host_monotonic_s=181667.862661] 62,630404208,88430018480,88430422688,404208
[host_monotonic_s=181667.911581] 63,650168752,88440018480,88450187232,10168752
[host_monotonic_s=181667.971581] 64,651489248,88450018480,88451507728,1489248
[host_monotonic_s=181668.018097] 65,660452160,88460018480,88460470640,452160
[host_monotonic_s=181668.341014] 66,670460944,88470018480,88470479424,460944
[host_monotonic_s=181668.341021] 67,688836080,88480018480,88488854560,8836080
[host_monotonic_s=181668.341022] 68,690436608,88490018480,88490455088,436608
[host_monotonic_s=181668.341023] 69,700439824,88500018480,88500458304,439824
[host_monotonic_s=181668.341024] 70,713292944,88510018480,88513311424,3292944
[host_monotonic_s=181668.349736] 71,720402368,88520018480,88520420848,402368
[host_monotonic_s=181668.396920] 72,730505520,88530018480,88530524000,505520
[host_monotonic_s=181668.499371] 73,740577952,88540018480,88540596432,577952
[host_monotonic_s=181668.587749] 74,759130032,88550018480,88559148512,9130032
[host_monotonic_s=181668.891275] 75,776071344,88560018480,88576089824,16071344
[host_monotonic_s=181668.891281] 76,776394672,88570018480,88576413152,6394672
[host_monotonic_s=181668.891282] 77,780353216,88580018480,88580371696,353216
[host_monotonic_s=181668.891282] 78,799078528,88590018480,88599097008,9078528
[host_monotonic_s=181668.891283] 79,800345360,88600018480,88600363840,345360
[host_monotonic_s=181668.939953] 80,818974112,88610018480,88618992592,8974112
[host_monotonic_s=181669.019501] 81,828848512,88620018480,88628866992,8848512
[host_monotonic_s=181669.096226] 82,839399392,88630018480,88639417872,9399392
[host_monotonic_s=181669.140820] 83,840429120,88640018480,88640447600,429120
[host_monotonic_s=181669.441621] 84,850421424,88650018480,88650439904,421424
[host_monotonic_s=181669.441627] 85,861523072,88660018480,88661541552,1523072
[host_monotonic_s=181669.441628] 86,879037904,88670018480,88679056384,9037904
[host_monotonic_s=181669.441629] 87,880427216,88680018480,88680445696,427216
[host_monotonic_s=181669.441629] 88,890444240,88690018480,88690462720,444240
[host_monotonic_s=181669.467097] 89,902588896,88700018480,88702607376,2588896
[host_monotonic_s=181669.520160] 90,910540976,88710018480,88710559456,540976
[host_monotonic_s=181669.590211] 91,920364672,88720018480,88720383152,364672
[host_monotonic_s=181669.617029] 92,930337968,88730018480,88730356448,337968
[host_monotonic_s=181669.653081] 93,948958832,88740018480,88748977312,8958832
[host_monotonic_s=181669.999562] 94,950898592,88750018480,88750917072,898592
[host_monotonic_s=181669.999570] 95,965753088,88760018480,88765771568,5753088
[host_monotonic_s=181669.999571] 96,970477888,88770018480,88770496368,477888
[host_monotonic_s=181669.999573] 97,980571184,88780018480,88780589664,571184
[host_monotonic_s=181669.999573] 98,990502224,88790018480,88790520704,502224
[host_monotonic_s=181670.011791] 99,1000518352,88800018480,88800536832,518352
[host_monotonic_s=181670.080409] 100,1018670976,88810018480,88818689456,8670976
[host_monotonic_s=181670.129744] 101,1029387312,88820018480,88829405792,9387312
[host_monotonic_s=181670.179120] 102,1030490624,88830018480,88830509104,490624
[host_monotonic_s=181670.559759] 103,1049233280,88840018480,88849251760,9233280
[host_monotonic_s=181670.559765] 104,1050528048,88850018480,88850546528,528048
[host_monotonic_s=181670.559766] 105,1060511344,88860018480,88860529824,511344
[host_monotonic_s=181670.559767] 106,1079309280,88870018480,88879327760,9309280
[host_monotonic_s=181670.559767] 107,1080624592,88880018480,88880643072,624592
[host_monotonic_s=181670.559768] 108,1092462032,88890018480,88892480512,2462032
[host_monotonic_s=181670.572557] 109,1100475888,88900018480,88900494368,475888
[host_monotonic_s=181670.585823] 110,1110482400,88910018480,88910500880,482400
[host_monotonic_s=181670.600646] 111,1120433744,88920018480,88920452224,433744
[host_monotonic_s=181670.660058] 112,1130445584,88930018480,88930464064,445584
[host_monotonic_s=181670.690495] 113,1140415456,88940018480,88940433936,415456
[host_monotonic_s=181670.799584] 114,1155534800,88950018480,88955553280,5534800
[host_monotonic_s=181671.112997] 115,1165733936,88960018480,88965752416,5733936
[host_monotonic_s=181671.113004] 116,1170448160,88970018480,88970466640,448160
[host_monotonic_s=181671.113005] 117,1180416992,88980018480,88980435472,416992
[host_monotonic_s=181671.113006] 118,1190385696,88990018480,88990404176,385696
[host_monotonic_s=181671.120062] 119,1200412784,89000018480,89000431264,412784
[host_monotonic_s=181671.197728] 120,1218936208,89010018480,89018954688,8936208
[host_monotonic_s=181671.270296] 121,1220579760,89020018480,89020598240,579760
[host_monotonic_s=181671.309563] 122,1230822160,89030018480,89030840640,822160
[host_monotonic_s=181671.339474] 123,1240433712,89040018480,89040452192,433712
[host_monotonic_s=181671.669461] 124,1250524016,89050018480,89050542496,524016
[host_monotonic_s=181671.669467] 125,1265968480,89060018480,89065986960,5968480
[host_monotonic_s=181671.669468] 126,1270570448,89070018480,89070588928,570448
[host_monotonic_s=181671.669469] 127,1281863168,89080018480,89081881648,1863168
[host_monotonic_s=181671.669469] 128,1290564480,89090018480,89090582960,564480
[host_monotonic_s=181671.669470] 129,1300620992,89100018480,89100639472,620992
[host_monotonic_s=181671.739883] 130,1310645952,89110018480,89110664432,645952
[host_monotonic_s=181671.789386] 131,1329086080,89120018480,89129104560,9086080
[host_monotonic_s=181671.846144] 132,1330515200,89130018480,89130533680,515200
[host_monotonic_s=181672.219596] 133,1345135808,89140018480,89145154288,5135808
[host_monotonic_s=181672.219602] 134,1358909936,89150018480,89158928416,8909936
[host_monotonic_s=181672.219603] 135,1366150608,89160018480,89166169088,6150608
[host_monotonic_s=181672.219603] 136,1378971008,89170018480,89178989488,8971008
[host_monotonic_s=181672.219604] 137,1380527360,89180018480,89180545840,527360
[host_monotonic_s=181672.220590] 138,1390647776,89190018480,89190666256,647776
[host_monotonic_s=181672.244602] 139,1408248784,89200018480,89208267264,8248784
[host_monotonic_s=181672.279477] 140,1410427296,89210018480,89210445776,427296
[host_monotonic_s=181672.349702] 141,1438954928,89220018480,89238973408,18954928
[host_monotonic_s=181672.399730] 142,1439240912,89230018480,89239259392,9240912
[host_monotonic_s=181672.769916] 143,1449379488,89240018480,89249397968,9379488
[host_monotonic_s=181672.769922] 144,1450637968,89250018480,89250656448,637968
[host_monotonic_s=181672.769923] 145,1460644784,89260018480,89260663264,644784
[host_monotonic_s=181672.769924] 146,1471339600,89270018480,89271358080,1339600
[host_monotonic_s=181672.769925] 147,1489071504,89280018480,89289089984,9071504
[host_monotonic_s=181672.769925] 148,1490554912,89290018480,89290573392,554912
[host_monotonic_s=181672.784328] 149,1500511744,89300018480,89300530224,511744
[host_monotonic_s=181672.837612] 150,1510538992,89310018480,89310557472,538992
[host_monotonic_s=181672.899306] 151,1520507552,89320018480,89320526032,507552
[host_monotonic_s=181672.960830] 152,1534504928,89330018480,89334523408,4504928
[host_monotonic_s=181673.329668] 153,1540405536,89340018480,89340424016,405536
[host_monotonic_s=181673.329674] 154,1550485600,89350018480,89350504080,485600
[host_monotonic_s=181673.329675] 155,1560528640,89360018480,89360547120,528640
[host_monotonic_s=181673.329676] 156,1570535008,89370018480,89370553488,535008
[host_monotonic_s=181673.329676] 157,1597603648,89380018480,89397622128,17603648
[host_monotonic_s=181673.329677] 158,1597916784,89390018480,89397935264,7916784
[host_monotonic_s=181673.370423] 159,1608856208,89400018480,89408874688,8856208
[host_monotonic_s=181673.393916] 160,1610530992,89410018480,89410549472,530992
[host_monotonic_s=181673.413224] 161,1620512464,89420018480,89420530944,512464
[host_monotonic_s=181673.485159] 162,1630472976,89430018480,89430491456,472976
[host_monotonic_s=181673.529538] 163,1649146080,89440018480,89449164560,9146080
[host_monotonic_s=181673.879904] 164,1650527232,89450018480,89450545712,527232
[host_monotonic_s=181673.879910] 165,1661043296,89460018480,89461061776,1043296
[host_monotonic_s=181673.879911] 166,1670520288,89470018480,89470538768,520288
[host_monotonic_s=181673.879911] 167,1680513632,89480018480,89480532112,513632
[host_monotonic_s=181673.879912] 168,1698958304,89490018480,89498976784,8958304
[host_monotonic_s=181673.879912] 169,1700521120,89500018480,89500539600,521120
[host_monotonic_s=181673.890627] 170,1710616560,89510018480,89510635040,616560
[host_monotonic_s=181673.944588] 171,1724357264,89520018480,89524375744,4357264
[host_monotonic_s=181674.039364] 172,1730468112,89530018480,89530486592,468112
[host_monotonic_s=181674.092737] 173,1740634048,89540018480,89540652528,634048
[host_monotonic_s=181674.434926] 174,1750533584,89550018480,89550552064,533584
[host_monotonic_s=181674.434932] 175,1760575504,89560018480,89560593984,575504
[host_monotonic_s=181674.434933] 176,1770559712,89570018480,89570578192,559712
[host_monotonic_s=181674.434933] 177,1787474096,89580018480,89587492576,7474096
[host_monotonic_s=181674.434934] 178,1790457536,89590018480,89590476016,457536
[host_monotonic_s=181674.479224] 179,1800440960,89600018480,89600459440,440960
[host_monotonic_s=181674.540793] 180,1810576928,89610018480,89610595408,576928
[host_monotonic_s=181674.591574] 181,1820477200,89620018480,89620495680,477200
[host_monotonic_s=181674.642649] 182,1830504880,89630018480,89630523360,504880
[host_monotonic_s=181674.989515] 183,1850551984,89640018480,89650570464,10551984
[host_monotonic_s=181674.989522] 184,1851392672,89650018480,89651411152,1392672
[host_monotonic_s=181674.989524] 185,1860416480,89660018480,89660434960,416480
[host_monotonic_s=181674.989524] 186,1870593520,89670018480,89670612000,593520
[host_monotonic_s=181674.989525] 187,1889261440,89680018480,89689279920,9261440
[host_monotonic_s=181675.010155] 188,1890525744,89690018480,89690544224,525744
[host_monotonic_s=181675.079685] 189,1900538608,89700018480,89700557088,538608
[host_monotonic_s=181675.112079] 190,1913738784,89710018480,89713757264,3738784
[host_monotonic_s=181675.169721] 191,1920409920,89720018480,89720428400,409920
[host_monotonic_s=181675.229861] 192,1930545856,89730018480,89730564336,545856
[host_monotonic_s=181675.539695] 193,1940560720,89740018480,89740579200,560720
[host_monotonic_s=181675.539701] 194,1950508032,89750018480,89750526512,508032
[host_monotonic_s=181675.539702] 195,1960515136,89760018480,89760533616,515136
[host_monotonic_s=181675.539703] 196,1979047584,89770018480,89779066064,9047584
[host_monotonic_s=181675.569988] 197,1988961152,89780018480,89788979632,8961152
[host_monotonic_s=181675.650544] 198,1990495696,89790018480,89790514176,495696
[host_monotonic_s=181675.719087] 199,2000497696,89800018480,89800516176,497696
[host_monotonic_s=181676.093637] 200,2010483296,89810018480,89810501776,483296
[host_monotonic_s=181676.093642] 201,2020540192,89820018480,89820558672,540192
[host_monotonic_s=181676.093643] 202,2049063904,89830018480,89849082384,19063904
[host_monotonic_s=181676.093644] 203,2049318528,89840018480,89849337008,9318528
[host_monotonic_s=181676.093644] 204,2050399264,89850018480,89850417744,399264
[host_monotonic_s=181676.114422] 205,2069150608,89860018480,89869169088,9150608
[host_monotonic_s=181676.160425] 206,2070492640,89870018480,89870511120,492640
[host_monotonic_s=181676.193787] 207,2080600064,89880018480,89880618544,600064
[host_monotonic_s=181676.220126] 208,2090512304,89890018480,89890530784,512304
[host_monotonic_s=181676.319485] 209,2109021824,89900018480,89909040304,9021824
[host_monotonic_s=181676.649667] 210,2110394688,89910018480,89910413168,394688
[host_monotonic_s=181676.649675] 211,2129014880,89920018480,89929033360,9014880
[host_monotonic_s=181676.649676] 212,2130606944,89930018480,89930625424,606944
[host_monotonic_s=181676.649678] 213,2140512848,89940018480,89940531328,512848
[host_monotonic_s=181676.649678] 214,2150542832,89950018480,89950561312,542832
[host_monotonic_s=181676.660620] 215,2166489168,89960018480,89966507648,6489168
[host_monotonic_s=181676.710706] 216,2170416672,89970018480,89970435152,416672
[host_monotonic_s=181676.816344] 217,2180525424,89980018480,89980543904,525424
[host_monotonic_s=181676.859707] 218,2190536384,89990018480,89990554864,536384
[host_monotonic_s=181677.199932] 219,2200664800,90000018480,90000683280,664800
[host_monotonic_s=181677.199939] 220,2218995376,90010018480,90019013856,8995376
[host_monotonic_s=181677.199941] 221,2229640624,90020018480,90029659104,9640624
[host_monotonic_s=181677.199942] 222,2230386144,90030018480,90030404624,386144
[host_monotonic_s=181677.231540] 223,2240525904,90040018480,90040544384,525904
[host_monotonic_s=181677.290183] 224,2250528800,90050018480,90050547280,528800
[host_monotonic_s=181677.379736] 225,2260629168,90060018480,90060647648,629168
[host_monotonic_s=181677.440148] 226,2270533744,90070018480,90070552224,533744
[host_monotonic_s=181677.754845] 227,2280687216,90080018480,90080705696,687216
[host_monotonic_s=181677.754852] 228,2299036272,90090018480,90099054752,9036272
[host_monotonic_s=181677.754853] 229,2300385472,90100018480,90100403952,385472
[host_monotonic_s=181677.754854] 230,2310571392,90110018480,90110589872,571392
[host_monotonic_s=181677.754855] 231,2320531984,90120018480,90120550464,531984
[host_monotonic_s=181677.754856] 232,2330617968,90130018480,90130636448,617968
[host_monotonic_s=181677.774102] 233,2340625520,90140018480,90140644000,625520
[host_monotonic_s=181677.821174] 234,2355864720,90150018480,90155883200,5864720
[host_monotonic_s=181677.876110] 235,2360488208,90160018480,90160506688,488208
[host_monotonic_s=181677.929957] 236,2370421696,90170018480,90170440176,421696
[host_monotonic_s=181677.989501] 237,2380699200,90180018480,90180717680,699200
[host_monotonic_s=181678.309596] 238,2390538304,90190018480,90190556784,538304
[host_monotonic_s=181678.309602] 239,2400513328,90200018480,90200531808,513328
[host_monotonic_s=181678.309603] 240,2419113984,90210018480,90219132464,9113984
[host_monotonic_s=181678.309604] 241,2420441584,90220018480,90220460064,441584
[host_monotonic_s=181678.309605] 242,2439153696,90230018480,90239172176,9153696
[host_monotonic_s=181678.309605] 243,2449053808,90240018480,90249072288,9053808
[host_monotonic_s=181678.341868] 244,2450532992,90250018480,90250551472,532992
[host_monotonic_s=181678.389845] 245,2460530384,90260018480,90260548864,530384
[host_monotonic_s=181678.499904] 246,2470562736,90270018480,90270581216,562736
[host_monotonic_s=181678.529488] 247,2482290880,90280018480,90282309360,2290880
[host_monotonic_s=181678.859912] 248,2490616592,90290018480,90290635072,616592
[host_monotonic_s=181678.859920] 249,2500572976,90300018480,90300591456,572976
[host_monotonic_s=181678.859922] 250,2510449632,90310018480,90310468112,449632
[host_monotonic_s=181678.859923] 251,2520471040,90320018480,90320489520,471040
[host_monotonic_s=181678.859925] 252,2549153424,90330018480,90349171904,19153424
[host_monotonic_s=181678.859926] 253,2549527040,90340018480,90349545520,9527040
[host_monotonic_s=181678.900989] 254,2559184704,90350018480,90359203184,9184704
[host_monotonic_s=181678.920322] 255,2560654336,90360018480,90360672816,654336
[host_monotonic_s=181678.999325] 256,2570648304,90370018480,90370666784,648304
[host_monotonic_s=181679.041165] 257,2580643888,90380018480,90380662368,643888
[host_monotonic_s=181679.089342] 258,2590633968,90390018480,90390652448,633968
[host_monotonic_s=181679.410237] 259,2608909456,90400018480,90408927936,8909456
[host_monotonic_s=181679.410242] 260,2619123968,90410018480,90419142448,9123968
[host_monotonic_s=181679.410243] 261,2620563040,90420018480,90420581520,563040
[host_monotonic_s=181679.410244] 262,2630532240,90430018480,90430550720,532240
[host_monotonic_s=181679.410244] 263,2640543808,90440018480,90440562288,543808
[host_monotonic_s=181679.410245] 264,2650519088,90450018480,90450537568,519088
[host_monotonic_s=181679.461395] 265,2678917024,90460018480,90478935504,18917024
[host_monotonic_s=181679.520078] 266,2679218784,90470018480,90479237264,9218784
[host_monotonic_s=181679.579415] 267,2680532224,90480018480,90480550704,532224
[host_monotonic_s=181679.639573] 268,2690510800,90490018480,90490529280,510800
[host_monotonic_s=181679.969618] 269,2700571952,90500018480,90500590432,571952
[host_monotonic_s=181679.969623] 270,2710544064,90510018480,90510562544,544064
[host_monotonic_s=181679.969624] 271,2720671552,90520018480,90520690032,671552
[host_monotonic_s=181679.969625] 272,2735240368,90530018480,90535258848,5240368
[host_monotonic_s=181679.969626] 273,2740437216,90540018480,90540455696,437216
[host_monotonic_s=181680.000249] 274,2750648624,90550018480,90550667104,648624
[host_monotonic_s=181680.027443] 275,2778970848,90560018480,90578989328,18970848
[host_monotonic_s=181680.071743] 276,2779297440,90570018480,90579315920,9297440
[host_monotonic_s=181680.121453] 277,2780458064,90580018480,90580476544,458064
[host_monotonic_s=181680.153045] 278,2798883120,90590018480,90598901600,8883120
[host_monotonic_s=181680.519762] 279,2818959728,90600018480,90618978208,18959728
[host_monotonic_s=181680.519769] 280,2819248400,90610018480,90619266880,9248400
[host_monotonic_s=181680.519770] 281,2820539776,90620018480,90620558256,539776
[host_monotonic_s=181680.519771] 282,2830626112,90630018480,90630644592,626112
[host_monotonic_s=181680.540575] 283,2840465328,90640018480,90640483808,465328
[host_monotonic_s=181680.570402] 284,2851266944,90650018480,90651285424,1266944
[host_monotonic_s=181680.633939] 285,2861767184,90660018480,90661785664,1767184
[host_monotonic_s=181680.689804] 286,2870508160,90670018480,90670526640,508160
[host_monotonic_s=181680.759823] 287,2880532128,90680018480,90680550608,532128
[host_monotonic_s=181681.070153] 288,2890583392,90690018480,90690601872,583392
[host_monotonic_s=181681.070158] 289,2900689600,90700018480,90700708080,689600
[host_monotonic_s=181681.070159] 290,2910543680,90710018480,90710562160,543680
[host_monotonic_s=181681.070160] 291,2924881712,90720018480,90724900192,4881712
[host_monotonic_s=181681.070161] 292,2930409072,90730018480,90730427552,409072
[host_monotonic_s=181681.079383] 293,2940575872,90740018480,90740594352,575872
[host_monotonic_s=181681.121220] 294,2950515072,90750018480,90750533552,515072
[host_monotonic_s=181681.152505] 295,2969172624,90760018480,90769191104,9172624
[host_monotonic_s=181681.179760] 296,2970587152,90770018480,90770605632,587152
[host_monotonic_s=181681.258876] 297,2988051728,90780018480,90788070208,8051728
[host_monotonic_s=181681.310365] 298,2990423728,90790018480,90790442208,423728
[host_monotonic_s=181681.620541] 299,3000647344,90800018480,90800665824,647344
[host_monotonic_s=181681.620546] PERIODIC LATENCY COMPLETE samples=300
[host_monotonic_s=181682.421410] 
[host_monotonic_s=181682.421414] [Axvisor] detached VM[2] console
[host_monotonic_s=181683.222420] [2Kaxvisor:$ [2Kaxvisor:$ v[2Kaxvisor:$ vm[2Kaxvisor:$ vm [2Kaxvisor:$ vm c[2Kaxvisor:$ vm co[2Kaxvisor:$ vm con[2Kaxvisor:$ vm cons[2Kaxvisor:$ vm conso[2Kaxvisor:$ vm consol[2Kaxvisor:$ vm console[2Kaxvisor:$ vm console [2Kaxvisor:$ vm console 1
[host_monotonic_s=181683.222477] ✓ Attached VM[1] console; use Ctrl+X, then h to return to the shell
[host_monotonic_s=181683.222648] RT_PROGRESS uptime_s=41.88
[host_monotonic_s=181683.222688] [   51.868545] random: crng init done
[host_monotonic_s=181683.222806] RT_PROGRESS uptime_s=51.90
[host_monotonic_s=181683.222809] RT_PROGRESS uptime_s=61.95
[host_monotonic_s=181683.222824] RT_PROGRESS uptime_s=71.98
[host_monotonic_s=181683.222898] RT_PROGRESS uptime_s=82.02
[host_monotonic_s=181683.222939] RT_PROGRESS uptime_s=92.05
[host_monotonic_s=181684.023803] RT_PROGRESS uptime_s=102.10
[host_monotonic_s=181694.293559] RT_PROGRESS uptime_s=112.14
[host_monotonic_s=181705.091048] WARN: stat /dev/cpu_dma_latency failed: No such file or directory
[host_monotonic_s=181705.101919] # Histogram
[host_monotonic_s=181705.104784] 000164 000001
[host_monotonic_s=181705.107525] 000165 000002
[host_monotonic_s=181705.110569] 000166 000001
[host_monotonic_s=181705.411705] 000169 000001
[host_monotonic_s=181705.411716] 000170 000003
[host_monotonic_s=181705.411719] 000171 000001
[host_monotonic_s=181705.411721] 000172 000006
[host_monotonic_s=181705.411723] 000173 000004
[host_monotonic_s=181705.411724] 000174 000002
[host_monotonic_s=181705.411725] 000175 000003
[host_monotonic_s=181705.411727] 000176 000006
[host_monotonic_s=181705.411728] 000177 000003
[host_monotonic_s=181705.411730] 000178 000005
[host_monotonic_s=181705.411732] 000179 000001
[host_monotonic_s=181705.411733] 000180 000001
[host_monotonic_s=181705.411734] 000181 000004
[host_monotonic_s=181705.411735] 000182 000002
[host_monotonic_s=181705.411737] 000183 000002
[host_monotonic_s=181705.411738] 000184 000006
[host_monotonic_s=181705.411739] 000185 000004
[host_monotonic_s=181705.411741] 000186 000003
[host_monotonic_s=181705.414965] 000187 000002
[host_monotonic_s=181705.420693] 000188 000006
[host_monotonic_s=181705.423822] 000189 000008
[host_monotonic_s=181705.426638] 000190 000004
[host_monotonic_s=181705.429389] 000191 000006
[host_monotonic_s=181705.432271] 000192 000004
[host_monotonic_s=181705.435104] 000193 000004
[host_monotonic_s=181705.437742] 000194 000003
[host_monotonic_s=181705.440614] 000195 000008
[host_monotonic_s=181705.443274] 000196 000006
[host_monotonic_s=181705.446016] 000197 000002
[host_monotonic_s=181705.448691] 000198 000004
[host_monotonic_s=181705.451809] 000199 000003
[host_monotonic_s=181705.454536] 000200 000005
[host_monotonic_s=181705.461958] 000201 000004
[host_monotonic_s=181705.464592] 000202 000004
[host_monotonic_s=181705.467325] 000203 000003
[host_monotonic_s=181705.470131] 000204 000003
[host_monotonic_s=181705.472821] 000205 000002
[host_monotonic_s=181705.475774] 000206 000002
[host_monotonic_s=181705.479047] 000207 000005
[host_monotonic_s=181705.482349] 000208 000003
[host_monotonic_s=181705.485477] 000209 000008
[host_monotonic_s=181705.488224] 000210 000008
[host_monotonic_s=181705.491549] 000211 000004
[host_monotonic_s=181705.494366] 000212 000004
[host_monotonic_s=181705.497158] 000213 000005
[host_monotonic_s=181705.499998] 000214 000004
[host_monotonic_s=181705.502895] 000215 000004
[host_monotonic_s=181705.505706] 000216 000003
[host_monotonic_s=181705.508409] 000217 000001
[host_monotonic_s=181705.511244] 000218 000004
[host_monotonic_s=181705.514129] 000219 000003
[host_monotonic_s=181705.516987] 000220 000003
[host_monotonic_s=181705.519866] 000221 000007
[host_monotonic_s=181705.522736] 000222 000005
[host_monotonic_s=181705.525405] 000223 000003
[host_monotonic_s=181705.528115] 000224 000003
[host_monotonic_s=181705.530905] 000225 000004
[host_monotonic_s=181705.533695] 000226 000001
[host_monotonic_s=181705.536412] 000227 000002
[host_monotonic_s=181705.542570] 000228 000002
[host_monotonic_s=181705.545713] 000229 000005
[host_monotonic_s=181705.548896] 000230 000001
[host_monotonic_s=181705.561385] 000231 000006
[host_monotonic_s=181705.572490] 000232 000001
[host_monotonic_s=181705.575551] 000233 000006
[host_monotonic_s=181705.578209] 000234 000004
[host_monotonic_s=181705.581030] 000235 000002
[host_monotonic_s=181705.583767] 000236 000003
[host_monotonic_s=181705.590890] 000237 000007
[host_monotonic_s=181705.610471] 000238 000004
[host_monotonic_s=181705.620576] 000239 000002
[host_monotonic_s=181705.650522] 000240 000003
[host_monotonic_s=181705.660318] 000241 000003
[host_monotonic_s=181705.962167] 000242 000005
[host_monotonic_s=181705.962182] 000243 000003
[host_monotonic_s=181705.962185] 000244 000002
[host_monotonic_s=181705.962187] 000245 000003
[host_monotonic_s=181705.962189] 000246 000005
[host_monotonic_s=181705.962192] 000247 000003
[host_monotonic_s=181705.962194] 000248 000002
[host_monotonic_s=181705.962196] 000249 000005
[host_monotonic_s=181705.962197] 000250 000002
[host_monotonic_s=181705.962199] 000251 000005
[host_monotonic_s=181705.962201] 000252 000001
[host_monotonic_s=181705.962203] 000253 000004
[host_monotonic_s=181705.962204] 000254 000001
[host_monotonic_s=181705.962206] 000255 000002
[host_monotonic_s=181705.962208] 000256 000001
[host_monotonic_s=181705.962209] 000257 000003
[host_monotonic_s=181705.962211] 000258 000003
[host_monotonic_s=181705.962212] 000259 000003
[host_monotonic_s=181705.962214] 000260 000004
[host_monotonic_s=181705.972181] 000261 000003
[host_monotonic_s=181705.982212] 000262 000001
[host_monotonic_s=181705.985062] 000263 000006
[host_monotonic_s=181705.987922] 000264 000003
[host_monotonic_s=181705.990824] 000265 000001
[host_monotonic_s=181705.993611] 000266 000003
[host_monotonic_s=181705.996296] 000267 000007
[host_monotonic_s=181705.998980] 000268 000001
[host_monotonic_s=181706.002234] 000269 000001
[host_monotonic_s=181706.005203] 000270 000002
[host_monotonic_s=181706.020908] 000271 000003
[host_monotonic_s=181706.024023] 000272 000007
[host_monotonic_s=181706.027224] 000273 000001
[host_monotonic_s=181706.031131] 000274 000004
[host_monotonic_s=181706.034336] 000275 000003
[host_monotonic_s=181706.037412] 000276 000001
[host_monotonic_s=181706.040595] 000277 000008
[host_monotonic_s=181706.043584] 000278 000005
[host_monotonic_s=181706.046666] 000279 000005
[host_monotonic_s=181706.050232] 000280 000004
[host_monotonic_s=181706.069717] 000281 000002
[host_monotonic_s=181706.080504] 000282 000009
[host_monotonic_s=181706.092270] 000283 000002
[host_monotonic_s=181706.095586] 000284 000003
[host_monotonic_s=181706.098831] 000285 000002
[host_monotonic_s=181706.111258] 000286 000002
[host_monotonic_s=181706.114287] 000287 000003
[host_monotonic_s=181706.117213] 000288 000001
[host_monotonic_s=181706.120265] 000289 000008
[host_monotonic_s=181706.123161] 000290 000005
[host_monotonic_s=181706.125855] 000291 000001
[host_monotonic_s=181706.128558] 000292 000006
[host_monotonic_s=181706.131394] 000293 000007
[host_monotonic_s=181706.134297] 000294 000007
[host_monotonic_s=181706.137053] 000295 000004
[host_monotonic_s=181706.142579] 000296 000005
[host_monotonic_s=181706.145611] 000297 000004
[host_monotonic_s=181706.148482] 000298 000006
[host_monotonic_s=181706.151539] 000299 000003
[host_monotonic_s=181706.154941] 000300 000004
[host_monotonic_s=181706.158200] 000301 000003
[host_monotonic_s=181706.161819] 000302 000007
[host_monotonic_s=181706.164719] 000303 000007
[host_monotonic_s=181706.167894] 000304 000006
[host_monotonic_s=181706.171649] 000305 000006
[host_monotonic_s=181706.182892] 000306 000004
[host_monotonic_s=181706.185687] 000307 000006
[host_monotonic_s=181706.188383] 000308 000006
[host_monotonic_s=181706.191512] 000309 000007
[host_monotonic_s=181706.194492] 000310 000010
[host_monotonic_s=181706.197256] 000311 000010
[host_monotonic_s=181706.200228] 000312 000008
[host_monotonic_s=181706.203191] 000313 000004
[host_monotonic_s=181706.512592] 000314 000010
[host_monotonic_s=181706.512604] 000315 000010
[host_monotonic_s=181706.512606] 000316 000004
[host_monotonic_s=181706.512608] 000317 000016
[host_monotonic_s=181706.512610] 000318 000009
[host_monotonic_s=181706.512611] 000319 000012
[host_monotonic_s=181706.512613] 000320 000012
[host_monotonic_s=181706.512614] 000321 000017
[host_monotonic_s=181706.512616] 000322 000009
[host_monotonic_s=181706.512617] 000323 000013
[host_monotonic_s=181706.512618] 000324 000022
[host_monotonic_s=181706.512620] 000325 000015
[host_monotonic_s=181706.512621] 000326 000016
[host_monotonic_s=181706.512623] 000327 000018
[host_monotonic_s=181706.512624] 000328 000019
[host_monotonic_s=181706.512625] 000329 000019
[host_monotonic_s=181706.512626] 000330 000023
[host_monotonic_s=181706.512628] 000331 000021
[host_monotonic_s=181706.512630] 000332 000022
[host_monotonic_s=181706.518727] 000333 000020
[host_monotonic_s=181706.521962] 000334 000014
[host_monotonic_s=181706.524931] 000335 000026
[host_monotonic_s=181706.527753] 000336 000023
[host_monotonic_s=181706.530924] 000337 000018
[host_monotonic_s=181706.533718] 000338 000026
[host_monotonic_s=181706.536388] 000339 000015
[host_monotonic_s=181706.539166] 000340 000019
[host_monotonic_s=181706.542226] 000341 000023
[host_monotonic_s=181706.544933] 000342 000024
[host_monotonic_s=181706.547665] 000343 000015
[host_monotonic_s=181706.550614] 000344 000020
[host_monotonic_s=181706.553401] 000345 000020
[host_monotonic_s=181706.556274] 000346 000028
[host_monotonic_s=181706.562386] 000347 000026
[host_monotonic_s=181706.570276] 000348 000019
[host_monotonic_s=181706.590662] 000349 000025
[host_monotonic_s=181706.611458] 000350 000015
[host_monotonic_s=181706.615911] 000351 000020
[host_monotonic_s=181706.622662] 000352 000024
[host_monotonic_s=181706.641847] 000353 000028
[host_monotonic_s=181706.645084] 000354 000025
[host_monotonic_s=181706.648491] 000355 000019
[host_monotonic_s=181706.651368] 000356 000017
[host_monotonic_s=181706.654089] 000357 000022
[host_monotonic_s=181706.656768] 000358 000022
[host_monotonic_s=181706.659499] 000359 000029
[host_monotonic_s=181706.662353] 000360 000020
[host_monotonic_s=181706.665113] 000361 000024
[host_monotonic_s=181706.667781] 000362 000019
[host_monotonic_s=181706.670803] 000363 000014
[host_monotonic_s=181706.673582] 000364 000023
[host_monotonic_s=181706.676234] 000365 000019
[host_monotonic_s=181706.678918] 000366 000022
[host_monotonic_s=181706.681711] 000367 000019
[host_monotonic_s=181706.684406] 000368 000028
[host_monotonic_s=181706.687063] 000369 000023
[host_monotonic_s=181706.700117] 000370 000014
[host_monotonic_s=181706.710356] 000371 000027
[host_monotonic_s=181706.714201] 000372 000019
[host_monotonic_s=181706.717098] 000373 000022
[host_monotonic_s=181706.720162] 000374 000025
[host_monotonic_s=181706.723053] 000375 000016
[host_monotonic_s=181706.725936] 000376 000013
[host_monotonic_s=181706.728759] 000377 000019
[host_monotonic_s=181706.731660] 000378 000022
[host_monotonic_s=181706.734367] 000379 000021
[host_monotonic_s=181706.737201] 000380 000021
[host_monotonic_s=181706.740325] 000381 000019
[host_monotonic_s=181706.751988] 000382 000027
[host_monotonic_s=181706.755212] 000383 000025
[host_monotonic_s=181706.757895] 000384 000026
[host_monotonic_s=181706.760629] 000385 000026
[host_monotonic_s=181707.070357] 000386 000032
[host_monotonic_s=181707.070370] 000387 000020
[host_monotonic_s=181707.070373] 000388 000025
[host_monotonic_s=181707.070376] 000389 000025
[host_monotonic_s=181707.070379] 000390 000027
[host_monotonic_s=181707.070381] 000391 000034
[host_monotonic_s=181707.070383] 000392 000025
[host_monotonic_s=181707.070385] 000393 000016
[host_monotonic_s=181707.070387] 000394 000021
[host_monotonic_s=181707.070390] 000395 000019
[host_monotonic_s=181707.070392] 000396 000021
[host_monotonic_s=181707.070394] 000397 000017
[host_monotonic_s=181707.070396] 000398 000023
[host_monotonic_s=181707.070398] 000399 000026
[host_monotonic_s=181707.070400] 000400 000026
[host_monotonic_s=181707.070401] 000401 000020
[host_monotonic_s=181707.070403] 000402 000018
[host_monotonic_s=181707.070405] 000403 000020
[host_monotonic_s=181707.070407] 000404 000023
[host_monotonic_s=181707.078976] 000405 000023
[host_monotonic_s=181707.082575] 000406 000030
[host_monotonic_s=181707.085391] 000407 000039
[host_monotonic_s=181707.088227] 000408 000050
[host_monotonic_s=181707.091333] 000409 000040
[host_monotonic_s=181707.094308] 000410 000050
[host_monotonic_s=181707.097327] 000411 000047
[host_monotonic_s=181707.100288] 000412 000062
[host_monotonic_s=181707.103003] 000413 000062
[host_monotonic_s=181707.105702] 000414 000065
[host_monotonic_s=181707.108447] 000415 000068
[host_monotonic_s=181707.111346] 000416 000092
[host_monotonic_s=181707.114071] 000417 000097
[host_monotonic_s=181707.116826] 000418 000095
[host_monotonic_s=181707.119587] 000419 000100
[host_monotonic_s=181707.122330] 000420 000098
[host_monotonic_s=181707.124895] 000421 000124
[host_monotonic_s=181707.127606] 000422 000121
[host_monotonic_s=181707.130516] 000423 000122
[host_monotonic_s=181707.151084] 000424 000140
[host_monotonic_s=181707.154168] 000425 000140
[host_monotonic_s=181707.157256] 000426 000155
[host_monotonic_s=181707.160219] 000427 000193
[host_monotonic_s=181707.163041] 000428 000179
[host_monotonic_s=181707.165699] 000429 000177
[host_monotonic_s=181707.168382] 000430 000203
[host_monotonic_s=181707.171375] 000431 000201
[host_monotonic_s=181707.174210] 000432 000254
[host_monotonic_s=181707.176869] 000433 000256
[host_monotonic_s=181707.179631] 000434 000266
[host_monotonic_s=181707.182381] 000435 000248
[host_monotonic_s=181707.185147] 000436 000317
[host_monotonic_s=181707.190532] 000437 000271
[host_monotonic_s=181716.872318] 000438 000296
[host_monotonic_s=181716.875326] 000439 000308
[host_monotonic_s=181716.877994] 000440 000323
[host_monotonic_s=181716.880947] 000441 000297
[host_monotonic_s=181716.883712] 000442 000330
[host_monotonic_s=181716.886368] 000443 000293
[host_monotonic_s=181716.889102] 000444 000336
[host_monotonic_s=181716.892436] 000445 000286
[host_monotonic_s=181716.895692] 000446 000316
[host_monotonic_s=181716.898629] 000447 000346
[host_monotonic_s=181716.902199] 000448 000315
[host_monotonic_s=181716.905320] 000449 000351
[host_monotonic_s=181716.908427] 000450 000354
[host_monotonic_s=181716.911617] 000451 000304
[host_monotonic_s=181716.916025] 000452 000301
[host_monotonic_s=181716.919458] 000453 000332
[host_monotonic_s=181716.931165] 000454 000309
[host_monotonic_s=181716.935050] 000455 000344
[host_monotonic_s=181716.938236] 000456 000372
[host_monotonic_s=181716.951784] 000457 000338
[host_monotonic_s=181716.969811] 000458 000322
[host_monotonic_s=181716.990438] 000459 000332
[host_monotonic_s=181717.016786] 000460 000325
[host_monotonic_s=181717.350342] 000461 000330
[host_monotonic_s=181717.350353] 000462 000357
[host_monotonic_s=181717.350355] 000463 000336
[host_monotonic_s=181717.350357] 000464 000346
[host_monotonic_s=181717.350358] 000465 000331
[host_monotonic_s=181717.350360] 000466 000367
[host_monotonic_s=181717.350361] 000467 000393
[host_monotonic_s=181717.350363] 000468 000368
[host_monotonic_s=181717.350364] 000469 000381
[host_monotonic_s=181717.350365] 000470 000400
[host_monotonic_s=181717.350367] 000471 000371
[host_monotonic_s=181717.350368] 000472 000386
[host_monotonic_s=181717.350369] 000473 000406
[host_monotonic_s=181717.350370] 000474 000414
[host_monotonic_s=181717.350372] 000475 000414
[host_monotonic_s=181717.350373] 000476 000429
[host_monotonic_s=181717.350374] 000477 000429
[host_monotonic_s=181717.350375] 000478 000462
[host_monotonic_s=181717.350376] 000479 000440
[host_monotonic_s=181717.356781] 000480 000427
[host_monotonic_s=181717.362861] 000481 000430
[host_monotonic_s=181717.366118] 000482 000475
[host_monotonic_s=181717.368974] 000483 000477
[host_monotonic_s=181717.371981] 000484 000454
[host_monotonic_s=181717.389905] 000485 000464
[host_monotonic_s=181717.392986] 000486 000467
[host_monotonic_s=181717.395649] 000487 000451
[host_monotonic_s=181717.398315] 000488 000488
[host_monotonic_s=181717.401203] 000489 000461
[host_monotonic_s=181717.403983] 000490 000465
[host_monotonic_s=181717.407128] 000491 000412
[host_monotonic_s=181717.410123] 000492 000475
[host_monotonic_s=181717.412823] 000493 000457
[host_monotonic_s=181717.416904] 000494 000436
[host_monotonic_s=181717.422197] 000495 000422
[host_monotonic_s=181717.425853] 000496 000417
[host_monotonic_s=181717.428566] 000497 000407
[host_monotonic_s=181717.440743] 000498 000451
[host_monotonic_s=181717.453812] 000499 000408
[host_monotonic_s=181717.456518] 000500 000401
[host_monotonic_s=181717.459199] 000501 000403
[host_monotonic_s=181717.462091] 000502 000409
[host_monotonic_s=181717.464721] 000503 000370
[host_monotonic_s=181717.467546] 000504 000375
[host_monotonic_s=181717.470362] 000505 000371
[host_monotonic_s=181717.473334] 000506 000379
[host_monotonic_s=181717.476175] 000507 000388
[host_monotonic_s=181717.490374] 000508 000373
[host_monotonic_s=181717.530582] 000509 000362
[host_monotonic_s=181717.544095] 000510 000346
[host_monotonic_s=181717.549407] 000511 000407
[host_monotonic_s=181717.553069] 000512 000389
[host_monotonic_s=181717.555691] 000513 000364
[host_monotonic_s=181717.558376] 000514 000359
[host_monotonic_s=181717.561384] 000515 000343
[host_monotonic_s=181717.564084] 000516 000329
[host_monotonic_s=181717.566963] 000517 000367
[host_monotonic_s=181717.569803] 000518 000386
[host_monotonic_s=181717.580512] 000519 000359
[host_monotonic_s=181717.900804] 000520 000334
[host_monotonic_s=181717.900818] 000521 000338
[host_monotonic_s=181717.900820] 000522 000339
[host_monotonic_s=181717.900823] 000523 000310
[host_monotonic_s=181717.900825] 000524 000313
[host_monotonic_s=181717.900827] 000525 000323
[host_monotonic_s=181717.900829] 000526 000304
[host_monotonic_s=181717.900830] 000527 000315
[host_monotonic_s=181717.900833] 000528 000341
[host_monotonic_s=181717.900835] 000529 000334
[host_monotonic_s=181717.900837] 000530 000351
[host_monotonic_s=181717.900838] 000531 000328
[host_monotonic_s=181717.900840] 000532 000370
[host_monotonic_s=181717.900842] 000533 000354
[host_monotonic_s=181717.900844] 000534 000385
[host_monotonic_s=181717.900846] 000535 000364
[host_monotonic_s=181717.900847] 000536 000419
[host_monotonic_s=181717.900848] 000537 000368
[host_monotonic_s=181717.900850] 000538 000410
[host_monotonic_s=181717.909768] 000539 000393
[host_monotonic_s=181717.931466] 000540 000420
[host_monotonic_s=181717.941178] 000541 000397
[host_monotonic_s=181717.943890] 000542 000387
[host_monotonic_s=181717.950465] 000543 000391
[host_monotonic_s=181717.953203] 000544 000377
[host_monotonic_s=181717.963819] 000545 000396
[host_monotonic_s=181717.966679] 000546 000393
[host_monotonic_s=181717.969434] 000547 000370
[host_monotonic_s=181717.972427] 000548 000371
[host_monotonic_s=181717.975156] 000549 000319
[host_monotonic_s=181717.977924] 000550 000348
[host_monotonic_s=181717.980788] 000551 000346
[host_monotonic_s=181717.983517] 000552 000345
[host_monotonic_s=181717.986213] 000553 000326
[host_monotonic_s=181717.990225] 000554 000338
[host_monotonic_s=181718.008372] 000555 000316
[host_monotonic_s=181718.011480] 000556 000325
[host_monotonic_s=181718.014200] 000557 000315
[host_monotonic_s=181718.017044] 000558 000334
[host_monotonic_s=181718.022765] 000559 000293
[host_monotonic_s=181718.026828] 000560 000305
[host_monotonic_s=181718.029906] 000561 000289
[host_monotonic_s=181718.032653] 000562 000308
[host_monotonic_s=181718.035366] 000563 000271
[host_monotonic_s=181718.039734] 000564 000303
[host_monotonic_s=181718.042564] 000565 000280
[host_monotonic_s=181718.045283] 000566 000313
[host_monotonic_s=181718.047986] 000567 000281
[host_monotonic_s=181718.060505] 000568 000242
[host_monotonic_s=181718.063566] 000569 000264
[host_monotonic_s=181718.066550] 000570 000302
[host_monotonic_s=181718.069407] 000571 000269
[host_monotonic_s=181718.072730] 000572 000282
[host_monotonic_s=181718.081221] 000573 000247
[host_monotonic_s=181718.085019] 000574 000257
[host_monotonic_s=181718.088264] 000575 000253
[host_monotonic_s=181718.091735] 000576 000246
[host_monotonic_s=181718.094534] 000577 000288
[host_monotonic_s=181718.097222] 000578 000240
[host_monotonic_s=181718.100146] 000579 000259
[host_monotonic_s=181718.102716] 000580 000287
[host_monotonic_s=181718.105242] 000581 000227
[host_monotonic_s=181718.107972] 000582 000261
[host_monotonic_s=181718.110982] 000583 000259
[host_monotonic_s=181718.113763] 000584 000254
[host_monotonic_s=181718.116899] 000585 000245
[host_monotonic_s=181718.119768] 000586 000256
[host_monotonic_s=181718.122649] 000587 000258
[host_monotonic_s=181718.125460] 000588 000239
[host_monotonic_s=181718.128130] 000589 000255
[host_monotonic_s=181718.131176] 000590 000224
[host_monotonic_s=181718.451264] 000591 000238
[host_monotonic_s=181718.451278] 000592 000248
[host_monotonic_s=181718.451281] 000593 000224
[host_monotonic_s=181718.451284] 000594 000226
[host_monotonic_s=181718.451286] 000595 000212
[host_monotonic_s=181718.451289] 000596 000219
[host_monotonic_s=181718.451291] 000597 000216
[host_monotonic_s=181718.451293] 000598 000253
[host_monotonic_s=181718.451295] 000599 000222
[host_monotonic_s=181718.451297] 000600 000222
[host_monotonic_s=181718.451300] 000601 000210
[host_monotonic_s=181718.451302] 000602 000233
[host_monotonic_s=181718.451305] 000603 000209
[host_monotonic_s=181718.451306] 000604 000219
[host_monotonic_s=181718.451308] 000605 000216
[host_monotonic_s=181718.451310] 000606 000196
[host_monotonic_s=181718.451312] 000607 000216
[host_monotonic_s=181718.451314] 000608 000230
[host_monotonic_s=181718.451316] 000609 000249
[host_monotonic_s=181718.459985] 000610 000217
[host_monotonic_s=181718.464075] 000611 000223
[host_monotonic_s=181718.466788] 000612 000238
[host_monotonic_s=181718.469465] 000613 000230
[host_monotonic_s=181718.511558] 000614 000239
[host_monotonic_s=181718.514357] 000615 000260
[host_monotonic_s=181718.517597] 000616 000247
[host_monotonic_s=181718.521930] 000617 000228
[host_monotonic_s=181718.529899] 000618 000231
[host_monotonic_s=181718.540684] 000619 000229
[host_monotonic_s=181718.543462] 000620 000212
[host_monotonic_s=181718.546582] 000621 000238
[host_monotonic_s=181718.549398] 000622 000210
[host_monotonic_s=181718.552261] 000623 000214
[host_monotonic_s=181718.555175] 000624 000215
[host_monotonic_s=181718.557997] 000625 000194
[host_monotonic_s=181718.560951] 000626 000200
[host_monotonic_s=181718.563712] 000627 000203
[host_monotonic_s=181718.566510] 000628 000190
[host_monotonic_s=181718.569508] 000629 000206
[host_monotonic_s=181718.579843] 000630 000181
[host_monotonic_s=181718.610541] 000631 000203
[host_monotonic_s=181718.620078] 000632 000195
[host_monotonic_s=181718.631779] 000633 000164
[host_monotonic_s=181718.644648] 000634 000178
[host_monotonic_s=181718.670078] 000635 000176
[host_monotonic_s=181718.689829] 000636 000186
[host_monotonic_s=181719.010568] 000637 000161
[host_monotonic_s=181719.010589] 000638 000161
[host_monotonic_s=181719.010593] 000639 000161
[host_monotonic_s=181719.010597] 000640 000158
[host_monotonic_s=181719.010600] 000641 000158
[host_monotonic_s=181719.010604] 000642 000154
[host_monotonic_s=181719.010608] 000643 000165
[host_monotonic_s=181719.010611] 000644 000123
[host_monotonic_s=181719.010614] 000645 000151
[host_monotonic_s=181719.010617] 000646 000144
[host_monotonic_s=181719.010620] 000647 000151
[host_monotonic_s=181719.010624] 000648 000123
[host_monotonic_s=181719.010625] 000649 000109
[host_monotonic_s=181719.010627] 000650 000125
[host_monotonic_s=181719.010629] 000651 000110
[host_monotonic_s=181719.010631] 000652 000121
[host_monotonic_s=181719.010633] 000653 000125
[host_monotonic_s=181719.010635] 000654 000108
[host_monotonic_s=181719.013651] 000655 000143
[host_monotonic_s=181719.021154] 000656 000105
[host_monotonic_s=181719.032053] 000657 000100
[host_monotonic_s=181719.034678] 000658 000118
[host_monotonic_s=181719.040024] 000659 000125
[host_monotonic_s=181719.060860] 000660 000113
[host_monotonic_s=181719.063723] 000661 000077
[host_monotonic_s=181719.066392] 000662 000098
[host_monotonic_s=181719.069084] 000663 000093
[host_monotonic_s=181719.072018] 000664 000108
[host_monotonic_s=181719.074935] 000665 000108
[host_monotonic_s=181719.078150] 000666 000090
[host_monotonic_s=181719.082146] 000667 000084
[host_monotonic_s=181719.100298] 000668 000100
[host_monotonic_s=181719.103473] 000669 000085
[host_monotonic_s=181719.106171] 000670 000102
[host_monotonic_s=181719.108810] 000671 000107
[host_monotonic_s=181719.111986] 000672 000108
[host_monotonic_s=181719.114813] 000673 000081
[host_monotonic_s=181719.117607] 000674 000090
[host_monotonic_s=181719.140783] 000675 000070
[host_monotonic_s=181719.144501] 000676 000086
[host_monotonic_s=181719.148287] 000677 000078
[host_monotonic_s=181719.152245] 000678 000093
[host_monotonic_s=181719.155678] 000679 000099
[host_monotonic_s=181719.158862] 000680 000089
[host_monotonic_s=181719.161847] 000681 000072
[host_monotonic_s=181719.164645] 000682 000103
[host_monotonic_s=181719.167317] 000683 000085
[host_monotonic_s=181719.170082] 000684 000101
[host_monotonic_s=181719.172919] 000685 000093
[host_monotonic_s=181719.180523] 000686 000088
[host_monotonic_s=181719.183648] 000687 000067
[host_monotonic_s=181719.186362] 000688 000087
[host_monotonic_s=181719.189094] 000689 000071
[host_monotonic_s=181719.210979] 000690 000091
[host_monotonic_s=181719.213897] 000691 000066
[host_monotonic_s=181719.216568] 000692 000079
[host_monotonic_s=181719.219804] 000693 000094
[host_monotonic_s=181719.222867] 000694 000074
[host_monotonic_s=181719.225402] 000695 000080
[host_monotonic_s=181719.228116] 000696 000090
[host_monotonic_s=181719.231085] 000697 000075
[host_monotonic_s=181719.233768] 000698 000069
[host_monotonic_s=181719.236426] 000699 000095
[host_monotonic_s=181719.239079] 000700 000083
[host_monotonic_s=181719.241877] 000701 000071
[host_monotonic_s=181719.244656] 000702 000077
[host_monotonic_s=181719.247300] 000703 000075
[host_monotonic_s=181719.250118] 000704 000079
[host_monotonic_s=181719.252822] 000705 000086
[host_monotonic_s=181719.255478] 000706 000089
[host_monotonic_s=181719.258141] 000707 000095
[host_monotonic_s=181719.560441] 000708 000070
[host_monotonic_s=181719.560445] 000709 000095
[host_monotonic_s=181719.560446] 000710 000095
[host_monotonic_s=181730.152264] 000711 000078
[host_monotonic_s=181730.162254] 000712 000083
[host_monotonic_s=181730.165240] 000713 000073
[host_monotonic_s=181730.168097] 000714 000106
[host_monotonic_s=181730.171445] 000715 000087
[host_monotonic_s=181730.174334] 000716 000087
[host_monotonic_s=181730.177224] 000717 000090
[host_monotonic_s=181730.180323] 000718 000083
[host_monotonic_s=181730.183214] 000719 000084
[host_monotonic_s=181730.186000] 000720 000079
[host_monotonic_s=181730.188709] 000721 000076
[host_monotonic_s=181730.192307] 000722 000084
[host_monotonic_s=181730.195948] 000723 000083
[host_monotonic_s=181730.200166] 000724 000073
[host_monotonic_s=181730.203617] 000725 000096
[host_monotonic_s=181730.206942] 000726 000083
[host_monotonic_s=181730.210178] 000727 000073
[host_monotonic_s=181730.212997] 000728 000065
[host_monotonic_s=181730.215673] 000729 000079
[host_monotonic_s=181730.218354] 000730 000075
[host_monotonic_s=181730.520843] 000731 000089
[host_monotonic_s=181730.520858] 000732 000076
[host_monotonic_s=181730.520861] 000733 000077
[host_monotonic_s=181730.520864] 000734 000062
[host_monotonic_s=181730.520865] 000735 000073
[host_monotonic_s=181730.520868] 000736 000084
[host_monotonic_s=181730.520870] 000737 000067
[host_monotonic_s=181730.520872] 000738 000069
[host_monotonic_s=181730.520875] 000739 000060
[host_monotonic_s=181730.520877] 000740 000063
[host_monotonic_s=181730.520879] 000741 000056
[host_monotonic_s=181730.520881] 000742 000058
[host_monotonic_s=181730.520883] 000743 000079
[host_monotonic_s=181730.520884] 000744 000066
[host_monotonic_s=181730.520887] 000745 000059
[host_monotonic_s=181730.520888] 000746 000051
[host_monotonic_s=181730.520890] 000747 000050
[host_monotonic_s=181730.520892] 000748 000060
[host_monotonic_s=181730.520894] 000749 000054
[host_monotonic_s=181730.527652] 000750 000058
[host_monotonic_s=181730.531291] 000751 000045
[host_monotonic_s=181730.534294] 000752 000054
[host_monotonic_s=181730.536980] 000753 000052
[host_monotonic_s=181730.549894] 000754 000047
[host_monotonic_s=181730.552773] 000755 000048
[host_monotonic_s=181730.555694] 000756 000044
[host_monotonic_s=181730.558397] 000757 000042
[host_monotonic_s=181730.561271] 000758 000052
[host_monotonic_s=181730.564147] 000759 000042
[host_monotonic_s=181730.566949] 000760 000047
[host_monotonic_s=181730.569699] 000761 000037
[host_monotonic_s=181730.572506] 000762 000046
[host_monotonic_s=181730.591177] 000763 000043
[host_monotonic_s=181730.594915] 000764 000048
[host_monotonic_s=181730.597683] 000765 000049
[host_monotonic_s=181730.600522] 000766 000046
[host_monotonic_s=181730.603336] 000767 000046
[host_monotonic_s=181730.606091] 000768 000038
[host_monotonic_s=181730.608755] 000769 000041
[host_monotonic_s=181730.611734] 000770 000032
[host_monotonic_s=181730.614485] 000771 000033
[host_monotonic_s=181730.617219] 000772 000042
[host_monotonic_s=181730.619932] 000773 000048
[host_monotonic_s=181730.622882] 000774 000051
[host_monotonic_s=181730.625570] 000775 000024
[host_monotonic_s=181730.628276] 000776 000041
[host_monotonic_s=181730.631640] 000777 000033
[host_monotonic_s=181730.634774] 000778 000045
[host_monotonic_s=181730.637738] 000779 000036
[host_monotonic_s=181730.641290] 000780 000045
[host_monotonic_s=181730.652414] 000781 000041
[host_monotonic_s=181730.656082] 000782 000038
[host_monotonic_s=181730.658879] 000783 000053
[host_monotonic_s=181730.662119] 000784 000043
[host_monotonic_s=181730.664805] 000785 000045
[host_monotonic_s=181730.667578] 000786 000038
[host_monotonic_s=181730.680325] 000787 000033
[host_monotonic_s=181730.699838] 000788 000046
[host_monotonic_s=181730.703154] 000789 000032
[host_monotonic_s=181730.712840] 000790 000032
[host_monotonic_s=181730.716150] 000791 000039
[host_monotonic_s=181730.729844] 000792 000033
[host_monotonic_s=181730.733364] 000793 000038
[host_monotonic_s=181730.736239] 000794 000029
[host_monotonic_s=181730.738966] 000795 000037
[host_monotonic_s=181731.071106] 000796 000035
[host_monotonic_s=181731.071125] 000797 000026
[host_monotonic_s=181731.071129] 000798 000034
[host_monotonic_s=181731.071132] 000799 000036
[host_monotonic_s=181731.071136] 000800 000031
[host_monotonic_s=181731.071245] 000801 000030
[host_monotonic_s=181731.071257] 000802 000035
[host_monotonic_s=181731.071260] 000803 000025
[host_monotonic_s=181731.071262] 000804 000033
[host_monotonic_s=181731.071265] 000805 000021
[host_monotonic_s=181731.071268] 000806 000027
[host_monotonic_s=181731.071270] 000807 000039
[host_monotonic_s=181731.071272] 000808 000030
[host_monotonic_s=181731.071274] 000809 000032
[host_monotonic_s=181731.071276] 000810 000034
[host_monotonic_s=181731.071277] 000811 000026
[host_monotonic_s=181731.071279] 000812 000030
[host_monotonic_s=181731.071281] 000813 000032
[host_monotonic_s=181731.071283] 000814 000031
[host_monotonic_s=181731.078089] 000815 000030
[host_monotonic_s=181731.081738] 000816 000029
[host_monotonic_s=181731.084527] 000817 000026
[host_monotonic_s=181731.087361] 000818 000028
[host_monotonic_s=181731.090468] 000819 000026
[host_monotonic_s=181731.093257] 000820 000033
[host_monotonic_s=181731.095918] 000821 000021
[host_monotonic_s=181731.098639] 000822 000031
[host_monotonic_s=181731.101501] 000823 000032
[host_monotonic_s=181731.104184] 000824 000026
[host_monotonic_s=181731.106839] 000825 000027
[host_monotonic_s=181731.109534] 000826 000023
[host_monotonic_s=181731.141967] 000827 000023
[host_monotonic_s=181731.145452] 000828 000025
[host_monotonic_s=181731.148262] 000829 000013
[host_monotonic_s=181731.151179] 000830 000022
[host_monotonic_s=181731.153849] 000831 000026
[host_monotonic_s=181731.162563] 000832 000037
[host_monotonic_s=181731.165262] 000833 000027
[host_monotonic_s=181731.167903] 000834 000027
[host_monotonic_s=181731.170805] 000835 000022
[host_monotonic_s=181731.173650] 000836 000026
[host_monotonic_s=181731.176529] 000837 000013
[host_monotonic_s=181731.179252] 000838 000017
[host_monotonic_s=181731.182174] 000839 000023
[host_monotonic_s=181731.184855] 000840 000027
[host_monotonic_s=181731.187526] 000841 000017
[host_monotonic_s=181731.190404] 000842 000021
[host_monotonic_s=181731.193157] 000843 000021
[host_monotonic_s=181731.195991] 000844 000019
[host_monotonic_s=181731.199063] 000845 000019
[host_monotonic_s=181731.202667] 000846 000025
[host_monotonic_s=181731.229826] 000847 000020
[host_monotonic_s=181731.233283] 000848 000025
[host_monotonic_s=181731.236204] 000849 000017
[host_monotonic_s=181731.238965] 000850 000015
[host_monotonic_s=181731.241751] 000851 000020
[host_monotonic_s=181731.244570] 000852 000013
[host_monotonic_s=181731.247358] 000853 000014
[host_monotonic_s=181731.250159] 000854 000015
[host_monotonic_s=181731.252875] 000855 000016
[host_monotonic_s=181731.255580] 000856 000019
[host_monotonic_s=181731.258257] 000857 000019
[host_monotonic_s=181731.261185] 000858 000010
[host_monotonic_s=181731.264360] 000859 000020
[host_monotonic_s=181731.279825] 000860 000016
[host_monotonic_s=181731.292710] 000861 000017
[host_monotonic_s=181731.302467] 000862 000017
[host_monotonic_s=181731.305303] 000863 000012
[host_monotonic_s=181731.308008] 000864 000027
[host_monotonic_s=181731.320856] 000865 000020
[host_monotonic_s=181731.621506] 000866 000016
[host_monotonic_s=181731.621517] 000867 000017
[host_monotonic_s=181731.621520] 000868 000019
[host_monotonic_s=181731.621522] 000869 000013
[host_monotonic_s=181731.621523] 000870 000010
[host_monotonic_s=181731.621525] 000871 000016
[host_monotonic_s=181731.621527] 000872 000014
[host_monotonic_s=181731.621528] 000873 000012
[host_monotonic_s=181731.621529] 000874 000018
[host_monotonic_s=181731.621531] 000875 000014
[host_monotonic_s=181731.621533] 000876 000012
[host_monotonic_s=181731.621534] 000877 000012
[host_monotonic_s=181731.621535] 000878 000011
[host_monotonic_s=181731.621537] 000879 000013
[host_monotonic_s=181731.621538] 000880 000008
[host_monotonic_s=181731.621539] 000881 000012
[host_monotonic_s=181731.621540] 000882 000014
[host_monotonic_s=181731.621542] 000883 000017
[host_monotonic_s=181731.626323] 000884 000011
[host_monotonic_s=181731.630376] 000885 000014
[host_monotonic_s=181731.633057] 000886 000008
[host_monotonic_s=181731.635722] 000887 000009
[host_monotonic_s=181731.638402] 000888 000011
[host_monotonic_s=181731.641173] 000889 000011
[host_monotonic_s=181731.660309] 000890 000010
[host_monotonic_s=181731.663408] 000891 000012
[host_monotonic_s=181731.679890] 000892 000013
[host_monotonic_s=181731.683318] 000893 000010
[host_monotonic_s=181731.686234] 000894 000009
[host_monotonic_s=181731.689068] 000895 000013
[host_monotonic_s=181731.692306] 000896 000009
[host_monotonic_s=181731.694994] 000897 000016
[host_monotonic_s=181731.697737] 000898 000008
[host_monotonic_s=181731.720171] 000899 000006
[host_monotonic_s=181731.731459] 000900 000006
[host_monotonic_s=181731.750532] 000901 000007
[host_monotonic_s=181731.753562] 000902 000014
[host_monotonic_s=181731.756330] 000903 000004
[host_monotonic_s=181731.759280] 000904 000011
[host_monotonic_s=181731.763161] 000905 000006
[host_monotonic_s=181731.765948] 000906 000011
[host_monotonic_s=181731.768739] 000907 000010
[host_monotonic_s=181731.771768] 000908 000012
[host_monotonic_s=181731.774501] 000909 000009
[host_monotonic_s=181731.777242] 000910 000004
[host_monotonic_s=181731.779978] 000911 000006
[host_monotonic_s=181731.782876] 000912 000009
[host_monotonic_s=181731.785564] 000913 000006
[host_monotonic_s=181731.788386] 000914 000012
[host_monotonic_s=181731.791290] 000915 000006
[host_monotonic_s=181731.793993] 000916 000009
[host_monotonic_s=181731.796676] 000917 000008
[host_monotonic_s=181731.799427] 000918 000014
[host_monotonic_s=181731.812776] 000919 000010
[host_monotonic_s=181731.815591] 000920 000007
[host_monotonic_s=181731.818319] 000921 000007
[host_monotonic_s=181731.821331] 000922 000010
[host_monotonic_s=181731.824470] 000923 000007
[host_monotonic_s=181731.827100] 000924 000010
[host_monotonic_s=181731.830042] 000925 000007
[host_monotonic_s=181731.832666] 000926 000009
[host_monotonic_s=181731.835325] 000927 000008
[host_monotonic_s=181731.837973] 000928 000005
[host_monotonic_s=181731.840871] 000929 000010
[host_monotonic_s=181731.843557] 000930 000006
[host_monotonic_s=181731.846278] 000931 000011
[host_monotonic_s=181731.848991] 000932 000004
[host_monotonic_s=181731.869956] 000933 000009
[host_monotonic_s=181732.171862] 000934 000005
[host_monotonic_s=181732.171873] 000935 000010
[host_monotonic_s=181732.171875] 000936 000011
[host_monotonic_s=181732.171877] 000937 000005
[host_monotonic_s=181732.171878] 000938 000008
[host_monotonic_s=181732.171880] 000939 000006
[host_monotonic_s=181732.171881] 000940 000008
[host_monotonic_s=181732.171883] 000941 000002
[host_monotonic_s=181732.171884] 000942 000003
[host_monotonic_s=181732.171885] 000943 000009
[host_monotonic_s=181732.171887] 000944 000002
[host_monotonic_s=181732.171888] 000945 000007
[host_monotonic_s=181732.171889] 000946 000006
[host_monotonic_s=181732.171891] 000947 000008
[host_monotonic_s=181732.171892] 000948 000007
[host_monotonic_s=181732.171893] 000949 000004
[host_monotonic_s=181732.171894] 000950 000005
[host_monotonic_s=181732.171896] 000951 000008
[host_monotonic_s=181732.171898] 000952 000001
[host_monotonic_s=181732.184329] 000953 000002
[host_monotonic_s=181732.188428] 000954 000010
[host_monotonic_s=181732.191378] 000955 000005
[host_monotonic_s=181732.194066] 000956 000007
[host_monotonic_s=181732.196760] 000957 000008
[host_monotonic_s=181732.199538] 000958 000003
[host_monotonic_s=181732.202532] 000959 000004
[host_monotonic_s=181732.205204] 000960 000004
[host_monotonic_s=181732.207985] 000961 000003
[host_monotonic_s=181732.210715] 000962 000007
[host_monotonic_s=181732.213438] 000963 000008
[host_monotonic_s=181732.216171] 000964 000004
[host_monotonic_s=181732.239850] 000965 000009
[host_monotonic_s=181732.243644] 000966 000001
[host_monotonic_s=181732.246798] 000967 000002
[host_monotonic_s=181732.250056] 000972 000002
[host_monotonic_s=181732.252854] 000973 000001
[host_monotonic_s=181732.255521] 000974 000003
[host_monotonic_s=181732.258166] 000975 000006
[host_monotonic_s=181732.261049] 000976 000002
[host_monotonic_s=181732.263679] 000977 000001
[host_monotonic_s=181732.266371] 000978 000007
[host_monotonic_s=181732.268989] 000979 000004
[host_monotonic_s=181732.271810] 000980 000005
[host_monotonic_s=181732.274442] 000981 000003
[host_monotonic_s=181732.277096] 000982 000004
[host_monotonic_s=181732.279916] 000984 000005
[host_monotonic_s=181732.282648] 000985 000001
[host_monotonic_s=181732.285396] 000986 000005
[host_monotonic_s=181732.288039] 000987 000003
[host_monotonic_s=181732.301325] 000988 000003
[host_monotonic_s=181741.962005] 000989 000004
[host_monotonic_s=181741.964892] 000990 000009
[host_monotonic_s=181741.968048] 000991 000003
[host_monotonic_s=181741.971691] 000992 000007
[host_monotonic_s=181741.974903] 000993 000005
[host_monotonic_s=181741.978258] 000994 000004
[host_monotonic_s=181741.981079] 000995 000003
[host_monotonic_s=181742.000654] 000996 000004
[host_monotonic_s=181742.049935] 000997 000006
[host_monotonic_s=181742.062716] 000998 000005
[host_monotonic_s=181742.071053] 000999 000002
[host_monotonic_s=181742.074071] 001000 000002
[host_monotonic_s=181742.076734] 001001 000004
[host_monotonic_s=181742.079412] 001002 000001
[host_monotonic_s=181742.082481] 001003 000005
[host_monotonic_s=181742.085163] 001004 000004
[host_monotonic_s=181742.087844] 001005 000004
[host_monotonic_s=181742.090577] 001006 000003
[host_monotonic_s=181742.093558] 001007 000006
[host_monotonic_s=181742.099842] 001008 000005
[host_monotonic_s=181742.103244] 001009 000001
[host_monotonic_s=181742.105904] 001010 000002
[host_monotonic_s=181742.108605] 001011 000005
[host_monotonic_s=181742.132405] 001012 000003
[host_monotonic_s=181742.152946] 001013 000001
[host_monotonic_s=181742.156005] 001014 000005
[host_monotonic_s=181742.159389] 001015 000004
[host_monotonic_s=181742.462415] 001016 000006
[host_monotonic_s=181742.462426] 001017 000001
[host_monotonic_s=181742.462429] 001018 000004
[host_monotonic_s=181742.462431] 001019 000001
[host_monotonic_s=181742.462432] 001020 000002
[host_monotonic_s=181742.462434] 001021 000004
[host_monotonic_s=181742.462435] 001022 000007
[host_monotonic_s=181742.462436] 001023 000007
[host_monotonic_s=181742.462438] 001024 000003
[host_monotonic_s=181742.462439] 001025 000003
[host_monotonic_s=181742.462440] 001026 000001
[host_monotonic_s=181742.462442] 001027 000005
[host_monotonic_s=181742.462443] 001028 000006
[host_monotonic_s=181742.462444] 001029 000004
[host_monotonic_s=181742.462446] 001030 000012
[host_monotonic_s=181742.462447] 001031 000006
[host_monotonic_s=181742.462448] 001032 000004
[host_monotonic_s=181742.462449] 001033 000003
[host_monotonic_s=181742.462450] 001034 000004
[host_monotonic_s=181742.469044] 001036 000003
[host_monotonic_s=181742.499918] 001037 000001
[host_monotonic_s=181742.511799] 001038 000003
[host_monotonic_s=181742.521830] 001039 000001
[host_monotonic_s=181742.533353] 001040 000002
[host_monotonic_s=181742.538099] 001041 000002
[host_monotonic_s=181742.542602] 001042 000001
[host_monotonic_s=181742.570361] 001043 000006
[host_monotonic_s=181742.581734] 001044 000004
[host_monotonic_s=181742.584620] 001045 000002
[host_monotonic_s=181742.587344] 001046 000001
[host_monotonic_s=181742.590618] 001047 000007
[host_monotonic_s=181742.594200] 001048 000002
[host_monotonic_s=181742.597572] 001049 000002
[host_monotonic_s=181742.601004] 001050 000003
[host_monotonic_s=181742.603898] 001051 000003
[host_monotonic_s=181742.606757] 001052 000002
[host_monotonic_s=181742.609814] 001053 000002
[host_monotonic_s=181742.612636] 001054 000006
[host_monotonic_s=181742.615312] 001055 000001
[host_monotonic_s=181742.617949] 001056 000001
[host_monotonic_s=181742.620925] 001057 000005
[host_monotonic_s=181742.623655] 001058 000004
[host_monotonic_s=181742.626486] 001059 000004
[host_monotonic_s=181742.629131] 001060 000004
[host_monotonic_s=181742.632274] 001063 000001
[host_monotonic_s=181742.635138] 001064 000004
[host_monotonic_s=181742.638074] 001065 000006
[host_monotonic_s=181742.641161] 001066 000004
[host_monotonic_s=181742.643883] 001068 000002
[host_monotonic_s=181742.646531] 001069 000004
[host_monotonic_s=181742.649186] 001070 000002
[host_monotonic_s=181742.651995] 001071 000002
[host_monotonic_s=181742.655146] 001072 000001
[host_monotonic_s=181742.658599] 001074 000001
[host_monotonic_s=181742.661820] 001075 000006
[host_monotonic_s=181742.664815] 001076 000001
[host_monotonic_s=181742.667571] 001077 000002
[host_monotonic_s=181742.670480] 001078 000004
[host_monotonic_s=181742.673328] 001079 000004
[host_monotonic_s=181742.676191] 001082 000002
[host_monotonic_s=181742.680105] 001083 000002
[host_monotonic_s=181742.682752] 001084 000004
[host_monotonic_s=181742.685355] 001085 000004
[host_monotonic_s=181742.688066] 001086 000004
[host_monotonic_s=181742.690975] 001087 000002
[host_monotonic_s=181742.693844] 001088 000004
[host_monotonic_s=181742.696579] 001089 000002
[host_monotonic_s=181742.699283] 001090 000002
[host_monotonic_s=181742.702098] 001091 000002
[host_monotonic_s=181742.712158] 001092 000002
[host_monotonic_s=181743.012906] 001093 000001
[host_monotonic_s=181743.012918] 001094 000001
[host_monotonic_s=181743.012921] 001095 000003
[host_monotonic_s=181743.012922] 001096 000001
[host_monotonic_s=181743.012924] 001097 000002
[host_monotonic_s=181743.012926] 001098 000001
[host_monotonic_s=181743.012927] 001099 000003
[host_monotonic_s=181743.012929] 001100 000002
[host_monotonic_s=181743.012930] 001101 000001
[host_monotonic_s=181743.012932] 001102 000001
[host_monotonic_s=181743.012933] 001103 000002
[host_monotonic_s=181743.012935] 001104 000003
[host_monotonic_s=181743.012936] 001105 000003
[host_monotonic_s=181743.012938] 001106 000002
[host_monotonic_s=181743.012939] 001107 000001
[host_monotonic_s=181743.012940] 001108 000003
[host_monotonic_s=181743.012941] 001109 000003
[host_monotonic_s=181743.012943] 001110 000003
[host_monotonic_s=181743.017693] 001111 000001
[host_monotonic_s=181743.029800] 001112 000002
[host_monotonic_s=181743.032677] 001113 000001
[host_monotonic_s=181743.035539] 001114 000004
[host_monotonic_s=181743.038341] 001116 000002
[host_monotonic_s=181743.041289] 001117 000002
[host_monotonic_s=181743.044303] 001118 000001
[host_monotonic_s=181743.052880] 001119 000001
[host_monotonic_s=181743.055733] 001120 000001
[host_monotonic_s=181743.059912] 001121 000002
[host_monotonic_s=181743.070031] 001122 000002
[host_monotonic_s=181743.091127] 001124 000002
[host_monotonic_s=181743.102878] 001125 000001
[host_monotonic_s=181743.116649] 001126 000003
[host_monotonic_s=181743.130821] 001127 000002
[host_monotonic_s=181743.134056] 001129 000001
[host_monotonic_s=181743.136944] 001130 000001
[host_monotonic_s=181743.140176] 001133 000003
[host_monotonic_s=181743.145332] 001134 000001
[host_monotonic_s=181743.149192] 001135 000004
[host_monotonic_s=181743.152096] 001139 000001
[host_monotonic_s=181743.161817] 001140 000001
[host_monotonic_s=181743.164666] 001141 000001
[host_monotonic_s=181743.167329] 001143 000004
[host_monotonic_s=181743.170093] 001146 000002
[host_monotonic_s=181743.172865] 001147 000001
[host_monotonic_s=181743.175516] 001149 000001
[host_monotonic_s=181743.179729] 001150 000001
[host_monotonic_s=181743.210334] 001152 000001
[host_monotonic_s=181743.213676] 001154 000001
[host_monotonic_s=181743.216628] 001155 000004
[host_monotonic_s=181743.219298] 001156 000002
[host_monotonic_s=181743.222179] 001158 000001
[host_monotonic_s=181743.224896] 001159 000002
[host_monotonic_s=181743.227553] 001160 000002
[host_monotonic_s=181743.230258] 001161 000001
[host_monotonic_s=181743.232954] 001166 000001
[host_monotonic_s=181743.235614] 001167 000001
[host_monotonic_s=181743.238282] 001169 000001
[host_monotonic_s=181743.241594] 001171 000001
[host_monotonic_s=181743.244385] 001174 000001
[host_monotonic_s=181743.247065] 001177 000001
[host_monotonic_s=181743.249865] 001178 000002
[host_monotonic_s=181743.252739] 001180 000001
[host_monotonic_s=181743.255480] 001181 000001
[host_monotonic_s=181743.258185] 001183 000001
[host_monotonic_s=181743.261174] 001184 000001
[host_monotonic_s=181743.563339] 001185 000001
[host_monotonic_s=181743.563355] 001187 000001
[host_monotonic_s=181743.563359] 001189 000002
[host_monotonic_s=181743.563361] 001190 000001
[host_monotonic_s=181743.563363] 001199 000001
[host_monotonic_s=181743.563366] 001204 000001
[host_monotonic_s=181743.563368] 001206 000001
[host_monotonic_s=181743.563371] 001207 000001
[host_monotonic_s=181743.563372] 001214 000001
[host_monotonic_s=181743.563374] 001217 000001
[host_monotonic_s=181743.563377] 001222 000001
[host_monotonic_s=181743.563379] 001225 000002
[host_monotonic_s=181743.563381] 001227 000001
[host_monotonic_s=181743.563383] 001231 000001
[host_monotonic_s=181743.563385] 001237 000001
[host_monotonic_s=181743.563386] 001242 000002
[host_monotonic_s=181743.563388] 001249 000001
[host_monotonic_s=181743.563390] 001250 000001
[host_monotonic_s=181743.563392] 001254 000001
[host_monotonic_s=181743.574030] 001257 000001
[host_monotonic_s=181743.578012] 001260 000001
[host_monotonic_s=181743.581113] 001268 000001
[host_monotonic_s=181743.583796] 001272 000001
[host_monotonic_s=181743.586488] 001274 000001
[host_monotonic_s=181743.589343] 001279 000001
[host_monotonic_s=181743.592606] 001281 000001
[host_monotonic_s=181743.595482] 001285 000001
[host_monotonic_s=181743.598739] 001288 000001
[host_monotonic_s=181743.601849] 001292 000001
[host_monotonic_s=181743.610099] 001296 000002
[host_monotonic_s=181743.622989] 001298 000001
[host_monotonic_s=181743.626275] 001303 000001
[host_monotonic_s=181743.629026] 001306 000001
[host_monotonic_s=181743.631964] 001311 000001
[host_monotonic_s=181743.634672] 001314 000001
[host_monotonic_s=181743.637460] 001316 000001
[host_monotonic_s=181743.640241] 001317 000003
[host_monotonic_s=181743.643024] 001319 000001
[host_monotonic_s=181743.645694] 001326 000001
[host_monotonic_s=181743.648604] 001327 000001
[host_monotonic_s=181743.651740] 001328 000001
[host_monotonic_s=181743.654444] 001332 000001
[host_monotonic_s=181743.657116] 001334 000001
[host_monotonic_s=181743.660058] 001341 000002
[host_monotonic_s=181743.666230] 001342 000001
[host_monotonic_s=181743.681154] 001343 000002
[host_monotonic_s=181743.684796] 001350 000001
[host_monotonic_s=181743.687876] 001351 000001
[host_monotonic_s=181743.700614] 001354 000001
[host_monotonic_s=181743.703544] 001356 000001
[host_monotonic_s=181743.706262] 001357 000001
[host_monotonic_s=181743.708955] 001363 000001
[host_monotonic_s=181743.712148] 001365 000001
[host_monotonic_s=181743.714868] 001367 000002
[host_monotonic_s=181743.717706] 001368 000001
[host_monotonic_s=181743.720455] 001381 000001
[host_monotonic_s=181743.723169] 001387 000001
[host_monotonic_s=181743.725856] 001393 000001
[host_monotonic_s=181743.728499] 001398 000001
[host_monotonic_s=181743.731407] 001403 000001
[host_monotonic_s=181743.734094] 001423 000001
[host_monotonic_s=181743.736783] 001425 000002
[host_monotonic_s=181743.739495] 001428 000001
[host_monotonic_s=181743.742493] 001430 000001
[host_monotonic_s=181743.745613] 001437 000001
[host_monotonic_s=181743.748987] 001446 000001
[host_monotonic_s=181743.752567] 001460 000001
[host_monotonic_s=181743.755281] 001467 000001
[host_monotonic_s=181743.758013] 001468 000001
[host_monotonic_s=181743.760933] 001476 000001
[host_monotonic_s=181743.763676] 001482 000001
[host_monotonic_s=181743.766777] 001483 000001
[host_monotonic_s=181743.769535] 001498 000002
[host_monotonic_s=181743.772424] 001502 000001
[host_monotonic_s=181743.775119] 001505 000001
[host_monotonic_s=181743.777811] 001506 000001
[host_monotonic_s=181743.780708] 001512 000001
[host_monotonic_s=181743.791068] 001518 000001
[host_monotonic_s=181743.793867] 001520 000001
[host_monotonic_s=181743.796557] 001526 000001
[host_monotonic_s=181743.799370] 001527 000001
[host_monotonic_s=181743.802267] 001528 000001
[host_monotonic_s=181743.805003] 001533 000001
[host_monotonic_s=181743.807999] 001538 000001
[host_monotonic_s=181743.811483] 001546 000002
[host_monotonic_s=181744.113622] 001548 000001
[host_monotonic_s=181744.113636] 001549 000001
[host_monotonic_s=181744.113639] 001551 000001
[host_monotonic_s=181744.113641] 001552 000002
[host_monotonic_s=181744.113643] 001554 000001
[host_monotonic_s=181744.113645] 001561 000001
[host_monotonic_s=181744.113647] 001574 000001
[host_monotonic_s=181744.113649] 001582 000001
[host_monotonic_s=181744.113651] 001586 000001
[host_monotonic_s=181744.113652] 001597 000001
[host_monotonic_s=181744.113654] 001600 000001
[host_monotonic_s=181744.113656] 001604 000001
[host_monotonic_s=181744.113658] 001607 000001
[host_monotonic_s=181744.113659] 001608 000001
[host_monotonic_s=181744.113662] 001610 000001
[host_monotonic_s=181744.113663] 001615 000001
[host_monotonic_s=181744.113665] 001616 000001
[host_monotonic_s=181744.113667] 001618 000001
[host_monotonic_s=181744.113669] 001621 000001
[host_monotonic_s=181744.124078] 001626 000001
[host_monotonic_s=181744.127075] 001627 000002
[host_monotonic_s=181744.130534] 001632 000001
[host_monotonic_s=181744.133341] 001633 000001
[host_monotonic_s=181744.136058] 001634 000001
[host_monotonic_s=181744.138902] 001635 000002
[host_monotonic_s=181744.141750] 001636 000001
[host_monotonic_s=181753.970630] 001637 000001
[host_monotonic_s=181753.983061] 001638 000001
[host_monotonic_s=181753.986215] 001641 000001
[host_monotonic_s=181753.988998] 001643 000001
[host_monotonic_s=181753.992056] 001644 000001
[host_monotonic_s=181753.999813] 001650 000001
[host_monotonic_s=181754.302632] 001651 000001
[host_monotonic_s=181754.302646] 001652 000001
[host_monotonic_s=181754.302649] 001660 000002
[host_monotonic_s=181754.302652] 001662 000001
[host_monotonic_s=181754.302654] 001665 000001
[host_monotonic_s=181754.302655] 001667 000001
[host_monotonic_s=181754.302657] 001668 000001
[host_monotonic_s=181754.302659] 001673 000001
[host_monotonic_s=181754.302661] 001674 000001
[host_monotonic_s=181754.302663] 001679 000002
[host_monotonic_s=181754.302664] 001681 000001
[host_monotonic_s=181754.302666] 001682 000001
[host_monotonic_s=181754.302668] 001683 000002
[host_monotonic_s=181754.302670] 001686 000001
[host_monotonic_s=181754.302672] 001693 000001
[host_monotonic_s=181754.302673] 001699 000001
[host_monotonic_s=181754.302675] 001701 000001
[host_monotonic_s=181754.302677] 001704 000001
[host_monotonic_s=181754.302679] 001714 000001
[host_monotonic_s=181754.311532] 001715 000001
[host_monotonic_s=181754.314566] 001718 000001
[host_monotonic_s=181754.322366] 001721 000001
[host_monotonic_s=181754.325114] 001734 000001
[host_monotonic_s=181754.327776] 001741 000002
[host_monotonic_s=181754.330725] 001745 000001
[host_monotonic_s=181754.333410] 001751 000001
[host_monotonic_s=181754.336129] 001753 000001
[host_monotonic_s=181754.342575] 001759 000001
[host_monotonic_s=181754.351451] 001765 000001
[host_monotonic_s=181754.362247] 001768 000001
[host_monotonic_s=181754.364929] 001770 000001
[host_monotonic_s=181754.367871] 001773 000001
[host_monotonic_s=181754.371076] 001774 000001
[host_monotonic_s=181754.374249] 001785 000001
[host_monotonic_s=181754.377458] 001791 000001
[host_monotonic_s=181754.380360] 001792 000001
[host_monotonic_s=181754.383132] 001796 000001
[host_monotonic_s=181754.385861] 001797 000001
[host_monotonic_s=181754.388539] 001801 000001
[host_monotonic_s=181754.410441] 001804 000001
[host_monotonic_s=181754.422299] 001806 000001
[host_monotonic_s=181754.431218] 001807 000001
[host_monotonic_s=181754.449807] 001808 000002
[host_monotonic_s=181754.469898] 001812 000001
[host_monotonic_s=181754.472787] 001815 000001
[host_monotonic_s=181754.475584] 001816 000001
[host_monotonic_s=181754.478280] 001822 000001
[host_monotonic_s=181754.481039] 001823 000001
[host_monotonic_s=181754.490987] 001829 000001
[host_monotonic_s=181754.521818] 001830 000001
[host_monotonic_s=181754.532750] 001835 000001
[host_monotonic_s=181754.540292] 001840 000001
[host_monotonic_s=181754.550245] 001842 000001
[host_monotonic_s=181754.852885] 001843 000002
[host_monotonic_s=181754.852896] 001844 000001
[host_monotonic_s=181754.852898] 001851 000001
[host_monotonic_s=181754.852900] 001852 000002
[host_monotonic_s=181754.852902] 001853 000001
[host_monotonic_s=181754.852903] 001856 000001
[host_monotonic_s=181754.852905] 001859 000001
[host_monotonic_s=181754.852906] 001900 000001
[host_monotonic_s=181754.852908] 001905 000001
[host_monotonic_s=181754.852909] 001907 000001
[host_monotonic_s=181754.852910] 001910 000001
[host_monotonic_s=181754.852912] 001913 000001
[host_monotonic_s=181754.852913] 001914 000001
[host_monotonic_s=181754.852915] 001915 000001
[host_monotonic_s=181754.852916] 001921 000001
[host_monotonic_s=181754.852917] 001922 000001
[host_monotonic_s=181754.852918] 001925 000001
[host_monotonic_s=181754.852919] 001931 000001
[host_monotonic_s=181754.852921] 001937 000001
[host_monotonic_s=181754.900163] 001951 000001
[host_monotonic_s=181754.903136] 001955 000001
[host_monotonic_s=181754.905833] 001966 000001
[host_monotonic_s=181754.908463] 001983 000001
[host_monotonic_s=181754.911640] 001984 000001
[host_monotonic_s=181754.914330] 001986 000001
[host_monotonic_s=181754.917289] 001988 000001
[host_monotonic_s=181754.920859] 001993 000001
[host_monotonic_s=181754.924045] 002037 000001
[host_monotonic_s=181754.927023] 002079 000001
[host_monotonic_s=181754.929792] 002204 000001
[host_monotonic_s=181754.939860] 002233 000001
[host_monotonic_s=181754.942848] 002256 000001
[host_monotonic_s=181754.945579] 002418 000001
[host_monotonic_s=181754.948246] 002474 000001
[host_monotonic_s=181754.951246] 002566 000001
[host_monotonic_s=181754.953937] 002570 000001
[host_monotonic_s=181754.956667] 002575 000001
[host_monotonic_s=181754.962351] 002620 000001
[host_monotonic_s=181754.981272] 002635 000001
[host_monotonic_s=181754.984285] 002636 000001
[host_monotonic_s=181754.986990] 002643 000001
[host_monotonic_s=181754.989665] 002651 000001
[host_monotonic_s=181754.991998] 002660 000001
[host_monotonic_s=181755.000980] 002663 000001
[host_monotonic_s=181755.021970] 002664 000001
[host_monotonic_s=181755.024754] 002680 000002
[host_monotonic_s=181755.027435] 002700 000001
[host_monotonic_s=181755.030169] 002708 000001
[host_monotonic_s=181755.032986] 002716 000001
[host_monotonic_s=181755.035655] 002728 000001
[host_monotonic_s=181755.038297] 002735 000001
[host_monotonic_s=181755.041029] 002736 000001
[host_monotonic_s=181755.049974] 002745 000001
[host_monotonic_s=181755.053106] 002757 000001
[host_monotonic_s=181755.055796] 002766 000001
[host_monotonic_s=181755.058759] 002772 000001
[host_monotonic_s=181755.061581] 002776 000001
[host_monotonic_s=181755.064250] 002791 000001
[host_monotonic_s=181755.066938] 002792 000001
[host_monotonic_s=181755.069611] 002794 000002
[host_monotonic_s=181755.072335] 002804 000001
[host_monotonic_s=181755.075007] 002867 000001
[host_monotonic_s=181755.077659] 002882 000001
[host_monotonic_s=181755.080569] 002886 000001
[host_monotonic_s=181755.083303] 002889 000001
[host_monotonic_s=181755.086051] 002894 000001
[host_monotonic_s=181755.088721] 002918 000001
[host_monotonic_s=181755.091627] 002936 000001
[host_monotonic_s=181755.094346] 002954 000002
[host_monotonic_s=181755.097068] 002961 000001
[host_monotonic_s=181755.099863] 002962 000001
[host_monotonic_s=181755.102745] 002965 000001
[host_monotonic_s=181755.403395] 002972 000001
[host_monotonic_s=181755.403410] 002979 000001
[host_monotonic_s=181755.403413] 003012 000001
[host_monotonic_s=181755.403416] 003014 000001
[host_monotonic_s=181755.403418] 003024 000001
[host_monotonic_s=181755.403420] 003057 000001
[host_monotonic_s=181755.403422] 003348 000001
[host_monotonic_s=181755.403424] 003572 000001
[host_monotonic_s=181755.403426] 003592 000002
[host_monotonic_s=181755.403428] 003618 000001
[host_monotonic_s=181755.403430] 003645 000001
[host_monotonic_s=181755.403432] 003673 000001
[host_monotonic_s=181755.403433] 003676 000001
[host_monotonic_s=181755.403435] 003685 000001
[host_monotonic_s=181755.403437] 003687 000001
[host_monotonic_s=181755.403438] 003689 000001
[host_monotonic_s=181755.403440] 003691 000001
[host_monotonic_s=181755.403442] 003692 000001
[host_monotonic_s=181755.410407] 003729 000001
[host_monotonic_s=181755.415584] 003736 000001
[host_monotonic_s=181755.421445] 003743 000001
[host_monotonic_s=181755.424309] 003744 000001
[host_monotonic_s=181755.431244] 003753 000002
[host_monotonic_s=181755.452750] 003759 000001
[host_monotonic_s=181755.455886] 003762 000001
[host_monotonic_s=181755.460392] 003782 000001
[host_monotonic_s=181755.463592] 003785 000001
[host_monotonic_s=181755.466530] 003789 000001
[host_monotonic_s=181755.470250] 003804 000001
[host_monotonic_s=181755.479784] 003805 000001
[host_monotonic_s=181755.483355] 003807 000001
[host_monotonic_s=181755.500504] 003808 000001
[host_monotonic_s=181755.512494] 003809 000001
[host_monotonic_s=181755.515409] 003817 000001
[host_monotonic_s=181755.518052] 003834 000001
[host_monotonic_s=181755.521295] 003875 000001
[host_monotonic_s=181755.524598] 003894 000001
[host_monotonic_s=181755.540180] 003935 000001
[host_monotonic_s=181755.562048] 003943 000001
[host_monotonic_s=181755.581660] 003948 000001
[host_monotonic_s=181755.599840] 003973 000001
[host_monotonic_s=181755.603364] 003977 000001
[host_monotonic_s=181755.606201] 004004 000001
[host_monotonic_s=181755.608868] 004006 000001
[host_monotonic_s=181755.621819] 004016 000001
[host_monotonic_s=181755.624552] 004044 000001
[host_monotonic_s=181755.627329] 004060 000001
[host_monotonic_s=181755.630628] 004127 000001
[host_monotonic_s=181755.651797] 004532 000001
[host_monotonic_s=181755.953802] 004539 000001
[host_monotonic_s=181755.953816] 004596 000001
[host_monotonic_s=181755.953819] 004622 000001
[host_monotonic_s=181755.953821] 004672 000001
[host_monotonic_s=181755.953823] 004702 000001
[host_monotonic_s=181755.953825] 004708 000001
[host_monotonic_s=181755.953827] 004711 000001
[host_monotonic_s=181755.953829] 004714 000001
[host_monotonic_s=181755.953831] 004724 000001
[host_monotonic_s=181755.953832] 004743 000001
[host_monotonic_s=181755.953834] 004769 000001
[host_monotonic_s=181755.953836] 004787 000001
[host_monotonic_s=181755.953838] 004790 000001
[host_monotonic_s=181755.953840] 004803 000001
[host_monotonic_s=181755.953842] 004807 000001
[host_monotonic_s=181755.953843] 004811 000001
[host_monotonic_s=181755.953845] 004815 000001
[host_monotonic_s=181755.953847] 004818 000001
[host_monotonic_s=181755.953849] 004845 000001
[host_monotonic_s=181755.971780] 004851 000001
[host_monotonic_s=181755.984158] 004858 000001
[host_monotonic_s=181755.989404] 004866 000001
[host_monotonic_s=181755.994838] 004875 000001
[host_monotonic_s=181755.997741] 004885 000001
[host_monotonic_s=181756.000709] 004937 000001
[host_monotonic_s=181756.012167] 004945 000001
[host_monotonic_s=181756.014819] 004963 000001
[host_monotonic_s=181756.017468] 004967 000001
[host_monotonic_s=181756.021578] 004973 000001
[host_monotonic_s=181756.024777] 004977 000001
[host_monotonic_s=181756.032807] 004979 000001
[host_monotonic_s=181756.036294] 004980 000001
[host_monotonic_s=181756.038988] 004984 000001
[host_monotonic_s=181756.060109] 005037 000001
[host_monotonic_s=181756.079831] 005038 000002
[host_monotonic_s=181756.083986] 005047 000001
[host_monotonic_s=181756.087227] 005054 000001
[host_monotonic_s=181756.090514] 005076 000001
[host_monotonic_s=181756.093452] 005114 000001
[host_monotonic_s=181756.096130] 005126 000001
[host_monotonic_s=181756.098811] 005308 000001
[host_monotonic_s=181756.101586] 005637 000001
[host_monotonic_s=181756.104277] 005664 000001
[host_monotonic_s=181756.106968] 005671 000001
[host_monotonic_s=181756.109735] 005674 000001
[host_monotonic_s=181756.112542] 005710 000001
[host_monotonic_s=181756.115222] 005711 000001
[host_monotonic_s=181756.117874] 005715 000001
[host_monotonic_s=181756.120914] 005747 000001
[host_monotonic_s=181756.123749] 005750 000001
[host_monotonic_s=181756.126631] 005768 000001
[host_monotonic_s=181756.129363] 005777 000001
[host_monotonic_s=181756.132442] 005783 000001
[host_monotonic_s=181756.143122] 005789 000001
[host_monotonic_s=181756.146435] 005792 000001
[host_monotonic_s=181756.150204] 005793 000001
[host_monotonic_s=181756.153879] 005799 000001
[host_monotonic_s=181756.156666] 005801 000001
[host_monotonic_s=181756.159358] 005802 000001
[host_monotonic_s=181756.171658] 005807 000001
[host_monotonic_s=181756.190452] 005809 000001
[host_monotonic_s=181756.202795] 005843 000001
[host_monotonic_s=181756.504144] 005845 000001
[host_monotonic_s=181756.504156] 005884 000001
[host_monotonic_s=181756.504158] 005890 000001
[host_monotonic_s=181756.504160] 005956 000001
[host_monotonic_s=181756.504162] 005973 000001
[host_monotonic_s=181756.504164] 005981 000001
[host_monotonic_s=181756.504165] 005982 000001
[host_monotonic_s=181756.504167] 006007 000001
[host_monotonic_s=181756.504168] 006008 000001
[host_monotonic_s=181756.504170] 006538 000001
[host_monotonic_s=181756.504171] 006540 000001
[host_monotonic_s=181756.504173] 006663 000001
[host_monotonic_s=181756.504174] 006685 000001
[host_monotonic_s=181756.504175] 006700 000001
[host_monotonic_s=181756.504177] 006705 000001
[host_monotonic_s=181756.504178] 006708 000001
[host_monotonic_s=181756.504179] 006716 000001
[host_monotonic_s=181756.504181] 006724 000001
[host_monotonic_s=181756.507454] 006736 000001
[host_monotonic_s=181756.516105] 006752 000001
[host_monotonic_s=181756.518953] 006794 000001
[host_monotonic_s=181756.539944] 006799 000001
[host_monotonic_s=181756.571126] 006808 000001
[host_monotonic_s=181756.574744] 006821 000001
[host_monotonic_s=181756.578263] 006824 000001
[host_monotonic_s=181756.591163] 006836 000001
[host_monotonic_s=181756.594272] 006839 000001
[host_monotonic_s=181756.597005] 006845 000001
[host_monotonic_s=181756.599779] 006849 000001
[host_monotonic_s=181756.602501] 006869 000001
[host_monotonic_s=181756.605211] 006899 000001
[host_monotonic_s=181765.201350] 006903 000001
[host_monotonic_s=181765.201364] 006908 000001
[host_monotonic_s=181765.201368] 006909 000001
[host_monotonic_s=181765.201370] 006931 000001
[host_monotonic_s=181765.201372] 006941 000001
[host_monotonic_s=181765.201374] 006952 000001
[host_monotonic_s=181765.201376] 006954 000001
[host_monotonic_s=181765.201377] 006956 000002
[host_monotonic_s=181765.201379] 006974 000001
[host_monotonic_s=181765.201381] 007011 000001
[host_monotonic_s=181765.201382] 007012 000001
[host_monotonic_s=181765.201384] 007017 000001
[host_monotonic_s=181765.201386] 007054 000001
[host_monotonic_s=181765.201387] 007061 000001
[host_monotonic_s=181765.201388] 007081 000001
[host_monotonic_s=181765.201390] 007085 000001
[host_monotonic_s=181765.201391] 007107 000001
[host_monotonic_s=181765.201393] 007679 000001
[host_monotonic_s=181765.201395] 007696 000001
[host_monotonic_s=181765.214286] 007705 000001
[host_monotonic_s=181765.219919] 007706 000001
[host_monotonic_s=181765.223482] 007707 000001
[host_monotonic_s=181765.226275] 007718 000001
[host_monotonic_s=181765.228953] 007748 000001
[host_monotonic_s=181765.241169] 007760 000001
[host_monotonic_s=181765.244115] 007767 000001
[host_monotonic_s=181765.246800] 007768 000001
[host_monotonic_s=181765.249510] 007769 000001
[host_monotonic_s=181765.252330] 007773 000001
[host_monotonic_s=181765.255120] 007792 000001
[host_monotonic_s=181765.257792] 007796 000001
[host_monotonic_s=181765.260833] 007804 000001
[host_monotonic_s=181765.263677] 007813 000001
[host_monotonic_s=181765.266715] 007820 000001
[host_monotonic_s=181765.270239] 007830 000001
[host_monotonic_s=181765.273684] 007851 000001
[host_monotonic_s=181765.281433] 007881 000001
[host_monotonic_s=181765.284620] 007892 000001
[host_monotonic_s=181765.287267] 007901 000001
[host_monotonic_s=181765.290011] 007913 000001
[host_monotonic_s=181765.292740] 007931 000001
[host_monotonic_s=181765.300112] 007943 000001
[host_monotonic_s=181765.321647] 007984 000001
[host_monotonic_s=181765.324368] 007995 000001
[host_monotonic_s=181765.327087] 008008 000001
[host_monotonic_s=181765.330406] 008014 000001
[host_monotonic_s=181765.333873] 008028 000001
[host_monotonic_s=181765.337145] 008046 000001
[host_monotonic_s=181765.350103] 008057 000001
[host_monotonic_s=181765.353245] 008063 000001
[host_monotonic_s=181765.380255] 008065 000001
[host_monotonic_s=181765.391208] 008080 000001
[host_monotonic_s=181765.402271] 008084 000001
[host_monotonic_s=181765.432891] 008095 000001
[host_monotonic_s=181765.437376] 008115 000001
[host_monotonic_s=181765.440199] 008600 000001
[host_monotonic_s=181765.443051] 008705 000001
[host_monotonic_s=181765.445722] 008709 000001
[host_monotonic_s=181765.448384] 008731 000001
[host_monotonic_s=181765.451129] 008734 000001
[host_monotonic_s=181765.751524] 008754 000001
[host_monotonic_s=181765.751535] 008756 000001
[host_monotonic_s=181765.751537] 008773 000001
[host_monotonic_s=181765.751539] 008774 000001
[host_monotonic_s=181765.751541] 008779 000001
[host_monotonic_s=181765.751542] 008782 000001
[host_monotonic_s=181765.751544] 008792 000001
[host_monotonic_s=181765.751545] 008794 000001
[host_monotonic_s=181765.751547] 008806 000001
[host_monotonic_s=181765.751548] 008808 000001
[host_monotonic_s=181765.751550] 008815 000001
[host_monotonic_s=181765.751551] 008831 000001
[host_monotonic_s=181765.751552] 008854 000001
[host_monotonic_s=181765.751554] 008858 000001
[host_monotonic_s=181765.751555] 008862 000001
[host_monotonic_s=181765.751556] 008866 000001
[host_monotonic_s=181765.751557] 008885 000001
[host_monotonic_s=181765.751559] 008894 000001
[host_monotonic_s=181765.757187] 008905 000001
[host_monotonic_s=181765.772083] 008928 000001
[host_monotonic_s=181765.775260] 008934 000001
[host_monotonic_s=181765.780494] 008945 000001
[host_monotonic_s=181765.800918] 008965 000001
[host_monotonic_s=181765.832319] 008988 000001
[host_monotonic_s=181765.871498] 008989 000001
[host_monotonic_s=181765.909953] 008991 000002
[host_monotonic_s=181765.912986] 009003 000001
[host_monotonic_s=181765.915692] 009006 000001
[host_monotonic_s=181765.918380] 009016 000001
[host_monotonic_s=181765.921308] 009039 000001
[host_monotonic_s=181765.924084] 009063 000001
[host_monotonic_s=181765.926772] 009077 000001
[host_monotonic_s=181765.929526] 009083 000001
[host_monotonic_s=181765.932332] 009137 000001
[host_monotonic_s=181765.935007] 009144 000001
[host_monotonic_s=181765.937736] 009151 000001
[host_monotonic_s=181765.940488] 009370 000001
[host_monotonic_s=181765.943894] 009637 000001
[host_monotonic_s=181765.947261] 009647 000001
[host_monotonic_s=181765.950459] 009665 000001
[host_monotonic_s=181765.953403] 009667 000001
[host_monotonic_s=181765.956077] 009684 000001
[host_monotonic_s=181765.958997] 009685 000001
[host_monotonic_s=181765.962155] 009691 000001
[host_monotonic_s=181765.964885] 009703 000001
[host_monotonic_s=181765.967538] 009713 000002
[host_monotonic_s=181765.970265] 009725 000001
[host_monotonic_s=181765.973140] 009734 000001
[host_monotonic_s=181765.975897] 009736 000002
[host_monotonic_s=181765.982651] 009751 000001
[host_monotonic_s=181766.301955] 009783 000001
[host_monotonic_s=181766.301969] 009788 000002
[host_monotonic_s=181766.301972] 009792 000001
[host_monotonic_s=181766.301975] 009800 000001
[host_monotonic_s=181766.301977] 009801 000001
[host_monotonic_s=181766.301979] 009802 000001
[host_monotonic_s=181766.301981] 009803 000001
[host_monotonic_s=181766.301983] 009804 000001
[host_monotonic_s=181766.301984] 009807 000002
[host_monotonic_s=181766.301986] 009810 000001
[host_monotonic_s=181766.301988] 009811 000001
[host_monotonic_s=181766.301990] 009814 000001
[host_monotonic_s=181766.301992] 009819 000001
[host_monotonic_s=181766.301994] 009822 000001
[host_monotonic_s=181766.301996] 009827 000001
[host_monotonic_s=181766.301998] 009828 000001
[host_monotonic_s=181766.302000] 009830 000001
[host_monotonic_s=181766.302017] 009834 000001
[host_monotonic_s=181766.302019] 009836 000001
[host_monotonic_s=181766.310400] 009846 000001
[host_monotonic_s=181766.314049] 009871 000001
[host_monotonic_s=181766.316823] 009878 000001
[host_monotonic_s=181766.319948] 009903 000001
[host_monotonic_s=181766.323085] 009907 000001
[host_monotonic_s=181766.326306] 009922 000001
[host_monotonic_s=181766.328996] 010006 000001
[host_monotonic_s=181766.342282] 010544 000001
[host_monotonic_s=181766.344886] 010807 000001
[host_monotonic_s=181766.350170] # Min Latencies: 00164
[host_monotonic_s=181766.354342] # Avg Latencies: 00591
[host_monotonic_s=181766.358796] # Max Latencies: 302512
[host_monotonic_s=181766.364209] # Histogram Overflows: 00009
[host_monotonic_s=181766.411485] # Histogram Overflow at cycle number:
[host_monotonic_s=181766.423904] # Thread 0: 01102 01604 50317 51352 56630 61950 62465 62973 66386
[host_monotonic_s=181766.424273] 
[host_monotonic_s=181766.441945] RT_CYCLICTEST_TIMING_END uptime_s=179.78
[host_monotonic_s=181766.446426] RT_CYCLICTEST_COMPLETE
[host_monotonic_s=181766.455594] stress-ng: info:  [69] stopping 3 stressors
[host_monotonic_s=181766.480245] RT_STRESS_STOP
[host_monotonic_s=181766.500763] stress-ng: info:  [69] skipped: 0
[host_monotonic_s=181766.510951] stress-ng: info:  [69] passed: 3: cpu (2) vm (1)
[host_monotonic_s=181766.517363] stress-ng: info:  [69] failed: 0
[host_monotonic_s=181766.526372] stress-ng: info:  [69] metrics untrustworthy: 0
[host_monotonic_s=181766.539638] stress-ng: info:  [69] successful run completed in 2 mins 30.56 secs
[host_monotonic_s=181766.581083] RT_CPUSTAT sample=0 cpu=cpu0 user=9 nice=0 system=251 idle=2469 iowait=0 irq=126 softirq=2 steal=0
[host_monotonic_s=181766.598867] RT_CPUSTAT sample=0 cpu=cpu1 user=0 nice=0 system=0 idle=3178 iowait=0 irq=5 softirq=0 steal=0
[host_monotonic_s=181766.618403] RT_CPUSTAT sample=1 cpu=cpu0 user=254 nice=0 system=306 idle=2469 iowait=0 irq=247 softirq=2 steal=0
[host_monotonic_s=181766.638137] RT_CPUSTAT sample=1 cpu=cpu1 user=1 nice=0 system=5 idle=3503 iowait=0 irq=113 softirq=0 steal=0
[host_monotonic_s=181766.656970] RT_CPUSTAT sample=2 cpu=cpu0 user=584 nice=0 system=330 idle=2469 iowait=0 irq=380 softirq=3 steal=0
[host_monotonic_s=181766.686005] RT_CPUSTAT sample=2 cpu=cpu1 user=1 nice=0 system=7 idle=3870 iowait=0 irq=204 softirq=0 steal=0
[host_monotonic_s=181766.706777] RT_CPUSTAT sample=3 cpu=cpu0 user=920 nice=0 system=358 idle=2469 iowait=0 irq=503 softirq=3 steal=0
[host_monotonic_s=181766.766321] RT_CPUSTAT sample=3 cpu=cpu1 user=2 nice=0 system=11 idle=4237 iowait=0 irq=292 softirq=0 steal=0
[host_monotonic_s=181767.120768] RT_CPUSTAT sample=4 cpu=cpu0 user=1215 nice=0 system=411 idle=2469 iowait=0 irq=656 softirq=3 steal=0
[host_monotonic_s=181767.120781] RT_CPUSTAT sample=4 cpu=cpu1 user=2 nice=0 system=14 idle=4606 iowait=0 irq=381 softirq=0 steal=0
[host_monotonic_s=181767.120784] RT_CPUSTAT sample=5 cpu=cpu0 user=1539 nice=0 system=447 idle=2469 iowait=0 irq=787 softirq=4 steal=0
[host_monotonic_s=181767.147048] RT_CPUSTAT sample=5 cpu=cpu1 user=2 nice=0 system=17 idle=4972 iowait=0 irq=471 softirq=0 steal=0
[host_monotonic_s=181767.173004] RT_CPUSTAT sample=6 cpu=cpu0 user=1864 nice=0 system=486 idle=2469 iowait=0 irq=917 softirq=5 steal=0
[host_monotonic_s=181767.192595] RT_CPUSTAT sample=6 cpu=cpu1 user=4 nice=0 system=20 idle=5334 iowait=0 irq=562 softirq=0 steal=0
[host_monotonic_s=181768.003693] RT_CPUSTAT sample=7 cpu=cpu0 user=2227 nice=0 system=501 idle=2469 iowait=0 irq=1032 softirq=5 steal=0
[host_monotonic_s=181768.003709] RT_CPUSTAT sample=7 cpu=cpu1 user=4 nice=0 system=22 idle=5703 iowait=0 irq=653 softirq=0 steal=0
[host_monotonic_s=181768.003714] RT_CPUSTAT sample=8 cpu=cpu0 user=2580 nice=0 system=511 idle=2469 iowait=0 irq=1167 softirq=6 steal=0
[host_monotonic_s=181768.022452] RT_CPUSTAT sample=8 cpu=cpu1 user=5 nice=0 system=26 idle=6071 iowait=0 irq=745 softirq=0 steal=0
[host_monotonic_s=181768.051761] RT_CPUSTAT sample=9 cpu=cpu0 user=2922 nice=0 system=525 idle=2469 iowait=0 irq=1307 softirq=6 steal=0
[host_monotonic_s=181768.079965] RT_CPUSTAT sample=9 cpu=cpu1 user=6 nice=0 system=28 idle=6438 iowait=0 irq=836 softirq=1 steal=0
[host_monotonic_s=181768.100627] RT_CPUSTAT sample=10 cpu=cpu0 user=3272 nice=0 system=547 idle=2469 iowait=0 irq=1432 softirq=7 steal=0
[host_monotonic_s=181768.131464] RT_CPUSTAT sample=10 cpu=cpu1 user=6 nice=0 system=31 idle=6807 iowait=0 irq=928 softirq=1 steal=0
[host_monotonic_s=181768.205592] RT_CPUSTAT sample=11 cpu=cpu0 user=3619 nice=0 system=569 idle=2469 iowait=0 irq=1559 softirq=8 steal=0
[host_monotonic_s=181768.235041] RT_CPUSTAT sample=11 cpu=cpu1 user=7 nice=0 system=35 idle=7176 iowait=0 irq=1019 softirq=1 steal=0
[host_monotonic_s=181768.554024] RT_CPUSTAT sample=12 cpu=cpu0 user=3973 nice=0 system=587 idle=2469 iowait=0 irq=1679 softirq=9 steal=0
[host_monotonic_s=181768.554038] RT_CPUSTAT sample=12 cpu=cpu1 user=7 nice=0 system=40 idle=7541 iowait=0 irq=1109 softirq=1 steal=0
[host_monotonic_s=181768.554042] RT_CPUSTAT sample=13 cpu=cpu0 user=4337 nice=0 system=603 idle=2469 iowait=0 irq=1797 softirq=9 steal=0
[host_monotonic_s=181768.568478] RT_CPUSTAT sample=13 cpu=cpu1 user=7 nice=0 system=43 idle=7908 iowait=0 irq=1202 softirq=1 steal=0
[host_monotonic_s=181768.588247] RT_CPUSTAT sample=14 cpu=cpu0 user=4662 nice=0 system=615 idle=2469 iowait=0 irq=1923 softirq=9 steal=0
[host_monotonic_s=181768.607979] RT_CPUSTAT sample=14 cpu=cpu1 user=7 nice=0 system=45 idle=8281 iowait=0 irq=1288 softirq=1 steal=0
[host_monotonic_s=181768.635191] RT_CPUSTAT sample=15 cpu=cpu0 user=5011 nice=0 system=646 idle=2469 iowait=0 irq=2041 softirq=10 steal=0
[host_monotonic_s=181768.653837] RT_CPUSTAT sample=15 cpu=cpu1 user=7 nice=0 system=48 idle=8647 iowait=0 irq=1379 softirq=1 steal=0
[host_monotonic_s=181768.674631] RT_CPUSTAT sample=16 cpu=cpu0 user=5301 nice=0 system=708 idle=2469 iowait=0 irq=2179 softirq=10 steal=0
[host_monotonic_s=181768.711639] RT_CPUSTAT sample=16 cpu=cpu1 user=8 nice=0 system=53 idle=9012 iowait=0 irq=1470 softirq=1 steal=0
[host_monotonic_s=181768.739941] RT_CPUSTAT sample=17 cpu=cpu0 user=5625 nice=0 system=735 idle=2469 iowait=0 irq=2324 softirq=10 steal=0
[host_monotonic_s=181768.773087] RT_CPUSTAT sample=17 cpu=cpu1 user=10 nice=0 system=58 idle=9379 iowait=0 irq=1560 softirq=1 steal=0
[host_monotonic_s=181768.802801] RT_CPUSTAT sample=18 cpu=cpu0 user=5936 nice=0 system=776 idle=2469 iowait=0 irq=2462 softirq=11 steal=0
[host_monotonic_s=181769.104371] RT_CPUSTAT sample=18 cpu=cpu1 user=14 nice=0 system=61 idle=9772 iowait=0 irq=1631 softirq=1 steal=0
[host_monotonic_s=181769.104387] RT_CPUSTAT sample=19 cpu=cpu0 user=6315 nice=0 system=823 idle=2469 iowait=0 irq=2656 softirq=11 steal=0
[host_monotonic_s=181769.117714] RT_CPUSTAT sample=19 cpu=cpu1 user=14 nice=0 system=61 idle=10605 iowait=0 irq=1631 softirq=1 steal=0
[host_monotonic_s=181769.161656] RT_CPUSTAT sample=20 cpu=cpu0 user=6934 nice=0 system=862 idle=2469 iowait=0 irq=2935 softirq=12 steal=0
[host_monotonic_s=181769.196645] RT_CPUSTAT sample=20 cpu=cpu1 user=14 nice=0 system=61 idle=11787 iowait=0 irq=1631 softirq=1 steal=0
[host_monotonic_s=181769.224799] RT_CPUSTAT sample=21 cpu=cpu0 user=7582 nice=0 system=932 idle=2469 iowait=0 irq=3233 softirq=13 steal=0
[host_monotonic_s=181769.290832] RT_CPUSTAT sample=21 cpu=cpu1 user=14 nice=0 system=61 idle=13025 iowait=0 irq=1631 softirq=1 steal=0
[host_monotonic_s=181769.311688] RT_CPUSTAT sample=22 cpu=cpu0 user=8217 nice=0 system=980 idle=2469 iowait=0 irq=3457 softirq=13 steal=0
[host_monotonic_s=181769.330434] RT_CPUSTAT sample=22 cpu=cpu1 user=14 nice=0 system=61 idle=14158 iowait=0 irq=1631 softirq=1 steal=0
[host_monotonic_s=181769.353416] RT_CPUSTAT sample=23 cpu=cpu0 user=8922 nice=0 system=1057 idle=2469 iowait=0 irq=3767 softirq=14 steal=0
[host_monotonic_s=181769.654443] RT_CPUSTAT sample=23 cpu=cpu1 user=14 nice=0 system=61 idle=15516 iowait=0 irq=1631 softirq=1 steal=0
[host_monotonic_s=181769.654448] [  195.220331] reboot: Power down
[host_monotonic_s=181769.654449] [37m[198.693871 2:18 axvm::runtime::hvc:352] [33mVM[1] PSCI_SYSTEM_OFF[m
[host_monotonic_s=181769.654625] [m[37m[198.694086 2:18 axvm::vm:1374] [32mStopping VM[1]: SystemDown[m
[host_monotonic_s=181769.655204] [m[37m[198.889788 2:18 axvm::runtime::vcpus:559] [33mVM[1] VCpu[0] stopping because of VM stopping[m
[host_monotonic_s=181769.655206] 
[host_monotonic_s=181769.655557] [m[37m[198.889960 3:24 axvm::runtime::vcpus:559] [33mVM[1] VCpu[1] stopping because of VM stopping[m[Axvisor] VM[1] stopped; returning to the management shell
[host_monotonic_s=181769.655558] 
[host_monotonic_s=181769.655738] [m[37m[198.890086 2:18 axvm::runtime::vcpus:597] [32mVM[1] VCpu[0] exiting...[m[2Kaxvisor:$ 
[host_monotonic_s=181769.655988] [m[37m[198.890452 3:24 axvm::runtime::vcpus:566] [32mVM[1] VCpu[1] last VCpu exiting, decreasing running VM count[m
[host_monotonic_s=181769.657035] [m[37m[198.891659 3:24 axvm::runtime::vcpus:576] [32mVM[1] state changed to Stopped[m
[host_monotonic_s=181769.657225] [m[37m[198.891879 3:24 axvm::runtime::vcpus:597] [32mVM[1] VCpu[1] exiting...[m
[host_monotonic_s=181771.958628] [mrt_experiment end_ns=1786870727337675913 elapsed_ms=202466
