VM-exit counters per physical CPU (12 reasons):
  cpu         irq     timer      mmio       wfi   hvc-smc    sysreg    gic-if       sgi    cpu-up  sys-down   nothing     other
    1   16602@138.0/s 16594@138.0/s 77184@2717.0/s 16595@138.1/s         -         -         -         -         -         -         -         -
    2    4793@287.1/s  3366@199.7/s 31242@4.8/s       123         7         -         -       123         -         -        11         -
    3   12007@891.9/s 11712@871.4/s        52 11133@751.9/s         -         -         -    26@0.5/s         -         -         2         -
Host periodic scheduler ticks (event-driven timer IRQs excluded):
  cpu   0:       4187 (80.386/s)
  cpu   1:          0
  cpu   2:       4190 (80.216/s)
  cpu   3:       4187 (80.216/s)
axvisor:$ 
[2Kaxvisor:$ v
[2Kaxvisor:$ vm
[2Kaxvisor:$ vm 
[2Kaxvisor:$ vm c
[2Kaxvisor:$ vm co
[2Kaxvisor:$ vm con
[2Kaxvisor:$ vm cons
[2Kaxvisor:$ vm conso
[2Kaxvisor:$ vm consol
[2Kaxvisor:$ vm console
[2Kaxvisor:$ vm console 
[2Kaxvisor:$ vm console 1
✓ Attached VM[1] console; use Ctrl+X, then h to return to the shell
RT_PROGRESS uptime_s=39.30
[   45.831523] random: crng init done
RT_PROGRESS uptime_s=49.60
RT_PROGRESS uptime_s=59.62
RT_PROGRESS uptime_s=69.63
RT_PROGRESS uptime_s=79.65
RT_PROGRESS uptime_s=89.69
RT_PROGRESS uptime_s=99.71
RT_PROGRESS uptime_s=109.75
RT_PROGRESS uptime_s=119.77
RT_PROGRESS uptime_s=129.79
RT_PROGRESS uptime_s=139.81
RT_PROGRESS uptime_s=149.84
RT_PROGRESS uptime_s=159.86
RT_PROGRESS uptime_s=169.89
RT_PROGRESS uptime_s=179.91
RT_PROGRESS uptime_s=189.94
RT_PROGRESS uptime_s=199.96
RT_PROGRESS uptime_s=209.98
RT_PROGRESS uptime_s=220.01
RT_PROGRESS uptime_s=230.03
RT_PROGRESS uptime_s=240.05
RT_PROGRESS uptime_s=250.08
RT_PROGRESS uptime_s=260.11
RT_PROGRESS uptime_s=270.12
RT_PROGRESS uptime_s=280.15
RT_PROGRESS uptime_s=290.17
RT_PROGRESS uptime_s=300.20
RT_PROGRESS uptime_s=310.22
RT_PROGRESS uptime_s=320.24
RT_PROGRESS uptime_s=330.27
RT_PROGRESS uptime_s=340.28
RT_PROGRESS uptime_s=350.31
RT_PROGRESS uptime_s=360.33
RT_PROGRESS uptime_s=370.36
RT_PROGRESS uptime_s=380.38
RT_PROGRESS uptime_s=390.40
RT_PROGRESS uptime_s=400.43
RT_PROGRESS uptime_s=410.46
RT_PROGRESS uptime_s=420.48
RT_PROGRESS uptime_s=430.50
RT_PROGRESS uptime_s=440.52
RT_PROGRESS uptime_s=450.55
RT_PROGRESS uptime_s=460.57
RT_PROGRESS uptime_s=470.59
RT_PROGRESS uptime_s=480.62
RT_PROGRESS uptime_s=490.64
RT_PROGRESS uptime_s=500.66
RT_PROGRESS uptime_s=510.68
RT_PROGRESS uptime_s=520.71
RT_PROGRESS uptime_s=530.74
RT_PROGRESS uptime_s=540.76
RT_PROGRESS uptime_s=550.78
RT_PROGRESS uptime_s=560.81
RT_PROGRESS uptime_s=570.84
RT_PROGRESS uptime_s=580.86
RT_PROGRESS uptime_s=590.88
RT_PROGRESS uptime_s=600.91
RT_PROGRESS uptime_s=610.93
RT_PROGRESS uptime_s=620.96
RT_PROGRESS uptime_s=630.99
RT_PROGRESS uptime_s=641.01
RT_PROGRESS uptime_s=651.03
RT_PROGRESS uptime_s=661.06
RT_PROGRESS uptime_s=671.08
RT_PROGRESS uptime_s=681.11
RT_PROGRESS uptime_s=691.13
RT_PROGRESS uptime_s=701.16
RT_PROGRESS uptime_s=711.19
RT_PROGRESS uptime_s=721.22
RT_PROGRESS uptime_s=731.24
RT_PROGRESS uptime_s=741.26
RT_PROGRESS uptime_s=751.28
RT_PROGRESS uptime_s=761.31
RT_PROGRESS uptime_s=771.34
RT_PROGRESS uptime_s=781.36
RT_PROGRESS uptime_s=791.40
RT_PROGRESS uptime_s=801.43
RT_PROGRESS uptime_s=811.45
RT_PROGRESS uptime_s=821.47
RT_PROGRESS uptime_s=831.50
RT_PROGRESS uptime_s=841.52
RT_PROGRESS uptime_s=851.54
RT_PROGRESS uptime_s=861.57
RT_PROGRESS uptime_s=871.60
RT_PROGRESS uptime_s=881.63
RT_PROGRESS uptime_s=891.66
RT_PROGRESS uptime_s=901.68
RT_PROGRESS uptime_s=911.72
RT_PROGRESS uptime_s=921.74
RT_PROGRESS uptime_s=931.76
RT_PROGRESS uptime_s=941.78
RT_PROGRESS uptime_s=951.82
RT_PROGRESS uptime_s=961.84
RT_PROGRESS uptime_s=971.87
RT_PROGRESS uptime_s=981.90
RT_PROGRESS uptime_s=991.92
RT_PROGRESS uptime_s=1001.94
RT_PROGRESS uptime_s=1011.96
RT_PROGRESS uptime_s=1021.98
RT_PROGRESS uptime_s=1032.01
RT_PROGRESS uptime_s=1042.04
RT_PROGRESS uptime_s=1052.06
RT_PROGRESS uptime_s=1062.09
RT_PROGRESS uptime_s=1072.12
RT_PROGRESS uptime_s=1082.14
RT_PROGRESS uptime_s=1092.17
RT_PROGRESS uptime_s=1102.19
RT_PROGRESS uptime_s=1112.22
RT_PROGRESS uptime_s=1122.26
RT_PROGRESS uptime_s=1132.28
RT_PROGRESS uptime_s=1142.31
RT_PROGRESS uptime_s=1152.32
RT_PROGRESS uptime_s=1162.35
RT_PROGRESS uptime_s=1172.37
RT_PROGRESS uptime_s=1182.40
RT_PROGRESS uptime_s=1192.42
RT_PROGRESS uptime_s=1202.44
RT_PROGRESS uptime_s=1212.47
RT_PROGRESS uptime_s=1222.49
RT_PROGRESS uptime_s=1232.52
RT_PROGRESS uptime_s=1242.54
RT_PROGRESS uptime_s=1252.57
RT_PROGRESS uptime_s=1262.59
RT_PROGRESS uptime_s=1272.62
RT_PROGRESS uptime_s=1282.64
RT_PROGRESS uptime_s=1292.66
RT_PROGRESS uptime_s=1302.69
RT_PROGRESS uptime_s=1312.71
RT_PROGRESS uptime_s=1322.74
RT_PROGRESS uptime_s=1332.76
RT_PROGRESS uptime_s=1342.78
RT_PROGRESS uptime_s=1352.81
RT_PROGRESS uptime_s=1362.83
RT_PROGRESS uptime_s=1372.86
RT_PROGRESS uptime_s=1382.88
RT_PROGRESS uptime_s=1392.90
RT_PROGRESS uptime_s=1402.93
RT_PROGRESS uptime_s=1412.95
RT_PROGRESS uptime_s=1422.97
RT_PROGRESS uptime_s=1432.99
RT_PROGRESS uptime_s=1443.01
RT_PROGRESS uptime_s=1453.04
RT_PROGRESS uptime_s=1463.06
RT_PROGRESS uptime_s=1473.09
RT_PROGRESS uptime_s=1483.11
RT_PROGRESS uptime_s=1493.12
RT_PROGRESS uptime_s=1503.16
RT_PROGRESS uptime_s=1513.18
RT_PROGRESS uptime_s=1523.20
RT_PROGRESS uptime_s=1533.22
RT_PROGRESS uptime_s=1543.25
RT_PROGRESS uptime_s=1553.26
RT_PROGRESS uptime_s=1563.28
RT_PROGRESS uptime_s=1573.31
RT_PROGRESS uptime_s=1583.34
RT_PROGRESS uptime_s=1593.36
RT_PROGRESS uptime_s=1603.38
RT_PROGRESS uptime_s=1613.41
RT_PROGRESS uptime_s=1623.44
RT_PROGRESS uptime_s=1633.46
RT_PROGRESS uptime_s=1643.49
RT_PROGRESS uptime_s=1653.51
RT_PROGRESS uptime_s=1663.53
RT_PROGRESS uptime_s=1673.56
RT_PROGRESS uptime_s=1683.58
RT_PROGRESS uptime_s=1693.60
RT_PROGRESS uptime_s=1703.62
RT_PROGRESS uptime_s=1713.65
RT_PROGRESS uptime_s=1723.67
RT_PROGRESS uptime_s=1733.70
RT_PROGRESS uptime_s=1743.72
RT_PROGRESS uptime_s=1753.74
RT_PROGRESS uptime_s=1763.76
RT_PROGRESS uptime_s=1773.79
RT_PROGRESS uptime_s=1783.82
RT_PROGRESS uptime_s=1793.84
RT_PROGRESS uptime_s=1803.86
RT_PROGRESS uptime_s=1813.89
RT_PROGRESS uptime_s=1823.91
WARN: stat /dev/cpu_dma_latency failed: No such file or directory
# Histogram
000149 000001
000163 000001
000164 000002
000165 000001
000166 000001
000167 000002
000168 000007
000169 000014
000170 000022
000171 000020
000172 000033
000173 000043
000174 000054
000175 000060
000176 000091
000177 000101
000178 000089
000179 000090
000180 000097
000181 000114
000182 000113
000183 000106
000184 000094
000185 000105
000186 000127
000187 000111
000188 000132
000189 000122
000190 000115
000191 000105
000192 000131
000193 000130
000194 000135
000195 000123
000196 000106
000197 000123
000198 000151
000199 000125
000200 000134
000201 000110
000202 000122
000203 000123
000204 000124
000205 000124
000206 000121
000207 000114
000208 000114
000209 000098
000210 000111
000211 000100
000212 000091
000213 000089
000214 000099
000215 000102
000216 000089
000217 000094
000218 000104
000219 000070
000220 000090
000221 000102
000222 000093
000223 000088
000224 000072
000225 000093
000226 000085
000227 000088
000228 000097
000229 000081
000230 000074
000231 000084
000232 000082
000233 000086
000234 000087
000235 000084
000236 000074
000237 000082
000238 000074
000239 000074
000240 000072
000241 000068
000242 000067
000243 000076
000244 000083
000245 000071
000246 000075
000247 000058
000248 000062
000249 000071
000250 000065
000251 000077
000252 000062
000253 000058
000254 000072
000255 000069
000256 000073
000257 000061
000258 000054
000259 000066
000260 000059
000261 000058
000262 000069
000263 000060
000264 000062
000265 000075
000266 000061
000267 000070
000268 000066
000269 000070
000270 000067
000271 000057
000272 000060
000273 000054
000274 000062
000275 000071
000276 000072
000277 000060
000278 000068
000279 000071
000280 000061
000281 000062
000282 000048
000283 000065
000284 000055
000285 000052
000286 000068
000287 000056
000288 000063
000289 000063
000290 000057
000291 000057
000292 000057
000293 000054
000294 000054
000295 000062
000296 000055
000297 000048
000298 000066
000299 000062
000300 000046
000301 000068
000302 000072
000303 000062
000304 000072
000305 000061
000306 000076
000307 000067
000308 000064
000309 000062
000310 000055
000311 000065
000312 000062
000313 000070
000314 000067
000315 000064
000316 000055
000317 000057
000318 000076
000319 000072
000320 000080
000321 000076
000322 000074
000323 000080
000324 000067
000325 000068
000326 000080
000327 000106
000328 000092
000329 000107
000330 000107
000331 000127
000332 000119
000333 000132
000334 000161
000335 000149
000336 000181
000337 000192
000338 000207
000339 000192
000340 000211
000341 000241
000342 000257
000343 000270
000344 000305
000345 000323
000346 000343
000347 000351
000348 000359
000349 000363
000350 000389
000351 000407
000352 000438
000353 000440
000354 000446
000355 000415
000356 000473
000357 000458
000358 000488
000359 000460
000360 000461
000361 000499
000362 000527
000363 000541
000364 000502
000365 000518
000366 000537
000367 000501
000368 000491
000369 000504
000370 000496
000371 000482
000372 000487
000373 000488
000374 000464
000375 000449
000376 000467
000377 000439
000378 000477
000379 000447
000380 000477
000381 000475
000382 000469
000383 000428
000384 000433
000385 000465
000386 000449
000387 000427
000388 000424
000389 000440
000390 000462
000391 000450
000392 000449
000393 000467
000394 000497
000395 000464
000396 000448
000397 000483
000398 000487
000399 000454
000400 000435
000401 000426
000402 000478
000403 000477
000404 000454
000405 000469
000406 000458
000407 000466
000408 000429
000409 000397
000410 000434
000411 000409
000412 000451
000413 000432
000414 000437
000415 000393
000416 000420
000417 000455
000418 000480
000419 000418
000420 000457
000421 000492
000422 000436
000423 000457
000424 000510
000425 000508
000426 000539
000427 000572
000428 000561
000429 000616
000430 000593
000431 000637
000432 000650
000433 000674
000434 000732
000435 000769
000436 000777
000437 000835
000438 000895
000439 000946
000440 001020
000441 001080
000442 001227
000443 001327
000444 001497
000445 001631
000446 001862
000447 002164
000448 002577
000449 002759
000450 003253
000451 003528
000452 004098
000453 004491
000454 005052
000455 005482
000456 006039
000457 006549
000458 007214
000459 007625
000460 008199
000461 008292
000462 008612
000463 008579
000464 008729
000465 008330
000466 008760
000467 008271
000468 008412
000469 008217
000470 008144
000471 007809
000472 007847
000473 007550
000474 007570
000475 007424
000476 007181
000477 007066
000478 006950
000479 006962
000480 006939
000481 006770
000482 006996
000483 006747
000484 006959
000485 006787
000486 006902
000487 007043
000488 007420
000489 007396
000490 007756
000491 008035
000492 008439
000493 008588
000494 009368
000495 009362
000496 009843
000497 010218
000498 010665
000499 010965
000500 011244
000501 011104
000502 011681
000503 011540
000504 011755
000505 011483
000506 011718
000507 011467
000508 011526
000509 011320
000510 011241
000511 011004
000512 011376
000513 011063
000514 011463
000515 011370
000516 011886
000517 011876
000518 012289
000519 012591
000520 013097
000521 013094
000522 013210
000523 013087
000524 013449
000525 013131
000526 013353
000527 012995
000528 013186
000529 012584
000530 012944
000531 012498
000532 012106
000533 011775
000534 011536
000535 011245
000536 010924
000537 010298
000538 010041
000539 009405
000540 008960
000541 008540
000542 008464
000543 007914
000544 007693
000545 007220
000546 007073
000547 006975
000548 006944
000549 006635
000550 006716
000551 006587
000552 006722
000553 006493
000554 006246
000555 005879
000556 005958
000557 005581
000558 005528
000559 005256
000560 005254
000561 005049
000562 005071
000563 004968
000564 005054
000565 004781
000566 004883
000567 004762
000568 004715
000569 004529
000570 004629
000571 004549
000572 004827
000573 004878
000574 004996
000575 005193
000576 005822
000577 006110
000578 006566
000579 006856
000580 007435
000581 007893
000582 008007
000583 008274
000584 008705
000585 008654
000586 008750
000587 008558
000588 008568
000589 008273
000590 008272
000591 007657
000592 007491
000593 007017
000594 006769
000595 006195
000596 005724
000597 005380
000598 004989
000599 004633
000600 004367
000601 003947
000602 003806
000603 003357
000604 003136
000605 002950
000606 002711
000607 002467
000608 002353
000609 002193
000610 002144
000611 001960
000612 001939
000613 001866
000614 001823
000615 001807
000616 001753
000617 001699
000618 001849
000619 001713
000620 001757
000621 001764
000622 001727
000623 001728
000624 001772
000625 001704
000626 001709
000627 001757
000628 001746
000629 001705
000630 001730
000631 001630
000632 001602
000633 001478
000634 001524
000635 001520
000636 001512
000637 001492
000638 001459
000639 001442
000640 001491
000641 001341
000642 001463
000643 001364
000644 001305
000645 001281
000646 001360
000647 001253
000648 001292
000649 001238
000650 001257
000651 001256
000652 001240
000653 001178
000654 001264
000655 001212
000656 001301
000657 001293
000658 001319
000659 001274
000660 001324
000661 001237
000662 001275
000663 001276
000664 001260
000665 001266
000666 001275
000667 001261
000668 001294
000669 001239
000670 001240
000671 001168
000672 001194
000673 001152
000674 001098
000675 001045
000676 001020
000677 000978
000678 000934
000679 000936
000680 000927
000681 000936
000682 000887
000683 000888
000684 000843
000685 000782
000686 000744
000687 000779
000688 000710
000689 000682
000690 000649
000691 000644
000692 000627
000693 000619
000694 000590
000695 000618
000696 000562
000697 000557
000698 000574
000699 000567
000700 000555
000701 000556
000702 000522
000703 000479
000704 000500
000705 000488
000706 000490
000707 000458
000708 000434
000709 000410
000710 000456
000711 000398
000712 000370
000713 000398
000714 000412
000715 000382
000716 000347
000717 000363
000718 000360
000719 000332
000720 000328
000721 000289
000722 000312
000723 000286
000724 000319
000725 000294
000726 000316
000727 000309
000728 000311
000729 000307
000730 000306
000731 000313
000732 000286
000733 000265
000734 000262
000735 000255
000736 000254
000737 000273
000738 000255
000739 000260
000740 000264
000741 000235
000742 000253
000743 000241
000744 000238
000745 000237
000746 000255
000747 000226
000748 000263
000749 000227
000750 000284
000751 000271
000752 000276
000753 000301
000754 000302
000755 000325
000756 000342
000757 000330
000758 000354
000759 000379
000760 000385
000761 000342
000762 000348
000763 000389
000764 000397
000765 000344
000766 000382
000767 000405
000768 000338
000769 000418
000770 000376
000771 000367
000772 000392
000773 000376
000774 000366
000775 000402
000776 000411
000777 000384
000778 000439
000779 000462
000780 000485
000781 000507
000782 000547
000783 000573
000784 000590
000785 000644
000786 000713
000787 000681
000788 000731
000789 000766
000790 000857
000791 000869
000792 000918
000793 000951
000794 001098
000795 001126
000796 001143
000797 001236
000798 001258
000799 001263
000800 001349
000801 001375
000802 001441
000803 001530
000804 001608
000805 001577
000806 001806
000807 001736
000808 001881
000809 001810
000810 001865
000811 001857
000812 002003
000813 002010
000814 002113
000815 002059
000816 002142
000817 002143
000818 002254
000819 002249
000820 002326
000821 002269
000822 002227
000823 002167
000824 002136
000825 002222
000826 002025
000827 001900
000828 001976
000829 001870
000830 001755
000831 001705
000832 001773
000833 001634
000834 001593
000835 001474
000836 001471
000837 001406
000838 001419
000839 001348
000840 001235
000841 001188
000842 001249
000843 001095
000844 001049
000845 001026
000846 000976
000847 000923
000848 000916
000849 000892
000850 000892
000851 000865
000852 000810
000853 000808
000854 000697
000855 000752
000856 000769
000857 000745
000858 000749
000859 000750
000860 000752
000861 000726
000862 000765
000863 000762
000864 000813
000865 000839
000866 000856
000867 000789
000868 000836
000869 000892
000870 000819
000871 000788
000872 000874
000873 000897
000874 000898
000875 000922
000876 000940
000877 000996
000878 001028
000879 000992
000880 001023
000881 001110
000882 001108
000883 001121
000884 001158
000885 001138
000886 001160
000887 001265
000888 001231
000889 001278
000890 001279
000891 001267
000892 001253
000893 001196
000894 001267
000895 001202
000896 001266
000897 001134
000898 001222
000899 001242
000900 001246
000901 001181
000902 001119
000903 001158
000904 001085
000905 001108
000906 001069
000907 001056
000908 001019
000909 001019
000910 000999
000911 000986
000912 000968
000913 000928
000914 000912
000915 000930
000916 000875
000917 000798
000918 000816
000919 000821
000920 000762
000921 000731
000922 000714
000923 000651
000924 000624
000925 000594
000926 000582
000927 000595
000928 000550
000929 000537
000930 000521
000931 000467
000932 000468
000933 000443
000934 000449
000935 000412
000936 000376
000937 000376
000938 000361
000939 000311
000940 000341
000941 000332
000942 000297
000943 000285
000944 000271
000945 000263
000946 000261
000947 000246
000948 000215
000949 000200
000950 000233
000951 000206
000952 000188
000953 000185
000954 000182
000955 000164
000956 000139
000957 000153
000958 000160
000959 000145
000960 000150
000961 000143
000962 000127
000963 000108
000964 000126
000965 000151
000966 000092
000967 000106
000968 000125
000969 000095
000970 000099
000971 000113
000972 000093
000973 000098
000974 000103
000975 000093
000976 000099
000977 000073
000978 000084
000979 000085
000980 000092
000981 000088
000982 000110
000983 000074
000984 000092
000985 000087
000986 000086
000987 000085
000988 000094
000989 000067
000990 000091
000991 000094
000992 000100
000993 000099
000994 000103
000995 000097
000996 000129
000997 000116
000998 000119
000999 000107
001000 000125
001001 000154
001002 000148
001003 000167
001004 000157
001005 000187
001006 000189
001007 000200
001008 000203
001009 000231
001010 000264
001011 000273
001012 000303
001013 000294
001014 000290
001015 000328
001016 000374
001017 000391
001018 000410
001019 000418
001020 000451
001021 000427
001022 000523
001023 000445
001024 000458
001025 000503
001026 000519
001027 000499
001028 000481
001029 000478
001030 000479
001031 000457
001032 000538
001033 000513
001034 000536
001035 000511
001036 000467
001037 000481
001038 000451
001039 000444
001040 000470
001041 000410
001042 000437
001043 000457
001044 000424
001045 000426
001046 000378
001047 000387
001048 000376
001049 000351
001050 000365
001051 000375
001052 000325
001053 000366
001054 000327
001055 000319
001056 000289
001057 000296
001058 000306
001059 000264
001060 000269
001061 000268
001062 000251
001063 000243
001064 000238
001065 000218
001066 000228
001067 000205
001068 000213
001069 000166
001070 000209
001071 000165
001072 000161
001073 000166
001074 000150
001075 000126
001076 000149
001077 000114
001078 000108
001079 000132
001080 000124
001081 000116
001082 000104
001083 000093
001084 000100
001085 000089
001086 000087
001087 000078
001088 000037
001091 000031
001092 000041
001093 000058
001094 000061
001095 000066
001096 000072
001097 000063
001098 000047
001099 000053
001100 000062
001101 000064
001102 000058
001103 000044
001104 000037
001105 000049
001106 000052
001107 000042
001108 000030
001109 000048
001110 000034
001111 000048
001112 000040
001113 000030
001114 000041
001115 000040
001116 000032
001117 000030
001118 000046
001119 000033
001120 000041
001121 000032
001122 000027
001123 000024
001124 000025
001125 000020
001126 000040
001127 000036
001128 000015
001129 000032
001130 000023
001131 000023
001132 000029
001133 000021
001134 000019
001135 000015
001136 000015
001137 000022
001138 000028
001139 000022
001140 000020
001141 000022
001142 000018
001143 000017
001144 000022
001145 000012
001146 000012
001147 000017
001148 000017
001149 000022
001150 000012
001151 000016
001152 000012
001153 000025
001154 000009
001155 000018
001156 000011
001157 000005
001158 000009
001159 000015
001160 000019
001161 000017
001162 000017
001163 000016
001164 000012
001165 000011
001166 000016
001167 000010
001168 000014
001169 000009
001170 000008
001171 000010
001172 000012
001173 000014
001174 000010
001175 000014
001176 000009
001177 000013
001178 000006
001179 000014
001180 000008
001181 000008
001182 000009
001183 000003
001184 000005
001185 000006
001186 000009
001187 000009
001188 000008
001189 000007
001190 000012
001191 000010
001192 000010
001193 000009
001194 000010
001195 000009
001196 000006
001197 000003
001198 000005
001199 000015
001200 000010
001201 000006
001202 000011
001203 000010
001204 000008
001205 000007
001206 000008
001207 000008
001208 000003
001209 000006
001210 000006
001211 000012
001212 000005
001213 000010
001214 000010
001215 000004
001216 000010
001217 000006
001218 000007
001219 000007
001220 000009
001221 000006
001222 000008
001223 000005
001224 000005
001225 000010
001226 000007
001227 000012
001228 000013
001229 000009
001230 000006
001231 000008
001232 000005
001233 000007
001234 000008
001235 000005
001236 000007
001237 000009
001238 000004
001239 000009
001240 000013
001241 000006
001242 000002
001243 000005
001244 000005
001245 000008
001246 000007
001247 000013
001248 000012
001249 000007
001250 000008
001251 000002
001252 000004
001253 000007
001254 000009
001255 000002
001256 000009
001257 000003
001258 000009
001259 000005
001260 000002
001261 000005
001262 000007
001263 000008
001264 000001
001265 000006
001266 000004
001267 000007
001268 000005
001269 000006
001270 000003
001271 000004
001272 000005
001273 000005
001274 000002
001275 000001
001276 000008
001277 000004
001278 000005
001279 000002
001280 000001
001281 000007
001282 000006
001284 000007
001285 000001
001286 000001
001287 000002
001288 000003
001289 000003
001290 000004
001291 000005
001292 000003
001294 000004
001295 000003
001296 000003
001297 000001
001298 000002
001299 000003
001300 000005
001301 000002
001302 000001
001303 000004
001304 000004
001305 000002
001306 000002
001307 000001
001309 000001
001310 000001
001311 000002
001312 000002
001313 000001
001314 000003
001315 000002
001316 000001
001317 000002
001318 000003
001319 000005
001320 000007
001321 000001
001322 000001
001323 000002
001324 000003
001325 000002
001326 000002
001327 000003
001328 000002
001329 000001
001330 000003
001331 000004
001332 000003
001333 000001
001334 000002
001335 000002
001336 000002
001337 000002
001338 000003
001339 000002
001340 000001
001341 000001
001342 000004
001343 000002
001344 000005
001345 000002
001346 000001
001347 000003
001348 000004
001349 000003
001350 000001
001351 000002
001352 000003
001353 000001
001354 000003
001355 000001
001356 000004
001357 000003
001358 000001
001359 000003
001360 000006
001361 000001
001362 000003
001364 000002
001365 000002
001366 000001
001368 000001
001369 000001
001370 000002
001371 000002
001372 000004
001373 000002
001374 000003
001375 000002
001376 000003
001377 000002
001378 000002
001379 000002
001380 000004
001381 000002
001382 000002
001384 000003
001387 000002
001389 000001
001390 000001
001391 000002
001392 000002
001393 000001
001394 000001
001397 000001
001398 000001
001400 000002
001403 000001
001404 000001
001405 000001
001407 000001
001408 000001
001410 000003
001411 000001
001412 000002
001415 000001
001416 000002
001417 000002
001418 000002
001419 000002
001420 000001
001421 000001
001422 000003
001423 000001
001425 000001
001427 000001
001428 000002
001429 000001
001430 000001
001432 000001
001434 000001
001435 000002
001436 000002
001437 000003
001439 000001
001443 000001
001444 000001
001447 000001
001448 000001
001449 000002
001450 000002
001453 000002
001454 000002
001456 000003
001457 000003
001458 000003
001460 000001
001462 000001
001463 000004
001464 000002
001465 000005
001466 000003
001467 000006
001469 000001
001470 000002
001471 000001
001472 000001
001473 000001
001474 000001
001475 000001
001476 000003
001477 000002
001478 000003
001480 000003
001482 000004
001483 000002
001484 000001
001485 000001
001486 000003
001487 000004
001488 000005
001489 000001
001490 000001
001491 000003
001492 000001
001493 000003
001494 000003
001495 000007
001496 000005
001497 000006
001498 000005
001499 000005
001500 000002
001501 000004
001502 000007
001503 000006
001504 000006
001505 000002
001506 000004
001507 000004
001508 000007
001509 000006
001510 000004
001511 000007
001512 000010
001513 000007
001514 000008
001515 000011
001516 000015
001517 000015
001518 000007
001519 000008
001520 000008
001521 000010
001522 000013
001523 000010
001524 000007
001525 000006
001526 000008
001527 000008
001528 000008
001529 000008
001530 000013
001531 000007
001532 000001
001533 000003
001534 000003
001535 000006
001536 000008
001537 000005
001538 000008
001539 000011
001540 000008
001541 000004
001542 000007
001543 000010
001544 000003
001545 000007
001546 000002
001547 000004
001548 000004
001549 000006
001550 000007
001551 000009
001552 000008
001553 000004
001554 000009
001555 000005
001556 000008
001557 000007
001558 000005
001559 000004
001560 000011
001561 000007
001562 000003
001564 000010
001565 000004
001566 000003
001567 000006
001568 000001
001569 000008
001570 000004
001571 000004
001572 000001
001573 000006
001574 000004
001575 000003
001576 000005
001577 000004
001578 000006
001580 000005
001581 000004
001582 000002
001583 000004
001584 000003
001585 000004
001586 000002
001587 000006
001588 000003
001589 000009
001590 000003
001591 000006
001592 000004
001593 000003
001594 000004
001595 000005
001596 000003
001597 000003
001598 000002
001599 000004
001600 000001
001603 000002
001604 000003
001605 000002
001606 000001
001607 000005
001608 000006
001609 000005
001610 000007
001611 000004
001612 000009
001613 000005
001614 000003
001615 000007
001616 000006
001617 000010
001618 000007
001619 000008
001620 000005
001621 000007
001622 000012
001623 000013
001624 000009
001625 000010
001626 000012
001627 000008
001628 000007
001629 000008
001630 000007
001631 000007
001632 000007
001633 000010
001634 000012
001635 000012
001636 000009
001637 000012
001638 000008
001639 000009
001640 000008
001641 000010
001642 000012
001643 000013
001644 000009
001645 000005
001646 000014
001647 000005
001648 000010
001649 000010
001650 000010
001651 000013
001652 000004
001653 000009
001654 000008
001655 000003
001656 000006
001657 000007
001658 000006
001659 000009
001660 000011
001661 000006
001662 000010
001663 000008
001664 000002
001665 000006
001666 000004
001667 000006
001668 000005
001669 000005
001670 000009
001671 000009
001672 000002
001673 000004
001674 000004
001675 000007
001676 000005
001677 000006
001678 000005
001679 000004
001680 000004
001681 000007
001682 000006
001683 000004
001684 000002
001685 000002
001686 000005
001687 000002
001688 000003
001689 000003
001690 000002
001691 000003
001692 000001
001693 000004
001694 000003
001695 000003
001696 000002
001697 000002
001698 000005
001699 000006
001700 000003
001701 000002
001702 000004
001703 000004
001704 000001
001706 000002
001707 000001
001708 000002
001709 000001
001710 000002
001711 000002
001712 000004
001714 000002
001715 000003
001716 000002
001717 000001
001718 000002
001719 000001
001721 000001
001722 000004
001725 000003
001728 000003
001729 000001
001730 000003
001734 000001
001735 000001
001736 000003
001738 000002
001739 000001
001740 000002
001743 000001
001744 000003
001745 000003
001748 000001
001750 000001
001751 000001
001752 000001
001753 000002
001755 000002
001756 000002
001757 000003
001758 000002
001760 000001
001761 000001
001762 000001
001765 000001
001766 000001
001767 000001
001768 000002
001769 000001
001770 000001
001771 000002
001774 000001
001775 000001
001776 000001
001777 000001
001779 000001
001781 000001
001782 000003
001784 000001
001785 000002
001787 000001
001789 000001
001790 000001
001791 000002
001792 000003
001793 000002
001795 000001
001796 000002
001798 000002
001799 000001
001800 000001
001804 000002
001805 000001
001807 000001
001808 000002
001810 000001
001811 000003
001816 000001
001817 000001
001818 000001
001819 000002
001820 000001
001821 000001
001822 000001
001824 000004
001825 000002
001829 000002
001832 000001
001833 000001
001835 000001
001842 000001
001843 000002
001844 000002
001845 000001
001847 000002
001848 000001
001850 000001
001851 000001
001852 000001
001856 000001
001859 000002
001861 000003
001863 000002
001867 000001
001870 000001
001874 000001
001875 000003
001876 000001
001877 000002
001880 000001
001881 000001
001882 000003
001883 000001
001885 000002
001888 000001
001890 000001
001891 000002
001895 000001
001896 000002
001899 000001
001900 000001
001905 000001
001906 000003
001909 000001
001913 000001
001914 000001
001917 000001
001918 000002
001920 000002
001933 000001
001935 000001
001937 000001
001939 000001
001941 000001
001942 000002
001943 000001
001944 000001
001947 000002
001948 000002
001954 000001
001958 000001
001959 000001
001960 000002
001961 000001
001962 000001
001963 000001
001966 000001
001968 000001
001978 000001
001979 000001
001985 000002
001986 000001
001987 000002
001994 000001
001996 000001
002001 000001
002002 000001
002003 000001
002005 000001
002006 000001
002007 000001
002009 000001
002010 000001
002011 000001
002012 000001
002015 000001
002021 000001
002023 000002
002024 000001
002025 000001
002031 000002
002038 000001
002040 000001
002041 000001
002042 000001
002043 000001
002046 000001
002048 000002
002052 000001
002054 000001
002057 000001
002059 000001
002068 000001
002072 000001
002074 000001
002077 000004
002079 000001
002082 000001
002094 000001
002098 000001
002100 000001
002103 000001
002104 000002
002117 000001
002123 000001
002139 000001
002145 000001
002147 000001
002151 000001
002152 000001
002155 000001
002161 000001
002167 000001
002174 000001
002178 000001
002193 000001
002194 000001
002196 000001
002197 000001
002201 000001
002204 000001
002205 000001
002206 000001
002207 000002
002229 000001
002236 000001
002237 000001
002238 000001
002244 000001
002250 000001
002253 000001
002255 000001
002256 000001
002268 000002
002271 000001
002273 000001
002279 000001
002282 000001
002284 000001
002285 000001
002288 000001
002296 000001
002300 000001
002309 000001
002311 000001
002317 000001
002321 000001
002327 000002
002330 000001
002336 000001
002339 000001
002340 000001
002342 000001
002345 000001
002347 000001
002366 000001
002370 000001
002373 000001
002380 000001
002399 000001
002407 000001
002411 000001
002414 000001
002432 000001
002441 000001
002467 000001
002470 000001
002471 000001
002476 000001
002484 000001
002485 000001
002489 000001
002492 000001
002496 000001
002497 000001
002501 000001
002509 000001
002520 000002
002522 000001
002525 000001
002527 000001
002537 000001
002542 000001
002547 000001
002554 000001
002557 000001
002558 000002
002559 000001
002560 000002
002561 000001
002564 000002
002565 000001
002566 000001
002568 000001
002569 000001
002570 000005
002571 000001
002572 000001
002573 000002
002574 000001
002575 000004
002576 000001
002577 000002
002578 000006
002579 000003
002580 000005
002581 000002
002582 000007
002583 000004
002584 000006
002585 000005
002586 000005
002587 000006
002588 000003
002589 000003
002590 000004
002591 000002
002592 000006
002593 000003
002594 000002
002595 000004
002596 000002
002597 000003
002598 000003
002599 000002
002600 000002
002601 000001
002602 000003
002603 000002
002605 000001
002606 000001
002607 000003
002608 000004
002609 000004
002611 000003
002612 000003
002613 000001
002614 000004
002615 000004
002616 000006
002617 000002
002618 000004
002619 000003
002621 000001
002622 000002
002624 000003
002625 000006
002626 000002
002627 000002
002628 000002
002629 000002
002630 000002
002632 000002
002633 000001
002634 000002
002636 000001
002637 000001
002639 000001
002640 000001
002641 000001
002642 000002
002643 000001
002645 000002
002646 000001
002647 000002
002648 000001
002649 000002
002650 000002
002651 000001
002652 000001
002653 000001
002654 000001
002655 000002
002656 000002
002657 000003
002658 000002
002659 000001
002660 000002
002661 000001
002662 000008
002664 000002
002665 000002
002666 000002
002667 000004
002668 000002
002669 000001
002670 000002
002671 000004
002672 000003
002673 000005
002674 000003
002675 000004
002676 000005
002677 000001
002678 000004
002679 000002
002680 000003
002681 000002
002682 000002
002683 000006
002685 000003
002686 000003
002687 000003
002688 000003
002689 000004
002690 000003
002691 000001
002693 000004
002694 000001
002695 000001
002696 000003
002697 000004
002698 000005
002699 000003
002700 000007
002701 000005
002702 000001
002703 000001
002704 000002
002705 000006
002706 000003
002707 000006
002708 000001
002709 000001
002710 000003
002711 000002
002712 000002
002713 000002
002714 000005
002715 000001
002716 000001
002717 000002
002718 000002
002719 000002
002720 000001
002722 000002
002723 000001
002724 000001
002725 000002
002726 000001
002727 000004
002728 000002
002730 000001
002732 000002
002736 000002
002737 000001
002738 000002
002739 000003
002745 000002
002746 000002
002747 000001
002748 000001
002749 000001
002750 000003
002751 000002
002753 000001
002754 000001
002756 000001
002758 000001
002760 000005
002763 000001
002765 000001
002767 000001
002769 000001
002772 000001
002774 000001
002778 000001
002779 000001
002782 000001
002783 000001
002785 000001
002789 000002
002790 000001
002791 000003
002794 000001
002795 000001
002796 000002
002799 000003
002800 000002
002807 000001
002810 000001
002814 000001
002816 000004
002817 000002
002818 000001
002820 000002
002822 000003
002826 000001
002827 000002
002831 000001
002832 000001
002834 000003
002837 000002
002839 000001
002843 000002
002845 000001
002847 000001
002849 000001
002850 000001
002853 000001
002854 000001
002857 000001
002858 000001
002862 000001
002869 000002
002870 000001
002879 000001
002882 000001
002883 000001
002886 000002
002888 000003
002889 000001
002890 000001
002891 000006
002892 000001
002893 000001
002894 000001
002900 000001
002901 000002
002903 000001
002905 000001
002906 000001
002909 000001
002912 000001
002915 000002
002916 000001
002917 000001
002918 000001
002919 000001
002920 000001
002921 000001
002922 000001
002923 000002
002924 000001
002926 000001
002927 000001
002931 000001
002932 000001
002934 000001
002936 000001
002937 000001
002949 000001
002950 000001
002953 000001
002954 000001
002955 000001
002956 000001
002959 000001
002960 000002
002961 000001
002963 000002
002965 000001
002972 000001
002978 000001
002981 000001
002983 000001
002985 000001
002986 000001
002987 000001
002988 000001
002989 000001
002990 000001
002995 000002
003000 000001
003002 000001
003003 000001
003005 000001
003006 000001
003009 000001
003010 000002
003011 000001
003013 000001
003014 000001
003016 000001
003019 000001
003021 000001
003024 000002
003025 000002
003026 000001
003027 000001
003028 000002
003030 000002
003035 000001
003038 000001
003040 000001
003041 000001
003042 000001
003049 000001
003052 000001
003054 000001
003062 000001
003063 000001
003068 000001
003069 000001
003071 000002
003072 000001
003076 000001
003079 000002
003080 000001
003082 000001
003083 000001
003084 000001
003085 000001
003088 000001
003100 000002
003101 000001
003102 000001
003104 000001
003105 000001
003111 000001
003115 000001
003132 000002
003135 000001
003142 000001
003144 000001
003152 000001
003161 000001
003167 000001
003181 000001
003184 000001
003199 000001
003215 000003
003217 000001
003223 000001
003227 000001
003248 000001
003251 000001
003259 000001
003275 000001
003277 000001
003279 000001
003280 000001
003287 000001
003289 000001
003292 000001
003299 000001
003305 000001
003310 000001
003314 000001
003327 000001
003332 000001
003334 000001
003344 000001
003362 000001
003363 000001
003370 000001
003381 000001
003453 000001
003479 000001
003485 000001
003490 000001
003495 000001
003497 000001
003510 000001
003520 000001
003531 000001
003537 000001
003541 000001
003551 000001
003552 000001
003553 000001
003556 000001
003558 000001
003560 000001
003562 000001
003564 000001
003566 000002
003568 000002
003570 000002
003572 000002
003573 000003
003574 000003
003575 000003
003576 000003
003577 000002
003578 000005
003579 000005
003580 000005
003581 000003
003582 000004
003583 000004
003584 000008
003585 000010
003586 000006
003587 000007
003588 000007
003589 000011
003590 000011
003591 000007
003592 000009
003593 000010
003594 000008
003595 000004
003596 000004
003597 000003
003598 000006
003599 000003
003600 000002
003601 000003
003602 000002
003603 000002
003604 000004
003605 000002
003606 000004
003607 000001
003608 000001
003609 000001
003610 000004
003611 000001
003612 000002
003613 000004
003614 000003
003615 000001
003616 000005
003617 000002
003618 000002
003619 000003
003620 000005
003621 000003
003622 000001
003623 000006
003624 000002
003625 000006
003626 000005
003627 000006
003628 000005
003629 000006
003630 000010
003631 000001
003632 000003
003633 000003
003634 000005
003635 000004
003636 000001
003637 000005
003638 000002
003639 000001
003640 000004
003641 000005
003642 000004
003643 000003
003644 000002
003645 000005
003646 000001
003647 000004
003648 000003
003649 000004
003650 000005
003651 000005
003652 000004
003653 000005
003654 000007
003655 000006
003656 000007
003657 000002
003658 000004
003659 000011
003660 000008
003661 000005
003662 000012
003663 000008
003664 000011
003665 000011
003666 000012
003667 000010
003668 000015
003669 000015
003670 000019
003671 000018
003672 000011
003673 000009
003674 000012
003675 000012
003676 000014
003677 000013
003678 000008
003679 000012
003680 000012
003681 000013
003682 000014
003683 000014
003684 000010
003685 000012
003686 000009
003687 000013
003688 000014
003689 000011
003690 000008
003691 000010
003692 000013
003693 000013
003694 000011
003695 000006
003696 000010
003697 000012
003698 000011
003699 000011
003700 000005
003701 000011
003702 000011
003703 000007
003704 000008
003705 000008
003706 000006
003707 000010
003708 000005
003709 000007
003710 000007
003711 000010
003712 000009
003713 000004
003714 000004
003715 000005
003716 000004
003717 000002
003718 000004
003719 000004
003720 000007
003721 000003
003722 000001
003723 000006
003724 000004
003725 000003
003726 000011
003727 000001
003728 000001
003729 000006
003730 000005
003731 000001
003732 000003
003733 000002
003734 000002
003735 000001
003736 000003
003737 000001
003738 000007
003739 000003
003740 000003
003741 000001
003742 000003
003743 000002
003744 000001
003745 000001
003746 000002
003747 000001
003748 000002
003749 000004
003750 000003
003751 000004
003752 000001
003753 000001
003754 000002
003755 000001
003756 000003
003757 000001
003758 000002
003759 000001
003760 000001
003761 000003
003762 000001
003763 000001
003765 000002
003766 000001
003767 000002
003769 000002
003770 000002
003771 000003
003772 000003
003773 000001
003776 000004
003777 000001
003779 000001
003781 000001
003784 000001
003787 000002
003788 000002
003789 000003
003791 000002
003792 000002
003793 000001
003794 000001
003795 000002
003797 000002
003799 000001
003800 000001
003802 000002
003804 000001
003808 000001
003810 000001
003812 000001
003813 000003
003814 000001
003819 000001
003821 000001
003822 000001
003824 000002
003825 000001
003826 000001
003828 000002
003830 000001
003831 000001
003832 000003
003833 000001
003836 000003
003837 000002
003839 000002
003840 000002
003841 000001
003842 000001
003845 000001
003846 000002
003847 000001
003849 000002
003851 000001
003852 000001
003855 000002
003857 000001
003858 000003
003859 000002
003860 000001
003863 000001
003865 000001
003866 000001
003867 000002
003868 000002
003869 000001
003870 000001
003871 000001
003872 000001
003877 000003
003879 000004
003881 000001
003882 000001
003883 000001
003884 000006
003886 000003
003888 000002
003889 000001
003890 000002
003892 000002
003894 000001
003897 000001
003898 000001
003899 000002
003902 000002
003903 000003
003904 000001
003905 000001
003906 000003
003908 000001
003909 000001
003910 000003
003912 000001
003914 000003
003915 000001
003916 000002
003918 000001
003919 000002
003921 000001
003922 000003
003923 000001
003926 000001
003927 000002
003930 000002
003931 000001
003934 000003
003936 000003
003937 000001
003938 000001
003940 000001
003941 000001
003943 000001
003944 000001
003946 000001
003947 000001
003948 000003
003949 000001
003953 000001
003955 000001
003961 000002
003964 000002
003971 000001
003972 000001
003973 000001
003974 000002
003975 000002
003982 000001
003983 000001
003984 000003
003992 000002
003993 000001
003994 000001
003995 000001
003996 000002
003997 000002
003998 000001
004000 000001
004002 000001
004003 000001
004004 000001
004005 000001
004006 000001
004009 000003
004013 000001
004015 000002
004016 000002
004018 000001
004019 000001
004020 000001
004022 000001
004023 000001
004025 000002
004029 000001
004031 000001
004034 000001
004037 000001
004038 000002
004039 000001
004040 000001
004041 000001
004042 000001
004043 000002
004045 000001
004046 000001
004049 000001
004051 000001
004052 000001
004054 000001
004057 000001
004058 000001
004059 000002
004064 000001
004067 000001
004075 000001
004077 000001
004080 000001
004094 000001
004109 000001
004111 000001
004120 000002
004123 000001
004134 000001
004139 000001
004142 000001
004147 000001
004156 000001
004169 000001
004171 000001
004185 000001
004242 000001
004270 000001
004289 000001
004308 000001
004328 000001
004343 000001
004347 000001
004374 000001
004395 000001
004407 000001
004413 000001
004457 000001
004464 000001
004481 000001
004483 000001
004484 000001
004489 000001
004490 000001
004499 000001
004500 000001
004501 000001
004502 000001
004504 000002
004506 000001
004507 000001
004511 000001
004512 000002
004513 000001
004514 000001
004516 000001
004522 000002
004525 000003
004526 000001
004529 000001
004534 000001
004537 000002
004539 000002
004540 000001
004543 000002
004544 000001
004545 000001
004546 000003
004548 000002
004549 000002
004550 000004
004551 000001
004554 000001
004555 000004
004557 000002
004558 000004
004559 000001
004562 000003
004563 000001
004564 000004
004565 000002
004567 000004
004568 000001
004569 000002
004570 000002
004571 000002
004572 000002
004573 000003
004574 000002
004575 000004
004576 000002
004577 000003
004578 000006
004579 000006
004580 000001
004581 000002
004582 000004
004583 000002
004584 000003
004585 000003
004586 000003
004587 000004
004589 000003
004590 000006
004591 000002
004592 000001
004593 000003
004595 000006
004596 000003
004597 000002
004598 000001
004599 000002
004601 000001
004602 000003
004603 000002
004605 000001
004607 000002
004608 000001
004609 000002
004610 000002
004612 000004
004613 000006
004614 000002
004615 000001
004617 000001
004619 000003
004621 000001
004622 000002
004623 000002
004624 000002
004625 000001
004626 000002
004627 000001
004628 000001
004629 000001
004632 000003
004633 000002
004635 000003
004639 000001
004640 000001
004642 000002
004645 000002
004648 000001
004650 000003
004652 000002
004653 000003
004654 000004
004655 000003
004656 000002
004657 000003
004659 000003
004660 000002
004662 000004
004663 000001
004664 000002
004665 000004
004666 000003
004668 000003
004669 000002
004670 000005
004671 000004
004672 000002
004673 000002
004674 000002
004675 000004
004676 000006
004677 000001
004678 000003
004679 000003
004680 000002
004681 000003
004682 000007
004683 000002
004685 000005
004686 000004
004687 000002
004688 000010
004689 000002
004691 000005
004692 000003
004693 000004
004694 000001
004695 000006
004696 000007
004697 000008
004698 000003
004699 000005
004700 000005
004701 000005
004702 000001
004703 000008
004704 000004
004705 000005
004706 000005
004707 000004
004708 000001
004709 000007
004710 000003
004712 000003
004713 000001
004714 000001
004715 000004
004716 000002
004718 000002
004719 000003
004720 000003
004721 000001
004722 000001
004723 000001
004724 000001
004726 000001
004728 000001
004729 000002
004730 000002
004731 000002
004732 000002
004735 000002
004736 000003
004737 000003
004738 000002
004741 000002
004742 000002
004743 000002
004744 000002
004747 000001
004752 000001
004757 000001
004758 000001
004759 000001
004760 000001
004764 000003
004765 000001
004767 000002
004769 000001
004774 000001
004775 000001
004777 000001
004778 000001
004782 000001
004786 000001
004787 000001
004789 000001
004790 000001
004794 000001
004799 000002
004814 000002
004817 000001
004828 000002
004829 000001
004831 000001
004836 000001
004840 000001
004842 000001
004843 000001
004844 000001
004846 000001
004847 000001
004853 000001
004856 000002
004860 000001
004861 000001
004862 000001
004863 000001
004869 000001
004876 000001
004879 000001
004881 000001
004884 000001
004885 000002
004887 000001
004888 000003
004892 000001
004893 000001
004908 000001
004911 000001
004913 000002
004918 000001
004928 000001
004937 000001
004945 000001
004953 000001
004955 000001
004956 000002
004970 000001
004972 000001
004980 000002
004987 000001
004989 000001
004990 000001
004995 000001
004997 000001
005000 000001
005005 000001
005007 000001
005010 000001
005017 000001
005021 000001
005032 000001
005041 000001
005064 000001
005074 000002
005080 000001
005114 000001
005127 000001
005136 000001
005160 000001
005202 000001
005204 000001
005236 000001
005238 000001
005277 000001
005282 000001
005290 000001
005324 000001
005335 000001
005346 000001
005382 000001
005401 000001
005402 000001
005409 000001
005421 000001
005423 000001
005456 000001
005462 000001
005465 000001
005469 000001
005473 000001
005483 000001
005493 000002
005494 000001
005495 000001
005496 000001
005497 000001
005501 000002
005502 000001
005503 000001
005506 000001
005507 000001
005509 000001
005515 000001
005516 000001
005519 000001
005524 000002
005525 000002
005527 000001
005529 000001
005530 000001
005531 000002
005532 000001
005533 000001
005534 000001
005535 000001
005536 000001
005537 000001
005538 000004
005541 000001
005542 000003
005543 000002
005544 000001
005545 000005
005546 000001
005547 000006
005548 000003
005549 000004
005550 000008
005551 000001
005552 000004
005553 000001
005554 000001
005555 000001
005556 000001
005557 000006
005558 000001
005559 000003
005560 000004
005561 000004
005562 000001
005563 000004
005564 000002
005565 000002
005566 000008
005567 000004
005568 000004
005569 000005
005570 000003
005571 000006
005572 000001
005573 000006
005574 000003
005575 000002
005576 000004
005577 000008
005578 000003
005579 000004
005580 000003
005581 000007
005582 000001
005583 000003
005584 000004
005585 000004
005586 000001
005587 000004
005588 000006
005589 000008
005590 000002
005591 000005
005592 000005
005593 000004
005594 000001
005595 000005
005596 000007
005597 000001
005599 000004
005600 000003
005601 000004
005602 000003
005603 000003
005604 000005
005605 000009
005606 000003
005607 000005
005608 000007
005609 000003
005610 000005
005611 000005
005612 000004
005613 000002
005614 000004
005615 000003
005617 000002
005618 000004
005619 000002
005620 000003
005621 000004
005622 000004
005623 000002
005624 000005
005626 000004
005627 000002
005628 000004
005629 000001
005630 000003
005631 000004
005632 000005
005633 000004
005634 000004
005635 000006
005636 000006
005637 000004
005638 000003
005639 000008
005640 000005
005641 000005
005643 000003
005644 000007
005645 000005
005646 000009
005647 000008
005648 000003
005649 000004
005650 000008
005651 000011
005652 000005
005653 000007
005654 000007
005655 000012
005656 000014
005657 000015
005658 000011
005659 000012
005660 000011
005661 000014
005662 000016
005663 000010
005664 000011
005665 000009
005666 000013
005667 000008
005668 000013
005669 000016
005670 000018
005671 000010
005672 000012
005673 000013
005674 000012
005675 000010
005676 000009
005677 000010
005678 000014
005679 000016
005680 000015
005681 000014
005682 000012
005683 000012
005684 000007
005685 000009
005686 000016
005687 000014
005688 000007
005689 000007
005690 000009
005691 000005
005692 000011
005693 000012
005694 000014
005695 000014
005696 000009
005697 000002
005698 000009
005699 000006
005700 000004
005701 000009
005702 000008
005703 000006
005704 000009
005705 000009
005706 000003
005707 000008
005708 000005
005709 000003
005710 000007
005711 000005
005712 000007
005713 000001
005714 000006
005715 000003
005716 000002
005717 000004
005718 000004
005719 000003
005720 000006
005721 000004
005722 000001
005723 000002
005724 000001
005725 000001
005728 000001
005730 000002
005731 000002
005732 000001
005733 000001
005734 000004
005735 000003
005736 000001
005737 000001
005738 000002
005739 000004
005741 000001
005742 000001
005743 000001
005744 000001
005745 000001
005746 000003
005749 000002
005750 000002
005754 000002
005756 000001
005757 000002
005758 000003
005759 000004
005760 000002
005761 000002
005763 000001
005764 000003
005767 000001
005769 000001
005771 000001
005772 000001
005775 000001
005776 000003
005777 000001
005778 000002
005780 000002
005782 000001
005784 000002
005785 000003
005787 000001
005789 000003
005792 000002
005797 000001
005799 000001
005801 000001
005803 000001
005807 000002
005811 000002
005812 000001
005816 000001
005821 000002
005827 000001
005829 000002
005830 000001
005831 000002
005836 000001
005837 000001
005838 000001
005840 000001
005843 000001
005845 000002
005848 000001
005849 000002
005851 000001
005852 000001
005856 000001
005857 000001
005858 000001
005861 000001
005862 000001
005863 000001
005864 000001
005872 000001
005874 000001
005876 000001
005878 000001
005880 000001
005886 000001
005888 000001
005891 000001
005892 000002
005893 000001
005894 000001
005895 000001
005896 000001
005900 000001
005901 000001
005905 000002
005910 000001
005911 000002
005913 000001
005918 000001
005921 000001
005922 000001
005923 000001
005924 000001
005926 000001
005930 000001
005931 000001
005937 000001
005943 000001
005945 000001
005948 000001
005956 000001
005960 000001
005961 000001
005963 000002
005966 000001
005970 000001
005972 000001
005979 000001
005984 000001
005985 000001
005989 000001
005992 000001
005994 000001
006002 000001
006008 000001
006009 000001
006011 000001
006026 000001
006030 000001
006031 000001
006032 000001
006036 000001
006039 000001
006041 000001
006043 000001
006054 000002
006058 000001
006073 000001
006077 000001
006084 000001
006097 000001
006104 000001
006134 000001
006151 000001
006158 000001
006177 000001
006186 000001
006192 000001
006206 000001
006208 000002
006215 000001
006258 000001
006411 000001
006465 000001
006491 000001
006515 000001
006530 000001
006545 000001
006549 000001
006551 000001
006552 000001
006554 000001
006558 000001
006563 000001
006564 000001
006569 000002
006572 000001
006576 000001
006577 000002
006578 000001
006579 000005
006580 000001
006581 000004
006582 000004
006583 000004
006584 000001
006585 000003
006587 000001
006588 000001
006590 000001
006591 000003
006592 000004
006593 000001
006594 000003
006595 000001
006596 000002
006597 000002
006598 000001
006599 000004
006600 000001
006601 000001
006602 000003
006603 000004
006604 000001
006605 000002
006606 000001
006607 000002
006609 000003
006610 000001
006611 000002
006612 000001
006614 000001
006615 000002
006616 000002
006617 000001
006618 000004
006619 000001
006620 000001
006621 000002
006622 000002
006623 000003
006624 000001
006625 000002
006626 000002
006627 000001
006628 000001
006629 000001
006630 000003
006631 000001
006632 000002
006633 000002
006634 000002
006638 000002
006639 000002
006640 000003
006641 000001
006642 000001
006643 000001
006644 000001
006645 000002
006647 000001
006648 000001
006649 000002
006650 000001
006653 000001
006655 000001
006656 000001
006658 000005
006659 000003
006660 000003
006661 000002
006662 000002
006663 000003
006664 000004
006666 000003
006667 000007
006668 000005
006669 000003
006670 000006
006671 000002
006672 000003
006673 000002
006674 000003
006675 000004
006676 000004
006677 000004
006678 000002
006679 000005
006680 000002
006681 000005
006682 000001
006683 000002
006684 000004
006685 000003
006686 000005
006687 000002
006688 000003
006689 000005
006690 000005
006691 000002
006692 000002
006693 000004
006694 000004
006695 000001
006696 000001
006697 000002
006698 000003
006700 000003
006701 000003
006702 000005
006703 000003
006704 000005
006705 000005
006706 000008
006707 000002
006708 000008
006709 000007
006710 000003
006711 000006
006712 000001
006713 000003
006714 000001
006715 000002
006716 000003
006717 000003
006718 000003
006719 000002
006720 000003
006721 000001
006722 000003
006723 000001
006724 000003
006726 000003
006727 000001
006728 000002
006730 000005
006731 000003
006732 000001
006733 000002
006737 000006
006738 000001
006740 000001
006743 000002
006745 000001
006748 000001
006749 000001
006750 000002
006752 000002
006753 000001
006754 000001
006757 000001
006758 000002
006759 000001
006762 000002
006766 000001
006771 000001
006775 000001
006779 000001
006781 000001
006786 000001
006790 000001
006794 000002
006796 000001
006797 000001
006799 000002
006806 000001
006807 000001
006816 000001
006826 000002
006830 000001
006833 000002
006843 000002
006844 000002
006848 000001
006851 000001
006853 000001
006854 000001
006864 000001
006870 000001
006885 000001
006887 000001
006893 000001
006894 000001
006898 000001
006900 000001
006906 000001
006907 000001
006913 000001
006915 000001
006916 000001
006919 000001
006921 000001
006922 000001
006927 000001
006937 000001
006939 000001
006942 000001
006944 000001
006948 000001
006950 000002
006954 000001
006957 000001
006965 000001
006969 000001
006972 000001
006982 000001
006985 000001
007000 000001
007002 000001
007013 000002
007022 000001
007025 000001
007033 000001
007102 000001
007137 000001
007152 000001
007186 000001
007230 000001
007489 000001
007505 000001
007524 000001
007536 000001
007553 000001
007554 000001
007558 000001
007559 000001
007560 000001
007562 000001
007563 000001
007564 000001
007566 000001
007570 000001
007571 000001
007572 000001
007573 000001
007574 000002
007575 000001
007577 000002
007578 000002
007579 000003
007580 000004
007581 000002
007584 000005
007585 000004
007586 000004
007587 000001
007588 000001
007589 000003
007590 000004
007591 000004
007592 000002
007593 000003
007594 000004
007595 000002
007596 000001
007597 000001
007598 000005
007599 000002
007600 000002
007601 000002
007602 000006
007603 000003
007604 000001
007605 000001
007606 000001
007607 000003
007608 000003
007609 000001
007610 000002
007611 000003
007612 000001
007614 000002
007615 000003
007616 000002
007617 000007
007618 000005
007619 000002
007620 000001
007621 000007
007622 000006
007623 000002
007624 000005
007625 000009
007626 000003
007627 000004
007628 000002
007629 000005
007630 000007
007631 000001
007632 000001
007633 000003
007634 000003
007635 000003
007636 000002
007637 000005
007638 000003
007639 000003
007640 000002
007641 000004
007642 000004
007643 000003
007644 000004
007645 000002
007646 000001
007647 000003
007648 000004
007649 000002
007650 000003
007651 000001
007652 000008
007653 000005
007654 000002
007655 000004
007656 000002
007657 000003
007658 000004
007659 000010
007660 000008
007661 000005
007662 000008
007663 000006
007664 000004
007665 000007
007666 000007
007667 000010
007668 000015
007669 000013
007670 000012
007671 000005
007672 000019
007673 000013
007674 000015
007675 000011
007676 000014
007677 000012
007678 000011
007679 000008
007680 000002
007681 000013
007682 000010
007683 000010
007684 000010
007685 000019
007686 000007
007687 000019
007688 000016
007689 000009
007690 000016
007691 000015
007692 000010
007693 000013
007694 000008
007695 000010
007696 000012
007697 000012
007698 000007
007699 000010
007700 000011
007701 000012
007702 000012
007703 000013
007704 000009
007705 000010
007706 000016
007707 000011
007708 000014
007709 000012
007710 000009
007711 000009
007712 000008
007713 000008
007714 000012
007715 000003
007716 000010
007717 000011
007718 000006
007719 000004
007720 000007
007721 000008
007722 000005
007723 000008
007724 000006
007725 000004
007726 000008
007727 000003
007728 000003
007729 000004
007730 000004
007731 000006
007732 000008
007733 000005
007734 000003
007735 000005
007736 000006
007737 000001
007738 000001
007739 000003
007740 000003
007741 000007
007742 000005
007743 000005
007744 000005
007745 000002
007746 000007
007747 000008
007748 000003
007749 000002
007750 000006
007751 000003
007752 000005
007753 000001
007754 000004
007755 000003
007756 000003
007757 000005
007758 000001
007760 000001
007761 000001
007762 000002
007763 000001
007765 000001
007766 000002
007767 000003
007769 000001
007770 000001
007771 000001
007773 000003
007774 000001
007775 000002
007776 000001
007777 000002
007778 000001
007779 000002
007780 000001
007781 000003
007782 000002
007783 000002
007784 000001
007785 000002
007788 000002
007791 000003
007792 000001
007793 000002
007795 000001
007796 000001
007797 000002
007799 000001
007801 000001
007802 000002
007804 000002
007807 000003
007808 000001
007809 000002
007813 000001
007814 000002
007816 000001
007817 000001
007819 000001
007820 000002
007821 000002
007822 000003
007823 000001
007824 000002
007827 000001
007829 000001
007830 000001
007834 000002
007835 000002
007836 000001
007839 000001
007840 000002
007842 000003
007843 000001
007844 000001
007845 000002
007846 000001
007849 000002
007851 000001
007853 000001
007854 000001
007857 000001
007858 000001
007859 000003
007863 000001
007865 000001
007871 000002
007874 000001
007877 000001
007882 000001
007887 000001
007888 000001
007891 000001
007892 000001
007894 000002
007896 000002
007898 000001
007901 000002
007904 000001
007905 000001
007908 000001
007911 000002
007913 000001
007915 000001
007916 000001
007917 000001
007918 000001
007920 000001
007921 000002
007923 000001
007927 000001
007929 000001
007931 000001
007934 000001
007937 000002
007938 000001
007939 000001
007947 000001
007948 000001
007949 000001
007952 000001
007956 000001
007961 000001
007964 000001
007967 000001
007970 000001
007979 000001
007981 000001
007982 000001
007983 000001
007984 000001
007985 000001
007987 000001
007988 000001
007991 000001
007992 000001
007993 000001
007996 000001
007997 000002
007998 000002
007999 000001
008000 000001
008001 000001
008002 000001
008003 000002
008004 000002
008006 000003
008009 000001
008010 000006
008012 000002
008013 000001
008014 000002
008016 000001
008018 000001
008021 000001
008025 000001
008026 000003
008028 000001
008029 000001
008030 000001
008034 000002
008035 000001
008036 000001
008039 000001
008041 000001
008042 000003
008044 000001
008047 000001
008054 000001
008055 000001
008056 000001
008058 000001
008061 000001
008062 000001
008068 000001
008073 000001
008076 000001
008077 000001
008079 000001
008080 000001
008084 000001
008099 000001
008100 000002
008102 000001
008175 000001
008206 000001
008215 000001
008269 000001
008311 000001
008317 000001
008333 000001
008401 000001
008453 000001
008502 000001
008523 000001
008542 000001
008543 000001
008545 000001
008549 000002
008560 000001
008562 000003
008566 000001
008568 000001
008570 000001
008575 000001
008576 000001
008577 000003
008578 000001
008581 000001
008583 000001
008584 000002
008588 000001
008590 000002
008591 000001
008592 000002
008593 000004
008594 000003
008598 000006
008599 000001
008601 000002
008602 000001
008604 000001
008607 000002
008608 000002
008610 000001
008612 000001
008613 000001
008614 000002
008615 000002
008616 000001
008618 000002
008619 000002
008620 000004
008621 000002
008622 000003
008624 000002
008625 000004
008626 000001
008627 000001
008628 000001
008631 000002
008632 000004
008633 000001
008634 000002
008636 000002
008637 000001
008638 000001
008639 000001
008640 000001
008641 000002
008643 000001
008646 000003
008647 000001
008649 000003
008650 000001
008652 000002
008654 000002
008655 000001
008656 000003
008658 000003
008659 000002
008661 000003
008662 000003
008663 000002
008664 000004
008665 000002
008666 000004
008667 000001
008668 000002
008669 000004
008670 000001
008671 000001
008672 000004
008673 000002
008674 000004
008675 000004
008676 000004
008678 000003
008679 000003
008680 000004
008681 000004
008682 000003
008683 000002
008684 000001
008685 000003
008686 000003
008687 000004
008688 000004
008689 000003
008690 000010
008691 000004
008692 000003
008693 000005
008694 000007
008695 000005
008696 000005
008697 000009
008698 000006
008699 000005
008700 000007
008701 000003
008702 000003
008703 000002
008704 000013
008705 000003
008706 000006
008707 000008
008708 000004
008709 000002
008710 000003
008711 000002
008712 000007
008713 000002
008714 000003
008715 000005
008716 000005
008718 000003
008719 000002
008720 000001
008721 000001
008722 000003
008723 000002
008724 000006
008725 000007
008726 000002
008727 000003
008728 000001
008729 000002
008730 000004
008731 000002
008732 000002
008733 000002
008734 000002
008735 000001
008736 000001
008737 000001
008738 000002
008739 000001
008741 000001
008742 000001
008743 000001
008747 000001
008748 000003
008749 000001
008750 000001
008751 000001
008753 000002
008754 000002
008755 000001
008757 000002
008760 000002
008761 000001
008762 000003
008765 000003
008766 000001
008769 000001
008770 000002
008772 000001
008773 000001
008776 000001
008778 000002
008781 000001
008788 000001
008789 000001
008794 000001
008795 000001
008802 000001
008803 000001
008804 000001
008808 000002
008810 000002
008811 000001
008818 000001
008824 000001
008825 000001
008828 000001
008830 000001
008831 000001
008833 000002
008834 000001
008835 000001
008836 000001
008843 000001
008848 000001
008849 000002
008852 000002
008854 000001
008855 000001
008857 000001
008860 000001
008861 000002
008863 000001
008864 000002
008873 000001
008874 000001
008879 000001
008880 000002
008881 000001
008885 000002
008887 000001
008893 000001
008894 000001
008897 000001
008902 000001
008904 000001
008910 000001
008911 000001
008912 000002
008916 000001
008923 000001
008925 000002
008926 000001
008927 000001
008928 000001
008929 000001
008931 000002
008935 000001
008936 000002
008940 000001
008942 000001
008945 000001
008946 000001
008957 000001
008958 000001
008961 000001
008963 000001
008966 000001
008970 000001
008971 000003
008975 000001
009010 000001
009021 000001
009028 000001
009032 000001
009033 000001
009052 000001
009062 000001
009067 000001
009094 000001
009181 000001
009251 000001
009271 000001
009289 000001
009356 000001
009413 000001
009418 000001
009451 000001
009464 000001
009485 000001
009492 000001
009521 000001
009523 000002
009532 000001
009536 000001
009544 000003
009545 000001
009547 000002
009550 000001
009553 000001
009554 000002
009559 000002
009560 000001
009562 000001
009564 000001
009565 000001
009566 000002
009568 000002
009569 000002
009571 000003
009572 000001
009573 000003
009574 000003
009575 000003
009576 000001
009578 000002
009579 000001
009580 000001
009581 000003
009582 000003
009584 000003
009585 000001
009586 000003
009587 000002
009588 000002
009589 000001
009590 000001
009591 000001
009592 000002
009593 000006
009594 000002
009595 000005
009596 000004
009597 000003
009599 000004
009600 000005
009601 000004
009602 000006
009603 000007
009604 000003
009605 000003
009606 000005
009607 000004
009608 000002
009609 000003
009610 000007
009611 000004
009612 000003
009613 000002
009614 000004
009615 000008
009616 000003
009617 000005
009618 000006
009619 000002
009620 000002
009621 000006
009622 000003
009623 000010
009624 000005
009625 000001
009626 000002
009627 000002
009628 000002
009629 000003
009630 000003
009631 000004
009632 000003
009634 000002
009635 000004
009636 000003
009637 000001
009638 000003
009639 000003
009641 000003
009642 000006
009644 000001
009645 000001
009646 000003
009647 000002
009648 000007
009649 000005
009650 000003
009651 000003
009652 000003
009653 000006
009654 000007
009655 000015
009656 000008
009657 000007
009658 000014
009659 000005
009660 000011
009661 000009
009662 000004
009663 000008
009664 000010
009665 000015
009666 000006
009667 000015
009668 000005
009669 000008
009670 000005
009671 000008
009672 000011
009673 000009
009674 000011
009675 000011
009676 000007
009677 000006
009678 000015
009679 000011
009680 000007
009681 000007
009682 000008
009683 000013
009684 000013
009685 000012
009686 000009
009687 000010
009688 000016
009689 000012
009690 000011
009691 000014
009692 000009
009693 000014
009694 000017
009695 000013
009696 000012
009697 000015
009698 000010
009699 000010
009700 000012
009701 000024
009702 000017
009703 000016
009704 000012
009705 000007
009706 000012
009707 000018
009708 000008
009709 000009
009710 000009
009711 000011
009712 000009
009713 000003
009714 000005
009715 000005
009716 000008
009717 000007
009718 000007
009719 000011
009720 000006
009721 000004
009722 000002
009723 000005
009724 000004
009725 000004
009726 000003
009727 000004
009728 000009
009729 000003
009730 000004
009731 000007
009732 000002
009733 000002
009734 000003
009735 000001
009736 000004
009737 000004
009738 000007
009739 000001
009740 000005
009741 000004
009742 000001
009743 000003
009744 000002
009745 000001
009746 000001
009747 000001
009749 000001
009751 000002
009752 000003
009753 000001
009755 000001
009756 000003
009757 000003
009758 000002
009759 000004
009760 000004
009761 000003
009762 000001
009763 000002
009764 000004
009765 000001
009766 000001
009767 000003
009768 000001
009769 000003
009771 000001
009772 000001
009774 000001
009775 000001
009777 000002
009779 000001
009783 000002
009785 000002
009789 000001
009794 000002
009795 000001
009796 000001
009797 000002
009800 000001
009801 000001
009803 000001
009805 000002
009807 000001
009808 000001
009812 000003
009813 000001
009817 000001
009818 000002
009819 000001
009820 000002
009821 000001
009823 000001
009829 000001
009830 000001
009833 000001
009836 000002
009837 000001
009840 000001
009842 000003
009843 000001
009848 000001
009849 000001
009850 000001
009851 000001
009853 000001
009854 000002
009857 000001
009861 000002
009862 000001
009864 000001
009865 000001
009867 000001
009871 000001
009874 000001
009877 000002
009880 000001
009881 000003
009893 000002
009895 000001
009897 000001
009898 000001
009900 000001
009903 000001
009905 000001
009909 000001
009910 000002
009911 000001
009913 000001
009914 000001
009915 000001
009919 000002
009922 000001
009927 000001
009931 000002
009933 000001
009940 000002
009941 000001
009944 000001
009948 000001
009949 000001
009952 000001
009956 000001
009957 000001
009964 000001
009967 000001
009969 000001
009971 000002
009983 000001
009984 000001
009985 000001
009986 000001
009995 000001
010003 000001
010012 000001
010013 000002
010020 000001
010038 000001
010043 000001
010052 000002
010077 000001
010105 000001
010109 000001
010110 000001
010143 000001
010221 000001
010284 000001
010286 000001
010299 000001
010300 000001
010455 000001
010494 000001
010502 000001
010520 000001
010528 000001
010533 000001
010579 000001
010585 000001
010593 000001
010601 000001
010615 000001
010616 000002
010618 000001
010620 000001
010624 000001
010627 000001
010630 000001
010631 000001
010634 000001
010639 000001
010641 000001
010642 000001
010651 000001
010652 000001
010654 000001
010657 000001
010658 000001
010665 000002
010667 000001
010668 000001
010669 000001
010670 000002
010674 000001
010675 000001
010676 000001
010677 000002
010678 000003
010679 000001
010681 000001
010684 000002
010687 000003
010689 000001
010692 000001
010693 000002
010694 000002
010695 000001
010696 000003
010697 000001
010698 000002
010699 000001
010700 000003
010701 000001
010702 000003
010703 000004
010705 000003
010707 000006
010708 000003
010709 000002
010710 000001
010711 000003
010712 000001
010713 000002
010714 000003
010715 000001
010717 000002
010718 000002
010720 000001
010721 000001
010722 000003
010723 000002
010724 000003
010725 000001
010726 000001
010731 000002
010734 000001
010735 000001
010736 000001
010739 000001
010740 000002
010741 000001
010745 000001
010746 000001
010747 000001
010751 000002
010756 000001
010757 000001
010760 000001
010764 000003
010766 000001
010768 000001
010770 000001
010787 000001
010789 000001
010792 000002
010805 000001
010814 000001
010815 000001
010826 000002
010828 000001
010829 000001
010833 000001
010835 000001
010849 000001
010854 000001
010862 000001
010879 000001
010889 000002
010892 000001
010896 000001
010902 000001
010903 000001
010904 000001
010922 000001
010924 000001
010929 000001
010934 000001
010943 000001
010956 000001
010975 000001
010993 000001
011001 000001
011007 000002
011016 000001
011029 000001
011045 000001
011053 000001
# Min Latencies: 00149
# Avg Latencies: 00604
# Max Latencies: 303101
# Histogram Overflows: 00012
# Histogram Overflow at cycle number:
# Thread 0: 00641 01117 03418 06946 07226 07497 07779 08058 08345 08627 10036 12351

RT_CYCLICTEST_TIMING_END uptime_s=1933.81
RT_CYCLICTEST_COMPLETE
stress-ng: info:  [69] stopping 3 stressors
RT_STRESS_STOP
stress-ng: info:  [69] skipped: 0
stress-ng: info:  [69] passed: 3: cpu (2) vm (1)
stress-ng: info:  [69] failed: 0
stress-ng: info:  [69] metrics untrustworthy: 0
stress-ng: info:  [69] successful run completed in 31 mins 46.15 secs
RT_CPUSTAT sample=0 cpu=cpu0 user=6 nice=0 system=212 idle=2473 iowait=0 irq=20 softirq=1 steal=0
RT_CPUSTAT sample=0 cpu=cpu1 user=0 nice=0 system=0 idle=2874 iowait=0 irq=5 softirq=0 steal=0
RT_CPUSTAT sample=1 cpu=cpu0 user=345 nice=0 system=266 idle=2473 iowait=0 irq=43 softirq=2 steal=0
RT_CPUSTAT sample=1 cpu=cpu1 user=0 nice=0 system=3 idle=3235 iowait=0 irq=119 softirq=0 steal=0
RT_CPUSTAT sample=2 cpu=cpu0 user=729 nice=0 system=288 idle=2473 iowait=0 irq=67 softirq=2 steal=0
RT_CPUSTAT sample=2 cpu=cpu1 user=0 nice=0 system=7 idle=3593 iowait=0 irq=205 softirq=0 steal=0
RT_CPUSTAT sample=3 cpu=cpu0 user=1113 nice=0 system=322 idle=2473 iowait=0 irq=91 softirq=2 steal=0
RT_CPUSTAT sample=3 cpu=cpu1 user=1 nice=0 system=10 idle=4013 iowait=0 irq=298 softirq=0 steal=0
RT_CPUSTAT sample=4 cpu=cpu0 user=1533 nice=0 system=350 idle=2473 iowait=0 irq=118 softirq=3 steal=0
RT_CPUSTAT sample=4 cpu=cpu1 user=2 nice=0 system=12 idle=4374 iowait=0 irq=399 softirq=0 steal=0
RT_CPUSTAT sample=5 cpu=cpu0 user=2007 nice=0 system=351 idle=2473 iowait=0 irq=146 softirq=3 steal=0
RT_CPUSTAT sample=5 cpu=cpu1 user=2 nice=0 system=16 idle=4732 iowait=0 irq=502 softirq=0 steal=0
RT_CPUSTAT sample=6 cpu=cpu0 user=2481 nice=0 system=352 idle=2473 iowait=0 irq=174 softirq=3 steal=0
RT_CPUSTAT sample=6 cpu=cpu1 user=4 nice=0 system=19 idle=5086 iowait=0 irq=608 softirq=0 steal=0
RT_CPUSTAT sample=7 cpu=cpu0 user=2953 nice=0 system=357 idle=2473 iowait=0 irq=202 softirq=3 steal=0
RT_CPUSTAT sample=7 cpu=cpu1 user=5 nice=0 system=21 idle=5439 iowait=0 irq=717 softirq=0 steal=0
RT_CPUSTAT sample=8 cpu=cpu0 user=3421 nice=0 system=364 idle=2473 iowait=0 irq=229 softirq=4 steal=0
RT_CPUSTAT sample=8 cpu=cpu1 user=6 nice=0 system=25 idle=5794 iowait=0 irq=822 softirq=1 steal=0
RT_CPUSTAT sample=9 cpu=cpu0 user=3898 nice=0 system=365 idle=2473 iowait=0 irq=256 softirq=4 steal=0
RT_CPUSTAT sample=9 cpu=cpu1 user=6 nice=0 system=28 idle=6157 iowait=0 irq=921 softirq=1 steal=0
RT_CPUSTAT sample=10 cpu=cpu0 user=4362 nice=0 system=377 idle=2473 iowait=0 irq=284 softirq=4 steal=0
RT_CPUSTAT sample=10 cpu=cpu1 user=7 nice=0 system=30 idle=6516 iowait=0 irq=1022 softirq=1 steal=0
RT_CPUSTAT sample=11 cpu=cpu0 user=4810 nice=0 system=407 idle=2473 iowait=0 irq=312 softirq=5 steal=0
RT_CPUSTAT sample=11 cpu=cpu1 user=8 nice=0 system=30 idle=6873 iowait=0 irq=1126 softirq=1 steal=0
RT_CPUSTAT sample=12 cpu=cpu0 user=5257 nice=0 system=436 idle=2473 iowait=0 irq=340 softirq=5 steal=0
RT_CPUSTAT sample=12 cpu=cpu1 user=9 nice=0 system=35 idle=7226 iowait=0 irq=1233 softirq=1 steal=0
RT_CPUSTAT sample=13 cpu=cpu0 user=5700 nice=0 system=468 idle=2473 iowait=0 irq=368 softirq=5 steal=0
RT_CPUSTAT sample=13 cpu=cpu1 user=11 nice=0 system=40 idle=7576 iowait=0 irq=1345 softirq=1 steal=0
RT_CPUSTAT sample=14 cpu=cpu0 user=6158 nice=0 system=487 idle=2473 iowait=0 irq=396 softirq=6 steal=0
RT_CPUSTAT sample=14 cpu=cpu1 user=11 nice=0 system=42 idle=7928 iowait=0 irq=1454 softirq=1 steal=0
RT_CPUSTAT sample=15 cpu=cpu0 user=6607 nice=0 system=513 idle=2473 iowait=0 irq=424 softirq=6 steal=0
RT_CPUSTAT sample=15 cpu=cpu1 user=12 nice=0 system=47 idle=8281 iowait=0 irq=1560 softirq=1 steal=0
RT_CPUSTAT sample=16 cpu=cpu0 user=7029 nice=0 system=567 idle=2473 iowait=0 irq=453 softirq=6 steal=0
RT_CPUSTAT sample=16 cpu=cpu1 user=12 nice=0 system=50 idle=8638 iowait=0 irq=1665 softirq=1 steal=0
RT_CPUSTAT sample=17 cpu=cpu0 user=7497 nice=0 system=573 idle=2473 iowait=0 irq=481 softirq=7 steal=0
RT_CPUSTAT sample=17 cpu=cpu1 user=13 nice=0 system=53 idle=8994 iowait=0 irq=1770 softirq=2 steal=0
RT_CPUSTAT sample=18 cpu=cpu0 user=7930 nice=0 system=617 idle=2473 iowait=0 irq=509 softirq=7 steal=0
RT_CPUSTAT sample=18 cpu=cpu1 user=13 nice=0 system=55 idle=9348 iowait=0 irq=1880 softirq=2 steal=0
RT_CPUSTAT sample=19 cpu=cpu0 user=8384 nice=0 system=639 idle=2473 iowait=0 irq=538 softirq=7 steal=0
RT_CPUSTAT sample=19 cpu=cpu1 user=13 nice=0 system=59 idle=9694 iowait=0 irq=1994 softirq=2 steal=0
RT_CPUSTAT sample=20 cpu=cpu0 user=8850 nice=0 system=648 idle=2473 iowait=0 irq=566 softirq=7 steal=0
RT_CPUSTAT sample=20 cpu=cpu1 user=15 nice=0 system=61 idle=10054 iowait=0 irq=2095 softirq=2 steal=0
RT_CPUSTAT sample=21 cpu=cpu0 user=9324 nice=0 system=648 idle=2473 iowait=0 irq=594 softirq=8 steal=0
RT_CPUSTAT sample=21 cpu=cpu1 user=16 nice=0 system=62 idle=10407 iowait=0 irq=2203 softirq=2 steal=0
RT_CPUSTAT sample=22 cpu=cpu0 user=9777 nice=0 system=672 idle=2473 iowait=0 irq=622 softirq=8 steal=0
RT_CPUSTAT sample=22 cpu=cpu1 user=16 nice=0 system=64 idle=10760 iowait=0 irq=2313 softirq=2 steal=0
RT_CPUSTAT sample=23 cpu=cpu0 user=10245 nice=0 system=680 idle=2473 iowait=0 irq=650 softirq=8 steal=0
RT_CPUSTAT sample=23 cpu=cpu1 user=16 nice=0 system=68 idle=11109 iowait=0 irq=2425 softirq=2 steal=0
RT_CPUSTAT sample=24 cpu=cpu0 user=10718 nice=0 system=682 idle=2473 iowait=0 irq=678 softirq=9 steal=0
RT_CPUSTAT sample=24 cpu=cpu1 user=17 nice=0 system=70 idle=11460 iowait=0 irq=2536 softirq=2 steal=0
RT_CPUSTAT sample=25 cpu=cpu0 user=11195 nice=0 system=683 idle=2473 iowait=0 irq=707 softirq=9 steal=0
RT_CPUSTAT sample=25 cpu=cpu1 user=17 nice=0 system=73 idle=11817 iowait=0 irq=2640 softirq=2 steal=0
RT_CPUSTAT sample=26 cpu=cpu0 user=11622 nice=0 system=730 idle=2473 iowait=0 irq=735 softirq=9 steal=0
RT_CPUSTAT sample=26 cpu=cpu1 user=18 nice=0 system=76 idle=12177 iowait=0 irq=2740 softirq=3 steal=0
RT_CPUSTAT sample=27 cpu=cpu0 user=12074 nice=0 system=753 idle=2473 iowait=0 irq=763 softirq=10 steal=0
RT_CPUSTAT sample=27 cpu=cpu1 user=18 nice=0 system=80 idle=12528 iowait=0 irq=2850 softirq=3 steal=0
RT_CPUSTAT sample=28 cpu=cpu0 user=12524 nice=0 system=779 idle=2473 iowait=0 irq=792 softirq=10 steal=0
RT_CPUSTAT sample=28 cpu=cpu1 user=20 nice=0 system=85 idle=12883 iowait=0 irq=2956 softirq=3 steal=0
RT_CPUSTAT sample=29 cpu=cpu0 user=12995 nice=0 system=784 idle=2473 iowait=0 irq=820 softirq=10 steal=0
RT_CPUSTAT sample=29 cpu=cpu1 user=20 nice=0 system=88 idle=13233 iowait=0 irq=3068 softirq=3 steal=0
RT_CPUSTAT sample=30 cpu=cpu0 user=13442 nice=0 system=812 idle=2473 iowait=0 irq=848 softirq=11 steal=0
RT_CPUSTAT sample=30 cpu=cpu1 user=22 nice=0 system=91 idle=13588 iowait=0 irq=3174 softirq=3 steal=0
RT_CPUSTAT sample=31 cpu=cpu0 user=13870 nice=0 system=859 idle=2473 iowait=0 irq=876 softirq=11 steal=0
RT_CPUSTAT sample=31 cpu=cpu1 user=22 nice=0 system=96 idle=13947 iowait=0 irq=3275 softirq=3 steal=0
RT_CPUSTAT sample=32 cpu=cpu0 user=14330 nice=0 system=876 idle=2473 iowait=0 irq=904 softirq=11 steal=0
RT_CPUSTAT sample=32 cpu=cpu1 user=22 nice=0 system=100 idle=14307 iowait=0 irq=3375 softirq=3 steal=0
RT_CPUSTAT sample=33 cpu=cpu0 user=14775 nice=0 system=908 idle=2473 iowait=0 irq=931 softirq=12 steal=0
RT_CPUSTAT sample=33 cpu=cpu1 user=23 nice=0 system=102 idle=14670 iowait=0 irq=3475 softirq=4 steal=0
RT_CPUSTAT sample=34 cpu=cpu0 user=15233 nice=0 system=926 idle=2473 iowait=0 irq=960 softirq=12 steal=0
RT_CPUSTAT sample=34 cpu=cpu1 user=23 nice=0 system=105 idle=15029 iowait=0 irq=3577 softirq=4 steal=0
RT_CPUSTAT sample=35 cpu=cpu0 user=15692 nice=0 system=942 idle=2473 iowait=0 irq=988 softirq=12 steal=0
RT_CPUSTAT sample=35 cpu=cpu1 user=23 nice=0 system=108 idle=15384 iowait=0 irq=3681 softirq=4 steal=0
RT_CPUSTAT sample=36 cpu=cpu0 user=16169 nice=0 system=942 idle=2473 iowait=0 irq=1017 softirq=13 steal=0
RT_CPUSTAT sample=36 cpu=cpu1 user=23 nice=0 system=110 idle=15741 iowait=0 irq=3787 softirq=4 steal=0
RT_CPUSTAT sample=37 cpu=cpu0 user=16641 nice=0 system=944 idle=2473 iowait=0 irq=1045 softirq=13 steal=0
RT_CPUSTAT sample=37 cpu=cpu1 user=24 nice=0 system=113 idle=16095 iowait=0 irq=3892 softirq=4 steal=0
RT_CPUSTAT sample=38 cpu=cpu0 user=17112 nice=0 system=950 idle=2473 iowait=0 irq=1072 softirq=13 steal=0
RT_CPUSTAT sample=38 cpu=cpu1 user=24 nice=0 system=114 idle=16457 iowait=0 irq=3995 softirq=4 steal=0
RT_CPUSTAT sample=39 cpu=cpu0 user=17584 nice=0 system=952 idle=2473 iowait=0 irq=1101 softirq=13 steal=0
RT_CPUSTAT sample=39 cpu=cpu1 user=25 nice=0 system=119 idle=16813 iowait=0 irq=4098 softirq=4 steal=0
RT_CPUSTAT sample=40 cpu=cpu0 user=18059 nice=0 system=953 idle=2473 iowait=0 irq=1129 softirq=14 steal=0
RT_CPUSTAT sample=40 cpu=cpu1 user=26 nice=0 system=121 idle=17168 iowait=0 irq=4203 softirq=5 steal=0
RT_CPUSTAT sample=41 cpu=cpu0 user=18498 nice=0 system=989 idle=2473 iowait=0 irq=1157 softirq=14 steal=0
RT_CPUSTAT sample=41 cpu=cpu1 user=26 nice=0 system=123 idle=17519 iowait=0 irq=4312 softirq=5 steal=0
RT_CPUSTAT sample=42 cpu=cpu0 user=18948 nice=0 system=1016 idle=2473 iowait=0 irq=1185 softirq=14 steal=0
RT_CPUSTAT sample=42 cpu=cpu1 user=26 nice=0 system=126 idle=17872 iowait=0 irq=4422 softirq=5 steal=0
RT_CPUSTAT sample=43 cpu=cpu0 user=19402 nice=0 system=1038 idle=2473 iowait=0 irq=1213 softirq=15 steal=0
RT_CPUSTAT sample=43 cpu=cpu1 user=27 nice=0 system=131 idle=18230 iowait=0 irq=4526 softirq=5 steal=0
RT_CPUSTAT sample=44 cpu=cpu0 user=19861 nice=0 system=1053 idle=2473 iowait=0 irq=1241 softirq=15 steal=0
RT_CPUSTAT sample=44 cpu=cpu1 user=28 nice=0 system=135 idle=18590 iowait=0 irq=4625 softirq=5 steal=0
RT_CPUSTAT sample=45 cpu=cpu0 user=20305 nice=0 system=1087 idle=2473 iowait=0 irq=1270 softirq=15 steal=0
RT_CPUSTAT sample=45 cpu=cpu1 user=30 nice=0 system=138 idle=18949 iowait=0 irq=4729 softirq=5 steal=0
RT_CPUSTAT sample=46 cpu=cpu0 user=20736 nice=0 system=1130 idle=2473 iowait=0 irq=1298 softirq=16 steal=0
RT_CPUSTAT sample=46 cpu=cpu1 user=31 nice=0 system=140 idle=19302 iowait=0 irq=4836 softirq=5 steal=0
RT_CPUSTAT sample=47 cpu=cpu0 user=21178 nice=0 system=1165 idle=2473 iowait=0 irq=1326 softirq=16 steal=0
RT_CPUSTAT sample=47 cpu=cpu1 user=32 nice=0 system=143 idle=19659 iowait=0 irq=4941 softirq=5 steal=0
RT_CPUSTAT sample=48 cpu=cpu0 user=21647 nice=0 system=1171 idle=2473 iowait=0 irq=1355 softirq=16 steal=0
RT_CPUSTAT sample=48 cpu=cpu1 user=33 nice=0 system=146 idle=20016 iowait=0 irq=5045 softirq=6 steal=0
RT_CPUSTAT sample=49 cpu=cpu0 user=22083 nice=0 system=1211 idle=2473 iowait=0 irq=1383 softirq=17 steal=0
RT_CPUSTAT sample=49 cpu=cpu1 user=34 nice=0 system=148 idle=20373 iowait=0 irq=5148 softirq=6 steal=0
RT_CPUSTAT sample=50 cpu=cpu0 user=22532 nice=0 system=1237 idle=2473 iowait=0 irq=1412 softirq=17 steal=0
RT_CPUSTAT sample=50 cpu=cpu1 user=34 nice=0 system=151 idle=20729 iowait=0 irq=5250 softirq=6 steal=0
RT_CPUSTAT sample=51 cpu=cpu0 user=23007 nice=0 system=1239 idle=2473 iowait=0 irq=1439 softirq=17 steal=0
RT_CPUSTAT sample=51 cpu=cpu1 user=36 nice=0 system=153 idle=21078 iowait=0 irq=5363 softirq=6 steal=0
RT_CPUSTAT sample=52 cpu=cpu0 user=23483 nice=0 system=1239 idle=2473 iowait=0 irq=1468 softirq=18 steal=0
RT_CPUSTAT sample=52 cpu=cpu1 user=37 nice=0 system=156 idle=21431 iowait=0 irq=5471 softirq=6 steal=0
RT_CPUSTAT sample=53 cpu=cpu0 user=23951 nice=0 system=1248 idle=2473 iowait=0 irq=1496 softirq=18 steal=0
RT_CPUSTAT sample=53 cpu=cpu1 user=38 nice=0 system=158 idle=21786 iowait=0 irq=5577 softirq=6 steal=0
RT_CPUSTAT sample=54 cpu=cpu0 user=24418 nice=0 system=1256 idle=2473 iowait=0 irq=1523 softirq=18 steal=0
RT_CPUSTAT sample=54 cpu=cpu1 user=39 nice=0 system=160 idle=22146 iowait=0 irq=5679 softirq=7 steal=0
RT_CPUSTAT sample=55 cpu=cpu0 user=24894 nice=0 system=1256 idle=2473 iowait=0 irq=1552 softirq=19 steal=0
RT_CPUSTAT sample=55 cpu=cpu1 user=40 nice=0 system=162 idle=22501 iowait=0 irq=5787 softirq=7 steal=0
RT_CPUSTAT sample=56 cpu=cpu0 user=25361 nice=0 system=1264 idle=2473 iowait=0 irq=1580 softirq=19 steal=0
RT_CPUSTAT sample=56 cpu=cpu1 user=40 nice=0 system=165 idle=22857 iowait=0 irq=5891 softirq=7 steal=0
RT_CPUSTAT sample=57 cpu=cpu0 user=25772 nice=0 system=1327 idle=2473 iowait=0 irq=1609 softirq=19 steal=0
RT_CPUSTAT sample=57 cpu=cpu1 user=41 nice=0 system=169 idle=23214 iowait=0 irq=5994 softirq=7 steal=0
RT_CPUSTAT sample=58 cpu=cpu0 user=26232 nice=0 system=1344 idle=2473 iowait=0 irq=1636 softirq=20 steal=0
RT_CPUSTAT sample=58 cpu=cpu1 user=41 nice=0 system=170 idle=23577 iowait=0 irq=6094 softirq=7 steal=0
RT_CPUSTAT sample=59 cpu=cpu0 user=26667 nice=0 system=1385 idle=2473 iowait=0 irq=1664 softirq=20 steal=0
RT_CPUSTAT sample=59 cpu=cpu1 user=42 nice=0 system=172 idle=23932 iowait=0 irq=6199 softirq=7 steal=0
RT_CPUSTAT sample=60 cpu=cpu0 user=27136 nice=0 system=1393 idle=2473 iowait=0 irq=1693 softirq=20 steal=0
RT_CPUSTAT sample=60 cpu=cpu1 user=44 nice=0 system=175 idle=24283 iowait=0 irq=6311 softirq=7 steal=0
RT_CPUSTAT sample=61 cpu=cpu0 user=27589 nice=0 system=1416 idle=2473 iowait=0 irq=1721 softirq=21 steal=0
RT_CPUSTAT sample=61 cpu=cpu1 user=44 nice=0 system=177 idle=24638 iowait=0 irq=6417 softirq=8 steal=0
RT_CPUSTAT sample=62 cpu=cpu0 user=28012 nice=0 system=1468 idle=2473 iowait=0 irq=1749 softirq=21 steal=0
RT_CPUSTAT sample=62 cpu=cpu1 user=44 nice=0 system=181 idle=24995 iowait=0 irq=6520 softirq=8 steal=0
RT_CPUSTAT sample=63 cpu=cpu0 user=28463 nice=0 system=1493 idle=2473 iowait=0 irq=1777 softirq=21 steal=0
RT_CPUSTAT sample=63 cpu=cpu1 user=45 nice=0 system=182 idle=25346 iowait=0 irq=6631 softirq=8 steal=0
RT_CPUSTAT sample=64 cpu=cpu0 user=28901 nice=0 system=1529 idle=2473 iowait=0 irq=1806 softirq=21 steal=0
RT_CPUSTAT sample=64 cpu=cpu1 user=46 nice=0 system=183 idle=25699 iowait=0 irq=6739 softirq=8 steal=0
RT_CPUSTAT sample=65 cpu=cpu0 user=29358 nice=0 system=1548 idle=2473 iowait=0 irq=1834 softirq=22 steal=0
RT_CPUSTAT sample=65 cpu=cpu1 user=47 nice=0 system=186 idle=26053 iowait=0 irq=6847 softirq=8 steal=0
RT_CPUSTAT sample=66 cpu=cpu0 user=29810 nice=0 system=1569 idle=2473 iowait=0 irq=1863 softirq=22 steal=0
RT_CPUSTAT sample=66 cpu=cpu1 user=48 nice=0 system=188 idle=26404 iowait=0 irq=6954 softirq=8 steal=0
RT_CPUSTAT sample=67 cpu=cpu0 user=30286 nice=0 system=1569 idle=2473 iowait=0 irq=1890 softirq=23 steal=0
RT_CPUSTAT sample=67 cpu=cpu1 user=49 nice=0 system=191 idle=26769 iowait=0 irq=7051 softirq=8 steal=0
RT_CPUSTAT sample=68 cpu=cpu0 user=30760 nice=0 system=1570 idle=2473 iowait=0 irq=1918 softirq=23 steal=0
RT_CPUSTAT sample=68 cpu=cpu1 user=49 nice=0 system=192 idle=27125 iowait=0 irq=7156 softirq=8 steal=0
RT_CPUSTAT sample=69 cpu=cpu0 user=31224 nice=0 system=1584 idle=2473 iowait=0 irq=1946 softirq=23 steal=0
RT_CPUSTAT sample=69 cpu=cpu1 user=50 nice=0 system=195 idle=27487 iowait=0 irq=7255 softirq=9 steal=0
RT_CPUSTAT sample=70 cpu=cpu0 user=31697 nice=0 system=1589 idle=2473 iowait=0 irq=1974 softirq=23 steal=0
RT_CPUSTAT sample=70 cpu=cpu1 user=51 nice=0 system=197 idle=27837 iowait=0 irq=7368 softirq=9 steal=0
RT_CPUSTAT sample=71 cpu=cpu0 user=32172 nice=0 system=1589 idle=2473 iowait=0 irq=2003 softirq=24 steal=0
RT_CPUSTAT sample=71 cpu=cpu1 user=52 nice=0 system=202 idle=28189 iowait=0 irq=7477 softirq=9 steal=0
RT_CPUSTAT sample=72 cpu=cpu0 user=32620 nice=0 system=1615 idle=2473 iowait=0 irq=2030 softirq=24 steal=0
RT_CPUSTAT sample=72 cpu=cpu1 user=53 nice=0 system=203 idle=28554 iowait=0 irq=7573 softirq=9 steal=0
RT_CPUSTAT sample=73 cpu=cpu0 user=33070 nice=0 system=1644 idle=2473 iowait=0 irq=2058 softirq=24 steal=0
RT_CPUSTAT sample=73 cpu=cpu1 user=54 nice=0 system=204 idle=28914 iowait=0 irq=7677 softirq=9 steal=0
RT_CPUSTAT sample=74 cpu=cpu0 user=33526 nice=0 system=1663 idle=2473 iowait=0 irq=2087 softirq=25 steal=0
RT_CPUSTAT sample=74 cpu=cpu1 user=55 nice=0 system=209 idle=29273 iowait=0 irq=7779 softirq=9 steal=0
RT_CPUSTAT sample=75 cpu=cpu0 user=33982 nice=0 system=1681 idle=2473 iowait=0 irq=2116 softirq=25 steal=0
RT_CPUSTAT sample=75 cpu=cpu1 user=56 nice=0 system=213 idle=29625 iowait=0 irq=7888 softirq=9 steal=0
RT_CPUSTAT sample=76 cpu=cpu0 user=34439 nice=0 system=1700 idle=2473 iowait=0 irq=2144 softirq=25 steal=0
RT_CPUSTAT sample=76 cpu=cpu1 user=57 nice=0 system=216 idle=29979 iowait=0 irq=7995 softirq=10 steal=0
RT_CPUSTAT sample=77 cpu=cpu0 user=34871 nice=0 system=1742 idle=2473 iowait=0 irq=2173 softirq=26 steal=0
RT_CPUSTAT sample=77 cpu=cpu1 user=58 nice=0 system=219 idle=30334 iowait=0 irq=8100 softirq=10 steal=0
RT_CPUSTAT sample=78 cpu=cpu0 user=35297 nice=0 system=1793 idle=2473 iowait=0 irq=2201 softirq=26 steal=0
RT_CPUSTAT sample=78 cpu=cpu1 user=58 nice=0 system=221 idle=30686 iowait=0 irq=8210 softirq=10 steal=0
RT_CPUSTAT sample=79 cpu=cpu0 user=35764 nice=0 system=1801 idle=2473 iowait=0 irq=2229 softirq=26 steal=0
RT_CPUSTAT sample=79 cpu=cpu1 user=59 nice=0 system=223 idle=31039 iowait=0 irq=8317 softirq=10 steal=0
RT_CPUSTAT sample=80 cpu=cpu0 user=36209 nice=0 system=1831 idle=2473 iowait=0 irq=2258 softirq=27 steal=0
RT_CPUSTAT sample=80 cpu=cpu1 user=60 nice=0 system=225 idle=31395 iowait=0 irq=8422 softirq=10 steal=0
RT_CPUSTAT sample=81 cpu=cpu0 user=36664 nice=0 system=1852 idle=2473 iowait=0 irq=2286 softirq=27 steal=0
RT_CPUSTAT sample=81 cpu=cpu1 user=60 nice=0 system=228 idle=31753 iowait=0 irq=8524 softirq=10 steal=0
RT_CPUSTAT sample=82 cpu=cpu0 user=37139 nice=0 system=1854 idle=2473 iowait=0 irq=2314 softirq=27 steal=0
RT_CPUSTAT sample=82 cpu=cpu1 user=60 nice=0 system=232 idle=32114 iowait=0 irq=8626 softirq=10 steal=0
RT_CPUSTAT sample=83 cpu=cpu0 user=37615 nice=0 system=1854 idle=2473 iowait=0 irq=2342 softirq=28 steal=0
RT_CPUSTAT sample=83 cpu=cpu1 user=62 nice=0 system=235 idle=32474 iowait=0 irq=8725 softirq=10 steal=0
RT_CPUSTAT sample=84 cpu=cpu0 user=38080 nice=0 system=1864 idle=2473 iowait=0 irq=2371 softirq=28 steal=0
RT_CPUSTAT sample=84 cpu=cpu1 user=62 nice=0 system=238 idle=32829 iowait=0 irq=8829 softirq=11 steal=0
RT_CPUSTAT sample=85 cpu=cpu0 user=38545 nice=0 system=1873 idle=2473 iowait=0 irq=2400 softirq=28 steal=0
RT_CPUSTAT sample=85 cpu=cpu1 user=63 nice=0 system=242 idle=33180 iowait=0 irq=8940 softirq=11 steal=0
RT_CPUSTAT sample=86 cpu=cpu0 user=39018 nice=0 system=1875 idle=2473 iowait=0 irq=2429 softirq=29 steal=0
RT_CPUSTAT sample=86 cpu=cpu1 user=64 nice=0 system=244 idle=33528 iowait=0 irq=9054 softirq=11 steal=0
RT_CPUSTAT sample=87 cpu=cpu0 user=39485 nice=0 system=1882 idle=2473 iowait=0 irq=2458 softirq=29 steal=0
RT_CPUSTAT sample=87 cpu=cpu1 user=64 nice=0 system=249 idle=33879 iowait=0 irq=9163 softirq=11 steal=0
RT_CPUSTAT sample=88 cpu=cpu0 user=39922 nice=0 system=1921 idle=2473 iowait=0 irq=2487 softirq=29 steal=0
RT_CPUSTAT sample=88 cpu=cpu1 user=65 nice=0 system=251 idle=34240 iowait=0 irq=9265 softirq=11 steal=0
RT_CPUSTAT sample=89 cpu=cpu0 user=40373 nice=0 system=1945 idle=2473 iowait=0 irq=2515 softirq=30 steal=0
RT_CPUSTAT sample=89 cpu=cpu1 user=66 nice=0 system=254 idle=34602 iowait=0 irq=9364 softirq=11 steal=0
RT_CPUSTAT sample=90 cpu=cpu0 user=40826 nice=0 system=1969 idle=2473 iowait=0 irq=2544 softirq=30 steal=0
RT_CPUSTAT sample=90 cpu=cpu1 user=66 nice=0 system=258 idle=34960 iowait=0 irq=9464 softirq=11 steal=0
RT_CPUSTAT sample=91 cpu=cpu0 user=41290 nice=0 system=1980 idle=2473 iowait=0 irq=2572 softirq=30 steal=0
RT_CPUSTAT sample=91 cpu=cpu1 user=67 nice=0 system=259 idle=35317 iowait=0 irq=9566 softirq=11 steal=0
RT_CPUSTAT sample=92 cpu=cpu0 user=41748 nice=0 system=1999 idle=2473 iowait=0 irq=2600 softirq=31 steal=0
RT_CPUSTAT sample=92 cpu=cpu1 user=67 nice=0 system=262 idle=35674 iowait=0 irq=9672 softirq=11 steal=0
RT_CPUSTAT sample=93 cpu=cpu0 user=42176 nice=0 system=2048 idle=2473 iowait=0 irq=2628 softirq=31 steal=0
RT_CPUSTAT sample=93 cpu=cpu1 user=68 nice=0 system=266 idle=36034 iowait=0 irq=9773 softirq=12 steal=0
RT_CPUSTAT sample=94 cpu=cpu0 user=42630 nice=0 system=2068 idle=2473 iowait=0 irq=2657 softirq=31 steal=0
RT_CPUSTAT sample=94 cpu=cpu1 user=69 nice=0 system=267 idle=36390 iowait=0 irq=9874 softirq=12 steal=0
RT_CPUSTAT sample=95 cpu=cpu0 user=43075 nice=0 system=2099 idle=2473 iowait=0 irq=2685 softirq=32 steal=0
RT_CPUSTAT sample=95 cpu=cpu1 user=69 nice=0 system=269 idle=36750 iowait=0 irq=9977 softirq=12 steal=0
RT_CPUSTAT sample=96 cpu=cpu0 user=43527 nice=0 system=2124 idle=2473 iowait=0 irq=2714 softirq=32 steal=0
RT_CPUSTAT sample=96 cpu=cpu1 user=70 nice=0 system=271 idle=37106 iowait=0 irq=10082 softirq=12 steal=0
RT_CPUSTAT sample=97 cpu=cpu0 user=43992 nice=0 system=2135 idle=2473 iowait=0 irq=2742 softirq=32 steal=0
RT_CPUSTAT sample=97 cpu=cpu1 user=71 nice=0 system=273 idle=37464 iowait=0 irq=10186 softirq=12 steal=0
RT_CPUSTAT sample=98 cpu=cpu0 user=44465 nice=0 system=2135 idle=2473 iowait=0 irq=2770 softirq=32 steal=0
RT_CPUSTAT sample=98 cpu=cpu1 user=72 nice=0 system=276 idle=37823 iowait=0 irq=10287 softirq=12 steal=0
RT_CPUSTAT sample=99 cpu=cpu0 user=44937 nice=0 system=2141 idle=2473 iowait=0 irq=2799 softirq=33 steal=0
RT_CPUSTAT sample=99 cpu=cpu1 user=72 nice=0 system=279 idle=38183 iowait=0 irq=10388 softirq=13 steal=0
RT_CPUSTAT sample=100 cpu=cpu0 user=45394 nice=0 system=2159 idle=2473 iowait=0 irq=2826 softirq=33 steal=0
RT_CPUSTAT sample=100 cpu=cpu1 user=73 nice=0 system=283 idle=38542 iowait=0 irq=10488 softirq=13 steal=0
RT_CPUSTAT sample=101 cpu=cpu0 user=45866 nice=0 system=2163 idle=2473 iowait=0 irq=2854 softirq=33 steal=0
RT_CPUSTAT sample=101 cpu=cpu1 user=73 nice=0 system=284 idle=38900 iowait=0 irq=10592 softirq=13 steal=0
RT_CPUSTAT sample=102 cpu=cpu0 user=46342 nice=0 system=2164 idle=2473 iowait=0 irq=2882 softirq=34 steal=0
RT_CPUSTAT sample=102 cpu=cpu1 user=74 nice=0 system=287 idle=39262 iowait=0 irq=10692 softirq=13 steal=0
RT_CPUSTAT sample=103 cpu=cpu0 user=46788 nice=0 system=2193 idle=2473 iowait=0 irq=2911 softirq=34 steal=0
RT_CPUSTAT sample=103 cpu=cpu1 user=75 nice=0 system=288 idle=39618 iowait=0 irq=10797 softirq=13 steal=0
RT_CPUSTAT sample=104 cpu=cpu0 user=47228 nice=0 system=2229 idle=2473 iowait=0 irq=2940 softirq=34 steal=0
RT_CPUSTAT sample=104 cpu=cpu1 user=76 nice=0 system=290 idle=39977 iowait=0 irq=10900 softirq=13 steal=0
RT_CPUSTAT sample=105 cpu=cpu0 user=47687 nice=0 system=2245 idle=2473 iowait=0 irq=2968 softirq=35 steal=0
RT_CPUSTAT sample=105 cpu=cpu1 user=76 nice=0 system=294 idle=40333 iowait=0 irq=11004 softirq=13 steal=0
RT_CPUSTAT sample=106 cpu=cpu0 user=48153 nice=0 system=2254 idle=2473 iowait=0 irq=2997 softirq=35 steal=0
RT_CPUSTAT sample=106 cpu=cpu1 user=77 nice=0 system=298 idle=40694 iowait=0 irq=11104 softirq=13 steal=0
RT_CPUSTAT sample=107 cpu=cpu0 user=48602 nice=0 system=2281 idle=2473 iowait=0 irq=3025 softirq=35 steal=0
RT_CPUSTAT sample=107 cpu=cpu1 user=78 nice=0 system=301 idle=41049 iowait=0 irq=11209 softirq=14 steal=0
RT_CPUSTAT sample=108 cpu=cpu0 user=49037 nice=0 system=2323 idle=2473 iowait=0 irq=3053 softirq=36 steal=0
RT_CPUSTAT sample=108 cpu=cpu1 user=78 nice=0 system=304 idle=41410 iowait=0 irq=11310 softirq=14 steal=0
RT_CPUSTAT sample=109 cpu=cpu0 user=49460 nice=0 system=2374 idle=2473 iowait=0 irq=3081 softirq=36 steal=0
RT_CPUSTAT sample=109 cpu=cpu1 user=79 nice=0 system=306 idle=41769 iowait=0 irq=11409 softirq=14 steal=0
RT_CPUSTAT sample=110 cpu=cpu0 user=49924 nice=0 system=2385 idle=2473 iowait=0 irq=3110 softirq=37 steal=0
RT_CPUSTAT sample=110 cpu=cpu1 user=80 nice=0 system=307 idle=42126 iowait=0 irq=11514 softirq=14 steal=0
RT_CPUSTAT sample=111 cpu=cpu0 user=50366 nice=0 system=2419 idle=2473 iowait=0 irq=3138 softirq=37 steal=0
RT_CPUSTAT sample=111 cpu=cpu1 user=80 nice=0 system=309 idle=42484 iowait=0 irq=11617 softirq=14 steal=0
RT_CPUSTAT sample=112 cpu=cpu0 user=50810 nice=0 system=2451 idle=2473 iowait=0 irq=3167 softirq=37 steal=0
RT_CPUSTAT sample=112 cpu=cpu1 user=82 nice=0 system=313 idle=42843 iowait=0 irq=11717 softirq=14 steal=0
RT_CPUSTAT sample=113 cpu=cpu0 user=51286 nice=0 system=2452 idle=2473 iowait=0 irq=3195 softirq=38 steal=0
RT_CPUSTAT sample=113 cpu=cpu1 user=83 nice=0 system=314 idle=43202 iowait=0 irq=11820 softirq=14 steal=0
RT_CPUSTAT sample=114 cpu=cpu0 user=51760 nice=0 system=2453 idle=2473 iowait=0 irq=3223 softirq=38 steal=0
RT_CPUSTAT sample=114 cpu=cpu1 user=83 nice=0 system=315 idle=43550 iowait=0 irq=11932 softirq=15 steal=0
RT_CPUSTAT sample=115 cpu=cpu0 user=52222 nice=0 system=2468 idle=2473 iowait=0 irq=3251 softirq=38 steal=0
RT_CPUSTAT sample=115 cpu=cpu1 user=83 nice=0 system=317 idle=43900 iowait=0 irq=12046 softirq=15 steal=0
RT_CPUSTAT sample=116 cpu=cpu0 user=52690 nice=0 system=2475 idle=2473 iowait=0 irq=3279 softirq=39 steal=0
RT_CPUSTAT sample=116 cpu=cpu1 user=84 nice=0 system=319 idle=44254 iowait=0 irq=12152 softirq=15 steal=0
RT_CPUSTAT sample=117 cpu=cpu0 user=53166 nice=0 system=2476 idle=2473 iowait=0 irq=3308 softirq=39 steal=0
RT_CPUSTAT sample=117 cpu=cpu1 user=85 nice=0 system=321 idle=44613 iowait=0 irq=12255 softirq=15 steal=0
RT_CPUSTAT sample=118 cpu=cpu0 user=53634 nice=0 system=2482 idle=2473 iowait=0 irq=3336 softirq=39 steal=0
RT_CPUSTAT sample=118 cpu=cpu1 user=85 nice=0 system=326 idle=44972 iowait=0 irq=12357 softirq=15 steal=0
RT_CPUSTAT sample=119 cpu=cpu0 user=54075 nice=0 system=2518 idle=2473 iowait=0 irq=3364 softirq=40 steal=0
RT_CPUSTAT sample=119 cpu=cpu1 user=86 nice=0 system=328 idle=45332 iowait=0 irq=12461 softirq=15 steal=0
RT_CPUSTAT sample=120 cpu=cpu0 user=54527 nice=0 system=2542 idle=2473 iowait=0 irq=3392 softirq=40 steal=0
RT_CPUSTAT sample=120 cpu=cpu1 user=86 nice=0 system=331 idle=45690 iowait=0 irq=12562 softirq=15 steal=0
RT_CPUSTAT sample=121 cpu=cpu0 user=54978 nice=0 system=2567 idle=2473 iowait=0 irq=3420 softirq=40 steal=0
RT_CPUSTAT sample=121 cpu=cpu1 user=86 nice=0 system=332 idle=46051 iowait=0 irq=12662 softirq=16 steal=0
RT_CPUSTAT sample=122 cpu=cpu0 user=55441 nice=0 system=2579 idle=2473 iowait=0 irq=3448 softirq=41 steal=0
RT_CPUSTAT sample=122 cpu=cpu1 user=87 nice=0 system=334 idle=46412 iowait=0 irq=12762 softirq=16 steal=0
RT_CPUSTAT sample=123 cpu=cpu0 user=55900 nice=0 system=2597 idle=2473 iowait=0 irq=3477 softirq=41 steal=0
RT_CPUSTAT sample=123 cpu=cpu1 user=88 nice=0 system=336 idle=46767 iowait=0 irq=12869 softirq=16 steal=0
RT_CPUSTAT sample=124 cpu=cpu0 user=56324 nice=0 system=2648 idle=2473 iowait=0 irq=3505 softirq=41 steal=0
RT_CPUSTAT sample=124 cpu=cpu1 user=88 nice=0 system=338 idle=47123 iowait=0 irq=12973 softirq=16 steal=0
RT_CPUSTAT sample=125 cpu=cpu0 user=56786 nice=0 system=2662 idle=2473 iowait=0 irq=3534 softirq=42 steal=0
RT_CPUSTAT sample=125 cpu=cpu1 user=88 nice=0 system=340 idle=47473 iowait=0 irq=13084 softirq=16 steal=0
RT_CPUSTAT sample=126 cpu=cpu0 user=57222 nice=0 system=2701 idle=2473 iowait=0 irq=3563 softirq=42 steal=0
RT_CPUSTAT sample=126 cpu=cpu1 user=88 nice=0 system=343 idle=47828 iowait=0 irq=13192 softirq=16 steal=0
RT_CPUSTAT sample=127 cpu=cpu0 user=57674 nice=0 system=2725 idle=2473 iowait=0 irq=3592 softirq=42 steal=0
RT_CPUSTAT sample=127 cpu=cpu1 user=90 nice=0 system=344 idle=48182 iowait=0 irq=13298 softirq=16 steal=0
RT_CPUSTAT sample=128 cpu=cpu0 user=58120 nice=0 system=2752 idle=2473 iowait=0 irq=3620 softirq=43 steal=0
RT_CPUSTAT sample=128 cpu=cpu1 user=91 nice=0 system=346 idle=48538 iowait=0 irq=13402 softirq=17 steal=0
RT_CPUSTAT sample=129 cpu=cpu0 user=58596 nice=0 system=2752 idle=2473 iowait=0 irq=3648 softirq=43 steal=0
RT_CPUSTAT sample=129 cpu=cpu1 user=91 nice=0 system=350 idle=48895 iowait=0 irq=13507 softirq=17 steal=0
RT_CPUSTAT sample=130 cpu=cpu0 user=59063 nice=0 system=2761 idle=2473 iowait=0 irq=3677 softirq=43 steal=0
RT_CPUSTAT sample=130 cpu=cpu1 user=92 nice=0 system=354 idle=49248 iowait=0 irq=13614 softirq=17 steal=0
RT_CPUSTAT sample=131 cpu=cpu0 user=59533 nice=0 system=2768 idle=2473 iowait=0 irq=3705 softirq=44 steal=0
RT_CPUSTAT sample=131 cpu=cpu1 user=92 nice=0 system=360 idle=49607 iowait=0 irq=13716 softirq=17 steal=0
RT_CPUSTAT sample=132 cpu=cpu0 user=60004 nice=0 system=2770 idle=2473 iowait=0 irq=3733 softirq=44 steal=0
RT_CPUSTAT sample=132 cpu=cpu1 user=92 nice=0 system=363 idle=49966 iowait=0 irq=13816 softirq=17 steal=0
RT_CPUSTAT sample=133 cpu=cpu0 user=60482 nice=0 system=2770 idle=2473 iowait=0 irq=3760 softirq=44 steal=0
RT_CPUSTAT sample=133 cpu=cpu1 user=93 nice=0 system=366 idle=50330 iowait=0 irq=13916 softirq=17 steal=0
RT_CPUSTAT sample=134 cpu=cpu0 user=60928 nice=0 system=2799 idle=2473 iowait=0 irq=3789 softirq=45 steal=0
RT_CPUSTAT sample=134 cpu=cpu1 user=93 nice=0 system=367 idle=50691 iowait=0 irq=14014 softirq=17 steal=0
RT_CPUSTAT sample=135 cpu=cpu0 user=61372 nice=0 system=2832 idle=2473 iowait=0 irq=3817 softirq=45 steal=0
RT_CPUSTAT sample=135 cpu=cpu1 user=94 nice=0 system=372 idle=51050 iowait=0 irq=14118 softirq=18 steal=0
RT_CPUSTAT sample=136 cpu=cpu0 user=61815 nice=0 system=2864 idle=2473 iowait=0 irq=3846 softirq=45 steal=0
RT_CPUSTAT sample=136 cpu=cpu1 user=94 nice=0 system=375 idle=51403 iowait=0 irq=14224 softirq=18 steal=0
RT_CPUSTAT sample=137 cpu=cpu0 user=62271 nice=0 system=2883 idle=2473 iowait=0 irq=3874 softirq=46 steal=0
RT_CPUSTAT sample=137 cpu=cpu1 user=95 nice=0 system=376 idle=51757 iowait=0 irq=14331 softirq=18 steal=0
RT_CPUSTAT sample=138 cpu=cpu0 user=62721 nice=0 system=2908 idle=2473 iowait=0 irq=3902 softirq=46 steal=0
RT_CPUSTAT sample=138 cpu=cpu1 user=95 nice=0 system=377 idle=52108 iowait=0 irq=14441 softirq=18 steal=0
RT_CPUSTAT sample=139 cpu=cpu0 user=63161 nice=0 system=2945 idle=2473 iowait=0 irq=3931 softirq=46 steal=0
RT_CPUSTAT sample=139 cpu=cpu1 user=95 nice=0 system=380 idle=52458 iowait=0 irq=14553 softirq=18 steal=0
RT_CPUSTAT sample=140 cpu=cpu0 user=63585 nice=0 system=2994 idle=2473 iowait=0 irq=3959 softirq=47 steal=0
RT_CPUSTAT sample=140 cpu=cpu1 user=97 nice=0 system=383 idle=52814 iowait=0 irq=14655 softirq=18 steal=0
RT_CPUSTAT sample=141 cpu=cpu0 user=64042 nice=0 system=3012 idle=2473 iowait=0 irq=3988 softirq=47 steal=0
RT_CPUSTAT sample=141 cpu=cpu1 user=97 nice=0 system=385 idle=53171 iowait=0 irq=14758 softirq=18 steal=0
RT_CPUSTAT sample=142 cpu=cpu0 user=64470 nice=0 system=3060 idle=2473 iowait=0 irq=4017 softirq=47 steal=0
RT_CPUSTAT sample=142 cpu=cpu1 user=97 nice=0 system=389 idle=53527 iowait=0 irq=14865 softirq=19 steal=0
RT_CPUSTAT sample=143 cpu=cpu0 user=64925 nice=0 system=3082 idle=2473 iowait=0 irq=4046 softirq=48 steal=0
RT_CPUSTAT sample=143 cpu=cpu1 user=97 nice=0 system=391 idle=53877 iowait=0 irq=14977 softirq=19 steal=0
RT_CPUSTAT sample=144 cpu=cpu0 user=65402 nice=0 system=3082 idle=2473 iowait=0 irq=4074 softirq=48 steal=0
RT_CPUSTAT sample=144 cpu=cpu1 user=97 nice=0 system=394 idle=54237 iowait=0 irq=15077 softirq=19 steal=0
RT_CPUSTAT sample=145 cpu=cpu0 user=65876 nice=0 system=3082 idle=2473 iowait=0 irq=4102 softirq=48 steal=0
RT_CPUSTAT sample=145 cpu=cpu1 user=98 nice=0 system=398 idle=54594 iowait=0 irq=15180 softirq=19 steal=0
RT_CPUSTAT sample=146 cpu=cpu0 user=66344 nice=0 system=3092 idle=2473 iowait=0 irq=4130 softirq=49 steal=0
RT_CPUSTAT sample=146 cpu=cpu1 user=99 nice=0 system=400 idle=54961 iowait=0 irq=15276 softirq=19 steal=0
RT_CPUSTAT sample=147 cpu=cpu0 user=66812 nice=0 system=3100 idle=2473 iowait=0 irq=4158 softirq=49 steal=0
RT_CPUSTAT sample=147 cpu=cpu1 user=99 nice=0 system=404 idle=55321 iowait=0 irq=15376 softirq=19 steal=0
RT_CPUSTAT sample=148 cpu=cpu0 user=67288 nice=0 system=3102 idle=2473 iowait=0 irq=4186 softirq=49 steal=0
RT_CPUSTAT sample=148 cpu=cpu1 user=99 nice=0 system=408 idle=55680 iowait=0 irq=15478 softirq=19 steal=0
RT_CPUSTAT sample=149 cpu=cpu0 user=67755 nice=0 system=3108 idle=2473 iowait=0 irq=4214 softirq=50 steal=0
RT_CPUSTAT sample=149 cpu=cpu1 user=100 nice=0 system=411 idle=56039 iowait=0 irq=15577 softirq=20 steal=0
RT_CPUSTAT sample=150 cpu=cpu0 user=68196 nice=0 system=3144 idle=2473 iowait=0 irq=4243 softirq=50 steal=0
RT_CPUSTAT sample=150 cpu=cpu1 user=100 nice=0 system=414 idle=56396 iowait=0 irq=15682 softirq=20 steal=0
RT_CPUSTAT sample=151 cpu=cpu0 user=68646 nice=0 system=3168 idle=2473 iowait=0 irq=4271 softirq=50 steal=0
RT_CPUSTAT sample=151 cpu=cpu1 user=100 nice=0 system=415 idle=56755 iowait=0 irq=15785 softirq=20 steal=0
RT_CPUSTAT sample=152 cpu=cpu0 user=69090 nice=0 system=3201 idle=2473 iowait=0 irq=4299 softirq=51 steal=0
RT_CPUSTAT sample=152 cpu=cpu1 user=101 nice=0 system=419 idle=57116 iowait=0 irq=15887 softirq=20 steal=0
RT_CPUSTAT sample=153 cpu=cpu0 user=69551 nice=0 system=3215 idle=2473 iowait=0 irq=4327 softirq=51 steal=0
RT_CPUSTAT sample=153 cpu=cpu1 user=102 nice=0 system=423 idle=57467 iowait=0 irq=15998 softirq=20 steal=0
RT_CPUSTAT sample=154 cpu=cpu0 user=70004 nice=0 system=3239 idle=2473 iowait=0 irq=4356 softirq=51 steal=0
RT_CPUSTAT sample=154 cpu=cpu1 user=102 nice=0 system=428 idle=57820 iowait=0 irq=16107 softirq=20 steal=0
RT_CPUSTAT sample=155 cpu=cpu0 user=70420 nice=0 system=3298 idle=2473 iowait=0 irq=4384 softirq=51 steal=0
RT_CPUSTAT sample=155 cpu=cpu1 user=103 nice=0 system=430 idle=58171 iowait=0 irq=16215 softirq=20 steal=0
RT_CPUSTAT sample=156 cpu=cpu0 user=70888 nice=0 system=3306 idle=2473 iowait=0 irq=4412 softirq=52 steal=0
RT_CPUSTAT sample=156 cpu=cpu1 user=104 nice=0 system=434 idle=58521 iowait=0 irq=16327 softirq=20 steal=0
RT_CPUSTAT sample=157 cpu=cpu0 user=71331 nice=0 system=3340 idle=2473 iowait=0 irq=4440 softirq=52 steal=0
RT_CPUSTAT sample=157 cpu=cpu1 user=104 nice=0 system=434 idle=58883 iowait=0 irq=16427 softirq=20 steal=0
RT_CPUSTAT sample=158 cpu=cpu0 user=71782 nice=0 system=3364 idle=2473 iowait=0 irq=4469 softirq=52 steal=0
RT_CPUSTAT sample=158 cpu=cpu1 user=104 nice=0 system=437 idle=59245 iowait=0 irq=16525 softirq=21 steal=0
RT_CPUSTAT sample=159 cpu=cpu0 user=72248 nice=0 system=3372 idle=2473 iowait=0 irq=4497 softirq=53 steal=0
RT_CPUSTAT sample=159 cpu=cpu1 user=105 nice=0 system=440 idle=59599 iowait=0 irq=16629 softirq=21 steal=0
RT_CPUSTAT sample=160 cpu=cpu0 user=72723 nice=0 system=3372 idle=2473 iowait=0 irq=4526 softirq=53 steal=0
RT_CPUSTAT sample=160 cpu=cpu1 user=105 nice=0 system=444 idle=59953 iowait=0 irq=16735 softirq=21 steal=0
RT_CPUSTAT sample=161 cpu=cpu0 user=73184 nice=0 system=3387 idle=2473 iowait=0 irq=4554 softirq=53 steal=0
RT_CPUSTAT sample=161 cpu=cpu1 user=107 nice=0 system=446 idle=60308 iowait=0 irq=16840 softirq=21 steal=0
RT_CPUSTAT sample=162 cpu=cpu0 user=73654 nice=0 system=3393 idle=2473 iowait=0 irq=4583 softirq=54 steal=0
RT_CPUSTAT sample=162 cpu=cpu1 user=107 nice=0 system=449 idle=60663 iowait=0 irq=16946 softirq=21 steal=0
RT_CPUSTAT sample=163 cpu=cpu0 user=74128 nice=0 system=3395 idle=2473 iowait=0 irq=4611 softirq=54 steal=0
RT_CPUSTAT sample=163 cpu=cpu1 user=108 nice=0 system=451 idle=61019 iowait=0 irq=17052 softirq=21 steal=0
RT_CPUSTAT sample=164 cpu=cpu0 user=74604 nice=0 system=3396 idle=2473 iowait=0 irq=4639 softirq=54 steal=0
RT_CPUSTAT sample=164 cpu=cpu1 user=108 nice=0 system=454 idle=61379 iowait=0 irq=17153 softirq=21 steal=0
RT_CPUSTAT sample=165 cpu=cpu0 user=75030 nice=0 system=3444 idle=2473 iowait=0 irq=4668 softirq=55 steal=0
RT_CPUSTAT sample=165 cpu=cpu1 user=109 nice=0 system=456 idle=61738 iowait=0 irq=17256 softirq=22 steal=0
RT_CPUSTAT sample=166 cpu=cpu0 user=75482 nice=0 system=3468 idle=2473 iowait=0 irq=4696 softirq=55 steal=0
RT_CPUSTAT sample=166 cpu=cpu1 user=110 nice=0 system=459 idle=62098 iowait=0 irq=17357 softirq=22 steal=0
RT_CPUSTAT sample=167 cpu=cpu0 user=75933 nice=0 system=3494 idle=2473 iowait=0 irq=4724 softirq=55 steal=0
RT_CPUSTAT sample=167 cpu=cpu1 user=111 nice=0 system=463 idle=62459 iowait=0 irq=17458 softirq=22 steal=0
RT_CPUSTAT sample=168 cpu=cpu0 user=76402 nice=0 system=3499 idle=2473 iowait=0 irq=4753 softirq=56 steal=0
RT_CPUSTAT sample=168 cpu=cpu1 user=111 nice=0 system=466 idle=62813 iowait=0 irq=17562 softirq=22 steal=0
RT_CPUSTAT sample=169 cpu=cpu0 user=76852 nice=0 system=3526 idle=2473 iowait=0 irq=4781 softirq=56 steal=0
RT_CPUSTAT sample=169 cpu=cpu1 user=112 nice=0 system=469 idle=63176 iowait=0 irq=17660 softirq=22 steal=0
RT_CPUSTAT sample=170 cpu=cpu0 user=77267 nice=0 system=3587 idle=2473 iowait=0 irq=4810 softirq=56 steal=0
RT_CPUSTAT sample=170 cpu=cpu1 user=113 nice=0 system=472 idle=63536 iowait=0 irq=17760 softirq=22 steal=0
RT_CPUSTAT sample=171 cpu=cpu0 user=77700 nice=0 system=3628 idle=2473 iowait=0 irq=4839 softirq=57 steal=0
RT_CPUSTAT sample=171 cpu=cpu1 user=113 nice=0 system=475 idle=63894 iowait=0 irq=17860 softirq=23 steal=0
RT_CPUSTAT sample=172 cpu=cpu0 user=78161 nice=0 system=3644 idle=2473 iowait=0 irq=4867 softirq=57 steal=0
RT_CPUSTAT sample=172 cpu=cpu1 user=113 nice=0 system=479 idle=64251 iowait=0 irq=17963 softirq=23 steal=0
RT_CPUSTAT sample=173 cpu=cpu0 user=78595 nice=0 system=3685 idle=2473 iowait=0 irq=4896 softirq=57 steal=0
RT_CPUSTAT sample=173 cpu=cpu1 user=114 nice=0 system=481 idle=64608 iowait=0 irq=18065 softirq=23 steal=0
RT_CPUSTAT sample=174 cpu=cpu0 user=79047 nice=0 system=3706 idle=2473 iowait=0 irq=4924 softirq=58 steal=0
RT_CPUSTAT sample=174 cpu=cpu1 user=115 nice=0 system=486 idle=64961 iowait=0 irq=18173 softirq=23 steal=0
RT_CPUSTAT sample=175 cpu=cpu0 user=79522 nice=0 system=3708 idle=2473 iowait=0 irq=4953 softirq=58 steal=0
RT_CPUSTAT sample=175 cpu=cpu1 user=115 nice=0 system=488 idle=65315 iowait=0 irq=18280 softirq=23 steal=0
RT_CPUSTAT sample=176 cpu=cpu0 user=79998 nice=0 system=3708 idle=2473 iowait=0 irq=4981 softirq=58 steal=0
RT_CPUSTAT sample=176 cpu=cpu1 user=116 nice=0 system=490 idle=65669 iowait=0 irq=18388 softirq=23 steal=0
RT_CPUSTAT sample=177 cpu=cpu0 user=80465 nice=0 system=3717 idle=2473 iowait=0 irq=5009 softirq=58 steal=0
RT_CPUSTAT sample=177 cpu=cpu1 user=117 nice=0 system=492 idle=66025 iowait=0 irq=18493 softirq=23 steal=0
RT_CPUSTAT sample=178 cpu=cpu0 user=80936 nice=0 system=3723 idle=2473 iowait=0 irq=5038 softirq=59 steal=0
RT_CPUSTAT sample=178 cpu=cpu1 user=118 nice=0 system=495 idle=66382 iowait=0 irq=18600 softirq=24 steal=0
RT_CPUSTAT sample=179 cpu=cpu0 user=81412 nice=0 system=3724 idle=2473 iowait=0 irq=5066 softirq=59 steal=0
RT_CPUSTAT sample=179 cpu=cpu1 user=119 nice=0 system=498 idle=66740 iowait=0 irq=18703 softirq=24 steal=0
RT_CPUSTAT sample=180 cpu=cpu0 user=81879 nice=0 system=3732 idle=2473 iowait=0 irq=5094 softirq=59 steal=0
RT_CPUSTAT sample=180 cpu=cpu1 user=120 nice=0 system=501 idle=67095 iowait=0 irq=18809 softirq=24 steal=0
RT_CPUSTAT sample=181 cpu=cpu0 user=82311 nice=0 system=3775 idle=2473 iowait=0 irq=5123 softirq=60 steal=0
RT_CPUSTAT sample=181 cpu=cpu1 user=121 nice=0 system=503 idle=67445 iowait=0 irq=18920 softirq=24 steal=0
RT_CPUSTAT sample=182 cpu=cpu0 user=82767 nice=0 system=3794 idle=2473 iowait=0 irq=5150 softirq=60 steal=0
RT_CPUSTAT sample=182 cpu=cpu1 user=121 nice=0 system=506 idle=67807 iowait=0 irq=19018 softirq=24 steal=0
RT_CPUSTAT sample=183 cpu=cpu0 user=83215 nice=0 system=3822 idle=2473 iowait=0 irq=5179 softirq=60 steal=0
RT_CPUSTAT sample=183 cpu=cpu1 user=122 nice=0 system=509 idle=68169 iowait=0 irq=19116 softirq=24 steal=0
RT_CPUSTAT sample=184 cpu=cpu0 user=83679 nice=0 system=3833 idle=2473 iowait=0 irq=5207 softirq=61 steal=0
RT_CPUSTAT sample=184 cpu=cpu1 user=122 nice=0 system=512 idle=68531 iowait=0 irq=19214 softirq=25 steal=0
RT_CPUSTAT sample=185 cpu=cpu0 user=84128 nice=0 system=3862 idle=2473 iowait=0 irq=5236 softirq=61 steal=0
RT_CPUSTAT sample=185 cpu=cpu1 user=123 nice=0 system=513 idle=68888 iowait=0 irq=19319 softirq=25 steal=0
RT_CPUSTAT sample=186 cpu=cpu0 user=84540 nice=0 system=3922 idle=2473 iowait=0 irq=5265 softirq=61 steal=0
RT_CPUSTAT sample=186 cpu=cpu1 user=123 nice=0 system=516 idle=69246 iowait=0 irq=19418 softirq=25 steal=0
RT_CPUSTAT sample=187 cpu=cpu0 user=84991 nice=0 system=3948 idle=2473 iowait=0 irq=5293 softirq=62 steal=0
RT_CPUSTAT sample=187 cpu=cpu1 user=123 nice=0 system=518 idle=69606 iowait=0 irq=19519 softirq=25 steal=0
RT_CPUSTAT sample=188 cpu=cpu0 user=85439 nice=0 system=3976 idle=2473 iowait=0 irq=5322 softirq=62 steal=0
RT_CPUSTAT sample=188 cpu=cpu1 user=123 nice=0 system=520 idle=69964 iowait=0 irq=19620 softirq=25 steal=0
RT_CPUSTAT sample=189 cpu=cpu0 user=85891 nice=0 system=3998 idle=2473 iowait=0 irq=5350 softirq=62 steal=0
RT_CPUSTAT sample=189 cpu=cpu1 user=124 nice=0 system=522 idle=70323 iowait=0 irq=19721 softirq=25 steal=0
RT_CPUSTAT sample=190 cpu=cpu0 user=86343 nice=0 system=4023 idle=2473 iowait=0 irq=5379 softirq=63 steal=0
RT_CPUSTAT sample=190 cpu=cpu1 user=125 nice=0 system=527 idle=70682 iowait=0 irq=19823 softirq=26 steal=0
RT_CPUSTAT sample=191 cpu=cpu0 user=86817 nice=0 system=4024 idle=2473 iowait=0 irq=5408 softirq=63 steal=0
RT_CPUSTAT sample=191 cpu=cpu1 user=125 nice=0 system=530 idle=71038 iowait=0 irq=19929 softirq=26 steal=0
RT_CPUSTAT sample=192 cpu=cpu0 user=87290 nice=0 system=4026 idle=2473 iowait=0 irq=5437 softirq=63 steal=0
RT_CPUSTAT sample=192 cpu=cpu1 user=126 nice=0 system=531 idle=71397 iowait=0 irq=20030 softirq=26 steal=0
RT_CPUSTAT sample=193 cpu=cpu0 user=87750 nice=0 system=4041 idle=2473 iowait=0 irq=5465 softirq=64 steal=0
RT_CPUSTAT sample=193 cpu=cpu1 user=127 nice=0 system=536 idle=71756 iowait=0 irq=20130 softirq=26 steal=0
RT_CPUSTAT sample=194 cpu=cpu0 user=88222 nice=0 system=4044 idle=2473 iowait=0 irq=5493 softirq=64 steal=0
RT_CPUSTAT sample=194 cpu=cpu1 user=127 nice=0 system=539 idle=72115 iowait=0 irq=20230 softirq=26 steal=0
RT_CPUSTAT sample=195 cpu=cpu0 user=88697 nice=0 system=4045 idle=2473 iowait=0 irq=5521 softirq=64 steal=0
RT_CPUSTAT sample=195 cpu=cpu1 user=127 nice=0 system=542 idle=72474 iowait=0 irq=20332 softirq=26 steal=0
RT_CPUSTAT sample=196 cpu=cpu0 user=89151 nice=0 system=4067 idle=2473 iowait=0 irq=5549 softirq=65 steal=0
RT_CPUSTAT sample=196 cpu=cpu1 user=128 nice=0 system=545 idle=72828 iowait=0 irq=20436 softirq=27 steal=0
RT_CPUSTAT sample=197 cpu=cpu0 user=89602 nice=0 system=4091 idle=2473 iowait=0 irq=5578 softirq=65 steal=0
RT_CPUSTAT sample=197 cpu=cpu1 user=129 nice=0 system=546 idle=73189 iowait=0 irq=20538 softirq=27 steal=0
RT_CPUSTAT sample=198 cpu=cpu0 user=90057 nice=0 system=4112 idle=2473 iowait=0 irq=5606 softirq=65 steal=0
RT_CPUSTAT sample=198 cpu=cpu1 user=129 nice=0 system=548 idle=73550 iowait=0 irq=20637 softirq=27 steal=0
RT_CPUSTAT sample=199 cpu=cpu0 user=90515 nice=0 system=4131 idle=2473 iowait=0 irq=5635 softirq=66 steal=0
RT_CPUSTAT sample=199 cpu=cpu1 user=131 nice=0 system=553 idle=73911 iowait=0 irq=20738 softirq=27 steal=0
RT_CPUSTAT sample=200 cpu=cpu0 user=90969 nice=0 system=4154 idle=2473 iowait=0 irq=5663 softirq=66 steal=0
RT_CPUSTAT sample=200 cpu=cpu1 user=131 nice=0 system=555 idle=74270 iowait=0 irq=20842 softirq=27 steal=0
RT_CPUSTAT sample=201 cpu=cpu0 user=91397 nice=0 system=4202 idle=2473 iowait=0 irq=5691 softirq=66 steal=0
RT_CPUSTAT sample=201 cpu=cpu1 user=131 nice=0 system=560 idle=74621 iowait=0 irq=20952 softirq=27 steal=0
RT_CPUSTAT sample=202 cpu=cpu0 user=91850 nice=0 system=4225 idle=2473 iowait=0 irq=5720 softirq=67 steal=0
RT_CPUSTAT sample=202 cpu=cpu1 user=131 nice=0 system=562 idle=74978 iowait=0 irq=21056 softirq=27 steal=0
RT_CPUSTAT sample=203 cpu=cpu0 user=92309 nice=0 system=4239 idle=2473 iowait=0 irq=5748 softirq=67 steal=0
RT_CPUSTAT sample=203 cpu=cpu1 user=132 nice=0 system=566 idle=75332 iowait=0 irq=21161 softirq=28 steal=0
RT_CPUSTAT sample=204 cpu=cpu0 user=92756 nice=0 system=4267 idle=2473 iowait=0 irq=5777 softirq=67 steal=0
RT_CPUSTAT sample=204 cpu=cpu1 user=133 nice=0 system=570 idle=75686 iowait=0 irq=21267 softirq=28 steal=0
RT_CPUSTAT sample=205 cpu=cpu0 user=93203 nice=0 system=4296 idle=2473 iowait=0 irq=5806 softirq=68 steal=0
RT_CPUSTAT sample=205 cpu=cpu1 user=133 nice=0 system=571 idle=76042 iowait=0 irq=21374 softirq=28 steal=0
RT_CPUSTAT sample=206 cpu=cpu0 user=93679 nice=0 system=4296 idle=2473 iowait=0 irq=5835 softirq=68 steal=0
RT_CPUSTAT sample=206 cpu=cpu1 user=134 nice=0 system=573 idle=76401 iowait=0 irq=21475 softirq=28 steal=0
RT_CPUSTAT sample=207 cpu=cpu0 user=94155 nice=0 system=4296 idle=2473 iowait=0 irq=5864 softirq=68 steal=0
RT_CPUSTAT sample=207 cpu=cpu1 user=135 nice=0 system=576 idle=76756 iowait=0 irq=21582 softirq=28 steal=0
RT_CPUSTAT sample=208 cpu=cpu0 user=94621 nice=0 system=4306 idle=2473 iowait=0 irq=5892 softirq=69 steal=0
RT_CPUSTAT sample=208 cpu=cpu1 user=135 nice=0 system=580 idle=77107 iowait=0 irq=21693 softirq=28 steal=0
RT_CPUSTAT sample=209 cpu=cpu0 user=95084 nice=0 system=4317 idle=2473 iowait=0 irq=5920 softirq=69 steal=0
RT_CPUSTAT sample=209 cpu=cpu1 user=136 nice=0 system=582 idle=77456 iowait=0 irq=21804 softirq=28 steal=0
RT_CPUSTAT sample=210 cpu=cpu0 user=95560 nice=0 system=4317 idle=2473 iowait=0 irq=5949 softirq=69 steal=0
RT_CPUSTAT sample=210 cpu=cpu1 user=136 nice=0 system=583 idle=77804 iowait=0 irq=21919 softirq=29 steal=0
RT_CPUSTAT sample=211 cpu=cpu0 user=96029 nice=0 system=4324 idle=2473 iowait=0 irq=5978 softirq=69 steal=0
RT_CPUSTAT sample=211 cpu=cpu1 user=138 nice=0 system=585 idle=78154 iowait=0 irq=22031 softirq=29 steal=0
RT_CPUSTAT sample=212 cpu=cpu0 user=96468 nice=0 system=4359 idle=2473 iowait=0 irq=6006 softirq=70 steal=0
RT_CPUSTAT sample=212 cpu=cpu1 user=138 nice=0 system=587 idle=78508 iowait=0 irq=22136 softirq=29 steal=0
RT_CPUSTAT sample=213 cpu=cpu0 user=96922 nice=0 system=4381 idle=2473 iowait=0 irq=6035 softirq=70 steal=0
RT_CPUSTAT sample=213 cpu=cpu1 user=138 nice=0 system=591 idle=78869 iowait=0 irq=22237 softirq=29 steal=0
RT_CPUSTAT sample=214 cpu=cpu0 user=97381 nice=0 system=4396 idle=2473 iowait=0 irq=6063 softirq=70 steal=0
RT_CPUSTAT sample=214 cpu=cpu1 user=139 nice=0 system=595 idle=79230 iowait=0 irq=22336 softirq=29 steal=0
RT_CPUSTAT sample=215 cpu=cpu0 user=97842 nice=0 system=4410 idle=2473 iowait=0 irq=6091 softirq=71 steal=0
RT_CPUSTAT sample=215 cpu=cpu1 user=139 nice=0 system=598 idle=79589 iowait=0 irq=22439 softirq=29 steal=0
RT_CPUSTAT sample=216 cpu=cpu0 user=98296 nice=0 system=4431 idle=2473 iowait=0 irq=6120 softirq=71 steal=0
RT_CPUSTAT sample=216 cpu=cpu1 user=140 nice=0 system=600 idle=79947 iowait=0 irq=22542 softirq=29 steal=0
RT_CPUSTAT sample=217 cpu=cpu0 user=98720 nice=0 system=4484 idle=2473 iowait=0 irq=6149 softirq=71 steal=0
RT_CPUSTAT sample=217 cpu=cpu1 user=141 nice=0 system=602 idle=80307 iowait=0 irq=22643 softirq=29 steal=0
RT_CPUSTAT sample=218 cpu=cpu0 user=99186 nice=0 system=4494 idle=2473 iowait=0 irq=6177 softirq=72 steal=0
RT_CPUSTAT sample=218 cpu=cpu1 user=141 nice=0 system=605 idle=80664 iowait=0 irq=22749 softirq=30 steal=0
RT_CPUSTAT sample=219 cpu=cpu0 user=99613 nice=0 system=4539 idle=2473 iowait=0 irq=6205 softirq=72 steal=0
RT_CPUSTAT sample=219 cpu=cpu1 user=142 nice=0 system=608 idle=81023 iowait=0 irq=22849 softirq=30 steal=0
RT_CPUSTAT sample=220 cpu=cpu0 user=100059 nice=0 system=4570 idle=2473 iowait=0 irq=6234 softirq=72 steal=0
RT_CPUSTAT sample=220 cpu=cpu1 user=142 nice=0 system=611 idle=81383 iowait=0 irq=22949 softirq=30 steal=0
RT_CPUSTAT sample=221 cpu=cpu0 user=100521 nice=0 system=4583 idle=2473 iowait=0 irq=6263 softirq=73 steal=0
RT_CPUSTAT sample=221 cpu=cpu1 user=142 nice=0 system=613 idle=81739 iowait=0 irq=23051 softirq=30 steal=0
RT_CPUSTAT sample=222 cpu=cpu0 user=100997 nice=0 system=4583 idle=2473 iowait=0 irq=6291 softirq=73 steal=0
RT_CPUSTAT sample=222 cpu=cpu1 user=143 nice=0 system=616 idle=82099 iowait=0 irq=23151 softirq=30 steal=0
RT_CPUSTAT sample=223 cpu=cpu0 user=101466 nice=0 system=4588 idle=2473 iowait=0 irq=6320 softirq=73 steal=0
RT_CPUSTAT sample=223 cpu=cpu1 user=144 nice=0 system=620 idle=82455 iowait=0 irq=23255 softirq=30 steal=0
RT_CPUSTAT sample=224 cpu=cpu0 user=101925 nice=0 system=4606 idle=2473 iowait=0 irq=6348 softirq=74 steal=0
RT_CPUSTAT sample=224 cpu=cpu1 user=144 nice=0 system=622 idle=82806 iowait=0 irq=23367 softirq=31 steal=0
RT_CPUSTAT sample=225 cpu=cpu0 user=102379 nice=0 system=4627 idle=2473 iowait=0 irq=6376 softirq=74 steal=0
RT_CPUSTAT sample=225 cpu=cpu1 user=144 nice=0 system=623 idle=83159 iowait=0 irq=23476 softirq=31 steal=0
RT_CPUSTAT sample=226 cpu=cpu0 user=102854 nice=0 system=4627 idle=2473 iowait=0 irq=6405 softirq=74 steal=0
RT_CPUSTAT sample=226 cpu=cpu1 user=144 nice=0 system=626 idle=83510 iowait=0 irq=23585 softirq=31 steal=0
RT_CPUSTAT sample=227 cpu=cpu0 user=103301 nice=0 system=4657 idle=2473 iowait=0 irq=6433 softirq=75 steal=0
RT_CPUSTAT sample=227 cpu=cpu1 user=144 nice=0 system=631 idle=83870 iowait=0 irq=23688 softirq=31 steal=0
RT_CPUSTAT sample=228 cpu=cpu0 user=103737 nice=0 system=4694 idle=2473 iowait=0 irq=6461 softirq=75 steal=0
RT_CPUSTAT sample=228 cpu=cpu1 user=145 nice=0 system=634 idle=84219 iowait=0 irq=23799 softirq=31 steal=0
RT_CPUSTAT sample=229 cpu=cpu0 user=104189 nice=0 system=4720 idle=2473 iowait=0 irq=6490 softirq=75 steal=0
RT_CPUSTAT sample=229 cpu=cpu1 user=146 nice=0 system=637 idle=84577 iowait=0 irq=23903 softirq=31 steal=0
RT_CPUSTAT sample=230 cpu=cpu0 user=104648 nice=0 system=4734 idle=2473 iowait=0 irq=6519 softirq=76 steal=0
RT_CPUSTAT sample=230 cpu=cpu1 user=147 nice=0 system=639 idle=84931 iowait=0 irq=24008 softirq=31 steal=0
RT_CPUSTAT sample=231 cpu=cpu0 user=105103 nice=0 system=4754 idle=2473 iowait=0 irq=6547 softirq=76 steal=0
RT_CPUSTAT sample=231 cpu=cpu1 user=148 nice=0 system=642 idle=85289 iowait=0 irq=24110 softirq=32 steal=0
RT_CPUSTAT sample=232 cpu=cpu0 user=105544 nice=0 system=4790 idle=2473 iowait=0 irq=6575 softirq=76 steal=0
RT_CPUSTAT sample=232 cpu=cpu1 user=149 nice=0 system=645 idle=85655 iowait=0 irq=24206 softirq=32 steal=0
RT_CPUSTAT sample=233 cpu=cpu0 user=105965 nice=0 system=4845 idle=2473 iowait=0 irq=6604 softirq=77 steal=0
RT_CPUSTAT sample=233 cpu=cpu1 user=149 nice=0 system=649 idle=86019 iowait=0 irq=24303 softirq=32 steal=0
RT_CPUSTAT sample=234 cpu=cpu0 user=106433 nice=0 system=4851 idle=2473 iowait=0 irq=6632 softirq=77 steal=0
RT_CPUSTAT sample=234 cpu=cpu1 user=149 nice=0 system=653 idle=86379 iowait=0 irq=24401 softirq=32 steal=0
RT_CPUSTAT sample=235 cpu=cpu0 user=106870 nice=0 system=4892 idle=2473 iowait=0 irq=6660 softirq=77 steal=0
RT_CPUSTAT sample=235 cpu=cpu1 user=150 nice=0 system=655 idle=86742 iowait=0 irq=24501 softirq=32 steal=0
RT_CPUSTAT sample=236 cpu=cpu0 user=107327 nice=0 system=4911 idle=2473 iowait=0 irq=6688 softirq=78 steal=0
RT_CPUSTAT sample=236 cpu=cpu1 user=150 nice=0 system=656 idle=87103 iowait=0 irq=24600 softirq=32 steal=0
RT_CPUSTAT sample=237 cpu=cpu0 user=107795 nice=0 system=4918 idle=2473 iowait=0 irq=6717 softirq=78 steal=0
RT_CPUSTAT sample=237 cpu=cpu1 user=152 nice=0 system=660 idle=87465 iowait=0 irq=24699 softirq=33 steal=0
RT_CPUSTAT sample=238 cpu=cpu0 user=108269 nice=0 system=4918 idle=2473 iowait=0 irq=6745 softirq=78 steal=0
RT_CPUSTAT sample=238 cpu=cpu1 user=152 nice=0 system=662 idle=87822 iowait=0 irq=24801 softirq=33 steal=0
RT_CPUSTAT sample=239 cpu=cpu0 user=108739 nice=0 system=4925 idle=2473 iowait=0 irq=6774 softirq=79 steal=0
RT_CPUSTAT sample=239 cpu=cpu1 user=152 nice=0 system=665 idle=88179 iowait=0 irq=24905 softirq=33 steal=0
RT_CPUSTAT sample=240 cpu=cpu0 user=109208 nice=0 system=4932 idle=2473 iowait=0 irq=6803 softirq=79 steal=0
RT_CPUSTAT sample=240 cpu=cpu1 user=153 nice=0 system=666 idle=88538 iowait=0 irq=25009 softirq=33 steal=0
RT_CPUSTAT sample=241 cpu=cpu0 user=109681 nice=0 system=4934 idle=2473 iowait=0 irq=6831 softirq=79 steal=0
RT_CPUSTAT sample=241 cpu=cpu1 user=153 nice=0 system=670 idle=88890 iowait=0 irq=25118 softirq=33 steal=0
RT_CPUSTAT sample=242 cpu=cpu0 user=110157 nice=0 system=4934 idle=2473 iowait=0 irq=6860 softirq=80 steal=0
RT_CPUSTAT sample=242 cpu=cpu1 user=154 nice=0 system=673 idle=89241 iowait=0 irq=25229 softirq=33 steal=0
RT_CPUSTAT sample=243 cpu=cpu0 user=110590 nice=0 system=4975 idle=2473 iowait=0 irq=6889 softirq=80 steal=0
RT_CPUSTAT sample=243 cpu=cpu1 user=155 nice=0 system=676 idle=89598 iowait=0 irq=25332 softirq=33 steal=0
RT_CPUSTAT sample=244 cpu=cpu0 user=111051 nice=0 system=4990 idle=2473 iowait=0 irq=6917 softirq=80 steal=0
RT_CPUSTAT sample=244 cpu=cpu1 user=156 nice=0 system=680 idle=89955 iowait=0 irq=25436 softirq=33 steal=0
RT_CPUSTAT sample=245 cpu=cpu0 user=111500 nice=0 system=5018 idle=2473 iowait=0 irq=6946 softirq=81 steal=0
RT_CPUSTAT sample=245 cpu=cpu1 user=156 nice=0 system=682 idle=90309 iowait=0 irq=25543 softirq=34 steal=0
RT_CPUSTAT sample=246 cpu=cpu0 user=111967 nice=0 system=5026 idle=2473 iowait=0 irq=6974 softirq=81 steal=0
RT_CPUSTAT sample=246 cpu=cpu1 user=157 nice=0 system=685 idle=90666 iowait=0 irq=25647 softirq=34 steal=0
RT_CPUSTAT sample=247 cpu=cpu0 user=112424 nice=0 system=5045 idle=2473 iowait=0 irq=7002 softirq=81 steal=0
RT_CPUSTAT sample=247 cpu=cpu1 user=158 nice=0 system=687 idle=91028 iowait=0 irq=25746 softirq=34 steal=0
RT_CPUSTAT sample=248 cpu=cpu0 user=112854 nice=0 system=5091 idle=2473 iowait=0 irq=7031 softirq=82 steal=0
RT_CPUSTAT sample=248 cpu=cpu1 user=158 nice=0 system=689 idle=91388 iowait=0 irq=25845 softirq=34 steal=0
RT_CPUSTAT sample=249 cpu=cpu0 user=113302 nice=0 system=5117 idle=2473 iowait=0 irq=7059 softirq=82 steal=0
RT_CPUSTAT sample=249 cpu=cpu1 user=159 nice=0 system=690 idle=91747 iowait=0 irq=25947 softirq=34 steal=0
RT_CPUSTAT sample=250 cpu=cpu0 user=113746 nice=0 system=5149 idle=2473 iowait=0 irq=7088 softirq=82 steal=0
RT_CPUSTAT sample=250 cpu=cpu1 user=160 nice=0 system=693 idle=92106 iowait=0 irq=26050 softirq=34 steal=0
RT_CPUSTAT sample=251 cpu=cpu0 user=114194 nice=0 system=5178 idle=2473 iowait=0 irq=7116 softirq=83 steal=0
RT_CPUSTAT sample=251 cpu=cpu1 user=161 nice=0 system=697 idle=92465 iowait=0 irq=26151 softirq=35 steal=0
RT_CPUSTAT sample=252 cpu=cpu0 user=114644 nice=0 system=5202 idle=2473 iowait=0 irq=7145 softirq=83 steal=0
RT_CPUSTAT sample=252 cpu=cpu1 user=162 nice=0 system=698 idle=92824 iowait=0 irq=26250 softirq=35 steal=0
RT_CPUSTAT sample=253 cpu=cpu0 user=115119 nice=0 system=5202 idle=2473 iowait=0 irq=7174 softirq=83 steal=0
RT_CPUSTAT sample=253 cpu=cpu1 user=163 nice=0 system=702 idle=93180 iowait=0 irq=26355 softirq=35 steal=0
RT_CPUSTAT sample=254 cpu=cpu0 user=115593 nice=0 system=5204 idle=2473 iowait=0 irq=7203 softirq=84 steal=0
RT_CPUSTAT sample=254 cpu=cpu1 user=164 nice=0 system=703 idle=93537 iowait=0 irq=26459 softirq=35 steal=0
RT_CPUSTAT sample=255 cpu=cpu0 user=116061 nice=0 system=5211 idle=2473 iowait=0 irq=7232 softirq=84 steal=0
RT_CPUSTAT sample=255 cpu=cpu1 user=164 nice=0 system=707 idle=93890 iowait=0 irq=26565 softirq=35 steal=0
RT_CPUSTAT sample=256 cpu=cpu0 user=116531 nice=0 system=5218 idle=2473 iowait=0 irq=7260 softirq=84 steal=0
RT_CPUSTAT sample=256 cpu=cpu1 user=165 nice=0 system=711 idle=94248 iowait=0 irq=26669 softirq=35 steal=0
RT_CPUSTAT sample=257 cpu=cpu0 user=117005 nice=0 system=5219 idle=2473 iowait=0 irq=7289 softirq=85 steal=0
RT_CPUSTAT sample=257 cpu=cpu1 user=165 nice=0 system=713 idle=94599 iowait=0 irq=26777 softirq=35 steal=0
RT_CPUSTAT sample=258 cpu=cpu0 user=117463 nice=0 system=5235 idle=2473 iowait=0 irq=7317 softirq=85 steal=0
RT_CPUSTAT sample=258 cpu=cpu1 user=165 nice=0 system=714 idle=94956 iowait=0 irq=26877 softirq=35 steal=0
RT_CPUSTAT sample=259 cpu=cpu0 user=117910 nice=0 system=5265 idle=2473 iowait=0 irq=7346 softirq=85 steal=0
RT_CPUSTAT sample=259 cpu=cpu1 user=166 nice=0 system=717 idle=95316 iowait=0 irq=26978 softirq=36 steal=0
RT_CPUSTAT sample=260 cpu=cpu0 user=118359 nice=0 system=5292 idle=2473 iowait=0 irq=7374 softirq=85 steal=0
RT_CPUSTAT sample=260 cpu=cpu1 user=166 nice=0 system=719 idle=95673 iowait=0 irq=27080 softirq=36 steal=0
RT_CPUSTAT sample=261 cpu=cpu0 user=118815 nice=0 system=5309 idle=2473 iowait=0 irq=7403 softirq=86 steal=0
RT_CPUSTAT sample=261 cpu=cpu1 user=167 nice=0 system=724 idle=96031 iowait=0 irq=27180 softirq=36 steal=0
RT_CPUSTAT sample=262 cpu=cpu0 user=119276 nice=0 system=5324 idle=2473 iowait=0 irq=7432 softirq=86 steal=0
RT_CPUSTAT sample=262 cpu=cpu1 user=168 nice=0 system=726 idle=96390 iowait=0 irq=27280 softirq=36 steal=0
RT_CPUSTAT sample=263 cpu=cpu0 user=119716 nice=0 system=5361 idle=2473 iowait=0 irq=7460 softirq=87 steal=0
RT_CPUSTAT sample=263 cpu=cpu1 user=168 nice=0 system=730 idle=96746 iowait=0 irq=27385 softirq=36 steal=0
RT_CPUSTAT sample=264 cpu=cpu0 user=120148 nice=0 system=5404 idle=2473 iowait=0 irq=7489 softirq=87 steal=0
RT_CPUSTAT sample=264 cpu=cpu1 user=168 nice=0 system=732 idle=97104 iowait=0 irq=27486 softirq=37 steal=0
RT_CPUSTAT sample=265 cpu=cpu0 user=120613 nice=0 system=5412 idle=2473 iowait=0 irq=7518 softirq=87 steal=0
RT_CPUSTAT sample=265 cpu=cpu1 user=168 nice=0 system=735 idle=97459 iowait=0 irq=27591 softirq=37 steal=0
RT_CPUSTAT sample=266 cpu=cpu0 user=121045 nice=0 system=5455 idle=2473 iowait=0 irq=7547 softirq=87 steal=0
RT_CPUSTAT sample=266 cpu=cpu1 user=169 nice=0 system=738 idle=97814 iowait=0 irq=27698 softirq=37 steal=0
RT_CPUSTAT sample=267 cpu=cpu0 user=121496 nice=0 system=5478 idle=2473 iowait=0 irq=7576 softirq=88 steal=0
RT_CPUSTAT sample=267 cpu=cpu1 user=170 nice=0 system=740 idle=98168 iowait=0 irq=27803 softirq=37 steal=0
RT_CPUSTAT sample=268 cpu=cpu0 user=121967 nice=0 system=5482 idle=2473 iowait=0 irq=7605 softirq=88 steal=0
RT_CPUSTAT sample=268 cpu=cpu1 user=170 nice=0 system=743 idle=98522 iowait=0 irq=27910 softirq=37 steal=0
RT_CPUSTAT sample=269 cpu=cpu0 user=122443 nice=0 system=5483 idle=2473 iowait=0 irq=7633 softirq=88 steal=0
RT_CPUSTAT sample=269 cpu=cpu1 user=172 nice=0 system=744 idle=98879 iowait=0 irq=28015 softirq=37 steal=0
RT_CPUSTAT sample=270 cpu=cpu0 user=122914 nice=0 system=5488 idle=2473 iowait=0 irq=7661 softirq=89 steal=0
RT_CPUSTAT sample=270 cpu=cpu1 user=172 nice=0 system=747 idle=99242 iowait=0 irq=28115 softirq=37 steal=0
RT_CPUSTAT sample=271 cpu=cpu0 user=123376 nice=0 system=5502 idle=2473 iowait=0 irq=7689 softirq=89 steal=0
RT_CPUSTAT sample=271 cpu=cpu1 user=173 nice=0 system=749 idle=99602 iowait=0 irq=28216 softirq=37 steal=0
RT_CPUSTAT sample=272 cpu=cpu0 user=123849 nice=0 system=5504 idle=2473 iowait=0 irq=7718 softirq=89 steal=0
RT_CPUSTAT sample=272 cpu=cpu1 user=174 nice=0 system=754 idle=99955 iowait=0 irq=28323 softirq=38 steal=0
RT_CPUSTAT sample=273 cpu=cpu0 user=124325 nice=0 system=5504 idle=2473 iowait=0 irq=7746 softirq=90 steal=0
RT_CPUSTAT sample=273 cpu=cpu1 user=175 nice=0 system=755 idle=100317 iowait=0 irq=28423 softirq=38 steal=0
RT_CPUSTAT sample=274 cpu=cpu0 user=124762 nice=0 system=5542 idle=2473 iowait=0 irq=7775 softirq=90 steal=0
RT_CPUSTAT sample=274 cpu=cpu1 user=176 nice=0 system=757 idle=100676 iowait=0 irq=28524 softirq=38 steal=0
RT_CPUSTAT sample=275 cpu=cpu0 user=125221 nice=0 system=5556 idle=2473 iowait=0 irq=7803 softirq=90 steal=0
RT_CPUSTAT sample=275 cpu=cpu1 user=176 nice=0 system=762 idle=101033 iowait=0 irq=28624 softirq=38 steal=0
RT_CPUSTAT sample=276 cpu=cpu0 user=125674 nice=0 system=5579 idle=2473 iowait=0 irq=7833 softirq=91 steal=0
RT_CPUSTAT sample=276 cpu=cpu1 user=177 nice=0 system=765 idle=101392 iowait=0 irq=28726 softirq=38 steal=0
RT_CPUSTAT sample=277 cpu=cpu0 user=126141 nice=0 system=5588 idle=2473 iowait=0 irq=7861 softirq=91 steal=0
RT_CPUSTAT sample=277 cpu=cpu1 user=177 nice=0 system=766 idle=101755 iowait=0 irq=28823 softirq=38 steal=0
RT_CPUSTAT sample=278 cpu=cpu0 user=126602 nice=0 system=5602 idle=2473 iowait=0 irq=7889 softirq=91 steal=0
RT_CPUSTAT sample=278 cpu=cpu1 user=177 nice=0 system=769 idle=102116 iowait=0 irq=28923 softirq=39 steal=0
RT_CPUSTAT sample=279 cpu=cpu0 user=127021 nice=0 system=5658 idle=2473 iowait=0 irq=7918 softirq=92 steal=0
RT_CPUSTAT sample=279 cpu=cpu1 user=178 nice=0 system=771 idle=102471 iowait=0 irq=29027 softirq=39 steal=0
RT_CPUSTAT sample=280 cpu=cpu0 user=127484 nice=0 system=5672 idle=2473 iowait=0 irq=7946 softirq=92 steal=0
RT_CPUSTAT sample=280 cpu=cpu1 user=179 nice=0 system=773 idle=102833 iowait=0 irq=29127 softirq=39 steal=0
RT_CPUSTAT sample=281 cpu=cpu0 user=127934 nice=0 system=5697 idle=2473 iowait=0 irq=7975 softirq=92 steal=0
RT_CPUSTAT sample=281 cpu=cpu1 user=180 nice=0 system=776 idle=103191 iowait=0 irq=29231 softirq=39 steal=0
RT_CPUSTAT sample=282 cpu=cpu0 user=128378 nice=0 system=5727 idle=2473 iowait=0 irq=8003 softirq=93 steal=0
RT_CPUSTAT sample=282 cpu=cpu1 user=181 nice=0 system=778 idle=103545 iowait=0 irq=29337 softirq=39 steal=0
RT_CPUSTAT sample=283 cpu=cpu0 user=128832 nice=0 system=5747 idle=2473 iowait=0 irq=8033 softirq=93 steal=0
RT_CPUSTAT sample=283 cpu=cpu1 user=181 nice=0 system=781 idle=103894 iowait=0 irq=29448 softirq=39 steal=0
RT_CPUSTAT sample=284 cpu=cpu0 user=129309 nice=0 system=5747 idle=2473 iowait=0 irq=8061 softirq=93 steal=0
RT_CPUSTAT sample=284 cpu=cpu1 user=181 nice=0 system=785 idle=104248 iowait=0 irq=29557 softirq=39 steal=0
RT_CPUSTAT sample=285 cpu=cpu0 user=129782 nice=0 system=5749 idle=2473 iowait=0 irq=8089 softirq=94 steal=0
RT_CPUSTAT sample=285 cpu=cpu1 user=182 nice=0 system=786 idle=104607 iowait=0 irq=29657 softirq=40 steal=0
RT_CPUSTAT sample=286 cpu=cpu0 user=130251 nice=0 system=5755 idle=2473 iowait=0 irq=8117 softirq=94 steal=0
RT_CPUSTAT sample=286 cpu=cpu1 user=183 nice=0 system=789 idle=104965 iowait=0 irq=29758 softirq=40 steal=0
RT_CPUSTAT sample=287 cpu=cpu0 user=130722 nice=0 system=5758 idle=2473 iowait=0 irq=8146 softirq=94 steal=0
RT_CPUSTAT sample=287 cpu=cpu1 user=184 nice=0 system=792 idle=105313 iowait=0 irq=29870 softirq=40 steal=0
RT_CPUSTAT sample=288 cpu=cpu0 user=131199 nice=0 system=5759 idle=2473 iowait=0 irq=8173 softirq=95 steal=0
RT_CPUSTAT sample=288 cpu=cpu1 user=184 nice=0 system=796 idle=105668 iowait=0 irq=29977 softirq=40 steal=0
RT_CPUSTAT sample=289 cpu=cpu0 user=131647 nice=0 system=5787 idle=2473 iowait=0 irq=8202 softirq=95 steal=0
RT_CPUSTAT sample=289 cpu=cpu1 user=185 nice=0 system=799 idle=106029 iowait=0 irq=30077 softirq=40 steal=0
RT_CPUSTAT sample=290 cpu=cpu0 user=132086 nice=0 system=5823 idle=2473 iowait=0 irq=8230 softirq=95 steal=0
RT_CPUSTAT sample=290 cpu=cpu1 user=185 nice=0 system=803 idle=106380 iowait=0 irq=30187 softirq=40 steal=0
RT_CPUSTAT sample=291 cpu=cpu0 user=132536 nice=0 system=5849 idle=2473 iowait=0 irq=8258 softirq=95 steal=0
RT_CPUSTAT sample=291 cpu=cpu1 user=185 nice=0 system=805 idle=106736 iowait=0 irq=30292 softirq=40 steal=0
RT_CPUSTAT sample=292 cpu=cpu0 user=132997 nice=0 system=5863 idle=2473 iowait=0 irq=8287 softirq=96 steal=0
RT_CPUSTAT sample=292 cpu=cpu1 user=186 nice=0 system=808 idle=107093 iowait=0 irq=30396 softirq=41 steal=0
RT_CPUSTAT sample=293 cpu=cpu0 user=133442 nice=0 system=5893 idle=2473 iowait=0 irq=8315 softirq=96 steal=0
RT_CPUSTAT sample=293 cpu=cpu1 user=187 nice=0 system=810 idle=107442 iowait=0 irq=30507 softirq=41 steal=0
RT_CPUSTAT sample=294 cpu=cpu0 user=133876 nice=0 system=5936 idle=2473 iowait=0 irq=8344 softirq=96 steal=0
RT_CPUSTAT sample=294 cpu=cpu1 user=187 nice=0 system=814 idle=107794 iowait=0 irq=30616 softirq=41 steal=0
RT_CPUSTAT sample=295 cpu=cpu0 user=134314 nice=0 system=5972 idle=2473 iowait=0 irq=8373 softirq=97 steal=0
RT_CPUSTAT sample=295 cpu=cpu1 user=188 nice=0 system=817 idle=108150 iowait=0 irq=30721 softirq=41 steal=0
RT_CPUSTAT sample=296 cpu=cpu0 user=134780 nice=0 system=5981 idle=2473 iowait=0 irq=8402 softirq=97 steal=0
RT_CPUSTAT sample=296 cpu=cpu1 user=189 nice=0 system=821 idle=108511 iowait=0 irq=30822 softirq=41 steal=0
RT_CPUSTAT sample=297 cpu=cpu0 user=135219 nice=0 system=6019 idle=2473 iowait=0 irq=8430 softirq=97 steal=0
RT_CPUSTAT sample=297 cpu=cpu1 user=189 nice=0 system=825 idle=108869 iowait=0 irq=30925 softirq=41 steal=0
RT_CPUSTAT sample=298 cpu=cpu0 user=135669 nice=0 system=6044 idle=2473 iowait=0 irq=8459 softirq=98 steal=0
RT_CPUSTAT sample=298 cpu=cpu1 user=190 nice=0 system=827 idle=109227 iowait=0 irq=31028 softirq=41 steal=0
RT_CPUSTAT sample=299 cpu=cpu0 user=136144 nice=0 system=6045 idle=2473 iowait=0 irq=8487 softirq=98 steal=0
RT_CPUSTAT sample=299 cpu=cpu1 user=191 nice=0 system=828 idle=109587 iowait=0 irq=31130 softirq=41 steal=0
RT_CPUSTAT sample=300 cpu=cpu0 user=136618 nice=0 system=6045 idle=2473 iowait=0 irq=8515 softirq=98 steal=0
RT_CPUSTAT sample=300 cpu=cpu1 user=192 nice=0 system=832 idle=109942 iowait=0 irq=31234 softirq=42 steal=0
RT_CPUSTAT sample=301 cpu=cpu0 user=137087 nice=0 system=6052 idle=2473 iowait=0 irq=8544 softirq=99 steal=0
RT_CPUSTAT sample=301 cpu=cpu1 user=192 nice=0 system=834 idle=110297 iowait=0 irq=31339 softirq=42 steal=0
RT_CPUSTAT sample=302 cpu=cpu0 user=137557 nice=0 system=6058 idle=2473 iowait=0 irq=8572 softirq=99 steal=0
RT_CPUSTAT sample=302 cpu=cpu1 user=193 nice=0 system=837 idle=110655 iowait=0 irq=31441 softirq=42 steal=0
RT_CPUSTAT sample=303 cpu=cpu0 user=138030 nice=0 system=6060 idle=2473 iowait=0 irq=8600 softirq=99 steal=0
RT_CPUSTAT sample=303 cpu=cpu1 user=194 nice=0 system=842 idle=111013 iowait=0 irq=31543 softirq=42 steal=0
RT_CPUSTAT sample=304 cpu=cpu0 user=138500 nice=0 system=6067 idle=2473 iowait=0 irq=8629 softirq=100 steal=0
RT_CPUSTAT sample=304 cpu=cpu1 user=195 nice=0 system=846 idle=111370 iowait=0 irq=31648 softirq=42 steal=0
RT_CPUSTAT sample=305 cpu=cpu0 user=138927 nice=0 system=6117 idle=2473 iowait=0 irq=8657 softirq=100 steal=0
RT_CPUSTAT sample=305 cpu=cpu1 user=195 nice=0 system=847 idle=111726 iowait=0 irq=31753 softirq=42 steal=0
RT_CPUSTAT sample=306 cpu=cpu0 user=139376 nice=0 system=6143 idle=2473 iowait=0 irq=8685 softirq=100 steal=0
RT_CPUSTAT sample=306 cpu=cpu1 user=197 nice=0 system=850 idle=112080 iowait=0 irq=31860 softirq=43 steal=0
RT_CPUSTAT sample=307 cpu=cpu0 user=139816 nice=0 system=6176 idle=2473 iowait=0 irq=8714 softirq=101 steal=0
RT_CPUSTAT sample=307 cpu=cpu1 user=198 nice=0 system=853 idle=112429 iowait=0 irq=31970 softirq=43 steal=0
RT_CPUSTAT sample=308 cpu=cpu0 user=140281 nice=0 system=6187 idle=2473 iowait=0 irq=8742 softirq=101 steal=0
RT_CPUSTAT sample=308 cpu=cpu1 user=199 nice=0 system=854 idle=112790 iowait=0 irq=32070 softirq=43 steal=0
RT_CPUSTAT sample=309 cpu=cpu0 user=140740 nice=0 system=6204 idle=2473 iowait=0 irq=8771 softirq=101 steal=0
RT_CPUSTAT sample=309 cpu=cpu1 user=199 nice=0 system=857 idle=113147 iowait=0 irq=32173 softirq=43 steal=0
RT_CPUSTAT sample=310 cpu=cpu0 user=141175 nice=0 system=6243 idle=2473 iowait=0 irq=8800 softirq=102 steal=0
RT_CPUSTAT sample=310 cpu=cpu1 user=200 nice=0 system=859 idle=113507 iowait=0 irq=32274 softirq=43 steal=0
RT_CPUSTAT sample=311 cpu=cpu0 user=141640 nice=0 system=6253 idle=2473 iowait=0 irq=8828 softirq=102 steal=0
RT_CPUSTAT sample=311 cpu=cpu1 user=201 nice=0 system=864 idle=113867 iowait=0 irq=32375 softirq=43 steal=0
RT_CPUSTAT sample=312 cpu=cpu0 user=142083 nice=0 system=6285 idle=2473 iowait=0 irq=8857 softirq=102 steal=0
RT_CPUSTAT sample=312 cpu=cpu1 user=201 nice=0 system=867 idle=114223 iowait=0 irq=32479 softirq=43 steal=0
RT_CPUSTAT sample=313 cpu=cpu0 user=142536 nice=0 system=6308 idle=2473 iowait=0 irq=8886 softirq=103 steal=0
RT_CPUSTAT sample=313 cpu=cpu1 user=202 nice=0 system=873 idle=114578 iowait=0 irq=32587 softirq=44 steal=0
RT_CPUSTAT sample=314 cpu=cpu0 user=142987 nice=0 system=6334 idle=2473 iowait=0 irq=8914 softirq=103 steal=0
RT_CPUSTAT sample=314 cpu=cpu1 user=203 nice=0 system=875 idle=114930 iowait=0 irq=32698 softirq=44 steal=0
RT_CPUSTAT sample=315 cpu=cpu0 user=143463 nice=0 system=6334 idle=2473 iowait=0 irq=8942 softirq=103 steal=0
RT_CPUSTAT sample=315 cpu=cpu1 user=203 nice=0 system=877 idle=115282 iowait=0 irq=32807 softirq=44 steal=0
RT_CPUSTAT sample=316 cpu=cpu0 user=143932 nice=0 system=6340 idle=2473 iowait=0 irq=8971 softirq=104 steal=0
RT_CPUSTAT sample=316 cpu=cpu1 user=203 nice=0 system=881 idle=115634 iowait=0 irq=32916 softirq=44 steal=0
RT_CPUSTAT sample=317 cpu=cpu0 user=144399 nice=0 system=6350 idle=2473 iowait=0 irq=8999 softirq=104 steal=0
RT_CPUSTAT sample=317 cpu=cpu1 user=203 nice=0 system=882 idle=115988 iowait=0 irq=33025 softirq=44 steal=0
RT_CPUSTAT sample=318 cpu=cpu0 user=144862 nice=0 system=6364 idle=2473 iowait=0 irq=9027 softirq=104 steal=0
RT_CPUSTAT sample=318 cpu=cpu1 user=204 nice=0 system=887 idle=116348 iowait=0 irq=33125 softirq=44 steal=0
RT_CPUSTAT sample=319 cpu=cpu0 user=145336 nice=0 system=6364 idle=2473 iowait=0 irq=9056 softirq=105 steal=0
RT_CPUSTAT sample=319 cpu=cpu1 user=204 nice=0 system=888 idle=116706 iowait=0 irq=33225 softirq=44 steal=0
RT_CPUSTAT sample=320 cpu=cpu0 user=145791 nice=0 system=6386 idle=2473 iowait=0 irq=9084 softirq=105 steal=0
RT_CPUSTAT sample=320 cpu=cpu1 user=207 nice=0 system=890 idle=117067 iowait=0 irq=33325 softirq=45 steal=0
RT_CPUSTAT sample=321 cpu=cpu0 user=146243 nice=0 system=6410 idle=2473 iowait=0 irq=9113 softirq=105 steal=0
RT_CPUSTAT sample=321 cpu=cpu1 user=208 nice=0 system=892 idle=117426 iowait=0 irq=33429 softirq=45 steal=0
RT_CPUSTAT sample=322 cpu=cpu0 user=146682 nice=0 system=6444 idle=2473 iowait=0 irq=9142 softirq=106 steal=0
RT_CPUSTAT sample=322 cpu=cpu1 user=208 nice=0 system=895 idle=117774 iowait=0 irq=33541 softirq=45 steal=0
RT_CPUSTAT sample=323 cpu=cpu0 user=147140 nice=0 system=6463 idle=2473 iowait=0 irq=9171 softirq=106 steal=0
RT_CPUSTAT sample=323 cpu=cpu1 user=209 nice=0 system=897 idle=118128 iowait=0 irq=33650 softirq=45 steal=0
RT_CPUSTAT sample=324 cpu=cpu0 user=147597 nice=0 system=6481 idle=2473 iowait=0 irq=9199 softirq=106 steal=0
RT_CPUSTAT sample=324 cpu=cpu1 user=210 nice=0 system=901 idle=118484 iowait=0 irq=33755 softirq=45 steal=0
RT_CPUSTAT sample=325 cpu=cpu0 user=148029 nice=0 system=6524 idle=2473 iowait=0 irq=9228 softirq=107 steal=0
RT_CPUSTAT sample=325 cpu=cpu1 user=211 nice=0 system=904 idle=118841 iowait=0 irq=33858 softirq=45 steal=0
RT_CPUSTAT sample=326 cpu=cpu0 user=148468 nice=0 system=6561 idle=2473 iowait=0 irq=9256 softirq=107 steal=0
RT_CPUSTAT sample=326 cpu=cpu1 user=211 nice=0 system=907 idle=119203 iowait=0 irq=33958 softirq=45 steal=0
RT_CPUSTAT sample=327 cpu=cpu0 user=148940 nice=0 system=6565 idle=2473 iowait=0 irq=9284 softirq=107 steal=0
RT_CPUSTAT sample=327 cpu=cpu1 user=212 nice=0 system=912 idle=119565 iowait=0 irq=34056 softirq=45 steal=0
RT_CPUSTAT sample=328 cpu=cpu0 user=149382 nice=0 system=6598 idle=2473 iowait=0 irq=9312 softirq=108 steal=0
RT_CPUSTAT sample=328 cpu=cpu1 user=213 nice=0 system=915 idle=119927 iowait=0 irq=34155 softirq=46 steal=0
RT_CPUSTAT sample=329 cpu=cpu0 user=149837 nice=0 system=6620 idle=2473 iowait=0 irq=9340 softirq=108 steal=0
RT_CPUSTAT sample=329 cpu=cpu1 user=215 nice=0 system=918 idle=120289 iowait=0 irq=34254 softirq=46 steal=0
RT_CPUSTAT sample=330 cpu=cpu0 user=150310 nice=0 system=6620 idle=2473 iowait=0 irq=9368 softirq=108 steal=0
RT_CPUSTAT sample=330 cpu=cpu1 user=217 nice=0 system=919 idle=120648 iowait=0 irq=34355 softirq=46 steal=0
RT_CPUSTAT sample=331 cpu=cpu0 user=150786 nice=0 system=6621 idle=2473 iowait=0 irq=9396 softirq=109 steal=0
RT_CPUSTAT sample=331 cpu=cpu1 user=218 nice=0 system=922 idle=121001 iowait=0 irq=34462 softirq=46 steal=0
RT_CPUSTAT sample=332 cpu=cpu0 user=151251 nice=0 system=6631 idle=2473 iowait=0 irq=9424 softirq=109 steal=0
RT_CPUSTAT sample=332 cpu=cpu1 user=218 nice=0 system=925 idle=121363 iowait=0 irq=34561 softirq=46 steal=0
RT_CPUSTAT sample=333 cpu=cpu0 user=151716 nice=0 system=6641 idle=2473 iowait=0 irq=9453 softirq=109 steal=0
RT_CPUSTAT sample=333 cpu=cpu1 user=219 nice=0 system=929 idle=121714 iowait=0 irq=34671 softirq=46 steal=0
RT_CPUSTAT sample=334 cpu=cpu0 user=152191 nice=0 system=6642 idle=2473 iowait=0 irq=9483 softirq=109 steal=0
RT_CPUSTAT sample=334 cpu=cpu1 user=220 nice=0 system=931 idle=122065 iowait=0 irq=34783 softirq=47 steal=0
RT_CPUSTAT sample=335 cpu=cpu0 user=152661 nice=0 system=6647 idle=2473 iowait=0 irq=9511 softirq=110 steal=0
RT_CPUSTAT sample=335 cpu=cpu1 user=222 nice=0 system=935 idle=122426 iowait=0 irq=34883 softirq=47 steal=0
RT_CPUSTAT sample=336 cpu=cpu0 user=153084 nice=0 system=6702 idle=2473 iowait=0 irq=9540 softirq=110 steal=0
RT_CPUSTAT sample=336 cpu=cpu1 user=223 nice=0 system=937 idle=122787 iowait=0 irq=34984 softirq=47 steal=0
RT_CPUSTAT sample=337 cpu=cpu0 user=153537 nice=0 system=6723 idle=2473 iowait=0 irq=9568 softirq=110 steal=0
RT_CPUSTAT sample=337 cpu=cpu1 user=223 nice=0 system=937 idle=123137 iowait=0 irq=35096 softirq=47 steal=0
RT_CPUSTAT sample=338 cpu=cpu0 user=153980 nice=0 system=6755 idle=2473 iowait=0 irq=9597 softirq=111 steal=0
RT_CPUSTAT sample=338 cpu=cpu1 user=224 nice=0 system=940 idle=123492 iowait=0 irq=35201 softirq=47 steal=0
RT_CPUSTAT sample=339 cpu=cpu0 user=154445 nice=0 system=6766 idle=2473 iowait=0 irq=9625 softirq=111 steal=0
RT_CPUSTAT sample=339 cpu=cpu1 user=224 nice=0 system=941 idle=123847 iowait=0 irq=35306 softirq=47 steal=0
RT_CPUSTAT sample=340 cpu=cpu0 user=154898 nice=0 system=6786 idle=2473 iowait=0 irq=9653 softirq=111 steal=0
RT_CPUSTAT sample=340 cpu=cpu1 user=225 nice=0 system=946 idle=124204 iowait=0 irq=35409 softirq=47 steal=0
RT_CPUSTAT sample=341 cpu=cpu0 user=155331 nice=0 system=6830 idle=2473 iowait=0 irq=9682 softirq=112 steal=0
RT_CPUSTAT sample=341 cpu=cpu1 user=225 nice=0 system=948 idle=124564 iowait=0 irq=35509 softirq=48 steal=0
RT_CPUSTAT sample=342 cpu=cpu0 user=155795 nice=0 system=6842 idle=2473 iowait=0 irq=9711 softirq=112 steal=0
RT_CPUSTAT sample=342 cpu=cpu1 user=227 nice=0 system=951 idle=124918 iowait=0 irq=35615 softirq=48 steal=0
RT_CPUSTAT sample=343 cpu=cpu0 user=156243 nice=0 system=6869 idle=2473 iowait=0 irq=9738 softirq=113 steal=0
RT_CPUSTAT sample=343 cpu=cpu1 user=227 nice=0 system=952 idle=125281 iowait=0 irq=35714 softirq=48 steal=0
RT_CPUSTAT sample=344 cpu=cpu0 user=156689 nice=0 system=6899 idle=2473 iowait=0 irq=9767 softirq=113 steal=0
RT_CPUSTAT sample=344 cpu=cpu1 user=228 nice=0 system=955 idle=125641 iowait=0 irq=35813 softirq=48 steal=0
RT_CPUSTAT sample=345 cpu=cpu0 user=157150 nice=0 system=6912 idle=2473 iowait=0 irq=9796 softirq=113 steal=0
RT_CPUSTAT sample=345 cpu=cpu1 user=228 nice=0 system=957 idle=125998 iowait=0 irq=35914 softirq=48 steal=0
RT_CPUSTAT sample=346 cpu=cpu0 user=157625 nice=0 system=6914 idle=2473 iowait=0 irq=9825 softirq=114 steal=0
RT_CPUSTAT sample=346 cpu=cpu1 user=229 nice=0 system=960 idle=126358 iowait=0 irq=36015 softirq=48 steal=0
RT_CPUSTAT sample=347 cpu=cpu0 user=158095 nice=0 system=6920 idle=2473 iowait=0 irq=9853 softirq=114 steal=0
RT_CPUSTAT sample=347 cpu=cpu1 user=229 nice=0 system=964 idle=126715 iowait=0 irq=36120 softirq=49 steal=0
RT_CPUSTAT sample=348 cpu=cpu0 user=158563 nice=0 system=6928 idle=2473 iowait=0 irq=9881 softirq=114 steal=0
RT_CPUSTAT sample=348 cpu=cpu1 user=230 nice=0 system=966 idle=127078 iowait=0 irq=36218 softirq=49 steal=0
RT_CPUSTAT sample=349 cpu=cpu0 user=159038 nice=0 system=6930 idle=2473 iowait=0 irq=9909 softirq=115 steal=0
RT_CPUSTAT sample=349 cpu=cpu1 user=231 nice=0 system=969 idle=127437 iowait=0 irq=36322 softirq=49 steal=0
RT_CPUSTAT sample=350 cpu=cpu0 user=159512 nice=0 system=6931 idle=2473 iowait=0 irq=9937 softirq=115 steal=0
RT_CPUSTAT sample=350 cpu=cpu1 user=231 nice=0 system=972 idle=127790 iowait=0 irq=36429 softirq=49 steal=0
RT_CPUSTAT sample=351 cpu=cpu0 user=159950 nice=0 system=6966 idle=2473 iowait=0 irq=9966 softirq=115 steal=0
RT_CPUSTAT sample=351 cpu=cpu1 user=231 nice=0 system=975 idle=128142 iowait=0 irq=36536 softirq=49 steal=0
RT_CPUSTAT sample=352 cpu=cpu0 user=160406 nice=0 system=6987 idle=2473 iowait=0 irq=9995 softirq=116 steal=0
RT_CPUSTAT sample=352 cpu=cpu1 user=232 nice=0 system=979 idle=128496 iowait=0 irq=36643 softirq=49 steal=0
RT_CPUSTAT sample=353 cpu=cpu0 user=160859 nice=0 system=7010 idle=2473 iowait=0 irq=10023 softirq=116 steal=0
RT_CPUSTAT sample=353 cpu=cpu1 user=233 nice=0 system=981 idle=128852 iowait=0 irq=36748 softirq=49 steal=0
RT_CPUSTAT sample=354 cpu=cpu0 user=161319 nice=0 system=7025 idle=2473 iowait=0 irq=10052 softirq=116 steal=0
RT_CPUSTAT sample=354 cpu=cpu1 user=234 nice=0 system=984 idle=129212 iowait=0 irq=36846 softirq=50 steal=0
RT_CPUSTAT sample=355 cpu=cpu0 user=161772 nice=0 system=7046 idle=2473 iowait=0 irq=10080 softirq=117 steal=0
RT_CPUSTAT sample=355 cpu=cpu1 user=235 nice=0 system=987 idle=129572 iowait=0 irq=36945 softirq=50 steal=0
RT_CPUSTAT sample=356 cpu=cpu0 user=162198 nice=0 system=7098 idle=2473 iowait=0 irq=10109 softirq=117 steal=0
RT_CPUSTAT sample=356 cpu=cpu1 user=235 nice=0 system=990 idle=129924 iowait=0 irq=37055 softirq=50 steal=0
RT_CPUSTAT sample=357 cpu=cpu0 user=162831 nice=0 system=7137 idle=2473 iowait=0 irq=10150 softirq=117 steal=0
RT_CPUSTAT sample=357 cpu=cpu1 user=240 nice=0 system=992 idle=130675 iowait=0 irq=37129 softirq=50 steal=0
RT_CPUSTAT sample=358 cpu=cpu0 user=163350 nice=0 system=7174 idle=2473 iowait=0 irq=10184 softirq=118 steal=0
RT_CPUSTAT sample=358 cpu=cpu1 user=240 nice=0 system=992 idle=131409 iowait=0 irq=37129 softirq=50 steal=0
RT_CPUSTAT sample=359 cpu=cpu0 user=163834 nice=0 system=7200 idle=2473 iowait=0 irq=10215 softirq=118 steal=0
RT_CPUSTAT sample=359 cpu=cpu1 user=240 nice=0 system=992 idle=132096 iowait=0 irq=37129 softirq=50 steal=0
RT_CPUSTAT sample=360 cpu=cpu0 user=164332 nice=0 system=7204 idle=2473 iowait=0 irq=10246 softirq=118 steal=0
RT_CPUSTAT sample=360 cpu=cpu1 user=240 nice=0 system=992 idle=132774 iowait=0 irq=37129 softirq=50 steal=0
RT_CPUSTAT sample=361 cpu=cpu0 user=164828 nice=0 system=7205 idle=2473 iowait=0 irq=10276 softirq=119 steal=0
RT_CPUSTAT sample=361 cpu=cpu1 user=240 nice=0 system=992 idle=133444 iowait=0 irq=37129 softirq=50 steal=0
RT_CPUSTAT sample=362 cpu=cpu0 user=165314 nice=0 system=7216 idle=2473 iowait=0 irq=10306 softirq=119 steal=0
RT_CPUSTAT sample=362 cpu=cpu1 user=240 nice=0 system=992 idle=134115 iowait=0 irq=37129 softirq=50 steal=0
RT_CPUSTAT sample=363 cpu=cpu0 user=165790 nice=0 system=7232 idle=2473 iowait=0 irq=10337 softirq=119 steal=0
RT_CPUSTAT sample=363 cpu=cpu1 user=240 nice=0 system=992 idle=134782 iowait=0 irq=37129 softirq=50 steal=0
RT_CPUSTAT sample=364 cpu=cpu0 user=166285 nice=0 system=7233 idle=2473 iowait=0 irq=10368 softirq=119 steal=0
RT_CPUSTAT sample=364 cpu=cpu1 user=240 nice=0 system=992 idle=135453 iowait=0 irq=37129 softirq=50 steal=0
RT_CPUSTAT sample=365 cpu=cpu0 user=166769 nice=0 system=7245 idle=2473 iowait=0 irq=10398 softirq=120 steal=0
RT_CPUSTAT sample=365 cpu=cpu1 user=240 nice=0 system=992 idle=136122 iowait=0 irq=37129 softirq=50 steal=0
RT_CPUSTAT sample=366 cpu=cpu0 user=167239 nice=0 system=7265 idle=2473 iowait=0 irq=10428 softirq=120 steal=0
RT_CPUSTAT sample=366 cpu=cpu1 user=240 nice=0 system=992 idle=136787 iowait=0 irq=37129 softirq=50 steal=0
RT_CPUSTAT sample=367 cpu=cpu0 user=167709 nice=0 system=7291 idle=2473 iowait=0 irq=10458 softirq=120 steal=0
RT_CPUSTAT sample=367 cpu=cpu1 user=240 nice=0 system=992 idle=137458 iowait=0 irq=37129 softirq=50 steal=0
RT_CPUSTAT sample=368 cpu=cpu0 user=168190 nice=0 system=7305 idle=2473 iowait=0 irq=10488 softirq=121 steal=0
RT_CPUSTAT sample=368 cpu=cpu1 user=240 nice=0 system=992 idle=138127 iowait=0 irq=37129 softirq=50 steal=0
RT_CPUSTAT sample=369 cpu=cpu0 user=168668 nice=0 system=7324 idle=2473 iowait=0 irq=10518 softirq=121 steal=0
RT_CPUSTAT sample=369 cpu=cpu1 user=240 nice=0 system=992 idle=138797 iowait=0 irq=37129 softirq=50 steal=0
RT_CPUSTAT sample=370 cpu=cpu0 user=169126 nice=0 system=7357 idle=2473 iowait=0 irq=10550 softirq=121 steal=0
RT_CPUSTAT sample=370 cpu=cpu1 user=240 nice=0 system=992 idle=139464 iowait=0 irq=37129 softirq=50 steal=0
RT_CPUSTAT sample=371 cpu=cpu0 user=169600 nice=0 system=7374 idle=2473 iowait=0 irq=10580 softirq=121 steal=0
RT_CPUSTAT sample=371 cpu=cpu1 user=240 nice=0 system=992 idle=140129 iowait=0 irq=37129 softirq=50 steal=0
RT_CPUSTAT sample=372 cpu=cpu0 user=170034 nice=0 system=7418 idle=2473 iowait=0 irq=10609 softirq=122 steal=0
RT_CPUSTAT sample=372 cpu=cpu1 user=240 nice=0 system=992 idle=140780 iowait=0 irq=37129 softirq=50 steal=0
RT_INIT_DONE scenario=stress-rt
[ 1978.507182] reboot: Power down
[37m[1981.901413 2:17 axvm::runtime::hvc:352] [33mVM[1] PSCI_SYSTEM_OFF[m
[m[37m[1981.901627 2:17 axvm::vm:1360] [32mStopping VM[1]: SystemDown[m
[m
[37m[1981.902016 2:17 axvm::runtime::vcpus:800] [33mVM[1] VCpu[0] stopping because of VM stopping[m[Axvisor] VM[1] stopped; returning to the management shell
[m[37m[1981.902097 3:22 axvm::runtime::vcpus:800] [33mVM[1] VCpu[1] stopping because of VM stopping[m

[m
[2Kaxvisor:$ [37m[1982.182599 2:17 axvm::runtime::vcpus:838] [32mVM[1] VCpu[0] exiting...[m
[m[37m[1982.182658 3:22 axvm::runtime::vcpus:807] [32mVM[1] VCpu[1] last VCpu exiting, decreasing running VM count[m
[m[37m[1982.190580 3:22 axvm::runtime::vcpus:817] [32mVM[1] state changed to Stopped[m
[m[37m[1982.190804 3:22 axvm::runtime::vcpus:838] [32mVM[1] VCpu[1] exiting...[m
[m
[2Kaxvisor:$ v
[2Kaxvisor:$ vm
[2Kaxvisor:$ vme
[2Kaxvisor:$ vmex
[2Kaxvisor:$ vmexi
[2Kaxvisor:$ vmexit
[2Kaxvisor:$ vmexit 
[2Kaxvisor:$ vmexit s
[2Kaxvisor:$ vmexit st
[2Kaxvisor:$ vmexit sta
[2Kaxvisor:$ vmexit stat
