rt_experiment scenario=idle mode=duration start_ns=1786818952358028952 expected_runtime_sec=1800
[host_monotonic_s=130008.342251] VM Load @PA:0x40200000
[host_monotonic_s=130008.342313] VM Load Offset: 0xffff0000c0200000
[host_monotonic_s=130008.343630] Memory Map:
[host_monotonic_s=130008.344846]   Free   0x00000040000000 - 0x00000040200000 (2 MiB)
[host_monotonic_s=130008.344891]   KImg   0x00000040200000 - 0x00000044c00000 (74 MiB)
[host_monotonic_s=130008.346068]   Free   0x00000044c00000 - 0x00000240000000 (7.93 GiB)
[host_monotonic_s=130008.346219] Initialize RAM allocator: 0x44c00000..0x240000000
[host_monotonic_s=130008.375136] Reserving CPU-local areas
[host_monotonic_s=130008.377416] CPU-local area stride: 0x44000 bytes
[host_monotonic_s=130008.377522] Total CPU-local allocation: 0x110000 bytes (4 CPUs)
[host_monotonic_s=130008.377712] Flushed RAM used range to memory map: 0x44c00000..0x44d00000, current: 0x44d00000
[host_monotonic_s=130008.377852] Flushed RAM used range to memory map: 0x44d00000..0x44e10000, current: 0x44e10000
[host_monotonic_s=130008.379211] CPU-local areas allocated at 0x44d00000 - 0x44e10000
[host_monotonic_s=130008.379213] EL: 2
[host_monotonic_s=130008.379239] Mapping early memory regions...
[host_monotonic_s=130008.379991] Ram                 : [0x0000000040000000, 0x0000000240000000) -> [0x0000000040000000, 0x0000000240000000) (8 GiB)
[host_monotonic_s=130008.380488] KImage              : [0x0000ffff80000000, 0x0000ffff84a00000) -> [0x0000000040200000, 0x0000000044c00000) (74 MiB)
[host_monotonic_s=130008.380807] PerCpu              : [0x0000ff0044d00000, 0x0000ff0044e10000) -> [0x0000000044d00000, 0x0000000044e10000) (1.06 MiB)
[host_monotonic_s=130008.381026] Debug serial        : [0x0000000009000000, 0x0000000009001000) -> [0x0000000009000000, 0x0000000009001000) (4 KiB)
[host_monotonic_s=130008.381156] Boot page table at physical address: PA:0x44e10000
[host_monotonic_s=130008.381197] Setting up table registers...
[host_monotonic_s=130008.381356] MMU Entry point at physical address: 0x403bc31c
[host_monotonic_s=130008.385811] Trap vector at 0xffff801c0000
[host_monotonic_s=130008.386156] Memory Map:
[host_monotonic_s=130008.387345]   MMIO   0x00000009000000 - 0x00000009001000 (4 KiB)
[host_monotonic_s=130008.387440]   Free   0x00000040000000 - 0x00000040200000 (2 MiB)
[host_monotonic_s=130008.387630]   KImg   0x00000040200000 - 0x00000044c00000 (74 MiB)
[host_monotonic_s=130008.387632]   Rsv    0x00000044c00000 - 0x00000044d00000 (1 MiB)
[host_monotonic_s=130008.388704]   PerCPU 0x00000044d00000 - 0x00000044e10000 (1.06 MiB)
[host_monotonic_s=130008.388707]   Rsv    0x00000044e10000 - 0x00000044e1a000 (40 KiB)
[host_monotonic_s=130008.389153]   Free   0x00000044e1a000 - 0x00000240000000 (7.92 GiB)
[host_monotonic_s=130008.392871] Jumping to main entry point at 0xffff801a413c with SP 0x0000ff0044d44000
[host_monotonic_s=130008.394379] 
[host_monotonic_s=130008.394419]        d8888                            .d88888b.   .d8888b.
[host_monotonic_s=130008.394496]       d88888                           d88P" "Y88b d88P  Y88b
[host_monotonic_s=130008.394558]      d88P888                           888     888 Y88b.
[host_monotonic_s=130008.394622]     d88P 888 888d888  .d8888b  .d88b.  888     888  "Y888b.
[host_monotonic_s=130008.394693]    d88P  888 888P"   d88P"    d8P  Y8b 888     888     "Y88b.
[host_monotonic_s=130008.394766]   d88P   888 888     888      88888888 888     888       "888
[host_monotonic_s=130008.394830]  d8888888888 888     Y88b.    Y8b.     Y88b. .d88P Y88b  d88P
[host_monotonic_s=130008.394897] d88P     888 888      "Y8888P  "Y8888   "Y88888P"   "Y8888P"
[host_monotonic_s=130008.394922] 
[host_monotonic_s=130008.395326] arch = aarch64
[host_monotonic_s=130008.395328] platform = linux,dummy-virt
[host_monotonic_s=130008.395356] target = aarch64-unknown-none-softfloat
[host_monotonic_s=130008.395364] build_mode = 
[host_monotonic_s=130008.395386] log_level = info
[host_monotonic_s=130008.395415] backtrace = false
[host_monotonic_s=130008.395540] smp = 4
[host_monotonic_s=130008.395542] 
[host_monotonic_s=130008.396087] [37m[  0.059326 ax_runtime:220] [32mLogging is enabled.[m
[host_monotonic_s=130008.396243] [m[37m[  0.059766 ax_runtime:221] [32mPrimary CPU 0 started, arg = 0x44c00000.[m
[host_monotonic_s=130008.396340] [m[37m[  0.059890 ax_runtime:223] [32mFound physcial memory regions:[m
[host_monotonic_s=130008.397589] [m[37m[  0.060823 ax_runtime:225] [32m  [PA:0x9000000, PA:0x9001000) mmio (READ | WRITE | DEVICE | RESERVED)[m
[host_monotonic_s=130008.397745] [m[37m[  0.061222 ax_runtime:225] [32m  [PA:0x40000000, PA:0x40200000) free memory (READ | WRITE | FREE)[m
[host_monotonic_s=130008.397889] [m[37m[  0.061382 ax_runtime:225] [32m  [PA:0x40200000, PA:0x44c00000) reserved (READ | WRITE | EXECUTE | RESERVED)[m
[host_monotonic_s=130008.398036] [m[37m[  0.061531 ax_runtime:225] [32m  [PA:0x44c00000, PA:0x44d00000) reserved (READ | WRITE | EXECUTE | RESERVED)[m
[host_monotonic_s=130008.398182] [m[37m[  0.061676 ax_runtime:225] [32m  [PA:0x44d00000, PA:0x44e10000) reserved (READ | WRITE | EXECUTE | RESERVED)[m
[host_monotonic_s=130008.398332] [m[37m[  0.061821 ax_runtime:225] [32m  [PA:0x44e10000, PA:0x44e1a000) reserved (READ | WRITE | EXECUTE | RESERVED)[m
[host_monotonic_s=130008.398463] [m[37m[  0.061968 ax_runtime:225] [32m  [PA:0x44e1a000, PA:0x240000000) free memory (READ | WRITE | FREE)[m
[host_monotonic_s=130008.398594] [m[37m[  0.062129 ax_runtime:375] [32mInitialize global memory allocator...[m
[host_monotonic_s=130008.398726] [m[37m[  0.062250 ax_runtime:376] [32m  use buddy-slab-allocator allocator.[m
[host_monotonic_s=130008.398978] [m[37m[  0.062466 ax_alloc::buddy_slab:158] [32mInitialize global memory allocator, start_vaddr: 0x44e1a000, size: 0x1fb1e6000[m
[host_monotonic_s=130008.406864] [m[37m[  0.070367 ax_alloc::buddy_slab:424] [32mglobal allocator initialized[m
[host_monotonic_s=130008.407082] [m[37m[  0.070582 ax_alloc::buddy_slab:168] [32mAdd memory region, start_vaddr: 0x40000000, size: 0x200000[m
[host_monotonic_s=130008.407382] [m[37m[  0.070788 buddy_slab_allocator::global:151] [32mGlobalAllocator: skip region 0x40000000+0x200000, no allocator-visible memory after 2097152 alignment[m
[host_monotonic_s=130008.407743] [m[37m[  0.071251 ax_runtime:260] [32mkernel aspace: [VA:0x0, VA:0xffffffffffffffff)[m
[host_monotonic_s=130008.407921] [m[37m[  0.071464 ax_mm:103] [32mInitialize virtual memory management...[m
[host_monotonic_s=130009.208548] [m[37m[  0.682988 ax_runtime:272] [32mInitialize platform devices...[m
[host_monotonic_s=130009.208559] [m[37m[  0.689722 someboot::arch::power:23] [32mPower management method : SMC[m
[host_monotonic_s=130009.208562] [m[37m[  0.689915 somehal::driver:5] [32mInitializing rdrive with FDT at 0x44c00000[m
[host_monotonic_s=130009.208677] [m[37m[  0.702923 somehal::arch::gic::v3:274] [32mGICv3 CPU 0 EOI mode: two_step=true[m
[host_monotonic_s=130009.223843] [m[37m[  0.887330 ax_task::api:158] [32mInitialize scheduling...[m
[host_monotonic_s=130009.225138] [m[37m[  0.888610 ax_task::api:166] [32m  use FIFO scheduler.[m
[host_monotonic_s=130009.225420] [m[37m[  0.888965 ax_runtime:300] [32mInitialize interrupt handlers...[m
[host_monotonic_s=130009.227672] [m[37m[  0.891163 ax_runtime::devices:2] [32mProbe platform devices...[m
[host_monotonic_s=130009.241613] [m[37m[  0.905095 somehal::arch::gic::v3:274] [32mGICv3 CPU 1 EOI mode: two_step=true[m
[host_monotonic_s=130009.241905] [m[37m[  0.905446 ax_runtime::mp:79] [32mSecondary CPU 1 started.[m
[host_monotonic_s=130009.242617] [m[37m[  0.906106 ax_runtime::mp:110] [32mSecondary CPU 1 init OK.[m
[host_monotonic_s=130009.252435] [m[37m[  0.915867 somehal::arch::gic::v3:274] [32mGICv3 CPU 2 EOI mode: two_step=true[m
[host_monotonic_s=130009.252696] [m[37m[  0.916119 ax_runtime::mp:79] [32mSecondary CPU 2 started.[m
[host_monotonic_s=130009.253104] [m[37m[  0.916565 ax_runtime::mp:110] [32mSecondary CPU 2 init OK.[m
[host_monotonic_s=130009.263405] [m[37m[  0.926835 somehal::arch::gic::v3:274] [32mGICv3 CPU 3 EOI mode: two_step=true[m
[host_monotonic_s=130009.263590] [m[37m[  0.927069 ax_runtime::mp:79] [32mSecondary CPU 3 started.[m
[host_monotonic_s=130009.263694] [m[37m[  0.927128 ax_runtime:348] [32mPrimary CPU 0 init OK.[m
[host_monotonic_s=130009.264134] [m[37m[  0.927600 ax_runtime::mp:110] [32mSecondary CPU 3 init OK.[m
[host_monotonic_s=130009.266515] [m
[host_monotonic_s=130009.266802] 
[host_monotonic_s=130009.266804]        d8888            888     888  d8b
[host_monotonic_s=130009.266869]       d88888            888     888  Y8P
[host_monotonic_s=130009.266919]      d88P888            888     888
[host_monotonic_s=130009.267027]     d88P 888  888  888  Y88b   d88P  888  .d8888b    .d88b.   888d888
[host_monotonic_s=130009.267127]    d88P  888  `Y8bd8P'   Y88b d88P   888  88K       d88""88b  888P"
[host_monotonic_s=130009.267363]   d88P   888    X88K      Y88o88P    888  "Y8888b.  888  888  888
[host_monotonic_s=130009.267384]  d8888888888  .d8""8b.     Y888P     888       X88  Y88..88P  888
[host_monotonic_s=130009.267432] d88P     888  888  888      Y8P      888   88888P'   "Y88P"   888
[host_monotonic_s=130009.267552] 
[host_monotonic_s=130009.267554] 
[host_monotonic_s=130009.267555] by AxVisor Team
[host_monotonic_s=130009.267556] 
[host_monotonic_s=130009.267737] [37m[  0.931244 0:2 axvisor:80] [32mStarting virtualization...[m
[host_monotonic_s=130009.267955] [m[37m[  0.931458 0:2 axvm::host::arceos:330] [32mEnabling hardware virtualization support on all cores...[m
[host_monotonic_s=130009.268157] [m[37m[  0.931662 0:2 axvm::host::arceos:336] [32mCore 0 is initializing hardware virtualization support...[m
[host_monotonic_s=130009.268342] [m[37m[  0.931877 0:2 axvm::timer:349] [32mInitializing AxVM timer wheel...[m
[host_monotonic_s=130009.274017] [m[37m[  0.937483 0:2 axvm::host::arceos:338] [32mHardware virtualization support enabled on core 0[m
[host_monotonic_s=130009.274910] [m[37m[  0.938327 0:2 axvm::host::arceos:361] [32mWaiting for all cores to enable hardware virtualization...[m
[host_monotonic_s=130009.275602] [m[37m[  0.939052 1:11 axvm::host::arceos:348] [32mCore 1 is initializing hardware virtualization support...[m
[host_monotonic_s=130009.275932] [m[37m[  0.939106 3:13 axvm::host::arceos:348] [32mCore 3 is initializing hardware virtualization support...[m
[host_monotonic_s=130009.276061] [m[37m[  0.939252 1:11 axvm::timer:349] [32mInitializing AxVM timer wheel...[m
[host_monotonic_s=130009.276383] [m[37m[  0.939091 2:12 axvm::host::arceos:348] [32mCore 2 is initializing hardware virtualization support...[m
[host_monotonic_s=130009.276626] [m[37m[  0.939587 3:13 axvm::timer:349] [32mInitializing AxVM timer wheel...[m
[host_monotonic_s=130009.276788] [m[37m[  0.940110 1:11 axvm::host::arceos:351] [32mHardware virtualization support enabled on core 1[m
[host_monotonic_s=130009.277053] [m[37m[  0.940044 2:12 axvm::timer:349] [32mInitializing AxVM timer wheel...[m
[host_monotonic_s=130009.277352] [m[37m[  0.940437 3:13 axvm::host::arceos:351] [32mHardware virtualization support enabled on core 3[m
[host_monotonic_s=130009.277636] [m[37m[  0.940927 2:12 axvm::host::arceos:351] [32mHardware virtualization support enabled on core 2[m
[host_monotonic_s=130009.278789] [m[37m[  0.942229 0:2 axvm::host::arceos:372] [32mAll cores have enabled hardware virtualization support.[m
[host_monotonic_s=130009.279026] [m[37m[  0.942559 0:2 axvisor::config:91] [32mUsing static VM configs.[m
[host_monotonic_s=130009.296697] [m[37m[  0.958913 0:2 axvm::arch::aarch64::fdt::core:79] [32mVM[1] virtual GIC follows host firmware resources: GuestGicProfile { compatible: "arm,gic-v3", node_path: "/intc@8000000", node_phandle: Some(32773), distributor: GuestMmioRegion { base: 134217728, length: 65536 }, cpu_region: Redistributors(GuestGicRedistributorProfile { regions: [GuestMmioRegion { base: 134873088, length: 16121856 }], stride: 131072 }), its: [GuestItsProfile { id: ItsId(0), node_path: "/intc@8000000/its@8080000", node_phandle: Some(32774), registers: GuestMmioRegion { base: 134742016, length: 131072 } }] }[m
[host_monotonic_s=130009.298215] [m[37m[  0.961704 0:2 axvm::arch::aarch64::fdt::core:93] [32mVM[1] architectural timer follows host firmware PPIs[m
[host_monotonic_s=130009.302240] [m[37m[  0.965710 0:2 axvm::arch::aarch64::fdt::core::parser:442] [32mCPU node: /cpus/cpu@0, node_id: 0x0, hardware_cpu_id: 0x0[m
[host_monotonic_s=130009.302445] [m[37m[  0.965936 0:2 axvm::arch::aarch64::fdt::core::parser:442] [32mCPU node: /cpus/cpu@1, node_id: 0x1, hardware_cpu_id: 0x1[m
[host_monotonic_s=130009.302758] [m[37m[  0.966132 0:2 axvm::arch::aarch64::fdt::core::parser:442] [32mCPU node: /cpus/cpu@2, node_id: 0x2, hardware_cpu_id: 0x2[m
[host_monotonic_s=130009.303106] [m[37m[  0.966442 0:2 axvm::arch::aarch64::fdt::core::parser:442] [32mCPU node: /cpus/cpu@3, node_id: 0x3, hardware_cpu_id: 0x3[m
[host_monotonic_s=130009.303476] [m[37m[  0.966923 0:2 axvm::arch::aarch64::fdt::core::parser:449] [32mFound 4 host CPU nodes[m
[host_monotonic_s=130009.304157] [m[37m[  0.967611 0:2 axvm::arch::aarch64::fdt::core:144] [32mVM[1] DTB not found, generating from the VM configuration[m
[host_monotonic_s=130009.315302] [m[37m[  0.978696 0:2 axvm::arch::aarch64::fdt::core::device:96] [32mFound excluded devices: ["/intc@8000000", "/pl011@9000000", "/timer", "/intc@8000000/its@8080000"][m
[host_monotonic_s=130009.325594] [m[37m[  0.989011 0:2 axvm::arch::aarch64::fdt::core::device:96] [32mFound excluded devices: ["/intc@8000000", "/pl011@9000000", "/timer", "/intc@8000000/its@8080000"][m
[host_monotonic_s=130009.326560] [m[37m[  0.990051 0:2 axvisor::config:258] [32mCreating VM[1] "rt-partition-linux"[m
[host_monotonic_s=130009.343367] [m[37m[  1.006858 0:2 axvm::vm:1044] [32mVM created: id=1[m
[host_monotonic_s=130010.708059] [m[37m[  2.071089 0:2 axvisor::config:270] [32mVM[1] created success, loading images...[m
[host_monotonic_s=130010.708070] [m[37m[  2.179062 0:2 axvm::boot::images:137] [32mLoading ramdisk image from memory (19620641 bytes) into GPA @0x84000000[m
[host_monotonic_s=130010.708073] [m[37m[  2.233312 0:2 axdevice::device:1232] [32mDeviceRuntime: registered device id=0[m
[host_monotonic_s=130010.709775] [m[37m[  2.373020 0:2 axdevice::device:1232] [32mDeviceRuntime: registered device id=1[m
[host_monotonic_s=130010.710452] [m[37m[  2.373750 0:2 axdevice::device:1232] [32mDeviceRuntime: registered device id=2[m
[host_monotonic_s=130010.716508] [m[37m[  2.379895 0:2 axdevice::device:1232] [32mDeviceRuntime: registered device id=3[m
[host_monotonic_s=130010.719756] [m[37m[  2.383232 0:2 axdevice::device:1232] [32mDeviceRuntime: registered device id=4[m
[host_monotonic_s=130010.723556] [m[37m[  2.387050 0:2 axvm::vm::prepare:82] [32mVM setup: id=1[m
[host_monotonic_s=130010.726682] [m[37m[  2.389619 0:2 axvm::arch::aarch64::fdt::core:79] [32mVM[2] virtual GIC follows host firmware resources: GuestGicProfile { compatible: "arm,gic-v3", node_path: "/intc@8000000", node_phandle: Some(32773), distributor: GuestMmioRegion { base: 134217728, length: 65536 }, cpu_region: Redistributors(GuestGicRedistributorProfile { regions: [GuestMmioRegion { base: 134873088, length: 16121856 }], stride: 131072 }), its: [GuestItsProfile { id: ItsId(0), node_path: "/intc@8000000/its@8080000", node_phandle: Some(32774), registers: GuestMmioRegion { base: 134742016, length: 131072 } }] }[m
[host_monotonic_s=130010.726973] [m[37m[  2.390433 0:2 axvm::arch::aarch64::fdt::core:93] [32mVM[2] architectural timer follows host firmware PPIs[m
[host_monotonic_s=130010.730592] [m[37m[  2.394059 0:2 axvm::arch::aarch64::fdt::core::parser:442] [32mCPU node: /cpus/cpu@0, node_id: 0x0, hardware_cpu_id: 0x0[m
[host_monotonic_s=130010.730792] [m[37m[  2.394240 0:2 axvm::arch::aarch64::fdt::core::parser:442] [32mCPU node: /cpus/cpu@1, node_id: 0x1, hardware_cpu_id: 0x1[m
[host_monotonic_s=130010.731021] [m[37m[  2.394455 0:2 axvm::arch::aarch64::fdt::core::parser:442] [32mCPU node: /cpus/cpu@2, node_id: 0x2, hardware_cpu_id: 0x2[m
[host_monotonic_s=130010.731202] [m[37m[  2.394683 0:2 axvm::arch::aarch64::fdt::core::parser:442] [32mCPU node: /cpus/cpu@3, node_id: 0x3, hardware_cpu_id: 0x3[m
[host_monotonic_s=130010.731438] [m[37m[  2.394881 0:2 axvm::arch::aarch64::fdt::core::parser:449] [32mFound 4 host CPU nodes[m
[host_monotonic_s=130010.731663] [m[37m[  2.395093 0:2 axvm::arch::aarch64::fdt::core:144] [32mVM[2] DTB not found, generating from the VM configuration[m
[host_monotonic_s=130010.739479] [m[37m[  2.402904 0:2 axvm::arch::aarch64::fdt::core::device:96] [32mFound excluded devices: ["/intc@8000000", "/pl011@9000000", "/timer", "/intc@8000000/its@8080000"][m
[host_monotonic_s=130010.744335] [m[37m[  2.407723 0:2 axvm::arch::aarch64::fdt::core::device:96] [32mFound excluded devices: ["/intc@8000000", "/pl011@9000000", "/timer", "/intc@8000000/its@8080000"][m
[host_monotonic_s=130010.744819] [m[37m[  2.408301 0:2 axvisor::config:258] [32mCreating VM[2] "rt-partition-zephyr"[m
[host_monotonic_s=130010.746047] [m[37m[  2.409491 0:2 axvm::vm:1044] [32mVM created: id=2[m
[host_monotonic_s=130011.547313] [m[37m[  2.949599 0:2 axvisor::config:270] [32mVM[2] created success, loading images...[m
[host_monotonic_s=130011.547326] [m[37m[  2.953690 0:2 axdevice::device:1232] [32mDeviceRuntime: registered device id=0[m
[host_monotonic_s=130011.547329] [m[37m[  2.953833 0:2 axdevice::device:1232] [32mDeviceRuntime: registered device id=1[m
[host_monotonic_s=130011.548180] [m[37m[  3.210828 0:2 axdevice::device:1232] [32mDeviceRuntime: registered device id=2[m
[host_monotonic_s=130011.549120] [m[37m[  3.212289 0:2 axdevice::device:1232] [32mDeviceRuntime: registered device id=3[m
[host_monotonic_s=130011.549898] [m[37m[  3.213185 0:2 axvm::vm::prepare:82] [32mVM setup: id=2[m
[host_monotonic_s=130011.552510] [m[37m[  3.215841 0:2 axvm::runtime:51] [32mInitializing VMM...[m
[host_monotonic_s=130011.555143] [m[37m[  3.218501 0:2 axvm::runtime:62] [32mVMM starting, booting VMs...[m
[host_monotonic_s=130011.555789] [m[37m[  3.219194 0:2 axvm::vm:1259] [32mStarting VM[1][m
[host_monotonic_s=130011.556394] [m[37m[  3.219767 0:2 axvm::runtime::vcpus:609] [32mSpawning task for VM[1] VCpu[0][m
[host_monotonic_s=130011.557555] [m[37m[  3.220775 0:2 axvm::runtime::vcpus:627] [32mVCpu task Task(17, "VM[1]-VCpu[0]") created cpumask: [2, ][m
[host_monotonic_s=130011.562349] [m[37m[  3.225826 0:2 axvm::runtime:70] [32mVM[1] boot success[m
[host_monotonic_s=130011.562399] [m[37m[  3.225905 2:17 axvm::runtime::vcpus:681] [32mVM[1] VCpu[0] waiting for running[m
[host_monotonic_s=130011.562469] [m[37m[  3.225931 0:2 axvm::vm:1259] [32mStarting VM[2][m
[host_monotonic_s=130011.562605] [m[37m[  3.226117 0:2 axvm::runtime::vcpus:609] [32mSpawning task for VM[2] VCpu[0][m
[host_monotonic_s=130011.562807] [m[37m[  3.226318 0:2 axvm::runtime::vcpus:627] [32mVCpu task Task(19, "VM[2]-VCpu[0]") created cpumask: [1, ][m
[host_monotonic_s=130011.563013] [m[37m[  3.226331 2:17 axvm::runtime::vcpus:719] [32mVM[1] VCpu[0] running...[m
[host_monotonic_s=130011.563048] [m[37m[  3.226538 0:2 axvm::runtime:70] [32mVM[2] boot success[m
[host_monotonic_s=130011.563179] [m[37m[  3.226614 1:19 axvm::runtime::vcpus:681] [32mVM[2] VCpu[0] waiting for running[m
[host_monotonic_s=130011.563297] [m[37m[  3.226828 1:19 axvm::runtime::vcpus:719] [32mVM[2] VCpu[0] running...[m
[host_monotonic_s=130011.565363] [m[37m[  3.228851 0:2 axvisor:98] [32m[OK] Default guest initialized[m
[host_monotonic_s=130011.601470] [m[VM 2] *** Booting Zephyr OS build v3.7.0 ***
[host_monotonic_s=130011.603595] [37m[  3.267042 2:17 axvm::runtime::hvc:258] [32mVM[1] PSCI_FEATURES function_id=0x80000000[m
[host_monotonic_s=130011.604427] [m[37m[  3.267899 2:17 axvm::runtime::hvc:258] [32mVM[1] PSCI_FEATURES function_id=0xc4000001[m
[host_monotonic_s=130011.604796] [m[37m[  3.268267 2:17 axvm::runtime::hvc:258] [32mVM[1] PSCI_FEATURES function_id=0xc400000e[m
[host_monotonic_s=130011.605096] [m[37m[  3.268568 2:17 axvm::runtime::hvc:258] [32mVM[1] PSCI_FEATURES function_id=0xc4000012[m
[host_monotonic_s=130011.605293] [m[VM 2] PERIODIC LATENCY READY
[host_monotonic_s=130011.605407] [37m[  3.268887 2:17 axvm::runtime::hvc:258] [32mVM[1] PSCI_FEATURES function_id=0xc4000015[m
[host_monotonic_s=130011.777751] [m[37m[  3.441137 2:17 axvm::runtime::hvc:272] [32mVM[1] PSCI_CPU_ON target=0x1 entry=0x8228158c context=0x0[m
[host_monotonic_s=130011.778351] [m[37m[  3.441873 2:17 axvm::runtime::vcpus:609] [32mSpawning task for VM[1] VCpu[1][m
[host_monotonic_s=130011.778531] [m[37m[  3.442027 2:17 axvm::runtime::vcpus:627] [32mVCpu task Task(22, "VM[1]-VCpu[1]") created cpumask: [3, ][m
[host_monotonic_s=130011.779350] [m[37m[  3.442725 3:22 axvm::runtime::vcpus:681] [32mVM[1] VCpu[1] waiting for running[m
[host_monotonic_s=130011.780063] [m[37m[  3.443479 3:22 axvm::runtime::vcpus:719] [32mVM[1] VCpu[1] running...[m
[host_monotonic_s=130011.982925] [m[VM 1] [    0.000000] Booting Linux on physical CPU 0x0000000000 [0x410fd083]
[host_monotonic_s=130012.024261] [VM 1] [    0.000000] Linux version 7.1.0-rc2-g74fe02ce122a (runner@s1lqc) (aarch64-linux-gnu-gcc (Ubuntu 13.3.0-6ubuntu2~24.04) 13.3.0, GNU ld (GNU Binutils for Ubuntu) 2.42) #2 SMP PREEMPT Mon Jun  8 08:07:46 UTC 2026
[host_monotonic_s=130012.033164] [VM 1] [    0.000000] KASLR disabled due to lack of seed
[host_monotonic_s=130012.041222] [VM 1] [    0.000000] Machine model: linux,dummy-virt
[host_monotonic_s=130012.047804] [VM 1] [    0.000000] efi: UEFI not found.
[host_monotonic_s=130012.062748] [VM 1] [    0.000000] OF: reserved mem: Reserved memory: No reserved-memory node in the DT
[host_monotonic_s=130012.077080] [VM 1] [    0.000000] NUMA: Faking a node at [mem 0x0000000080000000-0x00000000bfffffff]
[host_monotonic_s=130012.088228] [VM 1] [    0.000000] NODE_DATA(0) allocated [mem 0xbfe08940-0xbfe0b03f]
[host_monotonic_s=130012.098227] [VM 1] [    0.000000] cma: Reserved 32 MiB at 0x00000000bde00000
[host_monotonic_s=130012.108294] [VM 1] [    0.000000] psci: probing for conduit method from DT.
[host_monotonic_s=130012.117284] [VM 1] [    0.000000] psci: PSCIv1.1 detected in firmware.
[host_monotonic_s=130012.127938] [VM 1] [    0.000000] psci: Using standard PSCI v0.2 function IDs
[host_monotonic_s=130012.138182] [VM 1] [    0.000000] psci: Trusted OS migration not required
[host_monotonic_s=130012.148137] [VM 1] [    0.000000] psci: SMC Calling Convention v65535.65535
[host_monotonic_s=130012.153876] [VM 1] [    0.000000] Zone ranges:
[host_monotonic_s=130012.165800] [VM 1] [    0.000000]   DMA      [mem 0x0000000080000000-0x00000000bfffffff]
[host_monotonic_s=130012.171570] [VM 1] [    0.000000]   DMA32    empty
[host_monotonic_s=130012.177272] [VM 1] [    0.000000]   Normal   empty
[host_monotonic_s=130012.185669] [VM 1] [    0.000000] Movable zone start for each node
[host_monotonic_s=130012.192593] [VM 1] [    0.000000] Early memory node ranges
[host_monotonic_s=130012.205072] [VM 1] [    0.000000]   node   0: [mem 0x0000000080000000-0x00000000bfffffff]
[host_monotonic_s=130012.218731] [VM 1] [    0.000000] Initmem setup node 0 [mem 0x0000000080000000-0x00000000bfffffff]
[host_monotonic_s=130012.233173] [VM 1] [    0.000000] percpu: Embedded 26 pages/cpu s66584 r8192 d31720 u106496
[host_monotonic_s=130012.533835] [VM 1] [    0.000000] Detected PIPT I-cache on CPU0
[host_monotonic_s=130012.533850] [VM 1] [    0.000000] CPU features: detected: GICv3 CPU interface
[host_monotonic_s=130012.533854] [VM 1] [    0.000000] CPU features: detected: Spectre-v2
[host_monotonic_s=130012.533857] [VM 1] [    0.000000] CPU features: detected: Spectre-v3a
[host_monotonic_s=130012.533859] [VM 1] [    0.000000] CPU features: detected: Spectre-v4
[host_monotonic_s=130012.549353] [VM 1] [    0.000000] CPU features: detected: Spectre-BHB
[host_monotonic_s=130012.559432] [VM 1] [    0.000000] CPU features: detected: ARM erratum 1742098
[host_monotonic_s=130012.572785] [VM 1] [    0.000000] CPU features: detected: ARM errata 1165522, 1319367, or 1530923
[host_monotonic_s=130012.582050] [VM 1] [    0.000000] alternatives: applying boot alternatives
[host_monotonic_s=130012.625748] [VM 1] [    0.000000] Kernel command line: console=ttyAMA0 devtmpfs.mount=1 loglevel=7 isolcpus=1 nohz_full=1 irqaffinity=0 rt_scenario=idle rt_cpu=1 rt_load_cpu=0 rt_loops=0 rt_duration_sec=1800 rt_interval_us=1000 rt_maxlat_us=20000 rt_priority=90 rt_start_delay_sec=25
[host_monotonic_s=130012.638402] [VM 1] [    0.000000] Housekeeping: nohz unsupported. Build with CONFIG_NO_HZ_FULL
[host_monotonic_s=130012.679296] [VM 1] [    0.000000] Unknown kernel command line parameters "nohz_full=1 rt_scenario=idle rt_cpu=1 rt_load_cpu=0 rt_loops=0 rt_duration_sec=1800 rt_interval_us=1000 rt_maxlat_us=20000 rt_priority=90 rt_start_delay_sec=25", will be passed to user space.
[host_monotonic_s=130012.693007] [VM 1] [    0.000000] printk: log buffer data + meta data: 131072 + 458752 = 589824 bytes
[host_monotonic_s=130012.708019] [VM 1] [    0.000000] Dentry cache hash table entries: 131072 (order: 8, 1048576 bytes, linear)
[host_monotonic_s=130012.724067] [VM 1] [    0.000000] Inode-cache hash table entries: 65536 (order: 7, 524288 bytes, linear)
[host_monotonic_s=130012.737732] [VM 1] [    0.000000] software IO TLB: SWIOTLB bounce buffer size adjusted to 1MB
[host_monotonic_s=130012.745790] [VM 1] [    0.000000] software IO TLB: area num 2.
[host_monotonic_s=130012.760582] [VM 1] [    0.000000] software IO TLB: mapped [mem 0x00000000bcb00000-0x00000000bcc00000] (1MB)
[host_monotonic_s=130012.771220] [VM 1] [    0.000000] Fallback order for Node 0: 0 
[host_monotonic_s=130013.084718] [VM 1] [    0.000000] Built 1 zonelists, mobility grouping on.  Total pages: 262144
[host_monotonic_s=130013.084734] [VM 1] [    0.000000] Policy zone: DMA
[host_monotonic_s=130013.084738] [VM 1] [    0.000000] mem auto-init: stack:all(zero), heap alloc:off, heap free:off
[host_monotonic_s=130013.084750] [VM 1] [    0.000000] SLUB: HWalign=64, Order=0-3, MinObjects=0, CPUs=2, Nodes=1
[host_monotonic_s=130013.084753] [VM 1] [    0.000000] rcu: Preemptible hierarchical RCU implementation.
[host_monotonic_s=130013.099713] [VM 1] [    0.000000] rcu: 	RCU event tracing is enabled.
[host_monotonic_s=130013.112616] [VM 1] [    0.000000] rcu: 	RCU restricting CPUs from NR_CPUS=512 to nr_cpu_ids=2.
[host_monotonic_s=130013.122812] [VM 1] [    0.000000] 	Trampoline variant of Tasks RCU enabled.
[host_monotonic_s=130013.133465] [VM 1] [    0.000000] 	Tracing variant of Tasks RCU enabled.
[host_monotonic_s=130013.148404] [VM 1] [    0.000000] rcu: RCU calculated value of scheduler-enlistment delay is 25 jiffies.
[host_monotonic_s=130013.161051] [VM 1] [    0.000000] rcu: Adjusting geometry for rcu_fanout_leaf=16, nr_cpu_ids=2
[host_monotonic_s=130013.177712] [VM 1] [    0.000000] RCU Tasks: Setting shift to 1 and lim to 1 rcu_task_cb_adjust=1 rcu_task_cpu_ids=2.
[host_monotonic_s=130013.188538] [VM 1] [    0.000000] NR_IRQS: 64, nr_irqs: 64, preallocated irqs: 0
[host_monotonic_s=130013.197413] [VM 1] [    0.000000] GICv3: 256 SPIs implemented
[host_monotonic_s=130013.206213] [VM 1] [    0.000000] GICv3: 0 Extended SPIs implemented
[host_monotonic_s=130013.214820] [VM 1] [    0.000000] Root IRQ handler: gic_handle_irq
[host_monotonic_s=130013.224520] [VM 1] [    0.000000] GICv3: GICv3 features: 16 PPIs, RSS
[host_monotonic_s=130013.233698] [VM 1] [    0.000000] GICv3: GICD_CTLR.DS=0, SCR_EL3.FIQ=0
[host_monotonic_s=130013.246693] [VM 1] [    0.000000] GICv3: CPU0: found redistributor 0 region 0:0x00000000080a0000
[host_monotonic_s=130013.254775] [VM 1] [    0.000000] ITS [mem 0x08080000-0x0809ffff]
[host_monotonic_s=130013.272387] [VM 1] [    0.000000] ITS@0x0000000008080000: allocated 8192 Devices @83860000 (indirect, esz 8, psz 64K, shr 1)
[host_monotonic_s=130013.292604] [VM 1] [    0.000000] ITS@0x0000000008080000: allocated 8192 Interrupt Collections @83870000 (flat, esz 8, psz 64K, shr 1)
[host_monotonic_s=130013.305086] [VM 1] [    0.000000] GICv3: using LPI property table @0x0000000083880000
[host_monotonic_s=130013.319084] [VM 1] [    0.000000] GICv3: CPU0: using allocated LPI pending table @0x0000000083890000
[host_monotonic_s=130013.331873] [VM 1] [    0.000000] rcu: srcu_init: Setting srcu_struct sizes based on contention.
[host_monotonic_s=130013.343905] [VM 1] [    0.000000] arch_timer: cp15 timer running at 62.50MHz (virt).
[host_monotonic_s=130013.644388] [VM 1] [    0.000000] clocksource: arch_sys_counter: mask: 0x1ffffffffffffff max_cycles: 0x1cd42e208c, max_idle_ns: 881590405314 ns
[host_monotonic_s=130013.644400] [VM 1] [    0.000060] sched_clock: 57 bits at 63MHz, resolution 16ns, wraps every 4398046511096ns
[host_monotonic_s=130013.644403] [VM 1] [    0.008853] Console: colour dummy device 80x25
[host_monotonic_s=130013.669881] [VM 1] [    0.012257] Calibrating delay loop (skipped), value calculated using timer frequency.. 125.00 BogoMIPS (lpj=250000)
[host_monotonic_s=130013.678778] [VM 1] [    0.012358] pid_max: default: 32768 minimum: 301
[host_monotonic_s=130013.693628] [VM 1] [    0.016720] Mount-cache hash table entries: 2048 (order: 2, 16384 bytes, linear)
[host_monotonic_s=130013.709035] [VM 1] [    0.016760] Mountpoint-cache hash table entries: 2048 (order: 2, 16384 bytes, linear)
[host_monotonic_s=130013.730700] [VM 1] [    0.025273] VFS: Finished mounting rootfs on nullfs
[host_monotonic_s=130013.743101] [VM 1] [    0.045388] cacheinfo: Unable to detect cache hierarchy for CPU 0
[host_monotonic_s=130013.753052] [VM 1] [    0.057813] rcu: Hierarchical SRCU implementation.
[host_monotonic_s=130013.763878] [VM 1] [    0.057845] rcu: 	Max phase no-delay instances is 1000.
[host_monotonic_s=130013.780209] [VM 1] [    0.058662] Timer migration: 1 hierarchy levels; 8 children per group; 1 crossnode level
[host_monotonic_s=130013.789883] [VM 1] [    0.061229] fsl-mc MSI: its@8080000 domain created
[host_monotonic_s=130013.799274] [VM 1] [    0.062423] EFI services will not be available.
[host_monotonic_s=130013.808696] [VM 1] [    0.063206] smp: Bringing up secondary CPUs ...
[host_monotonic_s=130013.817099] [VM 1] [    0.069422] Detected PIPT I-cache on CPU1
[host_monotonic_s=130013.830671] [VM 1] [    0.071409] GICv3: CPU1: found redistributor 1 region 0:0x00000000080c0000
[host_monotonic_s=130013.845395] [VM 1] [    0.074101] GICv3: CPU1: using allocated LPI pending table @0x00000000838a0000
[host_monotonic_s=130013.858474] [VM 1] [    0.076479] CPU1: Booted secondary processor 0x0000000001 [0x410fd083]
[host_monotonic_s=130013.866761] [VM 1] [    0.083900] smp: Brought up 1 node, 2 CPUs
[host_monotonic_s=130013.876127] [VM 1] [    0.083934] SMP: Total of 2 processors activated.
[host_monotonic_s=130013.886253] [VM 1] [    0.083960] CPU: All CPU(s) started at EL1
[host_monotonic_s=130014.197821] [VM 1] [    0.084232] CPU features: detected: 32-bit EL0 Support
[host_monotonic_s=130014.197838] [VM 1] [    0.084243] CPU features: detected: 32-bit EL1 Support
[host_monotonic_s=130014.197841] [VM 1] [    0.084294] CPU features: detected: CRC32 instructions
[host_monotonic_s=130014.197844] [VM 1] [    0.084464] CPU features: detected: PMUv3
[host_monotonic_s=130014.198394] [VM 1] [    0.093035] alternatives: applying system-wide alternatives
[host_monotonic_s=130014.229104] [VM 1] [    0.119012] Memory: 919888K/1048576K available (18688K kernel code, 5242K rwdata, 14480K rodata, 12672K init, 718K bss, 92528K reserved, 32768K cma-reserved)
[host_monotonic_s=130014.236021] [VM 1] [    0.144182] devtmpfs: initialized
[host_monotonic_s=130014.255036] [VM 1] [    0.162160] clocksource: jiffies: mask: 0xffffffff max_cycles: 0xffffffff, max_idle_ns: 7645041785100000 ns
[host_monotonic_s=130014.268884] [VM 1] [    0.162608] posixtimers hash table entries: 1024 (order: 2, 16384 bytes, linear)
[host_monotonic_s=130014.285395] [VM 1] [    0.162828] futex hash table entries: 512 (32768 bytes on 1 NUMA nodes, total 32 KiB, linear).
[host_monotonic_s=130014.294598] [VM 1] [    0.165728] 19744 pages in range for non-PLT usage
[host_monotonic_s=130014.303814] [VM 1] [    0.165768] 511264 pages in range for PLT usage
[host_monotonic_s=130014.311688] [VM 1] [    0.178928] DMI: not present or invalid.
[host_monotonic_s=130014.323389] [VM 1] [    0.202932] NET: Registered PF_NETLINK/PF_ROUTE protocol family
[host_monotonic_s=130014.341231] [VM 1] [    0.216513] DMA: preallocated 128 KiB GFP_KERNEL|GFP_DMA pool for atomic allocations
[host_monotonic_s=130014.352680] [VM 1] [    0.217277] audit: initializing netlink subsys (disabled)
[host_monotonic_s=130014.368170] [VM 1] [    0.218959] audit: type=2000 audit(0.192:1): state=initialized audit_enabled=0 res=1
[host_monotonic_s=130014.380056] [VM 1] [    0.223783] thermal_sys: Registered thermal governor 'step_wise'
[host_monotonic_s=130014.392883] [VM 1] [    0.223815] thermal_sys: Registered thermal governor 'power_allocator'
[host_monotonic_s=130014.401395] [VM 1] [    0.224101] cpuidle: using governor menu
[host_monotonic_s=130014.415135] [VM 1] [    0.225114] hw-breakpoint: found 6 breakpoint and 4 watchpoint registers.
[host_monotonic_s=130014.425934] [VM 1] [    0.226076] ASID allocator initialised with 65536 entries
[host_monotonic_s=130014.438822] [VM 1] [    0.231074] Serial: AMBA PL011 UART driver
[host_monotonic_s=130014.757028] [VM 1] [    0.253552] 9000000.pl011: ttyAMA0 at MMIO 0x9000000 (irq = 13, base_baud = 0) is a PL011 rev1
[host_monotonic_s=130014.757045] [VM 1] [    0.257713] printk: console [ttyAMA0] enabled
[host_monotonic_s=130014.757048] [VM 1] [    1.050544] HugeTLB: registered 1.00 GiB page size, pre-allocated 0 pages
[host_monotonic_s=130014.757051] [VM 1] [    1.050571] HugeTLB: 0 KiB vmemmap can be freed for a 1.00 GiB page
[host_monotonic_s=130014.757458] [VM 1] [    1.050595] HugeTLB: registered 32.0 MiB page size, pre-allocated 0 pages
[host_monotonic_s=130014.775439] [VM 1] [    1.050599] HugeTLB: 0 KiB vmemmap can be freed for a 32.0 MiB page
[host_monotonic_s=130014.793564] [VM 1] [    1.050603] HugeTLB: registered 2.00 MiB page size, pre-allocated 0 pages
[host_monotonic_s=130014.806282] [VM 1] [    1.050606] HugeTLB: 0 KiB vmemmap can be freed for a 2.00 MiB page
[host_monotonic_s=130014.822036] [VM 1] [    1.050611] HugeTLB: registered 64.0 KiB page size, pre-allocated 0 pages
[host_monotonic_s=130014.834874] [VM 1] [    1.050614] HugeTLB: 0 KiB vmemmap can be freed for a 64.0 KiB page
[host_monotonic_s=130014.853678] [VM 1] [    3.134094] ACPI: Interpreter disabled.
[host_monotonic_s=130014.868899] [VM 1] [    3.147630] iommu: Default domain type: Translated
[host_monotonic_s=130014.881576] [VM 1] [    3.158065] iommu: DMA domain TLB invalidation policy: strict mode
[host_monotonic_s=130014.893427] [VM 1] [    3.173908] SCSI subsystem initialized
[host_monotonic_s=130014.907480] [VM 1] [    3.185000] usbcore: registered new interface driver usbfs
[host_monotonic_s=130014.919106] [VM 1] [    3.196989] usbcore: registered new interface driver hub
[host_monotonic_s=130014.929844] [VM 1] [    3.208293] usbcore: registered new device driver usb
[host_monotonic_s=130014.941198] [VM 1] [    3.219906] pps_core: LinuxPPS API ver. 1 registered
[host_monotonic_s=130014.960050] [VM 1] [    3.230316] pps_core: Software ver. 5.3.6 - Copyright 2005-2007 Rodolfo Giometti <giometti@linux.it>
[host_monotonic_s=130014.968582] [VM 1] [    3.249350] PTP clock support registered
[host_monotonic_s=130014.976578] [VM 1] [    3.258177] EDAC MC: Ver: 3.0.0
[host_monotonic_s=130014.988377] [VM 1] [    3.267289] scmi_core: SCMI protocol bus registered
[host_monotonic_s=130014.998618] [VM 1] [    3.279748] FPGA manager framework
[host_monotonic_s=130015.015171] [VM 1] [    3.297691] vgaarb: loaded
[host_monotonic_s=130015.315766] [VM 1] [    3.309676] clocksource: Switched to clocksource arch_sys_counter
[host_monotonic_s=130015.315783] [VM 1] [    3.324211] VFS: Disk quotas dquot_6.6.0
[host_monotonic_s=130015.315787] [VM 1] [    3.333258] VFS: Dquot-cache hash table entries: 512 (order 0, 4096 bytes)
[host_monotonic_s=130015.315790] [VM 1] [    3.350406] pnp: PnP ACPI: disabled
[host_monotonic_s=130015.316266] [VM 1] [    3.378564] NET: Registered PF_INET protocol family
[host_monotonic_s=130015.343038] [VM 1] [    3.612181] IP idents hash table entries: 16384 (order: 5, 131072 bytes, linear)
[host_monotonic_s=130015.360018] [VM 1] [    3.616315] tcp_listen_portaddr_hash hash table entries: 512 (order: 1, 8192 bytes, linear)
[host_monotonic_s=130015.375217] [VM 1] [    3.616390] Table-perturb hash table entries: 65536 (order: 6, 262144 bytes, linear)
[host_monotonic_s=130015.391230] [VM 1] [    3.616518] TCP established hash table entries: 8192 (order: 4, 65536 bytes, linear)
[host_monotonic_s=130015.407005] [VM 1] [    3.680479] TCP bind hash table entries: 8192 (order: 6, 262144 bytes, linear)
[host_monotonic_s=130015.420645] [VM 1] [    3.696282] TCP: Hash tables configured (established 8192 bind 8192)
[host_monotonic_s=130015.435576] [VM 1] [    3.711056] UDP hash table entries: 512 (order: 3, 32768 bytes, linear)
[host_monotonic_s=130015.449015] [VM 1] [    3.726337] NET: Registered PF_UNIX/PF_LOCAL protocol family
[host_monotonic_s=130015.466288] [VM 1] [    3.740540] RPC: Registered named UNIX socket transport module.
[host_monotonic_s=130015.478516] [VM 1] [    3.755315] RPC: Registered udp transport module.
[host_monotonic_s=130015.489879] [VM 1] [    3.767771] RPC: Registered tcp transport module.
[host_monotonic_s=130015.501215] [VM 1] [    3.779117] RPC: Registered tcp-with-tls transport module.
[host_monotonic_s=130015.513640] [VM 1] [    3.790217] RPC: Registered tcp NFSv4.1 backchannel transport module.
[host_monotonic_s=130015.521969] [VM 1] [    3.802681] PCI: CLS 0 bytes, default 64
[host_monotonic_s=130015.533850] [VM 1] [    3.815388] Unpacking initramfs...
[host_monotonic_s=130015.545638] [VM 1] [    3.825948] kvm [1]: HYP mode not available
[host_monotonic_s=130015.560234] [VM 1] [    3.840062] Initialise system trusted keyrings
[host_monotonic_s=130015.881906] [VM 1] [    3.854361] workingset: timestamp_bits=42 (anon: 38) max_order=18 bucket_order=0 (anon: 0)
[host_monotonic_s=130015.881925] [VM 1] [    3.877846] squashfs: version 4.0 (2009/01/31) Phillip Lougher
[host_monotonic_s=130015.881930] [VM 1] [    3.892272] NFS: Registering the id_resolver key type
[host_monotonic_s=130015.881934] [VM 1] [    3.905384] Key type id_resolver registered
[host_monotonic_s=130015.881937] [VM 1] [    3.914381] Key type id_legacy registered
[host_monotonic_s=130015.882772] [VM 1] [    3.914931] nfs4filelayout_init: NFSv4 File Layout Driver Registering...
[host_monotonic_s=130015.910783] [VM 1] [    3.915202] nfs4flexfilelayout_init: NFSv4 Flexfile Layout Driver Registering...
[host_monotonic_s=130015.921921] [VM 1] [    4.181194] 9p: Installing v9fs 9p2000 file system support
[host_monotonic_s=130015.930171] [VM 1] [    4.183369] Key type asymmetric registered
[host_monotonic_s=130015.939753] [VM 1] [    4.183468] Asymmetric key parser 'x509' registered
[host_monotonic_s=130015.954195] [VM 1] [    4.183700] Block layer SCSI generic (bsg) driver version 0.4 loaded (major 244)
[host_monotonic_s=130015.963031] [VM 1] [    4.183813] io scheduler mq-deadline registered
[host_monotonic_s=130015.971674] [VM 1] [    4.183862] io scheduler kyber registered
[host_monotonic_s=130015.980237] [VM 1] [    4.184137] io scheduler bfq registered
[host_monotonic_s=130016.024649] [VM 1] [    4.301697] ledtrig-cpu: registered to indicate activity on CPUs
[host_monotonic_s=130016.124485] [VM 1] [    4.400350] Serial: 8250/16550 driver, 4 ports, IRQ sharing enabled
[host_monotonic_s=130016.447813] [VM 1] [    4.427285] msm_serial: driver initialized
[host_monotonic_s=130016.447828] [VM 1] [    4.442560] SuperH (H)SCI(F) driver initialized
[host_monotonic_s=130016.447831] [VM 1] [    4.452507] STM32 USART driver initialized
[host_monotonic_s=130016.447834] [VM 1] [    4.503506] loop: module loaded
[host_monotonic_s=130016.447836] [VM 1] [    4.517541] megasas: 07.734.00.00-rc1
[host_monotonic_s=130016.447839] [VM 1] [    4.543896] tun: Universal TUN/TAP device driver, 1.6
[host_monotonic_s=130016.500476] [VM 1] [    4.782365] thunder_xcv, ver 1.0
[host_monotonic_s=130016.511998] [VM 1] [    4.793275] thunder_bgx, ver 1.0
[host_monotonic_s=130016.519468] [VM 1] [    4.801412] nicpf, ver 1.0
[host_monotonic_s=130016.536041] [VM 1] [    4.812210] e1000: Intel(R) PRO/1000 Network Driver
[host_monotonic_s=130016.555053] [VM 1] [    4.829298] e1000: Copyright (c) 1999-2006 Intel Corporation.
[host_monotonic_s=130016.565773] [VM 1] [    4.844312] e1000e: Intel(R) PRO/1000 Network Driver
[host_monotonic_s=130016.583367] [VM 1] [    4.857030] e1000e: Copyright(c) 1999 - 2015 Intel Corporation.
[host_monotonic_s=130016.594240] [VM 1] [    4.857414] igb: Intel(R) Gigabit Ethernet Network Driver
[host_monotonic_s=130016.605402] [VM 1] [    4.857589] igb: Copyright (c) 2007-2014 Intel Corporation.
[host_monotonic_s=130016.618323] [VM 1] [    4.857900] igbvf: Intel(R) Gigabit Virtual Function Network Driver
[host_monotonic_s=130016.629963] [VM 1] [    4.858063] igbvf: Copyright (c) 2009 - 2012 Intel Corporation.
[host_monotonic_s=130016.638203] [VM 1] [    4.858776] sky2: driver version 1.30
[host_monotonic_s=130016.658098] [VM 1] [    4.933163] VFIO - User Level meta-driver version: 0.3
[host_monotonic_s=130016.673877] [VM 1] [    4.950724] usbcore: registered new interface driver usb-storage
[host_monotonic_s=130016.694576] [VM 1] [    4.974791] i2c_dev: i2c /dev entries driver
[host_monotonic_s=130017.048343] [VM 1] [    5.022502] SMCCC: SOC_ID: ARCH_SOC_ID not implemented, skipping ....
[host_monotonic_s=130017.048360] [VM 1] [    5.039003] usbcore: registered new interface driver usbhid
[host_monotonic_s=130017.048365] [VM 1] [    5.053061] usbhid: USB HID core driver
[host_monotonic_s=130017.048368] [VM 1] [    5.079216] NET: Registered PF_INET6 protocol family
[host_monotonic_s=130017.048370] [VM 1] [    5.105778] Segment Routing with IPv6
[host_monotonic_s=130017.048373] [VM 1] [    5.113743] In-situ OAM (IOAM) with IPv6
[host_monotonic_s=130017.075396] [VM 1] [    5.349556] sit: IPv6, IPv4 and MPLS over IPv4 tunneling driver
[host_monotonic_s=130017.087162] [VM 1] [    5.352211] NET: Registered PF_PACKET protocol family
[host_monotonic_s=130017.096909] [VM 1] [    5.377355] 9pnet: Installing 9P2000 support
[host_monotonic_s=130017.109061] [VM 1] [    5.389376] Key type dns_resolver registered
[host_monotonic_s=130017.165898] [VM 1] [    5.446172] registered taskstats version 1
[host_monotonic_s=130017.178012] [VM 1] [    5.456257] Loading compiled-in X.509 certificates
[host_monotonic_s=130017.217110] [VM 1] [    5.497259] Demotion targets for Node 0: null
[host_monotonic_s=130017.234476] [VM 1] [    5.515274] clk: Disabling unused clocks
[host_monotonic_s=130017.245041] [VM 1] [    5.523795] PM: genpd: Disabling unused power domains
[host_monotonic_s=130017.630442] [VM 1] [    5.910823] Freeing initrd memory: 19160K
[host_monotonic_s=130017.930621] [VM 1] [    6.007888] Freeing unused kernel memory: 12672K
[host_monotonic_s=130017.930627] [VM 1] [    6.018590] Run /init as init process
[host_monotonic_s=130018.731497] [VM 1] RT_INIT scenario=idle cpu=1 load_cpu=0 loops=0 duration_sec=1800 interval_us=1000 maxlat_us=20000 priority=90 start_delay_sec=25
[host_monotonic_s=130018.731509] [VM 1] RT_CPUS total=2
[host_monotonic_s=130018.731512] [VM 1] RT_SCHED_PROBE_START
[host_monotonic_s=130018.731515] [VM 1] pid 1's current scheduling policy: SCHED_OTHER
[host_monotonic_s=130018.731517] [VM 1] pid 1's current scheduling priority: 0
[host_monotonic_s=130018.739845] [VM 1] RT_SCHED_PROBE_OK
[host_monotonic_s=130018.745255] [VM 1] RT_WAIT_BEFORE_TEST seconds=25
[host_monotonic_s=130042.947659] [VM 1] RT_CYCLICTEST_START
[host_monotonic_s=130042.954478] [VM 1] RT_CYCLICTEST_TIMING_START uptime_s=28.74
[host_monotonic_s=130042.958793] [VM 1] RT_PROGRESS uptime_s=28.75
[host_monotonic_s=130044.260615] 
[host_monotonic_s=130044.260625] [Axvisor] detached VM[1] console
[host_monotonic_s=130044.260629] Welcome to AxVisor Shell!
[host_monotonic_s=130044.260631] Type 'help' to see available commands
[host_monotonic_s=130044.260633] Use UP/DOWN arrows to navigate command history
[host_monotonic_s=130044.260635] Console shortcuts:
[host_monotonic_s=130044.260637]   Ctrl+X, then h  return to the Axvisor shell
[host_monotonic_s=130044.260638]   Ctrl+X, then [  attach the previous running guest
[host_monotonic_s=130044.261236]   Ctrl+X, then ]  attach the next running guest
[host_monotonic_s=130044.261594] Note: Running with limited features (filesystem support disabled).
[host_monotonic_s=130044.261656] 
[host_monotonic_s=130045.063928] [2Kaxvisor:$ [2Kaxvisor:$ v[2Kaxvisor:$ vm[2Kaxvisor:$ vme[2Kaxvisor:$ vmex[2Kaxvisor:$ vmexi[2Kaxvisor:$ vmexit[2Kaxvisor:$ vmexit [2Kaxvisor:$ vmexit s[2Kaxvisor:$ vmexit st[2Kaxvisor:$ vmexit sta[2Kaxvisor:$ vmexit stat
[host_monotonic_s=130045.063942] VM-exit counters per physical CPU (12 reasons):
[host_monotonic_s=130045.066210]   cpu         irq     timer      mmio       wfi   hvc-smc    sysreg    gic-if       sgi    cpu-up  sys-down   nothing     other
[host_monotonic_s=130045.067654]     1       15357     15118     45654     15117         -         -         -         -         -         -         -         -
[host_monotonic_s=130045.068388]     2        1040       740     30413      1628         7         -         -       123         -         -        11         -
[host_monotonic_s=130045.069193]     3        1721      1677        52      2544         -         -         -        19         -         -         2         -
[host_monotonic_s=130045.069578] Host periodic scheduler ticks (event-driven timer IRQs excluded):
[host_monotonic_s=130045.069780]   cpu   0:       3264
[host_monotonic_s=130045.070026]   cpu   1:       3267
[host_monotonic_s=130045.070173]   cpu   2:       3265
[host_monotonic_s=130045.070279]   cpu   3:       3264
[host_monotonic_s=130047.774315] axvisor:$ [2Kaxvisor:$ v[2Kaxvisor:$ vm[2Kaxvisor:$ vm [2Kaxvisor:$ vm c[2Kaxvisor:$ vm co[2Kaxvisor:$ vm con[2Kaxvisor:$ vm cons[2Kaxvisor:$ vm conso[2Kaxvisor:$ vm consol[2Kaxvisor:$ vm console[2Kaxvisor:$ vm console [2Kaxvisor:$ vm console 2
[host_monotonic_s=130047.774985] ✓ Attached VM[2] console; use Ctrl+X, then h to return to the shell
[host_monotonic_s=130048.282039] PERIODIC LATENCY START
[host_monotonic_s=130051.291792] sequence,timestamp_ns,deadline_ns,actual_ns,jitter_ns
[host_monotonic_s=130051.299005] 0,10716784,37003013120,37003729904,716784
[host_monotonic_s=130051.305981] 1,20468912,37013013120,37013482032,468912
[host_monotonic_s=130051.312817] 2,30413024,37023013120,37023426144,413024
[host_monotonic_s=130051.319315] 3,40748224,37033013120,37033761344,748224
[host_monotonic_s=130051.325836] 4,50638400,37043013120,37043651520,638400
[host_monotonic_s=130051.332305] 5,60726144,37053013120,37053739264,726144
[host_monotonic_s=130051.339118] 6,70681024,37063013120,37063694144,681024
[host_monotonic_s=130051.345827] 7,80803904,37073013120,37073817024,803904
[host_monotonic_s=130051.352891] 8,90697824,37083013120,37083710944,697824
[host_monotonic_s=130051.359656] 9,100730880,37093013120,37093744000,730880
[host_monotonic_s=130051.366352] 10,110742416,37103013120,37103755536,742416
[host_monotonic_s=130051.372968] 11,120686208,37113013120,37113699328,686208
[host_monotonic_s=130051.379877] 12,130667936,37123013120,37123681056,667936
[host_monotonic_s=130051.391054] 13,140815568,37133013120,37133828688,815568
[host_monotonic_s=130051.399626] 14,150750240,37143013120,37143763360,750240
[host_monotonic_s=130051.407669] 15,160817600,37153013120,37153830720,817600
[host_monotonic_s=130051.415204] 16,170716880,37163013120,37163730000,716880
[host_monotonic_s=130051.422519] 17,180717488,37173013120,37173730608,717488
[host_monotonic_s=130051.429963] 18,190677760,37183013120,37183690880,677760
[host_monotonic_s=130051.735294] 19,200773872,37193013120,37193786992,773872
[host_monotonic_s=130051.735307] 20,210693824,37203013120,37203706944,693824
[host_monotonic_s=130051.735310] 21,220699040,37213013120,37213712160,699040
[host_monotonic_s=130051.735313] 22,230678672,37223013120,37223691792,678672
[host_monotonic_s=130051.735315] 23,240772496,37233013120,37233785616,772496
[host_monotonic_s=130051.735317] 24,250655680,37243013120,37243668800,655680
[host_monotonic_s=130051.739464] 25,260800224,37253013120,37253813344,800224
[host_monotonic_s=130051.748867] 26,270389568,37263013120,37263402688,389568
[host_monotonic_s=130051.756226] 27,280597392,37273013120,37273610512,597392
[host_monotonic_s=130051.763655] 28,290538080,37283013120,37283551200,538080
[host_monotonic_s=130051.771076] 29,300621168,37293013120,37293634288,621168
[host_monotonic_s=130051.778223] 30,310488576,37303013120,37303501696,488576
[host_monotonic_s=130051.785217] 31,320470448,37313013120,37313483568,470448
[host_monotonic_s=130051.792391] 32,330526176,37323013120,37323539296,526176
[host_monotonic_s=130051.799908] 33,340590496,37333013120,37333603616,590496
[host_monotonic_s=130051.807577] 34,350711232,37343013120,37343724352,711232
[host_monotonic_s=130051.814985] 35,360481600,37353013120,37353494720,481600
[host_monotonic_s=130051.822498] 36,370455488,37363013120,37363468608,455488
[host_monotonic_s=130051.830053] 37,380478480,37373013120,37373491600,478480
[host_monotonic_s=130051.837656] 38,390370864,37383013120,37383383984,370864
[host_monotonic_s=130051.845107] 39,400474000,37393013120,37393487120,474000
[host_monotonic_s=130051.852361] 40,410472064,37403013120,37403485184,472064
[host_monotonic_s=130051.859231] 41,420574928,37413013120,37413588048,574928
[host_monotonic_s=130051.865857] 42,430659824,37423013120,37423672944,659824
[host_monotonic_s=130051.872449] 43,440621360,37433013120,37433634480,621360
[host_monotonic_s=130051.879227] 44,450554944,37443013120,37443568064,554944
[host_monotonic_s=130051.886065] 45,460496592,37453013120,37453509712,496592
[host_monotonic_s=130051.892953] 46,470672704,37463013120,37463685824,672704
[host_monotonic_s=130051.900073] 47,480582080,37473013120,37473595200,582080
[host_monotonic_s=130051.907533] 48,490570176,37483013120,37483583296,570176
[host_monotonic_s=130051.914685] 49,500586432,37493013120,37493599552,586432
[host_monotonic_s=130051.921252] 50,510519280,37503013120,37503532400,519280
[host_monotonic_s=130051.928071] 51,520606960,37513013120,37513620080,606960
[host_monotonic_s=130051.934544] 52,530476720,37523013120,37523489840,476720
[host_monotonic_s=130051.941076] 53,540490080,37533013120,37533503200,490080
[host_monotonic_s=130051.947509] 54,550629312,37543013120,37543642432,629312
[host_monotonic_s=130051.954710] 55,560571856,37553013120,37553584976,571856
[host_monotonic_s=130051.961188] 56,570742912,37563013120,37563756032,742912
[host_monotonic_s=130051.968369] 57,580448832,37573013120,37573461952,448832
[host_monotonic_s=130051.975121] 58,590483920,37583013120,37583497040,483920
[host_monotonic_s=130051.981710] 59,600512688,37593013120,37593525808,512688
[host_monotonic_s=130052.285642] 60,610449504,37603013120,37603462624,449504
[host_monotonic_s=130052.285658] 61,620498384,37613013120,37613511504,498384
[host_monotonic_s=130052.285661] 62,630452432,37623013120,37623465552,452432
[host_monotonic_s=130052.285664] 63,640443952,37633013120,37633457072,443952
[host_monotonic_s=130052.285666] 64,650449360,37643013120,37643462480,449360
[host_monotonic_s=130052.285668] 65,660487888,37653013120,37653501008,487888
[host_monotonic_s=130052.293974] 66,670455488,37663013120,37663468608,455488
[host_monotonic_s=130052.301900] 67,680520672,37673013120,37673533792,520672
[host_monotonic_s=130052.308030] 68,690430496,37683013120,37683443616,430496
[host_monotonic_s=130052.314162] 69,700487056,37693013120,37693500176,487056
[host_monotonic_s=130052.320477] 70,710425056,37703013120,37703438176,425056
[host_monotonic_s=130052.326623] 71,720666208,37713013120,37713679328,666208
[host_monotonic_s=130052.332623] 72,730829616,37723013120,37723842736,829616
[host_monotonic_s=130052.338825] 73,740837808,37733013120,37733850928,837808
[host_monotonic_s=130052.345289] 74,750759968,37743013120,37743773088,759968
[host_monotonic_s=130052.351618] 75,760594656,37753013120,37753607776,594656
[host_monotonic_s=130052.358684] 76,770473568,37763013120,37763486688,473568
[host_monotonic_s=130052.365461] 77,780487392,37773013120,37773500512,487392
[host_monotonic_s=130052.372175] 78,790755040,37783013120,37783768160,755040
[host_monotonic_s=130052.378992] 79,800581984,37793013120,37793595104,581984
[host_monotonic_s=130052.385861] 80,810511456,37803013120,37803524576,511456
[host_monotonic_s=130052.393308] 81,820584800,37813013120,37813597920,584800
[host_monotonic_s=130052.400036] 82,830769120,37823013120,37823782240,769120
[host_monotonic_s=130052.406778] 83,840608256,37833013120,37833621376,608256
[host_monotonic_s=130052.413540] 84,850526784,37843013120,37843539904,526784
[host_monotonic_s=130052.420224] 85,860638560,37853013120,37853651680,638560
[host_monotonic_s=130052.427160] 86,870595840,37863013120,37863608960,595840
[host_monotonic_s=130052.434039] 87,880483680,37873013120,37873496800,483680
[host_monotonic_s=130052.440724] 88,890618192,37883013120,37883631312,618192
[host_monotonic_s=130052.447534] 89,900579440,37893013120,37893592560,579440
[host_monotonic_s=130052.454141] 90,910676896,37903013120,37903690016,676896
[host_monotonic_s=130052.460815] 91,920745808,37913013120,37913758928,745808
[host_monotonic_s=130052.467942] 92,930610304,37923013120,37923623424,610304
[host_monotonic_s=130052.474886] 93,940827360,37933013120,37933840480,827360
[host_monotonic_s=130052.481559] 94,950624480,37943013120,37943637600,624480
[host_monotonic_s=130052.488672] 95,960587072,37953013120,37953600192,587072
[host_monotonic_s=130052.495581] 96,970604256,37963013120,37963617376,604256
[host_monotonic_s=130052.502535] 97,980593872,37973013120,37973606992,593872
[host_monotonic_s=130052.509752] 98,990577040,37983013120,37983590160,577040
[host_monotonic_s=130052.517199] 99,1000445616,37993013120,37993458736,445616
[host_monotonic_s=130052.524519] 100,1010686528,38003013120,38003699648,686528
[host_monotonic_s=130052.531781] 101,1020531328,38013013120,38013544448,531328
[host_monotonic_s=130052.835818] 102,1030482416,38023013120,38023495536,482416
[host_monotonic_s=130052.835830] 103,1040491456,38033013120,38033504576,491456
[host_monotonic_s=130052.835833] 104,1050470304,38043013120,38043483424,470304
[host_monotonic_s=130052.835835] 105,1060786704,38053013120,38053799824,786704
[host_monotonic_s=130052.835837] 106,1070766736,38063013120,38063779856,766736
[host_monotonic_s=130052.835838] 107,1080914768,38073013120,38073927888,914768
[host_monotonic_s=130052.846102] 108,1090512144,38083013120,38083525264,512144
[host_monotonic_s=130052.853298] 109,1100587280,38093013120,38093600400,587280
[host_monotonic_s=130052.860554] 110,1110611696,38103013120,38103624816,611696
[host_monotonic_s=130052.867892] 111,1120687920,38113013120,38113701040,687920
[host_monotonic_s=130052.875213] 112,1130460592,38123013120,38123473712,460592
[host_monotonic_s=130052.881856] 113,1140616544,38133013120,38133629664,616544
[host_monotonic_s=130052.889495] 114,1150602304,38143013120,38143615424,602304
[host_monotonic_s=130052.897323] 115,1160480208,38153013120,38153493328,480208
[host_monotonic_s=130052.905979] 116,1170490416,38163013120,38163503536,490416
[host_monotonic_s=130052.915027] 117,1180476432,38173013120,38173489552,476432
[host_monotonic_s=130052.922439] 118,1190625264,38183013120,38183638384,625264
[host_monotonic_s=130052.929719] 119,1200532160,38193013120,38193545280,532160
[host_monotonic_s=130052.936836] 120,1210587008,38203013120,38203600128,587008
[host_monotonic_s=130052.943829] 121,1220514320,38213013120,38213527440,514320
[host_monotonic_s=130052.950690] 122,1230672080,38223013120,38223685200,672080
[host_monotonic_s=130052.958014] 123,1240583840,38233013120,38233596960,583840
[host_monotonic_s=130052.965400] 124,1250522624,38243013120,38243535744,522624
[host_monotonic_s=130052.972587] 125,1260681712,38253013120,38253694832,681712
[host_monotonic_s=130052.981419] 126,1270491456,38263013120,38263504576,491456
[host_monotonic_s=130052.989154] 127,1280583088,38273013120,38273596208,583088
[host_monotonic_s=130052.996601] 128,1290743040,38283013120,38283756160,743040
[host_monotonic_s=130053.004680] 129,1300683728,38293013120,38293696848,683728
[host_monotonic_s=130053.012327] 130,1310729984,38303013120,38303743104,729984
[host_monotonic_s=130053.019946] 131,1320686656,38313013120,38313699776,686656
[host_monotonic_s=130053.027402] 132,1330852848,38323013120,38323865968,852848
[host_monotonic_s=130053.034904] 133,1340803648,38333013120,38333816768,803648
[host_monotonic_s=130053.042144] 134,1350821296,38343013120,38343834416,821296
[host_monotonic_s=130053.049295] 135,1360677616,38353013120,38353690736,677616
[host_monotonic_s=130053.056962] 136,1370693520,38363013120,38363706640,693520
[host_monotonic_s=130053.064329] 137,1380594320,38373013120,38373607440,594320
[host_monotonic_s=130053.071887] 138,1390504912,38383013120,38383518032,504912
[host_monotonic_s=130053.079571] 139,1400498160,38393013120,38393511280,498160
[host_monotonic_s=130053.386183] 140,1410488016,38403013120,38403501136,488016
[host_monotonic_s=130053.386199] 141,1420611888,38413013120,38413625008,611888
[host_monotonic_s=130053.386202] 142,1430489824,38423013120,38423502944,489824
[host_monotonic_s=130053.386205] 143,1440647168,38433013120,38433660288,647168
[host_monotonic_s=130053.386207] 144,1450636592,38443013120,38443649712,636592
[host_monotonic_s=130053.386209] 145,1460567904,38453013120,38453581024,567904
[host_monotonic_s=130053.393536] 146,1470645216,38463013120,38463658336,645216
[host_monotonic_s=130053.405492] 147,1480482880,38473013120,38473496000,482880
[host_monotonic_s=130053.414794] 148,1490628736,38483013120,38483641856,628736
[host_monotonic_s=130053.421980] 149,1500774288,38493013120,38493787408,774288
[host_monotonic_s=130053.429213] 150,1510737936,38503013120,38503751056,737936
[host_monotonic_s=130053.436559] 151,1520780208,38513013120,38513793328,780208
[host_monotonic_s=130053.443773] 152,1530761088,38523013120,38523774208,761088
[host_monotonic_s=130053.450886] 153,1540817856,38533013120,38533830976,817856
[host_monotonic_s=130053.457992] 154,1550754192,38543013120,38543767312,754192
[host_monotonic_s=130053.465215] 155,1560677152,38553013120,38553690272,677152
[host_monotonic_s=130053.472425] 156,1570552464,38563013120,38563565584,552464
[host_monotonic_s=130053.479748] 157,1580659184,38573013120,38573672304,659184
[host_monotonic_s=130053.487130] 158,1590516416,38583013120,38583529536,516416
[host_monotonic_s=130053.494731] 159,1600529776,38593013120,38593542896,529776
[host_monotonic_s=130053.501797] 160,1610621456,38603013120,38603634576,621456
[host_monotonic_s=130053.508913] 161,1620518800,38613013120,38613531920,518800
[host_monotonic_s=130053.516058] 162,1630705920,38623013120,38623719040,705920
[host_monotonic_s=130053.523100] 163,1640463664,38633013120,38633476784,463664
[host_monotonic_s=130053.530059] 164,1650555168,38643013120,38643568288,555168
[host_monotonic_s=130053.537159] 165,1660563280,38653013120,38653576400,563280
[host_monotonic_s=130053.544298] 166,1670480304,38663013120,38663493424,480304
[host_monotonic_s=130053.551256] 167,1680592016,38673013120,38673605136,592016
[host_monotonic_s=130053.558470] 168,1690604624,38683013120,38683617744,604624
[host_monotonic_s=130053.565691] 169,1700514816,38693013120,38693527936,514816
[host_monotonic_s=130053.572875] 170,1710565472,38703013120,38703578592,565472
[host_monotonic_s=130053.579952] 171,1720633072,38713013120,38713646192,633072
[host_monotonic_s=130053.587228] 172,1730425088,38723013120,38723438208,425088
[host_monotonic_s=130053.594557] 173,1740458704,38733013120,38733471824,458704
[host_monotonic_s=130053.601593] 174,1750558368,38743013120,38743571488,558368
[host_monotonic_s=130053.608824] 175,1760557584,38753013120,38753570704,557584
[host_monotonic_s=130053.615935] 176,1770653040,38763013120,38763666160,653040
[host_monotonic_s=130053.623157] 177,1780426512,38773013120,38773439632,426512
[host_monotonic_s=130053.629770] 178,1790526752,38783013120,38783539872,526752
[host_monotonic_s=130053.936335] 179,1800748576,38793013120,38793761696,748576
[host_monotonic_s=130053.936346] 180,1810675200,38803013120,38803688320,675200
[host_monotonic_s=130053.936349] 181,1820588720,38813013120,38813601840,588720
[host_monotonic_s=130053.936351] 182,1830802144,38823013120,38823815264,802144
[host_monotonic_s=130053.936352] 183,1840563232,38833013120,38833576352,563232
[host_monotonic_s=130053.936354] 184,1850572208,38843013120,38843585328,572208
[host_monotonic_s=130053.941975] 185,1860583952,38853013120,38853597072,583952
[host_monotonic_s=130053.950296] 186,1870866560,38863013120,38863879680,866560
[host_monotonic_s=130053.957485] 187,1880409920,38873013120,38873423040,409920
[host_monotonic_s=130053.964571] 188,1890447472,38883013120,38883460592,447472
[host_monotonic_s=130053.971655] 189,1900715760,38893013120,38893728880,715760
[host_monotonic_s=130053.979129] 190,1910717568,38903013120,38903730688,717568
[host_monotonic_s=130053.989678] 191,1920688944,38913013120,38913702064,688944
[host_monotonic_s=130053.998511] 192,1930484944,38923013120,38923498064,484944
[host_monotonic_s=130054.006382] 193,1940785216,38933013120,38933798336,785216
[host_monotonic_s=130054.014565] 194,1950595648,38943013120,38943608768,595648
[host_monotonic_s=130054.022406] 195,1960474096,38953013120,38953487216,474096
[host_monotonic_s=130054.030288] 196,1970467968,38963013120,38963481088,467968
[host_monotonic_s=130054.038167] 197,1980529568,38973013120,38973542688,529568
[host_monotonic_s=130054.045440] 198,1990868128,38983013120,38983881248,868128
[host_monotonic_s=130054.052694] 199,2000501504,38993013120,38993514624,501504
[host_monotonic_s=130054.059662] 200,2010481088,39003013120,39003494208,481088
[host_monotonic_s=130054.066730] 201,2020618320,39013013120,39013631440,618320
[host_monotonic_s=130054.073724] 202,2030496304,39023013120,39023509424,496304
[host_monotonic_s=130054.080746] 203,2040582480,39033013120,39033595600,582480
[host_monotonic_s=130054.088383] 204,2050822016,39043013120,39043835136,822016
[host_monotonic_s=130054.096380] 205,2060483792,39053013120,39053496912,483792
[host_monotonic_s=130054.104216] 206,2070445072,39063013120,39063458192,445072
[host_monotonic_s=130054.111814] 207,2080405360,39073013120,39073418480,405360
[host_monotonic_s=130054.119700] 208,2090602704,39083013120,39083615824,602704
[host_monotonic_s=130054.127163] 209,2100478544,39093013120,39093491664,478544
[host_monotonic_s=130054.134430] 210,2110647248,39103013120,39103660368,647248
[host_monotonic_s=130054.141617] 211,2120616656,39113013120,39113629776,616656
[host_monotonic_s=130054.149741] 212,2130660496,39123013120,39123673616,660496
[host_monotonic_s=130054.157501] 213,2140718880,39133013120,39133732000,718880
[host_monotonic_s=130054.164753] 214,2150669376,39143013120,39143682496,669376
[host_monotonic_s=130054.172074] 215,2160752096,39153013120,39153765216,752096
[host_monotonic_s=130054.179188] 216,2170575168,39163013120,39163588288,575168
[host_monotonic_s=130054.486595] 217,2180703712,39173013120,39173716832,703712
[host_monotonic_s=130054.486607] 218,2190628480,39183013120,39183641600,628480
[host_monotonic_s=130054.486609] 219,2200673888,39193013120,39193687008,673888
[host_monotonic_s=130054.486611] 220,2210778336,39203013120,39203791456,778336
[host_monotonic_s=130054.486613] 221,2220716224,39213013120,39213729344,716224
[host_monotonic_s=130054.486614] 222,2230746240,39223013120,39223759360,746240
[host_monotonic_s=130054.490572] 223,2240679312,39233013120,39233692432,679312
[host_monotonic_s=130054.499700] 224,2250695952,39243013120,39243709072,695952
[host_monotonic_s=130054.506787] 225,2260678368,39253013120,39253691488,678368
[host_monotonic_s=130054.513938] 226,2270465696,39263013120,39263478816,465696
[host_monotonic_s=130054.521131] 227,2280535856,39273013120,39273548976,535856
[host_monotonic_s=130054.528384] 228,2290631904,39283013120,39283645024,631904
[host_monotonic_s=130054.535573] 229,2300523280,39293013120,39293536400,523280
[host_monotonic_s=130054.542796] 230,2310439632,39303013120,39303452752,439632
[host_monotonic_s=130054.549880] 231,2320570384,39313013120,39313583504,570384
[host_monotonic_s=130054.557128] 232,2330673264,39323013120,39323686384,673264
[host_monotonic_s=130054.564267] 233,2340446032,39333013120,39333459152,446032
[host_monotonic_s=130054.571272] 234,2350382512,39343013120,39343395632,382512
[host_monotonic_s=130054.578714] 235,2360508912,39353013120,39353522032,508912
[host_monotonic_s=130054.585788] 236,2370495248,39363013120,39363508368,495248
[host_monotonic_s=130054.592977] 237,2380449216,39373013120,39373462336,449216
[host_monotonic_s=130054.599928] 238,2390394208,39383013120,39383407328,394208
[host_monotonic_s=130054.606838] 239,2400552208,39393013120,39393565328,552208
[host_monotonic_s=130054.613957] 240,2410368832,39403013120,39403381952,368832
[host_monotonic_s=130054.620986] 241,2420478544,39413013120,39413491664,478544
[host_monotonic_s=130054.628293] 242,2430380000,39423013120,39423393120,380000
[host_monotonic_s=130054.635512] 243,2440635408,39433013120,39433648528,635408
[host_monotonic_s=130054.642710] 244,2450401264,39443013120,39443414384,401264
[host_monotonic_s=130054.649788] 245,2460434480,39453013120,39453447600,434480
[host_monotonic_s=130054.656705] 246,2470448240,39463013120,39463461360,448240
[host_monotonic_s=130054.663553] 247,2480558688,39473013120,39473571808,558688
[host_monotonic_s=130054.670428] 248,2490450256,39483013120,39483463376,450256
[host_monotonic_s=130054.677370] 249,2500651312,39493013120,39493664432,651312
[host_monotonic_s=130054.684348] 250,2510484000,39503013120,39503497120,484000
[host_monotonic_s=130054.691256] 251,2520599808,39513013120,39513612928,599808
[host_monotonic_s=130054.698414] 252,2530792256,39523013120,39523805376,792256
[host_monotonic_s=130054.705646] 253,2540703232,39533013120,39533716352,703232
[host_monotonic_s=130054.712810] 254,2550825136,39543013120,39543838256,825136
[host_monotonic_s=130054.720073] 255,2560831536,39553013120,39553844656,831536
[host_monotonic_s=130054.727838] 256,2570684096,39563013120,39563697216,684096
[host_monotonic_s=130054.735042] 257,2580673136,39573013120,39573686256,673136
[host_monotonic_s=130055.036892] 258,2590697568,39583013120,39583710688,697568
[host_monotonic_s=130055.036904] 259,2600631408,39593013120,39593644528,631408
[host_monotonic_s=130055.036906] 260,2610749232,39603013120,39603762352,749232
[host_monotonic_s=130055.036908] 261,2620874240,39613013120,39613887360,874240
[host_monotonic_s=130055.036910] 262,2630697680,39623013120,39623710800,697680
[host_monotonic_s=130055.036912] 263,2640677968,39633013120,39633691088,677968
[host_monotonic_s=130055.048854] 264,2650741088,39643013120,39643754208,741088
[host_monotonic_s=130055.056019] 265,2660802304,39653013120,39653815424,802304
[host_monotonic_s=130055.063578] 266,2670767776,39663013120,39663780896,767776
[host_monotonic_s=130055.070771] 267,2680828352,39673013120,39673841472,828352
[host_monotonic_s=130055.077984] 268,2690608160,39683013120,39683621280,608160
[host_monotonic_s=130055.085351] 269,2700635088,39693013120,39693648208,635088
[host_monotonic_s=130055.092471] 270,2710801040,39703013120,39703814160,801040
[host_monotonic_s=130055.099444] 271,2720429280,39713013120,39713442400,429280
[host_monotonic_s=130055.106325] 272,2730405472,39723013120,39723418592,405472
[host_monotonic_s=130055.113361] 273,2740687456,39733013120,39733700576,687456
[host_monotonic_s=130055.120340] 274,2750447744,39743013120,39743460864,447744
[host_monotonic_s=130055.127369] 275,2760493984,39753013120,39753507104,493984
[host_monotonic_s=130055.134066] 276,2770458192,39763013120,39763471312,458192
[host_monotonic_s=130055.140845] 277,2780402096,39773013120,39773415216,402096
[host_monotonic_s=130055.147784] 278,2790588112,39783013120,39783601232,588112
[host_monotonic_s=130055.155187] 279,2800486032,39793013120,39793499152,486032
[host_monotonic_s=130055.161856] 280,2810437344,39803013120,39803450464,437344
[host_monotonic_s=130055.168785] 281,2820491312,39813013120,39813504432,491312
[host_monotonic_s=130055.175659] 282,2830663280,39823013120,39823676400,663280
[host_monotonic_s=130055.182247] 283,2840779728,39833013120,39833792848,779728
[host_monotonic_s=130055.189113] 284,2850616112,39843013120,39843629232,616112
[host_monotonic_s=130055.195867] 285,2860656464,39853013120,39853669584,656464
[host_monotonic_s=130055.202988] 286,2870611056,39863013120,39863624176,611056
[host_monotonic_s=130055.209946] 287,2880419632,39873013120,39873432752,419632
[host_monotonic_s=130055.216943] 288,2890636096,39883013120,39883649216,636096
[host_monotonic_s=130055.223833] 289,2900475984,39893013120,39893489104,475984
[host_monotonic_s=130055.230604] 290,2910480080,39903013120,39903493200,480080
[host_monotonic_s=130055.237540] 291,2920519840,39913013120,39913532960,519840
[host_monotonic_s=130055.244495] 292,2930667728,39923013120,39923680848,667728
[host_monotonic_s=130055.251312] 293,2940601216,39933013120,39933614336,601216
[host_monotonic_s=130055.258112] 294,2950790752,39943013120,39943803872,790752
[host_monotonic_s=130055.264957] 295,2960467072,39953013120,39953480192,467072
[host_monotonic_s=130055.276804] 296,2970683808,39963013120,39963696928,683808
[host_monotonic_s=130055.285464] 297,2980392448,39973013120,39973405568,392448
[host_monotonic_s=130055.587074] 298,2990539504,39983013120,39983552624,539504
[host_monotonic_s=130055.587079] 299,3000579152,39993013120,39993592272,579152
[host_monotonic_s=130055.587080] PERIODIC LATENCY COMPLETE samples=300
[host_monotonic_s=130056.387723] 
[host_monotonic_s=130056.387729] [Axvisor] detached VM[2] console
[host_monotonic_s=130057.189038] [2Kaxvisor:$ [2Kaxvisor:$ v[2Kaxvisor:$ vm[2Kaxvisor:$ vme[2Kaxvisor:$ vmex[2Kaxvisor:$ vmexi[2Kaxvisor:$ vmexit[2Kaxvisor:$ vmexit [2Kaxvisor:$ vmexit s[2Kaxvisor:$ vmexit st[2Kaxvisor:$ vmexit sta[2Kaxvisor:$ vmexit stat
[host_monotonic_s=130057.189054] VM-exit counters per physical CPU (12 reasons):
[host_monotonic_s=130057.190673]   cpu         irq     timer      mmio       wfi   hvc-smc    sysreg    gic-if       sgi    cpu-up  sys-down   nothing     other
[host_monotonic_s=130057.193600]     1   17200@152.0/s 16803@139.0/s 77811@2652.6/s 16802@139.0/s         -         -         -         -         -         -         -         -
[host_monotonic_s=130057.194340]     2    1175@11.1/s   834@7.8/s 30470@4.7/s 11628@824.9/s         7         -         -       123         -         -        11         -
[host_monotonic_s=130057.195135]     3   11618@816.4/s 11489@809.4/s        52 11651@751.2/s         -         -         -    34@1.2/s         -         -         2         -
[host_monotonic_s=130057.195504] Host periodic scheduler ticks (event-driven timer IRQs excluded):
[host_monotonic_s=130057.195904]   cpu   0:       4247 (81.087/s)
[host_monotonic_s=130057.196087]   cpu   1:       4246 (80.757/s)
[host_monotonic_s=130057.196266]   cpu   2:       4244 (80.757/s)
[host_monotonic_s=130057.196402]   cpu   3:       4243 (80.757/s)
[host_monotonic_s=130059.899402] axvisor:$ [2Kaxvisor:$ v[2Kaxvisor:$ vm[2Kaxvisor:$ vm [2Kaxvisor:$ vm c[2Kaxvisor:$ vm co[2Kaxvisor:$ vm con[2Kaxvisor:$ vm cons[2Kaxvisor:$ vm conso[2Kaxvisor:$ vm consol[2Kaxvisor:$ vm console[2Kaxvisor:$ vm console [2Kaxvisor:$ vm console 1
[host_monotonic_s=130059.900025] ✓ Attached VM[1] console; use Ctrl+X, then h to return to the shell
[host_monotonic_s=130059.900372] RT_PROGRESS uptime_s=38.78
[host_monotonic_s=130059.900638] [   47.789597] random: crng init done
[host_monotonic_s=130063.103665] RT_PROGRESS uptime_s=48.80
[host_monotonic_s=130073.307350] RT_PROGRESS uptime_s=58.81
[host_monotonic_s=130083.017847] RT_PROGRESS uptime_s=68.82
[host_monotonic_s=130093.955407] RT_PROGRESS uptime_s=78.83
[host_monotonic_s=130103.336149] RT_PROGRESS uptime_s=88.84
[host_monotonic_s=130113.858288] RT_PROGRESS uptime_s=98.86
[host_monotonic_s=130123.367094] RT_PROGRESS uptime_s=108.87
[host_monotonic_s=130133.083692] RT_PROGRESS uptime_s=118.88
[host_monotonic_s=130143.393008] RT_PROGRESS uptime_s=128.90
[host_monotonic_s=130153.907633] RT_PROGRESS uptime_s=138.91
[host_monotonic_s=130163.417266] RT_PROGRESS uptime_s=148.92
[host_monotonic_s=130173.133762] RT_PROGRESS uptime_s=158.93
[host_monotonic_s=130184.074088] RT_PROGRESS uptime_s=168.94
[host_monotonic_s=130193.452993] RT_PROGRESS uptime_s=178.96
[host_monotonic_s=130203.169720] RT_PROGRESS uptime_s=188.97
[host_monotonic_s=130214.105612] RT_PROGRESS uptime_s=198.98
[host_monotonic_s=130223.489073] RT_PROGRESS uptime_s=208.99
[host_monotonic_s=130233.205593] RT_PROGRESS uptime_s=219.00
[host_monotonic_s=130243.512975] RT_PROGRESS uptime_s=229.02
[host_monotonic_s=130253.229513] RT_PROGRESS uptime_s=239.03
[host_monotonic_s=130263.535019] RT_PROGRESS uptime_s=249.04
[host_monotonic_s=130273.253655] RT_PROGRESS uptime_s=259.05
[host_monotonic_s=130283.561117] RT_PROGRESS uptime_s=269.06
[host_monotonic_s=130293.277948] RT_PROGRESS uptime_s=279.08
[host_monotonic_s=130303.584959] RT_PROGRESS uptime_s=289.09
[host_monotonic_s=130314.105890] RT_PROGRESS uptime_s=299.10
[host_monotonic_s=130323.619510] RT_PROGRESS uptime_s=309.12
[host_monotonic_s=130333.329835] RT_PROGRESS uptime_s=319.13
[host_monotonic_s=130343.636940] RT_PROGRESS uptime_s=329.14
[host_monotonic_s=130353.358465] RT_PROGRESS uptime_s=339.15
[host_monotonic_s=130363.669066] RT_PROGRESS uptime_s=349.17
[host_monotonic_s=130373.385156] RT_PROGRESS uptime_s=359.18
[host_monotonic_s=130383.685140] RT_PROGRESS uptime_s=369.19
[host_monotonic_s=130394.199212] RT_PROGRESS uptime_s=379.20
[host_monotonic_s=130403.709127] RT_PROGRESS uptime_s=389.21
[host_monotonic_s=130414.222949] RT_PROGRESS uptime_s=399.22
[host_monotonic_s=130423.732949] RT_PROGRESS uptime_s=409.24
[host_monotonic_s=130433.449278] RT_PROGRESS uptime_s=419.25
[host_monotonic_s=130443.757368] RT_PROGRESS uptime_s=429.26
[host_monotonic_s=130453.481267] RT_PROGRESS uptime_s=439.28
[host_monotonic_s=130463.781210] RT_PROGRESS uptime_s=449.28
[host_monotonic_s=130473.497468] RT_PROGRESS uptime_s=459.30
[host_monotonic_s=130483.805338] RT_PROGRESS uptime_s=469.31
[host_monotonic_s=130493.527148] RT_PROGRESS uptime_s=479.32
[host_monotonic_s=130503.835869] RT_PROGRESS uptime_s=489.34
[host_monotonic_s=130514.344158] RT_PROGRESS uptime_s=499.34
[host_monotonic_s=130523.852903] RT_PROGRESS uptime_s=509.36
[host_monotonic_s=130533.567877] RT_PROGRESS uptime_s=519.37
[host_monotonic_s=130544.430884] RT_PROGRESS uptime_s=529.38
[host_monotonic_s=130553.889284] RT_PROGRESS uptime_s=539.39
[host_monotonic_s=130563.607837] RT_PROGRESS uptime_s=549.41
[host_monotonic_s=130574.499385] RT_PROGRESS uptime_s=559.42
[host_monotonic_s=130583.929140] RT_PROGRESS uptime_s=569.43
[host_monotonic_s=130593.649098] RT_PROGRESS uptime_s=579.45
[host_monotonic_s=130603.961064] RT_PROGRESS uptime_s=589.46
[host_monotonic_s=130613.677542] RT_PROGRESS uptime_s=599.48
[host_monotonic_s=130623.984987] RT_PROGRESS uptime_s=609.49
[host_monotonic_s=130634.499263] RT_PROGRESS uptime_s=619.50
[host_monotonic_s=130644.009148] RT_PROGRESS uptime_s=629.51
[host_monotonic_s=130653.725424] RT_PROGRESS uptime_s=639.52
[host_monotonic_s=130664.033095] RT_PROGRESS uptime_s=649.54
[host_monotonic_s=130673.749444] RT_PROGRESS uptime_s=659.55
[host_monotonic_s=130684.057179] RT_PROGRESS uptime_s=669.56
[host_monotonic_s=130693.773438] RT_PROGRESS uptime_s=679.57
[host_monotonic_s=130704.081099] RT_PROGRESS uptime_s=689.58
[host_monotonic_s=130713.797520] RT_PROGRESS uptime_s=699.60
[host_monotonic_s=130724.105087] RT_PROGRESS uptime_s=709.61
[host_monotonic_s=130734.619411] RT_PROGRESS uptime_s=719.62
[host_monotonic_s=130744.129072] RT_PROGRESS uptime_s=729.63
[host_monotonic_s=130753.846066] RT_PROGRESS uptime_s=739.64
[host_monotonic_s=130764.156117] RT_PROGRESS uptime_s=749.66
[host_monotonic_s=130773.865844] RT_PROGRESS uptime_s=759.66
[host_monotonic_s=130784.172919] RT_PROGRESS uptime_s=769.68
[host_monotonic_s=130794.687273] RT_PROGRESS uptime_s=779.69
[host_monotonic_s=130804.197128] RT_PROGRESS uptime_s=789.70
[host_monotonic_s=130813.913786] RT_PROGRESS uptime_s=799.71
[host_monotonic_s=130824.221033] RT_PROGRESS uptime_s=809.72
[host_monotonic_s=130833.937459] RT_PROGRESS uptime_s=819.74
[host_monotonic_s=130844.245128] RT_PROGRESS uptime_s=829.75
[host_monotonic_s=130853.961253] RT_PROGRESS uptime_s=839.76
[host_monotonic_s=130864.268959] RT_PROGRESS uptime_s=849.77
[host_monotonic_s=130874.783855] RT_PROGRESS uptime_s=859.78
[host_monotonic_s=130884.293124] RT_PROGRESS uptime_s=869.80
[host_monotonic_s=130894.009941] RT_PROGRESS uptime_s=879.81
[host_monotonic_s=130904.317110] RT_PROGRESS uptime_s=889.82
[host_monotonic_s=130914.034040] RT_PROGRESS uptime_s=899.83
[host_monotonic_s=130924.969911] RT_PROGRESS uptime_s=909.84
[host_monotonic_s=130934.353088] RT_PROGRESS uptime_s=919.86
[host_monotonic_s=130944.069603] RT_PROGRESS uptime_s=929.87
[host_monotonic_s=130955.006730] RT_PROGRESS uptime_s=939.88
[host_monotonic_s=130964.389060] RT_PROGRESS uptime_s=949.89
[host_monotonic_s=130974.906261] RT_PROGRESS uptime_s=959.91
[host_monotonic_s=130984.416996] RT_PROGRESS uptime_s=969.92
[host_monotonic_s=130994.136187] RT_PROGRESS uptime_s=979.93
[host_monotonic_s=131004.445756] RT_PROGRESS uptime_s=989.95
[host_monotonic_s=131014.173430] RT_PROGRESS uptime_s=999.96
[host_monotonic_s=131025.115526] RT_PROGRESS uptime_s=1009.99
[host_monotonic_s=131034.504879] RT_PROGRESS uptime_s=1020.01
[host_monotonic_s=131045.019567] RT_PROGRESS uptime_s=1030.02
[host_monotonic_s=131054.529076] RT_PROGRESS uptime_s=1040.03
[host_monotonic_s=131064.246549] RT_PROGRESS uptime_s=1050.04
[host_monotonic_s=131075.183469] RT_PROGRESS uptime_s=1060.06
[host_monotonic_s=131084.564927] RT_PROGRESS uptime_s=1070.07
[host_monotonic_s=131094.285612] RT_PROGRESS uptime_s=1080.08
[host_monotonic_s=131104.585191] RT_PROGRESS uptime_s=1090.09
[host_monotonic_s=131114.300116] RT_PROGRESS uptime_s=1100.10
[host_monotonic_s=131125.173163] RT_PROGRESS uptime_s=1110.11
[host_monotonic_s=131135.251522] RT_PROGRESS uptime_s=1120.13
[host_monotonic_s=131144.635728] RT_PROGRESS uptime_s=1130.14
[host_monotonic_s=131154.347712] RT_PROGRESS uptime_s=1140.14
[host_monotonic_s=131165.284289] RT_PROGRESS uptime_s=1150.16
[host_monotonic_s=131174.668504] RT_PROGRESS uptime_s=1160.17
[host_monotonic_s=131184.384429] RT_PROGRESS uptime_s=1170.18
[host_monotonic_s=131194.684883] RT_PROGRESS uptime_s=1180.19
[host_monotonic_s=131204.401648] RT_PROGRESS uptime_s=1190.20
[host_monotonic_s=131214.711404] RT_PROGRESS uptime_s=1200.21
[host_monotonic_s=131225.219571] RT_PROGRESS uptime_s=1210.22
[host_monotonic_s=131234.728899] RT_PROGRESS uptime_s=1220.23
[host_monotonic_s=131244.445495] RT_PROGRESS uptime_s=1230.24
[host_monotonic_s=131254.753012] RT_PROGRESS uptime_s=1240.26
[host_monotonic_s=131265.268236] RT_PROGRESS uptime_s=1250.27
[host_monotonic_s=131274.776946] RT_PROGRESS uptime_s=1260.28
[host_monotonic_s=131284.493622] RT_PROGRESS uptime_s=1270.29
[host_monotonic_s=131295.429212] RT_PROGRESS uptime_s=1280.30
[host_monotonic_s=131304.813051] RT_PROGRESS uptime_s=1290.32
[host_monotonic_s=131314.535134] RT_PROGRESS uptime_s=1300.33
[host_monotonic_s=131324.843984] RT_PROGRESS uptime_s=1310.35
[host_monotonic_s=131334.553779] RT_PROGRESS uptime_s=1320.35
[host_monotonic_s=131344.865118] RT_PROGRESS uptime_s=1330.37
[host_monotonic_s=131354.574154] RT_PROGRESS uptime_s=1340.37
[host_monotonic_s=131364.883121] RT_PROGRESS uptime_s=1350.39
[host_monotonic_s=131374.593734] RT_PROGRESS uptime_s=1360.39
[host_monotonic_s=131384.901069] RT_PROGRESS uptime_s=1370.40
[host_monotonic_s=131394.617688] RT_PROGRESS uptime_s=1380.42
[host_monotonic_s=131404.924987] RT_PROGRESS uptime_s=1390.43
[host_monotonic_s=131414.641902] RT_PROGRESS uptime_s=1400.44
[host_monotonic_s=131424.951788] RT_PROGRESS uptime_s=1410.45
[host_monotonic_s=131434.661357] RT_PROGRESS uptime_s=1420.46
[host_monotonic_s=131444.969030] RT_PROGRESS uptime_s=1430.47
[host_monotonic_s=131454.685772] RT_PROGRESS uptime_s=1440.48
[host_monotonic_s=131465.621579] RT_PROGRESS uptime_s=1450.50
[host_monotonic_s=131475.004926] RT_PROGRESS uptime_s=1460.51
[host_monotonic_s=131484.721592] RT_PROGRESS uptime_s=1470.52
[host_monotonic_s=131495.031752] RT_PROGRESS uptime_s=1480.53
[host_monotonic_s=131504.741988] RT_PROGRESS uptime_s=1490.54
[host_monotonic_s=131515.049138] RT_PROGRESS uptime_s=1500.55
[host_monotonic_s=131525.565353] RT_PROGRESS uptime_s=1510.57
[host_monotonic_s=131535.075562] RT_PROGRESS uptime_s=1520.58
[host_monotonic_s=131544.785848] RT_PROGRESS uptime_s=1530.58
[host_monotonic_s=131555.722051] RT_PROGRESS uptime_s=1540.60
[host_monotonic_s=131565.109492] RT_PROGRESS uptime_s=1550.61
[host_monotonic_s=131574.829627] RT_PROGRESS uptime_s=1560.63
[host_monotonic_s=131585.136980] RT_PROGRESS uptime_s=1570.64
[host_monotonic_s=131594.853758] RT_PROGRESS uptime_s=1580.65
[host_monotonic_s=131605.161317] RT_PROGRESS uptime_s=1590.66
[host_monotonic_s=131614.877946] RT_PROGRESS uptime_s=1600.68
[host_monotonic_s=131625.814696] RT_PROGRESS uptime_s=1610.69
[host_monotonic_s=131635.197060] RT_PROGRESS uptime_s=1620.70
[host_monotonic_s=131644.914299] RT_PROGRESS uptime_s=1630.71
[host_monotonic_s=131655.223470] RT_PROGRESS uptime_s=1640.73
[host_monotonic_s=131664.933698] RT_PROGRESS uptime_s=1650.73
[host_monotonic_s=131675.869719] RT_PROGRESS uptime_s=1660.74
[host_monotonic_s=131685.255869] RT_PROGRESS uptime_s=1670.76
[host_monotonic_s=131694.966075] RT_PROGRESS uptime_s=1680.76
[host_monotonic_s=131705.273114] RT_PROGRESS uptime_s=1690.78
[host_monotonic_s=131714.993281] RT_PROGRESS uptime_s=1700.79
[host_monotonic_s=131725.293194] RT_PROGRESS uptime_s=1710.80
[host_monotonic_s=131735.807904] RT_PROGRESS uptime_s=1720.81
[host_monotonic_s=131745.317032] RT_PROGRESS uptime_s=1730.82
[host_monotonic_s=131755.033790] RT_PROGRESS uptime_s=1740.83
[host_monotonic_s=131765.974169] RT_PROGRESS uptime_s=1750.84
[host_monotonic_s=131775.353141] RT_PROGRESS uptime_s=1760.86
[host_monotonic_s=131785.069836] RT_PROGRESS uptime_s=1770.87
[host_monotonic_s=131795.593323] RT_PROGRESS uptime_s=1780.88
[host_monotonic_s=131805.201401] RT_PROGRESS uptime_s=1790.89
[host_monotonic_s=131816.025188] RT_PROGRESS uptime_s=1800.90
[host_monotonic_s=131825.409079] RT_PROGRESS uptime_s=1810.91
[host_monotonic_s=131835.125790] RT_PROGRESS uptime_s=1820.92
[host_monotonic_s=131843.946520] WARN: stat /dev/cpu_dma_latency failed: No such file or directory
[host_monotonic_s=131843.946533] # Histogram
[host_monotonic_s=131843.946536] 000126 000001
[host_monotonic_s=131843.946538] 000133 000001
[host_monotonic_s=131843.946540] 000138 000001
[host_monotonic_s=131843.946542] 000139 000007
[host_monotonic_s=131843.946544] 000140 000002
[host_monotonic_s=131843.946545] 000141 000002
[host_monotonic_s=131843.946547] 000142 000001
[host_monotonic_s=131843.946548] 000143 000006
[host_monotonic_s=131843.946550] 000144 000005
[host_monotonic_s=131843.946552] 000145 000007
[host_monotonic_s=131843.946553] 000146 000003
[host_monotonic_s=131843.946555] 000147 000004
[host_monotonic_s=131843.946556] 000148 000008
[host_monotonic_s=131843.946557] 000149 000005
[host_monotonic_s=131843.946558] 000150 000007
[host_monotonic_s=131843.946560] 000151 000005
[host_monotonic_s=131843.946561] 000152 000007
[host_monotonic_s=131843.951261] 000153 000004
[host_monotonic_s=131843.954470] 000154 000005
[host_monotonic_s=131843.956842] 000155 000012
[host_monotonic_s=131843.959154] 000156 000011
[host_monotonic_s=131843.961507] 000157 000011
[host_monotonic_s=131843.963991] 000158 000019
[host_monotonic_s=131843.966432] 000159 000020
[host_monotonic_s=131843.968841] 000160 000026
[host_monotonic_s=131843.971226] 000161 000028
[host_monotonic_s=131843.973655] 000162 000046
[host_monotonic_s=131843.976095] 000163 000049
[host_monotonic_s=131843.978504] 000164 000061
[host_monotonic_s=131843.980771] 000165 000060
[host_monotonic_s=131843.983056] 000166 000073
[host_monotonic_s=131843.985342] 000167 000095
[host_monotonic_s=131843.987570] 000168 000098
[host_monotonic_s=131843.989795] 000169 000098
[host_monotonic_s=131843.992012] 000170 000092
[host_monotonic_s=131843.994379] 000171 000129
[host_monotonic_s=131843.996594] 000172 000105
[host_monotonic_s=131843.998818] 000173 000134
[host_monotonic_s=131844.001026] 000174 000126
[host_monotonic_s=131844.003690] 000175 000138
[host_monotonic_s=131844.005990] 000176 000138
[host_monotonic_s=131844.008209] 000177 000140
[host_monotonic_s=131844.010409] 000178 000131
[host_monotonic_s=131844.012649] 000179 000157
[host_monotonic_s=131844.015016] 000180 000168
[host_monotonic_s=131844.017231] 000181 000145
[host_monotonic_s=131844.019447] 000182 000139
[host_monotonic_s=131844.021672] 000183 000147
[host_monotonic_s=131844.023980] 000184 000160
[host_monotonic_s=131844.026240] 000185 000173
[host_monotonic_s=131844.028446] 000186 000182
[host_monotonic_s=131844.030655] 000187 000157
[host_monotonic_s=131844.032851] 000188 000172
[host_monotonic_s=131844.035202] 000189 000178
[host_monotonic_s=131844.037461] 000190 000172
[host_monotonic_s=131844.039677] 000191 000165
[host_monotonic_s=131844.041892] 000192 000164
[host_monotonic_s=131844.044233] 000193 000171
[host_monotonic_s=131844.046445] 000194 000179
[host_monotonic_s=131844.048828] 000195 000152
[host_monotonic_s=131844.051027] 000196 000180
[host_monotonic_s=131844.053719] 000197 000174
[host_monotonic_s=131844.056183] 000198 000183
[host_monotonic_s=131844.058392] 000199 000167
[host_monotonic_s=131844.060592] 000200 000144
[host_monotonic_s=131844.062812] 000201 000170
[host_monotonic_s=131844.065543] 000202 000150
[host_monotonic_s=131844.067733] 000203 000180
[host_monotonic_s=131844.069940] 000204 000165
[host_monotonic_s=131844.072159] 000205 000150
[host_monotonic_s=131844.074546] 000206 000155
[host_monotonic_s=131844.076758] 000207 000178
[host_monotonic_s=131844.079021] 000208 000140
[host_monotonic_s=131844.081247] 000209 000166
[host_monotonic_s=131844.083911] 000210 000170
[host_monotonic_s=131844.086252] 000211 000157
[host_monotonic_s=131844.089987] 000212 000163
[host_monotonic_s=131844.092203] 000213 000156
[host_monotonic_s=131844.094935] 000214 000167
[host_monotonic_s=131844.097173] 000215 000170
[host_monotonic_s=131844.099456] 000216 000158
[host_monotonic_s=131844.101636] 000217 000150
[host_monotonic_s=131844.104073] 000218 000193
[host_monotonic_s=131844.106334] 000219 000175
[host_monotonic_s=131844.108563] 000220 000162
[host_monotonic_s=131844.110785] 000221 000156
[host_monotonic_s=131844.113082] 000222 000147
[host_monotonic_s=131844.115347] 000223 000148
[host_monotonic_s=131844.117592] 000224 000149
[host_monotonic_s=131844.119837] 000225 000156
[host_monotonic_s=131844.122060] 000226 000146
[host_monotonic_s=131844.124783] 000227 000151
[host_monotonic_s=131844.126992] 000228 000139
[host_monotonic_s=131844.129216] 000229 000153
[host_monotonic_s=131844.131432] 000230 000154
[host_monotonic_s=131844.133754] 000231 000142
[host_monotonic_s=131844.136104] 000232 000169
[host_monotonic_s=131844.138872] 000233 000155
[host_monotonic_s=131844.141086] 000234 000167
[host_monotonic_s=131844.143721] 000235 000155
[host_monotonic_s=131844.146833] 000236 000155
[host_monotonic_s=131844.149760] 000237 000163
[host_monotonic_s=131844.152309] 000238 000164
[host_monotonic_s=131844.154888] 000239 000160
[host_monotonic_s=131844.157351] 000240 000180
[host_monotonic_s=131844.159585] 000241 000160
[host_monotonic_s=131844.161801] 000242 000203
[host_monotonic_s=131844.164172] 000243 000201
[host_monotonic_s=131844.166385] 000244 000232
[host_monotonic_s=131844.168616] 000245 000256
[host_monotonic_s=131844.170818] 000246 000292
[host_monotonic_s=131844.173138] 000247 000324
[host_monotonic_s=131844.175429] 000248 000374
[host_monotonic_s=131844.177633] 000249 000457
[host_monotonic_s=131844.179824] 000250 000601
[host_monotonic_s=131844.182030] 000251 000632
[host_monotonic_s=131844.184409] 000252 000804
[host_monotonic_s=131844.186619] 000253 000943
[host_monotonic_s=131844.188843] 000254 001135
[host_monotonic_s=131844.191046] 000255 001309
[host_monotonic_s=131844.193711] 000256 001539
[host_monotonic_s=131844.196016] 000257 001762
[host_monotonic_s=131844.496764] 000258 002027
[host_monotonic_s=131844.496777] 000259 002153
[host_monotonic_s=131844.496779] 000260 002469
[host_monotonic_s=131844.496781] 000261 002664
[host_monotonic_s=131844.496783] 000262 002979
[host_monotonic_s=131844.496785] 000263 003266
[host_monotonic_s=131844.496787] 000264 003461
[host_monotonic_s=131844.496789] 000265 003774
[host_monotonic_s=131844.496790] 000266 004096
[host_monotonic_s=131844.496792] 000267 004195
[host_monotonic_s=131844.496794] 000268 004652
[host_monotonic_s=131844.496795] 000269 004816
[host_monotonic_s=131844.496797] 000270 005147
[host_monotonic_s=131844.496799] 000271 005473
[host_monotonic_s=131844.496800] 000272 005758
[host_monotonic_s=131844.496801] 000273 005883
[host_monotonic_s=131844.496803] 000274 006437
[host_monotonic_s=131844.496804] 000275 006731
[host_monotonic_s=131844.501015] 000276 007057
[host_monotonic_s=131844.504727] 000277 007087
[host_monotonic_s=131844.506976] 000278 007394
[host_monotonic_s=131844.509212] 000279 007007
[host_monotonic_s=131844.511443] 000280 007160
[host_monotonic_s=131844.513967] 000281 006705
[host_monotonic_s=131844.516215] 000282 006576
[host_monotonic_s=131844.518454] 000283 006332
[host_monotonic_s=131844.520670] 000284 006298
[host_monotonic_s=131844.522880] 000285 006266
[host_monotonic_s=131844.525363] 000286 006173
[host_monotonic_s=131844.527591] 000287 005891
[host_monotonic_s=131844.529800] 000288 005943
[host_monotonic_s=131844.532022] 000289 005695
[host_monotonic_s=131844.534361] 000290 005582
[host_monotonic_s=131844.536590] 000291 005489
[host_monotonic_s=131844.538825] 000292 005309
[host_monotonic_s=131844.541259] 000293 004997
[host_monotonic_s=131844.543729] 000294 004828
[host_monotonic_s=131844.546049] 000295 004653
[host_monotonic_s=131844.548277] 000296 004597
[host_monotonic_s=131844.550502] 000297 004361
[host_monotonic_s=131844.552759] 000298 004234
[host_monotonic_s=131844.555119] 000299 004109
[host_monotonic_s=131844.557375] 000300 004074
[host_monotonic_s=131844.559589] 000301 003870
[host_monotonic_s=131844.561802] 000302 003717
[host_monotonic_s=131844.564156] 000303 003636
[host_monotonic_s=131844.566385] 000304 003652
[host_monotonic_s=131844.568630] 000305 003566
[host_monotonic_s=131844.570858] 000306 003489
[host_monotonic_s=131844.573164] 000307 003297
[host_monotonic_s=131844.575445] 000308 003137
[host_monotonic_s=131844.577672] 000309 002863
[host_monotonic_s=131844.579884] 000310 002669
[host_monotonic_s=131844.582094] 000311 002538
[host_monotonic_s=131844.584452] 000312 002332
[host_monotonic_s=131844.586667] 000313 002272
[host_monotonic_s=131844.588884] 000314 002272
[host_monotonic_s=131844.591112] 000315 002011
[host_monotonic_s=131844.593755] 000316 002146
[host_monotonic_s=131844.596055] 000317 001926
[host_monotonic_s=131844.598762] 000318 001875
[host_monotonic_s=131844.600981] 000319 001860
[host_monotonic_s=131844.603295] 000320 001859
[host_monotonic_s=131844.605607] 000321 001706
[host_monotonic_s=131844.607848] 000322 001637
[host_monotonic_s=131844.610147] 000323 001508
[host_monotonic_s=131844.612332] 000324 001462
[host_monotonic_s=131844.614711] 000325 001377
[host_monotonic_s=131844.616940] 000326 001322
[host_monotonic_s=131844.619202] 000327 001198
[host_monotonic_s=131844.621425] 000328 001305
[host_monotonic_s=131844.624109] 000329 001236
[host_monotonic_s=131844.626373] 000330 001259
[host_monotonic_s=131844.628595] 000331 001141
[host_monotonic_s=131844.630830] 000332 001164
[host_monotonic_s=131844.633492] 000333 001099
[host_monotonic_s=131844.635886] 000334 001033
[host_monotonic_s=131844.638265] 000335 001018
[host_monotonic_s=131844.640621] 000336 001006
[host_monotonic_s=131844.642860] 000337 000963
[host_monotonic_s=131844.645251] 000338 000938
[host_monotonic_s=131844.647485] 000339 000923
[host_monotonic_s=131844.649730] 000340 000973
[host_monotonic_s=131844.651960] 000341 000893
[host_monotonic_s=131844.654351] 000342 000921
[host_monotonic_s=131844.656582] 000343 000951
[host_monotonic_s=131844.658829] 000344 000973
[host_monotonic_s=131844.661062] 000345 000909
[host_monotonic_s=131844.663819] 000346 000908
[host_monotonic_s=131844.666173] 000347 000913
[host_monotonic_s=131844.668426] 000348 000939
[host_monotonic_s=131844.670667] 000349 000884
[host_monotonic_s=131844.672964] 000350 000943
[host_monotonic_s=131844.675338] 000351 000984
[host_monotonic_s=131844.677589] 000352 000974
[host_monotonic_s=131844.679836] 000353 000971
[host_monotonic_s=131844.682096] 000354 001009
[host_monotonic_s=131844.684465] 000355 000952
[host_monotonic_s=131844.686742] 000356 000983
[host_monotonic_s=131844.689043] 000357 000938
[host_monotonic_s=131844.691331] 000358 001025
[host_monotonic_s=131844.693738] 000359 000983
[host_monotonic_s=131844.696171] 000360 000997
[host_monotonic_s=131844.698964] 000361 000989
[host_monotonic_s=131844.701243] 000362 001005
[host_monotonic_s=131844.703612] 000363 000991
[host_monotonic_s=131844.705911] 000364 001005
[host_monotonic_s=131844.708167] 000365 001016
[host_monotonic_s=131844.710434] 000366 001076
[host_monotonic_s=131844.712727] 000367 001008
[host_monotonic_s=131844.715218] 000368 001010
[host_monotonic_s=131844.717559] 000369 001042
[host_monotonic_s=131844.719798] 000370 001133
[host_monotonic_s=131844.722021] 000371 001085
[host_monotonic_s=131844.724444] 000372 001092
[host_monotonic_s=131844.726684] 000373 001130
[host_monotonic_s=131844.728965] 000374 001093
[host_monotonic_s=131844.731195] 000375 001070
[host_monotonic_s=131844.733841] 000376 001124
[host_monotonic_s=131844.736206] 000377 001078
[host_monotonic_s=131844.738437] 000378 001161
[host_monotonic_s=131844.740661] 000379 001145
[host_monotonic_s=131844.742980] 000380 001126
[host_monotonic_s=131844.745308] 000381 001139
[host_monotonic_s=131845.046959] 000382 001195
[host_monotonic_s=131845.046973] 000383 001218
[host_monotonic_s=131845.046977] 000384 001141
[host_monotonic_s=131845.046979] 000385 001094
[host_monotonic_s=131845.046982] 000386 001148
[host_monotonic_s=131845.046984] 000387 001127
[host_monotonic_s=131845.046986] 000388 001122
[host_monotonic_s=131845.046988] 000389 001116
[host_monotonic_s=131845.046989] 000390 001119
[host_monotonic_s=131845.046991] 000391 001057
[host_monotonic_s=131845.046993] 000392 001138
[host_monotonic_s=131845.046995] 000393 001141
[host_monotonic_s=131845.046996] 000394 001112
[host_monotonic_s=131845.046998] 000395 001125
[host_monotonic_s=131845.047000] 000396 001166
[host_monotonic_s=131845.047016] 000397 001130
[host_monotonic_s=131845.047017] 000398 001109
[host_monotonic_s=131845.047019] 000399 001122
[host_monotonic_s=131845.047021] 000400 001104
[host_monotonic_s=131845.056962] 000401 001132
[host_monotonic_s=131845.060073] 000402 001165
[host_monotonic_s=131845.062307] 000403 001086
[host_monotonic_s=131845.064707] 000404 001151
[host_monotonic_s=131845.066918] 000405 001104
[host_monotonic_s=131845.069182] 000406 001097
[host_monotonic_s=131845.071407] 000407 001079
[host_monotonic_s=131845.872625] 000408 001104
[host_monotonic_s=131845.872637] 000409 001144
[host_monotonic_s=131845.872639] 000410 001057
[host_monotonic_s=131845.872641] 000411 001023
[host_monotonic_s=131845.872643] 000412 001106
[host_monotonic_s=131845.872644] 000413 001052
[host_monotonic_s=131845.872646] 000414 001076
[host_monotonic_s=131845.872647] 000415 001003
[host_monotonic_s=131845.872648] 000416 001018
[host_monotonic_s=131845.872650] 000417 000944
[host_monotonic_s=131845.872652] 000418 001054
[host_monotonic_s=131845.872653] 000419 000945
[host_monotonic_s=131845.872655] 000420 001001
[host_monotonic_s=131845.872656] 000421 000949
[host_monotonic_s=131845.872657] 000422 000944
[host_monotonic_s=131845.872658] 000423 000932
[host_monotonic_s=131845.872659] 000424 000913
[host_monotonic_s=131845.872661] 000425 000860
[host_monotonic_s=131845.876602] 000426 000914
[host_monotonic_s=131845.880211] 000427 000919
[host_monotonic_s=131845.882446] 000428 000893
[host_monotonic_s=131845.885124] 000429 000821
[host_monotonic_s=131845.887368] 000430 000956
[host_monotonic_s=131845.889591] 000431 000834
[host_monotonic_s=131845.891804] 000432 000870
[host_monotonic_s=131845.894118] 000433 000865
[host_monotonic_s=131845.896325] 000434 000854
[host_monotonic_s=131845.898562] 000435 001011
[host_monotonic_s=131845.900774] 000436 000981
[host_monotonic_s=131845.903062] 000437 000979
[host_monotonic_s=131845.905323] 000438 001033
[host_monotonic_s=131845.907553] 000439 001000
[host_monotonic_s=131845.909788] 000440 001086
[host_monotonic_s=131845.912020] 000441 001102
[host_monotonic_s=131845.914338] 000442 001175
[host_monotonic_s=131845.916570] 000443 001249
[host_monotonic_s=131845.918801] 000444 001401
[host_monotonic_s=131845.921042] 000445 001414
[host_monotonic_s=131845.923521] 000446 001577
[host_monotonic_s=131845.925772] 000447 001588
[host_monotonic_s=131845.927991] 000448 001813
[host_monotonic_s=131845.930255] 000449 001928
[host_monotonic_s=131845.932443] 000450 002230
[host_monotonic_s=131845.934949] 000451 002331
[host_monotonic_s=131845.937181] 000452 002596
[host_monotonic_s=131845.939411] 000453 002916
[host_monotonic_s=131845.941631] 000454 003091
[host_monotonic_s=131845.944119] 000455 003447
[host_monotonic_s=131845.946368] 000456 003694
[host_monotonic_s=131845.948601] 000457 003942
[host_monotonic_s=131845.950834] 000458 004136
[host_monotonic_s=131845.953137] 000459 004420
[host_monotonic_s=131845.955363] 000460 004865
[host_monotonic_s=131845.957593] 000461 005178
[host_monotonic_s=131845.959815] 000462 005497
[host_monotonic_s=131845.962033] 000463 005638
[host_monotonic_s=131845.964335] 000464 006112
[host_monotonic_s=131845.966556] 000465 006320
[host_monotonic_s=131845.968773] 000466 006737
[host_monotonic_s=131845.970975] 000467 006881
[host_monotonic_s=131845.973358] 000468 007324
[host_monotonic_s=131845.975806] 000469 007312
[host_monotonic_s=131845.978046] 000470 007895
[host_monotonic_s=131845.980308] 000471 007815
[host_monotonic_s=131845.982548] 000472 008106
[host_monotonic_s=131845.984876] 000473 008425
[host_monotonic_s=131845.987132] 000474 008669
[host_monotonic_s=131845.989379] 000475 008736
[host_monotonic_s=131845.991597] 000476 008954
[host_monotonic_s=131845.994204] 000477 008727
[host_monotonic_s=131845.996494] 000478 009085
[host_monotonic_s=131845.998733] 000479 009180
[host_monotonic_s=131846.000975] 000480 009360
[host_monotonic_s=131846.003298] 000481 008978
[host_monotonic_s=131846.005565] 000482 009218
[host_monotonic_s=131846.007842] 000483 009030
[host_monotonic_s=131846.010142] 000484 009298
[host_monotonic_s=131846.012395] 000485 008990
[host_monotonic_s=131846.014703] 000486 009143
[host_monotonic_s=131846.016925] 000487 008834
[host_monotonic_s=131846.019182] 000488 008984
[host_monotonic_s=131846.021488] 000489 008789
[host_monotonic_s=131846.023820] 000490 008879
[host_monotonic_s=131846.026051] 000491 008955
[host_monotonic_s=131846.028306] 000492 008913
[host_monotonic_s=131846.030532] 000493 008863
[host_monotonic_s=131846.032773] 000494 009139
[host_monotonic_s=131846.035111] 000495 008999
[host_monotonic_s=131846.037317] 000496 009205
[host_monotonic_s=131846.039556] 000497 008999
[host_monotonic_s=131846.041787] 000498 009378
[host_monotonic_s=131846.044264] 000499 009121
[host_monotonic_s=131846.046546] 000500 009504
[host_monotonic_s=131846.048831] 000501 009332
[host_monotonic_s=131846.051060] 000502 009518
[host_monotonic_s=131846.053372] 000503 009546
[host_monotonic_s=131846.055615] 000504 009842
[host_monotonic_s=131846.057859] 000505 010098
[host_monotonic_s=131846.060098] 000506 010294
[host_monotonic_s=131846.062323] 000507 010343
[host_monotonic_s=131846.064644] 000508 010524
[host_monotonic_s=131846.066884] 000509 010395
[host_monotonic_s=131846.069138] 000510 010893
[host_monotonic_s=131846.071389] 000511 010807
[host_monotonic_s=131846.073883] 000512 011132
[host_monotonic_s=131846.076251] 000513 011036
[host_monotonic_s=131846.078607] 000514 011195
[host_monotonic_s=131846.080974] 000515 011303
[host_monotonic_s=131846.083402] 000516 011408
[host_monotonic_s=131846.085794] 000517 011059
[host_monotonic_s=131846.088107] 000518 011221
[host_monotonic_s=131846.090353] 000519 011085
[host_monotonic_s=131846.092584] 000520 011087
[host_monotonic_s=131846.095169] 000521 010789
[host_monotonic_s=131846.097432] 000522 010652
[host_monotonic_s=131846.099728] 000523 010339
[host_monotonic_s=131846.102070] 000524 010274
[host_monotonic_s=131846.104504] 000525 009856
[host_monotonic_s=131846.106865] 000526 009800
[host_monotonic_s=131846.109221] 000527 009211
[host_monotonic_s=131846.111577] 000528 009412
[host_monotonic_s=131846.114041] 000529 008794
[host_monotonic_s=131846.116388] 000530 008667
[host_monotonic_s=131846.118753] 000531 008362
[host_monotonic_s=131846.121115] 000532 008291
[host_monotonic_s=131846.422981] 000533 007786
[host_monotonic_s=131846.422994] 000534 007645
[host_monotonic_s=131846.422997] 000535 007497
[host_monotonic_s=131846.422999] 000536 007270
[host_monotonic_s=131846.423013] 000537 006847
[host_monotonic_s=131846.423015] 000538 006669
[host_monotonic_s=131846.423017] 000539 006507
[host_monotonic_s=131846.423019] 000540 006428
[host_monotonic_s=131846.423021] 000541 006138
[host_monotonic_s=131846.423022] 000542 006066
[host_monotonic_s=131846.423024] 000543 005815
[host_monotonic_s=131846.423026] 000544 005762
[host_monotonic_s=131846.423028] 000545 005640
[host_monotonic_s=131846.423029] 000546 005536
[host_monotonic_s=131846.423031] 000547 005324
[host_monotonic_s=131846.423032] 000548 005285
[host_monotonic_s=131846.423033] 000549 005056
[host_monotonic_s=131846.423035] 000550 004977
[host_monotonic_s=131846.423037] 000551 004712
[host_monotonic_s=131846.429667] 000552 004677
[host_monotonic_s=131846.431929] 000553 004531
[host_monotonic_s=131846.434304] 000554 004618
[host_monotonic_s=131846.436584] 000555 004396
[host_monotonic_s=131846.438951] 000556 004348
[host_monotonic_s=131846.441255] 000557 004123
[host_monotonic_s=131846.443791] 000558 003857
[host_monotonic_s=131846.446321] 000559 003989
[host_monotonic_s=131846.448619] 000560 003907
[host_monotonic_s=131846.450880] 000561 003613
[host_monotonic_s=131846.453398] 000562 003709
[host_monotonic_s=131846.455800] 000563 003568
[host_monotonic_s=131846.458052] 000564 003449
[host_monotonic_s=131846.460282] 000565 003296
[host_monotonic_s=131846.462521] 000566 003480
[host_monotonic_s=131846.465013] 000567 003301
[host_monotonic_s=131846.467446] 000568 003318
[host_monotonic_s=131846.469685] 000569 003278
[host_monotonic_s=131846.471949] 000570 003286
[host_monotonic_s=131846.474392] 000571 003242
[host_monotonic_s=131846.476642] 000572 003263
[host_monotonic_s=131846.479075] 000573 003171
[host_monotonic_s=131846.481323] 000574 003209
[host_monotonic_s=131846.483834] 000575 003178
[host_monotonic_s=131846.486113] 000576 003258
[host_monotonic_s=131846.488373] 000577 003080
[host_monotonic_s=131846.490626] 000578 003302
[host_monotonic_s=131846.492977] 000579 003302
[host_monotonic_s=131846.495320] 000580 003416
[host_monotonic_s=131846.497556] 000581 003348
[host_monotonic_s=131846.499801] 000582 003369
[host_monotonic_s=131846.502048] 000583 003324
[host_monotonic_s=131846.504581] 000584 003606
[host_monotonic_s=131846.506862] 000585 003457
[host_monotonic_s=131846.509163] 000586 003534
[host_monotonic_s=131846.511515] 000587 003501
[host_monotonic_s=131846.513965] 000588 003521
[host_monotonic_s=131846.516321] 000589 003531
[host_monotonic_s=131846.518685] 000590 003580
[host_monotonic_s=131846.521079] 000591 003502
[host_monotonic_s=131846.523713] 000592 003494
[host_monotonic_s=131846.526174] 000593 003421
[host_monotonic_s=131846.528545] 000594 003512
[host_monotonic_s=131846.530912] 000595 003460
[host_monotonic_s=131846.533641] 000596 003523
[host_monotonic_s=131846.535966] 000597 003411
[host_monotonic_s=131846.538239] 000598 003434
[host_monotonic_s=131846.540564] 000599 003192
[host_monotonic_s=131846.543269] 000600 003215
[host_monotonic_s=131846.545657] 000601 003143
[host_monotonic_s=131846.548022] 000602 003298
[host_monotonic_s=131846.550390] 000603 003056
[host_monotonic_s=131846.552671] 000604 002986
[host_monotonic_s=131846.555150] 000605 002957
[host_monotonic_s=131846.557370] 000606 002920
[host_monotonic_s=131846.559599] 000607 002922
[host_monotonic_s=131846.561832] 000608 002719
[host_monotonic_s=131846.564348] 000609 002739
[host_monotonic_s=131846.566571] 000610 002677
[host_monotonic_s=131846.568804] 000611 002562
[host_monotonic_s=131846.571020] 000612 002625
[host_monotonic_s=131846.573555] 000613 002475
[host_monotonic_s=131846.575917] 000614 002535
[host_monotonic_s=131846.578219] 000615 002334
[host_monotonic_s=131846.580450] 000616 002415
[host_monotonic_s=131846.582754] 000617 002306
[host_monotonic_s=131846.585270] 000618 002326
[host_monotonic_s=131846.587564] 000619 002309
[host_monotonic_s=131846.589851] 000620 002217
[host_monotonic_s=131846.592119] 000621 002186
[host_monotonic_s=131846.594757] 000622 002204
[host_monotonic_s=131846.597218] 000623 002220
[host_monotonic_s=131846.599535] 000624 002219
[host_monotonic_s=131846.601803] 000625 002172
[host_monotonic_s=131846.604421] 000626 002231
[host_monotonic_s=131846.606736] 000627 002193
[host_monotonic_s=131846.609091] 000628 002263
[host_monotonic_s=131846.611400] 000629 002202
[host_monotonic_s=131846.613835] 000630 002300
[host_monotonic_s=131846.616257] 000631 002186
[host_monotonic_s=131846.618638] 000632 002222
[host_monotonic_s=131846.620968] 000633 002187
[host_monotonic_s=131846.623581] 000634 002210
[host_monotonic_s=131846.625880] 000635 002210
[host_monotonic_s=131846.628115] 000636 002168
[host_monotonic_s=131846.630335] 000637 002226
[host_monotonic_s=131846.632620] 000638 002150
[host_monotonic_s=131846.635167] 000639 002219
[host_monotonic_s=131846.637381] 000640 002254
[host_monotonic_s=131846.639641] 000641 002149
[host_monotonic_s=131846.641811] 000642 002177
[host_monotonic_s=131846.644296] 000643 002217
[host_monotonic_s=131846.646475] 000644 002136
[host_monotonic_s=131846.648698] 000645 002147
[host_monotonic_s=131846.650894] 000646 002178
[host_monotonic_s=131846.653161] 000647 002056
[host_monotonic_s=131846.655391] 000648 002161
[host_monotonic_s=131846.657591] 000649 002086
[host_monotonic_s=131846.659755] 000650 002011
[host_monotonic_s=131846.661932] 000651 002124
[host_monotonic_s=131846.664394] 000652 002029
[host_monotonic_s=131846.666568] 000653 001988
[host_monotonic_s=131846.668752] 000654 002101
[host_monotonic_s=131846.670905] 000655 002043
[host_monotonic_s=131846.973484] 000656 001944
[host_monotonic_s=131846.973501] 000657 001888
[host_monotonic_s=131846.973505] 000658 001964
[host_monotonic_s=131846.973508] 000659 001852
[host_monotonic_s=131846.973510] 000660 001824
[host_monotonic_s=131846.973513] 000661 001802
[host_monotonic_s=131846.973515] 000662 001812
[host_monotonic_s=131846.973517] 000663 001796
[host_monotonic_s=131846.973519] 000664 001722
[host_monotonic_s=131846.973521] 000665 001741
[host_monotonic_s=131846.973523] 000666 001663
[host_monotonic_s=131846.973525] 000667 001685
[host_monotonic_s=131846.973527] 000668 001637
[host_monotonic_s=131846.973529] 000669 001594
[host_monotonic_s=131846.973531] 000670 001514
[host_monotonic_s=131846.973533] 000671 001528
[host_monotonic_s=131846.973535] 000672 001523
[host_monotonic_s=131846.973536] 000673 001429
[host_monotonic_s=131846.973538] 000674 001443
[host_monotonic_s=131846.979613] 000675 001393
[host_monotonic_s=131846.983265] 000676 001374
[host_monotonic_s=131846.985550] 000677 001363
[host_monotonic_s=131846.987801] 000678 001308
[host_monotonic_s=131846.990089] 000679 001268
[host_monotonic_s=131846.992492] 000680 001281
[host_monotonic_s=131847.793684] 000681 001211
[host_monotonic_s=131847.793699] 000682 001213
[host_monotonic_s=131847.793702] 000683 001151
[host_monotonic_s=131847.793705] 000684 001170
[host_monotonic_s=131847.793707] 000685 001145
[host_monotonic_s=131847.793710] 000686 001124
[host_monotonic_s=131847.793712] 000687 001075
[host_monotonic_s=131847.793714] 000688 001070
[host_monotonic_s=131847.793716] 000689 000972
[host_monotonic_s=131847.793718] 000690 001031
[host_monotonic_s=131847.793720] 000691 000946
[host_monotonic_s=131847.793722] 000692 000980
[host_monotonic_s=131847.793724] 000693 000914
[host_monotonic_s=131847.793726] 000694 000878
[host_monotonic_s=131847.793728] 000695 000871
[host_monotonic_s=131847.793730] 000696 000887
[host_monotonic_s=131847.793731] 000697 000882
[host_monotonic_s=131847.793733] 000698 000823
[host_monotonic_s=131847.798218] 000699 000838
[host_monotonic_s=131847.802298] 000700 000811
[host_monotonic_s=131847.805240] 000701 000795
[host_monotonic_s=131847.807538] 000702 000784
[host_monotonic_s=131847.809891] 000703 000761
[host_monotonic_s=131847.812216] 000704 000751
[host_monotonic_s=131847.814959] 000705 000716
[host_monotonic_s=131847.817291] 000706 000722
[host_monotonic_s=131847.819585] 000707 000670
[host_monotonic_s=131847.821819] 000708 000638
[host_monotonic_s=131847.824386] 000709 000677
[host_monotonic_s=131847.826678] 000710 000671
[host_monotonic_s=131847.828961] 000711 000654
[host_monotonic_s=131847.831234] 000712 000651
[host_monotonic_s=131847.833588] 000713 000591
[host_monotonic_s=131847.835882] 000714 000627
[host_monotonic_s=131847.838158] 000715 000569
[host_monotonic_s=131847.840409] 000716 000619
[host_monotonic_s=131847.842780] 000717 000567
[host_monotonic_s=131847.845309] 000718 000521
[host_monotonic_s=131847.847557] 000719 000543
[host_monotonic_s=131847.849778] 000720 000537
[host_monotonic_s=131847.851980] 000721 000504
[host_monotonic_s=131847.854293] 000722 000508
[host_monotonic_s=131847.856541] 000723 000509
[host_monotonic_s=131847.858791] 000724 000476
[host_monotonic_s=131847.861046] 000725 000458
[host_monotonic_s=131847.863353] 000726 000459
[host_monotonic_s=131847.865639] 000727 000471
[host_monotonic_s=131847.867892] 000728 000478
[host_monotonic_s=131847.870171] 000729 000426
[host_monotonic_s=131847.872480] 000730 000459
[host_monotonic_s=131847.874820] 000731 000446
[host_monotonic_s=131847.877063] 000732 000443
[host_monotonic_s=131847.879404] 000733 000446
[host_monotonic_s=131847.881688] 000734 000436
[host_monotonic_s=131847.884250] 000735 000426
[host_monotonic_s=131847.886527] 000736 000421
[host_monotonic_s=131847.888853] 000737 000425
[host_monotonic_s=131847.891136] 000738 000435
[host_monotonic_s=131847.893464] 000739 000450
[host_monotonic_s=131847.896097] 000740 000409
[host_monotonic_s=131847.898443] 000741 000402
[host_monotonic_s=131847.900730] 000742 000376
[host_monotonic_s=131847.903070] 000743 000388
[host_monotonic_s=131847.905388] 000744 000381
[host_monotonic_s=131847.907662] 000745 000381
[host_monotonic_s=131847.910004] 000746 000395
[host_monotonic_s=131847.912297] 000747 000382
[host_monotonic_s=131847.914839] 000748 000400
[host_monotonic_s=131847.917122] 000749 000388
[host_monotonic_s=131847.919423] 000750 000368
[host_monotonic_s=131847.921689] 000751 000388
[host_monotonic_s=131847.924227] 000752 000358
[host_monotonic_s=131847.926520] 000753 000342
[host_monotonic_s=131847.928818] 000754 000358
[host_monotonic_s=131847.931047] 000755 000375
[host_monotonic_s=131847.933615] 000756 000397
[host_monotonic_s=131847.935892] 000757 000341
[host_monotonic_s=131847.938183] 000758 000345
[host_monotonic_s=131847.940408] 000759 000353
[host_monotonic_s=131847.942658] 000760 000316
[host_monotonic_s=131847.944951] 000761 000341
[host_monotonic_s=131847.947190] 000762 000342
[host_monotonic_s=131847.949405] 000763 000348
[host_monotonic_s=131847.951640] 000764 000347
[host_monotonic_s=131847.954142] 000765 000330
[host_monotonic_s=131847.956395] 000766 000356
[host_monotonic_s=131847.958658] 000767 000315
[host_monotonic_s=131847.960871] 000768 000336
[host_monotonic_s=131847.963332] 000769 000317
[host_monotonic_s=131847.965584] 000770 000365
[host_monotonic_s=131847.967825] 000771 000315
[host_monotonic_s=131847.970050] 000772 000328
[host_monotonic_s=131847.972393] 000773 000319
[host_monotonic_s=131847.975166] 000774 000335
[host_monotonic_s=131847.977569] 000775 000333
[host_monotonic_s=131847.979924] 000776 000340
[host_monotonic_s=131847.982275] 000777 000299
[host_monotonic_s=131847.985199] 000778 000352
[host_monotonic_s=131847.987472] 000779 000312
[host_monotonic_s=131847.989718] 000780 000326
[host_monotonic_s=131847.991978] 000781 000301
[host_monotonic_s=131847.994307] 000782 000273
[host_monotonic_s=131847.996856] 000783 000241
[host_monotonic_s=131847.999100] 000784 000247
[host_monotonic_s=131848.001345] 000785 000259
[host_monotonic_s=131848.003728] 000786 000255
[host_monotonic_s=131848.006020] 000787 000256
[host_monotonic_s=131848.008264] 000788 000262
[host_monotonic_s=131848.010481] 000789 000243
[host_monotonic_s=131848.012704] 000790 000223
[host_monotonic_s=131848.014997] 000791 000217
[host_monotonic_s=131848.017255] 000792 000231
[host_monotonic_s=131848.019460] 000793 000231
[host_monotonic_s=131848.021666] 000794 000240
[host_monotonic_s=131848.023955] 000795 000235
[host_monotonic_s=131848.026226] 000796 000217
[host_monotonic_s=131848.028442] 000797 000202
[host_monotonic_s=131848.030641] 000798 000238
[host_monotonic_s=131848.032864] 000799 000226
[host_monotonic_s=131848.035186] 000800 000223
[host_monotonic_s=131848.037411] 000801 000231
[host_monotonic_s=131848.039627] 000802 000238
[host_monotonic_s=131848.041828] 000803 000215
[host_monotonic_s=131848.344088] 000804 000235
[host_monotonic_s=131848.344102] 000805 000208
[host_monotonic_s=131848.344104] 000806 000250
[host_monotonic_s=131848.344107] 000807 000204
[host_monotonic_s=131848.344109] 000808 000215
[host_monotonic_s=131848.344111] 000809 000207
[host_monotonic_s=131848.344112] 000810 000068
[host_monotonic_s=131848.344114] 000812 000013
[host_monotonic_s=131848.344116] 000813 000050
[host_monotonic_s=131848.344118] 000814 000114
[host_monotonic_s=131848.344120] 000815 000165
[host_monotonic_s=131848.344122] 000816 000227
[host_monotonic_s=131848.344124] 000817 000206
[host_monotonic_s=131848.344125] 000818 000234
[host_monotonic_s=131848.344127] 000819 000189
[host_monotonic_s=131848.344129] 000820 000198
[host_monotonic_s=131848.344130] 000821 000208
[host_monotonic_s=131848.344132] 000822 000252
[host_monotonic_s=131848.344134] 000823 000217
[host_monotonic_s=131848.351363] 000824 000229
[host_monotonic_s=131848.353970] 000825 000209
[host_monotonic_s=131848.356262] 000826 000223
[host_monotonic_s=131848.358551] 000827 000203
[host_monotonic_s=131848.360784] 000828 000211
[host_monotonic_s=131848.363484] 000829 000207
[host_monotonic_s=131848.365845] 000830 000229
[host_monotonic_s=131848.368235] 000831 000212
[host_monotonic_s=131848.370496] 000832 000204
[host_monotonic_s=131848.372731] 000833 000188
[host_monotonic_s=131848.375064] 000834 000199
[host_monotonic_s=131848.377292] 000835 000202
[host_monotonic_s=131848.379592] 000836 000202
[host_monotonic_s=131848.381877] 000837 000222
[host_monotonic_s=131848.384397] 000838 000205
[host_monotonic_s=131848.386633] 000839 000183
[host_monotonic_s=131848.388899] 000840 000206
[host_monotonic_s=131848.391159] 000841 000204
[host_monotonic_s=131848.393715] 000842 000175
[host_monotonic_s=131848.396004] 000843 000194
[host_monotonic_s=131848.398252] 000844 000195
[host_monotonic_s=131848.400631] 000845 000186
[host_monotonic_s=131848.403524] 000846 000195
[host_monotonic_s=131848.405979] 000847 000188
[host_monotonic_s=131848.408255] 000848 000209
[host_monotonic_s=131848.410528] 000849 000166
[host_monotonic_s=131848.412813] 000850 000183
[host_monotonic_s=131848.415186] 000851 000199
[host_monotonic_s=131848.417436] 000852 000179
[host_monotonic_s=131848.419686] 000853 000174
[host_monotonic_s=131848.421976] 000854 000194
[host_monotonic_s=131848.424341] 000855 000164
[host_monotonic_s=131848.426593] 000856 000198
[host_monotonic_s=131848.428852] 000857 000146
[host_monotonic_s=131848.431129] 000858 000183
[host_monotonic_s=131848.433454] 000859 000149
[host_monotonic_s=131848.435680] 000860 000176
[host_monotonic_s=131848.437928] 000861 000157
[host_monotonic_s=131848.440164] 000862 000154
[host_monotonic_s=131848.442379] 000863 000141
[host_monotonic_s=131848.444721] 000864 000169
[host_monotonic_s=131848.447018] 000865 000160
[host_monotonic_s=131848.449242] 000866 000158
[host_monotonic_s=131848.451453] 000867 000144
[host_monotonic_s=131848.453755] 000868 000155
[host_monotonic_s=131848.455980] 000869 000165
[host_monotonic_s=131848.458216] 000870 000165
[host_monotonic_s=131848.460516] 000871 000166
[host_monotonic_s=131848.462690] 000872 000168
[host_monotonic_s=131848.465258] 000873 000133
[host_monotonic_s=131848.467478] 000874 000146
[host_monotonic_s=131848.469691] 000875 000127
[host_monotonic_s=131848.471910] 000876 000134
[host_monotonic_s=131848.474253] 000877 000164
[host_monotonic_s=131848.476495] 000878 000172
[host_monotonic_s=131848.478746] 000879 000117
[host_monotonic_s=131848.480975] 000880 000141
[host_monotonic_s=131848.483337] 000881 000124
[host_monotonic_s=131848.485614] 000882 000144
[host_monotonic_s=131848.487894] 000883 000137
[host_monotonic_s=131848.490168] 000884 000132
[host_monotonic_s=131848.492453] 000885 000134
[host_monotonic_s=131848.494998] 000886 000103
[host_monotonic_s=131848.497287] 000887 000123
[host_monotonic_s=131848.499553] 000888 000112
[host_monotonic_s=131848.501823] 000889 000122
[host_monotonic_s=131848.504174] 000890 000110
[host_monotonic_s=131848.506500] 000891 000130
[host_monotonic_s=131848.508791] 000892 000108
[host_monotonic_s=131848.511034] 000893 000139
[host_monotonic_s=131848.513549] 000894 000114
[host_monotonic_s=131848.515786] 000895 000124
[host_monotonic_s=131848.518021] 000896 000126
[host_monotonic_s=131848.520248] 000897 000095
[host_monotonic_s=131848.522475] 000898 000106
[host_monotonic_s=131848.524950] 000899 000101
[host_monotonic_s=131848.527205] 000900 000120
[host_monotonic_s=131848.529438] 000901 000100
[host_monotonic_s=131848.531716] 000902 000126
[host_monotonic_s=131848.533992] 000903 000120
[host_monotonic_s=131848.536234] 000904 000097
[host_monotonic_s=131848.538460] 000905 000092
[host_monotonic_s=131848.540719] 000906 000098
[host_monotonic_s=131848.543004] 000907 000112
[host_monotonic_s=131848.545270] 000908 000097
[host_monotonic_s=131848.547542] 000909 000104
[host_monotonic_s=131848.549766] 000910 000119
[host_monotonic_s=131848.552003] 000911 000102
[host_monotonic_s=131848.554508] 000912 000112
[host_monotonic_s=131848.556769] 000913 000103
[host_monotonic_s=131848.558994] 000914 000095
[host_monotonic_s=131848.561231] 000915 000075
[host_monotonic_s=131848.563772] 000916 000072
[host_monotonic_s=131848.566041] 000917 000100
[host_monotonic_s=131848.568302] 000918 000096
[host_monotonic_s=131848.570533] 000919 000108
[host_monotonic_s=131848.572844] 000920 000072
[host_monotonic_s=131848.575182] 000921 000066
[host_monotonic_s=131848.577555] 000922 000100
[host_monotonic_s=131848.579787] 000923 000069
[host_monotonic_s=131848.582047] 000924 000089
[host_monotonic_s=131848.584376] 000925 000084
[host_monotonic_s=131848.586605] 000926 000078
[host_monotonic_s=131848.588879] 000927 000078
[host_monotonic_s=131848.591120] 000928 000082
[host_monotonic_s=131848.593634] 000929 000080
[host_monotonic_s=131848.894543] 000930 000083
[host_monotonic_s=131848.894557] 000931 000088
[host_monotonic_s=131848.894560] 000932 000084
[host_monotonic_s=131848.894563] 000933 000078
[host_monotonic_s=131848.894565] 000934 000064
[host_monotonic_s=131848.894566] 000935 000084
[host_monotonic_s=131848.894568] 000936 000079
[host_monotonic_s=131848.894570] 000937 000078
[host_monotonic_s=131848.894572] 000938 000083
[host_monotonic_s=131848.894574] 000939 000073
[host_monotonic_s=131848.894576] 000940 000076
[host_monotonic_s=131848.894578] 000941 000064
[host_monotonic_s=131848.894579] 000942 000078
[host_monotonic_s=131848.894581] 000943 000076
[host_monotonic_s=131848.894582] 000944 000080
[host_monotonic_s=131848.894584] 000945 000079
[host_monotonic_s=131848.894585] 000946 000077
[host_monotonic_s=131848.894587] 000947 000075
[host_monotonic_s=131848.899691] 000948 000069
[host_monotonic_s=131848.902284] 000949 000065
[host_monotonic_s=131848.905390] 000950 000074
[host_monotonic_s=131848.907950] 000951 000064
[host_monotonic_s=131848.910326] 000952 000064
[host_monotonic_s=131848.912872] 000953 000076
[host_monotonic_s=131848.915470] 000954 000071
[host_monotonic_s=131849.716462] 000955 000060
[host_monotonic_s=131849.716475] 000956 000058
[host_monotonic_s=131849.716477] 000957 000065
[host_monotonic_s=131849.716479] 000958 000064
[host_monotonic_s=131849.716481] 000959 000059
[host_monotonic_s=131849.716483] 000960 000061
[host_monotonic_s=131849.716484] 000961 000060
[host_monotonic_s=131849.716486] 000962 000050
[host_monotonic_s=131849.716487] 000963 000051
[host_monotonic_s=131849.716489] 000964 000056
[host_monotonic_s=131849.716490] 000965 000044
[host_monotonic_s=131849.716492] 000966 000055
[host_monotonic_s=131849.716493] 000967 000066
[host_monotonic_s=131849.716495] 000968 000050
[host_monotonic_s=131849.716496] 000969 000057
[host_monotonic_s=131849.716497] 000970 000047
[host_monotonic_s=131849.716499] 000971 000052
[host_monotonic_s=131849.716500] 000972 000048
[host_monotonic_s=131849.719555] 000973 000055
[host_monotonic_s=131849.724522] 000974 000060
[host_monotonic_s=131849.726787] 000975 000050
[host_monotonic_s=131849.729244] 000976 000063
[host_monotonic_s=131849.731677] 000977 000065
[host_monotonic_s=131849.734217] 000978 000051
[host_monotonic_s=131849.736682] 000979 000052
[host_monotonic_s=131849.739077] 000980 000067
[host_monotonic_s=131849.741486] 000981 000064
[host_monotonic_s=131849.744190] 000982 000064
[host_monotonic_s=131849.746600] 000983 000058
[host_monotonic_s=131849.748982] 000984 000079
[host_monotonic_s=131849.751295] 000985 000060
[host_monotonic_s=131849.753635] 000986 000059
[host_monotonic_s=131849.755998] 000987 000059
[host_monotonic_s=131849.758413] 000988 000052
[host_monotonic_s=131849.760818] 000989 000049
[host_monotonic_s=131849.763508] 000990 000047
[host_monotonic_s=131849.766030] 000991 000058
[host_monotonic_s=131849.768334] 000992 000038
[host_monotonic_s=131849.770572] 000993 000048
[host_monotonic_s=131849.772860] 000994 000058
[host_monotonic_s=131849.775406] 000995 000065
[host_monotonic_s=131849.777658] 000996 000047
[host_monotonic_s=131849.779906] 000997 000046
[host_monotonic_s=131849.782143] 000998 000054
[host_monotonic_s=131849.784488] 000999 000055
[host_monotonic_s=131849.786731] 001000 000059
[host_monotonic_s=131849.789007] 001001 000050
[host_monotonic_s=131849.791240] 001002 000062
[host_monotonic_s=131849.793575] 001003 000042
[host_monotonic_s=131849.795825] 001004 000046
[host_monotonic_s=131849.798100] 001005 000057
[host_monotonic_s=131849.800341] 001006 000054
[host_monotonic_s=131849.802583] 001007 000052
[host_monotonic_s=131849.804924] 001008 000044
[host_monotonic_s=131849.807189] 001009 000048
[host_monotonic_s=131849.809470] 001010 000049
[host_monotonic_s=131849.811693] 001011 000037
[host_monotonic_s=131849.814418] 001012 000042
[host_monotonic_s=131849.816684] 001013 000046
[host_monotonic_s=131849.819063] 001014 000048
[host_monotonic_s=131849.821305] 001015 000040
[host_monotonic_s=131849.823629] 001016 000046
[host_monotonic_s=131849.825892] 001017 000038
[host_monotonic_s=131849.828183] 001018 000052
[host_monotonic_s=131849.830424] 001019 000029
[host_monotonic_s=131849.832656] 001020 000048
[host_monotonic_s=131849.834991] 001021 000041
[host_monotonic_s=131849.837290] 001022 000045
[host_monotonic_s=131849.839530] 001023 000032
[host_monotonic_s=131849.841757] 001024 000045
[host_monotonic_s=131849.844055] 001025 000051
[host_monotonic_s=131849.846324] 001026 000048
[host_monotonic_s=131849.848597] 001027 000045
[host_monotonic_s=131849.850827] 001028 000033
[host_monotonic_s=131849.853179] 001029 000034
[host_monotonic_s=131849.855447] 001030 000041
[host_monotonic_s=131849.857730] 001031 000035
[host_monotonic_s=131849.859980] 001032 000030
[host_monotonic_s=131849.862248] 001033 000023
[host_monotonic_s=131849.864818] 001034 000028
[host_monotonic_s=131849.867050] 001035 000033
[host_monotonic_s=131849.869310] 001036 000034
[host_monotonic_s=131849.871556] 001037 000035
[host_monotonic_s=131849.873888] 001038 000040
[host_monotonic_s=131849.876160] 001039 000031
[host_monotonic_s=131849.878449] 001040 000027
[host_monotonic_s=131849.880651] 001041 000028
[host_monotonic_s=131849.882910] 001042 000029
[host_monotonic_s=131849.885290] 001043 000030
[host_monotonic_s=131849.887579] 001044 000030
[host_monotonic_s=131849.889834] 001045 000030
[host_monotonic_s=131849.892082] 001046 000024
[host_monotonic_s=131849.894411] 001047 000031
[host_monotonic_s=131849.896646] 001048 000036
[host_monotonic_s=131849.898930] 001049 000023
[host_monotonic_s=131849.901172] 001050 000029
[host_monotonic_s=131849.903692] 001051 000035
[host_monotonic_s=131849.905949] 001052 000022
[host_monotonic_s=131849.908220] 001053 000028
[host_monotonic_s=131849.910475] 001054 000033
[host_monotonic_s=131849.912707] 001055 000025
[host_monotonic_s=131849.915054] 001056 000022
[host_monotonic_s=131849.917375] 001057 000021
[host_monotonic_s=131849.919633] 001058 000028
[host_monotonic_s=131849.921869] 001059 000026
[host_monotonic_s=131849.924264] 001060 000025
[host_monotonic_s=131849.926489] 001061 000018
[host_monotonic_s=131849.928749] 001062 000019
[host_monotonic_s=131849.931000] 001063 000028
[host_monotonic_s=131849.933543] 001064 000025
[host_monotonic_s=131849.935833] 001065 000022
[host_monotonic_s=131849.938125] 001066 000019
[host_monotonic_s=131849.940364] 001067 000020
[host_monotonic_s=131849.942638] 001068 000023
[host_monotonic_s=131849.945038] 001069 000032
[host_monotonic_s=131849.947295] 001070 000011
[host_monotonic_s=131849.949572] 001071 000014
[host_monotonic_s=131849.951861] 001072 000016
[host_monotonic_s=131849.954240] 001073 000018
[host_monotonic_s=131849.956490] 001074 000028
[host_monotonic_s=131849.959034] 001075 000019
[host_monotonic_s=131849.961411] 001076 000017
[host_monotonic_s=131849.964319] 001077 000025
[host_monotonic_s=131850.266770] 001078 000024
[host_monotonic_s=131850.266782] 001079 000015
[host_monotonic_s=131850.266785] 001080 000020
[host_monotonic_s=131850.266787] 001081 000016
[host_monotonic_s=131850.266789] 001082 000025
[host_monotonic_s=131850.266791] 001083 000019
[host_monotonic_s=131850.266792] 001084 000028
[host_monotonic_s=131850.266794] 001085 000014
[host_monotonic_s=131850.266795] 001086 000019
[host_monotonic_s=131850.266797] 001087 000021
[host_monotonic_s=131850.266798] 001088 000021
[host_monotonic_s=131850.266800] 001089 000015
[host_monotonic_s=131850.266802] 001090 000021
[host_monotonic_s=131850.266803] 001091 000029
[host_monotonic_s=131850.266804] 001092 000015
[host_monotonic_s=131850.266806] 001093 000020
[host_monotonic_s=131850.266807] 001094 000016
[host_monotonic_s=131850.266808] 001095 000023
[host_monotonic_s=131850.266810] 001096 000017
[host_monotonic_s=131850.273297] 001097 000015
[host_monotonic_s=131850.275825] 001098 000017
[host_monotonic_s=131850.278149] 001099 000021
[host_monotonic_s=131850.280409] 001100 000020
[host_monotonic_s=131850.282826] 001101 000022
[host_monotonic_s=131850.285197] 001102 000021
[host_monotonic_s=131850.287458] 001103 000020
[host_monotonic_s=131850.289679] 001104 000020
[host_monotonic_s=131850.291906] 001105 000019
[host_monotonic_s=131850.294456] 001106 000020
[host_monotonic_s=131850.296697] 001107 000016
[host_monotonic_s=131850.298967] 001108 000022
[host_monotonic_s=131850.301225] 001109 000027
[host_monotonic_s=131850.303547] 001110 000026
[host_monotonic_s=131850.305815] 001111 000016
[host_monotonic_s=131850.308063] 001112 000021
[host_monotonic_s=131850.310354] 001113 000021
[host_monotonic_s=131850.312647] 001114 000019
[host_monotonic_s=131850.314971] 001115 000019
[host_monotonic_s=131850.317275] 001116 000022
[host_monotonic_s=131850.319531] 001117 000026
[host_monotonic_s=131850.321767] 001118 000026
[host_monotonic_s=131850.324363] 001119 000030
[host_monotonic_s=131850.326622] 001120 000029
[host_monotonic_s=131850.328881] 001121 000034
[host_monotonic_s=131850.331119] 001122 000022
[host_monotonic_s=131850.333449] 001123 000025
[host_monotonic_s=131850.335701] 001124 000034
[host_monotonic_s=131850.337961] 001125 000035
[host_monotonic_s=131850.340194] 001126 000031
[host_monotonic_s=131850.342420] 001127 000029
[host_monotonic_s=131850.344748] 001128 000028
[host_monotonic_s=131850.346998] 001129 000031
[host_monotonic_s=131850.349339] 001130 000057
[host_monotonic_s=131850.351556] 001131 000054
[host_monotonic_s=131850.353884] 001132 000044
[host_monotonic_s=131850.356205] 001133 000048
[host_monotonic_s=131850.358451] 001134 000051
[host_monotonic_s=131850.360678] 001135 000056
[host_monotonic_s=131850.362973] 001136 000054
[host_monotonic_s=131850.365224] 001137 000056
[host_monotonic_s=131850.367482] 001138 000059
[host_monotonic_s=131850.370035] 001139 000081
[host_monotonic_s=131850.372257] 001140 000084
[host_monotonic_s=131850.374559] 001141 000061
[host_monotonic_s=131850.376789] 001142 000076
[host_monotonic_s=131850.379032] 001143 000070
[host_monotonic_s=131850.381258] 001144 000076
[host_monotonic_s=131850.383764] 001145 000076
[host_monotonic_s=131850.386018] 001146 000095
[host_monotonic_s=131850.388250] 001147 000090
[host_monotonic_s=131850.390473] 001148 000094
[host_monotonic_s=131850.392747] 001149 000086
[host_monotonic_s=131850.395249] 001150 000100
[host_monotonic_s=131850.397487] 001151 000102
[host_monotonic_s=131850.399693] 001152 000104
[host_monotonic_s=131850.401928] 001153 000090
[host_monotonic_s=131850.404408] 001154 000103
[host_monotonic_s=131850.406614] 001155 000098
[host_monotonic_s=131850.408850] 001156 000112
[host_monotonic_s=131850.411089] 001157 000111
[host_monotonic_s=131850.413392] 001158 000102
[host_monotonic_s=131850.415617] 001159 000094
[host_monotonic_s=131850.417851] 001160 000118
[host_monotonic_s=131850.420105] 001161 000118
[host_monotonic_s=131850.422332] 001162 000117
[host_monotonic_s=131850.424660] 001163 000116
[host_monotonic_s=131850.426880] 001164 000106
[host_monotonic_s=131850.429124] 001165 000126
[host_monotonic_s=131850.431364] 001166 000126
[host_monotonic_s=131850.433715] 001167 000102
[host_monotonic_s=131850.435908] 001168 000110
[host_monotonic_s=131850.438116] 001169 000117
[host_monotonic_s=131850.440329] 001170 000118
[host_monotonic_s=131850.442551] 001171 000102
[host_monotonic_s=131850.444834] 001172 000126
[host_monotonic_s=131850.447066] 001173 000120
[host_monotonic_s=131850.449304] 001174 000127
[host_monotonic_s=131850.451522] 001175 000131
[host_monotonic_s=131850.453810] 001176 000115
[host_monotonic_s=131850.456074] 001177 000095
[host_monotonic_s=131850.458332] 001178 000131
[host_monotonic_s=131850.460540] 001179 000114
[host_monotonic_s=131850.462841] 001180 000120
[host_monotonic_s=131850.465120] 001181 000111
[host_monotonic_s=131850.467406] 001182 000122
[host_monotonic_s=131850.469972] 001183 000108
[host_monotonic_s=131850.472221] 001184 000124
[host_monotonic_s=131850.474572] 001185 000095
[host_monotonic_s=131850.476819] 001186 000106
[host_monotonic_s=131850.479081] 001187 000101
[host_monotonic_s=131850.481356] 001188 000116
[host_monotonic_s=131850.483939] 001189 000120
[host_monotonic_s=131850.486255] 001190 000096
[host_monotonic_s=131850.488600] 001191 000112
[host_monotonic_s=131850.490932] 001192 000112
[host_monotonic_s=131850.493319] 001193 000100
[host_monotonic_s=131850.495610] 001194 000122
[host_monotonic_s=131850.497859] 001195 000109
[host_monotonic_s=131850.500137] 001196 000110
[host_monotonic_s=131850.502398] 001197 000094
[host_monotonic_s=131850.505020] 001198 000103
[host_monotonic_s=131850.507293] 001199 000100
[host_monotonic_s=131850.509595] 001200 000124
[host_monotonic_s=131850.511840] 001201 000108
[host_monotonic_s=131850.514462] 001202 000104
[host_monotonic_s=131850.817189] 001203 000096
[host_monotonic_s=131850.817202] 001204 000096
[host_monotonic_s=131850.817204] 001205 000099
[host_monotonic_s=131850.817207] 001206 000093
[host_monotonic_s=131850.817209] 001207 000105
[host_monotonic_s=131850.817210] 001208 000100
[host_monotonic_s=131850.817212] 001209 000086
[host_monotonic_s=131850.817214] 001210 000071
[host_monotonic_s=131850.817216] 001211 000088
[host_monotonic_s=131850.817217] 001212 000094
[host_monotonic_s=131850.817219] 001213 000102
[host_monotonic_s=131850.817221] 001214 000091
[host_monotonic_s=131850.817222] 001215 000095
[host_monotonic_s=131850.817224] 001216 000097
[host_monotonic_s=131850.817226] 001217 000093
[host_monotonic_s=131850.817227] 001218 000092
[host_monotonic_s=131850.817228] 001219 000092
[host_monotonic_s=131850.817230] 001220 000067
[host_monotonic_s=131850.817231] 001221 000071
[host_monotonic_s=131850.822235] 001222 000075
[host_monotonic_s=131850.825472] 001223 000062
[host_monotonic_s=131850.827767] 001224 000056
[host_monotonic_s=131850.830007] 001225 000066
[host_monotonic_s=131850.832275] 001226 000079
[host_monotonic_s=131850.834830] 001227 000076
[host_monotonic_s=131851.636644] 001228 000077
[host_monotonic_s=131851.636657] 001229 000073
[host_monotonic_s=131851.636660] 001230 000065
[host_monotonic_s=131851.636662] 001231 000062
[host_monotonic_s=131851.636664] 001232 000067
[host_monotonic_s=131851.636666] 001233 000055
[host_monotonic_s=131851.636667] 001234 000063
[host_monotonic_s=131851.636672] 001235 000060
[host_monotonic_s=131851.636673] 001236 000053
[host_monotonic_s=131851.636675] 001237 000061
[host_monotonic_s=131851.636676] 001238 000068
[host_monotonic_s=131851.636678] 001239 000064
[host_monotonic_s=131851.636680] 001240 000069
[host_monotonic_s=131851.636681] 001241 000064
[host_monotonic_s=131851.636683] 001242 000085
[host_monotonic_s=131851.636685] 001243 000048
[host_monotonic_s=131851.636686] 001244 000061
[host_monotonic_s=131851.636688] 001245 000059
[host_monotonic_s=131851.639918] 001246 000066
[host_monotonic_s=131851.645622] 001247 000056
[host_monotonic_s=131851.648353] 001248 000056
[host_monotonic_s=131851.650637] 001249 000052
[host_monotonic_s=131851.652915] 001250 000063
[host_monotonic_s=131851.655658] 001251 000075
[host_monotonic_s=131851.657924] 001252 000043
[host_monotonic_s=131851.660164] 001253 000031
[host_monotonic_s=131851.662401] 001254 000042
[host_monotonic_s=131851.664734] 001255 000051
[host_monotonic_s=131851.666962] 001256 000057
[host_monotonic_s=131851.669167] 001257 000046
[host_monotonic_s=131851.671391] 001258 000052
[host_monotonic_s=131851.673661] 001259 000044
[host_monotonic_s=131851.675885] 001260 000049
[host_monotonic_s=131851.678098] 001261 000048
[host_monotonic_s=131851.680310] 001262 000039
[host_monotonic_s=131851.682536] 001263 000025
[host_monotonic_s=131851.685414] 001264 000040
[host_monotonic_s=131851.687629] 001265 000042
[host_monotonic_s=131851.689831] 001266 000047
[host_monotonic_s=131851.692048] 001267 000037
[host_monotonic_s=131851.694574] 001268 000023
[host_monotonic_s=131851.696783] 001269 000034
[host_monotonic_s=131851.699028] 001270 000043
[host_monotonic_s=131851.701240] 001271 000036
[host_monotonic_s=131851.703726] 001272 000037
[host_monotonic_s=131851.705940] 001273 000034
[host_monotonic_s=131851.708190] 001274 000042
[host_monotonic_s=131851.710374] 001275 000030
[host_monotonic_s=131851.712675] 001276 000025
[host_monotonic_s=131851.714955] 001277 000041
[host_monotonic_s=131851.717226] 001278 000024
[host_monotonic_s=131851.719462] 001279 000031
[host_monotonic_s=131851.721670] 001280 000041
[host_monotonic_s=131851.724024] 001281 000039
[host_monotonic_s=131851.726301] 001282 000043
[host_monotonic_s=131851.728532] 001283 000039
[host_monotonic_s=131851.730758] 001284 000034
[host_monotonic_s=131851.733057] 001285 000033
[host_monotonic_s=131851.735308] 001286 000036
[host_monotonic_s=131851.737626] 001287 000031
[host_monotonic_s=131851.739913] 001288 000038
[host_monotonic_s=131851.742184] 001289 000041
[host_monotonic_s=131851.744740] 001290 000043
[host_monotonic_s=131851.746991] 001291 000037
[host_monotonic_s=131851.749261] 001292 000040
[host_monotonic_s=131851.751514] 001293 000033
[host_monotonic_s=131851.754052] 001294 000042
[host_monotonic_s=131851.756345] 001295 000038
[host_monotonic_s=131851.758609] 001296 000033
[host_monotonic_s=131851.760843] 001297 000032
[host_monotonic_s=131851.763181] 001298 000029
[host_monotonic_s=131851.765481] 001299 000022
[host_monotonic_s=131851.767735] 001300 000041
[host_monotonic_s=131851.769981] 001301 000025
[host_monotonic_s=131851.772229] 001302 000045
[host_monotonic_s=131851.774715] 001303 000026
[host_monotonic_s=131851.776971] 001304 000031
[host_monotonic_s=131851.779261] 001305 000032
[host_monotonic_s=131851.781517] 001306 000032
[host_monotonic_s=131851.783828] 001307 000042
[host_monotonic_s=131851.786076] 001308 000028
[host_monotonic_s=131851.788337] 001309 000039
[host_monotonic_s=131851.790586] 001310 000046
[host_monotonic_s=131851.792818] 001311 000028
[host_monotonic_s=131851.795347] 001312 000044
[host_monotonic_s=131851.797573] 001313 000031
[host_monotonic_s=131851.799787] 001314 000040
[host_monotonic_s=131851.802004] 001315 000040
[host_monotonic_s=131851.804308] 001316 000035
[host_monotonic_s=131851.806526] 001317 000039
[host_monotonic_s=131851.808767] 001318 000033
[host_monotonic_s=131851.811065] 001319 000032
[host_monotonic_s=131851.813487] 001320 000024
[host_monotonic_s=131851.815806] 001321 000036
[host_monotonic_s=131851.818007] 001322 000035
[host_monotonic_s=131851.820259] 001323 000033
[host_monotonic_s=131851.822500] 001324 000036
[host_monotonic_s=131851.825010] 001325 000042
[host_monotonic_s=131851.827261] 001326 000039
[host_monotonic_s=131851.829505] 001327 000028
[host_monotonic_s=131851.831741] 001328 000031
[host_monotonic_s=131851.834163] 001329 000040
[host_monotonic_s=131851.836383] 001330 000024
[host_monotonic_s=131851.838673] 001331 000024
[host_monotonic_s=131851.840920] 001332 000021
[host_monotonic_s=131851.843484] 001333 000042
[host_monotonic_s=131851.845807] 001334 000031
[host_monotonic_s=131851.848085] 001335 000034
[host_monotonic_s=131851.850335] 001336 000026
[host_monotonic_s=131851.852560] 001337 000028
[host_monotonic_s=131851.854877] 001338 000035
[host_monotonic_s=131851.857141] 001339 000030
[host_monotonic_s=131851.859375] 001340 000037
[host_monotonic_s=131851.861647] 001341 000030
[host_monotonic_s=131851.864129] 001342 000026
[host_monotonic_s=131851.866403] 001343 000023
[host_monotonic_s=131851.868603] 001344 000033
[host_monotonic_s=131851.870958] 001345 000024
[host_monotonic_s=131851.873363] 001346 000028
[host_monotonic_s=131851.875632] 001347 000025
[host_monotonic_s=131851.877860] 001348 000027
[host_monotonic_s=131851.880086] 001349 000023
[host_monotonic_s=131851.882350] 001350 000024
[host_monotonic_s=131851.884702] 001351 000024
[host_monotonic_s=131852.187088] 001352 000030
[host_monotonic_s=131852.187103] 001353 000019
[host_monotonic_s=131852.187106] 001354 000021
[host_monotonic_s=131852.187109] 001355 000019
[host_monotonic_s=131852.187111] 001356 000028
[host_monotonic_s=131852.187113] 001357 000023
[host_monotonic_s=131852.187115] 001358 000021
[host_monotonic_s=131852.187117] 001359 000021
[host_monotonic_s=131852.187119] 001360 000026
[host_monotonic_s=131852.187121] 001361 000019
[host_monotonic_s=131852.187123] 001362 000026
[host_monotonic_s=131852.187125] 001363 000015
[host_monotonic_s=131852.187127] 001364 000020
[host_monotonic_s=131852.187129] 001365 000026
[host_monotonic_s=131852.187131] 001366 000025
[host_monotonic_s=131852.187132] 001367 000019
[host_monotonic_s=131852.187134] 001368 000016
[host_monotonic_s=131852.187136] 001369 000019
[host_monotonic_s=131852.187138] 001370 000033
[host_monotonic_s=131852.194432] 001371 000028
[host_monotonic_s=131852.197914] 001372 000023
[host_monotonic_s=131852.202589] 001373 000022
[host_monotonic_s=131852.205137] 001374 000020
[host_monotonic_s=131852.207506] 001375 000017
[host_monotonic_s=131852.209767] 001376 000017
[host_monotonic_s=131852.211943] 001377 000021
[host_monotonic_s=131852.214294] 001378 000013
[host_monotonic_s=131852.216526] 001379 000017
[host_monotonic_s=131852.218751] 001380 000014
[host_monotonic_s=131852.220969] 001381 000017
[host_monotonic_s=131852.223394] 001382 000019
[host_monotonic_s=131852.225828] 001383 000015
[host_monotonic_s=131852.228271] 001384 000028
[host_monotonic_s=131852.230760] 001385 000013
[host_monotonic_s=131852.233304] 001386 000024
[host_monotonic_s=131852.235668] 001387 000020
[host_monotonic_s=131852.237969] 001388 000018
[host_monotonic_s=131852.240223] 001389 000025
[host_monotonic_s=131852.242468] 001390 000020
[host_monotonic_s=131852.245223] 001391 000025
[host_monotonic_s=131852.247545] 001392 000015
[host_monotonic_s=131852.249952] 001393 000025
[host_monotonic_s=131852.252334] 001394 000016
[host_monotonic_s=131852.254885] 001395 000017
[host_monotonic_s=131852.257309] 001396 000020
[host_monotonic_s=131852.259683] 001397 000022
[host_monotonic_s=131852.261942] 001398 000021
[host_monotonic_s=131852.264399] 001399 000016
[host_monotonic_s=131852.266635] 001400 000013
[host_monotonic_s=131852.268869] 001401 000019
[host_monotonic_s=131852.271102] 001402 000014
[host_monotonic_s=131852.273488] 001403 000016
[host_monotonic_s=131852.275757] 001404 000016
[host_monotonic_s=131852.278027] 001405 000021
[host_monotonic_s=131852.280283] 001406 000012
[host_monotonic_s=131852.282547] 001407 000014
[host_monotonic_s=131852.285262] 001408 000023
[host_monotonic_s=131852.287449] 001409 000020
[host_monotonic_s=131852.290290] 001410 000029
[host_monotonic_s=131852.292438] 001411 000017
[host_monotonic_s=131852.295097] 001412 000023
[host_monotonic_s=131852.297208] 001413 000022
[host_monotonic_s=131852.299302] 001414 000019
[host_monotonic_s=131852.301395] 001415 000017
[host_monotonic_s=131852.303858] 001416 000017
[host_monotonic_s=131852.306036] 001417 000026
[host_monotonic_s=131852.308186] 001418 000016
[host_monotonic_s=131852.310548] 001419 000026
[host_monotonic_s=131852.313373] 001420 000018
[host_monotonic_s=131852.315728] 001421 000012
[host_monotonic_s=131852.317951] 001422 000021
[host_monotonic_s=131852.320085] 001423 000017
[host_monotonic_s=131852.322306] 001424 000020
[host_monotonic_s=131852.324843] 001425 000018
[host_monotonic_s=131852.327147] 001426 000011
[host_monotonic_s=131852.329488] 001427 000013
[host_monotonic_s=131852.331717] 001428 000023
[host_monotonic_s=131852.334553] 001429 000018
[host_monotonic_s=131852.336761] 001430 000022
[host_monotonic_s=131852.338986] 001431 000013
[host_monotonic_s=131852.341196] 001432 000008
[host_monotonic_s=131852.343748] 001433 000020
[host_monotonic_s=131852.346053] 001434 000010
[host_monotonic_s=131852.348321] 001435 000016
[host_monotonic_s=131852.350743] 001436 000016
[host_monotonic_s=131852.353500] 001437 000018
[host_monotonic_s=131852.356003] 001438 000015
[host_monotonic_s=131852.358253] 001439 000018
[host_monotonic_s=131852.360482] 001440 000018
[host_monotonic_s=131852.362709] 001441 000012
[host_monotonic_s=131852.365239] 001442 000017
[host_monotonic_s=131852.367520] 001443 000017
[host_monotonic_s=131852.369954] 001444 000020
[host_monotonic_s=131852.372220] 001445 000026
[host_monotonic_s=131852.374897] 001446 000018
[host_monotonic_s=131852.377191] 001447 000016
[host_monotonic_s=131852.379329] 001448 000014
[host_monotonic_s=131852.381521] 001449 000014
[host_monotonic_s=131852.384038] 001450 000017
[host_monotonic_s=131852.386220] 001451 000018
[host_monotonic_s=131852.388443] 001452 000013
[host_monotonic_s=131852.390691] 001453 000013
[host_monotonic_s=131852.392884] 001454 000013
[host_monotonic_s=131852.395142] 001455 000013
[host_monotonic_s=131852.397333] 001456 000011
[host_monotonic_s=131852.399544] 001457 000011
[host_monotonic_s=131852.401686] 001458 000008
[host_monotonic_s=131852.404217] 001459 000012
[host_monotonic_s=131852.406379] 001460 000017
[host_monotonic_s=131852.408596] 001461 000018
[host_monotonic_s=131852.410823] 001462 000017
[host_monotonic_s=131852.413189] 001463 000011
[host_monotonic_s=131852.415453] 001464 000016
[host_monotonic_s=131852.417808] 001465 000006
[host_monotonic_s=131852.420211] 001466 000018
[host_monotonic_s=131852.422621] 001467 000009
[host_monotonic_s=131852.425293] 001468 000013
[host_monotonic_s=131852.427658] 001469 000010
[host_monotonic_s=131852.430022] 001470 000017
[host_monotonic_s=131852.432302] 001471 000014
[host_monotonic_s=131852.434684] 001472 000019
[host_monotonic_s=131852.737328] 001473 000009
[host_monotonic_s=131852.737341] 001474 000014
[host_monotonic_s=131852.737343] 001475 000008
[host_monotonic_s=131852.737345] 001476 000013
[host_monotonic_s=131852.737347] 001477 000014
[host_monotonic_s=131852.737349] 001478 000013
[host_monotonic_s=131852.737351] 001479 000013
[host_monotonic_s=131852.737353] 001480 000017
[host_monotonic_s=131852.737355] 001481 000011
[host_monotonic_s=131852.737356] 001482 000011
[host_monotonic_s=131852.737358] 001483 000012
[host_monotonic_s=131852.737360] 001484 000013
[host_monotonic_s=131852.737362] 001485 000014
[host_monotonic_s=131852.737363] 001486 000009
[host_monotonic_s=131852.737364] 001487 000007
[host_monotonic_s=131852.737366] 001488 000012
[host_monotonic_s=131852.737367] 001489 000011
[host_monotonic_s=131852.737369] 001490 000013
[host_monotonic_s=131852.737370] 001491 000018
[host_monotonic_s=131852.742683] 001492 000009
[host_monotonic_s=131852.747701] 001493 000012
[host_monotonic_s=131852.750338] 001494 000009
[host_monotonic_s=131852.752610] 001495 000013
[host_monotonic_s=131852.755240] 001496 000004
[host_monotonic_s=131852.757475] 001497 000012
[host_monotonic_s=131852.759713] 001498 000014
[host_monotonic_s=131852.761934] 001499 000015
[host_monotonic_s=131852.764376] 001500 000007
[host_monotonic_s=131853.566359] 001501 000003
[host_monotonic_s=131853.566373] 001502 000017
[host_monotonic_s=131853.566377] 001503 000009
[host_monotonic_s=131853.566379] 001504 000009
[host_monotonic_s=131853.566381] 001505 000005
[host_monotonic_s=131853.566384] 001506 000006
[host_monotonic_s=131853.566385] 001507 000011
[host_monotonic_s=131853.566387] 001508 000007
[host_monotonic_s=131853.566389] 001509 000010
[host_monotonic_s=131853.566391] 001510 000015
[host_monotonic_s=131853.566393] 001511 000009
[host_monotonic_s=131853.566394] 001512 000002
[host_monotonic_s=131853.566396] 001513 000012
[host_monotonic_s=131853.566398] 001514 000009
[host_monotonic_s=131853.566400] 001515 000007
[host_monotonic_s=131853.566401] 001516 000006
[host_monotonic_s=131853.566403] 001517 000007
[host_monotonic_s=131853.566405] 001518 000003
[host_monotonic_s=131853.569345] 001519 000014
[host_monotonic_s=131853.576873] 001520 000009
[host_monotonic_s=131853.579707] 001521 000006
[host_monotonic_s=131853.581963] 001522 000004
[host_monotonic_s=131853.584457] 001523 000001
[host_monotonic_s=131853.586688] 001524 000007
[host_monotonic_s=131853.588912] 001525 000008
[host_monotonic_s=131853.591494] 001526 000009
[host_monotonic_s=131853.594039] 001527 000009
[host_monotonic_s=131853.596328] 001528 000005
[host_monotonic_s=131853.598526] 001529 000007
[host_monotonic_s=131853.600787] 001530 000008
[host_monotonic_s=131853.603191] 001531 000007
[host_monotonic_s=131853.605484] 001532 000011
[host_monotonic_s=131853.607734] 001533 000010
[host_monotonic_s=131853.610251] 001534 000004
[host_monotonic_s=131853.612539] 001535 000005
[host_monotonic_s=131853.615169] 001536 000007
[host_monotonic_s=131853.617430] 001537 000004
[host_monotonic_s=131853.619741] 001538 000010
[host_monotonic_s=131853.622122] 001539 000008
[host_monotonic_s=131853.624902] 001540 000008
[host_monotonic_s=131853.627247] 001541 000007
[host_monotonic_s=131853.629609] 001542 000006
[host_monotonic_s=131853.631923] 001543 000004
[host_monotonic_s=131853.634401] 001544 000004
[host_monotonic_s=131853.636785] 001545 000008
[host_monotonic_s=131853.639326] 001546 000007
[host_monotonic_s=131853.641704] 001547 000004
[host_monotonic_s=131853.644475] 001548 000008
[host_monotonic_s=131853.646841] 001549 000008
[host_monotonic_s=131853.649234] 001550 000005
[host_monotonic_s=131853.651598] 001551 000006
[host_monotonic_s=131853.653996] 001552 000008
[host_monotonic_s=131853.656242] 001553 000004
[host_monotonic_s=131853.658506] 001554 000006
[host_monotonic_s=131853.660751] 001555 000005
[host_monotonic_s=131853.663118] 001556 000007
[host_monotonic_s=131853.665388] 001557 000005
[host_monotonic_s=131853.667685] 001558 000004
[host_monotonic_s=131853.670202] 001559 000002
[host_monotonic_s=131853.672471] 001560 000007
[host_monotonic_s=131853.674859] 001561 000006
[host_monotonic_s=131853.677228] 001562 000009
[host_monotonic_s=131853.679615] 001563 000004
[host_monotonic_s=131853.682006] 001564 000006
[host_monotonic_s=131853.684492] 001565 000005
[host_monotonic_s=131853.686858] 001566 000003
[host_monotonic_s=131853.689231] 001567 000003
[host_monotonic_s=131853.691605] 001568 000003
[host_monotonic_s=131853.694034] 001569 000008
[host_monotonic_s=131853.696317] 001570 000005
[host_monotonic_s=131853.698568] 001571 000006
[host_monotonic_s=131853.700801] 001572 000002
[host_monotonic_s=131853.703161] 001573 000011
[host_monotonic_s=131853.705414] 001574 000006
[host_monotonic_s=131853.707665] 001575 000006
[host_monotonic_s=131853.709912] 001576 000005
[host_monotonic_s=131853.712159] 001577 000003
[host_monotonic_s=131853.714670] 001578 000008
[host_monotonic_s=131853.717036] 001579 000005
[host_monotonic_s=131853.719416] 001580 000007
[host_monotonic_s=131853.721809] 001581 000001
[host_monotonic_s=131853.724568] 001582 000004
[host_monotonic_s=131853.726954] 001583 000008
[host_monotonic_s=131853.729222] 001584 000005
[host_monotonic_s=131853.731460] 001585 000003
[host_monotonic_s=131853.734128] 001586 000004
[host_monotonic_s=131853.736401] 001588 000001
[host_monotonic_s=131853.738661] 001589 000002
[host_monotonic_s=131853.740968] 001590 000007
[host_monotonic_s=131853.743358] 001591 000004
[host_monotonic_s=131853.745732] 001592 000002
[host_monotonic_s=131853.748129] 001593 000004
[host_monotonic_s=131853.750494] 001594 000004
[host_monotonic_s=131853.752840] 001595 000004
[host_monotonic_s=131853.755704] 001596 000002
[host_monotonic_s=131853.758085] 001597 000009
[host_monotonic_s=131853.760473] 001598 000008
[host_monotonic_s=131853.762861] 001599 000004
[host_monotonic_s=131853.765199] 001600 000006
[host_monotonic_s=131853.767507] 001601 000004
[host_monotonic_s=131853.769832] 001602 000004
[host_monotonic_s=131853.772185] 001603 000006
[host_monotonic_s=131853.774862] 001604 000003
[host_monotonic_s=131853.777245] 001605 000008
[host_monotonic_s=131853.779626] 001606 000005
[host_monotonic_s=131853.782016] 001607 000003
[host_monotonic_s=131853.784709] 001608 000001
[host_monotonic_s=131853.786915] 001609 000001
[host_monotonic_s=131853.789203] 001610 000003
[host_monotonic_s=131853.791463] 001611 000006
[host_monotonic_s=131853.794458] 001612 000001
[host_monotonic_s=131853.796730] 001613 000004
[host_monotonic_s=131853.799146] 001614 000003
[host_monotonic_s=131853.801562] 001615 000001
[host_monotonic_s=131853.804232] 001616 000003
[host_monotonic_s=131853.806607] 001617 000004
[host_monotonic_s=131853.808964] 001618 000005
[host_monotonic_s=131853.811327] 001619 000004
[host_monotonic_s=131853.813951] 001620 000005
[host_monotonic_s=131854.116675] 001621 000003
[host_monotonic_s=131854.116689] 001622 000004
[host_monotonic_s=131854.116692] 001623 000002
[host_monotonic_s=131854.116694] 001624 000004
[host_monotonic_s=131854.116696] 001625 000002
[host_monotonic_s=131854.116698] 001626 000002
[host_monotonic_s=131854.116700] 001627 000003
[host_monotonic_s=131854.116702] 001629 000007
[host_monotonic_s=131854.116704] 001630 000002
[host_monotonic_s=131854.116706] 001631 000004
[host_monotonic_s=131854.116707] 001632 000005
[host_monotonic_s=131854.116709] 001633 000002
[host_monotonic_s=131854.116711] 001634 000005
[host_monotonic_s=131854.116713] 001635 000007
[host_monotonic_s=131854.116714] 001636 000002
[host_monotonic_s=131854.116716] 001638 000001
[host_monotonic_s=131854.116717] 001639 000001
[host_monotonic_s=131854.116719] 001640 000001
[host_monotonic_s=131854.116721] 001641 000005
[host_monotonic_s=131854.122188] 001642 000004
[host_monotonic_s=131854.124550] 001643 000002
[host_monotonic_s=131854.126828] 001644 000005
[host_monotonic_s=131854.129111] 001645 000001
[host_monotonic_s=131854.131394] 001646 000002
[host_monotonic_s=131854.133786] 001647 000005
[host_monotonic_s=131854.136177] 001648 000005
[host_monotonic_s=131854.138490] 001649 000003
[host_monotonic_s=131854.140867] 001650 000001
[host_monotonic_s=131854.143544] 001651 000001
[host_monotonic_s=131854.145934] 001652 000003
[host_monotonic_s=131854.148356] 001653 000001
[host_monotonic_s=131854.150702] 001654 000001
[host_monotonic_s=131854.153215] 001655 000003
[host_monotonic_s=131854.155511] 001656 000003
[host_monotonic_s=131854.157822] 001657 000003
[host_monotonic_s=131854.160150] 001658 000003
[host_monotonic_s=131854.162523] 001659 000001
[host_monotonic_s=131854.164968] 001660 000001
[host_monotonic_s=131854.167334] 001661 000002
[host_monotonic_s=131854.169695] 001662 000005
[host_monotonic_s=131854.171942] 001663 000001
[host_monotonic_s=131854.174650] 001664 000003
[host_monotonic_s=131854.176925] 001665 000005
[host_monotonic_s=131854.179396] 001666 000001
[host_monotonic_s=131854.181979] 001667 000002
[host_monotonic_s=131854.184654] 001669 000002
[host_monotonic_s=131854.187008] 001670 000003
[host_monotonic_s=131854.189242] 001671 000001
[host_monotonic_s=131854.191480] 001672 000004
[host_monotonic_s=131854.193846] 001673 000004
[host_monotonic_s=131854.196144] 001674 000001
[host_monotonic_s=131854.198385] 001675 000003
[host_monotonic_s=131854.200621] 001676 000002
[host_monotonic_s=131854.203020] 001677 000003
[host_monotonic_s=131854.205430] 001678 000002
[host_monotonic_s=131854.207787] 001679 000002
[host_monotonic_s=131854.210147] 001680 000002
[host_monotonic_s=131854.212545] 001684 000001
[host_monotonic_s=131854.214985] 001685 000002
[host_monotonic_s=131854.217309] 001686 000001
[host_monotonic_s=131854.219705] 001687 000005
[host_monotonic_s=131854.221968] 001688 000003
[host_monotonic_s=131854.224415] 001689 000004
[host_monotonic_s=131854.226765] 001691 000004
[host_monotonic_s=131854.229162] 001692 000002
[host_monotonic_s=131854.231566] 001693 000001
[host_monotonic_s=131854.233997] 001695 000001
[host_monotonic_s=131854.236406] 001696 000004
[host_monotonic_s=131854.238780] 001697 000001
[host_monotonic_s=131854.241164] 001699 000005
[host_monotonic_s=131854.243871] 001700 000002
[host_monotonic_s=131854.246259] 001701 000004
[host_monotonic_s=131854.248592] 001702 000002
[host_monotonic_s=131854.250826] 001703 000002
[host_monotonic_s=131854.253198] 001704 000001
[host_monotonic_s=131854.255479] 001705 000002
[host_monotonic_s=131854.257734] 001706 000001
[host_monotonic_s=131854.259998] 001707 000004
[host_monotonic_s=131854.262256] 001708 000002
[host_monotonic_s=131854.264615] 001709 000004
[host_monotonic_s=131854.266843] 001710 000003
[host_monotonic_s=131854.269090] 001711 000001
[host_monotonic_s=131854.271330] 001712 000003
[host_monotonic_s=131854.273701] 001713 000004
[host_monotonic_s=131854.275965] 001715 000002
[host_monotonic_s=131854.278209] 001716 000002
[host_monotonic_s=131854.280454] 001717 000003
[host_monotonic_s=131854.282738] 001718 000004
[host_monotonic_s=131854.285092] 001719 000001
[host_monotonic_s=131854.287368] 001720 000002
[host_monotonic_s=131854.289639] 001721 000001
[host_monotonic_s=131854.291924] 001722 000005
[host_monotonic_s=131854.294515] 001723 000003
[host_monotonic_s=131854.296749] 001724 000003
[host_monotonic_s=131854.299028] 001725 000005
[host_monotonic_s=131854.301260] 001726 000001
[host_monotonic_s=131854.303647] 001727 000001
[host_monotonic_s=131854.305914] 001728 000003
[host_monotonic_s=131854.308146] 001729 000001
[host_monotonic_s=131854.310433] 001730 000003
[host_monotonic_s=131854.312817] 001731 000002
[host_monotonic_s=131854.315169] 001732 000001
[host_monotonic_s=131854.317456] 001733 000002
[host_monotonic_s=131854.319733] 001734 000001
[host_monotonic_s=131854.322013] 001736 000002
[host_monotonic_s=131854.324645] 001737 000005
[host_monotonic_s=131854.327007] 001738 000001
[host_monotonic_s=131854.329392] 001739 000001
[host_monotonic_s=131854.331753] 001740 000005
[host_monotonic_s=131854.334254] 001741 000003
[host_monotonic_s=131854.336611] 001742 000003
[host_monotonic_s=131854.338979] 001743 000003
[host_monotonic_s=131854.341348] 001744 000002
[host_monotonic_s=131854.344083] 001746 000003
[host_monotonic_s=131854.346491] 001747 000004
[host_monotonic_s=131854.348864] 001748 000003
[host_monotonic_s=131854.351241] 001749 000004
[host_monotonic_s=131854.353684] 001750 000002
[host_monotonic_s=131854.356060] 001751 000001
[host_monotonic_s=131854.358367] 001752 000001
[host_monotonic_s=131854.360602] 001753 000001
[host_monotonic_s=131854.363012] 001754 000002
[host_monotonic_s=131854.365320] 001755 000002
[host_monotonic_s=131854.666905] 001756 000004
[host_monotonic_s=131854.666916] 001757 000003
[host_monotonic_s=131854.666918] 001758 000001
[host_monotonic_s=131854.666920] 001759 000002
[host_monotonic_s=131854.666922] 001760 000002
[host_monotonic_s=131854.666924] 001761 000001
[host_monotonic_s=131854.666925] 001762 000001
[host_monotonic_s=131854.666927] 001763 000001
[host_monotonic_s=131854.666928] 001764 000001
[host_monotonic_s=131854.666929] 001765 000001
[host_monotonic_s=131854.666931] 001768 000001
[host_monotonic_s=131854.666932] 001769 000002
[host_monotonic_s=131854.666934] 001772 000002
[host_monotonic_s=131854.666935] 001773 000002
[host_monotonic_s=131854.666936] 001774 000001
[host_monotonic_s=131854.666938] 001775 000001
[host_monotonic_s=131854.666939] 001776 000001
[host_monotonic_s=131854.666940] 001777 000001
[host_monotonic_s=131854.666942] 001778 000001
[host_monotonic_s=131854.674587] 001779 000001
[host_monotonic_s=131854.678768] 001781 000002
[host_monotonic_s=131854.681214] 001783 000001
[host_monotonic_s=131854.683801] 001788 000002
[host_monotonic_s=131854.686076] 001789 000001
[host_monotonic_s=131854.688367] 001791 000001
[host_monotonic_s=131854.690681] 001794 000001
[host_monotonic_s=131854.693248] 001795 000001
[host_monotonic_s=131854.695673] 001796 000001
[host_monotonic_s=131854.698038] 001798 000002
[host_monotonic_s=131854.700353] 001799 000001
[host_monotonic_s=131854.702642] 001800 000003
[host_monotonic_s=131855.504620] 001801 000001
[host_monotonic_s=131855.504632] 001802 000002
[host_monotonic_s=131855.504635] 001805 000002
[host_monotonic_s=131855.504637] 001806 000001
[host_monotonic_s=131855.504638] 001807 000001
[host_monotonic_s=131855.504640] 001808 000002
[host_monotonic_s=131855.504642] 001809 000002
[host_monotonic_s=131855.504644] 001810 000001
[host_monotonic_s=131855.504645] 001813 000001
[host_monotonic_s=131855.504647] 001818 000001
[host_monotonic_s=131855.504648] 001819 000001
[host_monotonic_s=131855.504650] 001820 000001
[host_monotonic_s=131855.504652] 001821 000001
[host_monotonic_s=131855.504653] 001822 000001
[host_monotonic_s=131855.504654] 001824 000001
[host_monotonic_s=131855.504656] 001825 000001
[host_monotonic_s=131855.504657] 001828 000001
[host_monotonic_s=131855.504658] 001829 000002
[host_monotonic_s=131855.504660] 001831 000001
[host_monotonic_s=131855.511266] 001833 000001
[host_monotonic_s=131855.513741] 001834 000001
[host_monotonic_s=131855.516154] 001840 000002
[host_monotonic_s=131855.518577] 001842 000002
[host_monotonic_s=131855.520954] 001843 000001
[host_monotonic_s=131855.523394] 001844 000001
[host_monotonic_s=131855.525684] 001845 000001
[host_monotonic_s=131855.527938] 001847 000001
[host_monotonic_s=131855.530257] 001850 000001
[host_monotonic_s=131855.532646] 001851 000002
[host_monotonic_s=131855.535138] 001852 000001
[host_monotonic_s=131855.537536] 001853 000001
[host_monotonic_s=131855.539933] 001854 000001
[host_monotonic_s=131855.542253] 001855 000002
[host_monotonic_s=131855.544723] 001860 000003
[host_monotonic_s=131855.547078] 001862 000001
[host_monotonic_s=131855.549399] 001863 000004
[host_monotonic_s=131855.551625] 001866 000001
[host_monotonic_s=131855.554013] 001867 000001
[host_monotonic_s=131855.556312] 001868 000002
[host_monotonic_s=131855.558627] 001871 000002
[host_monotonic_s=131855.561005] 001872 000001
[host_monotonic_s=131855.563434] 001873 000001
[host_monotonic_s=131855.565826] 001874 000001
[host_monotonic_s=131855.568205] 001875 000001
[host_monotonic_s=131855.570535] 001876 000001
[host_monotonic_s=131855.572813] 001878 000002
[host_monotonic_s=131855.575257] 001879 000001
[host_monotonic_s=131855.577632] 001880 000001
[host_monotonic_s=131855.580015] 001882 000002
[host_monotonic_s=131855.582376] 001883 000002
[host_monotonic_s=131855.585105] 001886 000001
[host_monotonic_s=131855.587481] 001887 000004
[host_monotonic_s=131855.589831] 001888 000001
[host_monotonic_s=131855.592236] 001889 000001
[host_monotonic_s=131855.594976] 001892 000001
[host_monotonic_s=131855.597303] 001893 000001
[host_monotonic_s=131855.599550] 001894 000002
[host_monotonic_s=131855.601794] 001895 000002
[host_monotonic_s=131855.604250] 001896 000002
[host_monotonic_s=131855.606575] 001898 000002
[host_monotonic_s=131855.608917] 001899 000001
[host_monotonic_s=131855.611162] 001900 000002
[host_monotonic_s=131855.613793] 001901 000002
[host_monotonic_s=131855.616078] 001903 000001
[host_monotonic_s=131855.618356] 001904 000002
[host_monotonic_s=131855.620633] 001905 000001
[host_monotonic_s=131855.623267] 001906 000001
[host_monotonic_s=131855.625690] 001907 000001
[host_monotonic_s=131855.628060] 001908 000001
[host_monotonic_s=131855.630428] 001909 000003
[host_monotonic_s=131855.632789] 001910 000001
[host_monotonic_s=131855.635216] 001911 000001
[host_monotonic_s=131855.637603] 001913 000001
[host_monotonic_s=131855.639990] 001914 000003
[host_monotonic_s=131855.642261] 001915 000001
[host_monotonic_s=131855.644642] 001916 000002
[host_monotonic_s=131855.646879] 001920 000001
[host_monotonic_s=131855.649145] 001921 000001
[host_monotonic_s=131855.651390] 001922 000001
[host_monotonic_s=131855.653987] 001924 000001
[host_monotonic_s=131855.656311] 001928 000003
[host_monotonic_s=131855.658635] 001929 000001
[host_monotonic_s=131855.660987] 001930 000003
[host_monotonic_s=131855.663659] 001931 000001
[host_monotonic_s=131855.666045] 001932 000001
[host_monotonic_s=131855.668464] 001933 000001
[host_monotonic_s=131855.670776] 001934 000003
[host_monotonic_s=131855.673414] 001935 000005
[host_monotonic_s=131855.675839] 001937 000001
[host_monotonic_s=131855.678241] 001938 000001
[host_monotonic_s=131855.680494] 001941 000002
[host_monotonic_s=131855.682808] 001942 000001
[host_monotonic_s=131855.685442] 001943 000002
[host_monotonic_s=131855.687719] 001944 000001
[host_monotonic_s=131855.690036] 001945 000003
[host_monotonic_s=131855.692394] 001946 000005
[host_monotonic_s=131855.694880] 001947 000002
[host_monotonic_s=131855.697289] 001948 000002
[host_monotonic_s=131855.699667] 001949 000002
[host_monotonic_s=131855.702017] 001950 000006
[host_monotonic_s=131855.704459] 001951 000006
[host_monotonic_s=131855.706886] 001952 000005
[host_monotonic_s=131855.709274] 001953 000003
[host_monotonic_s=131855.711607] 001954 000005
[host_monotonic_s=131855.714102] 001955 000009
[host_monotonic_s=131855.716591] 001956 000008
[host_monotonic_s=131855.718900] 001957 000005
[host_monotonic_s=131855.721366] 001958 000004
[host_monotonic_s=131855.724292] 001959 000009
[host_monotonic_s=131855.726674] 001960 000003
[host_monotonic_s=131855.729068] 001961 000009
[host_monotonic_s=131855.731442] 001962 000006
[host_monotonic_s=131855.733915] 001963 000005
[host_monotonic_s=131855.736293] 001964 000002
[host_monotonic_s=131855.738669] 001965 000003
[host_monotonic_s=131855.741038] 001966 000003
[host_monotonic_s=131855.743454] 001967 000002
[host_monotonic_s=131855.745840] 001968 000001
[host_monotonic_s=131855.748226] 001969 000003
[host_monotonic_s=131855.750522] 001970 000006
[host_monotonic_s=131855.752816] 001972 000002
[host_monotonic_s=131856.054805] 001973 000005
[host_monotonic_s=131856.054812] 001974 000001
[host_monotonic_s=131856.054814] 001975 000002
[host_monotonic_s=131856.054815] 001976 000007
[host_monotonic_s=131856.054816] 001977 000005
[host_monotonic_s=131856.054817] 001978 000004
[host_monotonic_s=131856.054818] 001979 000007
[host_monotonic_s=131856.054819] 001980 000004
[host_monotonic_s=131856.054819] 001981 000003
[host_monotonic_s=131856.054820] 001982 000007
[host_monotonic_s=131856.054821] 001983 000005
[host_monotonic_s=131856.054822] 001984 000007
[host_monotonic_s=131856.054823] 001985 000007
[host_monotonic_s=131856.054823] 001986 000008
[host_monotonic_s=131856.054824] 001987 000005
[host_monotonic_s=131856.054825] 001988 000001
[host_monotonic_s=131856.054825] 001989 000005
[host_monotonic_s=131856.054826] 001990 000004
[host_monotonic_s=131856.054827] 001991 000003
[host_monotonic_s=131856.057983] 001992 000002
[host_monotonic_s=131856.060605] 001993 000001
[host_monotonic_s=131856.062891] 001994 000002
[host_monotonic_s=131856.065387] 001996 000003
[host_monotonic_s=131856.067665] 002001 000001
[host_monotonic_s=131856.069950] 002002 000002
[host_monotonic_s=131856.072282] 002004 000001
[host_monotonic_s=131856.075022] 002005 000001
[host_monotonic_s=131856.077303] 002010 000001
[host_monotonic_s=131856.079562] 002013 000003
[host_monotonic_s=131856.081802] 002015 000002
[host_monotonic_s=131856.084226] 002018 000001
[host_monotonic_s=131856.086565] 002020 000001
[host_monotonic_s=131856.088958] 002021 000002
[host_monotonic_s=131856.091309] 002024 000003
[host_monotonic_s=131856.093743] 002025 000002
[host_monotonic_s=131856.096148] 002026 000001
[host_monotonic_s=131856.098537] 002029 000001
[host_monotonic_s=131856.100917] 002030 000001
[host_monotonic_s=131856.103426] 002033 000002
[host_monotonic_s=131856.105768] 002039 000001
[host_monotonic_s=131856.108161] 002040 000001
[host_monotonic_s=131856.110526] 002043 000001
[host_monotonic_s=131856.112889] 002044 000003
[host_monotonic_s=131856.115298] 002052 000001
[host_monotonic_s=131856.117575] 002057 000001
[host_monotonic_s=131856.119881] 002065 000001
[host_monotonic_s=131856.122268] 002073 000001
[host_monotonic_s=131856.124922] 002076 000001
[host_monotonic_s=131856.127305] 002079 000001
[host_monotonic_s=131856.129655] 002082 000001
[host_monotonic_s=131856.131954] 002083 000001
[host_monotonic_s=131856.134351] 002086 000001
[host_monotonic_s=131856.136684] 002090 000001
[host_monotonic_s=131856.138932] 002091 000002
[host_monotonic_s=131856.141187] 002092 000001
[host_monotonic_s=131856.143551] 002093 000001
[host_monotonic_s=131856.145932] 002094 000001
[host_monotonic_s=131856.148400] 002096 000002
[host_monotonic_s=131856.150794] 002097 000001
[host_monotonic_s=131856.153315] 002099 000001
[host_monotonic_s=131856.155782] 002101 000001
[host_monotonic_s=131856.158165] 002102 000001
[host_monotonic_s=131856.160552] 002103 000001
[host_monotonic_s=131856.163026] 002106 000001
[host_monotonic_s=131856.165461] 002107 000001
[host_monotonic_s=131856.167814] 002110 000001
[host_monotonic_s=131856.170091] 002120 000001
[host_monotonic_s=131856.172347] 002122 000001
[host_monotonic_s=131856.175192] 002125 000002
[host_monotonic_s=131856.177442] 002131 000001
[host_monotonic_s=131856.179691] 002133 000001
[host_monotonic_s=131856.181943] 002140 000001
[host_monotonic_s=131856.184554] 002143 000001
[host_monotonic_s=131856.186841] 002157 000001
[host_monotonic_s=131856.189119] 002159 000002
[host_monotonic_s=131856.191366] 002163 000001
[host_monotonic_s=131856.193909] 002168 000001
[host_monotonic_s=131856.196184] 002170 000001
[host_monotonic_s=131856.198444] 002171 000002
[host_monotonic_s=131856.200697] 002172 000001
[host_monotonic_s=131856.203281] 002177 000001
[host_monotonic_s=131856.205507] 002180 000001
[host_monotonic_s=131856.207769] 002182 000001
[host_monotonic_s=131856.210075] 002189 000001
[host_monotonic_s=131856.212376] 002194 000001
[host_monotonic_s=131856.214885] 002205 000002
[host_monotonic_s=131856.217277] 002211 000001
[host_monotonic_s=131856.219692] 002216 000001
[host_monotonic_s=131856.222048] 002217 000001
[host_monotonic_s=131856.224697] 002218 000001
[host_monotonic_s=131856.227055] 002219 000002
[host_monotonic_s=131856.229425] 002224 000002
[host_monotonic_s=131856.231813] 002225 000001
[host_monotonic_s=131856.234586] 002229 000001
[host_monotonic_s=131856.236931] 002231 000001
[host_monotonic_s=131856.239189] 002232 000002
[host_monotonic_s=131856.241425] 002233 000001
[host_monotonic_s=131856.244009] 002235 000001
[host_monotonic_s=131856.246352] 002236 000001
[host_monotonic_s=131856.248634] 002237 000001
[host_monotonic_s=131856.250877] 002239 000001
[host_monotonic_s=131856.253280] 002240 000001
[host_monotonic_s=131856.255658] 002241 000002
[host_monotonic_s=131856.257895] 002242 000001
[host_monotonic_s=131856.260175] 002243 000001
[host_monotonic_s=131856.262542] 002244 000001
[host_monotonic_s=131856.264923] 002245 000002
[host_monotonic_s=131856.267225] 002246 000001
[host_monotonic_s=131856.269521] 002248 000001
[host_monotonic_s=131856.271810] 002249 000001
[host_monotonic_s=131856.274673] 002250 000002
[host_monotonic_s=131856.276926] 002251 000001
[host_monotonic_s=131856.279251] 002252 000002
[host_monotonic_s=131856.281594] 002253 000004
[host_monotonic_s=131856.284257] 002255 000004
[host_monotonic_s=131856.286741] 002257 000001
[host_monotonic_s=131856.289132] 002258 000004
[host_monotonic_s=131856.291490] 002259 000001
[host_monotonic_s=131856.293974] 002260 000001
[host_monotonic_s=131856.296375] 002261 000003
[host_monotonic_s=131856.298709] 002262 000004
[host_monotonic_s=131856.300956] 002265 000001
[host_monotonic_s=131856.303312] 002267 000005
[host_monotonic_s=131856.605066] 002268 000002
[host_monotonic_s=131856.605076] 002269 000004
[host_monotonic_s=131856.605078] 002270 000003
[host_monotonic_s=131856.605079] 002271 000001
[host_monotonic_s=131856.605081] 002272 000002
[host_monotonic_s=131856.605082] 002273 000003
[host_monotonic_s=131856.605084] 002274 000003
[host_monotonic_s=131856.605085] 002275 000003
[host_monotonic_s=131856.605086] 002276 000006
[host_monotonic_s=131856.605087] 002277 000003
[host_monotonic_s=131856.605088] 002278 000003
[host_monotonic_s=131856.605090] 002279 000003
[host_monotonic_s=131856.605091] 002280 000002
[host_monotonic_s=131856.605092] 002281 000004
[host_monotonic_s=131856.605093] 002282 000002
[host_monotonic_s=131856.605094] 002283 000003
[host_monotonic_s=131856.605095] 002284 000003
[host_monotonic_s=131856.605096] 002285 000002
[host_monotonic_s=131856.605098] 002286 000005
[host_monotonic_s=131856.611280] 002287 000002
[host_monotonic_s=131856.613819] 002288 000007
[host_monotonic_s=131856.616110] 002289 000003
[host_monotonic_s=131856.618580] 002290 000002
[host_monotonic_s=131856.620832] 002291 000002
[host_monotonic_s=131856.623283] 002292 000005
[host_monotonic_s=131856.625650] 002293 000002
[host_monotonic_s=131856.628015] 002295 000005
[host_monotonic_s=131856.630380] 002296 000005
[host_monotonic_s=131856.632765] 002297 000003
[host_monotonic_s=131857.435171] 002298 000003
[host_monotonic_s=131857.435185] 002299 000007
[host_monotonic_s=131857.435188] 002300 000001
[host_monotonic_s=131857.435191] 002301 000002
[host_monotonic_s=131857.435193] 002302 000007
[host_monotonic_s=131857.435194] 002303 000005
[host_monotonic_s=131857.435196] 002304 000004
[host_monotonic_s=131857.435198] 002305 000008
[host_monotonic_s=131857.435200] 002306 000003
[host_monotonic_s=131857.435202] 002307 000004
[host_monotonic_s=131857.435204] 002308 000002
[host_monotonic_s=131857.435206] 002309 000004
[host_monotonic_s=131857.435207] 002310 000003
[host_monotonic_s=131857.435209] 002311 000001
[host_monotonic_s=131857.435210] 002312 000002
[host_monotonic_s=131857.435212] 002313 000004
[host_monotonic_s=131857.435214] 002314 000002
[host_monotonic_s=131857.435215] 002315 000003
[host_monotonic_s=131857.435217] 002316 000002
[host_monotonic_s=131857.442373] 002317 000005
[host_monotonic_s=131857.445020] 002318 000005
[host_monotonic_s=131857.447364] 002319 000001
[host_monotonic_s=131857.449646] 002320 000005
[host_monotonic_s=131857.451920] 002321 000002
[host_monotonic_s=131857.454468] 002322 000001
[host_monotonic_s=131857.456775] 002323 000002
[host_monotonic_s=131857.459114] 002324 000005
[host_monotonic_s=131857.461625] 002325 000001
[host_monotonic_s=131857.465314] 002326 000006
[host_monotonic_s=131857.467694] 002327 000007
[host_monotonic_s=131857.470082] 002328 000001
[host_monotonic_s=131857.472481] 002329 000002
[host_monotonic_s=131857.474970] 002330 000006
[host_monotonic_s=131857.477487] 002331 000005
[host_monotonic_s=131857.480956] 002332 000002
[host_monotonic_s=131857.483596] 002333 000001
[host_monotonic_s=131857.486269] 002334 000002
[host_monotonic_s=131857.488670] 002335 000005
[host_monotonic_s=131857.490979] 002336 000001
[host_monotonic_s=131857.493423] 002338 000002
[host_monotonic_s=131857.495692] 002340 000007
[host_monotonic_s=131857.497940] 002341 000007
[host_monotonic_s=131857.500206] 002342 000005
[host_monotonic_s=131857.502467] 002345 000004
[host_monotonic_s=131857.505111] 002346 000004
[host_monotonic_s=131857.507357] 002347 000003
[host_monotonic_s=131857.509589] 002348 000002
[host_monotonic_s=131857.511878] 002349 000007
[host_monotonic_s=131857.514502] 002350 000001
[host_monotonic_s=131857.516817] 002351 000005
[host_monotonic_s=131857.519203] 002352 000002
[host_monotonic_s=131857.521480] 002353 000003
[host_monotonic_s=131857.523865] 002354 000001
[host_monotonic_s=131857.526149] 002355 000006
[host_monotonic_s=131857.528408] 002356 000002
[host_monotonic_s=131857.530641] 002357 000004
[host_monotonic_s=131857.532952] 002358 000001
[host_monotonic_s=131857.535345] 002359 000003
[host_monotonic_s=131857.537792] 002360 000003
[host_monotonic_s=131857.540156] 002361 000003
[host_monotonic_s=131857.542540] 002363 000002
[host_monotonic_s=131857.545140] 002364 000001
[host_monotonic_s=131857.547499] 002365 000003
[host_monotonic_s=131857.549875] 002366 000004
[host_monotonic_s=131857.552235] 002367 000006
[host_monotonic_s=131857.554738] 002368 000003
[host_monotonic_s=131857.557105] 002369 000003
[host_monotonic_s=131857.559515] 002370 000004
[host_monotonic_s=131857.561861] 002371 000007
[host_monotonic_s=131857.564327] 002372 000003
[host_monotonic_s=131857.566677] 002373 000008
[host_monotonic_s=131857.569062] 002374 000007
[host_monotonic_s=131857.571410] 002375 000003
[host_monotonic_s=131857.574032] 002376 000003
[host_monotonic_s=131857.576405] 002377 000007
[host_monotonic_s=131857.579133] 002378 000005
[host_monotonic_s=131857.581505] 002379 000002
[host_monotonic_s=131857.583988] 002380 000005
[host_monotonic_s=131857.586398] 002381 000004
[host_monotonic_s=131857.588769] 002382 000010
[host_monotonic_s=131857.591117] 002383 000005
[host_monotonic_s=131857.593559] 002384 000002
[host_monotonic_s=131857.595986] 002385 000007
[host_monotonic_s=131857.598368] 002386 000008
[host_monotonic_s=131857.600728] 002387 000004
[host_monotonic_s=131857.603171] 002388 000008
[host_monotonic_s=131857.605612] 002389 000006
[host_monotonic_s=131857.607980] 002390 000009
[host_monotonic_s=131857.610375] 002391 000010
[host_monotonic_s=131857.612730] 002392 000006
[host_monotonic_s=131857.615259] 002393 000013
[host_monotonic_s=131857.617701] 002394 000005
[host_monotonic_s=131857.620062] 002395 000007
[host_monotonic_s=131857.622411] 002396 000014
[host_monotonic_s=131857.624900] 002397 000010
[host_monotonic_s=131857.627259] 002398 000005
[host_monotonic_s=131857.629607] 002399 000007
[host_monotonic_s=131857.631997] 002400 000012
[host_monotonic_s=131857.634509] 002401 000011
[host_monotonic_s=131857.636956] 002402 000004
[host_monotonic_s=131857.639346] 002403 000010
[host_monotonic_s=131857.641694] 002404 000012
[host_monotonic_s=131857.644262] 002405 000008
[host_monotonic_s=131857.646687] 002406 000009
[host_monotonic_s=131857.649038] 002407 000012
[host_monotonic_s=131857.651398] 002408 000018
[host_monotonic_s=131857.653847] 002409 000011
[host_monotonic_s=131857.656275] 002410 000011
[host_monotonic_s=131857.658632] 002411 000018
[host_monotonic_s=131857.660980] 002412 000012
[host_monotonic_s=131857.663432] 002413 000021
[host_monotonic_s=131857.665857] 002414 000026
[host_monotonic_s=131857.668250] 002415 000014
[host_monotonic_s=131857.670598] 002416 000008
[host_monotonic_s=131857.673011] 002417 000017
[host_monotonic_s=131857.675462] 002418 000015
[host_monotonic_s=131857.677825] 002419 000013
[host_monotonic_s=131857.680240] 002420 000015
[host_monotonic_s=131857.682654] 002421 000010
[host_monotonic_s=131857.985659] 002422 000018
[host_monotonic_s=131857.985675] 002423 000019
[host_monotonic_s=131857.985678] 002424 000019
[host_monotonic_s=131857.985681] 002425 000018
[host_monotonic_s=131857.985683] 002426 000012
[host_monotonic_s=131857.985685] 002427 000008
[host_monotonic_s=131857.985688] 002428 000012
[host_monotonic_s=131857.985690] 002429 000011
[host_monotonic_s=131857.985692] 002430 000016
[host_monotonic_s=131857.985694] 002431 000013
[host_monotonic_s=131857.985696] 002432 000017
[host_monotonic_s=131857.985698] 002433 000010
[host_monotonic_s=131857.985700] 002434 000012
[host_monotonic_s=131857.985702] 002435 000009
[host_monotonic_s=131857.985704] 002436 000011
[host_monotonic_s=131857.985705] 002437 000009
[host_monotonic_s=131857.985707] 002438 000013
[host_monotonic_s=131857.985709] 002439 000005
[host_monotonic_s=131857.985711] 002440 000010
[host_monotonic_s=131857.992194] 002441 000005
[host_monotonic_s=131857.994981] 002442 000007
[host_monotonic_s=131857.997278] 002443 000010
[host_monotonic_s=131857.999531] 002444 000008
[host_monotonic_s=131858.001822] 002445 000012
[host_monotonic_s=131858.004376] 002446 000011
[host_monotonic_s=131858.006665] 002447 000014
[host_monotonic_s=131858.008920] 002448 000006
[host_monotonic_s=131858.011154] 002449 000011
[host_monotonic_s=131858.013547] 002450 000006
[host_monotonic_s=131858.015907] 002451 000005
[host_monotonic_s=131858.018277] 002452 000013
[host_monotonic_s=131858.020476] 002453 000006
[host_monotonic_s=131858.022746] 002454 000003
[host_monotonic_s=131858.025158] 002455 000009
[host_monotonic_s=131858.027404] 002456 000009
[host_monotonic_s=131858.029683] 002457 000004
[host_monotonic_s=131858.031998] 002458 000006
[host_monotonic_s=131858.034465] 002459 000003
[host_monotonic_s=131858.036699] 002460 000007
[host_monotonic_s=131858.038945] 002461 000003
[host_monotonic_s=131858.041218] 002462 000006
[host_monotonic_s=131858.043947] 002464 000005
[host_monotonic_s=131858.046304] 002466 000004
[host_monotonic_s=131858.048573] 002467 000004
[host_monotonic_s=131858.050851] 002468 000005
[host_monotonic_s=131858.053205] 002469 000004
[host_monotonic_s=131858.055539] 002470 000003
[host_monotonic_s=131858.057814] 002471 000003
[host_monotonic_s=131858.060065] 002472 000004
[host_monotonic_s=131858.062309] 002474 000003
[host_monotonic_s=131858.064777] 002476 000005
[host_monotonic_s=131858.067018] 002477 000002
[host_monotonic_s=131858.069277] 002478 000002
[host_monotonic_s=131858.071511] 002479 000001
[host_monotonic_s=131858.074311] 002481 000001
[host_monotonic_s=131858.076573] 002482 000003
[host_monotonic_s=131858.078871] 002483 000002
[host_monotonic_s=131858.081101] 002484 000002
[host_monotonic_s=131858.083575] 002485 000001
[host_monotonic_s=131858.086035] 002486 000003
[host_monotonic_s=131858.088609] 002488 000003
[host_monotonic_s=131858.090981] 002491 000001
[host_monotonic_s=131858.093468] 002492 000002
[host_monotonic_s=131858.095845] 002494 000001
[host_monotonic_s=131858.098177] 002495 000003
[host_monotonic_s=131858.100409] 002496 000004
[host_monotonic_s=131858.102706] 002497 000002
[host_monotonic_s=131858.105134] 002498 000001
[host_monotonic_s=131858.107431] 002499 000004
[host_monotonic_s=131858.109671] 002500 000001
[host_monotonic_s=131858.111902] 002501 000003
[host_monotonic_s=131858.114344] 002502 000001
[host_monotonic_s=131858.116612] 002503 000004
[host_monotonic_s=131858.118979] 002504 000002
[host_monotonic_s=131858.121344] 002505 000001
[host_monotonic_s=131858.124221] 002506 000001
[host_monotonic_s=131858.126609] 002507 000002
[host_monotonic_s=131858.128997] 002508 000002
[host_monotonic_s=131858.131373] 002509 000003
[host_monotonic_s=131858.133828] 002510 000003
[host_monotonic_s=131858.136273] 002511 000001
[host_monotonic_s=131858.138655] 002512 000001
[host_monotonic_s=131858.141007] 002514 000002
[host_monotonic_s=131858.143837] 002515 000003
[host_monotonic_s=131858.146327] 002516 000003
[host_monotonic_s=131858.148875] 002517 000002
[host_monotonic_s=131858.151243] 002518 000003
[host_monotonic_s=131858.154133] 002519 000001
[host_monotonic_s=131858.156522] 002520 000002
[host_monotonic_s=131858.158886] 002522 000001
[host_monotonic_s=131858.161242] 002523 000001
[host_monotonic_s=131858.163752] 002524 000001
[host_monotonic_s=131858.166053] 002525 000003
[host_monotonic_s=131858.168276] 002526 000003
[host_monotonic_s=131858.170500] 002528 000002
[host_monotonic_s=131858.172762] 002529 000001
[host_monotonic_s=131858.175153] 002531 000001
[host_monotonic_s=131858.177409] 002533 000002
[host_monotonic_s=131858.179696] 002534 000001
[host_monotonic_s=131858.181952] 002535 000002
[host_monotonic_s=131858.184746] 002537 000001
[host_monotonic_s=131858.187151] 002538 000002
[host_monotonic_s=131858.189388] 002539 000001
[host_monotonic_s=131858.191591] 002540 000002
[host_monotonic_s=131858.194374] 002542 000002
[host_monotonic_s=131858.196730] 002544 000002
[host_monotonic_s=131858.199117] 002545 000002
[host_monotonic_s=131858.201479] 002546 000001
[host_monotonic_s=131858.204339] 002547 000002
[host_monotonic_s=131858.206713] 002548 000003
[host_monotonic_s=131858.209102] 002549 000002
[host_monotonic_s=131858.211518] 002550 000003
[host_monotonic_s=131858.214369] 002553 000001
[host_monotonic_s=131858.216727] 002555 000002
[host_monotonic_s=131858.218995] 002557 000002
[host_monotonic_s=131858.221224] 002558 000001
[host_monotonic_s=131858.224350] 002559 000001
[host_monotonic_s=131858.226579] 002560 000002
[host_monotonic_s=131858.228817] 002561 000002
[host_monotonic_s=131858.231044] 002562 000001
[host_monotonic_s=131858.233681] 002563 000002
[host_monotonic_s=131858.535939] 002564 000002
[host_monotonic_s=131858.535950] 002565 000002
[host_monotonic_s=131858.535952] 002567 000001
[host_monotonic_s=131858.535954] 002569 000001
[host_monotonic_s=131858.535956] 002570 000001
[host_monotonic_s=131858.535957] 002571 000002
[host_monotonic_s=131858.535959] 002572 000002
[host_monotonic_s=131858.535960] 002574 000002
[host_monotonic_s=131858.535962] 002576 000002
[host_monotonic_s=131858.535963] 002577 000002
[host_monotonic_s=131858.535965] 002578 000001
[host_monotonic_s=131858.535966] 002579 000001
[host_monotonic_s=131858.535968] 002580 000001
[host_monotonic_s=131858.535969] 002581 000002
[host_monotonic_s=131858.535970] 002582 000002
[host_monotonic_s=131858.535971] 002583 000001
[host_monotonic_s=131858.535973] 002586 000001
[host_monotonic_s=131858.535974] 002590 000001
[host_monotonic_s=131858.535975] 002591 000001
[host_monotonic_s=131858.542064] 002592 000002
[host_monotonic_s=131858.544973] 002594 000002
[host_monotonic_s=131858.547231] 002595 000001
[host_monotonic_s=131858.549482] 002596 000003
[host_monotonic_s=131858.551717] 002601 000001
[host_monotonic_s=131858.554091] 002602 000002
[host_monotonic_s=131858.556337] 002604 000001
[host_monotonic_s=131858.558569] 002605 000002
[host_monotonic_s=131858.560780] 002606 000001
[host_monotonic_s=131858.563119] 002608 000003
[host_monotonic_s=131858.565453] 002611 000001
[host_monotonic_s=131858.567716] 002617 000002
[host_monotonic_s=131858.569948] 002619 000001
[host_monotonic_s=131858.572174] 002620 000001
[host_monotonic_s=131858.581699] 002622 000002
[host_monotonic_s=131858.583970] 002624 000001
[host_monotonic_s=131858.586566] 002625 000001
[host_monotonic_s=131858.588808] 002626 000001
[host_monotonic_s=131858.591025] 002628 000001
[host_monotonic_s=131858.593359] 002632 000001
[host_monotonic_s=131858.595689] 002633 000001
[host_monotonic_s=131858.597964] 002637 000001
[host_monotonic_s=131858.600186] 002639 000003
[host_monotonic_s=131858.602418] 002640 000001
[host_monotonic_s=131858.604783] 002646 000001
[host_monotonic_s=131858.607024] 002650 000001
[host_monotonic_s=131858.609283] 002651 000001
[host_monotonic_s=131858.611528] 002652 000002
[host_monotonic_s=131858.613905] 002654 000001
[host_monotonic_s=131858.616275] 002658 000001
[host_monotonic_s=131858.618538] 002661 000001
[host_monotonic_s=131858.620787] 002666 000001
[host_monotonic_s=131858.623180] 002669 000001
[host_monotonic_s=131858.625483] 002676 000001
[host_monotonic_s=131858.627808] 002680 000001
[host_monotonic_s=131858.630079] 002683 000003
[host_monotonic_s=131858.632338] 002687 000001
[host_monotonic_s=131858.634715] 002688 000001
[host_monotonic_s=131858.637458] 002690 000001
[host_monotonic_s=131858.639712] 002699 000001
[host_monotonic_s=131858.641925] 002704 000001
[host_monotonic_s=131858.644312] 002705 000001
[host_monotonic_s=131858.646556] 002711 000001
[host_monotonic_s=131858.648800] 002720 000002
[host_monotonic_s=131858.651007] 002726 000001
[host_monotonic_s=131858.653328] 002727 000001
[host_monotonic_s=131858.655624] 002730 000001
[host_monotonic_s=131858.657859] 002731 000001
[host_monotonic_s=131858.660075] 002733 000001
[host_monotonic_s=131858.662296] 002734 000001
[host_monotonic_s=131858.664664] 002735 000001
[host_monotonic_s=131858.666923] 002738 000001
[host_monotonic_s=131858.669150] 002741 000001
[host_monotonic_s=131858.671393] 002743 000001
[host_monotonic_s=131858.674071] 002744 000002
[host_monotonic_s=131858.676405] 002751 000001
[host_monotonic_s=131858.678661] 002752 000002
[host_monotonic_s=131858.680897] 002761 000001
[host_monotonic_s=131858.683277] 002764 000001
[host_monotonic_s=131858.685531] 002766 000003
[host_monotonic_s=131858.687788] 002767 000001
[host_monotonic_s=131858.690022] 002769 000002
[host_monotonic_s=131858.692310] 002774 000001
[host_monotonic_s=131858.695083] 002778 000001
[host_monotonic_s=131858.697385] 002781 000002
[host_monotonic_s=131858.699684] 002782 000001
[host_monotonic_s=131858.701967] 002785 000001
[host_monotonic_s=131858.704373] 002786 000001
[host_monotonic_s=131858.706693] 002787 000002
[host_monotonic_s=131858.709033] 002790 000001
[host_monotonic_s=131858.711405] 002791 000002
[host_monotonic_s=131858.713838] 002794 000001
[host_monotonic_s=131858.716564] 002796 000001
[host_monotonic_s=131858.718896] 002816 000001
[host_monotonic_s=131858.721178] 002825 000001
[host_monotonic_s=131858.723769] 002839 000001
[host_monotonic_s=131858.726146] 002845 000001
[host_monotonic_s=131858.728417] 002849 000001
[host_monotonic_s=131858.730617] 002850 000001
[host_monotonic_s=131858.732856] 002852 000002
[host_monotonic_s=131858.735618] 002859 000001
[host_monotonic_s=131858.738040] 002865 000001
[host_monotonic_s=131858.740253] 002866 000001
[host_monotonic_s=131858.742487] 002868 000001
[host_monotonic_s=131858.745260] 002871 000001
[host_monotonic_s=131858.747518] 002873 000001
[host_monotonic_s=131858.749731] 002883 000001
[host_monotonic_s=131858.751964] 002886 000001
[host_monotonic_s=131858.754362] 002888 000001
[host_monotonic_s=131858.756606] 002893 000002
[host_monotonic_s=131858.758851] 002906 000001
[host_monotonic_s=131858.761099] 002907 000001
[host_monotonic_s=131858.763764] 002910 000002
[host_monotonic_s=131858.766112] 002914 000002
[host_monotonic_s=131858.768332] 002920 000002
[host_monotonic_s=131858.770573] 002926 000001
[host_monotonic_s=131858.772820] 002930 000001
[host_monotonic_s=131858.775413] 002934 000001
[host_monotonic_s=131858.777676] 002936 000001
[host_monotonic_s=131858.779910] 002939 000001
[host_monotonic_s=131858.782160] 002940 000001
[host_monotonic_s=131858.784522] 002942 000001
[host_monotonic_s=131859.086462] 002946 000002
[host_monotonic_s=131859.086480] 002947 000001
[host_monotonic_s=131859.086484] 002948 000001
[host_monotonic_s=131859.086487] 002949 000001
[host_monotonic_s=131859.086490] 002950 000001
[host_monotonic_s=131859.086492] 002951 000001
[host_monotonic_s=131859.086495] 002952 000004
[host_monotonic_s=131859.086497] 002953 000001
[host_monotonic_s=131859.086499] 002956 000001
[host_monotonic_s=131859.086502] 002957 000003
[host_monotonic_s=131859.086504] 002958 000002
[host_monotonic_s=131859.086506] 002959 000001
[host_monotonic_s=131859.086508] 002962 000001
[host_monotonic_s=131859.086510] 002963 000001
[host_monotonic_s=131859.086512] 002964 000001
[host_monotonic_s=131859.086514] 002965 000001
[host_monotonic_s=131859.086516] 002967 000001
[host_monotonic_s=131859.086518] 002968 000003
[host_monotonic_s=131859.086520] 002970 000001
[host_monotonic_s=131859.093553] 002971 000001
[host_monotonic_s=131859.095914] 002974 000001
[host_monotonic_s=131859.098153] 002976 000002
[host_monotonic_s=131859.100381] 002978 000001
[host_monotonic_s=131859.102624] 002979 000001
[host_monotonic_s=131859.105320] 002980 000002
[host_monotonic_s=131859.107533] 002981 000002
[host_monotonic_s=131859.109797] 002982 000002
[host_monotonic_s=131859.112035] 002983 000001
[host_monotonic_s=131859.114399] 002984 000002
[host_monotonic_s=131859.116620] 002986 000001
[host_monotonic_s=131859.118851] 002989 000001
[host_monotonic_s=131859.121057] 002990 000002
[host_monotonic_s=131859.123651] 003003 000001
[host_monotonic_s=131859.125989] 003013 000001
[host_monotonic_s=131859.128248] 003014 000001
[host_monotonic_s=131859.130468] 003025 000001
[host_monotonic_s=131859.132710] 003027 000001
[host_monotonic_s=131859.135456] 003028 000001
[host_monotonic_s=131859.137686] 003029 000001
[host_monotonic_s=131859.139908] 003031 000001
[host_monotonic_s=131859.142155] 003046 000001
[host_monotonic_s=131859.144530] 003056 000001
[host_monotonic_s=131859.146886] 003059 000001
[host_monotonic_s=131859.149373] 003065 000001
[host_monotonic_s=131859.151977] 003072 000001
[host_monotonic_s=131859.154764] 003077 000001
[host_monotonic_s=131859.157179] 003079 000001
[host_monotonic_s=131859.159530] 003080 000001
[host_monotonic_s=131859.161886] 003092 000001
[host_monotonic_s=131859.164730] 003099 000001
[host_monotonic_s=131859.166958] 003106 000001
[host_monotonic_s=131859.169221] 003108 000001
[host_monotonic_s=131859.171444] 003128 000001
[host_monotonic_s=131859.173776] 003132 000001
[host_monotonic_s=131859.176086] 003134 000001
[host_monotonic_s=131859.178315] 003135 000001
[host_monotonic_s=131859.180520] 003137 000001
[host_monotonic_s=131859.182749] 003184 000001
[host_monotonic_s=131859.185099] 003197 000001
[host_monotonic_s=131859.187378] 003198 000001
[host_monotonic_s=131859.189697] 003203 000001
[host_monotonic_s=131859.191914] 003207 000001
[host_monotonic_s=131859.194304] 003214 000001
[host_monotonic_s=131859.196524] 003223 000001
[host_monotonic_s=131859.198761] 003224 000002
[host_monotonic_s=131859.200960] 003228 000002
[host_monotonic_s=131859.203276] 003229 000001
[host_monotonic_s=131859.205564] 003231 000001
[host_monotonic_s=131859.207799] 003235 000001
[host_monotonic_s=131859.210027] 003237 000003
[host_monotonic_s=131859.212266] 003238 000001
[host_monotonic_s=131859.215005] 003240 000001
[host_monotonic_s=131859.217236] 003241 000001
[host_monotonic_s=131859.219443] 003242 000001
[host_monotonic_s=131859.221657] 003243 000003
[host_monotonic_s=131859.223991] 003246 000003
[host_monotonic_s=131859.226282] 003247 000001
[host_monotonic_s=131859.228515] 003248 000001
[host_monotonic_s=131859.230726] 003249 000001
[host_monotonic_s=131859.232999] 003251 000002
[host_monotonic_s=131859.235344] 003252 000002
[host_monotonic_s=131859.237566] 003253 000003
[host_monotonic_s=131859.239776] 003256 000001
[host_monotonic_s=131859.241984] 003257 000001
[host_monotonic_s=131859.244344] 003258 000001
[host_monotonic_s=131859.246577] 003259 000003
[host_monotonic_s=131859.248823] 003261 000001
[host_monotonic_s=131859.251049] 003262 000001
[host_monotonic_s=131859.253724] 003263 000005
[host_monotonic_s=131859.256056] 003264 000005
[host_monotonic_s=131859.258334] 003265 000001
[host_monotonic_s=131859.260582] 003266 000003
[host_monotonic_s=131859.262866] 003267 000001
[host_monotonic_s=131859.265254] 003269 000003
[host_monotonic_s=131859.267523] 003270 000003
[host_monotonic_s=131859.269733] 003271 000002
[host_monotonic_s=131859.271938] 003272 000001
[host_monotonic_s=131859.274663] 003273 000002
[host_monotonic_s=131859.276880] 003275 000004
[host_monotonic_s=131859.279108] 003277 000003
[host_monotonic_s=131859.281323] 003278 000002
[host_monotonic_s=131859.283628] 003279 000002
[host_monotonic_s=131859.285894] 003280 000001
[host_monotonic_s=131859.288247] 003281 000004
[host_monotonic_s=131859.290470] 003282 000004
[host_monotonic_s=131859.292800] 003283 000003
[host_monotonic_s=131859.295232] 003284 000003
[host_monotonic_s=131859.297465] 003285 000001
[host_monotonic_s=131859.299704] 003286 000007
[host_monotonic_s=131859.301915] 003287 000004
[host_monotonic_s=131859.313826] 003288 000002
[host_monotonic_s=131859.316568] 003289 000004
[host_monotonic_s=131859.319461] 003290 000003
[host_monotonic_s=131859.322541] 003291 000002
[host_monotonic_s=131859.325641] 003292 000003
[host_monotonic_s=131859.327948] 003293 000001
[host_monotonic_s=131859.330889] 003294 000001
[host_monotonic_s=131859.334305] 003295 000003
[host_monotonic_s=131859.636844] 003296 000001
[host_monotonic_s=131859.636858] 003297 000005
[host_monotonic_s=131859.636861] 003298 000002
[host_monotonic_s=131859.636864] 003299 000002
[host_monotonic_s=131859.636866] 003300 000002
[host_monotonic_s=131859.636867] 003301 000004
[host_monotonic_s=131859.636869] 003302 000002
[host_monotonic_s=131859.636871] 003303 000005
[host_monotonic_s=131859.636873] 003304 000002
[host_monotonic_s=131859.636875] 003305 000003
[host_monotonic_s=131859.636877] 003306 000001
[host_monotonic_s=131859.636878] 003307 000001
[host_monotonic_s=131859.636880] 003308 000002
[host_monotonic_s=131859.636882] 003309 000002
[host_monotonic_s=131859.636884] 003310 000002
[host_monotonic_s=131859.636885] 003311 000001
[host_monotonic_s=131859.636887] 003312 000003
[host_monotonic_s=131859.636888] 003314 000002
[host_monotonic_s=131859.636890] 003315 000006
[host_monotonic_s=131859.645749] 003316 000001
[host_monotonic_s=131859.649899] 003317 000004
[host_monotonic_s=131859.652825] 003318 000002
[host_monotonic_s=131859.655508] 003319 000001
[host_monotonic_s=131859.658655] 003320 000001
[host_monotonic_s=131859.661743] 003321 000002
[host_monotonic_s=131859.664751] 003323 000002
[host_monotonic_s=131859.667168] 003325 000002
[host_monotonic_s=131859.670338] 003326 000001
[host_monotonic_s=131859.673494] 003328 000001
[host_monotonic_s=131859.676269] 003329 000002
[host_monotonic_s=131859.679077] 003330 000002
[host_monotonic_s=131859.682197] 003331 000001
[host_monotonic_s=131859.685440] 003332 000004
[host_monotonic_s=131859.687877] 003335 000001
[host_monotonic_s=131859.691142] 003336 000003
[host_monotonic_s=131859.694888] 003337 000001
[host_monotonic_s=131859.698299] 003338 000001
[host_monotonic_s=131859.701632] 003339 000001
[host_monotonic_s=131859.704990] 003341 000001
[host_monotonic_s=131859.707652] 003342 000002
[host_monotonic_s=131859.711137] 003343 000001
[host_monotonic_s=131859.714472] 003346 000002
[host_monotonic_s=131859.717880] 003347 000001
[host_monotonic_s=131859.721094] 003349 000001
[host_monotonic_s=131859.723949] 003353 000001
[host_monotonic_s=131859.726924] 003355 000001
[host_monotonic_s=131859.729900] 003360 000001
[host_monotonic_s=131859.732660] 003363 000001
[host_monotonic_s=131859.735150] 003364 000001
[host_monotonic_s=131859.738430] 003369 000001
[host_monotonic_s=131859.741358] 003371 000001
[host_monotonic_s=131859.743770] 003372 000001
[host_monotonic_s=131859.746902] 003373 000001
[host_monotonic_s=131859.749914] 003374 000001
[host_monotonic_s=131859.752718] 003379 000001
[host_monotonic_s=131859.755271] 003380 000001
[host_monotonic_s=131859.758228] 003381 000001
[host_monotonic_s=131859.761032] 003384 000001
[host_monotonic_s=131859.763651] 003385 000001
[host_monotonic_s=131859.766657] 003390 000001
[host_monotonic_s=131859.769670] 003394 000001
[host_monotonic_s=131859.772023] 003397 000001
[host_monotonic_s=131859.775012] 003401 000001
[host_monotonic_s=131859.778171] 003402 000001
[host_monotonic_s=131859.781140] 003403 000002
[host_monotonic_s=131859.783597] 003409 000002
[host_monotonic_s=131859.786697] 003411 000001
[host_monotonic_s=131859.789720] 003412 000002
[host_monotonic_s=131859.792362] 003413 000002
[host_monotonic_s=131859.795273] 003415 000002
[host_monotonic_s=131859.798342] 003416 000001
[host_monotonic_s=131859.801438] 003417 000001
[host_monotonic_s=131859.805321] 003419 000002
[host_monotonic_s=131859.807715] 003420 000001
[host_monotonic_s=131859.810838] 003421 000001
[host_monotonic_s=131859.814004] 003422 000002
[host_monotonic_s=131859.817024] 003424 000003
[host_monotonic_s=131859.819498] 003425 000001
[host_monotonic_s=131859.822527] 003426 000002
[host_monotonic_s=131859.825687] 003427 000001
[host_monotonic_s=131859.828264] 003429 000005
[host_monotonic_s=131859.830974] 003430 000001
[host_monotonic_s=131859.834103] 003431 000001
[host_monotonic_s=131859.837027] 003434 000001
[host_monotonic_s=131859.839470] 003436 000001
[host_monotonic_s=131859.842779] 003438 000002
[host_monotonic_s=131859.845905] 003442 000001
[host_monotonic_s=131859.848721] 003443 000002
[host_monotonic_s=131859.851106] 003446 000002
[host_monotonic_s=131859.854903] 003447 000001
[host_monotonic_s=131859.857981] 003449 000002
[host_monotonic_s=131859.860869] 003451 000001
[host_monotonic_s=131859.863616] 003453 000002
[host_monotonic_s=131859.866677] 003457 000003
[host_monotonic_s=131859.869664] 003459 000001
[host_monotonic_s=131859.872365] 003464 000001
[host_monotonic_s=131859.875215] 003467 000001
[host_monotonic_s=131859.878301] 003472 000001
[host_monotonic_s=131859.881240] 003475 000001
[host_monotonic_s=131859.883760] 003477 000002
[host_monotonic_s=131860.187345] 003480 000001
[host_monotonic_s=131860.187359] 003483 000001
[host_monotonic_s=131860.187361] 003484 000002
[host_monotonic_s=131860.187364] 003485 000001
[host_monotonic_s=131860.187366] 003486 000001
[host_monotonic_s=131860.187368] 003489 000001
[host_monotonic_s=131860.187370] 003496 000002
[host_monotonic_s=131860.187372] 003497 000001
[host_monotonic_s=131860.187374] 003498 000001
[host_monotonic_s=131860.187375] 003506 000001
[host_monotonic_s=131860.187377] 003509 000001
[host_monotonic_s=131860.187379] 003510 000001
[host_monotonic_s=131860.187381] 003511 000002
[host_monotonic_s=131860.187382] 003512 000001
[host_monotonic_s=131860.187384] 003514 000001
[host_monotonic_s=131860.187385] 003516 000002
[host_monotonic_s=131860.187387] 003519 000001
[host_monotonic_s=131860.187389] 003521 000002
[host_monotonic_s=131860.187390] 003524 000001
[host_monotonic_s=131860.195616] 003527 000001
[host_monotonic_s=131860.200814] 003539 000001
[host_monotonic_s=131860.203295] 003546 000001
[host_monotonic_s=131860.206202] 003547 000001
[host_monotonic_s=131860.209159] 003548 000001
[host_monotonic_s=131860.211631] 003550 000001
[host_monotonic_s=131860.214987] 003552 000001
[host_monotonic_s=131860.218053] 003553 000001
[host_monotonic_s=131860.220945] 003555 000001
[host_monotonic_s=131860.223504] 003559 000001
[host_monotonic_s=131860.226445] 003560 000001
[host_monotonic_s=131860.229298] 003563 000001
[host_monotonic_s=131860.231550] 003564 000002
[host_monotonic_s=131860.234676] 003576 000002
[host_monotonic_s=131860.237498] 003581 000001
[host_monotonic_s=131860.239809] 003582 000001
[host_monotonic_s=131860.242769] 003583 000001
[host_monotonic_s=131860.245703] 003587 000002
[host_monotonic_s=131860.247970] 003588 000001
[host_monotonic_s=131860.250716] 003590 000001
[host_monotonic_s=131860.253732] 003591 000001
[host_monotonic_s=131860.256025] 003598 000001
[host_monotonic_s=131860.258801] 003605 000001
[host_monotonic_s=131860.261650] 003606 000001
[host_monotonic_s=131860.264280] 003610 000001
[host_monotonic_s=131860.266799] 003615 000001
[host_monotonic_s=131860.269716] 003619 000001
[host_monotonic_s=131860.271984] 003626 000001
[host_monotonic_s=131860.274859] 003633 000001
[host_monotonic_s=131860.277730] 003638 000001
[host_monotonic_s=131860.280014] 003644 000001
[host_monotonic_s=131860.282762] 003650 000001
[host_monotonic_s=131860.285700] 003663 000001
[host_monotonic_s=131860.287957] 003665 000001
[host_monotonic_s=131860.290860] 003667 000001
[host_monotonic_s=131860.293935] 003670 000001
[host_monotonic_s=131860.296457] 003672 000001
[host_monotonic_s=131860.299084] 003685 000001
[host_monotonic_s=131860.301952] 003694 000001
[host_monotonic_s=131860.304722] 003703 000001
[host_monotonic_s=131860.306936] 003705 000001
[host_monotonic_s=131860.309864] 003724 000001
[host_monotonic_s=131860.312359] 003742 000001
[host_monotonic_s=131860.315323] 003746 000001
[host_monotonic_s=131860.318424] 003757 000001
[host_monotonic_s=131860.321251] 003762 000001
[host_monotonic_s=131860.323803] 003771 000001
[host_monotonic_s=131860.326881] 003788 000001
[host_monotonic_s=131860.330060] 003791 000001
[host_monotonic_s=131860.333096] 003806 000001
[host_monotonic_s=131860.335528] 003830 000001
[host_monotonic_s=131860.338639] 003861 000001
[host_monotonic_s=131860.341626] 003922 000001
[host_monotonic_s=131860.344391] 003932 000001
[host_monotonic_s=131860.347045] 003956 000001
[host_monotonic_s=131860.350108] 003957 000001
[host_monotonic_s=131860.353112] 003963 000001
[host_monotonic_s=131860.355545] 003968 000001
[host_monotonic_s=131860.358661] 003975 000001
[host_monotonic_s=131860.361598] 004010 000001
[host_monotonic_s=131860.363952] 004015 000001
[host_monotonic_s=131860.366707] 004027 000001
[host_monotonic_s=131860.369518] 004071 000001
[host_monotonic_s=131860.371777] 004072 000001
[host_monotonic_s=131860.375028] 004087 000002
[host_monotonic_s=131860.377918] 004108 000001
[host_monotonic_s=131860.380385] 004130 000002
[host_monotonic_s=131860.382940] 004133 000001
[host_monotonic_s=131860.385967] 004145 000002
[host_monotonic_s=131860.388408] 004149 000002
[host_monotonic_s=131860.391011] 004165 000001
[host_monotonic_s=131860.394139] 004167 000001
[host_monotonic_s=131860.396869] 004177 000001
[host_monotonic_s=131860.399132] 004184 000001
[host_monotonic_s=131860.402008] 004186 000002
[host_monotonic_s=131860.404934] 004196 000001
[host_monotonic_s=131860.407190] 004207 000002
[host_monotonic_s=131860.410045] 004208 000001
[host_monotonic_s=131860.412746] 004214 000001
[host_monotonic_s=131860.415179] 004215 000001
[host_monotonic_s=131860.418096] 004219 000001
[host_monotonic_s=131860.420841] 004222 000003
[host_monotonic_s=131860.423269] 004226 000001
[host_monotonic_s=131860.426137] 004229 000001
[host_monotonic_s=131860.428856] 004230 000002
[host_monotonic_s=131860.431099] 004231 000001
[host_monotonic_s=131860.434217] 004233 000001
[host_monotonic_s=131860.437004] 004235 000001
[host_monotonic_s=131860.737923] 004242 000002
[host_monotonic_s=131860.737939] 004244 000001
[host_monotonic_s=131860.737942] 004245 000001
[host_monotonic_s=131860.737946] 004247 000002
[host_monotonic_s=131860.738015] 004248 000003
[host_monotonic_s=131860.738026] 004250 000001
[host_monotonic_s=131860.738027] 004251 000001
[host_monotonic_s=131860.738029] 004252 000001
[host_monotonic_s=131860.738030] 004253 000001
[host_monotonic_s=131860.738033] 004256 000001
[host_monotonic_s=131860.738034] 004257 000001
[host_monotonic_s=131860.738036] 004258 000003
[host_monotonic_s=131860.738037] 004260 000001
[host_monotonic_s=131860.738038] 004261 000004
[host_monotonic_s=131860.738039] 004262 000003
[host_monotonic_s=131860.738041] 004263 000001
[host_monotonic_s=131860.738042] 004264 000001
[host_monotonic_s=131860.738043] 004265 000002
[host_monotonic_s=131860.742790] 004266 000002
[host_monotonic_s=131860.746244] 004267 000006
[host_monotonic_s=131860.749080] 004268 000004
[host_monotonic_s=131860.751419] 004269 000003
[host_monotonic_s=131860.754514] 004270 000003
[host_monotonic_s=131860.757381] 004272 000003
[host_monotonic_s=131860.759764] 004273 000005
[host_monotonic_s=131860.762758] 004274 000003
[host_monotonic_s=131860.765748] 004275 000005
[host_monotonic_s=131860.768335] 004276 000002
[host_monotonic_s=131860.770929] 004278 000001
[host_monotonic_s=131860.774404] 004279 000003
[host_monotonic_s=131860.777376] 004280 000007
[host_monotonic_s=131860.780030] 004281 000004
[host_monotonic_s=131860.783003] 004282 000003
[host_monotonic_s=131860.786042] 004283 000002
[host_monotonic_s=131860.788912] 004284 000001
[host_monotonic_s=131860.791234] 004285 000005
[host_monotonic_s=131860.794493] 004286 000004
[host_monotonic_s=131860.797348] 004287 000002
[host_monotonic_s=131860.799648] 004288 000001
[host_monotonic_s=131860.803161] 004289 000003
[host_monotonic_s=131860.806898] 004290 000003
[host_monotonic_s=131860.809923] 004291 000004
[host_monotonic_s=131860.812828] 004292 000004
[host_monotonic_s=131860.815323] 004293 000004
[host_monotonic_s=131860.818317] 004294 000002
[host_monotonic_s=131860.821129] 004295 000003
[host_monotonic_s=131860.823556] 004296 000004
[host_monotonic_s=131860.826597] 004297 000007
[host_monotonic_s=131860.829561] 004298 000003
[host_monotonic_s=131860.831847] 004299 000002
[host_monotonic_s=131860.835291] 004300 000007
[host_monotonic_s=131860.838320] 004301 000003
[host_monotonic_s=131860.841828] 004302 000005
[host_monotonic_s=131860.844768] 004303 000004
[host_monotonic_s=131860.847170] 004304 000005
[host_monotonic_s=131860.852225] 004305 000003
[host_monotonic_s=131860.853429] 004306 000009
[host_monotonic_s=131860.855889] 004307 000004
[host_monotonic_s=131860.858709] 004308 000002
[host_monotonic_s=131860.861766] 004309 000003
[host_monotonic_s=131860.864825] 004310 000005
[host_monotonic_s=131860.867269] 004311 000003
[host_monotonic_s=131860.870392] 004312 000003
[host_monotonic_s=131860.873690] 004313 000006
[host_monotonic_s=131860.876324] 004314 000001
[host_monotonic_s=131860.879027] 004315 000004
[host_monotonic_s=131860.881915] 004316 000002
[host_monotonic_s=131860.884932] 004317 000003
[host_monotonic_s=131860.887247] 004318 000003
[host_monotonic_s=131860.890287] 004319 000002
[host_monotonic_s=131860.893403] 004320 000002
[host_monotonic_s=131860.895820] 004321 000006
[host_monotonic_s=131860.898885] 004322 000005
[host_monotonic_s=131860.901848] 004323 000003
[host_monotonic_s=131860.904725] 004324 000004
[host_monotonic_s=131860.907252] 004325 000003
[host_monotonic_s=131860.910314] 004326 000001
[host_monotonic_s=131860.913664] 004327 000003
[host_monotonic_s=131860.916335] 004328 000003
[host_monotonic_s=131860.919020] 004329 000003
[host_monotonic_s=131860.922028] 004331 000006
[host_monotonic_s=131860.925038] 004332 000002
[host_monotonic_s=131860.927440] 004333 000002
[host_monotonic_s=131860.930520] 004334 000004
[host_monotonic_s=131860.933676] 004335 000001
[host_monotonic_s=131860.936373] 004336 000003
[host_monotonic_s=131860.939013] 004337 000003
[host_monotonic_s=131860.942138] 004338 000001
[host_monotonic_s=131860.945129] 004339 000002
[host_monotonic_s=131860.947410] 004340 000002
[host_monotonic_s=131860.950381] 004342 000003
[host_monotonic_s=131860.953341] 004343 000002
[host_monotonic_s=131860.955634] 004344 000002
[host_monotonic_s=131860.958622] 004345 000002
[host_monotonic_s=131860.961482] 004346 000003
[host_monotonic_s=131860.963852] 004347 000003
[host_monotonic_s=131860.966874] 004348 000001
[host_monotonic_s=131860.969809] 004349 000005
[host_monotonic_s=131860.972404] 004350 000005
[host_monotonic_s=131860.975109] 004351 000001
[host_monotonic_s=131860.978125] 004352 000004
[host_monotonic_s=131860.980891] 004353 000004
[host_monotonic_s=131860.983252] 004354 000003
[host_monotonic_s=131860.986189] 004355 000003
[host_monotonic_s=131861.288173] 004356 000004
[host_monotonic_s=131861.288185] 004357 000003
[host_monotonic_s=131861.288187] 004358 000001
[host_monotonic_s=131861.288189] 004359 000002
[host_monotonic_s=131861.288191] 004360 000002
[host_monotonic_s=131861.288193] 004361 000003
[host_monotonic_s=131861.288194] 004362 000001
[host_monotonic_s=131861.288195] 004363 000004
[host_monotonic_s=131861.288197] 004365 000004
[host_monotonic_s=131861.288198] 004366 000003
[host_monotonic_s=131861.288200] 004367 000001
[host_monotonic_s=131861.288202] 004368 000004
[host_monotonic_s=131861.288203] 004369 000007
[host_monotonic_s=131861.288204] 004370 000004
[host_monotonic_s=131861.288205] 004371 000002
[host_monotonic_s=131861.288207] 004372 000008
[host_monotonic_s=131861.288208] 004373 000005
[host_monotonic_s=131861.288209] 004374 000004
[host_monotonic_s=131861.288210] 004375 000004
[host_monotonic_s=131861.295859] 004376 000011
[host_monotonic_s=131861.298915] 004377 000005
[host_monotonic_s=131861.301804] 004378 000004
[host_monotonic_s=131861.304478] 004379 000008
[host_monotonic_s=131861.307063] 004380 000007
[host_monotonic_s=131861.310066] 004381 000006
[host_monotonic_s=131861.313266] 004382 000012
[host_monotonic_s=131861.315697] 004383 000005
[host_monotonic_s=131861.318801] 004384 000007
[host_monotonic_s=131861.321757] 004385 000004
[host_monotonic_s=131861.324743] 004386 000012
[host_monotonic_s=131861.327160] 004387 000005
[host_monotonic_s=131861.330228] 004388 000010
[host_monotonic_s=131861.333259] 004389 000004
[host_monotonic_s=131861.335683] 004390 000010
[host_monotonic_s=131861.338903] 004391 000006
[host_monotonic_s=131861.341870] 004392 000009
[host_monotonic_s=131861.344911] 004393 000013
[host_monotonic_s=131861.347324] 004394 000008
[host_monotonic_s=131861.350393] 004395 000011
[host_monotonic_s=131861.353633] 004396 000006
[host_monotonic_s=131861.356355] 004397 000010
[host_monotonic_s=131861.359023] 004398 000012
[host_monotonic_s=131861.362044] 004399 000013
[host_monotonic_s=131861.365116] 004400 000013
[host_monotonic_s=131861.367506] 004401 000008
[host_monotonic_s=131861.370643] 004402 000021
[host_monotonic_s=131861.373724] 004403 000011
[host_monotonic_s=131861.376348] 004404 000010
[host_monotonic_s=131861.379055] 004405 000012
[host_monotonic_s=131861.382063] 004406 000020
[host_monotonic_s=131861.385113] 004407 000006
[host_monotonic_s=131861.387498] 004408 000015
[host_monotonic_s=131861.390977] 004409 000017
[host_monotonic_s=131861.394422] 004410 000010
[host_monotonic_s=131861.397472] 004411 000015
[host_monotonic_s=131861.399927] 004412 000010
[host_monotonic_s=131861.402716] 004413 000010
[host_monotonic_s=131861.405896] 004414 000011
[host_monotonic_s=131861.408703] 004415 000017
[host_monotonic_s=131861.411192] 004416 000011
[host_monotonic_s=131861.414346] 004417 000012
[host_monotonic_s=131861.417284] 004418 000008
[host_monotonic_s=131861.419687] 004419 000013
[host_monotonic_s=131861.422760] 004420 000016
[host_monotonic_s=131861.425846] 004421 000011
[host_monotonic_s=131861.428473] 004422 000013
[host_monotonic_s=131861.431187] 004423 000012
[host_monotonic_s=131861.434352] 004424 000020
[host_monotonic_s=131861.437422] 004425 000013
[host_monotonic_s=131861.439840] 004426 000014
[host_monotonic_s=131861.443007] 004427 000010
[host_monotonic_s=131861.446055] 004428 000008
[host_monotonic_s=131861.448950] 004429 000010
[host_monotonic_s=131861.451599] 004430 000009
[host_monotonic_s=131861.454846] 004431 000017
[host_monotonic_s=131861.457850] 004432 000010
[host_monotonic_s=131861.460482] 004433 000013
[host_monotonic_s=131861.463273] 004434 000009
[host_monotonic_s=131861.466347] 004435 000016
[host_monotonic_s=131861.469344] 004436 000010
[host_monotonic_s=131861.471793] 004437 000012
[host_monotonic_s=131861.475085] 004438 000008
[host_monotonic_s=131861.478235] 004439 000008
[host_monotonic_s=131861.481174] 004440 000008
[host_monotonic_s=131861.483671] 004441 000014
[host_monotonic_s=131861.486771] 004442 000011
[host_monotonic_s=131861.489812] 004443 000013
[host_monotonic_s=131861.492709] 004444 000007
[host_monotonic_s=131861.495233] 004445 000008
[host_monotonic_s=131861.498314] 004446 000009
[host_monotonic_s=131861.501298] 004447 000007
[host_monotonic_s=131861.503906] 004448 000004
[host_monotonic_s=131861.506728] 004449 000005
[host_monotonic_s=131861.509765] 004450 000007
[host_monotonic_s=131861.512416] 004451 000006
[host_monotonic_s=131861.515249] 004452 000002
[host_monotonic_s=131861.518343] 004453 000005
[host_monotonic_s=131861.521296] 004454 000007
[host_monotonic_s=131861.523778] 004455 000004
[host_monotonic_s=131861.526916] 004456 000005
[host_monotonic_s=131861.529936] 004457 000004
[host_monotonic_s=131861.532774] 004458 000002
[host_monotonic_s=131861.535352] 004459 000006
[host_monotonic_s=131861.838920] 004460 000007
[host_monotonic_s=131861.838936] 004461 000003
[host_monotonic_s=131861.838939] 004462 000005
[host_monotonic_s=131861.838942] 004463 000002
[host_monotonic_s=131861.838944] 004464 000002
[host_monotonic_s=131861.838946] 004465 000005
[host_monotonic_s=131861.838948] 004466 000002
[host_monotonic_s=131861.838950] 004467 000002
[host_monotonic_s=131861.838953] 004468 000004
[host_monotonic_s=131861.838954] 004469 000001
[host_monotonic_s=131861.838956] 004470 000005
[host_monotonic_s=131861.838958] 004471 000003
[host_monotonic_s=131861.838960] 004473 000002
[host_monotonic_s=131861.838962] 004474 000004
[host_monotonic_s=131861.838964] 004475 000004
[host_monotonic_s=131861.838966] 004476 000003
[host_monotonic_s=131861.838967] 004477 000001
[host_monotonic_s=131861.838969] 004479 000003
[host_monotonic_s=131861.838971] 004480 000003
[host_monotonic_s=131861.847641] 004481 000001
[host_monotonic_s=131861.852982] 004482 000004
[host_monotonic_s=131861.855408] 004484 000001
[host_monotonic_s=131861.858455] 004485 000002
[host_monotonic_s=131861.861407] 004487 000001
[host_monotonic_s=131861.863798] 004488 000003
[host_monotonic_s=131861.866925] 004489 000002
[host_monotonic_s=131861.869886] 004490 000001
[host_monotonic_s=131861.872684] 004491 000001
[host_monotonic_s=131861.875187] 004493 000002
[host_monotonic_s=131861.878163] 004498 000001
[host_monotonic_s=131861.880998] 004499 000003
[host_monotonic_s=131861.883359] 004503 000003
[host_monotonic_s=131861.886388] 004505 000001
[host_monotonic_s=131861.889270] 004507 000001
[host_monotonic_s=131861.891610] 004508 000002
[host_monotonic_s=131861.894909] 004509 000001
[host_monotonic_s=131861.897842] 004510 000002
[host_monotonic_s=131861.900429] 004511 000002
[host_monotonic_s=131861.903077] 004512 000001
[host_monotonic_s=131861.905922] 004514 000001
[host_monotonic_s=131861.908390] 004515 000003
[host_monotonic_s=131861.911057] 004516 000001
[host_monotonic_s=131861.914328] 004517 000001
[host_monotonic_s=131861.917123] 004519 000002
[host_monotonic_s=131861.919462] 004521 000002
[host_monotonic_s=131861.922355] 004523 000003
[host_monotonic_s=131861.925302] 004524 000001
[host_monotonic_s=131861.927591] 004527 000001
[host_monotonic_s=131861.930476] 004528 000001
[host_monotonic_s=131861.933357] 004531 000001
[host_monotonic_s=131861.935685] 004532 000001
[host_monotonic_s=131861.938657] 004533 000004
[host_monotonic_s=131861.941772] 004535 000001
[host_monotonic_s=131861.944397] 004536 000002
[host_monotonic_s=131861.946987] 004537 000004
[host_monotonic_s=131861.950029] 004538 000001
[host_monotonic_s=131861.952971] 004539 000001
[host_monotonic_s=131861.955361] 004540 000001
[host_monotonic_s=131861.958367] 004543 000001
[host_monotonic_s=131861.961223] 004544 000001
[host_monotonic_s=131861.963552] 004546 000001
[host_monotonic_s=131861.966508] 004547 000001
[host_monotonic_s=131861.969461] 004549 000001
[host_monotonic_s=131861.971788] 004550 000002
[host_monotonic_s=131861.974827] 004551 000001
[host_monotonic_s=131861.977720] 004552 000002
[host_monotonic_s=131861.980248] 004553 000001
[host_monotonic_s=131861.982791] 004554 000002
[host_monotonic_s=131861.985775] 004555 000003
[host_monotonic_s=131861.988034] 004557 000002
[host_monotonic_s=131861.990822] 004560 000003
[host_monotonic_s=131861.993926] 004561 000002
[host_monotonic_s=131861.996688] 004562 000001
[host_monotonic_s=131861.999052] 004563 000003
[host_monotonic_s=131862.001912] 004565 000002
[host_monotonic_s=131862.004846] 004567 000001
[host_monotonic_s=131862.007167] 004571 000002
[host_monotonic_s=131862.010061] 004575 000003
[host_monotonic_s=131862.013153] 004576 000001
[host_monotonic_s=131862.015510] 004578 000001
[host_monotonic_s=131862.018498] 004581 000001
[host_monotonic_s=131862.021475] 004584 000002
[host_monotonic_s=131862.023813] 004585 000001
[host_monotonic_s=131862.026950] 004586 000001
[host_monotonic_s=131862.029913] 004588 000001
[host_monotonic_s=131862.032685] 004593 000001
[host_monotonic_s=131862.035212] 004595 000001
[host_monotonic_s=131862.038128] 004597 000001
[host_monotonic_s=131862.041196] 004598 000002
[host_monotonic_s=131862.043611] 004602 000002
[host_monotonic_s=131862.046561] 004608 000001
[host_monotonic_s=131862.049532] 004611 000001
[host_monotonic_s=131862.051942] 004613 000001
[host_monotonic_s=131862.055207] 004614 000002
[host_monotonic_s=131862.058486] 004615 000001
[host_monotonic_s=131862.061436] 004617 000001
[host_monotonic_s=131862.063899] 004618 000002
[host_monotonic_s=131862.066696] 004622 000001
[host_monotonic_s=131862.069711] 004629 000001
[host_monotonic_s=131862.072394] 004638 000001
[host_monotonic_s=131862.075269] 004640 000001
[host_monotonic_s=131862.078428] 004645 000001
[host_monotonic_s=131862.081356] 004648 000001
[host_monotonic_s=131862.083940] 004655 000001
[host_monotonic_s=131862.086781] 004657 000001
[host_monotonic_s=131862.389238] 004659 000001
[host_monotonic_s=131862.389253] 004662 000001
[host_monotonic_s=131862.389256] 004666 000001
[host_monotonic_s=131862.389259] 004675 000001
[host_monotonic_s=131862.389261] 004677 000001
[host_monotonic_s=131862.389263] 004679 000001
[host_monotonic_s=131862.389265] 004696 000001
[host_monotonic_s=131862.389267] 004713 000001
[host_monotonic_s=131862.389269] 004720 000001
[host_monotonic_s=131862.389271] 004722 000001
[host_monotonic_s=131862.389273] 004724 000001
[host_monotonic_s=131862.389275] 004731 000001
[host_monotonic_s=131862.389277] 004739 000001
[host_monotonic_s=131862.389279] 004744 000001
[host_monotonic_s=131862.389281] 004771 000001
[host_monotonic_s=131862.389282] 004777 000001
[host_monotonic_s=131862.389284] 004784 000001
[host_monotonic_s=131862.389286] 004786 000001
[host_monotonic_s=131862.389288] 004791 000001
[host_monotonic_s=131862.397386] 004792 000001
[host_monotonic_s=131862.399863] 004793 000002
[host_monotonic_s=131862.402788] 004799 000001
[host_monotonic_s=131862.406219] 004805 000001
[host_monotonic_s=131862.409244] 004818 000001
[host_monotonic_s=131862.411872] 004822 000001
[host_monotonic_s=131862.414841] 004824 000001
[host_monotonic_s=131862.417878] 004832 000001
[host_monotonic_s=131862.420705] 004833 000001
[host_monotonic_s=131862.423213] 004840 000001
[host_monotonic_s=131862.426600] 004842 000001
[host_monotonic_s=131862.429615] 004849 000001
[host_monotonic_s=131862.432006] 004855 000001
[host_monotonic_s=131862.435142] 004873 000001
[host_monotonic_s=131862.438212] 004890 000001
[host_monotonic_s=131862.441177] 004896 000001
[host_monotonic_s=131862.443818] 004900 000001
[host_monotonic_s=131862.446881] 004906 000001
[host_monotonic_s=131862.449917] 004909 000001
[host_monotonic_s=131862.452726] 004913 000001
[host_monotonic_s=131862.455351] 004915 000001
[host_monotonic_s=131862.458445] 004916 000001
[host_monotonic_s=131862.461209] 004917 000001
[host_monotonic_s=131862.463628] 004928 000001
[host_monotonic_s=131862.466493] 004938 000001
[host_monotonic_s=131862.469301] 004946 000001
[host_monotonic_s=131862.471550] 004950 000001
[host_monotonic_s=131862.474829] 004951 000001
[host_monotonic_s=131862.477647] 004957 000001
[host_monotonic_s=131862.479921] 004959 000002
[host_monotonic_s=131862.482606] 004961 000001
[host_monotonic_s=131862.485518] 004962 000001
[host_monotonic_s=131862.487751] 004963 000001
[host_monotonic_s=131862.490774] 004968 000001
[host_monotonic_s=131862.493963] 004969 000001
[host_monotonic_s=131862.496692] 004974 000001
[host_monotonic_s=131862.498956] 004975 000001
[host_monotonic_s=131862.501837] 004977 000002
[host_monotonic_s=131862.504442] 004983 000001
[host_monotonic_s=131862.507257] 005020 000001
[host_monotonic_s=131862.510375] 005027 000001
[host_monotonic_s=131862.513420] 005035 000001
[host_monotonic_s=131862.515851] 005039 000001
[host_monotonic_s=131862.518947] 005045 000001
[host_monotonic_s=131862.521988] 005072 000001
[host_monotonic_s=131862.525109] 005082 000001
[host_monotonic_s=131862.527489] 005094 000001
[host_monotonic_s=131862.530551] 005097 000001
[host_monotonic_s=131862.533672] 005098 000001
[host_monotonic_s=131862.536342] 005099 000001
[host_monotonic_s=131862.539010] 005113 000001
[host_monotonic_s=131862.542002] 005117 000001
[host_monotonic_s=131862.545111] 005131 000001
[host_monotonic_s=131862.547504] 005147 000001
[host_monotonic_s=131862.550624] 005149 000001
[host_monotonic_s=131862.553848] 005159 000001
[host_monotonic_s=131862.556653] 005185 000001
[host_monotonic_s=131862.559048] 005191 000001
[host_monotonic_s=131862.562015] 005206 000001
[host_monotonic_s=131862.565139] 005236 000001
[host_monotonic_s=131862.567507] 005237 000004
[host_monotonic_s=131862.570571] 005241 000001
[host_monotonic_s=131862.573619] 005244 000002
[host_monotonic_s=131862.576274] 005245 000002
[host_monotonic_s=131862.578949] 005246 000001
[host_monotonic_s=131862.581959] 005247 000001
[host_monotonic_s=131862.584979] 005248 000002
[host_monotonic_s=131862.587402] 005249 000001
[host_monotonic_s=131862.590458] 005250 000003
[host_monotonic_s=131862.593718] 005252 000003
[host_monotonic_s=131862.596405] 005254 000003
[host_monotonic_s=131862.599082] 005255 000002
[host_monotonic_s=131862.602129] 005256 000001
[host_monotonic_s=131862.605156] 005257 000001
[host_monotonic_s=131862.607551] 005258 000004
[host_monotonic_s=131862.610942] 005259 000001
[host_monotonic_s=131862.614146] 005260 000003
[host_monotonic_s=131862.617119] 005261 000003
[host_monotonic_s=131862.619547] 005262 000003
[host_monotonic_s=131862.622653] 005263 000003
[host_monotonic_s=131862.625727] 005264 000002
[host_monotonic_s=131862.628348] 005265 000004
[host_monotonic_s=131862.631114] 005266 000001
[host_monotonic_s=131862.635050] 005267 000003
[host_monotonic_s=131862.637995] 005268 000002
[host_monotonic_s=131862.939519] 005269 000007
[host_monotonic_s=131862.939532] 005270 000003
[host_monotonic_s=131862.939535] 005271 000001
[host_monotonic_s=131862.939537] 005272 000004
[host_monotonic_s=131862.939539] 005273 000001
[host_monotonic_s=131862.939541] 005274 000001
[host_monotonic_s=131862.939542] 005275 000001
[host_monotonic_s=131862.939544] 005276 000004
[host_monotonic_s=131862.939545] 005277 000003
[host_monotonic_s=131862.939547] 005279 000005
[host_monotonic_s=131862.939549] 005280 000002
[host_monotonic_s=131862.939550] 005281 000002
[host_monotonic_s=131862.939552] 005282 000005
[host_monotonic_s=131862.939553] 005283 000004
[host_monotonic_s=131862.939555] 005284 000002
[host_monotonic_s=131862.939556] 005285 000004
[host_monotonic_s=131862.939557] 005286 000002
[host_monotonic_s=131862.939559] 005287 000008
[host_monotonic_s=131862.939560] 005288 000001
[host_monotonic_s=131862.948019] 005289 000003
[host_monotonic_s=131862.951036] 005290 000001
[host_monotonic_s=131862.954407] 005292 000004
[host_monotonic_s=131862.957541] 005293 000003
[host_monotonic_s=131862.960025] 005294 000002
[host_monotonic_s=131862.963047] 005295 000005
[host_monotonic_s=131862.966101] 005296 000001
[host_monotonic_s=131862.969086] 005297 000003
[host_monotonic_s=131862.971445] 005298 000003
[host_monotonic_s=131862.974536] 005299 000001
[host_monotonic_s=131862.977433] 005300 000004
[host_monotonic_s=131862.979804] 005302 000002
[host_monotonic_s=131862.982855] 005303 000001
[host_monotonic_s=131862.985811] 005304 000001
[host_monotonic_s=131862.988341] 005305 000003
[host_monotonic_s=131862.990990] 005306 000002
[host_monotonic_s=131862.994414] 005308 000009
[host_monotonic_s=131862.997340] 005309 000002
[host_monotonic_s=131862.999705] 005310 000002
[host_monotonic_s=131863.002702] 005311 000001
[host_monotonic_s=131863.005650] 005312 000003
[host_monotonic_s=131863.007994] 005313 000003
[host_monotonic_s=131863.011039] 005314 000001
[host_monotonic_s=131863.014142] 005315 000003
[host_monotonic_s=131863.017136] 005316 000002
[host_monotonic_s=131863.019492] 005319 000003
[host_monotonic_s=131863.022479] 005320 000002
[host_monotonic_s=131863.025571] 005325 000001
[host_monotonic_s=131863.027911] 005328 000002
[host_monotonic_s=131863.030673] 005329 000001
[host_monotonic_s=131863.033844] 005330 000001
[host_monotonic_s=131863.036422] 005333 000001
[host_monotonic_s=131863.039079] 005335 000001
[host_monotonic_s=131863.042087] 005337 000001
[host_monotonic_s=131863.044943] 005338 000002
[host_monotonic_s=131863.047402] 005339 000001
[host_monotonic_s=131863.050394] 005344 000002
[host_monotonic_s=131863.053611] 005345 000001
[host_monotonic_s=131863.055970] 005348 000001
[host_monotonic_s=131863.058854] 005357 000001
[host_monotonic_s=131863.061825] 005359 000001
[host_monotonic_s=131863.064735] 005360 000001
[host_monotonic_s=131863.066947] 005362 000002
[host_monotonic_s=131863.069875] 005365 000002
[host_monotonic_s=131863.072448] 005366 000001
[host_monotonic_s=131863.075250] 005367 000001
[host_monotonic_s=131863.078167] 005368 000001
[host_monotonic_s=131863.080980] 005369 000001
[host_monotonic_s=131863.083402] 005370 000001
[host_monotonic_s=131863.086306] 005375 000002
[host_monotonic_s=131863.089201] 005376 000001
[host_monotonic_s=131863.091526] 005377 000002
[host_monotonic_s=131863.094903] 005379 000001
[host_monotonic_s=131863.097846] 005380 000001
[host_monotonic_s=131863.100348] 005382 000001
[host_monotonic_s=131863.103323] 005383 000001
[host_monotonic_s=131863.106302] 005387 000001
[host_monotonic_s=131863.109195] 005391 000001
[host_monotonic_s=131863.111656] 005393 000001
[host_monotonic_s=131863.114992] 005396 000001
[host_monotonic_s=131863.118013] 005400 000001
[host_monotonic_s=131863.120855] 005401 000002
[host_monotonic_s=131863.123189] 005404 000002
[host_monotonic_s=131863.126084] 005406 000001
[host_monotonic_s=131863.128972] 005407 000002
[host_monotonic_s=131863.131316] 005408 000001
[host_monotonic_s=131863.134631] 005409 000002
[host_monotonic_s=131863.137558] 005411 000002
[host_monotonic_s=131863.139900] 005412 000002
[host_monotonic_s=131863.142681] 005414 000001
[host_monotonic_s=131863.145797] 005415 000003
[host_monotonic_s=131863.148520] 005418 000001
[host_monotonic_s=131863.151257] 005421 000001
[host_monotonic_s=131863.154429] 005422 000003
[host_monotonic_s=131863.157331] 005424 000001
[host_monotonic_s=131863.159676] 005425 000003
[host_monotonic_s=131863.162634] 005426 000002
[host_monotonic_s=131863.165639] 005427 000003
[host_monotonic_s=131863.167929] 005428 000001
[host_monotonic_s=131863.170671] 005429 000002
[host_monotonic_s=131863.173829] 005430 000001
[host_monotonic_s=131863.176650] 005431 000002
[host_monotonic_s=131863.179063] 005432 000001
[host_monotonic_s=131863.182081] 005433 000002
[host_monotonic_s=131863.185123] 005436 000001
[host_monotonic_s=131863.187537] 005439 000002
[host_monotonic_s=131863.489765] 005440 000001
[host_monotonic_s=131863.489776] 005441 000001
[host_monotonic_s=131863.489778] 005442 000004
[host_monotonic_s=131863.489780] 005443 000001
[host_monotonic_s=131863.489782] 005444 000001
[host_monotonic_s=131863.489783] 005446 000001
[host_monotonic_s=131863.489785] 005447 000004
[host_monotonic_s=131863.489786] 005448 000001
[host_monotonic_s=131863.489788] 005449 000001
[host_monotonic_s=131863.489789] 005451 000001
[host_monotonic_s=131863.489791] 005453 000001
[host_monotonic_s=131863.489792] 005456 000002
[host_monotonic_s=131863.489794] 005462 000001
[host_monotonic_s=131863.489795] 005472 000001
[host_monotonic_s=131863.489796] 005474 000001
[host_monotonic_s=131863.489797] 005476 000001
[host_monotonic_s=131863.489798] 005479 000001
[host_monotonic_s=131863.489800] 005482 000002
[host_monotonic_s=131863.489801] 005483 000002
[host_monotonic_s=131863.497537] 005484 000001
[host_monotonic_s=131863.499945] 005490 000001
[host_monotonic_s=131863.502815] 005492 000001
[host_monotonic_s=131863.506082] 005496 000001
[host_monotonic_s=131863.509191] 005498 000001
[host_monotonic_s=131863.511605] 005501 000001
[host_monotonic_s=131863.514863] 005505 000001
[host_monotonic_s=131863.517930] 005511 000001
[host_monotonic_s=131863.520731] 005513 000001
[host_monotonic_s=131863.523332] 005514 000001
[host_monotonic_s=131863.526422] 005515 000002
[host_monotonic_s=131863.529465] 005520 000001
[host_monotonic_s=131863.531939] 005537 000001
[host_monotonic_s=131863.534923] 005541 000002
[host_monotonic_s=131863.537943] 005542 000002
[host_monotonic_s=131863.540852] 005547 000002
[host_monotonic_s=131863.543452] 005554 000001
[host_monotonic_s=131863.546495] 005556 000001
[host_monotonic_s=131863.549513] 005558 000002
[host_monotonic_s=131863.552006] 005561 000001
[host_monotonic_s=131863.555120] 005568 000001
[host_monotonic_s=131863.558158] 005569 000001
[host_monotonic_s=131863.561107] 005575 000001
[host_monotonic_s=131863.563590] 005577 000001
[host_monotonic_s=131863.566682] 005579 000001
[host_monotonic_s=131863.569656] 005583 000001
[host_monotonic_s=131863.571906] 005585 000001
[host_monotonic_s=131863.574713] 005606 000001
[host_monotonic_s=131863.577549] 005619 000001
[host_monotonic_s=131863.579895] 005625 000001
[host_monotonic_s=131863.582540] 005626 000001
[host_monotonic_s=131863.585577] 005633 000001
[host_monotonic_s=131863.587857] 005636 000001
[host_monotonic_s=131863.590871] 005640 000001
[host_monotonic_s=131863.594003] 005644 000001
[host_monotonic_s=131863.597037] 005652 000001
[host_monotonic_s=131863.599371] 005657 000001
[host_monotonic_s=131863.602298] 005659 000001
[host_monotonic_s=131863.605113] 005683 000001
[host_monotonic_s=131863.607382] 005685 000001
[host_monotonic_s=131863.610436] 005688 000001
[host_monotonic_s=131863.613442] 005698 000001
[host_monotonic_s=131863.615777] 005713 000001
[host_monotonic_s=131863.618746] 005714 000001
[host_monotonic_s=131863.621626] 005720 000001
[host_monotonic_s=131863.624300] 005734 000001
[host_monotonic_s=131863.626834] 005787 000001
[host_monotonic_s=131863.629693] 005798 000001
[host_monotonic_s=131863.632020] 005825 000001
[host_monotonic_s=131863.634929] 005843 000001
[host_monotonic_s=131863.637760] 005854 000001
[host_monotonic_s=131863.640270] 005855 000001
[host_monotonic_s=131863.642822] 005900 000001
[host_monotonic_s=131863.645823] 005918 000001
[host_monotonic_s=131863.648346] 005930 000001
[host_monotonic_s=131863.651015] 005950 000001
[host_monotonic_s=131863.654181] 005953 000001
[host_monotonic_s=131863.656990] 005958 000001
[host_monotonic_s=131863.659325] 005959 000001
[host_monotonic_s=131863.662218] 005967 000001
[host_monotonic_s=131863.665081] 005968 000001
[host_monotonic_s=131863.667298] 005972 000001
[host_monotonic_s=131863.670211] 005987 000001
[host_monotonic_s=131863.673068] 006013 000001
[host_monotonic_s=131863.675380] 006015 000001
[host_monotonic_s=131863.678290] 006070 000001
[host_monotonic_s=131863.681084] 006099 000001
[host_monotonic_s=131863.683399] 006103 000001
[host_monotonic_s=131863.686288] 006106 000001
[host_monotonic_s=131863.689049] 006109 000001
[host_monotonic_s=131863.691340] 006117 000001
[host_monotonic_s=131863.694622] 006119 000001
[host_monotonic_s=131863.697740] 006122 000001
[host_monotonic_s=131863.700378] 006155 000001
[host_monotonic_s=131863.702949] 006177 000001
[host_monotonic_s=131863.706013] 006184 000001
[host_monotonic_s=131863.709215] 006193 000001
[host_monotonic_s=131863.711510] 006202 000001
[host_monotonic_s=131863.714718] 006215 000001
[host_monotonic_s=131863.717740] 006236 000001
[host_monotonic_s=131863.720369] 006248 000001
[host_monotonic_s=131863.722939] 006249 000001
[host_monotonic_s=131863.726049] 006250 000001
[host_monotonic_s=131863.728826] 006252 000001
[host_monotonic_s=131863.731164] 006253 000001
[host_monotonic_s=131863.734400] 006256 000001
[host_monotonic_s=131863.737338] 006257 000001
[host_monotonic_s=131864.040325] 006258 000002
[host_monotonic_s=131864.040340] 006259 000001
[host_monotonic_s=131864.040342] 006263 000001
[host_monotonic_s=131864.040345] 006264 000001
[host_monotonic_s=131864.040347] 006266 000003
[host_monotonic_s=131864.040348] 006267 000003
[host_monotonic_s=131864.040351] 006269 000001
[host_monotonic_s=131864.040352] 006270 000003
[host_monotonic_s=131864.040354] 006271 000002
[host_monotonic_s=131864.040356] 006272 000002
[host_monotonic_s=131864.040357] 006274 000001
[host_monotonic_s=131864.040359] 006275 000001
[host_monotonic_s=131864.040361] 006276 000001
[host_monotonic_s=131864.040362] 006277 000003
[host_monotonic_s=131864.040364] 006278 000003
[host_monotonic_s=131864.040366] 006279 000002
[host_monotonic_s=131864.040367] 006280 000001
[host_monotonic_s=131864.040369] 006281 000001
[host_monotonic_s=131864.040370] 006282 000001
[host_monotonic_s=131864.048295] 006283 000005
[host_monotonic_s=131864.050931] 006284 000001
[host_monotonic_s=131864.054031] 006285 000004
[host_monotonic_s=131864.057054] 006287 000004
[host_monotonic_s=131864.059526] 006288 000003
[host_monotonic_s=131864.062519] 006289 000002
[host_monotonic_s=131864.065603] 006291 000003
[host_monotonic_s=131864.067904] 006292 000001
[host_monotonic_s=131864.070636] 006293 000001
[host_monotonic_s=131864.074269] 006294 000002
[host_monotonic_s=131864.077195] 006295 000003
[host_monotonic_s=131864.079528] 006296 000001
[host_monotonic_s=131864.082470] 006297 000002
[host_monotonic_s=131864.085489] 006298 000002
[host_monotonic_s=131864.087743] 006299 000003
[host_monotonic_s=131864.090695] 006300 000003
[host_monotonic_s=131864.093984] 006301 000004
[host_monotonic_s=131864.096713] 006302 000001
[host_monotonic_s=131864.099277] 006303 000006
[host_monotonic_s=131864.102221] 006304 000003
[host_monotonic_s=131864.105193] 006305 000005
[host_monotonic_s=131864.107644] 006306 000002
[host_monotonic_s=131864.110703] 006307 000001
[host_monotonic_s=131864.113713] 006308 000004
[host_monotonic_s=131864.116235] 006309 000004
[host_monotonic_s=131864.118886] 006310 000001
[host_monotonic_s=131864.121904] 006311 000003
[host_monotonic_s=131864.125109] 006312 000003
[host_monotonic_s=131864.127525] 006313 000002
[host_monotonic_s=131864.130603] 006314 000004
[host_monotonic_s=131864.133674] 006315 000004
[host_monotonic_s=131864.136003] 006316 000002
[host_monotonic_s=131864.138804] 006317 000006
[host_monotonic_s=131864.141722] 006318 000003
[host_monotonic_s=131864.144407] 006319 000001
[host_monotonic_s=131864.146943] 006320 000001
[host_monotonic_s=131864.149929] 006321 000001
[host_monotonic_s=131864.152764] 006322 000004
[host_monotonic_s=131864.155302] 006323 000002
[host_monotonic_s=131864.158358] 006324 000005
[host_monotonic_s=131864.161288] 006325 000002
[host_monotonic_s=131864.163706] 006326 000005
[host_monotonic_s=131864.166689] 006327 000001
[host_monotonic_s=131864.169600] 006328 000003
[host_monotonic_s=131864.172019] 006329 000002
[host_monotonic_s=131864.175003] 006330 000003
[host_monotonic_s=131864.178077] 006331 000004
[host_monotonic_s=131864.180989] 006333 000001
[host_monotonic_s=131864.183567] 006335 000009
[host_monotonic_s=131864.186597] 006336 000003
[host_monotonic_s=131864.189607] 006337 000004
[host_monotonic_s=131864.192268] 006339 000001
[host_monotonic_s=131864.195245] 006340 000004
[host_monotonic_s=131864.198299] 006341 000002
[host_monotonic_s=131864.201374] 006342 000004
[host_monotonic_s=131864.203854] 006343 000002
[host_monotonic_s=131864.206649] 006344 000001
[host_monotonic_s=131864.209650] 006345 000001
[host_monotonic_s=131864.212228] 006346 000003
[host_monotonic_s=131864.215144] 006347 000003
[host_monotonic_s=131864.218201] 006348 000001
[host_monotonic_s=131864.221142] 006349 000003
[host_monotonic_s=131864.223602] 006351 000005
[host_monotonic_s=131864.226716] 006352 000008
[host_monotonic_s=131864.229745] 006353 000004
[host_monotonic_s=131864.232390] 006354 000003
[host_monotonic_s=131864.235189] 006356 000003
[host_monotonic_s=131864.238270] 006358 000003
[host_monotonic_s=131864.241226] 006359 000001
[host_monotonic_s=131864.243831] 006360 000003
[host_monotonic_s=131864.247008] 006361 000006
[host_monotonic_s=131864.250120] 006362 000001
[host_monotonic_s=131864.253324] 006363 000003
[host_monotonic_s=131864.255785] 006364 000003
[host_monotonic_s=131864.258941] 006365 000001
[host_monotonic_s=131864.261984] 006366 000005
[host_monotonic_s=131864.265100] 006367 000003
[host_monotonic_s=131864.267489] 006368 000002
[host_monotonic_s=131864.270615] 006369 000004
[host_monotonic_s=131864.273767] 006370 000006
[host_monotonic_s=131864.276428] 006371 000003
[host_monotonic_s=131864.279143] 006372 000004
[host_monotonic_s=131864.282202] 006373 000001
[host_monotonic_s=131864.285430] 006374 000002
[host_monotonic_s=131864.287872] 006375 000004
[host_monotonic_s=131864.590482] 006376 000006
[host_monotonic_s=131864.590496] 006377 000003
[host_monotonic_s=131864.590499] 006378 000002
[host_monotonic_s=131864.590502] 006379 000001
[host_monotonic_s=131864.590504] 006380 000007
[host_monotonic_s=131864.590506] 006381 000001
[host_monotonic_s=131864.590508] 006382 000002
[host_monotonic_s=131864.590510] 006383 000004
[host_monotonic_s=131864.590512] 006384 000006
[host_monotonic_s=131864.590514] 006385 000009
[host_monotonic_s=131864.590515] 006386 000002
[host_monotonic_s=131864.590517] 006387 000006
[host_monotonic_s=131864.590519] 006388 000004
[host_monotonic_s=131864.590521] 006389 000011
[host_monotonic_s=131864.590522] 006390 000011
[host_monotonic_s=131864.590524] 006391 000004
[host_monotonic_s=131864.590525] 006392 000008
[host_monotonic_s=131864.590527] 006393 000006
[host_monotonic_s=131864.590529] 006394 000007
[host_monotonic_s=131864.599698] 006395 000010
[host_monotonic_s=131864.604322] 006396 000012
[host_monotonic_s=131864.606931] 006397 000009
[host_monotonic_s=131864.610005] 006398 000014
[host_monotonic_s=131864.613243] 006399 000013
[host_monotonic_s=131864.615673] 006400 000011
[host_monotonic_s=131864.618798] 006401 000007
[host_monotonic_s=131864.621823] 006402 000011
[host_monotonic_s=131864.624715] 006403 000009
[host_monotonic_s=131864.627138] 006404 000011
[host_monotonic_s=131864.630177] 006405 000009
[host_monotonic_s=131864.633161] 006406 000015
[host_monotonic_s=131864.635671] 006407 000014
[host_monotonic_s=131864.639137] 006408 000013
[host_monotonic_s=131864.642192] 006409 000016
[host_monotonic_s=131864.645393] 006410 000019
[host_monotonic_s=131864.647690] 006411 000015
[host_monotonic_s=131864.650660] 006412 000020
[host_monotonic_s=131864.653665] 006413 000025
[host_monotonic_s=131864.656247] 006414 000019
[host_monotonic_s=131864.658848] 006415 000005
[host_monotonic_s=131864.661746] 006416 000011
[host_monotonic_s=131864.664297] 006417 000006
[host_monotonic_s=131864.666825] 006418 000014
[host_monotonic_s=131864.669746] 006419 000017
[host_monotonic_s=131864.672346] 006420 000017
[host_monotonic_s=131864.675077] 006421 000019
[host_monotonic_s=131864.678156] 006422 000032
[host_monotonic_s=131864.681039] 006423 000010
[host_monotonic_s=131864.683520] 006424 000022
[host_monotonic_s=131864.686522] 006425 000015
[host_monotonic_s=131864.689506] 006426 000019
[host_monotonic_s=131864.691898] 006427 000016
[host_monotonic_s=131864.695106] 006428 000015
[host_monotonic_s=131864.698193] 006429 000012
[host_monotonic_s=131864.701101] 006430 000021
[host_monotonic_s=131864.703484] 006431 000014
[host_monotonic_s=131864.706473] 006432 000013
[host_monotonic_s=131864.709458] 006433 000015
[host_monotonic_s=131864.711901] 006434 000014
[host_monotonic_s=131864.714952] 006435 000011
[host_monotonic_s=131864.718222] 006436 000020
[host_monotonic_s=131864.721163] 006437 000017
[host_monotonic_s=131864.723883] 006438 000019
[host_monotonic_s=131864.726682] 006439 000007
[host_monotonic_s=131864.729498] 006440 000015
[host_monotonic_s=131864.731700] 006441 000012
[host_monotonic_s=131864.734790] 006442 000013
[host_monotonic_s=131864.737593] 006443 000016
[host_monotonic_s=131864.739863] 006444 000012
[host_monotonic_s=131864.742785] 006445 000014
[host_monotonic_s=131864.745750] 006446 000006
[host_monotonic_s=131864.748366] 006447 000009
[host_monotonic_s=131864.751093] 006448 000012
[host_monotonic_s=131864.754480] 006449 000007
[host_monotonic_s=131864.757484] 006450 000006
[host_monotonic_s=131864.759913] 006451 000012
[host_monotonic_s=131864.762745] 006452 000013
[host_monotonic_s=131864.765808] 006453 000010
[host_monotonic_s=131864.768370] 006454 000007
[host_monotonic_s=131864.771024] 006455 000002
[host_monotonic_s=131864.774075] 006456 000010
[host_monotonic_s=131864.776877] 006457 000002
[host_monotonic_s=131864.779225] 006458 000013
[host_monotonic_s=131864.782141] 006459 000004
[host_monotonic_s=131864.785036] 006460 000009
[host_monotonic_s=131864.787320] 006461 000006
[host_monotonic_s=131864.790250] 006462 000006
[host_monotonic_s=131864.793432] 006463 000008
[host_monotonic_s=131864.795790] 006464 000007
[host_monotonic_s=131864.798783] 006465 000012
[host_monotonic_s=131864.801929] 006466 000009
[host_monotonic_s=131864.805315] 006467 000003
[host_monotonic_s=131864.807721] 006468 000006
[host_monotonic_s=131864.810660] 006469 000008
[host_monotonic_s=131864.813659] 006470 000004
[host_monotonic_s=131864.816393] 006471 000005
[host_monotonic_s=131864.819277] 006472 000004
[host_monotonic_s=131864.822344] 006473 000004
[host_monotonic_s=131864.825599] 006474 000002
[host_monotonic_s=131864.827979] 006475 000008
[host_monotonic_s=131864.830946] 006476 000003
[host_monotonic_s=131864.834228] 006478 000002
[host_monotonic_s=131864.837117] 006479 000004
[host_monotonic_s=131864.839470] 006480 000004
[host_monotonic_s=131865.141018] 006481 000002
[host_monotonic_s=131865.141032] 006482 000002
[host_monotonic_s=131865.141035] 006483 000001
[host_monotonic_s=131865.141037] 006484 000003
[host_monotonic_s=131865.141039] 006485 000001
[host_monotonic_s=131865.141041] 006486 000002
[host_monotonic_s=131865.141043] 006487 000004
[host_monotonic_s=131865.141045] 006488 000002
[host_monotonic_s=131865.141046] 006489 000002
[host_monotonic_s=131865.141048] 006490 000002
[host_monotonic_s=131865.141050] 006491 000002
[host_monotonic_s=131865.141052] 006492 000002
[host_monotonic_s=131865.141054] 006493 000002
[host_monotonic_s=131865.141055] 006496 000002
[host_monotonic_s=131865.141057] 006497 000003
[host_monotonic_s=131865.141058] 006498 000001
[host_monotonic_s=131865.141060] 006499 000003
[host_monotonic_s=131865.141062] 006501 000002
[host_monotonic_s=131865.146987] 006502 000002
[host_monotonic_s=131865.150184] 006503 000001
[host_monotonic_s=131865.153320] 006504 000001
[host_monotonic_s=131865.155771] 006505 000001
[host_monotonic_s=131865.158848] 006506 000001
[host_monotonic_s=131865.161856] 006507 000003
[host_monotonic_s=131865.164951] 006508 000002
[host_monotonic_s=131865.167341] 006510 000002
[host_monotonic_s=131865.170398] 006511 000005
[host_monotonic_s=131865.173677] 006512 000003
[host_monotonic_s=131865.176379] 006513 000003
[host_monotonic_s=131865.179050] 006514 000003
[host_monotonic_s=131865.182102] 006516 000002
[host_monotonic_s=131865.185233] 006517 000003
[host_monotonic_s=131865.187622] 006518 000003
[host_monotonic_s=131865.190596] 006519 000003
[host_monotonic_s=131865.193883] 006520 000003
[host_monotonic_s=131865.196680] 006521 000001
[host_monotonic_s=131865.199034] 006522 000004
[host_monotonic_s=131865.201966] 006524 000003
[host_monotonic_s=131865.204984] 006525 000001
[host_monotonic_s=131865.207269] 006526 000003
[host_monotonic_s=131865.210236] 006527 000002
[host_monotonic_s=131865.213164] 006528 000002
[host_monotonic_s=131865.215527] 006529 000001
[host_monotonic_s=131865.218735] 006530 000001
[host_monotonic_s=131865.221745] 006531 000001
[host_monotonic_s=131865.224462] 006532 000002
[host_monotonic_s=131865.227186] 006534 000003
[host_monotonic_s=131865.230279] 006535 000002
[host_monotonic_s=131865.233423] 006536 000001
[host_monotonic_s=131865.235933] 006537 000006
[host_monotonic_s=131865.238701] 006538 000002
[host_monotonic_s=131865.241568] 006539 000001
[host_monotonic_s=131865.244650] 006540 000003
[host_monotonic_s=131865.246914] 006541 000001
[host_monotonic_s=131865.249885] 006542 000002
[host_monotonic_s=131865.252683] 006543 000001
[host_monotonic_s=131865.255223] 006544 000002
[host_monotonic_s=131865.258210] 006545 000003
[host_monotonic_s=131865.261094] 006546 000002
[host_monotonic_s=131865.263551] 006547 000001
[host_monotonic_s=131865.266474] 006549 000003
[host_monotonic_s=131865.269385] 006551 000003
[host_monotonic_s=131865.271734] 006552 000002
[host_monotonic_s=131865.275057] 006553 000001
[host_monotonic_s=131865.278026] 006554 000001
[host_monotonic_s=131865.280857] 006555 000001
[host_monotonic_s=131865.283300] 006556 000002
[host_monotonic_s=131865.286253] 006558 000001
[host_monotonic_s=131865.289135] 006559 000002
[host_monotonic_s=131865.291497] 006560 000003
[host_monotonic_s=131865.294772] 006561 000002
[host_monotonic_s=131865.297690] 006562 000003
[host_monotonic_s=131865.300209] 006563 000003
[host_monotonic_s=131865.302850] 006564 000001
[host_monotonic_s=131865.306151] 006565 000001
[host_monotonic_s=131865.308994] 006566 000003
[host_monotonic_s=131865.311330] 006569 000001
[host_monotonic_s=131865.314423] 006571 000002
[host_monotonic_s=131865.317411] 006572 000004
[host_monotonic_s=131865.319786] 006576 000002
[host_monotonic_s=131865.322870] 006579 000001
[host_monotonic_s=131865.325953] 006580 000001
[host_monotonic_s=131865.328491] 006582 000001
[host_monotonic_s=131865.331180] 006583 000001
[host_monotonic_s=131865.334441] 006585 000001
[host_monotonic_s=131865.337346] 006586 000001
[host_monotonic_s=131865.339710] 006587 000001
[host_monotonic_s=131865.342948] 006588 000002
[host_monotonic_s=131865.345948] 006589 000002
[host_monotonic_s=131865.348876] 006590 000001
[host_monotonic_s=131865.351357] 006591 000001
[host_monotonic_s=131865.354552] 006592 000001
[host_monotonic_s=131865.357657] 006597 000001
[host_monotonic_s=131865.360252] 006598 000002
[host_monotonic_s=131865.363038] 006600 000001
[host_monotonic_s=131865.366030] 006602 000001
[host_monotonic_s=131865.368740] 006605 000001
[host_monotonic_s=131865.371086] 006606 000001
[host_monotonic_s=131865.374122] 006608 000001
[host_monotonic_s=131865.376953] 006609 000001
[host_monotonic_s=131865.379341] 006612 000001
[host_monotonic_s=131865.382394] 006616 000001
[host_monotonic_s=131865.385468] 006618 000002
[host_monotonic_s=131865.387881] 006623 000001
[host_monotonic_s=131865.390698] 006629 000002
[host_monotonic_s=131865.691316] 006631 000001
[host_monotonic_s=131865.691331] 006634 000001
[host_monotonic_s=131865.691333] 006635 000001
[host_monotonic_s=131865.691336] 006645 000001
[host_monotonic_s=131865.691338] 006649 000001
[host_monotonic_s=131865.691340] 006651 000002
[host_monotonic_s=131865.691342] 006654 000001
[host_monotonic_s=131865.691344] 006656 000001
[host_monotonic_s=131865.691346] 006657 000001
[host_monotonic_s=131865.691348] 006661 000001
[host_monotonic_s=131865.691350] 006665 000001
[host_monotonic_s=131865.691352] 006677 000001
[host_monotonic_s=131865.691353] 006680 000001
[host_monotonic_s=131865.691355] 006683 000001
[host_monotonic_s=131865.691356] 006685 000001
[host_monotonic_s=131865.691358] 006689 000001
[host_monotonic_s=131865.691359] 006690 000001
[host_monotonic_s=131865.691361] 006693 000001
[host_monotonic_s=131865.697701] 006695 000001
[host_monotonic_s=131865.700038] 006696 000001
[host_monotonic_s=131865.703045] 006697 000001
[host_monotonic_s=131865.706172] 006699 000001
[host_monotonic_s=131865.709238] 006700 000001
[host_monotonic_s=131865.711683] 006704 000001
[host_monotonic_s=131865.714920] 006716 000001
[host_monotonic_s=131865.718145] 006719 000001
[host_monotonic_s=131865.721203] 006721 000001
[host_monotonic_s=131865.723609] 006724 000001
[host_monotonic_s=131865.726575] 006728 000001
[host_monotonic_s=131865.729527] 006730 000002
[host_monotonic_s=131865.731911] 006735 000003
[host_monotonic_s=131865.734667] 006739 000001
[host_monotonic_s=131865.737577] 006740 000001
[host_monotonic_s=131865.739916] 006741 000001
[host_monotonic_s=131865.742601] 006757 000001
[host_monotonic_s=131865.745497] 006758 000001
[host_monotonic_s=131865.747779] 006760 000001
[host_monotonic_s=131865.750781] 006768 000001
[host_monotonic_s=131865.753779] 006771 000001
[host_monotonic_s=131865.756387] 006789 000001
[host_monotonic_s=131865.759045] 006794 000001
[host_monotonic_s=131865.761963] 006795 000001
[host_monotonic_s=131865.765006] 006802 000001
[host_monotonic_s=131865.767236] 006803 000001
[host_monotonic_s=131865.770260] 006809 000001
[host_monotonic_s=131865.773315] 006823 000001
[host_monotonic_s=131865.775784] 006829 000001
[host_monotonic_s=131865.778908] 006846 000002
[host_monotonic_s=131865.781968] 006847 000001
[host_monotonic_s=131865.784998] 006853 000001
[host_monotonic_s=131865.787453] 006867 000001
[host_monotonic_s=131865.790543] 006874 000001
[host_monotonic_s=131865.793717] 006875 000001
[host_monotonic_s=131865.796376] 006876 000001
[host_monotonic_s=131865.799033] 006882 000001
[host_monotonic_s=131865.802200] 006886 000001
[host_monotonic_s=131865.805441] 006894 000001
[host_monotonic_s=131865.807927] 006898 000001
[host_monotonic_s=131865.810880] 006906 000001
[host_monotonic_s=131865.814192] 006909 000001
[host_monotonic_s=131865.817500] 006910 000001
[host_monotonic_s=131865.819887] 006913 000001
[host_monotonic_s=131865.822584] 006924 000001
[host_monotonic_s=131865.825557] 006931 000001
[host_monotonic_s=131865.827859] 006945 000001
[host_monotonic_s=131865.830853] 006947 000001
[host_monotonic_s=131865.833885] 006957 000001
[host_monotonic_s=131865.836506] 006958 000001
[host_monotonic_s=131865.839141] 006959 000001
[host_monotonic_s=131865.842097] 006960 000003
[host_monotonic_s=131865.845181] 006961 000001
[host_monotonic_s=131865.847600] 006962 000001
[host_monotonic_s=131865.850552] 006963 000001
[host_monotonic_s=131865.853683] 006964 000001
[host_monotonic_s=131865.856253] 006965 000002
[host_monotonic_s=131865.858981] 006969 000001
[host_monotonic_s=131865.861958] 006970 000001
[host_monotonic_s=131865.864922] 006975 000001
[host_monotonic_s=131865.867192] 006977 000001
[host_monotonic_s=131865.870119] 006978 000001
[host_monotonic_s=131865.873187] 006980 000001
[host_monotonic_s=131865.875643] 006981 000001
[host_monotonic_s=131865.878809] 006987 000002
[host_monotonic_s=131865.881867] 006988 000001
[host_monotonic_s=131865.884880] 006993 000001
[host_monotonic_s=131865.887295] 006998 000001
[host_monotonic_s=131865.890455] 007017 000001
[host_monotonic_s=131865.894050] 007022 000001
[host_monotonic_s=131865.897058] 007032 000001
[host_monotonic_s=131865.899604] 007037 000001
[host_monotonic_s=131865.902756] 007047 000001
[host_monotonic_s=131865.905854] 007048 000001
[host_monotonic_s=131865.908456] 007051 000001
[host_monotonic_s=131865.911156] 007059 000001
[host_monotonic_s=131865.914457] 007080 000001
[host_monotonic_s=131865.917492] 007126 000001
[host_monotonic_s=131865.919935] 007131 000001
[host_monotonic_s=131865.922734] 007139 000001
[host_monotonic_s=131865.925956] 007201 000001
[host_monotonic_s=131865.928659] 007209 000001
[host_monotonic_s=131865.931063] 007210 000001
[host_monotonic_s=131865.934277] 007217 000001
[host_monotonic_s=131865.937277] 007219 000001
[host_monotonic_s=131865.939703] 007228 000001
[host_monotonic_s=131866.241719] 007247 000001
[host_monotonic_s=131866.241734] 007252 000001
[host_monotonic_s=131866.241737] 007253 000001
[host_monotonic_s=131866.241739] 007256 000001
[host_monotonic_s=131866.241741] 007262 000002
[host_monotonic_s=131866.241743] 007263 000002
[host_monotonic_s=131866.241745] 007266 000001
[host_monotonic_s=131866.241747] 007267 000001
[host_monotonic_s=131866.241748] 007268 000002
[host_monotonic_s=131866.241750] 007269 000001
[host_monotonic_s=131866.241752] 007270 000001
[host_monotonic_s=131866.241754] 007271 000001
[host_monotonic_s=131866.241755] 007272 000001
[host_monotonic_s=131866.241757] 007274 000001
[host_monotonic_s=131866.241759] 007275 000001
[host_monotonic_s=131866.241760] 007276 000001
[host_monotonic_s=131866.241762] 007277 000002
[host_monotonic_s=131866.241763] 007279 000001
[host_monotonic_s=131866.241765] 007283 000001
[host_monotonic_s=131866.250712] 007284 000004
[host_monotonic_s=131866.253834] 007285 000002
[host_monotonic_s=131866.256488] 007287 000003
[host_monotonic_s=131866.259265] 007288 000001
[host_monotonic_s=131866.262317] 007289 000003
[host_monotonic_s=131866.265353] 007290 000003
[host_monotonic_s=131866.267727] 007291 000005
[host_monotonic_s=131866.270858] 007292 000008
[host_monotonic_s=131866.274178] 007293 000001
[host_monotonic_s=131866.277140] 007294 000004
[host_monotonic_s=131866.279533] 007295 000002
[host_monotonic_s=131866.282608] 007296 000002
[host_monotonic_s=131866.285760] 007297 000002
[host_monotonic_s=131866.288486] 007298 000002
[host_monotonic_s=131866.291207] 007299 000001
[host_monotonic_s=131866.294787] 007300 000001
[host_monotonic_s=131866.297849] 007301 000001
[host_monotonic_s=131866.300701] 007302 000001
[host_monotonic_s=131866.303279] 007303 000003
[host_monotonic_s=131866.306277] 007304 000003
[host_monotonic_s=131866.309263] 007306 000002
[host_monotonic_s=131866.311689] 007307 000002
[host_monotonic_s=131866.315137] 007308 000002
[host_monotonic_s=131866.318124] 007309 000001
[host_monotonic_s=131866.321013] 007310 000002
[host_monotonic_s=131866.323411] 007311 000001
[host_monotonic_s=131866.326444] 007312 000002
[host_monotonic_s=131866.329350] 007313 000001
[host_monotonic_s=131866.331698] 007314 000004
[host_monotonic_s=131866.335220] 007315 000002
[host_monotonic_s=131866.338238] 007316 000004
[host_monotonic_s=131866.341174] 007317 000002
[host_monotonic_s=131866.344006] 007318 000003
[host_monotonic_s=131866.346903] 007319 000001
[host_monotonic_s=131866.350030] 007320 000005
[host_monotonic_s=131866.353300] 007321 000001
[host_monotonic_s=131866.355745] 007322 000002
[host_monotonic_s=131866.358918] 007323 000002
[host_monotonic_s=131866.362175] 007325 000001
[host_monotonic_s=131866.365287] 007328 000002
[host_monotonic_s=131866.367689] 007329 000003
[host_monotonic_s=131866.370830] 007330 000001
[host_monotonic_s=131866.373998] 007332 000001
[host_monotonic_s=131866.376871] 007333 000002
[host_monotonic_s=131866.379312] 007335 000001
[host_monotonic_s=131866.382487] 007336 000001
[host_monotonic_s=131866.385632] 007337 000001
[host_monotonic_s=131866.388275] 007338 000001
[host_monotonic_s=131866.390996] 007340 000001
[host_monotonic_s=131866.394153] 007342 000001
[host_monotonic_s=131866.397240] 007348 000002
[host_monotonic_s=131866.399694] 007349 000001
[host_monotonic_s=131866.403089] 007351 000002
[host_monotonic_s=131866.406242] 007354 000002
[host_monotonic_s=131866.409225] 007355 000001
[host_monotonic_s=131866.411630] 007357 000001
[host_monotonic_s=131866.414960] 007362 000002
[host_monotonic_s=131866.418087] 007366 000001
[host_monotonic_s=131866.421054] 007367 000002
[host_monotonic_s=131866.423525] 007368 000003
[host_monotonic_s=131866.426688] 007369 000003
[host_monotonic_s=131866.429722] 007371 000001
[host_monotonic_s=131866.432357] 007372 000001
[host_monotonic_s=131866.435270] 007373 000002
[host_monotonic_s=131866.438310] 007374 000001
[host_monotonic_s=131866.441270] 007375 000001
[host_monotonic_s=131866.443976] 007376 000001
[host_monotonic_s=131866.446834] 007377 000003
[host_monotonic_s=131866.449851] 007382 000001
[host_monotonic_s=131866.452667] 007383 000001
[host_monotonic_s=131866.455282] 007387 000001
[host_monotonic_s=131866.458359] 007389 000001
[host_monotonic_s=131866.461326] 007390 000001
[host_monotonic_s=131866.463977] 007393 000001
[host_monotonic_s=131866.466857] 007394 000001
[host_monotonic_s=131866.469872] 007395 000002
[host_monotonic_s=131866.472716] 007396 000001
[host_monotonic_s=131866.475175] 007398 000003
[host_monotonic_s=131866.478124] 007399 000001
[host_monotonic_s=131866.481092] 007400 000001
[host_monotonic_s=131866.483581] 007401 000001
[host_monotonic_s=131866.486670] 007402 000002
[host_monotonic_s=131866.489656] 007403 000005
[host_monotonic_s=131866.792168] 007404 000002
[host_monotonic_s=131866.792187] 007405 000001
[host_monotonic_s=131866.792190] 007406 000004
[host_monotonic_s=131866.792193] 007407 000002
[host_monotonic_s=131866.792195] 007410 000002
[host_monotonic_s=131866.792197] 007412 000002
[host_monotonic_s=131866.792199] 007413 000001
[host_monotonic_s=131866.792201] 007414 000002
[host_monotonic_s=131866.792204] 007415 000002
[host_monotonic_s=131866.792205] 007416 000001
[host_monotonic_s=131866.792208] 007417 000002
[host_monotonic_s=131866.792210] 007419 000001
[host_monotonic_s=131866.792212] 007420 000001
[host_monotonic_s=131866.792213] 007421 000002
[host_monotonic_s=131866.792216] 007422 000003
[host_monotonic_s=131866.792217] 007423 000003
[host_monotonic_s=131866.792219] 007424 000001
[host_monotonic_s=131866.792221] 007425 000002
[host_monotonic_s=131866.792223] 007426 000002
[host_monotonic_s=131866.801253] 007427 000001
[host_monotonic_s=131866.803598] 007428 000002
[host_monotonic_s=131866.807197] 007430 000002
[host_monotonic_s=131866.810249] 007431 000005
[host_monotonic_s=131866.813281] 007433 000002
[host_monotonic_s=131866.815809] 007434 000003
[host_monotonic_s=131866.818971] 007435 000002
[host_monotonic_s=131866.822084] 007436 000001
[host_monotonic_s=131866.825135] 007438 000003
[host_monotonic_s=131866.827561] 007439 000003
[host_monotonic_s=131866.830604] 007441 000001
[host_monotonic_s=131866.833841] 007442 000003
[host_monotonic_s=131866.836677] 007444 000002
[host_monotonic_s=131866.839085] 007445 000001
[host_monotonic_s=131866.842122] 007446 000002
[host_monotonic_s=131866.845425] 007448 000001
[host_monotonic_s=131866.847880] 007449 000002
[host_monotonic_s=131866.850687] 007450 000002
[host_monotonic_s=131866.854018] 007451 000001
[host_monotonic_s=131866.856698] 007453 000001
[host_monotonic_s=131866.858965] 007454 000003
[host_monotonic_s=131866.861814] 007455 000002
[host_monotonic_s=131866.864456] 007457 000001
[host_monotonic_s=131866.867166] 007459 000002
[host_monotonic_s=131866.870178] 007461 000001
[host_monotonic_s=131866.873466] 007463 000002
[host_monotonic_s=131866.875892] 007465 000001
[host_monotonic_s=131866.878676] 007468 000001
[host_monotonic_s=131866.881630] 007473 000001
[host_monotonic_s=131866.884663] 007474 000001
[host_monotonic_s=131866.887056] 007488 000001
[host_monotonic_s=131866.890093] 007495 000001
[host_monotonic_s=131866.893244] 007496 000001
[host_monotonic_s=131866.895807] 007498 000001
[host_monotonic_s=131866.898919] 007501 000002
[host_monotonic_s=131866.901941] 007504 000001
[host_monotonic_s=131866.905102] 007505 000001
[host_monotonic_s=131866.907502] 007508 000001
[host_monotonic_s=131866.910563] 007510 000002
[host_monotonic_s=131866.913666] 007513 000001
[host_monotonic_s=131866.916300] 007516 000002
[host_monotonic_s=131866.919007] 007522 000001
[host_monotonic_s=131866.921992] 007523 000002
[host_monotonic_s=131866.925121] 007525 000001
[host_monotonic_s=131866.927492] 007526 000001
[host_monotonic_s=131866.930583] 007534 000001
[host_monotonic_s=131866.933610] 007542 000001
[host_monotonic_s=131866.936292] 007545 000001
[host_monotonic_s=131866.939025] 007550 000001
[host_monotonic_s=131866.942075] 007556 000001
[host_monotonic_s=131866.945213] 007558 000001
[host_monotonic_s=131866.947622] 007571 000001
[host_monotonic_s=131866.950724] 007572 000001
[host_monotonic_s=131866.953825] 007574 000001
[host_monotonic_s=131866.956669] 007576 000002
[host_monotonic_s=131866.959107] 007580 000001
[host_monotonic_s=131866.962180] 007582 000001
[host_monotonic_s=131866.965236] 007588 000001
[host_monotonic_s=131866.967679] 007593 000002
[host_monotonic_s=131866.970619] 007598 000001
[host_monotonic_s=131866.973841] 007601 000002
[host_monotonic_s=131866.976655] 007607 000001
[host_monotonic_s=131866.979081] 007614 000001
[host_monotonic_s=131866.982414] 007617 000001
[host_monotonic_s=131866.985487] 007618 000001
[host_monotonic_s=131866.988367] 007619 000001
[host_monotonic_s=131866.991166] 007620 000001
[host_monotonic_s=131866.994383] 007627 000001
[host_monotonic_s=131866.997451] 007628 000001
[host_monotonic_s=131866.999880] 007638 000001
[host_monotonic_s=131867.002622] 007640 000001
[host_monotonic_s=131867.005642] 007641 000001
[host_monotonic_s=131867.007929] 007642 000001
[host_monotonic_s=131867.010685] 007650 000001
[host_monotonic_s=131867.013741] 007652 000001
[host_monotonic_s=131867.016417] 007656 000001
[host_monotonic_s=131867.019071] 007662 000001
[host_monotonic_s=131867.022140] 007666 000001
[host_monotonic_s=131867.025181] 007668 000001
[host_monotonic_s=131867.027587] 007675 000001
[host_monotonic_s=131867.030761] 007676 000001
[host_monotonic_s=131867.033934] 007678 000001
[host_monotonic_s=131867.036865] 007679 000001
[host_monotonic_s=131867.039214] 007684 000001
[host_monotonic_s=131867.342530] 007697 000002
[host_monotonic_s=131867.342541] 007700 000001
[host_monotonic_s=131867.342543] 007702 000001
[host_monotonic_s=131867.342545] 007706 000001
[host_monotonic_s=131867.342546] 007709 000001
[host_monotonic_s=131867.342548] 007720 000001
[host_monotonic_s=131867.342550] 007721 000001
[host_monotonic_s=131867.342551] 007730 000001
[host_monotonic_s=131867.342552] 007740 000001
[host_monotonic_s=131867.342554] 007742 000001
[host_monotonic_s=131867.342555] 007749 000001
[host_monotonic_s=131867.342557] 007757 000001
[host_monotonic_s=131867.342558] 007772 000001
[host_monotonic_s=131867.342559] 007778 000002
[host_monotonic_s=131867.342561] 007862 000001
[host_monotonic_s=131867.342562] 007906 000001
[host_monotonic_s=131867.342563] 007910 000001
[host_monotonic_s=131867.342564] 007920 000001
[host_monotonic_s=131867.342566] 007949 000001
[host_monotonic_s=131867.349857] 007958 000001
[host_monotonic_s=131867.352397] 007991 000001
[host_monotonic_s=131867.355334] 007993 000001
[host_monotonic_s=131867.358347] 008032 000001
[host_monotonic_s=131867.361310] 008056 000001
[host_monotonic_s=131867.363905] 008062 000001
[host_monotonic_s=131867.366975] 008096 000001
[host_monotonic_s=131867.370116] 008157 000002
[host_monotonic_s=131867.373319] 008169 000002
[host_monotonic_s=131867.375834] 008178 000001
[host_monotonic_s=131867.378981] 008185 000001
[host_monotonic_s=131867.382030] 008212 000001
[host_monotonic_s=131867.385128] 008235 000001
[host_monotonic_s=131867.387490] 008236 000001
[host_monotonic_s=131867.390582] 008237 000001
[host_monotonic_s=131867.393709] 008244 000001
[host_monotonic_s=131867.396375] 008247 000001
[host_monotonic_s=131867.399015] 008248 000002
[host_monotonic_s=131867.402042] 008250 000001
[host_monotonic_s=131867.405219] 008253 000001
[host_monotonic_s=131867.407614] 008255 000001
[host_monotonic_s=131867.410703] 008261 000001
[host_monotonic_s=131867.413865] 008263 000001
[host_monotonic_s=131867.416697] 008268 000001
[host_monotonic_s=131867.419142] 008270 000001
[host_monotonic_s=131867.422063] 008272 000002
[host_monotonic_s=131867.425073] 008274 000001
[host_monotonic_s=131867.427322] 008278 000001
[host_monotonic_s=131867.430386] 008279 000001
[host_monotonic_s=131867.433605] 008280 000003
[host_monotonic_s=131867.435957] 008281 000003
[host_monotonic_s=131867.438828] 008283 000001
[host_monotonic_s=131867.441857] 008284 000002
[host_monotonic_s=131867.445204] 008286 000005
[host_monotonic_s=131867.447615] 008287 000002
[host_monotonic_s=131867.450692] 008288 000002
[host_monotonic_s=131867.453792] 008289 000001
[host_monotonic_s=131867.456430] 008291 000001
[host_monotonic_s=131867.459063] 008292 000003
[host_monotonic_s=131867.462002] 008293 000001
[host_monotonic_s=131867.464963] 008294 000003
[host_monotonic_s=131867.467228] 008297 000002
[host_monotonic_s=131867.470221] 008298 000001
[host_monotonic_s=131867.473188] 008299 000002
[host_monotonic_s=131867.475510] 008300 000002
[host_monotonic_s=131867.478529] 008301 000001
[host_monotonic_s=131867.481498] 008303 000005
[host_monotonic_s=131867.484350] 008304 000001
[host_monotonic_s=131867.486992] 008305 000001
[host_monotonic_s=131867.490025] 008306 000003
[host_monotonic_s=131867.492901] 008307 000002
[host_monotonic_s=131867.495375] 008308 000003
[host_monotonic_s=131867.498322] 008309 000001
[host_monotonic_s=131867.501188] 008310 000003
[host_monotonic_s=131867.503716] 008311 000001
[host_monotonic_s=131867.506731] 008313 000004
[host_monotonic_s=131867.509696] 008314 000005
[host_monotonic_s=131867.512327] 008316 000004
[host_monotonic_s=131867.515224] 008317 000003
[host_monotonic_s=131867.518279] 008318 000007
[host_monotonic_s=131867.521287] 008319 000005
[host_monotonic_s=131867.523742] 008320 000002
[host_monotonic_s=131867.526807] 008321 000002
[host_monotonic_s=131867.529804] 008322 000001
[host_monotonic_s=131867.532324] 008323 000004
[host_monotonic_s=131867.535125] 008324 000005
[host_monotonic_s=131867.538049] 008325 000007
[host_monotonic_s=131867.540967] 008326 000001
[host_monotonic_s=131867.543538] 008327 000005
[host_monotonic_s=131867.546684] 008328 000002
[host_monotonic_s=131867.549710] 008329 000002
[host_monotonic_s=131867.552445] 008330 000002
[host_monotonic_s=131867.555386] 008332 000002
[host_monotonic_s=131867.558491] 008333 000005
[host_monotonic_s=131867.561511] 008334 000004
[host_monotonic_s=131867.563993] 008335 000003
[host_monotonic_s=131867.566870] 008336 000002
[host_monotonic_s=131867.569912] 008337 000004
[host_monotonic_s=131867.572847] 008338 000002
[host_monotonic_s=131867.575480] 008339 000003
[host_monotonic_s=131867.578561] 008340 000003
[host_monotonic_s=131867.581571] 008341 000002
[host_monotonic_s=131867.584039] 008342 000003
[host_monotonic_s=131867.586935] 008343 000002
[host_monotonic_s=131867.590044] 008344 000002
[host_monotonic_s=131867.893440] 008345 000002
[host_monotonic_s=131867.893451] 008346 000005
[host_monotonic_s=131867.893453] 008347 000003
[host_monotonic_s=131867.893455] 008348 000007
[host_monotonic_s=131867.893457] 008349 000002
[host_monotonic_s=131867.893459] 008350 000002
[host_monotonic_s=131867.893460] 008351 000002
[host_monotonic_s=131867.893462] 008352 000003
[host_monotonic_s=131867.893463] 008353 000005
[host_monotonic_s=131867.893464] 008354 000002
[host_monotonic_s=131867.893466] 008355 000004
[host_monotonic_s=131867.893467] 008356 000002
[host_monotonic_s=131867.893469] 008359 000001
[host_monotonic_s=131867.893470] 008360 000001
[host_monotonic_s=131867.893472] 008362 000008
[host_monotonic_s=131867.893473] 008363 000002
[host_monotonic_s=131867.893474] 008364 000001
[host_monotonic_s=131867.893475] 008365 000002
[host_monotonic_s=131867.893477] 008367 000002
[host_monotonic_s=131867.899341] 008368 000004
[host_monotonic_s=131867.902493] 008369 000004
[host_monotonic_s=131867.905650] 008370 000002
[host_monotonic_s=131867.908292] 008371 000001
[host_monotonic_s=131867.911044] 008372 000002
[host_monotonic_s=131867.914386] 008373 000005
[host_monotonic_s=131867.917364] 008374 000004
[host_monotonic_s=131867.919768] 008375 000002
[host_monotonic_s=131867.922891] 008376 000002
[host_monotonic_s=131867.926084] 008377 000004
[host_monotonic_s=131867.929064] 008378 000005
[host_monotonic_s=131867.931471] 008379 000001
[host_monotonic_s=131867.934689] 008380 000003
[host_monotonic_s=131867.937707] 008381 000007
[host_monotonic_s=131867.940412] 008382 000005
[host_monotonic_s=131867.943189] 008383 000007
[host_monotonic_s=131867.946212] 008384 000006
[host_monotonic_s=131867.949207] 008385 000008
[host_monotonic_s=131867.951674] 008386 000004
[host_monotonic_s=131867.955078] 008387 000007
[host_monotonic_s=131867.958187] 008388 000010
[host_monotonic_s=131867.961171] 008389 000014
[host_monotonic_s=131867.963655] 008390 000006
[host_monotonic_s=131867.966760] 008391 000014
[host_monotonic_s=131867.969838] 008392 000007
[host_monotonic_s=131867.972504] 008393 000006
[host_monotonic_s=131867.975385] 008394 000013
[host_monotonic_s=131867.978428] 008395 000007
[host_monotonic_s=131867.981324] 008396 000008
[host_monotonic_s=131867.983689] 008397 000019
[host_monotonic_s=131867.986640] 008398 000007
[host_monotonic_s=131867.989546] 008399 000011
[host_monotonic_s=131867.991895] 008400 000016
[host_monotonic_s=131867.995095] 008401 000007
[host_monotonic_s=131867.998409] 008402 000007
[host_monotonic_s=131868.001458] 008403 000012
[host_monotonic_s=131868.003983] 008404 000016
[host_monotonic_s=131868.006884] 008405 000016
[host_monotonic_s=131868.010098] 008406 000022
[host_monotonic_s=131868.013214] 008407 000015
[host_monotonic_s=131868.015682] 008408 000011
[host_monotonic_s=131868.018789] 008409 000016
[host_monotonic_s=131868.021801] 008410 000013
[host_monotonic_s=131868.024704] 008411 000013
[host_monotonic_s=131868.027098] 008412 000017
[host_monotonic_s=131868.030183] 008413 000013
[host_monotonic_s=131868.033211] 008414 000018
[host_monotonic_s=131868.035697] 008415 000012
[host_monotonic_s=131868.038775] 008416 000016
[host_monotonic_s=131868.041779] 008417 000016
[host_monotonic_s=131868.044871] 008418 000025
[host_monotonic_s=131868.047251] 008419 000016
[host_monotonic_s=131868.050347] 008420 000019
[host_monotonic_s=131868.053413] 008421 000012
[host_monotonic_s=131868.055890] 008422 000016
[host_monotonic_s=131868.058742] 008423 000019
[host_monotonic_s=131868.061785] 008424 000015
[host_monotonic_s=131868.064525] 008425 000018
[host_monotonic_s=131868.067300] 008426 000015
[host_monotonic_s=131868.070586] 008427 000016
[host_monotonic_s=131868.073864] 008428 000011
[host_monotonic_s=131868.076739] 008429 000011
[host_monotonic_s=131868.079180] 008430 000016
[host_monotonic_s=131868.082221] 008431 000015
[host_monotonic_s=131868.085261] 008432 000019
[host_monotonic_s=131868.087500] 008433 000019
[host_monotonic_s=131868.090438] 008434 000012
[host_monotonic_s=131868.093360] 008435 000009
[host_monotonic_s=131868.095756] 008436 000010
[host_monotonic_s=131868.098721] 008437 000011
[host_monotonic_s=131868.101745] 008438 000018
[host_monotonic_s=131868.104729] 008439 000009
[host_monotonic_s=131868.107139] 008440 000023
[host_monotonic_s=131868.110199] 008441 000006
[host_monotonic_s=131868.113218] 008442 000015
[host_monotonic_s=131868.115653] 008443 000010
[host_monotonic_s=131868.118795] 008444 000014
[host_monotonic_s=131868.121832] 008445 000014
[host_monotonic_s=131868.124844] 008446 000012
[host_monotonic_s=131868.127135] 008447 000008
[host_monotonic_s=131868.129978] 008448 000007
[host_monotonic_s=131868.132882] 008449 000006
[host_monotonic_s=131868.135388] 008450 000010
[host_monotonic_s=131868.138593] 008451 000009
[host_monotonic_s=131868.141638] 008452 000008
[host_monotonic_s=131868.444047] 008453 000007
[host_monotonic_s=131868.444067] 008454 000009
[host_monotonic_s=131868.444071] 008455 000004
[host_monotonic_s=131868.444075] 008456 000006
[host_monotonic_s=131868.444078] 008457 000010
[host_monotonic_s=131868.444081] 008458 000006
[host_monotonic_s=131868.444085] 008459 000008
[host_monotonic_s=131868.444087] 008460 000003
[host_monotonic_s=131868.444090] 008461 000004
[host_monotonic_s=131868.444092] 008462 000004
[host_monotonic_s=131868.444094] 008463 000011
[host_monotonic_s=131868.444096] 008464 000004
[host_monotonic_s=131868.444098] 008465 000005
[host_monotonic_s=131868.444100] 008466 000003
[host_monotonic_s=131868.444102] 008467 000006
[host_monotonic_s=131868.444103] 008468 000004
[host_monotonic_s=131868.444105] 008469 000005
[host_monotonic_s=131868.444107] 008470 000004
[host_monotonic_s=131868.444109] 008471 000004
[host_monotonic_s=131868.451479] 008472 000005
[host_monotonic_s=131868.455170] 008473 000004
[host_monotonic_s=131868.458298] 008474 000004
[host_monotonic_s=131868.461214] 008475 000008
[host_monotonic_s=131868.463695] 008476 000007
[host_monotonic_s=131868.466785] 008477 000003
[host_monotonic_s=131868.469877] 008478 000005
[host_monotonic_s=131868.472699] 008479 000004
[host_monotonic_s=131868.475522] 008480 000002
[host_monotonic_s=131868.478686] 008481 000001
[host_monotonic_s=131868.481694] 008484 000001
[host_monotonic_s=131868.484434] 008485 000004
[host_monotonic_s=131868.487164] 008487 000001
[host_monotonic_s=131868.490200] 008488 000001
[host_monotonic_s=131868.493321] 008489 000001
[host_monotonic_s=131868.495790] 008490 000001
[host_monotonic_s=131868.498933] 008492 000002
[host_monotonic_s=131868.501977] 008493 000001
[host_monotonic_s=131868.505407] 008494 000001
[host_monotonic_s=131868.507804] 008495 000002
[host_monotonic_s=131868.510840] 008496 000001
[host_monotonic_s=131868.513778] 008497 000002
[host_monotonic_s=131868.516241] 008499 000001
[host_monotonic_s=131868.518919] 008500 000002
[host_monotonic_s=131868.521787] 008501 000002
[host_monotonic_s=131868.524363] 008502 000002
[host_monotonic_s=131868.526883] 008503 000002
[host_monotonic_s=131868.529790] 008504 000001
[host_monotonic_s=131868.532218] 008506 000001
[host_monotonic_s=131868.535473] 008509 000002
[host_monotonic_s=131868.538441] 008510 000003
[host_monotonic_s=131868.541294] 008511 000002
[host_monotonic_s=131868.543625] 008514 000001
[host_monotonic_s=131868.546761] 008515 000002
[host_monotonic_s=131868.549662] 008516 000003
[host_monotonic_s=131868.552223] 008517 000002
[host_monotonic_s=131868.555034] 008518 000003
[host_monotonic_s=131868.557954] 008519 000003
[host_monotonic_s=131868.560464] 008520 000003
[host_monotonic_s=131868.563203] 008521 000002
[host_monotonic_s=131868.566479] 008522 000004
[host_monotonic_s=131868.569838] 008523 000002
[host_monotonic_s=131868.572718] 008524 000001
[host_monotonic_s=131868.575297] 008525 000002
[host_monotonic_s=131868.578384] 008526 000004
[host_monotonic_s=131868.581406] 008527 000002
[host_monotonic_s=131868.583949] 008528 000002
[host_monotonic_s=131868.586611] 008529 000004
[host_monotonic_s=131868.589507] 008530 000003
[host_monotonic_s=131868.591772] 008532 000003
[host_monotonic_s=131868.594819] 008533 000001
[host_monotonic_s=131868.597704] 008534 000001
[host_monotonic_s=131868.600384] 008535 000003
[host_monotonic_s=131868.603157] 008536 000002
[host_monotonic_s=131868.606257] 008538 000001
[host_monotonic_s=131868.609209] 008539 000001
[host_monotonic_s=131868.611627] 008540 000003
[host_monotonic_s=131868.615074] 008541 000003
[host_monotonic_s=131868.617997] 008542 000003
[host_monotonic_s=131868.620649] 008543 000002
[host_monotonic_s=131868.622883] 008545 000002
[host_monotonic_s=131868.625910] 008548 000002
[host_monotonic_s=131868.628410] 008550 000002
[host_monotonic_s=131868.630965] 008551 000002
[host_monotonic_s=131868.633911] 008552 000003
[host_monotonic_s=131868.636404] 008553 000001
[host_monotonic_s=131868.638992] 008554 000002
[host_monotonic_s=131868.641854] 008557 000001
[host_monotonic_s=131868.644406] 008558 000002
[host_monotonic_s=131868.647339] 008560 000003
[host_monotonic_s=131868.650478] 008561 000001
[host_monotonic_s=131868.653693] 008562 000001
[host_monotonic_s=131868.656395] 008563 000001
[host_monotonic_s=131868.659170] 008564 000001
[host_monotonic_s=131868.662241] 008565 000002
[host_monotonic_s=131868.665460] 008566 000001
[host_monotonic_s=131868.667896] 008568 000001
[host_monotonic_s=131868.670736] 008569 000005
[host_monotonic_s=131868.673838] 008570 000003
[host_monotonic_s=131868.676688] 008572 000003
[host_monotonic_s=131868.679131] 008576 000002
[host_monotonic_s=131868.682179] 008578 000001
[host_monotonic_s=131868.685392] 008580 000001
[host_monotonic_s=131868.687819] 008581 000001
[host_monotonic_s=131868.690996] 008582 000003
[host_monotonic_s=131868.994789] 008583 000002
[host_monotonic_s=131868.994805] 008586 000001
[host_monotonic_s=131868.994808] 008587 000001
[host_monotonic_s=131868.994811] 008593 000001
[host_monotonic_s=131868.994813] 008594 000001
[host_monotonic_s=131868.994816] 008598 000003
[host_monotonic_s=131868.994818] 008599 000002
[host_monotonic_s=131868.994820] 008600 000001
[host_monotonic_s=131868.994822] 008605 000001
[host_monotonic_s=131868.994824] 008606 000001
[host_monotonic_s=131868.994826] 008607 000001
[host_monotonic_s=131868.994828] 008608 000001
[host_monotonic_s=131868.994830] 008610 000001
[host_monotonic_s=131868.994832] 008612 000001
[host_monotonic_s=131868.994834] 008613 000001
[host_monotonic_s=131868.994836] 008614 000001
[host_monotonic_s=131868.994837] 008616 000001
[host_monotonic_s=131868.994839] 008618 000002
[host_monotonic_s=131868.994841] 008619 000001
[host_monotonic_s=131869.002957] 008621 000001
[host_monotonic_s=131869.008832] 008623 000001
[host_monotonic_s=131869.011261] 008626 000002
[host_monotonic_s=131869.014313] 008630 000001
[host_monotonic_s=131869.017203] 008635 000001
[host_monotonic_s=131869.019540] 008638 000001
[host_monotonic_s=131869.022520] 008645 000001
[host_monotonic_s=131869.025616] 008648 000003
[host_monotonic_s=131869.027940] 008653 000001
[host_monotonic_s=131869.030788] 008657 000001
[host_monotonic_s=131869.034183] 008658 000001
[host_monotonic_s=131869.037133] 008666 000001
[host_monotonic_s=131869.039580] 008672 000001
[host_monotonic_s=131869.042659] 008676 000001
[host_monotonic_s=131869.045825] 008677 000001
[host_monotonic_s=131869.048495] 008688 000001
[host_monotonic_s=131869.051294] 008689 000001
[host_monotonic_s=131869.054464] 008694 000001
[host_monotonic_s=131869.057501] 008710 000001
[host_monotonic_s=131869.059985] 008711 000001
[host_monotonic_s=131869.062840] 008717 000001
[host_monotonic_s=131869.066046] 008720 000001
[host_monotonic_s=131869.068951] 008723 000001
[host_monotonic_s=131869.071434] 008725 000001
[host_monotonic_s=131869.074662] 008733 000001
[host_monotonic_s=131869.077756] 008740 000001
[host_monotonic_s=131869.080470] 008745 000002
[host_monotonic_s=131869.083233] 008749 000002
[host_monotonic_s=131869.086251] 008751 000001
[host_monotonic_s=131869.089242] 008756 000001
[host_monotonic_s=131869.091666] 008758 000001
[host_monotonic_s=131869.094874] 008759 000001
[host_monotonic_s=131869.097954] 008774 000002
[host_monotonic_s=131869.100873] 008777 000001
[host_monotonic_s=131869.103341] 008788 000001
[host_monotonic_s=131869.106415] 008793 000001
[host_monotonic_s=131869.109421] 008799 000001
[host_monotonic_s=131869.111843] 008803 000001
[host_monotonic_s=131869.115414] 008804 000001
[host_monotonic_s=131869.118485] 008815 000001
[host_monotonic_s=131869.121358] 008818 000001
[host_monotonic_s=131869.123844] 008847 000001
[host_monotonic_s=131869.126907] 008858 000001
[host_monotonic_s=131869.129878] 008866 000001
[host_monotonic_s=131869.132717] 008882 000001
[host_monotonic_s=131869.135161] 008884 000001
[host_monotonic_s=131869.138191] 008896 000001
[host_monotonic_s=131869.141127] 008900 000001
[host_monotonic_s=131869.143473] 008909 000001
[host_monotonic_s=131869.146522] 008914 000001
[host_monotonic_s=131869.149504] 008917 000001
[host_monotonic_s=131869.151885] 008926 000001
[host_monotonic_s=131869.154726] 008932 000001
[host_monotonic_s=131869.157664] 008949 000001
[host_monotonic_s=131869.160230] 008956 000002
[host_monotonic_s=131869.162815] 008958 000002
[host_monotonic_s=131869.165901] 008959 000001
[host_monotonic_s=131869.168819] 008961 000001
[host_monotonic_s=131869.171196] 008962 000002
[host_monotonic_s=131869.174395] 008964 000002
[host_monotonic_s=131869.177517] 008965 000002
[host_monotonic_s=131869.179921] 008966 000002
[host_monotonic_s=131869.182697] 008967 000001
[host_monotonic_s=131869.185758] 008969 000001
[host_monotonic_s=131869.188270] 008970 000001
[host_monotonic_s=131869.190959] 008971 000003
[host_monotonic_s=131869.194075] 008974 000001
[host_monotonic_s=131869.196941] 008987 000001
[host_monotonic_s=131869.199380] 008994 000001
[host_monotonic_s=131869.202340] 008996 000001
[host_monotonic_s=131869.205310] 009002 000001
[host_monotonic_s=131869.207564] 009007 000001
[host_monotonic_s=131869.210513] 009026 000001
[host_monotonic_s=131869.213570] 009035 000001
[host_monotonic_s=131869.215938] 009040 000001
[host_monotonic_s=131869.218647] 009050 000001
[host_monotonic_s=131869.221661] 009072 000001
[host_monotonic_s=131869.224057] 009084 000001
[host_monotonic_s=131869.226803] 009129 000001
[host_monotonic_s=131869.229798] 009143 000001
[host_monotonic_s=131869.232401] 009145 000001
[host_monotonic_s=131869.235114] 009228 000001
[host_monotonic_s=131869.238085] 009237 000001
[host_monotonic_s=131869.240931] 009240 000001
[host_monotonic_s=131869.243342] 009243 000001
[host_monotonic_s=131869.545167] 009247 000001
[host_monotonic_s=131869.545179] 009254 000001
[host_monotonic_s=131869.545181] 009255 000001
[host_monotonic_s=131869.545183] 009263 000001
[host_monotonic_s=131869.545185] 009264 000001
[host_monotonic_s=131869.545187] 009265 000002
[host_monotonic_s=131869.545188] 009267 000002
[host_monotonic_s=131869.545190] 009270 000001
[host_monotonic_s=131869.545191] 009271 000002
[host_monotonic_s=131869.545193] 009272 000002
[host_monotonic_s=131869.545194] 009273 000001
[host_monotonic_s=131869.545196] 009274 000001
[host_monotonic_s=131869.545198] 009277 000001
[host_monotonic_s=131869.545199] 009278 000001
[host_monotonic_s=131869.545200] 009280 000002
[host_monotonic_s=131869.545202] 009282 000001
[host_monotonic_s=131869.545203] 009283 000003
[host_monotonic_s=131869.545205] 009284 000001
[host_monotonic_s=131869.545206] 009285 000002
[host_monotonic_s=131869.560964] 009286 000001
[host_monotonic_s=131869.563325] 009287 000001
[host_monotonic_s=131869.570134] 009289 000001
[host_monotonic_s=131869.573105] 009290 000001
[host_monotonic_s=131869.575591] 009291 000001
[host_monotonic_s=131869.579273] 009292 000002
[host_monotonic_s=131869.582523] 009294 000001
[host_monotonic_s=131869.585885] 009295 000005
[host_monotonic_s=131869.588538] 009296 000002
[host_monotonic_s=131869.591371] 009297 000004
[host_monotonic_s=131869.595065] 009298 000002
[host_monotonic_s=131869.598337] 009299 000003
[host_monotonic_s=131869.601286] 009300 000003
[host_monotonic_s=131869.603623] 009301 000003
[host_monotonic_s=131869.606563] 009302 000003
[host_monotonic_s=131869.609482] 009303 000003
[host_monotonic_s=131869.611855] 009305 000003
[host_monotonic_s=131869.615041] 009306 000002
[host_monotonic_s=131869.618093] 009307 000003
[host_monotonic_s=131869.621099] 009308 000001
[host_monotonic_s=131869.623572] 009309 000003
[host_monotonic_s=131869.626598] 009310 000003
[host_monotonic_s=131869.629554] 009311 000003
[host_monotonic_s=131869.631929] 009314 000002
[host_monotonic_s=131869.634843] 009315 000001
[host_monotonic_s=131869.637843] 009316 000002
[host_monotonic_s=131869.640429] 009318 000002
[host_monotonic_s=131869.643048] 009319 000002
[host_monotonic_s=131869.645932] 009320 000001
[host_monotonic_s=131869.648927] 009321 000001
[host_monotonic_s=131869.651280] 009322 000001
[host_monotonic_s=131869.654385] 009325 000001
[host_monotonic_s=131869.657310] 009328 000002
[host_monotonic_s=131869.659663] 009329 000003
[host_monotonic_s=131869.662657] 009330 000001
[host_monotonic_s=131869.665689] 009332 000001
[host_monotonic_s=131869.667984] 009335 000002
[host_monotonic_s=131869.670801] 009336 000001
[host_monotonic_s=131869.673917] 009337 000001
[host_monotonic_s=131869.676692] 009338 000002
[host_monotonic_s=131869.679031] 009339 000001
[host_monotonic_s=131869.681871] 009341 000001
[host_monotonic_s=131869.684672] 009343 000003
[host_monotonic_s=131869.686894] 009345 000001
[host_monotonic_s=131869.689778] 009347 000002
[host_monotonic_s=131869.692242] 009348 000003
[host_monotonic_s=131869.694936] 009350 000001
[host_monotonic_s=131869.697839] 009351 000002
[host_monotonic_s=131869.700454] 009353 000001
[host_monotonic_s=131869.703072] 009355 000002
[host_monotonic_s=131869.706016] 009356 000004
[host_monotonic_s=131869.708668] 009358 000001
[host_monotonic_s=131869.711028] 009360 000001
[host_monotonic_s=131869.714286] 009363 000001
[host_monotonic_s=131869.717347] 009366 000001
[host_monotonic_s=131869.719732] 009367 000001
[host_monotonic_s=131869.722721] 009369 000003
[host_monotonic_s=131869.725681] 009370 000001
[host_monotonic_s=131869.728813] 009371 000001
[host_monotonic_s=131869.731315] 009372 000001
[host_monotonic_s=131869.734393] 009373 000001
[host_monotonic_s=131869.737298] 009375 000001
[host_monotonic_s=131869.739624] 009376 000001
[host_monotonic_s=131869.742801] 009378 000002
[host_monotonic_s=131869.745862] 009380 000003
[host_monotonic_s=131869.748483] 009381 000001
[host_monotonic_s=131869.751135] 009382 000001
[host_monotonic_s=131869.754115] 009385 000001
[host_monotonic_s=131869.756915] 009387 000002
[host_monotonic_s=131869.759294] 009388 000001
[host_monotonic_s=131869.762219] 009390 000002
[host_monotonic_s=131869.765186] 009391 000003
[host_monotonic_s=131869.767533] 009394 000002
[host_monotonic_s=131869.770524] 009395 000001
[host_monotonic_s=131869.773655] 009397 000003
[host_monotonic_s=131869.776273] 009398 000001
[host_monotonic_s=131869.778989] 009401 000001
[host_monotonic_s=131869.781996] 009403 000002
[host_monotonic_s=131869.784969] 009404 000002
[host_monotonic_s=131869.787231] 009405 000004
[host_monotonic_s=131869.790172] 009407 000001
[host_monotonic_s=131869.793206] 009408 000005
[host_monotonic_s=131870.095383] 009409 000006
[host_monotonic_s=131870.095394] 009410 000001
[host_monotonic_s=131870.095396] 009412 000002
[host_monotonic_s=131870.095398] 009413 000003
[host_monotonic_s=131870.095400] 009414 000002
[host_monotonic_s=131870.095401] 009415 000004
[host_monotonic_s=131870.095403] 009416 000005
[host_monotonic_s=131870.095404] 009417 000004
[host_monotonic_s=131870.095406] 009418 000004
[host_monotonic_s=131870.095407] 009419 000004
[host_monotonic_s=131870.095408] 009420 000003
[host_monotonic_s=131870.095410] 009421 000002
[host_monotonic_s=131870.095411] 009422 000001
[host_monotonic_s=131870.095412] 009423 000006
[host_monotonic_s=131870.095414] 009424 000002
[host_monotonic_s=131870.095415] 009425 000003
[host_monotonic_s=131870.095416] 009426 000005
[host_monotonic_s=131870.095417] 009427 000005
[host_monotonic_s=131870.095418] 009428 000003
[host_monotonic_s=131870.103929] 009429 000005
[host_monotonic_s=131870.108467] 009430 000004
[host_monotonic_s=131870.111310] 009431 000004
[host_monotonic_s=131870.114633] 009432 000009
[host_monotonic_s=131870.117603] 009433 000003
[host_monotonic_s=131870.119968] 009434 000005
[host_monotonic_s=131870.122794] 009435 000002
[host_monotonic_s=131870.125820] 009436 000003
[host_monotonic_s=131870.128334] 009437 000002
[host_monotonic_s=131870.131126] 009438 000002
[host_monotonic_s=131870.134424] 009439 000002
[host_monotonic_s=131870.137336] 009440 000007
[host_monotonic_s=131870.139731] 009441 000004
[host_monotonic_s=131870.142774] 009442 000007
[host_monotonic_s=131870.145791] 009443 000001
[host_monotonic_s=131870.148413] 009444 000004
[host_monotonic_s=131870.151115] 009445 000003
[host_monotonic_s=131870.154404] 009446 000002
[host_monotonic_s=131870.157384] 009447 000002
[host_monotonic_s=131870.159741] 009448 000001
[host_monotonic_s=131870.162827] 009449 000002
[host_monotonic_s=131870.165926] 009450 000004
[host_monotonic_s=131870.168394] 009451 000001
[host_monotonic_s=131870.171045] 009452 000004
[host_monotonic_s=131870.174230] 009454 000001
[host_monotonic_s=131870.177121] 009455 000002
[host_monotonic_s=131870.179420] 009456 000001
[host_monotonic_s=131870.182337] 009457 000004
[host_monotonic_s=131870.185205] 009458 000001
[host_monotonic_s=131870.187497] 009459 000004
[host_monotonic_s=131870.190382] 009460 000002
[host_monotonic_s=131870.193283] 009461 000001
[host_monotonic_s=131870.195565] 009462 000001
[host_monotonic_s=131870.199239] 009463 000002
[host_monotonic_s=131870.202161] 009465 000001
[host_monotonic_s=131870.205060] 009467 000001
[host_monotonic_s=131870.207364] 009471 000004
[host_monotonic_s=131870.210743] 009473 000001
[host_monotonic_s=131870.213725] 009477 000001
[host_monotonic_s=131870.216299] 009478 000001
[host_monotonic_s=131870.218907] 009479 000001
[host_monotonic_s=131870.221842] 009480 000001
[host_monotonic_s=131870.224678] 009482 000001
[host_monotonic_s=131870.226944] 009483 000001
[host_monotonic_s=131870.229922] 009484 000001
[host_monotonic_s=131870.232703] 009486 000002
[host_monotonic_s=131870.235164] 009487 000001
[host_monotonic_s=131870.238133] 009488 000002
[host_monotonic_s=131870.240916] 009489 000001
[host_monotonic_s=131870.243291] 009490 000002
[host_monotonic_s=131870.246303] 009493 000001
[host_monotonic_s=131870.249227] 009497 000001
[host_monotonic_s=131870.251595] 009498 000001
[host_monotonic_s=131870.254932] 009499 000001
[host_monotonic_s=131870.257890] 009500 000001
[host_monotonic_s=131870.260512] 009504 000001
[host_monotonic_s=131870.263291] 009510 000001
[host_monotonic_s=131870.266393] 009512 000001
[host_monotonic_s=131870.269515] 009513 000001
[host_monotonic_s=131870.272043] 009515 000001
[host_monotonic_s=131870.275066] 009517 000002
[host_monotonic_s=131870.278082] 009520 000001
[host_monotonic_s=131870.280925] 009522 000001
[host_monotonic_s=131870.283416] 009526 000001
[host_monotonic_s=131870.286396] 009527 000001
[host_monotonic_s=131870.289291] 009531 000003
[host_monotonic_s=131870.291690] 009533 000001
[host_monotonic_s=131870.295104] 009534 000001
[host_monotonic_s=131870.298747] 009537 000002
[host_monotonic_s=131870.301850] 009538 000001
[host_monotonic_s=131870.304910] 009539 000001
[host_monotonic_s=131870.307302] 009540 000001
[host_monotonic_s=131870.310416] 009546 000001
[host_monotonic_s=131870.313439] 009548 000001
[host_monotonic_s=131870.315805] 009552 000001
[host_monotonic_s=131870.318873] 009555 000001
[host_monotonic_s=131870.321823] 009558 000002
[host_monotonic_s=131870.324891] 009564 000003
[host_monotonic_s=131870.327165] 009565 000001
[host_monotonic_s=131870.330179] 009567 000001
[host_monotonic_s=131870.333254] 009568 000001
[host_monotonic_s=131870.335646] 009571 000002
[host_monotonic_s=131870.338674] 009573 000002
[host_monotonic_s=131870.341705] 009574 000001
[host_monotonic_s=131870.344428] 009575 000001
[host_monotonic_s=131870.645890] 009577 000001
[host_monotonic_s=131870.645905] 009579 000001
[host_monotonic_s=131870.645908] 009581 000001
[host_monotonic_s=131870.645910] 009584 000002
[host_monotonic_s=131870.645913] 009588 000001
[host_monotonic_s=131870.645915] 009591 000001
[host_monotonic_s=131870.645917] 009594 000001
[host_monotonic_s=131870.645919] 009601 000002
[host_monotonic_s=131870.645920] 009613 000001
[host_monotonic_s=131870.645922] 009614 000001
[host_monotonic_s=131870.645924] 009618 000001
[host_monotonic_s=131870.645926] 009625 000001
[host_monotonic_s=131870.645928] 009628 000001
[host_monotonic_s=131870.645929] 009631 000001
[host_monotonic_s=131870.645931] 009635 000001
[host_monotonic_s=131870.645933] 009636 000002
[host_monotonic_s=131870.645934] 009649 000001
[host_monotonic_s=131870.645936] 009650 000002
[host_monotonic_s=131870.651822] 009651 000001
[host_monotonic_s=131870.659217] 009657 000001
[host_monotonic_s=131870.662573] 009667 000001
[host_monotonic_s=131870.665769] 009672 000001
[host_monotonic_s=131870.668678] 009673 000001
[host_monotonic_s=131870.671068] 009692 000001
[host_monotonic_s=131870.674179] 009694 000001
[host_monotonic_s=131870.677132] 009697 000001
[host_monotonic_s=131870.679503] 009704 000001
[host_monotonic_s=131870.682437] 009706 000001
[host_monotonic_s=131870.685506] 009710 000001
[host_monotonic_s=131870.687817] 009740 000001
[host_monotonic_s=131870.690811] 009749 000001
[host_monotonic_s=131870.693812] 009756 000001
[host_monotonic_s=131870.696458] 009760 000001
[host_monotonic_s=131870.699285] 009959 000001
[host_monotonic_s=131870.702187] 009964 000001
[host_monotonic_s=131870.705161] 009966 000003
[host_monotonic_s=131870.707439] 009968 000001
[host_monotonic_s=131870.710345] 009970 000001
[host_monotonic_s=131870.713278] 009973 000001
[host_monotonic_s=131870.715697] 009994 000001
[host_monotonic_s=131870.719009] 010023 000001
[host_monotonic_s=131870.722053] 010029 000001
[host_monotonic_s=131870.725060] 010153 000001
[host_monotonic_s=131870.727320] 010156 000001
[host_monotonic_s=131870.730286] 010184 000001
[host_monotonic_s=131870.733151] 010185 000001
[host_monotonic_s=131870.735475] 010289 000001
[host_monotonic_s=131870.738431] 010291 000001
[host_monotonic_s=131870.741270] 010293 000001
[host_monotonic_s=131870.743568] 010300 000001
[host_monotonic_s=131870.747098] 010302 000001
[host_monotonic_s=131870.750140] 010304 000001
[host_monotonic_s=131870.753256] 010308 000001
[host_monotonic_s=131870.755606] 010312 000001
[host_monotonic_s=131870.758606] 010313 000001
[host_monotonic_s=131870.761513] 010315 000001
[host_monotonic_s=131870.763982] 010321 000001
[host_monotonic_s=131870.766719] 010322 000001
[host_monotonic_s=131870.769658] 010323 000001
[host_monotonic_s=131870.771978] 010324 000003
[host_monotonic_s=131870.774877] 010325 000003
[host_monotonic_s=131870.777865] 010326 000001
[host_monotonic_s=131870.780399] 010327 000002
[host_monotonic_s=131870.783447] 010328 000001
[host_monotonic_s=131870.786407] 010330 000001
[host_monotonic_s=131870.789287] 010332 000001
[host_monotonic_s=131870.791635] 010333 000003
[host_monotonic_s=131870.794929] 010334 000002
[host_monotonic_s=131870.797916] 010336 000003
[host_monotonic_s=131870.800503] 010337 000001
[host_monotonic_s=131870.803129] 010338 000004
[host_monotonic_s=131870.806078] 010339 000003
[host_monotonic_s=131870.808968] 010340 000001
[host_monotonic_s=131870.811325] 010341 000005
[host_monotonic_s=131870.814552] 010342 000003
[host_monotonic_s=131870.817523] 010343 000001
[host_monotonic_s=131870.819981] 010344 000001
[host_monotonic_s=131870.822739] 010345 000001
[host_monotonic_s=131870.825761] 010346 000006
[host_monotonic_s=131870.828261] 010347 000006
[host_monotonic_s=131870.830972] 010348 000003
[host_monotonic_s=131870.833993] 010349 000001
[host_monotonic_s=131870.836870] 010350 000003
[host_monotonic_s=131870.839309] 010351 000003
[host_monotonic_s=131870.842313] 010352 000003
[host_monotonic_s=131870.845358] 010353 000008
[host_monotonic_s=131870.847783] 010354 000002
[host_monotonic_s=131870.850953] 010355 000002
[host_monotonic_s=131870.854241] 010356 000006
[host_monotonic_s=131870.857166] 010357 000005
[host_monotonic_s=131870.859569] 010358 000003
[host_monotonic_s=131870.862639] 010359 000005
[host_monotonic_s=131870.865683] 010360 000001
[host_monotonic_s=131870.868245] 010361 000001
[host_monotonic_s=131870.870956] 010362 000002
[host_monotonic_s=131870.874060] 010363 000008
[host_monotonic_s=131870.876942] 010364 000003
[host_monotonic_s=131870.879368] 010365 000003
[host_monotonic_s=131870.882378] 010366 000007
[host_monotonic_s=131870.885414] 010367 000003
[host_monotonic_s=131870.887804] 010368 000003
[host_monotonic_s=131870.890877] 010369 000003
[host_monotonic_s=131870.894099] 010370 000007
[host_monotonic_s=131871.196363] 010371 000005
[host_monotonic_s=131871.196376] 010372 000002
[host_monotonic_s=131871.196378] 010373 000005
[host_monotonic_s=131871.196380] 010374 000001
[host_monotonic_s=131871.196382] 010375 000002
[host_monotonic_s=131871.196384] 010377 000003
[host_monotonic_s=131871.196386] 010378 000002
[host_monotonic_s=131871.196387] 010379 000003
[host_monotonic_s=131871.196389] 010380 000005
[host_monotonic_s=131871.196390] 010381 000005
[host_monotonic_s=131871.196392] 010382 000003
[host_monotonic_s=131871.196394] 010383 000004
[host_monotonic_s=131871.196395] 010384 000002
[host_monotonic_s=131871.196397] 010385 000003
[host_monotonic_s=131871.196398] 010386 000006
[host_monotonic_s=131871.196399] 010387 000006
[host_monotonic_s=131871.196401] 010388 000004
[host_monotonic_s=131871.196402] 010389 000009
[host_monotonic_s=131871.196404] 010390 000004
[host_monotonic_s=131871.203846] 010391 000008
[host_monotonic_s=131871.206834] 010392 000009
[host_monotonic_s=131871.209864] 010393 000006
[host_monotonic_s=131871.212671] 010394 000013
[host_monotonic_s=131871.215259] 010395 000010
[host_monotonic_s=131871.218415] 010396 000012
[host_monotonic_s=131871.221533] 010397 000011
[host_monotonic_s=131871.224028] 010398 000004
[host_monotonic_s=131871.227340] 010399 000014
[host_monotonic_s=131871.230527] 010400 000009
[host_monotonic_s=131871.233647] 010401 000010
[host_monotonic_s=131871.236293] 010402 000020
[host_monotonic_s=131871.238927] 010403 000014
[host_monotonic_s=131871.241948] 010404 000021
[host_monotonic_s=131871.244987] 010405 000022
[host_monotonic_s=131871.247369] 010406 000009
[host_monotonic_s=131871.250543] 010407 000008
[host_monotonic_s=131871.253693] 010408 000022
[host_monotonic_s=131871.256389] 010409 000026
[host_monotonic_s=131871.259075] 010410 000017
[host_monotonic_s=131871.262101] 010411 000020
[host_monotonic_s=131871.265287] 010412 000013
[host_monotonic_s=131871.267676] 010413 000020
[host_monotonic_s=131871.270763] 010414 000020
[host_monotonic_s=131871.274063] 010415 000021
[host_monotonic_s=131871.276945] 010416 000021
[host_monotonic_s=131871.279418] 010417 000022
[host_monotonic_s=131871.282479] 010418 000014
[host_monotonic_s=131871.285556] 010419 000011
[host_monotonic_s=131871.287989] 010420 000022
[host_monotonic_s=131871.290966] 010421 000025
[host_monotonic_s=131871.294505] 010422 000029
[host_monotonic_s=131871.297559] 010423 000017
[host_monotonic_s=131871.300273] 010424 000020
[host_monotonic_s=131871.303047] 010425 000023
[host_monotonic_s=131871.306120] 010426 000020
[host_monotonic_s=131871.309065] 010427 000022
[host_monotonic_s=131871.311478] 010428 000021
[host_monotonic_s=131871.314913] 010429 000016
[host_monotonic_s=131871.317981] 010430 000031
[host_monotonic_s=131871.320885] 010431 000015
[host_monotonic_s=131871.323368] 010432 000008
[host_monotonic_s=131871.326444] 010433 000020
[host_monotonic_s=131871.329413] 010434 000016
[host_monotonic_s=131871.331829] 010435 000018
[host_monotonic_s=131871.335283] 010436 000013
[host_monotonic_s=131871.338369] 010437 000017
[host_monotonic_s=131871.341315] 010438 000009
[host_monotonic_s=131871.343797] 010439 000016
[host_monotonic_s=131871.346898] 010440 000016
[host_monotonic_s=131871.350317] 010441 000021
[host_monotonic_s=131871.353287] 010442 000021
[host_monotonic_s=131871.355697] 010443 000019
[host_monotonic_s=131871.358851] 010444 000012
[host_monotonic_s=131871.361844] 010445 000014
[host_monotonic_s=131871.365066] 010446 000021
[host_monotonic_s=131871.367474] 010447 000012
[host_monotonic_s=131871.370545] 010448 000012
[host_monotonic_s=131871.373674] 010449 000017
[host_monotonic_s=131871.376362] 010450 000016
[host_monotonic_s=131871.379093] 010451 000006
[host_monotonic_s=131871.382084] 010452 000015
[host_monotonic_s=131871.385052] 010453 000008
[host_monotonic_s=131871.387492] 010454 000012
[host_monotonic_s=131871.393402] 010455 000008
[host_monotonic_s=131871.393656] 010456 000007
[host_monotonic_s=131871.396343] 010457 000016
[host_monotonic_s=131871.399150] 010458 000005
[host_monotonic_s=131871.402446] 010459 000014
[host_monotonic_s=131871.405580] 010460 000003
[host_monotonic_s=131871.408008] 010461 000009
[host_monotonic_s=131871.410931] 010462 000009
[host_monotonic_s=131871.414098] 010463 000010
[host_monotonic_s=131871.416978] 010464 000006
[host_monotonic_s=131871.419394] 010465 000008
[host_monotonic_s=131871.422534] 010466 000004
[host_monotonic_s=131871.425570] 010467 000003
[host_monotonic_s=131871.427981] 010468 000010
[host_monotonic_s=131871.430872] 010469 000006
[host_monotonic_s=131871.433980] 010470 000002
[host_monotonic_s=131871.436872] 010471 000009
[host_monotonic_s=131871.439235] 010472 000004
[host_monotonic_s=131871.442167] 010473 000002
[host_monotonic_s=131871.445014] 010474 000006
[host_monotonic_s=131871.746571] 010475 000009
[host_monotonic_s=131871.746580] 010476 000007
[host_monotonic_s=131871.746582] 010477 000009
[host_monotonic_s=131871.746584] 010478 000007
[host_monotonic_s=131871.746585] 010479 000004
[host_monotonic_s=131871.746586] 010480 000004
[host_monotonic_s=131871.746587] 010481 000003
[host_monotonic_s=131871.746588] 010482 000002
[host_monotonic_s=131871.746589] 010483 000005
[host_monotonic_s=131871.746589] 010484 000004
[host_monotonic_s=131871.746590] 010485 000001
[host_monotonic_s=131871.746591] 010486 000007
[host_monotonic_s=131871.746592] 010487 000005
[host_monotonic_s=131871.746593] 010488 000003
[host_monotonic_s=131871.746594] 010489 000002
[host_monotonic_s=131871.746595] 010490 000004
[host_monotonic_s=131871.746596] 010491 000004
[host_monotonic_s=131871.746597] 010492 000005
[host_monotonic_s=131871.746598] 010493 000002
[host_monotonic_s=131871.750868] 010494 000003
[host_monotonic_s=131871.754278] 010495 000002
[host_monotonic_s=131871.757408] 010496 000004
[host_monotonic_s=131871.759923] 010497 000002
[host_monotonic_s=131871.762924] 010498 000001
[host_monotonic_s=131871.766331] 010499 000003
[host_monotonic_s=131871.769438] 010500 000005
[host_monotonic_s=131871.771968] 010501 000002
[host_monotonic_s=131871.775205] 010502 000004
[host_monotonic_s=131871.778404] 010503 000001
[host_monotonic_s=131871.781371] 010504 000002
[host_monotonic_s=131871.783840] 010505 000003
[host_monotonic_s=131871.786896] 010506 000001
[host_monotonic_s=131871.789940] 010507 000001
[host_monotonic_s=131871.792848] 010509 000002
[host_monotonic_s=131871.795364] 010510 000005
[host_monotonic_s=131871.798442] 010511 000002
[host_monotonic_s=131871.801380] 010512 000002
[host_monotonic_s=131871.803908] 010513 000003
[host_monotonic_s=131871.806742] 010514 000004
[host_monotonic_s=131871.809753] 010515 000003
[host_monotonic_s=131871.812403] 010516 000001
[host_monotonic_s=131871.815350] 010517 000003
[host_monotonic_s=131871.818426] 010518 000001
[host_monotonic_s=131871.821356] 010519 000001
[host_monotonic_s=131871.823861] 010520 000003
[host_monotonic_s=131871.827164] 010521 000004
[host_monotonic_s=131871.830235] 010522 000003
[host_monotonic_s=131871.833322] 010523 000001
[host_monotonic_s=131871.835754] 010524 000001
[host_monotonic_s=131871.838858] 010525 000005
[host_monotonic_s=131871.841842] 010526 000002
[host_monotonic_s=131871.844737] 010527 000008
[host_monotonic_s=131871.847120] 010528 000003
[host_monotonic_s=131871.850447] 010529 000002
[host_monotonic_s=131871.853659] 010530 000004
[host_monotonic_s=131871.856295] 010531 000003
[host_monotonic_s=131871.859069] 010532 000001
[host_monotonic_s=131871.862100] 010533 000004
[host_monotonic_s=131871.865311] 010534 000001
[host_monotonic_s=131871.867712] 010535 000003
[host_monotonic_s=131871.870781] 010536 000002
[host_monotonic_s=131871.874070] 010538 000002
[host_monotonic_s=131871.876979] 010539 000002
[host_monotonic_s=131871.879397] 010540 000001
[host_monotonic_s=131871.882594] 010541 000003
[host_monotonic_s=131871.885609] 010542 000003
[host_monotonic_s=131871.888046] 010543 000005
[host_monotonic_s=131871.890946] 010544 000005
[host_monotonic_s=131871.894270] 010545 000005
[host_monotonic_s=131871.897322] 010546 000005
[host_monotonic_s=131871.899804] 010547 000004
[host_monotonic_s=131871.902922] 010548 000003
[host_monotonic_s=131871.906140] 010549 000006
[host_monotonic_s=131871.909197] 010550 000002
[host_monotonic_s=131871.911516] 010551 000002
[host_monotonic_s=131871.914614] 010552 000002
[host_monotonic_s=131871.917585] 010553 000004
[host_monotonic_s=131871.919880] 010554 000001
[host_monotonic_s=131871.922531] 010555 000001
[host_monotonic_s=131871.925463] 010556 000003
[host_monotonic_s=131871.927782] 010557 000001
[host_monotonic_s=131871.930814] 010558 000005
[host_monotonic_s=131871.934045] 010559 000002
[host_monotonic_s=131871.936983] 010560 000004
[host_monotonic_s=131871.939441] 010562 000004
[host_monotonic_s=131871.942452] 010563 000003
[host_monotonic_s=131871.945533] 010564 000001
[host_monotonic_s=131871.948269] 010565 000001
[host_monotonic_s=131871.951023] 010566 000003
[host_monotonic_s=131871.954342] 010567 000001
[host_monotonic_s=131871.957210] 010568 000002
[host_monotonic_s=131871.959548] 010569 000003
[host_monotonic_s=131871.962443] 010570 000002
[host_monotonic_s=131871.965489] 010571 000001
[host_monotonic_s=131871.967762] 010572 000001
[host_monotonic_s=131871.970730] 010573 000001
[host_monotonic_s=131871.973938] 010574 000003
[host_monotonic_s=131871.976669] 010575 000002
[host_monotonic_s=131871.979008] 010576 000001
[host_monotonic_s=131871.981898] 010577 000002
[host_monotonic_s=131871.984748] 010578 000004
[host_monotonic_s=131871.987046] 010579 000002
[host_monotonic_s=131871.989964] 010580 000002
[host_monotonic_s=131871.993121] 010582 000001
[host_monotonic_s=131871.995485] 010583 000001
[host_monotonic_s=131872.296885] 010584 000003
[host_monotonic_s=131872.296897] 010586 000002
[host_monotonic_s=131872.296899] 010587 000003
[host_monotonic_s=131872.296900] 010588 000003
[host_monotonic_s=131872.296902] 010589 000001
[host_monotonic_s=131872.296904] 010590 000002
[host_monotonic_s=131872.296906] 010591 000001
[host_monotonic_s=131872.296907] 010592 000003
[host_monotonic_s=131872.296908] 010593 000002
[host_monotonic_s=131872.296910] 010595 000002
[host_monotonic_s=131872.296911] 010596 000001
[host_monotonic_s=131872.296913] 010597 000004
[host_monotonic_s=131872.296914] 010598 000001
[host_monotonic_s=131872.296915] 010599 000001
[host_monotonic_s=131872.296917] 010600 000001
[host_monotonic_s=131872.296918] 010602 000001
[host_monotonic_s=131872.296919] 010603 000001
[host_monotonic_s=131872.296920] 010604 000002
[host_monotonic_s=131872.302408] 010605 000002
[host_monotonic_s=131872.306446] 010606 000001
[host_monotonic_s=131872.309490] 010607 000002
[host_monotonic_s=131872.312353] 010608 000001
[host_monotonic_s=131872.315253] 010609 000002
[host_monotonic_s=131872.318331] 010610 000003
[host_monotonic_s=131872.321308] 010613 000001
[host_monotonic_s=131872.324363] 010614 000002
[host_monotonic_s=131872.327260] 010617 000001
[host_monotonic_s=131872.330234] 010621 000001
[host_monotonic_s=131872.333266] 010622 000001
[host_monotonic_s=131872.335692] 010624 000002
[host_monotonic_s=131872.338869] 010630 000002
[host_monotonic_s=131872.341970] 010631 000001
[host_monotonic_s=131872.345234] 010633 000002
[host_monotonic_s=131872.347657] 010635 000002
[host_monotonic_s=131872.350863] 010636 000001
[host_monotonic_s=131872.353976] 010639 000001
[host_monotonic_s=131872.356925] 010640 000001
[host_monotonic_s=131872.359386] 010641 000001
[host_monotonic_s=131872.362482] 010642 000002
[host_monotonic_s=131872.365577] 010643 000001
[host_monotonic_s=131872.368054] 010645 000001
[host_monotonic_s=131872.370951] 010649 000002
[host_monotonic_s=131872.374248] 010650 000001
[host_monotonic_s=131872.377250] 010652 000001
[host_monotonic_s=131872.379896] 010653 000001
[host_monotonic_s=131872.382695] 010657 000001
[host_monotonic_s=131872.385818] 010659 000001
[host_monotonic_s=131872.388465] 010660 000001
[host_monotonic_s=131872.391260] 010663 000002
[host_monotonic_s=131872.394652] 010668 000001
[host_monotonic_s=131872.397699] 010669 000001
[host_monotonic_s=131872.400433] 010670 000002
[host_monotonic_s=131872.403245] 010672 000001
[host_monotonic_s=131872.406370] 010673 000001
[host_monotonic_s=131872.409419] 010674 000001
[host_monotonic_s=131872.411798] 010675 000001
[host_monotonic_s=131872.415063] 010677 000001
[host_monotonic_s=131872.418147] 010679 000001
[host_monotonic_s=131872.421125] 010681 000001
[host_monotonic_s=131872.423600] 010682 000001
[host_monotonic_s=131872.426651] 010683 000001
[host_monotonic_s=131872.429593] 010688 000002
[host_monotonic_s=131872.432014] 010692 000001
[host_monotonic_s=131872.434965] 010697 000001
[host_monotonic_s=131872.437980] 010698 000001
[host_monotonic_s=131872.440877] 010700 000001
[host_monotonic_s=131872.443412] 010701 000001
[host_monotonic_s=131872.446473] 010704 000001
[host_monotonic_s=131872.449431] 010714 000001
[host_monotonic_s=131872.451866] 010718 000001
[host_monotonic_s=131872.455081] 010727 000001
[host_monotonic_s=131872.458149] 010739 000001
[host_monotonic_s=131872.461016] 010740 000001
[host_monotonic_s=131872.463575] 010742 000001
[host_monotonic_s=131872.466613] 010755 000001
[host_monotonic_s=131872.469727] 010767 000001
[host_monotonic_s=131872.472491] 010769 000001
[host_monotonic_s=131872.475271] 010783 000001
[host_monotonic_s=131872.478362] 010789 000001
[host_monotonic_s=131872.481292] 010792 000001
[host_monotonic_s=131872.483762] 010803 000001
[host_monotonic_s=131872.486847] 010829 000001
[host_monotonic_s=131872.489842] 010832 000001
[host_monotonic_s=131872.492706] 010838 000001
[host_monotonic_s=131872.495178] 010851 000001
[host_monotonic_s=131872.498252] 010873 000001
[host_monotonic_s=131872.501385] 010916 000001
[host_monotonic_s=131872.503872] 010951 000001
[host_monotonic_s=131872.506668] 010955 000004
[host_monotonic_s=131872.509694] 010957 000001
[host_monotonic_s=131872.512303] 010958 000002
[host_monotonic_s=131872.515098] 010959 000001
[host_monotonic_s=131872.518138] 010960 000002
[host_monotonic_s=131872.521016] 010962 000003
[host_monotonic_s=131872.523523] 010963 000001
[host_monotonic_s=131872.526573] 010965 000005
[host_monotonic_s=131872.529544] 010966 000001
[host_monotonic_s=131872.531961] 010967 000002
[host_monotonic_s=131872.535064] 010968 000003
[host_monotonic_s=131872.538131] 010969 000001
[host_monotonic_s=131872.541034] 010970 000001
[host_monotonic_s=131872.543527] 010971 000001
[host_monotonic_s=131872.546612] 010975 000001
[host_monotonic_s=131872.847630] 010978 000001
[host_monotonic_s=131872.847645] 010984 000001
[host_monotonic_s=131872.847648] 010985 000002
[host_monotonic_s=131872.847650] 010986 000001
[host_monotonic_s=131872.847652] 010987 000001
[host_monotonic_s=131872.847654] 010988 000001
[host_monotonic_s=131872.847656] 010989 000001
[host_monotonic_s=131872.847658] 010991 000001
[host_monotonic_s=131872.847659] 011080 000001
[host_monotonic_s=131872.847662] 012356 000001
[host_monotonic_s=131872.847663] 012424 000001
[host_monotonic_s=131872.847666] 012487 000001
[host_monotonic_s=131872.847668] 013382 000001
[host_monotonic_s=131872.847671] # Min Latencies: 00126
[host_monotonic_s=131872.847673] # Avg Latencies: 00534
[host_monotonic_s=131872.847676] # Max Latencies: 304645
[host_monotonic_s=131872.859678] # Histogram Overflows: 00012
[host_monotonic_s=131872.866998] # Histogram Overflow at cycle number:
[host_monotonic_s=131872.881213] # Thread 0: 00891 01384 03678 07224 07488 07732 07985 08243 08521 08807 10599 12888
[host_monotonic_s=131872.881708] 
[host_monotonic_s=131872.891645] RT_CYCLICTEST_TIMING_END uptime_s=1858.69
[host_monotonic_s=131872.896923] RT_CYCLICTEST_COMPLETE
[host_monotonic_s=131872.927835] RT_CPUSTAT sample=0 cpu=cpu0 user=6 nice=0 system=214 idle=2475 iowait=0 irq=19 softirq=1 steal=0
[host_monotonic_s=131872.943816] RT_CPUSTAT sample=0 cpu=cpu1 user=0 nice=0 system=2 idle=2867 iowait=0 irq=5 softirq=0 steal=0
[host_monotonic_s=131872.960391] RT_CPUSTAT sample=1 cpu=cpu0 user=8 nice=0 system=215 idle=2972 iowait=0 irq=20 softirq=2 steal=0
[host_monotonic_s=131872.976877] RT_CPUSTAT sample=1 cpu=cpu1 user=2 nice=0 system=14 idle=3258 iowait=0 irq=80 softirq=0 steal=0
[host_monotonic_s=131872.993852] RT_CPUSTAT sample=2 cpu=cpu0 user=8 nice=0 system=217 idle=3469 iowait=0 irq=21 softirq=2 steal=0
[host_monotonic_s=131873.010536] RT_CPUSTAT sample=2 cpu=cpu1 user=6 nice=0 system=24 idle=3644 iowait=0 irq=159 softirq=0 steal=0
[host_monotonic_s=131873.027149] RT_CPUSTAT sample=3 cpu=cpu0 user=8 nice=0 system=218 idle=3967 iowait=0 irq=22 softirq=2 steal=0
[host_monotonic_s=131873.043723] RT_CPUSTAT sample=3 cpu=cpu1 user=7 nice=0 system=31 idle=4019 iowait=0 irq=254 softirq=0 steal=0
[host_monotonic_s=131873.060733] RT_CPUSTAT sample=4 cpu=cpu0 user=8 nice=0 system=220 idle=4463 iowait=0 irq=23 softirq=2 steal=0
[host_monotonic_s=131873.077655] RT_CPUSTAT sample=4 cpu=cpu1 user=8 nice=0 system=36 idle=4394 iowait=0 irq=341 softirq=0 steal=0
[host_monotonic_s=131873.094478] RT_CPUSTAT sample=5 cpu=cpu0 user=8 nice=0 system=221 idle=4962 iowait=0 irq=24 softirq=3 steal=0
[host_monotonic_s=131873.111212] RT_CPUSTAT sample=5 cpu=cpu1 user=11 nice=0 system=43 idle=4762 iowait=0 irq=433 softirq=0 steal=0
[host_monotonic_s=131873.127760] RT_CPUSTAT sample=6 cpu=cpu0 user=8 nice=0 system=223 idle=5459 iowait=0 irq=25 softirq=3 steal=0
[host_monotonic_s=131873.144662] RT_CPUSTAT sample=6 cpu=cpu1 user=14 nice=0 system=51 idle=5128 iowait=0 irq=527 softirq=1 steal=0
[host_monotonic_s=131873.161386] RT_CPUSTAT sample=7 cpu=cpu0 user=10 nice=0 system=223 idle=5958 iowait=0 irq=26 softirq=3 steal=0
[host_monotonic_s=131873.177459] RT_CPUSTAT sample=7 cpu=cpu1 user=16 nice=0 system=58 idle=5500 iowait=0 irq=616 softirq=1 steal=0
[host_monotonic_s=131873.194157] RT_CPUSTAT sample=8 cpu=cpu0 user=10 nice=0 system=225 idle=6455 iowait=0 irq=27 softirq=3 steal=0
[host_monotonic_s=131873.210758] RT_CPUSTAT sample=8 cpu=cpu1 user=20 nice=0 system=67 idle=5863 iowait=0 irq=713 softirq=1 steal=0
[host_monotonic_s=131873.227528] RT_CPUSTAT sample=9 cpu=cpu0 user=10 nice=0 system=227 idle=6954 iowait=0 irq=28 softirq=3 steal=0
[host_monotonic_s=131873.243653] RT_CPUSTAT sample=9 cpu=cpu1 user=22 nice=0 system=77 idle=6231 iowait=0 irq=805 softirq=1 steal=0
[host_monotonic_s=131873.259777] RT_CPUSTAT sample=10 cpu=cpu0 user=10 nice=0 system=228 idle=7451 iowait=0 irq=29 softirq=3 steal=0
[host_monotonic_s=131873.276318] RT_CPUSTAT sample=10 cpu=cpu1 user=24 nice=0 system=90 idle=6601 iowait=0 irq=893 softirq=1 steal=0
[host_monotonic_s=131873.292323] RT_CPUSTAT sample=11 cpu=cpu0 user=10 nice=0 system=229 idle=7950 iowait=0 irq=30 softirq=4 steal=0
[host_monotonic_s=131873.308586] RT_CPUSTAT sample=11 cpu=cpu1 user=26 nice=0 system=99 idle=6968 iowait=0 irq=986 softirq=1 steal=0
[host_monotonic_s=131873.324662] RT_CPUSTAT sample=12 cpu=cpu0 user=10 nice=0 system=230 idle=8447 iowait=0 irq=31 softirq=4 steal=0
[host_monotonic_s=131873.341200] RT_CPUSTAT sample=12 cpu=cpu1 user=30 nice=0 system=107 idle=7339 iowait=0 irq=1076 softirq=1 steal=0
[host_monotonic_s=131873.648204] RT_CPUSTAT sample=13 cpu=cpu0 user=10 nice=0 system=231 idle=8946 iowait=0 irq=32 softirq=4 steal=0
[host_monotonic_s=131873.648218] RT_CPUSTAT sample=13 cpu=cpu1 user=32 nice=0 system=116 idle=7706 iowait=0 irq=1170 softirq=2 steal=0
[host_monotonic_s=131873.648221] RT_CPUSTAT sample=14 cpu=cpu0 user=10 nice=0 system=233 idle=9443 iowait=0 irq=33 softirq=4 steal=0
[host_monotonic_s=131873.667912] RT_CPUSTAT sample=14 cpu=cpu1 user=34 nice=0 system=123 idle=8075 iowait=0 irq=1261 softirq=2 steal=0
[host_monotonic_s=131873.684999] RT_CPUSTAT sample=15 cpu=cpu0 user=11 nice=0 system=234 idle=9942 iowait=0 irq=34 softirq=4 steal=0
[host_monotonic_s=131873.701303] RT_CPUSTAT sample=15 cpu=cpu1 user=36 nice=0 system=130 idle=8443 iowait=0 irq=1352 softirq=2 steal=0
[host_monotonic_s=131873.717469] RT_CPUSTAT sample=16 cpu=cpu0 user=12 nice=0 system=235 idle=10440 iowait=0 irq=35 softirq=5 steal=0
[host_monotonic_s=131873.734866] RT_CPUSTAT sample=16 cpu=cpu1 user=38 nice=0 system=138 idle=8812 iowait=0 irq=1443 softirq=2 steal=0
[host_monotonic_s=131873.752426] RT_CPUSTAT sample=17 cpu=cpu0 user=12 nice=0 system=235 idle=10938 iowait=0 irq=36 softirq=5 steal=0
[host_monotonic_s=131873.769167] RT_CPUSTAT sample=17 cpu=cpu1 user=40 nice=0 system=145 idle=9182 iowait=0 irq=1534 softirq=2 steal=0
[host_monotonic_s=131873.785078] RT_CPUSTAT sample=18 cpu=cpu0 user=12 nice=0 system=237 idle=11436 iowait=0 irq=37 softirq=5 steal=0
[host_monotonic_s=131873.801149] RT_CPUSTAT sample=18 cpu=cpu1 user=43 nice=0 system=153 idle=9550 iowait=0 irq=1625 softirq=2 steal=0
[host_monotonic_s=131873.817443] RT_CPUSTAT sample=19 cpu=cpu0 user=12 nice=0 system=238 idle=11935 iowait=0 irq=38 softirq=5 steal=0
[host_monotonic_s=131873.834346] RT_CPUSTAT sample=19 cpu=cpu1 user=47 nice=0 system=162 idle=9918 iowait=0 irq=1718 softirq=2 steal=0
[host_monotonic_s=131873.851397] RT_CPUSTAT sample=20 cpu=cpu0 user=13 nice=0 system=239 idle=12432 iowait=0 irq=39 softirq=5 steal=0
[host_monotonic_s=131873.869475] RT_CPUSTAT sample=20 cpu=cpu1 user=51 nice=0 system=173 idle=10284 iowait=0 irq=1811 softirq=2 steal=0
[host_monotonic_s=131873.886376] RT_CPUSTAT sample=21 cpu=cpu0 user=13 nice=0 system=240 idle=12931 iowait=0 irq=40 softirq=5 steal=0
[host_monotonic_s=131874.198600] RT_CPUSTAT sample=21 cpu=cpu1 user=54 nice=0 system=182 idle=10651 iowait=0 irq=1904 softirq=3 steal=0
[host_monotonic_s=131874.198611] RT_CPUSTAT sample=22 cpu=cpu0 user=13 nice=0 system=242 idle=13428 iowait=0 irq=41 softirq=6 steal=0
[host_monotonic_s=131874.198614] RT_CPUSTAT sample=22 cpu=cpu1 user=56 nice=0 system=194 idle=11018 iowait=0 irq=1997 softirq=3 steal=0
[host_monotonic_s=131874.214199] RT_CPUSTAT sample=23 cpu=cpu0 user=13 nice=0 system=243 idle=13927 iowait=0 irq=42 softirq=6 steal=0
[host_monotonic_s=131874.231802] RT_CPUSTAT sample=23 cpu=cpu1 user=60 nice=0 system=201 idle=11384 iowait=0 irq=2091 softirq=3 steal=0
[host_monotonic_s=131874.249429] RT_CPUSTAT sample=24 cpu=cpu0 user=14 nice=0 system=245 idle=14424 iowait=0 irq=43 softirq=6 steal=0
[host_monotonic_s=131874.267626] RT_CPUSTAT sample=24 cpu=cpu1 user=63 nice=0 system=206 idle=11751 iowait=0 irq=2185 softirq=3 steal=0
[host_monotonic_s=131874.285577] RT_CPUSTAT sample=25 cpu=cpu0 user=14 nice=0 system=246 idle=14923 iowait=0 irq=44 softirq=6 steal=0
[host_monotonic_s=131874.302868] RT_CPUSTAT sample=25 cpu=cpu1 user=66 nice=0 system=216 idle=12116 iowait=0 irq=2280 softirq=3 steal=0
[host_monotonic_s=131874.319839] RT_CPUSTAT sample=26 cpu=cpu0 user=14 nice=0 system=248 idle=15420 iowait=0 irq=45 softirq=6 steal=0
[host_monotonic_s=131874.337172] RT_CPUSTAT sample=26 cpu=cpu1 user=67 nice=0 system=222 idle=12483 iowait=0 irq=2372 softirq=3 steal=0
[host_monotonic_s=131874.353978] RT_CPUSTAT sample=27 cpu=cpu0 user=15 nice=0 system=249 idle=15919 iowait=0 irq=46 softirq=7 steal=0
[host_monotonic_s=131874.370544] RT_CPUSTAT sample=27 cpu=cpu1 user=70 nice=0 system=231 idle=12850 iowait=0 irq=2465 softirq=3 steal=0
[host_monotonic_s=131874.387389] RT_CPUSTAT sample=28 cpu=cpu0 user=15 nice=0 system=250 idle=16416 iowait=0 irq=47 softirq=7 steal=0
[host_monotonic_s=131874.404983] RT_CPUSTAT sample=28 cpu=cpu1 user=73 nice=0 system=241 idle=13216 iowait=0 irq=2557 softirq=4 steal=0
[host_monotonic_s=131874.422061] RT_CPUSTAT sample=29 cpu=cpu0 user=16 nice=0 system=251 idle=16915 iowait=0 irq=48 softirq=7 steal=0
[host_monotonic_s=131874.439366] RT_CPUSTAT sample=29 cpu=cpu1 user=75 nice=0 system=248 idle=13583 iowait=0 irq=2650 softirq=4 steal=0
[host_monotonic_s=131874.749149] RT_CPUSTAT sample=30 cpu=cpu0 user=16 nice=0 system=253 idle=17412 iowait=0 irq=49 softirq=7 steal=0
[host_monotonic_s=131874.749165] RT_CPUSTAT sample=30 cpu=cpu1 user=75 nice=0 system=253 idle=13952 iowait=0 irq=2741 softirq=4 steal=0
[host_monotonic_s=131874.749168] RT_CPUSTAT sample=31 cpu=cpu0 user=16 nice=0 system=253 idle=17911 iowait=0 irq=50 softirq=7 steal=0
[host_monotonic_s=131874.768534] RT_CPUSTAT sample=31 cpu=cpu1 user=77 nice=0 system=261 idle=14318 iowait=0 irq=2834 softirq=4 steal=0
[host_monotonic_s=131874.789049] RT_CPUSTAT sample=32 cpu=cpu0 user=17 nice=0 system=255 idle=18408 iowait=0 irq=51 softirq=8 steal=0
[host_monotonic_s=131874.807477] RT_CPUSTAT sample=32 cpu=cpu1 user=79 nice=0 system=268 idle=14686 iowait=0 irq=2925 softirq=4 steal=0
[host_monotonic_s=131874.825623] RT_CPUSTAT sample=33 cpu=cpu0 user=17 nice=0 system=256 idle=18907 iowait=0 irq=51 softirq=8 steal=0
[host_monotonic_s=131874.843908] RT_CPUSTAT sample=33 cpu=cpu1 user=82 nice=0 system=276 idle=15055 iowait=0 irq=3016 softirq=4 steal=0
[host_monotonic_s=131874.862057] RT_CPUSTAT sample=34 cpu=cpu0 user=17 nice=0 system=258 idle=19405 iowait=0 irq=52 softirq=8 steal=0
[host_monotonic_s=131874.880245] RT_CPUSTAT sample=34 cpu=cpu1 user=84 nice=0 system=282 idle=15421 iowait=0 irq=3111 softirq=4 steal=0
[host_monotonic_s=131874.898287] RT_CPUSTAT sample=35 cpu=cpu0 user=17 nice=0 system=258 idle=19904 iowait=0 irq=53 softirq=8 steal=0
[host_monotonic_s=131874.916747] RT_CPUSTAT sample=35 cpu=cpu1 user=86 nice=0 system=292 idle=15789 iowait=0 irq=3204 softirq=4 steal=0
[host_monotonic_s=131874.934974] RT_CPUSTAT sample=36 cpu=cpu0 user=17 nice=0 system=260 idle=20401 iowait=0 irq=54 softirq=8 steal=0
[host_monotonic_s=131874.952842] RT_CPUSTAT sample=36 cpu=cpu1 user=89 nice=0 system=300 idle=16154 iowait=0 irq=3297 softirq=5 steal=0
[host_monotonic_s=131874.969386] RT_CPUSTAT sample=37 cpu=cpu0 user=18 nice=0 system=261 idle=20900 iowait=0 irq=55 softirq=8 steal=0
[host_monotonic_s=131874.986429] RT_CPUSTAT sample=37 cpu=cpu1 user=91 nice=0 system=308 idle=16525 iowait=0 irq=3386 softirq=5 steal=0
[host_monotonic_s=131875.299527] RT_CPUSTAT sample=38 cpu=cpu0 user=18 nice=0 system=263 idle=21397 iowait=0 irq=56 softirq=9 steal=0
[host_monotonic_s=131875.299541] RT_CPUSTAT sample=38 cpu=cpu1 user=95 nice=0 system=317 idle=16893 iowait=0 irq=3478 softirq=5 steal=0
[host_monotonic_s=131875.299544] RT_CPUSTAT sample=39 cpu=cpu0 user=18 nice=0 system=263 idle=21896 iowait=0 irq=57 softirq=9 steal=0
[host_monotonic_s=131875.318297] RT_CPUSTAT sample=39 cpu=cpu1 user=99 nice=0 system=324 idle=17261 iowait=0 irq=3571 softirq=5 steal=0
[host_monotonic_s=131875.335595] RT_CPUSTAT sample=40 cpu=cpu0 user=19 nice=0 system=265 idle=22393 iowait=0 irq=58 softirq=9 steal=0
[host_monotonic_s=131875.353719] RT_CPUSTAT sample=40 cpu=cpu1 user=102 nice=0 system=332 idle=17630 iowait=0 irq=3662 softirq=5 steal=0
[host_monotonic_s=131875.370456] RT_CPUSTAT sample=41 cpu=cpu0 user=19 nice=0 system=266 idle=22892 iowait=0 irq=59 softirq=9 steal=0
[host_monotonic_s=131875.387808] RT_CPUSTAT sample=41 cpu=cpu1 user=105 nice=0 system=339 idle=18000 iowait=0 irq=3753 softirq=5 steal=0
[host_monotonic_s=131875.404683] RT_CPUSTAT sample=42 cpu=cpu0 user=20 nice=0 system=267 idle=23390 iowait=0 irq=60 softirq=9 steal=0
[host_monotonic_s=131875.421293] RT_CPUSTAT sample=42 cpu=cpu1 user=106 nice=0 system=346 idle=18372 iowait=0 irq=3842 softirq=5 steal=0
[host_monotonic_s=131875.437636] RT_CPUSTAT sample=43 cpu=cpu0 user=20 nice=0 system=268 idle=23889 iowait=0 irq=61 softirq=10 steal=0
[host_monotonic_s=131875.455156] RT_CPUSTAT sample=43 cpu=cpu1 user=107 nice=0 system=357 idle=18742 iowait=0 irq=3932 softirq=6 steal=0
[host_monotonic_s=131875.471556] RT_CPUSTAT sample=44 cpu=cpu0 user=20 nice=0 system=269 idle=24386 iowait=0 irq=62 softirq=10 steal=0
[host_monotonic_s=131875.488563] RT_CPUSTAT sample=44 cpu=cpu1 user=109 nice=0 system=365 idle=19112 iowait=0 irq=4022 softirq=6 steal=0
[host_monotonic_s=131875.505876] RT_CPUSTAT sample=45 cpu=cpu0 user=21 nice=0 system=270 idle=24885 iowait=0 irq=63 softirq=10 steal=0
[host_monotonic_s=131875.523378] RT_CPUSTAT sample=45 cpu=cpu1 user=111 nice=0 system=370 idle=19487 iowait=0 irq=4108 softirq=6 steal=0
[host_monotonic_s=131875.539820] RT_CPUSTAT sample=46 cpu=cpu0 user=21 nice=0 system=272 idle=25382 iowait=0 irq=64 softirq=10 steal=0
[host_monotonic_s=131875.849736] RT_CPUSTAT sample=46 cpu=cpu1 user=113 nice=0 system=378 idle=19854 iowait=0 irq=4199 softirq=6 steal=0
[host_monotonic_s=131875.849749] RT_CPUSTAT sample=47 cpu=cpu0 user=21 nice=0 system=273 idle=25881 iowait=0 irq=65 softirq=10 steal=0
[host_monotonic_s=131875.849751] RT_CPUSTAT sample=47 cpu=cpu1 user=115 nice=0 system=385 idle=20227 iowait=0 irq=4287 softirq=6 steal=0
[host_monotonic_s=131875.867754] RT_CPUSTAT sample=48 cpu=cpu0 user=21 nice=0 system=275 idle=26379 iowait=0 irq=66 softirq=11 steal=0
[host_monotonic_s=131875.885284] RT_CPUSTAT sample=48 cpu=cpu1 user=116 nice=0 system=389 idle=20599 iowait=0 irq=4375 softirq=6 steal=0
[host_monotonic_s=131875.901542] RT_CPUSTAT sample=49 cpu=cpu0 user=21 nice=0 system=276 idle=26877 iowait=0 irq=66 softirq=11 steal=0
[host_monotonic_s=131875.918904] RT_CPUSTAT sample=49 cpu=cpu1 user=120 nice=0 system=394 idle=20966 iowait=0 irq=4468 softirq=6 steal=0
[host_monotonic_s=131875.935473] RT_CPUSTAT sample=50 cpu=cpu0 user=21 nice=0 system=278 idle=27375 iowait=0 irq=68 softirq=11 steal=0
[host_monotonic_s=131875.954107] RT_CPUSTAT sample=50 cpu=cpu1 user=122 nice=0 system=399 idle=21332 iowait=0 irq=4562 softirq=7 steal=0
[host_monotonic_s=131875.970627] RT_CPUSTAT sample=51 cpu=cpu0 user=22 nice=0 system=279 idle=27874 iowait=0 irq=69 softirq=11 steal=0
[host_monotonic_s=131875.987736] RT_CPUSTAT sample=51 cpu=cpu1 user=124 nice=0 system=405 idle=21698 iowait=0 irq=4655 softirq=7 steal=0
[host_monotonic_s=131876.004709] RT_CPUSTAT sample=52 cpu=cpu0 user=22 nice=0 system=280 idle=28371 iowait=0 irq=70 softirq=11 steal=0
[host_monotonic_s=131876.021358] RT_CPUSTAT sample=52 cpu=cpu1 user=127 nice=0 system=412 idle=22064 iowait=0 irq=4749 softirq=7 steal=0
[host_monotonic_s=131876.037675] RT_CPUSTAT sample=53 cpu=cpu0 user=22 nice=0 system=281 idle=28870 iowait=0 irq=71 softirq=11 steal=0
[host_monotonic_s=131876.054924] RT_CPUSTAT sample=53 cpu=cpu1 user=130 nice=0 system=420 idle=22433 iowait=0 irq=4840 softirq=7 steal=0
[host_monotonic_s=131876.071662] RT_CPUSTAT sample=54 cpu=cpu0 user=23 nice=0 system=284 idle=29366 iowait=0 irq=72 softirq=12 steal=0
[host_monotonic_s=131876.089053] RT_CPUSTAT sample=54 cpu=cpu1 user=134 nice=0 system=428 idle=22797 iowait=0 irq=4935 softirq=7 steal=0
[host_monotonic_s=131876.400264] RT_CPUSTAT sample=55 cpu=cpu0 user=23 nice=0 system=284 idle=29865 iowait=0 irq=73 softirq=12 steal=0
[host_monotonic_s=131876.400278] RT_CPUSTAT sample=55 cpu=cpu1 user=138 nice=0 system=438 idle=23165 iowait=0 irq=5025 softirq=7 steal=0
[host_monotonic_s=131876.400281] RT_CPUSTAT sample=56 cpu=cpu0 user=23 nice=0 system=286 idle=30362 iowait=0 irq=74 softirq=12 steal=0
[host_monotonic_s=131876.417531] RT_CPUSTAT sample=56 cpu=cpu1 user=139 nice=0 system=444 idle=23542 iowait=0 irq=5110 softirq=7 steal=0
[host_monotonic_s=131876.434982] RT_CPUSTAT sample=57 cpu=cpu0 user=23 nice=0 system=287 idle=30861 iowait=0 irq=75 softirq=12 steal=0
[host_monotonic_s=131876.452402] RT_CPUSTAT sample=57 cpu=cpu1 user=142 nice=0 system=455 idle=23907 iowait=0 irq=5204 softirq=7 steal=0
[host_monotonic_s=131876.469915] RT_CPUSTAT sample=58 cpu=cpu0 user=23 nice=0 system=289 idle=31358 iowait=0 irq=76 softirq=12 steal=0
[host_monotonic_s=131876.487782] RT_CPUSTAT sample=58 cpu=cpu1 user=143 nice=0 system=462 idle=24276 iowait=0 irq=5295 softirq=8 steal=0
[host_monotonic_s=131876.504893] RT_CPUSTAT sample=59 cpu=cpu0 user=23 nice=0 system=291 idle=31857 iowait=0 irq=77 softirq=13 steal=0
[host_monotonic_s=131876.522106] RT_CPUSTAT sample=59 cpu=cpu1 user=145 nice=0 system=468 idle=24646 iowait=0 irq=5385 softirq=8 steal=0
[host_monotonic_s=131876.539340] RT_CPUSTAT sample=60 cpu=cpu0 user=23 nice=0 system=292 idle=32354 iowait=0 irq=78 softirq=13 steal=0
[host_monotonic_s=131876.557452] RT_CPUSTAT sample=60 cpu=cpu1 user=148 nice=0 system=477 idle=25012 iowait=0 irq=5478 softirq=8 steal=0
[host_monotonic_s=131876.574332] RT_CPUSTAT sample=61 cpu=cpu0 user=23 nice=0 system=293 idle=32853 iowait=0 irq=78 softirq=13 steal=0
[host_monotonic_s=131876.592004] RT_CPUSTAT sample=61 cpu=cpu1 user=149 nice=0 system=485 idle=25384 iowait=0 irq=5566 softirq=8 steal=0
[host_monotonic_s=131876.610000] RT_CPUSTAT sample=62 cpu=cpu0 user=24 nice=0 system=295 idle=33350 iowait=0 irq=80 softirq=13 steal=0
[host_monotonic_s=131876.626836] RT_CPUSTAT sample=62 cpu=cpu1 user=152 nice=0 system=489 idle=25754 iowait=0 irq=5655 softirq=8 steal=0
[host_monotonic_s=131876.644379] RT_CPUSTAT sample=63 cpu=cpu0 user=24 nice=0 system=296 idle=33849 iowait=0 irq=81 softirq=13 steal=0
[host_monotonic_s=131876.950691] RT_CPUSTAT sample=63 cpu=cpu1 user=153 nice=0 system=494 idle=26121 iowait=0 irq=5747 softirq=8 steal=0
[host_monotonic_s=131876.950706] RT_CPUSTAT sample=64 cpu=cpu0 user=24 nice=0 system=298 idle=34346 iowait=0 irq=82 softirq=14 steal=0
[host_monotonic_s=131876.950710] RT_CPUSTAT sample=64 cpu=cpu1 user=155 nice=0 system=502 idle=26489 iowait=0 irq=5839 softirq=9 steal=0
[host_monotonic_s=131876.973144] RT_CPUSTAT sample=65 cpu=cpu0 user=24 nice=0 system=299 idle=34845 iowait=0 irq=83 softirq=14 steal=0
[host_monotonic_s=131876.990567] RT_CPUSTAT sample=65 cpu=cpu1 user=157 nice=0 system=509 idle=26855 iowait=0 irq=5933 softirq=9 steal=0
[host_monotonic_s=131877.007969] RT_CPUSTAT sample=66 cpu=cpu0 user=25 nice=0 system=300 idle=35342 iowait=0 irq=84 softirq=14 steal=0
[host_monotonic_s=131877.026516] RT_CPUSTAT sample=66 cpu=cpu1 user=158 nice=0 system=515 idle=27224 iowait=0 irq=6024 softirq=9 steal=0
[host_monotonic_s=131877.043977] RT_CPUSTAT sample=67 cpu=cpu0 user=25 nice=0 system=302 idle=35841 iowait=0 irq=85 softirq=14 steal=0
[host_monotonic_s=131877.062350] RT_CPUSTAT sample=67 cpu=cpu1 user=163 nice=0 system=524 idle=27589 iowait=0 irq=6119 softirq=9 steal=0
[host_monotonic_s=131877.079569] RT_CPUSTAT sample=68 cpu=cpu0 user=26 nice=0 system=303 idle=36338 iowait=0 irq=86 softirq=15 steal=0
[host_monotonic_s=131877.097505] RT_CPUSTAT sample=68 cpu=cpu1 user=165 nice=0 system=534 idle=27955 iowait=0 irq=6212 softirq=9 steal=0
[host_monotonic_s=131877.114558] RT_CPUSTAT sample=69 cpu=cpu0 user=26 nice=0 system=304 idle=36837 iowait=0 irq=87 softirq=15 steal=0
[host_monotonic_s=131877.131413] RT_CPUSTAT sample=69 cpu=cpu1 user=166 nice=0 system=543 idle=28322 iowait=0 irq=6304 softirq=10 steal=0
[host_monotonic_s=131877.148935] RT_CPUSTAT sample=70 cpu=cpu0 user=26 nice=0 system=306 idle=37334 iowait=0 irq=88 softirq=15 steal=0
[host_monotonic_s=131877.166049] RT_CPUSTAT sample=70 cpu=cpu1 user=169 nice=0 system=549 idle=28691 iowait=0 irq=6396 softirq=10 steal=0
[host_monotonic_s=131877.182256] RT_CPUSTAT sample=71 cpu=cpu0 user=26 nice=0 system=307 idle=37833 iowait=0 irq=89 softirq=15 steal=0
[host_monotonic_s=131877.199487] RT_CPUSTAT sample=71 cpu=cpu1 user=170 nice=0 system=558 idle=29059 iowait=0 irq=6487 softirq=10 steal=0
[host_monotonic_s=131877.500885] RT_CPUSTAT sample=72 cpu=cpu0 user=26 nice=0 system=308 idle=38330 iowait=0 irq=90 softirq=15 steal=0
[host_monotonic_s=131877.500899] RT_CPUSTAT sample=72 cpu=cpu1 user=172 nice=0 system=566 idle=29422 iowait=0 irq=6582 softirq=10 steal=0
[host_monotonic_s=131877.510629] RT_CPUSTAT sample=73 cpu=cpu0 user=26 nice=0 system=309 idle=38829 iowait=0 irq=90 softirq=16 steal=0
[host_monotonic_s=131877.528054] RT_CPUSTAT sample=73 cpu=cpu1 user=174 nice=0 system=571 idle=29789 iowait=0 irq=6675 softirq=10 steal=0
[host_monotonic_s=131877.545313] RT_CPUSTAT sample=74 cpu=cpu0 user=27 nice=0 system=311 idle=39327 iowait=0 irq=92 softirq=16 steal=0
[host_monotonic_s=131877.562838] RT_CPUSTAT sample=74 cpu=cpu1 user=177 nice=0 system=576 idle=30158 iowait=0 irq=6765 softirq=10 steal=0
[host_monotonic_s=131877.579398] RT_CPUSTAT sample=75 cpu=cpu0 user=27 nice=0 system=312 idle=39825 iowait=0 irq=93 softirq=16 steal=0
[host_monotonic_s=131877.596546] RT_CPUSTAT sample=75 cpu=cpu1 user=179 nice=0 system=584 idle=30526 iowait=0 irq=6856 softirq=10 steal=0
[host_monotonic_s=131877.613675] RT_CPUSTAT sample=76 cpu=cpu0 user=27 nice=0 system=314 idle=40323 iowait=0 irq=94 softirq=16 steal=0
[host_monotonic_s=131877.631130] RT_CPUSTAT sample=76 cpu=cpu1 user=180 nice=0 system=590 idle=30896 iowait=0 irq=6946 softirq=11 steal=0
[host_monotonic_s=131877.648898] RT_CPUSTAT sample=77 cpu=cpu0 user=27 nice=0 system=315 idle=40822 iowait=0 irq=94 softirq=16 steal=0
[host_monotonic_s=131877.666761] RT_CPUSTAT sample=77 cpu=cpu1 user=183 nice=0 system=593 idle=31264 iowait=0 irq=7037 softirq=11 steal=0
[host_monotonic_s=131877.683973] RT_CPUSTAT sample=78 cpu=cpu0 user=27 nice=0 system=317 idle=41319 iowait=0 irq=95 softirq=16 steal=0
[host_monotonic_s=131877.701636] RT_CPUSTAT sample=78 cpu=cpu1 user=185 nice=0 system=598 idle=31630 iowait=0 irq=7130 softirq=11 steal=0
[host_monotonic_s=131877.719104] RT_CPUSTAT sample=79 cpu=cpu0 user=27 nice=0 system=318 idle=41818 iowait=0 irq=96 softirq=17 steal=0
[host_monotonic_s=131877.737203] RT_CPUSTAT sample=79 cpu=cpu1 user=188 nice=0 system=606 idle=31997 iowait=0 irq=7224 softirq=11 steal=0
[host_monotonic_s=131878.051279] RT_CPUSTAT sample=80 cpu=cpu0 user=27 nice=0 system=320 idle=42314 iowait=0 irq=98 softirq=17 steal=0
[host_monotonic_s=131878.051292] RT_CPUSTAT sample=80 cpu=cpu1 user=190 nice=0 system=615 idle=32363 iowait=0 irq=7318 softirq=11 steal=0
[host_monotonic_s=131878.051295] RT_CPUSTAT sample=81 cpu=cpu0 user=28 nice=0 system=321 idle=42813 iowait=0 irq=98 softirq=17 steal=0
[host_monotonic_s=131878.069396] RT_CPUSTAT sample=81 cpu=cpu1 user=194 nice=0 system=624 idle=32730 iowait=0 irq=7411 softirq=11 steal=0
[host_monotonic_s=131878.086076] RT_CPUSTAT sample=82 cpu=cpu0 user=28 nice=0 system=322 idle=43310 iowait=0 irq=99 softirq=17 steal=0
[host_monotonic_s=131878.103800] RT_CPUSTAT sample=82 cpu=cpu1 user=196 nice=0 system=633 idle=33095 iowait=0 irq=7504 softirq=11 steal=0
[host_monotonic_s=131878.120767] RT_CPUSTAT sample=83 cpu=cpu0 user=28 nice=0 system=323 idle=43809 iowait=0 irq=100 softirq=17 steal=0
[host_monotonic_s=131878.138208] RT_CPUSTAT sample=83 cpu=cpu1 user=198 nice=0 system=641 idle=33463 iowait=0 irq=7596 softirq=12 steal=0
[host_monotonic_s=131878.156713] RT_CPUSTAT sample=84 cpu=cpu0 user=28 nice=0 system=325 idle=44307 iowait=0 irq=101 softirq=18 steal=0
[host_monotonic_s=131878.174055] RT_CPUSTAT sample=84 cpu=cpu1 user=200 nice=0 system=651 idle=33832 iowait=0 irq=7687 softirq=12 steal=0
[host_monotonic_s=131878.191544] RT_CPUSTAT sample=85 cpu=cpu0 user=29 nice=0 system=325 idle=44805 iowait=0 irq=102 softirq=18 steal=0
[host_monotonic_s=131878.208810] RT_CPUSTAT sample=85 cpu=cpu1 user=202 nice=0 system=658 idle=34198 iowait=0 irq=7781 softirq=12 steal=0
[host_monotonic_s=131878.225528] RT_CPUSTAT sample=86 cpu=cpu0 user=29 nice=0 system=327 idle=45303 iowait=0 irq=103 softirq=18 steal=0
[host_monotonic_s=131878.242152] RT_CPUSTAT sample=86 cpu=cpu1 user=203 nice=0 system=664 idle=34563 iowait=0 irq=7876 softirq=12 steal=0
[host_monotonic_s=131878.259983] RT_CPUSTAT sample=87 cpu=cpu0 user=29 nice=0 system=328 idle=45801 iowait=0 irq=104 softirq=18 steal=0
[host_monotonic_s=131878.277684] RT_CPUSTAT sample=87 cpu=cpu1 user=206 nice=0 system=672 idle=34928 iowait=0 irq=7971 softirq=12 steal=0
[host_monotonic_s=131878.294895] RT_CPUSTAT sample=88 cpu=cpu0 user=30 nice=0 system=329 idle=46299 iowait=0 irq=105 softirq=18 steal=0
[host_monotonic_s=131878.601497] RT_CPUSTAT sample=88 cpu=cpu1 user=207 nice=0 system=678 idle=35298 iowait=0 irq=8061 softirq=12 steal=0
[host_monotonic_s=131878.601510] RT_CPUSTAT sample=89 cpu=cpu0 user=30 nice=0 system=330 idle=46797 iowait=0 irq=106 softirq=18 steal=0
[host_monotonic_s=131878.601513] RT_CPUSTAT sample=89 cpu=cpu1 user=209 nice=0 system=685 idle=35669 iowait=0 irq=8150 softirq=12 steal=0
[host_monotonic_s=131878.624804] RT_CPUSTAT sample=90 cpu=cpu0 user=31 nice=0 system=332 idle=47295 iowait=0 irq=107 softirq=19 steal=0
[host_monotonic_s=131878.641646] RT_CPUSTAT sample=90 cpu=cpu1 user=210 nice=0 system=693 idle=36033 iowait=0 irq=8244 softirq=13 steal=0
[host_monotonic_s=131878.658641] RT_CPUSTAT sample=91 cpu=cpu0 user=31 nice=0 system=333 idle=47793 iowait=0 irq=108 softirq=19 steal=0
[host_monotonic_s=131878.675509] RT_CPUSTAT sample=91 cpu=cpu1 user=210 nice=0 system=700 idle=36403 iowait=0 irq=8334 softirq=13 steal=0
[host_monotonic_s=131878.692906] RT_CPUSTAT sample=92 cpu=cpu0 user=31 nice=0 system=335 idle=48291 iowait=0 irq=109 softirq=19 steal=0
[host_monotonic_s=131878.710149] RT_CPUSTAT sample=92 cpu=cpu1 user=213 nice=0 system=708 idle=36770 iowait=0 irq=8428 softirq=13 steal=0
[host_monotonic_s=131878.727191] RT_CPUSTAT sample=93 cpu=cpu0 user=31 nice=0 system=335 idle=48790 iowait=0 irq=110 softirq=19 steal=0
[host_monotonic_s=131878.744710] RT_CPUSTAT sample=93 cpu=cpu1 user=215 nice=0 system=715 idle=37136 iowait=0 irq=8520 softirq=13 steal=0
[host_monotonic_s=131878.761589] RT_CPUSTAT sample=94 cpu=cpu0 user=31 nice=0 system=338 idle=49287 iowait=0 irq=111 softirq=19 steal=0
[host_monotonic_s=131878.779233] RT_CPUSTAT sample=94 cpu=cpu1 user=216 nice=0 system=727 idle=37502 iowait=0 irq=8614 softirq=13 steal=0
[host_monotonic_s=131878.796672] RT_CPUSTAT sample=95 cpu=cpu0 user=31 nice=0 system=338 idle=49786 iowait=0 irq=112 softirq=20 steal=0
[host_monotonic_s=131878.815605] RT_CPUSTAT sample=95 cpu=cpu1 user=219 nice=0 system=733 idle=37867 iowait=0 irq=8709 softirq=13 steal=0
[host_monotonic_s=131878.832873] RT_CPUSTAT sample=96 cpu=cpu0 user=31 nice=0 system=340 idle=50283 iowait=0 irq=113 softirq=20 steal=0
[host_monotonic_s=131878.850729] RT_CPUSTAT sample=96 cpu=cpu1 user=220 nice=0 system=740 idle=38236 iowait=0 irq=8801 softirq=13 steal=0
[host_monotonic_s=131879.151707] RT_CPUSTAT sample=97 cpu=cpu0 user=32 nice=0 system=340 idle=50782 iowait=0 irq=114 softirq=20 steal=0
[host_monotonic_s=131879.151718] RT_CPUSTAT sample=97 cpu=cpu1 user=222 nice=0 system=748 idle=38602 iowait=0 irq=8894 softirq=13 steal=0
[host_monotonic_s=131879.161383] RT_CPUSTAT sample=98 cpu=cpu0 user=32 nice=0 system=342 idle=51279 iowait=0 irq=115 softirq=20 steal=0
[host_monotonic_s=131879.178190] RT_CPUSTAT sample=98 cpu=cpu1 user=226 nice=0 system=757 idle=38968 iowait=0 irq=8988 softirq=14 steal=0
[host_monotonic_s=131879.195518] RT_CPUSTAT sample=99 cpu=cpu0 user=33 nice=0 system=342 idle=51778 iowait=0 irq=116 softirq=20 steal=0
[host_monotonic_s=131879.212556] RT_CPUSTAT sample=99 cpu=cpu1 user=227 nice=0 system=766 idle=39332 iowait=0 irq=9082 softirq=14 steal=0
[host_monotonic_s=131879.229472] RT_CPUSTAT sample=100 cpu=cpu0 user=33 nice=0 system=344 idle=52275 iowait=0 irq=117 softirq=21 steal=0
[host_monotonic_s=131879.246402] RT_CPUSTAT sample=100 cpu=cpu1 user=230 nice=0 system=776 idle=39697 iowait=0 irq=9176 softirq=14 steal=0
[host_monotonic_s=131879.263213] RT_CPUSTAT sample=101 cpu=cpu0 user=33 nice=0 system=345 idle=52774 iowait=0 irq=118 softirq=21 steal=0
[host_monotonic_s=131879.280462] RT_CPUSTAT sample=101 cpu=cpu1 user=234 nice=0 system=788 idle=40059 iowait=0 irq=9270 softirq=14 steal=0
[host_monotonic_s=131879.297454] RT_CPUSTAT sample=102 cpu=cpu0 user=34 nice=0 system=347 idle=53271 iowait=0 irq=119 softirq=21 steal=0
[host_monotonic_s=131879.314883] RT_CPUSTAT sample=102 cpu=cpu1 user=235 nice=0 system=799 idle=40425 iowait=0 irq=9364 softirq=14 steal=0
[host_monotonic_s=131879.331607] RT_CPUSTAT sample=103 cpu=cpu0 user=34 nice=0 system=348 idle=53770 iowait=0 irq=120 softirq=21 steal=0
[host_monotonic_s=131879.351866] RT_CPUSTAT sample=103 cpu=cpu1 user=238 nice=0 system=807 idle=40791 iowait=0 irq=9457 softirq=14 steal=0
[host_monotonic_s=131879.369544] RT_CPUSTAT sample=104 cpu=cpu0 user=34 nice=0 system=349 idle=54267 iowait=0 irq=121 softirq=21 steal=0
[host_monotonic_s=131879.386457] RT_CPUSTAT sample=104 cpu=cpu1 user=241 nice=0 system=814 idle=41159 iowait=0 irq=9549 softirq=14 steal=0
[host_monotonic_s=131879.701979] RT_CPUSTAT sample=105 cpu=cpu0 user=34 nice=0 system=350 idle=54766 iowait=0 irq=122 softirq=21 steal=0
[host_monotonic_s=131879.701990] RT_CPUSTAT sample=105 cpu=cpu1 user=242 nice=0 system=824 idle=41527 iowait=0 irq=9639 softirq=14 steal=0
[host_monotonic_s=131879.701992] RT_CPUSTAT sample=106 cpu=cpu0 user=34 nice=0 system=352 idle=55264 iowait=0 irq=123 softirq=22 steal=0
[host_monotonic_s=131879.714705] RT_CPUSTAT sample=106 cpu=cpu1 user=244 nice=0 system=830 idle=41897 iowait=0 irq=9730 softirq=15 steal=0
[host_monotonic_s=131879.731672] RT_CPUSTAT sample=107 cpu=cpu0 user=34 nice=0 system=354 idle=55762 iowait=0 irq=124 softirq=22 steal=0
[host_monotonic_s=131879.750269] RT_CPUSTAT sample=107 cpu=cpu1 user=247 nice=0 system=836 idle=42263 iowait=0 irq=9825 softirq=15 steal=0
[host_monotonic_s=131879.767599] RT_CPUSTAT sample=108 cpu=cpu0 user=35 nice=0 system=355 idle=56260 iowait=0 irq=125 softirq=22 steal=0
[host_monotonic_s=131879.785813] RT_CPUSTAT sample=108 cpu=cpu1 user=248 nice=0 system=842 idle=42632 iowait=0 irq=9917 softirq=15 steal=0
[host_monotonic_s=131879.804592] RT_CPUSTAT sample=109 cpu=cpu0 user=36 nice=0 system=355 idle=56759 iowait=0 irq=126 softirq=22 steal=0
[host_monotonic_s=131879.823281] RT_CPUSTAT sample=109 cpu=cpu1 user=253 nice=0 system=848 idle=43004 iowait=0 irq=10004 softirq=15 steal=0
[host_monotonic_s=131879.839852] RT_CPUSTAT sample=110 cpu=cpu0 user=36 nice=0 system=357 idle=57255 iowait=0 irq=127 softirq=22 steal=0
[host_monotonic_s=131879.857573] RT_CPUSTAT sample=110 cpu=cpu1 user=254 nice=0 system=854 idle=43371 iowait=0 irq=10096 softirq=15 steal=0
[host_monotonic_s=131879.875185] RT_CPUSTAT sample=111 cpu=cpu0 user=36 nice=0 system=358 idle=57754 iowait=0 irq=128 softirq=22 steal=0
[host_monotonic_s=131879.892784] RT_CPUSTAT sample=111 cpu=cpu1 user=256 nice=0 system=864 idle=43740 iowait=0 irq=10185 softirq=15 steal=0
[host_monotonic_s=131879.909865] RT_CPUSTAT sample=112 cpu=cpu0 user=37 nice=0 system=360 idle=58251 iowait=0 irq=129 softirq=23 steal=0
[host_monotonic_s=131879.926923] RT_CPUSTAT sample=112 cpu=cpu1 user=258 nice=0 system=875 idle=44101 iowait=0 irq=10282 softirq=15 steal=0
[host_monotonic_s=131879.943607] RT_CPUSTAT sample=113 cpu=cpu0 user=37 nice=0 system=361 idle=58750 iowait=0 irq=130 softirq=23 steal=0
[host_monotonic_s=131880.252629] RT_CPUSTAT sample=113 cpu=cpu1 user=262 nice=0 system=886 idle=44460 iowait=0 irq=10381 softirq=15 steal=0
[host_monotonic_s=131880.252649] RT_CPUSTAT sample=114 cpu=cpu0 user=37 nice=0 system=363 idle=59248 iowait=0 irq=131 softirq=23 steal=0
[host_monotonic_s=131880.252652] RT_CPUSTAT sample=114 cpu=cpu1 user=264 nice=0 system=893 idle=44826 iowait=0 irq=10474 softirq=16 steal=0
[host_monotonic_s=131880.273000] RT_CPUSTAT sample=115 cpu=cpu0 user=37 nice=0 system=364 idle=59747 iowait=0 irq=131 softirq=23 steal=0
[host_monotonic_s=131880.290038] RT_CPUSTAT sample=115 cpu=cpu1 user=265 nice=0 system=898 idle=45191 iowait=0 irq=10567 softirq=16 steal=0
[host_monotonic_s=131880.307405] RT_CPUSTAT sample=116 cpu=cpu0 user=37 nice=0 system=366 idle=60244 iowait=0 irq=133 softirq=23 steal=0
[host_monotonic_s=131880.324634] RT_CPUSTAT sample=116 cpu=cpu1 user=268 nice=0 system=904 idle=45560 iowait=0 irq=10657 softirq=16 steal=0
[host_monotonic_s=131880.341305] RT_CPUSTAT sample=117 cpu=cpu0 user=37 nice=0 system=368 idle=60743 iowait=0 irq=134 softirq=24 steal=0
[host_monotonic_s=131880.359264] RT_CPUSTAT sample=117 cpu=cpu1 user=269 nice=0 system=913 idle=45927 iowait=0 irq=10750 softirq=16 steal=0
[host_monotonic_s=131880.376348] RT_CPUSTAT sample=118 cpu=cpu0 user=37 nice=0 system=370 idle=61240 iowait=0 irq=135 softirq=24 steal=0
[host_monotonic_s=131880.393510] RT_CPUSTAT sample=118 cpu=cpu1 user=272 nice=0 system=923 idle=46293 iowait=0 irq=10843 softirq=16 steal=0
[host_monotonic_s=131880.409941] RT_CPUSTAT sample=119 cpu=cpu0 user=37 nice=0 system=371 idle=61739 iowait=0 irq=135 softirq=24 steal=0
[host_monotonic_s=131880.427559] RT_CPUSTAT sample=119 cpu=cpu1 user=274 nice=0 system=932 idle=46660 iowait=0 irq=10936 softirq=16 steal=0
[host_monotonic_s=131880.444556] RT_CPUSTAT sample=120 cpu=cpu0 user=38 nice=0 system=372 idle=62236 iowait=0 irq=137 softirq=24 steal=0
[host_monotonic_s=131880.460811] RT_CPUSTAT sample=120 cpu=cpu1 user=275 nice=0 system=936 idle=47027 iowait=0 irq=11029 softirq=16 steal=0
[host_monotonic_s=131880.476952] RT_CPUSTAT sample=121 cpu=cpu0 user=38 nice=0 system=374 idle=62735 iowait=0 irq=137 softirq=24 steal=0
[host_monotonic_s=131880.493662] RT_CPUSTAT sample=121 cpu=cpu1 user=276 nice=0 system=942 idle=47398 iowait=0 irq=11117 softirq=17 steal=0
[host_monotonic_s=131880.802795] RT_CPUSTAT sample=122 cpu=cpu0 user=38 nice=0 system=375 idle=63233 iowait=0 irq=138 softirq=24 steal=0
[host_monotonic_s=131880.802808] RT_CPUSTAT sample=122 cpu=cpu1 user=279 nice=0 system=952 idle=47767 iowait=0 irq=11208 softirq=17 steal=0
[host_monotonic_s=131880.802811] RT_CPUSTAT sample=123 cpu=cpu0 user=39 nice=0 system=375 idle=63731 iowait=0 irq=139 softirq=25 steal=0
[host_monotonic_s=131880.822435] RT_CPUSTAT sample=123 cpu=cpu1 user=282 nice=0 system=959 idle=48134 iowait=0 irq=11302 softirq=17 steal=0
[host_monotonic_s=131880.838035] RT_CPUSTAT sample=124 cpu=cpu0 user=39 nice=0 system=377 idle=64228 iowait=0 irq=141 softirq=25 steal=0
[host_monotonic_s=131880.854720] RT_CPUSTAT sample=124 cpu=cpu1 user=284 nice=0 system=968 idle=48500 iowait=0 irq=11395 softirq=17 steal=0
[host_monotonic_s=131880.870510] RT_CPUSTAT sample=125 cpu=cpu0 user=40 nice=0 system=377 idle=64727 iowait=0 irq=142 softirq=25 steal=0
[host_monotonic_s=131880.886868] RT_CPUSTAT sample=125 cpu=cpu1 user=287 nice=0 system=975 idle=48866 iowait=0 irq=11488 softirq=17 steal=0
[host_monotonic_s=131880.903216] RT_CPUSTAT sample=126 cpu=cpu0 user=40 nice=0 system=379 idle=65225 iowait=0 irq=143 softirq=25 steal=0
[host_monotonic_s=131880.919796] RT_CPUSTAT sample=126 cpu=cpu1 user=287 nice=0 system=979 idle=49241 iowait=0 irq=11575 softirq=17 steal=0
[host_monotonic_s=131880.936445] RT_CPUSTAT sample=127 cpu=cpu0 user=40 nice=0 system=380 idle=65724 iowait=0 irq=143 softirq=25 steal=0
[host_monotonic_s=131880.953201] RT_CPUSTAT sample=127 cpu=cpu1 user=288 nice=0 system=986 idle=49611 iowait=0 irq=11664 softirq=17 steal=0
[host_monotonic_s=131880.969083] RT_CPUSTAT sample=128 cpu=cpu0 user=40 nice=0 system=382 idle=66221 iowait=0 irq=144 softirq=26 steal=0
[host_monotonic_s=131880.985588] RT_CPUSTAT sample=128 cpu=cpu1 user=290 nice=0 system=992 idle=49978 iowait=0 irq=11755 softirq=18 steal=0
[host_monotonic_s=131881.001932] RT_CPUSTAT sample=129 cpu=cpu0 user=41 nice=0 system=382 idle=66720 iowait=0 irq=145 softirq=26 steal=0
[host_monotonic_s=131881.018802] RT_CPUSTAT sample=129 cpu=cpu1 user=292 nice=0 system=998 idle=50350 iowait=0 irq=11843 softirq=18 steal=0
[host_monotonic_s=131881.035090] RT_CPUSTAT sample=130 cpu=cpu0 user=41 nice=0 system=383 idle=67217 iowait=0 irq=146 softirq=26 steal=0
[host_monotonic_s=131881.051966] RT_CPUSTAT sample=130 cpu=cpu1 user=294 nice=0 system=1007 idle=50717 iowait=0 irq=11935 softirq=18 steal=0
[host_monotonic_s=131881.353218] RT_CPUSTAT sample=131 cpu=cpu0 user=42 nice=0 system=384 idle=67716 iowait=0 irq=147 softirq=26 steal=0
[host_monotonic_s=131881.353231] RT_CPUSTAT sample=131 cpu=cpu1 user=298 nice=0 system=1015 idle=51086 iowait=0 irq=12027 softirq=18 steal=0
[host_monotonic_s=131881.364791] RT_CPUSTAT sample=132 cpu=cpu0 user=42 nice=0 system=385 idle=68214 iowait=0 irq=148 softirq=26 steal=0
[host_monotonic_s=131881.382289] RT_CPUSTAT sample=132 cpu=cpu1 user=299 nice=0 system=1020 idle=51458 iowait=0 irq=12115 softirq=18 steal=0
[host_monotonic_s=131881.400039] RT_CPUSTAT sample=133 cpu=cpu0 user=42 nice=0 system=386 idle=68713 iowait=0 irq=149 softirq=26 steal=0
[host_monotonic_s=131881.418522] RT_CPUSTAT sample=133 cpu=cpu1 user=302 nice=0 system=1027 idle=51824 iowait=0 irq=12209 softirq=18 steal=0
[host_monotonic_s=131881.436710] RT_CPUSTAT sample=134 cpu=cpu0 user=42 nice=0 system=388 idle=69210 iowait=0 irq=150 softirq=27 steal=0
[host_monotonic_s=131881.454737] RT_CPUSTAT sample=134 cpu=cpu1 user=303 nice=0 system=1031 idle=52194 iowait=0 irq=12299 softirq=18 steal=0
[host_monotonic_s=131881.471459] RT_CPUSTAT sample=135 cpu=cpu0 user=43 nice=0 system=389 idle=69709 iowait=0 irq=151 softirq=27 steal=0
[host_monotonic_s=131881.489187] RT_CPUSTAT sample=135 cpu=cpu1 user=306 nice=0 system=1036 idle=52560 iowait=0 irq=12394 softirq=18 steal=0
[host_monotonic_s=131881.505994] RT_CPUSTAT sample=136 cpu=cpu0 user=43 nice=0 system=391 idle=70206 iowait=0 irq=152 softirq=27 steal=0
[host_monotonic_s=131881.523411] RT_CPUSTAT sample=136 cpu=cpu1 user=307 nice=0 system=1046 idle=52925 iowait=0 irq=12488 softirq=19 steal=0
[host_monotonic_s=131881.540309] RT_CPUSTAT sample=137 cpu=cpu0 user=43 nice=0 system=391 idle=70705 iowait=0 irq=153 softirq=27 steal=0
[host_monotonic_s=131881.557922] RT_CPUSTAT sample=137 cpu=cpu1 user=308 nice=0 system=1054 idle=53291 iowait=0 irq=12581 softirq=19 steal=0
[host_monotonic_s=131881.574456] RT_CPUSTAT sample=138 cpu=cpu0 user=44 nice=0 system=393 idle=71202 iowait=0 irq=154 softirq=27 steal=0
[host_monotonic_s=131881.592691] RT_CPUSTAT sample=138 cpu=cpu1 user=310 nice=0 system=1061 idle=53660 iowait=0 irq=12673 softirq=19 steal=0
[host_monotonic_s=131881.903551] RT_CPUSTAT sample=139 cpu=cpu0 user=44 nice=0 system=394 idle=71701 iowait=0 irq=155 softirq=28 steal=0
[host_monotonic_s=131881.903565] RT_CPUSTAT sample=139 cpu=cpu1 user=313 nice=0 system=1067 idle=54033 iowait=0 irq=12759 softirq=19 steal=0
[host_monotonic_s=131881.903567] RT_CPUSTAT sample=140 cpu=cpu0 user=44 nice=0 system=396 idle=72198 iowait=0 irq=156 softirq=28 steal=0
[host_monotonic_s=131881.921890] RT_CPUSTAT sample=140 cpu=cpu1 user=316 nice=0 system=1078 idle=54400 iowait=0 irq=12852 softirq=19 steal=0
[host_monotonic_s=131881.938259] RT_CPUSTAT sample=141 cpu=cpu0 user=44 nice=0 system=396 idle=72697 iowait=0 irq=157 softirq=28 steal=0
[host_monotonic_s=131881.955894] RT_CPUSTAT sample=141 cpu=cpu1 user=319 nice=0 system=1087 idle=54768 iowait=0 irq=12944 softirq=19 steal=0
[host_monotonic_s=131881.973811] RT_CPUSTAT sample=142 cpu=cpu0 user=44 nice=0 system=398 idle=73194 iowait=0 irq=158 softirq=28 steal=0
[host_monotonic_s=131881.991598] RT_CPUSTAT sample=142 cpu=cpu1 user=322 nice=0 system=1094 idle=55138 iowait=0 irq=13033 softirq=19 steal=0
[host_monotonic_s=131882.008786] RT_CPUSTAT sample=143 cpu=cpu0 user=45 nice=0 system=399 idle=73693 iowait=0 irq=159 softirq=28 steal=0
[host_monotonic_s=131882.026130] RT_CPUSTAT sample=143 cpu=cpu1 user=325 nice=0 system=1104 idle=55503 iowait=0 irq=13126 softirq=20 steal=0
[host_monotonic_s=131882.042532] RT_CPUSTAT sample=144 cpu=cpu0 user=45 nice=0 system=401 idle=74191 iowait=0 irq=160 softirq=29 steal=0
[host_monotonic_s=131882.060787] RT_CPUSTAT sample=144 cpu=cpu1 user=327 nice=0 system=1113 idle=55871 iowait=0 irq=13218 softirq=20 steal=0
[host_monotonic_s=131882.077848] RT_CPUSTAT sample=145 cpu=cpu0 user=45 nice=0 system=401 idle=74689 iowait=0 irq=160 softirq=29 steal=0
[host_monotonic_s=131882.096006] RT_CPUSTAT sample=145 cpu=cpu1 user=331 nice=0 system=1123 idle=56235 iowait=0 irq=13313 softirq=20 steal=0
[host_monotonic_s=131882.113281] RT_CPUSTAT sample=146 cpu=cpu0 user=46 nice=0 system=403 idle=75187 iowait=0 irq=162 softirq=29 steal=0
[host_monotonic_s=131882.130465] RT_CPUSTAT sample=146 cpu=cpu1 user=333 nice=0 system=1133 idle=56600 iowait=0 irq=13405 softirq=20 steal=0
[host_monotonic_s=131882.147455] RT_CPUSTAT sample=147 cpu=cpu0 user=46 nice=0 system=404 idle=75685 iowait=0 irq=162 softirq=29 steal=0
[host_monotonic_s=131882.453838] RT_CPUSTAT sample=147 cpu=cpu1 user=335 nice=0 system=1142 idle=56965 iowait=0 irq=13499 softirq=20 steal=0
[host_monotonic_s=131882.453851] RT_CPUSTAT sample=148 cpu=cpu0 user=46 nice=0 system=405 idle=76183 iowait=0 irq=164 softirq=29 steal=0
[host_monotonic_s=131882.461248] RT_CPUSTAT sample=148 cpu=cpu1 user=337 nice=0 system=1151 idle=57332 iowait=0 irq=13592 softirq=20 steal=0
[host_monotonic_s=131882.477669] RT_CPUSTAT sample=149 cpu=cpu0 user=46 nice=0 system=406 idle=76682 iowait=0 irq=164 softirq=29 steal=0
[host_monotonic_s=131882.495644] RT_CPUSTAT sample=149 cpu=cpu1 user=340 nice=0 system=1161 idle=57701 iowait=0 irq=13681 softirq=20 steal=0
[host_monotonic_s=131882.512851] RT_CPUSTAT sample=150 cpu=cpu0 user=46 nice=0 system=407 idle=77179 iowait=0 irq=165 softirq=30 steal=0
[host_monotonic_s=131882.531232] RT_CPUSTAT sample=150 cpu=cpu1 user=342 nice=0 system=1168 idle=58073 iowait=0 irq=13768 softirq=21 steal=0
[host_monotonic_s=131882.548878] RT_CPUSTAT sample=151 cpu=cpu0 user=47 nice=0 system=408 idle=77678 iowait=0 irq=166 softirq=30 steal=0
[host_monotonic_s=131882.567219] RT_CPUSTAT sample=151 cpu=cpu1 user=344 nice=0 system=1176 idle=58441 iowait=0 irq=13860 softirq=21 steal=0
[host_monotonic_s=131882.584981] RT_CPUSTAT sample=152 cpu=cpu0 user=47 nice=0 system=410 idle=78175 iowait=0 irq=167 softirq=30 steal=0
[host_monotonic_s=131882.602696] RT_CPUSTAT sample=152 cpu=cpu1 user=347 nice=0 system=1182 idle=58809 iowait=0 irq=13952 softirq=21 steal=0
[host_monotonic_s=131882.619747] RT_CPUSTAT sample=153 cpu=cpu0 user=48 nice=0 system=411 idle=78674 iowait=0 irq=168 softirq=30 steal=0
[host_monotonic_s=131882.636997] RT_CPUSTAT sample=153 cpu=cpu1 user=349 nice=0 system=1191 idle=59181 iowait=0 irq=14039 softirq=21 steal=0
[host_monotonic_s=131882.653637] RT_CPUSTAT sample=154 cpu=cpu0 user=48 nice=0 system=412 idle=79171 iowait=0 irq=169 softirq=30 steal=0
[host_monotonic_s=131882.670795] RT_CPUSTAT sample=154 cpu=cpu1 user=353 nice=0 system=1201 idle=59549 iowait=0 irq=14130 softirq=21 steal=0
[host_monotonic_s=131882.687190] RT_CPUSTAT sample=155 cpu=cpu0 user=48 nice=0 system=413 idle=79670 iowait=0 irq=170 softirq=31 steal=0
[host_monotonic_s=131883.004188] RT_CPUSTAT sample=155 cpu=cpu1 user=356 nice=0 system=1208 idle=59914 iowait=0 irq=14225 softirq=21 steal=0
[host_monotonic_s=131883.004202] RT_CPUSTAT sample=156 cpu=cpu0 user=48 nice=0 system=415 idle=80167 iowait=0 irq=171 softirq=31 steal=0
[host_monotonic_s=131883.004205] RT_CPUSTAT sample=156 cpu=cpu1 user=358 nice=0 system=1216 idle=60279 iowait=0 irq=14319 softirq=21 steal=0
[host_monotonic_s=131883.018170] RT_CPUSTAT sample=157 cpu=cpu0 user=48 nice=0 system=416 idle=80666 iowait=0 irq=172 softirq=31 steal=0
[host_monotonic_s=131883.036018] RT_CPUSTAT sample=157 cpu=cpu1 user=359 nice=0 system=1227 idle=60643 iowait=0 irq=14413 softirq=21 steal=0
[host_monotonic_s=131883.054596] RT_CPUSTAT sample=158 cpu=cpu0 user=49 nice=0 system=417 idle=81163 iowait=0 irq=173 softirq=31 steal=0
[host_monotonic_s=131883.072697] RT_CPUSTAT sample=158 cpu=cpu1 user=362 nice=0 system=1233 idle=61008 iowait=0 irq=14507 softirq=22 steal=0
[host_monotonic_s=131883.090450] RT_CPUSTAT sample=159 cpu=cpu0 user=49 nice=0 system=418 idle=81662 iowait=0 irq=174 softirq=31 steal=0
[host_monotonic_s=131883.109101] RT_CPUSTAT sample=159 cpu=cpu1 user=363 nice=0 system=1239 idle=61374 iowait=0 irq=14599 softirq=22 steal=0
[host_monotonic_s=131883.126510] RT_CPUSTAT sample=160 cpu=cpu0 user=49 nice=0 system=420 idle=82160 iowait=0 irq=175 softirq=32 steal=0
[host_monotonic_s=131883.143555] RT_CPUSTAT sample=160 cpu=cpu1 user=365 nice=0 system=1243 idle=61740 iowait=0 irq=14692 softirq=22 steal=0
[host_monotonic_s=131883.160860] RT_CPUSTAT sample=161 cpu=cpu0 user=49 nice=0 system=421 idle=82659 iowait=0 irq=176 softirq=32 steal=0
[host_monotonic_s=131883.177869] RT_CPUSTAT sample=161 cpu=cpu1 user=366 nice=0 system=1249 idle=62113 iowait=0 irq=14779 softirq=22 steal=0
[host_monotonic_s=131883.195199] RT_CPUSTAT sample=162 cpu=cpu0 user=50 nice=0 system=422 idle=83156 iowait=0 irq=177 softirq=32 steal=0
[host_monotonic_s=131883.213449] RT_CPUSTAT sample=162 cpu=cpu1 user=367 nice=0 system=1252 idle=62483 iowait=0 irq=14869 softirq=22 steal=0
[host_monotonic_s=131883.230222] RT_CPUSTAT sample=163 cpu=cpu0 user=50 nice=0 system=424 idle=83655 iowait=0 irq=178 softirq=32 steal=0
[host_monotonic_s=131883.247867] RT_CPUSTAT sample=163 cpu=cpu1 user=368 nice=0 system=1258 idle=62852 iowait=0 irq=14959 softirq=22 steal=0
[host_monotonic_s=131883.554549] RT_CPUSTAT sample=164 cpu=cpu0 user=50 nice=0 system=426 idle=84152 iowait=0 irq=179 softirq=32 steal=0
[host_monotonic_s=131883.554563] RT_CPUSTAT sample=164 cpu=cpu1 user=370 nice=0 system=1265 idle=63222 iowait=0 irq=15049 softirq=22 steal=0
[host_monotonic_s=131883.561355] RT_CPUSTAT sample=165 cpu=cpu0 user=50 nice=0 system=427 idle=84651 iowait=0 irq=179 softirq=32 steal=0
[host_monotonic_s=131883.578455] RT_CPUSTAT sample=165 cpu=cpu1 user=373 nice=0 system=1274 idle=63591 iowait=0 irq=15139 softirq=22 steal=0
[host_monotonic_s=131883.595104] RT_CPUSTAT sample=166 cpu=cpu0 user=50 nice=0 system=428 idle=85149 iowait=0 irq=180 softirq=33 steal=0
[host_monotonic_s=131883.612655] RT_CPUSTAT sample=166 cpu=cpu1 user=375 nice=0 system=1282 idle=63961 iowait=0 irq=15229 softirq=23 steal=0
[host_monotonic_s=131883.629888] RT_CPUSTAT sample=167 cpu=cpu0 user=50 nice=0 system=429 idle=85648 iowait=0 irq=181 softirq=33 steal=0
[host_monotonic_s=131883.648754] RT_CPUSTAT sample=167 cpu=cpu1 user=378 nice=0 system=1288 idle=64334 iowait=0 irq=15316 softirq=23 steal=0
[host_monotonic_s=131883.665630] RT_CPUSTAT sample=168 cpu=cpu0 user=51 nice=0 system=430 idle=86145 iowait=0 irq=182 softirq=33 steal=0
[host_monotonic_s=131883.683828] RT_CPUSTAT sample=168 cpu=cpu1 user=381 nice=0 system=1298 idle=64701 iowait=0 irq=15409 softirq=23 steal=0
[host_monotonic_s=131883.701260] RT_CPUSTAT sample=169 cpu=cpu0 user=51 nice=0 system=431 idle=86644 iowait=0 irq=183 softirq=33 steal=0
[host_monotonic_s=131883.719900] RT_CPUSTAT sample=169 cpu=cpu1 user=383 nice=0 system=1309 idle=65067 iowait=0 irq=15502 softirq=23 steal=0
[host_monotonic_s=131883.737479] RT_CPUSTAT sample=170 cpu=cpu0 user=52 nice=0 system=432 idle=87141 iowait=0 irq=184 softirq=33 steal=0
[host_monotonic_s=131883.754706] RT_CPUSTAT sample=170 cpu=cpu1 user=386 nice=0 system=1318 idle=65431 iowait=0 irq=15598 softirq=23 steal=0
[host_monotonic_s=131883.771819] RT_CPUSTAT sample=171 cpu=cpu0 user=52 nice=0 system=433 idle=87640 iowait=0 irq=185 softirq=33 steal=0
[host_monotonic_s=131883.790129] RT_CPUSTAT sample=171 cpu=cpu1 user=388 nice=0 system=1326 idle=65797 iowait=0 irq=15692 softirq=23 steal=0
[host_monotonic_s=131884.104944] RT_CPUSTAT sample=172 cpu=cpu0 user=52 nice=0 system=435 idle=88137 iowait=0 irq=186 softirq=34 steal=0
[host_monotonic_s=131884.104959] RT_CPUSTAT sample=172 cpu=cpu1 user=389 nice=0 system=1332 idle=66163 iowait=0 irq=15786 softirq=23 steal=0
[host_monotonic_s=131884.104962] RT_CPUSTAT sample=173 cpu=cpu0 user=52 nice=0 system=436 idle=88636 iowait=0 irq=187 softirq=34 steal=0
[host_monotonic_s=131884.119905] RT_CPUSTAT sample=173 cpu=cpu1 user=392 nice=0 system=1344 idle=66525 iowait=0 irq=15883 softirq=24 steal=0
[host_monotonic_s=131884.136628] RT_CPUSTAT sample=174 cpu=cpu0 user=53 nice=0 system=437 idle=89133 iowait=0 irq=188 softirq=34 steal=0
[host_monotonic_s=131884.154586] RT_CPUSTAT sample=174 cpu=cpu1 user=394 nice=0 system=1351 idle=66898 iowait=0 irq=15970 softirq=24 steal=0
[host_monotonic_s=131884.172510] RT_CPUSTAT sample=175 cpu=cpu0 user=53 nice=0 system=438 idle=89632 iowait=0 irq=189 softirq=34 steal=0
[host_monotonic_s=131884.191339] RT_CPUSTAT sample=175 cpu=cpu1 user=398 nice=0 system=1361 idle=67262 iowait=0 irq=16064 softirq=24 steal=0
[host_monotonic_s=131884.208798] RT_CPUSTAT sample=176 cpu=cpu0 user=53 nice=0 system=439 idle=90129 iowait=0 irq=190 softirq=35 steal=0
[host_monotonic_s=131884.226551] RT_CPUSTAT sample=176 cpu=cpu1 user=404 nice=0 system=1375 idle=67623 iowait=0 irq=16161 softirq=24 steal=0
[host_monotonic_s=131884.243139] RT_CPUSTAT sample=177 cpu=cpu0 user=54 nice=0 system=440 idle=90628 iowait=0 irq=191 softirq=35 steal=0
[host_monotonic_s=131884.261325] RT_CPUSTAT sample=177 cpu=cpu1 user=406 nice=0 system=1384 idle=67989 iowait=0 irq=16253 softirq=24 steal=0
[host_monotonic_s=131884.278546] RT_CPUSTAT sample=178 cpu=cpu0 user=54 nice=0 system=442 idle=91125 iowait=0 irq=192 softirq=35 steal=0
[host_monotonic_s=131884.296409] RT_CPUSTAT sample=178 cpu=cpu1 user=406 nice=0 system=1390 idle=68353 iowait=0 irq=16346 softirq=24 steal=0
[host_monotonic_s=131884.313136] RT_CPUSTAT sample=179 cpu=cpu0 user=54 nice=0 system=443 idle=91624 iowait=0 irq=193 softirq=35 steal=0
[host_monotonic_s=131884.330337] RT_CPUSTAT sample=179 cpu=cpu1 user=408 nice=0 system=1399 idle=68721 iowait=0 irq=16438 softirq=24 steal=0
[host_monotonic_s=131884.347618] RT_CPUSTAT sample=180 cpu=cpu0 user=54 nice=0 system=445 idle=92122 iowait=0 irq=194 softirq=35 steal=0
[host_monotonic_s=131884.655330] RT_CPUSTAT sample=180 cpu=cpu1 user=409 nice=0 system=1407 idle=69091 iowait=0 irq=16527 softirq=25 steal=0
[host_monotonic_s=131884.655346] RT_CPUSTAT sample=181 cpu=cpu0 user=54 nice=0 system=446 idle=92621 iowait=0 irq=195 softirq=35 steal=0
[host_monotonic_s=131884.661140] RT_CPUSTAT sample=181 cpu=cpu1 user=411 nice=0 system=1412 idle=69466 iowait=0 irq=16611 softirq=25 steal=0
[host_monotonic_s=131884.678651] RT_CPUSTAT sample=182 cpu=cpu0 user=55 nice=0 system=447 idle=93118 iowait=0 irq=196 softirq=36 steal=0
[host_monotonic_s=131884.697563] RT_CPUSTAT sample=182 cpu=cpu1 user=413 nice=0 system=1421 idle=69833 iowait=0 irq=16704 softirq=25 steal=0
[host_monotonic_s=131884.717042] RT_CPUSTAT sample=183 cpu=cpu0 user=55 nice=0 system=448 idle=93617 iowait=0 irq=197 softirq=36 steal=0
[host_monotonic_s=131884.734851] RT_CPUSTAT sample=183 cpu=cpu1 user=415 nice=0 system=1427 idle=70201 iowait=0 irq=16795 softirq=25 steal=0
[host_monotonic_s=131884.751821] RT_CPUSTAT sample=184 cpu=cpu0 user=56 nice=0 system=450 idle=94114 iowait=0 irq=198 softirq=36 steal=0
[host_monotonic_s=131884.769471] RT_CPUSTAT sample=184 cpu=cpu1 user=415 nice=0 system=1432 idle=70575 iowait=0 irq=16882 softirq=25 steal=0
[host_monotonic_s=131884.786892] RT_CPUSTAT sample=185 cpu=cpu0 user=56 nice=0 system=451 idle=94613 iowait=0 irq=199 softirq=36 steal=0
[host_monotonic_s=131884.804823] RT_CPUSTAT sample=185 cpu=cpu1 user=416 nice=0 system=1439 idle=70944 iowait=0 irq=16972 softirq=25 steal=0
[host_monotonic_s=131884.822043] RT_CPUSTAT sample=186 cpu=cpu0 user=57 nice=0 system=452 idle=95110 iowait=0 irq=200 softirq=36 steal=0
[host_monotonic_s=131884.839583] RT_CPUSTAT sample=186 cpu=cpu1 user=420 nice=0 system=1447 idle=71312 iowait=0 irq=17064 softirq=25 steal=0
[host_monotonic_s=131884.856858] RT_CPUSTAT sample=187 cpu=cpu0 user=57 nice=0 system=453 idle=95609 iowait=0 irq=201 softirq=36 steal=0
[host_monotonic_s=131884.876397] RT_CPUSTAT sample=187 cpu=cpu1 user=423 nice=0 system=1456 idle=71680 iowait=0 irq=17156 softirq=26 steal=0
[host_monotonic_s=131884.894314] RT_CPUSTAT sample=188 cpu=cpu0 user=57 nice=0 system=455 idle=96106 iowait=0 irq=202 softirq=37 steal=0
[host_monotonic_s=131885.205639] RT_CPUSTAT sample=188 cpu=cpu1 user=425 nice=0 system=1463 idle=72046 iowait=0 irq=17249 softirq=26 steal=0
[host_monotonic_s=131885.205652] RT_CPUSTAT sample=189 cpu=cpu0 user=57 nice=0 system=456 idle=96605 iowait=0 irq=203 softirq=37 steal=0
[host_monotonic_s=131885.205655] RT_CPUSTAT sample=189 cpu=cpu1 user=428 nice=0 system=1469 idle=72411 iowait=0 irq=17341 softirq=26 steal=0
[host_monotonic_s=131885.226671] RT_CPUSTAT sample=190 cpu=cpu0 user=58 nice=0 system=458 idle=97102 iowait=0 irq=204 softirq=37 steal=0
[host_monotonic_s=131885.244481] RT_CPUSTAT sample=190 cpu=cpu1 user=430 nice=0 system=1478 idle=72781 iowait=0 irq=17432 softirq=26 steal=0
[host_monotonic_s=131885.262056] RT_CPUSTAT sample=191 cpu=cpu0 user=59 nice=0 system=459 idle=97601 iowait=0 irq=205 softirq=37 steal=0
[host_monotonic_s=131885.280723] RT_CPUSTAT sample=191 cpu=cpu1 user=434 nice=0 system=1483 idle=73146 iowait=0 irq=17527 softirq=26 steal=0
[host_monotonic_s=131885.298869] RT_CPUSTAT sample=192 cpu=cpu0 user=59 nice=0 system=460 idle=98098 iowait=0 irq=206 softirq=37 steal=0
[host_monotonic_s=131885.317961] RT_CPUSTAT sample=192 cpu=cpu1 user=436 nice=0 system=1494 idle=73511 iowait=0 irq=17621 softirq=26 steal=0
[host_monotonic_s=131885.335898] RT_CPUSTAT sample=193 cpu=cpu0 user=59 nice=0 system=461 idle=98597 iowait=0 irq=207 softirq=38 steal=0
[host_monotonic_s=131885.354801] RT_CPUSTAT sample=193 cpu=cpu1 user=438 nice=0 system=1502 idle=73876 iowait=0 irq=17715 softirq=26 steal=0
[host_monotonic_s=131885.372320] RT_CPUSTAT sample=194 cpu=cpu0 user=59 nice=0 system=463 idle=99093 iowait=0 irq=208 softirq=38 steal=0
[host_monotonic_s=131885.390828] RT_CPUSTAT sample=194 cpu=cpu1 user=440 nice=0 system=1510 idle=74245 iowait=0 irq=17806 softirq=26 steal=0
[host_monotonic_s=131885.408593] RT_CPUSTAT sample=195 cpu=cpu0 user=60 nice=0 system=465 idle=99593 iowait=0 irq=209 softirq=38 steal=0
[host_monotonic_s=131885.427330] RT_CPUSTAT sample=195 cpu=cpu1 user=442 nice=0 system=1519 idle=74613 iowait=0 irq=17899 softirq=27 steal=0
[host_monotonic_s=131885.445720] RT_CPUSTAT sample=196 cpu=cpu0 user=60 nice=0 system=466 idle=100089 iowait=0 irq=211 softirq=38 steal=0
[host_monotonic_s=131885.755868] RT_CPUSTAT sample=196 cpu=cpu1 user=443 nice=0 system=1526 idle=74980 iowait=0 irq=17992 softirq=27 steal=0
[host_monotonic_s=131885.755880] RT_CPUSTAT sample=197 cpu=cpu0 user=60 nice=0 system=467 idle=100588 iowait=0 irq=211 softirq=38 steal=0
[host_monotonic_s=131885.755882] RT_CPUSTAT sample=197 cpu=cpu1 user=445 nice=0 system=1533 idle=75345 iowait=0 irq=18085 softirq=27 steal=0
[host_monotonic_s=131885.776953] RT_CPUSTAT sample=198 cpu=cpu0 user=60 nice=0 system=469 idle=101085 iowait=0 irq=212 softirq=38 steal=0
[host_monotonic_s=131885.794689] RT_CPUSTAT sample=198 cpu=cpu1 user=448 nice=0 system=1542 idle=75711 iowait=0 irq=18176 softirq=27 steal=0
[host_monotonic_s=131885.811987] RT_CPUSTAT sample=199 cpu=cpu0 user=60 nice=0 system=470 idle=101584 iowait=0 irq=213 softirq=39 steal=0
[host_monotonic_s=131885.829746] RT_CPUSTAT sample=199 cpu=cpu1 user=451 nice=0 system=1547 idle=76088 iowait=0 irq=18261 softirq=27 steal=0
[host_monotonic_s=131885.846825] RT_CPUSTAT sample=200 cpu=cpu0 user=61 nice=0 system=472 idle=102081 iowait=0 irq=215 softirq=39 steal=0
[host_monotonic_s=131885.864703] RT_CPUSTAT sample=200 cpu=cpu1 user=454 nice=0 system=1554 idle=76457 iowait=0 irq=18351 softirq=27 steal=0
[host_monotonic_s=131885.881341] RT_CPUSTAT sample=201 cpu=cpu0 user=62 nice=0 system=472 idle=102579 iowait=0 irq=216 softirq=39 steal=0
[host_monotonic_s=131885.898462] RT_CPUSTAT sample=201 cpu=cpu1 user=456 nice=0 system=1561 idle=76824 iowait=0 irq=18443 softirq=27 steal=0
[host_monotonic_s=131885.915308] RT_CPUSTAT sample=202 cpu=cpu0 user=62 nice=0 system=474 idle=103077 iowait=0 irq=217 softirq=39 steal=0
[host_monotonic_s=131885.933150] RT_CPUSTAT sample=202 cpu=cpu1 user=458 nice=0 system=1567 idle=77192 iowait=0 irq=18533 softirq=28 steal=0
[host_monotonic_s=131885.950110] RT_CPUSTAT sample=203 cpu=cpu0 user=62 nice=0 system=475 idle=103576 iowait=0 irq=217 softirq=39 steal=0
[host_monotonic_s=131885.967954] RT_CPUSTAT sample=203 cpu=cpu1 user=460 nice=0 system=1574 idle=77561 iowait=0 irq=18624 softirq=28 steal=0
[host_monotonic_s=131885.985023] RT_CPUSTAT sample=204 cpu=cpu0 user=63 nice=0 system=476 idle=104073 iowait=0 irq=219 softirq=40 steal=0
[host_monotonic_s=131886.001783] RT_CPUSTAT sample=204 cpu=cpu1 user=462 nice=0 system=1579 idle=77926 iowait=0 irq=18718 softirq=28 steal=0
[host_monotonic_s=131886.306358] RT_CPUSTAT sample=205 cpu=cpu0 user=64 nice=0 system=477 idle=104572 iowait=0 irq=219 softirq=40 steal=0
[host_monotonic_s=131886.306372] RT_CPUSTAT sample=205 cpu=cpu1 user=465 nice=0 system=1587 idle=78294 iowait=0 irq=18810 softirq=28 steal=0
[host_monotonic_s=131886.314941] RT_CPUSTAT sample=206 cpu=cpu0 user=64 nice=0 system=479 idle=105069 iowait=0 irq=221 softirq=40 steal=0
[host_monotonic_s=131886.332749] RT_CPUSTAT sample=206 cpu=cpu1 user=466 nice=0 system=1594 idle=78661 iowait=0 irq=18903 softirq=28 steal=0
[host_monotonic_s=131886.350816] RT_CPUSTAT sample=207 cpu=cpu0 user=64 nice=0 system=480 idle=105568 iowait=0 irq=221 softirq=40 steal=0
[host_monotonic_s=131886.369142] RT_CPUSTAT sample=207 cpu=cpu1 user=469 nice=0 system=1600 idle=79027 iowait=0 irq=18995 softirq=28 steal=0
[host_monotonic_s=131886.386381] RT_CPUSTAT sample=208 cpu=cpu0 user=64 nice=0 system=482 idle=106065 iowait=0 irq=222 softirq=40 steal=0
[host_monotonic_s=131886.404366] RT_CPUSTAT sample=208 cpu=cpu1 user=470 nice=0 system=1606 idle=79395 iowait=0 irq=19087 softirq=28 steal=0
[host_monotonic_s=131886.421284] RT_CPUSTAT sample=209 cpu=cpu0 user=64 nice=0 system=483 idle=106564 iowait=0 irq=223 softirq=41 steal=0
[host_monotonic_s=131886.438407] RT_CPUSTAT sample=209 cpu=cpu1 user=471 nice=0 system=1612 idle=79759 iowait=0 irq=19183 softirq=29 steal=0
[host_monotonic_s=131886.455098] RT_CPUSTAT sample=210 cpu=cpu0 user=64 nice=0 system=485 idle=107061 iowait=0 irq=225 softirq=41 steal=0
[host_monotonic_s=131886.472773] RT_CPUSTAT sample=210 cpu=cpu1 user=473 nice=0 system=1616 idle=80123 iowait=0 irq=19277 softirq=29 steal=0
[host_monotonic_s=131886.489713] RT_CPUSTAT sample=211 cpu=cpu0 user=65 nice=0 system=485 idle=107560 iowait=0 irq=225 softirq=41 steal=0
[host_monotonic_s=131886.506837] RT_CPUSTAT sample=211 cpu=cpu1 user=474 nice=0 system=1620 idle=80498 iowait=0 irq=19363 softirq=29 steal=0
[host_monotonic_s=131886.523773] RT_CPUSTAT sample=212 cpu=cpu0 user=66 nice=0 system=487 idle=108057 iowait=0 irq=226 softirq=41 steal=0
[host_monotonic_s=131886.541028] RT_CPUSTAT sample=212 cpu=cpu1 user=479 nice=0 system=1625 idle=80864 iowait=0 irq=19457 softirq=29 steal=0
[host_monotonic_s=131886.856855] RT_CPUSTAT sample=213 cpu=cpu0 user=66 nice=0 system=488 idle=108556 iowait=0 irq=227 softirq=41 steal=0
[host_monotonic_s=131886.856872] RT_CPUSTAT sample=213 cpu=cpu1 user=480 nice=0 system=1634 idle=81230 iowait=0 irq=19550 softirq=29 steal=0
[host_monotonic_s=131886.856876] RT_CPUSTAT sample=214 cpu=cpu0 user=66 nice=0 system=489 idle=109053 iowait=0 irq=228 softirq=42 steal=0
[host_monotonic_s=131886.875887] RT_CPUSTAT sample=214 cpu=cpu1 user=483 nice=0 system=1640 idle=81595 iowait=0 irq=19644 softirq=29 steal=0
[host_monotonic_s=131886.894440] RT_CPUSTAT sample=215 cpu=cpu0 user=66 nice=0 system=490 idle=109552 iowait=0 irq=229 softirq=42 steal=0
[host_monotonic_s=131886.912686] RT_CPUSTAT sample=215 cpu=cpu1 user=486 nice=0 system=1646 idle=81961 iowait=0 irq=19737 softirq=29 steal=0
[host_monotonic_s=131886.930718] RT_CPUSTAT sample=216 cpu=cpu0 user=67 nice=0 system=492 idle=110049 iowait=0 irq=230 softirq=42 steal=0
[host_monotonic_s=131886.948401] RT_CPUSTAT sample=216 cpu=cpu1 user=487 nice=0 system=1652 idle=82329 iowait=0 irq=19831 softirq=29 steal=0
[host_monotonic_s=131886.965884] RT_CPUSTAT sample=217 cpu=cpu0 user=67 nice=0 system=493 idle=110548 iowait=0 irq=231 softirq=42 steal=0
[host_monotonic_s=131886.983665] RT_CPUSTAT sample=217 cpu=cpu1 user=489 nice=0 system=1658 idle=82696 iowait=0 irq=19924 softirq=30 steal=0
[host_monotonic_s=131887.001913] RT_CPUSTAT sample=218 cpu=cpu0 user=67 nice=0 system=495 idle=111045 iowait=0 irq=232 softirq=42 steal=0
[host_monotonic_s=131887.020806] RT_CPUSTAT sample=218 cpu=cpu1 user=493 nice=0 system=1664 idle=83066 iowait=0 irq=20014 softirq=30 steal=0
[host_monotonic_s=131887.037293] RT_CPUSTAT sample=219 cpu=cpu0 user=67 nice=0 system=495 idle=111544 iowait=0 irq=233 softirq=42 steal=0
[host_monotonic_s=131887.054832] RT_CPUSTAT sample=219 cpu=cpu1 user=495 nice=0 system=1672 idle=83436 iowait=0 irq=20103 softirq=30 steal=0
[host_monotonic_s=131887.071598] RT_CPUSTAT sample=220 cpu=cpu0 user=67 nice=0 system=496 idle=112042 iowait=0 irq=234 softirq=43 steal=0
[host_monotonic_s=131887.089166] RT_CPUSTAT sample=220 cpu=cpu1 user=497 nice=0 system=1677 idle=83803 iowait=0 irq=20195 softirq=30 steal=0
[host_monotonic_s=131887.106081] RT_CPUSTAT sample=221 cpu=cpu0 user=68 nice=0 system=497 idle=112540 iowait=0 irq=235 softirq=43 steal=0
[host_monotonic_s=131887.407263] RT_CPUSTAT sample=221 cpu=cpu1 user=499 nice=0 system=1681 idle=84180 iowait=0 irq=20279 softirq=30 steal=0
[host_monotonic_s=131887.407275] RT_CPUSTAT sample=222 cpu=cpu0 user=68 nice=0 system=500 idle=113037 iowait=0 irq=236 softirq=43 steal=0
[host_monotonic_s=131887.419060] RT_CPUSTAT sample=222 cpu=cpu1 user=500 nice=0 system=1686 idle=84553 iowait=0 irq=20366 softirq=30 steal=0
[host_monotonic_s=131887.436369] RT_CPUSTAT sample=223 cpu=cpu0 user=68 nice=0 system=501 idle=113536 iowait=0 irq=237 softirq=43 steal=0
[host_monotonic_s=131887.453615] RT_CPUSTAT sample=223 cpu=cpu1 user=503 nice=0 system=1695 idle=84919 iowait=0 irq=20459 softirq=30 steal=0
[host_monotonic_s=131887.470339] RT_CPUSTAT sample=224 cpu=cpu0 user=68 nice=0 system=503 idle=114033 iowait=0 irq=238 softirq=43 steal=0
[host_monotonic_s=131887.488359] RT_CPUSTAT sample=224 cpu=cpu1 user=503 nice=0 system=1700 idle=85289 iowait=0 irq=20548 softirq=31 steal=0
[host_monotonic_s=131887.505223] RT_CPUSTAT sample=225 cpu=cpu0 user=68 nice=0 system=504 idle=114532 iowait=0 irq=239 softirq=44 steal=0
[host_monotonic_s=131887.523276] RT_CPUSTAT sample=225 cpu=cpu1 user=503 nice=0 system=1708 idle=85656 iowait=0 irq=20641 softirq=31 steal=0
[host_monotonic_s=131887.540747] RT_CPUSTAT sample=226 cpu=cpu0 user=68 nice=0 system=505 idle=115029 iowait=0 irq=240 softirq=44 steal=0
[host_monotonic_s=131887.558303] RT_CPUSTAT sample=226 cpu=cpu1 user=505 nice=0 system=1716 idle=86026 iowait=0 irq=20731 softirq=31 steal=0
[host_monotonic_s=131887.575457] RT_CPUSTAT sample=227 cpu=cpu0 user=68 nice=0 system=507 idle=115528 iowait=0 irq=241 softirq=44 steal=0
[host_monotonic_s=131887.593471] RT_CPUSTAT sample=227 cpu=cpu1 user=506 nice=0 system=1724 idle=86392 iowait=0 irq=20825 softirq=31 steal=0
[host_monotonic_s=131887.610476] RT_CPUSTAT sample=228 cpu=cpu0 user=68 nice=0 system=508 idle=116026 iowait=0 irq=242 softirq=44 steal=0
[host_monotonic_s=131887.629732] RT_CPUSTAT sample=228 cpu=cpu1 user=507 nice=0 system=1732 idle=86757 iowait=0 irq=20919 softirq=31 steal=0
[host_monotonic_s=131887.647524] RT_CPUSTAT sample=229 cpu=cpu0 user=70 nice=0 system=508 idle=116525 iowait=0 irq=243 softirq=44 steal=0
[host_monotonic_s=131887.957718] RT_CPUSTAT sample=229 cpu=cpu1 user=509 nice=0 system=1737 idle=87123 iowait=0 irq=21013 softirq=31 steal=0
[host_monotonic_s=131887.957732] RT_CPUSTAT sample=230 cpu=cpu0 user=70 nice=0 system=510 idle=117021 iowait=0 irq=244 softirq=45 steal=0
[host_monotonic_s=131887.957734] RT_CPUSTAT sample=230 cpu=cpu1 user=513 nice=0 system=1743 idle=87486 iowait=0 irq=21108 softirq=32 steal=0
[host_monotonic_s=131887.977701] RT_CPUSTAT sample=231 cpu=cpu0 user=70 nice=0 system=510 idle=117520 iowait=0 irq=245 softirq=45 steal=0
[host_monotonic_s=131887.995110] RT_CPUSTAT sample=231 cpu=cpu1 user=516 nice=0 system=1751 idle=87854 iowait=0 irq=21199 softirq=32 steal=0
[host_monotonic_s=131888.012224] RT_CPUSTAT sample=232 cpu=cpu0 user=70 nice=0 system=512 idle=118017 iowait=0 irq=246 softirq=45 steal=0
[host_monotonic_s=131888.029837] RT_CPUSTAT sample=232 cpu=cpu1 user=517 nice=0 system=1758 idle=88223 iowait=0 irq=21289 softirq=32 steal=0
[host_monotonic_s=131888.046670] RT_CPUSTAT sample=233 cpu=cpu0 user=70 nice=0 system=513 idle=118516 iowait=0 irq=247 softirq=45 steal=0
[host_monotonic_s=131888.065140] RT_CPUSTAT sample=233 cpu=cpu1 user=520 nice=0 system=1767 idle=88588 iowait=0 irq=21382 softirq=32 steal=0
[host_monotonic_s=131888.082089] RT_CPUSTAT sample=234 cpu=cpu0 user=71 nice=0 system=514 idle=119013 iowait=0 irq=248 softirq=46 steal=0
[host_monotonic_s=131888.099530] RT_CPUSTAT sample=234 cpu=cpu1 user=522 nice=0 system=1775 idle=88955 iowait=0 irq=21474 softirq=32 steal=0
[host_monotonic_s=131888.117388] RT_CPUSTAT sample=235 cpu=cpu0 user=71 nice=0 system=515 idle=119512 iowait=0 irq=249 softirq=46 steal=0
[host_monotonic_s=131888.135694] RT_CPUSTAT sample=235 cpu=cpu1 user=525 nice=0 system=1781 idle=89323 iowait=0 irq=21566 softirq=32 steal=0
[host_monotonic_s=131888.153464] RT_CPUSTAT sample=236 cpu=cpu0 user=71 nice=0 system=517 idle=120009 iowait=0 irq=250 softirq=46 steal=0
[host_monotonic_s=131888.174119] RT_CPUSTAT sample=236 cpu=cpu1 user=527 nice=0 system=1788 idle=89693 iowait=0 irq=21654 softirq=32 steal=0
[host_monotonic_s=131888.191457] RT_CPUSTAT sample=237 cpu=cpu0 user=72 nice=0 system=518 idle=120508 iowait=0 irq=251 softirq=46 steal=0
[host_monotonic_s=131888.507992] RT_CPUSTAT sample=237 cpu=cpu1 user=531 nice=0 system=1796 idle=90062 iowait=0 irq=21745 softirq=32 steal=0
[host_monotonic_s=131888.508022] RT_CPUSTAT sample=238 cpu=cpu0 user=72 nice=0 system=519 idle=121005 iowait=0 irq=252 softirq=46 steal=0
[host_monotonic_s=131888.508025] RT_CPUSTAT sample=238 cpu=cpu1 user=532 nice=0 system=1805 idle=90427 iowait=0 irq=21839 softirq=33 steal=0
[host_monotonic_s=131888.523585] RT_CPUSTAT sample=239 cpu=cpu0 user=73 nice=0 system=520 idle=121504 iowait=0 irq=252 softirq=46 steal=0
[host_monotonic_s=131888.541745] RT_CPUSTAT sample=239 cpu=cpu1 user=536 nice=0 system=1815 idle=90792 iowait=0 irq=21933 softirq=33 steal=0
[host_monotonic_s=131888.559253] RT_CPUSTAT sample=240 cpu=cpu0 user=74 nice=0 system=521 idle=122002 iowait=0 irq=254 softirq=47 steal=0
[host_monotonic_s=131888.577034] RT_CPUSTAT sample=240 cpu=cpu1 user=539 nice=0 system=1827 idle=91157 iowait=0 irq=22026 softirq=33 steal=0
[host_monotonic_s=131888.593936] RT_CPUSTAT sample=241 cpu=cpu0 user=74 nice=0 system=522 idle=122500 iowait=0 irq=254 softirq=47 steal=0
[host_monotonic_s=131888.611719] RT_CPUSTAT sample=241 cpu=cpu1 user=540 nice=0 system=1833 idle=91528 iowait=0 irq=22116 softirq=33 steal=0
[host_monotonic_s=131888.629108] RT_CPUSTAT sample=242 cpu=cpu0 user=75 nice=0 system=524 idle=122998 iowait=0 irq=256 softirq=47 steal=0
[host_monotonic_s=131888.646716] RT_CPUSTAT sample=242 cpu=cpu1 user=542 nice=0 system=1839 idle=91895 iowait=0 irq=22207 softirq=33 steal=0
[host_monotonic_s=131888.664398] RT_CPUSTAT sample=243 cpu=cpu0 user=75 nice=0 system=524 idle=123497 iowait=0 irq=256 softirq=47 steal=0
[host_monotonic_s=131888.681863] RT_CPUSTAT sample=243 cpu=cpu1 user=543 nice=0 system=1844 idle=92265 iowait=0 irq=22297 softirq=33 steal=0
[host_monotonic_s=131888.698971] RT_CPUSTAT sample=244 cpu=cpu0 user=75 nice=0 system=525 idle=123994 iowait=0 irq=257 softirq=47 steal=0
[host_monotonic_s=131888.718848] RT_CPUSTAT sample=244 cpu=cpu1 user=544 nice=0 system=1852 idle=92631 iowait=0 irq=22389 softirq=33 steal=0
[host_monotonic_s=131888.736734] RT_CPUSTAT sample=245 cpu=cpu0 user=75 nice=0 system=526 idle=124494 iowait=0 irq=258 softirq=47 steal=0
[host_monotonic_s=131888.755212] RT_CPUSTAT sample=245 cpu=cpu1 user=546 nice=0 system=1857 idle=93002 iowait=0 irq=22478 softirq=33 steal=0
[host_monotonic_s=131889.058362] RT_CPUSTAT sample=246 cpu=cpu0 user=75 nice=0 system=527 idle=124991 iowait=0 irq=259 softirq=48 steal=0
[host_monotonic_s=131889.058374] RT_CPUSTAT sample=246 cpu=cpu1 user=547 nice=0 system=1861 idle=93373 iowait=0 irq=22566 softirq=34 steal=0
[host_monotonic_s=131889.068879] RT_CPUSTAT sample=247 cpu=cpu0 user=75 nice=0 system=529 idle=125490 iowait=0 irq=260 softirq=48 steal=0
[host_monotonic_s=131889.085950] RT_CPUSTAT sample=247 cpu=cpu1 user=549 nice=0 system=1866 idle=93742 iowait=0 irq=22656 softirq=34 steal=0
[host_monotonic_s=131889.103221] RT_CPUSTAT sample=248 cpu=cpu0 user=75 nice=0 system=530 idle=125987 iowait=0 irq=261 softirq=48 steal=0
[host_monotonic_s=131889.120568] RT_CPUSTAT sample=248 cpu=cpu1 user=551 nice=0 system=1870 idle=94110 iowait=0 irq=22748 softirq=34 steal=0
[host_monotonic_s=131889.137207] RT_CPUSTAT sample=249 cpu=cpu0 user=75 nice=0 system=532 idle=126486 iowait=0 irq=262 softirq=48 steal=0
[host_monotonic_s=131889.155525] RT_CPUSTAT sample=249 cpu=cpu1 user=554 nice=0 system=1879 idle=94477 iowait=0 irq=22840 softirq=34 steal=0
[host_monotonic_s=131889.172773] RT_CPUSTAT sample=250 cpu=cpu0 user=76 nice=0 system=534 idle=126983 iowait=0 irq=263 softirq=48 steal=0
[host_monotonic_s=131889.189674] RT_CPUSTAT sample=250 cpu=cpu1 user=558 nice=0 system=1891 idle=94841 iowait=0 irq=22935 softirq=34 steal=0
[host_monotonic_s=131889.206524] RT_CPUSTAT sample=251 cpu=cpu0 user=76 nice=0 system=535 idle=127482 iowait=0 irq=264 softirq=48 steal=0
[host_monotonic_s=131889.223990] RT_CPUSTAT sample=251 cpu=cpu1 user=561 nice=0 system=1900 idle=95209 iowait=0 irq=23026 softirq=34 steal=0
[host_monotonic_s=131889.241319] RT_CPUSTAT sample=252 cpu=cpu0 user=76 nice=0 system=537 idle=127979 iowait=0 irq=265 softirq=49 steal=0
[host_monotonic_s=131889.258356] RT_CPUSTAT sample=252 cpu=cpu1 user=564 nice=0 system=1907 idle=95574 iowait=0 irq=23121 softirq=34 steal=0
[host_monotonic_s=131889.275659] RT_CPUSTAT sample=253 cpu=cpu0 user=76 nice=0 system=538 idle=128478 iowait=0 irq=266 softirq=49 steal=0
[host_monotonic_s=131889.292828] RT_CPUSTAT sample=253 cpu=cpu1 user=567 nice=0 system=1918 idle=95942 iowait=0 irq=23213 softirq=35 steal=0
[host_monotonic_s=131889.608806] RT_CPUSTAT sample=254 cpu=cpu0 user=77 nice=0 system=539 idle=128975 iowait=0 irq=267 softirq=49 steal=0
[host_monotonic_s=131889.608819] RT_CPUSTAT sample=254 cpu=cpu1 user=571 nice=0 system=1928 idle=96304 iowait=0 irq=23308 softirq=35 steal=0
[host_monotonic_s=131889.608821] RT_CPUSTAT sample=255 cpu=cpu0 user=77 nice=0 system=540 idle=129474 iowait=0 irq=268 softirq=49 steal=0
[host_monotonic_s=131889.622582] RT_CPUSTAT sample=255 cpu=cpu1 user=572 nice=0 system=1933 idle=96673 iowait=0 irq=23399 softirq=35 steal=0
[host_monotonic_s=131889.639377] RT_CPUSTAT sample=256 cpu=cpu0 user=77 nice=0 system=542 idle=129971 iowait=0 irq=269 softirq=49 steal=0
[host_monotonic_s=131889.657067] RT_CPUSTAT sample=256 cpu=cpu1 user=574 nice=0 system=1944 idle=97039 iowait=0 irq=23492 softirq=35 steal=0
[host_monotonic_s=131889.673726] RT_CPUSTAT sample=257 cpu=cpu0 user=77 nice=0 system=543 idle=130470 iowait=0 irq=270 softirq=50 steal=0
[host_monotonic_s=131889.691306] RT_CPUSTAT sample=257 cpu=cpu1 user=577 nice=0 system=1952 idle=97406 iowait=0 irq=23585 softirq=35 steal=0
[host_monotonic_s=131889.708639] RT_CPUSTAT sample=258 cpu=cpu0 user=77 nice=0 system=545 idle=130967 iowait=0 irq=271 softirq=50 steal=0
[host_monotonic_s=131889.727726] RT_CPUSTAT sample=258 cpu=cpu1 user=580 nice=0 system=1960 idle=97774 iowait=0 irq=23678 softirq=35 steal=0
[host_monotonic_s=131889.745569] RT_CPUSTAT sample=259 cpu=cpu0 user=78 nice=0 system=545 idle=131466 iowait=0 irq=272 softirq=50 steal=0
[host_monotonic_s=131889.763854] RT_CPUSTAT sample=259 cpu=cpu1 user=582 nice=0 system=1967 idle=98145 iowait=0 irq=23767 softirq=35 steal=0
[host_monotonic_s=131889.781684] RT_CPUSTAT sample=260 cpu=cpu0 user=78 nice=0 system=548 idle=131964 iowait=0 irq=273 softirq=50 steal=0
[host_monotonic_s=131889.800346] RT_CPUSTAT sample=260 cpu=cpu1 user=583 nice=0 system=1974 idle=98519 iowait=0 irq=23853 softirq=35 steal=0
[host_monotonic_s=131889.818577] RT_CPUSTAT sample=261 cpu=cpu0 user=78 nice=0 system=549 idle=132463 iowait=0 irq=274 softirq=50 steal=0
[host_monotonic_s=131889.836933] RT_CPUSTAT sample=261 cpu=cpu1 user=586 nice=0 system=1981 idle=98888 iowait=0 irq=23943 softirq=36 steal=0
[host_monotonic_s=131889.854780] RT_CPUSTAT sample=262 cpu=cpu0 user=78 nice=0 system=550 idle=132960 iowait=0 irq=275 softirq=50 steal=0
[host_monotonic_s=131890.159012] RT_CPUSTAT sample=262 cpu=cpu1 user=587 nice=0 system=1987 idle=99255 iowait=0 irq=24036 softirq=36 steal=0
[host_monotonic_s=131890.159019] RT_CPUSTAT sample=263 cpu=cpu0 user=78 nice=0 system=551 idle=133459 iowait=0 irq=276 softirq=51 steal=0
[host_monotonic_s=131890.166532] RT_CPUSTAT sample=263 cpu=cpu1 user=589 nice=0 system=1996 idle=99622 iowait=0 irq=24129 softirq=36 steal=0
[host_monotonic_s=131890.184366] RT_CPUSTAT sample=264 cpu=cpu0 user=79 nice=0 system=552 idle=133956 iowait=0 irq=277 softirq=51 steal=0
[host_monotonic_s=131890.201712] RT_CPUSTAT sample=264 cpu=cpu1 user=590 nice=0 system=2001 idle=99989 iowait=0 irq=24222 softirq=36 steal=0
[host_monotonic_s=131890.218553] RT_CPUSTAT sample=265 cpu=cpu0 user=79 nice=0 system=552 idle=134455 iowait=0 irq=277 softirq=51 steal=0
[host_monotonic_s=131890.235837] RT_CPUSTAT sample=265 cpu=cpu1 user=593 nice=0 system=2009 idle=100357 iowait=0 irq=24315 softirq=36 steal=0
[host_monotonic_s=131890.252739] RT_CPUSTAT sample=266 cpu=cpu0 user=80 nice=0 system=554 idle=134952 iowait=0 irq=279 softirq=51 steal=0
[host_monotonic_s=131890.269881] RT_CPUSTAT sample=266 cpu=cpu1 user=594 nice=0 system=2015 idle=100726 iowait=0 irq=24407 softirq=36 steal=0
[host_monotonic_s=131890.286771] RT_CPUSTAT sample=267 cpu=cpu0 user=81 nice=0 system=554 idle=135451 iowait=0 irq=279 softirq=51 steal=0
[host_monotonic_s=131890.303990] RT_CPUSTAT sample=267 cpu=cpu1 user=596 nice=0 system=2023 idle=101099 iowait=0 irq=24493 softirq=36 steal=0
[host_monotonic_s=131890.320746] RT_CPUSTAT sample=268 cpu=cpu0 user=81 nice=0 system=555 idle=135948 iowait=0 irq=281 softirq=51 steal=0
[host_monotonic_s=131890.337769] RT_CPUSTAT sample=268 cpu=cpu1 user=599 nice=0 system=2033 idle=101470 iowait=0 irq=24581 softirq=37 steal=0
[host_monotonic_s=131890.354927] RT_CPUSTAT sample=269 cpu=cpu0 user=82 nice=0 system=556 idle=136447 iowait=0 irq=281 softirq=52 steal=0
[host_monotonic_s=131890.372735] RT_CPUSTAT sample=269 cpu=cpu1 user=602 nice=0 system=2042 idle=101840 iowait=0 irq=24671 softirq=37 steal=0
[host_monotonic_s=131890.389501] RT_CPUSTAT sample=270 cpu=cpu0 user=82 nice=0 system=558 idle=136945 iowait=0 irq=282 softirq=52 steal=0
[host_monotonic_s=131890.407106] RT_CPUSTAT sample=270 cpu=cpu1 user=604 nice=0 system=2050 idle=102208 iowait=0 irq=24762 softirq=37 steal=0
[host_monotonic_s=131890.709407] RT_CPUSTAT sample=271 cpu=cpu0 user=83 nice=0 system=558 idle=137444 iowait=0 irq=283 softirq=52 steal=0
[host_monotonic_s=131890.709419] RT_CPUSTAT sample=271 cpu=cpu1 user=606 nice=0 system=2058 idle=102580 iowait=0 irq=24850 softirq=37 steal=0
[host_monotonic_s=131890.721093] RT_CPUSTAT sample=272 cpu=cpu0 user=83 nice=0 system=560 idle=137941 iowait=0 irq=284 softirq=52 steal=0
[host_monotonic_s=131890.738594] RT_CPUSTAT sample=272 cpu=cpu1 user=609 nice=0 system=2068 idle=102946 iowait=0 irq=24943 softirq=37 steal=0
[host_monotonic_s=131890.757183] RT_CPUSTAT sample=273 cpu=cpu0 user=83 nice=0 system=561 idle=138439 iowait=0 irq=285 softirq=52 steal=0
[host_monotonic_s=131890.776248] RT_CPUSTAT sample=273 cpu=cpu1 user=612 nice=0 system=2076 idle=103318 iowait=0 irq=25031 softirq=37 steal=0
[host_monotonic_s=131890.793414] RT_CPUSTAT sample=274 cpu=cpu0 user=84 nice=0 system=563 idle=138937 iowait=0 irq=287 softirq=53 steal=0
[host_monotonic_s=131890.811684] RT_CPUSTAT sample=274 cpu=cpu1 user=614 nice=0 system=2083 idle=103683 iowait=0 irq=25125 softirq=37 steal=0
[host_monotonic_s=131890.829197] RT_CPUSTAT sample=275 cpu=cpu0 user=84 nice=0 system=564 idle=139436 iowait=0 irq=287 softirq=53 steal=0
[host_monotonic_s=131890.847042] RT_CPUSTAT sample=275 cpu=cpu1 user=617 nice=0 system=2092 idle=104049 iowait=0 irq=25218 softirq=38 steal=0
[host_monotonic_s=131890.864568] RT_CPUSTAT sample=276 cpu=cpu0 user=84 nice=0 system=566 idle=139933 iowait=0 irq=288 softirq=53 steal=0
[host_monotonic_s=131890.882888] RT_CPUSTAT sample=276 cpu=cpu1 user=618 nice=0 system=2098 idle=104415 iowait=0 irq=25311 softirq=38 steal=0
[host_monotonic_s=131890.900991] RT_CPUSTAT sample=277 cpu=cpu0 user=84 nice=0 system=567 idle=140432 iowait=0 irq=289 softirq=53 steal=0
[host_monotonic_s=131890.918841] RT_CPUSTAT sample=277 cpu=cpu1 user=620 nice=0 system=2103 idle=104780 iowait=0 irq=25406 softirq=38 steal=0
[host_monotonic_s=131890.936696] RT_CPUSTAT sample=278 cpu=cpu0 user=84 nice=0 system=568 idle=140929 iowait=0 irq=290 softirq=53 steal=0
[host_monotonic_s=131890.954354] RT_CPUSTAT sample=278 cpu=cpu1 user=622 nice=0 system=2108 idle=105146 iowait=0 irq=25498 softirq=38 steal=0
[host_monotonic_s=131891.259948] RT_CPUSTAT sample=279 cpu=cpu0 user=84 nice=0 system=570 idle=141428 iowait=0 irq=291 softirq=54 steal=0
[host_monotonic_s=131891.259962] RT_CPUSTAT sample=279 cpu=cpu1 user=625 nice=0 system=2116 idle=105516 iowait=0 irq=25590 softirq=38 steal=0
[host_monotonic_s=131891.270415] RT_CPUSTAT sample=280 cpu=cpu0 user=84 nice=0 system=572 idle=141925 iowait=0 irq=292 softirq=54 steal=0
[host_monotonic_s=131891.289199] RT_CPUSTAT sample=280 cpu=cpu1 user=626 nice=0 system=2126 idle=105883 iowait=0 irq=25683 softirq=38 steal=0
[host_monotonic_s=131891.306733] RT_CPUSTAT sample=281 cpu=cpu0 user=84 nice=0 system=573 idle=142424 iowait=0 irq=293 softirq=54 steal=0
[host_monotonic_s=131891.324663] RT_CPUSTAT sample=281 cpu=cpu1 user=628 nice=0 system=2133 idle=106249 iowait=0 irq=25776 softirq=38 steal=0
[host_monotonic_s=131891.341416] RT_CPUSTAT sample=282 cpu=cpu0 user=85 nice=0 system=575 idle=142921 iowait=0 irq=294 softirq=54 steal=0
[host_monotonic_s=131891.359280] RT_CPUSTAT sample=282 cpu=cpu1 user=629 nice=0 system=2141 idle=106619 iowait=0 irq=25866 softirq=39 steal=0
[host_monotonic_s=131891.377628] RT_CPUSTAT sample=283 cpu=cpu0 user=85 nice=0 system=575 idle=143420 iowait=0 irq=295 softirq=54 steal=0
[host_monotonic_s=131891.395538] RT_CPUSTAT sample=283 cpu=cpu1 user=631 nice=0 system=2153 idle=106985 iowait=0 irq=25959 softirq=39 steal=0
[host_monotonic_s=131891.412618] RT_CPUSTAT sample=284 cpu=cpu0 user=85 nice=0 system=577 idle=143917 iowait=0 irq=296 softirq=54 steal=0
[host_monotonic_s=131891.430384] RT_CPUSTAT sample=284 cpu=cpu1 user=635 nice=0 system=2164 idle=107349 iowait=0 irq=26053 softirq=39 steal=0
[host_monotonic_s=131891.447658] RT_CPUSTAT sample=285 cpu=cpu0 user=85 nice=0 system=578 idle=144416 iowait=0 irq=297 softirq=55 steal=0
[host_monotonic_s=131891.465674] RT_CPUSTAT sample=285 cpu=cpu1 user=637 nice=0 system=2175 idle=107715 iowait=0 irq=26145 softirq=39 steal=0
[host_monotonic_s=131891.482666] RT_CPUSTAT sample=286 cpu=cpu0 user=86 nice=0 system=580 idle=144913 iowait=0 irq=298 softirq=55 steal=0
[host_monotonic_s=131891.500808] RT_CPUSTAT sample=286 cpu=cpu1 user=638 nice=0 system=2181 idle=108086 iowait=0 irq=26234 softirq=39 steal=0
[host_monotonic_s=131891.810095] RT_CPUSTAT sample=287 cpu=cpu0 user=86 nice=0 system=581 idle=145412 iowait=0 irq=299 softirq=55 steal=0
[host_monotonic_s=131891.810109] RT_CPUSTAT sample=287 cpu=cpu1 user=639 nice=0 system=2187 idle=108461 iowait=0 irq=26319 softirq=39 steal=0
[host_monotonic_s=131891.810112] RT_CPUSTAT sample=288 cpu=cpu0 user=86 nice=0 system=583 idle=145910 iowait=0 irq=300 softirq=55 steal=0
[host_monotonic_s=131891.830919] RT_CPUSTAT sample=288 cpu=cpu1 user=642 nice=0 system=2193 idle=108831 iowait=0 irq=26408 softirq=39 steal=0
[host_monotonic_s=131891.847984] RT_CPUSTAT sample=289 cpu=cpu0 user=86 nice=0 system=584 idle=146409 iowait=0 irq=301 softirq=55 steal=0
[host_monotonic_s=131891.866279] RT_CPUSTAT sample=289 cpu=cpu1 user=644 nice=0 system=2200 idle=109200 iowait=0 irq=26498 softirq=39 steal=0
[host_monotonic_s=131891.883402] RT_CPUSTAT sample=290 cpu=cpu0 user=87 nice=0 system=585 idle=146906 iowait=0 irq=302 softirq=56 steal=0
[host_monotonic_s=131891.901251] RT_CPUSTAT sample=290 cpu=cpu1 user=646 nice=0 system=2204 idle=109565 iowait=0 irq=26591 softirq=40 steal=0
[host_monotonic_s=131891.918475] RT_CPUSTAT sample=291 cpu=cpu0 user=87 nice=0 system=586 idle=147405 iowait=0 irq=303 softirq=56 steal=0
[host_monotonic_s=131891.936519] RT_CPUSTAT sample=291 cpu=cpu1 user=648 nice=0 system=2212 idle=109933 iowait=0 irq=26682 softirq=40 steal=0
[host_monotonic_s=131891.953624] RT_CPUSTAT sample=292 cpu=cpu0 user=89 nice=0 system=587 idle=147902 iowait=0 irq=304 softirq=56 steal=0
[host_monotonic_s=131891.971840] RT_CPUSTAT sample=292 cpu=cpu1 user=651 nice=0 system=2219 idle=110301 iowait=0 irq=26774 softirq=40 steal=0
[host_monotonic_s=131891.990490] RT_CPUSTAT sample=293 cpu=cpu0 user=89 nice=0 system=588 idle=148401 iowait=0 irq=305 softirq=56 steal=0
[host_monotonic_s=131892.008236] RT_CPUSTAT sample=293 cpu=cpu1 user=654 nice=0 system=2228 idle=110666 iowait=0 irq=26868 softirq=40 steal=0
[host_monotonic_s=131892.024671] RT_CPUSTAT sample=294 cpu=cpu0 user=91 nice=0 system=589 idle=148898 iowait=0 irq=306 softirq=56 steal=0
[host_monotonic_s=131892.041670] RT_CPUSTAT sample=294 cpu=cpu1 user=655 nice=0 system=2238 idle=111031 iowait=0 irq=26963 softirq=40 steal=0
[host_monotonic_s=131892.058325] RT_CPUSTAT sample=295 cpu=cpu0 user=91 nice=0 system=590 idle=149397 iowait=0 irq=307 softirq=56 steal=0
[host_monotonic_s=131892.360130] RT_CPUSTAT sample=295 cpu=cpu1 user=657 nice=0 system=2245 idle=111397 iowait=0 irq=27057 softirq=40 steal=0
[host_monotonic_s=131892.360136] RT_CPUSTAT sample=296 cpu=cpu0 user=91 nice=0 system=591 idle=149894 iowait=0 irq=308 softirq=57 steal=0
[host_monotonic_s=131892.367204] RT_CPUSTAT sample=296 cpu=cpu1 user=660 nice=0 system=2251 idle=111768 iowait=0 irq=27145 softirq=40 steal=0
[host_monotonic_s=131892.384569] RT_CPUSTAT sample=297 cpu=cpu0 user=91 nice=0 system=592 idle=150393 iowait=0 irq=309 softirq=57 steal=0
[host_monotonic_s=131892.402188] RT_CPUSTAT sample=297 cpu=cpu1 user=662 nice=0 system=2257 idle=112135 iowait=0 irq=27238 softirq=41 steal=0
[host_monotonic_s=131892.419187] RT_CPUSTAT sample=298 cpu=cpu0 user=91 nice=0 system=594 idle=150891 iowait=0 irq=310 softirq=57 steal=0
[host_monotonic_s=131892.436865] RT_CPUSTAT sample=298 cpu=cpu1 user=663 nice=0 system=2263 idle=112504 iowait=0 irq=27328 softirq=41 steal=0
[host_monotonic_s=131892.453631] RT_CPUSTAT sample=299 cpu=cpu0 user=91 nice=0 system=595 idle=151390 iowait=0 irq=311 softirq=57 steal=0
[host_monotonic_s=131892.471275] RT_CPUSTAT sample=299 cpu=cpu1 user=667 nice=0 system=2270 idle=112877 iowait=0 irq=27415 softirq=41 steal=0
[host_monotonic_s=131892.488726] RT_CPUSTAT sample=300 cpu=cpu0 user=91 nice=0 system=597 idle=151887 iowait=0 irq=312 softirq=57 steal=0
[host_monotonic_s=131892.505955] RT_CPUSTAT sample=300 cpu=cpu1 user=669 nice=0 system=2275 idle=113249 iowait=0 irq=27503 softirq=41 steal=0
[host_monotonic_s=131892.522338] RT_CPUSTAT sample=301 cpu=cpu0 user=91 nice=0 system=597 idle=152386 iowait=0 irq=313 softirq=57 steal=0
[host_monotonic_s=131892.539480] RT_CPUSTAT sample=301 cpu=cpu1 user=670 nice=0 system=2282 idle=113618 iowait=0 irq=27594 softirq=41 steal=0
[host_monotonic_s=131892.556974] RT_CPUSTAT sample=302 cpu=cpu0 user=92 nice=0 system=599 idle=152883 iowait=0 irq=314 softirq=58 steal=0
[host_monotonic_s=131892.574614] RT_CPUSTAT sample=302 cpu=cpu1 user=672 nice=0 system=2289 idle=113987 iowait=0 irq=27685 softirq=41 steal=0
[host_monotonic_s=131892.591327] RT_CPUSTAT sample=303 cpu=cpu0 user=92 nice=0 system=600 idle=153382 iowait=0 irq=315 softirq=58 steal=0
[host_monotonic_s=131892.609063] RT_CPUSTAT sample=303 cpu=cpu1 user=674 nice=0 system=2298 idle=114354 iowait=0 irq=27778 softirq=42 steal=0
[host_monotonic_s=131892.910491] RT_CPUSTAT sample=304 cpu=cpu0 user=93 nice=0 system=601 idle=153879 iowait=0 irq=316 softirq=58 steal=0
[host_monotonic_s=131892.910501] RT_CPUSTAT sample=304 cpu=cpu1 user=677 nice=0 system=2305 idle=114723 iowait=0 irq=27870 softirq=42 steal=0
[host_monotonic_s=131892.921335] RT_CPUSTAT sample=305 cpu=cpu0 user=93 nice=0 system=602 idle=154377 iowait=0 irq=317 softirq=58 steal=0
[host_monotonic_s=131892.939286] RT_CPUSTAT sample=305 cpu=cpu1 user=680 nice=0 system=2309 idle=115094 iowait=0 irq=27961 softirq=42 steal=0
[host_monotonic_s=131892.956821] RT_CPUSTAT sample=306 cpu=cpu0 user=93 nice=0 system=603 idle=154875 iowait=0 irq=318 softirq=58 steal=0
[host_monotonic_s=131892.974661] RT_CPUSTAT sample=306 cpu=cpu1 user=681 nice=0 system=2315 idle=115462 iowait=0 irq=28053 softirq=42 steal=0
[host_monotonic_s=131892.991510] RT_CPUSTAT sample=307 cpu=cpu0 user=94 nice=0 system=604 idle=155374 iowait=0 irq=319 softirq=59 steal=0
[host_monotonic_s=131893.008921] RT_CPUSTAT sample=307 cpu=cpu1 user=684 nice=0 system=2323 idle=115833 iowait=0 irq=28142 softirq=42 steal=0
[host_monotonic_s=131893.025583] RT_CPUSTAT sample=308 cpu=cpu0 user=94 nice=0 system=605 idle=155871 iowait=0 irq=320 softirq=59 steal=0
[host_monotonic_s=131893.042868] RT_CPUSTAT sample=308 cpu=cpu1 user=686 nice=0 system=2327 idle=116203 iowait=0 irq=28233 softirq=42 steal=0
[host_monotonic_s=131893.059503] RT_CPUSTAT sample=309 cpu=cpu0 user=95 nice=0 system=606 idle=156370 iowait=0 irq=321 softirq=59 steal=0
[host_monotonic_s=131893.077102] RT_CPUSTAT sample=309 cpu=cpu1 user=688 nice=0 system=2333 idle=116571 iowait=0 irq=28324 softirq=42 steal=0
[host_monotonic_s=131893.094010] RT_CPUSTAT sample=310 cpu=cpu0 user=95 nice=0 system=608 idle=156867 iowait=0 irq=322 softirq=59 steal=0
[host_monotonic_s=131893.111177] RT_CPUSTAT sample=310 cpu=cpu1 user=690 nice=0 system=2344 idle=116938 iowait=0 irq=28417 softirq=42 steal=0
[host_monotonic_s=131893.128025] RT_CPUSTAT sample=311 cpu=cpu0 user=95 nice=0 system=608 idle=157366 iowait=0 irq=323 softirq=59 steal=0
[host_monotonic_s=131893.146094] RT_CPUSTAT sample=311 cpu=cpu1 user=692 nice=0 system=2352 idle=117308 iowait=0 irq=28506 softirq=43 steal=0
[host_monotonic_s=131893.460821] RT_CPUSTAT sample=312 cpu=cpu0 user=95 nice=0 system=611 idle=157864 iowait=0 irq=324 softirq=60 steal=0
[host_monotonic_s=131893.460836] RT_CPUSTAT sample=312 cpu=cpu1 user=694 nice=0 system=2359 idle=117681 iowait=0 irq=28593 softirq=43 steal=0
[host_monotonic_s=131893.460841] RT_CPUSTAT sample=313 cpu=cpu0 user=95 nice=0 system=612 idle=158362 iowait=0 irq=324 softirq=60 steal=0
[host_monotonic_s=131893.477390] RT_CPUSTAT sample=313 cpu=cpu1 user=696 nice=0 system=2366 idle=118049 iowait=0 irq=28685 softirq=43 steal=0
[host_monotonic_s=131893.494632] RT_CPUSTAT sample=314 cpu=cpu0 user=95 nice=0 system=614 idle=158860 iowait=0 irq=326 softirq=60 steal=0
[host_monotonic_s=131893.512846] RT_CPUSTAT sample=314 cpu=cpu1 user=697 nice=0 system=2373 idle=118417 iowait=0 irq=28777 softirq=43 steal=0
[host_monotonic_s=131893.530145] RT_CPUSTAT sample=315 cpu=cpu0 user=95 nice=0 system=615 idle=159358 iowait=0 irq=327 softirq=60 steal=0
[host_monotonic_s=131893.547237] RT_CPUSTAT sample=315 cpu=cpu1 user=698 nice=0 system=2380 idle=118782 iowait=0 irq=28871 softirq=43 steal=0
[host_monotonic_s=131893.564549] RT_CPUSTAT sample=316 cpu=cpu0 user=96 nice=0 system=616 idle=159856 iowait=0 irq=328 softirq=60 steal=0
[host_monotonic_s=131893.581977] RT_CPUSTAT sample=316 cpu=cpu1 user=700 nice=0 system=2387 idle=119153 iowait=0 irq=28960 softirq=43 steal=0
[host_monotonic_s=131893.599209] RT_CPUSTAT sample=317 cpu=cpu0 user=96 nice=0 system=617 idle=160355 iowait=0 irq=328 softirq=60 steal=0
[host_monotonic_s=131893.616787] RT_CPUSTAT sample=317 cpu=cpu1 user=702 nice=0 system=2397 idle=119523 iowait=0 irq=29049 softirq=43 steal=0
[host_monotonic_s=131893.633906] RT_CPUSTAT sample=318 cpu=cpu0 user=97 nice=0 system=619 idle=160852 iowait=0 irq=330 softirq=61 steal=0
[host_monotonic_s=131893.652019] RT_CPUSTAT sample=318 cpu=cpu1 user=704 nice=0 system=2406 idle=119890 iowait=0 irq=29142 softirq=44 steal=0
[host_monotonic_s=131893.669511] RT_CPUSTAT sample=319 cpu=cpu0 user=97 nice=0 system=619 idle=161351 iowait=0 irq=330 softirq=61 steal=0
[host_monotonic_s=131893.687112] RT_CPUSTAT sample=319 cpu=cpu1 user=707 nice=0 system=2415 idle=120258 iowait=0 irq=29236 softirq=44 steal=0
[host_monotonic_s=131893.703987] RT_CPUSTAT sample=320 cpu=cpu0 user=97 nice=0 system=621 idle=161848 iowait=0 irq=331 softirq=61 steal=0
[host_monotonic_s=131894.011277] RT_CPUSTAT sample=320 cpu=cpu1 user=707 nice=0 system=2421 idle=120629 iowait=0 irq=29323 softirq=44 steal=0
[host_monotonic_s=131894.011298] RT_CPUSTAT sample=321 cpu=cpu0 user=98 nice=0 system=622 idle=162347 iowait=0 irq=332 softirq=61 steal=0
[host_monotonic_s=131894.018561] RT_CPUSTAT sample=321 cpu=cpu1 user=711 nice=0 system=2430 idle=120998 iowait=0 irq=29413 softirq=44 steal=0
[host_monotonic_s=131894.038759] RT_CPUSTAT sample=322 cpu=cpu0 user=98 nice=0 system=623 idle=162844 iowait=0 irq=333 softirq=61 steal=0
[host_monotonic_s=131894.059169] RT_CPUSTAT sample=322 cpu=cpu1 user=714 nice=0 system=2438 idle=121365 iowait=0 irq=29507 softirq=44 steal=0
[host_monotonic_s=131894.076437] RT_CPUSTAT sample=323 cpu=cpu0 user=98 nice=0 system=624 idle=163343 iowait=0 irq=334 softirq=62 steal=0
[host_monotonic_s=131894.094539] RT_CPUSTAT sample=323 cpu=cpu1 user=716 nice=0 system=2445 idle=121731 iowait=0 irq=29600 softirq=44 steal=0
[host_monotonic_s=131894.111644] RT_CPUSTAT sample=324 cpu=cpu0 user=99 nice=0 system=626 idle=163840 iowait=0 irq=335 softirq=62 steal=0
[host_monotonic_s=131894.129552] RT_CPUSTAT sample=324 cpu=cpu1 user=718 nice=0 system=2451 idle=122099 iowait=0 irq=29692 softirq=45 steal=0
[host_monotonic_s=131894.146919] RT_CPUSTAT sample=325 cpu=cpu0 user=99 nice=0 system=627 idle=164339 iowait=0 irq=336 softirq=62 steal=0
[host_monotonic_s=131894.165427] RT_CPUSTAT sample=325 cpu=cpu1 user=720 nice=0 system=2462 idle=122464 iowait=0 irq=29784 softirq=45 steal=0
[host_monotonic_s=131894.182664] RT_CPUSTAT sample=326 cpu=cpu0 user=99 nice=0 system=629 idle=164836 iowait=0 irq=337 softirq=62 steal=0
[host_monotonic_s=131894.200713] RT_CPUSTAT sample=326 cpu=cpu1 user=723 nice=0 system=2469 idle=122833 iowait=0 irq=29875 softirq=45 steal=0
[host_monotonic_s=131894.218552] RT_CPUSTAT sample=327 cpu=cpu0 user=99 nice=0 system=630 idle=165335 iowait=0 irq=338 softirq=62 steal=0
[host_monotonic_s=131894.236814] RT_CPUSTAT sample=327 cpu=cpu1 user=725 nice=0 system=2477 idle=123198 iowait=0 irq=29968 softirq=45 steal=0
[host_monotonic_s=131894.253996] RT_CPUSTAT sample=328 cpu=cpu0 user=99 nice=0 system=631 idle=165833 iowait=0 irq=339 softirq=63 steal=0
[host_monotonic_s=131894.561635] RT_CPUSTAT sample=328 cpu=cpu1 user=727 nice=0 system=2484 idle=123567 iowait=0 irq=30059 softirq=45 steal=0
[host_monotonic_s=131894.561647] RT_CPUSTAT sample=329 cpu=cpu0 user=99 nice=0 system=632 idle=166331 iowait=0 irq=340 softirq=63 steal=0
[host_monotonic_s=131894.567405] RT_CPUSTAT sample=329 cpu=cpu1 user=730 nice=0 system=2494 idle=123934 iowait=0 irq=30152 softirq=45 steal=0
[host_monotonic_s=131894.588676] RT_CPUSTAT sample=330 cpu=cpu0 user=99 nice=0 system=634 idle=166829 iowait=0 irq=341 softirq=63 steal=0
[host_monotonic_s=131894.606371] RT_CPUSTAT sample=330 cpu=cpu1 user=733 nice=0 system=2503 idle=124303 iowait=0 irq=30243 softirq=45 steal=0
[host_monotonic_s=131894.624569] RT_CPUSTAT sample=331 cpu=cpu0 user=99 nice=0 system=635 idle=167328 iowait=0 irq=342 softirq=63 steal=0
[host_monotonic_s=131894.642086] RT_CPUSTAT sample=331 cpu=cpu1 user=734 nice=0 system=2508 idle=124671 iowait=0 irq=30335 softirq=46 steal=0
[host_monotonic_s=131894.659671] RT_CPUSTAT sample=332 cpu=cpu0 user=100 nice=0 system=636 idle=167825 iowait=0 irq=343 softirq=63 steal=0
[host_monotonic_s=131894.678660] RT_CPUSTAT sample=332 cpu=cpu1 user=738 nice=0 system=2517 idle=125027 iowait=0 irq=30434 softirq=46 steal=0
[host_monotonic_s=131894.696589] RT_CPUSTAT sample=333 cpu=cpu0 user=100 nice=0 system=637 idle=168324 iowait=0 irq=344 softirq=64 steal=0
[host_monotonic_s=131894.714987] RT_CPUSTAT sample=333 cpu=cpu1 user=742 nice=0 system=2526 idle=125391 iowait=0 irq=30529 softirq=46 steal=0
[host_monotonic_s=131894.733257] RT_CPUSTAT sample=334 cpu=cpu0 user=100 nice=0 system=639 idle=168821 iowait=0 irq=345 softirq=64 steal=0
[host_monotonic_s=131894.751505] RT_CPUSTAT sample=334 cpu=cpu1 user=743 nice=0 system=2533 idle=125756 iowait=0 irq=30622 softirq=46 steal=0
[host_monotonic_s=131894.769915] RT_CPUSTAT sample=335 cpu=cpu0 user=101 nice=0 system=639 idle=169320 iowait=0 irq=346 softirq=64 steal=0
[host_monotonic_s=131894.787740] RT_CPUSTAT sample=335 cpu=cpu1 user=744 nice=0 system=2539 idle=126121 iowait=0 irq=30716 softirq=46 steal=0
[host_monotonic_s=131894.804825] RT_CPUSTAT sample=336 cpu=cpu0 user=102 nice=0 system=640 idle=169817 iowait=0 irq=347 softirq=64 steal=0
[host_monotonic_s=131895.112037] RT_CPUSTAT sample=336 cpu=cpu1 user=746 nice=0 system=2544 idle=126488 iowait=0 irq=30808 softirq=46 steal=0
[host_monotonic_s=131895.112058] RT_CPUSTAT sample=337 cpu=cpu0 user=102 nice=0 system=641 idle=170316 iowait=0 irq=347 softirq=64 steal=0
[host_monotonic_s=131895.118980] RT_CPUSTAT sample=337 cpu=cpu1 user=749 nice=0 system=2551 idle=126856 iowait=0 irq=30900 softirq=46 steal=0
[host_monotonic_s=131895.136814] RT_CPUSTAT sample=338 cpu=cpu0 user=102 nice=0 system=643 idle=170813 iowait=0 irq=349 softirq=65 steal=0
[host_monotonic_s=131895.157436] RT_CPUSTAT sample=338 cpu=cpu1 user=751 nice=0 system=2559 idle=127222 iowait=0 irq=30992 softirq=47 steal=0
[host_monotonic_s=131895.175207] RT_CPUSTAT sample=339 cpu=cpu0 user=103 nice=0 system=643 idle=171312 iowait=0 irq=350 softirq=65 steal=0
[host_monotonic_s=131895.193278] RT_CPUSTAT sample=339 cpu=cpu1 user=754 nice=0 system=2568 idle=127587 iowait=0 irq=31087 softirq=47 steal=0
[host_monotonic_s=131895.210447] RT_CPUSTAT sample=340 cpu=cpu0 user=103 nice=0 system=645 idle=171809 iowait=0 irq=351 softirq=65 steal=0
[host_monotonic_s=131895.230204] RT_CPUSTAT sample=340 cpu=cpu1 user=756 nice=0 system=2579 idle=127951 iowait=0 irq=31182 softirq=47 steal=0
[host_monotonic_s=131895.247756] RT_CPUSTAT sample=341 cpu=cpu0 user=103 nice=0 system=646 idle=172308 iowait=0 irq=352 softirq=65 steal=0
[host_monotonic_s=131895.266007] RT_CPUSTAT sample=341 cpu=cpu1 user=757 nice=0 system=2585 idle=128319 iowait=0 irq=31274 softirq=47 steal=0
[host_monotonic_s=131895.283390] RT_CPUSTAT sample=342 cpu=cpu0 user=103 nice=0 system=648 idle=172805 iowait=0 irq=353 softirq=65 steal=0
[host_monotonic_s=131895.301239] RT_CPUSTAT sample=342 cpu=cpu1 user=761 nice=0 system=2593 idle=128683 iowait=0 irq=31369 softirq=47 steal=0
[host_monotonic_s=131895.318969] RT_CPUSTAT sample=343 cpu=cpu0 user=103 nice=0 system=649 idle=173304 iowait=0 irq=353 softirq=65 steal=0
[host_monotonic_s=131895.337045] RT_CPUSTAT sample=343 cpu=cpu1 user=763 nice=0 system=2599 idle=129054 iowait=0 irq=31457 softirq=47 steal=0
[host_monotonic_s=131895.354725] RT_CPUSTAT sample=344 cpu=cpu0 user=103 nice=0 system=650 idle=173802 iowait=0 irq=355 softirq=66 steal=0
[host_monotonic_s=131895.662215] RT_CPUSTAT sample=344 cpu=cpu1 user=765 nice=0 system=2605 idle=129429 iowait=0 irq=31542 softirq=48 steal=0
[host_monotonic_s=131895.662225] RT_CPUSTAT sample=345 cpu=cpu0 user=103 nice=0 system=652 idle=174301 iowait=0 irq=355 softirq=66 steal=0
[host_monotonic_s=131895.667979] RT_CPUSTAT sample=345 cpu=cpu1 user=766 nice=0 system=2611 idle=129796 iowait=0 irq=31634 softirq=48 steal=0
[host_monotonic_s=131895.686158] RT_CPUSTAT sample=346 cpu=cpu0 user=103 nice=0 system=653 idle=174798 iowait=0 irq=356 softirq=66 steal=0
[host_monotonic_s=131895.703993] RT_CPUSTAT sample=346 cpu=cpu1 user=767 nice=0 system=2615 idle=130169 iowait=0 irq=31721 softirq=48 steal=0
[host_monotonic_s=131895.721320] RT_CPUSTAT sample=347 cpu=cpu0 user=103 nice=0 system=655 idle=175297 iowait=0 irq=357 softirq=66 steal=0
[host_monotonic_s=131895.738706] RT_CPUSTAT sample=347 cpu=cpu1 user=770 nice=0 system=2622 idle=130536 iowait=0 irq=31814 softirq=48 steal=0
[host_monotonic_s=131895.756623] RT_CPUSTAT sample=348 cpu=cpu0 user=103 nice=0 system=657 idle=175794 iowait=0 irq=358 softirq=66 steal=0
[host_monotonic_s=131895.774542] RT_CPUSTAT sample=348 cpu=cpu1 user=772 nice=0 system=2628 idle=130907 iowait=0 irq=31903 softirq=48 steal=0
[host_monotonic_s=131895.791721] RT_CPUSTAT sample=349 cpu=cpu0 user=104 nice=0 system=657 idle=176293 iowait=0 irq=359 softirq=66 steal=0
[host_monotonic_s=131895.809432] RT_CPUSTAT sample=349 cpu=cpu1 user=775 nice=0 system=2634 idle=131275 iowait=0 irq=31994 softirq=48 steal=0
[host_monotonic_s=131895.827161] RT_CPUSTAT sample=350 cpu=cpu0 user=104 nice=0 system=659 idle=176790 iowait=0 irq=360 softirq=67 steal=0
[host_monotonic_s=131895.845061] RT_CPUSTAT sample=350 cpu=cpu1 user=776 nice=0 system=2646 idle=131642 iowait=0 irq=32085 softirq=48 steal=0
[host_monotonic_s=131895.861159] RT_CPUSTAT sample=351 cpu=cpu0 user=104 nice=0 system=660 idle=177289 iowait=0 irq=361 softirq=67 steal=0
[host_monotonic_s=131895.878195] RT_CPUSTAT sample=351 cpu=cpu1 user=780 nice=0 system=2654 idle=132009 iowait=0 irq=32178 softirq=48 steal=0
[host_monotonic_s=131895.895237] RT_CPUSTAT sample=352 cpu=cpu0 user=104 nice=0 system=662 idle=177787 iowait=0 irq=362 softirq=67 steal=0
[host_monotonic_s=131896.212972] RT_CPUSTAT sample=352 cpu=cpu1 user=782 nice=0 system=2663 idle=132376 iowait=0 irq=32269 softirq=49 steal=0
[host_monotonic_s=131896.212985] RT_CPUSTAT sample=353 cpu=cpu0 user=104 nice=0 system=662 idle=178286 iowait=0 irq=363 softirq=67 steal=0
[host_monotonic_s=131896.212989] RT_CPUSTAT sample=353 cpu=cpu1 user=784 nice=0 system=2673 idle=132743 iowait=0 irq=32363 softirq=49 steal=0
[host_monotonic_s=131896.226223] RT_CPUSTAT sample=354 cpu=cpu0 user=105 nice=0 system=665 idle=178783 iowait=0 irq=364 softirq=67 steal=0
[host_monotonic_s=131896.243911] RT_CPUSTAT sample=354 cpu=cpu1 user=786 nice=0 system=2681 idle=133110 iowait=0 irq=32456 softirq=49 steal=0
[host_monotonic_s=131896.261378] RT_CPUSTAT sample=355 cpu=cpu0 user=105 nice=0 system=666 idle=179282 iowait=0 irq=365 softirq=68 steal=0
[host_monotonic_s=131896.279649] RT_CPUSTAT sample=355 cpu=cpu1 user=788 nice=0 system=2691 idle=133476 iowait=0 irq=32549 softirq=49 steal=0
[host_monotonic_s=131896.298230] RT_CPUSTAT sample=356 cpu=cpu0 user=106 nice=0 system=667 idle=179779 iowait=0 irq=366 softirq=68 steal=0
[host_monotonic_s=131896.316235] RT_CPUSTAT sample=356 cpu=cpu1 user=791 nice=0 system=2699 idle=133842 iowait=0 irq=32644 softirq=49 steal=0
[host_monotonic_s=131896.333215] RT_CPUSTAT sample=357 cpu=cpu0 user=106 nice=0 system=668 idle=180278 iowait=0 irq=367 softirq=68 steal=0
[host_monotonic_s=131896.350890] RT_CPUSTAT sample=357 cpu=cpu1 user=795 nice=0 system=2704 idle=134210 iowait=0 irq=32735 softirq=49 steal=0
[host_monotonic_s=131896.368009] RT_CPUSTAT sample=358 cpu=cpu0 user=107 nice=0 system=669 idle=180775 iowait=0 irq=368 softirq=68 steal=0
[host_monotonic_s=131896.385876] RT_CPUSTAT sample=358 cpu=cpu1 user=796 nice=0 system=2711 idle=134578 iowait=0 irq=32827 softirq=49 steal=0
[host_monotonic_s=131896.402495] RT_CPUSTAT sample=359 cpu=cpu0 user=107 nice=0 system=670 idle=181274 iowait=0 irq=369 softirq=68 steal=0
[host_monotonic_s=131896.421382] RT_CPUSTAT sample=359 cpu=cpu1 user=798 nice=0 system=2717 idle=134947 iowait=0 irq=32919 softirq=49 steal=0
[host_monotonic_s=131896.437986] RT_CPUSTAT sample=360 cpu=cpu0 user=107 nice=0 system=674 idle=181492 iowait=0 irq=370 softirq=69 steal=0
[host_monotonic_s=131896.455900] RT_CPUSTAT sample=360 cpu=cpu1 user=801 nice=0 system=2719 idle=135419 iowait=0 irq=32937 softirq=50 steal=0
[host_monotonic_s=131896.763239] RT_CPUSTAT sample=361 cpu=cpu0 user=108 nice=0 system=676 idle=181635 iowait=0 irq=371 softirq=69 steal=0
[host_monotonic_s=131896.763250] RT_CPUSTAT sample=361 cpu=cpu1 user=801 nice=0 system=2719 idle=135984 iowait=0 irq=32937 softirq=50 steal=0
[host_monotonic_s=131896.767106] RT_CPUSTAT sample=362 cpu=cpu0 user=108 nice=0 system=680 idle=181788 iowait=0 irq=371 softirq=69 steal=0
[host_monotonic_s=131896.787336] RT_CPUSTAT sample=362 cpu=cpu1 user=801 nice=0 system=2719 idle=136637 iowait=0 irq=32937 softirq=50 steal=0
[host_monotonic_s=131896.805131] RT_CPUSTAT sample=363 cpu=cpu0 user=108 nice=0 system=938 idle=181788 iowait=0 irq=388 softirq=69 steal=0
[host_monotonic_s=131896.823213] RT_CPUSTAT sample=363 cpu=cpu1 user=801 nice=0 system=2719 idle=137139 iowait=0 irq=32937 softirq=50 steal=0
[host_monotonic_s=131896.840782] RT_CPUSTAT sample=364 cpu=cpu0 user=108 nice=0 system=1193 idle=181788 iowait=0 irq=404 softirq=69 steal=0
[host_monotonic_s=131896.858963] RT_CPUSTAT sample=364 cpu=cpu1 user=801 nice=0 system=2719 idle=137663 iowait=0 irq=32937 softirq=50 steal=0
[host_monotonic_s=131899.172459] RT_INIT_DONE scenario=idle
[host_monotonic_s=131899.172465] [ 1887.169618] reboot: Power down
[host_monotonic_s=131899.172466] [37m[1890.552441 2:17 axvm::runtime::hvc:352] [33mVM[1] PSCI_SYSTEM_OFF[m
[host_monotonic_s=131899.172467] [m[37m[1890.552672 2:17 axvm::vm:1360] [32mStopping VM[1]: SystemDown[m
[host_monotonic_s=131899.172467] [m
[host_monotonic_s=131899.172752] [37m[1890.553089 2:17 axvm::runtime::vcpus:800] [33mVM[1] VCpu[0] stopping because of VM stopping[m[Axvisor] VM[1] stopped; returning to the management shell
[host_monotonic_s=131899.172919] [m[37m[1890.553162 3:22 axvm::runtime::vcpus:800] [33mVM[1] VCpu[1] stopping because of VM stopping[m
[host_monotonic_s=131899.172922] 
[host_monotonic_s=131899.173271] [m[2Kaxvisor:$ [37m[1890.836724 2:17 axvm::runtime::vcpus:838] [32mVM[1] VCpu[0] exiting...[m
[host_monotonic_s=131899.173418] [m[37m[1890.836764 3:22 axvm::runtime::vcpus:807] [32mVM[1] VCpu[1] last VCpu exiting, decreasing running VM count[m
[host_monotonic_s=131899.174295] [m[37m[1890.837808 3:22 axvm::runtime::vcpus:817] [32mVM[1] state changed to Stopped[m
[host_monotonic_s=131899.174446] [m[37m[1890.837981 3:22 axvm::runtime::vcpus:838] [32mVM[1] VCpu[1] exiting...[m
[host_monotonic_s=131900.476751] [m[2Kaxvisor:$ v[2Kaxvisor:$ vm[2Kaxvisor:$ vme[2Kaxvisor:$ vmex[2Kaxvisor:$ vmexi[2Kaxvisor:$ vmexit[2Kaxvisor:$ vmexit [2Kaxvisor:$ vmexit s[2Kaxvisor:$ vmexit st[2Kaxvisor:$ vmexit sta[2Kaxvisor:$ vmexit stat
[host_monotonic_s=131900.476764] VM-exit counters per physical CPU (12 reasons):
[host_monotonic_s=131900.478581]   cpu         irq     timer      mmio       wfi   hvc-smc    sysreg    gic-if       sgi    cpu-up  sys-down   nothing     other
[host_monotonic_s=131900.479315]     1       17200     16803     77811     16802         -         -         -         -         -         -         -         -
[host_monotonic_s=131900.480343]     2   27178@14.1/s 19479@10.1/s350825@173.8/s1885090@1016.4/s     8@0.0/s         -         -   125@0.0/s         -         -        11         -
[host_monotonic_s=131900.481028]     3  1829839@986.4/s1816901@979.5/s        521707216@919.9/s         -         -         -  2642@1.4/s         -         -         2         -
[host_monotonic_s=131900.481310] Host periodic scheduler ticks (event-driven timer IRQs excluded):
[host_monotonic_s=131900.481451]   cpu   0:     186226 (98.725/s)
[host_monotonic_s=131900.483877]   cpu   1:     186233 (98.730/s)
[host_monotonic_s=131900.483879]   cpu   2:     186224 (98.726/s)
[host_monotonic_s=131900.483904]   cpu   3:     186223 (98.726/s)
[host_monotonic_s=131904.685951] axvisor:$ rt_experiment end_ns=1786820860074342195 elapsed_ms=1907716
