
--- before ---
VM-exit counters per physical CPU (12 reasons):
  cpu         irq     timer      mmio       wfi   hvc-smc    sysreg    gic-if       sgi    cpu-up  sys-down   nothing     other
    1       15357     15118     45654     15117         -         -         -         -         -         -         -         -
    2        1040       740     30413      1628         7         -         -       123         -         -        11         -
    3        1721      1677        52      2544         -         -         -        19         -         -         2         -
Host periodic scheduler ticks (event-driven timer IRQs excluded):
  cpu   0:       3264
  cpu   1:       3267
  cpu   2:       3265
  cpu   3:       3264
axvisor:$ 
[2Kaxvisor:$ v
[2Kaxvisor:$ vm
[2Kaxvisor:$ vm 
[2Kaxvisor:$ vm c
[2Kaxvisor:$ vm co
[2Kaxvisor:$ vm con
[2Kaxvisor:$ vm cons
[2Kaxvisor:$ vm conso
[2Kaxvisor:$ vm consol
[2Kaxvisor:$ vm console
[2Kaxvisor:$ vm console 
[2Kaxvisor:$ vm console 2
✓ Attached VM[2] console; use Ctrl+X, then h to return to the shell
PERIODIC LATENCY START
sequence,timestamp_ns,deadline_ns,actual_ns,jitter_ns
0,10716784,37003013120,37003729904,716784
1,20468912,37013013120,37013482032,468912
2,30413024,37023013120,37023426144,413024
3,40748224,37033013120,37033761344,748224
4,50638400,37043013120,37043651520,638400
5,60726144,37053013120,37053739264,726144
6,70681024,37063013120,37063694144,681024
7,80803904,37073013120,37073817024,803904
8,90697824,37083013120,37083710944,697824
9,100730880,37093013120,37093744000,730880
10,110742416,37103013120,37103755536,742416
11,120686208,37113013120,37113699328,686208
12,130667936,37123013120,37123681056,667936
13,140815568,37133013120,37133828688,815568
14,150750240,37143013120,37143763360,750240
15,160817600,37153013120,37153830720,817600
16,170716880,37163013120,37163730000,716880
17,180717488,37173013120,37173730608,717488
18,190677760,37183013120,37183690880,677760
19,200773872,37193013120,37193786992,773872
20,210693824,37203013120,37203706944,693824
21,220699040,37213013120,37213712160,699040
22,230678672,37223013120,37223691792,678672
23,240772496,37233013120,37233785616,772496
24,250655680,37243013120,37243668800,655680
25,260800224,37253013120,37253813344,800224
26,270389568,37263013120,37263402688,389568
27,280597392,37273013120,37273610512,597392
28,290538080,37283013120,37283551200,538080
29,300621168,37293013120,37293634288,621168
30,310488576,37303013120,37303501696,488576
31,320470448,37313013120,37313483568,470448
32,330526176,37323013120,37323539296,526176
33,340590496,37333013120,37333603616,590496
34,350711232,37343013120,37343724352,711232
35,360481600,37353013120,37353494720,481600
36,370455488,37363013120,37363468608,455488
37,380478480,37373013120,37373491600,478480
38,390370864,37383013120,37383383984,370864
39,400474000,37393013120,37393487120,474000
40,410472064,37403013120,37403485184,472064
41,420574928,37413013120,37413588048,574928
42,430659824,37423013120,37423672944,659824
43,440621360,37433013120,37433634480,621360
44,450554944,37443013120,37443568064,554944
45,460496592,37453013120,37453509712,496592
46,470672704,37463013120,37463685824,672704
47,480582080,37473013120,37473595200,582080
48,490570176,37483013120,37483583296,570176
49,500586432,37493013120,37493599552,586432
50,510519280,37503013120,37503532400,519280
51,520606960,37513013120,37513620080,606960
52,530476720,37523013120,37523489840,476720
53,540490080,37533013120,37533503200,490080
54,550629312,37543013120,37543642432,629312
55,560571856,37553013120,37553584976,571856
56,570742912,37563013120,37563756032,742912
57,580448832,37573013120,37573461952,448832
58,590483920,37583013120,37583497040,483920
59,600512688,37593013120,37593525808,512688
60,610449504,37603013120,37603462624,449504
61,620498384,37613013120,37613511504,498384
62,630452432,37623013120,37623465552,452432
63,640443952,37633013120,37633457072,443952
64,650449360,37643013120,37643462480,449360
65,660487888,37653013120,37653501008,487888
66,670455488,37663013120,37663468608,455488
67,680520672,37673013120,37673533792,520672
68,690430496,37683013120,37683443616,430496
69,700487056,37693013120,37693500176,487056
70,710425056,37703013120,37703438176,425056
71,720666208,37713013120,37713679328,666208
72,730829616,37723013120,37723842736,829616
73,740837808,37733013120,37733850928,837808
74,750759968,37743013120,37743773088,759968
75,760594656,37753013120,37753607776,594656
76,770473568,37763013120,37763486688,473568
77,780487392,37773013120,37773500512,487392
78,790755040,37783013120,37783768160,755040
79,800581984,37793013120,37793595104,581984
80,810511456,37803013120,37803524576,511456
81,820584800,37813013120,37813597920,584800
82,830769120,37823013120,37823782240,769120
83,840608256,37833013120,37833621376,608256
84,850526784,37843013120,37843539904,526784
85,860638560,37853013120,37853651680,638560
86,870595840,37863013120,37863608960,595840
87,880483680,37873013120,37873496800,483680
88,890618192,37883013120,37883631312,618192
89,900579440,37893013120,37893592560,579440
90,910676896,37903013120,37903690016,676896
91,920745808,37913013120,37913758928,745808
92,930610304,37923013120,37923623424,610304
93,940827360,37933013120,37933840480,827360
94,950624480,37943013120,37943637600,624480
95,960587072,37953013120,37953600192,587072
96,970604256,37963013120,37963617376,604256
97,980593872,37973013120,37973606992,593872
98,990577040,37983013120,37983590160,577040
99,1000445616,37993013120,37993458736,445616
100,1010686528,38003013120,38003699648,686528
101,1020531328,38013013120,38013544448,531328
102,1030482416,38023013120,38023495536,482416
103,1040491456,38033013120,38033504576,491456
104,1050470304,38043013120,38043483424,470304
105,1060786704,38053013120,38053799824,786704
106,1070766736,38063013120,38063779856,766736
107,1080914768,38073013120,38073927888,914768
108,1090512144,38083013120,38083525264,512144
109,1100587280,38093013120,38093600400,587280
110,1110611696,38103013120,38103624816,611696
111,1120687920,38113013120,38113701040,687920
112,1130460592,38123013120,38123473712,460592
113,1140616544,38133013120,38133629664,616544
114,1150602304,38143013120,38143615424,602304
115,1160480208,38153013120,38153493328,480208
116,1170490416,38163013120,38163503536,490416
117,1180476432,38173013120,38173489552,476432
118,1190625264,38183013120,38183638384,625264
119,1200532160,38193013120,38193545280,532160
120,1210587008,38203013120,38203600128,587008
121,1220514320,38213013120,38213527440,514320
122,1230672080,38223013120,38223685200,672080
123,1240583840,38233013120,38233596960,583840
124,1250522624,38243013120,38243535744,522624
125,1260681712,38253013120,38253694832,681712
126,1270491456,38263013120,38263504576,491456
127,1280583088,38273013120,38273596208,583088
128,1290743040,38283013120,38283756160,743040
129,1300683728,38293013120,38293696848,683728
130,1310729984,38303013120,38303743104,729984
131,1320686656,38313013120,38313699776,686656
132,1330852848,38323013120,38323865968,852848
133,1340803648,38333013120,38333816768,803648
134,1350821296,38343013120,38343834416,821296
135,1360677616,38353013120,38353690736,677616
136,1370693520,38363013120,38363706640,693520
137,1380594320,38373013120,38373607440,594320
138,1390504912,38383013120,38383518032,504912
139,1400498160,38393013120,38393511280,498160
140,1410488016,38403013120,38403501136,488016
141,1420611888,38413013120,38413625008,611888
142,1430489824,38423013120,38423502944,489824
143,1440647168,38433013120,38433660288,647168
144,1450636592,38443013120,38443649712,636592
145,1460567904,38453013120,38453581024,567904
146,1470645216,38463013120,38463658336,645216
147,1480482880,38473013120,38473496000,482880
148,1490628736,38483013120,38483641856,628736
149,1500774288,38493013120,38493787408,774288
150,1510737936,38503013120,38503751056,737936
151,1520780208,38513013120,38513793328,780208
152,1530761088,38523013120,38523774208,761088
153,1540817856,38533013120,38533830976,817856
154,1550754192,38543013120,38543767312,754192
155,1560677152,38553013120,38553690272,677152
156,1570552464,38563013120,38563565584,552464
157,1580659184,38573013120,38573672304,659184
158,1590516416,38583013120,38583529536,516416
159,1600529776,38593013120,38593542896,529776
160,1610621456,38603013120,38603634576,621456
161,1620518800,38613013120,38613531920,518800
162,1630705920,38623013120,38623719040,705920
163,1640463664,38633013120,38633476784,463664
164,1650555168,38643013120,38643568288,555168
165,1660563280,38653013120,38653576400,563280
166,1670480304,38663013120,38663493424,480304
167,1680592016,38673013120,38673605136,592016
168,1690604624,38683013120,38683617744,604624
169,1700514816,38693013120,38693527936,514816
170,1710565472,38703013120,38703578592,565472
171,1720633072,38713013120,38713646192,633072
172,1730425088,38723013120,38723438208,425088
173,1740458704,38733013120,38733471824,458704
174,1750558368,38743013120,38743571488,558368
175,1760557584,38753013120,38753570704,557584
176,1770653040,38763013120,38763666160,653040
177,1780426512,38773013120,38773439632,426512
178,1790526752,38783013120,38783539872,526752
179,1800748576,38793013120,38793761696,748576
180,1810675200,38803013120,38803688320,675200
181,1820588720,38813013120,38813601840,588720
182,1830802144,38823013120,38823815264,802144
183,1840563232,38833013120,38833576352,563232
184,1850572208,38843013120,38843585328,572208
185,1860583952,38853013120,38853597072,583952
186,1870866560,38863013120,38863879680,866560
187,1880409920,38873013120,38873423040,409920
188,1890447472,38883013120,38883460592,447472
189,1900715760,38893013120,38893728880,715760
190,1910717568,38903013120,38903730688,717568
191,1920688944,38913013120,38913702064,688944
192,1930484944,38923013120,38923498064,484944
193,1940785216,38933013120,38933798336,785216
194,1950595648,38943013120,38943608768,595648
195,1960474096,38953013120,38953487216,474096
196,1970467968,38963013120,38963481088,467968
197,1980529568,38973013120,38973542688,529568
198,1990868128,38983013120,38983881248,868128
199,2000501504,38993013120,38993514624,501504
200,2010481088,39003013120,39003494208,481088
201,2020618320,39013013120,39013631440,618320
202,2030496304,39023013120,39023509424,496304
203,2040582480,39033013120,39033595600,582480
204,2050822016,39043013120,39043835136,822016
205,2060483792,39053013120,39053496912,483792
206,2070445072,39063013120,39063458192,445072
207,2080405360,39073013120,39073418480,405360
208,2090602704,39083013120,39083615824,602704
209,2100478544,39093013120,39093491664,478544
210,2110647248,39103013120,39103660368,647248
211,2120616656,39113013120,39113629776,616656
212,2130660496,39123013120,39123673616,660496
213,2140718880,39133013120,39133732000,718880
214,2150669376,39143013120,39143682496,669376
215,2160752096,39153013120,39153765216,752096
216,2170575168,39163013120,39163588288,575168
217,2180703712,39173013120,39173716832,703712
218,2190628480,39183013120,39183641600,628480
219,2200673888,39193013120,39193687008,673888
220,2210778336,39203013120,39203791456,778336
221,2220716224,39213013120,39213729344,716224
222,2230746240,39223013120,39223759360,746240
223,2240679312,39233013120,39233692432,679312
224,2250695952,39243013120,39243709072,695952
225,2260678368,39253013120,39253691488,678368
226,2270465696,39263013120,39263478816,465696
227,2280535856,39273013120,39273548976,535856
228,2290631904,39283013120,39283645024,631904
229,2300523280,39293013120,39293536400,523280
230,2310439632,39303013120,39303452752,439632
231,2320570384,39313013120,39313583504,570384
232,2330673264,39323013120,39323686384,673264
233,2340446032,39333013120,39333459152,446032
234,2350382512,39343013120,39343395632,382512
235,2360508912,39353013120,39353522032,508912
236,2370495248,39363013120,39363508368,495248
237,2380449216,39373013120,39373462336,449216
238,2390394208,39383013120,39383407328,394208
239,2400552208,39393013120,39393565328,552208
240,2410368832,39403013120,39403381952,368832
241,2420478544,39413013120,39413491664,478544
242,2430380000,39423013120,39423393120,380000
243,2440635408,39433013120,39433648528,635408
244,2450401264,39443013120,39443414384,401264
245,2460434480,39453013120,39453447600,434480
246,2470448240,39463013120,39463461360,448240
247,2480558688,39473013120,39473571808,558688
248,2490450256,39483013120,39483463376,450256
249,2500651312,39493013120,39493664432,651312
250,2510484000,39503013120,39503497120,484000
251,2520599808,39513013120,39513612928,599808
252,2530792256,39523013120,39523805376,792256
253,2540703232,39533013120,39533716352,703232
254,2550825136,39543013120,39543838256,825136
255,2560831536,39553013120,39553844656,831536
256,2570684096,39563013120,39563697216,684096
257,2580673136,39573013120,39573686256,673136
258,2590697568,39583013120,39583710688,697568
259,2600631408,39593013120,39593644528,631408
260,2610749232,39603013120,39603762352,749232
261,2620874240,39613013120,39613887360,874240
262,2630697680,39623013120,39623710800,697680
263,2640677968,39633013120,39633691088,677968
264,2650741088,39643013120,39643754208,741088
265,2660802304,39653013120,39653815424,802304
266,2670767776,39663013120,39663780896,767776
267,2680828352,39673013120,39673841472,828352
268,2690608160,39683013120,39683621280,608160
269,2700635088,39693013120,39693648208,635088
270,2710801040,39703013120,39703814160,801040
271,2720429280,39713013120,39713442400,429280
272,2730405472,39723013120,39723418592,405472
273,2740687456,39733013120,39733700576,687456
274,2750447744,39743013120,39743460864,447744
275,2760493984,39753013120,39753507104,493984
276,2770458192,39763013120,39763471312,458192
277,2780402096,39773013120,39773415216,402096
278,2790588112,39783013120,39783601232,588112
279,2800486032,39793013120,39793499152,486032
280,2810437344,39803013120,39803450464,437344
281,2820491312,39813013120,39813504432,491312
282,2830663280,39823013120,39823676400,663280
283,2840779728,39833013120,39833792848,779728
284,2850616112,39843013120,39843629232,616112
285,2860656464,39853013120,39853669584,656464
286,2870611056,39863013120,39863624176,611056
287,2880419632,39873013120,39873432752,419632
288,2890636096,39883013120,39883649216,636096
289,2900475984,39893013120,39893489104,475984
290,2910480080,39903013120,39903493200,480080
291,2920519840,39913013120,39913532960,519840
292,2930667728,39923013120,39923680848,667728
293,2940601216,39933013120,39933614336,601216
294,2950790752,39943013120,39943803872,790752
295,2960467072,39953013120,39953480192,467072
296,2970683808,39963013120,39963696928,683808
297,2980392448,39973013120,39973405568,392448
298,2990539504,39983013120,39983552624,539504
299,3000579152,39993013120,39993592272,579152
PERIODIC LATENCY COMPLETE samples=300

--- zephyr-after ---
VM-exit counters per physical CPU (12 reasons):
  cpu         irq     timer      mmio       wfi   hvc-smc    sysreg    gic-if       sgi    cpu-up  sys-down   nothing     other
    1   17200@152.0/s 16803@139.0/s 77811@2652.6/s 16802@139.0/s         -         -         -         -         -         -         -         -
    2    1175@11.1/s   834@7.8/s 30470@4.7/s 11628@824.9/s         7         -         -       123         -         -        11         -
    3   11618@816.4/s 11489@809.4/s        52 11651@751.2/s         -         -         -    34@1.2/s         -         -         2         -
Host periodic scheduler ticks (event-driven timer IRQs excluded):
  cpu   0:       4247 (81.087/s)
  cpu   1:       4246 (80.757/s)
  cpu   2:       4244 (80.757/s)
  cpu   3:       4243 (80.757/s)
axvisor:$ 
[2Kaxvisor:$ v
[2Kaxvisor:$ vm
[2Kaxvisor:$ vm 
[2Kaxvisor:$ vm c
[2Kaxvisor:$ vm co
[2Kaxvisor:$ vm con
[2Kaxvisor:$ vm cons
[2Kaxvisor:$ vm conso
[2Kaxvisor:$ vm consol
[2Kaxvisor:$ vm console
[2Kaxvisor:$ vm console 
[2Kaxvisor:$ vm console 1
✓ Attached VM[1] console; use Ctrl+X, then h to return to the shell
RT_PROGRESS uptime_s=38.78
[   47.789597] random: crng init done
RT_PROGRESS uptime_s=48.80
RT_PROGRESS uptime_s=58.81
RT_PROGRESS uptime_s=68.82
RT_PROGRESS uptime_s=78.83
RT_PROGRESS uptime_s=88.84
RT_PROGRESS uptime_s=98.86
RT_PROGRESS uptime_s=108.87
RT_PROGRESS uptime_s=118.88
RT_PROGRESS uptime_s=128.90
RT_PROGRESS uptime_s=138.91
RT_PROGRESS uptime_s=148.92
RT_PROGRESS uptime_s=158.93
RT_PROGRESS uptime_s=168.94
RT_PROGRESS uptime_s=178.96
RT_PROGRESS uptime_s=188.97
RT_PROGRESS uptime_s=198.98
RT_PROGRESS uptime_s=208.99
RT_PROGRESS uptime_s=219.00
RT_PROGRESS uptime_s=229.02
RT_PROGRESS uptime_s=239.03
RT_PROGRESS uptime_s=249.04
RT_PROGRESS uptime_s=259.05
RT_PROGRESS uptime_s=269.06
RT_PROGRESS uptime_s=279.08
RT_PROGRESS uptime_s=289.09
RT_PROGRESS uptime_s=299.10
RT_PROGRESS uptime_s=309.12
RT_PROGRESS uptime_s=319.13
RT_PROGRESS uptime_s=329.14
RT_PROGRESS uptime_s=339.15
RT_PROGRESS uptime_s=349.17
RT_PROGRESS uptime_s=359.18
RT_PROGRESS uptime_s=369.19
RT_PROGRESS uptime_s=379.20
RT_PROGRESS uptime_s=389.21
RT_PROGRESS uptime_s=399.22
RT_PROGRESS uptime_s=409.24
RT_PROGRESS uptime_s=419.25
RT_PROGRESS uptime_s=429.26
RT_PROGRESS uptime_s=439.28
RT_PROGRESS uptime_s=449.28
RT_PROGRESS uptime_s=459.30
RT_PROGRESS uptime_s=469.31
RT_PROGRESS uptime_s=479.32
RT_PROGRESS uptime_s=489.34
RT_PROGRESS uptime_s=499.34
RT_PROGRESS uptime_s=509.36
RT_PROGRESS uptime_s=519.37
RT_PROGRESS uptime_s=529.38
RT_PROGRESS uptime_s=539.39
RT_PROGRESS uptime_s=549.41
RT_PROGRESS uptime_s=559.42
RT_PROGRESS uptime_s=569.43
RT_PROGRESS uptime_s=579.45
RT_PROGRESS uptime_s=589.46
RT_PROGRESS uptime_s=599.48
RT_PROGRESS uptime_s=609.49
RT_PROGRESS uptime_s=619.50
RT_PROGRESS uptime_s=629.51
RT_PROGRESS uptime_s=639.52
RT_PROGRESS uptime_s=649.54
RT_PROGRESS uptime_s=659.55
RT_PROGRESS uptime_s=669.56
RT_PROGRESS uptime_s=679.57
RT_PROGRESS uptime_s=689.58
RT_PROGRESS uptime_s=699.60
RT_PROGRESS uptime_s=709.61
RT_PROGRESS uptime_s=719.62
RT_PROGRESS uptime_s=729.63
RT_PROGRESS uptime_s=739.64
RT_PROGRESS uptime_s=749.66
RT_PROGRESS uptime_s=759.66
RT_PROGRESS uptime_s=769.68
RT_PROGRESS uptime_s=779.69
RT_PROGRESS uptime_s=789.70
RT_PROGRESS uptime_s=799.71
RT_PROGRESS uptime_s=809.72
RT_PROGRESS uptime_s=819.74
RT_PROGRESS uptime_s=829.75
RT_PROGRESS uptime_s=839.76
RT_PROGRESS uptime_s=849.77
RT_PROGRESS uptime_s=859.78
RT_PROGRESS uptime_s=869.80
RT_PROGRESS uptime_s=879.81
RT_PROGRESS uptime_s=889.82
RT_PROGRESS uptime_s=899.83
RT_PROGRESS uptime_s=909.84
RT_PROGRESS uptime_s=919.86
RT_PROGRESS uptime_s=929.87
RT_PROGRESS uptime_s=939.88
RT_PROGRESS uptime_s=949.89
RT_PROGRESS uptime_s=959.91
RT_PROGRESS uptime_s=969.92
RT_PROGRESS uptime_s=979.93
RT_PROGRESS uptime_s=989.95
RT_PROGRESS uptime_s=999.96
RT_PROGRESS uptime_s=1009.99
RT_PROGRESS uptime_s=1020.01
RT_PROGRESS uptime_s=1030.02
RT_PROGRESS uptime_s=1040.03
RT_PROGRESS uptime_s=1050.04
RT_PROGRESS uptime_s=1060.06
RT_PROGRESS uptime_s=1070.07
RT_PROGRESS uptime_s=1080.08
RT_PROGRESS uptime_s=1090.09
RT_PROGRESS uptime_s=1100.10
RT_PROGRESS uptime_s=1110.11
RT_PROGRESS uptime_s=1120.13
RT_PROGRESS uptime_s=1130.14
RT_PROGRESS uptime_s=1140.14
RT_PROGRESS uptime_s=1150.16
RT_PROGRESS uptime_s=1160.17
RT_PROGRESS uptime_s=1170.18
RT_PROGRESS uptime_s=1180.19
RT_PROGRESS uptime_s=1190.20
RT_PROGRESS uptime_s=1200.21
RT_PROGRESS uptime_s=1210.22
RT_PROGRESS uptime_s=1220.23
RT_PROGRESS uptime_s=1230.24
RT_PROGRESS uptime_s=1240.26
RT_PROGRESS uptime_s=1250.27
RT_PROGRESS uptime_s=1260.28
RT_PROGRESS uptime_s=1270.29
RT_PROGRESS uptime_s=1280.30
RT_PROGRESS uptime_s=1290.32
RT_PROGRESS uptime_s=1300.33
RT_PROGRESS uptime_s=1310.35
RT_PROGRESS uptime_s=1320.35
RT_PROGRESS uptime_s=1330.37
RT_PROGRESS uptime_s=1340.37
RT_PROGRESS uptime_s=1350.39
RT_PROGRESS uptime_s=1360.39
RT_PROGRESS uptime_s=1370.40
RT_PROGRESS uptime_s=1380.42
RT_PROGRESS uptime_s=1390.43
RT_PROGRESS uptime_s=1400.44
RT_PROGRESS uptime_s=1410.45
RT_PROGRESS uptime_s=1420.46
RT_PROGRESS uptime_s=1430.47
RT_PROGRESS uptime_s=1440.48
RT_PROGRESS uptime_s=1450.50
RT_PROGRESS uptime_s=1460.51
RT_PROGRESS uptime_s=1470.52
RT_PROGRESS uptime_s=1480.53
RT_PROGRESS uptime_s=1490.54
RT_PROGRESS uptime_s=1500.55
RT_PROGRESS uptime_s=1510.57
RT_PROGRESS uptime_s=1520.58
RT_PROGRESS uptime_s=1530.58
RT_PROGRESS uptime_s=1540.60
RT_PROGRESS uptime_s=1550.61
RT_PROGRESS uptime_s=1560.63
RT_PROGRESS uptime_s=1570.64
RT_PROGRESS uptime_s=1580.65
RT_PROGRESS uptime_s=1590.66
RT_PROGRESS uptime_s=1600.68
RT_PROGRESS uptime_s=1610.69
RT_PROGRESS uptime_s=1620.70
RT_PROGRESS uptime_s=1630.71
RT_PROGRESS uptime_s=1640.73
RT_PROGRESS uptime_s=1650.73
RT_PROGRESS uptime_s=1660.74
RT_PROGRESS uptime_s=1670.76
RT_PROGRESS uptime_s=1680.76
RT_PROGRESS uptime_s=1690.78
RT_PROGRESS uptime_s=1700.79
RT_PROGRESS uptime_s=1710.80
RT_PROGRESS uptime_s=1720.81
RT_PROGRESS uptime_s=1730.82
RT_PROGRESS uptime_s=1740.83
RT_PROGRESS uptime_s=1750.84
RT_PROGRESS uptime_s=1760.86
RT_PROGRESS uptime_s=1770.87
RT_PROGRESS uptime_s=1780.88
RT_PROGRESS uptime_s=1790.89
RT_PROGRESS uptime_s=1800.90
RT_PROGRESS uptime_s=1810.91
RT_PROGRESS uptime_s=1820.92
WARN: stat /dev/cpu_dma_latency failed: No such file or directory
# Histogram
000126 000001
000133 000001
000138 000001
000139 000007
000140 000002
000141 000002
000142 000001
000143 000006
000144 000005
000145 000007
000146 000003
000147 000004
000148 000008
000149 000005
000150 000007
000151 000005
000152 000007
000153 000004
000154 000005
000155 000012
000156 000011
000157 000011
000158 000019
000159 000020
000160 000026
000161 000028
000162 000046
000163 000049
000164 000061
000165 000060
000166 000073
000167 000095
000168 000098
000169 000098
000170 000092
000171 000129
000172 000105
000173 000134
000174 000126
000175 000138
000176 000138
000177 000140
000178 000131
000179 000157
000180 000168
000181 000145
000182 000139
000183 000147
000184 000160
000185 000173
000186 000182
000187 000157
000188 000172
000189 000178
000190 000172
000191 000165
000192 000164
000193 000171
000194 000179
000195 000152
000196 000180
000197 000174
000198 000183
000199 000167
000200 000144
000201 000170
000202 000150
000203 000180
000204 000165
000205 000150
000206 000155
000207 000178
000208 000140
000209 000166
000210 000170
000211 000157
000212 000163
000213 000156
000214 000167
000215 000170
000216 000158
000217 000150
000218 000193
000219 000175
000220 000162
000221 000156
000222 000147
000223 000148
000224 000149
000225 000156
000226 000146
000227 000151
000228 000139
000229 000153
000230 000154
000231 000142
000232 000169
000233 000155
000234 000167
000235 000155
000236 000155
000237 000163
000238 000164
000239 000160
000240 000180
000241 000160
000242 000203
000243 000201
000244 000232
000245 000256
000246 000292
000247 000324
000248 000374
000249 000457
000250 000601
000251 000632
000252 000804
000253 000943
000254 001135
000255 001309
000256 001539
000257 001762
000258 002027
000259 002153
000260 002469
000261 002664
000262 002979
000263 003266
000264 003461
000265 003774
000266 004096
000267 004195
000268 004652
000269 004816
000270 005147
000271 005473
000272 005758
000273 005883
000274 006437
000275 006731
000276 007057
000277 007087
000278 007394
000279 007007
000280 007160
000281 006705
000282 006576
000283 006332
000284 006298
000285 006266
000286 006173
000287 005891
000288 005943
000289 005695
000290 005582
000291 005489
000292 005309
000293 004997
000294 004828
000295 004653
000296 004597
000297 004361
000298 004234
000299 004109
000300 004074
000301 003870
000302 003717
000303 003636
000304 003652
000305 003566
000306 003489
000307 003297
000308 003137
000309 002863
000310 002669
000311 002538
000312 002332
000313 002272
000314 002272
000315 002011
000316 002146
000317 001926
000318 001875
000319 001860
000320 001859
000321 001706
000322 001637
000323 001508
000324 001462
000325 001377
000326 001322
000327 001198
000328 001305
000329 001236
000330 001259
000331 001141
000332 001164
000333 001099
000334 001033
000335 001018
000336 001006
000337 000963
000338 000938
000339 000923
000340 000973
000341 000893
000342 000921
000343 000951
000344 000973
000345 000909
000346 000908
000347 000913
000348 000939
000349 000884
000350 000943
000351 000984
000352 000974
000353 000971
000354 001009
000355 000952
000356 000983
000357 000938
000358 001025
000359 000983
000360 000997
000361 000989
000362 001005
000363 000991
000364 001005
000365 001016
000366 001076
000367 001008
000368 001010
000369 001042
000370 001133
000371 001085
000372 001092
000373 001130
000374 001093
000375 001070
000376 001124
000377 001078
000378 001161
000379 001145
000380 001126
000381 001139
000382 001195
000383 001218
000384 001141
000385 001094
000386 001148
000387 001127
000388 001122
000389 001116
000390 001119
000391 001057
000392 001138
000393 001141
000394 001112
000395 001125
000396 001166
000397 001130
000398 001109
000399 001122
000400 001104
000401 001132
000402 001165
000403 001086
000404 001151
000405 001104
000406 001097
000407 001079
000408 001104
000409 001144
000410 001057
000411 001023
000412 001106
000413 001052
000414 001076
000415 001003
000416 001018
000417 000944
000418 001054
000419 000945
000420 001001
000421 000949
000422 000944
000423 000932
000424 000913
000425 000860
000426 000914
000427 000919
000428 000893
000429 000821
000430 000956
000431 000834
000432 000870
000433 000865
000434 000854
000435 001011
000436 000981
000437 000979
000438 001033
000439 001000
000440 001086
000441 001102
000442 001175
000443 001249
000444 001401
000445 001414
000446 001577
000447 001588
000448 001813
000449 001928
000450 002230
000451 002331
000452 002596
000453 002916
000454 003091
000455 003447
000456 003694
000457 003942
000458 004136
000459 004420
000460 004865
000461 005178
000462 005497
000463 005638
000464 006112
000465 006320
000466 006737
000467 006881
000468 007324
000469 007312
000470 007895
000471 007815
000472 008106
000473 008425
000474 008669
000475 008736
000476 008954
000477 008727
000478 009085
000479 009180
000480 009360
000481 008978
000482 009218
000483 009030
000484 009298
000485 008990
000486 009143
000487 008834
000488 008984
000489 008789
000490 008879
000491 008955
000492 008913
000493 008863
000494 009139
000495 008999
000496 009205
000497 008999
000498 009378
000499 009121
000500 009504
000501 009332
000502 009518
000503 009546
000504 009842
000505 010098
000506 010294
000507 010343
000508 010524
000509 010395
000510 010893
000511 010807
000512 011132
000513 011036
000514 011195
000515 011303
000516 011408
000517 011059
000518 011221
000519 011085
000520 011087
000521 010789
000522 010652
000523 010339
000524 010274
000525 009856
000526 009800
000527 009211
000528 009412
000529 008794
000530 008667
000531 008362
000532 008291
000533 007786
000534 007645
000535 007497
000536 007270
000537 006847
000538 006669
000539 006507
000540 006428
000541 006138
000542 006066
000543 005815
000544 005762
000545 005640
000546 005536
000547 005324
000548 005285
000549 005056
000550 004977
000551 004712
000552 004677
000553 004531
000554 004618
000555 004396
000556 004348
000557 004123
000558 003857
000559 003989
000560 003907
000561 003613
000562 003709
000563 003568
000564 003449
000565 003296
000566 003480
000567 003301
000568 003318
000569 003278
000570 003286
000571 003242
000572 003263
000573 003171
000574 003209
000575 003178
000576 003258
000577 003080
000578 003302
000579 003302
000580 003416
000581 003348
000582 003369
000583 003324
000584 003606
000585 003457
000586 003534
000587 003501
000588 003521
000589 003531
000590 003580
000591 003502
000592 003494
000593 003421
000594 003512
000595 003460
000596 003523
000597 003411
000598 003434
000599 003192
000600 003215
000601 003143
000602 003298
000603 003056
000604 002986
000605 002957
000606 002920
000607 002922
000608 002719
000609 002739
000610 002677
000611 002562
000612 002625
000613 002475
000614 002535
000615 002334
000616 002415
000617 002306
000618 002326
000619 002309
000620 002217
000621 002186
000622 002204
000623 002220
000624 002219
000625 002172
000626 002231
000627 002193
000628 002263
000629 002202
000630 002300
000631 002186
000632 002222
000633 002187
000634 002210
000635 002210
000636 002168
000637 002226
000638 002150
000639 002219
000640 002254
000641 002149
000642 002177
000643 002217
000644 002136
000645 002147
000646 002178
000647 002056
000648 002161
000649 002086
000650 002011
000651 002124
000652 002029
000653 001988
000654 002101
000655 002043
000656 001944
000657 001888
000658 001964
000659 001852
000660 001824
000661 001802
000662 001812
000663 001796
000664 001722
000665 001741
000666 001663
000667 001685
000668 001637
000669 001594
000670 001514
000671 001528
000672 001523
000673 001429
000674 001443
000675 001393
000676 001374
000677 001363
000678 001308
000679 001268
000680 001281
000681 001211
000682 001213
000683 001151
000684 001170
000685 001145
000686 001124
000687 001075
000688 001070
000689 000972
000690 001031
000691 000946
000692 000980
000693 000914
000694 000878
000695 000871
000696 000887
000697 000882
000698 000823
000699 000838
000700 000811
000701 000795
000702 000784
000703 000761
000704 000751
000705 000716
000706 000722
000707 000670
000708 000638
000709 000677
000710 000671
000711 000654
000712 000651
000713 000591
000714 000627
000715 000569
000716 000619
000717 000567
000718 000521
000719 000543
000720 000537
000721 000504
000722 000508
000723 000509
000724 000476
000725 000458
000726 000459
000727 000471
000728 000478
000729 000426
000730 000459
000731 000446
000732 000443
000733 000446
000734 000436
000735 000426
000736 000421
000737 000425
000738 000435
000739 000450
000740 000409
000741 000402
000742 000376
000743 000388
000744 000381
000745 000381
000746 000395
000747 000382
000748 000400
000749 000388
000750 000368
000751 000388
000752 000358
000753 000342
000754 000358
000755 000375
000756 000397
000757 000341
000758 000345
000759 000353
000760 000316
000761 000341
000762 000342
000763 000348
000764 000347
000765 000330
000766 000356
000767 000315
000768 000336
000769 000317
000770 000365
000771 000315
000772 000328
000773 000319
000774 000335
000775 000333
000776 000340
000777 000299
000778 000352
000779 000312
000780 000326
000781 000301
000782 000273
000783 000241
000784 000247
000785 000259
000786 000255
000787 000256
000788 000262
000789 000243
000790 000223
000791 000217
000792 000231
000793 000231
000794 000240
000795 000235
000796 000217
000797 000202
000798 000238
000799 000226
000800 000223
000801 000231
000802 000238
000803 000215
000804 000235
000805 000208
000806 000250
000807 000204
000808 000215
000809 000207
000810 000068
000812 000013
000813 000050
000814 000114
000815 000165
000816 000227
000817 000206
000818 000234
000819 000189
000820 000198
000821 000208
000822 000252
000823 000217
000824 000229
000825 000209
000826 000223
000827 000203
000828 000211
000829 000207
000830 000229
000831 000212
000832 000204
000833 000188
000834 000199
000835 000202
000836 000202
000837 000222
000838 000205
000839 000183
000840 000206
000841 000204
000842 000175
000843 000194
000844 000195
000845 000186
000846 000195
000847 000188
000848 000209
000849 000166
000850 000183
000851 000199
000852 000179
000853 000174
000854 000194
000855 000164
000856 000198
000857 000146
000858 000183
000859 000149
000860 000176
000861 000157
000862 000154
000863 000141
000864 000169
000865 000160
000866 000158
000867 000144
000868 000155
000869 000165
000870 000165
000871 000166
000872 000168
000873 000133
000874 000146
000875 000127
000876 000134
000877 000164
000878 000172
000879 000117
000880 000141
000881 000124
000882 000144
000883 000137
000884 000132
000885 000134
000886 000103
000887 000123
000888 000112
000889 000122
000890 000110
000891 000130
000892 000108
000893 000139
000894 000114
000895 000124
000896 000126
000897 000095
000898 000106
000899 000101
000900 000120
000901 000100
000902 000126
000903 000120
000904 000097
000905 000092
000906 000098
000907 000112
000908 000097
000909 000104
000910 000119
000911 000102
000912 000112
000913 000103
000914 000095
000915 000075
000916 000072
000917 000100
000918 000096
000919 000108
000920 000072
000921 000066
000922 000100
000923 000069
000924 000089
000925 000084
000926 000078
000927 000078
000928 000082
000929 000080
000930 000083
000931 000088
000932 000084
000933 000078
000934 000064
000935 000084
000936 000079
000937 000078
000938 000083
000939 000073
000940 000076
000941 000064
000942 000078
000943 000076
000944 000080
000945 000079
000946 000077
000947 000075
000948 000069
000949 000065
000950 000074
000951 000064
000952 000064
000953 000076
000954 000071
000955 000060
000956 000058
000957 000065
000958 000064
000959 000059
000960 000061
000961 000060
000962 000050
000963 000051
000964 000056
000965 000044
000966 000055
000967 000066
000968 000050
000969 000057
000970 000047
000971 000052
000972 000048
000973 000055
000974 000060
000975 000050
000976 000063
000977 000065
000978 000051
000979 000052
000980 000067
000981 000064
000982 000064
000983 000058
000984 000079
000985 000060
000986 000059
000987 000059
000988 000052
000989 000049
000990 000047
000991 000058
000992 000038
000993 000048
000994 000058
000995 000065
000996 000047
000997 000046
000998 000054
000999 000055
001000 000059
001001 000050
001002 000062
001003 000042
001004 000046
001005 000057
001006 000054
001007 000052
001008 000044
001009 000048
001010 000049
001011 000037
001012 000042
001013 000046
001014 000048
001015 000040
001016 000046
001017 000038
001018 000052
001019 000029
001020 000048
001021 000041
001022 000045
001023 000032
001024 000045
001025 000051
001026 000048
001027 000045
001028 000033
001029 000034
001030 000041
001031 000035
001032 000030
001033 000023
001034 000028
001035 000033
001036 000034
001037 000035
001038 000040
001039 000031
001040 000027
001041 000028
001042 000029
001043 000030
001044 000030
001045 000030
001046 000024
001047 000031
001048 000036
001049 000023
001050 000029
001051 000035
001052 000022
001053 000028
001054 000033
001055 000025
001056 000022
001057 000021
001058 000028
001059 000026
001060 000025
001061 000018
001062 000019
001063 000028
001064 000025
001065 000022
001066 000019
001067 000020
001068 000023
001069 000032
001070 000011
001071 000014
001072 000016
001073 000018
001074 000028
001075 000019
001076 000017
001077 000025
001078 000024
001079 000015
001080 000020
001081 000016
001082 000025
001083 000019
001084 000028
001085 000014
001086 000019
001087 000021
001088 000021
001089 000015
001090 000021
001091 000029
001092 000015
001093 000020
001094 000016
001095 000023
001096 000017
001097 000015
001098 000017
001099 000021
001100 000020
001101 000022
001102 000021
001103 000020
001104 000020
001105 000019
001106 000020
001107 000016
001108 000022
001109 000027
001110 000026
001111 000016
001112 000021
001113 000021
001114 000019
001115 000019
001116 000022
001117 000026
001118 000026
001119 000030
001120 000029
001121 000034
001122 000022
001123 000025
001124 000034
001125 000035
001126 000031
001127 000029
001128 000028
001129 000031
001130 000057
001131 000054
001132 000044
001133 000048
001134 000051
001135 000056
001136 000054
001137 000056
001138 000059
001139 000081
001140 000084
001141 000061
001142 000076
001143 000070
001144 000076
001145 000076
001146 000095
001147 000090
001148 000094
001149 000086
001150 000100
001151 000102
001152 000104
001153 000090
001154 000103
001155 000098
001156 000112
001157 000111
001158 000102
001159 000094
001160 000118
001161 000118
001162 000117
001163 000116
001164 000106
001165 000126
001166 000126
001167 000102
001168 000110
001169 000117
001170 000118
001171 000102
001172 000126
001173 000120
001174 000127
001175 000131
001176 000115
001177 000095
001178 000131
001179 000114
001180 000120
001181 000111
001182 000122
001183 000108
001184 000124
001185 000095
001186 000106
001187 000101
001188 000116
001189 000120
001190 000096
001191 000112
001192 000112
001193 000100
001194 000122
001195 000109
001196 000110
001197 000094
001198 000103
001199 000100
001200 000124
001201 000108
001202 000104
001203 000096
001204 000096
001205 000099
001206 000093
001207 000105
001208 000100
001209 000086
001210 000071
001211 000088
001212 000094
001213 000102
001214 000091
001215 000095
001216 000097
001217 000093
001218 000092
001219 000092
001220 000067
001221 000071
001222 000075
001223 000062
001224 000056
001225 000066
001226 000079
001227 000076
001228 000077
001229 000073
001230 000065
001231 000062
001232 000067
001233 000055
001234 000063
001235 000060
001236 000053
001237 000061
001238 000068
001239 000064
001240 000069
001241 000064
001242 000085
001243 000048
001244 000061
001245 000059
001246 000066
001247 000056
001248 000056
001249 000052
001250 000063
001251 000075
001252 000043
001253 000031
001254 000042
001255 000051
001256 000057
001257 000046
001258 000052
001259 000044
001260 000049
001261 000048
001262 000039
001263 000025
001264 000040
001265 000042
001266 000047
001267 000037
001268 000023
001269 000034
001270 000043
001271 000036
001272 000037
001273 000034
001274 000042
001275 000030
001276 000025
001277 000041
001278 000024
001279 000031
001280 000041
001281 000039
001282 000043
001283 000039
001284 000034
001285 000033
001286 000036
001287 000031
001288 000038
001289 000041
001290 000043
001291 000037
001292 000040
001293 000033
001294 000042
001295 000038
001296 000033
001297 000032
001298 000029
001299 000022
001300 000041
001301 000025
001302 000045
001303 000026
001304 000031
001305 000032
001306 000032
001307 000042
001308 000028
001309 000039
001310 000046
001311 000028
001312 000044
001313 000031
001314 000040
001315 000040
001316 000035
001317 000039
001318 000033
001319 000032
001320 000024
001321 000036
001322 000035
001323 000033
001324 000036
001325 000042
001326 000039
001327 000028
001328 000031
001329 000040
001330 000024
001331 000024
001332 000021
001333 000042
001334 000031
001335 000034
001336 000026
001337 000028
001338 000035
001339 000030
001340 000037
001341 000030
001342 000026
001343 000023
001344 000033
001345 000024
001346 000028
001347 000025
001348 000027
001349 000023
001350 000024
001351 000024
001352 000030
001353 000019
001354 000021
001355 000019
001356 000028
001357 000023
001358 000021
001359 000021
001360 000026
001361 000019
001362 000026
001363 000015
001364 000020
001365 000026
001366 000025
001367 000019
001368 000016
001369 000019
001370 000033
001371 000028
001372 000023
001373 000022
001374 000020
001375 000017
001376 000017
001377 000021
001378 000013
001379 000017
001380 000014
001381 000017
001382 000019
001383 000015
001384 000028
001385 000013
001386 000024
001387 000020
001388 000018
001389 000025
001390 000020
001391 000025
001392 000015
001393 000025
001394 000016
001395 000017
001396 000020
001397 000022
001398 000021
001399 000016
001400 000013
001401 000019
001402 000014
001403 000016
001404 000016
001405 000021
001406 000012
001407 000014
001408 000023
001409 000020
001410 000029
001411 000017
001412 000023
001413 000022
001414 000019
001415 000017
001416 000017
001417 000026
001418 000016
001419 000026
001420 000018
001421 000012
001422 000021
001423 000017
001424 000020
001425 000018
001426 000011
001427 000013
001428 000023
001429 000018
001430 000022
001431 000013
001432 000008
001433 000020
001434 000010
001435 000016
001436 000016
001437 000018
001438 000015
001439 000018
001440 000018
001441 000012
001442 000017
001443 000017
001444 000020
001445 000026
001446 000018
001447 000016
001448 000014
001449 000014
001450 000017
001451 000018
001452 000013
001453 000013
001454 000013
001455 000013
001456 000011
001457 000011
001458 000008
001459 000012
001460 000017
001461 000018
001462 000017
001463 000011
001464 000016
001465 000006
001466 000018
001467 000009
001468 000013
001469 000010
001470 000017
001471 000014
001472 000019
001473 000009
001474 000014
001475 000008
001476 000013
001477 000014
001478 000013
001479 000013
001480 000017
001481 000011
001482 000011
001483 000012
001484 000013
001485 000014
001486 000009
001487 000007
001488 000012
001489 000011
001490 000013
001491 000018
001492 000009
001493 000012
001494 000009
001495 000013
001496 000004
001497 000012
001498 000014
001499 000015
001500 000007
001501 000003
001502 000017
001503 000009
001504 000009
001505 000005
001506 000006
001507 000011
001508 000007
001509 000010
001510 000015
001511 000009
001512 000002
001513 000012
001514 000009
001515 000007
001516 000006
001517 000007
001518 000003
001519 000014
001520 000009
001521 000006
001522 000004
001523 000001
001524 000007
001525 000008
001526 000009
001527 000009
001528 000005
001529 000007
001530 000008
001531 000007
001532 000011
001533 000010
001534 000004
001535 000005
001536 000007
001537 000004
001538 000010
001539 000008
001540 000008
001541 000007
001542 000006
001543 000004
001544 000004
001545 000008
001546 000007
001547 000004
001548 000008
001549 000008
001550 000005
001551 000006
001552 000008
001553 000004
001554 000006
001555 000005
001556 000007
001557 000005
001558 000004
001559 000002
001560 000007
001561 000006
001562 000009
001563 000004
001564 000006
001565 000005
001566 000003
001567 000003
001568 000003
001569 000008
001570 000005
001571 000006
001572 000002
001573 000011
001574 000006
001575 000006
001576 000005
001577 000003
001578 000008
001579 000005
001580 000007
001581 000001
001582 000004
001583 000008
001584 000005
001585 000003
001586 000004
001588 000001
001589 000002
001590 000007
001591 000004
001592 000002
001593 000004
001594 000004
001595 000004
001596 000002
001597 000009
001598 000008
001599 000004
001600 000006
001601 000004
001602 000004
001603 000006
001604 000003
001605 000008
001606 000005
001607 000003
001608 000001
001609 000001
001610 000003
001611 000006
001612 000001
001613 000004
001614 000003
001615 000001
001616 000003
001617 000004
001618 000005
001619 000004
001620 000005
001621 000003
001622 000004
001623 000002
001624 000004
001625 000002
001626 000002
001627 000003
001629 000007
001630 000002
001631 000004
001632 000005
001633 000002
001634 000005
001635 000007
001636 000002
001638 000001
001639 000001
001640 000001
001641 000005
001642 000004
001643 000002
001644 000005
001645 000001
001646 000002
001647 000005
001648 000005
001649 000003
001650 000001
001651 000001
001652 000003
001653 000001
001654 000001
001655 000003
001656 000003
001657 000003
001658 000003
001659 000001
001660 000001
001661 000002
001662 000005
001663 000001
001664 000003
001665 000005
001666 000001
001667 000002
001669 000002
001670 000003
001671 000001
001672 000004
001673 000004
001674 000001
001675 000003
001676 000002
001677 000003
001678 000002
001679 000002
001680 000002
001684 000001
001685 000002
001686 000001
001687 000005
001688 000003
001689 000004
001691 000004
001692 000002
001693 000001
001695 000001
001696 000004
001697 000001
001699 000005
001700 000002
001701 000004
001702 000002
001703 000002
001704 000001
001705 000002
001706 000001
001707 000004
001708 000002
001709 000004
001710 000003
001711 000001
001712 000003
001713 000004
001715 000002
001716 000002
001717 000003
001718 000004
001719 000001
001720 000002
001721 000001
001722 000005
001723 000003
001724 000003
001725 000005
001726 000001
001727 000001
001728 000003
001729 000001
001730 000003
001731 000002
001732 000001
001733 000002
001734 000001
001736 000002
001737 000005
001738 000001
001739 000001
001740 000005
001741 000003
001742 000003
001743 000003
001744 000002
001746 000003
001747 000004
001748 000003
001749 000004
001750 000002
001751 000001
001752 000001
001753 000001
001754 000002
001755 000002
001756 000004
001757 000003
001758 000001
001759 000002
001760 000002
001761 000001
001762 000001
001763 000001
001764 000001
001765 000001
001768 000001
001769 000002
001772 000002
001773 000002
001774 000001
001775 000001
001776 000001
001777 000001
001778 000001
001779 000001
001781 000002
001783 000001
001788 000002
001789 000001
001791 000001
001794 000001
001795 000001
001796 000001
001798 000002
001799 000001
001800 000003
001801 000001
001802 000002
001805 000002
001806 000001
001807 000001
001808 000002
001809 000002
001810 000001
001813 000001
001818 000001
001819 000001
001820 000001
001821 000001
001822 000001
001824 000001
001825 000001
001828 000001
001829 000002
001831 000001
001833 000001
001834 000001
001840 000002
001842 000002
001843 000001
001844 000001
001845 000001
001847 000001
001850 000001
001851 000002
001852 000001
001853 000001
001854 000001
001855 000002
001860 000003
001862 000001
001863 000004
001866 000001
001867 000001
001868 000002
001871 000002
001872 000001
001873 000001
001874 000001
001875 000001
001876 000001
001878 000002
001879 000001
001880 000001
001882 000002
001883 000002
001886 000001
001887 000004
001888 000001
001889 000001
001892 000001
001893 000001
001894 000002
001895 000002
001896 000002
001898 000002
001899 000001
001900 000002
001901 000002
001903 000001
001904 000002
001905 000001
001906 000001
001907 000001
001908 000001
001909 000003
001910 000001
001911 000001
001913 000001
001914 000003
001915 000001
001916 000002
001920 000001
001921 000001
001922 000001
001924 000001
001928 000003
001929 000001
001930 000003
001931 000001
001932 000001
001933 000001
001934 000003
001935 000005
001937 000001
001938 000001
001941 000002
001942 000001
001943 000002
001944 000001
001945 000003
001946 000005
001947 000002
001948 000002
001949 000002
001950 000006
001951 000006
001952 000005
001953 000003
001954 000005
001955 000009
001956 000008
001957 000005
001958 000004
001959 000009
001960 000003
001961 000009
001962 000006
001963 000005
001964 000002
001965 000003
001966 000003
001967 000002
001968 000001
001969 000003
001970 000006
001972 000002
001973 000005
001974 000001
001975 000002
001976 000007
001977 000005
001978 000004
001979 000007
001980 000004
001981 000003
001982 000007
001983 000005
001984 000007
001985 000007
001986 000008
001987 000005
001988 000001
001989 000005
001990 000004
001991 000003
001992 000002
001993 000001
001994 000002
001996 000003
002001 000001
002002 000002
002004 000001
002005 000001
002010 000001
002013 000003
002015 000002
002018 000001
002020 000001
002021 000002
002024 000003
002025 000002
002026 000001
002029 000001
002030 000001
002033 000002
002039 000001
002040 000001
002043 000001
002044 000003
002052 000001
002057 000001
002065 000001
002073 000001
002076 000001
002079 000001
002082 000001
002083 000001
002086 000001
002090 000001
002091 000002
002092 000001
002093 000001
002094 000001
002096 000002
002097 000001
002099 000001
002101 000001
002102 000001
002103 000001
002106 000001
002107 000001
002110 000001
002120 000001
002122 000001
002125 000002
002131 000001
002133 000001
002140 000001
002143 000001
002157 000001
002159 000002
002163 000001
002168 000001
002170 000001
002171 000002
002172 000001
002177 000001
002180 000001
002182 000001
002189 000001
002194 000001
002205 000002
002211 000001
002216 000001
002217 000001
002218 000001
002219 000002
002224 000002
002225 000001
002229 000001
002231 000001
002232 000002
002233 000001
002235 000001
002236 000001
002237 000001
002239 000001
002240 000001
002241 000002
002242 000001
002243 000001
002244 000001
002245 000002
002246 000001
002248 000001
002249 000001
002250 000002
002251 000001
002252 000002
002253 000004
002255 000004
002257 000001
002258 000004
002259 000001
002260 000001
002261 000003
002262 000004
002265 000001
002267 000005
002268 000002
002269 000004
002270 000003
002271 000001
002272 000002
002273 000003
002274 000003
002275 000003
002276 000006
002277 000003
002278 000003
002279 000003
002280 000002
002281 000004
002282 000002
002283 000003
002284 000003
002285 000002
002286 000005
002287 000002
002288 000007
002289 000003
002290 000002
002291 000002
002292 000005
002293 000002
002295 000005
002296 000005
002297 000003
002298 000003
002299 000007
002300 000001
002301 000002
002302 000007
002303 000005
002304 000004
002305 000008
002306 000003
002307 000004
002308 000002
002309 000004
002310 000003
002311 000001
002312 000002
002313 000004
002314 000002
002315 000003
002316 000002
002317 000005
002318 000005
002319 000001
002320 000005
002321 000002
002322 000001
002323 000002
002324 000005
002325 000001
002326 000006
002327 000007
002328 000001
002329 000002
002330 000006
002331 000005
002332 000002
002333 000001
002334 000002
002335 000005
002336 000001
002338 000002
002340 000007
002341 000007
002342 000005
002345 000004
002346 000004
002347 000003
002348 000002
002349 000007
002350 000001
002351 000005
002352 000002
002353 000003
002354 000001
002355 000006
002356 000002
002357 000004
002358 000001
002359 000003
002360 000003
002361 000003
002363 000002
002364 000001
002365 000003
002366 000004
002367 000006
002368 000003
002369 000003
002370 000004
002371 000007
002372 000003
002373 000008
002374 000007
002375 000003
002376 000003
002377 000007
002378 000005
002379 000002
002380 000005
002381 000004
002382 000010
002383 000005
002384 000002
002385 000007
002386 000008
002387 000004
002388 000008
002389 000006
002390 000009
002391 000010
002392 000006
002393 000013
002394 000005
002395 000007
002396 000014
002397 000010
002398 000005
002399 000007
002400 000012
002401 000011
002402 000004
002403 000010
002404 000012
002405 000008
002406 000009
002407 000012
002408 000018
002409 000011
002410 000011
002411 000018
002412 000012
002413 000021
002414 000026
002415 000014
002416 000008
002417 000017
002418 000015
002419 000013
002420 000015
002421 000010
002422 000018
002423 000019
002424 000019
002425 000018
002426 000012
002427 000008
002428 000012
002429 000011
002430 000016
002431 000013
002432 000017
002433 000010
002434 000012
002435 000009
002436 000011
002437 000009
002438 000013
002439 000005
002440 000010
002441 000005
002442 000007
002443 000010
002444 000008
002445 000012
002446 000011
002447 000014
002448 000006
002449 000011
002450 000006
002451 000005
002452 000013
002453 000006
002454 000003
002455 000009
002456 000009
002457 000004
002458 000006
002459 000003
002460 000007
002461 000003
002462 000006
002464 000005
002466 000004
002467 000004
002468 000005
002469 000004
002470 000003
002471 000003
002472 000004
002474 000003
002476 000005
002477 000002
002478 000002
002479 000001
002481 000001
002482 000003
002483 000002
002484 000002
002485 000001
002486 000003
002488 000003
002491 000001
002492 000002
002494 000001
002495 000003
002496 000004
002497 000002
002498 000001
002499 000004
002500 000001
002501 000003
002502 000001
002503 000004
002504 000002
002505 000001
002506 000001
002507 000002
002508 000002
002509 000003
002510 000003
002511 000001
002512 000001
002514 000002
002515 000003
002516 000003
002517 000002
002518 000003
002519 000001
002520 000002
002522 000001
002523 000001
002524 000001
002525 000003
002526 000003
002528 000002
002529 000001
002531 000001
002533 000002
002534 000001
002535 000002
002537 000001
002538 000002
002539 000001
002540 000002
002542 000002
002544 000002
002545 000002
002546 000001
002547 000002
002548 000003
002549 000002
002550 000003
002553 000001
002555 000002
002557 000002
002558 000001
002559 000001
002560 000002
002561 000002
002562 000001
002563 000002
002564 000002
002565 000002
002567 000001
002569 000001
002570 000001
002571 000002
002572 000002
002574 000002
002576 000002
002577 000002
002578 000001
002579 000001
002580 000001
002581 000002
002582 000002
002583 000001
002586 000001
002590 000001
002591 000001
002592 000002
002594 000002
002595 000001
002596 000003
002601 000001
002602 000002
002604 000001
002605 000002
002606 000001
002608 000003
002611 000001
002617 000002
002619 000001
002620 000001
002622 000002
002624 000001
002625 000001
002626 000001
002628 000001
002632 000001
002633 000001
002637 000001
002639 000003
002640 000001
002646 000001
002650 000001
002651 000001
002652 000002
002654 000001
002658 000001
002661 000001
002666 000001
002669 000001
002676 000001
002680 000001
002683 000003
002687 000001
002688 000001
002690 000001
002699 000001
002704 000001
002705 000001
002711 000001
002720 000002
002726 000001
002727 000001
002730 000001
002731 000001
002733 000001
002734 000001
002735 000001
002738 000001
002741 000001
002743 000001
002744 000002
002751 000001
002752 000002
002761 000001
002764 000001
002766 000003
002767 000001
002769 000002
002774 000001
002778 000001
002781 000002
002782 000001
002785 000001
002786 000001
002787 000002
002790 000001
002791 000002
002794 000001
002796 000001
002816 000001
002825 000001
002839 000001
002845 000001
002849 000001
002850 000001
002852 000002
002859 000001
002865 000001
002866 000001
002868 000001
002871 000001
002873 000001
002883 000001
002886 000001
002888 000001
002893 000002
002906 000001
002907 000001
002910 000002
002914 000002
002920 000002
002926 000001
002930 000001
002934 000001
002936 000001
002939 000001
002940 000001
002942 000001
002946 000002
002947 000001
002948 000001
002949 000001
002950 000001
002951 000001
002952 000004
002953 000001
002956 000001
002957 000003
002958 000002
002959 000001
002962 000001
002963 000001
002964 000001
002965 000001
002967 000001
002968 000003
002970 000001
002971 000001
002974 000001
002976 000002
002978 000001
002979 000001
002980 000002
002981 000002
002982 000002
002983 000001
002984 000002
002986 000001
002989 000001
002990 000002
003003 000001
003013 000001
003014 000001
003025 000001
003027 000001
003028 000001
003029 000001
003031 000001
003046 000001
003056 000001
003059 000001
003065 000001
003072 000001
003077 000001
003079 000001
003080 000001
003092 000001
003099 000001
003106 000001
003108 000001
003128 000001
003132 000001
003134 000001
003135 000001
003137 000001
003184 000001
003197 000001
003198 000001
003203 000001
003207 000001
003214 000001
003223 000001
003224 000002
003228 000002
003229 000001
003231 000001
003235 000001
003237 000003
003238 000001
003240 000001
003241 000001
003242 000001
003243 000003
003246 000003
003247 000001
003248 000001
003249 000001
003251 000002
003252 000002
003253 000003
003256 000001
003257 000001
003258 000001
003259 000003
003261 000001
003262 000001
003263 000005
003264 000005
003265 000001
003266 000003
003267 000001
003269 000003
003270 000003
003271 000002
003272 000001
003273 000002
003275 000004
003277 000003
003278 000002
003279 000002
003280 000001
003281 000004
003282 000004
003283 000003
003284 000003
003285 000001
003286 000007
003287 000004
003288 000002
003289 000004
003290 000003
003291 000002
003292 000003
003293 000001
003294 000001
003295 000003
003296 000001
003297 000005
003298 000002
003299 000002
003300 000002
003301 000004
003302 000002
003303 000005
003304 000002
003305 000003
003306 000001
003307 000001
003308 000002
003309 000002
003310 000002
003311 000001
003312 000003
003314 000002
003315 000006
003316 000001
003317 000004
003318 000002
003319 000001
003320 000001
003321 000002
003323 000002
003325 000002
003326 000001
003328 000001
003329 000002
003330 000002
003331 000001
003332 000004
003335 000001
003336 000003
003337 000001
003338 000001
003339 000001
003341 000001
003342 000002
003343 000001
003346 000002
003347 000001
003349 000001
003353 000001
003355 000001
003360 000001
003363 000001
003364 000001
003369 000001
003371 000001
003372 000001
003373 000001
003374 000001
003379 000001
003380 000001
003381 000001
003384 000001
003385 000001
003390 000001
003394 000001
003397 000001
003401 000001
003402 000001
003403 000002
003409 000002
003411 000001
003412 000002
003413 000002
003415 000002
003416 000001
003417 000001
003419 000002
003420 000001
003421 000001
003422 000002
003424 000003
003425 000001
003426 000002
003427 000001
003429 000005
003430 000001
003431 000001
003434 000001
003436 000001
003438 000002
003442 000001
003443 000002
003446 000002
003447 000001
003449 000002
003451 000001
003453 000002
003457 000003
003459 000001
003464 000001
003467 000001
003472 000001
003475 000001
003477 000002
003480 000001
003483 000001
003484 000002
003485 000001
003486 000001
003489 000001
003496 000002
003497 000001
003498 000001
003506 000001
003509 000001
003510 000001
003511 000002
003512 000001
003514 000001
003516 000002
003519 000001
003521 000002
003524 000001
003527 000001
003539 000001
003546 000001
003547 000001
003548 000001
003550 000001
003552 000001
003553 000001
003555 000001
003559 000001
003560 000001
003563 000001
003564 000002
003576 000002
003581 000001
003582 000001
003583 000001
003587 000002
003588 000001
003590 000001
003591 000001
003598 000001
003605 000001
003606 000001
003610 000001
003615 000001
003619 000001
003626 000001
003633 000001
003638 000001
003644 000001
003650 000001
003663 000001
003665 000001
003667 000001
003670 000001
003672 000001
003685 000001
003694 000001
003703 000001
003705 000001
003724 000001
003742 000001
003746 000001
003757 000001
003762 000001
003771 000001
003788 000001
003791 000001
003806 000001
003830 000001
003861 000001
003922 000001
003932 000001
003956 000001
003957 000001
003963 000001
003968 000001
003975 000001
004010 000001
004015 000001
004027 000001
004071 000001
004072 000001
004087 000002
004108 000001
004130 000002
004133 000001
004145 000002
004149 000002
004165 000001
004167 000001
004177 000001
004184 000001
004186 000002
004196 000001
004207 000002
004208 000001
004214 000001
004215 000001
004219 000001
004222 000003
004226 000001
004229 000001
004230 000002
004231 000001
004233 000001
004235 000001
004242 000002
004244 000001
004245 000001
004247 000002
004248 000003
004250 000001
004251 000001
004252 000001
004253 000001
004256 000001
004257 000001
004258 000003
004260 000001
004261 000004
004262 000003
004263 000001
004264 000001
004265 000002
004266 000002
004267 000006
004268 000004
004269 000003
004270 000003
004272 000003
004273 000005
004274 000003
004275 000005
004276 000002
004278 000001
004279 000003
004280 000007
004281 000004
004282 000003
004283 000002
004284 000001
004285 000005
004286 000004
004287 000002
004288 000001
004289 000003
004290 000003
004291 000004
004292 000004
004293 000004
004294 000002
004295 000003
004296 000004
004297 000007
004298 000003
004299 000002
004300 000007
004301 000003
004302 000005
004303 000004
004304 000005
004305 000003
004306 000009
004307 000004
004308 000002
004309 000003
004310 000005
004311 000003
004312 000003
004313 000006
004314 000001
004315 000004
004316 000002
004317 000003
004318 000003
004319 000002
004320 000002
004321 000006
004322 000005
004323 000003
004324 000004
004325 000003
004326 000001
004327 000003
004328 000003
004329 000003
004331 000006
004332 000002
004333 000002
004334 000004
004335 000001
004336 000003
004337 000003
004338 000001
004339 000002
004340 000002
004342 000003
004343 000002
004344 000002
004345 000002
004346 000003
004347 000003
004348 000001
004349 000005
004350 000005
004351 000001
004352 000004
004353 000004
004354 000003
004355 000003
004356 000004
004357 000003
004358 000001
004359 000002
004360 000002
004361 000003
004362 000001
004363 000004
004365 000004
004366 000003
004367 000001
004368 000004
004369 000007
004370 000004
004371 000002
004372 000008
004373 000005
004374 000004
004375 000004
004376 000011
004377 000005
004378 000004
004379 000008
004380 000007
004381 000006
004382 000012
004383 000005
004384 000007
004385 000004
004386 000012
004387 000005
004388 000010
004389 000004
004390 000010
004391 000006
004392 000009
004393 000013
004394 000008
004395 000011
004396 000006
004397 000010
004398 000012
004399 000013
004400 000013
004401 000008
004402 000021
004403 000011
004404 000010
004405 000012
004406 000020
004407 000006
004408 000015
004409 000017
004410 000010
004411 000015
004412 000010
004413 000010
004414 000011
004415 000017
004416 000011
004417 000012
004418 000008
004419 000013
004420 000016
004421 000011
004422 000013
004423 000012
004424 000020
004425 000013
004426 000014
004427 000010
004428 000008
004429 000010
004430 000009
004431 000017
004432 000010
004433 000013
004434 000009
004435 000016
004436 000010
004437 000012
004438 000008
004439 000008
004440 000008
004441 000014
004442 000011
004443 000013
004444 000007
004445 000008
004446 000009
004447 000007
004448 000004
004449 000005
004450 000007
004451 000006
004452 000002
004453 000005
004454 000007
004455 000004
004456 000005
004457 000004
004458 000002
004459 000006
004460 000007
004461 000003
004462 000005
004463 000002
004464 000002
004465 000005
004466 000002
004467 000002
004468 000004
004469 000001
004470 000005
004471 000003
004473 000002
004474 000004
004475 000004
004476 000003
004477 000001
004479 000003
004480 000003
004481 000001
004482 000004
004484 000001
004485 000002
004487 000001
004488 000003
004489 000002
004490 000001
004491 000001
004493 000002
004498 000001
004499 000003
004503 000003
004505 000001
004507 000001
004508 000002
004509 000001
004510 000002
004511 000002
004512 000001
004514 000001
004515 000003
004516 000001
004517 000001
004519 000002
004521 000002
004523 000003
004524 000001
004527 000001
004528 000001
004531 000001
004532 000001
004533 000004
004535 000001
004536 000002
004537 000004
004538 000001
004539 000001
004540 000001
004543 000001
004544 000001
004546 000001
004547 000001
004549 000001
004550 000002
004551 000001
004552 000002
004553 000001
004554 000002
004555 000003
004557 000002
004560 000003
004561 000002
004562 000001
004563 000003
004565 000002
004567 000001
004571 000002
004575 000003
004576 000001
004578 000001
004581 000001
004584 000002
004585 000001
004586 000001
004588 000001
004593 000001
004595 000001
004597 000001
004598 000002
004602 000002
004608 000001
004611 000001
004613 000001
004614 000002
004615 000001
004617 000001
004618 000002
004622 000001
004629 000001
004638 000001
004640 000001
004645 000001
004648 000001
004655 000001
004657 000001
004659 000001
004662 000001
004666 000001
004675 000001
004677 000001
004679 000001
004696 000001
004713 000001
004720 000001
004722 000001
004724 000001
004731 000001
004739 000001
004744 000001
004771 000001
004777 000001
004784 000001
004786 000001
004791 000001
004792 000001
004793 000002
004799 000001
004805 000001
004818 000001
004822 000001
004824 000001
004832 000001
004833 000001
004840 000001
004842 000001
004849 000001
004855 000001
004873 000001
004890 000001
004896 000001
004900 000001
004906 000001
004909 000001
004913 000001
004915 000001
004916 000001
004917 000001
004928 000001
004938 000001
004946 000001
004950 000001
004951 000001
004957 000001
004959 000002
004961 000001
004962 000001
004963 000001
004968 000001
004969 000001
004974 000001
004975 000001
004977 000002
004983 000001
005020 000001
005027 000001
005035 000001
005039 000001
005045 000001
005072 000001
005082 000001
005094 000001
005097 000001
005098 000001
005099 000001
005113 000001
005117 000001
005131 000001
005147 000001
005149 000001
005159 000001
005185 000001
005191 000001
005206 000001
005236 000001
005237 000004
005241 000001
005244 000002
005245 000002
005246 000001
005247 000001
005248 000002
005249 000001
005250 000003
005252 000003
005254 000003
005255 000002
005256 000001
005257 000001
005258 000004
005259 000001
005260 000003
005261 000003
005262 000003
005263 000003
005264 000002
005265 000004
005266 000001
005267 000003
005268 000002
005269 000007
005270 000003
005271 000001
005272 000004
005273 000001
005274 000001
005275 000001
005276 000004
005277 000003
005279 000005
005280 000002
005281 000002
005282 000005
005283 000004
005284 000002
005285 000004
005286 000002
005287 000008
005288 000001
005289 000003
005290 000001
005292 000004
005293 000003
005294 000002
005295 000005
005296 000001
005297 000003
005298 000003
005299 000001
005300 000004
005302 000002
005303 000001
005304 000001
005305 000003
005306 000002
005308 000009
005309 000002
005310 000002
005311 000001
005312 000003
005313 000003
005314 000001
005315 000003
005316 000002
005319 000003
005320 000002
005325 000001
005328 000002
005329 000001
005330 000001
005333 000001
005335 000001
005337 000001
005338 000002
005339 000001
005344 000002
005345 000001
005348 000001
005357 000001
005359 000001
005360 000001
005362 000002
005365 000002
005366 000001
005367 000001
005368 000001
005369 000001
005370 000001
005375 000002
005376 000001
005377 000002
005379 000001
005380 000001
005382 000001
005383 000001
005387 000001
005391 000001
005393 000001
005396 000001
005400 000001
005401 000002
005404 000002
005406 000001
005407 000002
005408 000001
005409 000002
005411 000002
005412 000002
005414 000001
005415 000003
005418 000001
005421 000001
005422 000003
005424 000001
005425 000003
005426 000002
005427 000003
005428 000001
005429 000002
005430 000001
005431 000002
005432 000001
005433 000002
005436 000001
005439 000002
005440 000001
005441 000001
005442 000004
005443 000001
005444 000001
005446 000001
005447 000004
005448 000001
005449 000001
005451 000001
005453 000001
005456 000002
005462 000001
005472 000001
005474 000001
005476 000001
005479 000001
005482 000002
005483 000002
005484 000001
005490 000001
005492 000001
005496 000001
005498 000001
005501 000001
005505 000001
005511 000001
005513 000001
005514 000001
005515 000002
005520 000001
005537 000001
005541 000002
005542 000002
005547 000002
005554 000001
005556 000001
005558 000002
005561 000001
005568 000001
005569 000001
005575 000001
005577 000001
005579 000001
005583 000001
005585 000001
005606 000001
005619 000001
005625 000001
005626 000001
005633 000001
005636 000001
005640 000001
005644 000001
005652 000001
005657 000001
005659 000001
005683 000001
005685 000001
005688 000001
005698 000001
005713 000001
005714 000001
005720 000001
005734 000001
005787 000001
005798 000001
005825 000001
005843 000001
005854 000001
005855 000001
005900 000001
005918 000001
005930 000001
005950 000001
005953 000001
005958 000001
005959 000001
005967 000001
005968 000001
005972 000001
005987 000001
006013 000001
006015 000001
006070 000001
006099 000001
006103 000001
006106 000001
006109 000001
006117 000001
006119 000001
006122 000001
006155 000001
006177 000001
006184 000001
006193 000001
006202 000001
006215 000001
006236 000001
006248 000001
006249 000001
006250 000001
006252 000001
006253 000001
006256 000001
006257 000001
006258 000002
006259 000001
006263 000001
006264 000001
006266 000003
006267 000003
006269 000001
006270 000003
006271 000002
006272 000002
006274 000001
006275 000001
006276 000001
006277 000003
006278 000003
006279 000002
006280 000001
006281 000001
006282 000001
006283 000005
006284 000001
006285 000004
006287 000004
006288 000003
006289 000002
006291 000003
006292 000001
006293 000001
006294 000002
006295 000003
006296 000001
006297 000002
006298 000002
006299 000003
006300 000003
006301 000004
006302 000001
006303 000006
006304 000003
006305 000005
006306 000002
006307 000001
006308 000004
006309 000004
006310 000001
006311 000003
006312 000003
006313 000002
006314 000004
006315 000004
006316 000002
006317 000006
006318 000003
006319 000001
006320 000001
006321 000001
006322 000004
006323 000002
006324 000005
006325 000002
006326 000005
006327 000001
006328 000003
006329 000002
006330 000003
006331 000004
006333 000001
006335 000009
006336 000003
006337 000004
006339 000001
006340 000004
006341 000002
006342 000004
006343 000002
006344 000001
006345 000001
006346 000003
006347 000003
006348 000001
006349 000003
006351 000005
006352 000008
006353 000004
006354 000003
006356 000003
006358 000003
006359 000001
006360 000003
006361 000006
006362 000001
006363 000003
006364 000003
006365 000001
006366 000005
006367 000003
006368 000002
006369 000004
006370 000006
006371 000003
006372 000004
006373 000001
006374 000002
006375 000004
006376 000006
006377 000003
006378 000002
006379 000001
006380 000007
006381 000001
006382 000002
006383 000004
006384 000006
006385 000009
006386 000002
006387 000006
006388 000004
006389 000011
006390 000011
006391 000004
006392 000008
006393 000006
006394 000007
006395 000010
006396 000012
006397 000009
006398 000014
006399 000013
006400 000011
006401 000007
006402 000011
006403 000009
006404 000011
006405 000009
006406 000015
006407 000014
006408 000013
006409 000016
006410 000019
006411 000015
006412 000020
006413 000025
006414 000019
006415 000005
006416 000011
006417 000006
006418 000014
006419 000017
006420 000017
006421 000019
006422 000032
006423 000010
006424 000022
006425 000015
006426 000019
006427 000016
006428 000015
006429 000012
006430 000021
006431 000014
006432 000013
006433 000015
006434 000014
006435 000011
006436 000020
006437 000017
006438 000019
006439 000007
006440 000015
006441 000012
006442 000013
006443 000016
006444 000012
006445 000014
006446 000006
006447 000009
006448 000012
006449 000007
006450 000006
006451 000012
006452 000013
006453 000010
006454 000007
006455 000002
006456 000010
006457 000002
006458 000013
006459 000004
006460 000009
006461 000006
006462 000006
006463 000008
006464 000007
006465 000012
006466 000009
006467 000003
006468 000006
006469 000008
006470 000004
006471 000005
006472 000004
006473 000004
006474 000002
006475 000008
006476 000003
006478 000002
006479 000004
006480 000004
006481 000002
006482 000002
006483 000001
006484 000003
006485 000001
006486 000002
006487 000004
006488 000002
006489 000002
006490 000002
006491 000002
006492 000002
006493 000002
006496 000002
006497 000003
006498 000001
006499 000003
006501 000002
006502 000002
006503 000001
006504 000001
006505 000001
006506 000001
006507 000003
006508 000002
006510 000002
006511 000005
006512 000003
006513 000003
006514 000003
006516 000002
006517 000003
006518 000003
006519 000003
006520 000003
006521 000001
006522 000004
006524 000003
006525 000001
006526 000003
006527 000002
006528 000002
006529 000001
006530 000001
006531 000001
006532 000002
006534 000003
006535 000002
006536 000001
006537 000006
006538 000002
006539 000001
006540 000003
006541 000001
006542 000002
006543 000001
006544 000002
006545 000003
006546 000002
006547 000001
006549 000003
006551 000003
006552 000002
006553 000001
006554 000001
006555 000001
006556 000002
006558 000001
006559 000002
006560 000003
006561 000002
006562 000003
006563 000003
006564 000001
006565 000001
006566 000003
006569 000001
006571 000002
006572 000004
006576 000002
006579 000001
006580 000001
006582 000001
006583 000001
006585 000001
006586 000001
006587 000001
006588 000002
006589 000002
006590 000001
006591 000001
006592 000001
006597 000001
006598 000002
006600 000001
006602 000001
006605 000001
006606 000001
006608 000001
006609 000001
006612 000001
006616 000001
006618 000002
006623 000001
006629 000002
006631 000001
006634 000001
006635 000001
006645 000001
006649 000001
006651 000002
006654 000001
006656 000001
006657 000001
006661 000001
006665 000001
006677 000001
006680 000001
006683 000001
006685 000001
006689 000001
006690 000001
006693 000001
006695 000001
006696 000001
006697 000001
006699 000001
006700 000001
006704 000001
006716 000001
006719 000001
006721 000001
006724 000001
006728 000001
006730 000002
006735 000003
006739 000001
006740 000001
006741 000001
006757 000001
006758 000001
006760 000001
006768 000001
006771 000001
006789 000001
006794 000001
006795 000001
006802 000001
006803 000001
006809 000001
006823 000001
006829 000001
006846 000002
006847 000001
006853 000001
006867 000001
006874 000001
006875 000001
006876 000001
006882 000001
006886 000001
006894 000001
006898 000001
006906 000001
006909 000001
006910 000001
006913 000001
006924 000001
006931 000001
006945 000001
006947 000001
006957 000001
006958 000001
006959 000001
006960 000003
006961 000001
006962 000001
006963 000001
006964 000001
006965 000002
006969 000001
006970 000001
006975 000001
006977 000001
006978 000001
006980 000001
006981 000001
006987 000002
006988 000001
006993 000001
006998 000001
007017 000001
007022 000001
007032 000001
007037 000001
007047 000001
007048 000001
007051 000001
007059 000001
007080 000001
007126 000001
007131 000001
007139 000001
007201 000001
007209 000001
007210 000001
007217 000001
007219 000001
007228 000001
007247 000001
007252 000001
007253 000001
007256 000001
007262 000002
007263 000002
007266 000001
007267 000001
007268 000002
007269 000001
007270 000001
007271 000001
007272 000001
007274 000001
007275 000001
007276 000001
007277 000002
007279 000001
007283 000001
007284 000004
007285 000002
007287 000003
007288 000001
007289 000003
007290 000003
007291 000005
007292 000008
007293 000001
007294 000004
007295 000002
007296 000002
007297 000002
007298 000002
007299 000001
007300 000001
007301 000001
007302 000001
007303 000003
007304 000003
007306 000002
007307 000002
007308 000002
007309 000001
007310 000002
007311 000001
007312 000002
007313 000001
007314 000004
007315 000002
007316 000004
007317 000002
007318 000003
007319 000001
007320 000005
007321 000001
007322 000002
007323 000002
007325 000001
007328 000002
007329 000003
007330 000001
007332 000001
007333 000002
007335 000001
007336 000001
007337 000001
007338 000001
007340 000001
007342 000001
007348 000002
007349 000001
007351 000002
007354 000002
007355 000001
007357 000001
007362 000002
007366 000001
007367 000002
007368 000003
007369 000003
007371 000001
007372 000001
007373 000002
007374 000001
007375 000001
007376 000001
007377 000003
007382 000001
007383 000001
007387 000001
007389 000001
007390 000001
007393 000001
007394 000001
007395 000002
007396 000001
007398 000003
007399 000001
007400 000001
007401 000001
007402 000002
007403 000005
007404 000002
007405 000001
007406 000004
007407 000002
007410 000002
007412 000002
007413 000001
007414 000002
007415 000002
007416 000001
007417 000002
007419 000001
007420 000001
007421 000002
007422 000003
007423 000003
007424 000001
007425 000002
007426 000002
007427 000001
007428 000002
007430 000002
007431 000005
007433 000002
007434 000003
007435 000002
007436 000001
007438 000003
007439 000003
007441 000001
007442 000003
007444 000002
007445 000001
007446 000002
007448 000001
007449 000002
007450 000002
007451 000001
007453 000001
007454 000003
007455 000002
007457 000001
007459 000002
007461 000001
007463 000002
007465 000001
007468 000001
007473 000001
007474 000001
007488 000001
007495 000001
007496 000001
007498 000001
007501 000002
007504 000001
007505 000001
007508 000001
007510 000002
007513 000001
007516 000002
007522 000001
007523 000002
007525 000001
007526 000001
007534 000001
007542 000001
007545 000001
007550 000001
007556 000001
007558 000001
007571 000001
007572 000001
007574 000001
007576 000002
007580 000001
007582 000001
007588 000001
007593 000002
007598 000001
007601 000002
007607 000001
007614 000001
007617 000001
007618 000001
007619 000001
007620 000001
007627 000001
007628 000001
007638 000001
007640 000001
007641 000001
007642 000001
007650 000001
007652 000001
007656 000001
007662 000001
007666 000001
007668 000001
007675 000001
007676 000001
007678 000001
007679 000001
007684 000001
007697 000002
007700 000001
007702 000001
007706 000001
007709 000001
007720 000001
007721 000001
007730 000001
007740 000001
007742 000001
007749 000001
007757 000001
007772 000001
007778 000002
007862 000001
007906 000001
007910 000001
007920 000001
007949 000001
007958 000001
007991 000001
007993 000001
008032 000001
008056 000001
008062 000001
008096 000001
008157 000002
008169 000002
008178 000001
008185 000001
008212 000001
008235 000001
008236 000001
008237 000001
008244 000001
008247 000001
008248 000002
008250 000001
008253 000001
008255 000001
008261 000001
008263 000001
008268 000001
008270 000001
008272 000002
008274 000001
008278 000001
008279 000001
008280 000003
008281 000003
008283 000001
008284 000002
008286 000005
008287 000002
008288 000002
008289 000001
008291 000001
008292 000003
008293 000001
008294 000003
008297 000002
008298 000001
008299 000002
008300 000002
008301 000001
008303 000005
008304 000001
008305 000001
008306 000003
008307 000002
008308 000003
008309 000001
008310 000003
008311 000001
008313 000004
008314 000005
008316 000004
008317 000003
008318 000007
008319 000005
008320 000002
008321 000002
008322 000001
008323 000004
008324 000005
008325 000007
008326 000001
008327 000005
008328 000002
008329 000002
008330 000002
008332 000002
008333 000005
008334 000004
008335 000003
008336 000002
008337 000004
008338 000002
008339 000003
008340 000003
008341 000002
008342 000003
008343 000002
008344 000002
008345 000002
008346 000005
008347 000003
008348 000007
008349 000002
008350 000002
008351 000002
008352 000003
008353 000005
008354 000002
008355 000004
008356 000002
008359 000001
008360 000001
008362 000008
008363 000002
008364 000001
008365 000002
008367 000002
008368 000004
008369 000004
008370 000002
008371 000001
008372 000002
008373 000005
008374 000004
008375 000002
008376 000002
008377 000004
008378 000005
008379 000001
008380 000003
008381 000007
008382 000005
008383 000007
008384 000006
008385 000008
008386 000004
008387 000007
008388 000010
008389 000014
008390 000006
008391 000014
008392 000007
008393 000006
008394 000013
008395 000007
008396 000008
008397 000019
008398 000007
008399 000011
008400 000016
008401 000007
008402 000007
008403 000012
008404 000016
008405 000016
008406 000022
008407 000015
008408 000011
008409 000016
008410 000013
008411 000013
008412 000017
008413 000013
008414 000018
008415 000012
008416 000016
008417 000016
008418 000025
008419 000016
008420 000019
008421 000012
008422 000016
008423 000019
008424 000015
008425 000018
008426 000015
008427 000016
008428 000011
008429 000011
008430 000016
008431 000015
008432 000019
008433 000019
008434 000012
008435 000009
008436 000010
008437 000011
008438 000018
008439 000009
008440 000023
008441 000006
008442 000015
008443 000010
008444 000014
008445 000014
008446 000012
008447 000008
008448 000007
008449 000006
008450 000010
008451 000009
008452 000008
008453 000007
008454 000009
008455 000004
008456 000006
008457 000010
008458 000006
008459 000008
008460 000003
008461 000004
008462 000004
008463 000011
008464 000004
008465 000005
008466 000003
008467 000006
008468 000004
008469 000005
008470 000004
008471 000004
008472 000005
008473 000004
008474 000004
008475 000008
008476 000007
008477 000003
008478 000005
008479 000004
008480 000002
008481 000001
008484 000001
008485 000004
008487 000001
008488 000001
008489 000001
008490 000001
008492 000002
008493 000001
008494 000001
008495 000002
008496 000001
008497 000002
008499 000001
008500 000002
008501 000002
008502 000002
008503 000002
008504 000001
008506 000001
008509 000002
008510 000003
008511 000002
008514 000001
008515 000002
008516 000003
008517 000002
008518 000003
008519 000003
008520 000003
008521 000002
008522 000004
008523 000002
008524 000001
008525 000002
008526 000004
008527 000002
008528 000002
008529 000004
008530 000003
008532 000003
008533 000001
008534 000001
008535 000003
008536 000002
008538 000001
008539 000001
008540 000003
008541 000003
008542 000003
008543 000002
008545 000002
008548 000002
008550 000002
008551 000002
008552 000003
008553 000001
008554 000002
008557 000001
008558 000002
008560 000003
008561 000001
008562 000001
008563 000001
008564 000001
008565 000002
008566 000001
008568 000001
008569 000005
008570 000003
008572 000003
008576 000002
008578 000001
008580 000001
008581 000001
008582 000003
008583 000002
008586 000001
008587 000001
008593 000001
008594 000001
008598 000003
008599 000002
008600 000001
008605 000001
008606 000001
008607 000001
008608 000001
008610 000001
008612 000001
008613 000001
008614 000001
008616 000001
008618 000002
008619 000001
008621 000001
008623 000001
008626 000002
008630 000001
008635 000001
008638 000001
008645 000001
008648 000003
008653 000001
008657 000001
008658 000001
008666 000001
008672 000001
008676 000001
008677 000001
008688 000001
008689 000001
008694 000001
008710 000001
008711 000001
008717 000001
008720 000001
008723 000001
008725 000001
008733 000001
008740 000001
008745 000002
008749 000002
008751 000001
008756 000001
008758 000001
008759 000001
008774 000002
008777 000001
008788 000001
008793 000001
008799 000001
008803 000001
008804 000001
008815 000001
008818 000001
008847 000001
008858 000001
008866 000001
008882 000001
008884 000001
008896 000001
008900 000001
008909 000001
008914 000001
008917 000001
008926 000001
008932 000001
008949 000001
008956 000002
008958 000002
008959 000001
008961 000001
008962 000002
008964 000002
008965 000002
008966 000002
008967 000001
008969 000001
008970 000001
008971 000003
008974 000001
008987 000001
008994 000001
008996 000001
009002 000001
009007 000001
009026 000001
009035 000001
009040 000001
009050 000001
009072 000001
009084 000001
009129 000001
009143 000001
009145 000001
009228 000001
009237 000001
009240 000001
009243 000001
009247 000001
009254 000001
009255 000001
009263 000001
009264 000001
009265 000002
009267 000002
009270 000001
009271 000002
009272 000002
009273 000001
009274 000001
009277 000001
009278 000001
009280 000002
009282 000001
009283 000003
009284 000001
009285 000002
009286 000001
009287 000001
009289 000001
009290 000001
009291 000001
009292 000002
009294 000001
009295 000005
009296 000002
009297 000004
009298 000002
009299 000003
009300 000003
009301 000003
009302 000003
009303 000003
009305 000003
009306 000002
009307 000003
009308 000001
009309 000003
009310 000003
009311 000003
009314 000002
009315 000001
009316 000002
009318 000002
009319 000002
009320 000001
009321 000001
009322 000001
009325 000001
009328 000002
009329 000003
009330 000001
009332 000001
009335 000002
009336 000001
009337 000001
009338 000002
009339 000001
009341 000001
009343 000003
009345 000001
009347 000002
009348 000003
009350 000001
009351 000002
009353 000001
009355 000002
009356 000004
009358 000001
009360 000001
009363 000001
009366 000001
009367 000001
009369 000003
009370 000001
009371 000001
009372 000001
009373 000001
009375 000001
009376 000001
009378 000002
009380 000003
009381 000001
009382 000001
009385 000001
009387 000002
009388 000001
009390 000002
009391 000003
009394 000002
009395 000001
009397 000003
009398 000001
009401 000001
009403 000002
009404 000002
009405 000004
009407 000001
009408 000005
009409 000006
009410 000001
009412 000002
009413 000003
009414 000002
009415 000004
009416 000005
009417 000004
009418 000004
009419 000004
009420 000003
009421 000002
009422 000001
009423 000006
009424 000002
009425 000003
009426 000005
009427 000005
009428 000003
009429 000005
009430 000004
009431 000004
009432 000009
009433 000003
009434 000005
009435 000002
009436 000003
009437 000002
009438 000002
009439 000002
009440 000007
009441 000004
009442 000007
009443 000001
009444 000004
009445 000003
009446 000002
009447 000002
009448 000001
009449 000002
009450 000004
009451 000001
009452 000004
009454 000001
009455 000002
009456 000001
009457 000004
009458 000001
009459 000004
009460 000002
009461 000001
009462 000001
009463 000002
009465 000001
009467 000001
009471 000004
009473 000001
009477 000001
009478 000001
009479 000001
009480 000001
009482 000001
009483 000001
009484 000001
009486 000002
009487 000001
009488 000002
009489 000001
009490 000002
009493 000001
009497 000001
009498 000001
009499 000001
009500 000001
009504 000001
009510 000001
009512 000001
009513 000001
009515 000001
009517 000002
009520 000001
009522 000001
009526 000001
009527 000001
009531 000003
009533 000001
009534 000001
009537 000002
009538 000001
009539 000001
009540 000001
009546 000001
009548 000001
009552 000001
009555 000001
009558 000002
009564 000003
009565 000001
009567 000001
009568 000001
009571 000002
009573 000002
009574 000001
009575 000001
009577 000001
009579 000001
009581 000001
009584 000002
009588 000001
009591 000001
009594 000001
009601 000002
009613 000001
009614 000001
009618 000001
009625 000001
009628 000001
009631 000001
009635 000001
009636 000002
009649 000001
009650 000002
009651 000001
009657 000001
009667 000001
009672 000001
009673 000001
009692 000001
009694 000001
009697 000001
009704 000001
009706 000001
009710 000001
009740 000001
009749 000001
009756 000001
009760 000001
009959 000001
009964 000001
009966 000003
009968 000001
009970 000001
009973 000001
009994 000001
010023 000001
010029 000001
010153 000001
010156 000001
010184 000001
010185 000001
010289 000001
010291 000001
010293 000001
010300 000001
010302 000001
010304 000001
010308 000001
010312 000001
010313 000001
010315 000001
010321 000001
010322 000001
010323 000001
010324 000003
010325 000003
010326 000001
010327 000002
010328 000001
010330 000001
010332 000001
010333 000003
010334 000002
010336 000003
010337 000001
010338 000004
010339 000003
010340 000001
010341 000005
010342 000003
010343 000001
010344 000001
010345 000001
010346 000006
010347 000006
010348 000003
010349 000001
010350 000003
010351 000003
010352 000003
010353 000008
010354 000002
010355 000002
010356 000006
010357 000005
010358 000003
010359 000005
010360 000001
010361 000001
010362 000002
010363 000008
010364 000003
010365 000003
010366 000007
010367 000003
010368 000003
010369 000003
010370 000007
010371 000005
010372 000002
010373 000005
010374 000001
010375 000002
010377 000003
010378 000002
010379 000003
010380 000005
010381 000005
010382 000003
010383 000004
010384 000002
010385 000003
010386 000006
010387 000006
010388 000004
010389 000009
010390 000004
010391 000008
010392 000009
010393 000006
010394 000013
010395 000010
010396 000012
010397 000011
010398 000004
010399 000014
010400 000009
010401 000010
010402 000020
010403 000014
010404 000021
010405 000022
010406 000009
010407 000008
010408 000022
010409 000026
010410 000017
010411 000020
010412 000013
010413 000020
010414 000020
010415 000021
010416 000021
010417 000022
010418 000014
010419 000011
010420 000022
010421 000025
010422 000029
010423 000017
010424 000020
010425 000023
010426 000020
010427 000022
010428 000021
010429 000016
010430 000031
010431 000015
010432 000008
010433 000020
010434 000016
010435 000018
010436 000013
010437 000017
010438 000009
010439 000016
010440 000016
010441 000021
010442 000021
010443 000019
010444 000012
010445 000014
010446 000021
010447 000012
010448 000012
010449 000017
010450 000016
010451 000006
010452 000015
010453 000008
010454 000012
010455 000008
010456 000007
010457 000016
010458 000005
010459 000014
010460 000003
010461 000009
010462 000009
010463 000010
010464 000006
010465 000008
010466 000004
010467 000003
010468 000010
010469 000006
010470 000002
010471 000009
010472 000004
010473 000002
010474 000006
010475 000009
010476 000007
010477 000009
010478 000007
010479 000004
010480 000004
010481 000003
010482 000002
010483 000005
010484 000004
010485 000001
010486 000007
010487 000005
010488 000003
010489 000002
010490 000004
010491 000004
010492 000005
010493 000002
010494 000003
010495 000002
010496 000004
010497 000002
010498 000001
010499 000003
010500 000005
010501 000002
010502 000004
010503 000001
010504 000002
010505 000003
010506 000001
010507 000001
010509 000002
010510 000005
010511 000002
010512 000002
010513 000003
010514 000004
010515 000003
010516 000001
010517 000003
010518 000001
010519 000001
010520 000003
010521 000004
010522 000003
010523 000001
010524 000001
010525 000005
010526 000002
010527 000008
010528 000003
010529 000002
010530 000004
010531 000003
010532 000001
010533 000004
010534 000001
010535 000003
010536 000002
010538 000002
010539 000002
010540 000001
010541 000003
010542 000003
010543 000005
010544 000005
010545 000005
010546 000005
010547 000004
010548 000003
010549 000006
010550 000002
010551 000002
010552 000002
010553 000004
010554 000001
010555 000001
010556 000003
010557 000001
010558 000005
010559 000002
010560 000004
010562 000004
010563 000003
010564 000001
010565 000001
010566 000003
010567 000001
010568 000002
010569 000003
010570 000002
010571 000001
010572 000001
010573 000001
010574 000003
010575 000002
010576 000001
010577 000002
010578 000004
010579 000002
010580 000002
010582 000001
010583 000001
010584 000003
010586 000002
010587 000003
010588 000003
010589 000001
010590 000002
010591 000001
010592 000003
010593 000002
010595 000002
010596 000001
010597 000004
010598 000001
010599 000001
010600 000001
010602 000001
010603 000001
010604 000002
010605 000002
010606 000001
010607 000002
010608 000001
010609 000002
010610 000003
010613 000001
010614 000002
010617 000001
010621 000001
010622 000001
010624 000002
010630 000002
010631 000001
010633 000002
010635 000002
010636 000001
010639 000001
010640 000001
010641 000001
010642 000002
010643 000001
010645 000001
010649 000002
010650 000001
010652 000001
010653 000001
010657 000001
010659 000001
010660 000001
010663 000002
010668 000001
010669 000001
010670 000002
010672 000001
010673 000001
010674 000001
010675 000001
010677 000001
010679 000001
010681 000001
010682 000001
010683 000001
010688 000002
010692 000001
010697 000001
010698 000001
010700 000001
010701 000001
010704 000001
010714 000001
010718 000001
010727 000001
010739 000001
010740 000001
010742 000001
010755 000001
010767 000001
010769 000001
010783 000001
010789 000001
010792 000001
010803 000001
010829 000001
010832 000001
010838 000001
010851 000001
010873 000001
010916 000001
010951 000001
010955 000004
010957 000001
010958 000002
010959 000001
010960 000002
010962 000003
010963 000001
010965 000005
010966 000001
010967 000002
010968 000003
010969 000001
010970 000001
010971 000001
010975 000001
010978 000001
010984 000001
010985 000002
010986 000001
010987 000001
010988 000001
010989 000001
010991 000001
011080 000001
012356 000001
012424 000001
012487 000001
013382 000001
# Min Latencies: 00126
# Avg Latencies: 00534
# Max Latencies: 304645
# Histogram Overflows: 00012
# Histogram Overflow at cycle number:
# Thread 0: 00891 01384 03678 07224 07488 07732 07985 08243 08521 08807 10599 12888

RT_CYCLICTEST_TIMING_END uptime_s=1858.69
RT_CYCLICTEST_COMPLETE
RT_CPUSTAT sample=0 cpu=cpu0 user=6 nice=0 system=214 idle=2475 iowait=0 irq=19 softirq=1 steal=0
RT_CPUSTAT sample=0 cpu=cpu1 user=0 nice=0 system=2 idle=2867 iowait=0 irq=5 softirq=0 steal=0
RT_CPUSTAT sample=1 cpu=cpu0 user=8 nice=0 system=215 idle=2972 iowait=0 irq=20 softirq=2 steal=0
RT_CPUSTAT sample=1 cpu=cpu1 user=2 nice=0 system=14 idle=3258 iowait=0 irq=80 softirq=0 steal=0
RT_CPUSTAT sample=2 cpu=cpu0 user=8 nice=0 system=217 idle=3469 iowait=0 irq=21 softirq=2 steal=0
RT_CPUSTAT sample=2 cpu=cpu1 user=6 nice=0 system=24 idle=3644 iowait=0 irq=159 softirq=0 steal=0
RT_CPUSTAT sample=3 cpu=cpu0 user=8 nice=0 system=218 idle=3967 iowait=0 irq=22 softirq=2 steal=0
RT_CPUSTAT sample=3 cpu=cpu1 user=7 nice=0 system=31 idle=4019 iowait=0 irq=254 softirq=0 steal=0
RT_CPUSTAT sample=4 cpu=cpu0 user=8 nice=0 system=220 idle=4463 iowait=0 irq=23 softirq=2 steal=0
RT_CPUSTAT sample=4 cpu=cpu1 user=8 nice=0 system=36 idle=4394 iowait=0 irq=341 softirq=0 steal=0
RT_CPUSTAT sample=5 cpu=cpu0 user=8 nice=0 system=221 idle=4962 iowait=0 irq=24 softirq=3 steal=0
RT_CPUSTAT sample=5 cpu=cpu1 user=11 nice=0 system=43 idle=4762 iowait=0 irq=433 softirq=0 steal=0
RT_CPUSTAT sample=6 cpu=cpu0 user=8 nice=0 system=223 idle=5459 iowait=0 irq=25 softirq=3 steal=0
RT_CPUSTAT sample=6 cpu=cpu1 user=14 nice=0 system=51 idle=5128 iowait=0 irq=527 softirq=1 steal=0
RT_CPUSTAT sample=7 cpu=cpu0 user=10 nice=0 system=223 idle=5958 iowait=0 irq=26 softirq=3 steal=0
RT_CPUSTAT sample=7 cpu=cpu1 user=16 nice=0 system=58 idle=5500 iowait=0 irq=616 softirq=1 steal=0
RT_CPUSTAT sample=8 cpu=cpu0 user=10 nice=0 system=225 idle=6455 iowait=0 irq=27 softirq=3 steal=0
RT_CPUSTAT sample=8 cpu=cpu1 user=20 nice=0 system=67 idle=5863 iowait=0 irq=713 softirq=1 steal=0
RT_CPUSTAT sample=9 cpu=cpu0 user=10 nice=0 system=227 idle=6954 iowait=0 irq=28 softirq=3 steal=0
RT_CPUSTAT sample=9 cpu=cpu1 user=22 nice=0 system=77 idle=6231 iowait=0 irq=805 softirq=1 steal=0
RT_CPUSTAT sample=10 cpu=cpu0 user=10 nice=0 system=228 idle=7451 iowait=0 irq=29 softirq=3 steal=0
RT_CPUSTAT sample=10 cpu=cpu1 user=24 nice=0 system=90 idle=6601 iowait=0 irq=893 softirq=1 steal=0
RT_CPUSTAT sample=11 cpu=cpu0 user=10 nice=0 system=229 idle=7950 iowait=0 irq=30 softirq=4 steal=0
RT_CPUSTAT sample=11 cpu=cpu1 user=26 nice=0 system=99 idle=6968 iowait=0 irq=986 softirq=1 steal=0
RT_CPUSTAT sample=12 cpu=cpu0 user=10 nice=0 system=230 idle=8447 iowait=0 irq=31 softirq=4 steal=0
RT_CPUSTAT sample=12 cpu=cpu1 user=30 nice=0 system=107 idle=7339 iowait=0 irq=1076 softirq=1 steal=0
RT_CPUSTAT sample=13 cpu=cpu0 user=10 nice=0 system=231 idle=8946 iowait=0 irq=32 softirq=4 steal=0
RT_CPUSTAT sample=13 cpu=cpu1 user=32 nice=0 system=116 idle=7706 iowait=0 irq=1170 softirq=2 steal=0
RT_CPUSTAT sample=14 cpu=cpu0 user=10 nice=0 system=233 idle=9443 iowait=0 irq=33 softirq=4 steal=0
RT_CPUSTAT sample=14 cpu=cpu1 user=34 nice=0 system=123 idle=8075 iowait=0 irq=1261 softirq=2 steal=0
RT_CPUSTAT sample=15 cpu=cpu0 user=11 nice=0 system=234 idle=9942 iowait=0 irq=34 softirq=4 steal=0
RT_CPUSTAT sample=15 cpu=cpu1 user=36 nice=0 system=130 idle=8443 iowait=0 irq=1352 softirq=2 steal=0
RT_CPUSTAT sample=16 cpu=cpu0 user=12 nice=0 system=235 idle=10440 iowait=0 irq=35 softirq=5 steal=0
RT_CPUSTAT sample=16 cpu=cpu1 user=38 nice=0 system=138 idle=8812 iowait=0 irq=1443 softirq=2 steal=0
RT_CPUSTAT sample=17 cpu=cpu0 user=12 nice=0 system=235 idle=10938 iowait=0 irq=36 softirq=5 steal=0
RT_CPUSTAT sample=17 cpu=cpu1 user=40 nice=0 system=145 idle=9182 iowait=0 irq=1534 softirq=2 steal=0
RT_CPUSTAT sample=18 cpu=cpu0 user=12 nice=0 system=237 idle=11436 iowait=0 irq=37 softirq=5 steal=0
RT_CPUSTAT sample=18 cpu=cpu1 user=43 nice=0 system=153 idle=9550 iowait=0 irq=1625 softirq=2 steal=0
RT_CPUSTAT sample=19 cpu=cpu0 user=12 nice=0 system=238 idle=11935 iowait=0 irq=38 softirq=5 steal=0
RT_CPUSTAT sample=19 cpu=cpu1 user=47 nice=0 system=162 idle=9918 iowait=0 irq=1718 softirq=2 steal=0
RT_CPUSTAT sample=20 cpu=cpu0 user=13 nice=0 system=239 idle=12432 iowait=0 irq=39 softirq=5 steal=0
RT_CPUSTAT sample=20 cpu=cpu1 user=51 nice=0 system=173 idle=10284 iowait=0 irq=1811 softirq=2 steal=0
RT_CPUSTAT sample=21 cpu=cpu0 user=13 nice=0 system=240 idle=12931 iowait=0 irq=40 softirq=5 steal=0
RT_CPUSTAT sample=21 cpu=cpu1 user=54 nice=0 system=182 idle=10651 iowait=0 irq=1904 softirq=3 steal=0
RT_CPUSTAT sample=22 cpu=cpu0 user=13 nice=0 system=242 idle=13428 iowait=0 irq=41 softirq=6 steal=0
RT_CPUSTAT sample=22 cpu=cpu1 user=56 nice=0 system=194 idle=11018 iowait=0 irq=1997 softirq=3 steal=0
RT_CPUSTAT sample=23 cpu=cpu0 user=13 nice=0 system=243 idle=13927 iowait=0 irq=42 softirq=6 steal=0
RT_CPUSTAT sample=23 cpu=cpu1 user=60 nice=0 system=201 idle=11384 iowait=0 irq=2091 softirq=3 steal=0
RT_CPUSTAT sample=24 cpu=cpu0 user=14 nice=0 system=245 idle=14424 iowait=0 irq=43 softirq=6 steal=0
RT_CPUSTAT sample=24 cpu=cpu1 user=63 nice=0 system=206 idle=11751 iowait=0 irq=2185 softirq=3 steal=0
RT_CPUSTAT sample=25 cpu=cpu0 user=14 nice=0 system=246 idle=14923 iowait=0 irq=44 softirq=6 steal=0
RT_CPUSTAT sample=25 cpu=cpu1 user=66 nice=0 system=216 idle=12116 iowait=0 irq=2280 softirq=3 steal=0
RT_CPUSTAT sample=26 cpu=cpu0 user=14 nice=0 system=248 idle=15420 iowait=0 irq=45 softirq=6 steal=0
RT_CPUSTAT sample=26 cpu=cpu1 user=67 nice=0 system=222 idle=12483 iowait=0 irq=2372 softirq=3 steal=0
RT_CPUSTAT sample=27 cpu=cpu0 user=15 nice=0 system=249 idle=15919 iowait=0 irq=46 softirq=7 steal=0
RT_CPUSTAT sample=27 cpu=cpu1 user=70 nice=0 system=231 idle=12850 iowait=0 irq=2465 softirq=3 steal=0
RT_CPUSTAT sample=28 cpu=cpu0 user=15 nice=0 system=250 idle=16416 iowait=0 irq=47 softirq=7 steal=0
RT_CPUSTAT sample=28 cpu=cpu1 user=73 nice=0 system=241 idle=13216 iowait=0 irq=2557 softirq=4 steal=0
RT_CPUSTAT sample=29 cpu=cpu0 user=16 nice=0 system=251 idle=16915 iowait=0 irq=48 softirq=7 steal=0
RT_CPUSTAT sample=29 cpu=cpu1 user=75 nice=0 system=248 idle=13583 iowait=0 irq=2650 softirq=4 steal=0
RT_CPUSTAT sample=30 cpu=cpu0 user=16 nice=0 system=253 idle=17412 iowait=0 irq=49 softirq=7 steal=0
RT_CPUSTAT sample=30 cpu=cpu1 user=75 nice=0 system=253 idle=13952 iowait=0 irq=2741 softirq=4 steal=0
RT_CPUSTAT sample=31 cpu=cpu0 user=16 nice=0 system=253 idle=17911 iowait=0 irq=50 softirq=7 steal=0
RT_CPUSTAT sample=31 cpu=cpu1 user=77 nice=0 system=261 idle=14318 iowait=0 irq=2834 softirq=4 steal=0
RT_CPUSTAT sample=32 cpu=cpu0 user=17 nice=0 system=255 idle=18408 iowait=0 irq=51 softirq=8 steal=0
RT_CPUSTAT sample=32 cpu=cpu1 user=79 nice=0 system=268 idle=14686 iowait=0 irq=2925 softirq=4 steal=0
RT_CPUSTAT sample=33 cpu=cpu0 user=17 nice=0 system=256 idle=18907 iowait=0 irq=51 softirq=8 steal=0
RT_CPUSTAT sample=33 cpu=cpu1 user=82 nice=0 system=276 idle=15055 iowait=0 irq=3016 softirq=4 steal=0
RT_CPUSTAT sample=34 cpu=cpu0 user=17 nice=0 system=258 idle=19405 iowait=0 irq=52 softirq=8 steal=0
RT_CPUSTAT sample=34 cpu=cpu1 user=84 nice=0 system=282 idle=15421 iowait=0 irq=3111 softirq=4 steal=0
RT_CPUSTAT sample=35 cpu=cpu0 user=17 nice=0 system=258 idle=19904 iowait=0 irq=53 softirq=8 steal=0
RT_CPUSTAT sample=35 cpu=cpu1 user=86 nice=0 system=292 idle=15789 iowait=0 irq=3204 softirq=4 steal=0
RT_CPUSTAT sample=36 cpu=cpu0 user=17 nice=0 system=260 idle=20401 iowait=0 irq=54 softirq=8 steal=0
RT_CPUSTAT sample=36 cpu=cpu1 user=89 nice=0 system=300 idle=16154 iowait=0 irq=3297 softirq=5 steal=0
RT_CPUSTAT sample=37 cpu=cpu0 user=18 nice=0 system=261 idle=20900 iowait=0 irq=55 softirq=8 steal=0
RT_CPUSTAT sample=37 cpu=cpu1 user=91 nice=0 system=308 idle=16525 iowait=0 irq=3386 softirq=5 steal=0
RT_CPUSTAT sample=38 cpu=cpu0 user=18 nice=0 system=263 idle=21397 iowait=0 irq=56 softirq=9 steal=0
RT_CPUSTAT sample=38 cpu=cpu1 user=95 nice=0 system=317 idle=16893 iowait=0 irq=3478 softirq=5 steal=0
RT_CPUSTAT sample=39 cpu=cpu0 user=18 nice=0 system=263 idle=21896 iowait=0 irq=57 softirq=9 steal=0
RT_CPUSTAT sample=39 cpu=cpu1 user=99 nice=0 system=324 idle=17261 iowait=0 irq=3571 softirq=5 steal=0
RT_CPUSTAT sample=40 cpu=cpu0 user=19 nice=0 system=265 idle=22393 iowait=0 irq=58 softirq=9 steal=0
RT_CPUSTAT sample=40 cpu=cpu1 user=102 nice=0 system=332 idle=17630 iowait=0 irq=3662 softirq=5 steal=0
RT_CPUSTAT sample=41 cpu=cpu0 user=19 nice=0 system=266 idle=22892 iowait=0 irq=59 softirq=9 steal=0
RT_CPUSTAT sample=41 cpu=cpu1 user=105 nice=0 system=339 idle=18000 iowait=0 irq=3753 softirq=5 steal=0
RT_CPUSTAT sample=42 cpu=cpu0 user=20 nice=0 system=267 idle=23390 iowait=0 irq=60 softirq=9 steal=0
RT_CPUSTAT sample=42 cpu=cpu1 user=106 nice=0 system=346 idle=18372 iowait=0 irq=3842 softirq=5 steal=0
RT_CPUSTAT sample=43 cpu=cpu0 user=20 nice=0 system=268 idle=23889 iowait=0 irq=61 softirq=10 steal=0
RT_CPUSTAT sample=43 cpu=cpu1 user=107 nice=0 system=357 idle=18742 iowait=0 irq=3932 softirq=6 steal=0
RT_CPUSTAT sample=44 cpu=cpu0 user=20 nice=0 system=269 idle=24386 iowait=0 irq=62 softirq=10 steal=0
RT_CPUSTAT sample=44 cpu=cpu1 user=109 nice=0 system=365 idle=19112 iowait=0 irq=4022 softirq=6 steal=0
RT_CPUSTAT sample=45 cpu=cpu0 user=21 nice=0 system=270 idle=24885 iowait=0 irq=63 softirq=10 steal=0
RT_CPUSTAT sample=45 cpu=cpu1 user=111 nice=0 system=370 idle=19487 iowait=0 irq=4108 softirq=6 steal=0
RT_CPUSTAT sample=46 cpu=cpu0 user=21 nice=0 system=272 idle=25382 iowait=0 irq=64 softirq=10 steal=0
RT_CPUSTAT sample=46 cpu=cpu1 user=113 nice=0 system=378 idle=19854 iowait=0 irq=4199 softirq=6 steal=0
RT_CPUSTAT sample=47 cpu=cpu0 user=21 nice=0 system=273 idle=25881 iowait=0 irq=65 softirq=10 steal=0
RT_CPUSTAT sample=47 cpu=cpu1 user=115 nice=0 system=385 idle=20227 iowait=0 irq=4287 softirq=6 steal=0
RT_CPUSTAT sample=48 cpu=cpu0 user=21 nice=0 system=275 idle=26379 iowait=0 irq=66 softirq=11 steal=0
RT_CPUSTAT sample=48 cpu=cpu1 user=116 nice=0 system=389 idle=20599 iowait=0 irq=4375 softirq=6 steal=0
RT_CPUSTAT sample=49 cpu=cpu0 user=21 nice=0 system=276 idle=26877 iowait=0 irq=66 softirq=11 steal=0
RT_CPUSTAT sample=49 cpu=cpu1 user=120 nice=0 system=394 idle=20966 iowait=0 irq=4468 softirq=6 steal=0
RT_CPUSTAT sample=50 cpu=cpu0 user=21 nice=0 system=278 idle=27375 iowait=0 irq=68 softirq=11 steal=0
RT_CPUSTAT sample=50 cpu=cpu1 user=122 nice=0 system=399 idle=21332 iowait=0 irq=4562 softirq=7 steal=0
RT_CPUSTAT sample=51 cpu=cpu0 user=22 nice=0 system=279 idle=27874 iowait=0 irq=69 softirq=11 steal=0
RT_CPUSTAT sample=51 cpu=cpu1 user=124 nice=0 system=405 idle=21698 iowait=0 irq=4655 softirq=7 steal=0
RT_CPUSTAT sample=52 cpu=cpu0 user=22 nice=0 system=280 idle=28371 iowait=0 irq=70 softirq=11 steal=0
RT_CPUSTAT sample=52 cpu=cpu1 user=127 nice=0 system=412 idle=22064 iowait=0 irq=4749 softirq=7 steal=0
RT_CPUSTAT sample=53 cpu=cpu0 user=22 nice=0 system=281 idle=28870 iowait=0 irq=71 softirq=11 steal=0
RT_CPUSTAT sample=53 cpu=cpu1 user=130 nice=0 system=420 idle=22433 iowait=0 irq=4840 softirq=7 steal=0
RT_CPUSTAT sample=54 cpu=cpu0 user=23 nice=0 system=284 idle=29366 iowait=0 irq=72 softirq=12 steal=0
RT_CPUSTAT sample=54 cpu=cpu1 user=134 nice=0 system=428 idle=22797 iowait=0 irq=4935 softirq=7 steal=0
RT_CPUSTAT sample=55 cpu=cpu0 user=23 nice=0 system=284 idle=29865 iowait=0 irq=73 softirq=12 steal=0
RT_CPUSTAT sample=55 cpu=cpu1 user=138 nice=0 system=438 idle=23165 iowait=0 irq=5025 softirq=7 steal=0
RT_CPUSTAT sample=56 cpu=cpu0 user=23 nice=0 system=286 idle=30362 iowait=0 irq=74 softirq=12 steal=0
RT_CPUSTAT sample=56 cpu=cpu1 user=139 nice=0 system=444 idle=23542 iowait=0 irq=5110 softirq=7 steal=0
RT_CPUSTAT sample=57 cpu=cpu0 user=23 nice=0 system=287 idle=30861 iowait=0 irq=75 softirq=12 steal=0
RT_CPUSTAT sample=57 cpu=cpu1 user=142 nice=0 system=455 idle=23907 iowait=0 irq=5204 softirq=7 steal=0
RT_CPUSTAT sample=58 cpu=cpu0 user=23 nice=0 system=289 idle=31358 iowait=0 irq=76 softirq=12 steal=0
RT_CPUSTAT sample=58 cpu=cpu1 user=143 nice=0 system=462 idle=24276 iowait=0 irq=5295 softirq=8 steal=0
RT_CPUSTAT sample=59 cpu=cpu0 user=23 nice=0 system=291 idle=31857 iowait=0 irq=77 softirq=13 steal=0
RT_CPUSTAT sample=59 cpu=cpu1 user=145 nice=0 system=468 idle=24646 iowait=0 irq=5385 softirq=8 steal=0
RT_CPUSTAT sample=60 cpu=cpu0 user=23 nice=0 system=292 idle=32354 iowait=0 irq=78 softirq=13 steal=0
RT_CPUSTAT sample=60 cpu=cpu1 user=148 nice=0 system=477 idle=25012 iowait=0 irq=5478 softirq=8 steal=0
RT_CPUSTAT sample=61 cpu=cpu0 user=23 nice=0 system=293 idle=32853 iowait=0 irq=78 softirq=13 steal=0
RT_CPUSTAT sample=61 cpu=cpu1 user=149 nice=0 system=485 idle=25384 iowait=0 irq=5566 softirq=8 steal=0
RT_CPUSTAT sample=62 cpu=cpu0 user=24 nice=0 system=295 idle=33350 iowait=0 irq=80 softirq=13 steal=0
RT_CPUSTAT sample=62 cpu=cpu1 user=152 nice=0 system=489 idle=25754 iowait=0 irq=5655 softirq=8 steal=0
RT_CPUSTAT sample=63 cpu=cpu0 user=24 nice=0 system=296 idle=33849 iowait=0 irq=81 softirq=13 steal=0
RT_CPUSTAT sample=63 cpu=cpu1 user=153 nice=0 system=494 idle=26121 iowait=0 irq=5747 softirq=8 steal=0
RT_CPUSTAT sample=64 cpu=cpu0 user=24 nice=0 system=298 idle=34346 iowait=0 irq=82 softirq=14 steal=0
RT_CPUSTAT sample=64 cpu=cpu1 user=155 nice=0 system=502 idle=26489 iowait=0 irq=5839 softirq=9 steal=0
RT_CPUSTAT sample=65 cpu=cpu0 user=24 nice=0 system=299 idle=34845 iowait=0 irq=83 softirq=14 steal=0
RT_CPUSTAT sample=65 cpu=cpu1 user=157 nice=0 system=509 idle=26855 iowait=0 irq=5933 softirq=9 steal=0
RT_CPUSTAT sample=66 cpu=cpu0 user=25 nice=0 system=300 idle=35342 iowait=0 irq=84 softirq=14 steal=0
RT_CPUSTAT sample=66 cpu=cpu1 user=158 nice=0 system=515 idle=27224 iowait=0 irq=6024 softirq=9 steal=0
RT_CPUSTAT sample=67 cpu=cpu0 user=25 nice=0 system=302 idle=35841 iowait=0 irq=85 softirq=14 steal=0
RT_CPUSTAT sample=67 cpu=cpu1 user=163 nice=0 system=524 idle=27589 iowait=0 irq=6119 softirq=9 steal=0
RT_CPUSTAT sample=68 cpu=cpu0 user=26 nice=0 system=303 idle=36338 iowait=0 irq=86 softirq=15 steal=0
RT_CPUSTAT sample=68 cpu=cpu1 user=165 nice=0 system=534 idle=27955 iowait=0 irq=6212 softirq=9 steal=0
RT_CPUSTAT sample=69 cpu=cpu0 user=26 nice=0 system=304 idle=36837 iowait=0 irq=87 softirq=15 steal=0
RT_CPUSTAT sample=69 cpu=cpu1 user=166 nice=0 system=543 idle=28322 iowait=0 irq=6304 softirq=10 steal=0
RT_CPUSTAT sample=70 cpu=cpu0 user=26 nice=0 system=306 idle=37334 iowait=0 irq=88 softirq=15 steal=0
RT_CPUSTAT sample=70 cpu=cpu1 user=169 nice=0 system=549 idle=28691 iowait=0 irq=6396 softirq=10 steal=0
RT_CPUSTAT sample=71 cpu=cpu0 user=26 nice=0 system=307 idle=37833 iowait=0 irq=89 softirq=15 steal=0
RT_CPUSTAT sample=71 cpu=cpu1 user=170 nice=0 system=558 idle=29059 iowait=0 irq=6487 softirq=10 steal=0
RT_CPUSTAT sample=72 cpu=cpu0 user=26 nice=0 system=308 idle=38330 iowait=0 irq=90 softirq=15 steal=0
RT_CPUSTAT sample=72 cpu=cpu1 user=172 nice=0 system=566 idle=29422 iowait=0 irq=6582 softirq=10 steal=0
RT_CPUSTAT sample=73 cpu=cpu0 user=26 nice=0 system=309 idle=38829 iowait=0 irq=90 softirq=16 steal=0
RT_CPUSTAT sample=73 cpu=cpu1 user=174 nice=0 system=571 idle=29789 iowait=0 irq=6675 softirq=10 steal=0
RT_CPUSTAT sample=74 cpu=cpu0 user=27 nice=0 system=311 idle=39327 iowait=0 irq=92 softirq=16 steal=0
RT_CPUSTAT sample=74 cpu=cpu1 user=177 nice=0 system=576 idle=30158 iowait=0 irq=6765 softirq=10 steal=0
RT_CPUSTAT sample=75 cpu=cpu0 user=27 nice=0 system=312 idle=39825 iowait=0 irq=93 softirq=16 steal=0
RT_CPUSTAT sample=75 cpu=cpu1 user=179 nice=0 system=584 idle=30526 iowait=0 irq=6856 softirq=10 steal=0
RT_CPUSTAT sample=76 cpu=cpu0 user=27 nice=0 system=314 idle=40323 iowait=0 irq=94 softirq=16 steal=0
RT_CPUSTAT sample=76 cpu=cpu1 user=180 nice=0 system=590 idle=30896 iowait=0 irq=6946 softirq=11 steal=0
RT_CPUSTAT sample=77 cpu=cpu0 user=27 nice=0 system=315 idle=40822 iowait=0 irq=94 softirq=16 steal=0
RT_CPUSTAT sample=77 cpu=cpu1 user=183 nice=0 system=593 idle=31264 iowait=0 irq=7037 softirq=11 steal=0
RT_CPUSTAT sample=78 cpu=cpu0 user=27 nice=0 system=317 idle=41319 iowait=0 irq=95 softirq=16 steal=0
RT_CPUSTAT sample=78 cpu=cpu1 user=185 nice=0 system=598 idle=31630 iowait=0 irq=7130 softirq=11 steal=0
RT_CPUSTAT sample=79 cpu=cpu0 user=27 nice=0 system=318 idle=41818 iowait=0 irq=96 softirq=17 steal=0
RT_CPUSTAT sample=79 cpu=cpu1 user=188 nice=0 system=606 idle=31997 iowait=0 irq=7224 softirq=11 steal=0
RT_CPUSTAT sample=80 cpu=cpu0 user=27 nice=0 system=320 idle=42314 iowait=0 irq=98 softirq=17 steal=0
RT_CPUSTAT sample=80 cpu=cpu1 user=190 nice=0 system=615 idle=32363 iowait=0 irq=7318 softirq=11 steal=0
RT_CPUSTAT sample=81 cpu=cpu0 user=28 nice=0 system=321 idle=42813 iowait=0 irq=98 softirq=17 steal=0
RT_CPUSTAT sample=81 cpu=cpu1 user=194 nice=0 system=624 idle=32730 iowait=0 irq=7411 softirq=11 steal=0
RT_CPUSTAT sample=82 cpu=cpu0 user=28 nice=0 system=322 idle=43310 iowait=0 irq=99 softirq=17 steal=0
RT_CPUSTAT sample=82 cpu=cpu1 user=196 nice=0 system=633 idle=33095 iowait=0 irq=7504 softirq=11 steal=0
RT_CPUSTAT sample=83 cpu=cpu0 user=28 nice=0 system=323 idle=43809 iowait=0 irq=100 softirq=17 steal=0
RT_CPUSTAT sample=83 cpu=cpu1 user=198 nice=0 system=641 idle=33463 iowait=0 irq=7596 softirq=12 steal=0
RT_CPUSTAT sample=84 cpu=cpu0 user=28 nice=0 system=325 idle=44307 iowait=0 irq=101 softirq=18 steal=0
RT_CPUSTAT sample=84 cpu=cpu1 user=200 nice=0 system=651 idle=33832 iowait=0 irq=7687 softirq=12 steal=0
RT_CPUSTAT sample=85 cpu=cpu0 user=29 nice=0 system=325 idle=44805 iowait=0 irq=102 softirq=18 steal=0
RT_CPUSTAT sample=85 cpu=cpu1 user=202 nice=0 system=658 idle=34198 iowait=0 irq=7781 softirq=12 steal=0
RT_CPUSTAT sample=86 cpu=cpu0 user=29 nice=0 system=327 idle=45303 iowait=0 irq=103 softirq=18 steal=0
RT_CPUSTAT sample=86 cpu=cpu1 user=203 nice=0 system=664 idle=34563 iowait=0 irq=7876 softirq=12 steal=0
RT_CPUSTAT sample=87 cpu=cpu0 user=29 nice=0 system=328 idle=45801 iowait=0 irq=104 softirq=18 steal=0
RT_CPUSTAT sample=87 cpu=cpu1 user=206 nice=0 system=672 idle=34928 iowait=0 irq=7971 softirq=12 steal=0
RT_CPUSTAT sample=88 cpu=cpu0 user=30 nice=0 system=329 idle=46299 iowait=0 irq=105 softirq=18 steal=0
RT_CPUSTAT sample=88 cpu=cpu1 user=207 nice=0 system=678 idle=35298 iowait=0 irq=8061 softirq=12 steal=0
RT_CPUSTAT sample=89 cpu=cpu0 user=30 nice=0 system=330 idle=46797 iowait=0 irq=106 softirq=18 steal=0
RT_CPUSTAT sample=89 cpu=cpu1 user=209 nice=0 system=685 idle=35669 iowait=0 irq=8150 softirq=12 steal=0
RT_CPUSTAT sample=90 cpu=cpu0 user=31 nice=0 system=332 idle=47295 iowait=0 irq=107 softirq=19 steal=0
RT_CPUSTAT sample=90 cpu=cpu1 user=210 nice=0 system=693 idle=36033 iowait=0 irq=8244 softirq=13 steal=0
RT_CPUSTAT sample=91 cpu=cpu0 user=31 nice=0 system=333 idle=47793 iowait=0 irq=108 softirq=19 steal=0
RT_CPUSTAT sample=91 cpu=cpu1 user=210 nice=0 system=700 idle=36403 iowait=0 irq=8334 softirq=13 steal=0
RT_CPUSTAT sample=92 cpu=cpu0 user=31 nice=0 system=335 idle=48291 iowait=0 irq=109 softirq=19 steal=0
RT_CPUSTAT sample=92 cpu=cpu1 user=213 nice=0 system=708 idle=36770 iowait=0 irq=8428 softirq=13 steal=0
RT_CPUSTAT sample=93 cpu=cpu0 user=31 nice=0 system=335 idle=48790 iowait=0 irq=110 softirq=19 steal=0
RT_CPUSTAT sample=93 cpu=cpu1 user=215 nice=0 system=715 idle=37136 iowait=0 irq=8520 softirq=13 steal=0
RT_CPUSTAT sample=94 cpu=cpu0 user=31 nice=0 system=338 idle=49287 iowait=0 irq=111 softirq=19 steal=0
RT_CPUSTAT sample=94 cpu=cpu1 user=216 nice=0 system=727 idle=37502 iowait=0 irq=8614 softirq=13 steal=0
RT_CPUSTAT sample=95 cpu=cpu0 user=31 nice=0 system=338 idle=49786 iowait=0 irq=112 softirq=20 steal=0
RT_CPUSTAT sample=95 cpu=cpu1 user=219 nice=0 system=733 idle=37867 iowait=0 irq=8709 softirq=13 steal=0
RT_CPUSTAT sample=96 cpu=cpu0 user=31 nice=0 system=340 idle=50283 iowait=0 irq=113 softirq=20 steal=0
RT_CPUSTAT sample=96 cpu=cpu1 user=220 nice=0 system=740 idle=38236 iowait=0 irq=8801 softirq=13 steal=0
RT_CPUSTAT sample=97 cpu=cpu0 user=32 nice=0 system=340 idle=50782 iowait=0 irq=114 softirq=20 steal=0
RT_CPUSTAT sample=97 cpu=cpu1 user=222 nice=0 system=748 idle=38602 iowait=0 irq=8894 softirq=13 steal=0
RT_CPUSTAT sample=98 cpu=cpu0 user=32 nice=0 system=342 idle=51279 iowait=0 irq=115 softirq=20 steal=0
RT_CPUSTAT sample=98 cpu=cpu1 user=226 nice=0 system=757 idle=38968 iowait=0 irq=8988 softirq=14 steal=0
RT_CPUSTAT sample=99 cpu=cpu0 user=33 nice=0 system=342 idle=51778 iowait=0 irq=116 softirq=20 steal=0
RT_CPUSTAT sample=99 cpu=cpu1 user=227 nice=0 system=766 idle=39332 iowait=0 irq=9082 softirq=14 steal=0
RT_CPUSTAT sample=100 cpu=cpu0 user=33 nice=0 system=344 idle=52275 iowait=0 irq=117 softirq=21 steal=0
RT_CPUSTAT sample=100 cpu=cpu1 user=230 nice=0 system=776 idle=39697 iowait=0 irq=9176 softirq=14 steal=0
RT_CPUSTAT sample=101 cpu=cpu0 user=33 nice=0 system=345 idle=52774 iowait=0 irq=118 softirq=21 steal=0
RT_CPUSTAT sample=101 cpu=cpu1 user=234 nice=0 system=788 idle=40059 iowait=0 irq=9270 softirq=14 steal=0
RT_CPUSTAT sample=102 cpu=cpu0 user=34 nice=0 system=347 idle=53271 iowait=0 irq=119 softirq=21 steal=0
RT_CPUSTAT sample=102 cpu=cpu1 user=235 nice=0 system=799 idle=40425 iowait=0 irq=9364 softirq=14 steal=0
RT_CPUSTAT sample=103 cpu=cpu0 user=34 nice=0 system=348 idle=53770 iowait=0 irq=120 softirq=21 steal=0
RT_CPUSTAT sample=103 cpu=cpu1 user=238 nice=0 system=807 idle=40791 iowait=0 irq=9457 softirq=14 steal=0
RT_CPUSTAT sample=104 cpu=cpu0 user=34 nice=0 system=349 idle=54267 iowait=0 irq=121 softirq=21 steal=0
RT_CPUSTAT sample=104 cpu=cpu1 user=241 nice=0 system=814 idle=41159 iowait=0 irq=9549 softirq=14 steal=0
RT_CPUSTAT sample=105 cpu=cpu0 user=34 nice=0 system=350 idle=54766 iowait=0 irq=122 softirq=21 steal=0
RT_CPUSTAT sample=105 cpu=cpu1 user=242 nice=0 system=824 idle=41527 iowait=0 irq=9639 softirq=14 steal=0
RT_CPUSTAT sample=106 cpu=cpu0 user=34 nice=0 system=352 idle=55264 iowait=0 irq=123 softirq=22 steal=0
RT_CPUSTAT sample=106 cpu=cpu1 user=244 nice=0 system=830 idle=41897 iowait=0 irq=9730 softirq=15 steal=0
RT_CPUSTAT sample=107 cpu=cpu0 user=34 nice=0 system=354 idle=55762 iowait=0 irq=124 softirq=22 steal=0
RT_CPUSTAT sample=107 cpu=cpu1 user=247 nice=0 system=836 idle=42263 iowait=0 irq=9825 softirq=15 steal=0
RT_CPUSTAT sample=108 cpu=cpu0 user=35 nice=0 system=355 idle=56260 iowait=0 irq=125 softirq=22 steal=0
RT_CPUSTAT sample=108 cpu=cpu1 user=248 nice=0 system=842 idle=42632 iowait=0 irq=9917 softirq=15 steal=0
RT_CPUSTAT sample=109 cpu=cpu0 user=36 nice=0 system=355 idle=56759 iowait=0 irq=126 softirq=22 steal=0
RT_CPUSTAT sample=109 cpu=cpu1 user=253 nice=0 system=848 idle=43004 iowait=0 irq=10004 softirq=15 steal=0
RT_CPUSTAT sample=110 cpu=cpu0 user=36 nice=0 system=357 idle=57255 iowait=0 irq=127 softirq=22 steal=0
RT_CPUSTAT sample=110 cpu=cpu1 user=254 nice=0 system=854 idle=43371 iowait=0 irq=10096 softirq=15 steal=0
RT_CPUSTAT sample=111 cpu=cpu0 user=36 nice=0 system=358 idle=57754 iowait=0 irq=128 softirq=22 steal=0
RT_CPUSTAT sample=111 cpu=cpu1 user=256 nice=0 system=864 idle=43740 iowait=0 irq=10185 softirq=15 steal=0
RT_CPUSTAT sample=112 cpu=cpu0 user=37 nice=0 system=360 idle=58251 iowait=0 irq=129 softirq=23 steal=0
RT_CPUSTAT sample=112 cpu=cpu1 user=258 nice=0 system=875 idle=44101 iowait=0 irq=10282 softirq=15 steal=0
RT_CPUSTAT sample=113 cpu=cpu0 user=37 nice=0 system=361 idle=58750 iowait=0 irq=130 softirq=23 steal=0
RT_CPUSTAT sample=113 cpu=cpu1 user=262 nice=0 system=886 idle=44460 iowait=0 irq=10381 softirq=15 steal=0
RT_CPUSTAT sample=114 cpu=cpu0 user=37 nice=0 system=363 idle=59248 iowait=0 irq=131 softirq=23 steal=0
RT_CPUSTAT sample=114 cpu=cpu1 user=264 nice=0 system=893 idle=44826 iowait=0 irq=10474 softirq=16 steal=0
RT_CPUSTAT sample=115 cpu=cpu0 user=37 nice=0 system=364 idle=59747 iowait=0 irq=131 softirq=23 steal=0
RT_CPUSTAT sample=115 cpu=cpu1 user=265 nice=0 system=898 idle=45191 iowait=0 irq=10567 softirq=16 steal=0
RT_CPUSTAT sample=116 cpu=cpu0 user=37 nice=0 system=366 idle=60244 iowait=0 irq=133 softirq=23 steal=0
RT_CPUSTAT sample=116 cpu=cpu1 user=268 nice=0 system=904 idle=45560 iowait=0 irq=10657 softirq=16 steal=0
RT_CPUSTAT sample=117 cpu=cpu0 user=37 nice=0 system=368 idle=60743 iowait=0 irq=134 softirq=24 steal=0
RT_CPUSTAT sample=117 cpu=cpu1 user=269 nice=0 system=913 idle=45927 iowait=0 irq=10750 softirq=16 steal=0
RT_CPUSTAT sample=118 cpu=cpu0 user=37 nice=0 system=370 idle=61240 iowait=0 irq=135 softirq=24 steal=0
RT_CPUSTAT sample=118 cpu=cpu1 user=272 nice=0 system=923 idle=46293 iowait=0 irq=10843 softirq=16 steal=0
RT_CPUSTAT sample=119 cpu=cpu0 user=37 nice=0 system=371 idle=61739 iowait=0 irq=135 softirq=24 steal=0
RT_CPUSTAT sample=119 cpu=cpu1 user=274 nice=0 system=932 idle=46660 iowait=0 irq=10936 softirq=16 steal=0
RT_CPUSTAT sample=120 cpu=cpu0 user=38 nice=0 system=372 idle=62236 iowait=0 irq=137 softirq=24 steal=0
RT_CPUSTAT sample=120 cpu=cpu1 user=275 nice=0 system=936 idle=47027 iowait=0 irq=11029 softirq=16 steal=0
RT_CPUSTAT sample=121 cpu=cpu0 user=38 nice=0 system=374 idle=62735 iowait=0 irq=137 softirq=24 steal=0
RT_CPUSTAT sample=121 cpu=cpu1 user=276 nice=0 system=942 idle=47398 iowait=0 irq=11117 softirq=17 steal=0
RT_CPUSTAT sample=122 cpu=cpu0 user=38 nice=0 system=375 idle=63233 iowait=0 irq=138 softirq=24 steal=0
RT_CPUSTAT sample=122 cpu=cpu1 user=279 nice=0 system=952 idle=47767 iowait=0 irq=11208 softirq=17 steal=0
RT_CPUSTAT sample=123 cpu=cpu0 user=39 nice=0 system=375 idle=63731 iowait=0 irq=139 softirq=25 steal=0
RT_CPUSTAT sample=123 cpu=cpu1 user=282 nice=0 system=959 idle=48134 iowait=0 irq=11302 softirq=17 steal=0
RT_CPUSTAT sample=124 cpu=cpu0 user=39 nice=0 system=377 idle=64228 iowait=0 irq=141 softirq=25 steal=0
RT_CPUSTAT sample=124 cpu=cpu1 user=284 nice=0 system=968 idle=48500 iowait=0 irq=11395 softirq=17 steal=0
RT_CPUSTAT sample=125 cpu=cpu0 user=40 nice=0 system=377 idle=64727 iowait=0 irq=142 softirq=25 steal=0
RT_CPUSTAT sample=125 cpu=cpu1 user=287 nice=0 system=975 idle=48866 iowait=0 irq=11488 softirq=17 steal=0
RT_CPUSTAT sample=126 cpu=cpu0 user=40 nice=0 system=379 idle=65225 iowait=0 irq=143 softirq=25 steal=0
RT_CPUSTAT sample=126 cpu=cpu1 user=287 nice=0 system=979 idle=49241 iowait=0 irq=11575 softirq=17 steal=0
RT_CPUSTAT sample=127 cpu=cpu0 user=40 nice=0 system=380 idle=65724 iowait=0 irq=143 softirq=25 steal=0
RT_CPUSTAT sample=127 cpu=cpu1 user=288 nice=0 system=986 idle=49611 iowait=0 irq=11664 softirq=17 steal=0
RT_CPUSTAT sample=128 cpu=cpu0 user=40 nice=0 system=382 idle=66221 iowait=0 irq=144 softirq=26 steal=0
RT_CPUSTAT sample=128 cpu=cpu1 user=290 nice=0 system=992 idle=49978 iowait=0 irq=11755 softirq=18 steal=0
RT_CPUSTAT sample=129 cpu=cpu0 user=41 nice=0 system=382 idle=66720 iowait=0 irq=145 softirq=26 steal=0
RT_CPUSTAT sample=129 cpu=cpu1 user=292 nice=0 system=998 idle=50350 iowait=0 irq=11843 softirq=18 steal=0
RT_CPUSTAT sample=130 cpu=cpu0 user=41 nice=0 system=383 idle=67217 iowait=0 irq=146 softirq=26 steal=0
RT_CPUSTAT sample=130 cpu=cpu1 user=294 nice=0 system=1007 idle=50717 iowait=0 irq=11935 softirq=18 steal=0
RT_CPUSTAT sample=131 cpu=cpu0 user=42 nice=0 system=384 idle=67716 iowait=0 irq=147 softirq=26 steal=0
RT_CPUSTAT sample=131 cpu=cpu1 user=298 nice=0 system=1015 idle=51086 iowait=0 irq=12027 softirq=18 steal=0
RT_CPUSTAT sample=132 cpu=cpu0 user=42 nice=0 system=385 idle=68214 iowait=0 irq=148 softirq=26 steal=0
RT_CPUSTAT sample=132 cpu=cpu1 user=299 nice=0 system=1020 idle=51458 iowait=0 irq=12115 softirq=18 steal=0
RT_CPUSTAT sample=133 cpu=cpu0 user=42 nice=0 system=386 idle=68713 iowait=0 irq=149 softirq=26 steal=0
RT_CPUSTAT sample=133 cpu=cpu1 user=302 nice=0 system=1027 idle=51824 iowait=0 irq=12209 softirq=18 steal=0
RT_CPUSTAT sample=134 cpu=cpu0 user=42 nice=0 system=388 idle=69210 iowait=0 irq=150 softirq=27 steal=0
RT_CPUSTAT sample=134 cpu=cpu1 user=303 nice=0 system=1031 idle=52194 iowait=0 irq=12299 softirq=18 steal=0
RT_CPUSTAT sample=135 cpu=cpu0 user=43 nice=0 system=389 idle=69709 iowait=0 irq=151 softirq=27 steal=0
RT_CPUSTAT sample=135 cpu=cpu1 user=306 nice=0 system=1036 idle=52560 iowait=0 irq=12394 softirq=18 steal=0
RT_CPUSTAT sample=136 cpu=cpu0 user=43 nice=0 system=391 idle=70206 iowait=0 irq=152 softirq=27 steal=0
RT_CPUSTAT sample=136 cpu=cpu1 user=307 nice=0 system=1046 idle=52925 iowait=0 irq=12488 softirq=19 steal=0
RT_CPUSTAT sample=137 cpu=cpu0 user=43 nice=0 system=391 idle=70705 iowait=0 irq=153 softirq=27 steal=0
RT_CPUSTAT sample=137 cpu=cpu1 user=308 nice=0 system=1054 idle=53291 iowait=0 irq=12581 softirq=19 steal=0
RT_CPUSTAT sample=138 cpu=cpu0 user=44 nice=0 system=393 idle=71202 iowait=0 irq=154 softirq=27 steal=0
RT_CPUSTAT sample=138 cpu=cpu1 user=310 nice=0 system=1061 idle=53660 iowait=0 irq=12673 softirq=19 steal=0
RT_CPUSTAT sample=139 cpu=cpu0 user=44 nice=0 system=394 idle=71701 iowait=0 irq=155 softirq=28 steal=0
RT_CPUSTAT sample=139 cpu=cpu1 user=313 nice=0 system=1067 idle=54033 iowait=0 irq=12759 softirq=19 steal=0
RT_CPUSTAT sample=140 cpu=cpu0 user=44 nice=0 system=396 idle=72198 iowait=0 irq=156 softirq=28 steal=0
RT_CPUSTAT sample=140 cpu=cpu1 user=316 nice=0 system=1078 idle=54400 iowait=0 irq=12852 softirq=19 steal=0
RT_CPUSTAT sample=141 cpu=cpu0 user=44 nice=0 system=396 idle=72697 iowait=0 irq=157 softirq=28 steal=0
RT_CPUSTAT sample=141 cpu=cpu1 user=319 nice=0 system=1087 idle=54768 iowait=0 irq=12944 softirq=19 steal=0
RT_CPUSTAT sample=142 cpu=cpu0 user=44 nice=0 system=398 idle=73194 iowait=0 irq=158 softirq=28 steal=0
RT_CPUSTAT sample=142 cpu=cpu1 user=322 nice=0 system=1094 idle=55138 iowait=0 irq=13033 softirq=19 steal=0
RT_CPUSTAT sample=143 cpu=cpu0 user=45 nice=0 system=399 idle=73693 iowait=0 irq=159 softirq=28 steal=0
RT_CPUSTAT sample=143 cpu=cpu1 user=325 nice=0 system=1104 idle=55503 iowait=0 irq=13126 softirq=20 steal=0
RT_CPUSTAT sample=144 cpu=cpu0 user=45 nice=0 system=401 idle=74191 iowait=0 irq=160 softirq=29 steal=0
RT_CPUSTAT sample=144 cpu=cpu1 user=327 nice=0 system=1113 idle=55871 iowait=0 irq=13218 softirq=20 steal=0
RT_CPUSTAT sample=145 cpu=cpu0 user=45 nice=0 system=401 idle=74689 iowait=0 irq=160 softirq=29 steal=0
RT_CPUSTAT sample=145 cpu=cpu1 user=331 nice=0 system=1123 idle=56235 iowait=0 irq=13313 softirq=20 steal=0
RT_CPUSTAT sample=146 cpu=cpu0 user=46 nice=0 system=403 idle=75187 iowait=0 irq=162 softirq=29 steal=0
RT_CPUSTAT sample=146 cpu=cpu1 user=333 nice=0 system=1133 idle=56600 iowait=0 irq=13405 softirq=20 steal=0
RT_CPUSTAT sample=147 cpu=cpu0 user=46 nice=0 system=404 idle=75685 iowait=0 irq=162 softirq=29 steal=0
RT_CPUSTAT sample=147 cpu=cpu1 user=335 nice=0 system=1142 idle=56965 iowait=0 irq=13499 softirq=20 steal=0
RT_CPUSTAT sample=148 cpu=cpu0 user=46 nice=0 system=405 idle=76183 iowait=0 irq=164 softirq=29 steal=0
RT_CPUSTAT sample=148 cpu=cpu1 user=337 nice=0 system=1151 idle=57332 iowait=0 irq=13592 softirq=20 steal=0
RT_CPUSTAT sample=149 cpu=cpu0 user=46 nice=0 system=406 idle=76682 iowait=0 irq=164 softirq=29 steal=0
RT_CPUSTAT sample=149 cpu=cpu1 user=340 nice=0 system=1161 idle=57701 iowait=0 irq=13681 softirq=20 steal=0
RT_CPUSTAT sample=150 cpu=cpu0 user=46 nice=0 system=407 idle=77179 iowait=0 irq=165 softirq=30 steal=0
RT_CPUSTAT sample=150 cpu=cpu1 user=342 nice=0 system=1168 idle=58073 iowait=0 irq=13768 softirq=21 steal=0
RT_CPUSTAT sample=151 cpu=cpu0 user=47 nice=0 system=408 idle=77678 iowait=0 irq=166 softirq=30 steal=0
RT_CPUSTAT sample=151 cpu=cpu1 user=344 nice=0 system=1176 idle=58441 iowait=0 irq=13860 softirq=21 steal=0
RT_CPUSTAT sample=152 cpu=cpu0 user=47 nice=0 system=410 idle=78175 iowait=0 irq=167 softirq=30 steal=0
RT_CPUSTAT sample=152 cpu=cpu1 user=347 nice=0 system=1182 idle=58809 iowait=0 irq=13952 softirq=21 steal=0
RT_CPUSTAT sample=153 cpu=cpu0 user=48 nice=0 system=411 idle=78674 iowait=0 irq=168 softirq=30 steal=0
RT_CPUSTAT sample=153 cpu=cpu1 user=349 nice=0 system=1191 idle=59181 iowait=0 irq=14039 softirq=21 steal=0
RT_CPUSTAT sample=154 cpu=cpu0 user=48 nice=0 system=412 idle=79171 iowait=0 irq=169 softirq=30 steal=0
RT_CPUSTAT sample=154 cpu=cpu1 user=353 nice=0 system=1201 idle=59549 iowait=0 irq=14130 softirq=21 steal=0
RT_CPUSTAT sample=155 cpu=cpu0 user=48 nice=0 system=413 idle=79670 iowait=0 irq=170 softirq=31 steal=0
RT_CPUSTAT sample=155 cpu=cpu1 user=356 nice=0 system=1208 idle=59914 iowait=0 irq=14225 softirq=21 steal=0
RT_CPUSTAT sample=156 cpu=cpu0 user=48 nice=0 system=415 idle=80167 iowait=0 irq=171 softirq=31 steal=0
RT_CPUSTAT sample=156 cpu=cpu1 user=358 nice=0 system=1216 idle=60279 iowait=0 irq=14319 softirq=21 steal=0
RT_CPUSTAT sample=157 cpu=cpu0 user=48 nice=0 system=416 idle=80666 iowait=0 irq=172 softirq=31 steal=0
RT_CPUSTAT sample=157 cpu=cpu1 user=359 nice=0 system=1227 idle=60643 iowait=0 irq=14413 softirq=21 steal=0
RT_CPUSTAT sample=158 cpu=cpu0 user=49 nice=0 system=417 idle=81163 iowait=0 irq=173 softirq=31 steal=0
RT_CPUSTAT sample=158 cpu=cpu1 user=362 nice=0 system=1233 idle=61008 iowait=0 irq=14507 softirq=22 steal=0
RT_CPUSTAT sample=159 cpu=cpu0 user=49 nice=0 system=418 idle=81662 iowait=0 irq=174 softirq=31 steal=0
RT_CPUSTAT sample=159 cpu=cpu1 user=363 nice=0 system=1239 idle=61374 iowait=0 irq=14599 softirq=22 steal=0
RT_CPUSTAT sample=160 cpu=cpu0 user=49 nice=0 system=420 idle=82160 iowait=0 irq=175 softirq=32 steal=0
RT_CPUSTAT sample=160 cpu=cpu1 user=365 nice=0 system=1243 idle=61740 iowait=0 irq=14692 softirq=22 steal=0
RT_CPUSTAT sample=161 cpu=cpu0 user=49 nice=0 system=421 idle=82659 iowait=0 irq=176 softirq=32 steal=0
RT_CPUSTAT sample=161 cpu=cpu1 user=366 nice=0 system=1249 idle=62113 iowait=0 irq=14779 softirq=22 steal=0
RT_CPUSTAT sample=162 cpu=cpu0 user=50 nice=0 system=422 idle=83156 iowait=0 irq=177 softirq=32 steal=0
RT_CPUSTAT sample=162 cpu=cpu1 user=367 nice=0 system=1252 idle=62483 iowait=0 irq=14869 softirq=22 steal=0
RT_CPUSTAT sample=163 cpu=cpu0 user=50 nice=0 system=424 idle=83655 iowait=0 irq=178 softirq=32 steal=0
RT_CPUSTAT sample=163 cpu=cpu1 user=368 nice=0 system=1258 idle=62852 iowait=0 irq=14959 softirq=22 steal=0
RT_CPUSTAT sample=164 cpu=cpu0 user=50 nice=0 system=426 idle=84152 iowait=0 irq=179 softirq=32 steal=0
RT_CPUSTAT sample=164 cpu=cpu1 user=370 nice=0 system=1265 idle=63222 iowait=0 irq=15049 softirq=22 steal=0
RT_CPUSTAT sample=165 cpu=cpu0 user=50 nice=0 system=427 idle=84651 iowait=0 irq=179 softirq=32 steal=0
RT_CPUSTAT sample=165 cpu=cpu1 user=373 nice=0 system=1274 idle=63591 iowait=0 irq=15139 softirq=22 steal=0
RT_CPUSTAT sample=166 cpu=cpu0 user=50 nice=0 system=428 idle=85149 iowait=0 irq=180 softirq=33 steal=0
RT_CPUSTAT sample=166 cpu=cpu1 user=375 nice=0 system=1282 idle=63961 iowait=0 irq=15229 softirq=23 steal=0
RT_CPUSTAT sample=167 cpu=cpu0 user=50 nice=0 system=429 idle=85648 iowait=0 irq=181 softirq=33 steal=0
RT_CPUSTAT sample=167 cpu=cpu1 user=378 nice=0 system=1288 idle=64334 iowait=0 irq=15316 softirq=23 steal=0
RT_CPUSTAT sample=168 cpu=cpu0 user=51 nice=0 system=430 idle=86145 iowait=0 irq=182 softirq=33 steal=0
RT_CPUSTAT sample=168 cpu=cpu1 user=381 nice=0 system=1298 idle=64701 iowait=0 irq=15409 softirq=23 steal=0
RT_CPUSTAT sample=169 cpu=cpu0 user=51 nice=0 system=431 idle=86644 iowait=0 irq=183 softirq=33 steal=0
RT_CPUSTAT sample=169 cpu=cpu1 user=383 nice=0 system=1309 idle=65067 iowait=0 irq=15502 softirq=23 steal=0
RT_CPUSTAT sample=170 cpu=cpu0 user=52 nice=0 system=432 idle=87141 iowait=0 irq=184 softirq=33 steal=0
RT_CPUSTAT sample=170 cpu=cpu1 user=386 nice=0 system=1318 idle=65431 iowait=0 irq=15598 softirq=23 steal=0
RT_CPUSTAT sample=171 cpu=cpu0 user=52 nice=0 system=433 idle=87640 iowait=0 irq=185 softirq=33 steal=0
RT_CPUSTAT sample=171 cpu=cpu1 user=388 nice=0 system=1326 idle=65797 iowait=0 irq=15692 softirq=23 steal=0
RT_CPUSTAT sample=172 cpu=cpu0 user=52 nice=0 system=435 idle=88137 iowait=0 irq=186 softirq=34 steal=0
RT_CPUSTAT sample=172 cpu=cpu1 user=389 nice=0 system=1332 idle=66163 iowait=0 irq=15786 softirq=23 steal=0
RT_CPUSTAT sample=173 cpu=cpu0 user=52 nice=0 system=436 idle=88636 iowait=0 irq=187 softirq=34 steal=0
RT_CPUSTAT sample=173 cpu=cpu1 user=392 nice=0 system=1344 idle=66525 iowait=0 irq=15883 softirq=24 steal=0
RT_CPUSTAT sample=174 cpu=cpu0 user=53 nice=0 system=437 idle=89133 iowait=0 irq=188 softirq=34 steal=0
RT_CPUSTAT sample=174 cpu=cpu1 user=394 nice=0 system=1351 idle=66898 iowait=0 irq=15970 softirq=24 steal=0
RT_CPUSTAT sample=175 cpu=cpu0 user=53 nice=0 system=438 idle=89632 iowait=0 irq=189 softirq=34 steal=0
RT_CPUSTAT sample=175 cpu=cpu1 user=398 nice=0 system=1361 idle=67262 iowait=0 irq=16064 softirq=24 steal=0
RT_CPUSTAT sample=176 cpu=cpu0 user=53 nice=0 system=439 idle=90129 iowait=0 irq=190 softirq=35 steal=0
RT_CPUSTAT sample=176 cpu=cpu1 user=404 nice=0 system=1375 idle=67623 iowait=0 irq=16161 softirq=24 steal=0
RT_CPUSTAT sample=177 cpu=cpu0 user=54 nice=0 system=440 idle=90628 iowait=0 irq=191 softirq=35 steal=0
RT_CPUSTAT sample=177 cpu=cpu1 user=406 nice=0 system=1384 idle=67989 iowait=0 irq=16253 softirq=24 steal=0
RT_CPUSTAT sample=178 cpu=cpu0 user=54 nice=0 system=442 idle=91125 iowait=0 irq=192 softirq=35 steal=0
RT_CPUSTAT sample=178 cpu=cpu1 user=406 nice=0 system=1390 idle=68353 iowait=0 irq=16346 softirq=24 steal=0
RT_CPUSTAT sample=179 cpu=cpu0 user=54 nice=0 system=443 idle=91624 iowait=0 irq=193 softirq=35 steal=0
RT_CPUSTAT sample=179 cpu=cpu1 user=408 nice=0 system=1399 idle=68721 iowait=0 irq=16438 softirq=24 steal=0
RT_CPUSTAT sample=180 cpu=cpu0 user=54 nice=0 system=445 idle=92122 iowait=0 irq=194 softirq=35 steal=0
RT_CPUSTAT sample=180 cpu=cpu1 user=409 nice=0 system=1407 idle=69091 iowait=0 irq=16527 softirq=25 steal=0
RT_CPUSTAT sample=181 cpu=cpu0 user=54 nice=0 system=446 idle=92621 iowait=0 irq=195 softirq=35 steal=0
RT_CPUSTAT sample=181 cpu=cpu1 user=411 nice=0 system=1412 idle=69466 iowait=0 irq=16611 softirq=25 steal=0
RT_CPUSTAT sample=182 cpu=cpu0 user=55 nice=0 system=447 idle=93118 iowait=0 irq=196 softirq=36 steal=0
RT_CPUSTAT sample=182 cpu=cpu1 user=413 nice=0 system=1421 idle=69833 iowait=0 irq=16704 softirq=25 steal=0
RT_CPUSTAT sample=183 cpu=cpu0 user=55 nice=0 system=448 idle=93617 iowait=0 irq=197 softirq=36 steal=0
RT_CPUSTAT sample=183 cpu=cpu1 user=415 nice=0 system=1427 idle=70201 iowait=0 irq=16795 softirq=25 steal=0
RT_CPUSTAT sample=184 cpu=cpu0 user=56 nice=0 system=450 idle=94114 iowait=0 irq=198 softirq=36 steal=0
RT_CPUSTAT sample=184 cpu=cpu1 user=415 nice=0 system=1432 idle=70575 iowait=0 irq=16882 softirq=25 steal=0
RT_CPUSTAT sample=185 cpu=cpu0 user=56 nice=0 system=451 idle=94613 iowait=0 irq=199 softirq=36 steal=0
RT_CPUSTAT sample=185 cpu=cpu1 user=416 nice=0 system=1439 idle=70944 iowait=0 irq=16972 softirq=25 steal=0
RT_CPUSTAT sample=186 cpu=cpu0 user=57 nice=0 system=452 idle=95110 iowait=0 irq=200 softirq=36 steal=0
RT_CPUSTAT sample=186 cpu=cpu1 user=420 nice=0 system=1447 idle=71312 iowait=0 irq=17064 softirq=25 steal=0
RT_CPUSTAT sample=187 cpu=cpu0 user=57 nice=0 system=453 idle=95609 iowait=0 irq=201 softirq=36 steal=0
RT_CPUSTAT sample=187 cpu=cpu1 user=423 nice=0 system=1456 idle=71680 iowait=0 irq=17156 softirq=26 steal=0
RT_CPUSTAT sample=188 cpu=cpu0 user=57 nice=0 system=455 idle=96106 iowait=0 irq=202 softirq=37 steal=0
RT_CPUSTAT sample=188 cpu=cpu1 user=425 nice=0 system=1463 idle=72046 iowait=0 irq=17249 softirq=26 steal=0
RT_CPUSTAT sample=189 cpu=cpu0 user=57 nice=0 system=456 idle=96605 iowait=0 irq=203 softirq=37 steal=0
RT_CPUSTAT sample=189 cpu=cpu1 user=428 nice=0 system=1469 idle=72411 iowait=0 irq=17341 softirq=26 steal=0
RT_CPUSTAT sample=190 cpu=cpu0 user=58 nice=0 system=458 idle=97102 iowait=0 irq=204 softirq=37 steal=0
RT_CPUSTAT sample=190 cpu=cpu1 user=430 nice=0 system=1478 idle=72781 iowait=0 irq=17432 softirq=26 steal=0
RT_CPUSTAT sample=191 cpu=cpu0 user=59 nice=0 system=459 idle=97601 iowait=0 irq=205 softirq=37 steal=0
RT_CPUSTAT sample=191 cpu=cpu1 user=434 nice=0 system=1483 idle=73146 iowait=0 irq=17527 softirq=26 steal=0
RT_CPUSTAT sample=192 cpu=cpu0 user=59 nice=0 system=460 idle=98098 iowait=0 irq=206 softirq=37 steal=0
RT_CPUSTAT sample=192 cpu=cpu1 user=436 nice=0 system=1494 idle=73511 iowait=0 irq=17621 softirq=26 steal=0
RT_CPUSTAT sample=193 cpu=cpu0 user=59 nice=0 system=461 idle=98597 iowait=0 irq=207 softirq=38 steal=0
RT_CPUSTAT sample=193 cpu=cpu1 user=438 nice=0 system=1502 idle=73876 iowait=0 irq=17715 softirq=26 steal=0
RT_CPUSTAT sample=194 cpu=cpu0 user=59 nice=0 system=463 idle=99093 iowait=0 irq=208 softirq=38 steal=0
RT_CPUSTAT sample=194 cpu=cpu1 user=440 nice=0 system=1510 idle=74245 iowait=0 irq=17806 softirq=26 steal=0
RT_CPUSTAT sample=195 cpu=cpu0 user=60 nice=0 system=465 idle=99593 iowait=0 irq=209 softirq=38 steal=0
RT_CPUSTAT sample=195 cpu=cpu1 user=442 nice=0 system=1519 idle=74613 iowait=0 irq=17899 softirq=27 steal=0
RT_CPUSTAT sample=196 cpu=cpu0 user=60 nice=0 system=466 idle=100089 iowait=0 irq=211 softirq=38 steal=0
RT_CPUSTAT sample=196 cpu=cpu1 user=443 nice=0 system=1526 idle=74980 iowait=0 irq=17992 softirq=27 steal=0
RT_CPUSTAT sample=197 cpu=cpu0 user=60 nice=0 system=467 idle=100588 iowait=0 irq=211 softirq=38 steal=0
RT_CPUSTAT sample=197 cpu=cpu1 user=445 nice=0 system=1533 idle=75345 iowait=0 irq=18085 softirq=27 steal=0
RT_CPUSTAT sample=198 cpu=cpu0 user=60 nice=0 system=469 idle=101085 iowait=0 irq=212 softirq=38 steal=0
RT_CPUSTAT sample=198 cpu=cpu1 user=448 nice=0 system=1542 idle=75711 iowait=0 irq=18176 softirq=27 steal=0
RT_CPUSTAT sample=199 cpu=cpu0 user=60 nice=0 system=470 idle=101584 iowait=0 irq=213 softirq=39 steal=0
RT_CPUSTAT sample=199 cpu=cpu1 user=451 nice=0 system=1547 idle=76088 iowait=0 irq=18261 softirq=27 steal=0
RT_CPUSTAT sample=200 cpu=cpu0 user=61 nice=0 system=472 idle=102081 iowait=0 irq=215 softirq=39 steal=0
RT_CPUSTAT sample=200 cpu=cpu1 user=454 nice=0 system=1554 idle=76457 iowait=0 irq=18351 softirq=27 steal=0
RT_CPUSTAT sample=201 cpu=cpu0 user=62 nice=0 system=472 idle=102579 iowait=0 irq=216 softirq=39 steal=0
RT_CPUSTAT sample=201 cpu=cpu1 user=456 nice=0 system=1561 idle=76824 iowait=0 irq=18443 softirq=27 steal=0
RT_CPUSTAT sample=202 cpu=cpu0 user=62 nice=0 system=474 idle=103077 iowait=0 irq=217 softirq=39 steal=0
RT_CPUSTAT sample=202 cpu=cpu1 user=458 nice=0 system=1567 idle=77192 iowait=0 irq=18533 softirq=28 steal=0
RT_CPUSTAT sample=203 cpu=cpu0 user=62 nice=0 system=475 idle=103576 iowait=0 irq=217 softirq=39 steal=0
RT_CPUSTAT sample=203 cpu=cpu1 user=460 nice=0 system=1574 idle=77561 iowait=0 irq=18624 softirq=28 steal=0
RT_CPUSTAT sample=204 cpu=cpu0 user=63 nice=0 system=476 idle=104073 iowait=0 irq=219 softirq=40 steal=0
RT_CPUSTAT sample=204 cpu=cpu1 user=462 nice=0 system=1579 idle=77926 iowait=0 irq=18718 softirq=28 steal=0
RT_CPUSTAT sample=205 cpu=cpu0 user=64 nice=0 system=477 idle=104572 iowait=0 irq=219 softirq=40 steal=0
RT_CPUSTAT sample=205 cpu=cpu1 user=465 nice=0 system=1587 idle=78294 iowait=0 irq=18810 softirq=28 steal=0
RT_CPUSTAT sample=206 cpu=cpu0 user=64 nice=0 system=479 idle=105069 iowait=0 irq=221 softirq=40 steal=0
RT_CPUSTAT sample=206 cpu=cpu1 user=466 nice=0 system=1594 idle=78661 iowait=0 irq=18903 softirq=28 steal=0
RT_CPUSTAT sample=207 cpu=cpu0 user=64 nice=0 system=480 idle=105568 iowait=0 irq=221 softirq=40 steal=0
RT_CPUSTAT sample=207 cpu=cpu1 user=469 nice=0 system=1600 idle=79027 iowait=0 irq=18995 softirq=28 steal=0
RT_CPUSTAT sample=208 cpu=cpu0 user=64 nice=0 system=482 idle=106065 iowait=0 irq=222 softirq=40 steal=0
RT_CPUSTAT sample=208 cpu=cpu1 user=470 nice=0 system=1606 idle=79395 iowait=0 irq=19087 softirq=28 steal=0
RT_CPUSTAT sample=209 cpu=cpu0 user=64 nice=0 system=483 idle=106564 iowait=0 irq=223 softirq=41 steal=0
RT_CPUSTAT sample=209 cpu=cpu1 user=471 nice=0 system=1612 idle=79759 iowait=0 irq=19183 softirq=29 steal=0
RT_CPUSTAT sample=210 cpu=cpu0 user=64 nice=0 system=485 idle=107061 iowait=0 irq=225 softirq=41 steal=0
RT_CPUSTAT sample=210 cpu=cpu1 user=473 nice=0 system=1616 idle=80123 iowait=0 irq=19277 softirq=29 steal=0
RT_CPUSTAT sample=211 cpu=cpu0 user=65 nice=0 system=485 idle=107560 iowait=0 irq=225 softirq=41 steal=0
RT_CPUSTAT sample=211 cpu=cpu1 user=474 nice=0 system=1620 idle=80498 iowait=0 irq=19363 softirq=29 steal=0
RT_CPUSTAT sample=212 cpu=cpu0 user=66 nice=0 system=487 idle=108057 iowait=0 irq=226 softirq=41 steal=0
RT_CPUSTAT sample=212 cpu=cpu1 user=479 nice=0 system=1625 idle=80864 iowait=0 irq=19457 softirq=29 steal=0
RT_CPUSTAT sample=213 cpu=cpu0 user=66 nice=0 system=488 idle=108556 iowait=0 irq=227 softirq=41 steal=0
RT_CPUSTAT sample=213 cpu=cpu1 user=480 nice=0 system=1634 idle=81230 iowait=0 irq=19550 softirq=29 steal=0
RT_CPUSTAT sample=214 cpu=cpu0 user=66 nice=0 system=489 idle=109053 iowait=0 irq=228 softirq=42 steal=0
RT_CPUSTAT sample=214 cpu=cpu1 user=483 nice=0 system=1640 idle=81595 iowait=0 irq=19644 softirq=29 steal=0
RT_CPUSTAT sample=215 cpu=cpu0 user=66 nice=0 system=490 idle=109552 iowait=0 irq=229 softirq=42 steal=0
RT_CPUSTAT sample=215 cpu=cpu1 user=486 nice=0 system=1646 idle=81961 iowait=0 irq=19737 softirq=29 steal=0
RT_CPUSTAT sample=216 cpu=cpu0 user=67 nice=0 system=492 idle=110049 iowait=0 irq=230 softirq=42 steal=0
RT_CPUSTAT sample=216 cpu=cpu1 user=487 nice=0 system=1652 idle=82329 iowait=0 irq=19831 softirq=29 steal=0
RT_CPUSTAT sample=217 cpu=cpu0 user=67 nice=0 system=493 idle=110548 iowait=0 irq=231 softirq=42 steal=0
RT_CPUSTAT sample=217 cpu=cpu1 user=489 nice=0 system=1658 idle=82696 iowait=0 irq=19924 softirq=30 steal=0
RT_CPUSTAT sample=218 cpu=cpu0 user=67 nice=0 system=495 idle=111045 iowait=0 irq=232 softirq=42 steal=0
RT_CPUSTAT sample=218 cpu=cpu1 user=493 nice=0 system=1664 idle=83066 iowait=0 irq=20014 softirq=30 steal=0
RT_CPUSTAT sample=219 cpu=cpu0 user=67 nice=0 system=495 idle=111544 iowait=0 irq=233 softirq=42 steal=0
RT_CPUSTAT sample=219 cpu=cpu1 user=495 nice=0 system=1672 idle=83436 iowait=0 irq=20103 softirq=30 steal=0
RT_CPUSTAT sample=220 cpu=cpu0 user=67 nice=0 system=496 idle=112042 iowait=0 irq=234 softirq=43 steal=0
RT_CPUSTAT sample=220 cpu=cpu1 user=497 nice=0 system=1677 idle=83803 iowait=0 irq=20195 softirq=30 steal=0
RT_CPUSTAT sample=221 cpu=cpu0 user=68 nice=0 system=497 idle=112540 iowait=0 irq=235 softirq=43 steal=0
RT_CPUSTAT sample=221 cpu=cpu1 user=499 nice=0 system=1681 idle=84180 iowait=0 irq=20279 softirq=30 steal=0
RT_CPUSTAT sample=222 cpu=cpu0 user=68 nice=0 system=500 idle=113037 iowait=0 irq=236 softirq=43 steal=0
RT_CPUSTAT sample=222 cpu=cpu1 user=500 nice=0 system=1686 idle=84553 iowait=0 irq=20366 softirq=30 steal=0
RT_CPUSTAT sample=223 cpu=cpu0 user=68 nice=0 system=501 idle=113536 iowait=0 irq=237 softirq=43 steal=0
RT_CPUSTAT sample=223 cpu=cpu1 user=503 nice=0 system=1695 idle=84919 iowait=0 irq=20459 softirq=30 steal=0
RT_CPUSTAT sample=224 cpu=cpu0 user=68 nice=0 system=503 idle=114033 iowait=0 irq=238 softirq=43 steal=0
RT_CPUSTAT sample=224 cpu=cpu1 user=503 nice=0 system=1700 idle=85289 iowait=0 irq=20548 softirq=31 steal=0
RT_CPUSTAT sample=225 cpu=cpu0 user=68 nice=0 system=504 idle=114532 iowait=0 irq=239 softirq=44 steal=0
RT_CPUSTAT sample=225 cpu=cpu1 user=503 nice=0 system=1708 idle=85656 iowait=0 irq=20641 softirq=31 steal=0
RT_CPUSTAT sample=226 cpu=cpu0 user=68 nice=0 system=505 idle=115029 iowait=0 irq=240 softirq=44 steal=0
RT_CPUSTAT sample=226 cpu=cpu1 user=505 nice=0 system=1716 idle=86026 iowait=0 irq=20731 softirq=31 steal=0
RT_CPUSTAT sample=227 cpu=cpu0 user=68 nice=0 system=507 idle=115528 iowait=0 irq=241 softirq=44 steal=0
RT_CPUSTAT sample=227 cpu=cpu1 user=506 nice=0 system=1724 idle=86392 iowait=0 irq=20825 softirq=31 steal=0
RT_CPUSTAT sample=228 cpu=cpu0 user=68 nice=0 system=508 idle=116026 iowait=0 irq=242 softirq=44 steal=0
RT_CPUSTAT sample=228 cpu=cpu1 user=507 nice=0 system=1732 idle=86757 iowait=0 irq=20919 softirq=31 steal=0
RT_CPUSTAT sample=229 cpu=cpu0 user=70 nice=0 system=508 idle=116525 iowait=0 irq=243 softirq=44 steal=0
RT_CPUSTAT sample=229 cpu=cpu1 user=509 nice=0 system=1737 idle=87123 iowait=0 irq=21013 softirq=31 steal=0
RT_CPUSTAT sample=230 cpu=cpu0 user=70 nice=0 system=510 idle=117021 iowait=0 irq=244 softirq=45 steal=0
RT_CPUSTAT sample=230 cpu=cpu1 user=513 nice=0 system=1743 idle=87486 iowait=0 irq=21108 softirq=32 steal=0
RT_CPUSTAT sample=231 cpu=cpu0 user=70 nice=0 system=510 idle=117520 iowait=0 irq=245 softirq=45 steal=0
RT_CPUSTAT sample=231 cpu=cpu1 user=516 nice=0 system=1751 idle=87854 iowait=0 irq=21199 softirq=32 steal=0
RT_CPUSTAT sample=232 cpu=cpu0 user=70 nice=0 system=512 idle=118017 iowait=0 irq=246 softirq=45 steal=0
RT_CPUSTAT sample=232 cpu=cpu1 user=517 nice=0 system=1758 idle=88223 iowait=0 irq=21289 softirq=32 steal=0
RT_CPUSTAT sample=233 cpu=cpu0 user=70 nice=0 system=513 idle=118516 iowait=0 irq=247 softirq=45 steal=0
RT_CPUSTAT sample=233 cpu=cpu1 user=520 nice=0 system=1767 idle=88588 iowait=0 irq=21382 softirq=32 steal=0
RT_CPUSTAT sample=234 cpu=cpu0 user=71 nice=0 system=514 idle=119013 iowait=0 irq=248 softirq=46 steal=0
RT_CPUSTAT sample=234 cpu=cpu1 user=522 nice=0 system=1775 idle=88955 iowait=0 irq=21474 softirq=32 steal=0
RT_CPUSTAT sample=235 cpu=cpu0 user=71 nice=0 system=515 idle=119512 iowait=0 irq=249 softirq=46 steal=0
RT_CPUSTAT sample=235 cpu=cpu1 user=525 nice=0 system=1781 idle=89323 iowait=0 irq=21566 softirq=32 steal=0
RT_CPUSTAT sample=236 cpu=cpu0 user=71 nice=0 system=517 idle=120009 iowait=0 irq=250 softirq=46 steal=0
RT_CPUSTAT sample=236 cpu=cpu1 user=527 nice=0 system=1788 idle=89693 iowait=0 irq=21654 softirq=32 steal=0
RT_CPUSTAT sample=237 cpu=cpu0 user=72 nice=0 system=518 idle=120508 iowait=0 irq=251 softirq=46 steal=0
RT_CPUSTAT sample=237 cpu=cpu1 user=531 nice=0 system=1796 idle=90062 iowait=0 irq=21745 softirq=32 steal=0
RT_CPUSTAT sample=238 cpu=cpu0 user=72 nice=0 system=519 idle=121005 iowait=0 irq=252 softirq=46 steal=0
RT_CPUSTAT sample=238 cpu=cpu1 user=532 nice=0 system=1805 idle=90427 iowait=0 irq=21839 softirq=33 steal=0
RT_CPUSTAT sample=239 cpu=cpu0 user=73 nice=0 system=520 idle=121504 iowait=0 irq=252 softirq=46 steal=0
RT_CPUSTAT sample=239 cpu=cpu1 user=536 nice=0 system=1815 idle=90792 iowait=0 irq=21933 softirq=33 steal=0
RT_CPUSTAT sample=240 cpu=cpu0 user=74 nice=0 system=521 idle=122002 iowait=0 irq=254 softirq=47 steal=0
RT_CPUSTAT sample=240 cpu=cpu1 user=539 nice=0 system=1827 idle=91157 iowait=0 irq=22026 softirq=33 steal=0
RT_CPUSTAT sample=241 cpu=cpu0 user=74 nice=0 system=522 idle=122500 iowait=0 irq=254 softirq=47 steal=0
RT_CPUSTAT sample=241 cpu=cpu1 user=540 nice=0 system=1833 idle=91528 iowait=0 irq=22116 softirq=33 steal=0
RT_CPUSTAT sample=242 cpu=cpu0 user=75 nice=0 system=524 idle=122998 iowait=0 irq=256 softirq=47 steal=0
RT_CPUSTAT sample=242 cpu=cpu1 user=542 nice=0 system=1839 idle=91895 iowait=0 irq=22207 softirq=33 steal=0
RT_CPUSTAT sample=243 cpu=cpu0 user=75 nice=0 system=524 idle=123497 iowait=0 irq=256 softirq=47 steal=0
RT_CPUSTAT sample=243 cpu=cpu1 user=543 nice=0 system=1844 idle=92265 iowait=0 irq=22297 softirq=33 steal=0
RT_CPUSTAT sample=244 cpu=cpu0 user=75 nice=0 system=525 idle=123994 iowait=0 irq=257 softirq=47 steal=0
RT_CPUSTAT sample=244 cpu=cpu1 user=544 nice=0 system=1852 idle=92631 iowait=0 irq=22389 softirq=33 steal=0
RT_CPUSTAT sample=245 cpu=cpu0 user=75 nice=0 system=526 idle=124494 iowait=0 irq=258 softirq=47 steal=0
RT_CPUSTAT sample=245 cpu=cpu1 user=546 nice=0 system=1857 idle=93002 iowait=0 irq=22478 softirq=33 steal=0
RT_CPUSTAT sample=246 cpu=cpu0 user=75 nice=0 system=527 idle=124991 iowait=0 irq=259 softirq=48 steal=0
RT_CPUSTAT sample=246 cpu=cpu1 user=547 nice=0 system=1861 idle=93373 iowait=0 irq=22566 softirq=34 steal=0
RT_CPUSTAT sample=247 cpu=cpu0 user=75 nice=0 system=529 idle=125490 iowait=0 irq=260 softirq=48 steal=0
RT_CPUSTAT sample=247 cpu=cpu1 user=549 nice=0 system=1866 idle=93742 iowait=0 irq=22656 softirq=34 steal=0
RT_CPUSTAT sample=248 cpu=cpu0 user=75 nice=0 system=530 idle=125987 iowait=0 irq=261 softirq=48 steal=0
RT_CPUSTAT sample=248 cpu=cpu1 user=551 nice=0 system=1870 idle=94110 iowait=0 irq=22748 softirq=34 steal=0
RT_CPUSTAT sample=249 cpu=cpu0 user=75 nice=0 system=532 idle=126486 iowait=0 irq=262 softirq=48 steal=0
RT_CPUSTAT sample=249 cpu=cpu1 user=554 nice=0 system=1879 idle=94477 iowait=0 irq=22840 softirq=34 steal=0
RT_CPUSTAT sample=250 cpu=cpu0 user=76 nice=0 system=534 idle=126983 iowait=0 irq=263 softirq=48 steal=0
RT_CPUSTAT sample=250 cpu=cpu1 user=558 nice=0 system=1891 idle=94841 iowait=0 irq=22935 softirq=34 steal=0
RT_CPUSTAT sample=251 cpu=cpu0 user=76 nice=0 system=535 idle=127482 iowait=0 irq=264 softirq=48 steal=0
RT_CPUSTAT sample=251 cpu=cpu1 user=561 nice=0 system=1900 idle=95209 iowait=0 irq=23026 softirq=34 steal=0
RT_CPUSTAT sample=252 cpu=cpu0 user=76 nice=0 system=537 idle=127979 iowait=0 irq=265 softirq=49 steal=0
RT_CPUSTAT sample=252 cpu=cpu1 user=564 nice=0 system=1907 idle=95574 iowait=0 irq=23121 softirq=34 steal=0
RT_CPUSTAT sample=253 cpu=cpu0 user=76 nice=0 system=538 idle=128478 iowait=0 irq=266 softirq=49 steal=0
RT_CPUSTAT sample=253 cpu=cpu1 user=567 nice=0 system=1918 idle=95942 iowait=0 irq=23213 softirq=35 steal=0
RT_CPUSTAT sample=254 cpu=cpu0 user=77 nice=0 system=539 idle=128975 iowait=0 irq=267 softirq=49 steal=0
RT_CPUSTAT sample=254 cpu=cpu1 user=571 nice=0 system=1928 idle=96304 iowait=0 irq=23308 softirq=35 steal=0
RT_CPUSTAT sample=255 cpu=cpu0 user=77 nice=0 system=540 idle=129474 iowait=0 irq=268 softirq=49 steal=0
RT_CPUSTAT sample=255 cpu=cpu1 user=572 nice=0 system=1933 idle=96673 iowait=0 irq=23399 softirq=35 steal=0
RT_CPUSTAT sample=256 cpu=cpu0 user=77 nice=0 system=542 idle=129971 iowait=0 irq=269 softirq=49 steal=0
RT_CPUSTAT sample=256 cpu=cpu1 user=574 nice=0 system=1944 idle=97039 iowait=0 irq=23492 softirq=35 steal=0
RT_CPUSTAT sample=257 cpu=cpu0 user=77 nice=0 system=543 idle=130470 iowait=0 irq=270 softirq=50 steal=0
RT_CPUSTAT sample=257 cpu=cpu1 user=577 nice=0 system=1952 idle=97406 iowait=0 irq=23585 softirq=35 steal=0
RT_CPUSTAT sample=258 cpu=cpu0 user=77 nice=0 system=545 idle=130967 iowait=0 irq=271 softirq=50 steal=0
RT_CPUSTAT sample=258 cpu=cpu1 user=580 nice=0 system=1960 idle=97774 iowait=0 irq=23678 softirq=35 steal=0
RT_CPUSTAT sample=259 cpu=cpu0 user=78 nice=0 system=545 idle=131466 iowait=0 irq=272 softirq=50 steal=0
RT_CPUSTAT sample=259 cpu=cpu1 user=582 nice=0 system=1967 idle=98145 iowait=0 irq=23767 softirq=35 steal=0
RT_CPUSTAT sample=260 cpu=cpu0 user=78 nice=0 system=548 idle=131964 iowait=0 irq=273 softirq=50 steal=0
RT_CPUSTAT sample=260 cpu=cpu1 user=583 nice=0 system=1974 idle=98519 iowait=0 irq=23853 softirq=35 steal=0
RT_CPUSTAT sample=261 cpu=cpu0 user=78 nice=0 system=549 idle=132463 iowait=0 irq=274 softirq=50 steal=0
RT_CPUSTAT sample=261 cpu=cpu1 user=586 nice=0 system=1981 idle=98888 iowait=0 irq=23943 softirq=36 steal=0
RT_CPUSTAT sample=262 cpu=cpu0 user=78 nice=0 system=550 idle=132960 iowait=0 irq=275 softirq=50 steal=0
RT_CPUSTAT sample=262 cpu=cpu1 user=587 nice=0 system=1987 idle=99255 iowait=0 irq=24036 softirq=36 steal=0
RT_CPUSTAT sample=263 cpu=cpu0 user=78 nice=0 system=551 idle=133459 iowait=0 irq=276 softirq=51 steal=0
RT_CPUSTAT sample=263 cpu=cpu1 user=589 nice=0 system=1996 idle=99622 iowait=0 irq=24129 softirq=36 steal=0
RT_CPUSTAT sample=264 cpu=cpu0 user=79 nice=0 system=552 idle=133956 iowait=0 irq=277 softirq=51 steal=0
RT_CPUSTAT sample=264 cpu=cpu1 user=590 nice=0 system=2001 idle=99989 iowait=0 irq=24222 softirq=36 steal=0
RT_CPUSTAT sample=265 cpu=cpu0 user=79 nice=0 system=552 idle=134455 iowait=0 irq=277 softirq=51 steal=0
RT_CPUSTAT sample=265 cpu=cpu1 user=593 nice=0 system=2009 idle=100357 iowait=0 irq=24315 softirq=36 steal=0
RT_CPUSTAT sample=266 cpu=cpu0 user=80 nice=0 system=554 idle=134952 iowait=0 irq=279 softirq=51 steal=0
RT_CPUSTAT sample=266 cpu=cpu1 user=594 nice=0 system=2015 idle=100726 iowait=0 irq=24407 softirq=36 steal=0
RT_CPUSTAT sample=267 cpu=cpu0 user=81 nice=0 system=554 idle=135451 iowait=0 irq=279 softirq=51 steal=0
RT_CPUSTAT sample=267 cpu=cpu1 user=596 nice=0 system=2023 idle=101099 iowait=0 irq=24493 softirq=36 steal=0
RT_CPUSTAT sample=268 cpu=cpu0 user=81 nice=0 system=555 idle=135948 iowait=0 irq=281 softirq=51 steal=0
RT_CPUSTAT sample=268 cpu=cpu1 user=599 nice=0 system=2033 idle=101470 iowait=0 irq=24581 softirq=37 steal=0
RT_CPUSTAT sample=269 cpu=cpu0 user=82 nice=0 system=556 idle=136447 iowait=0 irq=281 softirq=52 steal=0
RT_CPUSTAT sample=269 cpu=cpu1 user=602 nice=0 system=2042 idle=101840 iowait=0 irq=24671 softirq=37 steal=0
RT_CPUSTAT sample=270 cpu=cpu0 user=82 nice=0 system=558 idle=136945 iowait=0 irq=282 softirq=52 steal=0
RT_CPUSTAT sample=270 cpu=cpu1 user=604 nice=0 system=2050 idle=102208 iowait=0 irq=24762 softirq=37 steal=0
RT_CPUSTAT sample=271 cpu=cpu0 user=83 nice=0 system=558 idle=137444 iowait=0 irq=283 softirq=52 steal=0
RT_CPUSTAT sample=271 cpu=cpu1 user=606 nice=0 system=2058 idle=102580 iowait=0 irq=24850 softirq=37 steal=0
RT_CPUSTAT sample=272 cpu=cpu0 user=83 nice=0 system=560 idle=137941 iowait=0 irq=284 softirq=52 steal=0
RT_CPUSTAT sample=272 cpu=cpu1 user=609 nice=0 system=2068 idle=102946 iowait=0 irq=24943 softirq=37 steal=0
RT_CPUSTAT sample=273 cpu=cpu0 user=83 nice=0 system=561 idle=138439 iowait=0 irq=285 softirq=52 steal=0
RT_CPUSTAT sample=273 cpu=cpu1 user=612 nice=0 system=2076 idle=103318 iowait=0 irq=25031 softirq=37 steal=0
RT_CPUSTAT sample=274 cpu=cpu0 user=84 nice=0 system=563 idle=138937 iowait=0 irq=287 softirq=53 steal=0
RT_CPUSTAT sample=274 cpu=cpu1 user=614 nice=0 system=2083 idle=103683 iowait=0 irq=25125 softirq=37 steal=0
RT_CPUSTAT sample=275 cpu=cpu0 user=84 nice=0 system=564 idle=139436 iowait=0 irq=287 softirq=53 steal=0
RT_CPUSTAT sample=275 cpu=cpu1 user=617 nice=0 system=2092 idle=104049 iowait=0 irq=25218 softirq=38 steal=0
RT_CPUSTAT sample=276 cpu=cpu0 user=84 nice=0 system=566 idle=139933 iowait=0 irq=288 softirq=53 steal=0
RT_CPUSTAT sample=276 cpu=cpu1 user=618 nice=0 system=2098 idle=104415 iowait=0 irq=25311 softirq=38 steal=0
RT_CPUSTAT sample=277 cpu=cpu0 user=84 nice=0 system=567 idle=140432 iowait=0 irq=289 softirq=53 steal=0
RT_CPUSTAT sample=277 cpu=cpu1 user=620 nice=0 system=2103 idle=104780 iowait=0 irq=25406 softirq=38 steal=0
RT_CPUSTAT sample=278 cpu=cpu0 user=84 nice=0 system=568 idle=140929 iowait=0 irq=290 softirq=53 steal=0
RT_CPUSTAT sample=278 cpu=cpu1 user=622 nice=0 system=2108 idle=105146 iowait=0 irq=25498 softirq=38 steal=0
RT_CPUSTAT sample=279 cpu=cpu0 user=84 nice=0 system=570 idle=141428 iowait=0 irq=291 softirq=54 steal=0
RT_CPUSTAT sample=279 cpu=cpu1 user=625 nice=0 system=2116 idle=105516 iowait=0 irq=25590 softirq=38 steal=0
RT_CPUSTAT sample=280 cpu=cpu0 user=84 nice=0 system=572 idle=141925 iowait=0 irq=292 softirq=54 steal=0
RT_CPUSTAT sample=280 cpu=cpu1 user=626 nice=0 system=2126 idle=105883 iowait=0 irq=25683 softirq=38 steal=0
RT_CPUSTAT sample=281 cpu=cpu0 user=84 nice=0 system=573 idle=142424 iowait=0 irq=293 softirq=54 steal=0
RT_CPUSTAT sample=281 cpu=cpu1 user=628 nice=0 system=2133 idle=106249 iowait=0 irq=25776 softirq=38 steal=0
RT_CPUSTAT sample=282 cpu=cpu0 user=85 nice=0 system=575 idle=142921 iowait=0 irq=294 softirq=54 steal=0
RT_CPUSTAT sample=282 cpu=cpu1 user=629 nice=0 system=2141 idle=106619 iowait=0 irq=25866 softirq=39 steal=0
RT_CPUSTAT sample=283 cpu=cpu0 user=85 nice=0 system=575 idle=143420 iowait=0 irq=295 softirq=54 steal=0
RT_CPUSTAT sample=283 cpu=cpu1 user=631 nice=0 system=2153 idle=106985 iowait=0 irq=25959 softirq=39 steal=0
RT_CPUSTAT sample=284 cpu=cpu0 user=85 nice=0 system=577 idle=143917 iowait=0 irq=296 softirq=54 steal=0
RT_CPUSTAT sample=284 cpu=cpu1 user=635 nice=0 system=2164 idle=107349 iowait=0 irq=26053 softirq=39 steal=0
RT_CPUSTAT sample=285 cpu=cpu0 user=85 nice=0 system=578 idle=144416 iowait=0 irq=297 softirq=55 steal=0
RT_CPUSTAT sample=285 cpu=cpu1 user=637 nice=0 system=2175 idle=107715 iowait=0 irq=26145 softirq=39 steal=0
RT_CPUSTAT sample=286 cpu=cpu0 user=86 nice=0 system=580 idle=144913 iowait=0 irq=298 softirq=55 steal=0
RT_CPUSTAT sample=286 cpu=cpu1 user=638 nice=0 system=2181 idle=108086 iowait=0 irq=26234 softirq=39 steal=0
RT_CPUSTAT sample=287 cpu=cpu0 user=86 nice=0 system=581 idle=145412 iowait=0 irq=299 softirq=55 steal=0
RT_CPUSTAT sample=287 cpu=cpu1 user=639 nice=0 system=2187 idle=108461 iowait=0 irq=26319 softirq=39 steal=0
RT_CPUSTAT sample=288 cpu=cpu0 user=86 nice=0 system=583 idle=145910 iowait=0 irq=300 softirq=55 steal=0
RT_CPUSTAT sample=288 cpu=cpu1 user=642 nice=0 system=2193 idle=108831 iowait=0 irq=26408 softirq=39 steal=0
RT_CPUSTAT sample=289 cpu=cpu0 user=86 nice=0 system=584 idle=146409 iowait=0 irq=301 softirq=55 steal=0
RT_CPUSTAT sample=289 cpu=cpu1 user=644 nice=0 system=2200 idle=109200 iowait=0 irq=26498 softirq=39 steal=0
RT_CPUSTAT sample=290 cpu=cpu0 user=87 nice=0 system=585 idle=146906 iowait=0 irq=302 softirq=56 steal=0
RT_CPUSTAT sample=290 cpu=cpu1 user=646 nice=0 system=2204 idle=109565 iowait=0 irq=26591 softirq=40 steal=0
RT_CPUSTAT sample=291 cpu=cpu0 user=87 nice=0 system=586 idle=147405 iowait=0 irq=303 softirq=56 steal=0
RT_CPUSTAT sample=291 cpu=cpu1 user=648 nice=0 system=2212 idle=109933 iowait=0 irq=26682 softirq=40 steal=0
RT_CPUSTAT sample=292 cpu=cpu0 user=89 nice=0 system=587 idle=147902 iowait=0 irq=304 softirq=56 steal=0
RT_CPUSTAT sample=292 cpu=cpu1 user=651 nice=0 system=2219 idle=110301 iowait=0 irq=26774 softirq=40 steal=0
RT_CPUSTAT sample=293 cpu=cpu0 user=89 nice=0 system=588 idle=148401 iowait=0 irq=305 softirq=56 steal=0
RT_CPUSTAT sample=293 cpu=cpu1 user=654 nice=0 system=2228 idle=110666 iowait=0 irq=26868 softirq=40 steal=0
RT_CPUSTAT sample=294 cpu=cpu0 user=91 nice=0 system=589 idle=148898 iowait=0 irq=306 softirq=56 steal=0
RT_CPUSTAT sample=294 cpu=cpu1 user=655 nice=0 system=2238 idle=111031 iowait=0 irq=26963 softirq=40 steal=0
RT_CPUSTAT sample=295 cpu=cpu0 user=91 nice=0 system=590 idle=149397 iowait=0 irq=307 softirq=56 steal=0
RT_CPUSTAT sample=295 cpu=cpu1 user=657 nice=0 system=2245 idle=111397 iowait=0 irq=27057 softirq=40 steal=0
RT_CPUSTAT sample=296 cpu=cpu0 user=91 nice=0 system=591 idle=149894 iowait=0 irq=308 softirq=57 steal=0
RT_CPUSTAT sample=296 cpu=cpu1 user=660 nice=0 system=2251 idle=111768 iowait=0 irq=27145 softirq=40 steal=0
RT_CPUSTAT sample=297 cpu=cpu0 user=91 nice=0 system=592 idle=150393 iowait=0 irq=309 softirq=57 steal=0
RT_CPUSTAT sample=297 cpu=cpu1 user=662 nice=0 system=2257 idle=112135 iowait=0 irq=27238 softirq=41 steal=0
RT_CPUSTAT sample=298 cpu=cpu0 user=91 nice=0 system=594 idle=150891 iowait=0 irq=310 softirq=57 steal=0
RT_CPUSTAT sample=298 cpu=cpu1 user=663 nice=0 system=2263 idle=112504 iowait=0 irq=27328 softirq=41 steal=0
RT_CPUSTAT sample=299 cpu=cpu0 user=91 nice=0 system=595 idle=151390 iowait=0 irq=311 softirq=57 steal=0
RT_CPUSTAT sample=299 cpu=cpu1 user=667 nice=0 system=2270 idle=112877 iowait=0 irq=27415 softirq=41 steal=0
RT_CPUSTAT sample=300 cpu=cpu0 user=91 nice=0 system=597 idle=151887 iowait=0 irq=312 softirq=57 steal=0
RT_CPUSTAT sample=300 cpu=cpu1 user=669 nice=0 system=2275 idle=113249 iowait=0 irq=27503 softirq=41 steal=0
RT_CPUSTAT sample=301 cpu=cpu0 user=91 nice=0 system=597 idle=152386 iowait=0 irq=313 softirq=57 steal=0
RT_CPUSTAT sample=301 cpu=cpu1 user=670 nice=0 system=2282 idle=113618 iowait=0 irq=27594 softirq=41 steal=0
RT_CPUSTAT sample=302 cpu=cpu0 user=92 nice=0 system=599 idle=152883 iowait=0 irq=314 softirq=58 steal=0
RT_CPUSTAT sample=302 cpu=cpu1 user=672 nice=0 system=2289 idle=113987 iowait=0 irq=27685 softirq=41 steal=0
RT_CPUSTAT sample=303 cpu=cpu0 user=92 nice=0 system=600 idle=153382 iowait=0 irq=315 softirq=58 steal=0
RT_CPUSTAT sample=303 cpu=cpu1 user=674 nice=0 system=2298 idle=114354 iowait=0 irq=27778 softirq=42 steal=0
RT_CPUSTAT sample=304 cpu=cpu0 user=93 nice=0 system=601 idle=153879 iowait=0 irq=316 softirq=58 steal=0
RT_CPUSTAT sample=304 cpu=cpu1 user=677 nice=0 system=2305 idle=114723 iowait=0 irq=27870 softirq=42 steal=0
RT_CPUSTAT sample=305 cpu=cpu0 user=93 nice=0 system=602 idle=154377 iowait=0 irq=317 softirq=58 steal=0
RT_CPUSTAT sample=305 cpu=cpu1 user=680 nice=0 system=2309 idle=115094 iowait=0 irq=27961 softirq=42 steal=0
RT_CPUSTAT sample=306 cpu=cpu0 user=93 nice=0 system=603 idle=154875 iowait=0 irq=318 softirq=58 steal=0
RT_CPUSTAT sample=306 cpu=cpu1 user=681 nice=0 system=2315 idle=115462 iowait=0 irq=28053 softirq=42 steal=0
RT_CPUSTAT sample=307 cpu=cpu0 user=94 nice=0 system=604 idle=155374 iowait=0 irq=319 softirq=59 steal=0
RT_CPUSTAT sample=307 cpu=cpu1 user=684 nice=0 system=2323 idle=115833 iowait=0 irq=28142 softirq=42 steal=0
RT_CPUSTAT sample=308 cpu=cpu0 user=94 nice=0 system=605 idle=155871 iowait=0 irq=320 softirq=59 steal=0
RT_CPUSTAT sample=308 cpu=cpu1 user=686 nice=0 system=2327 idle=116203 iowait=0 irq=28233 softirq=42 steal=0
RT_CPUSTAT sample=309 cpu=cpu0 user=95 nice=0 system=606 idle=156370 iowait=0 irq=321 softirq=59 steal=0
RT_CPUSTAT sample=309 cpu=cpu1 user=688 nice=0 system=2333 idle=116571 iowait=0 irq=28324 softirq=42 steal=0
RT_CPUSTAT sample=310 cpu=cpu0 user=95 nice=0 system=608 idle=156867 iowait=0 irq=322 softirq=59 steal=0
RT_CPUSTAT sample=310 cpu=cpu1 user=690 nice=0 system=2344 idle=116938 iowait=0 irq=28417 softirq=42 steal=0
RT_CPUSTAT sample=311 cpu=cpu0 user=95 nice=0 system=608 idle=157366 iowait=0 irq=323 softirq=59 steal=0
RT_CPUSTAT sample=311 cpu=cpu1 user=692 nice=0 system=2352 idle=117308 iowait=0 irq=28506 softirq=43 steal=0
RT_CPUSTAT sample=312 cpu=cpu0 user=95 nice=0 system=611 idle=157864 iowait=0 irq=324 softirq=60 steal=0
RT_CPUSTAT sample=312 cpu=cpu1 user=694 nice=0 system=2359 idle=117681 iowait=0 irq=28593 softirq=43 steal=0
RT_CPUSTAT sample=313 cpu=cpu0 user=95 nice=0 system=612 idle=158362 iowait=0 irq=324 softirq=60 steal=0
RT_CPUSTAT sample=313 cpu=cpu1 user=696 nice=0 system=2366 idle=118049 iowait=0 irq=28685 softirq=43 steal=0
RT_CPUSTAT sample=314 cpu=cpu0 user=95 nice=0 system=614 idle=158860 iowait=0 irq=326 softirq=60 steal=0
RT_CPUSTAT sample=314 cpu=cpu1 user=697 nice=0 system=2373 idle=118417 iowait=0 irq=28777 softirq=43 steal=0
RT_CPUSTAT sample=315 cpu=cpu0 user=95 nice=0 system=615 idle=159358 iowait=0 irq=327 softirq=60 steal=0
RT_CPUSTAT sample=315 cpu=cpu1 user=698 nice=0 system=2380 idle=118782 iowait=0 irq=28871 softirq=43 steal=0
RT_CPUSTAT sample=316 cpu=cpu0 user=96 nice=0 system=616 idle=159856 iowait=0 irq=328 softirq=60 steal=0
RT_CPUSTAT sample=316 cpu=cpu1 user=700 nice=0 system=2387 idle=119153 iowait=0 irq=28960 softirq=43 steal=0
RT_CPUSTAT sample=317 cpu=cpu0 user=96 nice=0 system=617 idle=160355 iowait=0 irq=328 softirq=60 steal=0
RT_CPUSTAT sample=317 cpu=cpu1 user=702 nice=0 system=2397 idle=119523 iowait=0 irq=29049 softirq=43 steal=0
RT_CPUSTAT sample=318 cpu=cpu0 user=97 nice=0 system=619 idle=160852 iowait=0 irq=330 softirq=61 steal=0
RT_CPUSTAT sample=318 cpu=cpu1 user=704 nice=0 system=2406 idle=119890 iowait=0 irq=29142 softirq=44 steal=0
RT_CPUSTAT sample=319 cpu=cpu0 user=97 nice=0 system=619 idle=161351 iowait=0 irq=330 softirq=61 steal=0
RT_CPUSTAT sample=319 cpu=cpu1 user=707 nice=0 system=2415 idle=120258 iowait=0 irq=29236 softirq=44 steal=0
RT_CPUSTAT sample=320 cpu=cpu0 user=97 nice=0 system=621 idle=161848 iowait=0 irq=331 softirq=61 steal=0
RT_CPUSTAT sample=320 cpu=cpu1 user=707 nice=0 system=2421 idle=120629 iowait=0 irq=29323 softirq=44 steal=0
RT_CPUSTAT sample=321 cpu=cpu0 user=98 nice=0 system=622 idle=162347 iowait=0 irq=332 softirq=61 steal=0
RT_CPUSTAT sample=321 cpu=cpu1 user=711 nice=0 system=2430 idle=120998 iowait=0 irq=29413 softirq=44 steal=0
RT_CPUSTAT sample=322 cpu=cpu0 user=98 nice=0 system=623 idle=162844 iowait=0 irq=333 softirq=61 steal=0
RT_CPUSTAT sample=322 cpu=cpu1 user=714 nice=0 system=2438 idle=121365 iowait=0 irq=29507 softirq=44 steal=0
RT_CPUSTAT sample=323 cpu=cpu0 user=98 nice=0 system=624 idle=163343 iowait=0 irq=334 softirq=62 steal=0
RT_CPUSTAT sample=323 cpu=cpu1 user=716 nice=0 system=2445 idle=121731 iowait=0 irq=29600 softirq=44 steal=0
RT_CPUSTAT sample=324 cpu=cpu0 user=99 nice=0 system=626 idle=163840 iowait=0 irq=335 softirq=62 steal=0
RT_CPUSTAT sample=324 cpu=cpu1 user=718 nice=0 system=2451 idle=122099 iowait=0 irq=29692 softirq=45 steal=0
RT_CPUSTAT sample=325 cpu=cpu0 user=99 nice=0 system=627 idle=164339 iowait=0 irq=336 softirq=62 steal=0
RT_CPUSTAT sample=325 cpu=cpu1 user=720 nice=0 system=2462 idle=122464 iowait=0 irq=29784 softirq=45 steal=0
RT_CPUSTAT sample=326 cpu=cpu0 user=99 nice=0 system=629 idle=164836 iowait=0 irq=337 softirq=62 steal=0
RT_CPUSTAT sample=326 cpu=cpu1 user=723 nice=0 system=2469 idle=122833 iowait=0 irq=29875 softirq=45 steal=0
RT_CPUSTAT sample=327 cpu=cpu0 user=99 nice=0 system=630 idle=165335 iowait=0 irq=338 softirq=62 steal=0
RT_CPUSTAT sample=327 cpu=cpu1 user=725 nice=0 system=2477 idle=123198 iowait=0 irq=29968 softirq=45 steal=0
RT_CPUSTAT sample=328 cpu=cpu0 user=99 nice=0 system=631 idle=165833 iowait=0 irq=339 softirq=63 steal=0
RT_CPUSTAT sample=328 cpu=cpu1 user=727 nice=0 system=2484 idle=123567 iowait=0 irq=30059 softirq=45 steal=0
RT_CPUSTAT sample=329 cpu=cpu0 user=99 nice=0 system=632 idle=166331 iowait=0 irq=340 softirq=63 steal=0
RT_CPUSTAT sample=329 cpu=cpu1 user=730 nice=0 system=2494 idle=123934 iowait=0 irq=30152 softirq=45 steal=0
RT_CPUSTAT sample=330 cpu=cpu0 user=99 nice=0 system=634 idle=166829 iowait=0 irq=341 softirq=63 steal=0
RT_CPUSTAT sample=330 cpu=cpu1 user=733 nice=0 system=2503 idle=124303 iowait=0 irq=30243 softirq=45 steal=0
RT_CPUSTAT sample=331 cpu=cpu0 user=99 nice=0 system=635 idle=167328 iowait=0 irq=342 softirq=63 steal=0
RT_CPUSTAT sample=331 cpu=cpu1 user=734 nice=0 system=2508 idle=124671 iowait=0 irq=30335 softirq=46 steal=0
RT_CPUSTAT sample=332 cpu=cpu0 user=100 nice=0 system=636 idle=167825 iowait=0 irq=343 softirq=63 steal=0
RT_CPUSTAT sample=332 cpu=cpu1 user=738 nice=0 system=2517 idle=125027 iowait=0 irq=30434 softirq=46 steal=0
RT_CPUSTAT sample=333 cpu=cpu0 user=100 nice=0 system=637 idle=168324 iowait=0 irq=344 softirq=64 steal=0
RT_CPUSTAT sample=333 cpu=cpu1 user=742 nice=0 system=2526 idle=125391 iowait=0 irq=30529 softirq=46 steal=0
RT_CPUSTAT sample=334 cpu=cpu0 user=100 nice=0 system=639 idle=168821 iowait=0 irq=345 softirq=64 steal=0
RT_CPUSTAT sample=334 cpu=cpu1 user=743 nice=0 system=2533 idle=125756 iowait=0 irq=30622 softirq=46 steal=0
RT_CPUSTAT sample=335 cpu=cpu0 user=101 nice=0 system=639 idle=169320 iowait=0 irq=346 softirq=64 steal=0
RT_CPUSTAT sample=335 cpu=cpu1 user=744 nice=0 system=2539 idle=126121 iowait=0 irq=30716 softirq=46 steal=0
RT_CPUSTAT sample=336 cpu=cpu0 user=102 nice=0 system=640 idle=169817 iowait=0 irq=347 softirq=64 steal=0
RT_CPUSTAT sample=336 cpu=cpu1 user=746 nice=0 system=2544 idle=126488 iowait=0 irq=30808 softirq=46 steal=0
RT_CPUSTAT sample=337 cpu=cpu0 user=102 nice=0 system=641 idle=170316 iowait=0 irq=347 softirq=64 steal=0
RT_CPUSTAT sample=337 cpu=cpu1 user=749 nice=0 system=2551 idle=126856 iowait=0 irq=30900 softirq=46 steal=0
RT_CPUSTAT sample=338 cpu=cpu0 user=102 nice=0 system=643 idle=170813 iowait=0 irq=349 softirq=65 steal=0
RT_CPUSTAT sample=338 cpu=cpu1 user=751 nice=0 system=2559 idle=127222 iowait=0 irq=30992 softirq=47 steal=0
RT_CPUSTAT sample=339 cpu=cpu0 user=103 nice=0 system=643 idle=171312 iowait=0 irq=350 softirq=65 steal=0
RT_CPUSTAT sample=339 cpu=cpu1 user=754 nice=0 system=2568 idle=127587 iowait=0 irq=31087 softirq=47 steal=0
RT_CPUSTAT sample=340 cpu=cpu0 user=103 nice=0 system=645 idle=171809 iowait=0 irq=351 softirq=65 steal=0
RT_CPUSTAT sample=340 cpu=cpu1 user=756 nice=0 system=2579 idle=127951 iowait=0 irq=31182 softirq=47 steal=0
RT_CPUSTAT sample=341 cpu=cpu0 user=103 nice=0 system=646 idle=172308 iowait=0 irq=352 softirq=65 steal=0
RT_CPUSTAT sample=341 cpu=cpu1 user=757 nice=0 system=2585 idle=128319 iowait=0 irq=31274 softirq=47 steal=0
RT_CPUSTAT sample=342 cpu=cpu0 user=103 nice=0 system=648 idle=172805 iowait=0 irq=353 softirq=65 steal=0
RT_CPUSTAT sample=342 cpu=cpu1 user=761 nice=0 system=2593 idle=128683 iowait=0 irq=31369 softirq=47 steal=0
RT_CPUSTAT sample=343 cpu=cpu0 user=103 nice=0 system=649 idle=173304 iowait=0 irq=353 softirq=65 steal=0
RT_CPUSTAT sample=343 cpu=cpu1 user=763 nice=0 system=2599 idle=129054 iowait=0 irq=31457 softirq=47 steal=0
RT_CPUSTAT sample=344 cpu=cpu0 user=103 nice=0 system=650 idle=173802 iowait=0 irq=355 softirq=66 steal=0
RT_CPUSTAT sample=344 cpu=cpu1 user=765 nice=0 system=2605 idle=129429 iowait=0 irq=31542 softirq=48 steal=0
RT_CPUSTAT sample=345 cpu=cpu0 user=103 nice=0 system=652 idle=174301 iowait=0 irq=355 softirq=66 steal=0
RT_CPUSTAT sample=345 cpu=cpu1 user=766 nice=0 system=2611 idle=129796 iowait=0 irq=31634 softirq=48 steal=0
RT_CPUSTAT sample=346 cpu=cpu0 user=103 nice=0 system=653 idle=174798 iowait=0 irq=356 softirq=66 steal=0
RT_CPUSTAT sample=346 cpu=cpu1 user=767 nice=0 system=2615 idle=130169 iowait=0 irq=31721 softirq=48 steal=0
RT_CPUSTAT sample=347 cpu=cpu0 user=103 nice=0 system=655 idle=175297 iowait=0 irq=357 softirq=66 steal=0
RT_CPUSTAT sample=347 cpu=cpu1 user=770 nice=0 system=2622 idle=130536 iowait=0 irq=31814 softirq=48 steal=0
RT_CPUSTAT sample=348 cpu=cpu0 user=103 nice=0 system=657 idle=175794 iowait=0 irq=358 softirq=66 steal=0
RT_CPUSTAT sample=348 cpu=cpu1 user=772 nice=0 system=2628 idle=130907 iowait=0 irq=31903 softirq=48 steal=0
RT_CPUSTAT sample=349 cpu=cpu0 user=104 nice=0 system=657 idle=176293 iowait=0 irq=359 softirq=66 steal=0
RT_CPUSTAT sample=349 cpu=cpu1 user=775 nice=0 system=2634 idle=131275 iowait=0 irq=31994 softirq=48 steal=0
RT_CPUSTAT sample=350 cpu=cpu0 user=104 nice=0 system=659 idle=176790 iowait=0 irq=360 softirq=67 steal=0
RT_CPUSTAT sample=350 cpu=cpu1 user=776 nice=0 system=2646 idle=131642 iowait=0 irq=32085 softirq=48 steal=0
RT_CPUSTAT sample=351 cpu=cpu0 user=104 nice=0 system=660 idle=177289 iowait=0 irq=361 softirq=67 steal=0
RT_CPUSTAT sample=351 cpu=cpu1 user=780 nice=0 system=2654 idle=132009 iowait=0 irq=32178 softirq=48 steal=0
RT_CPUSTAT sample=352 cpu=cpu0 user=104 nice=0 system=662 idle=177787 iowait=0 irq=362 softirq=67 steal=0
RT_CPUSTAT sample=352 cpu=cpu1 user=782 nice=0 system=2663 idle=132376 iowait=0 irq=32269 softirq=49 steal=0
RT_CPUSTAT sample=353 cpu=cpu0 user=104 nice=0 system=662 idle=178286 iowait=0 irq=363 softirq=67 steal=0
RT_CPUSTAT sample=353 cpu=cpu1 user=784 nice=0 system=2673 idle=132743 iowait=0 irq=32363 softirq=49 steal=0
RT_CPUSTAT sample=354 cpu=cpu0 user=105 nice=0 system=665 idle=178783 iowait=0 irq=364 softirq=67 steal=0
RT_CPUSTAT sample=354 cpu=cpu1 user=786 nice=0 system=2681 idle=133110 iowait=0 irq=32456 softirq=49 steal=0
RT_CPUSTAT sample=355 cpu=cpu0 user=105 nice=0 system=666 idle=179282 iowait=0 irq=365 softirq=68 steal=0
RT_CPUSTAT sample=355 cpu=cpu1 user=788 nice=0 system=2691 idle=133476 iowait=0 irq=32549 softirq=49 steal=0
RT_CPUSTAT sample=356 cpu=cpu0 user=106 nice=0 system=667 idle=179779 iowait=0 irq=366 softirq=68 steal=0
RT_CPUSTAT sample=356 cpu=cpu1 user=791 nice=0 system=2699 idle=133842 iowait=0 irq=32644 softirq=49 steal=0
RT_CPUSTAT sample=357 cpu=cpu0 user=106 nice=0 system=668 idle=180278 iowait=0 irq=367 softirq=68 steal=0
RT_CPUSTAT sample=357 cpu=cpu1 user=795 nice=0 system=2704 idle=134210 iowait=0 irq=32735 softirq=49 steal=0
RT_CPUSTAT sample=358 cpu=cpu0 user=107 nice=0 system=669 idle=180775 iowait=0 irq=368 softirq=68 steal=0
RT_CPUSTAT sample=358 cpu=cpu1 user=796 nice=0 system=2711 idle=134578 iowait=0 irq=32827 softirq=49 steal=0
RT_CPUSTAT sample=359 cpu=cpu0 user=107 nice=0 system=670 idle=181274 iowait=0 irq=369 softirq=68 steal=0
RT_CPUSTAT sample=359 cpu=cpu1 user=798 nice=0 system=2717 idle=134947 iowait=0 irq=32919 softirq=49 steal=0
RT_CPUSTAT sample=360 cpu=cpu0 user=107 nice=0 system=674 idle=181492 iowait=0 irq=370 softirq=69 steal=0
RT_CPUSTAT sample=360 cpu=cpu1 user=801 nice=0 system=2719 idle=135419 iowait=0 irq=32937 softirq=50 steal=0
RT_CPUSTAT sample=361 cpu=cpu0 user=108 nice=0 system=676 idle=181635 iowait=0 irq=371 softirq=69 steal=0
RT_CPUSTAT sample=361 cpu=cpu1 user=801 nice=0 system=2719 idle=135984 iowait=0 irq=32937 softirq=50 steal=0
RT_CPUSTAT sample=362 cpu=cpu0 user=108 nice=0 system=680 idle=181788 iowait=0 irq=371 softirq=69 steal=0
RT_CPUSTAT sample=362 cpu=cpu1 user=801 nice=0 system=2719 idle=136637 iowait=0 irq=32937 softirq=50 steal=0
RT_CPUSTAT sample=363 cpu=cpu0 user=108 nice=0 system=938 idle=181788 iowait=0 irq=388 softirq=69 steal=0
RT_CPUSTAT sample=363 cpu=cpu1 user=801 nice=0 system=2719 idle=137139 iowait=0 irq=32937 softirq=50 steal=0
RT_CPUSTAT sample=364 cpu=cpu0 user=108 nice=0 system=1193 idle=181788 iowait=0 irq=404 softirq=69 steal=0
RT_CPUSTAT sample=364 cpu=cpu1 user=801 nice=0 system=2719 idle=137663 iowait=0 irq=32937 softirq=50 steal=0
RT_INIT_DONE scenario=idle
[ 1887.169618] reboot: Power down
[37m[1890.552441 2:17 axvm::runtime::hvc:352] [33mVM[1] PSCI_SYSTEM_OFF[m
[m[37m[1890.552672 2:17 axvm::vm:1360] [32mStopping VM[1]: SystemDown[m
[m
[37m[1890.553089 2:17 axvm::runtime::vcpus:800] [33mVM[1] VCpu[0] stopping because of VM stopping[m[Axvisor] VM[1] stopped; returning to the management shell
[m[37m[1890.553162 3:22 axvm::runtime::vcpus:800] [33mVM[1] VCpu[1] stopping because of VM stopping[m

[m
[2Kaxvisor:$ [37m[1890.836724 2:17 axvm::runtime::vcpus:838] [32mVM[1] VCpu[0] exiting...[m
[m[37m[1890.836764 3:22 axvm::runtime::vcpus:807] [32mVM[1] VCpu[1] last VCpu exiting, decreasing running VM count[m
[m[37m[1890.837808 3:22 axvm::runtime::vcpus:817] [32mVM[1] state changed to Stopped[m
[m[37m[1890.837981 3:22 axvm::runtime::vcpus:838] [32mVM[1] VCpu[1] exiting...[m
[m
[2Kaxvisor:$ v
[2Kaxvisor:$ vm
[2Kaxvisor:$ vme
[2Kaxvisor:$ vmex
[2Kaxvisor:$ vmexi
[2Kaxvisor:$ vmexit
[2Kaxvisor:$ vmexit 
[2Kaxvisor:$ vmexit s
[2Kaxvisor:$ vmexit st
[2Kaxvisor:$ vmexit sta
[2Kaxvisor:$ vmexit stat

--- linux-final ---
VM-exit counters per physical CPU (12 reasons):
  cpu         irq     timer      mmio       wfi   hvc-smc    sysreg    gic-if       sgi    cpu-up  sys-down   nothing     other
    1       17200     16803     77811     16802         -         -         -         -         -         -         -         -
    2   27178@14.1/s 19479@10.1/s350825@173.8/s1885090@1016.4/s     8@0.0/s         -         -   125@0.0/s         -         -        11         -
    3  1829839@986.4/s1816901@979.5/s        521707216@919.9/s         -         -         -  2642@1.4/s         -         -         2         -
Host periodic scheduler ticks (event-driven timer IRQs excluded):
  cpu   0:     186226 (98.725/s)
  cpu   1:     186233 (98.730/s)
  cpu   2:     186224 (98.726/s)
  cpu   3:     186223 (98.726/s)
axvisor:$ rt_experiment end_ns=1786820860074342195 elapsed_ms=1907716
