rt_experiment scenario=idle mode=duration start_ns=1786813172046922289 expected_runtime_sec=900
[host_monotonic_s=124221.937490] VM Load @PA:0x40200000
[host_monotonic_s=124221.937628] VM Load Offset: 0xffff0000c0200000
[host_monotonic_s=124221.938978] Memory Map:
[host_monotonic_s=124221.940254]   Free   0x00000040000000 - 0x00000040200000 (2 MiB)
[host_monotonic_s=124221.940287]   KImg   0x00000040200000 - 0x00000044c00000 (74 MiB)
[host_monotonic_s=124221.941462]   Free   0x00000044c00000 - 0x00000240000000 (7.93 GiB)
[host_monotonic_s=124221.941499] Initialize RAM allocator: 0x44c00000..0x240000000
[host_monotonic_s=124221.969916] Reserving CPU-local areas
[host_monotonic_s=124221.971989] CPU-local area stride: 0x44000 bytes
[host_monotonic_s=124221.972152] Total CPU-local allocation: 0x110000 bytes (4 CPUs)
[host_monotonic_s=124221.972278] Flushed RAM used range to memory map: 0x44c00000..0x44d00000, current: 0x44d00000
[host_monotonic_s=124221.972399] Flushed RAM used range to memory map: 0x44d00000..0x44e10000, current: 0x44e10000
[host_monotonic_s=124221.973736] CPU-local areas allocated at 0x44d00000 - 0x44e10000
[host_monotonic_s=124221.973739] EL: 2
[host_monotonic_s=124221.973758] Mapping early memory regions...
[host_monotonic_s=124221.974496] Ram                 : [0x0000000040000000, 0x0000000240000000) -> [0x0000000040000000, 0x0000000240000000) (8 GiB)
[host_monotonic_s=124221.974941] KImage              : [0x0000ffff80000000, 0x0000ffff84a00000) -> [0x0000000040200000, 0x0000000044c00000) (74 MiB)
[host_monotonic_s=124221.975226] PerCpu              : [0x0000ff0044d00000, 0x0000ff0044e10000) -> [0x0000000044d00000, 0x0000000044e10000) (1.06 MiB)
[host_monotonic_s=124221.975439] Debug serial        : [0x0000000009000000, 0x0000000009001000) -> [0x0000000009000000, 0x0000000009001000) (4 KiB)
[host_monotonic_s=124221.975556] Boot page table at physical address: PA:0x44e10000
[host_monotonic_s=124221.975597] Setting up table registers...
[host_monotonic_s=124221.975739] MMU Entry point at physical address: 0x403bc1bc
[host_monotonic_s=124221.980179] Trap vector at 0xffff801c0000
[host_monotonic_s=124221.980455] Memory Map:
[host_monotonic_s=124221.981671]   MMIO   0x00000009000000 - 0x00000009001000 (4 KiB)
[host_monotonic_s=124221.981733]   Free   0x00000040000000 - 0x00000040200000 (2 MiB)
[host_monotonic_s=124221.981890]   KImg   0x00000040200000 - 0x00000044c00000 (74 MiB)
[host_monotonic_s=124221.981907]   Rsv    0x00000044c00000 - 0x00000044d00000 (1 MiB)
[host_monotonic_s=124221.982939]   PerCPU 0x00000044d00000 - 0x00000044e10000 (1.06 MiB)
[host_monotonic_s=124221.982954]   Rsv    0x00000044e10000 - 0x00000044e1a000 (40 KiB)
[host_monotonic_s=124221.983348]   Free   0x00000044e1a000 - 0x00000240000000 (7.92 GiB)
[host_monotonic_s=124221.987104] Jumping to main entry point at 0xffff801a413c with SP 0x0000ff0044d44000
[host_monotonic_s=124221.988687] 
[host_monotonic_s=124221.988690]        d8888                            .d88888b.   .d8888b.
[host_monotonic_s=124221.988709]       d88888                           d88P" "Y88b d88P  Y88b
[host_monotonic_s=124221.988758]      d88P888                           888     888 Y88b.
[host_monotonic_s=124221.988821]     d88P 888 888d888  .d8888b  .d88b.  888     888  "Y888b.
[host_monotonic_s=124221.988881]    d88P  888 888P"   d88P"    d8P  Y8b 888     888     "Y88b.
[host_monotonic_s=124221.988943]   d88P   888 888     888      88888888 888     888       "888
[host_monotonic_s=124221.989014]  d8888888888 888     Y88b.    Y8b.     Y88b. .d88P Y88b  d88P
[host_monotonic_s=124221.989078] d88P     888 888      "Y8888P  "Y8888   "Y88888P"   "Y8888P"
[host_monotonic_s=124221.989102] 
[host_monotonic_s=124221.989528] arch = aarch64
[host_monotonic_s=124221.989530] platform = linux,dummy-virt
[host_monotonic_s=124221.989531] target = aarch64-unknown-none-softfloat
[host_monotonic_s=124221.989531] build_mode = 
[host_monotonic_s=124221.989532] log_level = info
[host_monotonic_s=124221.989545] backtrace = false
[host_monotonic_s=124221.989639] smp = 4
[host_monotonic_s=124221.989641] 
[host_monotonic_s=124221.990216] [37m[  0.058557 ax_runtime:220] [32mLogging is enabled.[m
[host_monotonic_s=124221.990267] [m[37m[  0.058957 ax_runtime:221] [32mPrimary CPU 0 started, arg = 0x44c00000.[m
[host_monotonic_s=124221.990375] [m[37m[  0.059065 ax_runtime:223] [32mFound physcial memory regions:[m
[host_monotonic_s=124221.991563] [m[37m[  0.059954 ax_runtime:225] [32m  [PA:0x9000000, PA:0x9001000) mmio (READ | WRITE | DEVICE | RESERVED)[m
[host_monotonic_s=124221.991681] [m[37m[  0.060320 ax_runtime:225] [32m  [PA:0x40000000, PA:0x40200000) free memory (READ | WRITE | FREE)[m
[host_monotonic_s=124221.991810] [m[37m[  0.060466 ax_runtime:225] [32m  [PA:0x40200000, PA:0x44c00000) reserved (READ | WRITE | EXECUTE | RESERVED)[m
[host_monotonic_s=124221.991936] [m[37m[  0.060594 ax_runtime:225] [32m  [PA:0x44c00000, PA:0x44d00000) reserved (READ | WRITE | EXECUTE | RESERVED)[m
[host_monotonic_s=124221.992065] [m[37m[  0.060719 ax_runtime:225] [32m  [PA:0x44d00000, PA:0x44e10000) reserved (READ | WRITE | EXECUTE | RESERVED)[m
[host_monotonic_s=124221.992263] [m[37m[  0.060850 ax_runtime:225] [32m  [PA:0x44e10000, PA:0x44e1a000) reserved (READ | WRITE | EXECUTE | RESERVED)[m
[host_monotonic_s=124221.992311] [m[37m[  0.060978 ax_runtime:225] [32m  [PA:0x44e1a000, PA:0x240000000) free memory (READ | WRITE | FREE)[m
[host_monotonic_s=124221.992421] [m[37m[  0.061112 ax_runtime:375] [32mInitialize global memory allocator...[m
[host_monotonic_s=124221.992523] [m[37m[  0.061218 ax_runtime:376] [32m  use buddy-slab-allocator allocator.[m
[host_monotonic_s=124221.992779] [m[37m[  0.061423 ax_alloc::buddy_slab:158] [32mInitialize global memory allocator, start_vaddr: 0x44e1a000, size: 0x1fb1e6000[m
[host_monotonic_s=124222.000104] [m[37m[  0.068690 ax_alloc::buddy_slab:424] [32mglobal allocator initialized[m
[host_monotonic_s=124222.000228] [m[37m[  0.068883 ax_alloc::buddy_slab:168] [32mAdd memory region, start_vaddr: 0x40000000, size: 0x200000[m
[host_monotonic_s=124222.000504] [m[37m[  0.069071 buddy_slab_allocator::global:151] [32mGlobalAllocator: skip region 0x40000000+0x200000, no allocator-visible memory after 2097152 alignment[m
[host_monotonic_s=124222.000811] [m[37m[  0.069482 ax_runtime:260] [32mkernel aspace: [VA:0x0, VA:0xffffffffffffffff)[m
[host_monotonic_s=124222.000973] [m[37m[  0.069665 ax_mm:103] [32mInitialize virtual memory management...[m
[host_monotonic_s=124222.802311] [m[37m[  0.663119 ax_runtime:272] [32mInitialize platform devices...[m
[host_monotonic_s=124222.802324] [m[37m[  0.669793 someboot::arch::power:23] [32mPower management method : SMC[m
[host_monotonic_s=124222.802328] [m[37m[  0.669991 somehal::driver:5] [32mInitializing rdrive with FDT at 0x44c00000[m
[host_monotonic_s=124222.802445] [m[37m[  0.682969 somehal::arch::gic::v3:274] [32mGICv3 CPU 0 EOI mode: two_step=true[m
[host_monotonic_s=124222.816814] [m[37m[  0.885428 ax_task::api:158] [32mInitialize scheduling...[m
[host_monotonic_s=124222.818164] [m[37m[  0.886755 ax_task::api:166] [32m  use FIFO scheduler.[m
[host_monotonic_s=124222.818426] [m[37m[  0.887121 ax_runtime:300] [32mInitialize interrupt handlers...[m
[host_monotonic_s=124222.820998] [m[37m[  0.889660 ax_runtime::devices:2] [32mProbe platform devices...[m
[host_monotonic_s=124222.834746] [m[37m[  0.903356 somehal::arch::gic::v3:274] [32mGICv3 CPU 1 EOI mode: two_step=true[m
[host_monotonic_s=124222.834982] [m[37m[  0.903672 ax_runtime::mp:79] [32mSecondary CPU 1 started.[m
[host_monotonic_s=124222.835680] [m[37m[  0.904307 ax_runtime::mp:110] [32mSecondary CPU 1 init OK.[m
[host_monotonic_s=124222.845367] [m[37m[  0.913916 somehal::arch::gic::v3:274] [32mGICv3 CPU 2 EOI mode: two_step=true[m
[host_monotonic_s=124222.845553] [m[37m[  0.914175 ax_runtime::mp:79] [32mSecondary CPU 2 started.[m
[host_monotonic_s=124222.845898] [m[37m[  0.914514 ax_runtime::mp:110] [32mSecondary CPU 2 init OK.[m
[host_monotonic_s=124222.856554] [m[37m[  0.925127 somehal::arch::gic::v3:274] [32mGICv3 CPU 3 EOI mode: two_step=true[m
[host_monotonic_s=124222.856736] [m[37m[  0.925360 ax_runtime::mp:79] [32mSecondary CPU 3 started.[m
[host_monotonic_s=124222.856838] [m[37m[  0.925427 ax_runtime:348] [32mPrimary CPU 0 init OK.[m
[host_monotonic_s=124222.857249] [m[37m[  0.925859 ax_runtime::mp:110] [32mSecondary CPU 3 init OK.[m
[host_monotonic_s=124222.859223] [m
[host_monotonic_s=124222.859422] 
[host_monotonic_s=124222.859424]        d8888            888     888  d8b
[host_monotonic_s=124222.859446]       d88888            888     888  Y8P
[host_monotonic_s=124222.859488]      d88P888            888     888
[host_monotonic_s=124222.859565]     d88P 888  888  888  Y88b   d88P  888  .d8888b    .d88b.   888d888
[host_monotonic_s=124222.859639]    d88P  888  `Y8bd8P'   Y88b d88P   888  88K       d88""88b  888P"
[host_monotonic_s=124222.859710]   d88P   888    X88K      Y88o88P    888  "Y8888b.  888  888  888
[host_monotonic_s=124222.859779]  d8888888888  .d8""8b.     Y888P     888       X88  Y88..88P  888
[host_monotonic_s=124222.859852] d88P     888  888  888      Y8P      888   88888P'   "Y88P"   888
[host_monotonic_s=124222.859871] 
[host_monotonic_s=124222.859966] 
[host_monotonic_s=124222.859968] by AxVisor Team
[host_monotonic_s=124222.859969] 
[host_monotonic_s=124222.860145] [37m[  0.928792 0:2 axvisor:80] [32mStarting virtualization...[m
[host_monotonic_s=124222.860357] [m[37m[  0.929002 0:2 axvm::host::arceos:330] [32mEnabling hardware virtualization support on all cores...[m
[host_monotonic_s=124222.860557] [m[37m[  0.929197 0:2 axvm::host::arceos:336] [32mCore 0 is initializing hardware virtualization support...[m
[host_monotonic_s=124222.860770] [m[37m[  0.929453 0:2 axvm::timer:349] [32mInitializing AxVM timer wheel...[m
[host_monotonic_s=124222.866071] [m[37m[  0.934698 0:2 axvm::host::arceos:338] [32mHardware virtualization support enabled on core 0[m
[host_monotonic_s=124222.866878] [m[37m[  0.935490 0:2 axvm::host::arceos:361] [32mWaiting for all cores to enable hardware virtualization...[m
[host_monotonic_s=124222.867709] [m[37m[  0.936292 1:11 axvm::host::arceos:348] [32mCore 1 is initializing hardware virtualization support...[m
[host_monotonic_s=124222.867879] [m[37m[  0.936297 3:13 axvm::host::arceos:348] [32mCore 3 is initializing hardware virtualization support...[m
[host_monotonic_s=124222.867994] [m[37m[  0.936499 1:11 axvm::timer:349] [32mInitializing AxVM timer wheel...[m
[host_monotonic_s=124222.868184] [m[37m[  0.936318 2:12 axvm::host::arceos:348] [32mCore 2 is initializing hardware virtualization support...[m
[host_monotonic_s=124222.868310] [m[37m[  0.936664 3:13 axvm::timer:349] [32mInitializing AxVM timer wheel...[m
[host_monotonic_s=124222.868448] [m[37m[  0.936974 2:12 axvm::timer:349] [32mInitializing AxVM timer wheel...[m
[host_monotonic_s=124222.868619] [m[37m[  0.937225 3:13 axvm::host::arceos:351] [32mHardware virtualization support enabled on core 3[m
[host_monotonic_s=124222.868768] [m[37m[  0.937240 1:11 axvm::host::arceos:351] [32mHardware virtualization support enabled on core 1[m
[host_monotonic_s=124222.868928] [m[37m[  0.937408 2:12 axvm::host::arceos:351] [32mHardware virtualization support enabled on core 2[m
[host_monotonic_s=124222.869131] [m[37m[  0.937765 0:2 axvm::host::arceos:372] [32mAll cores have enabled hardware virtualization support.[m
[host_monotonic_s=124222.869396] [m[37m[  0.938073 0:2 axvisor::config:91] [32mUsing static VM configs.[m
[host_monotonic_s=124222.887966] [m[37m[  0.955342 0:2 axvm::arch::aarch64::fdt::core:79] [32mVM[1] virtual GIC follows host firmware resources: GuestGicProfile { compatible: "arm,gic-v3", node_path: "/intc@8000000", node_phandle: Some(32773), distributor: GuestMmioRegion { base: 134217728, length: 65536 }, cpu_region: Redistributors(GuestGicRedistributorProfile { regions: [GuestMmioRegion { base: 134873088, length: 16121856 }], stride: 131072 }), its: [GuestItsProfile { id: ItsId(0), node_path: "/intc@8000000/its@8080000", node_phandle: Some(32774), registers: GuestMmioRegion { base: 134742016, length: 131072 } }] }[m
[host_monotonic_s=124222.889459] [m[37m[  0.958077 0:2 axvm::arch::aarch64::fdt::core:93] [32mVM[1] architectural timer follows host firmware PPIs[m
[host_monotonic_s=124222.893470] [m[37m[  0.962081 0:2 axvm::arch::aarch64::fdt::core::parser:442] [32mCPU node: /cpus/cpu@0, node_id: 0x0, hardware_cpu_id: 0x0[m
[host_monotonic_s=124222.893646] [m[37m[  0.962291 0:2 axvm::arch::aarch64::fdt::core::parser:442] [32mCPU node: /cpus/cpu@1, node_id: 0x1, hardware_cpu_id: 0x1[m
[host_monotonic_s=124222.893831] [m[37m[  0.962474 0:2 axvm::arch::aarch64::fdt::core::parser:442] [32mCPU node: /cpus/cpu@2, node_id: 0x2, hardware_cpu_id: 0x2[m
[host_monotonic_s=124222.893983] [m[37m[  0.962629 0:2 axvm::arch::aarch64::fdt::core::parser:442] [32mCPU node: /cpus/cpu@3, node_id: 0x3, hardware_cpu_id: 0x3[m
[host_monotonic_s=124222.894182] [m[37m[  0.962848 0:2 axvm::arch::aarch64::fdt::core::parser:449] [32mFound 4 host CPU nodes[m
[host_monotonic_s=124222.894757] [m[37m[  0.963339 0:2 axvm::arch::aarch64::fdt::core:144] [32mVM[1] DTB not found, generating from the VM configuration[m
[host_monotonic_s=124222.905557] [m[37m[  0.974083 0:2 axvm::arch::aarch64::fdt::core::device:96] [32mFound excluded devices: ["/intc@8000000", "/pl011@9000000", "/timer", "/intc@8000000/its@8080000"][m
[host_monotonic_s=124222.915867] [m[37m[  0.984394 0:2 axvm::arch::aarch64::fdt::core::device:96] [32mFound excluded devices: ["/intc@8000000", "/pl011@9000000", "/timer", "/intc@8000000/its@8080000"][m
[host_monotonic_s=124222.916786] [m[37m[  0.985410 0:2 axvisor::config:258] [32mCreating VM[1] "rt-partition-linux"[m
[host_monotonic_s=124222.933258] [m[37m[  1.001894 0:2 axvm::vm:1044] [32mVM created: id=1[m
[host_monotonic_s=124223.985010] [m[37m[  2.053549 0:2 axvisor::config:270] [32mVM[1] created success, loading images...[m
[host_monotonic_s=124224.285676] [m[37m[  2.161126 0:2 axvm::boot::images:137] [32mLoading ramdisk image from memory (19620641 bytes) into GPA @0x84000000[m
[host_monotonic_s=124224.285692] [m[37m[  2.215923 0:2 axdevice::device:1232] [32mDeviceRuntime: registered device id=0[m
[host_monotonic_s=124224.286134] [m[37m[  2.216415 0:2 axdevice::device:1232] [32mDeviceRuntime: registered device id=1[m
[host_monotonic_s=124224.287148] [m[37m[  2.355391 0:2 axdevice::device:1232] [32mDeviceRuntime: registered device id=2[m
[host_monotonic_s=124224.294744] [m[37m[  2.363231 0:2 axdevice::device:1232] [32mDeviceRuntime: registered device id=3[m
[host_monotonic_s=124224.298407] [m[37m[  2.367009 0:2 axdevice::device:1232] [32mDeviceRuntime: registered device id=4[m
[host_monotonic_s=124224.302355] [m[37m[  2.370974 0:2 axvm::vm::prepare:82] [32mVM setup: id=1[m
[host_monotonic_s=124224.305309] [m[37m[  2.373440 0:2 axvm::arch::aarch64::fdt::core:79] [32mVM[2] virtual GIC follows host firmware resources: GuestGicProfile { compatible: "arm,gic-v3", node_path: "/intc@8000000", node_phandle: Some(32773), distributor: GuestMmioRegion { base: 134217728, length: 65536 }, cpu_region: Redistributors(GuestGicRedistributorProfile { regions: [GuestMmioRegion { base: 134873088, length: 16121856 }], stride: 131072 }), its: [GuestItsProfile { id: ItsId(0), node_path: "/intc@8000000/its@8080000", node_phandle: Some(32774), registers: GuestMmioRegion { base: 134742016, length: 131072 } }] }[m
[host_monotonic_s=124224.305604] [m[37m[  2.374194 0:2 axvm::arch::aarch64::fdt::core:93] [32mVM[2] architectural timer follows host firmware PPIs[m
[host_monotonic_s=124224.309030] [m[37m[  2.377626 0:2 axvm::arch::aarch64::fdt::core::parser:442] [32mCPU node: /cpus/cpu@0, node_id: 0x0, hardware_cpu_id: 0x0[m
[host_monotonic_s=124224.309167] [m[37m[  2.377799 0:2 axvm::arch::aarch64::fdt::core::parser:442] [32mCPU node: /cpus/cpu@1, node_id: 0x1, hardware_cpu_id: 0x1[m
[host_monotonic_s=124224.309333] [m[37m[  2.377966 0:2 axvm::arch::aarch64::fdt::core::parser:442] [32mCPU node: /cpus/cpu@2, node_id: 0x2, hardware_cpu_id: 0x2[m
[host_monotonic_s=124224.309493] [m[37m[  2.378131 0:2 axvm::arch::aarch64::fdt::core::parser:442] [32mCPU node: /cpus/cpu@3, node_id: 0x3, hardware_cpu_id: 0x3[m
[host_monotonic_s=124224.309651] [m[37m[  2.378314 0:2 axvm::arch::aarch64::fdt::core::parser:449] [32mFound 4 host CPU nodes[m
[host_monotonic_s=124224.309783] [m[37m[  2.378431 0:2 axvm::arch::aarch64::fdt::core:144] [32mVM[2] DTB not found, generating from the VM configuration[m
[host_monotonic_s=124224.316536] [m[37m[  2.385126 0:2 axvm::arch::aarch64::fdt::core::device:96] [32mFound excluded devices: ["/intc@8000000", "/pl011@9000000", "/timer", "/intc@8000000/its@8080000"][m
[host_monotonic_s=124224.320840] [m[37m[  2.389424 0:2 axvm::arch::aarch64::fdt::core::device:96] [32mFound excluded devices: ["/intc@8000000", "/pl011@9000000", "/timer", "/intc@8000000/its@8080000"][m
[host_monotonic_s=124224.321214] [m[37m[  2.389882 0:2 axvisor::config:258] [32mCreating VM[2] "rt-partition-zephyr"[m
[host_monotonic_s=124224.322294] [m[37m[  2.390927 0:2 axvm::vm:1044] [32mVM created: id=2[m
[host_monotonic_s=124225.123467] [m[37m[  2.949486 0:2 axvisor::config:270] [32mVM[2] created success, loading images...[m
[host_monotonic_s=124225.123483] [m[37m[  2.953424 0:2 axdevice::device:1232] [32mDeviceRuntime: registered device id=0[m
[host_monotonic_s=124225.123486] [m[37m[  2.953554 0:2 axdevice::device:1232] [32mDeviceRuntime: registered device id=1[m
[host_monotonic_s=124225.124740] [m[37m[  3.192213 0:2 axdevice::device:1232] [32mDeviceRuntime: registered device id=2[m
[host_monotonic_s=124225.125640] [m[37m[  3.193932 0:2 axdevice::device:1232] [32mDeviceRuntime: registered device id=3[m
[host_monotonic_s=124225.126488] [m[37m[  3.194865 0:2 axvm::vm::prepare:82] [32mVM setup: id=2[m
[host_monotonic_s=124225.129036] [m[37m[  3.197492 0:2 axvm::runtime:51] [32mInitializing VMM...[m
[host_monotonic_s=124225.131670] [m[37m[  3.200178 0:2 axvm::runtime:62] [32mVMM starting, booting VMs...[m
[host_monotonic_s=124225.132305] [m[37m[  3.200878 0:2 axvm::vm:1259] [32mStarting VM[1][m
[host_monotonic_s=124225.132929] [m[37m[  3.201448 0:2 axvm::runtime::vcpus:609] [32mSpawning task for VM[1] VCpu[0][m
[host_monotonic_s=124225.134080] [m[37m[  3.202459 0:2 axvm::runtime::vcpus:627] [32mVCpu task Task(17, "VM[1]-VCpu[0]") created cpumask: [2, ][m
[host_monotonic_s=124225.139488] [m[37m[  3.208108 0:2 axvm::runtime:70] [32mVM[1] boot success[m
[host_monotonic_s=124225.139538] [m[37m[  3.208188 2:17 axvm::runtime::vcpus:681] [32mVM[1] VCpu[0] waiting for running[m
[host_monotonic_s=124225.139610] [m[37m[  3.208211 0:2 axvm::vm:1259] [32mStarting VM[2][m
[host_monotonic_s=124225.139718] [m[37m[  3.208397 0:2 axvm::runtime::vcpus:609] [32mSpawning task for VM[2] VCpu[0][m
[host_monotonic_s=124225.139876] [m[37m[  3.208523 0:2 axvm::runtime::vcpus:627] [32mVCpu task Task(19, "VM[2]-VCpu[0]") created cpumask: [1, ][m
[host_monotonic_s=124225.139973] [m[37m[  3.208611 2:17 axvm::runtime::vcpus:719] [32mVM[1] VCpu[0] running...[m
[host_monotonic_s=124225.140092] [m[37m[  3.208761 0:2 axvm::runtime:70] [32mVM[2] boot success[m
[host_monotonic_s=124225.140330] [m[37m[  3.208877 1:19 axvm::runtime::vcpus:681] [32mVM[2] VCpu[0] waiting for running[m
[host_monotonic_s=124225.140567] [m[37m[  3.209129 1:19 axvm::runtime::vcpus:719] [32mVM[2] VCpu[0] running...[m
[host_monotonic_s=124225.142610] [m[37m[  3.211240 0:2 axvisor:98] [32m[OK] Default guest initialized[m
[host_monotonic_s=124225.179602] [m[VM 2] *** Booting Zephyr OS build v3.7.0 ***
[host_monotonic_s=124225.182096] [37m[  3.250680 2:17 axvm::runtime::hvc:258] [32mVM[1] PSCI_FEATURES function_id=0x80000000[m
[host_monotonic_s=124225.183086] [m[37m[  3.251679 2:17 axvm::runtime::hvc:258] [32mVM[1] PSCI_FEATURES function_id=0xc4000001[m
[host_monotonic_s=124225.183218] [m[VM 2] PERIODIC LATENCY READY
[host_monotonic_s=124225.183470] [37m[  3.252089 2:17 axvm::runtime::hvc:258] [32mVM[1] PSCI_FEATURES function_id=0xc400000e[m
[host_monotonic_s=124225.183741] [m[37m[  3.252394 2:17 axvm::runtime::hvc:258] [32mVM[1] PSCI_FEATURES function_id=0xc4000012[m
[host_monotonic_s=124225.184031] [m[37m[  3.252641 2:17 axvm::runtime::hvc:258] [32mVM[1] PSCI_FEATURES function_id=0xc4000015[m
[host_monotonic_s=124225.365044] [m[37m[  3.433560 2:17 axvm::runtime::hvc:272] [32mVM[1] PSCI_CPU_ON target=0x1 entry=0x8228158c context=0x0[m
[host_monotonic_s=124225.365751] [m[37m[  3.434370 2:17 axvm::runtime::vcpus:609] [32mSpawning task for VM[1] VCpu[1][m
[host_monotonic_s=124225.365976] [m[37m[  3.434610 2:17 axvm::runtime::vcpus:627] [32mVCpu task Task(22, "VM[1]-VCpu[1]") created cpumask: [3, ][m
[host_monotonic_s=124225.366841] [m[37m[  3.435432 3:22 axvm::runtime::vcpus:681] [32mVM[1] VCpu[1] waiting for running[m
[host_monotonic_s=124225.367376] [m[37m[  3.436003 3:22 axvm::runtime::vcpus:719] [32mVM[1] VCpu[1] running...[m
[host_monotonic_s=124225.586297] [m[VM 1] [    0.000000] Booting Linux on physical CPU 0x0000000000 [0x410fd083]
[host_monotonic_s=124225.622510] [VM 1] [    0.000000] Linux version 7.1.0-rc2-g74fe02ce122a (runner@s1lqc) (aarch64-linux-gnu-gcc (Ubuntu 13.3.0-6ubuntu2~24.04) 13.3.0, GNU ld (GNU Binutils for Ubuntu) 2.42) #2 SMP PREEMPT Mon Jun  8 08:07:46 UTC 2026
[host_monotonic_s=124225.631411] [VM 1] [    0.000000] KASLR disabled due to lack of seed
[host_monotonic_s=124225.639561] [VM 1] [    0.000000] Machine model: linux,dummy-virt
[host_monotonic_s=124225.646319] [VM 1] [    0.000000] efi: UEFI not found.
[host_monotonic_s=124225.660441] [VM 1] [    0.000000] OF: reserved mem: Reserved memory: No reserved-memory node in the DT
[host_monotonic_s=124225.674055] [VM 1] [    0.000000] NUMA: Faking a node at [mem 0x0000000080000000-0x00000000bfffffff]
[host_monotonic_s=124225.686118] [VM 1] [    0.000000] NODE_DATA(0) allocated [mem 0xbfe08940-0xbfe0b03f]
[host_monotonic_s=124225.696313] [VM 1] [    0.000000] cma: Reserved 32 MiB at 0x00000000bde00000
[host_monotonic_s=124225.706595] [VM 1] [    0.000000] psci: probing for conduit method from DT.
[host_monotonic_s=124225.715644] [VM 1] [    0.000000] psci: PSCIv1.1 detected in firmware.
[host_monotonic_s=124225.726705] [VM 1] [    0.000000] psci: Using standard PSCI v0.2 function IDs
[host_monotonic_s=124225.736320] [VM 1] [    0.000000] psci: Trusted OS migration not required
[host_monotonic_s=124225.746736] [VM 1] [    0.000000] psci: SMC Calling Convention v65535.65535
[host_monotonic_s=124225.752316] [VM 1] [    0.000000] Zone ranges:
[host_monotonic_s=124225.764086] [VM 1] [    0.000000]   DMA      [mem 0x0000000080000000-0x00000000bfffffff]
[host_monotonic_s=124225.770225] [VM 1] [    0.000000]   DMA32    empty
[host_monotonic_s=124225.776154] [VM 1] [    0.000000]   Normal   empty
[host_monotonic_s=124225.784722] [VM 1] [    0.000000] Movable zone start for each node
[host_monotonic_s=124225.791839] [VM 1] [    0.000000] Early memory node ranges
[host_monotonic_s=124225.808245] [VM 1] [    0.000000]   node   0: [mem 0x0000000080000000-0x00000000bfffffff]
[host_monotonic_s=124225.822502] [VM 1] [    0.000000] Initmem setup node 0 [mem 0x0000000080000000-0x00000000bfffffff]
[host_monotonic_s=124225.838296] [VM 1] [    0.000000] percpu: Embedded 26 pages/cpu s66584 r8192 d31720 u106496
[host_monotonic_s=124226.139071] [VM 1] [    0.000000] Detected PIPT I-cache on CPU0
[host_monotonic_s=124226.139089] [VM 1] [    0.000000] CPU features: detected: GICv3 CPU interface
[host_monotonic_s=124226.139093] [VM 1] [    0.000000] CPU features: detected: Spectre-v2
[host_monotonic_s=124226.139097] [VM 1] [    0.000000] CPU features: detected: Spectre-v3a
[host_monotonic_s=124226.139100] [VM 1] [    0.000000] CPU features: detected: Spectre-v4
[host_monotonic_s=124226.155034] [VM 1] [    0.000000] CPU features: detected: Spectre-BHB
[host_monotonic_s=124226.165301] [VM 1] [    0.000000] CPU features: detected: ARM erratum 1742098
[host_monotonic_s=124226.178988] [VM 1] [    0.000000] CPU features: detected: ARM errata 1165522, 1319367, or 1530923
[host_monotonic_s=124226.188736] [VM 1] [    0.000000] alternatives: applying boot alternatives
[host_monotonic_s=124226.232290] [VM 1] [    0.000000] Kernel command line: console=ttyAMA0 devtmpfs.mount=1 loglevel=7 isolcpus=1 nohz_full=1 irqaffinity=0 rt_scenario=idle rt_cpu=1 rt_load_cpu=0 rt_loops=0 rt_duration_sec=900 rt_interval_us=1000 rt_maxlat_us=20000 rt_priority=90 rt_start_delay_sec=25
[host_monotonic_s=124226.244986] [VM 1] [    0.000000] Housekeeping: nohz unsupported. Build with CONFIG_NO_HZ_FULL
[host_monotonic_s=124226.284977] [VM 1] [    0.000000] Unknown kernel command line parameters "nohz_full=1 rt_scenario=idle rt_cpu=1 rt_load_cpu=0 rt_loops=0 rt_duration_sec=900 rt_interval_us=1000 rt_maxlat_us=20000 rt_priority=90 rt_start_delay_sec=25", will be passed to user space.
[host_monotonic_s=124226.298542] [VM 1] [    0.000000] printk: log buffer data + meta data: 131072 + 458752 = 589824 bytes
[host_monotonic_s=124226.313137] [VM 1] [    0.000000] Dentry cache hash table entries: 131072 (order: 8, 1048576 bytes, linear)
[host_monotonic_s=124226.327558] [VM 1] [    0.000000] Inode-cache hash table entries: 65536 (order: 7, 524288 bytes, linear)
[host_monotonic_s=124226.339924] [VM 1] [    0.000000] software IO TLB: SWIOTLB bounce buffer size adjusted to 1MB
[host_monotonic_s=124226.348529] [VM 1] [    0.000000] software IO TLB: area num 2.
[host_monotonic_s=124226.363690] [VM 1] [    0.000000] software IO TLB: mapped [mem 0x00000000bcb00000-0x00000000bcc00000] (1MB)
[host_monotonic_s=124226.371748] [VM 1] [    0.000000] Fallback order for Node 0: 0 
[host_monotonic_s=124226.387033] [VM 1] [    0.000000] Built 1 zonelists, mobility grouping on.  Total pages: 262144
[host_monotonic_s=124226.393225] [VM 1] [    0.000000] Policy zone: DMA
[host_monotonic_s=124226.693760] [VM 1] [    0.000000] mem auto-init: stack:all(zero), heap alloc:off, heap free:off
[host_monotonic_s=124226.693776] [VM 1] [    0.000000] SLUB: HWalign=64, Order=0-3, MinObjects=0, CPUs=2, Nodes=1
[host_monotonic_s=124226.693779] [VM 1] [    0.000000] rcu: Preemptible hierarchical RCU implementation.
[host_monotonic_s=124226.693946] [VM 1] [    0.000000] rcu: 	RCU event tracing is enabled.
[host_monotonic_s=124226.717492] [VM 1] [    0.000000] rcu: 	RCU restricting CPUs from NR_CPUS=512 to nr_cpu_ids=2.
[host_monotonic_s=124226.727711] [VM 1] [    0.000000] 	Trampoline variant of Tasks RCU enabled.
[host_monotonic_s=124226.738028] [VM 1] [    0.000000] 	Tracing variant of Tasks RCU enabled.
[host_monotonic_s=124226.753240] [VM 1] [    0.000000] rcu: RCU calculated value of scheduler-enlistment delay is 25 jiffies.
[host_monotonic_s=124226.766549] [VM 1] [    0.000000] rcu: Adjusting geometry for rcu_fanout_leaf=16, nr_cpu_ids=2
[host_monotonic_s=124226.783645] [VM 1] [    0.000000] RCU Tasks: Setting shift to 1 and lim to 1 rcu_task_cb_adjust=1 rcu_task_cpu_ids=2.
[host_monotonic_s=124226.794506] [VM 1] [    0.000000] NR_IRQS: 64, nr_irqs: 64, preallocated irqs: 0
[host_monotonic_s=124226.802237] [VM 1] [    0.000000] GICv3: 256 SPIs implemented
[host_monotonic_s=124226.810709] [VM 1] [    0.000000] GICv3: 0 Extended SPIs implemented
[host_monotonic_s=124226.819105] [VM 1] [    0.000000] Root IRQ handler: gic_handle_irq
[host_monotonic_s=124226.828062] [VM 1] [    0.000000] GICv3: GICv3 features: 16 PPIs, RSS
[host_monotonic_s=124226.839695] [VM 1] [    0.000000] GICv3: GICD_CTLR.DS=0, SCR_EL3.FIQ=0
[host_monotonic_s=124226.852857] [VM 1] [    0.000000] GICv3: CPU0: found redistributor 0 region 0:0x00000000080a0000
[host_monotonic_s=124226.861128] [VM 1] [    0.000000] ITS [mem 0x08080000-0x0809ffff]
[host_monotonic_s=124226.878599] [VM 1] [    0.000000] ITS@0x0000000008080000: allocated 8192 Devices @83860000 (indirect, esz 8, psz 64K, shr 1)
[host_monotonic_s=124226.898365] [VM 1] [    0.000000] ITS@0x0000000008080000: allocated 8192 Interrupt Collections @83870000 (flat, esz 8, psz 64K, shr 1)
[host_monotonic_s=124226.909621] [VM 1] [    0.000000] GICv3: using LPI property table @0x0000000083880000
[host_monotonic_s=124226.923661] [VM 1] [    0.000000] GICv3: CPU0: using allocated LPI pending table @0x0000000083890000
[host_monotonic_s=124226.937166] [VM 1] [    0.000000] rcu: srcu_init: Setting srcu_struct sizes based on contention.
[host_monotonic_s=124226.948104] [VM 1] [    0.000000] arch_timer: cp15 timer running at 62.50MHz (virt).
[host_monotonic_s=124227.248597] [VM 1] [    0.000000] clocksource: arch_sys_counter: mask: 0x1ffffffffffffff max_cycles: 0x1cd42e208c, max_idle_ns: 881590405314 ns
[host_monotonic_s=124227.248614] [VM 1] [    0.000062] sched_clock: 57 bits at 63MHz, resolution 16ns, wraps every 4398046511096ns
[host_monotonic_s=124227.248698] [VM 1] [    0.009112] Console: colour dummy device 80x25
[host_monotonic_s=124227.275429] [VM 1] [    0.012593] Calibrating delay loop (skipped), value calculated using timer frequency.. 125.00 BogoMIPS (lpj=250000)
[host_monotonic_s=124227.288682] [VM 1] [    0.012703] pid_max: default: 32768 minimum: 301
[host_monotonic_s=124227.302692] [VM 1] [    0.017142] Mount-cache hash table entries: 2048 (order: 2, 16384 bytes, linear)
[host_monotonic_s=124227.317560] [VM 1] [    0.017179] Mountpoint-cache hash table entries: 2048 (order: 2, 16384 bytes, linear)
[host_monotonic_s=124227.327265] [VM 1] [    0.026196] VFS: Finished mounting rootfs on nullfs
[host_monotonic_s=124227.338996] [VM 1] [    0.048517] cacheinfo: Unable to detect cache hierarchy for CPU 0
[host_monotonic_s=124227.348227] [VM 1] [    0.060775] rcu: Hierarchical SRCU implementation.
[host_monotonic_s=124227.358430] [VM 1] [    0.060811] rcu: 	Max phase no-delay instances is 1000.
[host_monotonic_s=124227.379853] [VM 1] [    0.061760] Timer migration: 1 hierarchy levels; 8 children per group; 1 crossnode level
[host_monotonic_s=124227.389547] [VM 1] [    0.064936] fsl-mc MSI: its@8080000 domain created
[host_monotonic_s=124227.399043] [VM 1] [    0.065980] EFI services will not be available.
[host_monotonic_s=124227.408016] [VM 1] [    0.066848] smp: Bringing up secondary CPUs ...
[host_monotonic_s=124227.416118] [VM 1] [    0.074473] Detected PIPT I-cache on CPU1
[host_monotonic_s=124227.429873] [VM 1] [    0.075873] GICv3: CPU1: found redistributor 1 region 0:0x00000000080c0000
[host_monotonic_s=124227.443662] [VM 1] [    0.077986] GICv3: CPU1: using allocated LPI pending table @0x00000000838a0000
[host_monotonic_s=124227.457517] [VM 1] [    0.080297] CPU1: Booted secondary processor 0x0000000001 [0x410fd083]
[host_monotonic_s=124227.465442] [VM 1] [    0.087613] smp: Brought up 1 node, 2 CPUs
[host_monotonic_s=124227.474448] [VM 1] [    0.087648] SMP: Total of 2 processors activated.
[host_monotonic_s=124227.482238] [VM 1] [    0.087673] CPU: All CPU(s) started at EL1
[host_monotonic_s=124227.492135] [VM 1] [    0.087931] CPU features: detected: 32-bit EL0 Support
[host_monotonic_s=124227.502051] [VM 1] [    0.087942] CPU features: detected: 32-bit EL1 Support
[host_monotonic_s=124227.802666] [VM 1] [    0.087994] CPU features: detected: CRC32 instructions
[host_monotonic_s=124227.802682] [VM 1] [    0.088157] CPU features: detected: PMUv3
[host_monotonic_s=124227.802685] [VM 1] [    0.099690] alternatives: applying system-wide alternatives
[host_monotonic_s=124227.803408] [VM 1] [    0.129841] Memory: 919888K/1048576K available (18688K kernel code, 5242K rwdata, 14480K rodata, 12672K init, 718K bss, 92528K reserved, 32768K cma-reserved)
[host_monotonic_s=124227.817923] [VM 1] [    0.157943] devtmpfs: initialized
[host_monotonic_s=124227.836151] [VM 1] [    0.176838] clocksource: jiffies: mask: 0xffffffff max_cycles: 0xffffffff, max_idle_ns: 7645041785100000 ns
[host_monotonic_s=124227.850253] [VM 1] [    0.177337] posixtimers hash table entries: 1024 (order: 2, 16384 bytes, linear)
[host_monotonic_s=124227.867113] [VM 1] [    0.177586] futex hash table entries: 512 (32768 bytes on 1 NUMA nodes, total 32 KiB, linear).
[host_monotonic_s=124227.876572] [VM 1] [    0.182581] 19744 pages in range for non-PLT usage
[host_monotonic_s=124227.885087] [VM 1] [    0.182629] 511264 pages in range for PLT usage
[host_monotonic_s=124227.892627] [VM 1] [    0.196380] DMI: not present or invalid.
[host_monotonic_s=124227.903668] [VM 1] [    0.221346] NET: Registered PF_NETLINK/PF_ROUTE protocol family
[host_monotonic_s=124227.918979] [VM 1] [    0.235604] DMA: preallocated 128 KiB GFP_KERNEL|GFP_DMA pool for atomic allocations
[host_monotonic_s=124227.929606] [VM 1] [    0.235929] audit: initializing netlink subsys (disabled)
[host_monotonic_s=124227.944029] [VM 1] [    0.242132] audit: type=2000 audit(0.204:1): state=initialized audit_enabled=0 res=1
[host_monotonic_s=124227.959961] [VM 1] [    0.242957] thermal_sys: Registered thermal governor 'step_wise'
[host_monotonic_s=124227.972248] [VM 1] [    0.242989] thermal_sys: Registered thermal governor 'power_allocator'
[host_monotonic_s=124227.980149] [VM 1] [    0.243444] cpuidle: using governor menu
[host_monotonic_s=124227.993724] [VM 1] [    0.244480] hw-breakpoint: found 6 breakpoint and 4 watchpoint registers.
[host_monotonic_s=124228.003969] [VM 1] [    0.245496] ASID allocator initialised with 65536 entries
[host_monotonic_s=124228.012043] [VM 1] [    0.251583] Serial: AMBA PL011 UART driver
[host_monotonic_s=124228.028614] [VM 1] [    0.274734] 9000000.pl011: ttyAMA0 at MMIO 0x9000000 (irq = 13, base_baud = 0) is a PL011 rev1
[host_monotonic_s=124228.037504] [VM 1] [    0.278907] printk: console [ttyAMA0] enabled
[host_monotonic_s=124228.051264] [VM 1] [    1.408854] HugeTLB: registered 1.00 GiB page size, pre-allocated 0 pages
[host_monotonic_s=124228.063686] [VM 1] [    1.408885] HugeTLB: 0 KiB vmemmap can be freed for a 1.00 GiB page
[host_monotonic_s=124228.364215] [VM 1] [    1.408909] HugeTLB: registered 32.0 MiB page size, pre-allocated 0 pages
[host_monotonic_s=124228.364227] [VM 1] [    1.408913] HugeTLB: 0 KiB vmemmap can be freed for a 32.0 MiB page
[host_monotonic_s=124228.364229] [VM 1] [    1.408918] HugeTLB: registered 2.00 MiB page size, pre-allocated 0 pages
[host_monotonic_s=124228.364361] [VM 1] [    1.408921] HugeTLB: 0 KiB vmemmap can be freed for a 2.00 MiB page
[host_monotonic_s=124228.384384] [VM 1] [    1.408926] HugeTLB: registered 64.0 KiB page size, pre-allocated 0 pages
[host_monotonic_s=124228.397278] [VM 1] [    1.408929] HugeTLB: 0 KiB vmemmap can be freed for a 64.0 KiB page
[host_monotonic_s=124228.407998] [VM 1] [    3.106554] ACPI: Interpreter disabled.
[host_monotonic_s=124228.425354] [VM 1] [    3.121438] iommu: Default domain type: Translated
[host_monotonic_s=124228.438654] [VM 1] [    3.132563] iommu: DMA domain TLB invalidation policy: strict mode
[host_monotonic_s=124228.450606] [VM 1] [    3.148921] SCSI subsystem initialized
[host_monotonic_s=124228.465810] [VM 1] [    3.160740] usbcore: registered new interface driver usbfs
[host_monotonic_s=124228.477874] [VM 1] [    3.173534] usbcore: registered new interface driver hub
[host_monotonic_s=124228.488925] [VM 1] [    3.185174] usbcore: registered new device driver usb
[host_monotonic_s=124228.501075] [VM 1] [    3.196970] pps_core: LinuxPPS API ver. 1 registered
[host_monotonic_s=124228.519914] [VM 1] [    3.208210] pps_core: Software ver. 5.3.6 - Copyright 2005-2007 Rodolfo Giometti <giometti@linux.it>
[host_monotonic_s=124228.529042] [VM 1] [    3.227081] PTP clock support registered
[host_monotonic_s=124228.537321] [VM 1] [    3.236798] EDAC MC: Ver: 3.0.0
[host_monotonic_s=124228.550072] [VM 1] [    3.245836] scmi_core: SCMI protocol bus registered
[host_monotonic_s=124228.560196] [VM 1] [    3.259326] FPGA manager framework
[host_monotonic_s=124228.577656] [VM 1] [    3.278184] vgaarb: loaded
[host_monotonic_s=124228.596394] [VM 1] [    3.289814] clocksource: Switched to clocksource arch_sys_counter
[host_monotonic_s=124228.608349] [VM 1] [    3.305509] VFS: Disk quotas dquot_6.6.0
[host_monotonic_s=124228.924344] [VM 1] [    3.315733] VFS: Dquot-cache hash table entries: 512 (order 0, 4096 bytes)
[host_monotonic_s=124228.924361] [VM 1] [    3.332993] pnp: PnP ACPI: disabled
[host_monotonic_s=124228.924365] [VM 1] [    3.362083] NET: Registered PF_INET protocol family
[host_monotonic_s=124228.924369] [VM 1] [    3.374847] IP idents hash table entries: 16384 (order: 5, 131072 bytes, linear)
[host_monotonic_s=124228.924499] [VM 1] [    3.393393] tcp_listen_portaddr_hash hash table entries: 512 (order: 1, 8192 bytes, linear)
[host_monotonic_s=124228.945978] [VM 1] [    3.393466] Table-perturb hash table entries: 65536 (order: 6, 262144 bytes, linear)
[host_monotonic_s=124228.962940] [VM 1] [    3.654302] TCP established hash table entries: 8192 (order: 4, 65536 bytes, linear)
[host_monotonic_s=124228.978351] [VM 1] [    3.670304] TCP bind hash table entries: 8192 (order: 6, 262144 bytes, linear)
[host_monotonic_s=124228.991664] [VM 1] [    3.686034] TCP: Hash tables configured (established 8192 bind 8192)
[host_monotonic_s=124229.005885] [VM 1] [    3.699945] UDP hash table entries: 512 (order: 3, 32768 bytes, linear)
[host_monotonic_s=124229.019864] [VM 1] [    3.715094] NET: Registered PF_UNIX/PF_LOCAL protocol family
[host_monotonic_s=124229.034488] [VM 1] [    3.729457] RPC: Registered named UNIX socket transport module.
[host_monotonic_s=124229.044102] [VM 1] [    3.741942] RPC: Registered udp transport module.
[host_monotonic_s=124229.053999] [VM 1] [    3.751311] RPC: Registered tcp transport module.
[host_monotonic_s=124229.065525] [VM 1] [    3.760963] RPC: Registered tcp-with-tls transport module.
[host_monotonic_s=124229.078121] [VM 1] [    3.760985] RPC: Registered tcp NFSv4.1 backchannel transport module.
[host_monotonic_s=124229.085993] [VM 1] [    3.761091] PCI: CLS 0 bytes, default 64
[host_monotonic_s=124229.097795] [VM 1] [    3.796852] Unpacking initramfs...
[host_monotonic_s=124229.110100] [VM 1] [    3.806775] kvm [1]: HYP mode not available
[host_monotonic_s=124229.122047] [VM 1] [    3.819770] Initialise system trusted keyrings
[host_monotonic_s=124229.146728] [VM 1] [    3.835501] workingset: timestamp_bits=42 (anon: 38) max_order=18 bucket_order=0 (anon: 0)
[host_monotonic_s=124229.163370] [VM 1] [    3.858375] squashfs: version 4.0 (2009/01/31) Phillip Lougher
[host_monotonic_s=124229.183202] [VM 1] [    3.873535] NFS: Registering the id_resolver key type
[host_monotonic_s=124229.483637] [VM 1] [    3.878581] Key type id_resolver registered
[host_monotonic_s=124229.483651] [VM 1] [    3.878903] Key type id_legacy registered
[host_monotonic_s=124229.483655] [VM 1] [    3.879411] nfs4filelayout_init: NFSv4 File Layout Driver Registering...
[host_monotonic_s=124229.483658] [VM 1] [    3.879689] nfs4flexfilelayout_init: NFSv4 Flexfile Layout Driver Registering...
[host_monotonic_s=124229.507602] [VM 1] [    4.196363] 9p: Installing v9fs 9p2000 file system support
[host_monotonic_s=124229.519177] [VM 1] [    4.215834] Key type asymmetric registered
[host_monotonic_s=124229.528418] [VM 1] [    4.216481] Asymmetric key parser 'x509' registered
[host_monotonic_s=124229.542059] [VM 1] [    4.216980] Block layer SCSI generic (bsg) driver version 0.4 loaded (major 244)
[host_monotonic_s=124229.550953] [VM 1] [    4.217390] io scheduler mq-deadline registered
[host_monotonic_s=124229.558908] [VM 1] [    4.258034] io scheduler kyber registered
[host_monotonic_s=124229.567105] [VM 1] [    4.266327] io scheduler bfq registered
[host_monotonic_s=124229.608273] [VM 1] [    4.303278] ledtrig-cpu: registered to indicate activity on CPUs
[host_monotonic_s=124229.706621] [VM 1] [    4.400928] Serial: 8250/16550 driver, 4 ports, IRQ sharing enabled
[host_monotonic_s=124229.731368] [VM 1] [    4.429243] msm_serial: driver initialized
[host_monotonic_s=124229.745680] [VM 1] [    4.443434] SuperH (H)SCI(F) driver initialized
[host_monotonic_s=124230.046135] [VM 1] [    4.453087] STM32 USART driver initialized
[host_monotonic_s=124230.046148] [VM 1] [    4.508958] loop: module loaded
[host_monotonic_s=124230.046150] [VM 1] [    4.523185] megasas: 07.734.00.00-rc1
[host_monotonic_s=124230.046153] [VM 1] [    4.549364] tun: Universal TUN/TAP device driver, 1.6
[host_monotonic_s=124230.046155] [VM 1] [    4.604141] thunder_xcv, ver 1.0
[host_monotonic_s=124230.046157] [VM 1] [    4.611697] thunder_bgx, ver 1.0
[host_monotonic_s=124230.058297] [VM 1] [    4.756537] nicpf, ver 1.0
[host_monotonic_s=124230.076974] [VM 1] [    4.772843] e1000: Intel(R) PRO/1000 Network Driver
[host_monotonic_s=124230.090859] [VM 1] [    4.784187] e1000: Copyright (c) 1999-2006 Intel Corporation.
[host_monotonic_s=124230.100969] [VM 1] [    4.784434] e1000e: Intel(R) PRO/1000 Network Driver
[host_monotonic_s=124230.113084] [VM 1] [    4.784444] e1000e: Copyright(c) 1999 - 2015 Intel Corporation.
[host_monotonic_s=124230.124742] [VM 1] [    4.784534] igb: Intel(R) Gigabit Ethernet Network Driver
[host_monotonic_s=124230.136481] [VM 1] [    4.784544] igb: Copyright (c) 2007-2014 Intel Corporation.
[host_monotonic_s=124230.149875] [VM 1] [    4.784624] igbvf: Intel(R) Gigabit Virtual Function Network Driver
[host_monotonic_s=124230.167012] [VM 1] [    4.784633] igbvf: Copyright (c) 2009 - 2012 Intel Corporation.
[host_monotonic_s=124230.174548] [VM 1] [    4.785117] sky2: driver version 1.30
[host_monotonic_s=124230.188147] [VM 1] [    4.884278] VFIO - User Level meta-driver version: 0.3
[host_monotonic_s=124230.211357] [VM 1] [    4.905488] usbcore: registered new interface driver usb-storage
[host_monotonic_s=124230.233951] [VM 1] [    4.931782] i2c_dev: i2c /dev entries driver
[host_monotonic_s=124230.285871] [VM 1] [    4.979101] SMCCC: SOC_ID: ARCH_SOC_ID not implemented, skipping ....
[host_monotonic_s=124230.299885] [VM 1] [    4.995630] usbcore: registered new interface driver usbhid
[host_monotonic_s=124230.600398] [VM 1] [    5.010035] usbhid: USB HID core driver
[host_monotonic_s=124230.600410] [VM 1] [    5.036004] NET: Registered PF_INET6 protocol family
[host_monotonic_s=124230.600413] [VM 1] [    5.061005] Segment Routing with IPv6
[host_monotonic_s=124230.600415] [VM 1] [    5.074237] In-situ OAM (IOAM) with IPv6
[host_monotonic_s=124230.600417] [VM 1] [    5.074808] sit: IPv6, IPv4 and MPLS over IPv4 tunneling driver
[host_monotonic_s=124230.627009] [VM 1] [    5.323832] NET: Registered PF_PACKET protocol family
[host_monotonic_s=124230.636779] [VM 1] [    5.335111] 9pnet: Installing 9P2000 support
[host_monotonic_s=124230.648210] [VM 1] [    5.346319] Key type dns_resolver registered
[host_monotonic_s=124230.710961] [VM 1] [    5.406361] registered taskstats version 1
[host_monotonic_s=124230.720242] [VM 1] [    5.407900] Loading compiled-in X.509 certificates
[host_monotonic_s=124230.756405] [VM 1] [    5.454204] Demotion targets for Node 0: null
[host_monotonic_s=124230.775019] [VM 1] [    5.473239] clk: Disabling unused clocks
[host_monotonic_s=124230.789220] [VM 1] [    5.486174] PM: genpd: Disabling unused power domains
[host_monotonic_s=124231.463731] [VM 1] [    5.860524] Freeing initrd memory: 19160K
[host_monotonic_s=124231.463737] [VM 1] [    5.960656] Freeing unused kernel memory: 12672K
[host_monotonic_s=124231.463738] [VM 1] [    5.971791] Run /init as init process
[host_monotonic_s=124232.265115] [VM 1] RT_INIT scenario=idle cpu=1 load_cpu=0 loops=0 duration_sec=900 interval_us=1000 maxlat_us=20000 priority=90 start_delay_sec=25
[host_monotonic_s=124232.265133] [VM 1] RT_CPUS total=2
[host_monotonic_s=124232.265137] [VM 1] RT_SCHED_PROBE_START
[host_monotonic_s=124232.265141] [VM 1] pid 1's current scheduling policy: SCHED_OTHER
[host_monotonic_s=124232.265144] [VM 1] pid 1's current scheduling priority: 0
[host_monotonic_s=124232.274422] [VM 1] RT_SCHED_PROBE_OK
[host_monotonic_s=124232.280205] [VM 1] RT_WAIT_BEFORE_TEST seconds=25
[host_monotonic_s=124256.476570] [VM 1] RT_CYCLICTEST_START
[host_monotonic_s=124257.113945] [VM 1] RT_CYCLICTEST_TIMING_START uptime_s=28.73
[host_monotonic_s=124257.119137] [VM 1] RT_PROGRESS uptime_s=28.73
[host_monotonic_s=124257.920378] 
[host_monotonic_s=124257.920389] [Axvisor] detached VM[1] console
[host_monotonic_s=124257.920392] Welcome to AxVisor Shell!
[host_monotonic_s=124257.920395] Type 'help' to see available commands
[host_monotonic_s=124257.920397] Use UP/DOWN arrows to navigate command history
[host_monotonic_s=124257.920399] Console shortcuts:
[host_monotonic_s=124257.920401]   Ctrl+X, then h  return to the Axvisor shell
[host_monotonic_s=124257.920403]   Ctrl+X, then [  attach the previous running guest
[host_monotonic_s=124257.921085]   Ctrl+X, then ]  attach the next running guest
[host_monotonic_s=124257.921402] Note: Running with limited features (filesystem support disabled).
[host_monotonic_s=124257.921462] 
[host_monotonic_s=124258.723503] [2Kaxvisor:$ [2Kaxvisor:$ v[2Kaxvisor:$ vm[2Kaxvisor:$ vme[2Kaxvisor:$ vmex[2Kaxvisor:$ vmexi[2Kaxvisor:$ vmexit[2Kaxvisor:$ vmexit [2Kaxvisor:$ vmexit s[2Kaxvisor:$ vmexit st[2Kaxvisor:$ vmexit sta[2Kaxvisor:$ vmexit stat
[host_monotonic_s=124258.723512] VM-exit counters per physical CPU (12 reasons):
[host_monotonic_s=124258.725279]   cpu         irq     timer      mmio       wfi   hvc-smc    sysreg    gic-if       sgi    cpu-up  sys-down   nothing     other
[host_monotonic_s=124258.726987]     1       15239     15183     45849     15183         -         -         -         -         -         -         -         -
[host_monotonic_s=124258.727625]     2        1073       746     30408      1764         7         -         -       121         -         -        11         -
[host_monotonic_s=124258.728195]     3        1945      1853        52      2732         -         -         -        18         -         -         2         -
[host_monotonic_s=124258.728433] Host periodic scheduler ticks (event-driven timer IRQs excluded):
[host_monotonic_s=124258.728612]   cpu   0:       3278
[host_monotonic_s=124258.728690]   cpu   1:       3281
[host_monotonic_s=124258.728774]   cpu   2:       3279
[host_monotonic_s=124258.728832]   cpu   3:       3278
[host_monotonic_s=124261.432194] axvisor:$ [2Kaxvisor:$ v[2Kaxvisor:$ vm[2Kaxvisor:$ vm [2Kaxvisor:$ vm c[2Kaxvisor:$ vm co[2Kaxvisor:$ vm con[2Kaxvisor:$ vm cons[2Kaxvisor:$ vm conso[2Kaxvisor:$ vm consol[2Kaxvisor:$ vm console[2Kaxvisor:$ vm console [2Kaxvisor:$ vm console 2
[host_monotonic_s=124261.433115] ✓ Attached VM[2] console; use Ctrl+X, then h to return to the shell
[host_monotonic_s=124261.945960] PERIODIC LATENCY START
[host_monotonic_s=124264.956151] sequence,timestamp_ns,deadline_ns,actual_ns,jitter_ns
[host_monotonic_s=124264.962972] 0,10538368,37072010144,37072548512,538368
[host_monotonic_s=124264.969483] 1,20512288,37082010144,37082522432,512288
[host_monotonic_s=124264.975857] 2,30535040,37092010144,37092545184,535040
[host_monotonic_s=124264.982104] 3,40431760,37102010144,37102441904,431760
[host_monotonic_s=124264.988553] 4,50465328,37112010144,37112475472,465328
[host_monotonic_s=124264.994808] 5,60455664,37122010144,37122465808,455664
[host_monotonic_s=124265.001471] 6,70537296,37132010144,37132547440,537296
[host_monotonic_s=124265.007873] 7,80552992,37142010144,37142563136,552992
[host_monotonic_s=124265.014308] 8,90504304,37152010144,37152514448,504304
[host_monotonic_s=124265.021015] 9,100514848,37162010144,37162524992,514848
[host_monotonic_s=124265.027865] 10,110499152,37172010144,37172509296,499152
[host_monotonic_s=124265.034432] 11,120542048,37182010144,37182552192,542048
[host_monotonic_s=124265.041108] 12,130530048,37192010144,37192540192,530048
[host_monotonic_s=124265.047995] 13,140508768,37202010144,37202518912,508768
[host_monotonic_s=124265.054798] 14,150491360,37212010144,37212501504,491360
[host_monotonic_s=124265.061552] 15,160601984,37222010144,37222612128,601984
[host_monotonic_s=124265.068278] 16,170535632,37232010144,37232545776,535632
[host_monotonic_s=124265.074840] 17,180434304,37242010144,37242444448,434304
[host_monotonic_s=124265.081509] 18,190435216,37252010144,37252445360,435216
[host_monotonic_s=124265.088283] 19,200441808,37262010144,37262451952,441808
[host_monotonic_s=124265.094894] 20,210519904,37272010144,37272530048,519904
[host_monotonic_s=124265.398990] 21,220534240,37282010144,37282544384,534240
[host_monotonic_s=124265.399033] 22,230506672,37292010144,37292516816,506672
[host_monotonic_s=124265.399037] 23,240511856,37302010144,37302522000,511856
[host_monotonic_s=124265.399040] 24,250504448,37312010144,37312514592,504448
[host_monotonic_s=124265.399042] 25,260495392,37322010144,37322505536,495392
[host_monotonic_s=124265.399045] 26,270467680,37332010144,37332477824,467680
[host_monotonic_s=124265.408074] 27,280447936,37342010144,37342458080,447936
[host_monotonic_s=124265.418463] 28,290513808,37352010144,37352523952,513808
[host_monotonic_s=124265.425028] 29,300498352,37362010144,37362508496,498352
[host_monotonic_s=124265.431671] 30,310567856,37372010144,37372578000,567856
[host_monotonic_s=124265.438200] 31,320594064,37382010144,37382604208,594064
[host_monotonic_s=124265.444602] 32,330527088,37392010144,37392537232,527088
[host_monotonic_s=124265.451709] 33,340576240,37402010144,37402586384,576240
[host_monotonic_s=124265.458746] 34,350547696,37412010144,37412557840,547696
[host_monotonic_s=124265.465476] 35,360601424,37422010144,37422611568,601424
[host_monotonic_s=124265.472471] 36,370526288,37432010144,37432536432,526288
[host_monotonic_s=124265.479175] 37,380509712,37442010144,37442519856,509712
[host_monotonic_s=124265.486104] 38,390506912,37452010144,37452517056,506912
[host_monotonic_s=124265.493290] 39,400545440,37462010144,37462555584,545440
[host_monotonic_s=124265.500406] 40,410532080,37472010144,37472542224,532080
[host_monotonic_s=124265.507763] 41,420546544,37482010144,37482556688,546544
[host_monotonic_s=124265.514785] 42,430515776,37492010144,37492525920,515776
[host_monotonic_s=124265.522058] 43,440552160,37502010144,37502562304,552160
[host_monotonic_s=124265.529222] 44,450531808,37512010144,37512541952,531808
[host_monotonic_s=124265.536209] 45,460521840,37522010144,37522531984,521840
[host_monotonic_s=124265.543231] 46,470515088,37532010144,37532525232,515088
[host_monotonic_s=124265.550478] 47,480471232,37542010144,37542481376,471232
[host_monotonic_s=124265.557536] 48,490494976,37552010144,37552505120,494976
[host_monotonic_s=124265.564404] 49,500485936,37562010144,37562496080,485936
[host_monotonic_s=124265.571487] 50,510506192,37572010144,37572516336,506192
[host_monotonic_s=124265.578252] 51,520458224,37582010144,37582468368,458224
[host_monotonic_s=124265.584955] 52,530509808,37592010144,37592519952,509808
[host_monotonic_s=124265.591842] 53,540450464,37602010144,37602460608,450464
[host_monotonic_s=124265.599128] 54,550461616,37612010144,37612471760,461616
[host_monotonic_s=124265.606204] 55,560432576,37622010144,37622442720,432576
[host_monotonic_s=124265.613146] 56,570526480,37632010144,37632536624,526480
[host_monotonic_s=124265.620232] 57,580610080,37642010144,37642620224,610080
[host_monotonic_s=124265.627224] 58,590500560,37652010144,37652510704,500560
[host_monotonic_s=124265.634143] 59,600626720,37662010144,37662636864,626720
[host_monotonic_s=124265.640786] 60,610522416,37672010144,37672532560,522416
[host_monotonic_s=124265.647548] 61,620595744,37682010144,37682605888,595744
[host_monotonic_s=124265.949154] 62,630493696,37692010144,37692503840,493696
[host_monotonic_s=124265.949169] 63,640528768,37702010144,37702538912,528768
[host_monotonic_s=124265.949172] 64,650509040,37712010144,37712519184,509040
[host_monotonic_s=124265.949175] 65,660598448,37722010144,37722608592,598448
[host_monotonic_s=124265.949177] 66,670458048,37732010144,37732468192,458048
[host_monotonic_s=124265.949179] 67,680438016,37742010144,37742448160,438016
[host_monotonic_s=124265.961062] 68,690449408,37752010144,37752459552,449408
[host_monotonic_s=124265.967682] 69,700458816,37762010144,37762468960,458816
[host_monotonic_s=124265.974235] 70,710457184,37772010144,37772467328,457184
[host_monotonic_s=124265.980919] 71,720528944,37782010144,37782539088,528944
[host_monotonic_s=124265.987659] 72,730474048,37792010144,37792484192,474048
[host_monotonic_s=124265.994311] 73,740456992,37802010144,37802467136,456992
[host_monotonic_s=124266.001161] 74,750431808,37812010144,37812441952,431808
[host_monotonic_s=124266.008288] 75,760455536,37822010144,37822465680,455536
[host_monotonic_s=124266.015080] 76,770523616,37832010144,37832533760,523616
[host_monotonic_s=124266.021629] 77,780456288,37842010144,37842466432,456288
[host_monotonic_s=124266.028366] 78,790442320,37852010144,37852452464,442320
[host_monotonic_s=124266.035287] 79,800665824,37862010144,37862675968,665824
[host_monotonic_s=124266.041983] 80,810621872,37872010144,37872632016,621872
[host_monotonic_s=124266.048868] 81,820445472,37882010144,37882455616,445472
[host_monotonic_s=124266.055881] 82,830457856,37892010144,37892468000,457856
[host_monotonic_s=124266.062824] 83,840434272,37902010144,37902444416,434272
[host_monotonic_s=124266.069847] 84,850477104,37912010144,37912487248,477104
[host_monotonic_s=124266.076850] 85,860413120,37922010144,37922423264,413120
[host_monotonic_s=124266.083515] 86,870417888,37932010144,37932428032,417888
[host_monotonic_s=124266.090042] 87,880452608,37942010144,37942462752,452608
[host_monotonic_s=124266.096800] 88,890676080,37952010144,37952686224,676080
[host_monotonic_s=124266.103378] 89,900644032,37962010144,37962654176,644032
[host_monotonic_s=124266.110025] 90,910381520,37972010144,37972391664,381520
[host_monotonic_s=124266.116768] 91,920454896,37982010144,37982465040,454896
[host_monotonic_s=124266.123353] 92,930455104,37992010144,37992465248,455104
[host_monotonic_s=124266.130045] 93,940410512,38002010144,38002420656,410512
[host_monotonic_s=124266.136745] 94,950632112,38012010144,38012642256,632112
[host_monotonic_s=124266.143407] 95,960440816,38022010144,38022450960,440816
[host_monotonic_s=124266.150291] 96,970509824,38032010144,38032519968,509824
[host_monotonic_s=124266.156991] 97,980451552,38042010144,38042461696,451552
[host_monotonic_s=124266.163687] 98,990508112,38052010144,38052518256,508112
[host_monotonic_s=124266.170707] 99,1000518208,38062010144,38062528352,518208
[host_monotonic_s=124266.177788] 100,1010401392,38072010144,38072411536,401392
[host_monotonic_s=124266.184646] 101,1020533664,38082010144,38082543808,533664
[host_monotonic_s=124266.191491] 102,1030511664,38092010144,38092521808,511664
[host_monotonic_s=124266.198417] 103,1040604560,38102010144,38102614704,604560
[host_monotonic_s=124266.499380] 104,1050503328,38112010144,38112513472,503328
[host_monotonic_s=124266.499391] 105,1060510096,38122010144,38122520240,510096
[host_monotonic_s=124266.499393] 106,1070422960,38132010144,38132433104,422960
[host_monotonic_s=124266.499395] 107,1080511168,38142010144,38142521312,511168
[host_monotonic_s=124266.499397] 108,1090577392,38152010144,38152587536,577392
[host_monotonic_s=124266.499399] 109,1100600128,38162010144,38162610272,600128
[host_monotonic_s=124266.511346] 110,1110510112,38172010144,38172520256,510112
[host_monotonic_s=124266.518815] 111,1120515248,38182010144,38182525392,515248
[host_monotonic_s=124266.526008] 112,1130514368,38192010144,38192524512,514368
[host_monotonic_s=124266.533385] 113,1140453264,38202010144,38202463408,453264
[host_monotonic_s=124266.540786] 114,1150509568,38212010144,38212519712,509568
[host_monotonic_s=124266.547997] 115,1160510304,38222010144,38222520448,510304
[host_monotonic_s=124266.555274] 116,1170422752,38232010144,38232432896,422752
[host_monotonic_s=124266.562512] 117,1180611584,38242010144,38242621728,611584
[host_monotonic_s=124266.569741] 118,1190513104,38252010144,38252523248,513104
[host_monotonic_s=124266.577180] 119,1200685232,38262010144,38262695376,685232
[host_monotonic_s=124266.584378] 120,1210654720,38272010144,38272664864,654720
[host_monotonic_s=124266.591770] 121,1220621824,38282010144,38282631968,621824
[host_monotonic_s=124266.599039] 122,1230627168,38292010144,38292637312,627168
[host_monotonic_s=124266.606540] 123,1240578576,38302010144,38302588720,578576
[host_monotonic_s=124266.613728] 124,1250621440,38312010144,38312631584,621440
[host_monotonic_s=124266.621316] 125,1260688560,38322010144,38322698704,688560
[host_monotonic_s=124266.628738] 126,1270602400,38332010144,38332612544,602400
[host_monotonic_s=124266.636279] 127,1280560688,38342010144,38342570832,560688
[host_monotonic_s=124266.643581] 128,1290570880,38352010144,38352581024,570880
[host_monotonic_s=124266.650874] 129,1300656176,38362010144,38362666320,656176
[host_monotonic_s=124266.658376] 130,1310657200,38372010144,38372667344,657200
[host_monotonic_s=124266.665882] 131,1320565584,38382010144,38382575728,565584
[host_monotonic_s=124266.673447] 132,1330580240,38392010144,38392590384,580240
[host_monotonic_s=124266.680802] 133,1340674288,38402010144,38402684432,674288
[host_monotonic_s=124266.688148] 134,1350600784,38412010144,38412610928,600784
[host_monotonic_s=124266.695356] 135,1360605952,38422010144,38422616096,605952
[host_monotonic_s=124266.702853] 136,1370642896,38432010144,38432653040,642896
[host_monotonic_s=124266.710305] 137,1380652544,38442010144,38442662688,652544
[host_monotonic_s=124266.717808] 138,1390596624,38452010144,38452606768,596624
[host_monotonic_s=124266.724963] 139,1400729152,38462010144,38462739296,729152
[host_monotonic_s=124266.732635] 140,1410670208,38472010144,38472680352,670208
[host_monotonic_s=124266.740050] 141,1420712832,38482010144,38482722976,712832
[host_monotonic_s=124266.747253] 142,1430654928,38492010144,38492665072,654928
[host_monotonic_s=124267.049677] 143,1440676400,38502010144,38502686544,676400
[host_monotonic_s=124267.049690] 144,1450703936,38512010144,38512714080,703936
[host_monotonic_s=124267.049694] 145,1460621344,38522010144,38522631488,621344
[host_monotonic_s=124267.049696] 146,1470646544,38532010144,38532656688,646544
[host_monotonic_s=124267.049699] 147,1480657488,38542010144,38542667632,657488
[host_monotonic_s=124267.049700] 148,1490641328,38552010144,38552651472,641328
[host_monotonic_s=124267.060064] 149,1500611968,38562010144,38562622112,611968
[host_monotonic_s=124267.067056] 150,1510569424,38572010144,38572579568,569424
[host_monotonic_s=124267.073835] 151,1520561712,38582010144,38582571856,561712
[host_monotonic_s=124267.080764] 152,1530673088,38592010144,38592683232,673088
[host_monotonic_s=124267.087604] 153,1540625632,38602010144,38602635776,625632
[host_monotonic_s=124267.094140] 154,1550562720,38612010144,38612572864,562720
[host_monotonic_s=124267.100934] 155,1560597360,38622010144,38622607504,597360
[host_monotonic_s=124267.107756] 156,1570684496,38632010144,38632694640,684496
[host_monotonic_s=124267.114531] 157,1580596592,38642010144,38642606736,596592
[host_monotonic_s=124267.121489] 158,1590605584,38652010144,38652615728,605584
[host_monotonic_s=124267.128385] 159,1600662016,38662010144,38662672160,662016
[host_monotonic_s=124267.135314] 160,1610632176,38672010144,38672642320,632176
[host_monotonic_s=124267.142531] 161,1620583808,38682010144,38682593952,583808
[host_monotonic_s=124267.153280] 162,1630649584,38692010144,38692659728,649584
[host_monotonic_s=124267.162908] 163,1640597456,38702010144,38702607600,597456
[host_monotonic_s=124267.170460] 164,1650575328,38712010144,38712585472,575328
[host_monotonic_s=124267.179039] 165,1660594368,38722010144,38722604512,594368
[host_monotonic_s=124267.186289] 166,1670596192,38732010144,38732606336,596192
[host_monotonic_s=124267.193346] 167,1680604336,38742010144,38742614480,604336
[host_monotonic_s=124267.200106] 168,1690648592,38752010144,38752658736,648592
[host_monotonic_s=124267.207292] 169,1700669168,38762010144,38762679312,669168
[host_monotonic_s=124267.214263] 170,1710469744,38772010144,38772479888,469744
[host_monotonic_s=124267.221385] 171,1720514432,38782010144,38782524576,514432
[host_monotonic_s=124267.228530] 172,1730508832,38792010144,38792518976,508832
[host_monotonic_s=124267.235755] 173,1740644208,38802010144,38802654352,644208
[host_monotonic_s=124267.243087] 174,1750563264,38812010144,38812573408,563264
[host_monotonic_s=124267.250712] 175,1760520464,38822010144,38822530608,520464
[host_monotonic_s=124267.257955] 176,1770423088,38832010144,38832433232,423088
[host_monotonic_s=124267.265206] 177,1780394016,38842010144,38842404160,394016
[host_monotonic_s=124267.272361] 178,1790503536,38852010144,38852513680,503536
[host_monotonic_s=124267.279749] 179,1800403728,38862010144,38862413872,403728
[host_monotonic_s=124267.287300] 180,1810435088,38872010144,38872445232,435088
[host_monotonic_s=124267.294582] 181,1820553056,38882010144,38882563200,553056
[host_monotonic_s=124267.600037] 182,1830494944,38892010144,38892505088,494944
[host_monotonic_s=124267.600052] 183,1840597408,38902010144,38902607552,597408
[host_monotonic_s=124267.600055] 184,1850522544,38912010144,38912532688,522544
[host_monotonic_s=124267.600058] 185,1860597072,38922010144,38922607216,597072
[host_monotonic_s=124267.600060] 186,1870455280,38932010144,38932465424,455280
[host_monotonic_s=124267.600062] 187,1880465408,38942010144,38942475552,465408
[host_monotonic_s=124267.608036] 188,1890504464,38952010144,38952514608,504464
[host_monotonic_s=124267.614369] 189,1900543824,38962010144,38962553968,543824
[host_monotonic_s=124267.621451] 190,1910523040,38972010144,38972533184,523040
[host_monotonic_s=124267.628781] 191,1920605408,38982010144,38982615552,605408
[host_monotonic_s=124267.636127] 192,1930519040,38992010144,38992529184,519040
[host_monotonic_s=124267.643162] 193,1940635072,39002010144,39002645216,635072
[host_monotonic_s=124267.650449] 194,1950513472,39012010144,39012523616,513472
[host_monotonic_s=124267.657961] 195,1960531792,39022010144,39022541936,531792
[host_monotonic_s=124267.665132] 196,1970545328,39032010144,39032555472,545328
[host_monotonic_s=124267.672308] 197,1980509136,39042010144,39042519280,509136
[host_monotonic_s=124267.681345] 198,1990520576,39052010144,39052530720,520576
[host_monotonic_s=124267.688724] 199,2000511472,39062010144,39062521616,511472
[host_monotonic_s=124267.697665] 200,2010502112,39072010144,39072512256,502112
[host_monotonic_s=124267.705288] 201,2020549200,39082010144,39082559344,549200
[host_monotonic_s=124267.712781] 202,2030505136,39092010144,39092515280,505136
[host_monotonic_s=124267.719978] 203,2040532624,39102010144,39102542768,532624
[host_monotonic_s=124267.727053] 204,2050500544,39112010144,39112510688,500544
[host_monotonic_s=124267.733862] 205,2060586832,39122010144,39122596976,586832
[host_monotonic_s=124267.741041] 206,2070509664,39132010144,39132519808,509664
[host_monotonic_s=124267.748522] 207,2080602112,39142010144,39142612256,602112
[host_monotonic_s=124267.755924] 208,2090543552,39152010144,39152553696,543552
[host_monotonic_s=124267.763266] 209,2100451328,39162010144,39162461472,451328
[host_monotonic_s=124267.770449] 210,2110421456,39172010144,39172431600,421456
[host_monotonic_s=124267.777650] 211,2120536400,39182010144,39182546544,536400
[host_monotonic_s=124267.784711] 212,2130501568,39192010144,39192511712,501568
[host_monotonic_s=124267.791807] 213,2140600960,39202010144,39202611104,600960
[host_monotonic_s=124267.799797] 214,2150507952,39212010144,39212518096,507952
[host_monotonic_s=124267.809549] 215,2160514640,39222010144,39222524784,514640
[host_monotonic_s=124267.818652] 216,2170520928,39232010144,39232531072,520928
[host_monotonic_s=124267.827773] 217,2180450416,39242010144,39242460560,450416
[host_monotonic_s=124267.836122] 218,2190650064,39252010144,39252660208,650064
[host_monotonic_s=124267.843374] 219,2200442128,39262010144,39262452272,442128
[host_monotonic_s=124268.150050] 220,2210466448,39272010144,39272476592,466448
[host_monotonic_s=124268.150060] 221,2220407840,39282010144,39282417984,407840
[host_monotonic_s=124268.150062] 222,2230400352,39292010144,39292410496,400352
[host_monotonic_s=124268.150063] 223,2240422016,39302010144,39302432160,422016
[host_monotonic_s=124268.150065] 224,2250506288,39312010144,39312516432,506288
[host_monotonic_s=124268.150066] 225,2260497424,39322010144,39322507568,497424
[host_monotonic_s=124268.157199] 226,2270499616,39332010144,39332509760,499616
[host_monotonic_s=124268.168614] 227,2280461344,39342010144,39342471488,461344
[host_monotonic_s=124268.175830] 228,2290517280,39352010144,39352527424,517280
[host_monotonic_s=124268.184350] 229,2300512864,39362010144,39362523008,512864
[host_monotonic_s=124268.193406] 230,2310512864,39372010144,39372523008,512864
[host_monotonic_s=124268.202475] 231,2320508016,39382010144,39382518160,508016
[host_monotonic_s=124268.211912] 232,2330506368,39392010144,39392516512,506368
[host_monotonic_s=124268.221632] 233,2340429216,39402010144,39402439360,429216
[host_monotonic_s=124268.231792] 234,2350527632,39412010144,39412537776,527632
[host_monotonic_s=124268.240279] 235,2360602608,39422010144,39422612752,602608
[host_monotonic_s=124268.247291] 236,2370441872,39432010144,39432452016,441872
[host_monotonic_s=124268.254831] 237,2380590528,39442010144,39442600672,590528
[host_monotonic_s=124268.263039] 238,2390495584,39452010144,39452505728,495584
[host_monotonic_s=124268.272026] 239,2400601904,39462010144,39462612048,601904
[host_monotonic_s=124268.281784] 240,2410510640,39472010144,39472520784,510640
[host_monotonic_s=124268.291658] 241,2420514560,39482010144,39482524704,514560
[host_monotonic_s=124268.300996] 242,2430505792,39492010144,39492515936,505792
[host_monotonic_s=124268.310647] 243,2440604192,39502010144,39502614336,604192
[host_monotonic_s=124268.318159] 244,2450510672,39512010144,39512520816,510672
[host_monotonic_s=124268.325452] 245,2460519568,39522010144,39522529712,519568
[host_monotonic_s=124268.332823] 246,2470517280,39532010144,39532527424,517280
[host_monotonic_s=124268.340213] 247,2480623744,39542010144,39542633888,623744
[host_monotonic_s=124268.349631] 248,2490545952,39552010144,39552556096,545952
[host_monotonic_s=124268.358715] 249,2500555264,39562010144,39562565408,555264
[host_monotonic_s=124268.367438] 250,2510532000,39572010144,39572542144,532000
[host_monotonic_s=124268.374780] 251,2520557520,39582010144,39582567664,557520
[host_monotonic_s=124268.384203] 252,2530506272,39592010144,39592516416,506272
[host_monotonic_s=124268.391830] 253,2540528880,39602010144,39602539024,528880
[host_monotonic_s=124268.398783] 254,2550514352,39612010144,39612524496,514352
[host_monotonic_s=124268.700546] 255,2560609920,39622010144,39622620064,609920
[host_monotonic_s=124268.700562] 256,2570530288,39632010144,39632540432,530288
[host_monotonic_s=124268.700566] 257,2580524672,39642010144,39642534816,524672
[host_monotonic_s=124268.700569] 258,2590508880,39652010144,39652519024,508880
[host_monotonic_s=124268.700571] 259,2600510976,39662010144,39662521120,510976
[host_monotonic_s=124268.700573] 260,2610508400,39672010144,39672518544,508400
[host_monotonic_s=124268.711894] 261,2620517072,39682010144,39682527216,517072
[host_monotonic_s=124268.719149] 262,2630531312,39692010144,39692541456,531312
[host_monotonic_s=124268.726297] 263,2640509152,39702010144,39702519296,509152
[host_monotonic_s=124268.733451] 264,2650507824,39712010144,39712517968,507824
[host_monotonic_s=124268.740817] 265,2660555888,39722010144,39722566032,555888
[host_monotonic_s=124268.748183] 266,2670507120,39732010144,39732517264,507120
[host_monotonic_s=124268.755169] 267,2680623344,39742010144,39742633488,623344
[host_monotonic_s=124268.762575] 268,2690512896,39752010144,39752523040,512896
[host_monotonic_s=124268.769742] 269,2700855312,39762010144,39762865456,855312
[host_monotonic_s=124268.777951] 270,2710522560,39772010144,39772532704,522560
[host_monotonic_s=124268.785793] 271,2720494288,39782010144,39782504432,494288
[host_monotonic_s=124268.792761] 272,2730570544,39792010144,39792580688,570544
[host_monotonic_s=124268.800302] 273,2740583872,39802010144,39802594016,583872
[host_monotonic_s=124268.808398] 274,2750502176,39812010144,39812512320,502176
[host_monotonic_s=124268.818366] 275,2760620752,39822010144,39822630896,620752
[host_monotonic_s=124268.825510] 276,2770508528,39832010144,39832518672,508528
[host_monotonic_s=124268.832919] 277,2780527264,39842010144,39842537408,527264
[host_monotonic_s=124268.842410] 278,2790512256,39852010144,39852522400,512256
[host_monotonic_s=124268.851068] 279,2800527536,39862010144,39862537680,527536
[host_monotonic_s=124268.861732] 280,2810516736,39872010144,39872526880,516736
[host_monotonic_s=124268.871093] 281,2820500272,39882010144,39882510416,500272
[host_monotonic_s=124268.877986] 282,2830479120,39892010144,39892489264,479120
[host_monotonic_s=124268.884983] 283,2840529072,39902010144,39902539216,529072
[host_monotonic_s=124268.891963] 284,2850498096,39912010144,39912508240,498096
[host_monotonic_s=124268.898989] 285,2860517472,39922010144,39922527616,517472
[host_monotonic_s=124268.906293] 286,2870508848,39932010144,39932518992,508848
[host_monotonic_s=124268.913365] 287,2880535296,39942010144,39942545440,535296
[host_monotonic_s=124268.920456] 288,2890577248,39952010144,39952587392,577248
[host_monotonic_s=124268.927389] 289,2900587936,39962010144,39962598080,587936
[host_monotonic_s=124268.934317] 290,2910519088,39972010144,39972529232,519088
[host_monotonic_s=124268.941310] 291,2920507232,39982010144,39982517376,507232
[host_monotonic_s=124268.948386] 292,2930474528,39992010144,39992484672,474528
[host_monotonic_s=124269.250652] 293,2940515552,40002010144,40002525696,515552
[host_monotonic_s=124269.250665] 294,2950504928,40012010144,40012515072,504928
[host_monotonic_s=124269.250668] 295,2960597136,40022010144,40022607280,597136
[host_monotonic_s=124269.250670] 296,2970520800,40032010144,40032530944,520800
[host_monotonic_s=124269.250673] 297,2980604000,40042010144,40042614144,604000
[host_monotonic_s=124269.250674] 298,2990513328,40052010144,40052523472,513328
[host_monotonic_s=124269.263509] 299,3000509744,40062010144,40062519888,509744
[host_monotonic_s=124269.269717] PERIODIC LATENCY COMPLETE samples=300
[host_monotonic_s=124270.070458] 
[host_monotonic_s=124270.070462] [Axvisor] detached VM[2] console
[host_monotonic_s=124270.872064] [2Kaxvisor:$ [2Kaxvisor:$ v[2Kaxvisor:$ vm[2Kaxvisor:$ vme[2Kaxvisor:$ vmex[2Kaxvisor:$ vmexi[2Kaxvisor:$ vmexit[2Kaxvisor:$ vmexit [2Kaxvisor:$ vmexit s[2Kaxvisor:$ vmexit st[2Kaxvisor:$ vmexit sta[2Kaxvisor:$ vmexit stat
[host_monotonic_s=124270.872079] VM-exit counters per physical CPU (12 reasons):
[host_monotonic_s=124270.873906]   cpu         irq     timer      mmio       wfi   hvc-smc    sysreg    gic-if       sgi    cpu-up  sys-down   nothing     other
[host_monotonic_s=124270.877062]     1   17050@149.1/s 16902@141.5/s 78108@2655.9/s 16902@141.5/s         -         -         -         -         -         -         -         -
[host_monotonic_s=124270.878106]     2    1196@10.1/s   828@6.8/s 30465@4.7/s 11741@821.4/s         7         -         -       121         -         -        11         -
[host_monotonic_s=124270.878743]     3   11949@823.6/s 11601@802.6/s        52 11945@758.5/s         -         -         -    29@0.9/s         -         -         2         -
[host_monotonic_s=124270.878857] Host periodic scheduler ticks (event-driven timer IRQs excluded):
[host_monotonic_s=124270.879857]   cpu   0:       4238 (79.038/s)
[host_monotonic_s=124270.879859]   cpu   1:       4238 (78.791/s)
[host_monotonic_s=124270.879877]   cpu   2:       4236 (78.791/s)
[host_monotonic_s=124270.879926]   cpu   3:       4235 (78.791/s)
[host_monotonic_s=124273.582210] axvisor:$ [2Kaxvisor:$ v[2Kaxvisor:$ vm[2Kaxvisor:$ vm [2Kaxvisor:$ vm c[2Kaxvisor:$ vm co[2Kaxvisor:$ vm con[2Kaxvisor:$ vm cons[2Kaxvisor:$ vm conso[2Kaxvisor:$ vm consol[2Kaxvisor:$ vm console[2Kaxvisor:$ vm console [2Kaxvisor:$ vm console 1
[host_monotonic_s=124273.582414] ✓ Attached VM[1] console; use Ctrl+X, then h to return to the shell
[host_monotonic_s=124273.582544] RT_PROGRESS uptime_s=38.75
[host_monotonic_s=124273.582571] [   47.554625] random: crng init done
[host_monotonic_s=124276.785275] RT_PROGRESS uptime_s=48.76
[host_monotonic_s=124286.530159] RT_PROGRESS uptime_s=58.77
[host_monotonic_s=124296.840174] RT_PROGRESS uptime_s=68.78
[host_monotonic_s=124306.556037] RT_PROGRESS uptime_s=78.80
[host_monotonic_s=124317.420950] RT_PROGRESS uptime_s=88.81
[host_monotonic_s=124326.876080] RT_PROGRESS uptime_s=98.82
[host_monotonic_s=124336.592127] RT_PROGRESS uptime_s=108.83
[host_monotonic_s=124347.527316] RT_PROGRESS uptime_s=118.84
[host_monotonic_s=124356.912209] RT_PROGRESS uptime_s=128.86
[host_monotonic_s=124366.628991] RT_PROGRESS uptime_s=138.87
[host_monotonic_s=124376.937904] RT_PROGRESS uptime_s=148.88
[host_monotonic_s=124387.454006] RT_PROGRESS uptime_s=158.90
[host_monotonic_s=124396.961784] RT_PROGRESS uptime_s=168.91
[host_monotonic_s=124406.683349] RT_PROGRESS uptime_s=178.92
[host_monotonic_s=124417.616578] RT_PROGRESS uptime_s=188.93
[host_monotonic_s=124427.000309] RT_PROGRESS uptime_s=198.94
[host_monotonic_s=124436.717345] RT_PROGRESS uptime_s=208.96
[host_monotonic_s=124447.653913] RT_PROGRESS uptime_s=218.97
[host_monotonic_s=124457.036152] RT_PROGRESS uptime_s=228.98
[host_monotonic_s=124466.750822] RT_PROGRESS uptime_s=238.99
[host_monotonic_s=124477.059987] RT_PROGRESS uptime_s=249.00
[host_monotonic_s=124486.776753] RT_PROGRESS uptime_s=259.02
[host_monotonic_s=124497.644262] RT_PROGRESS uptime_s=269.03
[host_monotonic_s=124507.096343] RT_PROGRESS uptime_s=279.04
[host_monotonic_s=124516.813134] RT_PROGRESS uptime_s=289.05
[host_monotonic_s=124527.120426] RT_PROGRESS uptime_s=299.07
[host_monotonic_s=124537.639173] RT_PROGRESS uptime_s=309.08
[host_monotonic_s=124547.147994] RT_PROGRESS uptime_s=319.09
[host_monotonic_s=124556.864090] RT_PROGRESS uptime_s=329.11
[host_monotonic_s=124567.172124] RT_PROGRESS uptime_s=339.12
[host_monotonic_s=124576.888678] RT_PROGRESS uptime_s=349.13
[host_monotonic_s=124587.195946] RT_PROGRESS uptime_s=359.14
[host_monotonic_s=124597.710795] RT_PROGRESS uptime_s=369.15
[host_monotonic_s=124607.219937] RT_PROGRESS uptime_s=379.16
[host_monotonic_s=124616.936926] RT_PROGRESS uptime_s=389.18
[host_monotonic_s=124627.244187] RT_PROGRESS uptime_s=399.19
[host_monotonic_s=124637.758993] RT_PROGRESS uptime_s=409.20
[host_monotonic_s=124647.267973] RT_PROGRESS uptime_s=419.21
[host_monotonic_s=124656.984506] RT_PROGRESS uptime_s=429.22
[host_monotonic_s=124667.292099] RT_PROGRESS uptime_s=439.24
[host_monotonic_s=124677.806065] RT_PROGRESS uptime_s=449.25
[host_monotonic_s=124687.316046] RT_PROGRESS uptime_s=459.26
[host_monotonic_s=124697.035729] RT_PROGRESS uptime_s=469.27
[host_monotonic_s=124707.340013] RT_PROGRESS uptime_s=479.28
[host_monotonic_s=124717.057072] RT_PROGRESS uptime_s=489.30
[host_monotonic_s=124727.364330] RT_PROGRESS uptime_s=499.31
[host_monotonic_s=124737.079151] RT_PROGRESS uptime_s=509.32
[host_monotonic_s=124748.012554] RT_PROGRESS uptime_s=519.33
[host_monotonic_s=124757.399985] RT_PROGRESS uptime_s=529.35
[host_monotonic_s=124767.121961] RT_PROGRESS uptime_s=539.36
[host_monotonic_s=124777.650429] RT_PROGRESS uptime_s=549.36
[host_monotonic_s=124787.257335] RT_PROGRESS uptime_s=559.38
[host_monotonic_s=124797.444064] RT_PROGRESS uptime_s=569.39
[host_monotonic_s=124807.164266] RT_PROGRESS uptime_s=579.40
[host_monotonic_s=124817.472173] RT_PROGRESS uptime_s=589.42
[host_monotonic_s=124827.189046] RT_PROGRESS uptime_s=599.43
[host_monotonic_s=124837.496140] RT_PROGRESS uptime_s=609.44
[host_monotonic_s=124847.212746] RT_PROGRESS uptime_s=619.45
[host_monotonic_s=124857.520134] RT_PROGRESS uptime_s=629.46
[host_monotonic_s=124868.039200] RT_PROGRESS uptime_s=639.48
[host_monotonic_s=124877.548190] RT_PROGRESS uptime_s=649.49
[host_monotonic_s=124887.266669] RT_PROGRESS uptime_s=659.51
[host_monotonic_s=124897.568033] RT_PROGRESS uptime_s=669.51
[host_monotonic_s=124907.284227] RT_PROGRESS uptime_s=679.52
[host_monotonic_s=124917.592128] RT_PROGRESS uptime_s=689.54
[host_monotonic_s=124927.300774] RT_PROGRESS uptime_s=699.54
[host_monotonic_s=124937.610494] RT_PROGRESS uptime_s=709.55
[host_monotonic_s=124947.320661] RT_PROGRESS uptime_s=719.56
[host_monotonic_s=124958.257414] RT_PROGRESS uptime_s=729.57
[host_monotonic_s=124967.644339] RT_PROGRESS uptime_s=739.59
[host_monotonic_s=124977.364573] RT_PROGRESS uptime_s=749.60
[host_monotonic_s=124987.672065] RT_PROGRESS uptime_s=759.62
[host_monotonic_s=124997.388497] RT_PROGRESS uptime_s=769.63
[host_monotonic_s=125007.696118] RT_PROGRESS uptime_s=779.64
[host_monotonic_s=125018.210835] RT_PROGRESS uptime_s=789.65
[host_monotonic_s=125027.720048] RT_PROGRESS uptime_s=799.66
[host_monotonic_s=125037.437343] RT_PROGRESS uptime_s=809.68
[host_monotonic_s=125047.752065] RT_PROGRESS uptime_s=819.70
[host_monotonic_s=125058.265865] RT_PROGRESS uptime_s=829.71
[host_monotonic_s=125067.776448] RT_PROGRESS uptime_s=839.72
[host_monotonic_s=125077.492574] RT_PROGRESS uptime_s=849.73
[host_monotonic_s=125087.800110] RT_PROGRESS uptime_s=859.75
[host_monotonic_s=125097.518522] RT_PROGRESS uptime_s=869.76
[host_monotonic_s=125107.828114] RT_PROGRESS uptime_s=879.77
[host_monotonic_s=125117.547649] RT_PROGRESS uptime_s=889.78
[host_monotonic_s=125127.856102] RT_PROGRESS uptime_s=899.80
[host_monotonic_s=125137.572671] RT_PROGRESS uptime_s=909.81
[host_monotonic_s=125147.879998] RT_PROGRESS uptime_s=919.82
[host_monotonic_s=125157.488598] WARN: stat /dev/cpu_dma_latency failed: No such file or directory
[host_monotonic_s=125157.488608] # Histogram
[host_monotonic_s=125157.488610] 000159 000001
[host_monotonic_s=125157.488613] 000160 000001
[host_monotonic_s=125157.488614] 000161 000005
[host_monotonic_s=125157.488616] 000162 000008
[host_monotonic_s=125157.488618] 000163 000016
[host_monotonic_s=125157.488619] 000164 000016
[host_monotonic_s=125157.488621] 000165 000020
[host_monotonic_s=125157.488622] 000166 000021
[host_monotonic_s=125157.488623] 000167 000031
[host_monotonic_s=125157.488624] 000168 000038
[host_monotonic_s=125157.488625] 000169 000040
[host_monotonic_s=125157.488627] 000170 000034
[host_monotonic_s=125157.488628] 000171 000043
[host_monotonic_s=125157.488629] 000172 000037
[host_monotonic_s=125157.488630] 000173 000047
[host_monotonic_s=125157.488631] 000174 000048
[host_monotonic_s=125157.488632] 000175 000045
[host_monotonic_s=125157.492680] 000176 000047
[host_monotonic_s=125157.497091] 000177 000044
[host_monotonic_s=125157.499349] 000178 000053
[host_monotonic_s=125157.501601] 000179 000058
[host_monotonic_s=125157.503834] 000180 000044
[host_monotonic_s=125157.506568] 000181 000055
[host_monotonic_s=125157.508831] 000182 000061
[host_monotonic_s=125157.511084] 000183 000063
[host_monotonic_s=125157.513318] 000184 000056
[host_monotonic_s=125157.515579] 000185 000046
[host_monotonic_s=125157.517954] 000186 000059
[host_monotonic_s=125157.520258] 000187 000067
[host_monotonic_s=125157.522536] 000188 000080
[host_monotonic_s=125157.524794] 000189 000076
[host_monotonic_s=125157.527209] 000190 000075
[host_monotonic_s=125157.529512] 000191 000063
[host_monotonic_s=125157.531813] 000192 000076
[host_monotonic_s=125157.534054] 000193 000060
[host_monotonic_s=125157.536396] 000194 000071
[host_monotonic_s=125157.538691] 000195 000069
[host_monotonic_s=125157.540946] 000196 000088
[host_monotonic_s=125157.543211] 000197 000057
[host_monotonic_s=125157.545453] 000198 000072
[host_monotonic_s=125157.548058] 000199 000080
[host_monotonic_s=125157.550305] 000200 000079
[host_monotonic_s=125157.552562] 000201 000073
[host_monotonic_s=125157.554834] 000202 000065
[host_monotonic_s=125157.557169] 000203 000061
[host_monotonic_s=125157.559421] 000204 000071
[host_monotonic_s=125157.561693] 000205 000050
[host_monotonic_s=125157.563970] 000206 000067
[host_monotonic_s=125157.566466] 000207 000067
[host_monotonic_s=125157.568739] 000208 000064
[host_monotonic_s=125157.571057] 000209 000065
[host_monotonic_s=125157.573357] 000210 000071
[host_monotonic_s=125157.575609] 000211 000055
[host_monotonic_s=125157.578147] 000212 000045
[host_monotonic_s=125157.580437] 000213 000045
[host_monotonic_s=125157.582734] 000214 000047
[host_monotonic_s=125157.584997] 000215 000057
[host_monotonic_s=125157.587531] 000216 000059
[host_monotonic_s=125157.590030] 000217 000050
[host_monotonic_s=125157.592266] 000218 000049
[host_monotonic_s=125157.594516] 000219 000062
[host_monotonic_s=125157.596864] 000220 000051
[host_monotonic_s=125157.599139] 000221 000052
[host_monotonic_s=125157.601417] 000222 000059
[host_monotonic_s=125157.603717] 000223 000053
[host_monotonic_s=125157.606258] 000224 000050
[host_monotonic_s=125157.608561] 000225 000054
[host_monotonic_s=125157.610838] 000226 000054
[host_monotonic_s=125157.613107] 000227 000045
[host_monotonic_s=125157.615657] 000228 000051
[host_monotonic_s=125157.617994] 000229 000052
[host_monotonic_s=125157.620263] 000230 000053
[host_monotonic_s=125157.622574] 000231 000037
[host_monotonic_s=125157.624887] 000232 000040
[host_monotonic_s=125157.627268] 000233 000037
[host_monotonic_s=125157.629547] 000234 000053
[host_monotonic_s=125157.631833] 000235 000056
[host_monotonic_s=125157.634065] 000236 000060
[host_monotonic_s=125157.636587] 000237 000027
[host_monotonic_s=125157.638861] 000238 000054
[host_monotonic_s=125157.641114] 000239 000044
[host_monotonic_s=125157.643346] 000240 000041
[host_monotonic_s=125157.645637] 000241 000049
[host_monotonic_s=125157.648228] 000242 000053
[host_monotonic_s=125157.650609] 000243 000051
[host_monotonic_s=125157.652810] 000244 000050
[host_monotonic_s=125157.655040] 000245 000039
[host_monotonic_s=125157.657435] 000246 000040
[host_monotonic_s=125157.659698] 000247 000041
[host_monotonic_s=125157.661959] 000248 000032
[host_monotonic_s=125157.664397] 000249 000043
[host_monotonic_s=125157.666773] 000250 000035
[host_monotonic_s=125157.669047] 000251 000049
[host_monotonic_s=125157.671326] 000252 000045
[host_monotonic_s=125157.673598] 000253 000042
[host_monotonic_s=125157.675936] 000254 000042
[host_monotonic_s=125157.678248] 000255 000039
[host_monotonic_s=125157.680577] 000256 000037
[host_monotonic_s=125157.682835] 000257 000044
[host_monotonic_s=125157.685126] 000258 000044
[host_monotonic_s=125157.687859] 000259 000041
[host_monotonic_s=125157.690412] 000260 000039
[host_monotonic_s=125157.692666] 000261 000030
[host_monotonic_s=125157.694974] 000262 000035
[host_monotonic_s=125157.697376] 000263 000043
[host_monotonic_s=125157.699630] 000264 000027
[host_monotonic_s=125157.701906] 000265 000032
[host_monotonic_s=125157.704193] 000266 000036
[host_monotonic_s=125157.706696] 000267 000037
[host_monotonic_s=125157.709031] 000268 000038
[host_monotonic_s=125157.711283] 000269 000047
[host_monotonic_s=125157.713562] 000270 000031
[host_monotonic_s=125157.715967] 000271 000027
[host_monotonic_s=125157.718378] 000272 000036
[host_monotonic_s=125157.720693] 000273 000034
[host_monotonic_s=125157.722990] 000274 000035
[host_monotonic_s=125157.725348] 000275 000037
[host_monotonic_s=125157.727912] 000276 000032
[host_monotonic_s=125157.730190] 000277 000036
[host_monotonic_s=125157.732464] 000278 000032
[host_monotonic_s=125157.734713] 000279 000027
[host_monotonic_s=125157.737062] 000280 000021
[host_monotonic_s=125158.038952] 000281 000022
[host_monotonic_s=125158.038963] 000282 000034
[host_monotonic_s=125158.038965] 000283 000023
[host_monotonic_s=125158.038967] 000284 000031
[host_monotonic_s=125158.038968] 000285 000021
[host_monotonic_s=125158.038970] 000286 000040
[host_monotonic_s=125158.038972] 000287 000026
[host_monotonic_s=125158.038973] 000288 000032
[host_monotonic_s=125158.038975] 000289 000034
[host_monotonic_s=125158.038976] 000290 000029
[host_monotonic_s=125158.038978] 000291 000034
[host_monotonic_s=125158.038979] 000292 000029
[host_monotonic_s=125158.038981] 000293 000023
[host_monotonic_s=125158.038982] 000294 000028
[host_monotonic_s=125158.038984] 000295 000034
[host_monotonic_s=125158.038985] 000296 000030
[host_monotonic_s=125158.038986] 000297 000018
[host_monotonic_s=125158.038987] 000298 000022
[host_monotonic_s=125158.038989] 000299 000026
[host_monotonic_s=125158.046202] 000300 000030
[host_monotonic_s=125158.048557] 000301 000038
[host_monotonic_s=125158.050846] 000302 000037
[host_monotonic_s=125158.053249] 000303 000035
[host_monotonic_s=125158.055679] 000304 000034
[host_monotonic_s=125158.058111] 000305 000038
[host_monotonic_s=125158.060421] 000306 000042
[host_monotonic_s=125158.062709] 000307 000044
[host_monotonic_s=125158.064969] 000308 000050
[host_monotonic_s=125158.067548] 000309 000045
[host_monotonic_s=125158.069783] 000310 000058
[host_monotonic_s=125158.072061] 000311 000068
[host_monotonic_s=125158.074284] 000312 000046
[host_monotonic_s=125158.076773] 000313 000036
[host_monotonic_s=125158.079041] 000314 000047
[host_monotonic_s=125158.081281] 000315 000061
[host_monotonic_s=125158.083505] 000316 000053
[host_monotonic_s=125158.085980] 000317 000049
[host_monotonic_s=125158.088278] 000318 000066
[host_monotonic_s=125158.090575] 000319 000061
[host_monotonic_s=125158.092843] 000320 000063
[host_monotonic_s=125158.095103] 000321 000061
[host_monotonic_s=125158.097721] 000322 000069
[host_monotonic_s=125158.099953] 000323 000059
[host_monotonic_s=125158.102229] 000324 000078
[host_monotonic_s=125158.104520] 000325 000066
[host_monotonic_s=125158.106890] 000326 000064
[host_monotonic_s=125158.109153] 000327 000069
[host_monotonic_s=125158.111429] 000328 000066
[host_monotonic_s=125158.113717] 000329 000072
[host_monotonic_s=125158.116065] 000330 000094
[host_monotonic_s=125158.118427] 000331 000084
[host_monotonic_s=125158.120818] 000332 000079
[host_monotonic_s=125158.123115] 000333 000089
[host_monotonic_s=125158.125428] 000334 000073
[host_monotonic_s=125158.127778] 000335 000095
[host_monotonic_s=125158.130060] 000336 000095
[host_monotonic_s=125158.132329] 000337 000106
[host_monotonic_s=125158.134590] 000338 000110
[host_monotonic_s=125158.137209] 000339 000110
[host_monotonic_s=125158.139477] 000340 000102
[host_monotonic_s=125158.142038] 000341 000107
[host_monotonic_s=125158.144294] 000342 000093
[host_monotonic_s=125158.146745] 000343 000104
[host_monotonic_s=125158.149093] 000344 000122
[host_monotonic_s=125158.151364] 000345 000113
[host_monotonic_s=125158.153687] 000346 000113
[host_monotonic_s=125158.156028] 000347 000145
[host_monotonic_s=125158.158322] 000348 000144
[host_monotonic_s=125158.160618] 000349 000142
[host_monotonic_s=125158.162880] 000350 000173
[host_monotonic_s=125158.165227] 000351 000153
[host_monotonic_s=125158.167761] 000352 000160
[host_monotonic_s=125158.170016] 000353 000189
[host_monotonic_s=125158.172328] 000354 000224
[host_monotonic_s=125158.174656] 000355 000204
[host_monotonic_s=125158.177014] 000356 000218
[host_monotonic_s=125158.179295] 000357 000201
[host_monotonic_s=125158.181619] 000358 000227
[host_monotonic_s=125158.183870] 000359 000248
[host_monotonic_s=125158.186214] 000360 000286
[host_monotonic_s=125158.188564] 000361 000231
[host_monotonic_s=125158.190834] 000362 000261
[host_monotonic_s=125158.193077] 000363 000285
[host_monotonic_s=125158.195352] 000364 000284
[host_monotonic_s=125158.197738] 000365 000266
[host_monotonic_s=125158.199965] 000366 000263
[host_monotonic_s=125158.202236] 000367 000272
[host_monotonic_s=125158.204481] 000368 000273
[host_monotonic_s=125158.207034] 000369 000279
[host_monotonic_s=125158.209307] 000370 000266
[host_monotonic_s=125158.211556] 000371 000254
[host_monotonic_s=125158.213815] 000372 000256
[host_monotonic_s=125158.216344] 000373 000247
[host_monotonic_s=125158.218713] 000374 000269
[host_monotonic_s=125158.220974] 000375 000290
[host_monotonic_s=125158.223210] 000376 000247
[host_monotonic_s=125158.225465] 000377 000277
[host_monotonic_s=125158.227991] 000378 000244
[host_monotonic_s=125158.230254] 000379 000237
[host_monotonic_s=125158.232517] 000380 000228
[host_monotonic_s=125158.234771] 000381 000247
[host_monotonic_s=125158.237115] 000382 000262
[host_monotonic_s=125158.239414] 000383 000241
[host_monotonic_s=125158.241946] 000384 000261
[host_monotonic_s=125158.244182] 000385 000230
[host_monotonic_s=125158.246701] 000386 000242
[host_monotonic_s=125158.249038] 000387 000243
[host_monotonic_s=125158.251269] 000388 000242
[host_monotonic_s=125158.253582] 000389 000252
[host_monotonic_s=125158.256134] 000390 000212
[host_monotonic_s=125158.258475] 000391 000243
[host_monotonic_s=125158.260759] 000392 000247
[host_monotonic_s=125158.263056] 000393 000245
[host_monotonic_s=125158.265302] 000394 000249
[host_monotonic_s=125158.267838] 000395 000262
[host_monotonic_s=125158.270072] 000396 000318
[host_monotonic_s=125158.272313] 000397 000324
[host_monotonic_s=125158.274558] 000398 000404
[host_monotonic_s=125158.277077] 000399 000420
[host_monotonic_s=125158.279331] 000400 000458
[host_monotonic_s=125158.281587] 000401 000499
[host_monotonic_s=125158.283875] 000402 000610
[host_monotonic_s=125158.286315] 000403 000653
[host_monotonic_s=125158.288636] 000404 000742
[host_monotonic_s=125158.589310] 000405 000765
[host_monotonic_s=125158.589322] 000406 000868
[host_monotonic_s=125158.589324] 000407 000938
[host_monotonic_s=125158.589326] 000408 001041
[host_monotonic_s=125158.589328] 000409 001105
[host_monotonic_s=125158.589329] 000410 001204
[host_monotonic_s=125158.589331] 000411 001196
[host_monotonic_s=125158.589333] 000412 001274
[host_monotonic_s=125158.589334] 000413 001324
[host_monotonic_s=125158.589336] 000414 001270
[host_monotonic_s=125158.589337] 000415 001416
[host_monotonic_s=125158.589339] 000416 001395
[host_monotonic_s=125158.589340] 000417 001441
[host_monotonic_s=125158.589341] 000418 001439
[host_monotonic_s=125158.589342] 000419 001462
[host_monotonic_s=125158.589344] 000420 001488
[host_monotonic_s=125158.589345] 000421 001527
[host_monotonic_s=125158.589346] 000422 001554
[host_monotonic_s=125158.593297] 000423 001539
[host_monotonic_s=125158.597628] 000424 001614
[host_monotonic_s=125158.599902] 000425 001589
[host_monotonic_s=125158.602146] 000426 001733
[host_monotonic_s=125158.604391] 000427 001766
[host_monotonic_s=125158.606798] 000428 001715
[host_monotonic_s=125158.609254] 000429 001871
[host_monotonic_s=125158.611784] 000430 001863
[host_monotonic_s=125159.413043] 000431 001842
[host_monotonic_s=125159.413054] 000432 001908
[host_monotonic_s=125159.413056] 000433 001939
[host_monotonic_s=125159.413057] 000434 002073
[host_monotonic_s=125159.413059] 000435 002068
[host_monotonic_s=125159.413060] 000436 002192
[host_monotonic_s=125159.413061] 000437 002092
[host_monotonic_s=125159.413063] 000438 002222
[host_monotonic_s=125159.413064] 000439 002179
[host_monotonic_s=125159.413065] 000440 002275
[host_monotonic_s=125159.413067] 000441 002287
[host_monotonic_s=125159.413068] 000442 002379
[host_monotonic_s=125159.413069] 000443 002409
[host_monotonic_s=125159.413070] 000444 002579
[host_monotonic_s=125159.413071] 000445 002533
[host_monotonic_s=125159.413072] 000446 002609
[host_monotonic_s=125159.413073] 000447 002621
[host_monotonic_s=125159.413075] 000448 002720
[host_monotonic_s=125159.417708] 000449 002701
[host_monotonic_s=125159.422941] 000450 002815
[host_monotonic_s=125159.425999] 000451 002865
[host_monotonic_s=125159.428305] 000452 003039
[host_monotonic_s=125159.430555] 000453 003033
[host_monotonic_s=125159.432795] 000454 003046
[host_monotonic_s=125159.435028] 000455 003169
[host_monotonic_s=125159.437694] 000456 003333
[host_monotonic_s=125159.439946] 000457 003242
[host_monotonic_s=125159.442259] 000458 003248
[host_monotonic_s=125159.444503] 000459 003301
[host_monotonic_s=125159.447063] 000460 003351
[host_monotonic_s=125159.449343] 000461 003318
[host_monotonic_s=125159.451598] 000462 003482
[host_monotonic_s=125159.453844] 000463 003282
[host_monotonic_s=125159.456224] 000464 003468
[host_monotonic_s=125159.458453] 000465 003362
[host_monotonic_s=125159.461084] 000466 003272
[host_monotonic_s=125159.463342] 000467 003278
[host_monotonic_s=125159.465599] 000468 003304
[host_monotonic_s=125159.468318] 000469 003268
[host_monotonic_s=125159.470591] 000470 003290
[host_monotonic_s=125159.472848] 000471 003369
[host_monotonic_s=125159.475073] 000472 003302
[host_monotonic_s=125159.477636] 000473 003230
[host_monotonic_s=125159.479875] 000474 003284
[host_monotonic_s=125159.482134] 000475 003189
[host_monotonic_s=125159.484406] 000476 003354
[host_monotonic_s=125159.486944] 000477 003208
[host_monotonic_s=125159.489200] 000478 003360
[host_monotonic_s=125159.491435] 000479 003401
[host_monotonic_s=125159.493663] 000480 003505
[host_monotonic_s=125159.495988] 000481 003513
[host_monotonic_s=125159.498265] 000482 003760
[host_monotonic_s=125159.500544] 000483 003671
[host_monotonic_s=125159.502758] 000484 003958
[host_monotonic_s=125159.504978] 000485 004069
[host_monotonic_s=125159.507468] 000486 004325
[host_monotonic_s=125159.509742] 000487 004431
[host_monotonic_s=125159.511972] 000488 004672
[host_monotonic_s=125159.514325] 000489 004651
[host_monotonic_s=125159.516661] 000490 004904
[host_monotonic_s=125159.518931] 000491 005032
[host_monotonic_s=125159.521216] 000492 005298
[host_monotonic_s=125159.523471] 000493 005349
[host_monotonic_s=125159.525855] 000494 005693
[host_monotonic_s=125159.528104] 000495 005837
[host_monotonic_s=125159.530340] 000496 005937
[host_monotonic_s=125159.532639] 000497 006085
[host_monotonic_s=125159.534869] 000498 006284
[host_monotonic_s=125159.537302] 000499 006232
[host_monotonic_s=125159.539558] 000500 006530
[host_monotonic_s=125159.541886] 000501 006521
[host_monotonic_s=125159.544148] 000502 006705
[host_monotonic_s=125159.546747] 000503 006673
[host_monotonic_s=125159.549042] 000504 006786
[host_monotonic_s=125159.551316] 000505 006765
[host_monotonic_s=125159.553585] 000506 006836
[host_monotonic_s=125159.555932] 000507 006942
[host_monotonic_s=125159.558198] 000508 006941
[host_monotonic_s=125159.560436] 000509 006854
[host_monotonic_s=125159.562729] 000510 007128
[host_monotonic_s=125159.565008] 000511 007216
[host_monotonic_s=125159.567594] 000512 007357
[host_monotonic_s=125159.569849] 000513 007441
[host_monotonic_s=125159.572138] 000514 007728
[host_monotonic_s=125159.574407] 000515 007635
[host_monotonic_s=125159.576933] 000516 007640
[host_monotonic_s=125159.579200] 000517 007684
[host_monotonic_s=125159.581481] 000518 007832
[host_monotonic_s=125159.583736] 000519 007810
[host_monotonic_s=125159.586281] 000520 007926
[host_monotonic_s=125159.588553] 000521 007772
[host_monotonic_s=125159.590815] 000522 007973
[host_monotonic_s=125159.593102] 000523 007662
[host_monotonic_s=125159.595355] 000524 007705
[host_monotonic_s=125159.597723] 000525 007614
[host_monotonic_s=125159.599993] 000526 007681
[host_monotonic_s=125159.602303] 000527 007671
[host_monotonic_s=125159.604585] 000528 007702
[host_monotonic_s=125159.606965] 000529 007585
[host_monotonic_s=125159.609282] 000530 007482
[host_monotonic_s=125159.611552] 000531 007301
[host_monotonic_s=125159.613849] 000532 007305
[host_monotonic_s=125159.616346] 000533 007191
[host_monotonic_s=125159.618615] 000534 007314
[host_monotonic_s=125159.620876] 000535 006850
[host_monotonic_s=125159.623119] 000536 006927
[host_monotonic_s=125159.625364] 000537 006813
[host_monotonic_s=125159.627724] 000538 006709
[host_monotonic_s=125159.629982] 000539 006530
[host_monotonic_s=125159.632367] 000540 006520
[host_monotonic_s=125159.634621] 000541 006415
[host_monotonic_s=125159.637205] 000542 006474
[host_monotonic_s=125159.639462] 000543 006147
[host_monotonic_s=125159.641776] 000544 006487
[host_monotonic_s=125159.644065] 000545 006263
[host_monotonic_s=125159.646645] 000546 006318
[host_monotonic_s=125159.648938] 000547 006243
[host_monotonic_s=125159.651232] 000548 006028
[host_monotonic_s=125159.653473] 000549 005843
[host_monotonic_s=125159.655790] 000550 005571
[host_monotonic_s=125159.658108] 000551 005375
[host_monotonic_s=125159.660377] 000552 005412
[host_monotonic_s=125159.662639] 000553 004902
[host_monotonic_s=125159.963524] 000554 004899
[host_monotonic_s=125159.963541] 000555 004547
[host_monotonic_s=125159.963544] 000556 004443
[host_monotonic_s=125159.963547] 000557 004080
[host_monotonic_s=125159.963549] 000558 003990
[host_monotonic_s=125159.963551] 000559 003688
[host_monotonic_s=125159.963553] 000560 003616
[host_monotonic_s=125159.963555] 000561 003385
[host_monotonic_s=125159.963557] 000562 003365
[host_monotonic_s=125159.963559] 000563 003120
[host_monotonic_s=125159.963561] 000564 003011
[host_monotonic_s=125159.963563] 000565 002840
[host_monotonic_s=125159.963565] 000566 002802
[host_monotonic_s=125159.963567] 000567 002615
[host_monotonic_s=125159.963569] 000568 002450
[host_monotonic_s=125159.963570] 000569 002383
[host_monotonic_s=125159.963572] 000570 002181
[host_monotonic_s=125159.963574] 000571 002168
[host_monotonic_s=125159.969312] 000572 002195
[host_monotonic_s=125159.974796] 000573 001961
[host_monotonic_s=125159.977939] 000574 002002
[host_monotonic_s=125159.980222] 000575 001910
[host_monotonic_s=125159.982504] 000576 001842
[host_monotonic_s=125159.984771] 000577 001782
[host_monotonic_s=125159.987317] 000578 001769
[host_monotonic_s=125159.989588] 000579 001637
[host_monotonic_s=125159.991838] 000580 001560
[host_monotonic_s=125159.994072] 000581 001494
[host_monotonic_s=125159.996564] 000582 001431
[host_monotonic_s=125159.998842] 000583 001364
[host_monotonic_s=125160.001094] 000584 001340
[host_monotonic_s=125160.003323] 000585 001301
[host_monotonic_s=125160.005555] 000586 001249
[host_monotonic_s=125160.008116] 000587 001171
[host_monotonic_s=125160.010347] 000588 001153
[host_monotonic_s=125160.012602] 000589 001116
[host_monotonic_s=125160.014836] 000590 001109
[host_monotonic_s=125160.017199] 000591 001070
[host_monotonic_s=125160.019448] 000592 001162
[host_monotonic_s=125160.021692] 000593 001036
[host_monotonic_s=125160.023918] 000594 001001
[host_monotonic_s=125160.026280] 000595 000981
[host_monotonic_s=125160.028560] 000596 000964
[host_monotonic_s=125160.030814] 000597 000901
[host_monotonic_s=125160.033057] 000598 000921
[host_monotonic_s=125160.035305] 000599 000907
[host_monotonic_s=125160.037857] 000600 000920
[host_monotonic_s=125160.040089] 000601 000899
[host_monotonic_s=125160.042328] 000602 000924
[host_monotonic_s=125160.044558] 000603 000858
[host_monotonic_s=125160.046899] 000604 000875
[host_monotonic_s=125160.049199] 000605 000881
[host_monotonic_s=125160.051453] 000606 000884
[host_monotonic_s=125160.053722] 000607 000841
[host_monotonic_s=125160.056191] 000608 000854
[host_monotonic_s=125160.058613] 000609 000858
[host_monotonic_s=125160.060978] 000610 000884
[host_monotonic_s=125160.063367] 000611 000852
[host_monotonic_s=125160.066159] 000612 000905
[host_monotonic_s=125160.068493] 000613 000934
[host_monotonic_s=125160.070803] 000614 000916
[host_monotonic_s=125160.073143] 000615 000893
[host_monotonic_s=125160.075473] 000616 000899
[host_monotonic_s=125160.077989] 000617 000967
[host_monotonic_s=125160.080451] 000618 001015
[host_monotonic_s=125160.082797] 000619 000973
[host_monotonic_s=125160.085226] 000620 000987
[host_monotonic_s=125160.087723] 000621 001001
[host_monotonic_s=125160.089977] 000622 001083
[host_monotonic_s=125160.092265] 000623 001079
[host_monotonic_s=125160.094487] 000624 001087
[host_monotonic_s=125160.096862] 000625 001126
[host_monotonic_s=125160.099118] 000626 001163
[host_monotonic_s=125160.101380] 000627 001103
[host_monotonic_s=125160.103615] 000628 001089
[host_monotonic_s=125160.105917] 000629 001124
[host_monotonic_s=125160.108400] 000630 001133
[host_monotonic_s=125160.110785] 000631 001116
[host_monotonic_s=125160.113065] 000632 001114
[host_monotonic_s=125160.115339] 000633 001086
[host_monotonic_s=125160.117703] 000634 001133
[host_monotonic_s=125160.119967] 000635 001095
[host_monotonic_s=125160.122296] 000636 001132
[host_monotonic_s=125160.124576] 000637 001058
[host_monotonic_s=125160.126932] 000638 001038
[host_monotonic_s=125160.129251] 000639 001030
[host_monotonic_s=125160.131584] 000640 000997
[host_monotonic_s=125160.133846] 000641 001022
[host_monotonic_s=125160.136395] 000642 000934
[host_monotonic_s=125160.138696] 000643 000972
[host_monotonic_s=125160.140961] 000644 000936
[host_monotonic_s=125160.143218] 000645 000832
[host_monotonic_s=125160.145486] 000646 000880
[host_monotonic_s=125160.147936] 000647 000839
[host_monotonic_s=125160.150309] 000648 000856
[host_monotonic_s=125160.152585] 000649 000818
[host_monotonic_s=125160.154848] 000650 000764
[host_monotonic_s=125160.157415] 000651 000780
[host_monotonic_s=125160.159714] 000652 000799
[host_monotonic_s=125160.162094] 000653 000769
[host_monotonic_s=125160.164411] 000654 000764
[host_monotonic_s=125160.167110] 000655 000724
[host_monotonic_s=125160.169383] 000656 000708
[host_monotonic_s=125160.171671] 000657 000657
[host_monotonic_s=125160.173928] 000658 000662
[host_monotonic_s=125160.176519] 000659 000624
[host_monotonic_s=125160.178817] 000660 000648
[host_monotonic_s=125160.181066] 000661 000585
[host_monotonic_s=125160.183309] 000662 000603
[host_monotonic_s=125160.185567] 000663 000578
[host_monotonic_s=125160.187939] 000664 000588
[host_monotonic_s=125160.190221] 000665 000564
[host_monotonic_s=125160.192501] 000666 000527
[host_monotonic_s=125160.194756] 000667 000544
[host_monotonic_s=125160.197134] 000668 000495
[host_monotonic_s=125160.199468] 000669 000511
[host_monotonic_s=125160.201682] 000670 000548
[host_monotonic_s=125160.204004] 000671 000530
[host_monotonic_s=125160.206559] 000672 000505
[host_monotonic_s=125160.208838] 000673 000497
[host_monotonic_s=125160.211268] 000674 000509
[host_monotonic_s=125160.513666] 000675 000507
[host_monotonic_s=125160.513677] 000676 000482
[host_monotonic_s=125160.513679] 000677 000474
[host_monotonic_s=125160.513680] 000678 000481
[host_monotonic_s=125160.513682] 000679 000483
[host_monotonic_s=125160.513684] 000680 000458
[host_monotonic_s=125160.513685] 000681 000500
[host_monotonic_s=125160.513687] 000682 000469
[host_monotonic_s=125160.513688] 000683 000426
[host_monotonic_s=125160.513689] 000684 000467
[host_monotonic_s=125160.513691] 000685 000451
[host_monotonic_s=125160.513692] 000686 000469
[host_monotonic_s=125160.513694] 000687 000450
[host_monotonic_s=125160.513695] 000688 000419
[host_monotonic_s=125160.513696] 000689 000401
[host_monotonic_s=125160.513697] 000690 000430
[host_monotonic_s=125160.513699] 000691 000391
[host_monotonic_s=125160.513700] 000692 000401
[host_monotonic_s=125160.513701] 000693 000365
[host_monotonic_s=125160.518612] 000694 000363
[host_monotonic_s=125160.521297] 000695 000363
[host_monotonic_s=125160.523552] 000696 000375
[host_monotonic_s=125160.525871] 000697 000347
[host_monotonic_s=125160.528151] 000698 000348
[host_monotonic_s=125160.530390] 000699 000320
[host_monotonic_s=125160.532672] 000700 000330
[host_monotonic_s=125160.534926] 000701 000300
[host_monotonic_s=125160.537596] 000702 000336
[host_monotonic_s=125160.539808] 000703 000317
[host_monotonic_s=125161.341301] 000704 000295
[host_monotonic_s=125161.341312] 000705 000281
[host_monotonic_s=125161.341314] 000706 000265
[host_monotonic_s=125161.341316] 000707 000276
[host_monotonic_s=125161.341318] 000708 000303
[host_monotonic_s=125161.341320] 000709 000242
[host_monotonic_s=125161.341322] 000710 000253
[host_monotonic_s=125161.341323] 000711 000259
[host_monotonic_s=125161.341324] 000712 000246
[host_monotonic_s=125161.341326] 000713 000240
[host_monotonic_s=125161.341327] 000714 000221
[host_monotonic_s=125161.341329] 000715 000219
[host_monotonic_s=125161.341330] 000716 000208
[host_monotonic_s=125161.341331] 000717 000192
[host_monotonic_s=125161.341333] 000718 000218
[host_monotonic_s=125161.341334] 000719 000230
[host_monotonic_s=125161.341335] 000720 000201
[host_monotonic_s=125161.341336] 000721 000173
[host_monotonic_s=125161.345282] 000722 000170
[host_monotonic_s=125161.350865] 000723 000170
[host_monotonic_s=125161.353721] 000724 000151
[host_monotonic_s=125161.356308] 000725 000147
[host_monotonic_s=125161.358581] 000726 000158
[host_monotonic_s=125161.360856] 000727 000160
[host_monotonic_s=125161.363084] 000728 000148
[host_monotonic_s=125161.365363] 000729 000138
[host_monotonic_s=125161.367897] 000730 000157
[host_monotonic_s=125161.370137] 000731 000132
[host_monotonic_s=125161.372402] 000732 000126
[host_monotonic_s=125161.374657] 000733 000127
[host_monotonic_s=125161.377197] 000734 000142
[host_monotonic_s=125161.379436] 000735 000115
[host_monotonic_s=125161.381753] 000736 000145
[host_monotonic_s=125161.384015] 000737 000122
[host_monotonic_s=125161.386370] 000738 000130
[host_monotonic_s=125161.388687] 000739 000102
[host_monotonic_s=125161.390972] 000740 000107
[host_monotonic_s=125161.393256] 000741 000099
[host_monotonic_s=125161.395554] 000742 000112
[host_monotonic_s=125161.398160] 000743 000112
[host_monotonic_s=125161.400398] 000744 000106
[host_monotonic_s=125161.402719] 000745 000096
[host_monotonic_s=125161.405027] 000746 000095
[host_monotonic_s=125161.407481] 000747 000094
[host_monotonic_s=125161.409876] 000748 000101
[host_monotonic_s=125161.412192] 000749 000091
[host_monotonic_s=125161.414451] 000750 000089
[host_monotonic_s=125161.416832] 000751 000085
[host_monotonic_s=125161.419136] 000752 000093
[host_monotonic_s=125161.421420] 000753 000090
[host_monotonic_s=125161.423724] 000754 000083
[host_monotonic_s=125161.426407] 000755 000086
[host_monotonic_s=125161.428817] 000756 000079
[host_monotonic_s=125161.431140] 000757 000073
[host_monotonic_s=125161.433459] 000758 000082
[host_monotonic_s=125161.436038] 000759 000070
[host_monotonic_s=125161.438295] 000760 000080
[host_monotonic_s=125161.440606] 000761 000071
[host_monotonic_s=125161.443008] 000762 000091
[host_monotonic_s=125161.445302] 000763 000087
[host_monotonic_s=125161.448136] 000764 000069
[host_monotonic_s=125161.450386] 000765 000077
[host_monotonic_s=125161.452650] 000766 000070
[host_monotonic_s=125161.454934] 000767 000096
[host_monotonic_s=125161.457488] 000768 000080
[host_monotonic_s=125161.459743] 000769 000071
[host_monotonic_s=125161.462062] 000770 000079
[host_monotonic_s=125161.464332] 000771 000093
[host_monotonic_s=125161.466846] 000772 000075
[host_monotonic_s=125161.469362] 000773 000073
[host_monotonic_s=125161.471664] 000774 000083
[host_monotonic_s=125161.473944] 000775 000084
[host_monotonic_s=125161.476338] 000776 000073
[host_monotonic_s=125161.478670] 000777 000053
[host_monotonic_s=125161.480975] 000778 000075
[host_monotonic_s=125161.483211] 000779 000077
[host_monotonic_s=125161.485643] 000780 000082
[host_monotonic_s=125161.488317] 000781 000066
[host_monotonic_s=125161.490619] 000782 000083
[host_monotonic_s=125161.492867] 000783 000080
[host_monotonic_s=125161.495160] 000784 000073
[host_monotonic_s=125161.497741] 000785 000072
[host_monotonic_s=125161.500016] 000786 000067
[host_monotonic_s=125161.502298] 000787 000073
[host_monotonic_s=125161.504516] 000788 000090
[host_monotonic_s=125161.506854] 000789 000080
[host_monotonic_s=125161.509237] 000790 000087
[host_monotonic_s=125161.511640] 000791 000075
[host_monotonic_s=125161.514020] 000792 000071
[host_monotonic_s=125161.516702] 000793 000096
[host_monotonic_s=125161.519123] 000794 000106
[host_monotonic_s=125161.521532] 000795 000099
[host_monotonic_s=125161.523804] 000796 000081
[host_monotonic_s=125161.526363] 000797 000109
[host_monotonic_s=125161.528638] 000798 000086
[host_monotonic_s=125161.530961] 000799 000100
[host_monotonic_s=125161.533245] 000800 000104
[host_monotonic_s=125161.535604] 000801 000108
[host_monotonic_s=125161.537934] 000802 000105
[host_monotonic_s=125161.540271] 000803 000107
[host_monotonic_s=125161.542764] 000804 000112
[host_monotonic_s=125161.545043] 000805 000109
[host_monotonic_s=125161.547484] 000806 000125
[host_monotonic_s=125161.549746] 000807 000130
[host_monotonic_s=125161.552067] 000808 000142
[host_monotonic_s=125161.554363] 000809 000108
[host_monotonic_s=125161.556964] 000810 000142
[host_monotonic_s=125161.559245] 000811 000112
[host_monotonic_s=125161.561532] 000812 000134
[host_monotonic_s=125161.563812] 000813 000135
[host_monotonic_s=125161.566363] 000814 000154
[host_monotonic_s=125161.568665] 000815 000149
[host_monotonic_s=125161.570953] 000816 000132
[host_monotonic_s=125161.573230] 000817 000138
[host_monotonic_s=125161.575479] 000818 000163
[host_monotonic_s=125161.578021] 000819 000149
[host_monotonic_s=125161.580247] 000820 000154
[host_monotonic_s=125161.582536] 000821 000134
[host_monotonic_s=125161.584900] 000822 000183
[host_monotonic_s=125161.587505] 000823 000170
[host_monotonic_s=125161.589834] 000824 000177
[host_monotonic_s=125161.891628] 000825 000160
[host_monotonic_s=125161.891641] 000826 000146
[host_monotonic_s=125161.891644] 000827 000166
[host_monotonic_s=125161.891646] 000828 000173
[host_monotonic_s=125161.891648] 000829 000162
[host_monotonic_s=125161.891650] 000830 000174
[host_monotonic_s=125161.891652] 000831 000199
[host_monotonic_s=125161.891653] 000832 000186
[host_monotonic_s=125161.891655] 000833 000172
[host_monotonic_s=125161.891657] 000834 000181
[host_monotonic_s=125161.891658] 000835 000175
[host_monotonic_s=125161.891660] 000836 000184
[host_monotonic_s=125161.891662] 000837 000175
[host_monotonic_s=125161.891663] 000838 000193
[host_monotonic_s=125161.891665] 000839 000230
[host_monotonic_s=125161.891666] 000840 000211
[host_monotonic_s=125161.891668] 000841 000201
[host_monotonic_s=125161.891669] 000842 000200
[host_monotonic_s=125161.891671] 000843 000195
[host_monotonic_s=125161.899122] 000844 000193
[host_monotonic_s=125161.901551] 000845 000203
[host_monotonic_s=125161.903914] 000846 000220
[host_monotonic_s=125161.906325] 000847 000183
[host_monotonic_s=125161.908639] 000848 000207
[host_monotonic_s=125161.910919] 000849 000204
[host_monotonic_s=125161.913204] 000850 000215
[host_monotonic_s=125161.915450] 000851 000190
[host_monotonic_s=125161.917992] 000852 000176
[host_monotonic_s=125161.920230] 000853 000213
[host_monotonic_s=125161.922499] 000854 000177
[host_monotonic_s=125161.924730] 000855 000174
[host_monotonic_s=125161.927062] 000856 000178
[host_monotonic_s=125161.929312] 000857 000184
[host_monotonic_s=125161.931561] 000858 000171
[host_monotonic_s=125161.933794] 000859 000177
[host_monotonic_s=125161.936109] 000860 000173
[host_monotonic_s=125161.938378] 000861 000177
[host_monotonic_s=125161.940632] 000862 000183
[host_monotonic_s=125161.942875] 000863 000173
[host_monotonic_s=125161.945108] 000864 000153
[host_monotonic_s=125161.947457] 000865 000149
[host_monotonic_s=125161.949692] 000866 000147
[host_monotonic_s=125161.951960] 000867 000143
[host_monotonic_s=125161.954187] 000868 000149
[host_monotonic_s=125161.956548] 000869 000139
[host_monotonic_s=125161.958812] 000870 000146
[host_monotonic_s=125161.961076] 000871 000130
[host_monotonic_s=125161.963318] 000872 000132
[host_monotonic_s=125161.965557] 000873 000130
[host_monotonic_s=125161.968116] 000874 000131
[host_monotonic_s=125161.970360] 000875 000132
[host_monotonic_s=125161.972609] 000876 000122
[host_monotonic_s=125161.974859] 000877 000101
[host_monotonic_s=125161.977506] 000878 000126
[host_monotonic_s=125161.979791] 000879 000105
[host_monotonic_s=125161.982051] 000880 000101
[host_monotonic_s=125161.984330] 000881 000103
[host_monotonic_s=125161.986701] 000882 000100
[host_monotonic_s=125161.988993] 000883 000088
[host_monotonic_s=125161.991300] 000884 000096
[host_monotonic_s=125161.993677] 000885 000100
[host_monotonic_s=125161.996214] 000886 000117
[host_monotonic_s=125161.998502] 000887 000101
[host_monotonic_s=125162.000805] 000888 000095
[host_monotonic_s=125162.003064] 000889 000092
[host_monotonic_s=125162.005330] 000890 000111
[host_monotonic_s=125162.007715] 000891 000085
[host_monotonic_s=125162.010021] 000892 000088
[host_monotonic_s=125162.012369] 000893 000082
[host_monotonic_s=125162.014646] 000894 000079
[host_monotonic_s=125162.017037] 000895 000079
[host_monotonic_s=125162.019351] 000896 000059
[host_monotonic_s=125162.021715] 000897 000086
[host_monotonic_s=125162.023970] 000898 000075
[host_monotonic_s=125162.026462] 000899 000061
[host_monotonic_s=125162.028764] 000900 000080
[host_monotonic_s=125162.031038] 000901 000060
[host_monotonic_s=125162.033279] 000902 000068
[host_monotonic_s=125162.035537] 000903 000057
[host_monotonic_s=125162.038139] 000904 000072
[host_monotonic_s=125162.040394] 000905 000068
[host_monotonic_s=125162.042670] 000906 000053
[host_monotonic_s=125162.044966] 000907 000058
[host_monotonic_s=125162.047339] 000908 000049
[host_monotonic_s=125162.049578] 000909 000052
[host_monotonic_s=125162.051893] 000910 000068
[host_monotonic_s=125162.054229] 000911 000045
[host_monotonic_s=125162.056553] 000912 000053
[host_monotonic_s=125162.058859] 000913 000037
[host_monotonic_s=125162.061154] 000914 000035
[host_monotonic_s=125162.063421] 000915 000049
[host_monotonic_s=125162.065684] 000916 000063
[host_monotonic_s=125162.068060] 000917 000043
[host_monotonic_s=125162.070379] 000918 000059
[host_monotonic_s=125162.072680] 000919 000047
[host_monotonic_s=125162.074943] 000920 000049
[host_monotonic_s=125162.077553] 000921 000049
[host_monotonic_s=125162.079853] 000922 000056
[host_monotonic_s=125162.082098] 000923 000041
[host_monotonic_s=125162.084393] 000924 000054
[host_monotonic_s=125162.086748] 000925 000037
[host_monotonic_s=125162.089066] 000926 000040
[host_monotonic_s=125162.091379] 000927 000056
[host_monotonic_s=125162.093734] 000928 000053
[host_monotonic_s=125162.096325] 000929 000042
[host_monotonic_s=125162.098649] 000930 000041
[host_monotonic_s=125162.100960] 000931 000038
[host_monotonic_s=125162.103193] 000932 000045
[host_monotonic_s=125162.105443] 000933 000036
[host_monotonic_s=125162.107801] 000934 000026
[host_monotonic_s=125162.110056] 000935 000033
[host_monotonic_s=125162.112365] 000936 000032
[host_monotonic_s=125162.114640] 000937 000031
[host_monotonic_s=125162.117199] 000938 000032
[host_monotonic_s=125162.119453] 000939 000023
[host_monotonic_s=125162.121739] 000940 000027
[host_monotonic_s=125162.123982] 000941 000039
[host_monotonic_s=125162.126496] 000942 000031
[host_monotonic_s=125162.128759] 000943 000032
[host_monotonic_s=125162.131034] 000944 000036
[host_monotonic_s=125162.133317] 000945 000018
[host_monotonic_s=125162.135594] 000946 000033
[host_monotonic_s=125162.137986] 000947 000026
[host_monotonic_s=125162.140309] 000948 000027
[host_monotonic_s=125162.442049] 000949 000014
[host_monotonic_s=125162.442062] 000950 000022
[host_monotonic_s=125162.442064] 000951 000027
[host_monotonic_s=125162.442066] 000952 000030
[host_monotonic_s=125162.442068] 000953 000020
[host_monotonic_s=125162.442070] 000954 000030
[host_monotonic_s=125162.442072] 000955 000031
[host_monotonic_s=125162.442073] 000956 000021
[host_monotonic_s=125162.442075] 000957 000024
[host_monotonic_s=125162.442076] 000958 000025
[host_monotonic_s=125162.442078] 000959 000023
[host_monotonic_s=125162.442080] 000960 000032
[host_monotonic_s=125162.442081] 000961 000027
[host_monotonic_s=125162.442083] 000962 000026
[host_monotonic_s=125162.442084] 000963 000019
[host_monotonic_s=125162.442086] 000964 000027
[host_monotonic_s=125162.442087] 000965 000022
[host_monotonic_s=125162.442088] 000966 000026
[host_monotonic_s=125162.442090] 000967 000027
[host_monotonic_s=125162.448822] 000968 000020
[host_monotonic_s=125162.451081] 000969 000017
[host_monotonic_s=125162.453312] 000970 000019
[host_monotonic_s=125162.455548] 000971 000020
[host_monotonic_s=125162.458097] 000972 000018
[host_monotonic_s=125162.460344] 000973 000021
[host_monotonic_s=125162.462610] 000974 000015
[host_monotonic_s=125162.464856] 000975 000021
[host_monotonic_s=125162.467416] 000976 000016
[host_monotonic_s=125163.269078] 000977 000015
[host_monotonic_s=125163.269090] 000978 000024
[host_monotonic_s=125163.269092] 000979 000021
[host_monotonic_s=125163.269094] 000980 000020
[host_monotonic_s=125163.269096] 000981 000021
[host_monotonic_s=125163.269097] 000982 000016
[host_monotonic_s=125163.269099] 000983 000019
[host_monotonic_s=125163.269101] 000984 000012
[host_monotonic_s=125163.269102] 000985 000012
[host_monotonic_s=125163.269104] 000986 000014
[host_monotonic_s=125163.269105] 000987 000011
[host_monotonic_s=125163.269106] 000988 000013
[host_monotonic_s=125163.269108] 000989 000015
[host_monotonic_s=125163.269109] 000990 000012
[host_monotonic_s=125163.269110] 000991 000015
[host_monotonic_s=125163.269111] 000992 000016
[host_monotonic_s=125163.269113] 000993 000018
[host_monotonic_s=125163.269114] 000994 000018
[host_monotonic_s=125163.271829] 000995 000016
[host_monotonic_s=125163.276569] 000996 000014
[host_monotonic_s=125163.278868] 000997 000011
[host_monotonic_s=125163.281129] 000998 000012
[host_monotonic_s=125163.283398] 000999 000013
[host_monotonic_s=125163.285638] 001000 000014
[host_monotonic_s=125163.288186] 001001 000011
[host_monotonic_s=125163.290432] 001002 000019
[host_monotonic_s=125163.292707] 001003 000017
[host_monotonic_s=125163.294963] 001004 000012
[host_monotonic_s=125163.297382] 001005 000015
[host_monotonic_s=125163.299619] 001006 000010
[host_monotonic_s=125163.301892] 001007 000011
[host_monotonic_s=125163.304146] 001008 000016
[host_monotonic_s=125163.306495] 001009 000013
[host_monotonic_s=125163.308735] 001010 000014
[host_monotonic_s=125163.310987] 001011 000005
[host_monotonic_s=125163.313238] 001012 000009
[host_monotonic_s=125163.315473] 001013 000020
[host_monotonic_s=125163.318003] 001014 000012
[host_monotonic_s=125163.320236] 001015 000010
[host_monotonic_s=125163.322492] 001016 000013
[host_monotonic_s=125163.324725] 001017 000016
[host_monotonic_s=125163.327272] 001018 000009
[host_monotonic_s=125163.329520] 001019 000011
[host_monotonic_s=125163.331799] 001020 000012
[host_monotonic_s=125163.334057] 001021 000007
[host_monotonic_s=125163.336391] 001022 000012
[host_monotonic_s=125163.338656] 001023 000004
[host_monotonic_s=125163.340892] 001024 000011
[host_monotonic_s=125163.343140] 001025 000008
[host_monotonic_s=125163.345377] 001028 000001
[host_monotonic_s=125163.348223] 001029 000007
[host_monotonic_s=125163.350480] 001030 000005
[host_monotonic_s=125163.352728] 001031 000008
[host_monotonic_s=125163.355009] 001032 000012
[host_monotonic_s=125163.357967] 001033 000003
[host_monotonic_s=125163.360237] 001034 000011
[host_monotonic_s=125163.362484] 001035 000009
[host_monotonic_s=125163.364740] 001036 000010
[host_monotonic_s=125163.367130] 001037 000009
[host_monotonic_s=125163.369428] 001038 000006
[host_monotonic_s=125163.371804] 001039 000008
[host_monotonic_s=125163.374098] 001040 000005
[host_monotonic_s=125163.376482] 001041 000007
[host_monotonic_s=125163.378739] 001042 000009
[host_monotonic_s=125163.381036] 001043 000009
[host_monotonic_s=125163.383389] 001044 000011
[host_monotonic_s=125163.385689] 001045 000005
[host_monotonic_s=125163.388253] 001046 000007
[host_monotonic_s=125163.390693] 001047 000005
[host_monotonic_s=125163.392950] 001048 000005
[host_monotonic_s=125163.395217] 001049 000006
[host_monotonic_s=125163.397744] 001050 000006
[host_monotonic_s=125163.400100] 001051 000011
[host_monotonic_s=125163.402345] 001052 000009
[host_monotonic_s=125163.404578] 001053 000007
[host_monotonic_s=125163.406952] 001054 000004
[host_monotonic_s=125163.409261] 001055 000007
[host_monotonic_s=125163.411541] 001056 000007
[host_monotonic_s=125163.413789] 001057 000006
[host_monotonic_s=125163.416094] 001058 000003
[host_monotonic_s=125163.418363] 001059 000005
[host_monotonic_s=125163.420607] 001060 000005
[host_monotonic_s=125163.422842] 001061 000001
[host_monotonic_s=125163.425081] 001062 000004
[host_monotonic_s=125163.427675] 001063 000008
[host_monotonic_s=125163.429930] 001064 000004
[host_monotonic_s=125163.432168] 001065 000005
[host_monotonic_s=125163.434391] 001066 000002
[host_monotonic_s=125163.436706] 001067 000003
[host_monotonic_s=125163.438977] 001068 000004
[host_monotonic_s=125163.441273] 001069 000005
[host_monotonic_s=125163.443499] 001070 000005
[host_monotonic_s=125163.445830] 001071 000009
[host_monotonic_s=125163.448068] 001072 000002
[host_monotonic_s=125163.450296] 001073 000004
[host_monotonic_s=125163.452560] 001074 000003
[host_monotonic_s=125163.454803] 001075 000001
[host_monotonic_s=125163.457393] 001076 000004
[host_monotonic_s=125163.459651] 001077 000005
[host_monotonic_s=125163.461933] 001078 000003
[host_monotonic_s=125163.464176] 001079 000006
[host_monotonic_s=125163.466505] 001080 000005
[host_monotonic_s=125163.468765] 001081 000008
[host_monotonic_s=125163.471043] 001082 000004
[host_monotonic_s=125163.473273] 001083 000004
[host_monotonic_s=125163.475513] 001084 000005
[host_monotonic_s=125163.477835] 001085 000001
[host_monotonic_s=125163.480116] 001086 000006
[host_monotonic_s=125163.482516] 001087 000005
[host_monotonic_s=125163.484754] 001088 000005
[host_monotonic_s=125163.487168] 001089 000004
[host_monotonic_s=125163.489447] 001090 000004
[host_monotonic_s=125163.491762] 001091 000003
[host_monotonic_s=125163.494035] 001092 000007
[host_monotonic_s=125163.496583] 001093 000006
[host_monotonic_s=125163.498870] 001094 000005
[host_monotonic_s=125163.501114] 001095 000003
[host_monotonic_s=125163.503357] 001096 000003
[host_monotonic_s=125163.505597] 001097 000002
[host_monotonic_s=125163.508140] 001098 000002
[host_monotonic_s=125163.510371] 001099 000001
[host_monotonic_s=125163.512606] 001100 000003
[host_monotonic_s=125163.514852] 001101 000002
[host_monotonic_s=125163.517441] 001102 000001
[host_monotonic_s=125163.819383] 001103 000004
[host_monotonic_s=125163.819393] 001104 000007
[host_monotonic_s=125163.819395] 001105 000004
[host_monotonic_s=125163.819397] 001106 000003
[host_monotonic_s=125163.819399] 001107 000005
[host_monotonic_s=125163.819400] 001108 000004
[host_monotonic_s=125163.819402] 001109 000004
[host_monotonic_s=125163.819403] 001111 000004
[host_monotonic_s=125163.819404] 001112 000003
[host_monotonic_s=125163.819405] 001114 000002
[host_monotonic_s=125163.819407] 001115 000003
[host_monotonic_s=125163.819408] 001116 000002
[host_monotonic_s=125163.819409] 001117 000003
[host_monotonic_s=125163.819410] 001118 000003
[host_monotonic_s=125163.819411] 001119 000004
[host_monotonic_s=125163.819412] 001120 000003
[host_monotonic_s=125163.819413] 001121 000006
[host_monotonic_s=125163.819414] 001122 000002
[host_monotonic_s=125163.819415] 001123 000001
[host_monotonic_s=125163.825627] 001124 000005
[host_monotonic_s=125163.829073] 001125 000004
[host_monotonic_s=125163.831416] 001126 000005
[host_monotonic_s=125163.833678] 001127 000001
[host_monotonic_s=125163.836222] 001128 000003
[host_monotonic_s=125163.838475] 001129 000002
[host_monotonic_s=125163.840735] 001130 000003
[host_monotonic_s=125163.842970] 001131 000001
[host_monotonic_s=125163.845211] 001132 000001
[host_monotonic_s=125163.847736] 001133 000003
[host_monotonic_s=125163.850082] 001134 000002
[host_monotonic_s=125163.852367] 001137 000001
[host_monotonic_s=125163.854595] 001138 000002
[host_monotonic_s=125163.856918] 001139 000006
[host_monotonic_s=125163.859204] 001140 000001
[host_monotonic_s=125163.861456] 001141 000003
[host_monotonic_s=125163.863682] 001142 000002
[host_monotonic_s=125163.866448] 001143 000004
[host_monotonic_s=125163.868879] 001144 000001
[host_monotonic_s=125163.871133] 001146 000001
[host_monotonic_s=125163.873372] 001147 000003
[host_monotonic_s=125163.875614] 001148 000002
[host_monotonic_s=125163.878177] 001149 000001
[host_monotonic_s=125163.880502] 001150 000003
[host_monotonic_s=125163.882724] 001151 000002
[host_monotonic_s=125163.884990] 001152 000001
[host_monotonic_s=125163.887383] 001153 000002
[host_monotonic_s=125163.889636] 001154 000004
[host_monotonic_s=125163.891891] 001155 000006
[host_monotonic_s=125163.894189] 001156 000003
[host_monotonic_s=125163.896727] 001157 000004
[host_monotonic_s=125163.899016] 001159 000003
[host_monotonic_s=125163.901288] 001160 000001
[host_monotonic_s=125163.903522] 001161 000003
[host_monotonic_s=125163.905822] 001162 000003
[host_monotonic_s=125163.908092] 001163 000002
[host_monotonic_s=125163.910321] 001164 000002
[host_monotonic_s=125163.912583] 001165 000001
[host_monotonic_s=125163.914826] 001167 000002
[host_monotonic_s=125163.917171] 001168 000001
[host_monotonic_s=125163.919409] 001169 000002
[host_monotonic_s=125163.922031] 001170 000001
[host_monotonic_s=125163.924297] 001171 000005
[host_monotonic_s=125163.926960] 001172 000004
[host_monotonic_s=125163.929230] 001173 000001
[host_monotonic_s=125163.931497] 001175 000001
[host_monotonic_s=125163.933843] 001176 000002
[host_monotonic_s=125163.936379] 001177 000001
[host_monotonic_s=125163.938679] 001179 000003
[host_monotonic_s=125163.941152] 001181 000004
[host_monotonic_s=125163.943378] 001182 000004
[host_monotonic_s=125163.946147] 001183 000002
[host_monotonic_s=125163.948434] 001184 000003
[host_monotonic_s=125163.950798] 001185 000002
[host_monotonic_s=125163.953129] 001186 000001
[host_monotonic_s=125163.955362] 001187 000001
[host_monotonic_s=125163.957759] 001189 000002
[host_monotonic_s=125163.960021] 001191 000003
[host_monotonic_s=125163.962328] 001192 000001
[host_monotonic_s=125163.964569] 001193 000003
[host_monotonic_s=125163.967082] 001194 000001
[host_monotonic_s=125163.969368] 001195 000001
[host_monotonic_s=125163.971629] 001196 000001
[host_monotonic_s=125163.973874] 001198 000003
[host_monotonic_s=125163.976254] 001199 000002
[host_monotonic_s=125163.978556] 001200 000001
[host_monotonic_s=125163.980934] 001201 000002
[host_monotonic_s=125163.983151] 001202 000002
[host_monotonic_s=125163.985470] 001204 000001
[host_monotonic_s=125163.988064] 001205 000001
[host_monotonic_s=125163.990348] 001208 000001
[host_monotonic_s=125163.992604] 001209 000002
[host_monotonic_s=125163.994867] 001210 000001
[host_monotonic_s=125163.997180] 001212 000002
[host_monotonic_s=125163.999440] 001213 000002
[host_monotonic_s=125164.001737] 001214 000002
[host_monotonic_s=125164.004000] 001216 000003
[host_monotonic_s=125164.006325] 001217 000002
[host_monotonic_s=125164.008575] 001218 000001
[host_monotonic_s=125164.010900] 001219 000003
[host_monotonic_s=125164.013176] 001220 000001
[host_monotonic_s=125164.015412] 001221 000001
[host_monotonic_s=125164.017955] 001222 000001
[host_monotonic_s=125164.020257] 001223 000001
[host_monotonic_s=125164.022503] 001224 000001
[host_monotonic_s=125164.024775] 001225 000003
[host_monotonic_s=125164.027390] 001226 000001
[host_monotonic_s=125164.029668] 001227 000001
[host_monotonic_s=125164.031950] 001228 000001
[host_monotonic_s=125164.034221] 001229 000001
[host_monotonic_s=125164.036818] 001230 000001
[host_monotonic_s=125164.039152] 001232 000001
[host_monotonic_s=125164.041446] 001233 000001
[host_monotonic_s=125164.043734] 001234 000002
[host_monotonic_s=125164.046048] 001235 000001
[host_monotonic_s=125164.048334] 001236 000001
[host_monotonic_s=125164.050622] 001237 000001
[host_monotonic_s=125164.052890] 001239 000001
[host_monotonic_s=125164.055182] 001240 000003
[host_monotonic_s=125164.057712] 001242 000001
[host_monotonic_s=125164.059968] 001244 000002
[host_monotonic_s=125164.062250] 001245 000001
[host_monotonic_s=125164.064549] 001246 000002
[host_monotonic_s=125164.066893] 001247 000001
[host_monotonic_s=125164.369891] 001248 000002
[host_monotonic_s=125164.369905] 001249 000002
[host_monotonic_s=125164.369908] 001250 000003
[host_monotonic_s=125164.369910] 001252 000001
[host_monotonic_s=125164.369912] 001253 000001
[host_monotonic_s=125164.369914] 001255 000001
[host_monotonic_s=125164.369916] 001257 000003
[host_monotonic_s=125164.369918] 001258 000001
[host_monotonic_s=125164.369920] 001259 000001
[host_monotonic_s=125164.369922] 001260 000001
[host_monotonic_s=125164.369924] 001261 000004
[host_monotonic_s=125164.369926] 001262 000001
[host_monotonic_s=125164.369928] 001264 000001
[host_monotonic_s=125164.369929] 001266 000002
[host_monotonic_s=125164.369931] 001267 000003
[host_monotonic_s=125164.369933] 001268 000004
[host_monotonic_s=125164.369934] 001269 000004
[host_monotonic_s=125164.369935] 001270 000006
[host_monotonic_s=125164.369937] 001271 000003
[host_monotonic_s=125164.377306] 001272 000008
[host_monotonic_s=125164.381661] 001273 000001
[host_monotonic_s=125164.384149] 001274 000006
[host_monotonic_s=125164.386505] 001275 000004
[host_monotonic_s=125164.388854] 001276 000005
[host_monotonic_s=125164.391083] 001277 000009
[host_monotonic_s=125164.393328] 001278 000005
[host_monotonic_s=125165.195106] 001279 000005
[host_monotonic_s=125165.195118] 001280 000010
[host_monotonic_s=125165.195120] 001281 000003
[host_monotonic_s=125165.195122] 001282 000007
[host_monotonic_s=125165.195124] 001283 000009
[host_monotonic_s=125165.195126] 001284 000007
[host_monotonic_s=125165.195127] 001285 000008
[host_monotonic_s=125165.195129] 001286 000006
[host_monotonic_s=125165.195130] 001287 000010
[host_monotonic_s=125165.195132] 001288 000008
[host_monotonic_s=125165.195133] 001289 000006
[host_monotonic_s=125165.195135] 001290 000006
[host_monotonic_s=125165.195136] 001291 000010
[host_monotonic_s=125165.195137] 001292 000014
[host_monotonic_s=125165.195138] 001293 000008
[host_monotonic_s=125165.195139] 001294 000006
[host_monotonic_s=125165.195141] 001295 000006
[host_monotonic_s=125165.195142] 001296 000009
[host_monotonic_s=125165.203364] 001297 000007
[host_monotonic_s=125165.203840] 001298 000011
[host_monotonic_s=125165.207796] 001299 000014
[host_monotonic_s=125165.210314] 001300 000015
[host_monotonic_s=125165.212578] 001301 000006
[host_monotonic_s=125165.214816] 001302 000007
[host_monotonic_s=125165.217409] 001303 000006
[host_monotonic_s=125165.219657] 001304 000006
[host_monotonic_s=125165.221933] 001305 000006
[host_monotonic_s=125165.224190] 001306 000009
[host_monotonic_s=125165.226786] 001307 000009
[host_monotonic_s=125165.229019] 001308 000006
[host_monotonic_s=125165.231279] 001309 000010
[host_monotonic_s=125165.233521] 001310 000005
[host_monotonic_s=125165.235882] 001311 000007
[host_monotonic_s=125165.238172] 001312 000006
[host_monotonic_s=125165.240472] 001313 000005
[host_monotonic_s=125165.242693] 001314 000003
[host_monotonic_s=125165.244926] 001315 000008
[host_monotonic_s=125165.247545] 001316 000005
[host_monotonic_s=125165.249825] 001317 000004
[host_monotonic_s=125165.252109] 001318 000004
[host_monotonic_s=125165.254372] 001319 000006
[host_monotonic_s=125165.256701] 001320 000006
[host_monotonic_s=125165.258954] 001321 000006
[host_monotonic_s=125165.261263] 001322 000006
[host_monotonic_s=125165.263470] 001323 000005
[host_monotonic_s=125165.265779] 001324 000003
[host_monotonic_s=125165.268045] 001325 000012
[host_monotonic_s=125165.270285] 001326 000007
[host_monotonic_s=125165.272535] 001327 000005
[host_monotonic_s=125165.274774] 001328 000008
[host_monotonic_s=125165.277340] 001329 000003
[host_monotonic_s=125165.279634] 001330 000004
[host_monotonic_s=125165.281865] 001331 000006
[host_monotonic_s=125165.284248] 001332 000001
[host_monotonic_s=125165.286778] 001333 000007
[host_monotonic_s=125165.289081] 001334 000004
[host_monotonic_s=125165.291318] 001335 000009
[host_monotonic_s=125165.293551] 001336 000002
[host_monotonic_s=125165.295951] 001337 000004
[host_monotonic_s=125165.298473] 001338 000003
[host_monotonic_s=125165.300752] 001339 000008
[host_monotonic_s=125165.303012] 001340 000004
[host_monotonic_s=125165.305240] 001341 000004
[host_monotonic_s=125165.307932] 001342 000003
[host_monotonic_s=125165.310180] 001343 000003
[host_monotonic_s=125165.312474] 001344 000003
[host_monotonic_s=125165.314730] 001345 000005
[host_monotonic_s=125165.317269] 001346 000005
[host_monotonic_s=125165.319644] 001347 000002
[host_monotonic_s=125165.321777] 001348 000005
[host_monotonic_s=125165.324038] 001349 000004
[host_monotonic_s=125165.326553] 001350 000001
[host_monotonic_s=125165.328816] 001351 000005
[host_monotonic_s=125165.331083] 001352 000002
[host_monotonic_s=125165.333313] 001353 000006
[host_monotonic_s=125165.335535] 001354 000005
[host_monotonic_s=125165.338038] 001355 000005
[host_monotonic_s=125165.340272] 001356 000002
[host_monotonic_s=125165.342537] 001357 000003
[host_monotonic_s=125165.344767] 001358 000004
[host_monotonic_s=125165.347234] 001359 000008
[host_monotonic_s=125165.349526] 001360 000003
[host_monotonic_s=125165.351911] 001361 000001
[host_monotonic_s=125165.354191] 001362 000004
[host_monotonic_s=125165.356555] 001363 000003
[host_monotonic_s=125165.358836] 001364 000004
[host_monotonic_s=125165.361118] 001365 000001
[host_monotonic_s=125165.363362] 001366 000001
[host_monotonic_s=125165.365610] 001367 000003
[host_monotonic_s=125165.368201] 001368 000005
[host_monotonic_s=125165.370435] 001369 000001
[host_monotonic_s=125165.372703] 001370 000001
[host_monotonic_s=125165.374980] 001371 000002
[host_monotonic_s=125165.377367] 001372 000005
[host_monotonic_s=125165.379732] 001373 000006
[host_monotonic_s=125165.382014] 001374 000001
[host_monotonic_s=125165.384289] 001376 000003
[host_monotonic_s=125165.386645] 001377 000003
[host_monotonic_s=125165.388942] 001378 000003
[host_monotonic_s=125165.391213] 001379 000003
[host_monotonic_s=125165.393468] 001380 000002
[host_monotonic_s=125165.395779] 001381 000003
[host_monotonic_s=125165.398178] 001382 000001
[host_monotonic_s=125165.400420] 001384 000002
[host_monotonic_s=125165.402701] 001385 000001
[host_monotonic_s=125165.404942] 001386 000001
[host_monotonic_s=125165.407493] 001387 000002
[host_monotonic_s=125165.409738] 001388 000002
[host_monotonic_s=125165.411992] 001389 000002
[host_monotonic_s=125165.414253] 001390 000003
[host_monotonic_s=125165.416573] 001391 000001
[host_monotonic_s=125165.418828] 001392 000002
[host_monotonic_s=125165.421072] 001394 000002
[host_monotonic_s=125165.423309] 001395 000002
[host_monotonic_s=125165.425601] 001396 000002
[host_monotonic_s=125165.428169] 001397 000003
[host_monotonic_s=125165.430423] 001398 000001
[host_monotonic_s=125165.432731] 001399 000003
[host_monotonic_s=125165.434962] 001400 000003
[host_monotonic_s=125165.437336] 001401 000004
[host_monotonic_s=125165.439633] 001403 000002
[host_monotonic_s=125165.441931] 001404 000003
[host_monotonic_s=125165.444196] 001406 000003
[host_monotonic_s=125165.745696] 001407 000002
[host_monotonic_s=125165.745710] 001411 000003
[host_monotonic_s=125165.745713] 001412 000001
[host_monotonic_s=125165.745715] 001415 000001
[host_monotonic_s=125165.745717] 001416 000002
[host_monotonic_s=125165.745719] 001418 000001
[host_monotonic_s=125165.745721] 001419 000004
[host_monotonic_s=125165.745723] 001420 000001
[host_monotonic_s=125165.745725] 001421 000002
[host_monotonic_s=125165.745727] 001422 000003
[host_monotonic_s=125165.745729] 001423 000001
[host_monotonic_s=125165.745730] 001424 000003
[host_monotonic_s=125165.745732] 001425 000002
[host_monotonic_s=125165.745734] 001426 000002
[host_monotonic_s=125165.745735] 001427 000002
[host_monotonic_s=125165.745737] 001428 000002
[host_monotonic_s=125165.745738] 001429 000002
[host_monotonic_s=125165.745740] 001430 000002
[host_monotonic_s=125165.748370] 001431 000004
[host_monotonic_s=125165.753126] 001432 000001
[host_monotonic_s=125165.755410] 001433 000004
[host_monotonic_s=125165.757770] 001434 000001
[host_monotonic_s=125165.759998] 001435 000001
[host_monotonic_s=125165.762280] 001436 000003
[host_monotonic_s=125165.764508] 001437 000001
[host_monotonic_s=125165.766892] 001438 000001
[host_monotonic_s=125165.769219] 001439 000003
[host_monotonic_s=125165.771483] 001440 000002
[host_monotonic_s=125165.773728] 001441 000001
[host_monotonic_s=125165.776281] 001442 000003
[host_monotonic_s=125165.778610] 001443 000001
[host_monotonic_s=125165.780875] 001444 000001
[host_monotonic_s=125165.783163] 001445 000002
[host_monotonic_s=125165.785462] 001446 000003
[host_monotonic_s=125165.787872] 001447 000001
[host_monotonic_s=125165.790190] 001448 000001
[host_monotonic_s=125165.792440] 001449 000003
[host_monotonic_s=125165.794745] 001450 000004
[host_monotonic_s=125165.797321] 001451 000002
[host_monotonic_s=125165.799566] 001452 000002
[host_monotonic_s=125165.801835] 001453 000003
[host_monotonic_s=125165.804080] 001455 000004
[host_monotonic_s=125165.806392] 001456 000006
[host_monotonic_s=125165.808686] 001457 000005
[host_monotonic_s=125165.810940] 001458 000004
[host_monotonic_s=125165.813197] 001459 000002
[host_monotonic_s=125165.815439] 001460 000002
[host_monotonic_s=125165.817781] 001461 000001
[host_monotonic_s=125165.820027] 001462 000002
[host_monotonic_s=125165.822315] 001463 000004
[host_monotonic_s=125165.824563] 001464 000003
[host_monotonic_s=125165.827074] 001465 000002
[host_monotonic_s=125165.829337] 001466 000003
[host_monotonic_s=125165.831564] 001468 000003
[host_monotonic_s=125165.833837] 001469 000001
[host_monotonic_s=125165.836208] 001470 000004
[host_monotonic_s=125165.838505] 001471 000002
[host_monotonic_s=125165.840776] 001472 000004
[host_monotonic_s=125165.843051] 001473 000004
[host_monotonic_s=125165.845319] 001474 000002
[host_monotonic_s=125165.848075] 001475 000002
[host_monotonic_s=125165.850351] 001476 000003
[host_monotonic_s=125165.852624] 001477 000002
[host_monotonic_s=125165.854910] 001478 000002
[host_monotonic_s=125165.857329] 001479 000003
[host_monotonic_s=125165.859572] 001480 000001
[host_monotonic_s=125165.861820] 001481 000006
[host_monotonic_s=125165.864077] 001482 000003
[host_monotonic_s=125165.866387] 001483 000001
[host_monotonic_s=125165.868650] 001484 000004
[host_monotonic_s=125165.870886] 001485 000001
[host_monotonic_s=125165.873165] 001486 000001
[host_monotonic_s=125165.875421] 001487 000003
[host_monotonic_s=125165.877826] 001488 000001
[host_monotonic_s=125165.880071] 001489 000006
[host_monotonic_s=125165.882350] 001490 000002
[host_monotonic_s=125165.884596] 001491 000001
[host_monotonic_s=125165.886953] 001492 000002
[host_monotonic_s=125165.889256] 001493 000001
[host_monotonic_s=125165.891684] 001494 000003
[host_monotonic_s=125165.894068] 001495 000001
[host_monotonic_s=125165.896483] 001496 000003
[host_monotonic_s=125165.898809] 001497 000002
[host_monotonic_s=125165.901190] 001498 000001
[host_monotonic_s=125165.903610] 001499 000001
[host_monotonic_s=125165.905949] 001500 000002
[host_monotonic_s=125165.908257] 001502 000002
[host_monotonic_s=125165.910523] 001503 000002
[host_monotonic_s=125165.912780] 001504 000002
[host_monotonic_s=125165.915054] 001505 000001
[host_monotonic_s=125165.917425] 001506 000002
[host_monotonic_s=125165.919671] 001508 000005
[host_monotonic_s=125165.922019] 001509 000001
[host_monotonic_s=125165.924273] 001510 000002
[host_monotonic_s=125165.926833] 001511 000002
[host_monotonic_s=125165.929117] 001512 000001
[host_monotonic_s=125165.931390] 001514 000003
[host_monotonic_s=125165.933643] 001516 000002
[host_monotonic_s=125165.936023] 001517 000001
[host_monotonic_s=125165.938323] 001518 000003
[host_monotonic_s=125165.940604] 001519 000003
[host_monotonic_s=125165.942842] 001520 000002
[host_monotonic_s=125165.945105] 001521 000002
[host_monotonic_s=125165.947723] 001522 000002
[host_monotonic_s=125165.949964] 001523 000001
[host_monotonic_s=125165.952222] 001524 000003
[host_monotonic_s=125165.954491] 001525 000003
[host_monotonic_s=125165.956896] 001526 000002
[host_monotonic_s=125165.959195] 001527 000002
[host_monotonic_s=125165.961492] 001528 000001
[host_monotonic_s=125165.963752] 001529 000002
[host_monotonic_s=125165.966194] 001530 000005
[host_monotonic_s=125165.968513] 001531 000002
[host_monotonic_s=125165.970850] 001532 000006
[host_monotonic_s=125165.973131] 001533 000002
[host_monotonic_s=125165.975503] 001534 000001
[host_monotonic_s=125165.978011] 001535 000001
[host_monotonic_s=125165.980433] 001536 000003
[host_monotonic_s=125165.982767] 001537 000001
[host_monotonic_s=125165.985017] 001538 000002
[host_monotonic_s=125165.987568] 001539 000001
[host_monotonic_s=125165.989858] 001540 000003
[host_monotonic_s=125165.992266] 001541 000002
[host_monotonic_s=125165.994658] 001542 000004
[host_monotonic_s=125166.296022] 001543 000003
[host_monotonic_s=125166.296033] 001544 000004
[host_monotonic_s=125166.296035] 001545 000001
[host_monotonic_s=125166.296037] 001546 000002
[host_monotonic_s=125166.296038] 001547 000002
[host_monotonic_s=125166.296040] 001548 000005
[host_monotonic_s=125166.296042] 001549 000002
[host_monotonic_s=125166.296043] 001550 000003
[host_monotonic_s=125166.296045] 001551 000002
[host_monotonic_s=125166.296046] 001553 000004
[host_monotonic_s=125166.296048] 001554 000001
[host_monotonic_s=125166.296049] 001555 000004
[host_monotonic_s=125166.296050] 001556 000001
[host_monotonic_s=125166.296051] 001557 000003
[host_monotonic_s=125166.296053] 001558 000004
[host_monotonic_s=125166.296054] 001559 000003
[host_monotonic_s=125166.296055] 001560 000003
[host_monotonic_s=125166.296057] 001561 000001
[host_monotonic_s=125166.298642] 001562 000003
[host_monotonic_s=125166.303762] 001563 000003
[host_monotonic_s=125166.306068] 001564 000003
[host_monotonic_s=125166.308369] 001565 000003
[host_monotonic_s=125166.310618] 001566 000002
[host_monotonic_s=125166.312846] 001567 000002
[host_monotonic_s=125166.315093] 001568 000001
[host_monotonic_s=125166.317628] 001569 000002
[host_monotonic_s=125167.119549] 001570 000004
[host_monotonic_s=125167.119565] 001571 000002
[host_monotonic_s=125167.119569] 001572 000005
[host_monotonic_s=125167.119572] 001573 000002
[host_monotonic_s=125167.119575] 001574 000005
[host_monotonic_s=125167.119577] 001575 000001
[host_monotonic_s=125167.119579] 001576 000002
[host_monotonic_s=125167.119582] 001577 000002
[host_monotonic_s=125167.119583] 001579 000004
[host_monotonic_s=125167.119586] 001580 000001
[host_monotonic_s=125167.119588] 001581 000002
[host_monotonic_s=125167.119589] 001582 000002
[host_monotonic_s=125167.119591] 001583 000002
[host_monotonic_s=125167.119593] 001584 000006
[host_monotonic_s=125167.119595] 001585 000003
[host_monotonic_s=125167.119597] 001586 000005
[host_monotonic_s=125167.119598] 001587 000002
[host_monotonic_s=125167.119600] 001588 000002
[host_monotonic_s=125167.122351] 001589 000004
[host_monotonic_s=125167.128411] 001590 000002
[host_monotonic_s=125167.130784] 001591 000002
[host_monotonic_s=125167.133184] 001592 000003
[host_monotonic_s=125167.135566] 001593 000003
[host_monotonic_s=125167.137980] 001594 000005
[host_monotonic_s=125167.140232] 001596 000002
[host_monotonic_s=125167.142504] 001597 000001
[host_monotonic_s=125167.144869] 001598 000001
[host_monotonic_s=125167.147489] 001599 000001
[host_monotonic_s=125167.150334] 001601 000001
[host_monotonic_s=125167.152726] 001602 000001
[host_monotonic_s=125167.155059] 001603 000004
[host_monotonic_s=125167.157636] 001605 000001
[host_monotonic_s=125167.160108] 001608 000001
[host_monotonic_s=125167.162514] 001610 000002
[host_monotonic_s=125167.164892] 001611 000001
[host_monotonic_s=125167.167557] 001612 000001
[host_monotonic_s=125167.169803] 001613 000001
[host_monotonic_s=125167.172102] 001614 000001
[host_monotonic_s=125167.174325] 001615 000003
[host_monotonic_s=125167.176802] 001616 000001
[host_monotonic_s=125167.178996] 001617 000002
[host_monotonic_s=125167.181271] 001618 000002
[host_monotonic_s=125167.183510] 001622 000001
[host_monotonic_s=125167.186054] 001623 000001
[host_monotonic_s=125167.188367] 001627 000001
[host_monotonic_s=125167.190677] 001628 000001
[host_monotonic_s=125167.192971] 001629 000002
[host_monotonic_s=125167.195250] 001631 000002
[host_monotonic_s=125167.197654] 001632 000001
[host_monotonic_s=125167.199937] 001635 000002
[host_monotonic_s=125167.202189] 001636 000001
[host_monotonic_s=125167.204475] 001638 000001
[host_monotonic_s=125167.207044] 001640 000002
[host_monotonic_s=125167.209312] 001643 000002
[host_monotonic_s=125167.211580] 001644 000002
[host_monotonic_s=125167.213833] 001647 000001
[host_monotonic_s=125167.216169] 001648 000001
[host_monotonic_s=125167.218430] 001649 000002
[host_monotonic_s=125167.220692] 001651 000002
[host_monotonic_s=125167.223000] 001652 000002
[host_monotonic_s=125167.225249] 001654 000001
[host_monotonic_s=125167.227829] 001655 000001
[host_monotonic_s=125167.230138] 001656 000003
[host_monotonic_s=125167.232393] 001659 000001
[host_monotonic_s=125167.234654] 001662 000001
[host_monotonic_s=125167.237280] 001664 000002
[host_monotonic_s=125167.239589] 001665 000001
[host_monotonic_s=125167.241851] 001668 000001
[host_monotonic_s=125167.244119] 001670 000001
[host_monotonic_s=125167.246632] 001671 000001
[host_monotonic_s=125167.248896] 001672 000001
[host_monotonic_s=125167.251159] 001674 000002
[host_monotonic_s=125167.253438] 001676 000001
[host_monotonic_s=125167.255793] 001678 000003
[host_monotonic_s=125167.258095] 001680 000001
[host_monotonic_s=125167.260360] 001682 000001
[host_monotonic_s=125167.262630] 001684 000001
[host_monotonic_s=125167.264883] 001686 000001
[host_monotonic_s=125167.267235] 001687 000001
[host_monotonic_s=125167.269487] 001688 000002
[host_monotonic_s=125167.271755] 001689 000001
[host_monotonic_s=125167.273989] 001690 000002
[host_monotonic_s=125167.276336] 001694 000001
[host_monotonic_s=125167.278681] 001697 000002
[host_monotonic_s=125167.280949] 001700 000001
[host_monotonic_s=125167.283231] 001701 000001
[host_monotonic_s=125167.285477] 001702 000002
[host_monotonic_s=125167.287897] 001703 000001
[host_monotonic_s=125167.290138] 001706 000001
[host_monotonic_s=125167.292385] 001710 000001
[host_monotonic_s=125167.294632] 001711 000003
[host_monotonic_s=125167.297231] 001712 000003
[host_monotonic_s=125167.299500] 001713 000002
[host_monotonic_s=125167.301743] 001714 000002
[host_monotonic_s=125167.303994] 001715 000002
[host_monotonic_s=125167.306336] 001717 000002
[host_monotonic_s=125167.308620] 001719 000001
[host_monotonic_s=125167.310878] 001721 000003
[host_monotonic_s=125167.313111] 001722 000001
[host_monotonic_s=125167.315349] 001723 000001
[host_monotonic_s=125167.317773] 001724 000001
[host_monotonic_s=125167.320060] 001725 000003
[host_monotonic_s=125167.322434] 001727 000001
[host_monotonic_s=125167.324705] 001728 000001
[host_monotonic_s=125167.327338] 001730 000001
[host_monotonic_s=125167.329593] 001731 000001
[host_monotonic_s=125167.331885] 001732 000003
[host_monotonic_s=125167.334299] 001733 000001
[host_monotonic_s=125167.336617] 001734 000002
[host_monotonic_s=125167.338881] 001736 000001
[host_monotonic_s=125167.341134] 001741 000002
[host_monotonic_s=125167.343491] 001748 000001
[host_monotonic_s=125167.345857] 001749 000001
[host_monotonic_s=125167.348283] 001752 000001
[host_monotonic_s=125167.350659] 001756 000001
[host_monotonic_s=125167.352955] 001765 000001
[host_monotonic_s=125167.355200] 001767 000001
[host_monotonic_s=125167.357536] 001772 000001
[host_monotonic_s=125167.359786] 001774 000001
[host_monotonic_s=125167.362062] 001775 000001
[host_monotonic_s=125167.364292] 001780 000001
[host_monotonic_s=125167.366645] 001781 000001
[host_monotonic_s=125167.368911] 001785 000001
[host_monotonic_s=125167.669751] 001787 000001
[host_monotonic_s=125167.669762] 001790 000003
[host_monotonic_s=125167.669764] 001793 000001
[host_monotonic_s=125167.669766] 001794 000001
[host_monotonic_s=125167.669767] 001795 000001
[host_monotonic_s=125167.669769] 001798 000001
[host_monotonic_s=125167.669771] 001802 000002
[host_monotonic_s=125167.669772] 001803 000001
[host_monotonic_s=125167.669773] 001804 000002
[host_monotonic_s=125167.669775] 001810 000002
[host_monotonic_s=125167.669776] 001813 000001
[host_monotonic_s=125167.669778] 001818 000001
[host_monotonic_s=125167.669779] 001821 000001
[host_monotonic_s=125167.669781] 001826 000002
[host_monotonic_s=125167.669782] 001835 000001
[host_monotonic_s=125167.669783] 001845 000001
[host_monotonic_s=125167.669784] 001850 000002
[host_monotonic_s=125167.669786] 001861 000001
[host_monotonic_s=125167.673054] 001867 000002
[host_monotonic_s=125167.678498] 001895 000002
[host_monotonic_s=125167.680748] 001906 000001
[host_monotonic_s=125167.682982] 001920 000001
[host_monotonic_s=125167.685221] 001925 000001
[host_monotonic_s=125167.687567] 001931 000001
[host_monotonic_s=125167.689796] 001938 000002
[host_monotonic_s=125167.692063] 001941 000001
[host_monotonic_s=125167.694302] 001942 000001
[host_monotonic_s=125167.696611] 001944 000001
[host_monotonic_s=125167.698880] 001960 000001
[host_monotonic_s=125167.701127] 001966 000001
[host_monotonic_s=125167.703367] 001981 000002
[host_monotonic_s=125167.705649] 001983 000001
[host_monotonic_s=125167.707998] 002007 000001
[host_monotonic_s=125167.710288] 002049 000001
[host_monotonic_s=125167.712565] 002058 000001
[host_monotonic_s=125167.714958] 002060 000001
[host_monotonic_s=125167.717279] 002067 000001
[host_monotonic_s=125167.719545] 002071 000001
[host_monotonic_s=125167.721825] 002097 000001
[host_monotonic_s=125167.724113] 002106 000001
[host_monotonic_s=125167.726688] 002112 000001
[host_monotonic_s=125167.728972] 002171 000001
[host_monotonic_s=125167.731257] 002192 000001
[host_monotonic_s=125167.733503] 002200 000001
[host_monotonic_s=125167.735810] 002210 000001
[host_monotonic_s=125167.738079] 002214 000001
[host_monotonic_s=125167.740309] 002247 000001
[host_monotonic_s=125167.742574] 002260 000001
[host_monotonic_s=125167.744804] 002263 000001
[host_monotonic_s=125167.747388] 002271 000001
[host_monotonic_s=125167.749649] 002280 000001
[host_monotonic_s=125167.751902] 002317 000001
[host_monotonic_s=125167.754138] 002324 000001
[host_monotonic_s=125167.756659] 002340 000001
[host_monotonic_s=125167.758910] 002354 000001
[host_monotonic_s=125167.761174] 002355 000001
[host_monotonic_s=125167.763411] 002359 000002
[host_monotonic_s=125167.765647] 002379 000001
[host_monotonic_s=125167.768017] 002380 000001
[host_monotonic_s=125167.770473] 002401 000001
[host_monotonic_s=125167.772674] 002429 000001
[host_monotonic_s=125167.774911] 002445 000001
[host_monotonic_s=125167.777496] 002485 000001
[host_monotonic_s=125167.779793] 002490 000001
[host_monotonic_s=125167.782089] 002499 000001
[host_monotonic_s=125167.784328] 002502 000001
[host_monotonic_s=125167.787020] 002507 000001
[host_monotonic_s=125167.789298] 002527 000002
[host_monotonic_s=125167.791587] 002528 000001
[host_monotonic_s=125167.793838] 002529 000001
[host_monotonic_s=125167.796352] 002530 000001
[host_monotonic_s=125167.798624] 002533 000002
[host_monotonic_s=125167.800891] 002535 000002
[host_monotonic_s=125167.803151] 002537 000001
[host_monotonic_s=125167.805386] 002539 000001
[host_monotonic_s=125167.807762] 002541 000001
[host_monotonic_s=125167.810127] 002542 000001
[host_monotonic_s=125167.812355] 002544 000001
[host_monotonic_s=125167.814598] 002548 000001
[host_monotonic_s=125167.816925] 002549 000001
[host_monotonic_s=125167.819259] 002551 000005
[host_monotonic_s=125167.821552] 002552 000001
[host_monotonic_s=125167.823819] 002553 000001
[host_monotonic_s=125167.826336] 002555 000003
[host_monotonic_s=125167.828616] 002556 000003
[host_monotonic_s=125167.830869] 002557 000002
[host_monotonic_s=125167.833138] 002559 000002
[host_monotonic_s=125167.835369] 002560 000003
[host_monotonic_s=125167.837709] 002561 000001
[host_monotonic_s=125167.839955] 002562 000001
[host_monotonic_s=125167.842215] 002564 000004
[host_monotonic_s=125167.844466] 002565 000002
[host_monotonic_s=125167.846790] 002566 000003
[host_monotonic_s=125167.849070] 002567 000003
[host_monotonic_s=125167.851333] 002568 000002
[host_monotonic_s=125167.853573] 002569 000001
[host_monotonic_s=125167.856115] 002570 000004
[host_monotonic_s=125167.858387] 002571 000004
[host_monotonic_s=125167.860653] 002572 000001
[host_monotonic_s=125167.862894] 002573 000002
[host_monotonic_s=125167.865136] 002574 000001
[host_monotonic_s=125167.867513] 002575 000002
[host_monotonic_s=125167.869755] 002576 000002
[host_monotonic_s=125167.872060] 002577 000004
[host_monotonic_s=125167.874315] 002578 000005
[host_monotonic_s=125167.876702] 002579 000001
[host_monotonic_s=125167.878997] 002580 000001
[host_monotonic_s=125167.881266] 002581 000001
[host_monotonic_s=125167.883516] 002582 000001
[host_monotonic_s=125167.886043] 002583 000003
[host_monotonic_s=125167.888296] 002584 000004
[host_monotonic_s=125167.890623] 002585 000001
[host_monotonic_s=125167.892826] 002586 000004
[host_monotonic_s=125167.895070] 002587 000003
[host_monotonic_s=125167.897419] 002588 000001
[host_monotonic_s=125167.899660] 002589 000003
[host_monotonic_s=125167.901987] 002590 000005
[host_monotonic_s=125167.904209] 002591 000002
[host_monotonic_s=125167.906546] 002592 000001
[host_monotonic_s=125167.908881] 002594 000001
[host_monotonic_s=125167.911241] 002595 000001
[host_monotonic_s=125167.913563] 002596 000003
[host_monotonic_s=125167.916191] 002597 000003
[host_monotonic_s=125167.918521] 002599 000002
[host_monotonic_s=125168.220063] 002600 000001
[host_monotonic_s=125168.220075] 002601 000001
[host_monotonic_s=125168.220077] 002602 000004
[host_monotonic_s=125168.220079] 002603 000004
[host_monotonic_s=125168.220080] 002604 000003
[host_monotonic_s=125168.220082] 002605 000003
[host_monotonic_s=125168.220083] 002606 000003
[host_monotonic_s=125168.220085] 002608 000002
[host_monotonic_s=125168.220086] 002609 000002
[host_monotonic_s=125168.220087] 002611 000002
[host_monotonic_s=125168.220089] 002613 000002
[host_monotonic_s=125168.220090] 002614 000002
[host_monotonic_s=125168.220092] 002615 000001
[host_monotonic_s=125168.220093] 002616 000001
[host_monotonic_s=125168.220094] 002617 000001
[host_monotonic_s=125168.220095] 002618 000001
[host_monotonic_s=125168.220096] 002619 000004
[host_monotonic_s=125168.220098] 002620 000001
[host_monotonic_s=125168.220099] 002623 000001
[host_monotonic_s=125168.226881] 002624 000001
[host_monotonic_s=125168.229149] 002626 000001
[host_monotonic_s=125168.231390] 002628 000002
[host_monotonic_s=125168.233652] 002630 000001
[host_monotonic_s=125168.235991] 002635 000003
[host_monotonic_s=125168.238268] 002636 000001
[host_monotonic_s=125168.240676] 002637 000001
[host_monotonic_s=125169.042718] 002641 000001
[host_monotonic_s=125169.042732] 002642 000001
[host_monotonic_s=125169.042734] 002645 000001
[host_monotonic_s=125169.042737] 002651 000001
[host_monotonic_s=125169.042739] 002652 000001
[host_monotonic_s=125169.042740] 002658 000001
[host_monotonic_s=125169.042742] 002663 000003
[host_monotonic_s=125169.042744] 002666 000001
[host_monotonic_s=125169.042745] 002671 000001
[host_monotonic_s=125169.042747] 002675 000001
[host_monotonic_s=125169.042749] 002681 000001
[host_monotonic_s=125169.042751] 002683 000001
[host_monotonic_s=125169.042752] 002684 000001
[host_monotonic_s=125169.042754] 002687 000001
[host_monotonic_s=125169.042756] 002689 000001
[host_monotonic_s=125169.042757] 002692 000001
[host_monotonic_s=125169.042758] 002694 000001
[host_monotonic_s=125169.042760] 002696 000002
[host_monotonic_s=125169.042762] 002697 000001
[host_monotonic_s=125169.049840] 002699 000001
[host_monotonic_s=125169.052031] 002700 000003
[host_monotonic_s=125169.054251] 002702 000001
[host_monotonic_s=125169.056560] 002705 000001
[host_monotonic_s=125169.058852] 002706 000002
[host_monotonic_s=125169.061091] 002707 000001
[host_monotonic_s=125169.063337] 002708 000003
[host_monotonic_s=125169.065576] 002710 000002
[host_monotonic_s=125169.067944] 002712 000001
[host_monotonic_s=125169.070181] 002714 000001
[host_monotonic_s=125169.072427] 002715 000001
[host_monotonic_s=125169.074673] 002716 000002
[host_monotonic_s=125169.076984] 002717 000001
[host_monotonic_s=125169.079251] 002718 000002
[host_monotonic_s=125169.081526] 002720 000002
[host_monotonic_s=125169.083776] 002721 000002
[host_monotonic_s=125169.086103] 002722 000001
[host_monotonic_s=125169.088391] 002724 000003
[host_monotonic_s=125169.090652] 002725 000001
[host_monotonic_s=125169.092896] 002726 000001
[host_monotonic_s=125169.095172] 002730 000001
[host_monotonic_s=125169.097819] 002732 000001
[host_monotonic_s=125169.100231] 002733 000001
[host_monotonic_s=125169.102482] 002735 000001
[host_monotonic_s=125169.104722] 002736 000002
[host_monotonic_s=125169.107357] 002737 000001
[host_monotonic_s=125169.109586] 002741 000001
[host_monotonic_s=125169.111814] 002743 000001
[host_monotonic_s=125169.114063] 002744 000003
[host_monotonic_s=125169.116614] 002746 000001
[host_monotonic_s=125169.118991] 002748 000001
[host_monotonic_s=125169.121238] 002749 000001
[host_monotonic_s=125169.123487] 002750 000001
[host_monotonic_s=125169.126025] 002752 000001
[host_monotonic_s=125169.128304] 002753 000001
[host_monotonic_s=125169.130652] 002756 000001
[host_monotonic_s=125169.132862] 002757 000001
[host_monotonic_s=125169.135099] 002759 000001
[host_monotonic_s=125169.137658] 002763 000001
[host_monotonic_s=125169.139997] 002766 000001
[host_monotonic_s=125169.142433] 002769 000003
[host_monotonic_s=125169.144762] 002773 000002
[host_monotonic_s=125169.147323] 002776 000001
[host_monotonic_s=125169.149686] 002777 000001
[host_monotonic_s=125169.151943] 002787 000001
[host_monotonic_s=125169.154197] 002794 000002
[host_monotonic_s=125169.156722] 002795 000001
[host_monotonic_s=125169.159011] 002800 000001
[host_monotonic_s=125169.161291] 002802 000001
[host_monotonic_s=125169.163529] 002803 000001
[host_monotonic_s=125169.166056] 002809 000001
[host_monotonic_s=125169.168397] 002812 000002
[host_monotonic_s=125169.170658] 002822 000001
[host_monotonic_s=125169.172930] 002823 000001
[host_monotonic_s=125169.175179] 002844 000001
[host_monotonic_s=125169.177726] 002846 000001
[host_monotonic_s=125169.179964] 002854 000001
[host_monotonic_s=125169.182279] 002855 000001
[host_monotonic_s=125169.184531] 002864 000001
[host_monotonic_s=125169.186873] 002884 000001
[host_monotonic_s=125169.189168] 002886 000001
[host_monotonic_s=125169.191434] 002889 000001
[host_monotonic_s=125169.193683] 002898 000001
[host_monotonic_s=125169.196396] 002900 000001
[host_monotonic_s=125169.198682] 002908 000001
[host_monotonic_s=125169.200958] 002926 000002
[host_monotonic_s=125169.203146] 002927 000001
[host_monotonic_s=125169.205387] 002935 000001
[host_monotonic_s=125169.207772] 002942 000001
[host_monotonic_s=125169.209999] 002943 000001
[host_monotonic_s=125169.212347] 002944 000001
[host_monotonic_s=125169.214547] 002947 000001
[host_monotonic_s=125169.217108] 002948 000001
[host_monotonic_s=125169.219417] 002953 000001
[host_monotonic_s=125169.221680] 002967 000001
[host_monotonic_s=125169.223931] 002972 000001
[host_monotonic_s=125169.226299] 002983 000001
[host_monotonic_s=125169.228626] 003001 000001
[host_monotonic_s=125169.230877] 003006 000001
[host_monotonic_s=125169.233146] 003020 000001
[host_monotonic_s=125169.235452] 003024 000001
[host_monotonic_s=125169.238004] 003035 000001
[host_monotonic_s=125169.240281] 003117 000001
[host_monotonic_s=125169.242522] 003159 000001
[host_monotonic_s=125169.244815] 003167 000001
[host_monotonic_s=125169.247168] 003174 000001
[host_monotonic_s=125169.249518] 003198 000001
[host_monotonic_s=125169.251762] 003208 000001
[host_monotonic_s=125169.254189] 003234 000001
[host_monotonic_s=125169.256743] 003267 000001
[host_monotonic_s=125169.259042] 003315 000001
[host_monotonic_s=125169.261335] 003326 000001
[host_monotonic_s=125169.263563] 003339 000001
[host_monotonic_s=125169.265889] 003391 000001
[host_monotonic_s=125169.268159] 003409 000001
[host_monotonic_s=125169.270391] 003414 000001
[host_monotonic_s=125169.272649] 003423 000001
[host_monotonic_s=125169.274880] 003431 000001
[host_monotonic_s=125169.277407] 003448 000001
[host_monotonic_s=125169.279645] 003471 000001
[host_monotonic_s=125169.281903] 003487 000001
[host_monotonic_s=125169.284144] 003496 000001
[host_monotonic_s=125169.286508] 003513 000002
[host_monotonic_s=125169.288781] 003515 000001
[host_monotonic_s=125169.291060] 003520 000001
[host_monotonic_s=125169.593033] 003538 000001
[host_monotonic_s=125169.593048] 003542 000001
[host_monotonic_s=125169.593050] 003543 000001
[host_monotonic_s=125169.593053] 003545 000001
[host_monotonic_s=125169.593055] 003547 000001
[host_monotonic_s=125169.593057] 003548 000001
[host_monotonic_s=125169.593059] 003551 000001
[host_monotonic_s=125169.593061] 003554 000004
[host_monotonic_s=125169.593063] 003555 000001
[host_monotonic_s=125169.593065] 003556 000001
[host_monotonic_s=125169.593066] 003557 000002
[host_monotonic_s=125169.593068] 003560 000001
[host_monotonic_s=125169.593070] 003561 000001
[host_monotonic_s=125169.593072] 003562 000001
[host_monotonic_s=125169.593073] 003565 000003
[host_monotonic_s=125169.593075] 003566 000002
[host_monotonic_s=125169.593076] 003567 000001
[host_monotonic_s=125169.593078] 003568 000002
[host_monotonic_s=125169.593080] 003570 000002
[host_monotonic_s=125169.599690] 003571 000001
[host_monotonic_s=125169.601944] 003572 000001
[host_monotonic_s=125169.604194] 003573 000001
[host_monotonic_s=125169.606724] 003574 000001
[host_monotonic_s=125169.609035] 003575 000005
[host_monotonic_s=125169.611262] 003576 000006
[host_monotonic_s=125169.613505] 003577 000003
[host_monotonic_s=125169.616054] 003578 000001
[host_monotonic_s=125169.618371] 003579 000004
[host_monotonic_s=125169.620653] 003580 000002
[host_monotonic_s=125169.622874] 003581 000005
[host_monotonic_s=125169.625113] 003582 000003
[host_monotonic_s=125169.627827] 003583 000002
[host_monotonic_s=125169.630060] 003584 000003
[host_monotonic_s=125169.632335] 003585 000001
[host_monotonic_s=125169.634580] 003586 000002
[host_monotonic_s=125169.636983] 003587 000004
[host_monotonic_s=125169.639304] 003588 000003
[host_monotonic_s=125169.641603] 003589 000001
[host_monotonic_s=125169.643837] 003590 000003
[host_monotonic_s=125169.646185] 003591 000002
[host_monotonic_s=125169.648485] 003592 000005
[host_monotonic_s=125169.650785] 003593 000001
[host_monotonic_s=125169.653059] 003594 000001
[host_monotonic_s=125169.655291] 003595 000006
[host_monotonic_s=125169.657657] 003596 000001
[host_monotonic_s=125169.659889] 003597 000002
[host_monotonic_s=125169.662167] 003598 000002
[host_monotonic_s=125169.664398] 003599 000002
[host_monotonic_s=125169.666719] 003600 000004
[host_monotonic_s=125169.668980] 003601 000001
[host_monotonic_s=125169.671233] 003602 000001
[host_monotonic_s=125169.673528] 003603 000002
[host_monotonic_s=125169.676063] 003604 000005
[host_monotonic_s=125169.678292] 003605 000001
[host_monotonic_s=125169.680615] 003606 000002
[host_monotonic_s=125169.682772] 003608 000002
[host_monotonic_s=125169.685012] 003609 000001
[host_monotonic_s=125169.687536] 003611 000002
[host_monotonic_s=125169.689778] 003613 000002
[host_monotonic_s=125169.692013] 003615 000001
[host_monotonic_s=125169.694350] 003616 000001
[host_monotonic_s=125169.696889] 003617 000001
[host_monotonic_s=125169.699433] 003619 000001
[host_monotonic_s=125169.701675] 003620 000001
[host_monotonic_s=125169.703928] 003626 000001
[host_monotonic_s=125169.706604] 003627 000001
[host_monotonic_s=125169.708879] 003629 000002
[host_monotonic_s=125169.711206] 003630 000002
[host_monotonic_s=125169.713457] 003632 000003
[host_monotonic_s=125169.716025] 003635 000002
[host_monotonic_s=125169.718350] 003637 000001
[host_monotonic_s=125169.720682] 003638 000001
[host_monotonic_s=125169.722876] 003641 000001
[host_monotonic_s=125169.725134] 003646 000002
[host_monotonic_s=125169.727487] 003648 000001
[host_monotonic_s=125169.729749] 003654 000001
[host_monotonic_s=125169.732053] 003656 000001
[host_monotonic_s=125169.734292] 003659 000001
[host_monotonic_s=125169.736637] 003660 000001
[host_monotonic_s=125169.738888] 003667 000001
[host_monotonic_s=125169.741173] 003668 000002
[host_monotonic_s=125169.743398] 003669 000001
[host_monotonic_s=125169.745647] 003675 000002
[host_monotonic_s=125169.748038] 003680 000001
[host_monotonic_s=125169.750235] 003683 000001
[host_monotonic_s=125169.752502] 003685 000001
[host_monotonic_s=125169.754748] 003687 000001
[host_monotonic_s=125169.757126] 003690 000001
[host_monotonic_s=125169.759416] 003692 000001
[host_monotonic_s=125169.761707] 003693 000002
[host_monotonic_s=125169.763945] 003696 000001
[host_monotonic_s=125169.766540] 003698 000001
[host_monotonic_s=125169.768816] 003702 000001
[host_monotonic_s=125169.771058] 003704 000002
[host_monotonic_s=125169.773301] 003710 000001
[host_monotonic_s=125169.775591] 003717 000002
[host_monotonic_s=125169.777921] 003721 000001
[host_monotonic_s=125169.780177] 003722 000002
[host_monotonic_s=125169.782434] 003723 000001
[host_monotonic_s=125169.784718] 003724 000001
[host_monotonic_s=125169.787059] 003726 000002
[host_monotonic_s=125169.789353] 003732 000001
[host_monotonic_s=125169.791639] 003738 000002
[host_monotonic_s=125169.793871] 003744 000001
[host_monotonic_s=125169.796593] 003745 000001
[host_monotonic_s=125169.798858] 003748 000003
[host_monotonic_s=125169.801146] 003749 000001
[host_monotonic_s=125169.803417] 003758 000002
[host_monotonic_s=125169.805672] 003760 000001
[host_monotonic_s=125169.808041] 003764 000001
[host_monotonic_s=125169.810287] 003770 000001
[host_monotonic_s=125169.812537] 003778 000001
[host_monotonic_s=125169.814776] 003779 000001
[host_monotonic_s=125169.817309] 003791 000001
[host_monotonic_s=125169.819551] 003794 000001
[host_monotonic_s=125169.821797] 003796 000001
[host_monotonic_s=125169.824035] 003808 000001
[host_monotonic_s=125169.826363] 003827 000001
[host_monotonic_s=125169.828671] 003838 000002
[host_monotonic_s=125169.830960] 003860 000001
[host_monotonic_s=125169.833214] 003862 000001
[host_monotonic_s=125169.835488] 003871 000001
[host_monotonic_s=125169.837825] 003878 000001
[host_monotonic_s=125169.840085] 003881 000002
[host_monotonic_s=125169.842345] 003895 000001
[host_monotonic_s=125170.143256] 003896 000001
[host_monotonic_s=125170.143270] 003900 000001
[host_monotonic_s=125170.143273] 003911 000001
[host_monotonic_s=125170.143276] 003914 000001
[host_monotonic_s=125170.143278] 003945 000001
[host_monotonic_s=125170.143280] 003947 000001
[host_monotonic_s=125170.143282] 003960 000001
[host_monotonic_s=125170.143284] 003962 000001
[host_monotonic_s=125170.143285] 003965 000001
[host_monotonic_s=125170.143287] 003966 000001
[host_monotonic_s=125170.143289] 003972 000001
[host_monotonic_s=125170.143291] 003990 000001
[host_monotonic_s=125170.143293] 003991 000001
[host_monotonic_s=125170.143294] 004014 000001
[host_monotonic_s=125170.143296] 004017 000001
[host_monotonic_s=125170.143298] 004018 000001
[host_monotonic_s=125170.143299] 004025 000001
[host_monotonic_s=125170.143301] 004034 000001
[host_monotonic_s=125170.148219] 004035 000001
[host_monotonic_s=125170.151312] 004085 000001
[host_monotonic_s=125170.153585] 004096 000001
[host_monotonic_s=125170.156128] 004217 000001
[host_monotonic_s=125170.158399] 004242 000001
[host_monotonic_s=125170.160649] 004277 000001
[host_monotonic_s=125170.962871] 004294 000001
[host_monotonic_s=125170.962887] 004311 000001
[host_monotonic_s=125170.962890] 004334 000001
[host_monotonic_s=125170.962893] 004370 000001
[host_monotonic_s=125170.962895] 004431 000001
[host_monotonic_s=125170.962897] 004449 000001
[host_monotonic_s=125170.962899] 004507 000001
[host_monotonic_s=125170.962902] 004530 000001
[host_monotonic_s=125170.962903] 004542 000001
[host_monotonic_s=125170.962905] 004547 000001
[host_monotonic_s=125170.962907] 004548 000001
[host_monotonic_s=125170.962909] 004552 000001
[host_monotonic_s=125170.962911] 004553 000001
[host_monotonic_s=125170.962913] 004554 000001
[host_monotonic_s=125170.962915] 004556 000001
[host_monotonic_s=125170.962917] 004557 000001
[host_monotonic_s=125170.962918] 004561 000001
[host_monotonic_s=125170.962920] 004563 000001
[host_monotonic_s=125170.962922] 004566 000002
[host_monotonic_s=125170.970718] 004568 000002
[host_monotonic_s=125170.972892] 004571 000002
[host_monotonic_s=125170.975147] 004572 000001
[host_monotonic_s=125170.977473] 004573 000001
[host_monotonic_s=125170.979715] 004574 000003
[host_monotonic_s=125170.981974] 004575 000004
[host_monotonic_s=125170.984206] 004576 000003
[host_monotonic_s=125170.986802] 004577 000001
[host_monotonic_s=125170.989026] 004579 000002
[host_monotonic_s=125170.991365] 004581 000004
[host_monotonic_s=125170.993732] 004582 000002
[host_monotonic_s=125170.996338] 004583 000002
[host_monotonic_s=125170.998597] 004584 000001
[host_monotonic_s=125171.000860] 004585 000001
[host_monotonic_s=125171.003127] 004586 000006
[host_monotonic_s=125171.005462] 004587 000002
[host_monotonic_s=125171.008086] 004588 000001
[host_monotonic_s=125171.010355] 004589 000002
[host_monotonic_s=125171.012628] 004590 000003
[host_monotonic_s=125171.014927] 004591 000001
[host_monotonic_s=125171.017322] 004592 000002
[host_monotonic_s=125171.019584] 004593 000001
[host_monotonic_s=125171.021840] 004594 000003
[host_monotonic_s=125171.024093] 004595 000002
[host_monotonic_s=125171.026426] 004596 000003
[host_monotonic_s=125171.028680] 004597 000002
[host_monotonic_s=125171.030936] 004598 000005
[host_monotonic_s=125171.033176] 004599 000001
[host_monotonic_s=125171.035438] 004600 000002
[host_monotonic_s=125171.037988] 004601 000001
[host_monotonic_s=125171.040250] 004602 000004
[host_monotonic_s=125171.042557] 004603 000002
[host_monotonic_s=125171.044760] 004605 000002
[host_monotonic_s=125171.047295] 004606 000002
[host_monotonic_s=125171.049539] 004607 000001
[host_monotonic_s=125171.051793] 004608 000002
[host_monotonic_s=125171.054033] 004609 000003
[host_monotonic_s=125171.056507] 004610 000003
[host_monotonic_s=125171.058763] 004611 000002
[host_monotonic_s=125171.061008] 004612 000001
[host_monotonic_s=125171.063242] 004613 000002
[host_monotonic_s=125171.065637] 004614 000003
[host_monotonic_s=125171.068198] 004615 000001
[host_monotonic_s=125171.070477] 004616 000003
[host_monotonic_s=125171.072834] 004617 000004
[host_monotonic_s=125171.075073] 004619 000002
[host_monotonic_s=125171.077725] 004621 000001
[host_monotonic_s=125171.079987] 004622 000001
[host_monotonic_s=125171.082247] 004623 000003
[host_monotonic_s=125171.084488] 004624 000001
[host_monotonic_s=125171.087049] 004625 000002
[host_monotonic_s=125171.089306] 004626 000001
[host_monotonic_s=125171.091572] 004627 000002
[host_monotonic_s=125171.093824] 004628 000002
[host_monotonic_s=125171.096487] 004629 000001
[host_monotonic_s=125171.098862] 004633 000001
[host_monotonic_s=125171.101119] 004634 000001
[host_monotonic_s=125171.103362] 004635 000001
[host_monotonic_s=125171.105601] 004640 000002
[host_monotonic_s=125171.108177] 004641 000001
[host_monotonic_s=125171.110420] 004646 000002
[host_monotonic_s=125171.112682] 004647 000002
[host_monotonic_s=125171.114945] 004649 000001
[host_monotonic_s=125171.117476] 004651 000001
[host_monotonic_s=125171.119735] 004653 000001
[host_monotonic_s=125171.121988] 004654 000001
[host_monotonic_s=125171.124255] 004655 000001
[host_monotonic_s=125171.126583] 004656 000002
[host_monotonic_s=125171.128851] 004658 000001
[host_monotonic_s=125171.131118] 004659 000001
[host_monotonic_s=125171.133345] 004660 000001
[host_monotonic_s=125171.135583] 004665 000001
[host_monotonic_s=125171.137931] 004666 000002
[host_monotonic_s=125171.140182] 004671 000001
[host_monotonic_s=125171.142420] 004672 000001
[host_monotonic_s=125171.144644] 004676 000002
[host_monotonic_s=125171.147164] 004677 000001
[host_monotonic_s=125171.149420] 004680 000001
[host_monotonic_s=125171.151693] 004681 000002
[host_monotonic_s=125171.153974] 004684 000002
[host_monotonic_s=125171.156734] 004685 000003
[host_monotonic_s=125171.159263] 004686 000002
[host_monotonic_s=125171.161736] 004688 000002
[host_monotonic_s=125171.164168] 004690 000001
[host_monotonic_s=125171.166872] 004692 000001
[host_monotonic_s=125171.169154] 004695 000001
[host_monotonic_s=125171.171445] 004696 000001
[host_monotonic_s=125171.173678] 004697 000001
[host_monotonic_s=125171.176015] 004699 000003
[host_monotonic_s=125171.178305] 004701 000001
[host_monotonic_s=125171.180551] 004702 000001
[host_monotonic_s=125171.182811] 004703 000002
[host_monotonic_s=125171.185067] 004704 000001
[host_monotonic_s=125171.187667] 004705 000003
[host_monotonic_s=125171.189938] 004708 000001
[host_monotonic_s=125171.192210] 004709 000002
[host_monotonic_s=125171.194441] 004711 000003
[host_monotonic_s=125171.196802] 004713 000003
[host_monotonic_s=125171.199072] 004714 000001
[host_monotonic_s=125171.201349] 004715 000001
[host_monotonic_s=125171.203589] 004716 000001
[host_monotonic_s=125171.206124] 004717 000001
[host_monotonic_s=125171.208385] 004718 000003
[host_monotonic_s=125171.210665] 004719 000001
[host_monotonic_s=125171.513119] 004720 000002
[host_monotonic_s=125171.513131] 004722 000001
[host_monotonic_s=125171.513133] 004723 000002
[host_monotonic_s=125171.513135] 004725 000001
[host_monotonic_s=125171.513137] 004729 000002
[host_monotonic_s=125171.513138] 004730 000003
[host_monotonic_s=125171.513140] 004732 000001
[host_monotonic_s=125171.513142] 004733 000001
[host_monotonic_s=125171.513143] 004734 000001
[host_monotonic_s=125171.513145] 004735 000001
[host_monotonic_s=125171.513146] 004736 000001
[host_monotonic_s=125171.513147] 004737 000002
[host_monotonic_s=125171.513149] 004740 000002
[host_monotonic_s=125171.513150] 004745 000001
[host_monotonic_s=125171.513151] 004746 000001
[host_monotonic_s=125171.513153] 004747 000002
[host_monotonic_s=125171.513154] 004753 000001
[host_monotonic_s=125171.513155] 004756 000002
[host_monotonic_s=125171.513157] 004757 000001
[host_monotonic_s=125171.518744] 004758 000001
[host_monotonic_s=125171.521587] 004759 000001
[host_monotonic_s=125171.523838] 004760 000001
[host_monotonic_s=125171.526312] 004761 000002
[host_monotonic_s=125171.528564] 004767 000001
[host_monotonic_s=125171.530785] 004771 000001
[host_monotonic_s=125171.533037] 004772 000001
[host_monotonic_s=125171.535298] 004776 000001
[host_monotonic_s=125171.537651] 004778 000001
[host_monotonic_s=125171.539871] 004795 000001
[host_monotonic_s=125171.542121] 004803 000001
[host_monotonic_s=125171.544384] 004806 000001
[host_monotonic_s=125171.546700] 004813 000001
[host_monotonic_s=125171.549072] 004826 000001
[host_monotonic_s=125171.551305] 004827 000001
[host_monotonic_s=125171.553558] 004829 000001
[host_monotonic_s=125171.556062] 004840 000001
[host_monotonic_s=125171.558355] 004841 000001
[host_monotonic_s=125171.560661] 004844 000001
[host_monotonic_s=125171.562912] 004852 000001
[host_monotonic_s=125171.565179] 004859 000001
[host_monotonic_s=125171.567599] 004863 000001
[host_monotonic_s=125171.569891] 004872 000001
[host_monotonic_s=125171.572167] 004876 000001
[host_monotonic_s=125171.574490] 004879 000002
[host_monotonic_s=125171.577119] 004883 000001
[host_monotonic_s=125171.579414] 004895 000001
[host_monotonic_s=125171.581682] 004903 000001
[host_monotonic_s=125171.583970] 004938 000001
[host_monotonic_s=125171.586356] 004941 000001
[host_monotonic_s=125171.588626] 004943 000001
[host_monotonic_s=125171.590933] 004946 000001
[host_monotonic_s=125171.593209] 004953 000001
[host_monotonic_s=125171.595456] 004960 000001
[host_monotonic_s=125171.598056] 004963 000001
[host_monotonic_s=125171.600292] 004965 000001
[host_monotonic_s=125171.602588] 004966 000001
[host_monotonic_s=125171.604782] 004967 000001
[host_monotonic_s=125171.607383] 004994 000001
[host_monotonic_s=125171.609631] 005062 000001
[host_monotonic_s=125171.611988] 005379 000001
[host_monotonic_s=125171.614317] 005388 000001
[host_monotonic_s=125171.616976] 005413 000001
[host_monotonic_s=125171.619265] 005440 000001
[host_monotonic_s=125171.621578] 005484 000001
[host_monotonic_s=125171.623833] 005538 000001
[host_monotonic_s=125171.626191] 005545 000001
[host_monotonic_s=125171.628461] 005546 000002
[host_monotonic_s=125171.630719] 005550 000001
[host_monotonic_s=125171.632997] 005551 000001
[host_monotonic_s=125171.635268] 005552 000001
[host_monotonic_s=125171.637639] 005554 000002
[host_monotonic_s=125171.639905] 005556 000001
[host_monotonic_s=125171.642214] 005559 000001
[host_monotonic_s=125171.644498] 005561 000002
[host_monotonic_s=125171.647025] 005562 000001
[host_monotonic_s=125171.649311] 005567 000001
[host_monotonic_s=125171.651586] 005568 000002
[host_monotonic_s=125171.653808] 005569 000001
[host_monotonic_s=125171.656351] 005571 000001
[host_monotonic_s=125171.658632] 005572 000001
[host_monotonic_s=125171.660899] 005573 000001
[host_monotonic_s=125171.663134] 005575 000001
[host_monotonic_s=125171.665387] 005576 000004
[host_monotonic_s=125171.667984] 005577 000001
[host_monotonic_s=125171.670219] 005578 000003
[host_monotonic_s=125171.672471] 005579 000002
[host_monotonic_s=125171.674791] 005581 000001
[host_monotonic_s=125171.677263] 005582 000001
[host_monotonic_s=125171.679667] 005583 000001
[host_monotonic_s=125171.682089] 005584 000001
[host_monotonic_s=125171.684505] 005585 000004
[host_monotonic_s=125171.686984] 005586 000003
[host_monotonic_s=125171.689387] 005588 000005
[host_monotonic_s=125171.691661] 005589 000004
[host_monotonic_s=125171.693894] 005591 000001
[host_monotonic_s=125171.696223] 005592 000003
[host_monotonic_s=125171.698559] 005593 000003
[host_monotonic_s=125171.700782] 005594 000002
[host_monotonic_s=125171.703035] 005595 000001
[host_monotonic_s=125171.705264] 005596 000006
[host_monotonic_s=125171.707623] 005597 000001
[host_monotonic_s=125171.709890] 005598 000001
[host_monotonic_s=125171.712202] 005599 000002
[host_monotonic_s=125171.714569] 005600 000005
[host_monotonic_s=125171.717272] 005601 000001
[host_monotonic_s=125171.719552] 005602 000001
[host_monotonic_s=125171.721859] 005603 000003
[host_monotonic_s=125171.724132] 005604 000001
[host_monotonic_s=125171.726492] 005605 000001
[host_monotonic_s=125171.728749] 005607 000001
[host_monotonic_s=125171.731019] 005608 000001
[host_monotonic_s=125171.733272] 005609 000003
[host_monotonic_s=125171.735534] 005610 000001
[host_monotonic_s=125171.738107] 005611 000003
[host_monotonic_s=125171.740342] 005613 000002
[host_monotonic_s=125171.742680] 005614 000002
[host_monotonic_s=125171.745004] 005615 000001
[host_monotonic_s=125171.747551] 005616 000001
[host_monotonic_s=125171.749960] 005618 000002
[host_monotonic_s=125171.752614] 005620 000002
[host_monotonic_s=125171.754948] 005622 000002
[host_monotonic_s=125171.757440] 005625 000002
[host_monotonic_s=125171.759715] 005626 000002
[host_monotonic_s=125171.762000] 005627 000001
[host_monotonic_s=125172.063530] 005628 000001
[host_monotonic_s=125172.063545] 005629 000001
[host_monotonic_s=125172.063549] 005630 000001
[host_monotonic_s=125172.063551] 005635 000001
[host_monotonic_s=125172.063554] 005637 000002
[host_monotonic_s=125172.063556] 005638 000003
[host_monotonic_s=125172.063558] 005641 000001
[host_monotonic_s=125172.063560] 005644 000002
[host_monotonic_s=125172.063562] 005646 000001
[host_monotonic_s=125172.063564] 005647 000001
[host_monotonic_s=125172.063566] 005649 000001
[host_monotonic_s=125172.063568] 005650 000001
[host_monotonic_s=125172.063570] 005654 000002
[host_monotonic_s=125172.063572] 005656 000001
[host_monotonic_s=125172.063574] 005662 000001
[host_monotonic_s=125172.063575] 005664 000001
[host_monotonic_s=125172.063577] 005665 000001
[host_monotonic_s=125172.063579] 005666 000002
[host_monotonic_s=125172.063581] 005667 000001
[host_monotonic_s=125172.077725] 005669 000001
[host_monotonic_s=125172.079994] 005672 000001
[host_monotonic_s=125172.082247] 005673 000001
[host_monotonic_s=125172.084474] 005683 000001
[host_monotonic_s=125172.086992] 005688 000001
[host_monotonic_s=125172.089300] 005690 000001
[host_monotonic_s=125172.091596] 005691 000001
[host_monotonic_s=125172.096693] 005692 000001
[host_monotonic_s=125172.098803] 005694 000001
[host_monotonic_s=125172.101467] 005695 000001
[host_monotonic_s=125172.103719] 005696 000001
[host_monotonic_s=125172.106044] 005697 000001
[host_monotonic_s=125172.108306] 005701 000002
[host_monotonic_s=125172.110561] 005702 000001
[host_monotonic_s=125172.112812] 005703 000001
[host_monotonic_s=125172.115051] 005704 000002
[host_monotonic_s=125172.117809] 005707 000002
[host_monotonic_s=125172.120131] 005708 000002
[host_monotonic_s=125172.122440] 005710 000001
[host_monotonic_s=125172.124708] 005711 000002
[host_monotonic_s=125172.127355] 005712 000001
[host_monotonic_s=125172.129676] 005715 000002
[host_monotonic_s=125172.132098] 005717 000001
[host_monotonic_s=125172.134365] 005719 000002
[host_monotonic_s=125172.136706] 005720 000001
[host_monotonic_s=125172.138993] 005723 000002
[host_monotonic_s=125172.141245] 005724 000001
[host_monotonic_s=125172.143464] 005725 000001
[host_monotonic_s=125172.146063] 005726 000002
[host_monotonic_s=125172.148340] 005728 000001
[host_monotonic_s=125172.150622] 005729 000001
[host_monotonic_s=125172.152950] 005731 000001
[host_monotonic_s=125172.155232] 005732 000001
[host_monotonic_s=125172.157823] 005733 000002
[host_monotonic_s=125172.160081] 005736 000004
[host_monotonic_s=125172.162336] 005737 000001
[host_monotonic_s=125172.164582] 005739 000001
[host_monotonic_s=125172.167185] 005740 000001
[host_monotonic_s=125172.169446] 005742 000002
[host_monotonic_s=125172.171707] 005743 000001
[host_monotonic_s=125172.174017] 005745 000001
[host_monotonic_s=125172.176395] 005749 000001
[host_monotonic_s=125172.178769] 005751 000001
[host_monotonic_s=125172.181165] 005753 000001
[host_monotonic_s=125172.183561] 005755 000001
[host_monotonic_s=125172.186036] 005768 000001
[host_monotonic_s=125172.188345] 005783 000001
[host_monotonic_s=125172.190618] 005798 000001
[host_monotonic_s=125172.192850] 005809 000001
[host_monotonic_s=125172.195092] 005826 000001
[host_monotonic_s=125172.197460] 005848 000001
[host_monotonic_s=125172.199703] 005849 000001
[host_monotonic_s=125172.201945] 005851 000001
[host_monotonic_s=125172.204184] 005859 000001
[host_monotonic_s=125172.206516] 005869 000001
[host_monotonic_s=125172.208775] 005873 000001
[host_monotonic_s=125172.211037] 005877 000001
[host_monotonic_s=125172.213369] 005883 000001
[host_monotonic_s=125172.215601] 005887 000001
[host_monotonic_s=125172.217998] 005901 000001
[host_monotonic_s=125172.220251] 005923 000001
[host_monotonic_s=125172.222546] 005933 000001
[host_monotonic_s=125172.224796] 005943 000001
[host_monotonic_s=125172.227154] 005955 000001
[host_monotonic_s=125172.229456] 005991 000001
[host_monotonic_s=125172.231711] 005993 000002
[host_monotonic_s=125172.233941] 006037 000001
[host_monotonic_s=125172.236502] 006043 000001
[host_monotonic_s=125172.238779] 006131 000001
[host_monotonic_s=125172.241073] 006428 000001
[host_monotonic_s=125172.243300] 006454 000001
[host_monotonic_s=125172.245617] 006458 000001
[host_monotonic_s=125172.248245] 006465 000001
[host_monotonic_s=125172.250593] 006510 000001
[host_monotonic_s=125172.252877] 006535 000001
[host_monotonic_s=125172.255183] 006540 000001
[host_monotonic_s=125172.257762] 006544 000002
[host_monotonic_s=125172.260044] 006555 000001
[host_monotonic_s=125172.262318] 006560 000001
[host_monotonic_s=125172.264600] 006563 000002
[host_monotonic_s=125172.267048] 006565 000001
[host_monotonic_s=125172.269359] 006566 000002
[host_monotonic_s=125172.271645] 006567 000003
[host_monotonic_s=125172.273947] 006569 000001
[host_monotonic_s=125172.276498] 006571 000002
[host_monotonic_s=125172.278765] 006572 000002
[host_monotonic_s=125172.281027] 006573 000001
[host_monotonic_s=125172.283290] 006574 000001
[host_monotonic_s=125172.285555] 006577 000001
[host_monotonic_s=125172.288094] 006578 000001
[host_monotonic_s=125172.290365] 006580 000002
[host_monotonic_s=125172.292657] 006582 000001
[host_monotonic_s=125172.294893] 006583 000001
[host_monotonic_s=125172.297289] 006585 000002
[host_monotonic_s=125172.299548] 006587 000001
[host_monotonic_s=125172.301823] 006588 000003
[host_monotonic_s=125172.304091] 006590 000001
[host_monotonic_s=125172.306609] 006593 000003
[host_monotonic_s=125172.308901] 006594 000003
[host_monotonic_s=125172.311158] 006595 000001
[host_monotonic_s=125172.614133] 006596 000003
[host_monotonic_s=125172.614157] 006597 000002
[host_monotonic_s=125172.614161] 006598 000003
[host_monotonic_s=125172.614165] 006600 000003
[host_monotonic_s=125172.614168] 006601 000001
[host_monotonic_s=125172.614172] 006602 000004
[host_monotonic_s=125172.614175] 006604 000001
[host_monotonic_s=125172.614179] 006605 000003
[host_monotonic_s=125172.614182] 006607 000002
[host_monotonic_s=125172.614185] 006608 000001
[host_monotonic_s=125172.614188] 006609 000002
[host_monotonic_s=125172.614191] 006610 000005
[host_monotonic_s=125172.614195] 006611 000002
[host_monotonic_s=125172.614198] 006612 000001
[host_monotonic_s=125172.614201] 006613 000001
[host_monotonic_s=125172.614204] 006614 000005
[host_monotonic_s=125172.614207] 006616 000001
[host_monotonic_s=125172.614210] 006617 000001
[host_monotonic_s=125172.614213] 006618 000003
[host_monotonic_s=125172.622810] 006619 000001
[host_monotonic_s=125172.627215] 006620 000001
[host_monotonic_s=125172.630083] 006621 000001
[host_monotonic_s=125172.632596] 006622 000003
[host_monotonic_s=125172.635350] 006623 000003
[host_monotonic_s=125172.638104] 006624 000002
[host_monotonic_s=125172.640436] 006626 000001
[host_monotonic_s=125172.642956] 006630 000001
[host_monotonic_s=125172.645284] 006632 000002
[host_monotonic_s=125172.647943] 006634 000003
[host_monotonic_s=125172.650208] 006635 000001
[host_monotonic_s=125172.652498] 006638 000001
[host_monotonic_s=125172.654860] 006639 000002
[host_monotonic_s=125172.657341] 006643 000001
[host_monotonic_s=125172.659641] 006644 000002
[host_monotonic_s=125172.661931] 006645 000002
[host_monotonic_s=125172.664168] 006647 000001
[host_monotonic_s=125172.666502] 006648 000001
[host_monotonic_s=125172.668844] 006650 000002
[host_monotonic_s=125172.671082] 006654 000002
[host_monotonic_s=125172.673315] 006657 000001
[host_monotonic_s=125172.675581] 006658 000001
[host_monotonic_s=125172.677970] 006659 000004
[host_monotonic_s=125172.680255] 006664 000002
[host_monotonic_s=125172.682544] 006666 000001
[host_monotonic_s=125172.684896] 006667 000003
[host_monotonic_s=125172.687668] 006668 000001
[host_monotonic_s=125172.689908] 006673 000001
[host_monotonic_s=125172.692180] 006678 000001
[host_monotonic_s=125172.694451] 006679 000001
[host_monotonic_s=125172.696811] 006680 000001
[host_monotonic_s=125172.699067] 006682 000001
[host_monotonic_s=125172.701360] 006685 000001
[host_monotonic_s=125172.703598] 006686 000001
[host_monotonic_s=125172.706126] 006687 000002
[host_monotonic_s=125172.708381] 006688 000001
[host_monotonic_s=125172.710681] 006689 000001
[host_monotonic_s=125172.712902] 006694 000001
[host_monotonic_s=125172.715226] 006695 000002
[host_monotonic_s=125172.718159] 006696 000001
[host_monotonic_s=125172.720585] 006699 000001
[host_monotonic_s=125172.722974] 006700 000001
[host_monotonic_s=125172.725340] 006702 000001
[host_monotonic_s=125172.727754] 006703 000001
[host_monotonic_s=125172.730016] 006706 000004
[host_monotonic_s=125172.732276] 006708 000004
[host_monotonic_s=125172.734594] 006709 000001
[host_monotonic_s=125172.736929] 006710 000002
[host_monotonic_s=125172.739203] 006711 000004
[host_monotonic_s=125172.741487] 006712 000001
[host_monotonic_s=125172.743738] 006713 000002
[host_monotonic_s=125172.746152] 006714 000001
[host_monotonic_s=125172.748418] 006715 000002
[host_monotonic_s=125172.750697] 006716 000001
[host_monotonic_s=125172.752932] 006717 000001
[host_monotonic_s=125172.755172] 006718 000001
[host_monotonic_s=125172.757747] 006719 000001
[host_monotonic_s=125172.759980] 006720 000001
[host_monotonic_s=125172.762230] 006721 000001
[host_monotonic_s=125172.764483] 006722 000001
[host_monotonic_s=125172.767005] 006727 000003
[host_monotonic_s=125172.769275] 006728 000001
[host_monotonic_s=125172.771549] 006730 000002
[host_monotonic_s=125172.774012] 006732 000001
[host_monotonic_s=125172.776388] 006734 000001
[host_monotonic_s=125172.778661] 006736 000002
[host_monotonic_s=125172.780926] 006737 000001
[host_monotonic_s=125172.783195] 006738 000001
[host_monotonic_s=125172.785460] 006741 000001
[host_monotonic_s=125172.788060] 006744 000001
[host_monotonic_s=125172.790347] 006746 000001
[host_monotonic_s=125172.792641] 006747 000002
[host_monotonic_s=125172.794917] 006748 000001
[host_monotonic_s=125172.797523] 006749 000002
[host_monotonic_s=125172.799789] 006752 000001
[host_monotonic_s=125172.802059] 006753 000001
[host_monotonic_s=125172.804293] 006760 000001
[host_monotonic_s=125172.806660] 006761 000001
[host_monotonic_s=125172.808927] 006764 000002
[host_monotonic_s=125172.811201] 006766 000001
[host_monotonic_s=125172.813474] 006768 000001
[host_monotonic_s=125172.816128] 006776 000001
[host_monotonic_s=125172.818505] 006779 000001
[host_monotonic_s=125172.820811] 006781 000001
[host_monotonic_s=125172.823079] 006789 000001
[host_monotonic_s=125172.825408] 006796 000001
[host_monotonic_s=125172.827779] 006801 000001
[host_monotonic_s=125172.830086] 006807 000002
[host_monotonic_s=125172.832362] 006808 000001
[host_monotonic_s=125172.834606] 006815 000001
[host_monotonic_s=125172.837159] 006825 000001
[host_monotonic_s=125172.839467] 006827 000001
[host_monotonic_s=125172.841722] 006845 000001
[host_monotonic_s=125172.843996] 006849 000001
[host_monotonic_s=125172.846577] 006863 000002
[host_monotonic_s=125172.849880] 006864 000001
[host_monotonic_s=125172.852901] 006865 000001
[host_monotonic_s=125172.855676] 006870 000002
[host_monotonic_s=125172.858084] 006872 000001
[host_monotonic_s=125172.861142] 006898 000001
[host_monotonic_s=125173.164496] 006906 000001
[host_monotonic_s=125173.164510] 006917 000001
[host_monotonic_s=125173.164512] 006933 000001
[host_monotonic_s=125173.164515] 006935 000001
[host_monotonic_s=125173.164517] 006937 000001
[host_monotonic_s=125173.164519] 006941 000001
[host_monotonic_s=125173.164521] 006947 000001
[host_monotonic_s=125173.164522] 006951 000001
[host_monotonic_s=125173.164525] 006969 000001
[host_monotonic_s=125173.164526] 007000 000001
[host_monotonic_s=125173.164528] 007034 000001
[host_monotonic_s=125173.164530] 007043 000001
[host_monotonic_s=125173.164532] 007274 000001
[host_monotonic_s=125173.164533] 007306 000001
[host_monotonic_s=125173.164535] 007307 000001
[host_monotonic_s=125173.164536] 007325 000001
[host_monotonic_s=125173.164538] 007436 000001
[host_monotonic_s=125173.164539] 007450 000001
[host_monotonic_s=125173.164541] 007556 000001
[host_monotonic_s=125173.172516] 007561 000001
[host_monotonic_s=125173.178338] 007565 000001
[host_monotonic_s=125173.181419] 007568 000001
[host_monotonic_s=125173.184374] 007574 000001
[host_monotonic_s=125173.186899] 007576 000001
[host_monotonic_s=125173.189768] 007577 000001
[host_monotonic_s=125173.192801] 007581 000001
[host_monotonic_s=125173.195644] 007582 000001
[host_monotonic_s=125173.198159] 007585 000002
[host_monotonic_s=125173.201233] 007589 000001
[host_monotonic_s=125173.204207] 007591 000001
[host_monotonic_s=125173.206879] 007592 000002
[host_monotonic_s=125173.209860] 007593 000004
[host_monotonic_s=125173.212910] 007595 000002
[host_monotonic_s=125173.215963] 007597 000001
[host_monotonic_s=125173.218424] 007598 000001
[host_monotonic_s=125173.221517] 007599 000004
[host_monotonic_s=125173.224528] 007601 000003
[host_monotonic_s=125173.227296] 007603 000003
[host_monotonic_s=125173.229998] 007605 000003
[host_monotonic_s=125173.233057] 007608 000001
[host_monotonic_s=125173.236024] 007609 000002
[host_monotonic_s=125173.238352] 007610 000003
[host_monotonic_s=125173.241321] 007611 000002
[host_monotonic_s=125173.244176] 007613 000002
[host_monotonic_s=125173.246551] 007614 000001
[host_monotonic_s=125173.249532] 007615 000002
[host_monotonic_s=125173.252406] 007616 000003
[host_monotonic_s=125173.254712] 007618 000005
[host_monotonic_s=125173.257837] 007620 000001
[host_monotonic_s=125173.260734] 007621 000001
[host_monotonic_s=125173.263226] 007622 000002
[host_monotonic_s=125173.266111] 007623 000002
[host_monotonic_s=125173.269050] 007624 000001
[host_monotonic_s=125173.271857] 007626 000003
[host_monotonic_s=125173.274165] 007628 000002
[host_monotonic_s=125173.277192] 007629 000001
[host_monotonic_s=125173.280029] 007631 000002
[host_monotonic_s=125173.282309] 007632 000002
[host_monotonic_s=125173.285296] 007633 000002
[host_monotonic_s=125173.288323] 007634 000003
[host_monotonic_s=125173.290638] 007637 000001
[host_monotonic_s=125173.293632] 007642 000001
[host_monotonic_s=125173.296692] 007646 000003
[host_monotonic_s=125173.299388] 007647 000002
[host_monotonic_s=125173.302099] 007648 000001
[host_monotonic_s=125173.305133] 007651 000001
[host_monotonic_s=125173.308190] 007656 000001
[host_monotonic_s=125173.310577] 007657 000002
[host_monotonic_s=125173.313575] 007658 000001
[host_monotonic_s=125173.316741] 007661 000002
[host_monotonic_s=125173.319406] 007664 000001
[host_monotonic_s=125173.322050] 007665 000001
[host_monotonic_s=125173.324976] 007668 000001
[host_monotonic_s=125173.327892] 007669 000001
[host_monotonic_s=125173.330190] 007677 000001
[host_monotonic_s=125173.333128] 007680 000001
[host_monotonic_s=125173.336100] 007685 000002
[host_monotonic_s=125173.338425] 007686 000001
[host_monotonic_s=125173.341435] 007687 000003
[host_monotonic_s=125173.344275] 007689 000001
[host_monotonic_s=125173.346723] 007690 000001
[host_monotonic_s=125173.349894] 007692 000001
[host_monotonic_s=125173.352929] 007693 000001
[host_monotonic_s=125173.355676] 007694 000002
[host_monotonic_s=125173.358061] 007697 000002
[host_monotonic_s=125173.361073] 007698 000001
[host_monotonic_s=125173.364238] 007699 000001
[host_monotonic_s=125173.366715] 007700 000001
[host_monotonic_s=125173.369725] 007706 000003
[host_monotonic_s=125173.372657] 007707 000001
[host_monotonic_s=125173.375184] 007708 000002
[host_monotonic_s=125173.378280] 007712 000001
[host_monotonic_s=125173.381181] 007713 000001
[host_monotonic_s=125173.384117] 007715 000001
[host_monotonic_s=125173.386531] 007716 000001
[host_monotonic_s=125173.389622] 007717 000001
[host_monotonic_s=125173.392644] 007718 000001
[host_monotonic_s=125173.395295] 007719 000003
[host_monotonic_s=125173.398246] 007721 000001
[host_monotonic_s=125173.401291] 007724 000001
[host_monotonic_s=125173.404194] 007725 000002
[host_monotonic_s=125173.406766] 007726 000001
[host_monotonic_s=125173.409823] 007727 000002
[host_monotonic_s=125173.412914] 007728 000002
[host_monotonic_s=125173.714944] 007729 000003
[host_monotonic_s=125173.714963] 007730 000002
[host_monotonic_s=125173.714966] 007731 000003
[host_monotonic_s=125173.714970] 007732 000001
[host_monotonic_s=125173.714973] 007733 000001
[host_monotonic_s=125173.714976] 007734 000001
[host_monotonic_s=125173.714979] 007737 000001
[host_monotonic_s=125173.714982] 007739 000002
[host_monotonic_s=125173.714984] 007741 000001
[host_monotonic_s=125173.714987] 007744 000001
[host_monotonic_s=125173.714990] 007745 000002
[host_monotonic_s=125173.714992] 007747 000001
[host_monotonic_s=125173.714998] 007748 000001
[host_monotonic_s=125173.715016] 007750 000001
[host_monotonic_s=125173.715019] 007751 000001
[host_monotonic_s=125173.715021] 007752 000001
[host_monotonic_s=125173.715024] 007754 000001
[host_monotonic_s=125173.715027] 007758 000001
[host_monotonic_s=125173.715029] 007763 000001
[host_monotonic_s=125173.722851] 007764 000001
[host_monotonic_s=125173.725499] 007765 000001
[host_monotonic_s=125173.728473] 007771 000002
[host_monotonic_s=125173.730780] 007785 000002
[host_monotonic_s=125173.733806] 007788 000001
[host_monotonic_s=125173.736828] 007791 000001
[host_monotonic_s=125173.739596] 007800 000001
[host_monotonic_s=125173.741947] 007804 000001
[host_monotonic_s=125173.744866] 007810 000001
[host_monotonic_s=125173.747803] 007814 000001
[host_monotonic_s=125173.750062] 007827 000001
[host_monotonic_s=125173.752982] 007832 000001
[host_monotonic_s=125173.755878] 007859 000002
[host_monotonic_s=125173.758185] 007862 000001
[host_monotonic_s=125173.761184] 007872 000001
[host_monotonic_s=125173.764070] 007877 000001
[host_monotonic_s=125173.766418] 007892 000001
[host_monotonic_s=125173.769343] 007904 000001
[host_monotonic_s=125173.772194] 007938 000001
[host_monotonic_s=125173.774573] 007961 000001
[host_monotonic_s=125173.777615] 007965 000001
[host_monotonic_s=125173.780495] 007970 000001
[host_monotonic_s=125173.782960] 007977 000001
[host_monotonic_s=125173.785942] 007978 000001
[host_monotonic_s=125173.788979] 007983 000001
[host_monotonic_s=125173.791972] 008093 000001
[host_monotonic_s=125173.794344] 008105 000001
[host_monotonic_s=125173.797621] 008133 000001
[host_monotonic_s=125173.800692] 008137 000001
[host_monotonic_s=125173.803347] 008201 000002
[host_monotonic_s=125173.806103] 008353 000001
[host_monotonic_s=125173.809023] 008557 000001
[host_monotonic_s=125173.811822] 008568 000001
[host_monotonic_s=125173.814189] 008573 000001
[host_monotonic_s=125173.817473] 008575 000001
[host_monotonic_s=125173.820304] 008577 000001
[host_monotonic_s=125173.822687] 008579 000002
[host_monotonic_s=125173.825703] 008581 000004
[host_monotonic_s=125173.828786] 008582 000001
[host_monotonic_s=125173.831318] 008584 000001
[host_monotonic_s=125173.833921] 008588 000001
[host_monotonic_s=125173.837081] 008589 000001
[host_monotonic_s=125173.840091] 008593 000001
[host_monotonic_s=125173.842409] 008596 000001
[host_monotonic_s=125173.845342] 008597 000002
[host_monotonic_s=125173.848416] 008604 000001
[host_monotonic_s=125173.850746] 008606 000001
[host_monotonic_s=125173.853899] 008607 000002
[host_monotonic_s=125173.857224] 008609 000002
[host_monotonic_s=125173.860329] 008611 000001
[host_monotonic_s=125173.862751] 008616 000003
[host_monotonic_s=125173.865944] 008617 000001
[host_monotonic_s=125173.868893] 008618 000001
[host_monotonic_s=125173.871671] 008621 000003
[host_monotonic_s=125173.873987] 008622 000003
[host_monotonic_s=125173.877373] 008624 000004
[host_monotonic_s=125173.880367] 008627 000001
[host_monotonic_s=125173.882841] 008629 000001
[host_monotonic_s=125173.885591] 008630 000001
[host_monotonic_s=125173.888951] 008631 000002
[host_monotonic_s=125173.891897] 008633 000002
[host_monotonic_s=125173.894378] 008634 000002
[host_monotonic_s=125173.897532] 008637 000001
[host_monotonic_s=125173.900376] 008638 000002
[host_monotonic_s=125173.902748] 008640 000002
[host_monotonic_s=125173.905675] 008642 000001
[host_monotonic_s=125173.908608] 008644 000001
[host_monotonic_s=125173.910898] 008647 000002
[host_monotonic_s=125173.913796] 008653 000001
[host_monotonic_s=125173.917359] 008654 000002
[host_monotonic_s=125173.920198] 008655 000004
[host_monotonic_s=125173.922560] 008656 000002
[host_monotonic_s=125173.925690] 008659 000003
[host_monotonic_s=125173.928685] 008660 000001
[host_monotonic_s=125173.931388] 008661 000001
[host_monotonic_s=125173.934202] 008664 000002
[host_monotonic_s=125173.937407] 008666 000002
[host_monotonic_s=125173.940457] 008669 000001
[host_monotonic_s=125173.942907] 008671 000001
[host_monotonic_s=125173.945870] 008672 000001
[host_monotonic_s=125173.948917] 008673 000002
[host_monotonic_s=125173.951781] 008677 000001
[host_monotonic_s=125173.954135] 008678 000001
[host_monotonic_s=125173.957273] 008680 000001
[host_monotonic_s=125173.960250] 008681 000002
[host_monotonic_s=125173.962707] 008682 000002
[host_monotonic_s=125174.265369] 008683 000001
[host_monotonic_s=125174.265381] 008684 000002
[host_monotonic_s=125174.265384] 008685 000003
[host_monotonic_s=125174.265386] 008687 000001
[host_monotonic_s=125174.265387] 008688 000002
[host_monotonic_s=125174.265389] 008689 000002
[host_monotonic_s=125174.265391] 008690 000001
[host_monotonic_s=125174.265393] 008694 000001
[host_monotonic_s=125174.265394] 008695 000001
[host_monotonic_s=125174.265396] 008696 000003
[host_monotonic_s=125174.265397] 008697 000001
[host_monotonic_s=125174.265399] 008698 000002
[host_monotonic_s=125174.265400] 008699 000003
[host_monotonic_s=125174.265402] 008701 000001
[host_monotonic_s=125174.265403] 008703 000003
[host_monotonic_s=125174.265405] 008704 000001
[host_monotonic_s=125174.265406] 008705 000002
[host_monotonic_s=125174.265407] 008706 000001
[host_monotonic_s=125174.265409] 008707 000004
[host_monotonic_s=125174.273950] 008708 000001
[host_monotonic_s=125174.279174] 008709 000003
[host_monotonic_s=125174.281832] 008710 000004
[host_monotonic_s=125174.284630] 008711 000001
[host_monotonic_s=125174.287771] 008714 000002
[host_monotonic_s=125174.290054] 008715 000001
[host_monotonic_s=125174.293062] 008716 000001
[host_monotonic_s=125174.296004] 008719 000001
[host_monotonic_s=125174.298354] 008720 000003
[host_monotonic_s=125174.301386] 008721 000002
[host_monotonic_s=125174.304432] 008722 000003
[host_monotonic_s=125174.307249] 008723 000002
[host_monotonic_s=125174.309759] 008724 000002
[host_monotonic_s=125174.312701] 008725 000003
[host_monotonic_s=125174.315317] 008727 000002
[host_monotonic_s=125174.318019] 008728 000003
[host_monotonic_s=125174.320959] 008731 000001
[host_monotonic_s=125174.325675] 008732 000001
[host_monotonic_s=125174.330099] 008733 000002
[host_monotonic_s=125174.333050] 008734 000003
[host_monotonic_s=125174.336087] 008735 000001
[host_monotonic_s=125174.338409] 008737 000001
[host_monotonic_s=125174.341425] 008739 000001
[host_monotonic_s=125174.344400] 008741 000003
[host_monotonic_s=125174.346777] 008742 000001
[host_monotonic_s=125174.349492] 008744 000002
[host_monotonic_s=125174.352404] 008745 000003
[host_monotonic_s=125174.354725] 008746 000002
[host_monotonic_s=125174.357933] 008747 000001
[host_monotonic_s=125174.360925] 008749 000001
[host_monotonic_s=125174.363681] 008750 000001
[host_monotonic_s=125174.366045] 008751 000001
[host_monotonic_s=125174.369125] 008752 000002
[host_monotonic_s=125174.371968] 008753 000003
[host_monotonic_s=125174.374412] 008754 000001
[host_monotonic_s=125174.377509] 008758 000002
[host_monotonic_s=125174.380434] 008761 000001
[host_monotonic_s=125174.382801] 008762 000001
[host_monotonic_s=125174.385476] 008763 000001
[host_monotonic_s=125174.388498] 008764 000001
[host_monotonic_s=125174.390800] 008765 000001
[host_monotonic_s=125174.393626] 008770 000001
[host_monotonic_s=125174.396600] 008771 000001
[host_monotonic_s=125174.399162] 008776 000001
[host_monotonic_s=125174.401911] 008779 000001
[host_monotonic_s=125174.404812] 008780 000002
[host_monotonic_s=125174.407597] 008781 000001
[host_monotonic_s=125174.409891] 008782 000001
[host_monotonic_s=125174.412840] 008791 000001
[host_monotonic_s=125174.415636] 008794 000001
[host_monotonic_s=125174.418069] 008795 000001
[host_monotonic_s=125174.421063] 008799 000001
[host_monotonic_s=125174.423976] 008811 000001
[host_monotonic_s=125174.426346] 008813 000001
[host_monotonic_s=125174.429300] 008814 000001
[host_monotonic_s=125174.432191] 008825 000001
[host_monotonic_s=125174.434577] 008831 000001
[host_monotonic_s=125174.437670] 008832 000001
[host_monotonic_s=125174.440661] 008835 000001
[host_monotonic_s=125174.443274] 008836 000001
[host_monotonic_s=125174.445864] 008837 000001
[host_monotonic_s=125174.448792] 008839 000001
[host_monotonic_s=125174.451304] 008844 000001
[host_monotonic_s=125174.454038] 008849 000001
[host_monotonic_s=125174.457068] 008850 000001
[host_monotonic_s=125174.459978] 008855 000001
[host_monotonic_s=125174.462348] 008856 000001
[host_monotonic_s=125174.465265] 008859 000001
[host_monotonic_s=125174.468239] 008862 000001
[host_monotonic_s=125174.470547] 008897 000001
[host_monotonic_s=125174.473523] 008928 000001
[host_monotonic_s=125174.476539] 008943 000001
[host_monotonic_s=125174.478926] 008950 000001
[host_monotonic_s=125174.481705] 008952 000002
[host_monotonic_s=125174.484605] 008961 000001
[host_monotonic_s=125174.487205] 008969 000001
[host_monotonic_s=125174.489751] 008977 000001
[host_monotonic_s=125174.492799] 008980 000001
[host_monotonic_s=125174.496059] 008986 000001
[host_monotonic_s=125174.498620] 008994 000001
[host_monotonic_s=125174.501814] 009010 000001
[host_monotonic_s=125174.504866] 009097 000001
[host_monotonic_s=125174.507952] 009101 000001
[host_monotonic_s=125174.510319] 009114 000001
[host_monotonic_s=125174.513278] 009132 000001
[host_monotonic_s=125174.815786] 009256 000001
[host_monotonic_s=125174.815799] 009305 000001
[host_monotonic_s=125174.815801] 009516 000001
[host_monotonic_s=125174.815803] 009564 000001
[host_monotonic_s=125174.815805] 009566 000001
[host_monotonic_s=125174.815807] 009573 000001
[host_monotonic_s=125174.815808] 009574 000001
[host_monotonic_s=125174.815810] 009607 000001
[host_monotonic_s=125174.815812] 009609 000001
[host_monotonic_s=125174.815813] 009611 000001
[host_monotonic_s=125174.815815] 009613 000001
[host_monotonic_s=125174.815816] 009614 000001
[host_monotonic_s=125174.815818] 009615 000001
[host_monotonic_s=125174.815819] 009622 000001
[host_monotonic_s=125174.815821] 009628 000001
[host_monotonic_s=125174.815822] 009631 000001
[host_monotonic_s=125174.815823] 009637 000002
[host_monotonic_s=125174.815825] 009645 000001
[host_monotonic_s=125174.815826] 009646 000001
[host_monotonic_s=125174.825045] 009648 000001
[host_monotonic_s=125174.829453] 009649 000001
[host_monotonic_s=125174.832393] 009656 000001
[host_monotonic_s=125174.834684] 009657 000001
[host_monotonic_s=125174.837837] 009665 000001
[host_monotonic_s=125174.840914] 009667 000001
[host_monotonic_s=125174.843668] 009668 000001
[host_monotonic_s=125174.846222] 009670 000001
[host_monotonic_s=125174.849233] 009675 000001
[host_monotonic_s=125174.852122] 009676 000001
[host_monotonic_s=125174.854449] 009677 000001
[host_monotonic_s=125174.857630] 009680 000003
[host_monotonic_s=125174.860515] 009681 000001
[host_monotonic_s=125174.862811] 009682 000002
[host_monotonic_s=125174.865499] 009683 000001
[host_monotonic_s=125174.868490] 009684 000001
[host_monotonic_s=125174.870790] 009685 000001
[host_monotonic_s=125174.873565] 009686 000002
[host_monotonic_s=125174.876496] 009687 000003
[host_monotonic_s=125174.878847] 009689 000001
[host_monotonic_s=125174.881701] 009690 000001
[host_monotonic_s=125174.884582] 009691 000002
[host_monotonic_s=125174.886971] 009693 000001
[host_monotonic_s=125174.889738] 009695 000002
[host_monotonic_s=125174.892641] 009698 000003
[host_monotonic_s=125174.894939] 009699 000001
[host_monotonic_s=125174.897850] 009700 000002
[host_monotonic_s=125174.900845] 009701 000001
[host_monotonic_s=125174.903793] 009702 000003
[host_monotonic_s=125174.906300] 009703 000003
[host_monotonic_s=125174.909330] 009704 000001
[host_monotonic_s=125174.912476] 009705 000001
[host_monotonic_s=125174.915278] 009707 000001
[host_monotonic_s=125174.918096] 009708 000002
[host_monotonic_s=125174.921053] 009709 000002
[host_monotonic_s=125174.923948] 009710 000001
[host_monotonic_s=125174.926420] 009711 000002
[host_monotonic_s=125174.929361] 009712 000004
[host_monotonic_s=125174.932224] 009713 000002
[host_monotonic_s=125174.934617] 009714 000002
[host_monotonic_s=125174.938020] 009715 000002
[host_monotonic_s=125174.940973] 009716 000003
[host_monotonic_s=125174.943778] 009717 000001
[host_monotonic_s=125174.946177] 009718 000004
[host_monotonic_s=125174.949185] 009719 000001
[host_monotonic_s=125174.952017] 009720 000002
[host_monotonic_s=125174.954587] 009722 000001
[host_monotonic_s=125174.957626] 009723 000003
[host_monotonic_s=125174.960512] 009725 000004
[host_monotonic_s=125174.962867] 009726 000001
[host_monotonic_s=125174.965545] 009727 000001
[host_monotonic_s=125174.968468] 009728 000003
[host_monotonic_s=125174.970771] 009729 000001
[host_monotonic_s=125174.973736] 009730 000002
[host_monotonic_s=125174.976700] 009731 000002
[host_monotonic_s=125174.979249] 009732 000001
[host_monotonic_s=125174.981906] 009733 000001
[host_monotonic_s=125174.984823] 009734 000001
[host_monotonic_s=125174.987868] 009735 000002
[host_monotonic_s=125174.990138] 009737 000001
[host_monotonic_s=125174.993058] 009740 000003
[host_monotonic_s=125174.996090] 009743 000001
[host_monotonic_s=125174.998469] 009744 000001
[host_monotonic_s=125175.001421] 009747 000002
[host_monotonic_s=125175.004236] 009750 000002
[host_monotonic_s=125175.006647] 009753 000001
[host_monotonic_s=125175.009596] 009756 000001
[host_monotonic_s=125175.012949] 009763 000001
[host_monotonic_s=125175.017415] 009771 000001
[host_monotonic_s=125175.020715] 009780 000001
[host_monotonic_s=125175.023311] 009783 000001
[host_monotonic_s=125175.026226] 009784 000001
[host_monotonic_s=125175.029211] 009786 000001
[host_monotonic_s=125175.032325] 009787 000001
[host_monotonic_s=125175.034654] 009788 000002
[host_monotonic_s=125175.037801] 009796 000001
[host_monotonic_s=125175.040774] 009799 000001
[host_monotonic_s=125175.043288] 009807 000001
[host_monotonic_s=125175.046104] 009808 000001
[host_monotonic_s=125175.049071] 009827 000001
[host_monotonic_s=125175.051903] 009833 000002
[host_monotonic_s=125175.054243] 009851 000001
[host_monotonic_s=125175.057506] 009858 000001
[host_monotonic_s=125175.060377] 009859 000001
[host_monotonic_s=125175.062706] 009874 000001
[host_monotonic_s=125175.366409] 009882 000001
[host_monotonic_s=125175.366422] 009893 000001
[host_monotonic_s=125175.366424] 009894 000001
[host_monotonic_s=125175.366426] 009895 000001
[host_monotonic_s=125175.366428] 009904 000001
[host_monotonic_s=125175.366430] 009911 000001
[host_monotonic_s=125175.366432] 009913 000001
[host_monotonic_s=125175.366434] 009916 000001
[host_monotonic_s=125175.366436] 009933 000001
[host_monotonic_s=125175.366437] 009937 000001
[host_monotonic_s=125175.366439] 009945 000001
[host_monotonic_s=125175.366440] 009949 000001
[host_monotonic_s=125175.366442] 009967 000001
[host_monotonic_s=125175.366444] 009971 000001
[host_monotonic_s=125175.366445] 009975 000001
[host_monotonic_s=125175.366447] 009991 000001
[host_monotonic_s=125175.366448] 010009 000001
[host_monotonic_s=125175.366450] 010015 000001
[host_monotonic_s=125175.366451] 010035 000001
[host_monotonic_s=125175.374070] 010074 000001
[host_monotonic_s=125175.383414] 010080 000001
[host_monotonic_s=125175.386015] 010328 000001
[host_monotonic_s=125175.391720] 010565 000001
[host_monotonic_s=125175.394045] 010576 000001
[host_monotonic_s=125175.398243] 010583 000001
[host_monotonic_s=125175.401299] 010584 000001
[host_monotonic_s=125175.404285] 010587 000001
[host_monotonic_s=125175.407499] 010592 000001
[host_monotonic_s=125175.410315] 010601 000001
[host_monotonic_s=125175.413550] 010612 000001
[host_monotonic_s=125175.416707] 010619 000001
[host_monotonic_s=125175.419397] 010620 000001
[host_monotonic_s=125175.421978] 010650 000001
[host_monotonic_s=125175.425054] 010660 000001
[host_monotonic_s=125175.428139] 010664 000001
[host_monotonic_s=125175.430395] 010667 000001
[host_monotonic_s=125175.433366] 010674 000001
[host_monotonic_s=125175.436492] 010676 000001
[host_monotonic_s=125175.438858] 010682 000001
[host_monotonic_s=125175.441587] 010690 000001
[host_monotonic_s=125175.444474] 010694 000001
[host_monotonic_s=125175.447203] 010697 000001
[host_monotonic_s=125175.449737] 010702 000001
[host_monotonic_s=125175.452650] 010705 000002
[host_monotonic_s=125175.455199] 010706 000001
[host_monotonic_s=125175.458044] 010708 000001
[host_monotonic_s=125175.460911] 010709 000001
[host_monotonic_s=125175.463615] 010710 000001
[host_monotonic_s=125175.465960] 010712 000002
[host_monotonic_s=125175.469135] 010715 000001
[host_monotonic_s=125175.471956] 010718 000002
[host_monotonic_s=125175.474330] 010722 000001
[host_monotonic_s=125175.477330] 010723 000001
[host_monotonic_s=125175.480169] 010724 000001
[host_monotonic_s=125175.482514] 010725 000002
[host_monotonic_s=125175.485487] 010726 000002
[host_monotonic_s=125175.488675] 010731 000001
[host_monotonic_s=125175.491387] 010733 000001
[host_monotonic_s=125175.494111] 010736 000002
[host_monotonic_s=125175.497177] 010738 000001
[host_monotonic_s=125175.500088] 010742 000001
[host_monotonic_s=125175.502465] 010745 000001
[host_monotonic_s=125175.505466] 010746 000001
[host_monotonic_s=125175.508450] 010751 000001
[host_monotonic_s=125175.510787] 010756 000001
[host_monotonic_s=125175.513718] 010757 000001
[host_monotonic_s=125175.516697] 010760 000001
[host_monotonic_s=125175.519223] 010765 000001
[host_monotonic_s=125175.522006] 010768 000001
[host_monotonic_s=125175.524988] 010771 000001
[host_monotonic_s=125175.527936] 010778 000001
[host_monotonic_s=125175.530203] 010779 000001
[host_monotonic_s=125175.533165] 010782 000001
[host_monotonic_s=125175.536065] 010784 000001
[host_monotonic_s=125175.538420] 010796 000001
[host_monotonic_s=125175.541433] 010801 000002
[host_monotonic_s=125175.544322] 010813 000001
[host_monotonic_s=125175.546882] 010828 000002
[host_monotonic_s=125175.549512] 010834 000001
[host_monotonic_s=125175.552447] 010842 000001
[host_monotonic_s=125175.554808] 010849 000001
[host_monotonic_s=125175.557569] 010856 000001
[host_monotonic_s=125175.560461] 010914 000001
[host_monotonic_s=125175.562821] 010917 000001
[host_monotonic_s=125175.565462] 010978 000001
[host_monotonic_s=125175.568638] 010989 000001
[host_monotonic_s=125175.570961] 011021 000001
[host_monotonic_s=125175.573770] 011050 000001
[host_monotonic_s=125175.578154] # Min Latencies: 00159
[host_monotonic_s=125175.582447] # Avg Latencies: 00544
[host_monotonic_s=125175.587320] # Max Latencies: 303985
[host_monotonic_s=125175.592541] # Histogram Overflows: 00013
[host_monotonic_s=125175.599319] # Histogram Overflow at cycle number:
[host_monotonic_s=125175.615300] # Thread 0: 01062 01555 03934 07597 07873 08150 08436 08709 08987 09262 09542 10839 13217
[host_monotonic_s=125175.616190] 
[host_monotonic_s=125175.916755] RT_CYCLICTEST_TIMING_END uptime_s=947.87
[host_monotonic_s=125175.916767] RT_CYCLICTEST_COMPLETE
[host_monotonic_s=125175.916770] RT_CPUSTAT sample=0 cpu=cpu0 user=3 nice=0 system=218 idle=2474 iowait=0 irq=19 softirq=1 steal=0
[host_monotonic_s=125175.916772] RT_CPUSTAT sample=0 cpu=cpu1 user=0 nice=0 system=1 idle=2864 iowait=0 irq=30 softirq=0 steal=0
[host_monotonic_s=125175.938034] RT_CPUSTAT sample=1 cpu=cpu0 user=5 nice=0 system=219 idle=2970 iowait=0 irq=20 softirq=2 steal=0
[host_monotonic_s=125175.953895] RT_CPUSTAT sample=1 cpu=cpu1 user=0 nice=0 system=7 idle=3226 iowait=0 irq=134 softirq=0 steal=0
[host_monotonic_s=125175.969893] RT_CPUSTAT sample=2 cpu=cpu0 user=5 nice=0 system=221 idle=3468 iowait=0 irq=21 softirq=2 steal=0
[host_monotonic_s=125175.985720] RT_CPUSTAT sample=2 cpu=cpu1 user=1 nice=0 system=10 idle=3589 iowait=0 irq=211 softirq=0 steal=0
[host_monotonic_s=125176.001751] RT_CPUSTAT sample=3 cpu=cpu0 user=5 nice=0 system=222 idle=3966 iowait=0 irq=22 softirq=2 steal=0
[host_monotonic_s=125176.018758] RT_CPUSTAT sample=3 cpu=cpu1 user=2 nice=0 system=12 idle=3998 iowait=0 irq=274 softirq=0 steal=0
[host_monotonic_s=125176.034611] RT_CPUSTAT sample=4 cpu=cpu0 user=5 nice=0 system=224 idle=4463 iowait=0 irq=23 softirq=2 steal=0
[host_monotonic_s=125176.051619] RT_CPUSTAT sample=4 cpu=cpu1 user=2 nice=0 system=14 idle=4374 iowait=0 irq=359 softirq=0 steal=0
[host_monotonic_s=125176.068017] RT_CPUSTAT sample=5 cpu=cpu0 user=5 nice=0 system=225 idle=4962 iowait=0 irq=24 softirq=2 steal=0
[host_monotonic_s=125176.083673] RT_CPUSTAT sample=5 cpu=cpu1 user=3 nice=0 system=17 idle=4746 iowait=0 irq=449 softirq=0 steal=0
[host_monotonic_s=125176.099653] RT_CPUSTAT sample=6 cpu=cpu0 user=6 nice=0 system=227 idle=5459 iowait=0 irq=25 softirq=3 steal=0
[host_monotonic_s=125176.116205] RT_CPUSTAT sample=6 cpu=cpu1 user=4 nice=0 system=20 idle=5117 iowait=0 irq=538 softirq=0 steal=0
[host_monotonic_s=125176.132324] RT_CPUSTAT sample=7 cpu=cpu0 user=6 nice=0 system=228 idle=5958 iowait=0 irq=26 softirq=3 steal=0
[host_monotonic_s=125176.148691] RT_CPUSTAT sample=7 cpu=cpu1 user=4 nice=0 system=25 idle=5487 iowait=0 irq=628 softirq=1 steal=0
[host_monotonic_s=125176.164693] RT_CPUSTAT sample=8 cpu=cpu0 user=6 nice=0 system=230 idle=6455 iowait=0 irq=27 softirq=3 steal=0
[host_monotonic_s=125176.181205] RT_CPUSTAT sample=8 cpu=cpu1 user=5 nice=0 system=29 idle=5855 iowait=0 irq=720 softirq=1 steal=0
[host_monotonic_s=125176.197691] RT_CPUSTAT sample=9 cpu=cpu0 user=6 nice=0 system=231 idle=6954 iowait=0 irq=27 softirq=3 steal=0
[host_monotonic_s=125176.213494] RT_CPUSTAT sample=9 cpu=cpu1 user=6 nice=0 system=32 idle=6225 iowait=0 irq=811 softirq=1 steal=0
[host_monotonic_s=125176.229739] RT_CPUSTAT sample=10 cpu=cpu0 user=7 nice=0 system=232 idle=7452 iowait=0 irq=28 softirq=3 steal=0
[host_monotonic_s=125176.246472] RT_CPUSTAT sample=10 cpu=cpu1 user=7 nice=0 system=35 idle=6595 iowait=0 irq=900 softirq=1 steal=0
[host_monotonic_s=125176.262400] RT_CPUSTAT sample=11 cpu=cpu0 user=7 nice=0 system=233 idle=7951 iowait=0 irq=29 softirq=3 steal=0
[host_monotonic_s=125176.278520] RT_CPUSTAT sample=11 cpu=cpu1 user=8 nice=0 system=37 idle=6965 iowait=0 irq=990 softirq=1 steal=0
[host_monotonic_s=125176.294649] RT_CPUSTAT sample=12 cpu=cpu0 user=7 nice=0 system=235 idle=8448 iowait=0 irq=30 softirq=4 steal=0
[host_monotonic_s=125176.311613] RT_CPUSTAT sample=12 cpu=cpu1 user=8 nice=0 system=41 idle=7336 iowait=0 irq=1081 softirq=1 steal=0
[host_monotonic_s=125176.327588] RT_CPUSTAT sample=13 cpu=cpu0 user=7 nice=0 system=236 idle=8947 iowait=0 irq=31 softirq=4 steal=0
[host_monotonic_s=125176.343436] RT_CPUSTAT sample=13 cpu=cpu1 user=9 nice=0 system=42 idle=7706 iowait=0 irq=1170 softirq=1 steal=0
[host_monotonic_s=125176.359634] RT_CPUSTAT sample=14 cpu=cpu0 user=7 nice=0 system=237 idle=9444 iowait=0 irq=32 softirq=4 steal=0
[host_monotonic_s=125176.375925] RT_CPUSTAT sample=14 cpu=cpu1 user=10 nice=0 system=44 idle=8076 iowait=0 irq=1260 softirq=2 steal=0
[host_monotonic_s=125176.391645] RT_CPUSTAT sample=15 cpu=cpu0 user=7 nice=0 system=238 idle=9943 iowait=0 irq=33 softirq=4 steal=0
[host_monotonic_s=125176.408155] RT_CPUSTAT sample=15 cpu=cpu1 user=11 nice=0 system=46 idle=8446 iowait=0 irq=1350 softirq=2 steal=0
[host_monotonic_s=125176.717184] RT_CPUSTAT sample=16 cpu=cpu0 user=7 nice=0 system=240 idle=10441 iowait=0 irq=34 softirq=4 steal=0
[host_monotonic_s=125176.717194] RT_CPUSTAT sample=16 cpu=cpu1 user=12 nice=0 system=49 idle=8815 iowait=0 irq=1441 softirq=2 steal=0
[host_monotonic_s=125176.717196] RT_CPUSTAT sample=17 cpu=cpu0 user=8 nice=0 system=241 idle=10939 iowait=0 irq=35 softirq=4 steal=0
[host_monotonic_s=125176.736395] RT_CPUSTAT sample=17 cpu=cpu1 user=13 nice=0 system=52 idle=9183 iowait=0 irq=1531 softirq=2 steal=0
[host_monotonic_s=125176.752692] RT_CPUSTAT sample=18 cpu=cpu0 user=8 nice=0 system=242 idle=11437 iowait=0 irq=36 softirq=5 steal=0
[host_monotonic_s=125176.768991] RT_CPUSTAT sample=18 cpu=cpu1 user=13 nice=0 system=55 idle=9553 iowait=0 irq=1621 softirq=2 steal=0
[host_monotonic_s=125176.784829] RT_CPUSTAT sample=19 cpu=cpu0 user=8 nice=0 system=244 idle=11935 iowait=0 irq=37 softirq=5 steal=0
[host_monotonic_s=125176.801657] RT_CPUSTAT sample=19 cpu=cpu1 user=14 nice=0 system=57 idle=9923 iowait=0 irq=1711 softirq=2 steal=0
[host_monotonic_s=125176.818040] RT_CPUSTAT sample=20 cpu=cpu0 user=9 nice=0 system=246 idle=12433 iowait=0 irq=38 softirq=5 steal=0
[host_monotonic_s=125176.835314] RT_CPUSTAT sample=20 cpu=cpu1 user=14 nice=0 system=60 idle=10298 iowait=0 irq=1797 softirq=2 steal=0
[host_monotonic_s=125176.851957] RT_CPUSTAT sample=21 cpu=cpu0 user=9 nice=0 system=247 idle=12932 iowait=0 irq=39 softirq=5 steal=0
[host_monotonic_s=125176.869165] RT_CPUSTAT sample=21 cpu=cpu1 user=15 nice=0 system=64 idle=10666 iowait=0 irq=1888 softirq=2 steal=0
[host_monotonic_s=125176.885118] RT_CPUSTAT sample=22 cpu=cpu0 user=9 nice=0 system=248 idle=13429 iowait=0 irq=40 softirq=5 steal=0
[host_monotonic_s=125176.901684] RT_CPUSTAT sample=22 cpu=cpu1 user=16 nice=0 system=68 idle=11036 iowait=0 irq=1978 softirq=3 steal=0
[host_monotonic_s=125176.918251] RT_CPUSTAT sample=23 cpu=cpu0 user=10 nice=0 system=249 idle=13928 iowait=0 irq=41 softirq=5 steal=0
[host_monotonic_s=125176.934778] RT_CPUSTAT sample=23 cpu=cpu1 user=16 nice=0 system=70 idle=11408 iowait=0 irq=2066 softirq=3 steal=0
[host_monotonic_s=125176.951531] RT_CPUSTAT sample=24 cpu=cpu0 user=10 nice=0 system=251 idle=14425 iowait=0 irq=42 softirq=6 steal=0
[host_monotonic_s=125177.267574] RT_CPUSTAT sample=24 cpu=cpu1 user=17 nice=0 system=72 idle=11779 iowait=0 irq=2155 softirq=3 steal=0
[host_monotonic_s=125177.267590] RT_CPUSTAT sample=25 cpu=cpu0 user=10 nice=0 system=252 idle=14924 iowait=0 irq=42 softirq=6 steal=0
[host_monotonic_s=125177.267594] RT_CPUSTAT sample=25 cpu=cpu1 user=17 nice=0 system=73 idle=12151 iowait=0 irq=2243 softirq=3 steal=0
[host_monotonic_s=125177.278711] RT_CPUSTAT sample=26 cpu=cpu0 user=10 nice=0 system=254 idle=15421 iowait=0 irq=44 softirq=6 steal=0
[host_monotonic_s=125177.295370] RT_CPUSTAT sample=26 cpu=cpu1 user=18 nice=0 system=74 idle=12520 iowait=0 irq=2334 softirq=3 steal=0
[host_monotonic_s=125177.311792] RT_CPUSTAT sample=27 cpu=cpu0 user=10 nice=0 system=254 idle=15920 iowait=0 irq=44 softirq=6 steal=0
[host_monotonic_s=125177.328017] RT_CPUSTAT sample=27 cpu=cpu1 user=19 nice=0 system=78 idle=12890 iowait=0 irq=2424 softirq=3 steal=0
[host_monotonic_s=125177.343845] RT_CPUSTAT sample=28 cpu=cpu0 user=11 nice=0 system=256 idle=16417 iowait=0 irq=45 softirq=6 steal=0
[host_monotonic_s=125177.360123] RT_CPUSTAT sample=28 cpu=cpu1 user=19 nice=0 system=83 idle=13259 iowait=0 irq=2514 softirq=4 steal=0
[host_monotonic_s=125177.376463] RT_CPUSTAT sample=29 cpu=cpu0 user=11 nice=0 system=257 idle=16916 iowait=0 irq=46 softirq=7 steal=0
[host_monotonic_s=125177.392685] RT_CPUSTAT sample=29 cpu=cpu1 user=20 nice=0 system=85 idle=13628 iowait=0 irq=2603 softirq=4 steal=0
[host_monotonic_s=125177.409160] RT_CPUSTAT sample=30 cpu=cpu0 user=11 nice=0 system=258 idle=17414 iowait=0 irq=47 softirq=7 steal=0
[host_monotonic_s=125177.426443] RT_CPUSTAT sample=30 cpu=cpu1 user=21 nice=0 system=87 idle=13999 iowait=0 irq=2692 softirq=4 steal=0
[host_monotonic_s=125177.442855] RT_CPUSTAT sample=31 cpu=cpu0 user=11 nice=0 system=260 idle=17913 iowait=0 irq=48 softirq=7 steal=0
[host_monotonic_s=125177.459661] RT_CPUSTAT sample=31 cpu=cpu1 user=22 nice=0 system=90 idle=14371 iowait=0 irq=2781 softirq=4 steal=0
[host_monotonic_s=125177.476352] RT_CPUSTAT sample=32 cpu=cpu0 user=11 nice=0 system=261 idle=18410 iowait=0 irq=49 softirq=7 steal=0
[host_monotonic_s=125177.492750] RT_CPUSTAT sample=32 cpu=cpu1 user=23 nice=0 system=93 idle=14742 iowait=0 irq=2869 softirq=4 steal=0
[host_monotonic_s=125177.509222] RT_CPUSTAT sample=33 cpu=cpu0 user=11 nice=0 system=262 idle=18909 iowait=0 irq=50 softirq=7 steal=0
[host_monotonic_s=125177.817784] RT_CPUSTAT sample=33 cpu=cpu1 user=23 nice=0 system=94 idle=15115 iowait=0 irq=2957 softirq=4 steal=0
[host_monotonic_s=125177.817797] RT_CPUSTAT sample=34 cpu=cpu0 user=11 nice=0 system=264 idle=19406 iowait=0 irq=51 softirq=8 steal=0
[host_monotonic_s=125177.817799] RT_CPUSTAT sample=34 cpu=cpu1 user=24 nice=0 system=96 idle=15486 iowait=0 irq=3046 softirq=4 steal=0
[host_monotonic_s=125177.836401] RT_CPUSTAT sample=35 cpu=cpu0 user=12 nice=0 system=265 idle=19905 iowait=0 irq=52 softirq=8 steal=0
[host_monotonic_s=125177.852883] RT_CPUSTAT sample=35 cpu=cpu1 user=24 nice=0 system=97 idle=15859 iowait=0 irq=3134 softirq=5 steal=0
[host_monotonic_s=125177.869487] RT_CPUSTAT sample=36 cpu=cpu0 user=12 nice=0 system=266 idle=20402 iowait=0 irq=53 softirq=8 steal=0
[host_monotonic_s=125177.885857] RT_CPUSTAT sample=36 cpu=cpu1 user=24 nice=0 system=99 idle=16230 iowait=0 irq=3222 softirq=5 steal=0
[host_monotonic_s=125177.902109] RT_CPUSTAT sample=37 cpu=cpu0 user=12 nice=0 system=267 idle=20901 iowait=0 irq=54 softirq=8 steal=0
[host_monotonic_s=125177.918810] RT_CPUSTAT sample=37 cpu=cpu1 user=25 nice=0 system=101 idle=16598 iowait=0 irq=3314 softirq=5 steal=0
[host_monotonic_s=125177.935638] RT_CPUSTAT sample=38 cpu=cpu0 user=12 nice=0 system=269 idle=21398 iowait=0 irq=55 softirq=8 steal=0
[host_monotonic_s=125177.952228] RT_CPUSTAT sample=38 cpu=cpu1 user=25 nice=0 system=103 idle=16970 iowait=0 irq=3401 softirq=5 steal=0
[host_monotonic_s=125177.968474] RT_CPUSTAT sample=39 cpu=cpu0 user=12 nice=0 system=270 idle=21897 iowait=0 irq=56 softirq=8 steal=0
[host_monotonic_s=125177.984847] RT_CPUSTAT sample=39 cpu=cpu1 user=26 nice=0 system=105 idle=17341 iowait=0 irq=3490 softirq=5 steal=0
[host_monotonic_s=125178.001282] RT_CPUSTAT sample=40 cpu=cpu0 user=13 nice=0 system=271 idle=22394 iowait=0 irq=57 softirq=9 steal=0
[host_monotonic_s=125178.018714] RT_CPUSTAT sample=40 cpu=cpu1 user=27 nice=0 system=109 idle=17709 iowait=0 irq=3582 softirq=5 steal=0
[host_monotonic_s=125178.035666] RT_CPUSTAT sample=41 cpu=cpu0 user=13 nice=0 system=272 idle=22893 iowait=0 irq=58 softirq=9 steal=0
[host_monotonic_s=125178.052148] RT_CPUSTAT sample=41 cpu=cpu1 user=29 nice=0 system=112 idle=18079 iowait=0 irq=3672 softirq=5 steal=0
[host_monotonic_s=125178.368428] RT_CPUSTAT sample=42 cpu=cpu0 user=13 nice=0 system=274 idle=23391 iowait=0 irq=59 softirq=9 steal=0
[host_monotonic_s=125178.368440] RT_CPUSTAT sample=42 cpu=cpu1 user=29 nice=0 system=115 idle=18450 iowait=0 irq=3760 softirq=6 steal=0
[host_monotonic_s=125178.368443] RT_CPUSTAT sample=43 cpu=cpu0 user=13 nice=0 system=275 idle=23890 iowait=0 irq=59 softirq=9 steal=0
[host_monotonic_s=125178.379303] RT_CPUSTAT sample=43 cpu=cpu1 user=30 nice=0 system=117 idle=18825 iowait=0 irq=3847 softirq=6 steal=0
[host_monotonic_s=125178.395626] RT_CPUSTAT sample=44 cpu=cpu0 user=14 nice=0 system=276 idle=24387 iowait=0 irq=60 softirq=9 steal=0
[host_monotonic_s=125178.412498] RT_CPUSTAT sample=44 cpu=cpu1 user=31 nice=0 system=119 idle=19195 iowait=0 irq=3936 softirq=6 steal=0
[host_monotonic_s=125178.428984] RT_CPUSTAT sample=45 cpu=cpu0 user=14 nice=0 system=277 idle=24886 iowait=0 irq=61 softirq=9 steal=0
[host_monotonic_s=125178.445466] RT_CPUSTAT sample=45 cpu=cpu1 user=32 nice=0 system=124 idle=19564 iowait=0 irq=4026 softirq=6 steal=0
[host_monotonic_s=125178.462104] RT_CPUSTAT sample=46 cpu=cpu0 user=15 nice=0 system=279 idle=25383 iowait=0 irq=62 softirq=10 steal=0
[host_monotonic_s=125178.479397] RT_CPUSTAT sample=46 cpu=cpu1 user=33 nice=0 system=128 idle=19932 iowait=0 irq=4118 softirq=6 steal=0
[host_monotonic_s=125178.496303] RT_CPUSTAT sample=47 cpu=cpu0 user=15 nice=0 system=280 idle=25882 iowait=0 irq=63 softirq=10 steal=0
[host_monotonic_s=125178.512676] RT_CPUSTAT sample=47 cpu=cpu1 user=34 nice=0 system=133 idle=20299 iowait=0 irq=4210 softirq=6 steal=0
[host_monotonic_s=125178.529419] RT_CPUSTAT sample=48 cpu=cpu0 user=15 nice=0 system=281 idle=26379 iowait=0 irq=64 softirq=10 steal=0
[host_monotonic_s=125178.546037] RT_CPUSTAT sample=48 cpu=cpu1 user=35 nice=0 system=136 idle=20669 iowait=0 irq=4300 softirq=6 steal=0
[host_monotonic_s=125178.562645] RT_CPUSTAT sample=49 cpu=cpu0 user=15 nice=0 system=282 idle=26878 iowait=0 irq=65 softirq=10 steal=0
[host_monotonic_s=125178.579697] RT_CPUSTAT sample=49 cpu=cpu1 user=36 nice=0 system=138 idle=21038 iowait=0 irq=4391 softirq=7 steal=0
[host_monotonic_s=125178.596228] RT_CPUSTAT sample=50 cpu=cpu0 user=16 nice=0 system=284 idle=27375 iowait=0 irq=66 softirq=10 steal=0
[host_monotonic_s=125178.613493] RT_CPUSTAT sample=50 cpu=cpu1 user=37 nice=0 system=140 idle=21411 iowait=0 irq=4478 softirq=7 steal=0
[host_monotonic_s=125178.918664] RT_CPUSTAT sample=51 cpu=cpu0 user=16 nice=0 system=285 idle=27874 iowait=0 irq=67 softirq=11 steal=0
[host_monotonic_s=125178.918676] RT_CPUSTAT sample=51 cpu=cpu1 user=37 nice=0 system=143 idle=21781 iowait=0 irq=4568 softirq=7 steal=0
[host_monotonic_s=125178.925379] RT_CPUSTAT sample=52 cpu=cpu0 user=16 nice=0 system=287 idle=28372 iowait=0 irq=68 softirq=11 steal=0
[host_monotonic_s=125178.942153] RT_CPUSTAT sample=52 cpu=cpu1 user=39 nice=0 system=147 idle=22150 iowait=0 irq=4660 softirq=7 steal=0
[host_monotonic_s=125178.958685] RT_CPUSTAT sample=53 cpu=cpu0 user=17 nice=0 system=287 idle=28870 iowait=0 irq=69 softirq=11 steal=0
[host_monotonic_s=125178.975596] RT_CPUSTAT sample=53 cpu=cpu1 user=39 nice=0 system=151 idle=22520 iowait=0 irq=4749 softirq=7 steal=0
[host_monotonic_s=125178.994051] RT_CPUSTAT sample=54 cpu=cpu0 user=17 nice=0 system=290 idle=29367 iowait=0 irq=70 softirq=11 steal=0
[host_monotonic_s=125179.011282] RT_CPUSTAT sample=54 cpu=cpu1 user=40 nice=0 system=152 idle=22891 iowait=0 irq=4837 softirq=7 steal=0
[host_monotonic_s=125179.028370] RT_CPUSTAT sample=55 cpu=cpu0 user=17 nice=0 system=290 idle=29866 iowait=0 irq=71 softirq=11 steal=0
[host_monotonic_s=125179.044878] RT_CPUSTAT sample=55 cpu=cpu1 user=40 nice=0 system=154 idle=23263 iowait=0 irq=4926 softirq=7 steal=0
[host_monotonic_s=125179.061546] RT_CPUSTAT sample=56 cpu=cpu0 user=17 nice=0 system=291 idle=30364 iowait=0 irq=72 softirq=11 steal=0
[host_monotonic_s=125179.078202] RT_CPUSTAT sample=56 cpu=cpu1 user=40 nice=0 system=157 idle=23636 iowait=0 irq=5013 softirq=8 steal=0
[host_monotonic_s=125179.094697] RT_CPUSTAT sample=57 cpu=cpu0 user=17 nice=0 system=292 idle=30862 iowait=0 irq=73 softirq=12 steal=0
[host_monotonic_s=125179.111848] RT_CPUSTAT sample=57 cpu=cpu1 user=41 nice=0 system=160 idle=24006 iowait=0 irq=5102 softirq=8 steal=0
[host_monotonic_s=125179.128689] RT_CPUSTAT sample=58 cpu=cpu0 user=17 nice=0 system=294 idle=31359 iowait=0 irq=74 softirq=12 steal=0
[host_monotonic_s=125179.145240] RT_CPUSTAT sample=58 cpu=cpu1 user=43 nice=0 system=165 idle=24373 iowait=0 irq=5194 softirq=8 steal=0
[host_monotonic_s=125179.163309] RT_CPUSTAT sample=59 cpu=cpu0 user=18 nice=0 system=295 idle=31858 iowait=0 irq=75 softirq=12 steal=0
[host_monotonic_s=125179.469190] RT_CPUSTAT sample=59 cpu=cpu1 user=44 nice=0 system=167 idle=24742 iowait=0 irq=5285 softirq=8 steal=0
[host_monotonic_s=125179.469202] RT_CPUSTAT sample=60 cpu=cpu0 user=18 nice=0 system=296 idle=32356 iowait=0 irq=76 softirq=12 steal=0
[host_monotonic_s=125179.473641] RT_CPUSTAT sample=60 cpu=cpu1 user=44 nice=0 system=168 idle=25114 iowait=0 irq=5373 softirq=8 steal=0
[host_monotonic_s=125179.492190] RT_CPUSTAT sample=61 cpu=cpu0 user=19 nice=0 system=297 idle=32854 iowait=0 irq=77 softirq=12 steal=0
[host_monotonic_s=125179.508545] RT_CPUSTAT sample=61 cpu=cpu1 user=44 nice=0 system=169 idle=25487 iowait=0 irq=5461 softirq=8 steal=0
[host_monotonic_s=125179.524920] RT_CPUSTAT sample=62 cpu=cpu0 user=19 nice=0 system=299 idle=33352 iowait=0 irq=78 softirq=13 steal=0
[host_monotonic_s=125179.541371] RT_CPUSTAT sample=62 cpu=cpu1 user=44 nice=0 system=171 idle=25857 iowait=0 irq=5552 softirq=8 steal=0
[host_monotonic_s=125179.558020] RT_CPUSTAT sample=63 cpu=cpu0 user=19 nice=0 system=300 idle=33851 iowait=0 irq=79 softirq=13 steal=0
[host_monotonic_s=125179.574734] RT_CPUSTAT sample=63 cpu=cpu1 user=44 nice=0 system=172 idle=26227 iowait=0 irq=5641 softirq=9 steal=0
[host_monotonic_s=125179.591685] RT_CPUSTAT sample=64 cpu=cpu0 user=19 nice=0 system=301 idle=34348 iowait=0 irq=80 softirq=13 steal=0
[host_monotonic_s=125179.608130] RT_CPUSTAT sample=64 cpu=cpu1 user=45 nice=0 system=176 idle=26596 iowait=0 irq=5732 softirq=9 steal=0
[host_monotonic_s=125179.624495] RT_CPUSTAT sample=65 cpu=cpu0 user=20 nice=0 system=302 idle=34847 iowait=0 irq=81 softirq=13 steal=0
[host_monotonic_s=125179.641096] RT_CPUSTAT sample=65 cpu=cpu1 user=47 nice=0 system=179 idle=26964 iowait=0 irq=5823 softirq=9 steal=0
[host_monotonic_s=125179.657739] RT_CPUSTAT sample=66 cpu=cpu0 user=20 nice=0 system=304 idle=35344 iowait=0 irq=82 softirq=13 steal=0
[host_monotonic_s=125179.674548] RT_CPUSTAT sample=66 cpu=cpu1 user=47 nice=0 system=182 idle=27336 iowait=0 irq=5912 softirq=9 steal=0
[host_monotonic_s=125179.691378] RT_CPUSTAT sample=67 cpu=cpu0 user=20 nice=0 system=304 idle=35843 iowait=0 irq=83 softirq=14 steal=0
[host_monotonic_s=125179.708048] RT_CPUSTAT sample=67 cpu=cpu1 user=48 nice=0 system=184 idle=27707 iowait=0 irq=6001 softirq=9 steal=0
[host_monotonic_s=125180.019541] RT_CPUSTAT sample=68 cpu=cpu0 user=20 nice=0 system=306 idle=36340 iowait=0 irq=84 softirq=14 steal=0
[host_monotonic_s=125180.019553] RT_CPUSTAT sample=68 cpu=cpu1 user=48 nice=0 system=187 idle=28074 iowait=0 irq=6092 softirq=9 steal=0
[host_monotonic_s=125180.019556] RT_CPUSTAT sample=69 cpu=cpu0 user=20 nice=0 system=307 idle=36839 iowait=0 irq=84 softirq=14 steal=0
[host_monotonic_s=125180.035725] RT_CPUSTAT sample=69 cpu=cpu1 user=50 nice=0 system=189 idle=28443 iowait=0 irq=6183 softirq=9 steal=0
[host_monotonic_s=125180.052418] RT_CPUSTAT sample=70 cpu=cpu0 user=21 nice=0 system=309 idle=37336 iowait=0 irq=86 softirq=14 steal=0
[host_monotonic_s=125180.069669] RT_CPUSTAT sample=70 cpu=cpu1 user=51 nice=0 system=192 idle=28811 iowait=0 irq=6275 softirq=10 steal=0
[host_monotonic_s=125180.086084] RT_CPUSTAT sample=71 cpu=cpu0 user=21 nice=0 system=310 idle=37835 iowait=0 irq=87 softirq=14 steal=0
[host_monotonic_s=125180.102689] RT_CPUSTAT sample=71 cpu=cpu1 user=52 nice=0 system=193 idle=29183 iowait=0 irq=6363 softirq=10 steal=0
[host_monotonic_s=125180.119709] RT_CPUSTAT sample=72 cpu=cpu0 user=22 nice=0 system=311 idle=38332 iowait=0 irq=88 softirq=14 steal=0
[host_monotonic_s=125180.136238] RT_CPUSTAT sample=72 cpu=cpu1 user=52 nice=0 system=195 idle=29551 iowait=0 irq=6454 softirq=10 steal=0
[host_monotonic_s=125180.152867] RT_CPUSTAT sample=73 cpu=cpu0 user=22 nice=0 system=313 idle=38830 iowait=0 irq=89 softirq=15 steal=0
[host_monotonic_s=125180.169602] RT_CPUSTAT sample=73 cpu=cpu1 user=53 nice=0 system=199 idle=29920 iowait=0 irq=6545 softirq=10 steal=0
[host_monotonic_s=125180.185891] RT_CPUSTAT sample=74 cpu=cpu0 user=22 nice=0 system=314 idle=39328 iowait=0 irq=90 softirq=15 steal=0
[host_monotonic_s=125180.202775] RT_CPUSTAT sample=74 cpu=cpu1 user=55 nice=0 system=202 idle=30288 iowait=0 irq=6636 softirq=10 steal=0
[host_monotonic_s=125180.219674] RT_CPUSTAT sample=75 cpu=cpu0 user=23 nice=0 system=315 idle=39827 iowait=0 irq=91 softirq=15 steal=0
[host_monotonic_s=125180.236150] RT_CPUSTAT sample=75 cpu=cpu1 user=58 nice=0 system=205 idle=30653 iowait=0 irq=6728 softirq=10 steal=0
[host_monotonic_s=125180.252441] RT_CPUSTAT sample=76 cpu=cpu0 user=23 nice=0 system=316 idle=40324 iowait=0 irq=92 softirq=15 steal=0
[host_monotonic_s=125180.269237] RT_CPUSTAT sample=76 cpu=cpu1 user=58 nice=0 system=206 idle=31023 iowait=0 irq=6818 softirq=10 steal=0
[host_monotonic_s=125180.569921] RT_CPUSTAT sample=77 cpu=cpu0 user=23 nice=0 system=317 idle=40823 iowait=0 irq=93 softirq=15 steal=0
[host_monotonic_s=125180.569933] RT_CPUSTAT sample=77 cpu=cpu1 user=59 nice=0 system=211 idle=31391 iowait=0 irq=6909 softirq=11 steal=0
[host_monotonic_s=125180.582041] RT_CPUSTAT sample=78 cpu=cpu0 user=24 nice=0 system=318 idle=41320 iowait=0 irq=94 softirq=16 steal=0
[host_monotonic_s=125180.598918] RT_CPUSTAT sample=78 cpu=cpu1 user=59 nice=0 system=214 idle=31761 iowait=0 irq=6998 softirq=11 steal=0
[host_monotonic_s=125180.616082] RT_CPUSTAT sample=79 cpu=cpu0 user=24 nice=0 system=320 idle=41819 iowait=0 irq=94 softirq=16 steal=0
[host_monotonic_s=125180.632770] RT_CPUSTAT sample=79 cpu=cpu1 user=61 nice=0 system=218 idle=32129 iowait=0 irq=7089 softirq=11 steal=0
[host_monotonic_s=125180.649220] RT_CPUSTAT sample=80 cpu=cpu0 user=24 nice=0 system=321 idle=42316 iowait=0 irq=96 softirq=16 steal=0
[host_monotonic_s=125180.666944] RT_CPUSTAT sample=80 cpu=cpu1 user=62 nice=0 system=222 idle=32498 iowait=0 irq=7179 softirq=11 steal=0
[host_monotonic_s=125180.683795] RT_CPUSTAT sample=81 cpu=cpu0 user=24 nice=0 system=322 idle=42815 iowait=0 irq=96 softirq=16 steal=0
[host_monotonic_s=125180.700484] RT_CPUSTAT sample=81 cpu=cpu1 user=62 nice=0 system=226 idle=32868 iowait=0 irq=7269 softirq=11 steal=0
[host_monotonic_s=125180.717272] RT_CPUSTAT sample=82 cpu=cpu0 user=24 nice=0 system=323 idle=43312 iowait=0 irq=98 softirq=16 steal=0
[host_monotonic_s=125180.734124] RT_CPUSTAT sample=82 cpu=cpu1 user=62 nice=0 system=230 idle=33237 iowait=0 irq=7360 softirq=11 steal=0
[host_monotonic_s=125180.750542] RT_CPUSTAT sample=83 cpu=cpu0 user=25 nice=0 system=324 idle=43811 iowait=0 irq=98 softirq=17 steal=0
[host_monotonic_s=125180.767717] RT_CPUSTAT sample=83 cpu=cpu1 user=63 nice=0 system=235 idle=33603 iowait=0 irq=7453 softirq=11 steal=0
[host_monotonic_s=125180.784467] RT_CPUSTAT sample=84 cpu=cpu0 user=25 nice=0 system=326 idle=44309 iowait=0 irq=99 softirq=17 steal=0
[host_monotonic_s=125180.801297] RT_CPUSTAT sample=84 cpu=cpu1 user=64 nice=0 system=239 idle=33973 iowait=0 irq=7543 softirq=12 steal=0
[host_monotonic_s=125180.817735] RT_CPUSTAT sample=85 cpu=cpu0 user=25 nice=0 system=327 idle=44808 iowait=0 irq=100 softirq=17 steal=0
[host_monotonic_s=125181.120266] RT_CPUSTAT sample=85 cpu=cpu1 user=66 nice=0 system=241 idle=34344 iowait=0 irq=7633 softirq=12 steal=0
[host_monotonic_s=125181.120278] RT_CPUSTAT sample=86 cpu=cpu0 user=25 nice=0 system=328 idle=45305 iowait=0 irq=101 softirq=17 steal=0
[host_monotonic_s=125181.128577] RT_CPUSTAT sample=86 cpu=cpu1 user=66 nice=0 system=244 idle=34713 iowait=0 irq=7723 softirq=12 steal=0
[host_monotonic_s=125181.145141] RT_CPUSTAT sample=87 cpu=cpu0 user=26 nice=0 system=329 idle=45804 iowait=0 irq=102 softirq=17 steal=0
[host_monotonic_s=125181.162074] RT_CPUSTAT sample=87 cpu=cpu1 user=67 nice=0 system=247 idle=35086 iowait=0 irq=7812 softirq=12 steal=0
[host_monotonic_s=125181.179358] RT_CPUSTAT sample=88 cpu=cpu0 user=27 nice=0 system=330 idle=46301 iowait=0 irq=103 softirq=17 steal=0
[host_monotonic_s=125181.196214] RT_CPUSTAT sample=88 cpu=cpu1 user=67 nice=0 system=249 idle=35458 iowait=0 irq=7900 softirq=12 steal=0
[host_monotonic_s=125181.212864] RT_CPUSTAT sample=89 cpu=cpu0 user=27 nice=0 system=331 idle=46800 iowait=0 irq=104 softirq=18 steal=0
[host_monotonic_s=125181.230200] RT_CPUSTAT sample=89 cpu=cpu1 user=68 nice=0 system=253 idle=35830 iowait=0 irq=7988 softirq=12 steal=0
[host_monotonic_s=125181.247339] RT_CPUSTAT sample=90 cpu=cpu0 user=28 nice=0 system=332 idle=47297 iowait=0 irq=105 softirq=18 steal=0
[host_monotonic_s=125181.264785] RT_CPUSTAT sample=90 cpu=cpu1 user=68 nice=0 system=254 idle=36203 iowait=0 irq=8077 softirq=12 steal=0
[host_monotonic_s=125181.281387] RT_CPUSTAT sample=91 cpu=cpu0 user=28 nice=0 system=333 idle=47796 iowait=0 irq=106 softirq=18 steal=0
[host_monotonic_s=125181.298408] RT_CPUSTAT sample=91 cpu=cpu1 user=68 nice=0 system=256 idle=36573 iowait=0 irq=8167 softirq=12 steal=0
[host_monotonic_s=125181.314957] RT_CPUSTAT sample=92 cpu=cpu0 user=28 nice=0 system=336 idle=48293 iowait=0 irq=107 softirq=18 steal=0
[host_monotonic_s=125181.332138] RT_CPUSTAT sample=92 cpu=cpu1 user=68 nice=0 system=259 idle=36939 iowait=0 irq=8259 softirq=13 steal=0
[host_monotonic_s=125181.348550] RT_CPUSTAT sample=93 cpu=cpu0 user=28 nice=0 system=336 idle=48792 iowait=0 irq=108 softirq=18 steal=0
[host_monotonic_s=125181.365151] RT_CPUSTAT sample=93 cpu=cpu1 user=69 nice=0 system=265 idle=37307 iowait=0 irq=8349 softirq=13 steal=0
[host_monotonic_s=125181.670671] RT_CPUSTAT sample=94 cpu=cpu0 user=28 nice=0 system=339 idle=49289 iowait=0 irq=109 softirq=19 steal=0
[host_monotonic_s=125181.670681] RT_CPUSTAT sample=94 cpu=cpu1 user=71 nice=0 system=269 idle=37675 iowait=0 irq=8440 softirq=13 steal=0
[host_monotonic_s=125181.674554] RT_CPUSTAT sample=95 cpu=cpu0 user=28 nice=0 system=340 idle=49788 iowait=0 irq=110 softirq=19 steal=0
[host_monotonic_s=125181.693578] RT_CPUSTAT sample=95 cpu=cpu1 user=71 nice=0 system=273 idle=38041 iowait=0 irq=8533 softirq=13 steal=0
[host_monotonic_s=125181.710393] RT_CPUSTAT sample=96 cpu=cpu0 user=28 nice=0 system=341 idle=50285 iowait=0 irq=111 softirq=19 steal=0
[host_monotonic_s=125181.727596] RT_CPUSTAT sample=96 cpu=cpu1 user=73 nice=0 system=278 idle=38408 iowait=0 irq=8625 softirq=13 steal=0
[host_monotonic_s=125181.743993] RT_CPUSTAT sample=97 cpu=cpu0 user=29 nice=0 system=341 idle=50784 iowait=0 irq=112 softirq=19 steal=0
[host_monotonic_s=125181.761104] RT_CPUSTAT sample=97 cpu=cpu1 user=73 nice=0 system=281 idle=38775 iowait=0 irq=8716 softirq=13 steal=0
[host_monotonic_s=125181.777770] RT_CPUSTAT sample=98 cpu=cpu0 user=29 nice=0 system=344 idle=51282 iowait=0 irq=113 softirq=19 steal=0
[host_monotonic_s=125181.794815] RT_CPUSTAT sample=98 cpu=cpu1 user=73 nice=0 system=282 idle=39144 iowait=0 irq=8806 softirq=14 steal=0
[host_monotonic_s=125181.811973] RT_CPUSTAT sample=99 cpu=cpu0 user=29 nice=0 system=344 idle=51780 iowait=0 irq=114 softirq=20 steal=0
[host_monotonic_s=125181.828848] RT_CPUSTAT sample=99 cpu=cpu1 user=74 nice=0 system=283 idle=39512 iowait=0 irq=8897 softirq=14 steal=0
[host_monotonic_s=125181.845557] RT_CPUSTAT sample=100 cpu=cpu0 user=29 nice=0 system=346 idle=52278 iowait=0 irq=115 softirq=20 steal=0
[host_monotonic_s=125181.863611] RT_CPUSTAT sample=100 cpu=cpu1 user=76 nice=0 system=286 idle=39879 iowait=0 irq=8989 softirq=14 steal=0
[host_monotonic_s=125181.880492] RT_CPUSTAT sample=101 cpu=cpu0 user=30 nice=0 system=347 idle=52776 iowait=0 irq=116 softirq=20 steal=0
[host_monotonic_s=125181.897444] RT_CPUSTAT sample=101 cpu=cpu1 user=77 nice=0 system=291 idle=40249 iowait=0 irq=9078 softirq=14 steal=0
[host_monotonic_s=125181.914137] RT_CPUSTAT sample=102 cpu=cpu0 user=30 nice=0 system=349 idle=53274 iowait=0 irq=117 softirq=20 steal=0
[host_monotonic_s=125182.220920] RT_CPUSTAT sample=102 cpu=cpu1 user=78 nice=0 system=294 idle=40619 iowait=0 irq=9169 softirq=14 steal=0
[host_monotonic_s=125182.220930] RT_CPUSTAT sample=103 cpu=cpu0 user=30 nice=0 system=350 idle=53773 iowait=0 irq=118 softirq=20 steal=0
[host_monotonic_s=125182.220933] RT_CPUSTAT sample=103 cpu=cpu1 user=79 nice=0 system=297 idle=40989 iowait=0 irq=9258 softirq=14 steal=0
[host_monotonic_s=125182.243688] RT_CPUSTAT sample=104 cpu=cpu0 user=30 nice=0 system=352 idle=54270 iowait=0 irq=119 softirq=20 steal=0
[host_monotonic_s=125182.260455] RT_CPUSTAT sample=104 cpu=cpu1 user=79 nice=0 system=300 idle=41358 iowait=0 irq=9348 softirq=14 steal=0
[host_monotonic_s=125182.277266] RT_CPUSTAT sample=105 cpu=cpu0 user=30 nice=0 system=352 idle=54769 iowait=0 irq=120 softirq=21 steal=0
[host_monotonic_s=125182.294330] RT_CPUSTAT sample=105 cpu=cpu1 user=79 nice=0 system=301 idle=41731 iowait=0 irq=9436 softirq=14 steal=0
[host_monotonic_s=125182.311700] RT_CPUSTAT sample=106 cpu=cpu0 user=30 nice=0 system=354 idle=55266 iowait=0 irq=121 softirq=21 steal=0
[host_monotonic_s=125182.328919] RT_CPUSTAT sample=106 cpu=cpu1 user=80 nice=0 system=306 idle=42101 iowait=0 irq=9525 softirq=15 steal=0
[host_monotonic_s=125182.345969] RT_CPUSTAT sample=107 cpu=cpu0 user=31 nice=0 system=354 idle=55765 iowait=0 irq=122 softirq=21 steal=0
[host_monotonic_s=125182.363289] RT_CPUSTAT sample=107 cpu=cpu1 user=82 nice=0 system=309 idle=42470 iowait=0 irq=9616 softirq=15 steal=0
[host_monotonic_s=125182.380434] RT_CPUSTAT sample=108 cpu=cpu0 user=31 nice=0 system=356 idle=56262 iowait=0 irq=123 softirq=21 steal=0
[host_monotonic_s=125182.397432] RT_CPUSTAT sample=108 cpu=cpu1 user=82 nice=0 system=311 idle=42841 iowait=0 irq=9705 softirq=15 steal=0
[host_monotonic_s=125182.414356] RT_CPUSTAT sample=109 cpu=cpu0 user=32 nice=0 system=357 idle=56761 iowait=0 irq=123 softirq=21 steal=0
[host_monotonic_s=125182.431618] RT_CPUSTAT sample=109 cpu=cpu1 user=83 nice=0 system=312 idle=43213 iowait=0 irq=9793 softirq=15 steal=0
[host_monotonic_s=125182.449184] RT_CPUSTAT sample=110 cpu=cpu0 user=33 nice=0 system=358 idle=57258 iowait=0 irq=125 softirq=22 steal=0
[host_monotonic_s=125182.466231] RT_CPUSTAT sample=110 cpu=cpu1 user=84 nice=0 system=315 idle=43581 iowait=0 irq=9884 softirq=15 steal=0
[host_monotonic_s=125182.771325] RT_CPUSTAT sample=111 cpu=cpu0 user=33 nice=0 system=358 idle=57757 iowait=0 irq=125 softirq=22 steal=0
[host_monotonic_s=125182.771337] RT_CPUSTAT sample=111 cpu=cpu1 user=84 nice=0 system=317 idle=43953 iowait=0 irq=9973 softirq=15 steal=0
[host_monotonic_s=125182.779292] RT_CPUSTAT sample=112 cpu=cpu0 user=34 nice=0 system=360 idle=58255 iowait=0 irq=126 softirq=22 steal=0
[host_monotonic_s=125182.796837] RT_CPUSTAT sample=112 cpu=cpu1 user=86 nice=0 system=321 idle=44319 iowait=0 irq=10065 softirq=16 steal=0
[host_monotonic_s=125182.813746] RT_CPUSTAT sample=113 cpu=cpu0 user=34 nice=0 system=361 idle=58754 iowait=0 irq=127 softirq=22 steal=0
[host_monotonic_s=125182.831235] RT_CPUSTAT sample=113 cpu=cpu1 user=88 nice=0 system=326 idle=44686 iowait=0 irq=10156 softirq=16 steal=0
[host_monotonic_s=125182.848080] RT_CPUSTAT sample=114 cpu=cpu0 user=34 nice=0 system=363 idle=59251 iowait=0 irq=128 softirq=22 steal=0
[host_monotonic_s=125182.864873] RT_CPUSTAT sample=114 cpu=cpu1 user=89 nice=0 system=328 idle=45054 iowait=0 irq=10248 softirq=16 steal=0
[host_monotonic_s=125182.881746] RT_CPUSTAT sample=115 cpu=cpu0 user=34 nice=0 system=364 idle=59750 iowait=0 irq=129 softirq=22 steal=0
[host_monotonic_s=125182.898710] RT_CPUSTAT sample=115 cpu=cpu1 user=90 nice=0 system=331 idle=45425 iowait=0 irq=10337 softirq=16 steal=0
[host_monotonic_s=125182.915792] RT_CPUSTAT sample=116 cpu=cpu0 user=35 nice=0 system=365 idle=60247 iowait=0 irq=130 softirq=23 steal=0
[host_monotonic_s=125182.932660] RT_CPUSTAT sample=116 cpu=cpu1 user=91 nice=0 system=335 idle=45796 iowait=0 irq=10427 softirq=16 steal=0
[host_monotonic_s=125182.949387] RT_CPUSTAT sample=117 cpu=cpu0 user=36 nice=0 system=365 idle=60746 iowait=0 irq=131 softirq=23 steal=0
[host_monotonic_s=125182.966517] RT_CPUSTAT sample=117 cpu=cpu1 user=91 nice=0 system=337 idle=46164 iowait=0 irq=10518 softirq=16 steal=0
[host_monotonic_s=125182.983747] RT_CPUSTAT sample=118 cpu=cpu0 user=37 nice=0 system=367 idle=61244 iowait=0 irq=132 softirq=23 steal=0
[host_monotonic_s=125183.000617] RT_CPUSTAT sample=118 cpu=cpu1 user=91 nice=0 system=340 idle=46538 iowait=0 irq=10605 softirq=16 steal=0
[host_monotonic_s=125183.017321] RT_CPUSTAT sample=119 cpu=cpu0 user=37 nice=0 system=368 idle=61742 iowait=0 irq=133 softirq=23 steal=0
[host_monotonic_s=125183.321824] RT_CPUSTAT sample=119 cpu=cpu1 user=92 nice=0 system=343 idle=46912 iowait=0 irq=10692 softirq=16 steal=0
[host_monotonic_s=125183.321840] RT_CPUSTAT sample=120 cpu=cpu0 user=37 nice=0 system=369 idle=62240 iowait=0 irq=134 softirq=23 steal=0
[host_monotonic_s=125183.331161] RT_CPUSTAT sample=120 cpu=cpu1 user=92 nice=0 system=347 idle=47284 iowait=0 irq=10781 softirq=17 steal=0
[host_monotonic_s=125183.348277] RT_CPUSTAT sample=121 cpu=cpu0 user=38 nice=0 system=370 idle=62739 iowait=0 irq=134 softirq=24 steal=0
[host_monotonic_s=125183.365295] RT_CPUSTAT sample=121 cpu=cpu1 user=94 nice=0 system=350 idle=47652 iowait=0 irq=10872 softirq=17 steal=0
[host_monotonic_s=125183.382234] RT_CPUSTAT sample=122 cpu=cpu0 user=38 nice=0 system=371 idle=63236 iowait=0 irq=136 softirq=24 steal=0
[host_monotonic_s=125183.399541] RT_CPUSTAT sample=122 cpu=cpu1 user=95 nice=0 system=353 idle=48021 iowait=0 irq=10962 softirq=17 steal=0
[host_monotonic_s=125183.416202] RT_CPUSTAT sample=123 cpu=cpu0 user=38 nice=0 system=372 idle=63734 iowait=0 irq=136 softirq=24 steal=0
[host_monotonic_s=125183.433628] RT_CPUSTAT sample=123 cpu=cpu1 user=96 nice=0 system=355 idle=48390 iowait=0 irq=11052 softirq=17 steal=0
[host_monotonic_s=125183.450258] RT_CPUSTAT sample=124 cpu=cpu0 user=38 nice=0 system=374 idle=64232 iowait=0 irq=138 softirq=24 steal=0
[host_monotonic_s=125183.467538] RT_CPUSTAT sample=124 cpu=cpu1 user=97 nice=0 system=359 idle=48757 iowait=0 irq=11145 softirq=17 steal=0
[host_monotonic_s=125183.483888] RT_CPUSTAT sample=125 cpu=cpu0 user=38 nice=0 system=374 idle=64731 iowait=0 irq=138 softirq=24 steal=0
[host_monotonic_s=125183.500766] RT_CPUSTAT sample=125 cpu=cpu1 user=98 nice=0 system=364 idle=49123 iowait=0 irq=11236 softirq=17 steal=0
[host_monotonic_s=125183.517702] RT_CPUSTAT sample=126 cpu=cpu0 user=38 nice=0 system=377 idle=65228 iowait=0 irq=140 softirq=24 steal=0
[host_monotonic_s=125183.535954] RT_CPUSTAT sample=126 cpu=cpu1 user=99 nice=0 system=368 idle=49491 iowait=0 irq=11328 softirq=18 steal=0
[host_monotonic_s=125183.553186] RT_CPUSTAT sample=127 cpu=cpu0 user=38 nice=0 system=377 idle=65727 iowait=0 irq=140 softirq=25 steal=0
[host_monotonic_s=125183.570617] RT_CPUSTAT sample=127 cpu=cpu1 user=101 nice=0 system=371 idle=49862 iowait=0 irq=11416 softirq=18 steal=0
[host_monotonic_s=125183.872265] RT_CPUSTAT sample=128 cpu=cpu0 user=38 nice=0 system=380 idle=66224 iowait=0 irq=141 softirq=25 steal=0
[host_monotonic_s=125183.872278] RT_CPUSTAT sample=128 cpu=cpu1 user=101 nice=0 system=373 idle=50229 iowait=0 irq=11508 softirq=18 steal=0
[host_monotonic_s=125183.883720] RT_CPUSTAT sample=129 cpu=cpu0 user=38 nice=0 system=381 idle=66723 iowait=0 irq=142 softirq=25 steal=0
[host_monotonic_s=125183.902120] RT_CPUSTAT sample=129 cpu=cpu1 user=102 nice=0 system=377 idle=50596 iowait=0 irq=11599 softirq=18 steal=0
[host_monotonic_s=125183.919306] RT_CPUSTAT sample=130 cpu=cpu0 user=40 nice=0 system=382 idle=67220 iowait=0 irq=143 softirq=25 steal=0
[host_monotonic_s=125183.936696] RT_CPUSTAT sample=130 cpu=cpu1 user=103 nice=0 system=382 idle=50964 iowait=0 irq=11690 softirq=18 steal=0
[host_monotonic_s=125183.953365] RT_CPUSTAT sample=131 cpu=cpu0 user=40 nice=0 system=382 idle=67719 iowait=0 irq=144 softirq=25 steal=0
[host_monotonic_s=125183.970762] RT_CPUSTAT sample=131 cpu=cpu1 user=104 nice=0 system=388 idle=51330 iowait=0 irq=11782 softirq=18 steal=0
[host_monotonic_s=125183.987866] RT_CPUSTAT sample=132 cpu=cpu0 user=40 nice=0 system=384 idle=68217 iowait=0 irq=145 softirq=26 steal=0
[host_monotonic_s=125184.005072] RT_CPUSTAT sample=132 cpu=cpu1 user=105 nice=0 system=392 idle=51699 iowait=0 irq=11873 softirq=18 steal=0
[host_monotonic_s=125184.021842] RT_CPUSTAT sample=133 cpu=cpu0 user=40 nice=0 system=385 idle=68716 iowait=0 irq=146 softirq=26 steal=0
[host_monotonic_s=125184.039696] RT_CPUSTAT sample=133 cpu=cpu1 user=106 nice=0 system=396 idle=52063 iowait=0 irq=11966 softirq=19 steal=0
[host_monotonic_s=125184.056267] RT_CPUSTAT sample=134 cpu=cpu0 user=41 nice=0 system=387 idle=69213 iowait=0 irq=147 softirq=26 steal=0
[host_monotonic_s=125184.073392] RT_CPUSTAT sample=134 cpu=cpu1 user=108 nice=0 system=399 idle=52434 iowait=0 irq=12055 softirq=19 steal=0
[host_monotonic_s=125184.090390] RT_CPUSTAT sample=135 cpu=cpu0 user=41 nice=0 system=388 idle=69711 iowait=0 irq=148 softirq=26 steal=0
[host_monotonic_s=125184.107920] RT_CPUSTAT sample=135 cpu=cpu1 user=108 nice=0 system=404 idle=52801 iowait=0 irq=12148 softirq=19 steal=0
[host_monotonic_s=125184.422760] RT_CPUSTAT sample=136 cpu=cpu0 user=42 nice=0 system=389 idle=70209 iowait=0 irq=149 softirq=26 steal=0
[host_monotonic_s=125184.422775] RT_CPUSTAT sample=136 cpu=cpu1 user=109 nice=0 system=406 idle=53172 iowait=0 irq=12237 softirq=19 steal=0
[host_monotonic_s=125184.422778] RT_CPUSTAT sample=137 cpu=cpu0 user=42 nice=0 system=390 idle=70708 iowait=0 irq=150 softirq=27 steal=0
[host_monotonic_s=125184.436883] RT_CPUSTAT sample=137 cpu=cpu1 user=111 nice=0 system=408 idle=53541 iowait=0 irq=12327 softirq=19 steal=0
[host_monotonic_s=125184.453636] RT_CPUSTAT sample=138 cpu=cpu0 user=42 nice=0 system=392 idle=71205 iowait=0 irq=151 softirq=27 steal=0
[host_monotonic_s=125184.470875] RT_CPUSTAT sample=138 cpu=cpu1 user=112 nice=0 system=412 idle=53908 iowait=0 irq=12419 softirq=19 steal=0
[host_monotonic_s=125184.487764] RT_CPUSTAT sample=139 cpu=cpu0 user=42 nice=0 system=393 idle=71704 iowait=0 irq=152 softirq=27 steal=0
[host_monotonic_s=125184.504993] RT_CPUSTAT sample=139 cpu=cpu1 user=113 nice=0 system=415 idle=54274 iowait=0 irq=12511 softirq=19 steal=0
[host_monotonic_s=125184.521602] RT_CPUSTAT sample=140 cpu=cpu0 user=43 nice=0 system=394 idle=72201 iowait=0 irq=153 softirq=27 steal=0
[host_monotonic_s=125184.539229] RT_CPUSTAT sample=140 cpu=cpu1 user=114 nice=0 system=418 idle=54642 iowait=0 irq=12601 softirq=20 steal=0
[host_monotonic_s=125184.555953] RT_CPUSTAT sample=141 cpu=cpu0 user=43 nice=0 system=395 idle=72700 iowait=0 irq=154 softirq=27 steal=0
[host_monotonic_s=125184.572996] RT_CPUSTAT sample=141 cpu=cpu1 user=115 nice=0 system=421 idle=55010 iowait=0 irq=12692 softirq=20 steal=0
[host_monotonic_s=125184.589666] RT_CPUSTAT sample=142 cpu=cpu0 user=43 nice=0 system=397 idle=73196 iowait=0 irq=155 softirq=28 steal=0
[host_monotonic_s=125184.606701] RT_CPUSTAT sample=142 cpu=cpu1 user=117 nice=0 system=423 idle=55383 iowait=0 irq=12780 softirq=20 steal=0
[host_monotonic_s=125184.623559] RT_CPUSTAT sample=143 cpu=cpu0 user=43 nice=0 system=398 idle=73695 iowait=0 irq=156 softirq=28 steal=0
[host_monotonic_s=125184.640720] RT_CPUSTAT sample=143 cpu=cpu1 user=117 nice=0 system=426 idle=55751 iowait=0 irq=12871 softirq=20 steal=0
[host_monotonic_s=125184.657540] RT_CPUSTAT sample=144 cpu=cpu0 user=43 nice=0 system=400 idle=74193 iowait=0 irq=157 softirq=28 steal=0
[host_monotonic_s=125184.973057] RT_CPUSTAT sample=144 cpu=cpu1 user=118 nice=0 system=430 idle=56120 iowait=0 irq=12961 softirq=20 steal=0
[host_monotonic_s=125184.973068] RT_CPUSTAT sample=145 cpu=cpu0 user=43 nice=0 system=401 idle=74692 iowait=0 irq=158 softirq=28 steal=0
[host_monotonic_s=125184.973070] RT_CPUSTAT sample=145 cpu=cpu1 user=119 nice=0 system=435 idle=56492 iowait=0 irq=13050 softirq=20 steal=0
[host_monotonic_s=125184.986866] RT_CPUSTAT sample=146 cpu=cpu0 user=44 nice=0 system=402 idle=75189 iowait=0 irq=159 softirq=28 steal=0
[host_monotonic_s=125185.010539] RT_CPUSTAT sample=146 cpu=cpu1 user=121 nice=0 system=437 idle=56859 iowait=0 irq=13141 softirq=20 steal=0
[host_monotonic_s=125185.029577] RT_CPUSTAT sample=147 cpu=cpu0 user=44 nice=0 system=403 idle=75688 iowait=0 irq=160 softirq=28 steal=0
[host_monotonic_s=125185.045224] RT_CPUSTAT sample=147 cpu=cpu1 user=122 nice=0 system=440 idle=57228 iowait=0 irq=13232 softirq=21 steal=0
[host_monotonic_s=125185.062454] RT_CPUSTAT sample=148 cpu=cpu0 user=44 nice=0 system=404 idle=76185 iowait=0 irq=161 softirq=29 steal=0
[host_monotonic_s=125185.079983] RT_CPUSTAT sample=148 cpu=cpu1 user=123 nice=0 system=441 idle=57599 iowait=0 irq=13321 softirq=21 steal=0
[host_monotonic_s=125185.097472] RT_CPUSTAT sample=149 cpu=cpu0 user=44 nice=0 system=405 idle=76684 iowait=0 irq=162 softirq=29 steal=0
[host_monotonic_s=125185.119682] RT_CPUSTAT sample=149 cpu=cpu1 user=123 nice=0 system=444 idle=57968 iowait=0 irq=13411 softirq=21 steal=0
[host_monotonic_s=125185.136454] RT_CPUSTAT sample=150 cpu=cpu0 user=45 nice=0 system=407 idle=77181 iowait=0 irq=163 softirq=29 steal=0
[host_monotonic_s=125185.154657] RT_CPUSTAT sample=150 cpu=cpu1 user=124 nice=0 system=446 idle=58336 iowait=0 irq=13501 softirq=21 steal=0
[host_monotonic_s=125185.172126] RT_CPUSTAT sample=151 cpu=cpu0 user=45 nice=0 system=407 idle=77680 iowait=0 irq=164 softirq=29 steal=0
[host_monotonic_s=125185.190617] RT_CPUSTAT sample=151 cpu=cpu1 user=125 nice=0 system=449 idle=58703 iowait=0 irq=13593 softirq=21 steal=0
[host_monotonic_s=125185.207924] RT_CPUSTAT sample=152 cpu=cpu0 user=46 nice=0 system=409 idle=78178 iowait=0 irq=165 softirq=29 steal=0
[host_monotonic_s=125185.523353] RT_CPUSTAT sample=152 cpu=cpu1 user=125 nice=0 system=452 idle=59074 iowait=0 irq=13682 softirq=21 steal=0
[host_monotonic_s=125185.523365] RT_CPUSTAT sample=153 cpu=cpu0 user=46 nice=0 system=409 idle=78677 iowait=0 irq=166 softirq=30 steal=0
[host_monotonic_s=125185.523366] RT_CPUSTAT sample=153 cpu=cpu1 user=127 nice=0 system=454 idle=59443 iowait=0 irq=13773 softirq=21 steal=0
[host_monotonic_s=125185.544417] RT_CPUSTAT sample=154 cpu=cpu0 user=46 nice=0 system=411 idle=79174 iowait=0 irq=167 softirq=30 steal=0
[host_monotonic_s=125185.562467] RT_CPUSTAT sample=154 cpu=cpu1 user=127 nice=0 system=455 idle=59812 iowait=0 irq=13863 softirq=22 steal=0
[host_monotonic_s=125185.579608] RT_CPUSTAT sample=155 cpu=cpu0 user=46 nice=0 system=412 idle=79673 iowait=0 irq=168 softirq=30 steal=0
[host_monotonic_s=125185.596634] RT_CPUSTAT sample=155 cpu=cpu1 user=127 nice=0 system=459 idle=60179 iowait=0 irq=13956 softirq=22 steal=0
[host_monotonic_s=125185.613698] RT_CPUSTAT sample=156 cpu=cpu0 user=47 nice=0 system=414 idle=80170 iowait=0 irq=169 softirq=30 steal=0
[host_monotonic_s=125185.631510] RT_CPUSTAT sample=156 cpu=cpu1 user=129 nice=0 system=461 idle=60547 iowait=0 irq=14046 softirq=22 steal=0
[host_monotonic_s=125185.649598] RT_CPUSTAT sample=157 cpu=cpu0 user=47 nice=0 system=415 idle=80669 iowait=0 irq=169 softirq=30 steal=0
[host_monotonic_s=125185.666878] RT_CPUSTAT sample=157 cpu=cpu1 user=129 nice=0 system=466 idle=60916 iowait=0 irq=14137 softirq=22 steal=0
[host_monotonic_s=125185.683850] RT_CPUSTAT sample=158 cpu=cpu0 user=47 nice=0 system=417 idle=81166 iowait=0 irq=171 softirq=31 steal=0
[host_monotonic_s=125185.701592] RT_CPUSTAT sample=158 cpu=cpu1 user=131 nice=0 system=470 idle=61287 iowait=0 irq=14226 softirq=22 steal=0
[host_monotonic_s=125185.719394] RT_CPUSTAT sample=159 cpu=cpu0 user=47 nice=0 system=418 idle=81665 iowait=0 irq=171 softirq=31 steal=0
[host_monotonic_s=125185.738223] RT_CPUSTAT sample=159 cpu=cpu1 user=133 nice=0 system=472 idle=61656 iowait=0 irq=14315 softirq=22 steal=0
[host_monotonic_s=125185.755610] RT_CPUSTAT sample=160 cpu=cpu0 user=48 nice=0 system=420 idle=82162 iowait=0 irq=173 softirq=31 steal=0
[host_monotonic_s=125185.773095] RT_CPUSTAT sample=160 cpu=cpu1 user=133 nice=0 system=475 idle=62023 iowait=0 irq=14407 softirq=22 steal=0
[host_monotonic_s=125186.073696] RT_CPUSTAT sample=161 cpu=cpu0 user=48 nice=0 system=421 idle=82661 iowait=0 irq=173 softirq=31 steal=0
[host_monotonic_s=125186.073702] RT_CPUSTAT sample=161 cpu=cpu1 user=134 nice=0 system=480 idle=62390 iowait=0 irq=14499 softirq=23 steal=0
[host_monotonic_s=125186.082699] RT_CPUSTAT sample=162 cpu=cpu0 user=48 nice=0 system=424 idle=83158 iowait=0 irq=175 softirq=31 steal=0
[host_monotonic_s=125186.100124] RT_CPUSTAT sample=162 cpu=cpu1 user=135 nice=0 system=483 idle=62758 iowait=0 irq=14590 softirq=23 steal=0
[host_monotonic_s=125186.116685] RT_CPUSTAT sample=163 cpu=cpu0 user=48 nice=0 system=424 idle=83657 iowait=0 irq=175 softirq=31 steal=0
[host_monotonic_s=125186.133596] RT_CPUSTAT sample=163 cpu=cpu1 user=136 nice=0 system=485 idle=63128 iowait=0 irq=14679 softirq=23 steal=0
[host_monotonic_s=125186.150781] RT_CPUSTAT sample=164 cpu=cpu0 user=48 nice=0 system=425 idle=84155 iowait=0 irq=176 softirq=32 steal=0
[host_monotonic_s=125186.168621] RT_CPUSTAT sample=164 cpu=cpu1 user=137 nice=0 system=488 idle=63498 iowait=0 irq=14768 softirq=23 steal=0
[host_monotonic_s=125186.185417] RT_CPUSTAT sample=165 cpu=cpu0 user=48 nice=0 system=426 idle=84654 iowait=0 irq=177 softirq=32 steal=0
[host_monotonic_s=125186.202644] RT_CPUSTAT sample=165 cpu=cpu1 user=137 nice=0 system=492 idle=63870 iowait=0 irq=14856 softirq=23 steal=0
[host_monotonic_s=125186.219656] RT_CPUSTAT sample=166 cpu=cpu0 user=48 nice=0 system=428 idle=85151 iowait=0 irq=178 softirq=32 steal=0
[host_monotonic_s=125186.236541] RT_CPUSTAT sample=166 cpu=cpu1 user=138 nice=0 system=495 idle=64239 iowait=0 irq=14945 softirq=23 steal=0
[host_monotonic_s=125186.253170] RT_CPUSTAT sample=167 cpu=cpu0 user=48 nice=0 system=429 idle=85650 iowait=0 irq=179 softirq=32 steal=0
[host_monotonic_s=125186.270084] RT_CPUSTAT sample=167 cpu=cpu1 user=138 nice=0 system=497 idle=64606 iowait=0 irq=15036 softirq=23 steal=0
[host_monotonic_s=125186.287332] RT_CPUSTAT sample=168 cpu=cpu0 user=49 nice=0 system=431 idle=86147 iowait=0 irq=180 softirq=33 steal=0
[host_monotonic_s=125186.305172] RT_CPUSTAT sample=168 cpu=cpu1 user=139 nice=0 system=501 idle=64975 iowait=0 irq=15126 softirq=24 steal=0
[host_monotonic_s=125186.321935] RT_CPUSTAT sample=169 cpu=cpu0 user=49 nice=0 system=432 idle=86646 iowait=0 irq=181 softirq=33 steal=0
[host_monotonic_s=125186.624206] RT_CPUSTAT sample=169 cpu=cpu1 user=141 nice=0 system=502 idle=65344 iowait=0 irq=15217 softirq=24 steal=0
[host_monotonic_s=125186.624218] RT_CPUSTAT sample=170 cpu=cpu0 user=50 nice=0 system=434 idle=87143 iowait=0 irq=182 softirq=33 steal=0
[host_monotonic_s=125186.634933] RT_CPUSTAT sample=170 cpu=cpu1 user=143 nice=0 system=505 idle=65712 iowait=0 irq=15309 softirq=24 steal=0
[host_monotonic_s=125186.651924] RT_CPUSTAT sample=171 cpu=cpu0 user=50 nice=0 system=435 idle=87642 iowait=0 irq=183 softirq=33 steal=0
[host_monotonic_s=125186.668843] RT_CPUSTAT sample=171 cpu=cpu1 user=143 nice=0 system=508 idle=66078 iowait=0 irq=15401 softirq=24 steal=0
[host_monotonic_s=125186.685149] RT_CPUSTAT sample=172 cpu=cpu0 user=51 nice=0 system=436 idle=88139 iowait=0 irq=184 softirq=33 steal=0
[host_monotonic_s=125186.702216] RT_CPUSTAT sample=172 cpu=cpu1 user=144 nice=0 system=512 idle=66445 iowait=0 irq=15493 softirq=24 steal=0
[host_monotonic_s=125186.719587] RT_CPUSTAT sample=173 cpu=cpu0 user=51 nice=0 system=437 idle=88638 iowait=0 irq=185 softirq=33 steal=0
[host_monotonic_s=125186.736654] RT_CPUSTAT sample=173 cpu=cpu1 user=144 nice=0 system=515 idle=66813 iowait=0 irq=15584 softirq=24 steal=0
[host_monotonic_s=125186.753492] RT_CPUSTAT sample=174 cpu=cpu0 user=52 nice=0 system=438 idle=89135 iowait=0 irq=186 softirq=34 steal=0
[host_monotonic_s=125186.770899] RT_CPUSTAT sample=174 cpu=cpu1 user=146 nice=0 system=520 idle=67180 iowait=0 irq=15675 softirq=24 steal=0
[host_monotonic_s=125186.788471] RT_CPUSTAT sample=175 cpu=cpu0 user=52 nice=0 system=439 idle=89634 iowait=0 irq=187 softirq=34 steal=0
[host_monotonic_s=125186.805387] RT_CPUSTAT sample=175 cpu=cpu1 user=147 nice=0 system=524 idle=67549 iowait=0 irq=15765 softirq=25 steal=0
[host_monotonic_s=125186.822227] RT_CPUSTAT sample=176 cpu=cpu0 user=53 nice=0 system=440 idle=90131 iowait=0 irq=188 softirq=34 steal=0
[host_monotonic_s=125186.839642] RT_CPUSTAT sample=176 cpu=cpu1 user=148 nice=0 system=528 idle=67915 iowait=0 irq=15857 softirq=25 steal=0
[host_monotonic_s=125186.856243] RT_CPUSTAT sample=177 cpu=cpu0 user=53 nice=0 system=441 idle=90630 iowait=0 irq=189 softirq=34 steal=0
[host_monotonic_s=125186.872982] RT_CPUSTAT sample=177 cpu=cpu1 user=150 nice=0 system=534 idle=68279 iowait=0 irq=15950 softirq=25 steal=0
[host_monotonic_s=125187.174672] RT_CPUSTAT sample=178 cpu=cpu0 user=53 nice=0 system=443 idle=91127 iowait=0 irq=190 softirq=34 steal=0
[host_monotonic_s=125187.174686] RT_CPUSTAT sample=178 cpu=cpu1 user=151 nice=0 system=536 idle=68651 iowait=0 irq=16037 softirq=25 steal=0
[host_monotonic_s=125187.185244] RT_CPUSTAT sample=179 cpu=cpu0 user=53 nice=0 system=444 idle=91626 iowait=0 irq=191 softirq=35 steal=0
[host_monotonic_s=125187.202330] RT_CPUSTAT sample=179 cpu=cpu1 user=153 nice=0 system=538 idle=69022 iowait=0 irq=16126 softirq=25 steal=0
[host_monotonic_s=125187.219995] RT_CPUSTAT sample=180 cpu=cpu0 user=55 nice=0 system=447 idle=91998 iowait=0 irq=192 softirq=35 steal=0
[host_monotonic_s=125187.237424] RT_CPUSTAT sample=180 cpu=cpu1 user=156 nice=0 system=540 idle=69449 iowait=0 irq=16181 softirq=25 steal=0
[host_monotonic_s=125187.254155] RT_CPUSTAT sample=181 cpu=cpu0 user=55 nice=0 system=449 idle=92150 iowait=0 irq=193 softirq=35 steal=0
[host_monotonic_s=125187.271602] RT_CPUSTAT sample=181 cpu=cpu1 user=156 nice=0 system=540 idle=70027 iowait=0 irq=16181 softirq=25 steal=0
[host_monotonic_s=125187.288683] RT_CPUSTAT sample=182 cpu=cpu0 user=55 nice=0 system=452 idle=92316 iowait=0 irq=193 softirq=35 steal=0
[host_monotonic_s=125187.305523] RT_CPUSTAT sample=182 cpu=cpu1 user=156 nice=0 system=540 idle=70604 iowait=0 irq=16181 softirq=25 steal=0
[host_monotonic_s=125187.322549] RT_CPUSTAT sample=183 cpu=cpu0 user=55 nice=0 system=573 idle=92367 iowait=0 irq=201 softirq=35 steal=0
[host_monotonic_s=125187.340040] RT_CPUSTAT sample=183 cpu=cpu1 user=156 nice=0 system=540 idle=71125 iowait=0 irq=16181 softirq=25 steal=0
[host_monotonic_s=125189.652260] RT_INIT_DONE scenario=idle
[host_monotonic_s=125189.652265] [  964.067926] reboot: Power down
[host_monotonic_s=125189.652266] [37m[967.440652 2:17 axvm::runtime::hvc:352] [33mVM[1] PSCI_SYSTEM_OFF[m
[host_monotonic_s=125189.652267] [m[37m[967.440869 2:17 axvm::vm:1360] [32mStopping VM[1]: SystemDown[m
[host_monotonic_s=125189.652268] [m
[host_monotonic_s=125189.652650] [37m[967.441296 2:17 axvm::runtime::vcpus:800] [33mVM[1] VCpu[0] stopping because of VM stopping[m[Axvisor] VM[1] stopped; returning to the management shell
[host_monotonic_s=125189.652880] [m[37m[967.721298 3:22 axvm::runtime::vcpus:800] [33mVM[1] VCpu[1] stopping because of VM stopping[m
[host_monotonic_s=125189.652902] 
[host_monotonic_s=125189.653025] [m[37m[967.721599 2:17 axvm::runtime::vcpus:838] [32mVM[1] VCpu[0] exiting...[m[2Kaxvisor:$ 
[host_monotonic_s=125189.653257] [m[37m[967.721752 3:22 axvm::runtime::vcpus:807] [32mVM[1] VCpu[1] last VCpu exiting, decreasing running VM count[m
[host_monotonic_s=125189.654487] [m[37m[967.723066 3:22 axvm::runtime::vcpus:817] [32mVM[1] state changed to Stopped[m
[host_monotonic_s=125189.654776] [m[37m[967.723379 3:22 axvm::runtime::vcpus:838] [32mVM[1] VCpu[1] exiting...[m
[host_monotonic_s=125190.956507] [m[2Kaxvisor:$ v[2Kaxvisor:$ vm[2Kaxvisor:$ vme[2Kaxvisor:$ vmex[2Kaxvisor:$ vmexi[2Kaxvisor:$ vmexit[2Kaxvisor:$ vmexit [2Kaxvisor:$ vmexit s[2Kaxvisor:$ vmexit st[2Kaxvisor:$ vmexit sta[2Kaxvisor:$ vmexit stat
[host_monotonic_s=125190.956524] VM-exit counters per physical CPU (12 reasons):
[host_monotonic_s=125190.957813]   cpu         irq     timer      mmio       wfi   hvc-smc    sysreg    gic-if       sgi    cpu-up  sys-down   nothing     other
[host_monotonic_s=125190.958484]     1       17050     16902     78108     16902         -         -         -         -         -         -         -         -
[host_monotonic_s=125190.959363]     2   14414@14.4/s  9617@9.6/s202282@186.7/s954802@1025.0/s     8@0.0/s         -         -   123@0.0/s         -         -        11         -
[host_monotonic_s=125190.959975]     3  950846@1020.4/s929922@998.1/s        52882148@945.8/s         -         -         -  1366@1.5/s         -         -         2         -
[host_monotonic_s=125190.960271] Host periodic scheduler ticks (event-driven timer IRQs excluded):
[host_monotonic_s=125190.960412]   cpu   0:      94947 (98.588/s)
[host_monotonic_s=125190.960804]   cpu   1:      94941 (98.581/s)
[host_monotonic_s=125190.960898]   cpu   2:      94937 (98.579/s)
[host_monotonic_s=125190.960941]   cpu   3:      94934 (98.577/s)
[host_monotonic_s=125195.164197] axvisor:$ rt_experiment end_ns=1786814150546027990 elapsed_ms=978499
