[37m[  1.734620 0:2 axvm::boot::images:137] [32mLoading ramdisk image from memory (18345784 bytes) into GPA @0x9c000000[m
[m[37m[  1.790773 0:2 axdevice::device:1232] [32mDeviceRuntime: registered device id=0[m
[m[37m[  1.791217 0:2 axdevice::device:1232] [32mDeviceRuntime: registered device id=1[m
[m[37m[  1.791426 0:2 axdevice::device:1232] [32mDeviceRuntime: registered device id=2[m
[m[37m[  1.793289 0:2 axdevice::device:1232] [32mDeviceRuntime: registered device id=3[m
[m[37m[  1.795331 0:2 axdevice::device:1232] [32mDeviceRuntime: registered device id=4[m
[m[37m[  1.798748 0:2 axvm::vm::prepare:82] [32mVM setup: id=1[m
[m[37m[  1.801540 0:2 axvm::arch::aarch64::fdt::core:79] [32mVM[2] virtual GIC follows host firmware resources: GuestGicProfile { compatible: "arm,gic-v3", node_path: "/intc@8000000", node_phandle: Some(32770), distributor: GuestMmioRegion { base: 134217728, length: 65536 }, cpu_region: Redistributors(GuestGicRedistributorProfile { regions: [GuestMmioRegion { base: 134873088, length: 16121856 }], stride: 131072 }), its: [GuestItsProfile { id: ItsId(0), node_path: "/intc@8000000/its@8080000", node_phandle: Some(32771), registers: GuestMmioRegion { base: 134742016, length: 131072 } }] }[m
[m[37m[  1.802366 0:2 axvm::arch::aarch64::fdt::core:93] [32mVM[2] architectural timer follows host firmware PPIs[m
[m[37m[  1.805686 0:2 axvm::arch::aarch64::fdt::core::parser:442] [32mCPU node: /cpus/cpu@0, node_id: 0x0, hardware_cpu_id: 0x0[m
[m[37m[  1.805898 0:2 axvm::arch::aarch64::fdt::core::parser:449] [32mFound 1 host CPU nodes[m
[m[37m[  1.806031 0:2 axvm::arch::aarch64::fdt::core:144] [32mVM[2] DTB not found, generating from the VM configuration[m
[m[37m[  1.812955 0:2 axvm::arch::aarch64::fdt::core::device:96] [32mFound excluded devices: ["/intc@8000000", "/pl011@9000000", "/timer", "/intc@8000000/its@8080000"][m
[m[37m[  1.817511 0:2 axvm::arch::aarch64::fdt::core::device:96] [32mFound excluded devices: ["/intc@8000000", "/pl011@9000000", "/timer", "/intc@8000000/its@8080000"][m
[m[37m[  1.818070 0:2 axvisor::config:258] [32mCreating VM[2] "task2-p2-switch-zephyr"[m
[m[37m[  1.819277 0:2 axvm::vm:1133] [32mVM created: id=2[m
[m[37m[  2.428828 0:2 axvisor::config:270] [32mVM[2] created success, loading images...[m
[m[37m[  2.432481 0:2 axdevice::device:1232] [32mDeviceRuntime: registered device id=0[m
[m[37m[  2.432631 0:2 axdevice::device:1232] [32mDeviceRuntime: registered device id=1[m
[m[37m[  2.620152 0:2 axdevice::device:1232] [32mDeviceRuntime: registered device id=2[m
[m[37m[  2.620613 0:2 axdevice::device:1232] [32mDeviceRuntime: registered device id=3[m
[m[37m[  2.621749 0:2 axdevice::device:1232] [32mDeviceRuntime: registered device id=4[m
[m[37m[  2.622210 0:2 axvm::vm::prepare:82] [32mVM setup: id=2[m
[m[37m[  2.623377 0:2 axvm::runtime:73] [32mInitializing VMM...[m
[m[37m[  2.624610 0:2 axvm::runtime:84] [32mVMM starting, booting VMs...[m
[m[37m[  2.625009 0:2 axvm::vm:1365] [32mStarting VM[1][m
[m[37m[  2.625361 0:2 axvm::runtime::vcpus:1060] [32mSpawning task for VM[1] VCpu[0][m
[m[37m[  2.626296 0:2 axvm::runtime::vcpus:1079] [32mVCpu task Task(7, "VM[1]-VCpu[0]") created priority=90 cpumask: [0, ][m
[m[37m[  2.629956 0:2 axvm::runtime:92] [32mVM[1] boot success[m
[m[37m[  2.630098 0:2 axvm::vm:1365] [32mStarting VM[2][m
[m[37m[  2.630186 0:2 axvm::runtime::vcpus:1060] [32mSpawning task for VM[2] VCpu[0][m
[m[37m[  2.630339 0:2 axvm::runtime::vcpus:1079] [32mVCpu task Task(9, "VM[2]-VCpu[0]") created priority=90 cpumask: [0, ][m
[m[37m[  2.630573 0:2 axvm::runtime:92] [32mVM[2] boot success[m
[m[37m[  2.632653 0:2 axvisor:114] [32m[OK] Default guest initialized[m
[m[37m[  2.634431 0:7 axvm::runtime::vcpus:1134] [32mVM[1] VCpu[0] waiting for running[m
[m[37m[  2.634899 0:7 axvm::runtime::vcpus:1172] [32mVM[1] VCpu[0] running...[m
[m[37m[  2.639859 0:9 axvm::runtime::vcpus:1134] [32mVM[2] VCpu[0] waiting for running[m
[m[37m[  2.640000 0:9 axvm::runtime::vcpus:1172] [32mVM[2] VCpu[0] running...[m
[m[VM 2] *** Booting Zephyr OS build v4.4.2 ***
[VM 2] TASK2_MAIN_START
[37m[  2.713963 0:7 axvm::runtime::hvc:266] [32mVM[1] PSCI_FEATURES function_id=0x80000000[m
[m[VM 2] TASK2_SOCKET_CREATE
[VM 2] TASK2_SOCKET_CREATED fd=0
[VM 2] TASK2_NET_CONFIGURED interface=virtio-net ip=10.0.42.2/24
[VM 2] TASK2_READY role=managed local=10.0.42.2:4242 peer=10.0.42.15:4242
[37m[  2.743180 0:7 axvm::runtime::hvc:266] [32mVM[1] PSCI_FEATURES function_id=0xc4000001[m
[m[37m[  2.743539 0:7 axvm::runtime::hvc:266] [32mVM[1] PSCI_FEATURES function_id=0xc400000e[m
[m[37m[  2.743856 0:7 axvm::runtime::hvc:266] [32mVM[1] PSCI_FEATURES function_id=0xc4000012[m
[m[37m[  2.744143 0:7 axvm::runtime::hvc:266] [32mVM[1] PSCI_FEATURES function_id=0xc4000015[m
[m[37m[  2.963026 0:7 axvisor::virtio_net:595] [33mvirtio-net drops an ingress frame: NotReady[m
[m[VM 1] [    0.000000] Booting Linux on physical CPU 0x0000000000 [0x410fd083]
[VM 1] [    0.000000] Linux version 7.1.0-rc2-g74fe02ce122a-dirty (huhu@huhu-Legion-Y9000P-IAH7H) (aarch64-linux-musl-gcc (GCC) 11.2.1 20211120, GNU ld (GNU Binutils) 2.37) #1 SMP PREEMPT Fri Aug  7 08:02:49 CST 2026
[VM 1] [    0.000000] KASLR disabled due to lack of seed
[VM 1] [    0.000000] Machine model: linux,dummy-virt
[VM 1] [    0.000000] efi: UEFI not found.
[VM 1] [    0.000000] OF: reserved mem: Reserved memory: No reserved-memory node in the DT
[VM 1] [    0.000000] NUMA: Faking a node at [mem 0x0000000080000000-0x000000009fffffff]
[VM 1] [    0.000000] NODE_DATA(0) allocated [mem 0x9ff08dc0-0x9ff0b4bf]
[VM 1] [    0.000000] cma: Reserved 32 MiB at 0x000000009a000000
[VM 1] [    0.000000] psci: probing for conduit method from DT.
[VM 1] [    0.000000] psci: PSCIv1.1 detected in firmware.
[VM 1] [    0.000000] psci: Using standard PSCI v0.2 function IDs
[VM 1] [    0.000000] psci: Trusted OS migration not required
[VM 1] [    0.000000] psci: SMC Calling Convention v65535.65535
[VM 1] [    0.000000] Zone ranges:
[VM 1] [    0.000000]   DMA      [mem 0x0000000080000000-0x000000009fffffff]
[VM 1] [    0.000000]   DMA32    empty
[VM 1] [    0.000000]   Normal   empty
[VM 1] [    0.000000] Movable zone start for each node
[VM 1] [    0.000000] Early memory node ranges
[VM 1] [    0.000000]   node   0: [mem 0x0000000080000000-0x000000009fffffff]
[VM 1] [    0.000000] Initmem setup node 0 [mem 0x0000000080000000-0x000000009fffffff]
[VM 1] [    0.000000] percpu: Embedded 26 pages/cpu s66584 r8192 d31720 u106496
[VM 1] [    0.000000] Detected PIPT I-cache on CPU0
[VM 1] [    0.000000] CPU features: detected: GICv3 CPU interface
[VM 1] [    0.000000] CPU features: detected: Spectre-v2
[VM 1] [    0.000000] CPU features: detected: Spectre-v3a
[VM 1] [    0.000000] CPU features: detected: Spectre-v4
[VM 1] [    0.000000] CPU features: detected: Spectre-BHB
[VM 1] [    0.000000] CPU features: detected: ARM erratum 1742098
[VM 1] [    0.000000] CPU features: detected: ARM errata 1165522, 1319367, or 1530923
[VM 1] [    0.000000] alternatives: applying boot alternatives
[VM 1] [    0.000000] printk: log buffer data + meta data: 131072 + 458752 = 589824 bytes
[VM 1] [    0.000000] Dentry cache hash table entries: 65536 (order: 7, 524288 bytes, linear)
[VM 1] [    0.000000] Inode-cache hash table entries: 32768 (order: 6, 262144 bytes, linear)
[VM 1] [    0.000000] software IO TLB: SWIOTLB bounce buffer size adjusted to 0MB
[VM 1] [    0.000000] software IO TLB: area num 1.
[VM 1] [    0.000000] software IO TLB: mapped [mem 0x000000009f580000-0x000000009f600000] (0MB)
[VM 1] [    0.000000] Fallback order for Node 0: 0 
[VM 1] [    0.000000] Built 1 zonelists, mobility grouping on.  Total pages: 131072
[VM 1] [    0.000000] Policy zone: DMA
[VM 1] [    0.000000] mem auto-init: stack:off, heap alloc:off, heap free:off
[VM 1] [    0.000000] SLUB: HWalign=64, Order=0-3, MinObjects=0, CPUs=1, Nodes=1
[VM 1] [    0.000000] rcu: Preemptible hierarchical RCU implementation.
[VM 1] [    0.000000] rcu: 	RCU event tracing is enabled.
[VM 1] [    0.000000] rcu: 	RCU restricting CPUs from NR_CPUS=512 to nr_cpu_ids=1.
[VM 1] [    0.000000] 	Trampoline variant of Tasks RCU enabled.
[VM 1] [    0.000000] 	Tracing variant of Tasks RCU enabled.
[VM 1] [    0.000000] rcu: RCU calculated value of scheduler-enlistment delay is 25 jiffies.
[VM 1] [    0.000000] rcu: Adjusting geometry for rcu_fanout_leaf=16, nr_cpu_ids=1
[VM 1] [    0.000000] RCU Tasks: Setting shift to 0 and lim to 1 rcu_task_cb_adjust=1 rcu_task_cpu_ids=1.
[VM 1] [    0.000000] NR_IRQS: 64, nr_irqs: 64, preallocated irqs: 0
[VM 1] [    0.000000] GICv3: 256 SPIs implemented
[VM 1] [    0.000000] GICv3: 0 Extended SPIs implemented
[VM 1] [    0.000000] Root IRQ handler: gic_handle_irq
[VM 1] [    0.000000] GICv3: GICv3 features: 16 PPIs, RSS
[VM 1] [    0.000000] GICv3: GICD_CTLR.DS=0, SCR_EL3.FIQ=0
[VM 1] [    0.000000] GICv3: CPU0: found redistributor 0 region 0:0x00000000080a0000
[VM 1] [    0.000000] ITS [mem 0x08080000-0x0809ffff]
[VM 1] [    0.000000] ITS@0x0000000008080000: allocated 8192 Devices @83450000 (indirect, esz 8, psz 64K, shr 1)
[VM 1] [    0.000000] ITS@0x0000000008080000: allocated 8192 Interrupt Collections @83460000 (flat, esz 8, psz 64K, shr 1)
[VM 1] [    0.000000] GICv3: using LPI property table @0x0000000083470000
[VM 1] [    0.000000] GICv3: CPU0: using allocated LPI pending table @0x0000000083480000
[VM 1] [    0.000000] rcu: srcu_init: Setting srcu_struct sizes based on contention.
[VM 1] [    0.000000] arch_timer: cp15 timer running at 62.50MHz (virt).
[VM 1] [    0.000000] clocksource: arch_sys_counter: mask: 0x1ffffffffffffff max_cycles: 0x1cd42e208c, max_idle_ns: 881590405314 ns
[VM 1] [    0.000064] sched_clock: 57 bits at 63MHz, resolution 16ns, wraps every 4398046511096ns
[VM 1] [    0.008877] Console: colour dummy device 80x25
[VM 1] [    0.009256] printk: legacy console [tty0] enabled
[VM 1] [    0.015397] Calibrating delay loop (skipped), value calculated using timer frequency.. 125.00 BogoMIPS (lpj=250000)
[VM 1] [    0.015543] pid_max: default: 32768 minimum: 301
[VM 1] [    0.019322] Mount-cache hash table entries: 1024 (order: 1, 8192 bytes, linear)
[VM 1] [    0.019406] Mountpoint-cache hash table entries: 1024 (order: 1, 8192 bytes, linear)
[VM 1] [    0.026691] VFS: Finished mounting rootfs on nullfs
[VM 1] [    0.043832] cacheinfo: Unable to detect cache hierarchy for CPU 0
[VM 1] [    0.056223] rcu: Hierarchical SRCU implementation.
[VM 1] [    0.056288] rcu: 	Max phase no-delay instances is 1000.
[VM 1] [    0.059386] fsl-mc MSI: its@8080000 domain created
[VM 1] [    0.060176] EFI services will not be available.
[VM 1] [    0.060694] smp: Bringing up secondary CPUs ...
[VM 1] [    0.061290] smp: Brought up 1 node, 1 CPU
[VM 1] [    0.061324] SMP: Total of 1 processors activated.
[VM 1] [    0.061360] CPU: All CPU(s) started at EL1
[VM 1] [    0.061573] CPU features: detected: 32-bit EL0 Support
[VM 1] [    0.061598] CPU features: detected: 32-bit EL1 Support
[VM 1] [    0.061659] CPU features: detected: CRC32 instructions
[VM 1] [    0.061800] CPU features: detected: PMUv3
[VM 1] [    0.073687] alternatives: applying system-wide alternatives
[VM 1] [    0.096628] Memory: 408164K/524288K available (18688K kernel code, 5242K rwdata, 14504K rodata, 12672K init, 718K bss, 80672K reserved, 32768K cma-reserved)
[VM 1] [    0.130763] devtmpfs: initialized
[VM 1] [    0.148079] clocksource: jiffies: mask: 0xffffffff max_cycles: 0xffffffff, max_idle_ns: 7645041785100000 ns
[VM 1] [    0.148595] posixtimers hash table entries: 512 (order: 1, 8192 bytes, linear)
[VM 1] [    0.148855] futex hash table entries: 256 (16384 bytes on 1 NUMA nodes, total 16 KiB, linear).
[VM 1] [    0.151884] 19744 pages in range for non-PLT usage
[VM 1] [    0.151936] 511264 pages in range for PLT usage
[VM 1] [    0.164025] DMI: not present or invalid.
[VM 1] [    0.181214] NET: Registered PF_NETLINK/PF_ROUTE protocol family
[VM 1] [    0.192145] DMA: preallocated 128 KiB GFP_KERNEL|GFP_DMA pool for atomic allocations
[VM 1] [    0.192734] audit: initializing netlink subsys (disabled)
[37m[  5.166994 0:7 axvisor::virtio_net:595] [33mvirtio-net drops an ingress frame: NotReady[m
[m[VM 1] [    0.194633] audit: type=2000 audit(0.168:1): state=initialized audit_enabled=0 res=1
[VM 1] [    0.198995] thermal_sys: Registered thermal governor 'step_wise'
[VM 1] [    0.199032] thermal_sys: Registered thermal governor 'power_allocator'
[VM 1] [    0.199356] cpuidle: using governor menu
[VM 1] [    0.200280] hw-breakpoint: found 6 breakpoint and 4 watchpoint registers.
[VM 1] [    0.200586] ASID allocator initialised with 65536 entries
[VM 1] [    0.205399] Serial: AMBA PL011 UART driver
[VM 1] [    0.229542] 9000000.pl011: ttyAMA0 at MMIO 0x9000000 (irq = 13, base_baud = 0) is a PL011 rev1
[VM 1] [    0.233043] printk: console [ttyAMA0] enabled
[VM 1] [    1.231056] HugeTLB: registered 1.00 GiB page size, pre-allocated 0 pages
[VM 1] [    1.231126] HugeTLB: 0 KiB vmemmap can be freed for a 1.00 GiB page
[VM 1] [    1.231167] HugeTLB: registered 32.0 MiB page size, pre-allocated 0 pages
[VM 1] [    1.231185] HugeTLB: 0 KiB vmemmap can be freed for a 32.0 MiB page
[VM 1] [    1.231204] HugeTLB: registered 2.00 MiB page size, pre-allocated 0 pages
[VM 1] [    1.231220] HugeTLB: 0 KiB vmemmap can be freed for a 2.00 MiB page
[VM 1] [    1.231236] HugeTLB: registered 64.0 KiB page size, pre-allocated 0 pages
[VM 1] [    1.231251] HugeTLB: 0 KiB vmemmap can be freed for a 64.0 KiB page
[VM 1] [    2.256971] ACPI: Interpreter disabled.
[VM 1] [    2.801637] iommu: Default domain type: Translated
[VM 1] [    2.812451] iommu: DMA domain TLB invalidation policy: strict mode
[VM 1] [    2.826501] SCSI subsystem initialized
[VM 1] [    2.837104] usbcore: registered new interface driver usbfs
[VM 1] [    2.848854] usbcore: registered new interface driver hub
[VM 1] [    2.860016] usbcore: registered new device driver usb
[VM 1] [    2.861076] pps_core: LinuxPPS API ver. 1 registered
[VM 1] [    2.861110] pps_core: Software ver. 5.3.6 - Copyright 2005-2007 Rodolfo Giometti <giometti@linux.it>
[VM 1] [    2.861181] PTP clock support registered
[VM 1] [    2.861519] EDAC MC: Ver: 3.0.0
[VM 1] [    2.916014] scmi_core: SCMI protocol bus registered
[VM 1] [    2.927858] FPGA manager framework
[VM 1] [    2.944868] vgaarb: loaded
[VM 1] [    2.953152] clocksource: Switched to clocksource arch_sys_counter
[VM 1] [    3.205198] VFS: Disk quotas dquot_6.6.0
[VM 1] [    3.215147] VFS: Dquot-cache hash table entries: 512 (order 0, 4096 bytes)
[VM 1] [    3.231337] pnp: PnP ACPI: disabled
[VM 1] [    3.263407] NET: Registered PF_INET protocol family
[VM 1] [    3.274814] IP idents hash table entries: 8192 (order: 4, 65536 bytes, linear)
[VM 1] [    3.293161] tcp_listen_portaddr_hash hash table entries: 256 (order: 0, 4096 bytes, linear)
[VM 1] [    3.309722] Table-perturb hash table entries: 65536 (order: 6, 262144 bytes, linear)
[VM 1] [    3.309814] TCP established hash table entries: 4096 (order: 3, 32768 bytes, linear)
[VM 1] [    3.310072] TCP bind hash table entries: 4096 (order: 5, 131072 bytes, linear)
[VM 1] [    3.310230] TCP: Hash tables configured (established 4096 bind 4096)
[VM 1] [    3.311196] UDP hash table entries: 256 (order: 2, 16384 bytes, linear)
[VM 1] [    3.312410] NET: Registered PF_UNIX/PF_LOCAL protocol family
[VM 1] [    3.398622] RPC: Registered named UNIX socket transport module.
[VM 1] [    3.411446] RPC: Registered udp transport module.
[VM 1] [    3.421546] RPC: Registered tcp transport module.
[VM 1] [    3.431219] RPC: Registered tcp-with-tls transport module.
[VM 1] [    3.442904] RPC: Registered tcp NFSv4.1 backchannel transport module.
[VM 1] [    3.456110] PCI: CLS 0 bytes, default 64
[VM 1] [    3.469567] kvm [1]: HYP mode not available
[VM 1] [    3.480033] Unpacking initramfs...
[VM 1] [    3.494380] Initialise system trusted keyrings
[VM 1] [    3.505677] workingset: timestamp_bits=42 (anon: 38) max_order=17 bucket_order=0 (anon: 0)
[VM 1] [    3.759822] squashfs: version 4.0 (2009/01/31) Phillip Lougher
[VM 1] [    3.778888] NFS: Registering the id_resolver key type
[VM 1] [    3.790215] Key type id_resolver registered
[VM 1] [    3.801303] Key type id_legacy registered
[VM 1] [    3.810358] nfs4filelayout_init: NFSv4 File Layout Driver Registering...
[VM 1] [    3.810711] nfs4flexfilelayout_init: NFSv4 Flexfile Layout Driver Registering...
[VM 1] [    3.841315] 9p: Installing v9fs 9p2000 file system support
[VM 1] [    3.854629] Key type asymmetric registered
[VM 1] [    3.865936] Asymmetric key parser 'x509' registered
[VM 1] [    3.883513] Block layer SCSI generic (bsg) driver version 0.4 loaded (major 244)
[VM 1] [    3.883925] io scheduler mq-deadline registered
[VM 1] [    3.884215] io scheduler kyber registered
[VM 1] [    3.917786] io scheduler bfq registered
[VM 1] [    3.953187] ledtrig-cpu: registered to indicate activity on CPUs
[VM 1] [    4.055671] Serial: 8250/16550 driver, 4 ports, IRQ sharing enabled
[VM 1] [    4.085427] msm_serial: driver initialized
[VM 1] [    4.095208] SuperH (H)SCI(F) driver initialized
[VM 1] [    4.105707] STM32 USART driver initialized
[VM 1] [    4.152094] loop: module loaded
[VM 1] [    4.163607] megasas: 07.734.00.00-rc1
[VM 1] [    4.201620] tun: Universal TUN/TAP device driver, 1.6
[37m[  7.206290 0:7 axvisor::virtio_net:595] [33mvirtio-net drops an ingress frame: NotReady[m
[m[VM 1] [    4.403346] thunder_xcv, ver 1.0
[VM 1] [    4.413331] thunder_bgx, ver 1.0
[VM 1] [    4.420515] nicpf, ver 1.0
[VM 1] [    4.431279] e1000: Intel(R) PRO/1000 Network Driver
[VM 1] [    4.445178] e1000: Copyright (c) 1999-2006 Intel Corporation.
[VM 1] [    4.445601] e1000e: Intel(R) PRO/1000 Network Driver
[VM 1] [    4.445849] e1000e: Copyright(c) 1999 - 2015 Intel Corporation.
[VM 1] [    4.446207] igb: Intel(R) Gigabit Ethernet Network Driver
[VM 1] [    4.446428] igb: Copyright (c) 2007-2014 Intel Corporation.
[VM 1] [    4.446791] igbvf: Intel(R) Gigabit Virtual Function Network Driver
[VM 1] [    4.447015] igbvf: Copyright (c) 2009 - 2012 Intel Corporation.
[VM 1] [    4.447743] sky2: driver version 1.30
[VM 1] [    4.543070] VFIO - User Level meta-driver version: 0.3
[VM 1] [    4.563425] usbcore: registered new interface driver usb-storage
[VM 1] [    4.591090] i2c_dev: i2c /dev entries driver
[VM 1] [    4.628292] SMCCC: SOC_ID: ARCH_SOC_ID not implemented, skipping ....
[VM 1] [    4.646649] usbcore: registered new interface driver usbhid
[VM 1] [    4.658614] usbhid: USB HID core driver
[VM 1] [    4.689931] NET: Registered PF_INET6 protocol family
[VM 1] [    4.713904] Segment Routing with IPv6
[VM 1] [    4.725436] In-situ OAM (IOAM) with IPv6
[VM 1] [    4.726015] sit: IPv6, IPv4 and MPLS over IPv4 tunneling driver
[VM 1] [    4.963450] NET: Registered PF_PACKET protocol family
[VM 1] [    4.975100] 9pnet: Installing 9P2000 support
[VM 1] [    4.993442] Key type dns_resolver registered
[VM 1] [    5.050146] registered taskstats version 1
[VM 1] [    5.060392] Loading compiled-in X.509 certificates
[VM 1] [    5.105970] Demotion targets for Node 0: null
[VM 1] [    5.123320] clk: Disabling unused clocks
[VM 1] [    5.137413] PM: genpd: Disabling unused power domains
[VM 1] [    5.518702] Freeing initrd memory: 17912K
[VM 1] [    5.575495] Freeing unused kernel memory: 12672K
[VM 1] [    5.586205] Run /init as init process
[VM 1] TASK2_INIT_START
[VM 1] TASK2_NET_CONFIGURED interface=eth0 ip=10.0.42.15/24
[VM 1] TASK2_READY role=controller local=10.0.42.15:4242 peer=10.0.42.2:4242
[VM 1] TASK3_MODEL_READY model=baseline version=p-controller-v1 sha256=none path=embedded:fixture-replay mode=bounded-contract
[VM 1] TASK3_CONTROL_SENT elapsed_ms=35 request=1 value=0 target=300 state=300 seq=1 model=baseline
[VM 2] TASK2_CONTROL_RECEIVED seq=1 request=1
[VM 2] TASK3_CONTROL_APPLIED request=1 value=0
[VM 2] TASK3_PLANT_STATE before=300 after=170 dist=0
[VM 2] TASK2_STATUS_SENT seq=1
[VM 1] TASK2_HEARTBEAT_RECEIVED peer_uptime_ms=4540
[VM 1] TASK2_HEARTBEAT_RECEIVED peer_uptime_ms=4760
[VM 1] TASK2_HEARTBEAT_RECEIVED peer_uptime_ms=5120
[VM 1] TASK2_HEARTBEAT_RECEIVED peer_uptime_ms=5340
[VM 1] TASK2_HEARTBEAT_RECEIVED peer_uptime_ms=5560
[VM 1] TASK2_HEARTBEAT_RECEIVED peer_uptime_ms=5780
[VM 2] TASK2_HEARTBEAT_RECEIVED peer_uptime_ms=251
[VM 1] TASK2_HEARTBEAT_RECEIVED peer_uptime_ms=6000
[VM 1] TASK2_ACK seq=1
[VM 2] TASK2_ACK seq=1
[VM 1] TASK3_STATUS_RECEIVED elapsed_ms=303 request=1 value=170 state=170 sample=1 rtt_ms=268
[VM 1] TASK3_CONTROL_SENT elapsed_ms=303 request=2 value=260 target=300 state=170 seq=2 model=baseline

[Axvisor] detached VM[1] console
Welcome to AxVisor Shell!
Type 'help' to see available commands
Use UP/DOWN arrows to navigate command history
Console shortcuts:
  Ctrl+X, then h  return to the Axvisor shell
  Ctrl+X, then [  attach the previous running guest
  Ctrl+X, then ]  attach the next running guest

[2Kaxvisor:/$ [2Kaxvisor:/$ v[2Kaxvisor:/$ vi[2Kaxvisor:/$ vir[2Kaxvisor:/$ virt[2Kaxvisor:/$ virtn[2Kaxvisor:/$ virtne[2Kaxvisor:/$ virtnet[2Kaxvisor:/$ virtnet [2Kaxvisor:/$ virtnet c[2Kaxvisor:/$ virtnet ca[2Kaxvisor:/$ virtnet cap[2Kaxvisor:/$ virtnet capt[2Kaxvisor:/$ virtnet captu[2Kaxvisor:/$ virtnet captur[2Kaxvisor:/$ virtnet capture[2Kaxvisor:/$ virtnet capture [2Kaxvisor:/$ virtnet capture o[2Kaxvisor:/$ virtnet capture on
virtnet: capture ON
axvisor:/$ 
[Axvisor] attached VM[2] console; use Ctrl+X, then h to return to the shell
TASK2_CONTROL_RECEIVED seq=2 request=2
TASK3_CONTROL_APPLIED request=2 value=260
TASK3_PLANT_STATE before=170 after=183 dist=0
TASK2_STATUS_SENT seq=2
TASK2_HEARTBEAT_RECEIVED peer_uptime_ms=951
TASK2_RETRANSMIT seq=2 attempt=1
TASK2_ACK seq=2
TASK2_CONTROL_RECEIVED seq=3 request=3
TASK3_CONTROL_APPLIED request=3 value=234
TASK3_PLANT_STATE before=183 after=181 dist=0
TASK2_STATUS_SENT seq=3
TASK2_DUPLICATE_ACK seq=2
TASK2_ACK seq=3
TASK2_CONTROL_RECEIVED seq=4 request=4
TASK3_CONTROL_APPLIED request=4 value=238
TASK3_PLANT_STATE before=181 after=182 dist=0
TASK2_STATUS_SENT seq=4
TASK2_ACK seq=4
TASK2_CONTROL_RECEIVED seq=5 request=5
TASK3_CONTROL_APPLIED request=5 value=236
TASK3_PLANT_STATE before=182 after=182 dist=0
TASK2_STATUS_SENT seq=5
TASK2_ACK seq=5
TASK2_CONTROL_RECEIVED seq=6 request=6
TASK3_CONTROL_APPLIED request=6 value=236
TASK3_PLANT_STATE before=182 after=182 dist=0
TASK2_STATUS_SENT seq=6
TASK2_ACK seq=6
TASK2_CONTROL_RECEIVED seq=7 request=7
TASK3_CONTROL_APPLIED request=7 value=236
TASK3_PLANT_STATE before=182 after=182 dist=0
TASK2_STATUS_SENT seq=7
TASK2_ACK seq=7
TASK2_CONTROL_RECEIVED seq=8 request=8
TASK3_CONTROL_APPLIED request=8 value=236
TASK3_PLANT_STATE before=182 after=182 dist=0
TASK2_STATUS_SENT seq=8
TASK2_ACK seq=8
TASK2_CONTROL_RECEIVED seq=9 request=9
TASK3_CONTROL_APPLIED request=9 value=236
TASK3_PLANT_STATE before=182 after=182 dist=0
TASK2_STATUS_SENT seq=9
TASK2_ACK seq=9
TASK2_CONTROL_RECEIVED seq=10 request=10
TASK3_CONTROL_APPLIED request=10 value=236
TASK3_PL

[Axvisor] attached VM[1] console; use Ctrl+X, then h to return to the shell
TASK2_ACK seq=2
TASK3_STATUS_RECEIVED elapsed_ms=993 request=2 value=183 state=183 sample=2 rtt_ms=690
TASK3_CONTROL_SENT elapsed_ms=993 request=3 value=234 target=300 state=183 seq=3 model=baseline
TASK2_DUPLICATE seq=2
TASK2_HEARTBEAT_RECEIVED peer_uptime_ms=6890
TASK2_ACK seq=3
TASK3_STATUS_RECEIVED elapsed_ms=1125 request=3 value=181 state=181 sample=3 rtt_ms=132
TASK3_CONTROL_SENT elapsed_ms=1125 request=4 value=238 target=300 state=181 seq=4 model=baseline
TASK2_ACK seq=4
TASK3_STATUS_RECEIVED elapsed_ms=1204 request=4 value=182 state=182 sample=4 rtt_ms=79
TASK3_CONTROL_SENT elapsed_ms=1204 request=5 value=236 target=300 state=182 seq=5 model=baseline
TASK2_ACK seq=5
TASK3_STATUS_RECEIVED elapsed_ms=1303 request=5 value=182 state=182 sample=5 rtt_ms=99
TASK3_CONTROL_SENT elapsed_ms=1303 request=6 value=236 target=300 state=182 seq=6 model=baseline
TASK2_ACK seq=6
TASK3_STATUS_RECEIVED elapsed_ms=1379 request=6 value=182 state=182 sample=6 rtt_ms=76
TASK3_CONTROL_SENT elapsed_ms=1379 request=7 value=236 target=300 state=182 seq=7 model=baseline
TASK2_ACK seq=7
TASK3_STATUS_RECEIVED elapsed_ms=1485 request=7 value=182 state=182 sample=7 rtt_ms=106
TASK3_CONTROL_SENT elapsed_ms=1485 request=8 value=236 target=300 state=182 seq=8 model=baseline
TASK2_ACK seq=8
TASK3_STATUS_RECEIVED elapsed_ms=1562 request=8 value=182 state=182 sample=8 rtt_ms=77
TASK3_CONTROL_SENT elapsed_ms=1562 request=9 value=236 target=300 state=182 seq=9 model=baseline
TASK2_ACK seq=9
TASK3_STATUS_RECEIVED elapsed_ms=1670 request=9 value=182 state=182 sample=9 rtt_ms=108
TASK3_CONTROL_SENT elapsed_ms=1670 request=10 value=236 target=300 state=182 seq=10 model=baseline
TASK2_ACK seq=10
TASK3_STATUS_RECEIVED elapsed_ms=1751 request=10 value=182 state=182 sample=10 rtt_ms=81
TASK3_CONTROL_SENT elapsed_ms=1751 request=11 value=236 target=300 state=182 seq=11 model=baseline
TASK2_ACK seq=11
TASK3_STATUS_RECEIVED elapsed_ms=1850 request=11 value=182 state=182 sample=11 rtt_ms=99
TASK3_CONTROL_SENT elapsed_ms=1850 request=12 value=236 target=300 state=182 seq=12 model=baseline
TASK2_ACK seq=12
TASK3_STATUS_RECEIVED elapsed_ms=1930 request=12 value=182 state=182 sample=12 rtt_ms=80
TASK3_CONTROL_SENT elapsed_ms=1930 request=13 value=236 target=300 state=182 seq=13 model=baseline
TASK2_ACK seq=13
TASK3_STATUS_RECEIVED elapsed_ms=2050 request=13 value=182 state=182 sample=13 rtt_ms=120
TASK3_CONTROL_SENT elapsed_ms=2050 request=14 value=236 target=300 state=182 seq=14 model=baseline
TASK2_ACK seq=14
TASK3_STATUS_RECEIVED elapsed_ms=2135 request=14 value=332 state=332 sample=14 rtt_ms=85
TASK3_CONTROL_SENT elapsed_ms=2135 request=15 value=0 target=300 state=332 seq=15 model=baseline
TASK2_ACK seq=15
TASK3_STATUS_RECEIVED elapsed_ms=2230 request=15 value=338 state=338 sample=15 rtt_ms=95
TASK3_CONTROL_SENT elapsed_ms=2230 request=16 value=0 target=300 state=338 seq=16 model=baseline
TASK2_ACK seq=16
TASK3_STATUS_RECEIVED elapsed_ms=2313 request=16 value=342 state=342 sample=16 rtt_ms=83
TASK3_CONTROL_SENT elapsed_ms=2313 request=17 value=0 target=300 state=342 seq=17 model=baseline
TASK2_ACK seq=17
TASK3_STATUS_RECEIVED elapsed_ms=2584 request=17 value=344 state=344 sample=17 rtt_ms=271
TASK3_CONTROL_SENT elapsed_ms=2584 request=18 value=0 target=300 state=344 seq=18 model=baseline
TASK2_ACK seq=18
TASK3_STATUS_RECEIVED elapsed_ms=2676 request=18 value=345 state=345 sample=18 rtt_ms=92
TASK3_CONTROL_SENT elapsed_ms=2676 request=19 value=0 target=300 state=345 seq=19 model=baseline
TASK2_ACK seq=19
TASK3_STATUS_RECEIVED elapsed_ms=2748 request=19 value=346 state=346 sample=19 rtt_ms=72
TASK3_CONTROL_SENT elapsed_ms=2748 request=20 value=0 target=300 state=346 seq=20 model=baseline
TASK2_ACK seq=20
TASK3_STATUS_RECEIVED elapsed_ms=2855 request=20 value=346 state=346 sample=20 rtt_ms=107
TASK3_CONTROL_SENT elapsed_ms=2855 request=21 value=0 target=300 state=346 seq=21 model=baseline
TASK2_ACK seq=21
TASK3_STATUS_RECEIVED elapsed_ms=3145 request=21 value=346 state=346 sample=21 rtt_ms=290
TASK3_CONTROL_SENT elapsed_ms=3145 request=22 value=0 target=300 state=346 seq=22 model=baseline
TASK2_HEARTBEAT_RECEIVED peer_uptime_ms=9050
TASK2_ACK seq=22
TASK3_STATUS_RECEIVED elapsed_ms=3242 request=22 value=346 state=346 sample=22 rtt_ms=97
TASK3_CONTROL_SENT elapsed_ms=3242 request=23 value=0 target=300 state=346 seq=23 model=baseline
TASK2_ACK seq=23
TASK3_STATUS_RECEIVED elapsed_ms=3325 request=23 value=346 state=346 sample=23 rtt_ms=83
TASK3_CONTROL_SENT elapsed_ms=3325 request=24 value=0 target=300 state=346 seq=24 model=baseline
TASK2_ACK seq=24
TASK3_STATUS_RECEIVED elapsed_ms=3424 request=24 value=346 state=346 sample=24 rtt_ms=99
TASK3_CONTROL_SENT elapsed_ms=3424 request=25 value=0 target=300 state=346 seq=25 model=baseline
TASK2_ACK seq=25
TASK3_STATUS_RECEIVED elapsed_ms=3708 request=25 value=346 state=346 sample=25 rtt_ms=284
TASK3_CONTROL_SENT elapsed_ms=3708 request=26 value=0 target=300 state=346 seq=26 model=baseline
TASK2_ACK seq=26
TASK3_STATUS_RECEIVED elapsed_ms=3785 request=26 value=346 state=346 sample=26 rtt_ms=77
TASK3_CONTROL_SENT elapsed_ms=3785 request=27 value=0 target=300 state=346 seq=27 model=baseline
TASK2_ACK seq=27
TASK3_STATUS_RECEIVED elapsed_ms=3890 request=27 value=346 state=346 sample=27 rtt_ms=105
TASK3_CONTROL_SENT elapsed_ms=3890 request=28 value=0 target=300 state=346 seq=28 model=baseline
TASK2_ACK seq=28
TASK3_STATUS_RECEIVED elapsed_ms=3969 request=28 value=346 state=346 sample=28 rtt_ms=79
TASK3_CONTROL_SENT elapsed_ms=3969 request=29 value=0 target=300 state=346 seq=29 model=baseline
TASK2_ACK seq=29
TASK3_STATUS_RECEIVED elapsed_ms=4073 request=29 value=346 state=346 sample=29 rtt_ms=104
TASK3_CONTROL_SENT elapsed_ms=4073 request=30 value=0 target=300 state=346 seq=30 model=baseline
TASK2_HEARTBEAT_RECEIVED peer_uptime_ms=10160
TASK2_ACK seq=30
TASK3_STATUS_RECEIVED elapsed_ms=4322 request=30 value=346 state=346 sample=30 rtt_ms=249
TASK3_CONTROL_SENT elapsed_ms=4322 request=31 value=0 target=300 state=346 seq=31 model=baseline
TASK2_ACK seq=31
TASK3_STATUS_RECEIVED elapsed_ms=4400 request=31 value=346 state=346 sample=31 rtt_ms=78
TASK3_CONTROL_SENT elapsed_ms=4400 request=32 value=0 target=300 state=346 seq=32 model=baseline
TASK2_ACK seq=32
TASK3_STATUS_RECEIVED elapsed_ms=4496 request=32 value=346 state=346 sample=32 rtt_ms=96
TASK3_CONTROL_SENT elapsed_ms=4496 request=33 value=0 target=300 state=346 seq=33 model=baseline
TASK2_ACK seq=33
TASK3_STATUS_RECEIVED elapsed_ms=4575 request=33 value=346 state=346 sample=33 rtt_ms=79
TASK3_CONTROL_SENT elapsed_ms=4575 request=34 value=0 target=300 state=346 seq=34 model=baseline
TASK2_HEARTBEAT_RECEIVED peer_uptime_ms=10700
TASK2_ACK seq=34
TASK3_STATUS_RECEIVED elapsed_ms=4901 request=34 value=346 state=346 sample=34 rtt_ms=326
TASK3_CONTROL_SENT elapsed_ms=4901 request=35 value=0 target=300 state=346 seq=35 model=baseline
TASK2_ACK seq=35
TASK3_STATUS_RECEIVED elapsed_ms=4980 request=35 value=346 state=346 sample=35 rtt_ms=79
TASK3_CONTROL_SENT elapsed_ms=4980 request=36 value=0 target=300 state=346 seq=36 model=baseline
TASK2_ACK seq=36
TASK3_STATUS_RECEIVED elapsed_ms=5089 request=36 value=346 state=346 sample=36 rtt_ms=109
TASK3_CONTROL_SENT elapsed_ms=5089 request=37 value=908 target=800 state=346 seq=37 model=baseline
TASK2_ACK seq=37
TASK3_STATUS_RECEIVED elapsed_ms=5179 request=37 value=663 state=663 sample=37 rtt_ms=90
TASK3_CONTROL_SENT elapsed_ms=5179 request=38 value=274 target=800 state=663 seq=38 model=baseline
TASK2_HEARTBEAT_RECEIVED peer_uptime_ms=11250
TASK2_ACK seq=38
TASK3_STATUS_RECEIVED elapsed_ms=5435 request=38 value=610 state=610 sample=38 rtt_ms=256
TASK3_CONTROL_SENT elapsed_ms=5435 request=39 value=380 target=800 state=610 seq=39 model=baseline
TASK2_ACK seq=39
TASK3_STATUS_RECEIVED elapsed_ms=5523 request=39 value=621 state=621 sample=39 rtt_ms=88
TASK3_CONTROL_SENT elapsed_ms=5523 request=40 value=358 target=800 state=621 seq=40 model=baseline
TASK2_ACK seq=40
TASK3_STATUS_RECEIVED elapsed_ms=5611 request=40 value=618 state=618 sample=40 rtt_ms=88
TASK3_CONTROL_SENT elapsed_ms=5611 request=41 value=364 target=800 state=618 seq=41 model=baseline
TASK2_ACK seq=41
TASK3_STATUS_RECEIVED elapsed_ms=5703 request=41 value=620 state=620 sample=41 rtt_ms=92
TASK3_CONTROL_SENT elapsed_ms=5703 request=42 value=360 target=800 state=620 seq=42 model=baseline
TASK2_HEARTBEAT_RECEIVED peer_uptime_ms=11800
TASK2_ACK seq=42
TASK3_STATUS_RECEIVED elapsed_ms=5989 request=42 value=618 state=618 sample=42 rtt_ms=286
TASK3_CONTROL_SENT elapsed_ms=5989 request=43 value=364 target=800 state=618 seq=43 model=baseline
TASK2_ACK seq=43
TASK3_STATUS_RECEIVED elapsed_ms=6067 request=43 value=620 state=620 sample=43 rtt_ms=78
TASK3_CONTROL_SENT elapsed_ms=6067 request=44 value=360 target=800 state=620 seq=44 model=baseline
TASK2_ACK seq=44
TASK3_STATUS_RECEIVED elapsed_ms=6168 request=44 value=618 state=618 sample=44 rtt_ms=101
TASK3_CONTROL_SENT elapsed_ms=6168 request=45 value=364 target=800 state=618 seq=45 model=baseline
TASK2_ACK seq=45
TASK3_STATUS_RECEIVED elapsed_ms=6247 request=45 value=620 state=620 sample=45 rtt_ms=79
TASK3_CONTROL_SENT elapsed_ms=6247 request=46 value=360 target=800 state=620 seq=46 model=baseline
TASK2_HEARTBEAT_RECEIVED peer_uptime_ms=12370
TASK2_ACK seq=46
TASK3_STATUS_RECEIVED elapsed_ms=6559 request=46 value=618 state=618 sample=46 rtt_ms=312
TASK3_CONTROL_SENT elapsed_ms=6559 request=47 value=364 target=800 state=618 seq=47 model=baseline
TASK2_ACK seq=47
TASK3_STATUS_RECEIVED elapsed_ms=6647 request=47 value=620 state=620 sample=47 rtt_ms=88
TASK3_CONTROL_SENT elapsed_ms=6647 request=48 value=360 target=800 state=620 seq=48 model=baseline
TASK2_ACK seq=48
TASK3_STATUS_RECEIVED elapsed_ms=6737 request=48 value=618 state=618 sample=48 rtt_ms=90
TASK3_CONTROL_SENT elapsed_ms=6737 request=49 value=364 target=800 state=618 seq=49 model=baseline
TASK2_ACK seq=49
TASK3_STATUS_RECEIVED elapsed_ms=6826 request=49 value=620 state=620 sample=49 rtt_ms=89
TASK3_CONTROL_SENT elapsed_ms=6826 request=50 value=360 target=800 state=620 seq=50 model=baseline
TASK2_HEARTBEAT_RECEIVED peer_uptime_ms=12930
TASK2_ACK seq=50
TASK3_STATUS_RECEIVED elapsed_ms=7110 request=50 value=618 state=618 sample=50 rtt_ms=284
TASK3_CONTROL_SENT elapsed_ms=7110 request=51 value=364 target=800 state=618 seq=51 model=baseline
TASK2_ACK seq=51
TASK3_STATUS_RECEIVED elapsed_ms=7189 request=51 value=620 state=620 sample=51 rtt_ms=79
TASK3_CONTROL_SENT elapsed_ms=7189 request=52 value=360 target=800 state=620 seq=52 model=baseline
TASK2_ACK seq=52
TASK3_STATUS_RECEIVED elapsed_ms=7288 request=52 value=618 state=618 sample=52 rtt_ms=99
TASK3_CONTROL_SENT elapsed_ms=7288 request=53 value=364 target=800 state=618 seq=53 model=baseline
TASK2_ACK seq=53
TASK3_STATUS_RECEIVED elapsed_ms=7393 request=53 value=620 state=620 sample=53 rtt_ms=105
TASK3_CONTROL_SENT elapsed_ms=7393 request=54 value=360 target=800 state=620 seq=54 model=baseline
TASK2_HEARTBEAT_RECEIVED peer_uptime_ms=13490
TASK2_ACK seq=54
TASK3_STATUS_RECEIVED elapsed_ms=7663 request=54 value=618 state=618 sample=54 rtt_ms=270
TASK3_CONTROL_SENT elapsed_ms=7663 request=55 value=364 target=800 state=618 seq=55 model=baseline
TASK2_ACK seq=55
TASK3_STATUS_RECEIVED elapsed_ms=7751 request=55 value=620 state=620 sample=55 rtt_ms=88
TASK3_CONTROL_SENT elapsed_ms=7751 request=56 value=360 target=800 state=620 seq=56 model=baseline
TASK2_ACK seq=56
TASK3_STATUS_RECEIVED elapsed_ms=7840 request=56 value=618 state=618 sample=56 rtt_ms=89
TASK3_CONTROL_SENT elapsed_ms=7840 request=57 value=364 target=800 state=618 seq=57 model=baseline
TASK2_ACK seq=57
TASK3_STATUS_RECEIVED elapsed_ms=7927 request=57 value=620 state=620 sample=57 rtt_ms=87
TASK3_CONTROL_SENT elapsed_ms=7927 request=58 value=360 target=800 state=620 seq=58 model=baseline
TASK2_HEARTBEAT_RECEIVED peer_uptime_ms=14040
TASK2_ACK seq=58
TASK3_STATUS_RECEIVED elapsed_ms=8235 request=58 value=618 state=618 sample=58 rtt_ms=308
TASK3_CONTROL_SENT elapsed_ms=8235 request=59 value=364 target=800 state=618 seq=59 model=baseline
TASK2_ACK seq=59
TASK3_STATUS_RECEIVED elapsed_ms=8314 request=59 value=620 state=620 sample=59 rtt_ms=79
TASK3_CONTROL_SENT elapsed_ms=8314 request=60 value=360 target=800 state=620 seq=60 model=baseline
TASK2_ACK seq=60
TASK3_STATUS_RECEIVED elapsed_ms=8419 request=60 value=618 state=618 sample=60 rtt_ms=105
TASK3_CONTROL_SENT elapsed_ms=8419 request=61 value=364 target=800 state=618 seq=61 model=baseline
TASK2_ACK seq=61
TASK3_STATUS_RECEIVED elapsed_ms=8499 request=61 value=620 state=620 sample=61 rtt_ms=80
TASK3_CONTROL_SENT elapsed_ms=8499 request=62 value=360 target=800 state=620 seq=62 model=baseline
TASK2_HEARTBEAT_RECEIVED peer_uptime_ms=14620
TASK2_ACK seq=62
TASK3_STATUS_RECEIVED elapsed_ms=8813 request=62 value=618 state=618 sample=62 rtt_ms=314
TASK3_CONTROL_SENT elapsed_ms=8813 request=63 value=364 target=800 state=618 seq=63 model=baseline
TASK2_ACK seq=63
TASK3_STATUS_RECEIVED elapsed_ms=8891 request=63 value=620 state=620 sample=63 rtt_ms=78
TASK3_CONTROL_SENT elapsed_ms=8891 request=64 value=360 target=800 state=620 seq=64 model=baseline
TASK2_ACK seq=64
TASK3_STATUS_RECEIVED elapsed_ms=8989 request=64 value=618 state=618 sample=64 rtt_ms=98
TASK3_CONTROL_SENT elapsed_ms=8989 request=65 value=364 target=800 state=618 seq=65 model=baseline
TASK2_ACK seq=65
TASK3_STATUS_RECEIVED elapsed_ms=9071 request=65 value=620 state=620 sample=65 rtt_ms=82
TASK3_CONTROL_SENT elapsed_ms=9071 request=66 value=360 target=800 state=620 seq=66 model=baseline
TASK2_HEARTBEAT_RECEIVED peer_uptime_ms=15170
TASK2_ACK seq=66
TASK3_STATUS_RECEIVED elapsed_ms=9359 request=66 value=618 state=618 sample=66 rtt_ms=288
TASK3_CONTROL_SENT elapsed_ms=9359 request=67 value=364 target=800 state=618 seq=67 model=baseline
TASK2_ACK seq=67
TASK3_STATUS_RECEIVED elapsed_ms=9437 request=67 value=620 state=620 sample=67 rtt_ms=78
TASK3_CONTROL_SENT elapsed_ms=9437 request=68 value=360 target=800 state=620 seq=68 model=baseline
TASK2_ACK seq=68
TASK3_STATUS_RECEIVED elapsed_ms=9539 request=68 value=618 state=618 sample=68 rtt_ms=102
TASK3_CONTROL_SENT elapsed_ms=9539 request=69 value=364 target=800 state=618 seq=69 model=baseline
TASK2_ACK seq=69
TASK3_STATUS_RECEIVED elapsed_ms=9617 request=69 value=620 state=620 sample=69 rtt_ms=78
TASK3_CONTROL_SENT elapsed_ms=9617 request=70 value=360 target=800 state=620 seq=70 model=baseline
TASK2_HEARTBEAT_RECEIVED peer_uptime_ms=15730
TASK2_ACK seq=70
TASK3_STATUS_RECEIVED elapsed_ms=9932 request=70 value=618 state=618 sample=70 rtt_ms=315
TASK3_CONTROL_SENT elapsed_ms=9932 request=71 value=364 target=800 state=618 seq=71 model=baseline
TASK2_ACK seq=71
TASK3_STATUS_RECEIVED elapsed_ms=10019 request=71 value=620 state=620 sample=71 rtt_ms=87
TASK3_CONTROL_SENT elapsed_ms=10019 request=72 value=360 target=800 state=620 seq=72 model=baseline
TASK2_ACK seq=72
TASK3_STATUS_RECEIVED elapsed_ms=10110 request=72 value=618 state=618 sample=72 rtt_ms=91
TASK3_CONTROL_SENT elapsed_ms=10110 request=73 value=364 target=800 state=618 seq=73 model=baseline
TASK2_ACK seq=73
TASK3_STATUS_RECEIVED elapsed_ms=10187 request=73 value=620 state=620 sample=73 rtt_ms=77
TASK3_CONTROL_SENT elapsed_ms=10187 request=74 value=360 target=800 state=620 seq=74 model=baseline
TASK2_HEARTBEAT_RECEIVED peer_uptime_ms=16280
TASK2_ACK seq=74
TASK3_STATUS_RECEIVED elapsed_ms=10487 request=74 value=618 state=618 sample=74 rtt_ms=300
TASK3_CONTROL_SENT elapsed_ms=10487 request=75 value=364 target=800 state=618 seq=75 model=baseline
TASK2_ACK seq=75
TASK3_STATUS_RECEIVED elapsed_ms=10576 request=75 value=620 state=620 sample=75 rtt_ms=89
TASK3_CONTROL_SENT elapsed_ms=10576 request=76 value=360 target=800 state=620 seq=76 model=baseline
TASK2_ACK seq=76
TASK3_STATUS_RECEIVED elapsed_ms=10677 request=76 value=618 state=618 sample=76 rtt_ms=101
TASK3_CONTROL_SENT elapsed_ms=10677 request=77 value=364 target=800 state=618 seq=77 model=baseline
TASK2_ACK seq=77
TASK3_STATUS_RECEIVED elapsed_ms=10756 request=77 value=620 state=620 sample=77 rtt_ms=79
TASK3_CONTROL_SENT elapsed_ms=10756 request=78 value=360 target=800 state=620 seq=78 model=baseline
TASK2_HEARTBEAT_RECEIVED peer_uptime_ms=16840
TASK2_ACK seq=78
TASK3_STATUS_RECEIVED elapsed_ms=11057 request=78 value=618 state=618 sample=78 rtt_ms=301
TASK3_CONTROL_SENT elapsed_ms=11057 request=79 value=364 target=800 state=618 seq=79 model=baseline
TASK2_ACK seq=79
TASK3_STATUS_RECEIVED elapsed_ms=11149 request=79 value=620 state=620 sample=79 rtt_ms=92
TASK3_CONTROL_SENT elapsed_ms=11149 request=80 value=360 target=800 state=620 seq=80 model=baseline
TASK2_ACK seq=80
TASK3_STATUS_RECEIVED elapsed_ms=11241 request=80 value=468 state=468 sample=80 rtt_ms=92
TASK3_CONTROL_SENT elapsed_ms=11241 request=81 value=664 target=800 state=468 seq=81 model=baseline
TASK2_ACK seq=81
TASK3_STATUS_RECEIVED elapsed_ms=11522 request=81 value=495 state=495 sample=81 rtt_ms=281
TASK3_CONTROL_SENT elapsed_ms=11522 request=82 value=610 target=800 state=495 seq=82 model=baseline
TASK2_ACK seq=82
TASK3_STATUS_RECEIVED elapsed_ms=11610 request=82 value=491 state=491 sample=82 rtt_ms=88
TASK3_CONTROL_SENT elapsed_ms=11610 request=83 value=618 target=800 state=491 seq=83 model=baseline
TASK2_ACK seq=83
TASK3_STATUS_RECEIVED elapsed_ms=11713 request=83 value=492 state=492 sample=83 rtt_ms=103
TASK3_CONTROL_SENT elapsed_ms=11713 request=84 value=616 target=800 state=492 seq=84 model=baseline
TASK2_ACK seq=84
TASK3_STATUS_RECEIVED elapsed_ms=11791 request=84 value=491 state=491 sample=84 rtt_ms=78
TASK3_CONTROL_SENT elapsed_ms=11791 request=85 value=618 target=800 state=491 seq=85 model=baseline
TASK2_ACK seq=85
TASK3_STATUS_RECEIVED elapsed_ms=12076 request=85 value=492 state=492 sample=85 rtt_ms=285
TASK3_CONTROL_SENT elapsed_ms=12076 request=86 value=616 target=800 state=492 seq=86 model=baseline
TASK2_ACK seq=86
TASK3_STATUS_RECEIVED elapsed_ms=12157 request=86 value=491 state=491 sample=86 rtt_ms=81
TASK3_CONTROL_SENT elapsed_ms=12157 request=87 value=618 target=800 state=491 seq=87 model=baseline
TASK2_ACK seq=87
TASK3_STATUS_RECEIVED elapsed_ms=12263 request=87 value=492 state=492 sample=87 rtt_ms=106
TASK3_CONTROL_SENT elapsed_ms=12263 request=88 value=616 target=800 state=492 seq=88 model=baseline
TASK2_ACK seq=88
TASK3_STATUS_RECEIVED elapsed_ms=12342 request=88 value=491 state=491 sample=88 rtt_ms=79
TASK3_CONTROL_SENT elapsed_ms=12342 request=89 value=618 target=800 state=491 seq=89 model=baseline
TASK2_ACK seq=89
TASK3_STATUS_RECEIVED elapsed_ms=12631 request=89 value=492 state=492 sample=89 rtt_ms=289
TASK3_CONTROL_SENT elapsed_ms=12631 request=90 value=616 target=800 state=492 seq=90 model=baseline
TASK2_ACK seq=90
TASK3_STATUS_RECEIVED elapsed_ms=12708 request=90 value=491 state=491 sample=90 rtt_ms=77
TASK3_CONTROL_SENT elapsed_ms=12708 request=91 value=618 target=800 state=491 seq=91 model=baseline
TASK2_ACK seq=91
TASK3_STATUS_RECEIVED elapsed_ms=12810 request=91 value=492 state=492 sample=91 rtt_ms=102
TASK3_CONTROL_SENT elapsed_ms=12810 request=92 value=616 target=800 state=492 seq=92 model=baseline
TASK2_ACK seq=92
TASK3_STATUS_RECEIVED elapsed_ms=12886 request=92 value=491 state=491 sample=92 rtt_ms=76
TASK3_CONTROL_SENT elapsed_ms=12886 request=93 value=618 target=800 state=491 seq=93 model=baseline
TASK2_ACK seq=93
TASK3_STATUS_RECEIVED elapsed_ms=12989 request=93 value=492 state=492 sample=93 rtt_ms=103
TASK3_CONTROL_SENT elapsed_ms=12989 request=94 value=616 target=800 state=492 seq=94 model=baseline
TASK2_HEARTBEAT_RECEIVED peer_uptime_ms=19070
TASK2_ACK seq=94
TASK3_STATUS_RECEIVED elapsed_ms=13249 request=94 value=491 state=491 sample=94 rtt_ms=260
TASK3_CONTROL_SENT elapsed_ms=13249 request=95 value=618 target=800 state=491 seq=95 model=baseline
TASK2_ACK seq=95
TASK3_STATUS_RECEIVED elapsed_ms=13318 request=95 value=492 state=492 sample=95 rtt_ms=69
TASK3_CONTROL_SENT elapsed_ms=13318 request=96 value=616 target=800 state=492 seq=96 model=baseline
TASK2_ACK seq=96
TASK3_STATUS_RECEIVED elapsed_ms=13427 request=96 value=491 state=491 sample=96 rtt_ms=109
TASK3_CONTROL_SENT elapsed_ms=13427 request=97 value=618 target=800 state=491 seq=97 model=baseline
TASK2_ACK seq=97
TASK3_STATUS_RECEIVED elapsed_ms=13505 request=97 value=492 state=492 sample=97 rtt_ms=78
TASK3_CONTROL_SENT elapsed_ms=13505 request=98 value=616 target=800 state=492 seq=98 model=baseline
TASK2_HEARTBEAT_RECEIVED peer_uptime_ms=19630
TASK2_ACK seq=98
TASK3_STATUS_RECEIVED elapsed_ms=13827 request=98 value=491 state=491 sample=98 rtt_ms=322
TASK3_CONTROL_SENT elapsed_ms=13827 request=99 value=618 target=800 state=491 seq=99 model=baseline
TASK2_ACK seq=99
TASK3_STATUS_RECEIVED elapsed_ms=13903 request=99 value=492 state=492 sample=99 rtt_ms=76
TASK3_CONTROL_SENT elapsed_ms=13903 request=100 value=616 target=800 state=492 seq=100 model=baseline
TASK2_ACK seq=100
TASK3_STATUS_RECEIVED elapsed_ms=14007 request=100 value=491 state=491 sample=100 rtt_ms=104
TASK3_CONTROL_SENT elapsed_ms=14007 request=101 value=618 target=800 state=491 seq=101 model=baseline
TASK2_ACK seq=101
TASK3_STATUS_RECEIVED elapsed_ms=14092 request=101 value=492 state=492 sample=101 rtt_ms=85
TASK3_CONTROL_SENT elapsed_ms=14092 request=102 value=616 target=800 state=492 seq=102 model=baseline
TASK2_HEARTBEAT_RECEIVED peer_uptime_ms=20180
TASK2_ACK seq=102
TASK3_STATUS_RECEIVED elapsed_ms=14377 request=102 value=491 state=491 sample=102 rtt_ms=285
TASK3_CONTROL_SENT elapsed_ms=14377 request=103 value=618 target=800 state=491 seq=103 model=baseline
TASK2_ACK seq=103
TASK3_STATUS_RECEIVED elapsed_ms=14459 request=103 value=492 state=492 sample=103 rtt_ms=82
TASK3_CONTROL_SENT elapsed_ms=14459 request=104 value=616 target=800 state=492 seq=104 model=baseline
TASK2_ACK seq=104
TASK3_STATUS_RECEIVED elapsed_ms=14559 request=104 value=491 state=491 sample=104 rtt_ms=100
TASK3_CONTROL_SENT elapsed_ms=14559 request=105 value=618 target=800 state=491 seq=105 model=baseline
TASK2_ACK seq=105
TASK3_STATUS_RECEIVED elapsed_ms=14628 request=105 value=492 state=492 sample=105 rtt_ms=69
TASK3_CONTROL_SENT elapsed_ms=14628 request=106 value=616 target=800 state=492 seq=106 model=baseline
TASK2_HEARTBEAT_RECEIVED peer_uptime_ms=20740
TASK2_ACK seq=106
TASK3_STATUS_RECEIVED elapsed_ms=14940 request=106 value=491 state=491 sample=106 rtt_ms=312
TASK3_CONTROL_SENT elapsed_ms=14940 request=107 value=618 target=800 state=491 seq=107 model=baseline
TASK2_ACK seq=107
TASK3_STATUS_RECEIVED elapsed_ms=15020 request=107 value=492 state=492 sample=107 rtt_ms=80
TASK3_CONTROL_SENT elapsed_ms=15020 request=108 value=16 target=500 state=492 seq=108 model=baseline
TASK2_ACK seq=108
TASK3_STATUS_RECEIVED elapsed_ms=15117 request=108 value=282 state=282 sample=108 rtt_ms=97
TASK3_CONTROL_SENT elapsed_ms=15117 request=109 value=436 target=500 state=282 seq=109 model=baseline
TASK2_ACK seq=109
TASK3_STATUS_RECEIVED elapsed_ms=15199 request=109 value=311 state=311 sample=109 rtt_ms=82
TASK3_CONTROL_SENT elapsed_ms=15199 request=110 value=378 target=500 state=311 seq=110 model=baseline
TASK2_HEARTBEAT_RECEIVED peer_uptime_ms=21290
TASK2_ACK seq=110
TASK3_STATUS_RECEIVED elapsed_ms=15489 request=110 value=308 state=308 sample=110 rtt_ms=290
TASK3_CONTROL_SENT elapsed_ms=15489 request=111 value=384 target=500 state=308 seq=111 model=baseline
TASK2_ACK seq=111
TASK3_STATUS_RECEIVED elapsed_ms=15575 request=111 value=308 state=308 sample=111 rtt_ms=86
TASK3_CONTROL_SENT elapsed_ms=15575 request=112 value=384 target=500 state=308 seq=112 model=baseline
TASK2_ACK seq=112
TASK3_STATUS_RECEIVED elapsed_ms=15669 request=112 value=308 state=308 sample=112 rtt_ms=94
TASK3_CONTROL_SENT elapsed_ms=15669 request=113 value=384 target=500 state=308 seq=113 model=baseline
TASK2_ACK seq=113
TASK3_STATUS_RECEIVED elapsed_ms=15755 request=113 value=308 state=308 sample=113 rtt_ms=86
TASK3_CONTROL_SENT elapsed_ms=15755 request=114 value=384 target=500 state=308 seq=114 model=baseline
TASK2_HEARTBEAT_RECEIVED peer_uptime_ms=21840
TASK2_ACK seq=114
TASK3_STATUS_RECEIVED elapsed_ms=16029 request=114 value=308 state=308 sample=114 rtt_ms=274
TASK3_CONTROL_SENT elapsed_ms=16029 request=115 value=384 target=500 state=308 seq=115 model=baseline
TASK2_ACK seq=115
TASK3_STATUS_RECEIVED elapsed_ms=16119 request=115 value=308 state=308 sample=115 rtt_ms=90
TASK3_CONTROL_SENT elapsed_ms=16119 request=116 value=384 target=500 state=308 seq=116 model=baseline
TASK2_ACK seq=116
TASK3_STATUS_RECEIVED elapsed_ms=16210 request=116 value=308 state=308 sample=116 rtt_ms=91
TASK3_CONTROL_SENT elapsed_ms=16210 request=117 value=384 target=500 state=308 seq=117 model=baseline
TASK2_ACK seq=117
TASK3_STATUS_RECEIVED elapsed_ms=16299 request=117 value=308 state=308 sample=117 rtt_ms=89
TASK3_CONTROL_SENT elapsed_ms=16299 request=118 value=384 target=500 state=308 seq=118 model=baseline
TASK2_HEARTBEAT_RECEIVED peer_uptime_ms=22400
TASK2_ACK seq=118
TASK3_STATUS_RECEIVED elapsed_ms=16578 request=118 value=308 state=308 sample=118 rtt_ms=279
TASK3_CONTROL_SENT elapsed_ms=16578 request=119 value=384 target=500 state=308 seq=119 model=baseline
TASK2_ACK seq=119
TASK3_STATUS_RECEIVED elapsed_ms=16668 request=119 value=308 state=308 sample=119 rtt_ms=90
TASK3_CONTROL_SENT elapsed_ms=16668 request=120 value=384 target=500 state=308 seq=120 model=baseline
TASK2_ACK seq=120
TASK3_STATUS_RECEIVED elapsed_ms=16771 request=120 value=308 state=308 sample=120 rtt_ms=103
TASK3_CONTROL_SENT elapsed_ms=16771 request=121 value=384 target=500 state=308 seq=121 model=baseline
TASK2_ACK seq=121
TASK3_STATUS_RECEIVED elapsed_ms=16847 request=121 value=308 state=308 sample=121 rtt_ms=76
TASK3_CONTROL_SENT elapsed_ms=16847 request=122 value=384 target=500 state=308 seq=122 model=baseline
TASK2_HEARTBEAT_RECEIVED peer_uptime_ms=22960
TASK2_ACK seq=122
TASK3_STATUS_RECEIVED elapsed_ms=17153 request=122 value=308 state=308 sample=122 rtt_ms=306
TASK3_CONTROL_SENT elapsed_ms=17153 request=123 value=384 target=500 state=308 seq=123 model=baseline
TASK2_ACK seq=123
TASK3_STATUS_RECEIVED elapsed_ms=17239 request=123 value=308 state=308 sample=123 rtt_ms=86
TASK3_CONTROL_SENT elapsed_ms=17239 request=124 value=384 target=500 state=308 seq=124 model=baseline
TASK2_ACK seq=124
TASK3_STATUS_RECEIVED elapsed_ms=17335 request=124 value=308 state=308 sample=124 rtt_ms=96
TASK3_CONTROL_SENT elapsed_ms=17335 request=125 value=384 target=500 state=308 seq=125 model=baseline
TASK2_ACK seq=125
TASK3_STATUS_RECEIVED elapsed_ms=17419 request=125 value=308 state=308 sample=125 rtt_ms=84
TASK3_CONTROL_SENT elapsed_ms=17419 request=126 value=384 target=500 state=308 seq=126 model=baseline
TASK2_HEARTBEAT_RECEIVED peer_uptime_ms=23540
TASK2_ACK seq=126
TASK3_STATUS_RECEIVED elapsed_ms=17724 request=126 value=308 state=308 sample=126 rtt_ms=305
TASK3_CONTROL_SENT elapsed_ms=17724 request=127 value=384 target=500 state=308 seq=127 model=baseline
TASK2_ACK seq=127
TASK3_STATUS_RECEIVED elapsed_ms=17805 request=127 value=308 state=308 sample=127 rtt_ms=81
TASK3_CONTROL_SENT elapsed_ms=17805 request=128 value=384 target=500 state=308 seq=128 model=baseline
TASK2_ACK seq=128
TASK3_STATUS_RECEIVED elapsed_ms=17903 request=128 value=308 state=308 sample=128 rtt_ms=98
TASK3_CONTROL_SENT elapsed_ms=17903 request=129 value=384 target=500 state=308 seq=129 model=baseline
TASK2_ACK seq=129
TASK3_STATUS_RECEIVED elapsed_ms=17995 request=129 value=308 state=308 sample=129 rtt_ms=92
TASK3_CONTROL_SENT elapsed_ms=17995 request=130 value=384 target=500 state=308 seq=130 model=baseline
TASK2_HEARTBEAT_RECEIVED peer_uptime_ms=24110
TASK2_ACK seq=130
TASK3_STATUS_RECEIVED elapsed_ms=18282 request=130 value=308 state=308 sample=130 rtt_ms=287
TASK3_CONTROL_SENT elapsed_ms=18282 request=131 value=384 target=500 state=308 seq=131 model=baseline
TASK2_ACK seq=131
TASK3_STATUS_RECEIVED elapsed_ms=18373 request=131 value=308 state=308 sample=131 rtt_ms=91
TASK3_CONTROL_SENT elapsed_ms=18373 request=132 value=384 target=500 state=308 seq=132 model=baseline
TASK2_ACK seq=132
TASK3_STATUS_RECEIVED elapsed_ms=18473 request=132 value=308 state=308 sample=132 rtt_ms=100
TASK3_CONTROL_SENT elapsed_ms=18473 request=133 value=384 target=500 state=308 seq=133 model=baseline
TASK2_ACK seq=133
TASK3_STATUS_RECEIVED elapsed_ms=18553 request=133 value=308 state=308 sample=133 rtt_ms=80
TASK3_CONTROL_SENT elapsed_ms=18553 request=134 value=384 target=500 state=308 seq=134 model=baseline
TASK2_HEARTBEAT_RECEIVED peer_uptime_ms=24670
TASK2_ACK seq=134
TASK3_STATUS_RECEIVED elapsed_ms=18853 request=134 value=308 state=308 sample=134 rtt_ms=300
TASK3_CONTROL_SENT elapsed_ms=18853 request=135 value=384 target=500 state=308 seq=135 model=baseline
TASK2_ACK seq=135
TASK3_STATUS_RECEIVED elapsed_ms=18931 request=135 value=308 state=308 sample=135 rtt_ms=78
TASK3_CONTROL_SENT elapsed_ms=18931 request=136 value=384 target=500 state=308 seq=136 model=baseline
TASK2_ACK seq=136
TASK3_STATUS_RECEIVED elapsed_ms=19029 request=136 value=308 state=308 sample=136 rtt_ms=98
TASK3_CONTROL_SENT elapsed_ms=19029 request=137 value=384 target=500 state=308 seq=137 model=baseline
TASK2_ACK seq=137
TASK3_STATUS_RECEIVED elapsed_ms=19111 request=137 value=308 state=308 sample=137 rtt_ms=82
TASK3_CONTROL_SENT elapsed_ms=19111 request=138 value=384 target=500 state=308 seq=138 model=baseline
TASK2_HEARTBEAT_RECEIVED peer_uptime_ms=25240
TASK2_ACK seq=138
TASK3_STATUS_RECEIVED elapsed_ms=19431 request=138 value=308 state=308 sample=138 rtt_ms=320
TASK3_CONTROL_SENT elapsed_ms=19431 request=139 value=384 target=500 state=308 seq=139 model=baseline
TASK2_ACK seq=139
TASK3_STATUS_RECEIVED elapsed_ms=19511 request=139 value=308 state=308 sample=139 rtt_ms=80
TASK3_CONTROL_SENT elapsed_ms=19511 request=140 value=384 target=500 state=308 seq=140 model=baseline
TASK2_ACK seq=140
TASK3_STATUS_RECEIVED elapsed_ms=19607 request=140 value=308 state=308 sample=140 rtt_ms=96
TASK3_CONTROL_SENT elapsed_ms=19607 request=141 value=384 target=500 state=308 seq=141 model=baseline
TASK2_ACK seq=141
TASK3_STATUS_RECEIVED elapsed_ms=19691 request=141 value=308 state=308 sample=141 rtt_ms=84
TASK3_CONTROL_SENT elapsed_ms=19691 request=142 value=384 target=500 state=308 seq=142 model=baseline
TASK2_HEARTBEAT_RECEIVED peer_uptime_ms=25810
TASK2_ACK seq=142
TASK3_STATUS_RECEIVED elapsed_ms=19994 request=142 value=308 state=308 sample=142 rtt_ms=303
TASK3_CONTROL_SENT elapsed_ms=19994 request=143 value=384 target=500 state=308 seq=143 model=baseline
TASK2_ACK seq=143
TASK3_STATUS_RECEIVED elapsed_ms=20076 request=143 value=308 state=308 sample=143 rtt_ms=82
TASK3_CONTROL_SENT elapsed_ms=20076 request=144 value=384 target=500 state=308 seq=144 model=baseline
TASK2_ACK seq=144
TASK3_STATUS_RECEIVED elapsed_ms=20174 request=144 value=308 state=308 sample=144 rtt_ms=98
TASK3_CONTROL_SENT elapsed_ms=20174 request=145 value=384 target=500 state=308 seq=145 model=baseline
TASK2_ACK seq=145
TASK3_STATUS_RECEIVED elapsed_ms=20255 request=145 value=308 state=308 sample=145 rtt_ms=81
TASK3_CONTROL_SENT elapsed_ms=20255 request=146 value=384 target=500 state=308 seq=146 model=baseline
TASK2_HEARTBEAT_RECEIVED peer_uptime_ms=26360
TASK2_ACK seq=146
TASK3_STATUS_RECEIVED elapsed_ms=20553 request=146 value=308 state=308 sample=146 rtt_ms=298
TASK3_CONTROL_SENT elapsed_ms=20553 request=147 value=384 target=500 state=308 seq=147 model=baseline
TASK2_ACK seq=147
TASK3_STATUS_RECEIVED elapsed_ms=20639 request=147 value=308 state=308 sample=147 rtt_ms=86
TASK3_CONTROL_SENT elapsed_ms=20639 request=148 value=384 target=500 state=308 seq=148 model=baseline
TASK2_ACK seq=148
TASK3_STATUS_RECEIVED elapsed_ms=20745 request=148 value=308 state=308 sample=148 rtt_ms=106
TASK3_CONTROL_SENT elapsed_ms=20745 request=149 value=384 target=500 state=308 seq=149 model=baseline
TASK2_ACK seq=149
TASK3_STATUS_RECEIVED elapsed_ms=20829 request=149 value=308 state=308 sample=149 rtt_ms=84
TASK3_CONTROL_SENT elapsed_ms=20829 request=150 value=384 target=500 state=308 seq=150 model=baseline
TASK2_HEARTBEAT_RECEIVED peer_uptime_ms=26940
TASK2_ACK seq=150
TASK3_STATUS_RECEIVED elapsed_ms=21119 request=150 value=308 state=308 sample=150 rtt_ms=290
TASK3_CONTROL_SENT elapsed_ms=21119 request=151 value=384 target=500 state=308 seq=151 model=baseline
TASK2_ACK seq=151
TASK3_STATUS_RECEIVED elapsed_ms=21188 request=151 value=308 state=308 sample=151 rtt_ms=69
TASK3_CONTROL_SENT elapsed_ms=21188 request=152 value=384 target=500 state=308 seq=152 model=baseline
TASK2_ACK seq=152
TASK3_STATUS_RECEIVED elapsed_ms=21299 request=152 value=308 state=308 sample=152 rtt_ms=111
TASK3_CONTROL_SENT elapsed_ms=21299 request=153 value=384 target=500 state=308 seq=153 model=baseline
TASK2_ACK seq=153
TASK3_STATUS_RECEIVED elapsed_ms=21379 request=153 value=308 state=308 sample=153 rtt_ms=80
TASK3_CONTROL_SENT elapsed_ms=21379 request=154 value=384 target=500 state=308 seq=154 model=baseline
TASK2_HEARTBEAT_RECEIVED peer_uptime_ms=27510
TASK2_ACK seq=154
TASK3_STATUS_RECEIVED elapsed_ms=21705 request=154 value=308 state=308 sample=154 rtt_ms=326
TASK3_CONTROL_SENT elapsed_ms=21705 request=155 value=384 target=500 state=308 seq=155 model=baseline
TASK2_ACK seq=155
TASK3_STATUS_RECEIVED elapsed_ms=21790 request=155 value=308 state=308 sample=155 rtt_ms=85
TASK3_CONTROL_SENT elapsed_ms=21790 request=156 value=384 target=500 state=308 seq=156 model=baseline
TASK2_ACK seq=156
TASK3_STATUS_RECEIVED elapsed_ms=21885 request=156 value=308 state=308 sample=156 rtt_ms=95
TASK3_CONTROL_SENT elapsed_ms=21885 request=157 value=384 target=500 state=308 seq=157 model=baseline
TASK2_ACK seq=157
TASK3_STATUS_RECEIVED elapsed_ms=21972 request=157 value=308 state=308 sample=157 rtt_ms=87
TASK3_CONTROL_SENT elapsed_ms=21972 request=158 value=384 target=500 state=308 seq=158 model=baseline
TASK2_HEARTBEAT_RECEIVED peer_uptime_ms=28060
TASK2_ACK seq=158
TASK3_STATUS_RECEIVED elapsed_ms=22247 request=158 value=308 state=308 sample=158 rtt_ms=275
TASK3_CONTROL_SENT elapsed_ms=22247 request=159 value=384 target=500 state=308 seq=159 model=baseline
TASK2_ACK seq=159
TASK3_STATUS_RECEIVED elapsed_ms=22319 request=159 value=308 state=308 sample=159 rtt_ms=72
TASK3_CONTROL_SENT elapsed_ms=22319 request=160 value=384 target=500 state=308 seq=160 model=baseline
TASK2_ACK seq=160
TASK3_STATUS_RECEIVED elapsed_ms=22427 request=160 value=308 state=308 sample=160 rtt_ms=108
TASK3_CONTROL_SENT elapsed_ms=22427 request=161 value=384 target=500 state=308 seq=161 model=baseline
TASK2_ACK seq=161
TASK3_STATUS_RECEIVED elapsed_ms=22510 request=161 value=308 state=308 sample=161 rtt_ms=83
TASK3_CONTROL_SENT elapsed_ms=22510 request=162 value=384 target=500 state=308 seq=162 model=baseline
TASK2_HEARTBEAT_RECEIVED peer_uptime_ms=28630
TASK2_ACK seq=162
TASK3_STATUS_RECEIVED elapsed_ms=22828 request=162 value=308 state=308 sample=162 rtt_ms=318
TASK3_CONTROL_SENT elapsed_ms=22828 request=163 value=384 target=500 state=308 seq=163 model=baseline
TASK2_ACK seq=163
TASK3_STATUS_RECEIVED elapsed_ms=22909 request=163 value=308 state=308 sample=163 rtt_ms=81
TASK3_CONTROL_SENT elapsed_ms=22909 request=164 value=384 target=500 state=308 seq=164 model=baseline
TASK2_ACK seq=164
TASK3_STATUS_RECEIVED elapsed_ms=23010 request=164 value=308 state=308 sample=164 rtt_ms=101
TASK3_CONTROL_SENT elapsed_ms=23010 request=165 value=384 target=500 state=308 seq=165 model=baseline
TASK2_ACK seq=165
TASK3_STATUS_RECEIVED elapsed_ms=23089 request=165 value=308 state=308 sample=165 rtt_ms=79
TASK3_CONTROL_SENT elapsed_ms=23089 request=166 value=384 target=500 state=308 seq=166 model=baseline
TASK2_HEARTBEAT_RECEIVED peer_uptime_ms=29180
TASK2_ACK seq=166
TASK3_STATUS_RECEIVED elapsed_ms=23380 request=166 value=308 state=308 sample=166 rtt_ms=291
TASK3_CONTROL_SENT elapsed_ms=23380 request=167 value=384 target=500 state=308 seq=167 model=baseline
TASK2_ACK seq=167
TASK3_STATUS_RECEIVED elapsed_ms=23458 request=167 value=308 state=308 sample=167 rtt_ms=78
TASK3_CONTROL_SENT elapsed_ms=23458 request=168 value=384 target=500 state=308 seq=168 model=baseline
TASK2_ACK seq=168
TASK3_STATUS_RECEIVED elapsed_ms=23557 request=168 value=308 state=308 sample=168 rtt_ms=99
TASK3_CONTROL_SENT elapsed_ms=23557 request=169 value=384 target=500 state=308 seq=169 model=baseline
TASK2_ACK seq=169
TASK3_STATUS_RECEIVED elapsed_ms=23642 request=169 value=308 state=308 sample=169 rtt_ms=85
TASK3_CONTROL_SENT elapsed_ms=23642 request=170 value=384 target=500 state=308 seq=170 model=baseline
TASK2_HEARTBEAT_RECEIVED peer_uptime_ms=29760
TASK2_ACK seq=170
TASK3_STATUS_RECEIVED elapsed_ms=23944 request=170 value=308 state=308 sample=170 rtt_ms=302
TASK3_CONTROL_SENT elapsed_ms=23944 request=171 value=384 target=500 state=308 seq=171 model=baseline
TASK2_ACK seq=171
TASK3_STATUS_RECEIVED elapsed_ms=24024 request=171 value=308 state=308 sample=171 rtt_ms=80
TASK3_CONTROL_SENT elapsed_ms=24024 request=172 value=384 target=500 state=308 seq=172 model=baseline
TASK2_ACK seq=172
TASK3_STATUS_RECEIVED elapsed_ms=24124 request=172 value=308 state=308 sample=172 rtt_ms=100
TASK3_CONTROL_SENT elapsed_ms=24124 request=173 value=384 target=500 state=308 seq=173 model=baseline
TASK2_ACK seq=173
TASK3_STATUS_RECEIVED elapsed_ms=24207 request=173 value=308 state=308 sample=173 rtt_ms=83
TASK3_CONTROL_SENT elapsed_ms=24207 request=174 value=384 target=500 state=308 seq=174 model=baseline
TASK2_HEARTBEAT_RECEIVED peer_uptime_ms=30330
TASK2_ACK seq=174
TASK3_STATUS_RECEIVED elapsed_ms=24523 request=174 value=308 state=308 sample=174 rtt_ms=316
TASK3_CONTROL_SENT elapsed_ms=24523 request=175 value=384 target=500 state=308 seq=175 model=baseline
TASK2_ACK seq=175
TASK3_STATUS_RECEIVED elapsed_ms=24603 request=175 value=308 state=308 sample=175 rtt_ms=80
TASK3_CONTROL_SENT elapsed_ms=24603 request=176 value=384 target=500 state=308 seq=176 model=baseline
TASK2_ACK seq=176
TASK3_STATUS_RECEIVED elapsed_ms=24705 request=176 value=308 state=308 sample=176 rtt_ms=102
TASK3_CONTROL_SENT elapsed_ms=24705 request=177 value=384 target=500 state=308 seq=177 model=baseline
TASK2_ACK seq=177
TASK3_STATUS_RECEIVED elapsed_ms=24785 request=177 value=308 state=308 sample=177 rtt_ms=80
TASK3_CONTROL_SENT elapsed_ms=24785 request=178 value=384 target=500 state=308 seq=178 model=baseline
TASK2_HEARTBEAT_RECEIVED peer_uptime_ms=30880
TASK2_ACK seq=178
TASK3_STATUS_RECEIVED elapsed_ms=25078 request=178 value=308 state=308 sample=178 rtt_ms=293
TASK3_CONTROL_SENT elapsed_ms=25078 request=179 value=384 target=500 state=308 seq=179 model=baseline
TASK2_ACK seq=179
TASK3_STATUS_RECEIVED elapsed_ms=25161 request=179 value=308 state=308 sample=179 rtt_ms=83
TASK3_CONTROL_SENT elapsed_ms=25161 request=180 value=384 target=500 state=308 seq=180 model=baseline
TASK2_ACK seq=180
TASK3_STATUS_RECEIVED elapsed_ms=25257 request=180 value=308 state=308 sample=180 rtt_ms=96
TASK3_CONTROL_SENT elapsed_ms=25257 request=181 value=384 target=500 state=308 seq=181 model=baseline
TASK2_ACK seq=181
TASK3_STATUS_RECEIVED elapsed_ms=25342 request=181 value=308 state=308 sample=181 rtt_ms=85
TASK3_CONTROL_SENT elapsed_ms=25342 request=182 value=384 target=500 state=308 seq=182 model=baseline
TASK2_HEARTBEAT_RECEIVED peer_uptime_ms=31430
TASK2_ACK seq=182
TASK3_STATUS_RECEIVED elapsed_ms=25612 request=182 value=308 state=308 sample=182 rtt_ms=270
TASK3_CONTROL_SENT elapsed_ms=25612 request=183 value=384 target=500 state=308 seq=183 model=baseline
TASK2_ACK seq=183
TASK3_STATUS_RECEIVED elapsed_ms=25703 request=183 value=308 state=308 sample=183 rtt_ms=91
TASK3_CONTROL_SENT elapsed_ms=25703 request=184 value=384 target=500 state=308 seq=184 model=baseline
TASK2_ACK seq=184
TASK3_STATUS_RECEIVED elapsed_ms=25794 request=184 value=308 state=308 sample=184 rtt_ms=91
TASK3_CONTROL_SENT elapsed_ms=25794 request=185 value=384 target=500 state=308 seq=185 model=baseline
TASK2_ACK seq=185
TASK3_STATUS_RECEIVED elapsed_ms=25879 request=185 value=308 state=308 sample=185 rtt_ms=85
TASK3_CONTROL_SENT elapsed_ms=25879 request=186 value=384 target=500 state=308 seq=186 model=baseline
TASK2_HEARTBEAT_RECEIVED peer_uptime_ms=32000
TASK2_ACK seq=186
TASK3_STATUS_RECEIVED elapsed_ms=26179 request=186 value=308 state=308 sample=186 rtt_ms=300
TASK3_CONTROL_SENT elapsed_ms=26179 request=187 value=384 target=500 state=308 seq=187 model=baseline
TASK2_ACK seq=187
TASK3_STATUS_RECEIVED elapsed_ms=26259 request=187 value=308 state=308 sample=187 rtt_ms=80
TASK3_CONTROL_SENT elapsed_ms=26259 request=188 value=384 target=500 state=308 seq=188 model=baseline
TASK2_ACK seq=188

[Axvisor] detached VM[1] console
[2Kaxvisor:/$ [2Kaxvisor:/$ v[2Kaxvisor:/$ vi[2Kaxvisor:/$ vir[2Kaxvisor:/$ virt[2Kaxvisor:/$ virtn[2Kaxvisor:/$ virtne[2Kaxvisor:/$ virtnet[2Kaxvisor:/$ virtnet [2Kaxvisor:/$ virtnet c[2Kaxvisor:/$ virtnet ca[2Kaxvisor:/$ virtnet cap[2Kaxvisor:/$ virtnet capt[2Kaxvisor:/$ virtnet captu[2Kaxvisor:/$ virtnet captur[2Kaxvisor:/$ virtnet capture[2Kaxvisor:/$ virtnet capture [2Kaxvisor:/$ virtnet capture d[2Kaxvisor:/$ virtnet capture du[2Kaxvisor:/$ virtnet capture dum[2Kaxvisor:/$ virtnet capture dump
CAPDUMP_BEGIN
CAPTURE 1 9527693328 33330000001652540012340186dd600000000024000100000000000000000000000000000000ff0200000000000000000000000000163a000502000001008f003b770000000104000000ff0200000000000000000001ff123401
CAPTURE 1 9529445904 52540012340152540012340208004500004400000000401112990a002a020a002a0f109210920030720754324e3101020001545254320000000200000000000c00007ada3bc501000000000000b700000002
CAPTURE 1 9556956064 52540012340252540012340108004500004099474000401139550a002a0f0a002a0210921092002cba4c54324e3101050000545254320000000000000000000800003913335500000000000003b7
CAPTURE 1 9564669104 52540012340152540012340208004500004400000000401112990a002a020a002a0f109210920030720754324e3101020001545254320000000200000000000c00007ada3bc501000000000000b700000002
CAPTURE 1 9570331392 525400123401525400123402080045000040000000004011129d0a002a020a002a0f10921092002ca0b354324e310105000054525432000000000000000000080000b7c9b7040000000000001aea
CAPTURE 1 9572212368 525400123402525400123401080045000038994940004011395b0a002a0f0a002a021092109200243cb454324e3101040000545254320000000000000002000000004077ad57
CAPTURE 1 9591234288 525400123402525400123401080045000044994d40004011394b0a002a0f0a002a02109210920030972d54324e3101010001545254320000000300000000000c0000e306ae3e01000000000000ea00000003
CAPTURE 1 9608948192 52540012340152540012340208004500003800000000401112a50a002a020a002a0f1092109200241a6154324e310104000054525432000000000000000300000000570cb914
CAPTURE 1 9610508896 52540012340152540012340208004500004400000000401112990a002a020a002a0f1092109200308dd254324e3101020001545254320000000300000000000c0000d296c83d01000000000000b500000003
CAPTURE 1 9648264256 525400123402525400123401080045000038995740004011394d0a002a0f0a002a021092109200243cb454324e3101040000545254320000000000000002000000004077ad57
CAPTURE 1 9677445680 33330000001652540012340186dd6000000000240001fe80000000000000505400fffe123401ff0200000000000000000000000000163a000502000001008f00b98e0000000104000000ff0200000000000000000001ff123401
CAPTURE 1 9678259616 33330000000252540012340186dd6000000000103afffe80000000000000505400fffe123401ff0200000000000000000000000000028500725f000000000101525400123401
CAPTURE 1 9704303376 52540012340252540012340108004500003899604000401139440a002a0f0a002a021092109200241a6154324e310104000054525432000000000000000300000000570cb914
CAPTURE 1 9722771808 52540012340252540012340108004500004499614000401139370a002a0f0a002a021092109200307fc554324e3101010001545254320000000400000000000c000046b261f501000000000000ee00000004
CAPTURE 1 9728210480 52540012340152540012340208004500003800000000401112a50a002a020a002a0f109210920024223654324e310104000054525432000000000000000400000000336dd4dd
CAPTURE 1 9740773680 52540012340152540012340208004500004400000000401112990a002a020a002a0f10921092003087ba54324e3101020001545254320000000400000000000c0000c502dbe601000000000000b600000004
CAPTURE 1 9783685664 525400123402525400123401080045000038996640004011393e0a002a0f0a002a02109210920024223654324e310104000054525432000000000000000400000000336dd4dd
CAPTURE 1 9824899648 525400123402525400123401080045000044996c40004011392c0a002a0f0a002a02109210920030a76054324e3101010001545254320000000500000000000c0000eefe920d01000000000000ec00000005
CAPTURE 1 9841749808 52540012340152540012340208004500003800000000401112a50a002a020a002a0f10921092002445cb54324e3101040000545254320000000000000005000000002416c09e
CAPTURE 1 9843545056 52540012340152540012340208004500004400000000401112990a002a020a002a0f109210920030959554324e3101020001545254320000000500000000000c0000178e7b7e01000000000000b600000005
CAPTURE 1 9882215200 525400123402525400123401080045000038996f4000401139350a002a0f0a002a0210921092002445cb54324e3101040000545254320000000000000005000000002416c09e
CAPTURE 1 9901218784 52540012340252540012340108004500004499744000401139240a002a0f0a002a02109210920030706c54324e3101010001545254320000000600000000000c0000421a75e401000000000000ec00000006
CAPTURE 1 9918275072 52540012340152540012340208004500003800000000401112a50a002a020a002a0f109210920024108854324e3101040000545254320000000000000006000000001d9bfc5b
CAPTURE 1 9919743024 52540012340152540012340208004500004400000000401112990a002a020a002a0f109210920030d09d54324e3101020001545254320000000600000000000c0000bb6a9c9701000000000000b600000006
CAPTURE 1 9957179344 33330000001652540012340186dd6000000000240001fe80000000000000505400fffe123401ff0200000000000000000000000000163a000502000001008f00b98e0000000104000000ff0200000000000000000001ff123401
CAPTURE 1 9958579760 525400123402525400123401080045000038997740004011392d0a002a0f0a002a02109210920024108854324e3101040000545254320000000000000006000000001d9bfc5b
CAPTURE 1 10002115888 52540012340252540012340108004500004499814000401139170a002a0f0a002a02109210920030c25554324e3101010001545254320000000700000000000c00009096d57c01000000000000ec00000007
CAPTURE 1 10021713408 52540012340152540012340208004500003800000000401112a50a002a020a002a0f109210920024378554324e3101040000545254320000000000000007000000000ae0e818
CAPTURE 1 10023514848 52540012340152540012340208004500004400000000401112990a002a020a002a0f10921092003082a854324e3101020001545254320000000700000000000c000069e63c0f01000000000000b600000007
CAPTURE 1 10064629712 525400123402525400123401080045000038998640004011391e0a002a0f0a002a02109210920024378554324e3101040000545254320000000000000007000000000ae0e818
CAPTURE 1 10080342752 52540012340252540012340108004500004499874000401139110a002a0f0a002a021092109200309e0154324e3101010001545254320000000800000000000c0000e272a7f201000000000000ec00000008
CAPTURE 1 10084078016 52540012340152540012340208004500003800000000401112a50a002a020a002a0f1092109200242d5a54324e310104000054525432000000000000000800000000d55927c9
CAPTURE 1 10084943600 52540012340152540012340208004500004400000000401112990a002a020a002a0f109210920030bf1854324e3101020001545254320000000800000000000c00001b024e8101000000000000b600000008
CAPTURE 1 10141679456 525400123402525400123401080045000038998c4000401139180a002a0f0a002a021092109200242d5a54324e310104000054525432000000000000000800000000d55927c9
CAPTURE 1 10185184288 52540012340252540012340108004500004499934000401139050a002a0f0a002a02109210920030effc54324e3101010001545254320000000900000000000c000030fe076a01000000000000ec00000009
CAPTURE 1 10203819552 52540012340152540012340208004500003800000000401112a50a002a020a002a0f10921092002434cf54324e310104000054525432000000000000000900000000c222338a
CAPTURE 1 10204594992 52540012340152540012340208004500004400000000401112990a002a020a002a0f10921092003070f154324e3101020001545254320000000900000000000c0000c98eee1901000000000000b600000009
CAPTURE 1 10249648656 525400123402525400123401080045000038999e4000401139060a002a0f0a002a0210921092002434cf54324e310104000054525432000000000000000900000000c222338a
CAPTURE 1 10269326464 52540012340252540012340108004500004499a14000401138f70a002a0f0a002a02109210920030abc454324e3101010001545254320000000a00000000000c00009c1ae08301000000000000ec0000000a
CAPTURE 1 10286443456 52540012340152540012340208004500003800000000401112a50a002a020a002a0f1092109200241f7c54324e310104000054525432000000000000000a00000000fbaf0f4f
CAPTURE 1 10288336848 52540012340152540012340208004500004400000000401112990a002a020a002a0f109210920030b93d54324e3101020001545254320000000a00000000000c0000656a09f001000000000000b60000000a
CAPTURE 1 10330718656 52540012340252540012340108004500003899a44000401139000a002a0f0a002a021092109200241f7c54324e310104000054525432000000000000000a00000000fbaf0f4f
CAPTURE 1 10370996000 52540012340252540012340108004500004499ac4000401138ec0a002a0f0a002a0210921092003099af54324e3101010001545254320000000b00000000000c00004e96401b01000000000000ec0000000b
CAPTURE 1 10388339616 52540012340152540012340208004500003800000000401112a50a002a020a002a0f109210920024229954324e310104000054525432000000000000000b00000000ecd41b0c
CAPTURE 1 10389115760 52540012340152540012340208004500004400000000401112990a002a020a002a0f109210920030c74654324e3101020001545254320000000b00000000000c0000b7e6a96801000000000000b60000000b
CAPTURE 1 10429753376 52540012340252540012340108004500003899ba4000401138ea0a002a0f0a002a02109210920024229954324e310104000054525432000000000000000b00000000ecd41b0c
CAPTURE 1 10451031728 52540012340252540012340108004500004499bd4000401138db0a002a0f0a002a02109210920030e0ac54324e3101010001545254320000000c00000000000c00001ea2291001000000000000ec0000000c
CAPTURE 1 10468229760 52540012340152540012340208004500003800000000401112a50a002a020a002a0f1092109200242afe54324e310104000054525432000000000000000c0000000088b576c5
CAPTURE 1 10469030672 52540012340152540012340208004500004400000000401112990a002a020a002a0f109210920030805d54324e3101020001545254320000000c00000000000c0000e7d2c06301000000000000b60000000c
CAPTURE 1 10509684272 52540012340252540012340108004500003899c94000401138db0a002a0f0a002a021092109200242afe54324e310104000054525432000000000000000c0000000088b576c5
CAPTURE 1 10549989440 52540012340252540012340108004500004499cd4000401138cb0a002a0f0a002a02109210920030d2a554324e3101010001545254320000000d00000000000c0000cc2e898801000000000000ec0000000d
CAPTURE 1 10569805600 52540012340152540012340208004500003800000000401112a50a002a020a002a0f109210920024282354324e310104000054525432000000000000000d000000009fce6286
CAPTURE 1 10571354320 52540012340152540012340208004500004400000000401112990a002a020a002a0f109210920030923854324e3101020001545254320000000d00000000000c0000355e60fb01000000000000b60000000d
CAPTURE 1 10629527792 52540012340252540012340108004500003899d24000401138d20a002a0f0a002a02109210920024282354324e310104000054525432000000000000000d000000009fce6286
CAPTURE 1 10649696640 52540012340252540012340108004500004499d34000401138c50a002a0f0a002a02109210920030592f54324e3101010001545254320000000e00000000000c000060ca6e6101000000000000ec0000000e
CAPTURE 1 10667432608 52540012340152540012340208004500003800000000401112a50a002a020a002a0f10921092002425f054324e310104000054525432000000000000000e00000000a6435e43
CAPTURE 1 10674298416 52540012340152540012340208004500004400000000401112990a002a020a002a0f109210920030bb4c54324e3101020001545254320000000e00000000000c000050621c4b010000000000014c0000000e
CAPTURE 1 10714902336 52540012340252540012340108004500003899dc4000401138c80a002a0f0a002a0210921092002425f054324e310104000054525432000000000000000e00000000a6435e43
CAPTURE 1 10750396976 52540012340252540012340108004500004499e44000401138b40a002a0f0a002a02109210920030e5ba54324e3101010001545254320000000f00000000000c00005f62e42701000000000000000000000f
CAPTURE 1 10767810992 52540012340152540012340208004500003800000000401112a50a002a020a002a0f1092109200242f3d54324e310104000054525432000000000000000f00000000b1384a00
CAPTURE 1 10768537856 52540012340152540012340208004500004400000000401112990a002a020a002a0f109210920030358354324e3101020001545254320000000f00000000000c00005d3e953001000000000001520000000f
CAPTURE 1 10809169952 52540012340252540012340108004500003899e94000401138bb0a002a0f0a002a021092109200242f3d54324e310104000054525432000000000000000f00000000b1384a00
CAPTURE 1 10834618768 52540012340252540012340108004500004499ee4000401138aa0a002a0f0a002a021092109200301f7954324e3101010001545254320000001000000000000c00006826a1a3010000000000000000000010
CAPTURE 1 10851560000 52540012340152540012340208004500003800000000401112a50a002a020a002a0f109210920024a09254324e310104000054525432000000000000001000000000c241c7a0
CAPTURE 1 10852584864 52540012340152540012340208004500004400000000401112990a002a020a002a0f109210920030117d54324e3101020001545254320000001000000000000c00009ffa7674010000000000015600000010
CAPTURE 1 10892973280 52540012340252540012340108004500003899f74000401138ad0a002a0f0a002a02109210920024a09254324e310104000054525432000000000000001000000000c241c7a0
CAPTURE 1 10929893712 52540012340252540012340108004500004499fe40004011389a0a002a0f0a002a021092109200306d5b54324e3101010001545254320000001100000000000c0000baaa013b010000000000000000000011
CAPTURE 1 11126863040 52540012340152540012340208004500003800000000401112a50a002a020a002a0f109210920024815554324e310104000054525432000000000000001100000000d53ad3e3
CAPTURE 1 11127471936 52540012340152540012340208004500004400000000401112990a002a020a002a0f109210920030cd1354324e3101020001545254320000001100000000000c0000f246688d010000000000015800000011
CAPTURE 1 11146727296 5254001234025254001234010800450000409a094000401138930a002a0f0a002a0210921092002cfc0154324e31010500005452543200000000000000000008000024ddff890000000000000a03
CAPTURE 1 11163773008 5254001234025254001234010800450000389a0a40004011389a0a002a0f0a002a02109210920024815554324e310104000054525432000000000000001100000000d53ad3e3
CAPTURE 1 11186621328 5254001234025254001234010800450000449a104000401138880a002a0f0a002a021092109200302c1e54324e3101010001545254320000001200000000000c0000164ee6d2010000000000000000000012
CAPTURE 1 11203535888 52540012340152540012340208004500003800000000401112a50a002a020a002a0f1092109200244e9454324e310104000054525432000000000000001200000000ecb7ef26
CAPTURE 1 11204533456 52540012340152540012340208004500004400000000401112990a002a020a002a0f1092109200301d4e54324e3101020001545254320000001200000000000c000063c2a6d4010000000000015900000012
CAPTURE 1 11255711472 5254001234025254001234010800450000389a134000401138910a002a0f0a002a021092109200244e9454324e310104000054525432000000000000001200000000ecb7ef26
CAPTURE 1 11280622976 5254001234025254001234010800450000449a174000401138810a002a0f0a002a021092109200301e3054324e3101010001545254320000001300000000000c0000c4c2464a010000000000000000000013
CAPTURE 1 11297141696 52540012340152540012340208004500003800000000401112a50a002a020a002a0f109210920024333f54324e310104000054525432000000000000001300000000fbccfb65
CAPTURE 1 11298233568 52540012340152540012340208004500004400000000401112990a002a020a002a0f109210920030b45654324e3101020001545254320000001300000000000c0000f6ee7c9c010000000000015a00000013
CAPTURE 1 11327473328 5254001234025254001234010800450000389a1c4000401138880a002a0f0a002a02109210920024333f54324e310104000054525432000000000000001300000000fbccfb65
CAPTURE 1 11375639120 5254001234025254001234010800450000449a234000401138750a002a0f0a002a02109210920030650354324e3101010001545254320000001400000000000c000094f62f41010000000000000000000014
CAPTURE 1 11388500672 52540012340152540012340208004500003800000000401112a50a002a020a002a0f109210920024f41654324e3101040000545254320000000000000014000000009fad96ac
CAPTURE 1 11394314496 52540012340152540012340208004500004400000000401112990a002a020a002a0f1092109200306b6e54324e3101020001545254320000001400000000000c0000a6da1597010000000000015a00000014
CAPTURE 1 11434501072 5254001234025254001234010800450000389a304000401138740a002a0f0a002a02109210920024f41654324e3101040000545254320000000000000014000000009fad96ac
CAPTURE 1 11454416576 5254001234025254001234010800450000449a334000401138650a002a0f0a002a0210921092003052e554324e3101010001545254320000001500000000000c0000467a8fd9010000000000000000000015
CAPTURE 1 11468304832 52540012340152540012340208004500003800000000401112a50a002a020a002a0f1092109200241eaa54324e31010400005452543200000000000000150000000088d682ef
CAPTURE 1 11680193968 52540012340152540012340208004500004400000000401112990a002a020a002a0f109210920030fe7754324e3101020001545254320000001500000000000c00007456b50f010000000000015a00000015
CAPTURE 1 11712298752 5254001234025254001234010800450000409a544000401138480a002a0f0a002a0210921092002c2da954324e3101050000545254320000000000000000000800003035c0630000000000000c2a
CAPTURE 1 11720547008 525400123401525400123402080045000040000000004011129d0a002a020a002a0f10921092002c0bb354324e310105000054525432000000000000000000080000722c8932000000000000235a
CAPTURE 1 11724810736 5254001234025254001234010800450000389a5640004011384e0a002a0f0a002a021092109200241eaa54324e31010400005452543200000000000000150000000088d682ef
CAPTURE 1 11744021360 5254001234025254001234010800450000449a5a40004011383e0a002a0f0a002a02109210920030d66754324e3101010001545254320000001600000000000c0000ea9e6830010000000000000000000016
CAPTURE 1 11748663248 52540012340152540012340208004500003800000000401112a50a002a020a002a0f109210920024bae854324e310104000054525432000000000000001600000000b15bbe2a
CAPTURE 1 11758367040 52540012340152540012340208004500004400000000401112990a002a020a002a0f109210920030fc4254324e3101020001545254320000001600000000000c0000d8b252e6010000000000015a00000016
CAPTURE 1 11821339056 5254001234025254001234010800450000389a5b4000401138490a002a0f0a002a02109210920024bae854324e310104000054525432000000000000001600000000b15bbe2a
CAPTURE 1 11842458320 5254001234025254001234010800450000449a5d40004011383b0a002a0f0a002a02109210920030287a54324e3101010001545254320000001700000000000c00003812c8a8010000000000000000000017
CAPTURE 1 11861185520 52540012340152540012340208004500003800000000401112a50a002a020a002a0f109210920024d9e354324e310104000054525432000000000000001700000000a620aa69
CAPTURE 1 11863262032 52540012340152540012340208004500004400000000401112990a002a020a002a0f1092109200302b1d54324e3101020001545254320000001700000000000c00000a3ef27e010000000000015a00000017
CAPTURE 1 11904283184 5254001234025254001234010800450000389a6a40004011383a0a002a0f0a002a02109210920024d9e354324e310104000054525432000000000000001700000000a620aa69
CAPTURE 1 11941479872 5254001234025254001234010800450000449a714000401138270a002a0f0a002a02109210920030241654324e3101010001545254320000001800000000000c00004af6ba26010000000000000000000018
CAPTURE 1 11959310576 52540012340152540012340208004500003800000000401112a50a002a020a002a0f1092109200244b1b54324e310104000054525432000000000000001800000000799965b8
CAPTURE 1 11959913248 52540012340152540012340208004500004400000000401112990a002a020a002a0f1092109200302e0d54324e3101020001545254320000001800000000000c000078da80f0010000000000015a00000018
CAPTURE 1 12003661328 5254001234025254001234010800450000389a7640004011382e0a002a0f0a002a021092109200244b1b54324e310104000054525432000000000000001800000000799965b8
CAPTURE 1 12023430096 5254001234025254001234010800450000449a7b40004011381d0a002a0f0a002a0210921092003075f854324e3101010001545254320000001900000000000c0000987a1abe010000000000000000000019
CAPTURE 1 12246115568 52540012340152540012340208004500003800000000401112a50a002a020a002a0f109210920024498e54324e3101040000545254320000000000000019000000006ee271fb
CAPTURE 1 12248160288 52540012340152540012340208004500004400000000401112990a002a020a002a0f1092109200305d1754324e3101020001545254320000001900000000000c0000aa562068010000000000015a00000019
CAPTURE 1 12275968608 5254001234025254001234010800450000409aa64000401137f60a002a0f0a002a0210921092002cba7054324e310105000054525432000000000000000000080000eabb76d20000000000000e6d
CAPTURE 1 12287104752 5254001234025254001234010800450000389aa84000401137fc0a002a0f0a002a02109210920024498e54324e3101040000545254320000000000000019000000006ee271fb
CAPTURE 1 12306329424 5254001234025254001234010800450000449aad4000401137eb0a002a0f0a002a02109210920030f73854324e3101010001545254320000001a00000000000c0000349efd5701000000000000000000001a
CAPTURE 1 12323899568 52540012340152540012340208004500003800000000401112a50a002a020a002a0f10921092002485bd54324e310104000054525432000000000000001a00000000576f4d3e
CAPTURE 1 12324583456 52540012340152540012340208004500004400000000401112990a002a020a002a0f10921092003059a054324e3101020001545254320000001a00000000000c000006b2c781010000000000015a0000001a
CAPTURE 1 12364223872 5254001234025254001234010800450000389ab94000401137eb0a002a0f0a002a0210921092002485bd54324e310104000054525432000000000000001a00000000576f4d3e
CAPTURE 1 12407543552 5254001234025254001234010800450000449ac14000401137d70a002a0f0a002a02109210920030e54a54324e3101010001545254320000001b00000000000c0000e6125dcf01000000000000000000001b
CAPTURE 1 12424455376 52540012340152540012340208004500003800000000401112a50a002a020a002a0f10921092002490d854324e310104000054525432000000000000001b000000004014597d
CAPTURE 1 12425236064 52540012340152540012340208004500004400000000401112990a002a020a002a0f109210920030ec7954324e3101020001545254320000001b00000000000c0000d43e6719010000000000015a0000001b
CAPTURE 1 12469358688 5254001234025254001234010800450000389ac54000401137df0a002a0f0a002a0210921092002490d854324e310104000054525432000000000000001b000000004014597d
CAPTURE 1 12489561760 5254001234025254001234010800450000449aca4000401137ce0a002a0f0a002a021092109200303e4054324e3101010001545254320000001c00000000000c0000b62634c401000000000000000000001c
CAPTURE 1 12507025184 52540012340152540012340208004500003800000000401112a50a002a020a002a0f109210920024d13f54324e310104000054525432000000000000001c00000000247534b4
CAPTURE 1 12507613296 52540012340152540012340208004500004400000000401112990a002a020a002a0f10921092003095b354324e3101020001545254320000001c00000000000c0000840a0e12010000000000015a0000001c
CAPTURE 1 12548235920 5254001234025254001234010800450000389ad74000401137cd0a002a0f0a002a02109210920024d13f54324e310104000054525432000000000000001c00000000247534b4
CAPTURE 1 12590041488 5254001234025254001234010800450000449ad94000401137bf0a002a0f0a002a02109210920030302254324e3101010001545254320000001d00000000000c000064aa945c01000000000000000000001d
CAPTURE 1 12612673168 52540012340152540012340208004500003800000000401112a50a002a020a002a0f109210920024d66254324e310104000054525432000000000000001d00000000330e20f7
CAPTURE 1 12613472064 52540012340152540012340208004500004400000000401112990a002a020a002a0f10921092003022bd54324e3101020001545254320000001d00000000000c00005686ae8a010000000000015a0000001d
CAPTURE 1 12653034768 5254001234025254001234010800450000389add4000401137c70a002a0f0a002a02109210920024d66254324e310104000054525432000000000000001d00000000330e20f7
CAPTURE 1 12819105648 5254001234025254001234010800450000449afb40004011379d0a002a0f0a002a02109210920030ed2254324e3101010001545254320000001e00000000000c0000c84e73b501000000000000000000001e
CAPTURE 1 12830929232 525400123401525400123402080045000040000000004011129d0a002a020a002a0f10921092002c64cc54324e310105000054525432000000000000000000080000569f475000000000000027b0
CAPTURE 1 12839512704 52540012340152540012340208004500003800000000401112a50a002a020a002a0f10921092002403b254324e310104000054525432000000000000001e000000000a831c32
CAPTURE 1 12840538688 52540012340152540012340208004500004400000000401112990a002a020a002a0f109210920030e40554324e3101020001545254320000001e00000000000c0000fa624963010000000000015a0000001e
CAPTURE 1 12875680960 5254001234025254001234010800450000409b054000401137970a002a0f0a002a0210921092002cc88f54324e3101050000545254320000000000000000000800005627faf500000000000010bf
CAPTURE 1 12901153712 5254001234025254001234010800450000389b0840004011379c0a002a0f0a002a0210921092002403b254324e310104000054525432000000000000001e000000000a831c32
CAPTURE 1 12920949856 5254001234025254001234010800450000449b0b40004011378d0a002a0f0a002a021092109200303b3554324e3101010001545254320000001f00000000000c00001ac2d32d01000000000000000000001f
CAPTURE 1 12939023968 52540012340152540012340208004500003800000000401112a50a002a020a002a0f10921092002403fd54324e310104000054525432000000000000001f000000001df80871
CAPTURE 1 12939661888 52540012340152540012340208004500004400000000401112990a002a020a002a0f10921092003014e054324e3101020001545254320000001f00000000000c000028eee9fb010000000000015a0000001f
CAPTURE 1 12979859968 5254001234025254001234010800450000389b0d4000401137970a002a0f0a002a0210921092002403fd54324e310104000054525432000000000000001f000000001df80871
CAPTURE 1 13018571232 5254001234025254001234010800450000449b104000401137880a002a0f0a002a02109210920030899e54324e3101010001545254320000002000000000000c0000a6c6f8bd010000000000000000000020
CAPTURE 1 13036244208 52540012340152540012340208004500003800000000401112a50a002a020a002a0f109210920024368254324e310104000054525432000000000000002000000000ec700772
CAPTURE 1 13036917328 52540012340152540012340208004500004400000000401112990a002a020a002a0f109210920030d07154324e3101020001545254320000002000000000000c000094eac26b010000000000015a00000020
CAPTURE 1 13075921280 5254001234025254001234010800450000389b1740004011378d0a002a0f0a002a02109210920024368254324e310104000054525432000000000000002000000000ec700772
CAPTURE 1 13096625888 5254001234025254001234010800450000449b1a40004011377e0a002a0f0a002a021092109200305cb154324e3101010001545254320000002100000000000c0000744a5825010000000000000000000021
CAPTURE 1 13109053280 52540012340152540012340208004500003800000000401112a50a002a020a002a0f1092109200241c2754324e310104000054525432000000000000002100000000fb0b1331
CAPTURE 1 13114282592 52540012340152540012340208004500004400000000401112990a002a020a002a0f1092109200307e6c54324e3101020001545254320000002100000000000c0000466662f3010000000000015a00000021
CAPTURE 1 13154810896 5254001234025254001234010800450000389b214000401137830a002a0f0a002a021092109200241c2754324e310104000054525432000000000000002100000000fb0b1331
CAPTURE 1 13373754016 525400123401525400123402080045000040000000004011129d0a002a020a002a0f10921092002c172754324e31010500005452543200000000000000000008000091af57c900000000000029cc
CAPTURE 1 13399033120 5254001234025254001234010800450000449b244000401137740a002a0f0a002a0210921092003090a354324e3101010001545254320000002200000000000c0000d8aebfcc010000000000000000000022
CAPTURE 1 13418283392 52540012340152540012340208004500003800000000401112a50a002a020a002a0f10921092002437e854324e310104000054525432000000000000002200000000c2862ff4
CAPTURE 1 13418896224 52540012340152540012340208004500004400000000401112990a002a020a002a0f109210920030b82654324e3101020001545254320000002200000000000c0000ea82851a010000000000015a00000022
CAPTURE 1 13453841200 5254001234025254001234010800450000409b2e40004011376e0a002a0f0a002a0210921092002c4b2154324e3101050000545254320000000000000000000800006b11614300000000000012f6
CAPTURE 1 13480806656 5254001234025254001234010800450000389b2f4000401137750a002a0f0a002a0210921092002437e854324e310104000054525432000000000000002200000000c2862ff4
CAPTURE 1 13500882736 5254001234025254001234010800450000449b324000401137660a002a0f0a002a02109210920030ffa654324e3101010001545254320000002300000000000c00000a221f54010000000000000000000023
CAPTURE 1 13518878880 52540012340152540012340208004500003800000000401112a50a002a020a002a0f10921092002418ad54324e310104000054525432000000000000002300000000d5fd3bb7
CAPTURE 1 13519492624 52540012340152540012340208004500004400000000401112990a002a020a002a0f109210920030ca3154324e3101020001545254320000002300000000000c0000380e2582010000000000015a00000023
CAPTURE 1 13559654016 5254001234025254001234010800450000389b3e4000401137660a002a0f0a002a0210921092002418ad54324e310104000054525432000000000000002300000000d5fd3bb7
CAPTURE 1 13598226336 5254001234025254001234010800450000449b444000401137540a002a0f0a002a0210921092003058a554324e3101010001545254320000002400000000000c00005a16765f010000000000000000000024
CAPTURE 1 13615631152 52540012340152540012340208004500003800000000401112a50a002a020a002a0f109210920024224654324e310104000054525432000000000000002400000000b19c567e
CAPTURE 1 13616565456 52540012340152540012340208004500004400000000401112990a002a020a002a0f10921092003072fc54324e3101020001545254320000002400000000000c0000683a4c89010000000000015a00000024
CAPTURE 1 13668879648 5254001234025254001234010800450000389b4c4000401137580a002a0f0a002a02109210920024224654324e310104000054525432000000000000002400000000b19c567e
CAPTURE 1 13688243920 5254001234025254001234010800450000449b4d40004011374b0a002a0f0a002a02109210920030b17954324e3101010001545254320000002500000000000c00007a18f9fa010000000000038c00000025
CAPTURE 1 13692719584 52540012340152540012340208004500003800000000401112a50a002a020a002a0f109210920024413b54324e310104000054525432000000000000002500000000a6e7423d
CAPTURE 1 13706456736 52540012340152540012340208004500004400000000401112990a002a020a002a0f109210920030460454324e3101020001545254320000002500000000000c00002da7b2d5010000000000029700000025
CAPTURE 1 13707603472 33330000000252540012340186dd6000000000103afffe80000000000000505400fffe123401ff0200000000000000000000000000028500725f000000000101525400123401
CAPTURE 1 13758608912 5254001234025254001234010800450000389b5c4000401137480a002a0f0a002a02109210920024413b54324e310104000054525432000000000000002500000000a6e7423d
CAPTURE 1 13925308048 525400123401525400123402080045000040000000004011129d0a002a020a002a0f10921092002c72a154324e31010500005452543200000000000000000008000062f828e00000000000002bf2
CAPTURE 1 13930834640 5254001234025254001234010800450000449b644000401137340a002a0f0a002a021092109200300c9954324e3101010001545254320000002600000000000c0000f5022669010000000000011200000026
CAPTURE 1 13953380592 52540012340152540012340208004500003800000000401112a50a002a020a002a0f1092109200240bfc54324e3101040000545254320000000000000026000000009f6a7ef8
CAPTURE 1 13955355760 52540012340152540012340208004500004400000000401112990a002a020a002a0f1092109200309b0b54324e3101020001545254320000002600000000000c000001978a11010000000000026200000026
CAPTURE 1 13989118144 5254001234025254001234010800450000409b6d40004011372f0a002a0f0a002a0210921092002cc03c54324e3101050000545254320000000000000000000800008337d1e50000000000001512
CAPTURE 1 14014830528 5254001234025254001234010800450000389b6e4000401137360a002a0f0a002a021092109200240bfc54324e3101040000545254320000000000000026000000009f6a7ef8
CAPTURE 1 14031602192 5254001234025254001234010800450000449b724000401137260a002a0f0a002a02109210920030d62f54324e3101010001545254320000002700000000000c0000018c4fdd010000000000017c00000027
CAPTURE 1 14051659936 52540012340152540012340208004500003800000000401112a50a002a020a002a0f109210920024379154324e31010400005452543200000000000000270000000088116abb
CAPTURE 1 14052482960 52540012340152540012340208004500004400000000401112990a002a020a002a0f109210920030180354324e3101020001545254320000002700000000000c0000514bbd58010000000000026d00000027
CAPTURE 1 14102828768 5254001234025254001234010800450000389b7640004011372e0a002a0f0a002a02109210920024379154324e31010400005452543200000000000000270000000088116abb
CAPTURE 1 14131549680 5254001234025254001234010800450000449b7b40004011371d0a002a0f0a002a021092109200301c0454324e3101010001545254320000002800000000000c00005938b270010000000000016600000028
CAPTURE 1 14148816608 52540012340152540012340208004500003800000000401112a50a002a020a002a0f1092109200242d4a54324e31010400005452543200000000000000280000000057a8a56a
CAPTURE 1 14149734320 52540012340152540012340208004500004400000000401112990a002a020a002a0f109210920030815254324e3101020001545254320000002800000000000c0000918f13c6010000000000026a00000028
CAPTURE 1 14190954064 5254001234025254001234010800450000389b8640004011371e0a002a0f0a002a021092109200242d4a54324e31010400005452543200000000000000280000000057a8a56a
CAPTURE 1 14223291488 5254001234025254001234010800450000449b884000401137100a002a0f0a002a021092109200305c5754324e3101010001545254320000002900000000000c0000c1040a49010000000000016c00000029
CAPTURE 1 14240612912 52540012340152540012340208004500003800000000401112a50a002a020a002a0f109210920024385f54324e31010400005452543200000000000000290000000040d3b129
CAPTURE 1 14242004160 52540012340152540012340208004500004400000000401112990a002a020a002a0f109210920030136254324e3101020001545254320000002900000000000c0000cc4346fe010000000000026c00000029
CAPTURE 1 14282933472 5254001234025254001234010800450000389b904000401137140a002a0f0a002a02109210920024385f54324e31010400005452543200000000000000290000000040d3b129
CAPTURE 1 14477420960 525400123401525400123402080045000040000000004011129d0a002a020a002a0f10921092002cc53f54324e3101050000545254320000000000000000000800005f50d7c30000000000002e18
CAPTURE 1 14481546672 5254001234025254001234010800450000449ba34000401136f50a002a0f0a002a0210921092003043e654324e3101010001545254320000002a00000000000c000098604b6001000000000001680000002a
CAPTURE 1 14502692240 52540012340152540012340208004500003800000000401112a50a002a020a002a0f109210920024231054324e310104000054525432000000000000002a00000000795e8dec
CAPTURE 1 14504596096 52540012340152540012340208004500004400000000401112990a002a020a002a0f109210920030e20454324e3101020001545254320000002a00000000000c0000efe754b7010000000000026a0000002a
CAPTURE 1 14543135136 5254001234025254001234010800450000409ba74000401136f50a002a0f0a002a0210921092002c93b554324e310105000054525432000000000000000000080000ad6dd2050000000000001743
CAPTURE 1 14568909744 5254001234025254001234010800450000389bae4000401136f60a002a0f0a002a02109210920024231054324e310104000054525432000000000000002a00000000795e8dec
CAPTURE 1 14588857440 5254001234025254001234010800450000449bb34000401136e50a002a0f0a002a021092109200301afc54324e3101010001545254320000002b00000000000c0000bf6c4d38010000000000016c0000002b
CAPTURE 1 14605826304 52540012340152540012340208004500003800000000401112a50a002a020a002a0f109210920024228554324e310104000054525432000000000000002b000000006e2599af
CAPTURE 1 14607925536 52540012340152540012340208004500004400000000401112990a002a020a002a0f10921092003072e554324e3101020001545254320000002b00000000000c0000b22b018f010000000000026c0000002b
CAPTURE 1 14646946320 5254001234025254001234010800450000389bb44000401136f00a002a0f0a002a02109210920024228554324e310104000054525432000000000000002b000000006e2599af
CAPTURE 1 14689117872 5254001234025254001234010800450000449bbc4000401136dc0a002a0f0a002a0210921092003089d754324e3101010001545254320000002c00000000000c00001ad882f301000000000001680000002c
CAPTURE 1 14706473744 52540012340152540012340208004500003800000000401112a50a002a020a002a0f1092109200242bae54324e310104000054525432000000000000002c000000000a44f466
CAPTURE 1 14708604176 52540012340152540012340208004500004400000000401112990a002a020a002a0f1092109200301c1c54324e3101020001545254320000002c00000000000c00006d5f9d24010000000000026a0000002c
CAPTURE 1 14748059584 5254001234025254001234010800450000389bbf4000401136e50a002a0f0a002a021092109200242bae54324e310104000054525432000000000000002c000000000a44f466
CAPTURE 1 14767432896 5254001234025254001234010800450000449bc04000401136d80a002a0f0a002a02109210920030651d54324e3101010001545254320000002d00000000000c00003dd484ab010000000000016c0000002d
CAPTURE 1 14773034112 52540012340152540012340208004500003800000000401112a50a002a020a002a0f1092109200242cf354324e310104000054525432000000000000002d000000001d3fe025
CAPTURE 1 14785967136 52540012340152540012340208004500004400000000401112990a002a020a002a0f1092109200302dec54324e3101020001545254320000002d00000000000c00003093c81c010000000000026c0000002d
CAPTURE 1 14826659776 5254001234025254001234010800450000389bc74000401136dd0a002a0f0a002a021092109200242cf354324e310104000054525432000000000000002d000000001d3fe025
CAPTURE 1 15042644480 525400123401525400123402080045000040000000004011129d0a002a020a002a0f10921092002c9c6f54324e3101050000545254320000000000000000000800001d1840920000000000003052
CAPTURE 1 15061183824 5254001234025254001234010800450000449bd24000401136c60a002a0f0a002a02109210920030fd6b54324e3101010001545254320000002e00000000000c000064b0c58201000000000001680000002e
CAPTURE 1 15079547696 52540012340152540012340208004500003800000000401112a50a002a020a002a0f10921092002428c454324e310104000054525432000000000000002e0000000024b2dce0
CAPTURE 1 15080142032 52540012340152540012340208004500004400000000401112990a002a020a002a0f109210920030390f54324e3101020001545254320000002e00000000000c00001337da55010000000000026a0000002e
CAPTURE 1 15113481936 5254001234025254001234010800450000409bd64000401136c60a002a0f0a002a0210921092002caf1754324e3101050000545254320000000000000000000800006230ffb10000000000001972
CAPTURE 1 15138685040 5254001234025254001234010800450000389bdb4000401136c90a002a0f0a002a0210921092002428c454324e310104000054525432000000000000002e0000000024b2dce0
CAPTURE 1 15154818256 5254001234025254001234010800450000449bdd4000401136bb0a002a0f0a002a02109210920030200254324e3101010001545254320000002f00000000000c000043bcc3da010000000000016c0000002f
CAPTURE 1 15160817184 52540012340152540012340208004500003800000000401112a50a002a020a002a0f1092109200242de954324e310104000054525432000000000000002f0000000033c9c8a3
CAPTURE 1 15168259136 52540012340152540012340208004500004400000000401112990a002a020a002a0f109210920030482f54324e3101020001545254320000002f00000000000c00004efb8f6d010000000000026c0000002f
CAPTURE 1 15226534816 5254001234025254001234010800450000389bdf4000401136c50a002a0f0a002a021092109200242de954324e310104000054525432000000000000002f0000000033c9c8a3
CAPTURE 1 15258652384 5254001234025254001234010800450000449be74000401136b10a002a0f0a002a02109210920030858454324e3101010001545254320000003000000000000c00008178209e010000000000016800000030
CAPTURE 1 15276657248 52540012340152540012340208004500003800000000401112a50a002a020a002a0f109210920024a4a154324e31010400005452543200000000000000300000000040b04503
CAPTURE 1 15277324048 52540012340152540012340208004500004400000000401112990a002a020a002a0f109210920030f04e54324e3101020001545254320000003000000000000c0000f6ff3f49010000000000026a00000030
CAPTURE 1 15316866432 5254001234025254001234010800450000389bf64000401136ae0a002a0f0a002a02109210920024a4a154324e31010400005452543200000000000000300000000040b04503
CAPTURE 1 15346689968 5254001234025254001234010800450000449bfd40004011369b0a002a0f0a002a021092109200305a5a54324e3101010001545254320000003100000000000c0000a67426c6010000000000016c00000031
CAPTURE 1 15364682768 52540012340152540012340208004500003800000000401112a50a002a020a002a0f109210920024814854324e31010400005452543200000000000000310000000057cb5140
CAPTURE 1 15365498928 52540012340152540012340208004500004400000000401112990a002a020a002a0f10921092003010ef54324e3101020001545254320000003100000000000c0000ab336a71010000000000026c00000031
CAPTURE 1 15405344384 5254001234025254001234010800450000389c0840004011369c0a002a0f0a002a02109210920024814854324e31010400005452543200000000000000310000000057cb5140
CAPTURE 1 15601982896 525400123401525400123402080045000040000000004011129d0a002a020a002a0f10921092002c5d2754324e310105000054525432000000000000000000080000a9fdf0c40000000000003282
CAPTURE 1 15610536544 5254001234025254001234010800450000449c2940004011366f0a002a0f0a002a02109210920030c09654324e3101010001545254320000003200000000000c0000ff1067ef010000000000016800000032
CAPTURE 1 15629111520 52540012340152540012340208004500003800000000401112a50a002a020a002a0f1092109200244e8754324e3101040000545254320000000000000032000000006e466d85
CAPTURE 1 15630966304 52540012340152540012340208004500004400000000401112990a002a020a002a0f10921092003025c454324e3101020001545254320000003200000000000c000088977838010000000000026a00000032
CAPTURE 1 15663885264 5254001234025254001234010800450000409c2d40004011366f0a002a0f0a002a0210921092002c67a554324e31010500005452543200000000000000000008000010d996550000000000001b98
CAPTURE 1 15689794096 5254001234025254001234010800450000389c314000401136730a002a0f0a002a021092109200244e8754324e3101040000545254320000000000000032000000006e466d85
CAPTURE 1 15706023424 5254001234025254001234010800450000449c334000401136650a002a0f0a002a02109210920030edbc54324e3101010001545254320000003300000000000c0000d81c61b7010000000000016c00000033
CAPTURE 1 15711568304 52540012340152540012340208004500003800000000401112a50a002a020a002a0f109210920024374e54324e310104000054525432000000000000003300000000793d79c6
CAPTURE 1 15728373712 52540012340152540012340208004500004400000000401112990a002a020a002a0f109210920030243454324e3101020001545254320000003300000000000c0000d55b2d00010000000000026c00000033
CAPTURE 1 15768179712 5254001234025254001234010800450000389c3540004011366f0a002a0f0a002a02109210920024374e54324e310104000054525432000000000000003300000000793d79c6
CAPTURE 1 15809249664 5254001234025254001234010800450000449c3b40004011365d0a002a0f0a002a02109210920030fb6d54324e3101010001545254320000003400000000000c00007da8ae7c010000000000016800000034
CAPTURE 1 15827038272 52540012340152540012340208004500003800000000401112a50a002a020a002a0f109210920024f8e554324e3101040000545254320000000000000034000000001d5c140f
CAPTURE 1 15827627728 52540012340152540012340208004500004400000000401112990a002a020a002a0f1092109200306ab554324e3101020001545254320000003400000000000c00000a2fb1ab010000000000026a00000034
CAPTURE 1 15867675536 5254001234025254001234010800450000389c3d4000401136670a002a0f0a002a02109210920024f8e554324e3101040000545254320000000000000034000000001d5c140f
CAPTURE 1 15897000448 5254001234025254001234010800450000449c404000401136580a002a0f0a002a0210921092003024c454324e3101010001545254320000003500000000000c00005aa4a824010000000000016c00000035
CAPTURE 1 15920117328 52540012340152540012340208004500003800000000401112a50a002a020a002a0f1092109200241fdd54324e3101040000545254320000000000000035000000000a27004c
CAPTURE 1 15920915904 52540012340152540012340208004500004400000000401112990a002a020a002a0f109210920030ea1454324e3101020001545254320000003500000000000c000057e3e493010000000000026c00000035
CAPTURE 1 15972897744 5254001234025254001234010800450000389c4540004011365f0a002a0f0a002a021092109200241fdd54324e3101040000545254320000000000000035000000000a27004c
CAPTURE 1 16161634928 525400123401525400123402080045000040000000004011129d0a002a020a002a0f10921092002cb44c54324e310105000054525432000000000000000000080000d97e67ee00000000000034b2
CAPTURE 1 16164189152 5254001234025254001234010800450000449c644000401136340a002a0f0a002a021092109200303ac154324e3101010001545254320000003600000000000c000003c0e90d010000000000016800000036
CAPTURE 1 16168722304 52540012340152540012340208004500003800000000401112a50a002a020a002a0f109210920024ba1b54324e31010400005452543200000000000000360000000033aa3c89
CAPTURE 1 16182127664 52540012340152540012340208004500004400000000401112990a002a020a002a0f109210920030bb6954324e3101020001545254320000003600000000000c00007447f6da010000000000026a00000036
CAPTURE 1 16217485984 5254001234025254001234010800450000409c6e40004011362e0a002a0f0a002a0210921092002c1a7454324e3101050000545254320000000000000000000800005d8294a80000000000001dcd
CAPTURE 1 16242546928 5254001234025254001234010800450000389c734000401136310a002a0f0a002a02109210920024ba1b54324e31010400005452543200000000000000360000000033aa3c89
CAPTURE 1 16261878368 5254001234025254001234010800450000449c784000401136200a002a0f0a002a02109210920030136754324e3101010001545254320000003700000000000c000024ccef55010000000000016c00000037
CAPTURE 1 16278372640 52540012340152540012340208004500003800000000401112a50a002a020a002a0f109210920024dcb254324e31010400005452543200000000000000370000000024d128ca
CAPTURE 1 16280166768 52540012340152540012340208004500004400000000401112990a002a020a002a0f109210920030591a54324e3101020001545254320000003700000000000c0000298ba3e2010000000000026c00000037
CAPTURE 1 16331082416 5254001234025254001234010800450000389c7b4000401136290a002a0f0a002a02109210920024dcb254324e31010400005452543200000000000000370000000024d128ca
CAPTURE 1 16360247152 5254001234025254001234010800450000449c824000401136160a002a0f0a002a0210921092003048c754324e3101010001545254320000003800000000000c0000a3a83b1b010000000000016800000038
CAPTURE 1 16377885680 52540012340152540012340208004500003800000000401112a50a002a020a002a0f10921092002447c854324e310104000054525432000000000000003800000000fb68e71b
CAPTURE 1 16379746016 52540012340152540012340208004500004400000000401112990a002a020a002a0f1092109200302d8c54324e3101020001545254320000003800000000000c0000d42f24cc010000000000026a00000038
CAPTURE 1 16419509296 5254001234025254001234010800450000389c844000401136200a002a0f0a002a0210921092002447c854324e310104000054525432000000000000003800000000fb68e71b
CAPTURE 1 16447296512 5254001234025254001234010800450000449c8a40004011360e0a002a0f0a002a02109210920030659d54324e3101010001545254320000003900000000000c000084a43d43010000000000016c00000039
CAPTURE 1 16464628464 52540012340152540012340208004500003800000000401112a50a002a020a002a0f1092109200244adf54324e310104000054525432000000000000003900000000ec13f358
CAPTURE 1 16465514240 52540012340152540012340208004500004400000000401112990a002a020a002a0f1092109200302aac54324e3101020001545254320000003900000000000c000089e371f4010000000000026c00000039
CAPTURE 1 16506772144 5254001234025254001234010800450000389c924000401136120a002a0f0a002a021092109200244adf54324e310104000054525432000000000000003900000000ec13f358
CAPTURE 1 16713894560 525400123401525400123402080045000040000000004011129d0a002a020a002a0f10921092002c203a54324e310105000054525432000000000000000000080000462f8d2a00000000000036d8
CAPTURE 1 16724263152 5254001234025254001234010800450000449cbd4000401135db0a002a0f0a002a02109210920030cd5b54324e3101010001545254320000003a00000000000c0000ddc07c6a01000000000001680000003a
CAPTURE 1 16728302928 52540012340152540012340208004500003800000000401112a50a002a020a002a0f109210920024850e54324e310104000054525432000000000000003a00000000d59ecf9d
CAPTURE 1 16729090752 52540012340152540012340208004500004400000000401112990a002a020a002a0f109210920030187f54324e3101020001545254320000003a00000000000c0000aa4763bd010000000000026a0000003a
CAPTURE 1 16788238912 5254001234025254001234010800450000409cc74000401135d50a002a0f0a002a0210921092002c43d554324e310105000054525432000000000000000000080000dc64ea290000000000002008
CAPTURE 1 16814900816 5254001234025254001234010800450000389cca4000401135da0a002a0f0a002a02109210920024850e54324e310104000054525432000000000000003a00000000d59ecf9d
CAPTURE 1 16831067872 5254001234025254001234010800450000449cce4000401135ca0a002a0f0a002a02109210920030b28154324e3101010001545254320000003b00000000000c0000facc7a32010000000000016c0000003b
CAPTURE 1 16840896336 52540012340152540012340208004500003800000000401112a50a002a020a002a0f1092109200248b8554324e310104000054525432000000000000003b00000000c2e5dbde
CAPTURE 1 16848233728 52540012340152540012340208004500004400000000401112990a002a020a002a0f109210920030f86e54324e3101020001545254320000003b00000000000c0000f78b3685010000000000026c0000003b
CAPTURE 1 16893552784 5254001234025254001234010800450000389cdb4000401135c90a002a0f0a002a021092109200248b8554324e310104000054525432000000000000003b00000000c2e5dbde
CAPTURE 1 16934912560 5254001234025254001234010800450000449ce54000401135b30a002a0f0a002a02109210920030121154324e3101010001545254320000003c00000000000c00005f78b5f901000000000001680000003c
CAPTURE 1 16952697376 52540012340152540012340208004500003800000000401112a50a002a020a002a0f109210920024cdac54324e310104000054525432000000000000003c00000000a684b617
CAPTURE 1 16953628432 52540012340152540012340208004500004400000000401112990a002a020a002a0f109210920030535254324e3101020001545254320000003c00000000000c000028ffaa2e010000000000026a0000003c
CAPTURE 1 16998932624 5254001234025254001234010800450000389cf44000401135b00a002a0f0a002a02109210920024cdac54324e310104000054525432000000000000003c00000000a684b617
CAPTURE 1 17019043120 5254001234025254001234010800450000449cf64000401135a20a002a0f0a002a02109210920030fb6654324e3101010001545254320000003d00000000000c00007874b3a1010000000000016c0000003d
CAPTURE 1 17036676448 52540012340152540012340208004500003800000000401112a50a002a020a002a0f109210920024d5f354324e310104000054525432000000000000003d00000000b1ffa254
CAPTURE 1 17037714672 52540012340152540012340208004500004400000000401112990a002a020a002a0f109210920030b23154324e3101020001545254320000003d00000000000c00007533ff16010000000000026c0000003d
CAPTURE 1 17078159200 5254001234025254001234010800450000389d014000401135a30a002a0f0a002a02109210920024d5f354324e310104000054525432000000000000003d00000000b1ffa254
CAPTURE 1 17292333168 525400123401525400123402080045000040000000004011129d0a002a020a002a0f10921092002cfc4454324e3101050000545254320000000000000000000800005dbe974c000000000000391c
CAPTURE 1 17315493936 5254001234025254001234010800450000449d114000401135870a002a0f0a002a0210921092003013e654324e3101010001545254320000003e00000000000c00002110f28801000000000001680000003e
CAPTURE 1 17333024656 52540012340152540012340208004500003800000000401112a50a002a020a002a0f109210920024034354324e310104000054525432000000000000003e0000000088729e91
CAPTURE 1 17334845584 52540012340152540012340208004500004400000000401112990a002a020a002a0f109210920030e28454324e3101020001545254320000003e00000000000c00005697ed5f010000000000026a0000003e
CAPTURE 1 17367264960 5254001234025254001234010800450000409d184000401135840a002a0f0a002a0210921092002ca4b254324e3101050000545254320000000000000000000800007f36e43c0000000000002246
CAPTURE 1 17392861840 5254001234025254001234010800450000389d1a40004011358a0a002a0f0a002a02109210920024034354324e310104000054525432000000000000003e0000000088729e91
CAPTURE 1 17412024272 5254001234025254001234010800450000449d1d40004011357b0a002a0f0a002a021092109200302c8c54324e3101010001545254320000003f00000000000c0000061cf4d0010000000000016c0000003f
CAPTURE 1 17416674896 52540012340152540012340208004500003800000000401112a50a002a020a002a0f109210920024006a54324e310104000054525432000000000000003f000000009f098ad2
CAPTURE 1 17430163088 52540012340152540012340208004500004400000000401112990a002a020a002a0f10921092003062b554324e3101020001545254320000003f00000000000c00000b5bb867010000000000026c0000003f
CAPTURE 1 17470836464 5254001234025254001234010800450000389d1e4000401135860a002a0f0a002a02109210920024006a54324e310104000054525432000000000000003f000000009f098ad2
CAPTURE 1 17509579280 5254001234025254001234010800450000449d274000401135710a002a0f0a002a02109210920030012854324e3101010001545254320000004000000000000c00008269a3e9010000000000016800000040
CAPTURE 1 17526784176 52540012340152540012340208004500003800000000401112a50a002a020a002a0f109210920024f35a54324e310104000054525432000000000000004000000000b01386d6
CAPTURE 1 17528132128 52540012340152540012340208004500004400000000401112990a002a020a002a0f109210920030744a54324e3101020001545254320000004000000000000c0000f5eebc3e010000000000026a00000040
CAPTURE 1 17568877936 5254001234025254001234010800450000389d3540004011356f0a002a0f0a002a02109210920024f35a54324e310104000054525432000000000000004000000000b01386d6
CAPTURE 1 17590949456 5254001234025254001234010800450000449d384000401135600a002a0f0a002a02109210920030dc5d54324e3101010001545254320000004100000000000c0000a565a5b1010000000000016c00000041
CAPTURE 1 17608209568 52540012340152540012340208004500003800000000401112a50a002a020a002a0f109210920024f04554324e310104000054525432000000000000004100000000a7689295
CAPTURE 1 17609003792 52540012340152540012340208004500004400000000401112990a002a020a002a0f109210920030954a54324e3101020001545254320000004100000000000c0000a822e906010000000000026c00000041
CAPTURE 1 17650859904 5254001234025254001234010800450000389d4640004011355e0a002a0f0a002a02109210920024f04554324e310104000054525432000000000000004100000000a7689295
CAPTURE 1 17844114944 525400123401525400123402080045000040000000004011129d0a002a020a002a0f10921092002c829054324e310105000054525432000000000000000000080000e35b893d0000000000003b42
CAPTURE 1 17859995008 5254001234025254001234010800450000449d6e40004011352a0a002a0f0a002a0210921092003046dc54324e3101010001545254320000004200000000000c0000fc01e498010000000000016800000042
CAPTURE 1 17877035776 52540012340152540012340208004500003800000000401112a50a002a020a002a0f109210920024dd0c54324e3101040000545254320000000000000042000000009ee5ae50
CAPTURE 1 17877970112 52540012340152540012340208004500004400000000401112990a002a020a002a0f1092109200309f9d54324e3101020001545254320000004200000000000c00008b86fb4f010000000000026a00000042
CAPTURE 1 17913059952 5254001234025254001234010800450000409d764000401135260a002a0f0a002a0210921092002cc53354324e31010500005452543200000000000000000008000085d0bafa000000000000246d
CAPTURE 1 17938645776 5254001234025254001234010800450000389d7c4000401135280a002a0f0a002a02109210920024dd0c54324e3101040000545254320000000000000042000000009ee5ae50
CAPTURE 1 17954809344 5254001234025254001234010800450000449d7f4000401135190a002a0f0a002a0210921092003069a254324e3101010001545254320000004300000000000c0000db0de2c0010000000000016c00000043
CAPTURE 1 17960788096 52540012340152540012340208004500003800000000401112a50a002a020a002a0f109210920024e68f54324e310104000054525432000000000000004300000000899eba13
CAPTURE 1 17977045888 52540012340152540012340208004500004400000000401112990a002a020a002a0f109210920030a1ad54324e3101020001545254320000004300000000000c0000d64aae77010000000000026c00000043
CAPTURE 1 18016509888 5254001234025254001234010800450000389d8540004011351f0a002a0f0a002a02109210920024e68f54324e310104000054525432000000000000004300000000899eba13
CAPTURE 1 18058434576 5254001234025254001234010800450000449d8f4000401135090a002a0f0a002a021092109200307bae54324e3101010001545254320000004400000000000c00007eb92d0b010000000000016800000044
CAPTURE 1 18075674432 52540012340152540012340208004500003800000000401112a50a002a020a002a0f109210920024646654324e310104000054525432000000000000004400000000edffd7da
CAPTURE 1 18076598736 52540012340152540012340208004500004400000000401112990a002a020a002a0f109210920030ea5554324e3101020001545254320000004400000000000c0000093e32dc010000000000026a00000044
CAPTURE 1 18118625568 5254001234025254001234010800450000389d9540004011350f0a002a0f0a002a02109210920024646654324e310104000054525432000000000000004400000000edffd7da
CAPTURE 1 18134703504 5254001234025254001234010800450000449d964000401135020a002a0f0a002a02109210920030a26454324e3101010001545254320000004500000000000c000059b52b53010000000000016c00000045
CAPTURE 1 18140749088 52540012340152540012340208004500003800000000401112a50a002a020a002a0f1092109200246c2154324e310104000054525432000000000000004500000000fa84c399
CAPTURE 1 18157297696 52540012340152540012340208004500004400000000401112990a002a020a002a0f109210920030699554324e3101020001545254320000004500000000000c000054f267e4010000000000026c00000045
CAPTURE 1 18197016640 5254001234025254001234010800450000389d9e4000401135060a002a0f0a002a021092109200246c2154324e310104000054525432000000000000004500000000fa84c399
CAPTURE 1 18403158096 525400123401525400123402080045000040000000004011129d0a002a020a002a0f10921092002c3b0a54324e31010500005452543200000000000000000008000093d81e170000000000003d72
CAPTURE 1 18423034688 5254001234025254001234010800450000449db34000401134e50a002a0f0a002a02109210920030bc2354324e3101010001545254320000004600000000000c000000d16a7a010000000000016800000046
CAPTURE 1 18440171536 52540012340152540012340208004500003800000000401112a50a002a020a002a0f10921092002467d854324e310104000054525432000000000000004600000000c309ff5c
CAPTURE 1 18440991184 52540012340152540012340208004500004400000000401112990a002a020a002a0f109210920030396854324e3101020001545254320000004600000000000c0000775675ad010000000000026a00000046
CAPTURE 1 18485950256 5254001234025254001234010800450000409dbc4000401134e00a002a0f0a002a0210921092002cc16f54324e310105000054525432000000000000000000080000b2e68f6b00000000000026aa
CAPTURE 1 18511276720 5254001234025254001234010800450000389dbd4000401134e70a002a0f0a002a0210921092002467d854324e310104000054525432000000000000004600000000c309ff5c
CAPTURE 1 18535704816 5254001234025254001234010800450000449dc24000401134d60a002a0f0a002a02109210920030936954324e3101010001545254320000004700000000000c000027dd6c22010000000000016c00000047
CAPTURE 1 18541364688 52540012340152540012340208004500003800000000401112a50a002a020a002a0f1092109200246aab54324e310104000054525432000000000000004700000000d472eb1f
CAPTURE 1 18548336880 52540012340152540012340208004500004400000000401112990a002a020a002a0f109210920030db3854324e3101020001545254320000004700000000000c00002a9a2095010000000000026c00000047
CAPTURE 1 18598184848 5254001234025254001234010800450000389dd24000401134d20a002a0f0a002a021092109200246aab54324e310104000054525432000000000000004700000000d472eb1f
CAPTURE 1 18628867616 5254001234025254001234010800450000449dd74000401134c10a002a0f0a002a02109210920030ce4454324e3101010001545254320000004800000000000c0000a0b9b86c010000000000016800000048
CAPTURE 1 18646473344 52540012340152540012340208004500003800000000401112a50a002a020a002a0f109210920024f9a354324e3101040000545254320000000000000048000000000bcb24ce
CAPTURE 1 18648549616 52540012340152540012340208004500004400000000401112990a002a020a002a0f109210920030a76d54324e3101020001545254320000004800000000000c0000d73ea7bb010000000000026a00000048
CAPTURE 1 18689367744 5254001234025254001234010800450000389de54000401134bf0a002a0f0a002a02109210920024f9a354324e3101040000545254320000000000000048000000000bcb24ce
CAPTURE 1 18719208784 5254001234025254001234010800450000449de94000401134af0a002a0f0a002a02109210920030e17a54324e3101010001545254320000004900000000000c000087b5be34010000000000016c00000049
CAPTURE 1 18736675104 52540012340152540012340208004500003800000000401112a50a002a020a002a0f109210920024dcfe54324e3101040000545254320000000000000049000000001cb0308d
CAPTURE 1 18737872432 52540012340152540012340208004500004400000000401112990a002a020a002a0f109210920030a8ed54324e3101020001545254320000004900000000000c00008af2f283010000000000026c00000049
CAPTURE 1 18766688016 5254001234025254001234010800450000389dee4000401134b60a002a0f0a002a02109210920024dcfe54324e3101040000545254320000000000000049000000001cb0308d
CAPTURE 1 18950828848 525400123401525400123402080045000040000000004011129d0a002a020a002a0f10921092002c91ae54324e310105000054525432000000000000000000080000e13177f30000000000003f98
CAPTURE 1 18977491488 5254001234025254001234010800450000449df34000401134a50a002a0f0a002a02109210920030497754324e3101010001545254320000004a00000000000c0000ded1ff1d01000000000001680000004a
CAPTURE 1 18988260880 52540012340152540012340208004500003800000000401112a50a002a020a002a0f109210920024f8b554324e310104000054525432000000000000004a00000000253d0c48
CAPTURE 1 18995713920 52540012340152540012340208004500004400000000401112990a002a020a002a0f1092109200309c4254324e3101020001545254320000004a00000000000c0000a956e0ca010000000000026a0000004a
CAPTURE 1 19041692944 5254001234025254001234010800450000409e0140004011349b0a002a0f0a002a0210921092002cebcc54324e31010500005452543200000000000000000008000075d69ff200000000000028d6
CAPTURE 1 19066658640 5254001234025254001234010800450000389e0540004011349f0a002a0f0a002a02109210920024f8b554324e310104000054525432000000000000004a00000000253d0c48
CAPTURE 1 19086257776 5254001234025254001234010800450000449e0a40004011348e0a002a0f0a002a02109210920030343d54324e3101010001545254320000004b00000000000c0000f9ddf945010000000000016c0000004b
CAPTURE 1 19103542256 52540012340152540012340208004500003800000000401112a50a002a020a002a0f109210920024dfe854324e310104000054525432000000000000004b000000003246180b
CAPTURE 1 19104535680 52540012340152540012340208004500004400000000401112990a002a020a002a0f1092109200307bd254324e3101020001545254320000004b00000000000c0000f49ab5f2010000000000026c0000004b
CAPTURE 1 19155886096 5254001234025254001234010800450000389e0c4000401134980a002a0f0a002a02109210920024dfe854324e310104000054525432000000000000004b000000003246180b
CAPTURE 1 19187363920 5254001234025254001234010800450000449e0e40004011348a0a002a0f0a002a02109210920030946b54324e3101010001545254320000004c00000000000c00005c69368e01000000000001680000004c
CAPTURE 1 19204745568 52540012340152540012340208004500003800000000401112a50a002a020a002a0f1092109200245e4f54324e310104000054525432000000000000004c00000000562775c2
CAPTURE 1 19205534960 52540012340152540012340208004500004400000000401112990a002a020a002a0f109210920030d11854324e3101020001545254320000004c00000000000c00002bee2959010000000000026a0000004c
CAPTURE 1 19256892160 5254001234025254001234010800450000389e204000401134840a002a0f0a002a021092109200245e4f54324e310104000054525432000000000000004c00000000562775c2
CAPTURE 1 19276114080 5254001234025254001234010800450000449e234000401134750a002a0f0a002a021092109200307b2154324e3101010001545254320000004d00000000000c00007b6530d6010000000000016c0000004d
CAPTURE 1 19280694928 52540012340152540012340208004500003800000000401112a50a002a020a002a0f109210920024875a54324e310104000054525432000000000000004d00000000415c6181
CAPTURE 1 19296035152 52540012340152540012340208004500004400000000401112990a002a020a002a0f10921092003033d854324e3101020001545254320000004d00000000000c000076227c61010000000000026c0000004d
CAPTURE 1 19335832656 5254001234025254001234010800450000389e2b4000401134790a002a0f0a002a02109210920024875a54324e310104000054525432000000000000004d00000000415c6181
CAPTURE 1 19510121744 525400123401525400123402080045000040000000004011129d0a002a020a002a0f10921092002c3a3e54324e3101050000545254320000000000000000000800003be6727f00000000000041c8
CAPTURE 1 19541871744 5254001234025254001234010800450000449e3a40004011345e0a002a0f0a002a02109210920030935e54324e3101010001545254320000004e00000000000c0000220171ff01000000000001680000004e
CAPTURE 1 19561061536 52540012340152540012340208004500003800000000401112a50a002a020a002a0f109210920024542154324e310104000054525432000000000000004e0000000078d15d44
CAPTURE 1 19562839312 52540012340152540012340208004500004400000000401112990a002a020a002a0f10921092003062ad54324e3101020001545254320000004e00000000000c000055866e28010000000000026a0000004e
CAPTURE 1 19609351600 5254001234025254001234010800450000409e434000401134590a002a0f0a002a0210921092002cce6654324e31010500005452543200000000000000000008000038fdf7fb0000000000002b0c
CAPTURE 1 19636656464 5254001234025254001234010800450000389e4740004011345d0a002a0f0a002a02109210920024542154324e310104000054525432000000000000004e0000000078d15d44
CAPTURE 1 19656290000 5254001234025254001234010800450000449e4a40004011344e0a002a0f0a002a02109210920030aaa454324e3101010001545254320000004f00000000000c0000050d77a7010000000000016c0000004f
CAPTURE 1 19658309536 52540012340152540012340208004500003800000000401112a50a002a020a002a0f109210920024718454324e310104000054525432000000000000004f000000006faa4907
CAPTURE 1 19660641888 52540012340152540012340208004500004400000000401112990a002a020a002a0f109210920030e2fd54324e3101020001545254320000004f00000000000c0000084a3b10010000000000026c0000004f
CAPTURE 1 19728233744 5254001234025254001234010800450000389e4d4000401134570a002a0f0a002a02109210920024718454324e310104000054525432000000000000004f000000006faa4907
CAPTURE 1 19756773136 5254001234025254001234010800450000449e514000401134470a002a0f0a002a02109210920030caad54324e3101010001545254320000005000000000000c0000c7c994e3010000000000016800000050
CAPTURE 1 19773967408 52540012340152540012340208004500003800000000401112a50a002a020a002a0f10921092002448ba54324e3101040000545254320000000000000050000000001cd3c4a7
CAPTURE 1 19781622208 52540012340152540012340208004500004400000000401112990a002a020a002a0f1092109200303dd154324e3101020001545254320000005000000000000c0000992d4fef01000000000001d400000050
CAPTURE 1 19820591056 5254001234025254001234010800450000389e5b4000401134490a002a0f0a002a0210921092002448ba54324e3101040000545254320000000000000050000000001cd3c4a7
CAPTURE 1 19848852864 5254001234025254001234010800450000449e5f4000401134390a002a0f0a002a0210921092003033bb54324e3101010001545254320000005100000000000c0000dbe51688010000000000029800000051
CAPTURE 1 20060657616 52540012340152540012340208004500003800000000401112a50a002a020a002a0f1092109200244da754324e3101040000545254320000000000000051000000000ba8d0e4
CAPTURE 1 20061606624 52540012340152540012340208004500004400000000401112990a002a020a002a0f10921092003022a054324e3101020001545254320000005100000000000c00009d5066e001000000000001ef00000051
CAPTURE 1 20090703120 5254001234025254001234010800450000409e6240004011343a0a002a0f0a002a0210921092002c140954324e3101050000545254320000000000000000000800005abe8eb10000000000002cf3
CAPTURE 1 20101824272 5254001234025254001234010800450000389e6540004011343f0a002a0f0a002a021092109200244da754324e3101040000545254320000000000000051000000000ba8d0e4
CAPTURE 1 20118800080 5254001234025254001234010800450000449e6940004011342f0a002a0f0a002a02109210920030f73954324e3101010001545254320000005200000000000c00007585b99d010000000000026200000052
CAPTURE 1 20138247232 52540012340152540012340208004500003800000000401112a50a002a020a002a0f1092109200240bec54324e3101040000545254320000000000000052000000003225ec21
CAPTURE 1 20139145504 52540012340152540012340208004500004400000000401112990a002a020a002a0f1092109200303ad554324e3101020001545254320000005200000000000c0000c43427c901000000000001eb00000052
CAPTURE 1 20189674368 5254001234025254001234010800450000389e6c4000401134380a002a0f0a002a021092109200240bec54324e3101040000545254320000000000000052000000003225ec21
CAPTURE 1 20219068736 5254001234025254001234010800450000449e734000401134250a002a0f0a002a021092109200303c1554324e3101010001545254320000005300000000000c0000977952c4010000000000026a00000053
CAPTURE 1 20236286832 52540012340152540012340208004500003800000000401112a50a002a020a002a0f1092109200240c7154324e310104000054525432000000000000005300000000255ef862
CAPTURE 1 20237081616 52540012340152540012340208004500004400000000401112990a002a020a002a0f10921092003026f654324e3101020001545254320000005300000000000c0000a4985b4101000000000001ec00000053
CAPTURE 1 20293469264 5254001234025254001234010800450000389e8640004011341e0a002a0f0a002a021092109200240c7154324e310104000054525432000000000000005300000000255ef862
CAPTURE 1 20312809712 5254001234025254001234010800450000449e8940004011340f0a002a0f0a002a02109210920030001654324e3101010001545254320000005400000000000c0000bd8d68af010000000000026800000054
CAPTURE 1 20331188704 52540012340152540012340208004500003800000000401112a50a002a020a002a0f109210920024534654324e310104000054525432000000000000005400000000413f95ab
CAPTURE 1 20331804608 52540012340152540012340208004500004400000000401112990a002a020a002a0f109210920030f1e754324e3101020001545254320000005400000000000c0000468cee5a01000000000001eb00000054
CAPTURE 1 20370881488 5254001234025254001234010800450000389e914000401134130a002a0f0a002a02109210920024534654324e310104000054525432000000000000005400000000413f95ab
CAPTURE 1 20413507808 5254001234025254001234010800450000449e984000401134000a002a0f0a002a02109210920030753654324e3101010001545254320000005500000000000c000015c19b57010000000000026a00000055
CAPTURE 1 20615159696 52540012340152540012340208004500003800000000401112a50a002a020a002a0f109210920024520354324e310104000054525432000000000000005500000000564481e8
CAPTURE 1 20615781248 52540012340152540012340208004500004400000000401112990a002a020a002a0f1092109200306dd954324e3101020001545254320000005500000000000c0000262092d201000000000001ec00000055
CAPTURE 1 20644888480 5254001234025254001234010800450000409ea64000401133f60a002a0f0a002a0210921092002c281d54324e31010500005452543200000000000000000008000038fa9a3f0000000000002f15
CAPTURE 1 20656021472 5254001234025254001234010800450000389ea74000401133fd0a002a0f0a002a02109210920024520354324e310104000054525432000000000000005500000000564481e8
CAPTURE 1 20675281200 5254001234025254001234010800450000449eab4000401133ed0a002a0f0a002a02109210920030328b54324e3101010001545254320000005600000000000c0000c3e52fde010000000000026800000056
CAPTURE 1 20692744288 52540012340152540012340208004500003800000000401112a50a002a020a002a0f109210920024fd3754324e3101040000545254320000000000000056000000006fc9bd2d
CAPTURE 1 20693934960 52540012340152540012340208004500004400000000401112990a002a020a002a0f10921092003044bb54324e3101020001545254320000005600000000000c000038e4a92b01000000000001eb00000056
CAPTURE 1 20736952048 5254001234025254001234010800450000389eb74000401133ed0a002a0f0a002a02109210920024fd3754324e3101040000545254320000000000000056000000006fc9bd2d
CAPTURE 1 20773786512 5254001234025254001234010800450000449ebf4000401133d90a002a0f0a002a02109210920030de7a54324e3101010001545254320000005700000000000c00006ba9dc26010000000000026a00000057
CAPTURE 1 20788476640 52540012340152540012340208004500003800000000401112a50a002a020a002a0f109210920024080d54324e31010400005452543200000000000000570000000078b2a96e
CAPTURE 1 20792048720 52540012340152540012340208004500004400000000401112990a002a020a002a0f109210920030f8db54324e3101020001545254320000005700000000000c00005848d5a301000000000001ec00000057
CAPTURE 1 20842756784 5254001234025254001234010800450000389ec34000401133e10a002a0f0a002a02109210920024080d54324e31010400005452543200000000000000570000000078b2a96e
CAPTURE 1 20862479200 5254001234025254001234010800450000449ec64000401133d20a002a0f0a002a02109210920030c4f454324e3101010001545254320000005800000000000c0000638dfdc8010000000000026800000058
CAPTURE 1 20879646640 52540012340152540012340208004500003800000000401112a50a002a020a002a0f1092109200241c6254324e310104000054525432000000000000005800000000a70b66bf
CAPTURE 1 20880586912 52540012340152540012340208004500004400000000401112990a002a020a002a0f10921092003012fd54324e3101020001545254320000005800000000000c0000988c7b3d01000000000001eb00000058
CAPTURE 1 20921440624 5254001234025254001234010800450000389ed54000401133cf0a002a0f0a002a021092109200241c6254324e310104000054525432000000000000005800000000a70b66bf
CAPTURE 1 20967528272 5254001234025254001234010800450000449edb4000401133bd0a002a0f0a002a021092109200304c5554324e3101010001545254320000005900000000000c0000cbc10e30010000000000026a00000059
CAPTURE 1 21167535728 52540012340152540012340208004500003800000000401112a50a002a020a002a0f10921092002406bf54324e310104000054525432000000000000005900000000b07072fc
CAPTURE 1 21168219968 52540012340152540012340208004500004400000000401112990a002a020a002a0f10921092003026ee54324e3101020001545254320000005900000000000c0000f82007b501000000000001ec00000059
CAPTURE 1 21199250528 5254001234025254001234010800450000409efd40004011339f0a002a0f0a002a0210921092002c0d9a54324e310105000054525432000000000000000000080000ae093d8c000000000000313c
CAPTURE 1 21210324768 5254001234025254001234010800450000389f004000401133a40a002a0f0a002a0210921092002406bf54324e310104000054525432000000000000005900000000b07072fc
CAPTURE 1 21226278608 5254001234025254001234010800450000449f014000401133970a002a0f0a002a021092109200304da854324e3101010001545254320000005a00000000000c00001de5bab901000000000002680000005a
CAPTURE 1 21240832240 52540012340152540012340208004500003800000000401112a50a002a020a002a0f10921092002451f454324e310104000054525432000000000000005a0000000089fd4e39
CAPTURE 1 21246932928 52540012340152540012340208004500004400000000401112990a002a020a002a0f109210920030039254324e3101020001545254320000005a00000000000c0000e6e43c4c01000000000001eb0000005a
CAPTURE 1 21288116304 5254001234025254001234010800450000389f0b4000401133990a002a0f0a002a0210921092002451f454324e310104000054525432000000000000005a0000000089fd4e39
CAPTURE 1 21330963712 5254001234025254001234010800450000449f114000401133870a002a0f0a002a02109210920030275854324e3101010001545254320000005b00000000000c0000b5a94941010000000000026a0000005b
CAPTURE 1 21348686256 52540012340152540012340208004500003800000000401112a50a002a020a002a0f109210920024312954324e310104000054525432000000000000005b000000009e865a7a
CAPTURE 1 21349900960 52540012340152540012340208004500004400000000401112990a002a020a002a0f1092109200305fb354324e3101020001545254320000005b00000000000c0000864840c401000000000001ec0000005b
CAPTURE 1 21380982752 33330000000252540012340186dd6000000000103afffe80000000000000505400fffe123401ff0200000000000000000000000000028500725f000000000101525400123401
CAPTURE 1 21389114464 5254001234025254001234010800450000389f1740004011338d0a002a0f0a002a02109210920024312954324e310104000054525432000000000000005b000000009e865a7a
CAPTURE 1 21408840848 5254001234025254001234010800450000449f184000401133800a002a0f0a002a0210921092003013bb54324e3101010001545254320000005c00000000000c00009f5d732a01000000000002680000005c
CAPTURE 1 21426561104 52540012340152540012340208004500003800000000401112a50a002a020a002a0f109210920024f78d54324e310104000054525432000000000000005c00000000fae737b3
CAPTURE 1 21427151904 52540012340152540012340208004500004400000000401112990a002a020a002a0f109210920030cc8254324e3101020001545254320000005c00000000000c0000645cf5df01000000000001eb0000005c
CAPTURE 1 21465823520 5254001234025254001234010800450000389f1d4000401133870a002a0f0a002a02109210920024f78d54324e310104000054525432000000000000005c00000000fae737b3
CAPTURE 1 21510072464 5254001234025254001234010800450000449f244000401133740a002a0f0a002a021092109200306e5b54324e3101010001545254320000005d00000000000c0000371180d2010000000000026a0000005d
CAPTURE 1 21527372768 52540012340152540012340208004500003800000000401112a50a002a020a002a0f109210920024189b54324e310104000054525432000000000000005d00000000ed9c23f0
CAPTURE 1 21528558480 52540012340152540012340208004500004400000000401112990a002a020a002a0f109210920030987454324e3101020001545254320000005d00000000000c000004f0895701000000000001ec0000005d
CAPTURE 1 21568801520 5254001234025254001234010800450000389f2a40004011337a0a002a0f0a002a02109210920024189b54324e310104000054525432000000000000005d00000000ed9c23f0
CAPTURE 1 21738963824 5254001234025254001234010800450000449f2e40004011336a0a002a0f0a002a0210921092003010ae54324e3101010001545254320000005e00000000000c0000e135345b01000000000002680000005e
CAPTURE 1 21749969680 525400123401525400123402080045000040000000004011129d0a002a020a002a0f10921092002c28cf54324e310105000054525432000000000000000000080000fa10bd0d0000000000004a7e
CAPTURE 1 21758411888 52540012340152540012340208004500003800000000401112a50a002a020a002a0f10921092002436e054324e310104000054525432000000000000005e00000000d4111f35
CAPTURE 1 21759577952 52540012340152540012340208004500004400000000401112990a002a020a002a0f10921092003059d854324e3101020001545254320000005e00000000000c00001a34b2ae01000000000001eb0000005e
CAPTURE 1 21803178384 5254001234025254001234010800450000409f374000401133650a002a0f0a002a0210921092002c758f54324e310105000054525432000000000000000000080000d3e0ad5c000000000000339f
CAPTURE 1 21828696016 5254001234025254001234010800450000389f3840004011336c0a002a0f0a002a0210921092002436e054324e310104000054525432000000000000005e00000000d4111f35
CAPTURE 1 21848994256 5254001234025254001234010800450000449f3c40004011335c0a002a0f0a002a02109210920030151e54324e3101010001545254320000005f00000000000c00004979c7a3010000000000026a0000005f
CAPTURE 1 21866942448 52540012340152540012340208004500003800000000401112a50a002a020a002a0f1092109200245b4554324e310104000054525432000000000000005f00000000c36a0b76
CAPTURE 1 21867546976 52540012340152540012340208004500004400000000401112990a002a020a002a0f109210920030ddf854324e3101020001545254320000005f00000000000c00007a98ce2601000000000001ec0000005f
CAPTURE 1 21897112640 5254001234025254001234010800450000389f444000401133600a002a0f0a002a021092109200245b4554324e310104000054525432000000000000005f00000000c36a0b76
CAPTURE 1 21948727328 5254001234025254001234010800450000449f504000401133480a002a0f0a002a02109210920030d72954324e3101010001545254320000006000000000000c00008fbdbf53010000000000026800000060
CAPTURE 1 21965829424 52540012340152540012340208004500003800000000401112a50a002a020a002a0f109210920024f2cd54324e31010400005452543200000000000000600000000032e20475
CAPTURE 1 21967601264 52540012340152540012340208004500004400000000401112990a002a020a002a0f109210920030785454324e3101020001545254320000006000000000000c000074bc39a601000000000001eb00000060
CAPTURE 1 22006622256 5254001234025254001234010800450000389f5b4000401133490a002a0f0a002a02109210920024f2cd54324e31010400005452543200000000000000600000000032e20475
CAPTURE 1 22023003872 5254001234025254001234010800450000449f5f4000401133390a002a0f0a002a02109210920030b19a54324e3101010001545254320000006100000000000c000027f14cab010000000000026a00000061
CAPTURE 1 22031488816 52540012340152540012340208004500003800000000401112a50a002a020a002a0f109210920024f45454324e31010400005452543200000000000000610000000025991036
CAPTURE 1 22045616656 52540012340152540012340208004500004400000000401112990a002a020a002a0f109210920030cd7554324e3101020001545254320000006100000000000c00001410452e01000000000001ec00000061
CAPTURE 1 22085010592 5254001234025254001234010800450000389f6640004011333e0a002a0f0a002a02109210920024f45454324e31010400005452543200000000000000610000000025991036
CAPTURE 1 22301854448 525400123401525400123402080045000040000000004011129d0a002a020a002a0f10921092002ceac454324e3101050000545254320000000000000000000800002a99c85f0000000000004cae
CAPTURE 1 22321706192 5254001234025254001234010800450000449f6940004011332f0a002a0f0a002a021092109200303c3e54324e3101010001545254320000006200000000000c0000f1d5f822010000000000026800000062
CAPTURE 1 22339348016 52540012340152540012340208004500003800000000401112a50a002a020a002a0f109210920024e11b54324e3101040000545254320000000000000062000000001c142cf3
CAPTURE 1 22339957664 52540012340152540012340208004500004400000000401112990a002a020a002a0f1092109200309d0754324e3101020001545254320000006200000000000c00000ad47ed701000000000001eb00000062
CAPTURE 1 22381535200 5254001234025254001234010800450000409f744000401133280a002a0f0a002a0210921092002c6ba254324e310105000054525432000000000000000000080000320756e100000000000035e1
CAPTURE 1 22406394816 5254001234025254001234010800450000389f7940004011332b0a002a0f0a002a02109210920024e11b54324e3101040000545254320000000000000062000000001c142cf3
CAPTURE 1 22425571312 5254001234025254001234010800450000449f7b40004011331d0a002a0f0a002a02109210920030c0bf54324e3101010001545254320000006300000000000c000059990bda010000000000026a00000063
CAPTURE 1 22443409856 52540012340152540012340208004500003800000000401112a50a002a020a002a0f109210920024e60254324e3101040000545254320000000000000063000000000b6f38b0
CAPTURE 1 22444003728 52540012340152540012340208004500004400000000401112990a002a020a002a0f109210920030b9d854324e3101020001545254320000006300000000000c00006a78025f01000000000001ec00000063
CAPTURE 1 22483101792 5254001234025254001234010800450000389f8640004011331e0a002a0f0a002a02109210920024e60254324e3101040000545254320000000000000063000000000b6f38b0
CAPTURE 1 22527694752 5254001234025254001234010800450000449f8f4000401133090a002a0f0a002a02109210920030811454324e3101010001545254320000006400000000000c0000736d31b1010000000000026800000064
CAPTURE 1 22545669392 52540012340152540012340208004500003800000000401112a50a002a020a002a0f109210920024659954324e3101040000545254320000000000000064000000006f0e5579
CAPTURE 1 22547518224 52540012340152540012340208004500004400000000401112990a002a020a002a0f109210920030e6fd54324e3101020001545254320000006400000000000c0000886cb74401000000000001eb00000064
CAPTURE 1 22586730432 5254001234025254001234010800450000389f904000401133140a002a0f0a002a02109210920024659954324e3101040000545254320000000000000064000000006f0e5579
CAPTURE 1 22603355808 5254001234025254001234010800450000449f934000401133050a002a0f0a002a0210921092003088c354324e3101010001545254320000006500000000000c0000db21c249010000000000026a00000065
CAPTURE 1 22611101312 52540012340152540012340208004500003800000000401112a50a002a020a002a0f109210920024707054324e3101040000545254320000000000000065000000007875413a
CAPTURE 1 22618259632 52540012340152540012340208004500004400000000401112990a002a020a002a0f109210920030721e54324e3101020001545254320000006500000000000c0000e8c0cbcc01000000000001ec00000065
CAPTURE 1 22671872832 5254001234025254001234010800450000389f9d4000401133070a002a0f0a002a02109210920024707054324e3101040000545254320000000000000065000000007875413a
CAPTURE 1 22853392880 525400123401525400123402080045000040000000004011129d0a002a020a002a0f10921092002c001954324e310105000054525432000000000000000000080000a87f32ff0000000000004ed4
CAPTURE 1 22865420912 5254001234025254001234010800450000449fbe4000401132da0a002a0f0a002a02109210920030a26954324e3101010001545254320000006600000000000c00000d0576c0010000000000026800000066
CAPTURE 1 22878443872 52540012340152540012340208004500003800000000401112a50a002a020a002a0f1092109200246a2754324e31010400005452543200000000000000660000000041f87dff
CAPTURE 1 22883757792 52540012340152540012340208004500004400000000401112990a002a020a002a0f109210920030407054324e3101020001545254320000006600000000000c0000f604f03501000000000001eb00000066
CAPTURE 1 22929521728 5254001234025254001234010800450000409fc34000401132d90a002a0f0a002a0210921092002cc2cb54324e31010500005452543200000000000000000008000020ce0ecd0000000000003805
CAPTURE 1 22956823552 5254001234025254001234010800450000389fc74000401132dd0a002a0f0a002a021092109200246a2754324e31010400005452543200000000000000660000000041f87dff
CAPTURE 1 22977383248 5254001234025254001234010800450000449fcb4000401132cd0a002a0f0a002a02109210920030fba854324e3101010001545254320000006700000000000c0000a5498538010000000000026a00000067
CAPTURE 1 22995203312 52540012340152540012340208004500003800000000401112a50a002a020a002a0f10921092002469de54324e310104000054525432000000000000006700000000568369bc
CAPTURE 1 22996664912 52540012340152540012340208004500004400000000401112990a002a020a002a0f109210920030034254324e3101020001545254320000006700000000000c000096a88cbd01000000000001ec00000067
CAPTURE 1 23038930000 5254001234025254001234010800450000389fd84000401132cc0a002a0f0a002a0210921092002469de54324e310104000054525432000000000000006700000000568369bc
CAPTURE 1 23078731632 5254001234025254001234010800450000449fdd4000401132bb0a002a0f0a002a02109210920030d3e654324e3101010001545254320000006800000000000c0000ad6da4d6010000000000026800000068
CAPTURE 1 23096714688 52540012340152540012340208004500003800000000401112a50a002a020a002a0f109210920024fa7454324e310104000054525432000000000000006800000000893aa66d
CAPTURE 1 23098102784 52540012340152540012340208004500004400000000401112990a002a020a002a0f109210920030ae1754324e3101020001545254320000006800000000000c0000566c222301000000000001eb00000068
CAPTURE 1 23138928064 5254001234025254001234010800450000389fe44000401132c00a002a0f0a002a02109210920024fa7454324e310104000054525432000000000000006800000000893aa66d
CAPTURE 1 23159088448 5254001234025254001234010800450000449fe74000401132b10a002a0f0a002a02109210920030c9d754324e3101010001545254320000006900000000000c00000521572e010000000000026a00000069
CAPTURE 1 23176975760 52540012340152540012340208004500003800000000401112a50a002a020a002a0f109210920024d9ab54324e3101040000545254320000000000000069000000009e41b22e
CAPTURE 1 23178252176 52540012340152540012340208004500004400000000401112990a002a020a002a0f109210920030913854324e3101020001545254320000006900000000000c000036c05eab01000000000001ec00000069
CAPTURE 1 23207824288 5254001234025254001234010800450000389fe84000401132bc0a002a0f0a002a02109210920024d9ab54324e3101040000545254320000000000000069000000009e41b22e
CAPTURE 1 23410918256 525400123401525400123402080045000040000000004011129d0a002a020a002a0f10921092002c06bb54324e310105000054525432000000000000000000080000e3f6eeb50000000000005104
CAPTURE 1 23438994000 5254001234025254001234010800450000449ff14000401132a70a002a0f0a002a021092109200306f7954324e3101010001545254320000006a00000000000c0000d305e3a701000000000002680000006a
CAPTURE 1 23456682816 52540012340152540012340208004500003800000000401112a50a002a020a002a0f109210920024f36254324e310104000054525432000000000000006a00000000a7cc8eeb
CAPTURE 1 23457482480 52540012340152540012340208004500004400000000401112990a002a020a002a0f109210920030994c54324e3101020001545254320000006a00000000000c00002804655201000000000001eb0000006a
CAPTURE 1 23493181264 5254001234025254001234010800450000409ff24000401132aa0a002a0f0a002a0210921092002ca1d354324e3101050000545254320000000000000000000800003d9710c80000000000003a39
CAPTURE 1 23519717680 5254001234025254001234010800450000389ff44000401132b00a002a0f0a002a02109210920024f36254324e310104000054525432000000000000006a00000000a7cc8eeb
CAPTURE 1 23539787856 5254001234025254001234010800450000449ff54000401132a30a002a0f0a002a021092109200309a7a54324e3101010001545254320000006b00000000000c00007b49105f010000000000026a0000006b
CAPTURE 1 23559211840 52540012340152540012340208004500003800000000401112a50a002a020a002a0f109210920024deb954324e310104000054525432000000000000006b00000000b0b79aa8
CAPTURE 1 23559828880 52540012340152540012340208004500004400000000401112990a002a020a002a0f109210920030c41d54324e3101020001545254320000006b00000000000c000048a819da01000000000001ec0000006b
CAPTURE 1 23599588928 5254001234025254001234010800450000389ff64000401132ae0a002a0f0a002a02109210920024deb954324e310104000054525432000000000000006b00000000b0b79aa8
CAPTURE 1 23637423168 5254001234025254001234010800450000449ff940004011329f0a002a0f0a002a02109210920030327254324e3101010001545254320000006c00000000000c0000d5d7203101000000000000100000006c
CAPTURE 1 23656124720 52540012340152540012340208004500003800000000401112a50a002a020a002a0f1092109200245de054324e310104000054525432000000000000006c00000000d4d6f761
CAPTURE 1 23656846688 52540012340152540012340208004500004400000000401112990a002a020a002a0f109210920030725a54324e3101020001545254320000006c00000000000c0000dfe8d52c010000000000011a0000006c
CAPTURE 1 23696714560 525400123402525400123401080045000038a00540004011329f0a002a0f0a002a021092109200245de054324e310104000054525432000000000000006c00000000d4d6f761
CAPTURE 1 23720783120 525400123402525400123401080045000044a00b40004011328d0a002a0f0a002a0210921092003072da54324e3101010001545254320000006d00000000000c000049a06a5a01000000000001b40000006d
CAPTURE 1 23738857616 52540012340152540012340208004500003800000000401112a50a002a020a002a0f109210920024834754324e310104000054525432000000000000006d00000000c3ade322
CAPTURE 1 23739457504 52540012340152540012340208004500004400000000401112990a002a020a002a0f109210920030551a54324e3101020001545254320000006d00000000000c000034359e0101000000000001370000006d
CAPTURE 1 23778932080 525400123402525400123401080045000038a0134000401132910a002a0f0a002a02109210920024834754324e310104000054525432000000000000006d00000000c3ade322
CAPTURE 1 23965630992 525400123401525400123402080045000040000000004011129d0a002a020a002a0f10921092002c483354324e3101050000545254320000000000000000000800000d1681f8000000000000532a
CAPTURE 1 23978530896 525400123402525400123401080045000044a0344000401132640a002a0f0a002a0210921092003098a154324e3101010001545254320000006e00000000000c0000b361db09010000000000017a0000006e
CAPTURE 1 23996151952 52540012340152540012340208004500003800000000401112a50a002a020a002a0f109210920024500e54324e310104000054525432000000000000006e00000000fa20dfe7
CAPTURE 1 23996999552 52540012340152540012340208004500004400000000401112990a002a020a002a0f10921092003044a854324e3101020001545254320000006e00000000000c0000df71033801000000000001340000006e
CAPTURE 1 24042803008 525400123402525400123401080045000040a03d40004011325f0a002a0f0a002a0210921092002cabcc54324e310105000054525432000000000000000000080000cf1c73230000000000003c5f
CAPTURE 1 24069010416 525400123402525400123401080045000038a0414000401132630a002a0f0a002a02109210920024500e54324e310104000054525432000000000000006e00000000fa20dfe7
CAPTURE 1 24089285152 525400123402525400123401080045000044a0434000401132550a002a0f0a002a02109210920030902e54324e3101010001545254320000006f00000000000c00006369336d01000000000001800000006f
CAPTURE 1 24107447856 52540012340152540012340208004500003800000000401112a50a002a020a002a0f109210920024711554324e310104000054525432000000000000006f00000000ed5bcba4
CAPTURE 1 24108101344 52540012340152540012340208004500004400000000401112990a002a020a002a0f10921092003075b254324e3101020001545254320000006f00000000000c00000dfda3a001000000000001340000006f
CAPTURE 1 24154645968 525400123402525400123401080045000038a0514000401132530a002a0f0a002a02109210920024711554324e310104000054525432000000000000006f00000000ed5bcba4
CAPTURE 1 24189648528 525400123402525400123401080045000044a0544000401132440a002a0f0a002a021092109200305bec54324e3101010001545254320000007000000000000c0000542d76e9010000000000018000000070
CAPTURE 1 24207740432 52540012340152540012340208004500003800000000401112a50a002a020a002a0f10921092002445ee54324e3101040000545254320000000000000070000000009e224604
CAPTURE 1 24208483744 52540012340152540012340208004500004400000000401112990a002a020a002a0f109210920030067054324e3101020001545254320000007000000000000c00003ab9e624010000000000013400000070
CAPTURE 1 24248879616 525400123402525400123401080045000038a05f4000401132450a002a0f0a002a0210921092002445ee54324e3101040000545254320000000000000070000000009e224604
CAPTURE 1 24275649712 525400123402525400123401080045000044a0624000401132360a002a0f0a002a02109210920030c9ed54324e3101010001545254320000007100000000000c000086a1d671010000000000018000000071
CAPTURE 1 24293395696 52540012340152540012340208004500003800000000401112a50a002a020a002a0f1092109200244e7354324e31010400005452543200000000000000710000000089595247
CAPTURE 1 24295411184 52540012340152540012340208004500004400000000401112990a002a020a002a0f109210920030f85954324e3101020001545254320000007100000000000c0000e83546bc010000000000013400000071
CAPTURE 1 24334963200 525400123402525400123401080045000038a06740004011323d0a002a0f0a002a021092109200244e7354324e31010400005452543200000000000000710000000089595247
CAPTURE 1 24512043536 525400123401525400123402080045000040000000004011129d0a002a020a002a0f10921092002c2b2254324e310105000054525432000000000000000000080000eb9cbe5c0000000000005550
CAPTURE 1 24528854848 525400123402525400123401080045000044a0834000401132150a002a0f0a002a02109210920030cb2154324e3101010001545254320000007200000000000c00002a453198010000000000018000000072
CAPTURE 1 24548598112 52540012340152540012340208004500003800000000401112a50a002a020a002a0f1092109200240abc54324e310104000054525432000000000000007200000000b0d46e82
CAPTURE 1 24549415952 52540012340152540012340208004500004400000000401112990a002a020a002a0f109210920030412354324e3101020001545254320000007200000000000c000044d1a155010000000000013400000072
CAPTURE 1 24583187152 525400123402525400123401080045000040a08f40004011320d0a002a0f0a002a0210921092002c680854324e31010500005452543200000000000000000008000056fb2cf80000000000003e70
CAPTURE 1 24609059232 525400123402525400123401080045000038a0924000401132120a002a0f0a002a021092109200240abc54324e310104000054525432000000000000007200000000b0d46e82
CAPTURE 1 24629263104 525400123402525400123401080045000044a0964000401132020a002a0f0a002a021092109200309d3254324e3101010001545254320000007300000000000c0000f8c99100010000000000018000000073
CAPTURE 1 24646868304 52540012340152540012340208004500003800000000401112a50a002a020a002a0f10921092002407a154324e310104000054525432000000000000007300000000a7af7ac1
CAPTURE 1 24648674144 52540012340152540012340208004500004400000000401112990a002a020a002a0f1092109200308f1d54324e3101020001545254320000007300000000000c0000965d01cd010000000000013400000073
CAPTURE 1 24698653536 525400123402525400123401080045000038a0a44000401132000a002a0f0a002a0210921092002407a154324e310104000054525432000000000000007300000000a7af7ac1
CAPTURE 1 24725814992 525400123402525400123401080045000044a0a84000401131f00a002a0f0a002a0210921092003085f154324e3101010001545254320000007400000000000c0000a8fdf80b010000000000018000000074
CAPTURE 1 24743624992 52540012340152540012340208004500003800000000401112a50a002a020a002a0f1092109200244f3a54324e310104000054525432000000000000007400000000c3ce1708
CAPTURE 1 24744547584 52540012340152540012340208004500004400000000401112990a002a020a002a0f109210920030f81554324e3101020001545254320000007400000000000c0000c66968c6010000000000013400000074
CAPTURE 1 24789799408 525400123402525400123401080045000038a0af4000401131f50a002a0f0a002a021092109200244f3a54324e310104000054525432000000000000007400000000c3ce1708
CAPTURE 1 24817861008 525400123402525400123401080045000044a0b54000401131e30a002a0f0a002a0210921092003053f454324e3101010001545254320000007500000000000c00007a715893010000000000018000000075
CAPTURE 1 24835573904 52540012340152540012340208004500003800000000401112a50a002a020a002a0f109210920024520f54324e310104000054525432000000000000007500000000d4b5034b
CAPTURE 1 24836568656 52540012340152540012340208004500004400000000401112990a002a020a002a0f1092109200304a0054324e3101020001545254320000007500000000000c000014e5c85e010000000000013400000075
CAPTURE 1 24878175984 525400123402525400123401080045000038a0c24000401131e20a002a0f0a002a02109210920024520f54324e310104000054525432000000000000007500000000d4b5034b
CAPTURE 1 25070625936 525400123401525400123402080045000040000000004011129d0a002a020a002a0f10921092002c656854324e3101050000545254320000000000000000000800005f790e0a0000000000005780
CAPTURE 1 25078668560 525400123402525400123401080045000044a0cd4000401131cb0a002a0f0a002a0210921092003090e654324e3101010001545254320000007600000000000c0000d695bf7a010000000000018000000076
CAPTURE 1 25096621184 52540012340152540012340208004500003800000000401112a50a002a020a002a0f109210920024fd4754324e310104000054525432000000000000007600000000ed383f8e
CAPTURE 1 25097537184 52540012340152540012340208004500004400000000401112990a002a020a002a0f1092109200303f8954324e3101020001545254320000007600000000000c0000b8012fb7010000000000013400000076
CAPTURE 1 25131873744 525400123402525400123401080045000040a0d34000401131c90a002a0f0a002a0210921092002c8a7054324e310105000054525432000000000000000000080000d7f28769000000000000409f
CAPTURE 1 25157783536 525400123402525400123401080045000038a0d44000401131d00a002a0f0a002a02109210920024fd4754324e310104000054525432000000000000007600000000ed383f8e
CAPTURE 1 25177851376 525400123402525400123401080045000044a0d54000401131c30a002a0f0a002a0210921092003002fa54324e3101010001545254320000007700000000000c000004191fe2010000000000018000000077
CAPTURE 1 25195431904 52540012340152540012340208004500003800000000401112a50a002a020a002a0f10921092002403fd54324e310104000054525432000000000000007700000000fa432bcd
CAPTURE 1 25196545568 52540012340152540012340208004500004400000000401112990a002a020a002a0f1092109200302d8354324e3101020001545254320000007700000000000c00006a8d8f2f010000000000013400000077
CAPTURE 1 25247672448 525400123402525400123401080045000038a0e64000401131be0a002a0f0a002a0210921092002403fd54324e310104000054525432000000000000007700000000fa432bcd
CAPTURE 1 25278517712 525400123402525400123401080045000044a0ea4000401131ae0a002a0f0a002a02109210920030428954324e3101010001545254320000007800000000000c000076fd6d6c010000000000018000000078
CAPTURE 1 25296551712 52540012340152540012340208004500003800000000401112a50a002a020a002a0f1092109200241ff654324e31010400005452543200000000000000780000000025fae41c
CAPTURE 1 25299099856 52540012340152540012340208004500004400000000401112990a002a020a002a0f109210920030113354324e3101020001545254320000007800000000000c00001869fda1010000000000013400000078
CAPTURE 1 25350596224 525400123402525400123401080045000038a0f34000401131b10a002a0f0a002a021092109200241ff654324e31010400005452543200000000000000780000000025fae41c
CAPTURE 1 25367206528 525400123402525400123401080045000044a0f74000401131a10a002a0f0a002a02109210920030b48a54324e3101010001545254320000007900000000000c0000a471cdf4010000000000018000000079
CAPTURE 1 25380980336 52540012340152540012340208004500003800000000401112a50a002a020a002a0f109210920024072b54324e3101040000545254320000000000000079000000003281f05f
CAPTURE 1 25389207696 52540012340152540012340208004500004400000000401112990a002a020a002a0f109210920030ff1c54324e3101020001545254320000007900000000000c0000cae55d39010000000000013400000079
CAPTURE 1 25427056640 525400123402525400123401080045000038a0fe4000401131a60a002a0f0a002a02109210920024072b54324e3101040000545254320000000000000079000000003281f05f
CAPTURE 1 25631584704 525400123401525400123402080045000040000000004011129d0a002a020a002a0f10921092002cd66f54324e310105000054525432000000000000000000080000e723132800000000000059b0
CAPTURE 1 25653252784 525400123402525400123401080045000044a11a40004011317e0a002a0f0a002a02109210920030f43c54324e3101010001545254320000007a00000000000c000008952a1d01000000000001800000007a
CAPTURE 1 25671046128 52540012340152540012340208004500003800000000401112a50a002a020a002a0f109210920024526454324e310104000054525432000000000000007a000000000b0ccc9a
CAPTURE 1 25672649680 52540012340152540012340208004500004400000000401112990a002a020a002a0f109210920030066854324e3101020001545254320000007a00000000000c00006601bad001000000000001340000007a
CAPTURE 1 25707027056 525400123402525400123401080045000040a11e40004011317e0a002a0f0a002a0210921092002caff854324e3101050000545254320000000000000000000800009318a47b00000000000042df
CAPTURE 1 25733024064 525400123402525400123401080045000038a1214000401131830a002a0f0a002a02109210920024526454324e310104000054525432000000000000007a000000000b0ccc9a
CAPTURE 1 25753305856 525400123402525400123401080045000044a1264000401131720a002a0f0a002a02109210920030c24d54324e3101010001545254320000007b00000000000c0000da198a8501000000000001800000007b
CAPTURE 1 25768324416 52540012340152540012340208004500003800000000401112a50a002a020a002a0f10921092002434b954324e310104000054525432000000000000007b000000001c77d8d9
CAPTURE 1 25771962832 52540012340152540012340208004500004400000000401112990a002a020a002a0f109210920030586254324e3101020001545254320000007b00000000000c0000b48d1a4801000000000001340000007b
CAPTURE 1 25819012384 525400123402525400123401080045000038a12940004011317b0a002a0f0a002a0210921092002434b954324e310104000054525432000000000000007b000000001c77d8d9
CAPTURE 1 25853779936 525400123402525400123401080045000044a12e40004011316a0a002a0f0a002a02109210920030b92e54324e3101010001545254320000007c00000000000c00008a2de38e01000000000001800000007c
CAPTURE 1 25871243600 52540012340152540012340208004500003800000000401112a50a002a020a002a0f109210920024fce154324e310104000054525432000000000000007c000000007816b510
CAPTURE 1 25872674080 52540012340152540012340208004500004400000000401112990a002a020a002a0f109210920030cf3854324e3101020001545254320000007c00000000000c0000e4b9734301000000000001340000007c
CAPTURE 1 25914228096 525400123402525400123401080045000038a1304000401131740a002a0f0a002a02109210920024fce154324e310104000054525432000000000000007c000000007816b510
CAPTURE 1 25938982832 525400123402525400123401080045000044a1324000401131660a002a0f0a002a021092109200308b3154324e3101010001545254320000007d00000000000c000058a1431601000000000001800000007d
CAPTURE 1 25956531776 52540012340152540012340208004500003800000000401112a50a002a020a002a0f109210920024194754324e310104000054525432000000000000007d000000006f6da153
CAPTURE 1 25957354608 52540012340152540012340208004500004400000000401112990a002a020a002a0f1092109200301d2354324e3101020001545254320000007d00000000000c00003635d3db01000000000001340000007d
CAPTURE 1 25998560640 525400123402525400123401080045000038a1334000401131710a002a0f0a002a02109210920024194754324e310104000054525432000000000000007d000000006f6da153
CAPTURE 1 26212042656 525400123401525400123402080045000040000000004011129d0a002a020a002a0f10921092002c35af54324e310105000054525432000000000000000000080000a4a4f4230000000000005bf4
CAPTURE 1 26225839600 525400123402525400123401080045000044a13940004011315f0a002a0f0a002a021092109200308da154324e3101010001545254320000007e00000000000c0000f445a4ff01000000000001800000007e
CAPTURE 1 26243903840 52540012340152540012340208004500003800000000401112a50a002a020a002a0f109210920024359054324e310104000054525432000000000000007e0000000056e09d96
CAPTURE 1 26244587440 52540012340152540012340208004500004400000000401112990a002a020a002a0f109210920030582e54324e3101020001545254320000007e00000000000c00009ad1343201000000000001340000007e
CAPTURE 1 26278339376 525400123402525400123401080045000040a13f40004011315d0a002a0f0a002a0210921092002ca97754324e31010500005452543200000000000000000008000037570483000000000000451a
CAPTURE 1 26303881456 525400123402525400123401080045000038a1404000401131640a002a0f0a002a02109210920024359054324e310104000054525432000000000000007e0000000056e09d96
CAPTURE 1 26324862912 525400123402525400123401080045000044a1434000401131550a002a0f0a002a02109210920030fbb454324e3101010001545254320000007f00000000000c000026c9046701000000000001800000007f
CAPTURE 1 26342365200 52540012340152540012340208004500003800000000401112a50a002a020a002a0f1092109200245e9554324e310104000054525432000000000000007f00000000419b89d5
CAPTURE 1 26344195360 52540012340152540012340208004500004400000000401112990a002a020a002a0f1092109200304a2854324e3101020001545254320000007f00000000000c0000485d94aa01000000000001340000007f
CAPTURE 1 26384185712 525400123402525400123401080045000038a14d4000401131570a002a0f0a002a021092109200245e9554324e310104000054525432000000000000007f00000000419b89d5
CAPTURE 1 26423642560 525400123402525400123401080045000044a1554000401131430a002a0f0a002a02109210920030c82754324e3101010001545254320000008000000000000c000017ae470d010000000000018000000080
CAPTURE 1 26441372528 52540012340152540012340208004500003800000000401112a50a002a020a002a0f1092109200249b9254324e31010400005452543200000000000000800000000008d4859e
CAPTURE 1 26442260672 52540012340152540012340208004500004400000000401112990a002a020a002a0f109210920030d63254324e3101020001545254320000008000000000000c0000793ad7c0010000000000013400000080
CAPTURE 1 26483038032 525400123402525400123401080045000038a15c4000401131480a002a0f0a002a021092109200249b9254324e31010400005452543200000000000000800000000008d4859e
CAPTURE 1 26505692544 525400123402525400123401080045000044a15e40004011313a0a002a0f0a002a021092109200307a2854324e3101010001545254320000008100000000000c0000c522e795010000000000018000000081
CAPTURE 1 26518389904 52540012340152540012340208004500003800000000401112a50a002a020a002a0f109210920024787754324e3101040000545254320000000000000081000000001faf91dd
CAPTURE 1 26524332256 52540012340152540012340208004500004400000000401112990a002a020a002a0f109210920030041d54324e3101020001545254320000008100000000000c0000abb67758010000000000013400000081
CAPTURE 1 26574990720 525400123402525400123401080045000038a1614000401131430a002a0f0a002a02109210920024787754324e3101040000545254320000000000000081000000001faf91dd
CAPTURE 1 26777329856 525400123401525400123402080045000040000000004011129d0a002a020a002a0f10921092002cd0bb54324e310105000054525432000000000000000000080000bfd53bac0000000000005e2e
CAPTURE 1 26782746464 525400123402525400123401080045000044a1744000401131240a002a0f0a002a02109210920030bc9c54324e3101010001545254320000008200000000000c000069c6007c010000000000018000000082
CAPTURE 1 26800439248 52540012340152540012340208004500003800000000401112a50a002a020a002a0f10921092002456c854324e3101040000545254320000000000000082000000002622ad18
CAPTURE 1 26801236832 52540012340152540012340208004500004400000000401112990a002a020a002a0f1092109200308f2654324e3101020001545254320000008200000000000c0000075290b1010000000000013400000082
CAPTURE 1 26835975264 525400123402525400123401080045000040a1794000401131230a002a0f0a002a0210921092002c0c4654324e310105000054525432000000000000000000080000800456d90000000000004748
CAPTURE 1 26861929744 525400123402525400123401080045000038a17b4000401131290a002a0f0a002a0210921092002456c854324e3101040000545254320000000000000082000000002622ad18
CAPTURE 1 26881984656 525400123402525400123401080045000044a1804000401131180a002a0f0a002a02109210920030caad54324e3101010001545254320000008300000000000c0000bb4aa0e4010000000000018000000083
CAPTURE 1 26899753456 52540012340152540012340208004500003800000000401112a50a002a020a002a0f1092109200243f4d54324e3101040000545254320000000000000083000000003159b95b
CAPTURE 1 26900574576 52540012340152540012340208004500004400000000401112990a002a020a002a0f109210920030212054324e3101020001545254320000008300000000000c0000d5de3029010000000000013400000083
CAPTURE 1 26952809904 525400123402525400123401080045000038a18640004011311e0a002a0f0a002a021092109200243f4d54324e3101040000545254320000000000000083000000003159b95b
CAPTURE 1 26982671376 525400123402525400123401080045000044a18a40004011310e0a002a0f0a002a02109210920030716c54324e3101010001545254320000008400000000000c0000eb7ec9ef010000000000018000000084
CAPTURE 1 27000193136 52540012340152540012340208004500003800000000401112a50a002a020a002a0f109210920024003654324e3101040000545254320000000000000084000000005538d492
CAPTURE 1 27001000736 52540012340152540012340208004500004400000000401112990a002a020a002a0f109210920030481954324e3101020001545254320000008400000000000c000085ea5922010000000000013400000084
CAPTURE 1 27052724704 525400123402525400123401080045000038a18d4000401131170a002a0f0a002a02109210920024003654324e3101040000545254320000000000000084000000005538d492
CAPTURE 1 27073045024 525400123402525400123401080045000044a1924000401131060a002a0f0a002a02109210920030836f54324e3101010001545254320000008500000000000c000039f26977010000000000018000000085
CAPTURE 1 27090583344 52540012340152540012340208004500003800000000401112a50a002a020a002a0f10921092002426eb54324e3101040000545254320000000000000085000000004243c0d1
CAPTURE 1 27092528592 52540012340152540012340208004500004400000000401112990a002a020a002a0f109210920030d60254324e3101020001545254320000008500000000000c00005766f9ba010000000000013400000085
CAPTURE 1 27132235872 525400123402525400123401080045000038a19740004011310d0a002a0f0a002a0210921092002426eb54324e3101040000545254320000000000000085000000004243c0d1
CAPTURE 1 27333085280 525400123401525400123402080045000040000000004011129d0a002a020a002a0f10921092002cca0a54324e310105000054525432000000000000000000080000ae1551ed000000000000605e
CAPTURE 1 27353244400 525400123402525400123401080045000044a1994000401130ff0a002a0f0a002a02109210920030032254324e3101010001545254320000008600000000000c000095168e9e010000000000018000000086
CAPTURE 1 27371014544 52540012340152540012340208004500003800000000401112a50a002a020a002a0f109210920024b21b54324e3101040000545254320000000000000086000000007bcefc14
CAPTURE 1 27372683392 52540012340152540012340208004500004400000000401112990a002a020a002a0f1092109200300d4c54324e3101020001545254320000008600000000000c0000fb821e53010000000000013400000086
CAPTURE 1 27406556128 525400123402525400123401080045000040a1a44000401130f80a002a0f0a002a0210921092002c6e4854324e3101050000545254320000000000000000000800001231606f0000000000004983
CAPTURE 1 27432274016 525400123402525400123401080045000038a1aa4000401130fa0a002a0f0a002a02109210920024b21b54324e3101040000545254320000000000000086000000007bcefc14
CAPTURE 1 27451942032 525400123402525400123401080045000044a1ab4000401130ed0a002a0f0a002a02109210920030b13454324e3101010001545254320000008700000000000c0000479a2e06010000000000018000000087
CAPTURE 1 27470384096 52540012340152540012340208004500003800000000401112a50a002a020a002a0f109210920024d4f054324e3101040000545254320000000000000087000000006cb5e857
CAPTURE 1 27470976096 52540012340152540012340208004500004400000000401112990a002a020a002a0f1092109200303f4654324e3101020001545254320000008700000000000c0000290ebecb010000000000013400000087
CAPTURE 1 27510640240 525400123402525400123401080045000038a1b14000401130f30a002a0f0a002a02109210920024d4f054324e3101040000545254320000000000000087000000006cb5e857
CAPTURE 1 27549806464 525400123402525400123401080045000044a1b34000401130e50a002a0f0a002a0210921092003094cc54324e3101010001545254320000008800000000000c0000357e5c88010000000000018000000088
CAPTURE 1 27568134192 52540012340152540012340208004500003800000000401112a50a002a020a002a0f1092109200244f6a54324e310104000054525432000000000000008800000000b30c2786
CAPTURE 1 27569148864 52540012340152540012340208004500004400000000401112990a002a020a002a0f109210920030feed54324e3101020001545254320000008800000000000c00005beacc45010000000000013400000088
CAPTURE 1 27608742000 525400123402525400123401080045000038a1c04000401130e40a002a0f0a002a021092109200244f6a54324e310104000054525432000000000000008800000000b30c2786
CAPTURE 1 27631704432 525400123402525400123401080045000044a1c44000401130d40a002a0f0a002a0210921092003042cd54324e3101010001545254320000008900000000000c0000e7f2fc10010000000000018000000089
CAPTURE 1 27650334448 52540012340152540012340208004500003800000000401112a50a002a020a002a0f10921092002451bf54324e310104000054525432000000000000008900000000a47733c5
CAPTURE 1 27650941824 52540012340152540012340208004500004400000000401112990a002a020a002a0f10921092003030d854324e3101020001545254320000008900000000000c000089666cdd010000000000013400000089
CAPTURE 1 27690733776 525400123402525400123401080045000038a1c74000401130dd0a002a0f0a002a0210921092002451bf54324e310104000054525432000000000000008900000000a47733c5
CAPTURE 1 27906576336 525400123401525400123402080045000040000000004011129d0a002a020a002a0f10921092002c84c454324e310105000054525432000000000000000000080000ee2454ea0000000000006298
CAPTURE 1 27922422048 525400123402525400123401080045000044a1f64000401130a20a002a0f0a002a02109210920030bfbf54324e3101010001545254320000008a00000000000c00004b161bf901000000000001800000008a
CAPTURE 1 27944946400 52540012340152540012340208004500003800000000401112a50a002a020a002a0f1092109200247d0054324e310104000054525432000000000000008a000000009dfa0f00
CAPTURE 1 27946386992 52540012340152540012340208004500004400000000401112990a002a020a002a0f109210920030766354324e3101020001545254320000008a00000000000c000025828b3401000000000001340000008a
CAPTURE 1 27985418336 525400123402525400123401080045000040a2034000401130990a002a0f0a002a0210921092002c61dd54324e310105000054525432000000000000000000080000910cebc90000000000004bb8
CAPTURE 1 28010568544 525400123402525400123401080045000038a20640004011309e0a002a0f0a002a021092109200247d0054324e310104000054525432000000000000008a000000009dfa0f00
CAPTURE 1 28031153024 525400123402525400123401080045000044a2084000401130900a002a0f0a002a02109210920030d1d054324e3101010001545254320000008b00000000000c0000999abb6101000000000001800000008b
CAPTURE 1 28048872448 52540012340152540012340208004500003800000000401112a50a002a020a002a0f109210920024843554324e310104000054525432000000000000008b000000008a811b43
CAPTURE 1 28050747584 52540012340152540012340208004500004400000000401112990a002a020a002a0f109210920030045d54324e3101020001545254320000008b00000000000c0000f70e2bac01000000000001340000008b
CAPTURE 1 28090465184 525400123402525400123401080045000038a2114000401130930a002a0f0a002a02109210920024843554324e310104000054525432000000000000008b000000008a811b43
CAPTURE 1 28127880608 525400123402525400123401080045000044a2174000401130810a002a0f0a002a021092109200308ab154324e3101010001545254320000008c00000000000c0000c9aed26a01000000000001800000008c
CAPTURE 1 28145496864 52540012340152540012340208004500003800000000401112a50a002a020a002a0f109210920024c48d54324e310104000054525432000000000000008c00000000eee0768a
CAPTURE 1 28147278368 52540012340152540012340208004500004400000000401112990a002a020a002a0f1092109200303d3454324e3101020001545254320000008c00000000000c0000a73a42a701000000000001340000008c
CAPTURE 1 28186789568 525400123402525400123401080045000038a2234000401130810a002a0f0a002a02109210920024c48d54324e310104000054525432000000000000008c00000000eee0768a
CAPTURE 1 28211818208 525400123402525400123401080045000044a2244000401130740a002a0f0a002a0210921092003098b454324e3101010001545254320000008d00000000000c00001b2272f201000000000001800000008d
CAPTURE 1 28228392528 52540012340152540012340208004500003800000000401112a50a002a020a002a0f109210920024cd9254324e310104000054525432000000000000008d00000000f99b62c9
CAPTURE 1 28230244752 52540012340152540012340208004500004400000000401112990a002a020a002a0f109210920030cf1d54324e3101020001545254320000008d00000000000c000075b6e23f01000000000001340000008d
CAPTURE 1 28270759536 525400123402525400123401080045000038a22640004011307e0a002a0f0a002a02109210920024cd9254324e310104000054525432000000000000008d00000000f99b62c9
CAPTURE 1 28479350000 525400123401525400123402080045000040000000004011129d0a002a020a002a0f10921092002c3b4054324e3101050000545254320000000000000000000800002e775be200000000000064d2
CAPTURE 1 28492906144 525400123402525400123401080045000044a2334000401130650a002a0f0a002a02109210920030d9e454324e3101010001545254320000008e00000000000c0000b7c6951b01000000000001800000008e
CAPTURE 1 28511541792 52540012340152540012340208004500003800000000401112a50a002a020a002a0f1092109200240bd454324e310104000054525432000000000000008e00000000c0165e0c
CAPTURE 1 28512153728 52540012340152540012340208004500004400000000401112990a002a020a002a0f10921092003047e954324e3101020001545254320000008e00000000000c0000d95205d601000000000001340000008e
CAPTURE 1 28547615712 525400123402525400123401080045000040a2354000401130670a002a0f0a002a0210921092002c128b54324e310105000054525432000000000000000000080000ac3d1dbb0000000000004de8
CAPTURE 1 28573744176 525400123402525400123401080045000038a23b4000401130690a002a0f0a002a021092109200240bd454324e310104000054525432000000000000008e00000000c0165e0c
CAPTURE 1 28594062496 525400123402525400123401080045000044a23c40004011305c0a002a0f0a002a021092109200308bf754324e3101010001545254320000008f00000000000c0000654a358301000000000001800000008f
CAPTURE 1 28612584864 52540012340152540012340208004500003800000000401112a50a002a020a002a0f109210920024083954324e310104000054525432000000000000008f00000000d76d4a4f
CAPTURE 1 28613370592 52540012340152540012340208004500004400000000401112990a002a020a002a0f10921092003075e354324e3101020001545254320000008f00000000000c00000bdea54e01000000000001340000008f
CAPTURE 1 28655371664 525400123402525400123401080045000038a24540004011305f0a002a0f0a002a02109210920024083954324e310104000054525432000000000000008f00000000d76d4a4f
CAPTURE 1 28694113232 525400123402525400123401080045000044a2474000401130510a002a0f0a002a0210921092003064ad54324e3101010001545254320000009000000000000c0000520e7007010000000000018000000090
CAPTURE 1 28711834320 52540012340152540012340208004500003800000000401112a50a002a020a002a0f109210920024bdf054324e310104000054525432000000000000009000000000a414c7ef
CAPTURE 1 28712627104 52540012340152540012340208004500004400000000401112990a002a020a002a0f10921092003009a954324e3101020001545254320000009000000000000c00003c9ae0ca010000000000013400000090
CAPTURE 1 28754043328 525400123402525400123401080045000038a2524000401130520a002a0f0a002a02109210920024bdf054324e310104000054525432000000000000009000000000a414c7ef
CAPTURE 1 28774470112 525400123402525400123401080045000044a2554000401130430a002a0f0a002a02109210920030d59e54324e3101010001545254320000009100000000000c00008082d09f010000000000018000000091
CAPTURE 1 28792195344 52540012340152540012340208004500003800000000401112a50a002a020a002a0f109210920024a2d754324e310104000054525432000000000000009100000000b36fd3ac
CAPTURE 1 28793013152 52540012340152540012340208004500004400000000401112990a002a020a002a0f109210920030f8a254324e3101020001545254320000009100000000000c0000ee164052010000000000013400000091
CAPTURE 1 28834514304 525400123402525400123401080045000038a25b4000401130490a002a0f0a002a02109210920024a2d754324e310104000054525432000000000000009100000000b36fd3ac
CAPTURE 1 29031029984 525400123401525400123402080045000040000000004011129d0a002a020a002a0f10921092002c0ac254324e310105000054525432000000000000000000080000c7faf0b600000000000066f8
CAPTURE 1 29053042480 525400123402525400123401080045000044a2724000401130260a002a0f0a002a02109210920030c2e254324e3101010001545254320000009200000000000c00002c663776010000000000018000000092
CAPTURE 1 29070637120 52540012340152540012340208004500003800000000401112a50a002a020a002a0f109210920024afa654324e3101040000545254320000000000000092000000008ae2ef69
CAPTURE 1 29072565936 52540012340152540012340208004500004400000000401112990a002a020a002a0f1092109200303c5c54324e3101020001545254320000009200000000000c000042f2a7bb010000000000013400000092
CAPTURE 1 29106833840 525400123402525400123401080045000040a2754000401130270a002a0f0a002a0210921092002c67ab54324e310105000054525432000000000000000000080000eeec83bb0000000000005018
CAPTURE 1 29132860736 525400123402525400123401080045000038a27c4000401130280a002a0f0a002a02109210920024afa654324e3101040000545254320000000000000092000000008ae2ef69
CAPTURE 1 29152230256 525400123402525400123401080045000044a27d40004011301b0a002a0f0a002a021092109200308fe354324e3101010001545254320000009300000000000c0000feea97ee010000000000018000000093
CAPTURE 1 29156864192 52540012340152540012340208004500003800000000401112a50a002a020a002a0f109210920024912d54324e3101040000545254320000000000000093000000009d99fb2a
CAPTURE 1 29170953040 52540012340152540012340208004500004400000000401112990a002a020a002a0f1092109200308f6654324e3101020001545254320000009300000000000c0000907e0723010000000000013400000093
CAPTURE 1 29218742928 525400123402525400123401080045000038a28d4000401130170a002a0f0a002a02109210920024912d54324e3101040000545254320000000000000093000000009d99fb2a
CAPTURE 1 29253793152 525400123402525400123401080045000044a28e40004011300a0a002a0f0a002a0210921092003078f654324e3101010001545254320000009400000000000c0000aedefee5010000000000018000000094
CAPTURE 1 29271921152 52540012340152540012340208004500003800000000401112a50a002a020a002a0f109210920024991454324e310104000054525432000000000000009400000000f9f896e3
CAPTURE 1 29272702752 52540012340152540012340208004500004400000000401112990a002a020a002a0f109210920030f89254324e3101020001545254320000009400000000000c0000c04a6e28010000000000013400000094
CAPTURE 1 29324935200 525400123402525400123401080045000038a29c4000401130080a002a0f0a002a02109210920024991454324e310104000054525432000000000000009400000000f9f896e3
CAPTURE 1 29345100864 525400123402525400123401080045000044a29e400040112ffa0a002a0f0a002a021092109200304be954324e3101010001545254320000009500000000000c00007c525e7d010000000000018000000095
CAPTURE 1 29362949984 52540012340152540012340208004500003800000000401112a50a002a020a002a0f109210920024b8cb54324e310104000054525432000000000000009500000000ee8382a0
CAPTURE 1 29364562960 52540012340152540012340208004500004400000000401112990a002a020a002a0f109210920030458d54324e3101020001545254320000009500000000000c000012c6ceb0010000000000013400000095
CAPTURE 1 29408700448 525400123402525400123401080045000038a2ac400040112ff80a002a0f0a002a02109210920024b8cb54324e310104000054525432000000000000009500000000ee8382a0
CAPTURE 1 29610629456 525400123401525400123402080045000040000000004011129d0a002a020a002a0f10921092002cf9f254324e310105000054525432000000000000000000080000dc6bead0000000000000693c
CAPTURE 1 29620830272 525400123402525400123401080045000044a2df400040112fb90a002a0f0a002a021092109200309c6b54324e3101010001545254320000009600000000000c0000d0b6b994010000000000018000000096
CAPTURE 1 29638867568 52540012340152540012340208004500003800000000401112a50a002a020a002a0f109210920024947a54324e310104000054525432000000000000009600000000d70ebe65
CAPTURE 1 29639476992 52540012340152540012340208004500004400000000401112990a002a020a002a0f1092109200303f8654324e3101020001545254320000009600000000000c0000be222959010000000000013400000096
CAPTURE 1 29673497424 525400123402525400123401080045000040a2e4400040112fb80a002a0f0a002a0210921092002c438f54324e3101050000545254320000000000000000000800004ad349b70000000000005252
CAPTURE 1 29698788128 525400123402525400123401080045000038a2e5400040112fbf0a002a0f0a002a02109210920024947a54324e310104000054525432000000000000009600000000d70ebe65
CAPTURE 1 29715226576 525400123402525400123401080045000044a2e8400040112fb00a002a0f0a002a021092109200300b6f54324e3101010001545254320000009700000000000c0000023a190c010000000000018000000097
CAPTURE 1 29721032768 52540012340152540012340208004500003800000000401112a50a002a020a002a0f109210920024bf5154324e310104000054525432000000000000009700000000c075aa26
CAPTURE 1 29728396080 52540012340152540012340208004500004400000000401112990a002a020a002a0f109210920030309054324e3101020001545254320000009700000000000c00006cae89c1010000000000013400000097
CAPTURE 1 29767659392 525400123402525400123401080045000038a2ef400040112fb50a002a0f0a002a02109210920024bf5154324e310104000054525432000000000000009700000000c075aa26
CAPTURE 1 29819472656 525400123402525400123401080045000044a2fb400040112f9d0a002a0f0a002a021092109200304a5254324e3101010001545254320000009800000000000c000070de6b82010000000000018000000098
CAPTURE 1 29839062192 52540012340152540012340208004500003800000000401112a50a002a020a002a0f109210920024a42954324e3101040000545254320000000000000098000000001fcc65f7
CAPTURE 1 29839650016 52540012340152540012340208004500004400000000401112990a002a020a002a0f1092109200300d6454324e3101020001545254320000009800000000000c00001e4afb4f010000000000013400000098
CAPTURE 1 29878950496 525400123402525400123401080045000038a308400040112f9c0a002a0f0a002a02109210920024a42954324e3101040000545254320000000000000098000000001fcc65f7
CAPTURE 1 29899607616 525400123402525400123401080045000044a30c400040112f8c0a002a0f0a002a02109210920030b94354324e3101010001545254320000009900000000000c0000a252cb1a010000000000018000000099
CAPTURE 1 29918174448 52540012340152540012340208004500003800000000401112a50a002a020a002a0f109210920024af8054324e31010400005452543200000000000000990000000008b771b4
CAPTURE 1 29918761632 52540012340152540012340208004500004400000000401112990a002a020a002a0f109210920030fe5d54324e3101020001545254320000009900000000000c0000ccc65bd7010000000000013400000099
CAPTURE 1 29958765312 525400123402525400123401080045000038a318400040112f8c0a002a0f0a002a02109210920024af8054324e31010400005452543200000000000000990000000008b771b4
CAPTURE 1 30179629728 525400123401525400123402080045000040000000004011129d0a002a020a002a0f10921092002c25c554324e310105000054525432000000000000000000080000785420dc0000000000006b76
CAPTURE 1 30193083456 525400123402525400123401080045000044a321400040112f770a002a0f0a002a02109210920030eb0554324e3101010001545254320000009a00000000000c00000eb62cf301000000000001800000009a
CAPTURE 1 30210435072 52540012340152540012340208004500003800000000401112a50a002a020a002a0f109210920024ab3f54324e310104000054525432000000000000009a00000000313a4d71
CAPTURE 1 30212334176 52540012340152540012340208004500004400000000401112990a002a020a002a0f1092109200300a9954324e3101020001545254320000009a00000000000c00006022bc3e01000000000001340000009a
CAPTURE 1 30250173152 525400123402525400123401080045000040a325400040112f770a002a0f0a002a0210921092002c461b54324e3101050000545254320000000000000000000800007de211e2000000000000548c
CAPTURE 1 30284284160 525400123402525400123401080045000038a32d400040112f770a002a0f0a002a02109210920024ab3f54324e310104000054525432000000000000009a00000000313a4d71
CAPTURE 1 30304309664 525400123402525400123401080045000044a32f400040112f690a002a0f0a002a02109210920030be0654324e3101010001545254320000009b00000000000c0000dc3a8c6b01000000000001800000009b
CAPTURE 1 30308273920 52540012340152540012340208004500003800000000401112a50a002a020a002a0f109210920024aa7654324e310104000054525432000000000000009b0000000026415932
CAPTURE 1 30309209120 52540012340152540012340208004500004400000000401112990a002a020a002a0f10921092003057a354324e3101020001545254320000009b00000000000c0000b2ae1ca601000000000001340000009b
CAPTURE 1 30369595792 525400123402525400123401080045000038a338400040112f6c0a002a0f0a002a02109210920024aa7654324e310104000054525432000000000000009b0000000026415932
CAPTURE 1 30405767344 525400123402525400123401080045000044a33a400040112f5e0a002a0f0a002a02109210920030b53b54324e3101010001545254320000009c00000000000c00008c0ee56001000000000001800000009c
CAPTURE 1 30424017360 52540012340152540012340208004500003800000000401112a50a002a020a002a0f109210920024b2cd54324e310104000054525432000000000000009c00000000422034fb
CAPTURE 1 30424721776 52540012340152540012340208004500004400000000401112990a002a020a002a0f109210920030cead54324e3101020001545254320000009c00000000000c0000e29a75ad01000000000001340000009c
CAPTURE 1 30464581904 525400123402525400123401080045000038a347400040112f5d0a002a0f0a002a02109210920024b2cd54324e310104000054525432000000000000009c00000000422034fb
CAPTURE 1 30490649072 525400123402525400123401080045000044a34a400040112f4e0a002a0f0a002a02109210920030822e54324e3101010001545254320000009d00000000000c00005e8245f801000000000001800000009d
CAPTURE 1 30508738688 52540012340152540012340208004500003800000000401112a50a002a020a002a0f109210920024b3d454324e310104000054525432000000000000009d00000000555b20b8
CAPTURE 1 30510705760 52540012340152540012340208004500004400000000401112990a002a020a002a0f10921092003021a854324e3101020001545254320000009d00000000000c00003016d53501000000000001340000009d
CAPTURE 1 30551206000 525400123402525400123401080045000038a357400040112f4d0a002a0f0a002a02109210920024b3d454324e310104000054525432000000000000009d00000000555b20b8
CAPTURE 1 30729149328 525400123401525400123402080045000040000000004011129d0a002a020a002a0f10921092002cc1c154324e3101050000545254320000000000000000000800006ed18c3c0000000000006d9c
CAPTURE 1 30745193776 525400123402525400123401080045000044a36d400040112f2b0a002a0f0a002a02109210920030922e54324e3101010001545254320000009e00000000000c0000f266a21101000000000001800000009e
CAPTURE 1 30767517392 52540012340152540012340208004500003800000000401112a50a002a020a002a0f109210920024a09354324e310104000054525432000000000000009e000000006cd61c7d
CAPTURE 1 30768187872 52540012340152540012340208004500004400000000401112990a002a020a002a0f109210920030572354324e3101020001545254320000009e00000000000c00009cf232dc01000000000001340000009e
CAPTURE 1 30801780640 525400123402525400123401080045000040a37b400040112f210a002a0f0a002a0210921092002c26d654324e310105000054525432000000000000000000080000690d43cc00000000000056bc
CAPTURE 1 30826816544 525400123402525400123401080045000038a37e400040112f260a002a0f0a002a02109210920024a09354324e310104000054525432000000000000009e000000006cd61c7d
CAPTURE 1 30848862960 525400123402525400123401080045000044a37f400040112f190a002a0f0a002a02109210920030033254324e3101010001545254320000009f00000000000c000020ea028901000000000001800000009f
CAPTURE 1 30867020208 52540012340152540012340208004500003800000000401112a50a002a020a002a0f109210920024a5fa54324e310104000054525432000000000000009f000000007bad083e
CAPTURE 1 30867618720 52540012340152540012340208004500004400000000401112990a002a020a002a0f109210920030462d54324e3101020001545254320000009f00000000000c00004e7e924401000000000001340000009f
CAPTURE 1 30898451504 525400123402525400123401080045000038a381400040112f230a002a0f0a002a02109210920024a5fa54324e310104000054525432000000000000009f000000007bad083e
CAPTURE 1 30947190064 525400123402525400123401080045000044a382400040112f160a002a0f0a002a02109210920030609b54324e310101000154525432000000a000000000000c00009cee29190100000000000180000000a0
CAPTURE 1 30964914752 52540012340152540012340208004500003800000000401112a50a002a020a002a0f109210920024988254324e31010400005452543200000000000000a0000000008a25073d
CAPTURE 1 30966738320 52540012340152540012340208004500004400000000401112990a002a020a002a0f1092109200307a9e54324e310102000154525432000000a000000000000c0000f27ab9d40100000000000134000000a0
CAPTURE 1 31006832256 525400123402525400123401080045000038a391400040112f130a002a0f0a002a02109210920024988254324e31010400005452543200000000000000a0000000008a25073d
CAPTURE 1 31026848672 525400123402525400123401080045000044a394400040112f040a002a0f0a002a021092109200304ebd54324e310101000154525432000000a100000000000c00004e6289810100000000000180000000a1
CAPTURE 1 31044460560 52540012340152540012340208004500003800000000401112a50a002a020a002a0f109210920024790754324e31010400005452543200000000000000a1000000009d5e137e
CAPTURE 1 31045257952 52540012340152540012340208004500004400000000401112990a002a020a002a0f109210920030eca954324e310102000154525432000000a100000000000c000020f6194c0100000000000134000000a1
CAPTURE 1 31089573760 525400123402525400123401080045000038a399400040112f0b0a002a0f0a002a02109210920024790754324e31010400005452543200000000000000a1000000009d5e137e
CAPTURE 1 31303938416 525400123401525400123402080045000040000000004011129d0a002a020a002a0f10921092002ca97654324e310105000054525432000000000000000000080000caee46300000000000006fd6
CAPTURE 1 31324052576 525400123402525400123401080045000044a3a4400040112ef40a002a0f0a002a02109210920030d5af54324e310101000154525432000000a200000000000c0000e2866e680100000000000180000000a2
CAPTURE 1 31328710304 52540012340152540012340208004500003800000000401112a50a002a020a002a0f109210920024555454324e31010400005452543200000000000000a200000000a4d32fbb
CAPTURE 1 31344343776 52540012340152540012340208004500004400000000401112990a002a020a002a0f1092109200309c3154324e310102000154525432000000a200000000000c00008c12fea50100000000000134000000a2
CAPTURE 1 31382029632 525400123402525400123401080045000040a3b3400040112ee90a002a0f0a002a0210921092002c048554324e3101050000545254320000000000000000000800002c42a0a40000000000005900
CAPTURE 1 31407672736 525400123402525400123401080045000038a3b5400040112eef0a002a0f0a002a02109210920024555454324e31010400005452543200000000000000a200000000a4d32fbb
CAPTURE 1 31427858720 525400123402525400123401080045000044a3b9400040112edf0a002a0f0a002a0210921092003027a254324e310101000154525432000000a300000000000c0000300acef00100000000000180000000a3
CAPTURE 1 31445976560 52540012340152540012340208004500003800000000401112a50a002a020a002a0f1092109200243a4154324e31010400005452543200000000000000a300000000b3a83bf8
CAPTURE 1 31447888816 52540012340152540012340208004500004400000000401112990a002a020a002a0f1092109200306a0c54324e310102000154525432000000a300000000000c00005e9e5e3d0100000000000134000000a3
CAPTURE 1 31488132672 525400123402525400123401080045000038a3bf400040112ee50a002a0f0a002a021092109200243a4154324e31010400005452543200000000000000a300000000b3a83bf8
CAPTURE 1 31528179040 525400123402525400123401080045000044a3c8400040112ed00a002a0f0a002a021092109200301e6154324e310101000154525432000000a400000000000c0000603ea7fb0100000000000180000000a4
CAPTURE 1 31532765696 52540012340152540012340208004500003800000000401112a50a002a020a002a0f109210920024fbe554324e31010400005452543200000000000000a400000000d7c95631
CAPTURE 1 31546893424 52540012340152540012340208004500004400000000401112990a002a020a002a0f109210920030e10554324e310102000154525432000000a400000000000c00000eaa37360100000000000134000000a4
CAPTURE 1 31589217184 525400123402525400123401080045000038a3ce400040112ed60a002a0f0a002a02109210920024fbe554324e31010400005452543200000000000000a400000000d7c95631
CAPTURE 1 31609484704 525400123402525400123401080045000044a3cf400040112ec90a002a0f0a002a021092109200306c8354324e310101000154525432000000a500000000000c0000b2b207630100000000000180000000a5
CAPTURE 1 31627793968 52540012340152540012340208004500003800000000401112a50a002a020a002a0f10921092002426bb54324e31010400005452543200000000000000a500000000c0b24272
CAPTURE 1 31628512496 52540012340152540012340208004500004400000000401112990a002a020a002a0f109210920030b30e54324e310102000154525432000000a500000000000c0000dc2697ae0100000000000134000000a5
CAPTURE 1 31668991008 525400123402525400123401080045000038a3d3400040112ed10a002a0f0a002a0210921092002426bb54324e31010400005452543200000000000000a500000000c0b24272
CAPTURE 1 31854445264 525400123401525400123402080045000040000000004011129d0a002a020a002a0f10921092002c432154324e310105000054525432000000000000000000080000c514b03900000000000071fc
CAPTURE 1 31881040288 525400123402525400123401080045000044a404400040112e940a002a0f0a002a0210921092003027b654324e310101000154525432000000a600000000000c00001e56e08a0100000000000180000000a6
CAPTURE 1 31899508416 52540012340152540012340208004500003800000000401112a50a002a020a002a0f109210920024b1e754324e31010400005452543200000000000000a600000000f93f7eb7
CAPTURE 1 31900124048 52540012340152540012340208004500004400000000401112990a002a020a002a0f10921092003045d854324e310102000154525432000000a600000000000c000070c270470100000000000134000000a6
CAPTURE 1 31934306640 525400123402525400123401080045000040a410400040112e8c0a002a0f0a002a0210921092002c64ef54324e310105000054525432000000000000000000080000d6a393a60000000000005b32
CAPTURE 1 31959923632 525400123402525400123401080045000038a413400040112e910a002a0f0a002a02109210920024b1e754324e31010400005452543200000000000000a600000000f93f7eb7
CAPTURE 1 31980262192 525400123402525400123401080045000044a414400040112e840a002a0f0a002a0210921092003019a854324e310101000154525432000000a700000000000c0000ccda40120100000000000180000000a7
CAPTURE 1 31984686688 52540012340152540012340208004500003800000000401112a50a002a020a002a0f109210920024d0a454324e31010400005452543200000000000000a700000000ee446af4
CAPTURE 1 31998260192 52540012340152540012340208004500004400000000401112990a002a020a002a0f109210920030b3b154324e310102000154525432000000a700000000000c0000a24ed0df0100000000000134000000a7
CAPTURE 1 32037320944 525400123402525400123401080045000038a423400040112e810a002a0f0a002a02109210920024d0a454324e31010400005452543200000000000000a700000000ee446af4
CAPTURE 1 32076613904 525400123402525400123401080045000044a42b400040112e6d0a002a0f0a002a0210921092003035b854324e310101000154525432000000a800000000000c0000be3e329c0100000000000180000000a8
CAPTURE 1 32094209152 52540012340152540012340208004500003800000000401112a50a002a020a002a0f10921092002452ba54324e31010400005452543200000000000000a80000000031fda525
CAPTURE 1 32096149344 52540012340152540012340208004500004400000000401112990a002a020a002a0f109210920030b3e154324e310102000154525432000000a800000000000c0000d0aaa2510100000000000134000000a8
CAPTURE 1 32136194128 525400123402525400123401080045000038a437400040112e6d0a002a0f0a002a0210921092002452ba54324e31010400005452543200000000000000a80000000031fda525
CAPTURE 1 32157741776 525400123402525400123401080045000044a43b400040112e5d0a002a0f0a002a0210921092003027da54324e310101000154525432000000a900000000000c00006cb292040100000000000180000000a9
CAPTURE 1 32175328064 52540012340152540012340208004500003800000000401112a50a002a020a002a0f10921092002451ef54324e31010400005452543200000000000000a9000000002686b166
CAPTURE 1 32176552160 52540012340152540012340208004500004400000000401112990a002a020a002a0f10921092003021ed54324e310102000154525432000000a900000000000c0000022602c90100000000000134000000a9
CAPTURE 1 32221741248 525400123402525400123401080045000038a447400040112e5d0a002a0f0a002a0210921092002451ef54324e31010400005452543200000000000000a9000000002686b166
CAPTURE 1 32430517456 525400123401525400123402080045000040000000004011129d0a002a020a002a0f10921092002c7f9b54324e3101050000545254320000000000000000000800007ab4bbdb0000000000007440
CAPTURE 1 32442569008 525400123402525400123401080045000044a45c400040112e3c0a002a0f0a002a02109210920030f04a54324e310101000154525432000000aa00000000000c0000c05675ed0100000000000180000000aa
CAPTURE 1 32460762016 52540012340152540012340208004500003800000000401112a50a002a020a002a0f1092109200247d2c54324e31010400005452543200000000000000aa000000001f0b8da3
CAPTURE 1 32462029072 52540012340152540012340208004500004400000000401112990a002a020a002a0f10921092003092f654324e310102000154525432000000aa00000000000c0000aec2e5200100000000000134000000aa
CAPTURE 1 32497534736 525400123402525400123401080045000040a468400040112e340a002a0f0a002a0210921092002c669854324e31010500005452543200000000000000000008000075f6f0770000000000005d65
CAPTURE 1 32523208544 525400123402525400123401080045000038a46e400040112e360a002a0f0a002a021092109200247d2c54324e31010400005452543200000000000000aa000000001f0b8da3
CAPTURE 1 32543687872 525400123402525400123401080045000044a470400040112e280a002a0f0a002a021092109200303e3d54324e310101000154525432000000ab00000000000c000012dad5750100000000000180000000ab
CAPTURE 1 32562285632 52540012340152540012340208004500003800000000401112a50a002a020a002a0f109210920024878954324e31010400005452543200000000000000ab00000000087099e0
CAPTURE 1 32562905616 52540012340152540012340208004500004400000000401112990a002a020a002a0f10921092003064d154324e310102000154525432000000ab00000000000c00007c4e45b80100000000000134000000ab
CAPTURE 1 32603418096 525400123402525400123401080045000038a476400040112e2e0a002a0f0a002a02109210920024878954324e31010400005452543200000000000000ab00000000087099e0
CAPTURE 1 32644503520 525400123402525400123401080045000044a477400040112e210a002a0f0a002a02109210920030271e54324e310101000154525432000000ac00000000000c000042eebc7e0100000000000180000000ac
CAPTURE 1 32662979344 52540012340152540012340208004500003800000000401112a50a002a020a002a0f109210920024c99d54324e31010400005452543200000000000000ac000000006c11f429
CAPTURE 1 32663577840 52540012340152540012340208004500004400000000401112990a002a020a002a0f109210920030cda854324e310102000154525432000000ac00000000000c00002c7a2cb30100000000000134000000ac
CAPTURE 1 32703956096 525400123402525400123401080045000038a485400040112e1f0a002a0f0a002a02109210920024c99d54324e31010400005452543200000000000000ac000000006c11f429
CAPTURE 1 32725647536 525400123402525400123401080045000044a486400040112e120a002a0f0a002a02109210920030794054324e310101000154525432000000ad00000000000c000090621ce60100000000000180000000ad
CAPTURE 1 32728825136 52540012340152540012340208004500003800000000401112a50a002a020a002a0f109210920024ce0254324e31010400005452543200000000000000ad000000007b6ae06a
CAPTURE 1 32745813600 52540012340152540012340208004500004400000000401112990a002a020a002a0f1092109200309bb154324e310102000154525432000000ad00000000000c0000fef68c2b0100000000000134000000ad
CAPTURE 1 32786099600 525400123402525400123401080045000038a48e400040112e160a002a0f0a002a02109210920024ce0254324e31010400005452543200000000000000ad000000007b6ae06a
CAPTURE 1 32999096928 525400123401525400123402080045000040000000004011129d0a002a020a002a0f10921092002c247854324e3101050000545254320000000000000000000800008e8e00eb000000000000767a
CAPTURE 1 33013159056 525400123402525400123401080045000044a4a4400040112df40a002a0f0a002a02109210920030eef054324e310101000154525432000000ae00000000000c00003c86fb0f0100000000000180000000ae
CAPTURE 1 33028287952 52540012340152540012340208004500003800000000401112a50a002a020a002a0f1092109200240a4054324e31010400005452543200000000000000ae0000000042e7dcaf
CAPTURE 1 33031698416 52540012340152540012340208004500004400000000401112990a002a020a002a0f10921092003068fd54324e310102000154525432000000ae00000000000c000052126bc20100000000000134000000ae
CAPTURE 1 33076913488 525400123402525400123401080045000040a4ab400040112df10a002a0f0a002a0210921092002cd94154324e310105000054525432000000000000000000080000d5121c6e0000000000005fa9
CAPTURE 1 33102881504 525400123402525400123401080045000038a4ac400040112df80a002a0f0a002a021092109200240a4054324e31010400005452543200000000000000ae0000000042e7dcaf
CAPTURE 1 33119594304 525400123402525400123401080045000044a4ad400040112deb0a002a0f0a002a02109210920030dce254324e310101000154525432000000af00000000000c0000ee0a5b970100000000000180000000af
CAPTURE 1 33139654816 52540012340152540012340208004500003800000000401112a50a002a020a002a0f1092109200240b4d54324e31010400005452543200000000000000af00000000559cc8ec
CAPTURE 1 33140556640 52540012340152540012340208004500004400000000401112990a002a020a002a0f109210920030dad654324e310102000154525432000000af00000000000c0000809ecb5a0100000000000134000000af
CAPTURE 1 33182260336 525400123402525400123401080045000038a4b8400040112dec0a002a0f0a002a021092109200240b4d54324e31010400005452543200000000000000af00000000559cc8ec
CAPTURE 1 33223275040 525400123402525400123401080045000044a4bf400040112dd90a002a0f0a002a021092109200302f2154324e310101000154525432000000b000000000000c0000d94e1e130100000000000180000000b0
CAPTURE 1 33242335328 52540012340152540012340208004500003800000000401112a50a002a020a002a0f109210920024bda354324e31010400005452543200000000000000b00000000026e5454c
CAPTURE 1 33244605248 52540012340152540012340208004500004400000000401112990a002a020a002a0f109210920030e01454324e310102000154525432000000b000000000000c0000b7da8ede0100000000000134000000b0
CAPTURE 1 33284583280 525400123402525400123401080045000038a4c1400040112de30a002a0f0a002a02109210920024bda354324e31010400005452543200000000000000b00000000026e5454c
CAPTURE 1 33305162688 525400123402525400123401080045000044a4c2400040112dd60a002a0f0a002a021092109200305c3354324e310101000154525432000000b100000000000c00000bc2be8b0100000000000180000000b1
CAPTURE 1 33322554704 52540012340152540012340208004500003800000000401112a50a002a020a002a0f109210920024a72654324e31010400005452543200000000000000b100000000319e510f
CAPTURE 1 33324504720 52540012340152540012340208004500004400000000401112990a002a020a002a0f109210920030932f54324e310102000154525432000000b100000000000c000065562e460100000000000134000000b1
CAPTURE 1 33364538016 525400123402525400123401080045000038a4c5400040112ddf0a002a0f0a002a02109210920024a72654324e31010400005452543200000000000000b100000000319e510f
CAPTURE 1 33554368080 525400123401525400123402080045000040000000004011129d0a002a020a002a0f10921092002c251154324e310105000054525432000000000000000000080000760b16af00000000000078a0
CAPTURE 1 33578448928 525400123402525400123401080045000044a4da400040112dbe0a002a0f0a002a0210921092003025f654324e310101000154525432000000b200000000000c0000a72659620100000000000180000000b2
CAPTURE 1 33596693424 52540012340152540012340208004500003800000000401112a50a002a020a002a0f109210920024b3f554324e31010400005452543200000000000000b20000000008136dca
CAPTURE 1 33597589488 52540012340152540012340208004500004400000000401112990a002a020a002a0f109210920030936754324e310102000154525432000000b200000000000c0000c9b2c9af0100000000000134000000b2
CAPTURE 1 33631774896 525400123402525400123401080045000040a4df400040112dbd0a002a0f0a002a0210921092002c504454324e310105000054525432000000000000000000080000406c37f100000000000061ca
CAPTURE 1 33657752832 525400123402525400123401080045000038a4e0400040112dc40a002a0f0a002a02109210920024b3f554324e31010400005452543200000000000000b20000000008136dca
CAPTURE 1 33674585760 525400123402525400123401080045000044a4e2400040112db60a002a0f0a002a02109210920030b6d754324e310101000154525432000000b300000000000c000075aaf9fa0100000000000180000000b3
CAPTURE 1 33680982272 52540012340152540012340208004500003800000000401112a50a002a020a002a0f10921092002490e054324e31010400005452543200000000000000b3000000001f687989
CAPTURE 1 33698099088 52540012340152540012340208004500004400000000401112990a002a020a002a0f109210920030a25254324e310102000154525432000000b300000000000c00001b3e69370100000000000134000000b3
CAPTURE 1 33740858016 525400123402525400123401080045000038a4e5400040112dbf0a002a0f0a002a0210921092002490e054324e31010400005452543200000000000000b3000000001f687989
CAPTURE 1 33775580544 525400123402525400123401080045000044a4ea400040112dae0a002a0f0a002a021092109200306feb54324e310101000154525432000000b400000000000c0000259e90f10100000000000180000000b4
CAPTURE 1 33793642256 52540012340152540012340208004500003800000000401112a50a002a020a002a0f1092109200249a8754324e31010400005452543200000000000000b4000000007b091440
CAPTURE 1 33795586608 52540012340152540012340208004500004400000000401112990a002a020a002a0f109210920030db7f54324e310102000154525432000000b400000000000c00004b0a003c0100000000000134000000b4
CAPTURE 1 33836860000 525400123402525400123401080045000038a4f9400040112dab0a002a0f0a002a021092109200249a8754324e31010400005452543200000000000000b4000000007b091440
CAPTURE 1 33862009472 525400123402525400123401080045000044a4fb400040112d9d0a002a0f0a002a02109210920030fefc54324e310101000154525432000000b500000000000c0000f71230690100000000000180000000b5
CAPTURE 1 33880623904 52540012340152540012340208004500003800000000401112a50a002a020a002a0f109210920024bd5a54324e31010400005452543200000000000000b5000000006c720003
CAPTURE 1 33881241392 52540012340152540012340208004500004400000000401112990a002a020a002a0f109210920030ec9854324e310102000154525432000000b500000000000c00009986a0a40100000000000134000000b5
CAPTURE 1 33921290864 525400123402525400123401080045000038a50a400040112d9a0a002a0f0a002a02109210920024bd5a54324e31010400005452543200000000000000b5000000006c720003
CAPTURE 1 34101510656 525400123401525400123402080045000040000000004011129d0a002a020a002a0f10921092002c1e7854324e310105000054525432000000000000000000080000e0ecb0400000000000007ac6
CAPTURE 1 34113527248 525400123402525400123401080045000044a513400040112d850a002a0f0a002a02109210920030f2ff54324e310101000154525432000000b600000000000c00005bf6d7800100000000000180000000b6
CAPTURE 1 34131814512 52540012340152540012340208004500003800000000401112a50a002a020a002a0f109210920024970954324e31010400005452543200000000000000b60000000055ff3cc6
CAPTURE 1 34132481088 52540012340152540012340208004500004400000000401112990a002a020a002a0f109210920030aa1254324e310102000154525432000000b600000000000c00003562474d0100000000000134000000b6
CAPTURE 1 34165921328 525400123402525400123401080045000040a516400040112d860a002a0f0a002a0210921092002c079254324e310105000054525432000000000000000000080000493475bb00000000000063ea
CAPTURE 1 34191729184 525400123402525400123401080045000038a518400040112d8c0a002a0f0a002a02109210920024970954324e31010400005452543200000000000000b60000000055ff3cc6
CAPTURE 1 34213132128 525400123402525400123401080045000044a519400040112d7f0a002a0f0a002a0210921092003025e254324e310101000154525432000000b700000000000c0000897a77180100000000000180000000b7
CAPTURE 1 34228290128 52540012340152540012340208004500003800000000401112a50a002a020a002a0f109210920024bec454324e31010400005452543200000000000000b70000000042842885
CAPTURE 1 34231676608 52540012340152540012340208004500004400000000401112990a002a020a002a0f10921092003056fb54324e310102000154525432000000b700000000000c0000e7eee7d50100000000000134000000b7
CAPTURE 1 34283019728 525400123402525400123401080045000038a51e400040112d860a002a0f0a002a02109210920024bec454324e31010400005452543200000000000000b70000000042842885
CAPTURE 1 34313008288 525400123402525400123401080045000044a520400040112d780a002a0f0a002a02109210920030253e54324e310101000154525432000000b800000000000c0000fb9e05960100000000000180000000b8
CAPTURE 1 34330940960 52540012340152540012340208004500003800000000401112a50a002a020a002a0f109210920024a53a54324e31010400005452543200000000000000b8000000009d3de754
CAPTURE 1 34332580176 52540012340152540012340208004500004400000000401112990a002a020a002a0f109210920030fc5754324e310102000154525432000000b800000000000c0000950a955b0100000000000134000000b8
CAPTURE 1 34373563424 525400123402525400123401080045000038a525400040112d7f0a002a0f0a002a02109210920024a53a54324e31010400005452543200000000000000b8000000009d3de754
CAPTURE 1 34399948272 525400123402525400123401080045000044a527400040112d710a002a0f0a002a02109210920030585054324e310101000154525432000000b900000000000c00002912a50e0100000000000180000000b9
CAPTURE 1 34418528208 52540012340152540012340208004500003800000000401112a50a002a020a002a0f109210920024ac6d54324e31010400005452543200000000000000b9000000008a46f317
CAPTURE 1 34419129136 52540012340152540012340208004500004400000000401112990a002a020a002a0f109210920030a97254324e310102000154525432000000b900000000000c0000478635c30100000000000134000000b9
CAPTURE 1 34458918096 525400123402525400123401080045000038a52f400040112d750a002a0f0a002a02109210920024ac6d54324e31010400005452543200000000000000b9000000008a46f317
CAPTURE 1 34666328144 525400123401525400123402080045000040000000004011129d0a002a020a002a0f10921092002c8ebe54324e310105000054525432000000000000000000080000ddaa41020000000000007d00
CAPTURE 1 34678715328 525400123402525400123401080045000044a551400040112d470a002a0f0a002a021092109200305d9154324e310101000154525432000000ba00000000000c000085f642e70100000000000180000000ba
CAPTURE 1 34696679664 52540012340152540012340208004500003800000000401112a50a002a020a002a0f109210920024a62c54324e31010400005452543200000000000000ba00000000b3cbcfd2
CAPTURE 1 34698130256 52540012340152540012340208004500004400000000401112990a002a020a002a0f109210920030692c54324e310102000154525432000000ba00000000000c0000eb62d22a0100000000000134000000ba
CAPTURE 1 34733565184 525400123402525400123401080045000040a557400040112d450a002a0f0a002a0210921092002c044454324e31010500005452543200000000000000000008000080483fc90000000000006616
CAPTURE 1 34758541200 525400123402525400123401080045000038a55a400040112d4a0a002a0f0a002a02109210920024a62c54324e31010400005452543200000000000000ba00000000b3cbcfd2
CAPTURE 1 34775460912 525400123402525400123401080045000044a55b400040112d3d0a002a0f0a002a02109210920030ec7254324e310101000154525432000000bb00000000000c0000577ae27f0100000000000180000000bb
CAPTURE 1 34795726528 52540012340152540012340208004500003800000000401112a50a002a020a002a0f109210920024a98754324e31010400005452543200000000000000bb00000000a4b0db91
CAPTURE 1 34796553344 52540012340152540012340208004500004400000000401112990a002a020a002a0f1092109200307a1754324e310102000154525432000000bb00000000000c000039ee72b20100000000000134000000bb
CAPTURE 1 34838451312 525400123402525400123401080045000038a568400040112d3c0a002a0f0a002a02109210920024a98754324e31010400005452543200000000000000bb00000000a4b0db91
CAPTURE 1 34879610464 525400123402525400123401080045000044a570400040112d280a002a0f0a002a0210921092003093a854324e310101000154525432000000bc00000000000c0000074e8b740100000000000180000000bc
CAPTURE 1 34897492768 52540012340152540012340208004500003800000000401112a50a002a020a002a0f109210920024b29e54324e31010400005452543200000000000000bc00000000c0d1b658
CAPTURE 1 34899643312 52540012340152540012340208004500004400000000401112990a002a020a002a0f109210920030a12254324e310102000154525432000000bc00000000000c000069da1bb90100000000000134000000bc
CAPTURE 1 34939731456 525400123402525400123401080045000038a572400040112d320a002a0f0a002a02109210920024b29e54324e31010400005452543200000000000000bc00000000c0d1b658
CAPTURE 1 34959934272 525400123402525400123401080045000044a576400040112d220a002a0f0a002a0210921092003024ba54324e310101000154525432000000bd00000000000c0000d5c22bec0100000000000180000000bd
CAPTURE 1 34977485360 52540012340152540012340208004500003800000000401112a50a002a020a002a0f109210920024b00154324e31010400005452543200000000000000bd00000000d7aaa21b
CAPTURE 1 34979550160 52540012340152540012340208004500004400000000401112990a002a020a002a0f109210920030b03b54324e310102000154525432000000bd00000000000c0000bb56bb210100000000000134000000bd
CAPTURE 1 35018888368 525400123402525400123401080045000038a579400040112d2b0a002a0f0a002a02109210920024b00154324e31010400005452543200000000000000bd00000000d7aaa21b
CAPTURE 1 35057108992 525400123402525400123401080045000044a57e400040112d1a0a002a0f0a002a02109210920030e13a54324e310101000154525432000000be00000000000c00007926cc050100000000000180000000be
CAPTURE 1 35075084784 52540012340152540012340208004500003800000000401112a50a002a020a002a0f1092109200249cc054324e31010400005452543200000000000000be00000000ee279ede
CAPTURE 1 35076605024 52540012340152540012340208004500004400000000401112990a002a020a002a0f109210920030b23754324e310102000154525432000000be00000000000c000017b25cc80100000000000134000000be
CAPTURE 1 35117339376 525400123402525400123401080045000038a58d400040112d170a002a0f0a002a021092109200249cc054324e31010400005452543200000000000000be00000000ee279ede
CAPTURE 1 35137576224 525400123402525400123401080045000044a591400040112d070a002a0f0a002a021092109200300e1d54324e310101000154525432000000bf00000000000c0000abaa6c9d0100000000000180000000bf
CAPTURE 1 35148224176 52540012340152540012340208004500003800000000401112a50a002a020a002a0f109210920024a5cb54324e31010400005452543200000000000000bf00000000f95c8a9d
CAPTURE 1 35156155456 52540012340152540012340208004500004400000000401112990a002a020a002a0f109210920030652054324e310102000154525432000000bf00000000000c0000c53efc500100000000000134000000bf
CAPTURE 1 35198522912 525400123402525400123401080045000038a594400040112d100a002a0f0a002a02109210920024a5cb54324e31010400005452543200000000000000bf00000000f95c8a9d
CAPTURE 2 9527887664 33330000001652540012340186dd600000000024000100000000000000000000000000000000ff0200000000000000000000000000163a000502000001008f003b770000000104000000ff0200000000000000000001ff123401
CAPTURE 2 9529431184 52540012340152540012340208004500004400000000401112990a002a020a002a0f109210920030720754324e3101020001545254320000000200000000000c00007ada3bc501000000000000b700000002
CAPTURE 2 9556991328 52540012340252540012340108004500004099474000401139550a002a0f0a002a0210921092002cba4c54324e3101050000545254320000000000000000000800003913335500000000000003b7
CAPTURE 2 9564656864 52540012340152540012340208004500004400000000401112990a002a020a002a0f109210920030720754324e3101020001545254320000000200000000000c00007ada3bc501000000000000b700000002
CAPTURE 2 9570314144 525400123401525400123402080045000040000000004011129d0a002a020a002a0f10921092002ca0b354324e310105000054525432000000000000000000080000b7c9b7040000000000001aea
CAPTURE 2 9572224256 525400123402525400123401080045000038994940004011395b0a002a0f0a002a021092109200243cb454324e3101040000545254320000000000000002000000004077ad57
CAPTURE 2 9591245904 525400123402525400123401080045000044994d40004011394b0a002a0f0a002a02109210920030972d54324e3101010001545254320000000300000000000c0000e306ae3e01000000000000ea00000003
CAPTURE 2 9608928240 52540012340152540012340208004500003800000000401112a50a002a020a002a0f1092109200241a6154324e310104000054525432000000000000000300000000570cb914
CAPTURE 2 9610479552 52540012340152540012340208004500004400000000401112990a002a020a002a0f1092109200308dd254324e3101020001545254320000000300000000000c0000d296c83d01000000000000b500000003
CAPTURE 2 9648278416 525400123402525400123401080045000038995740004011394d0a002a0f0a002a021092109200243cb454324e3101040000545254320000000000000002000000004077ad57
CAPTURE 2 9677458528 33330000001652540012340186dd6000000000240001fe80000000000000505400fffe123401ff0200000000000000000000000000163a000502000001008f00b98e0000000104000000ff0200000000000000000001ff123401
CAPTURE 2 9678269888 33330000000252540012340186dd6000000000103afffe80000000000000505400fffe123401ff0200000000000000000000000000028500725f000000000101525400123401
CAPTURE 2 9704315648 52540012340252540012340108004500003899604000401139440a002a0f0a002a021092109200241a6154324e310104000054525432000000000000000300000000570cb914
CAPTURE 2 9722783632 52540012340252540012340108004500004499614000401139370a002a0f0a002a021092109200307fc554324e3101010001545254320000000400000000000c000046b261f501000000000000ee00000004
CAPTURE 2 9728199184 52540012340152540012340208004500003800000000401112a50a002a020a002a0f109210920024223654324e310104000054525432000000000000000400000000336dd4dd
CAPTURE 2 9740762112 52540012340152540012340208004500004400000000401112990a002a020a002a0f10921092003087ba54324e3101020001545254320000000400000000000c0000c502dbe601000000000000b600000004
CAPTURE 2 9783709232 525400123402525400123401080045000038996640004011393e0a002a0f0a002a02109210920024223654324e310104000054525432000000000000000400000000336dd4dd
CAPTURE 2 9824911872 525400123402525400123401080045000044996c40004011392c0a002a0f0a002a02109210920030a76054324e3101010001545254320000000500000000000c0000eefe920d01000000000000ec00000005
CAPTURE 2 9841738144 52540012340152540012340208004500003800000000401112a50a002a020a002a0f10921092002445cb54324e3101040000545254320000000000000005000000002416c09e
CAPTURE 2 9843533232 52540012340152540012340208004500004400000000401112990a002a020a002a0f109210920030959554324e3101020001545254320000000500000000000c0000178e7b7e01000000000000b600000005
CAPTURE 2 9882227008 525400123402525400123401080045000038996f4000401139350a002a0f0a002a0210921092002445cb54324e3101040000545254320000000000000005000000002416c09e
CAPTURE 2 9901231488 52540012340252540012340108004500004499744000401139240a002a0f0a002a02109210920030706c54324e3101010001545254320000000600000000000c0000421a75e401000000000000ec00000006
CAPTURE 2 9918263568 52540012340152540012340208004500003800000000401112a50a002a020a002a0f109210920024108854324e3101040000545254320000000000000006000000001d9bfc5b
CAPTURE 2 9919732112 52540012340152540012340208004500004400000000401112990a002a020a002a0f109210920030d09d54324e3101020001545254320000000600000000000c0000bb6a9c9701000000000000b600000006
CAPTURE 2 9957191008 33330000001652540012340186dd6000000000240001fe80000000000000505400fffe123401ff0200000000000000000000000000163a000502000001008f00b98e0000000104000000ff0200000000000000000001ff123401
CAPTURE 2 9958591536 525400123402525400123401080045000038997740004011392d0a002a0f0a002a02109210920024108854324e3101040000545254320000000000000006000000001d9bfc5b
CAPTURE 2 10002127600 52540012340252540012340108004500004499814000401139170a002a0f0a002a02109210920030c25554324e3101010001545254320000000700000000000c00009096d57c01000000000000ec00000007
CAPTURE 2 10021701552 52540012340152540012340208004500003800000000401112a50a002a020a002a0f109210920024378554324e3101040000545254320000000000000007000000000ae0e818
CAPTURE 2 10023503664 52540012340152540012340208004500004400000000401112990a002a020a002a0f10921092003082a854324e3101020001545254320000000700000000000c000069e63c0f01000000000000b600000007
CAPTURE 2 10064643344 525400123402525400123401080045000038998640004011391e0a002a0f0a002a02109210920024378554324e3101040000545254320000000000000007000000000ae0e818
CAPTURE 2 10080355056 52540012340252540012340108004500004499874000401139110a002a0f0a002a021092109200309e0154324e3101010001545254320000000800000000000c0000e272a7f201000000000000ec00000008
CAPTURE 2 10084066512 52540012340152540012340208004500003800000000401112a50a002a020a002a0f1092109200242d5a54324e310104000054525432000000000000000800000000d55927c9
CAPTURE 2 10084919376 52540012340152540012340208004500004400000000401112990a002a020a002a0f109210920030bf1854324e3101020001545254320000000800000000000c00001b024e8101000000000000b600000008
CAPTURE 2 10141692016 525400123402525400123401080045000038998c4000401139180a002a0f0a002a021092109200242d5a54324e310104000054525432000000000000000800000000d55927c9
CAPTURE 2 10185203312 52540012340252540012340108004500004499934000401139050a002a0f0a002a02109210920030effc54324e3101010001545254320000000900000000000c000030fe076a01000000000000ec00000009
CAPTURE 2 10203807872 52540012340152540012340208004500003800000000401112a50a002a020a002a0f10921092002434cf54324e310104000054525432000000000000000900000000c222338a
CAPTURE 2 10204584496 52540012340152540012340208004500004400000000401112990a002a020a002a0f10921092003070f154324e3101020001545254320000000900000000000c0000c98eee1901000000000000b600000009
CAPTURE 2 10249662000 525400123402525400123401080045000038999e4000401139060a002a0f0a002a0210921092002434cf54324e310104000054525432000000000000000900000000c222338a
CAPTURE 2 10269339008 52540012340252540012340108004500004499a14000401138f70a002a0f0a002a02109210920030abc454324e3101010001545254320000000a00000000000c00009c1ae08301000000000000ec0000000a
CAPTURE 2 10286429824 52540012340152540012340208004500003800000000401112a50a002a020a002a0f1092109200241f7c54324e310104000054525432000000000000000a00000000fbaf0f4f
CAPTURE 2 10288326624 52540012340152540012340208004500004400000000401112990a002a020a002a0f109210920030b93d54324e3101020001545254320000000a00000000000c0000656a09f001000000000000b60000000a
CAPTURE 2 10330739504 52540012340252540012340108004500003899a44000401139000a002a0f0a002a021092109200241f7c54324e310104000054525432000000000000000a00000000fbaf0f4f
CAPTURE 2 10371009424 52540012340252540012340108004500004499ac4000401138ec0a002a0f0a002a0210921092003099af54324e3101010001545254320000000b00000000000c00004e96401b01000000000000ec0000000b
CAPTURE 2 10388327424 52540012340152540012340208004500003800000000401112a50a002a020a002a0f109210920024229954324e310104000054525432000000000000000b00000000ecd41b0c
CAPTURE 2 10389104992 52540012340152540012340208004500004400000000401112990a002a020a002a0f109210920030c74654324e3101020001545254320000000b00000000000c0000b7e6a96801000000000000b60000000b
CAPTURE 2 10429766080 52540012340252540012340108004500003899ba4000401138ea0a002a0f0a002a02109210920024229954324e310104000054525432000000000000000b00000000ecd41b0c
CAPTURE 2 10451043968 52540012340252540012340108004500004499bd4000401138db0a002a0f0a002a02109210920030e0ac54324e3101010001545254320000000c00000000000c00001ea2291001000000000000ec0000000c
CAPTURE 2 10468218144 52540012340152540012340208004500003800000000401112a50a002a020a002a0f1092109200242afe54324e310104000054525432000000000000000c0000000088b576c5
CAPTURE 2 10469019760 52540012340152540012340208004500004400000000401112990a002a020a002a0f109210920030805d54324e3101020001545254320000000c00000000000c0000e7d2c06301000000000000b60000000c
CAPTURE 2 10509698528 52540012340252540012340108004500003899c94000401138db0a002a0f0a002a021092109200242afe54324e310104000054525432000000000000000c0000000088b576c5
CAPTURE 2 10550002448 52540012340252540012340108004500004499cd4000401138cb0a002a0f0a002a02109210920030d2a554324e3101010001545254320000000d00000000000c0000cc2e898801000000000000ec0000000d
CAPTURE 2 10569782336 52540012340152540012340208004500003800000000401112a50a002a020a002a0f109210920024282354324e310104000054525432000000000000000d000000009fce6286
CAPTURE 2 10571335200 52540012340152540012340208004500004400000000401112990a002a020a002a0f109210920030923854324e3101020001545254320000000d00000000000c0000355e60fb01000000000000b60000000d
CAPTURE 2 10629540608 52540012340252540012340108004500003899d24000401138d20a002a0f0a002a02109210920024282354324e310104000054525432000000000000000d000000009fce6286
CAPTURE 2 10649711568 52540012340252540012340108004500004499d34000401138c50a002a0f0a002a02109210920030592f54324e3101010001545254320000000e00000000000c000060ca6e6101000000000000ec0000000e
CAPTURE 2 10667420992 52540012340152540012340208004500003800000000401112a50a002a020a002a0f10921092002425f054324e310104000054525432000000000000000e00000000a6435e43
CAPTURE 2 10674286512 52540012340152540012340208004500004400000000401112990a002a020a002a0f109210920030bb4c54324e3101020001545254320000000e00000000000c000050621c4b010000000000014c0000000e
CAPTURE 2 10714916336 52540012340252540012340108004500003899dc4000401138c80a002a0f0a002a0210921092002425f054324e310104000054525432000000000000000e00000000a6435e43
CAPTURE 2 10750409424 52540012340252540012340108004500004499e44000401138b40a002a0f0a002a02109210920030e5ba54324e3101010001545254320000000f00000000000c00005f62e42701000000000000000000000f
CAPTURE 2 10767794176 52540012340152540012340208004500003800000000401112a50a002a020a002a0f1092109200242f3d54324e310104000054525432000000000000000f00000000b1384a00
CAPTURE 2 10768526928 52540012340152540012340208004500004400000000401112990a002a020a002a0f109210920030358354324e3101020001545254320000000f00000000000c00005d3e953001000000000001520000000f
CAPTURE 2 10809182560 52540012340252540012340108004500003899e94000401138bb0a002a0f0a002a021092109200242f3d54324e310104000054525432000000000000000f00000000b1384a00
CAPTURE 2 10834630768 52540012340252540012340108004500004499ee4000401138aa0a002a0f0a002a021092109200301f7954324e3101010001545254320000001000000000000c00006826a1a3010000000000000000000010
CAPTURE 2 10851548272 52540012340152540012340208004500003800000000401112a50a002a020a002a0f109210920024a09254324e310104000054525432000000000000001000000000c241c7a0
CAPTURE 2 10852551840 52540012340152540012340208004500004400000000401112990a002a020a002a0f109210920030117d54324e3101020001545254320000001000000000000c00009ffa7674010000000000015600000010
CAPTURE 2 10892985520 52540012340252540012340108004500003899f74000401138ad0a002a0f0a002a02109210920024a09254324e310104000054525432000000000000001000000000c241c7a0
CAPTURE 2 10929905664 52540012340252540012340108004500004499fe40004011389a0a002a0f0a002a021092109200306d5b54324e3101010001545254320000001100000000000c0000baaa013b010000000000000000000011
CAPTURE 2 11126849456 52540012340152540012340208004500003800000000401112a50a002a020a002a0f109210920024815554324e310104000054525432000000000000001100000000d53ad3e3
CAPTURE 2 11127460768 52540012340152540012340208004500004400000000401112990a002a020a002a0f109210920030cd1354324e3101020001545254320000001100000000000c0000f246688d010000000000015800000011
CAPTURE 2 11146739424 5254001234025254001234010800450000409a094000401138930a002a0f0a002a0210921092002cfc0154324e31010500005452543200000000000000000008000024ddff890000000000000a03
CAPTURE 2 11163793104 5254001234025254001234010800450000389a0a40004011389a0a002a0f0a002a02109210920024815554324e310104000054525432000000000000001100000000d53ad3e3
CAPTURE 2 11186634608 5254001234025254001234010800450000449a104000401138880a002a0f0a002a021092109200302c1e54324e3101010001545254320000001200000000000c0000164ee6d2010000000000000000000012
CAPTURE 2 11203523808 52540012340152540012340208004500003800000000401112a50a002a020a002a0f1092109200244e9454324e310104000054525432000000000000001200000000ecb7ef26
CAPTURE 2 11204522464 52540012340152540012340208004500004400000000401112990a002a020a002a0f1092109200301d4e54324e3101020001545254320000001200000000000c000063c2a6d4010000000000015900000012
CAPTURE 2 11255723728 5254001234025254001234010800450000389a134000401138910a002a0f0a002a021092109200244e9454324e310104000054525432000000000000001200000000ecb7ef26
CAPTURE 2 11280635056 5254001234025254001234010800450000449a174000401138810a002a0f0a002a021092109200301e3054324e3101010001545254320000001300000000000c0000c4c2464a010000000000000000000013
CAPTURE 2 11297130336 52540012340152540012340208004500003800000000401112a50a002a020a002a0f109210920024333f54324e310104000054525432000000000000001300000000fbccfb65
CAPTURE 2 11298222784 52540012340152540012340208004500004400000000401112990a002a020a002a0f109210920030b45654324e3101020001545254320000001300000000000c0000f6ee7c9c010000000000015a00000013
CAPTURE 2 11327485120 5254001234025254001234010800450000389a1c4000401138880a002a0f0a002a02109210920024333f54324e310104000054525432000000000000001300000000fbccfb65
CAPTURE 2 11375655552 5254001234025254001234010800450000449a234000401138750a002a0f0a002a02109210920030650354324e3101010001545254320000001400000000000c000094f62f41010000000000000000000014
CAPTURE 2 11388487744 52540012340152540012340208004500003800000000401112a50a002a020a002a0f109210920024f41654324e3101040000545254320000000000000014000000009fad96ac
CAPTURE 2 11394303152 52540012340152540012340208004500004400000000401112990a002a020a002a0f1092109200306b6e54324e3101020001545254320000001400000000000c0000a6da1597010000000000015a00000014
CAPTURE 2 11434512816 5254001234025254001234010800450000389a304000401138740a002a0f0a002a02109210920024f41654324e3101040000545254320000000000000014000000009fad96ac
CAPTURE 2 11454431536 5254001234025254001234010800450000449a334000401138650a002a0f0a002a0210921092003052e554324e3101010001545254320000001500000000000c0000467a8fd9010000000000000000000015
CAPTURE 2 11468293568 52540012340152540012340208004500003800000000401112a50a002a020a002a0f1092109200241eaa54324e31010400005452543200000000000000150000000088d682ef
CAPTURE 2 11680169824 52540012340152540012340208004500004400000000401112990a002a020a002a0f109210920030fe7754324e3101020001545254320000001500000000000c00007456b50f010000000000015a00000015
CAPTURE 2 11712313824 5254001234025254001234010800450000409a544000401138480a002a0f0a002a0210921092002c2da954324e3101050000545254320000000000000000000800003035c0630000000000000c2a
CAPTURE 2 11720535616 525400123401525400123402080045000040000000004011129d0a002a020a002a0f10921092002c0bb354324e310105000054525432000000000000000000080000722c8932000000000000235a
CAPTURE 2 11724822688 5254001234025254001234010800450000389a5640004011384e0a002a0f0a002a021092109200241eaa54324e31010400005452543200000000000000150000000088d682ef
CAPTURE 2 11744033312 5254001234025254001234010800450000449a5a40004011383e0a002a0f0a002a02109210920030d66754324e3101010001545254320000001600000000000c0000ea9e6830010000000000000000000016
CAPTURE 2 11748652224 52540012340152540012340208004500003800000000401112a50a002a020a002a0f109210920024bae854324e310104000054525432000000000000001600000000b15bbe2a
CAPTURE 2 11758356400 52540012340152540012340208004500004400000000401112990a002a020a002a0f109210920030fc4254324e3101020001545254320000001600000000000c0000d8b252e6010000000000015a00000016
CAPTURE 2 11821351440 5254001234025254001234010800450000389a5b4000401138490a002a0f0a002a02109210920024bae854324e310104000054525432000000000000001600000000b15bbe2a
CAPTURE 2 11842470256 5254001234025254001234010800450000449a5d40004011383b0a002a0f0a002a02109210920030287a54324e3101010001545254320000001700000000000c00003812c8a8010000000000000000000017
CAPTURE 2 11861174416 52540012340152540012340208004500003800000000401112a50a002a020a002a0f109210920024d9e354324e310104000054525432000000000000001700000000a620aa69
CAPTURE 2 11863250288 52540012340152540012340208004500004400000000401112990a002a020a002a0f1092109200302b1d54324e3101020001545254320000001700000000000c00000a3ef27e010000000000015a00000017
CAPTURE 2 11904295328 5254001234025254001234010800450000389a6a40004011383a0a002a0f0a002a02109210920024d9e354324e310104000054525432000000000000001700000000a620aa69
CAPTURE 2 11941492384 5254001234025254001234010800450000449a714000401138270a002a0f0a002a02109210920030241654324e3101010001545254320000001800000000000c00004af6ba26010000000000000000000018
CAPTURE 2 11959298704 52540012340152540012340208004500003800000000401112a50a002a020a002a0f1092109200244b1b54324e310104000054525432000000000000001800000000799965b8
CAPTURE 2 11959902304 52540012340152540012340208004500004400000000401112990a002a020a002a0f1092109200302e0d54324e3101020001545254320000001800000000000c000078da80f0010000000000015a00000018
CAPTURE 2 12003673232 5254001234025254001234010800450000389a7640004011382e0a002a0f0a002a021092109200244b1b54324e310104000054525432000000000000001800000000799965b8
CAPTURE 2 12023442112 5254001234025254001234010800450000449a7b40004011381d0a002a0f0a002a0210921092003075f854324e3101010001545254320000001900000000000c0000987a1abe010000000000000000000019
CAPTURE 2 12246102048 52540012340152540012340208004500003800000000401112a50a002a020a002a0f109210920024498e54324e3101040000545254320000000000000019000000006ee271fb
CAPTURE 2 12248148416 52540012340152540012340208004500004400000000401112990a002a020a002a0f1092109200305d1754324e3101020001545254320000001900000000000c0000aa562068010000000000015a00000019
CAPTURE 2 12275980416 5254001234025254001234010800450000409aa64000401137f60a002a0f0a002a0210921092002cba7054324e310105000054525432000000000000000000080000eabb76d20000000000000e6d
CAPTURE 2 12287116352 5254001234025254001234010800450000389aa84000401137fc0a002a0f0a002a02109210920024498e54324e3101040000545254320000000000000019000000006ee271fb
CAPTURE 2 12306341152 5254001234025254001234010800450000449aad4000401137eb0a002a0f0a002a02109210920030f73854324e3101010001545254320000001a00000000000c0000349efd5701000000000000000000001a
CAPTURE 2 12323886256 52540012340152540012340208004500003800000000401112a50a002a020a002a0f10921092002485bd54324e310104000054525432000000000000001a00000000576f4d3e
CAPTURE 2 12324572080 52540012340152540012340208004500004400000000401112990a002a020a002a0f10921092003059a054324e3101020001545254320000001a00000000000c000006b2c781010000000000015a0000001a
CAPTURE 2 12364235696 5254001234025254001234010800450000389ab94000401137eb0a002a0f0a002a0210921092002485bd54324e310104000054525432000000000000001a00000000576f4d3e
CAPTURE 2 12407556112 5254001234025254001234010800450000449ac14000401137d70a002a0f0a002a02109210920030e54a54324e3101010001545254320000001b00000000000c0000e6125dcf01000000000000000000001b
CAPTURE 2 12424443584 52540012340152540012340208004500003800000000401112a50a002a020a002a0f10921092002490d854324e310104000054525432000000000000001b000000004014597d
CAPTURE 2 12425225168 52540012340152540012340208004500004400000000401112990a002a020a002a0f109210920030ec7954324e3101020001545254320000001b00000000000c0000d43e6719010000000000015a0000001b
CAPTURE 2 12469371024 5254001234025254001234010800450000389ac54000401137df0a002a0f0a002a0210921092002490d854324e310104000054525432000000000000001b000000004014597d
CAPTURE 2 12489576048 5254001234025254001234010800450000449aca4000401137ce0a002a0f0a002a021092109200303e4054324e3101010001545254320000001c00000000000c0000b62634c401000000000000000000001c
CAPTURE 2 12507013664 52540012340152540012340208004500003800000000401112a50a002a020a002a0f109210920024d13f54324e310104000054525432000000000000001c00000000247534b4
CAPTURE 2 12507602304 52540012340152540012340208004500004400000000401112990a002a020a002a0f10921092003095b354324e3101020001545254320000001c00000000000c0000840a0e12010000000000015a0000001c
CAPTURE 2 12548250704 5254001234025254001234010800450000389ad74000401137cd0a002a0f0a002a02109210920024d13f54324e310104000054525432000000000000001c00000000247534b4
CAPTURE 2 12590063632 5254001234025254001234010800450000449ad94000401137bf0a002a0f0a002a02109210920030302254324e3101010001545254320000001d00000000000c000064aa945c01000000000000000000001d
CAPTURE 2 12612659856 52540012340152540012340208004500003800000000401112a50a002a020a002a0f109210920024d66254324e310104000054525432000000000000001d00000000330e20f7
CAPTURE 2 12613460608 52540012340152540012340208004500004400000000401112990a002a020a002a0f10921092003022bd54324e3101020001545254320000001d00000000000c00005686ae8a010000000000015a0000001d
CAPTURE 2 12653049856 5254001234025254001234010800450000389add4000401137c70a002a0f0a002a02109210920024d66254324e310104000054525432000000000000001d00000000330e20f7
CAPTURE 2 12819119248 5254001234025254001234010800450000449afb40004011379d0a002a0f0a002a02109210920030ed2254324e3101010001545254320000001e00000000000c0000c84e73b501000000000000000000001e
CAPTURE 2 12830916592 525400123401525400123402080045000040000000004011129d0a002a020a002a0f10921092002c64cc54324e310105000054525432000000000000000000080000569f475000000000000027b0
CAPTURE 2 12839501312 52540012340152540012340208004500003800000000401112a50a002a020a002a0f10921092002403b254324e310104000054525432000000000000001e000000000a831c32
CAPTURE 2 12840527568 52540012340152540012340208004500004400000000401112990a002a020a002a0f109210920030e40554324e3101020001545254320000001e00000000000c0000fa624963010000000000015a0000001e
CAPTURE 2 12875693376 5254001234025254001234010800450000409b054000401137970a002a0f0a002a0210921092002cc88f54324e3101050000545254320000000000000000000800005627faf500000000000010bf
CAPTURE 2 12901165264 5254001234025254001234010800450000389b0840004011379c0a002a0f0a002a0210921092002403b254324e310104000054525432000000000000001e000000000a831c32
CAPTURE 2 12921001088 5254001234025254001234010800450000449b0b40004011378d0a002a0f0a002a021092109200303b3554324e3101010001545254320000001f00000000000c00001ac2d32d01000000000000000000001f
CAPTURE 2 12939012512 52540012340152540012340208004500003800000000401112a50a002a020a002a0f10921092002403fd54324e310104000054525432000000000000001f000000001df80871
CAPTURE 2 12939650832 52540012340152540012340208004500004400000000401112990a002a020a002a0f10921092003014e054324e3101020001545254320000001f00000000000c000028eee9fb010000000000015a0000001f
CAPTURE 2 12979872528 5254001234025254001234010800450000389b0d4000401137970a002a0f0a002a0210921092002403fd54324e310104000054525432000000000000001f000000001df80871
CAPTURE 2 13018583792 5254001234025254001234010800450000449b104000401137880a002a0f0a002a02109210920030899e54324e3101010001545254320000002000000000000c0000a6c6f8bd010000000000000000000020
CAPTURE 2 13036220960 52540012340152540012340208004500003800000000401112a50a002a020a002a0f109210920024368254324e310104000054525432000000000000002000000000ec700772
CAPTURE 2 13036906064 52540012340152540012340208004500004400000000401112990a002a020a002a0f109210920030d07154324e3101020001545254320000002000000000000c000094eac26b010000000000015a00000020
CAPTURE 2 13075933168 5254001234025254001234010800450000389b1740004011378d0a002a0f0a002a02109210920024368254324e310104000054525432000000000000002000000000ec700772
CAPTURE 2 13096637312 5254001234025254001234010800450000449b1a40004011377e0a002a0f0a002a021092109200305cb154324e3101010001545254320000002100000000000c0000744a5825010000000000000000000021
CAPTURE 2 13109041584 52540012340152540012340208004500003800000000401112a50a002a020a002a0f1092109200241c2754324e310104000054525432000000000000002100000000fb0b1331
CAPTURE 2 13114271776 52540012340152540012340208004500004400000000401112990a002a020a002a0f1092109200307e6c54324e3101020001545254320000002100000000000c0000466662f3010000000000015a00000021
CAPTURE 2 13154822896 5254001234025254001234010800450000389b214000401137830a002a0f0a002a021092109200241c2754324e310104000054525432000000000000002100000000fb0b1331
CAPTURE 2 13373740384 525400123401525400123402080045000040000000004011129d0a002a020a002a0f10921092002c172754324e31010500005452543200000000000000000008000091af57c900000000000029cc
CAPTURE 2 13399054096 5254001234025254001234010800450000449b244000401137740a002a0f0a002a0210921092003090a354324e3101010001545254320000002200000000000c0000d8aebfcc010000000000000000000022
CAPTURE 2 13418271184 52540012340152540012340208004500003800000000401112a50a002a020a002a0f10921092002437e854324e310104000054525432000000000000002200000000c2862ff4
CAPTURE 2 13418885664 52540012340152540012340208004500004400000000401112990a002a020a002a0f109210920030b82654324e3101020001545254320000002200000000000c0000ea82851a010000000000015a00000022
CAPTURE 2 13453853296 5254001234025254001234010800450000409b2e40004011376e0a002a0f0a002a0210921092002c4b2154324e3101050000545254320000000000000000000800006b11614300000000000012f6
CAPTURE 2 13480819296 5254001234025254001234010800450000389b2f4000401137750a002a0f0a002a0210921092002437e854324e310104000054525432000000000000002200000000c2862ff4
CAPTURE 2 13500894624 5254001234025254001234010800450000449b324000401137660a002a0f0a002a02109210920030ffa654324e3101010001545254320000002300000000000c00000a221f54010000000000000000000023
CAPTURE 2 13518865376 52540012340152540012340208004500003800000000401112a50a002a020a002a0f10921092002418ad54324e310104000054525432000000000000002300000000d5fd3bb7
CAPTURE 2 13519481504 52540012340152540012340208004500004400000000401112990a002a020a002a0f109210920030ca3154324e3101020001545254320000002300000000000c0000380e2582010000000000015a00000023
CAPTURE 2 13559666752 5254001234025254001234010800450000389b3e4000401137660a002a0f0a002a0210921092002418ad54324e310104000054525432000000000000002300000000d5fd3bb7
CAPTURE 2 13598241584 5254001234025254001234010800450000449b444000401137540a002a0f0a002a0210921092003058a554324e3101010001545254320000002400000000000c00005a16765f010000000000000000000024
CAPTURE 2 13615617680 52540012340152540012340208004500003800000000401112a50a002a020a002a0f109210920024224654324e310104000054525432000000000000002400000000b19c567e
CAPTURE 2 13616553952 52540012340152540012340208004500004400000000401112990a002a020a002a0f10921092003072fc54324e3101020001545254320000002400000000000c0000683a4c89010000000000015a00000024
CAPTURE 2 13668894784 5254001234025254001234010800450000389b4c4000401137580a002a0f0a002a02109210920024224654324e310104000054525432000000000000002400000000b19c567e
CAPTURE 2 13688256480 5254001234025254001234010800450000449b4d40004011374b0a002a0f0a002a02109210920030b17954324e3101010001545254320000002500000000000c00007a18f9fa010000000000038c00000025
CAPTURE 2 13692707200 52540012340152540012340208004500003800000000401112a50a002a020a002a0f109210920024413b54324e310104000054525432000000000000002500000000a6e7423d
CAPTURE 2 13706444944 52540012340152540012340208004500004400000000401112990a002a020a002a0f109210920030460454324e3101020001545254320000002500000000000c00002da7b2d5010000000000029700000025
CAPTURE 2 13707615120 33330000000252540012340186dd6000000000103afffe80000000000000505400fffe123401ff0200000000000000000000000000028500725f000000000101525400123401
CAPTURE 2 13758620752 5254001234025254001234010800450000389b5c4000401137480a002a0f0a002a02109210920024413b54324e310104000054525432000000000000002500000000a6e7423d
CAPTURE 2 13925283136 525400123401525400123402080045000040000000004011129d0a002a020a002a0f10921092002c72a154324e31010500005452543200000000000000000008000062f828e00000000000002bf2
CAPTURE 2 13930856944 5254001234025254001234010800450000449b644000401137340a002a0f0a002a021092109200300c9954324e3101010001545254320000002600000000000c0000f5022669010000000000011200000026
CAPTURE 2 13953366464 52540012340152540012340208004500003800000000401112a50a002a020a002a0f1092109200240bfc54324e3101040000545254320000000000000026000000009f6a7ef8
CAPTURE 2 13955344832 52540012340152540012340208004500004400000000401112990a002a020a002a0f1092109200309b0b54324e3101020001545254320000002600000000000c000001978a11010000000000026200000026
CAPTURE 2 13989130128 5254001234025254001234010800450000409b6d40004011372f0a002a0f0a002a0210921092002cc03c54324e3101050000545254320000000000000000000800008337d1e50000000000001512
CAPTURE 2 14014842928 5254001234025254001234010800450000389b6e4000401137360a002a0f0a002a021092109200240bfc54324e3101040000545254320000000000000026000000009f6a7ef8
CAPTURE 2 14031615744 5254001234025254001234010800450000449b724000401137260a002a0f0a002a02109210920030d62f54324e3101010001545254320000002700000000000c0000018c4fdd010000000000017c00000027
CAPTURE 2 14051647792 52540012340152540012340208004500003800000000401112a50a002a020a002a0f109210920024379154324e31010400005452543200000000000000270000000088116abb
CAPTURE 2 14052472320 52540012340152540012340208004500004400000000401112990a002a020a002a0f109210920030180354324e3101020001545254320000002700000000000c0000514bbd58010000000000026d00000027
CAPTURE 2 14102840864 5254001234025254001234010800450000389b7640004011372e0a002a0f0a002a02109210920024379154324e31010400005452543200000000000000270000000088116abb
CAPTURE 2 14131561760 5254001234025254001234010800450000449b7b40004011371d0a002a0f0a002a021092109200301c0454324e3101010001545254320000002800000000000c00005938b270010000000000016600000028
CAPTURE 2 14148804672 52540012340152540012340208004500003800000000401112a50a002a020a002a0f1092109200242d4a54324e31010400005452543200000000000000280000000057a8a56a
CAPTURE 2 14149723504 52540012340152540012340208004500004400000000401112990a002a020a002a0f109210920030815254324e3101020001545254320000002800000000000c0000918f13c6010000000000026a00000028
CAPTURE 2 14190965632 5254001234025254001234010800450000389b8640004011371e0a002a0f0a002a021092109200242d4a54324e31010400005452543200000000000000280000000057a8a56a
CAPTURE 2 14223303360 5254001234025254001234010800450000449b884000401137100a002a0f0a002a021092109200305c5754324e3101010001545254320000002900000000000c0000c1040a49010000000000016c00000029
CAPTURE 2 14240601456 52540012340152540012340208004500003800000000401112a50a002a020a002a0f109210920024385f54324e31010400005452543200000000000000290000000040d3b129
CAPTURE 2 14241992752 52540012340152540012340208004500004400000000401112990a002a020a002a0f109210920030136254324e3101020001545254320000002900000000000c0000cc4346fe010000000000026c00000029
CAPTURE 2 14282946544 5254001234025254001234010800450000389b904000401137140a002a0f0a002a02109210920024385f54324e31010400005452543200000000000000290000000040d3b129
CAPTURE 2 14477392160 525400123401525400123402080045000040000000004011129d0a002a020a002a0f10921092002cc53f54324e3101050000545254320000000000000000000800005f50d7c30000000000002e18
CAPTURE 2 14481569232 5254001234025254001234010800450000449ba34000401136f50a002a0f0a002a0210921092003043e654324e3101010001545254320000002a00000000000c000098604b6001000000000001680000002a
CAPTURE 2 14502676448 52540012340152540012340208004500003800000000401112a50a002a020a002a0f109210920024231054324e310104000054525432000000000000002a00000000795e8dec
CAPTURE 2 14504582976 52540012340152540012340208004500004400000000401112990a002a020a002a0f109210920030e20454324e3101020001545254320000002a00000000000c0000efe754b7010000000000026a0000002a
CAPTURE 2 14543153200 5254001234025254001234010800450000409ba74000401136f50a002a0f0a002a0210921092002c93b554324e310105000054525432000000000000000000080000ad6dd2050000000000001743
CAPTURE 2 14568923248 5254001234025254001234010800450000389bae4000401136f60a002a0f0a002a02109210920024231054324e310104000054525432000000000000002a00000000795e8dec
CAPTURE 2 14588869568 5254001234025254001234010800450000449bb34000401136e50a002a0f0a002a021092109200301afc54324e3101010001545254320000002b00000000000c0000bf6c4d38010000000000016c0000002b
CAPTURE 2 14605814480 52540012340152540012340208004500003800000000401112a50a002a020a002a0f109210920024228554324e310104000054525432000000000000002b000000006e2599af
CAPTURE 2 14607903904 52540012340152540012340208004500004400000000401112990a002a020a002a0f10921092003072e554324e3101020001545254320000002b00000000000c0000b22b018f010000000000026c0000002b
CAPTURE 2 14646960832 5254001234025254001234010800450000389bb44000401136f00a002a0f0a002a02109210920024228554324e310104000054525432000000000000002b000000006e2599af
CAPTURE 2 14689130720 5254001234025254001234010800450000449bbc4000401136dc0a002a0f0a002a0210921092003089d754324e3101010001545254320000002c00000000000c00001ad882f301000000000001680000002c
CAPTURE 2 14706436864 52540012340152540012340208004500003800000000401112a50a002a020a002a0f1092109200242bae54324e310104000054525432000000000000002c000000000a44f466
CAPTURE 2 14708592992 52540012340152540012340208004500004400000000401112990a002a020a002a0f1092109200301c1c54324e3101020001545254320000002c00000000000c00006d5f9d24010000000000026a0000002c
CAPTURE 2 14748071216 5254001234025254001234010800450000389bbf4000401136e50a002a0f0a002a021092109200242bae54324e310104000054525432000000000000002c000000000a44f466
CAPTURE 2 14767444864 5254001234025254001234010800450000449bc04000401136d80a002a0f0a002a02109210920030651d54324e3101010001545254320000002d00000000000c00003dd484ab010000000000016c0000002d
CAPTURE 2 14773022704 52540012340152540012340208004500003800000000401112a50a002a020a002a0f1092109200242cf354324e310104000054525432000000000000002d000000001d3fe025
CAPTURE 2 14785955840 52540012340152540012340208004500004400000000401112990a002a020a002a0f1092109200302dec54324e3101020001545254320000002d00000000000c00003093c81c010000000000026c0000002d
CAPTURE 2 14826672256 5254001234025254001234010800450000389bc74000401136dd0a002a0f0a002a021092109200242cf354324e310104000054525432000000000000002d000000001d3fe025
CAPTURE 2 15042625888 525400123401525400123402080045000040000000004011129d0a002a020a002a0f10921092002c9c6f54324e3101050000545254320000000000000000000800001d1840920000000000003052
CAPTURE 2 15061198336 5254001234025254001234010800450000449bd24000401136c60a002a0f0a002a02109210920030fd6b54324e3101010001545254320000002e00000000000c000064b0c58201000000000001680000002e
CAPTURE 2 15079535296 52540012340152540012340208004500003800000000401112a50a002a020a002a0f10921092002428c454324e310104000054525432000000000000002e0000000024b2dce0
CAPTURE 2 15080128288 52540012340152540012340208004500004400000000401112990a002a020a002a0f109210920030390f54324e3101020001545254320000002e00000000000c00001337da55010000000000026a0000002e
CAPTURE 2 15113494464 5254001234025254001234010800450000409bd64000401136c60a002a0f0a002a0210921092002caf1754324e3101050000545254320000000000000000000800006230ffb10000000000001972
CAPTURE 2 15138697024 5254001234025254001234010800450000389bdb4000401136c90a002a0f0a002a0210921092002428c454324e310104000054525432000000000000002e0000000024b2dce0
CAPTURE 2 15154830080 5254001234025254001234010800450000449bdd4000401136bb0a002a0f0a002a02109210920030200254324e3101010001545254320000002f00000000000c000043bcc3da010000000000016c0000002f
CAPTURE 2 15160805408 52540012340152540012340208004500003800000000401112a50a002a020a002a0f1092109200242de954324e310104000054525432000000000000002f0000000033c9c8a3
CAPTURE 2 15168247328 52540012340152540012340208004500004400000000401112990a002a020a002a0f109210920030482f54324e3101020001545254320000002f00000000000c00004efb8f6d010000000000026c0000002f
CAPTURE 2 15226547952 5254001234025254001234010800450000389bdf4000401136c50a002a0f0a002a021092109200242de954324e310104000054525432000000000000002f0000000033c9c8a3
CAPTURE 2 15258664288 5254001234025254001234010800450000449be74000401136b10a002a0f0a002a02109210920030858454324e3101010001545254320000003000000000000c00008178209e010000000000016800000030
CAPTURE 2 15276637664 52540012340152540012340208004500003800000000401112a50a002a020a002a0f109210920024a4a154324e31010400005452543200000000000000300000000040b04503
CAPTURE 2 15277312320 52540012340152540012340208004500004400000000401112990a002a020a002a0f109210920030f04e54324e3101020001545254320000003000000000000c0000f6ff3f49010000000000026a00000030
CAPTURE 2 15316878304 5254001234025254001234010800450000389bf64000401136ae0a002a0f0a002a02109210920024a4a154324e31010400005452543200000000000000300000000040b04503
CAPTURE 2 15346701312 5254001234025254001234010800450000449bfd40004011369b0a002a0f0a002a021092109200305a5a54324e3101010001545254320000003100000000000c0000a67426c6010000000000016c00000031
CAPTURE 2 15364671056 52540012340152540012340208004500003800000000401112a50a002a020a002a0f109210920024814854324e31010400005452543200000000000000310000000057cb5140
CAPTURE 2 15365487824 52540012340152540012340208004500004400000000401112990a002a020a002a0f10921092003010ef54324e3101020001545254320000003100000000000c0000ab336a71010000000000026c00000031
CAPTURE 2 15405356592 5254001234025254001234010800450000389c0840004011369c0a002a0f0a002a02109210920024814854324e31010400005452543200000000000000310000000057cb5140
CAPTURE 2 15601966368 525400123401525400123402080045000040000000004011129d0a002a020a002a0f10921092002c5d2754324e310105000054525432000000000000000000080000a9fdf0c40000000000003282
CAPTURE 2 15610549824 5254001234025254001234010800450000449c2940004011366f0a002a0f0a002a02109210920030c09654324e3101010001545254320000003200000000000c0000ff1067ef010000000000016800000032
CAPTURE 2 15629099248 52540012340152540012340208004500003800000000401112a50a002a020a002a0f1092109200244e8754324e3101040000545254320000000000000032000000006e466d85
CAPTURE 2 15630954480 52540012340152540012340208004500004400000000401112990a002a020a002a0f10921092003025c454324e3101020001545254320000003200000000000c000088977838010000000000026a00000032
CAPTURE 2 15663899472 5254001234025254001234010800450000409c2d40004011366f0a002a0f0a002a0210921092002c67a554324e31010500005452543200000000000000000008000010d996550000000000001b98
CAPTURE 2 15689815184 5254001234025254001234010800450000389c314000401136730a002a0f0a002a021092109200244e8754324e3101040000545254320000000000000032000000006e466d85
CAPTURE 2 15706035248 5254001234025254001234010800450000449c334000401136650a002a0f0a002a02109210920030edbc54324e3101010001545254320000003300000000000c0000d81c61b7010000000000016c00000033
CAPTURE 2 15711556368 52540012340152540012340208004500003800000000401112a50a002a020a002a0f109210920024374e54324e310104000054525432000000000000003300000000793d79c6
CAPTURE 2 15728363728 52540012340152540012340208004500004400000000401112990a002a020a002a0f109210920030243454324e3101020001545254320000003300000000000c0000d55b2d00010000000000026c00000033
CAPTURE 2 15768192192 5254001234025254001234010800450000389c3540004011366f0a002a0f0a002a02109210920024374e54324e310104000054525432000000000000003300000000793d79c6
CAPTURE 2 15809261904 5254001234025254001234010800450000449c3b40004011365d0a002a0f0a002a02109210920030fb6d54324e3101010001545254320000003400000000000c00007da8ae7c010000000000016800000034
CAPTURE 2 15827026304 52540012340152540012340208004500003800000000401112a50a002a020a002a0f109210920024f8e554324e3101040000545254320000000000000034000000001d5c140f
CAPTURE 2 15827616384 52540012340152540012340208004500004400000000401112990a002a020a002a0f1092109200306ab554324e3101020001545254320000003400000000000c00000a2fb1ab010000000000026a00000034
CAPTURE 2 15867695632 5254001234025254001234010800450000389c3d4000401136670a002a0f0a002a02109210920024f8e554324e3101040000545254320000000000000034000000001d5c140f
CAPTURE 2 15897020000 5254001234025254001234010800450000449c404000401136580a002a0f0a002a0210921092003024c454324e3101010001545254320000003500000000000c00005aa4a824010000000000016c00000035
CAPTURE 2 15920105120 52540012340152540012340208004500003800000000401112a50a002a020a002a0f1092109200241fdd54324e3101040000545254320000000000000035000000000a27004c
CAPTURE 2 15920905136 52540012340152540012340208004500004400000000401112990a002a020a002a0f109210920030ea1454324e3101020001545254320000003500000000000c000057e3e493010000000000026c00000035
CAPTURE 2 15972912912 5254001234025254001234010800450000389c4540004011365f0a002a0f0a002a021092109200241fdd54324e3101040000545254320000000000000035000000000a27004c
CAPTURE 2 16161616576 525400123401525400123402080045000040000000004011129d0a002a020a002a0f10921092002cb44c54324e310105000054525432000000000000000000080000d97e67ee00000000000034b2
CAPTURE 2 16164203120 5254001234025254001234010800450000449c644000401136340a002a0f0a002a021092109200303ac154324e3101010001545254320000003600000000000c000003c0e90d010000000000016800000036
CAPTURE 2 16168709824 52540012340152540012340208004500003800000000401112a50a002a020a002a0f109210920024ba1b54324e31010400005452543200000000000000360000000033aa3c89
CAPTURE 2 16182115056 52540012340152540012340208004500004400000000401112990a002a020a002a0f109210920030bb6954324e3101020001545254320000003600000000000c00007447f6da010000000000026a00000036
CAPTURE 2 16217498352 5254001234025254001234010800450000409c6e40004011362e0a002a0f0a002a0210921092002c1a7454324e3101050000545254320000000000000000000800005d8294a80000000000001dcd
CAPTURE 2 16242559856 5254001234025254001234010800450000389c734000401136310a002a0f0a002a02109210920024ba1b54324e31010400005452543200000000000000360000000033aa3c89
CAPTURE 2 16261889648 5254001234025254001234010800450000449c784000401136200a002a0f0a002a02109210920030136754324e3101010001545254320000003700000000000c000024ccef55010000000000016c00000037
CAPTURE 2 16278361248 52540012340152540012340208004500003800000000401112a50a002a020a002a0f109210920024dcb254324e31010400005452543200000000000000370000000024d128ca
CAPTURE 2 16280155360 52540012340152540012340208004500004400000000401112990a002a020a002a0f109210920030591a54324e3101020001545254320000003700000000000c0000298ba3e2010000000000026c00000037
CAPTURE 2 16331094576 5254001234025254001234010800450000389c7b4000401136290a002a0f0a002a02109210920024dcb254324e31010400005452543200000000000000370000000024d128ca
CAPTURE 2 16360259216 5254001234025254001234010800450000449c824000401136160a002a0f0a002a0210921092003048c754324e3101010001545254320000003800000000000c0000a3a83b1b010000000000016800000038
CAPTURE 2 16377874336 52540012340152540012340208004500003800000000401112a50a002a020a002a0f10921092002447c854324e310104000054525432000000000000003800000000fb68e71b
CAPTURE 2 16379735104 52540012340152540012340208004500004400000000401112990a002a020a002a0f1092109200302d8c54324e3101020001545254320000003800000000000c0000d42f24cc010000000000026a00000038
CAPTURE 2 16419521536 5254001234025254001234010800450000389c844000401136200a002a0f0a002a0210921092002447c854324e310104000054525432000000000000003800000000fb68e71b
CAPTURE 2 16447308960 5254001234025254001234010800450000449c8a40004011360e0a002a0f0a002a02109210920030659d54324e3101010001545254320000003900000000000c000084a43d43010000000000016c00000039
CAPTURE 2 16464616752 52540012340152540012340208004500003800000000401112a50a002a020a002a0f1092109200244adf54324e310104000054525432000000000000003900000000ec13f358
CAPTURE 2 16465502704 52540012340152540012340208004500004400000000401112990a002a020a002a0f1092109200302aac54324e3101020001545254320000003900000000000c000089e371f4010000000000026c00000039
CAPTURE 2 16506784240 5254001234025254001234010800450000389c924000401136120a002a0f0a002a021092109200244adf54324e310104000054525432000000000000003900000000ec13f358
CAPTURE 2 16713877024 525400123401525400123402080045000040000000004011129d0a002a020a002a0f10921092002c203a54324e310105000054525432000000000000000000080000462f8d2a00000000000036d8
CAPTURE 2 16724275168 5254001234025254001234010800450000449cbd4000401135db0a002a0f0a002a02109210920030cd5b54324e3101010001545254320000003a00000000000c0000ddc07c6a01000000000001680000003a
CAPTURE 2 16728291008 52540012340152540012340208004500003800000000401112a50a002a020a002a0f109210920024850e54324e310104000054525432000000000000003a00000000d59ecf9d
CAPTURE 2 16729079712 52540012340152540012340208004500004400000000401112990a002a020a002a0f109210920030187f54324e3101020001545254320000003a00000000000c0000aa4763bd010000000000026a0000003a
CAPTURE 2 16788251984 5254001234025254001234010800450000409cc74000401135d50a002a0f0a002a0210921092002c43d554324e310105000054525432000000000000000000080000dc64ea290000000000002008
CAPTURE 2 16814913120 5254001234025254001234010800450000389cca4000401135da0a002a0f0a002a02109210920024850e54324e310104000054525432000000000000003a00000000d59ecf9d
CAPTURE 2 16831080080 5254001234025254001234010800450000449cce4000401135ca0a002a0f0a002a02109210920030b28154324e3101010001545254320000003b00000000000c0000facc7a32010000000000016c0000003b
CAPTURE 2 16840809040 52540012340152540012340208004500003800000000401112a50a002a020a002a0f1092109200248b8554324e310104000054525432000000000000003b00000000c2e5dbde
CAPTURE 2 16848222496 52540012340152540012340208004500004400000000401112990a002a020a002a0f109210920030f86e54324e3101020001545254320000003b00000000000c0000f78b3685010000000000026c0000003b
CAPTURE 2 16893564336 5254001234025254001234010800450000389cdb4000401135c90a002a0f0a002a021092109200248b8554324e310104000054525432000000000000003b00000000c2e5dbde
CAPTURE 2 16934924416 5254001234025254001234010800450000449ce54000401135b30a002a0f0a002a02109210920030121154324e3101010001545254320000003c00000000000c00005f78b5f901000000000001680000003c
CAPTURE 2 16952685008 52540012340152540012340208004500003800000000401112a50a002a020a002a0f109210920024cdac54324e310104000054525432000000000000003c00000000a684b617
CAPTURE 2 16953617072 52540012340152540012340208004500004400000000401112990a002a020a002a0f109210920030535254324e3101020001545254320000003c00000000000c000028ffaa2e010000000000026a0000003c
CAPTURE 2 16998944480 5254001234025254001234010800450000389cf44000401135b00a002a0f0a002a02109210920024cdac54324e310104000054525432000000000000003c00000000a684b617
CAPTURE 2 17019058816 5254001234025254001234010800450000449cf64000401135a20a002a0f0a002a02109210920030fb6654324e3101010001545254320000003d00000000000c00007874b3a1010000000000016c0000003d
CAPTURE 2 17036664048 52540012340152540012340208004500003800000000401112a50a002a020a002a0f109210920024d5f354324e310104000054525432000000000000003d00000000b1ffa254
CAPTURE 2 17037703424 52540012340152540012340208004500004400000000401112990a002a020a002a0f109210920030b23154324e3101020001545254320000003d00000000000c00007533ff16010000000000026c0000003d
CAPTURE 2 17078170752 5254001234025254001234010800450000389d014000401135a30a002a0f0a002a02109210920024d5f354324e310104000054525432000000000000003d00000000b1ffa254
CAPTURE 2 17292319968 525400123401525400123402080045000040000000004011129d0a002a020a002a0f10921092002cfc4454324e3101050000545254320000000000000000000800005dbe974c000000000000391c
CAPTURE 2 17315506960 5254001234025254001234010800450000449d114000401135870a002a0f0a002a0210921092003013e654324e3101010001545254320000003e00000000000c00002110f28801000000000001680000003e
CAPTURE 2 17333011984 52540012340152540012340208004500003800000000401112a50a002a020a002a0f109210920024034354324e310104000054525432000000000000003e0000000088729e91
CAPTURE 2 17334834096 52540012340152540012340208004500004400000000401112990a002a020a002a0f109210920030e28454324e3101020001545254320000003e00000000000c00005697ed5f010000000000026a0000003e
CAPTURE 2 17367276624 5254001234025254001234010800450000409d184000401135840a002a0f0a002a0210921092002ca4b254324e3101050000545254320000000000000000000800007f36e43c0000000000002246
CAPTURE 2 17392873760 5254001234025254001234010800450000389d1a40004011358a0a002a0f0a002a02109210920024034354324e310104000054525432000000000000003e0000000088729e91
CAPTURE 2 17412036160 5254001234025254001234010800450000449d1d40004011357b0a002a0f0a002a021092109200302c8c54324e3101010001545254320000003f00000000000c0000061cf4d0010000000000016c0000003f
CAPTURE 2 17416663200 52540012340152540012340208004500003800000000401112a50a002a020a002a0f109210920024006a54324e310104000054525432000000000000003f000000009f098ad2
CAPTURE 2 17430151520 52540012340152540012340208004500004400000000401112990a002a020a002a0f10921092003062b554324e3101020001545254320000003f00000000000c00000b5bb867010000000000026c0000003f
CAPTURE 2 17470848800 5254001234025254001234010800450000389d1e4000401135860a002a0f0a002a02109210920024006a54324e310104000054525432000000000000003f000000009f098ad2
CAPTURE 2 17509592880 5254001234025254001234010800450000449d274000401135710a002a0f0a002a02109210920030012854324e3101010001545254320000004000000000000c00008269a3e9010000000000016800000040
CAPTURE 2 17526771632 52540012340152540012340208004500003800000000401112a50a002a020a002a0f109210920024f35a54324e310104000054525432000000000000004000000000b01386d6
CAPTURE 2 17528120880 52540012340152540012340208004500004400000000401112990a002a020a002a0f109210920030744a54324e3101020001545254320000004000000000000c0000f5eebc3e010000000000026a00000040
CAPTURE 2 17568890208 5254001234025254001234010800450000389d3540004011356f0a002a0f0a002a02109210920024f35a54324e310104000054525432000000000000004000000000b01386d6
CAPTURE 2 17590961280 5254001234025254001234010800450000449d384000401135600a002a0f0a002a02109210920030dc5d54324e3101010001545254320000004100000000000c0000a565a5b1010000000000016c00000041
CAPTURE 2 17608197232 52540012340152540012340208004500003800000000401112a50a002a020a002a0f109210920024f04554324e310104000054525432000000000000004100000000a7689295
CAPTURE 2 17608992608 52540012340152540012340208004500004400000000401112990a002a020a002a0f109210920030954a54324e3101020001545254320000004100000000000c0000a822e906010000000000026c00000041
CAPTURE 2 17650873568 5254001234025254001234010800450000389d4640004011355e0a002a0f0a002a02109210920024f04554324e310104000054525432000000000000004100000000a7689295
CAPTURE 2 17844100560 525400123401525400123402080045000040000000004011129d0a002a020a002a0f10921092002c829054324e310105000054525432000000000000000000080000e35b893d0000000000003b42
CAPTURE 2 17860007920 5254001234025254001234010800450000449d6e40004011352a0a002a0f0a002a0210921092003046dc54324e3101010001545254320000004200000000000c0000fc01e498010000000000016800000042
CAPTURE 2 17877024144 52540012340152540012340208004500003800000000401112a50a002a020a002a0f109210920024dd0c54324e3101040000545254320000000000000042000000009ee5ae50
CAPTURE 2 17877959152 52540012340152540012340208004500004400000000401112990a002a020a002a0f1092109200309f9d54324e3101020001545254320000004200000000000c00008b86fb4f010000000000026a00000042
CAPTURE 2 17913071472 5254001234025254001234010800450000409d764000401135260a002a0f0a002a0210921092002cc53354324e31010500005452543200000000000000000008000085d0bafa000000000000246d
CAPTURE 2 17938657648 5254001234025254001234010800450000389d7c4000401135280a002a0f0a002a02109210920024dd0c54324e3101040000545254320000000000000042000000009ee5ae50
CAPTURE 2 17954821152 5254001234025254001234010800450000449d7f4000401135190a002a0f0a002a0210921092003069a254324e3101010001545254320000004300000000000c0000db0de2c0010000000000016c00000043
CAPTURE 2 17960776560 52540012340152540012340208004500003800000000401112a50a002a020a002a0f109210920024e68f54324e310104000054525432000000000000004300000000899eba13
CAPTURE 2 17977034432 52540012340152540012340208004500004400000000401112990a002a020a002a0f109210920030a1ad54324e3101020001545254320000004300000000000c0000d64aae77010000000000026c00000043
CAPTURE 2 18016524048 5254001234025254001234010800450000389d8540004011351f0a002a0f0a002a02109210920024e68f54324e310104000054525432000000000000004300000000899eba13
CAPTURE 2 18058447856 5254001234025254001234010800450000449d8f4000401135090a002a0f0a002a021092109200307bae54324e3101010001545254320000004400000000000c00007eb92d0b010000000000016800000044
CAPTURE 2 18075662672 52540012340152540012340208004500003800000000401112a50a002a020a002a0f109210920024646654324e310104000054525432000000000000004400000000edffd7da
CAPTURE 2 18076587584 52540012340152540012340208004500004400000000401112990a002a020a002a0f109210920030ea5554324e3101020001545254320000004400000000000c0000093e32dc010000000000026a00000044
CAPTURE 2 18118638032 5254001234025254001234010800450000389d9540004011350f0a002a0f0a002a02109210920024646654324e310104000054525432000000000000004400000000edffd7da
CAPTURE 2 18134715408 5254001234025254001234010800450000449d964000401135020a002a0f0a002a02109210920030a26454324e3101010001545254320000004500000000000c000059b52b53010000000000016c00000045
CAPTURE 2 18140737232 52540012340152540012340208004500003800000000401112a50a002a020a002a0f1092109200246c2154324e310104000054525432000000000000004500000000fa84c399
CAPTURE 2 18157285904 52540012340152540012340208004500004400000000401112990a002a020a002a0f109210920030699554324e3101020001545254320000004500000000000c000054f267e4010000000000026c00000045
CAPTURE 2 18197028384 5254001234025254001234010800450000389d9e4000401135060a002a0f0a002a021092109200246c2154324e310104000054525432000000000000004500000000fa84c399
CAPTURE 2 18403144208 525400123401525400123402080045000040000000004011129d0a002a020a002a0f10921092002c3b0a54324e31010500005452543200000000000000000008000093d81e170000000000003d72
CAPTURE 2 18423047120 5254001234025254001234010800450000449db34000401134e50a002a0f0a002a02109210920030bc2354324e3101010001545254320000004600000000000c000000d16a7a010000000000016800000046
CAPTURE 2 18440160080 52540012340152540012340208004500003800000000401112a50a002a020a002a0f10921092002467d854324e310104000054525432000000000000004600000000c309ff5c
CAPTURE 2 18440980368 52540012340152540012340208004500004400000000401112990a002a020a002a0f109210920030396854324e3101020001545254320000004600000000000c0000775675ad010000000000026a00000046
CAPTURE 2 18485962096 5254001234025254001234010800450000409dbc4000401134e00a002a0f0a002a0210921092002cc16f54324e310105000054525432000000000000000000080000b2e68f6b00000000000026aa
CAPTURE 2 18511290096 5254001234025254001234010800450000389dbd4000401134e70a002a0f0a002a0210921092002467d854324e310104000054525432000000000000004600000000c309ff5c
CAPTURE 2 18535725600 5254001234025254001234010800450000449dc24000401134d60a002a0f0a002a02109210920030936954324e3101010001545254320000004700000000000c000027dd6c22010000000000016c00000047
CAPTURE 2 18541353056 52540012340152540012340208004500003800000000401112a50a002a020a002a0f1092109200246aab54324e310104000054525432000000000000004700000000d472eb1f
CAPTURE 2 18548325584 52540012340152540012340208004500004400000000401112990a002a020a002a0f109210920030db3854324e3101020001545254320000004700000000000c00002a9a2095010000000000026c00000047
CAPTURE 2 18598197312 5254001234025254001234010800450000389dd24000401134d20a002a0f0a002a021092109200246aab54324e310104000054525432000000000000004700000000d472eb1f
CAPTURE 2 18628880304 5254001234025254001234010800450000449dd74000401134c10a002a0f0a002a02109210920030ce4454324e3101010001545254320000004800000000000c0000a0b9b86c010000000000016800000048
CAPTURE 2 18646459616 52540012340152540012340208004500003800000000401112a50a002a020a002a0f109210920024f9a354324e3101040000545254320000000000000048000000000bcb24ce
CAPTURE 2 18648537280 52540012340152540012340208004500004400000000401112990a002a020a002a0f109210920030a76d54324e3101020001545254320000004800000000000c0000d73ea7bb010000000000026a00000048
CAPTURE 2 18689380912 5254001234025254001234010800450000389de54000401134bf0a002a0f0a002a02109210920024f9a354324e3101040000545254320000000000000048000000000bcb24ce
CAPTURE 2 18719221056 5254001234025254001234010800450000449de94000401134af0a002a0f0a002a02109210920030e17a54324e3101010001545254320000004900000000000c000087b5be34010000000000016c00000049
CAPTURE 2 18736662880 52540012340152540012340208004500003800000000401112a50a002a020a002a0f109210920024dcfe54324e3101040000545254320000000000000049000000001cb0308d
CAPTURE 2 18737860704 52540012340152540012340208004500004400000000401112990a002a020a002a0f109210920030a8ed54324e3101020001545254320000004900000000000c00008af2f283010000000000026c00000049
CAPTURE 2 18766699632 5254001234025254001234010800450000389dee4000401134b60a002a0f0a002a02109210920024dcfe54324e3101040000545254320000000000000049000000001cb0308d
CAPTURE 2 18950814192 525400123401525400123402080045000040000000004011129d0a002a020a002a0f10921092002c91ae54324e310105000054525432000000000000000000080000e13177f30000000000003f98
CAPTURE 2 18977504000 5254001234025254001234010800450000449df34000401134a50a002a0f0a002a02109210920030497754324e3101010001545254320000004a00000000000c0000ded1ff1d01000000000001680000004a
CAPTURE 2 18988248672 52540012340152540012340208004500003800000000401112a50a002a020a002a0f109210920024f8b554324e310104000054525432000000000000004a00000000253d0c48
CAPTURE 2 18995702512 52540012340152540012340208004500004400000000401112990a002a020a002a0f1092109200309c4254324e3101020001545254320000004a00000000000c0000a956e0ca010000000000026a0000004a
CAPTURE 2 19041706528 5254001234025254001234010800450000409e0140004011349b0a002a0f0a002a0210921092002cebcc54324e31010500005452543200000000000000000008000075d69ff200000000000028d6
CAPTURE 2 19066670496 5254001234025254001234010800450000389e0540004011349f0a002a0f0a002a02109210920024f8b554324e310104000054525432000000000000004a00000000253d0c48
CAPTURE 2 19086269392 5254001234025254001234010800450000449e0a40004011348e0a002a0f0a002a02109210920030343d54324e3101010001545254320000004b00000000000c0000f9ddf945010000000000016c0000004b
CAPTURE 2 19103530640 52540012340152540012340208004500003800000000401112a50a002a020a002a0f109210920024dfe854324e310104000054525432000000000000004b000000003246180b
CAPTURE 2 19104524464 52540012340152540012340208004500004400000000401112990a002a020a002a0f1092109200307bd254324e3101020001545254320000004b00000000000c0000f49ab5f2010000000000026c0000004b
CAPTURE 2 19155898288 5254001234025254001234010800450000389e0c4000401134980a002a0f0a002a02109210920024dfe854324e310104000054525432000000000000004b000000003246180b
CAPTURE 2 19187376832 5254001234025254001234010800450000449e0e40004011348a0a002a0f0a002a02109210920030946b54324e3101010001545254320000004c00000000000c00005c69368e01000000000001680000004c
CAPTURE 2 19204733936 52540012340152540012340208004500003800000000401112a50a002a020a002a0f1092109200245e4f54324e310104000054525432000000000000004c00000000562775c2
CAPTURE 2 19205524000 52540012340152540012340208004500004400000000401112990a002a020a002a0f109210920030d11854324e3101020001545254320000004c00000000000c00002bee2959010000000000026a0000004c
CAPTURE 2 19256905200 5254001234025254001234010800450000389e204000401134840a002a0f0a002a021092109200245e4f54324e310104000054525432000000000000004c00000000562775c2
CAPTURE 2 19276125984 5254001234025254001234010800450000449e234000401134750a002a0f0a002a021092109200307b2154324e3101010001545254320000004d00000000000c00007b6530d6010000000000016c0000004d
CAPTURE 2 19280683264 52540012340152540012340208004500003800000000401112a50a002a020a002a0f109210920024875a54324e310104000054525432000000000000004d00000000415c6181
CAPTURE 2 19296023616 52540012340152540012340208004500004400000000401112990a002a020a002a0f10921092003033d854324e3101020001545254320000004d00000000000c000076227c61010000000000026c0000004d
CAPTURE 2 19335845008 5254001234025254001234010800450000389e2b4000401134790a002a0f0a002a02109210920024875a54324e310104000054525432000000000000004d00000000415c6181
CAPTURE 2 19510095328 525400123401525400123402080045000040000000004011129d0a002a020a002a0f10921092002c3a3e54324e3101050000545254320000000000000000000800003be6727f00000000000041c8
CAPTURE 2 19541887632 5254001234025254001234010800450000449e3a40004011345e0a002a0f0a002a02109210920030935e54324e3101010001545254320000004e00000000000c0000220171ff01000000000001680000004e
CAPTURE 2 19561039952 52540012340152540012340208004500003800000000401112a50a002a020a002a0f109210920024542154324e310104000054525432000000000000004e0000000078d15d44
CAPTURE 2 19562820000 52540012340152540012340208004500004400000000401112990a002a020a002a0f10921092003062ad54324e3101020001545254320000004e00000000000c000055866e28010000000000026a0000004e
CAPTURE 2 19609373616 5254001234025254001234010800450000409e434000401134590a002a0f0a002a0210921092002cce6654324e31010500005452543200000000000000000008000038fdf7fb0000000000002b0c
CAPTURE 2 19636670624 5254001234025254001234010800450000389e4740004011345d0a002a0f0a002a02109210920024542154324e310104000054525432000000000000004e0000000078d15d44
CAPTURE 2 19656303824 5254001234025254001234010800450000449e4a40004011344e0a002a0f0a002a02109210920030aaa454324e3101010001545254320000004f00000000000c0000050d77a7010000000000016c0000004f
CAPTURE 2 19658297280 52540012340152540012340208004500003800000000401112a50a002a020a002a0f109210920024718454324e310104000054525432000000000000004f000000006faa4907
CAPTURE 2 19660630112 52540012340152540012340208004500004400000000401112990a002a020a002a0f109210920030e2fd54324e3101020001545254320000004f00000000000c0000084a3b10010000000000026c0000004f
CAPTURE 2 19728246368 5254001234025254001234010800450000389e4d4000401134570a002a0f0a002a02109210920024718454324e310104000054525432000000000000004f000000006faa4907
CAPTURE 2 19756785056 5254001234025254001234010800450000449e514000401134470a002a0f0a002a02109210920030caad54324e3101010001545254320000005000000000000c0000c7c994e3010000000000016800000050
CAPTURE 2 19773955440 52540012340152540012340208004500003800000000401112a50a002a020a002a0f10921092002448ba54324e3101040000545254320000000000000050000000001cd3c4a7
CAPTURE 2 19781610736 52540012340152540012340208004500004400000000401112990a002a020a002a0f1092109200303dd154324e3101020001545254320000005000000000000c0000992d4fef01000000000001d400000050
CAPTURE 2 19820603232 5254001234025254001234010800450000389e5b4000401134490a002a0f0a002a0210921092002448ba54324e3101040000545254320000000000000050000000001cd3c4a7
CAPTURE 2 19848864976 5254001234025254001234010800450000449e5f4000401134390a002a0f0a002a0210921092003033bb54324e3101010001545254320000005100000000000c0000dbe51688010000000000029800000051
CAPTURE 2 20060643760 52540012340152540012340208004500003800000000401112a50a002a020a002a0f1092109200244da754324e3101040000545254320000000000000051000000000ba8d0e4
CAPTURE 2 20061591024 52540012340152540012340208004500004400000000401112990a002a020a002a0f10921092003022a054324e3101020001545254320000005100000000000c00009d5066e001000000000001ef00000051
CAPTURE 2 20090716496 5254001234025254001234010800450000409e6240004011343a0a002a0f0a002a0210921092002c140954324e3101050000545254320000000000000000000800005abe8eb10000000000002cf3
CAPTURE 2 20101836304 5254001234025254001234010800450000389e6540004011343f0a002a0f0a002a021092109200244da754324e3101040000545254320000000000000051000000000ba8d0e4
CAPTURE 2 20118811872 5254001234025254001234010800450000449e6940004011342f0a002a0f0a002a02109210920030f73954324e3101010001545254320000005200000000000c00007585b99d010000000000026200000052
CAPTURE 2 20138235200 52540012340152540012340208004500003800000000401112a50a002a020a002a0f1092109200240bec54324e3101040000545254320000000000000052000000003225ec21
CAPTURE 2 20139134320 52540012340152540012340208004500004400000000401112990a002a020a002a0f1092109200303ad554324e3101020001545254320000005200000000000c0000c43427c901000000000001eb00000052
CAPTURE 2 20189686720 5254001234025254001234010800450000389e6c4000401134380a002a0f0a002a021092109200240bec54324e3101040000545254320000000000000052000000003225ec21
CAPTURE 2 20219081696 5254001234025254001234010800450000449e734000401134250a002a0f0a002a021092109200303c1554324e3101010001545254320000005300000000000c0000977952c4010000000000026a00000053
CAPTURE 2 20236274448 52540012340152540012340208004500003800000000401112a50a002a020a002a0f1092109200240c7154324e310104000054525432000000000000005300000000255ef862
CAPTURE 2 20237070208 52540012340152540012340208004500004400000000401112990a002a020a002a0f10921092003026f654324e3101020001545254320000005300000000000c0000a4985b4101000000000001ec00000053
CAPTURE 2 20293482272 5254001234025254001234010800450000389e8640004011341e0a002a0f0a002a021092109200240c7154324e310104000054525432000000000000005300000000255ef862
CAPTURE 2 20312821616 5254001234025254001234010800450000449e8940004011340f0a002a0f0a002a02109210920030001654324e3101010001545254320000005400000000000c0000bd8d68af010000000000026800000054
CAPTURE 2 20331176432 52540012340152540012340208004500003800000000401112a50a002a020a002a0f109210920024534654324e310104000054525432000000000000005400000000413f95ab
CAPTURE 2 20331789904 52540012340152540012340208004500004400000000401112990a002a020a002a0f109210920030f1e754324e3101020001545254320000005400000000000c0000468cee5a01000000000001eb00000054
CAPTURE 2 20370893456 5254001234025254001234010800450000389e914000401134130a002a0f0a002a02109210920024534654324e310104000054525432000000000000005400000000413f95ab
CAPTURE 2 20413520384 5254001234025254001234010800450000449e984000401134000a002a0f0a002a02109210920030753654324e3101010001545254320000005500000000000c000015c19b57010000000000026a00000055
CAPTURE 2 20615141264 52540012340152540012340208004500003800000000401112a50a002a020a002a0f109210920024520354324e310104000054525432000000000000005500000000564481e8
CAPTURE 2 20615769136 52540012340152540012340208004500004400000000401112990a002a020a002a0f1092109200306dd954324e3101020001545254320000005500000000000c0000262092d201000000000001ec00000055
CAPTURE 2 20644905520 5254001234025254001234010800450000409ea64000401133f60a002a0f0a002a0210921092002c281d54324e31010500005452543200000000000000000008000038fa9a3f0000000000002f15
CAPTURE 2 20656033472 5254001234025254001234010800450000389ea74000401133fd0a002a0f0a002a02109210920024520354324e310104000054525432000000000000005500000000564481e8
CAPTURE 2 20675293232 5254001234025254001234010800450000449eab4000401133ed0a002a0f0a002a02109210920030328b54324e3101010001545254320000005600000000000c0000c3e52fde010000000000026800000056
CAPTURE 2 20692732512 52540012340152540012340208004500003800000000401112a50a002a020a002a0f109210920024fd3754324e3101040000545254320000000000000056000000006fc9bd2d
CAPTURE 2 20693923920 52540012340152540012340208004500004400000000401112990a002a020a002a0f10921092003044bb54324e3101020001545254320000005600000000000c000038e4a92b01000000000001eb00000056
CAPTURE 2 20736965568 5254001234025254001234010800450000389eb74000401133ed0a002a0f0a002a02109210920024fd3754324e3101040000545254320000000000000056000000006fc9bd2d
CAPTURE 2 20773811072 5254001234025254001234010800450000449ebf4000401133d90a002a0f0a002a02109210920030de7a54324e3101010001545254320000005700000000000c00006ba9dc26010000000000026a00000057
CAPTURE 2 20788464736 52540012340152540012340208004500003800000000401112a50a002a020a002a0f109210920024080d54324e31010400005452543200000000000000570000000078b2a96e
CAPTURE 2 20792037248 52540012340152540012340208004500004400000000401112990a002a020a002a0f109210920030f8db54324e3101020001545254320000005700000000000c00005848d5a301000000000001ec00000057
CAPTURE 2 20842770032 5254001234025254001234010800450000389ec34000401133e10a002a0f0a002a02109210920024080d54324e31010400005452543200000000000000570000000078b2a96e
CAPTURE 2 20862491248 5254001234025254001234010800450000449ec64000401133d20a002a0f0a002a02109210920030c4f454324e3101010001545254320000005800000000000c0000638dfdc8010000000000026800000058
CAPTURE 2 20879634720 52540012340152540012340208004500003800000000401112a50a002a020a002a0f1092109200241c6254324e310104000054525432000000000000005800000000a70b66bf
CAPTURE 2 20880575792 52540012340152540012340208004500004400000000401112990a002a020a002a0f10921092003012fd54324e3101020001545254320000005800000000000c0000988c7b3d01000000000001eb00000058
CAPTURE 2 20921453136 5254001234025254001234010800450000389ed54000401133cf0a002a0f0a002a021092109200241c6254324e310104000054525432000000000000005800000000a70b66bf
CAPTURE 2 20967541008 5254001234025254001234010800450000449edb4000401133bd0a002a0f0a002a021092109200304c5554324e3101010001545254320000005900000000000c0000cbc10e30010000000000026a00000059
CAPTURE 2 21167521488 52540012340152540012340208004500003800000000401112a50a002a020a002a0f10921092002406bf54324e310104000054525432000000000000005900000000b07072fc
CAPTURE 2 21168202992 52540012340152540012340208004500004400000000401112990a002a020a002a0f10921092003026ee54324e3101020001545254320000005900000000000c0000f82007b501000000000001ec00000059
CAPTURE 2 21199262848 5254001234025254001234010800450000409efd40004011339f0a002a0f0a002a0210921092002c0d9a54324e310105000054525432000000000000000000080000ae093d8c000000000000313c
CAPTURE 2 21210336368 5254001234025254001234010800450000389f004000401133a40a002a0f0a002a0210921092002406bf54324e310104000054525432000000000000005900000000b07072fc
CAPTURE 2 21226290128 5254001234025254001234010800450000449f014000401133970a002a0f0a002a021092109200304da854324e3101010001545254320000005a00000000000c00001de5bab901000000000002680000005a
CAPTURE 2 21240820400 52540012340152540012340208004500003800000000401112a50a002a020a002a0f10921092002451f454324e310104000054525432000000000000005a0000000089fd4e39
CAPTURE 2 21246921456 52540012340152540012340208004500004400000000401112990a002a020a002a0f109210920030039254324e3101020001545254320000005a00000000000c0000e6e43c4c01000000000001eb0000005a
CAPTURE 2 21288128624 5254001234025254001234010800450000389f0b4000401133990a002a0f0a002a0210921092002451f454324e310104000054525432000000000000005a0000000089fd4e39
CAPTURE 2 21330977184 5254001234025254001234010800450000449f114000401133870a002a0f0a002a02109210920030275854324e3101010001545254320000005b00000000000c0000b5a94941010000000000026a0000005b
CAPTURE 2 21348674432 52540012340152540012340208004500003800000000401112a50a002a020a002a0f109210920024312954324e310104000054525432000000000000005b000000009e865a7a
CAPTURE 2 21349886432 52540012340152540012340208004500004400000000401112990a002a020a002a0f1092109200305fb354324e3101020001545254320000005b00000000000c0000864840c401000000000001ec0000005b
CAPTURE 2 21380994656 33330000000252540012340186dd6000000000103afffe80000000000000505400fffe123401ff0200000000000000000000000000028500725f000000000101525400123401
CAPTURE 2 21389126848 5254001234025254001234010800450000389f1740004011338d0a002a0f0a002a02109210920024312954324e310104000054525432000000000000005b000000009e865a7a
CAPTURE 2 21408853456 5254001234025254001234010800450000449f184000401133800a002a0f0a002a0210921092003013bb54324e3101010001545254320000005c00000000000c00009f5d732a01000000000002680000005c
CAPTURE 2 21426549216 52540012340152540012340208004500003800000000401112a50a002a020a002a0f109210920024f78d54324e310104000054525432000000000000005c00000000fae737b3
CAPTURE 2 21427140944 52540012340152540012340208004500004400000000401112990a002a020a002a0f109210920030cc8254324e3101020001545254320000005c00000000000c0000645cf5df01000000000001eb0000005c
CAPTURE 2 21465835664 5254001234025254001234010800450000389f1d4000401133870a002a0f0a002a02109210920024f78d54324e310104000054525432000000000000005c00000000fae737b3
CAPTURE 2 21510086112 5254001234025254001234010800450000449f244000401133740a002a0f0a002a021092109200306e5b54324e3101010001545254320000005d00000000000c0000371180d2010000000000026a0000005d
CAPTURE 2 21527360480 52540012340152540012340208004500003800000000401112a50a002a020a002a0f109210920024189b54324e310104000054525432000000000000005d00000000ed9c23f0
CAPTURE 2 21528547168 52540012340152540012340208004500004400000000401112990a002a020a002a0f109210920030987454324e3101020001545254320000005d00000000000c000004f0895701000000000001ec0000005d
CAPTURE 2 21568813392 5254001234025254001234010800450000389f2a40004011337a0a002a0f0a002a02109210920024189b54324e310104000054525432000000000000005d00000000ed9c23f0
CAPTURE 2 21738980976 5254001234025254001234010800450000449f2e40004011336a0a002a0f0a002a0210921092003010ae54324e3101010001545254320000005e00000000000c0000e135345b01000000000002680000005e
CAPTURE 2 21749955536 525400123401525400123402080045000040000000004011129d0a002a020a002a0f10921092002c28cf54324e310105000054525432000000000000000000080000fa10bd0d0000000000004a7e
CAPTURE 2 21758399552 52540012340152540012340208004500003800000000401112a50a002a020a002a0f10921092002436e054324e310104000054525432000000000000005e00000000d4111f35
CAPTURE 2 21759566096 52540012340152540012340208004500004400000000401112990a002a020a002a0f10921092003059d854324e3101020001545254320000005e00000000000c00001a34b2ae01000000000001eb0000005e
CAPTURE 2 21803190496 5254001234025254001234010800450000409f374000401133650a002a0f0a002a0210921092002c758f54324e310105000054525432000000000000000000080000d3e0ad5c000000000000339f
CAPTURE 2 21828707968 5254001234025254001234010800450000389f3840004011336c0a002a0f0a002a0210921092002436e054324e310104000054525432000000000000005e00000000d4111f35
CAPTURE 2 21849006016 5254001234025254001234010800450000449f3c40004011335c0a002a0f0a002a02109210920030151e54324e3101010001545254320000005f00000000000c00004979c7a3010000000000026a0000005f
CAPTURE 2 21866930496 52540012340152540012340208004500003800000000401112a50a002a020a002a0f1092109200245b4554324e310104000054525432000000000000005f00000000c36a0b76
CAPTURE 2 21867536208 52540012340152540012340208004500004400000000401112990a002a020a002a0f109210920030ddf854324e3101020001545254320000005f00000000000c00007a98ce2601000000000001ec0000005f
CAPTURE 2 21897124256 5254001234025254001234010800450000389f444000401133600a002a0f0a002a021092109200245b4554324e310104000054525432000000000000005f00000000c36a0b76
CAPTURE 2 21948739600 5254001234025254001234010800450000449f504000401133480a002a0f0a002a02109210920030d72954324e3101010001545254320000006000000000000c00008fbdbf53010000000000026800000060
CAPTURE 2 21965818000 52540012340152540012340208004500003800000000401112a50a002a020a002a0f109210920024f2cd54324e31010400005452543200000000000000600000000032e20475
CAPTURE 2 21967589568 52540012340152540012340208004500004400000000401112990a002a020a002a0f109210920030785454324e3101020001545254320000006000000000000c000074bc39a601000000000001eb00000060
CAPTURE 2 22006633888 5254001234025254001234010800450000389f5b4000401133490a002a0f0a002a02109210920024f2cd54324e31010400005452543200000000000000600000000032e20475
CAPTURE 2 22023016224 5254001234025254001234010800450000449f5f4000401133390a002a0f0a002a02109210920030b19a54324e3101010001545254320000006100000000000c000027f14cab010000000000026a00000061
CAPTURE 2 22031476832 52540012340152540012340208004500003800000000401112a50a002a020a002a0f109210920024f45454324e31010400005452543200000000000000610000000025991036
CAPTURE 2 22045604864 52540012340152540012340208004500004400000000401112990a002a020a002a0f109210920030cd7554324e3101020001545254320000006100000000000c00001410452e01000000000001ec00000061
CAPTURE 2 22085022864 5254001234025254001234010800450000389f6640004011333e0a002a0f0a002a02109210920024f45454324e31010400005452543200000000000000610000000025991036
CAPTURE 2 22301840944 525400123401525400123402080045000040000000004011129d0a002a020a002a0f10921092002ceac454324e3101050000545254320000000000000000000800002a99c85f0000000000004cae
CAPTURE 2 22321718880 5254001234025254001234010800450000449f6940004011332f0a002a0f0a002a021092109200303c3e54324e3101010001545254320000006200000000000c0000f1d5f822010000000000026800000062
CAPTURE 2 22339336096 52540012340152540012340208004500003800000000401112a50a002a020a002a0f109210920024e11b54324e3101040000545254320000000000000062000000001c142cf3
CAPTURE 2 22339946176 52540012340152540012340208004500004400000000401112990a002a020a002a0f1092109200309d0754324e3101020001545254320000006200000000000c00000ad47ed701000000000001eb00000062
CAPTURE 2 22381556976 5254001234025254001234010800450000409f744000401133280a002a0f0a002a0210921092002c6ba254324e310105000054525432000000000000000000080000320756e100000000000035e1
CAPTURE 2 22406406976 5254001234025254001234010800450000389f7940004011332b0a002a0f0a002a02109210920024e11b54324e3101040000545254320000000000000062000000001c142cf3
CAPTURE 2 22425583040 5254001234025254001234010800450000449f7b40004011331d0a002a0f0a002a02109210920030c0bf54324e3101010001545254320000006300000000000c000059990bda010000000000026a00000063
CAPTURE 2 22443398256 52540012340152540012340208004500003800000000401112a50a002a020a002a0f109210920024e60254324e3101040000545254320000000000000063000000000b6f38b0
CAPTURE 2 22443992544 52540012340152540012340208004500004400000000401112990a002a020a002a0f109210920030b9d854324e3101020001545254320000006300000000000c00006a78025f01000000000001ec00000063
CAPTURE 2 22483114928 5254001234025254001234010800450000389f8640004011331e0a002a0f0a002a02109210920024e60254324e3101040000545254320000000000000063000000000b6f38b0
CAPTURE 2 22527709440 5254001234025254001234010800450000449f8f4000401133090a002a0f0a002a02109210920030811454324e3101010001545254320000006400000000000c0000736d31b1010000000000026800000064
CAPTURE 2 22545656720 52540012340152540012340208004500003800000000401112a50a002a020a002a0f109210920024659954324e3101040000545254320000000000000064000000006f0e5579
CAPTURE 2 22547506688 52540012340152540012340208004500004400000000401112990a002a020a002a0f109210920030e6fd54324e3101020001545254320000006400000000000c0000886cb74401000000000001eb00000064
CAPTURE 2 22586742400 5254001234025254001234010800450000389f904000401133140a002a0f0a002a02109210920024659954324e3101040000545254320000000000000064000000006f0e5579
CAPTURE 2 22603368192 5254001234025254001234010800450000449f934000401133050a002a0f0a002a0210921092003088c354324e3101010001545254320000006500000000000c0000db21c249010000000000026a00000065
CAPTURE 2 22611089392 52540012340152540012340208004500003800000000401112a50a002a020a002a0f109210920024707054324e3101040000545254320000000000000065000000007875413a
CAPTURE 2 22618248448 52540012340152540012340208004500004400000000401112990a002a020a002a0f109210920030721e54324e3101020001545254320000006500000000000c0000e8c0cbcc01000000000001ec00000065
CAPTURE 2 22671888416 5254001234025254001234010800450000389f9d4000401133070a002a0f0a002a02109210920024707054324e3101040000545254320000000000000065000000007875413a
CAPTURE 2 22853378496 525400123401525400123402080045000040000000004011129d0a002a020a002a0f10921092002c001954324e310105000054525432000000000000000000080000a87f32ff0000000000004ed4
CAPTURE 2 22865433936 5254001234025254001234010800450000449fbe4000401132da0a002a0f0a002a02109210920030a26954324e3101010001545254320000006600000000000c00000d0576c0010000000000026800000066
CAPTURE 2 22878431376 52540012340152540012340208004500003800000000401112a50a002a020a002a0f1092109200246a2754324e31010400005452543200000000000000660000000041f87dff
CAPTURE 2 22883745600 52540012340152540012340208004500004400000000401112990a002a020a002a0f109210920030407054324e3101020001545254320000006600000000000c0000f604f03501000000000001eb00000066
CAPTURE 2 22929535056 5254001234025254001234010800450000409fc34000401132d90a002a0f0a002a0210921092002cc2cb54324e31010500005452543200000000000000000008000020ce0ecd0000000000003805
CAPTURE 2 22956835728 5254001234025254001234010800450000389fc74000401132dd0a002a0f0a002a021092109200246a2754324e31010400005452543200000000000000660000000041f87dff
CAPTURE 2 22977395056 5254001234025254001234010800450000449fcb4000401132cd0a002a0f0a002a02109210920030fba854324e3101010001545254320000006700000000000c0000a5498538010000000000026a00000067
CAPTURE 2 22995191232 52540012340152540012340208004500003800000000401112a50a002a020a002a0f10921092002469de54324e310104000054525432000000000000006700000000568369bc
CAPTURE 2 22996652896 52540012340152540012340208004500004400000000401112990a002a020a002a0f109210920030034254324e3101020001545254320000006700000000000c000096a88cbd01000000000001ec00000067
CAPTURE 2 23038943888 5254001234025254001234010800450000389fd84000401132cc0a002a0f0a002a0210921092002469de54324e310104000054525432000000000000006700000000568369bc
CAPTURE 2 23078746672 5254001234025254001234010800450000449fdd4000401132bb0a002a0f0a002a02109210920030d3e654324e3101010001545254320000006800000000000c0000ad6da4d6010000000000026800000068
CAPTURE 2 23096702000 52540012340152540012340208004500003800000000401112a50a002a020a002a0f109210920024fa7454324e310104000054525432000000000000006800000000893aa66d
CAPTURE 2 23098091088 52540012340152540012340208004500004400000000401112990a002a020a002a0f109210920030ae1754324e3101020001545254320000006800000000000c0000566c222301000000000001eb00000068
CAPTURE 2 23138940272 5254001234025254001234010800450000389fe44000401132c00a002a0f0a002a02109210920024fa7454324e310104000054525432000000000000006800000000893aa66d
CAPTURE 2 23159100576 5254001234025254001234010800450000449fe74000401132b10a002a0f0a002a02109210920030c9d754324e3101010001545254320000006900000000000c00000521572e010000000000026a00000069
CAPTURE 2 23176963792 52540012340152540012340208004500003800000000401112a50a002a020a002a0f109210920024d9ab54324e3101040000545254320000000000000069000000009e41b22e
CAPTURE 2 23178240464 52540012340152540012340208004500004400000000401112990a002a020a002a0f109210920030913854324e3101020001545254320000006900000000000c000036c05eab01000000000001ec00000069
CAPTURE 2 23207836464 5254001234025254001234010800450000389fe84000401132bc0a002a0f0a002a02109210920024d9ab54324e3101040000545254320000000000000069000000009e41b22e
CAPTURE 2 23410902560 525400123401525400123402080045000040000000004011129d0a002a020a002a0f10921092002c06bb54324e310105000054525432000000000000000000080000e3f6eeb50000000000005104
CAPTURE 2 23439006704 5254001234025254001234010800450000449ff14000401132a70a002a0f0a002a021092109200306f7954324e3101010001545254320000006a00000000000c0000d305e3a701000000000002680000006a
CAPTURE 2 23456670912 52540012340152540012340208004500003800000000401112a50a002a020a002a0f109210920024f36254324e310104000054525432000000000000006a00000000a7cc8eeb
CAPTURE 2 23457471760 52540012340152540012340208004500004400000000401112990a002a020a002a0f109210920030994c54324e3101020001545254320000006a00000000000c00002804655201000000000001eb0000006a
CAPTURE 2 23493193440 5254001234025254001234010800450000409ff24000401132aa0a002a0f0a002a0210921092002ca1d354324e3101050000545254320000000000000000000800003d9710c80000000000003a39
CAPTURE 2 23519731920 5254001234025254001234010800450000389ff44000401132b00a002a0f0a002a02109210920024f36254324e310104000054525432000000000000006a00000000a7cc8eeb
CAPTURE 2 23539803888 5254001234025254001234010800450000449ff54000401132a30a002a0f0a002a021092109200309a7a54324e3101010001545254320000006b00000000000c00007b49105f010000000000026a0000006b
CAPTURE 2 23559199808 52540012340152540012340208004500003800000000401112a50a002a020a002a0f109210920024deb954324e310104000054525432000000000000006b00000000b0b79aa8
CAPTURE 2 23559818000 52540012340152540012340208004500004400000000401112990a002a020a002a0f109210920030c41d54324e3101020001545254320000006b00000000000c000048a819da01000000000001ec0000006b
CAPTURE 2 23599601200 5254001234025254001234010800450000389ff64000401132ae0a002a0f0a002a02109210920024deb954324e310104000054525432000000000000006b00000000b0b79aa8
CAPTURE 2 23637441376 5254001234025254001234010800450000449ff940004011329f0a002a0f0a002a02109210920030327254324e3101010001545254320000006c00000000000c0000d5d7203101000000000000100000006c
CAPTURE 2 23656110336 52540012340152540012340208004500003800000000401112a50a002a020a002a0f1092109200245de054324e310104000054525432000000000000006c00000000d4d6f761
CAPTURE 2 23656833696 52540012340152540012340208004500004400000000401112990a002a020a002a0f109210920030725a54324e3101020001545254320000006c00000000000c0000dfe8d52c010000000000011a0000006c
CAPTURE 2 23696727664 525400123402525400123401080045000038a00540004011329f0a002a0f0a002a021092109200245de054324e310104000054525432000000000000006c00000000d4d6f761
CAPTURE 2 23720799840 525400123402525400123401080045000044a00b40004011328d0a002a0f0a002a0210921092003072da54324e3101010001545254320000006d00000000000c000049a06a5a01000000000001b40000006d
CAPTURE 2 23738844816 52540012340152540012340208004500003800000000401112a50a002a020a002a0f109210920024834754324e310104000054525432000000000000006d00000000c3ade322
CAPTURE 2 23739446096 52540012340152540012340208004500004400000000401112990a002a020a002a0f109210920030551a54324e3101020001545254320000006d00000000000c000034359e0101000000000001370000006d
CAPTURE 2 23778943792 525400123402525400123401080045000038a0134000401132910a002a0f0a002a02109210920024834754324e310104000054525432000000000000006d00000000c3ade322
CAPTURE 2 23965606096 525400123401525400123402080045000040000000004011129d0a002a020a002a0f10921092002c483354324e3101050000545254320000000000000000000800000d1681f8000000000000532a
CAPTURE 2 23978544784 525400123402525400123401080045000044a0344000401132640a002a0f0a002a0210921092003098a154324e3101010001545254320000006e00000000000c0000b361db09010000000000017a0000006e
CAPTURE 2 23996139504 52540012340152540012340208004500003800000000401112a50a002a020a002a0f109210920024500e54324e310104000054525432000000000000006e00000000fa20dfe7
CAPTURE 2 23996987504 52540012340152540012340208004500004400000000401112990a002a020a002a0f10921092003044a854324e3101020001545254320000006e00000000000c0000df71033801000000000001340000006e
CAPTURE 2 24042815712 525400123402525400123401080045000040a03d40004011325f0a002a0f0a002a0210921092002cabcc54324e310105000054525432000000000000000000080000cf1c73230000000000003c5f
CAPTURE 2 24069023808 525400123402525400123401080045000038a0414000401132630a002a0f0a002a02109210920024500e54324e310104000054525432000000000000006e00000000fa20dfe7
CAPTURE 2 24089297712 525400123402525400123401080045000044a0434000401132550a002a0f0a002a02109210920030902e54324e3101010001545254320000006f00000000000c00006369336d01000000000001800000006f
CAPTURE 2 24107435824 52540012340152540012340208004500003800000000401112a50a002a020a002a0f109210920024711554324e310104000054525432000000000000006f00000000ed5bcba4
CAPTURE 2 24108090064 52540012340152540012340208004500004400000000401112990a002a020a002a0f10921092003075b254324e3101020001545254320000006f00000000000c00000dfda3a001000000000001340000006f
CAPTURE 2 24154658304 525400123402525400123401080045000038a0514000401132530a002a0f0a002a02109210920024711554324e310104000054525432000000000000006f00000000ed5bcba4
CAPTURE 2 24189660976 525400123402525400123401080045000044a0544000401132440a002a0f0a002a021092109200305bec54324e3101010001545254320000007000000000000c0000542d76e9010000000000018000000070
CAPTURE 2 24207728128 52540012340152540012340208004500003800000000401112a50a002a020a002a0f10921092002445ee54324e3101040000545254320000000000000070000000009e224604
CAPTURE 2 24208471904 52540012340152540012340208004500004400000000401112990a002a020a002a0f109210920030067054324e3101020001545254320000007000000000000c00003ab9e624010000000000013400000070
CAPTURE 2 24248891232 525400123402525400123401080045000038a05f4000401132450a002a0f0a002a0210921092002445ee54324e3101040000545254320000000000000070000000009e224604
CAPTURE 2 24275661616 525400123402525400123401080045000044a0624000401132360a002a0f0a002a02109210920030c9ed54324e3101010001545254320000007100000000000c000086a1d671010000000000018000000071
CAPTURE 2 24293384112 52540012340152540012340208004500003800000000401112a50a002a020a002a0f1092109200244e7354324e31010400005452543200000000000000710000000089595247
CAPTURE 2 24295399184 52540012340152540012340208004500004400000000401112990a002a020a002a0f109210920030f85954324e3101020001545254320000007100000000000c0000e83546bc010000000000013400000071
CAPTURE 2 24334974960 525400123402525400123401080045000038a06740004011323d0a002a0f0a002a021092109200244e7354324e31010400005452543200000000000000710000000089595247
CAPTURE 2 24512026160 525400123401525400123402080045000040000000004011129d0a002a020a002a0f10921092002c2b2254324e310105000054525432000000000000000000080000eb9cbe5c0000000000005550
CAPTURE 2 24528869184 525400123402525400123401080045000044a0834000401132150a002a0f0a002a02109210920030cb2154324e3101010001545254320000007200000000000c00002a453198010000000000018000000072
CAPTURE 2 24548584368 52540012340152540012340208004500003800000000401112a50a002a020a002a0f1092109200240abc54324e310104000054525432000000000000007200000000b0d46e82
CAPTURE 2 24549403552 52540012340152540012340208004500004400000000401112990a002a020a002a0f109210920030412354324e3101020001545254320000007200000000000c000044d1a155010000000000013400000072
CAPTURE 2 24583199088 525400123402525400123401080045000040a08f40004011320d0a002a0f0a002a0210921092002c680854324e31010500005452543200000000000000000008000056fb2cf80000000000003e70
CAPTURE 2 24609071424 525400123402525400123401080045000038a0924000401132120a002a0f0a002a021092109200240abc54324e310104000054525432000000000000007200000000b0d46e82
CAPTURE 2 24629275008 525400123402525400123401080045000044a0964000401132020a002a0f0a002a021092109200309d3254324e3101010001545254320000007300000000000c0000f8c99100010000000000018000000073
CAPTURE 2 24646854768 52540012340152540012340208004500003800000000401112a50a002a020a002a0f10921092002407a154324e310104000054525432000000000000007300000000a7af7ac1
CAPTURE 2 24648662432 52540012340152540012340208004500004400000000401112990a002a020a002a0f1092109200308f1d54324e3101020001545254320000007300000000000c0000965d01cd010000000000013400000073
CAPTURE 2 24698666416 525400123402525400123401080045000038a0a44000401132000a002a0f0a002a0210921092002407a154324e310104000054525432000000000000007300000000a7af7ac1
CAPTURE 2 24725827984 525400123402525400123401080045000044a0a84000401131f00a002a0f0a002a0210921092003085f154324e3101010001545254320000007400000000000c0000a8fdf80b010000000000018000000074
CAPTURE 2 24743609472 52540012340152540012340208004500003800000000401112a50a002a020a002a0f1092109200244f3a54324e310104000054525432000000000000007400000000c3ce1708
CAPTURE 2 24744536048 52540012340152540012340208004500004400000000401112990a002a020a002a0f109210920030f81554324e3101020001545254320000007400000000000c0000c66968c6010000000000013400000074
CAPTURE 2 24789958144 525400123402525400123401080045000038a0af4000401131f50a002a0f0a002a021092109200244f3a54324e310104000054525432000000000000007400000000c3ce1708
CAPTURE 2 24817873664 525400123402525400123401080045000044a0b54000401131e30a002a0f0a002a0210921092003053f454324e3101010001545254320000007500000000000c00007a715893010000000000018000000075
CAPTURE 2 24835561360 52540012340152540012340208004500003800000000401112a50a002a020a002a0f109210920024520f54324e310104000054525432000000000000007500000000d4b5034b
CAPTURE 2 24836557312 52540012340152540012340208004500004400000000401112990a002a020a002a0f1092109200304a0054324e3101020001545254320000007500000000000c000014e5c85e010000000000013400000075
CAPTURE 2 24878188624 525400123402525400123401080045000038a0c24000401131e20a002a0f0a002a02109210920024520f54324e310104000054525432000000000000007500000000d4b5034b
CAPTURE 2 25070611424 525400123401525400123402080045000040000000004011129d0a002a020a002a0f10921092002c656854324e3101050000545254320000000000000000000800005f790e0a0000000000005780
CAPTURE 2 25078680304 525400123402525400123401080045000044a0cd4000401131cb0a002a0f0a002a0210921092003090e654324e3101010001545254320000007600000000000c0000d695bf7a010000000000018000000076
CAPTURE 2 25096609312 52540012340152540012340208004500003800000000401112a50a002a020a002a0f109210920024fd4754324e310104000054525432000000000000007600000000ed383f8e
CAPTURE 2 25097520256 52540012340152540012340208004500004400000000401112990a002a020a002a0f1092109200303f8954324e3101020001545254320000007600000000000c0000b8012fb7010000000000013400000076
CAPTURE 2 25131919136 525400123402525400123401080045000040a0d34000401131c90a002a0f0a002a0210921092002c8a7054324e310105000054525432000000000000000000080000d7f28769000000000000409f
CAPTURE 2 25157800256 525400123402525400123401080045000038a0d44000401131d00a002a0f0a002a02109210920024fd4754324e310104000054525432000000000000007600000000ed383f8e
CAPTURE 2 25177862464 525400123402525400123401080045000044a0d54000401131c30a002a0f0a002a0210921092003002fa54324e3101010001545254320000007700000000000c000004191fe2010000000000018000000077
CAPTURE 2 25195420400 52540012340152540012340208004500003800000000401112a50a002a020a002a0f10921092002403fd54324e310104000054525432000000000000007700000000fa432bcd
CAPTURE 2 25196534096 52540012340152540012340208004500004400000000401112990a002a020a002a0f1092109200302d8354324e3101020001545254320000007700000000000c00006a8d8f2f010000000000013400000077
CAPTURE 2 25247684864 525400123402525400123401080045000038a0e64000401131be0a002a0f0a002a0210921092002403fd54324e310104000054525432000000000000007700000000fa432bcd
CAPTURE 2 25278530384 525400123402525400123401080045000044a0ea4000401131ae0a002a0f0a002a02109210920030428954324e3101010001545254320000007800000000000c000076fd6d6c010000000000018000000078
CAPTURE 2 25296530912 52540012340152540012340208004500003800000000401112a50a002a020a002a0f1092109200241ff654324e31010400005452543200000000000000780000000025fae41c
CAPTURE 2 25299080304 52540012340152540012340208004500004400000000401112990a002a020a002a0f109210920030113354324e3101020001545254320000007800000000000c00001869fda1010000000000013400000078
CAPTURE 2 25350609024 525400123402525400123401080045000038a0f34000401131b10a002a0f0a002a021092109200241ff654324e31010400005452543200000000000000780000000025fae41c
CAPTURE 2 25367218640 525400123402525400123401080045000044a0f74000401131a10a002a0f0a002a02109210920030b48a54324e3101010001545254320000007900000000000c0000a471cdf4010000000000018000000079
CAPTURE 2 25380968432 52540012340152540012340208004500003800000000401112a50a002a020a002a0f109210920024072b54324e3101040000545254320000000000000079000000003281f05f
CAPTURE 2 25389195392 52540012340152540012340208004500004400000000401112990a002a020a002a0f109210920030ff1c54324e3101020001545254320000007900000000000c0000cae55d39010000000000013400000079
CAPTURE 2 25427069104 525400123402525400123401080045000038a0fe4000401131a60a002a0f0a002a02109210920024072b54324e3101040000545254320000000000000079000000003281f05f
CAPTURE 2 25631558704 525400123401525400123402080045000040000000004011129d0a002a020a002a0f10921092002cd66f54324e310105000054525432000000000000000000080000e723132800000000000059b0
CAPTURE 2 25653268112 525400123402525400123401080045000044a11a40004011317e0a002a0f0a002a02109210920030f43c54324e3101010001545254320000007a00000000000c000008952a1d01000000000001800000007a
CAPTURE 2 25671032224 52540012340152540012340208004500003800000000401112a50a002a020a002a0f109210920024526454324e310104000054525432000000000000007a000000000b0ccc9a
CAPTURE 2 25672637664 52540012340152540012340208004500004400000000401112990a002a020a002a0f109210920030066854324e3101020001545254320000007a00000000000c00006601bad001000000000001340000007a
CAPTURE 2 25707039264 525400123402525400123401080045000040a11e40004011317e0a002a0f0a002a0210921092002caff854324e3101050000545254320000000000000000000800009318a47b00000000000042df
CAPTURE 2 25733036016 525400123402525400123401080045000038a1214000401131830a002a0f0a002a02109210920024526454324e310104000054525432000000000000007a000000000b0ccc9a
CAPTURE 2 25753317696 525400123402525400123401080045000044a1264000401131720a002a0f0a002a02109210920030c24d54324e3101010001545254320000007b00000000000c0000da198a8501000000000001800000007b
CAPTURE 2 25768312624 52540012340152540012340208004500003800000000401112a50a002a020a002a0f10921092002434b954324e310104000054525432000000000000007b000000001c77d8d9
CAPTURE 2 25771951488 52540012340152540012340208004500004400000000401112990a002a020a002a0f109210920030586254324e3101020001545254320000007b00000000000c0000b48d1a4801000000000001340000007b
CAPTURE 2 25819024976 525400123402525400123401080045000038a12940004011317b0a002a0f0a002a0210921092002434b954324e310104000054525432000000000000007b000000001c77d8d9
CAPTURE 2 25853792192 525400123402525400123401080045000044a12e40004011316a0a002a0f0a002a02109210920030b92e54324e3101010001545254320000007c00000000000c00008a2de38e01000000000001800000007c
CAPTURE 2 25871232224 52540012340152540012340208004500003800000000401112a50a002a020a002a0f109210920024fce154324e310104000054525432000000000000007c000000007816b510
CAPTURE 2 25872662816 52540012340152540012340208004500004400000000401112990a002a020a002a0f109210920030cf3854324e3101020001545254320000007c00000000000c0000e4b9734301000000000001340000007c
CAPTURE 2 25914241088 525400123402525400123401080045000038a1304000401131740a002a0f0a002a02109210920024fce154324e310104000054525432000000000000007c000000007816b510
CAPTURE 2 25938994720 525400123402525400123401080045000044a1324000401131660a002a0f0a002a021092109200308b3154324e3101010001545254320000007d00000000000c000058a1431601000000000001800000007d
CAPTURE 2 25956520112 52540012340152540012340208004500003800000000401112a50a002a020a002a0f109210920024194754324e310104000054525432000000000000007d000000006f6da153
CAPTURE 2 25957343712 52540012340152540012340208004500004400000000401112990a002a020a002a0f1092109200301d2354324e3101020001545254320000007d00000000000c00003635d3db01000000000001340000007d
CAPTURE 2 25998572896 525400123402525400123401080045000038a1334000401131710a002a0f0a002a02109210920024194754324e310104000054525432000000000000007d000000006f6da153
CAPTURE 2 26212028896 525400123401525400123402080045000040000000004011129d0a002a020a002a0f10921092002c35af54324e310105000054525432000000000000000000080000a4a4f4230000000000005bf4
CAPTURE 2 26225852608 525400123402525400123401080045000044a13940004011315f0a002a0f0a002a021092109200308da154324e3101010001545254320000007e00000000000c0000f445a4ff01000000000001800000007e
CAPTURE 2 26243890784 52540012340152540012340208004500003800000000401112a50a002a020a002a0f109210920024359054324e310104000054525432000000000000007e0000000056e09d96
CAPTURE 2 26244575968 52540012340152540012340208004500004400000000401112990a002a020a002a0f109210920030582e54324e3101020001545254320000007e00000000000c00009ad1343201000000000001340000007e
CAPTURE 2 26278351360 525400123402525400123401080045000040a13f40004011315d0a002a0f0a002a0210921092002ca97754324e31010500005452543200000000000000000008000037570483000000000000451a
CAPTURE 2 26303893504 525400123402525400123401080045000038a1404000401131640a002a0f0a002a02109210920024359054324e310104000054525432000000000000007e0000000056e09d96
CAPTURE 2 26324875056 525400123402525400123401080045000044a1434000401131550a002a0f0a002a02109210920030fbb454324e3101010001545254320000007f00000000000c000026c9046701000000000001800000007f
CAPTURE 2 26342353456 52540012340152540012340208004500003800000000401112a50a002a020a002a0f1092109200245e9554324e310104000054525432000000000000007f00000000419b89d5
CAPTURE 2 26344183824 52540012340152540012340208004500004400000000401112990a002a020a002a0f1092109200304a2854324e3101020001545254320000007f00000000000c0000485d94aa01000000000001340000007f
CAPTURE 2 26384197376 525400123402525400123401080045000038a14d4000401131570a002a0f0a002a021092109200245e9554324e310104000054525432000000000000007f00000000419b89d5
CAPTURE 2 26423655360 525400123402525400123401080045000044a1554000401131430a002a0f0a002a02109210920030c82754324e3101010001545254320000008000000000000c000017ae470d010000000000018000000080
CAPTURE 2 26441360432 52540012340152540012340208004500003800000000401112a50a002a020a002a0f1092109200249b9254324e31010400005452543200000000000000800000000008d4859e
CAPTURE 2 26442249312 52540012340152540012340208004500004400000000401112990a002a020a002a0f109210920030d63254324e3101020001545254320000008000000000000c0000793ad7c0010000000000013400000080
CAPTURE 2 26483050384 525400123402525400123401080045000038a15c4000401131480a002a0f0a002a021092109200249b9254324e31010400005452543200000000000000800000000008d4859e
CAPTURE 2 26505704912 525400123402525400123401080045000044a15e40004011313a0a002a0f0a002a021092109200307a2854324e3101010001545254320000008100000000000c0000c522e795010000000000018000000081
CAPTURE 2 26518376080 52540012340152540012340208004500003800000000401112a50a002a020a002a0f109210920024787754324e3101040000545254320000000000000081000000001faf91dd
CAPTURE 2 26524320336 52540012340152540012340208004500004400000000401112990a002a020a002a0f109210920030041d54324e3101020001545254320000008100000000000c0000abb67758010000000000013400000081
CAPTURE 2 26575002928 525400123402525400123401080045000038a1614000401131430a002a0f0a002a02109210920024787754324e3101040000545254320000000000000081000000001faf91dd
CAPTURE 2 26777312304 525400123401525400123402080045000040000000004011129d0a002a020a002a0f10921092002cd0bb54324e310105000054525432000000000000000000080000bfd53bac0000000000005e2e
CAPTURE 2 26782760624 525400123402525400123401080045000044a1744000401131240a002a0f0a002a02109210920030bc9c54324e3101010001545254320000008200000000000c000069c6007c010000000000018000000082
CAPTURE 2 26800427920 52540012340152540012340208004500003800000000401112a50a002a020a002a0f10921092002456c854324e3101040000545254320000000000000082000000002622ad18
CAPTURE 2 26801226096 52540012340152540012340208004500004400000000401112990a002a020a002a0f1092109200308f2654324e3101020001545254320000008200000000000c0000075290b1010000000000013400000082
CAPTURE 2 26835987568 525400123402525400123401080045000040a1794000401131230a002a0f0a002a0210921092002c0c4654324e310105000054525432000000000000000000080000800456d90000000000004748
CAPTURE 2 26861942288 525400123402525400123401080045000038a17b4000401131290a002a0f0a002a0210921092002456c854324e3101040000545254320000000000000082000000002622ad18
CAPTURE 2 26881996912 525400123402525400123401080045000044a1804000401131180a002a0f0a002a02109210920030caad54324e3101010001545254320000008300000000000c0000bb4aa0e4010000000000018000000083
CAPTURE 2 26899741168 52540012340152540012340208004500003800000000401112a50a002a020a002a0f1092109200243f4d54324e3101040000545254320000000000000083000000003159b95b
CAPTURE 2 26900563728 52540012340152540012340208004500004400000000401112990a002a020a002a0f109210920030212054324e3101020001545254320000008300000000000c0000d5de3029010000000000013400000083
CAPTURE 2 26952822432 525400123402525400123401080045000038a18640004011311e0a002a0f0a002a021092109200243f4d54324e3101040000545254320000000000000083000000003159b95b
CAPTURE 2 26982683488 525400123402525400123401080045000044a18a40004011310e0a002a0f0a002a02109210920030716c54324e3101010001545254320000008400000000000c0000eb7ec9ef010000000000018000000084
CAPTURE 2 27000181504 52540012340152540012340208004500003800000000401112a50a002a020a002a0f109210920024003654324e3101040000545254320000000000000084000000005538d492
CAPTURE 2 27000989728 52540012340152540012340208004500004400000000401112990a002a020a002a0f109210920030481954324e3101020001545254320000008400000000000c000085ea5922010000000000013400000084
CAPTURE 2 27052737888 525400123402525400123401080045000038a18d4000401131170a002a0f0a002a02109210920024003654324e3101040000545254320000000000000084000000005538d492
CAPTURE 2 27073057440 525400123402525400123401080045000044a1924000401131060a002a0f0a002a02109210920030836f54324e3101010001545254320000008500000000000c000039f26977010000000000018000000085
CAPTURE 2 27090571856 52540012340152540012340208004500003800000000401112a50a002a020a002a0f10921092002426eb54324e3101040000545254320000000000000085000000004243c0d1
CAPTURE 2 27092517168 52540012340152540012340208004500004400000000401112990a002a020a002a0f109210920030d60254324e3101020001545254320000008500000000000c00005766f9ba010000000000013400000085
CAPTURE 2 27132248064 525400123402525400123401080045000038a19740004011310d0a002a0f0a002a0210921092002426eb54324e3101040000545254320000000000000085000000004243c0d1
CAPTURE 2 27333070784 525400123401525400123402080045000040000000004011129d0a002a020a002a0f10921092002cca0a54324e310105000054525432000000000000000000080000ae1551ed000000000000605e
CAPTURE 2 27353257616 525400123402525400123401080045000044a1994000401130ff0a002a0f0a002a02109210920030032254324e3101010001545254320000008600000000000c000095168e9e010000000000018000000086
CAPTURE 2 27371002624 52540012340152540012340208004500003800000000401112a50a002a020a002a0f109210920024b21b54324e3101040000545254320000000000000086000000007bcefc14
CAPTURE 2 27372671728 52540012340152540012340208004500004400000000401112990a002a020a002a0f1092109200300d4c54324e3101020001545254320000008600000000000c0000fb821e53010000000000013400000086
CAPTURE 2 27406568048 525400123402525400123401080045000040a1a44000401130f80a002a0f0a002a0210921092002c6e4854324e3101050000545254320000000000000000000800001231606f0000000000004983
CAPTURE 2 27432286288 525400123402525400123401080045000038a1aa4000401130fa0a002a0f0a002a02109210920024b21b54324e3101040000545254320000000000000086000000007bcefc14
CAPTURE 2 27451954784 525400123402525400123401080045000044a1ab4000401130ed0a002a0f0a002a02109210920030b13454324e3101010001545254320000008700000000000c0000479a2e06010000000000018000000087
CAPTURE 2 27470372016 52540012340152540012340208004500003800000000401112a50a002a020a002a0f109210920024d4f054324e3101040000545254320000000000000087000000006cb5e857
CAPTURE 2 27470965136 52540012340152540012340208004500004400000000401112990a002a020a002a0f1092109200303f4654324e3101020001545254320000008700000000000c0000290ebecb010000000000013400000087
CAPTURE 2 27510654528 525400123402525400123401080045000038a1b14000401130f30a002a0f0a002a02109210920024d4f054324e3101040000545254320000000000000087000000006cb5e857
CAPTURE 2 27549820368 525400123402525400123401080045000044a1b34000401130e50a002a0f0a002a0210921092003094cc54324e3101010001545254320000008800000000000c0000357e5c88010000000000018000000088
CAPTURE 2 27568122304 52540012340152540012340208004500003800000000401112a50a002a020a002a0f1092109200244f6a54324e310104000054525432000000000000008800000000b30c2786
CAPTURE 2 27569137696 52540012340152540012340208004500004400000000401112990a002a020a002a0f109210920030feed54324e3101020001545254320000008800000000000c00005beacc45010000000000013400000088
CAPTURE 2 27608764272 525400123402525400123401080045000038a1c04000401130e40a002a0f0a002a021092109200244f6a54324e310104000054525432000000000000008800000000b30c2786
CAPTURE 2 27631717904 525400123402525400123401080045000044a1c44000401130d40a002a0f0a002a0210921092003042cd54324e3101010001545254320000008900000000000c0000e7f2fc10010000000000018000000089
CAPTURE 2 27650320464 52540012340152540012340208004500003800000000401112a50a002a020a002a0f10921092002451bf54324e310104000054525432000000000000008900000000a47733c5
CAPTURE 2 27650930608 52540012340152540012340208004500004400000000401112990a002a020a002a0f10921092003030d854324e3101020001545254320000008900000000000c000089666cdd010000000000013400000089
CAPTURE 2 27690745776 525400123402525400123401080045000038a1c74000401130dd0a002a0f0a002a0210921092002451bf54324e310104000054525432000000000000008900000000a47733c5
CAPTURE 2 27906562320 525400123401525400123402080045000040000000004011129d0a002a020a002a0f10921092002c84c454324e310105000054525432000000000000000000080000ee2454ea0000000000006298
CAPTURE 2 27922434960 525400123402525400123401080045000044a1f64000401130a20a002a0f0a002a02109210920030bfbf54324e3101010001545254320000008a00000000000c00004b161bf901000000000001800000008a
CAPTURE 2 27944925872 52540012340152540012340208004500003800000000401112a50a002a020a002a0f1092109200247d0054324e310104000054525432000000000000008a000000009dfa0f00
CAPTURE 2 27946367280 52540012340152540012340208004500004400000000401112990a002a020a002a0f109210920030766354324e3101020001545254320000008a00000000000c000025828b3401000000000001340000008a
CAPTURE 2 27985430944 525400123402525400123401080045000040a2034000401130990a002a0f0a002a0210921092002c61dd54324e310105000054525432000000000000000000080000910cebc90000000000004bb8
CAPTURE 2 28010580784 525400123402525400123401080045000038a20640004011309e0a002a0f0a002a021092109200247d0054324e310104000054525432000000000000008a000000009dfa0f00
CAPTURE 2 28031165072 525400123402525400123401080045000044a2084000401130900a002a0f0a002a02109210920030d1d054324e3101010001545254320000008b00000000000c0000999abb6101000000000001800000008b
CAPTURE 2 28048847712 52540012340152540012340208004500003800000000401112a50a002a020a002a0f109210920024843554324e310104000054525432000000000000008b000000008a811b43
CAPTURE 2 28050735872 52540012340152540012340208004500004400000000401112990a002a020a002a0f109210920030045d54324e3101020001545254320000008b00000000000c0000f70e2bac01000000000001340000008b
CAPTURE 2 28090477568 525400123402525400123401080045000038a2114000401130930a002a0f0a002a02109210920024843554324e310104000054525432000000000000008b000000008a811b43
CAPTURE 2 28127891984 525400123402525400123401080045000044a2174000401130810a002a0f0a002a021092109200308ab154324e3101010001545254320000008c00000000000c0000c9aed26a01000000000001800000008c
CAPTURE 2 28145484880 52540012340152540012340208004500003800000000401112a50a002a020a002a0f109210920024c48d54324e310104000054525432000000000000008c00000000eee0768a
CAPTURE 2 28147266192 52540012340152540012340208004500004400000000401112990a002a020a002a0f1092109200303d3454324e3101020001545254320000008c00000000000c0000a73a42a701000000000001340000008c
CAPTURE 2 28186806336 525400123402525400123401080045000038a2234000401130810a002a0f0a002a02109210920024c48d54324e310104000054525432000000000000008c00000000eee0768a
CAPTURE 2 28211830336 525400123402525400123401080045000044a2244000401130740a002a0f0a002a0210921092003098b454324e3101010001545254320000008d00000000000c00001b2272f201000000000001800000008d
CAPTURE 2 28228381280 52540012340152540012340208004500003800000000401112a50a002a020a002a0f109210920024cd9254324e310104000054525432000000000000008d00000000f99b62c9
CAPTURE 2 28230233584 52540012340152540012340208004500004400000000401112990a002a020a002a0f109210920030cf1d54324e3101020001545254320000008d00000000000c000075b6e23f01000000000001340000008d
CAPTURE 2 28270771792 525400123402525400123401080045000038a22640004011307e0a002a0f0a002a02109210920024cd9254324e310104000054525432000000000000008d00000000f99b62c9
CAPTURE 2 28479335824 525400123401525400123402080045000040000000004011129d0a002a020a002a0f10921092002c3b4054324e3101050000545254320000000000000000000800002e775be200000000000064d2
CAPTURE 2 28492921008 525400123402525400123401080045000044a2334000401130650a002a0f0a002a02109210920030d9e454324e3101010001545254320000008e00000000000c0000b7c6951b01000000000001800000008e
CAPTURE 2 28511527664 52540012340152540012340208004500003800000000401112a50a002a020a002a0f1092109200240bd454324e310104000054525432000000000000008e00000000c0165e0c
CAPTURE 2 28512142096 52540012340152540012340208004500004400000000401112990a002a020a002a0f10921092003047e954324e3101020001545254320000008e00000000000c0000d95205d601000000000001340000008e
CAPTURE 2 28547628096 525400123402525400123401080045000040a2354000401130670a002a0f0a002a0210921092002c128b54324e310105000054525432000000000000000000080000ac3d1dbb0000000000004de8
CAPTURE 2 28573756720 525400123402525400123401080045000038a23b4000401130690a002a0f0a002a021092109200240bd454324e310104000054525432000000000000008e00000000c0165e0c
CAPTURE 2 28594074624 525400123402525400123401080045000044a23c40004011305c0a002a0f0a002a021092109200308bf754324e3101010001545254320000008f00000000000c0000654a358301000000000001800000008f
CAPTURE 2 28612572512 52540012340152540012340208004500003800000000401112a50a002a020a002a0f109210920024083954324e310104000054525432000000000000008f00000000d76d4a4f
CAPTURE 2 28613359648 52540012340152540012340208004500004400000000401112990a002a020a002a0f10921092003075e354324e3101020001545254320000008f00000000000c00000bdea54e01000000000001340000008f
CAPTURE 2 28655386560 525400123402525400123401080045000038a24540004011305f0a002a0f0a002a02109210920024083954324e310104000054525432000000000000008f00000000d76d4a4f
CAPTURE 2 28694126992 525400123402525400123401080045000044a2474000401130510a002a0f0a002a0210921092003064ad54324e3101010001545254320000009000000000000c0000520e7007010000000000018000000090
CAPTURE 2 28711821520 52540012340152540012340208004500003800000000401112a50a002a020a002a0f109210920024bdf054324e310104000054525432000000000000009000000000a414c7ef
CAPTURE 2 28712616224 52540012340152540012340208004500004400000000401112990a002a020a002a0f10921092003009a954324e3101020001545254320000009000000000000c00003c9ae0ca010000000000013400000090
CAPTURE 2 28754056144 525400123402525400123401080045000038a2524000401130520a002a0f0a002a02109210920024bdf054324e310104000054525432000000000000009000000000a414c7ef
CAPTURE 2 28774482000 525400123402525400123401080045000044a2554000401130430a002a0f0a002a02109210920030d59e54324e3101010001545254320000009100000000000c00008082d09f010000000000018000000091
CAPTURE 2 28792183456 52540012340152540012340208004500003800000000401112a50a002a020a002a0f109210920024a2d754324e310104000054525432000000000000009100000000b36fd3ac
CAPTURE 2 28793002064 52540012340152540012340208004500004400000000401112990a002a020a002a0f109210920030f8a254324e3101020001545254320000009100000000000c0000ee164052010000000000013400000091
CAPTURE 2 28834526848 525400123402525400123401080045000038a25b4000401130490a002a0f0a002a02109210920024a2d754324e310104000054525432000000000000009100000000b36fd3ac
CAPTURE 2 29031016128 525400123401525400123402080045000040000000004011129d0a002a020a002a0f10921092002c0ac254324e310105000054525432000000000000000000080000c7faf0b600000000000066f8
CAPTURE 2 29053054656 525400123402525400123401080045000044a2724000401130260a002a0f0a002a02109210920030c2e254324e3101010001545254320000009200000000000c00002c663776010000000000018000000092
CAPTURE 2 29070625136 52540012340152540012340208004500003800000000401112a50a002a020a002a0f109210920024afa654324e3101040000545254320000000000000092000000008ae2ef69
CAPTURE 2 29072554320 52540012340152540012340208004500004400000000401112990a002a020a002a0f1092109200303c5c54324e3101020001545254320000009200000000000c000042f2a7bb010000000000013400000092
CAPTURE 2 29106846288 525400123402525400123401080045000040a2754000401130270a002a0f0a002a0210921092002c67ab54324e310105000054525432000000000000000000080000eeec83bb0000000000005018
CAPTURE 2 29132872816 525400123402525400123401080045000038a27c4000401130280a002a0f0a002a02109210920024afa654324e3101040000545254320000000000000092000000008ae2ef69
CAPTURE 2 29152242608 525400123402525400123401080045000044a27d40004011301b0a002a0f0a002a021092109200308fe354324e3101010001545254320000009300000000000c0000feea97ee010000000000018000000093
CAPTURE 2 29156846352 52540012340152540012340208004500003800000000401112a50a002a020a002a0f109210920024912d54324e3101040000545254320000000000000093000000009d99fb2a
CAPTURE 2 29170941344 52540012340152540012340208004500004400000000401112990a002a020a002a0f1092109200308f6654324e3101020001545254320000009300000000000c0000907e0723010000000000013400000093
CAPTURE 2 29218756144 525400123402525400123401080045000038a28d4000401130170a002a0f0a002a02109210920024912d54324e3101040000545254320000000000000093000000009d99fb2a
CAPTURE 2 29253809296 525400123402525400123401080045000044a28e40004011300a0a002a0f0a002a0210921092003078f654324e3101010001545254320000009400000000000c0000aedefee5010000000000018000000094
CAPTURE 2 29271909120 52540012340152540012340208004500003800000000401112a50a002a020a002a0f109210920024991454324e310104000054525432000000000000009400000000f9f896e3
CAPTURE 2 29272691616 52540012340152540012340208004500004400000000401112990a002a020a002a0f109210920030f89254324e3101020001545254320000009400000000000c0000c04a6e28010000000000013400000094
CAPTURE 2 29324948144 525400123402525400123401080045000038a29c4000401130080a002a0f0a002a02109210920024991454324e310104000054525432000000000000009400000000f9f896e3
CAPTURE 2 29345113040 525400123402525400123401080045000044a29e400040112ffa0a002a0f0a002a021092109200304be954324e3101010001545254320000009500000000000c00007c525e7d010000000000018000000095
CAPTURE 2 29362938064 52540012340152540012340208004500003800000000401112a50a002a020a002a0f109210920024b8cb54324e310104000054525432000000000000009500000000ee8382a0
CAPTURE 2 29364551712 52540012340152540012340208004500004400000000401112990a002a020a002a0f109210920030458d54324e3101020001545254320000009500000000000c000012c6ceb0010000000000013400000095
CAPTURE 2 29408712880 525400123402525400123401080045000038a2ac400040112ff80a002a0f0a002a02109210920024b8cb54324e310104000054525432000000000000009500000000ee8382a0
CAPTURE 2 29610611968 525400123401525400123402080045000040000000004011129d0a002a020a002a0f10921092002cf9f254324e310105000054525432000000000000000000080000dc6bead0000000000000693c
CAPTURE 2 29620843616 525400123402525400123401080045000044a2df400040112fb90a002a0f0a002a021092109200309c6b54324e3101010001545254320000009600000000000c0000d0b6b994010000000000018000000096
CAPTURE 2 29638854048 52540012340152540012340208004500003800000000401112a50a002a020a002a0f109210920024947a54324e310104000054525432000000000000009600000000d70ebe65
CAPTURE 2 29639465824 52540012340152540012340208004500004400000000401112990a002a020a002a0f1092109200303f8654324e3101020001545254320000009600000000000c0000be222959010000000000013400000096
CAPTURE 2 29673509712 525400123402525400123401080045000040a2e4400040112fb80a002a0f0a002a0210921092002c438f54324e3101050000545254320000000000000000000800004ad349b70000000000005252
CAPTURE 2 29698804768 525400123402525400123401080045000038a2e5400040112fbf0a002a0f0a002a02109210920024947a54324e310104000054525432000000000000009600000000d70ebe65
CAPTURE 2 29715238576 525400123402525400123401080045000044a2e8400040112fb00a002a0f0a002a021092109200300b6f54324e3101010001545254320000009700000000000c0000023a190c010000000000018000000097
CAPTURE 2 29721020800 52540012340152540012340208004500003800000000401112a50a002a020a002a0f109210920024bf5154324e310104000054525432000000000000009700000000c075aa26
CAPTURE 2 29728384992 52540012340152540012340208004500004400000000401112990a002a020a002a0f109210920030309054324e3101020001545254320000009700000000000c00006cae89c1010000000000013400000097
CAPTURE 2 29767671200 525400123402525400123401080045000038a2ef400040112fb50a002a0f0a002a02109210920024bf5154324e310104000054525432000000000000009700000000c075aa26
CAPTURE 2 29819486128 525400123402525400123401080045000044a2fb400040112f9d0a002a0f0a002a021092109200304a5254324e3101010001545254320000009800000000000c000070de6b82010000000000018000000098
CAPTURE 2 29839049328 52540012340152540012340208004500003800000000401112a50a002a020a002a0f109210920024a42954324e3101040000545254320000000000000098000000001fcc65f7
CAPTURE 2 29839639072 52540012340152540012340208004500004400000000401112990a002a020a002a0f1092109200300d6454324e3101020001545254320000009800000000000c00001e4afb4f010000000000013400000098
CAPTURE 2 29878962080 525400123402525400123401080045000038a308400040112f9c0a002a0f0a002a02109210920024a42954324e3101040000545254320000000000000098000000001fcc65f7
CAPTURE 2 29899620416 525400123402525400123401080045000044a30c400040112f8c0a002a0f0a002a02109210920030b94354324e3101010001545254320000009900000000000c0000a252cb1a010000000000018000000099
CAPTURE 2 29918162912 52540012340152540012340208004500003800000000401112a50a002a020a002a0f109210920024af8054324e31010400005452543200000000000000990000000008b771b4
CAPTURE 2 29918750768 52540012340152540012340208004500004400000000401112990a002a020a002a0f109210920030fe5d54324e3101020001545254320000009900000000000c0000ccc65bd7010000000000013400000099
CAPTURE 2 29958777440 525400123402525400123401080045000038a318400040112f8c0a002a0f0a002a02109210920024af8054324e31010400005452543200000000000000990000000008b771b4
CAPTURE 2 30179615248 525400123401525400123402080045000040000000004011129d0a002a020a002a0f10921092002c25c554324e310105000054525432000000000000000000080000785420dc0000000000006b76
CAPTURE 2 30193095488 525400123402525400123401080045000044a321400040112f770a002a0f0a002a02109210920030eb0554324e3101010001545254320000009a00000000000c00000eb62cf301000000000001800000009a
CAPTURE 2 30210423872 52540012340152540012340208004500003800000000401112a50a002a020a002a0f109210920024ab3f54324e310104000054525432000000000000009a00000000313a4d71
CAPTURE 2 30212324496 52540012340152540012340208004500004400000000401112990a002a020a002a0f1092109200300a9954324e3101020001545254320000009a00000000000c00006022bc3e01000000000001340000009a
CAPTURE 2 30250194416 525400123402525400123401080045000040a325400040112f770a002a0f0a002a0210921092002c461b54324e3101050000545254320000000000000000000800007de211e2000000000000548c
CAPTURE 2 30284296880 525400123402525400123401080045000038a32d400040112f770a002a0f0a002a02109210920024ab3f54324e310104000054525432000000000000009a00000000313a4d71
CAPTURE 2 30304322560 525400123402525400123401080045000044a32f400040112f690a002a0f0a002a02109210920030be0654324e3101010001545254320000009b00000000000c0000dc3a8c6b01000000000001800000009b
CAPTURE 2 30308260176 52540012340152540012340208004500003800000000401112a50a002a020a002a0f109210920024aa7654324e310104000054525432000000000000009b0000000026415932
CAPTURE 2 30309193504 52540012340152540012340208004500004400000000401112990a002a020a002a0f10921092003057a354324e3101020001545254320000009b00000000000c0000b2ae1ca601000000000001340000009b
CAPTURE 2 30369611968 525400123402525400123401080045000038a338400040112f6c0a002a0f0a002a02109210920024aa7654324e310104000054525432000000000000009b0000000026415932
CAPTURE 2 30405780160 525400123402525400123401080045000044a33a400040112f5e0a002a0f0a002a02109210920030b53b54324e3101010001545254320000009c00000000000c00008c0ee56001000000000001800000009c
CAPTURE 2 30424004464 52540012340152540012340208004500003800000000401112a50a002a020a002a0f109210920024b2cd54324e310104000054525432000000000000009c00000000422034fb
CAPTURE 2 30424710000 52540012340152540012340208004500004400000000401112990a002a020a002a0f109210920030cead54324e3101020001545254320000009c00000000000c0000e29a75ad01000000000001340000009c
CAPTURE 2 30464594912 525400123402525400123401080045000038a347400040112f5d0a002a0f0a002a02109210920024b2cd54324e310104000054525432000000000000009c00000000422034fb
CAPTURE 2 30490661920 525400123402525400123401080045000044a34a400040112f4e0a002a0f0a002a02109210920030822e54324e3101010001545254320000009d00000000000c00005e8245f801000000000001800000009d
CAPTURE 2 30508718272 52540012340152540012340208004500003800000000401112a50a002a020a002a0f109210920024b3d454324e310104000054525432000000000000009d00000000555b20b8
CAPTURE 2 30510686512 52540012340152540012340208004500004400000000401112990a002a020a002a0f10921092003021a854324e3101020001545254320000009d00000000000c00003016d53501000000000001340000009d
CAPTURE 2 30551222768 525400123402525400123401080045000038a357400040112f4d0a002a0f0a002a02109210920024b3d454324e310104000054525432000000000000009d00000000555b20b8
CAPTURE 2 30729131264 525400123401525400123402080045000040000000004011129d0a002a020a002a0f10921092002cc1c154324e3101050000545254320000000000000000000800006ed18c3c0000000000006d9c
CAPTURE 2 30745215264 525400123402525400123401080045000044a36d400040112f2b0a002a0f0a002a02109210920030922e54324e3101010001545254320000009e00000000000c0000f266a21101000000000001800000009e
CAPTURE 2 30767505200 52540012340152540012340208004500003800000000401112a50a002a020a002a0f109210920024a09354324e310104000054525432000000000000009e000000006cd61c7d
CAPTURE 2 30768176624 52540012340152540012340208004500004400000000401112990a002a020a002a0f109210920030572354324e3101020001545254320000009e00000000000c00009cf232dc01000000000001340000009e
CAPTURE 2 30801795024 525400123402525400123401080045000040a37b400040112f210a002a0f0a002a0210921092002c26d654324e310105000054525432000000000000000000080000690d43cc00000000000056bc
CAPTURE 2 30826829968 525400123402525400123401080045000038a37e400040112f260a002a0f0a002a02109210920024a09354324e310104000054525432000000000000009e000000006cd61c7d
CAPTURE 2 30848877008 525400123402525400123401080045000044a37f400040112f190a002a0f0a002a02109210920030033254324e3101010001545254320000009f00000000000c000020ea028901000000000001800000009f
CAPTURE 2 30867008256 52540012340152540012340208004500003800000000401112a50a002a020a002a0f109210920024a5fa54324e310104000054525432000000000000009f000000007bad083e
CAPTURE 2 30867607584 52540012340152540012340208004500004400000000401112990a002a020a002a0f109210920030462d54324e3101020001545254320000009f00000000000c00004e7e924401000000000001340000009f
CAPTURE 2 30898463632 525400123402525400123401080045000038a381400040112f230a002a0f0a002a02109210920024a5fa54324e310104000054525432000000000000009f000000007bad083e
CAPTURE 2 30947203104 525400123402525400123401080045000044a382400040112f160a002a0f0a002a02109210920030609b54324e310101000154525432000000a000000000000c00009cee29190100000000000180000000a0
CAPTURE 2 30964902944 52540012340152540012340208004500003800000000401112a50a002a020a002a0f109210920024988254324e31010400005452543200000000000000a0000000008a25073d
CAPTURE 2 30966726480 52540012340152540012340208004500004400000000401112990a002a020a002a0f1092109200307a9e54324e310102000154525432000000a000000000000c0000f27ab9d40100000000000134000000a0
CAPTURE 2 31006846672 525400123402525400123401080045000038a391400040112f130a002a0f0a002a02109210920024988254324e31010400005452543200000000000000a0000000008a25073d
CAPTURE 2 31026861488 525400123402525400123401080045000044a394400040112f040a002a0f0a002a021092109200304ebd54324e310101000154525432000000a100000000000c00004e6289810100000000000180000000a1
CAPTURE 2 31044448896 52540012340152540012340208004500003800000000401112a50a002a020a002a0f109210920024790754324e31010400005452543200000000000000a1000000009d5e137e
CAPTURE 2 31045247120 52540012340152540012340208004500004400000000401112990a002a020a002a0f109210920030eca954324e310102000154525432000000a100000000000c000020f6194c0100000000000134000000a1
CAPTURE 2 31089585920 525400123402525400123401080045000038a399400040112f0b0a002a0f0a002a02109210920024790754324e31010400005452543200000000000000a1000000009d5e137e
CAPTURE 2 31303923232 525400123401525400123402080045000040000000004011129d0a002a020a002a0f10921092002ca97654324e310105000054525432000000000000000000080000caee46300000000000006fd6
CAPTURE 2 31324065616 525400123402525400123401080045000044a3a4400040112ef40a002a0f0a002a02109210920030d5af54324e310101000154525432000000a200000000000c0000e2866e680100000000000180000000a2
CAPTURE 2 31328697872 52540012340152540012340208004500003800000000401112a50a002a020a002a0f109210920024555454324e31010400005452543200000000000000a200000000a4d32fbb
CAPTURE 2 31344332960 52540012340152540012340208004500004400000000401112990a002a020a002a0f1092109200309c3154324e310102000154525432000000a200000000000c00008c12fea50100000000000134000000a2
CAPTURE 2 31382042688 525400123402525400123401080045000040a3b3400040112ee90a002a0f0a002a0210921092002c048554324e3101050000545254320000000000000000000800002c42a0a40000000000005900
CAPTURE 2 31407685760 525400123402525400123401080045000038a3b5400040112eef0a002a0f0a002a02109210920024555454324e31010400005452543200000000000000a200000000a4d32fbb
CAPTURE 2 31427869424 525400123402525400123401080045000044a3b9400040112edf0a002a0f0a002a0210921092003027a254324e310101000154525432000000a300000000000c0000300acef00100000000000180000000a3
CAPTURE 2 31445964768 52540012340152540012340208004500003800000000401112a50a002a020a002a0f1092109200243a4154324e31010400005452543200000000000000a300000000b3a83bf8
CAPTURE 2 31447877152 52540012340152540012340208004500004400000000401112990a002a020a002a0f1092109200306a0c54324e310102000154525432000000a300000000000c00005e9e5e3d0100000000000134000000a3
CAPTURE 2 31488145232 525400123402525400123401080045000038a3bf400040112ee50a002a0f0a002a021092109200243a4154324e31010400005452543200000000000000a300000000b3a83bf8
CAPTURE 2 31528194192 525400123402525400123401080045000044a3c8400040112ed00a002a0f0a002a021092109200301e6154324e310101000154525432000000a400000000000c0000603ea7fb0100000000000180000000a4
CAPTURE 2 31532753344 52540012340152540012340208004500003800000000401112a50a002a020a002a0f109210920024fbe554324e31010400005452543200000000000000a400000000d7c95631
CAPTURE 2 31546881760 52540012340152540012340208004500004400000000401112990a002a020a002a0f109210920030e10554324e310102000154525432000000a400000000000c00000eaa37360100000000000134000000a4
CAPTURE 2 31589229712 525400123402525400123401080045000038a3ce400040112ed60a002a0f0a002a02109210920024fbe554324e31010400005452543200000000000000a400000000d7c95631
CAPTURE 2 31609496624 525400123402525400123401080045000044a3cf400040112ec90a002a0f0a002a021092109200306c8354324e310101000154525432000000a500000000000c0000b2b207630100000000000180000000a5
CAPTURE 2 31627782096 52540012340152540012340208004500003800000000401112a50a002a020a002a0f10921092002426bb54324e31010400005452543200000000000000a500000000c0b24272
CAPTURE 2 31628501296 52540012340152540012340208004500004400000000401112990a002a020a002a0f109210920030b30e54324e310102000154525432000000a500000000000c0000dc2697ae0100000000000134000000a5
CAPTURE 2 31669005920 525400123402525400123401080045000038a3d3400040112ed10a002a0f0a002a0210921092002426bb54324e31010400005452543200000000000000a500000000c0b24272
CAPTURE 2 31854423168 525400123401525400123402080045000040000000004011129d0a002a020a002a0f10921092002c432154324e310105000054525432000000000000000000080000c514b03900000000000071fc
CAPTURE 2 31881055360 525400123402525400123401080045000044a404400040112e940a002a0f0a002a0210921092003027b654324e310101000154525432000000a600000000000c00001e56e08a0100000000000180000000a6
CAPTURE 2 31899496096 52540012340152540012340208004500003800000000401112a50a002a020a002a0f109210920024b1e754324e31010400005452543200000000000000a600000000f93f7eb7
CAPTURE 2 31900112752 52540012340152540012340208004500004400000000401112990a002a020a002a0f10921092003045d854324e310102000154525432000000a600000000000c000070c270470100000000000134000000a6
CAPTURE 2 31934319488 525400123402525400123401080045000040a410400040112e8c0a002a0f0a002a0210921092002c64ef54324e310105000054525432000000000000000000080000d6a393a60000000000005b32
CAPTURE 2 31959934960 525400123402525400123401080045000038a413400040112e910a002a0f0a002a02109210920024b1e754324e31010400005452543200000000000000a600000000f93f7eb7
CAPTURE 2 31980273904 525400123402525400123401080045000044a414400040112e840a002a0f0a002a0210921092003019a854324e310101000154525432000000a700000000000c0000ccda40120100000000000180000000a7
CAPTURE 2 31984674928 52540012340152540012340208004500003800000000401112a50a002a020a002a0f109210920024d0a454324e31010400005452543200000000000000a700000000ee446af4
CAPTURE 2 31998248848 52540012340152540012340208004500004400000000401112990a002a020a002a0f109210920030b3b154324e310102000154525432000000a700000000000c0000a24ed0df0100000000000134000000a7
CAPTURE 2 32037333360 525400123402525400123401080045000038a423400040112e810a002a0f0a002a02109210920024d0a454324e31010400005452543200000000000000a700000000ee446af4
CAPTURE 2 32076625568 525400123402525400123401080045000044a42b400040112e6d0a002a0f0a002a0210921092003035b854324e310101000154525432000000a800000000000c0000be3e329c0100000000000180000000a8
CAPTURE 2 32094196912 52540012340152540012340208004500003800000000401112a50a002a020a002a0f10921092002452ba54324e31010400005452543200000000000000a80000000031fda525
CAPTURE 2 32096137792 52540012340152540012340208004500004400000000401112990a002a020a002a0f109210920030b3e154324e310102000154525432000000a800000000000c0000d0aaa2510100000000000134000000a8
CAPTURE 2 32136208848 525400123402525400123401080045000038a437400040112e6d0a002a0f0a002a0210921092002452ba54324e31010400005452543200000000000000a80000000031fda525
CAPTURE 2 32157753952 525400123402525400123401080045000044a43b400040112e5d0a002a0f0a002a0210921092003027da54324e310101000154525432000000a900000000000c00006cb292040100000000000180000000a9
CAPTURE 2 32175316576 52540012340152540012340208004500003800000000401112a50a002a020a002a0f10921092002451ef54324e31010400005452543200000000000000a9000000002686b166
CAPTURE 2 32176540880 52540012340152540012340208004500004400000000401112990a002a020a002a0f10921092003021ed54324e310102000154525432000000a900000000000c0000022602c90100000000000134000000a9
CAPTURE 2 32221755104 525400123402525400123401080045000038a447400040112e5d0a002a0f0a002a0210921092002451ef54324e31010400005452543200000000000000a9000000002686b166
CAPTURE 2 32430499552 525400123401525400123402080045000040000000004011129d0a002a020a002a0f10921092002c7f9b54324e3101050000545254320000000000000000000800007ab4bbdb0000000000007440
CAPTURE 2 32442580992 525400123402525400123401080045000044a45c400040112e3c0a002a0f0a002a02109210920030f04a54324e310101000154525432000000aa00000000000c0000c05675ed0100000000000180000000aa
CAPTURE 2 32460750176 52540012340152540012340208004500003800000000401112a50a002a020a002a0f1092109200247d2c54324e31010400005452543200000000000000aa000000001f0b8da3
CAPTURE 2 32462017536 52540012340152540012340208004500004400000000401112990a002a020a002a0f10921092003092f654324e310102000154525432000000aa00000000000c0000aec2e5200100000000000134000000aa
CAPTURE 2 32497553856 525400123402525400123401080045000040a468400040112e340a002a0f0a002a0210921092002c669854324e31010500005452543200000000000000000008000075f6f0770000000000005d65
CAPTURE 2 32523226320 525400123402525400123401080045000038a46e400040112e360a002a0f0a002a021092109200247d2c54324e31010400005452543200000000000000aa000000001f0b8da3
CAPTURE 2 32543705456 525400123402525400123401080045000044a470400040112e280a002a0f0a002a021092109200303e3d54324e310101000154525432000000ab00000000000c000012dad5750100000000000180000000ab
CAPTURE 2 32562272944 52540012340152540012340208004500003800000000401112a50a002a020a002a0f109210920024878954324e31010400005452543200000000000000ab00000000087099e0
CAPTURE 2 32562894784 52540012340152540012340208004500004400000000401112990a002a020a002a0f10921092003064d154324e310102000154525432000000ab00000000000c00007c4e45b80100000000000134000000ab
CAPTURE 2 32603431568 525400123402525400123401080045000038a476400040112e2e0a002a0f0a002a02109210920024878954324e31010400005452543200000000000000ab00000000087099e0
CAPTURE 2 32644517936 525400123402525400123401080045000044a477400040112e210a002a0f0a002a02109210920030271e54324e310101000154525432000000ac00000000000c000042eebc7e0100000000000180000000ac
CAPTURE 2 32662966320 52540012340152540012340208004500003800000000401112a50a002a020a002a0f109210920024c99d54324e31010400005452543200000000000000ac000000006c11f429
CAPTURE 2 32663566128 52540012340152540012340208004500004400000000401112990a002a020a002a0f109210920030cda854324e310102000154525432000000ac00000000000c00002c7a2cb30100000000000134000000ac
CAPTURE 2 32703968400 525400123402525400123401080045000038a485400040112e1f0a002a0f0a002a02109210920024c99d54324e31010400005452543200000000000000ac000000006c11f429
CAPTURE 2 32725660784 525400123402525400123401080045000044a486400040112e120a002a0f0a002a02109210920030794054324e310101000154525432000000ad00000000000c000090621ce60100000000000180000000ad
CAPTURE 2 32728813408 52540012340152540012340208004500003800000000401112a50a002a020a002a0f109210920024ce0254324e31010400005452543200000000000000ad000000007b6ae06a
CAPTURE 2 32745802192 52540012340152540012340208004500004400000000401112990a002a020a002a0f1092109200309bb154324e310102000154525432000000ad00000000000c0000fef68c2b0100000000000134000000ad
CAPTURE 2 32786111824 525400123402525400123401080045000038a48e400040112e160a002a0f0a002a02109210920024ce0254324e31010400005452543200000000000000ad000000007b6ae06a
CAPTURE 2 32999080944 525400123401525400123402080045000040000000004011129d0a002a020a002a0f10921092002c247854324e3101050000545254320000000000000000000800008e8e00eb000000000000767a
CAPTURE 2 33013172080 525400123402525400123401080045000044a4a4400040112df40a002a0f0a002a02109210920030eef054324e310101000154525432000000ae00000000000c00003c86fb0f0100000000000180000000ae
CAPTURE 2 33028275792 52540012340152540012340208004500003800000000401112a50a002a020a002a0f1092109200240a4054324e31010400005452543200000000000000ae0000000042e7dcaf
CAPTURE 2 33031686896 52540012340152540012340208004500004400000000401112990a002a020a002a0f10921092003068fd54324e310102000154525432000000ae00000000000c000052126bc20100000000000134000000ae
CAPTURE 2 33076925808 525400123402525400123401080045000040a4ab400040112df10a002a0f0a002a0210921092002cd94154324e310105000054525432000000000000000000080000d5121c6e0000000000005fa9
CAPTURE 2 33102893744 525400123402525400123401080045000038a4ac400040112df80a002a0f0a002a021092109200240a4054324e31010400005452543200000000000000ae0000000042e7dcaf
CAPTURE 2 33119606192 525400123402525400123401080045000044a4ad400040112deb0a002a0f0a002a02109210920030dce254324e310101000154525432000000af00000000000c0000ee0a5b970100000000000180000000af
CAPTURE 2 33139643232 52540012340152540012340208004500003800000000401112a50a002a020a002a0f1092109200240b4d54324e31010400005452543200000000000000af00000000559cc8ec
CAPTURE 2 33140545760 52540012340152540012340208004500004400000000401112990a002a020a002a0f109210920030dad654324e310102000154525432000000af00000000000c0000809ecb5a0100000000000134000000af
CAPTURE 2 33182272160 525400123402525400123401080045000038a4b8400040112dec0a002a0f0a002a021092109200240b4d54324e31010400005452543200000000000000af00000000559cc8ec
CAPTURE 2 33223287600 525400123402525400123401080045000044a4bf400040112dd90a002a0f0a002a021092109200302f2154324e310101000154525432000000b000000000000c0000d94e1e130100000000000180000000b0
CAPTURE 2 33242323168 52540012340152540012340208004500003800000000401112a50a002a020a002a0f109210920024bda354324e31010400005452543200000000000000b00000000026e5454c
CAPTURE 2 33244592800 52540012340152540012340208004500004400000000401112990a002a020a002a0f109210920030e01454324e310102000154525432000000b000000000000c0000b7da8ede0100000000000134000000b0
CAPTURE 2 33284595136 525400123402525400123401080045000038a4c1400040112de30a002a0f0a002a02109210920024bda354324e31010400005452543200000000000000b00000000026e5454c
CAPTURE 2 33305174784 525400123402525400123401080045000044a4c2400040112dd60a002a0f0a002a021092109200305c3354324e310101000154525432000000b100000000000c00000bc2be8b0100000000000180000000b1
CAPTURE 2 33322542992 52540012340152540012340208004500003800000000401112a50a002a020a002a0f109210920024a72654324e31010400005452543200000000000000b100000000319e510f
CAPTURE 2 33324493120 52540012340152540012340208004500004400000000401112990a002a020a002a0f109210920030932f54324e310102000154525432000000b100000000000c000065562e460100000000000134000000b1
CAPTURE 2 33364549712 525400123402525400123401080045000038a4c5400040112ddf0a002a0f0a002a02109210920024a72654324e31010400005452543200000000000000b100000000319e510f
CAPTURE 2 33554350656 525400123401525400123402080045000040000000004011129d0a002a020a002a0f10921092002c251154324e310105000054525432000000000000000000080000760b16af00000000000078a0
CAPTURE 2 33578463168 525400123402525400123401080045000044a4da400040112dbe0a002a0f0a002a0210921092003025f654324e310101000154525432000000b200000000000c0000a72659620100000000000180000000b2
CAPTURE 2 33596680000 52540012340152540012340208004500003800000000401112a50a002a020a002a0f109210920024b3f554324e31010400005452543200000000000000b20000000008136dca
CAPTURE 2 33597578560 52540012340152540012340208004500004400000000401112990a002a020a002a0f109210920030936754324e310102000154525432000000b200000000000c0000c9b2c9af0100000000000134000000b2
CAPTURE 2 33631787360 525400123402525400123401080045000040a4df400040112dbd0a002a0f0a002a0210921092002c504454324e310105000054525432000000000000000000080000406c37f100000000000061ca
CAPTURE 2 33657778224 525400123402525400123401080045000038a4e0400040112dc40a002a0f0a002a02109210920024b3f554324e31010400005452543200000000000000b20000000008136dca
CAPTURE 2 33674598432 525400123402525400123401080045000044a4e2400040112db60a002a0f0a002a02109210920030b6d754324e310101000154525432000000b300000000000c000075aaf9fa0100000000000180000000b3
CAPTURE 2 33680970560 52540012340152540012340208004500003800000000401112a50a002a020a002a0f10921092002490e054324e31010400005452543200000000000000b3000000001f687989
CAPTURE 2 33698087216 52540012340152540012340208004500004400000000401112990a002a020a002a0f109210920030a25254324e310102000154525432000000b300000000000c00001b3e69370100000000000134000000b3
CAPTURE 2 33740872448 525400123402525400123401080045000038a4e5400040112dbf0a002a0f0a002a0210921092002490e054324e31010400005452543200000000000000b3000000001f687989
CAPTURE 2 33775592896 525400123402525400123401080045000044a4ea400040112dae0a002a0f0a002a021092109200306feb54324e310101000154525432000000b400000000000c0000259e90f10100000000000180000000b4
CAPTURE 2 33793629216 52540012340152540012340208004500003800000000401112a50a002a020a002a0f1092109200249a8754324e31010400005452543200000000000000b4000000007b091440
CAPTURE 2 33795574080 52540012340152540012340208004500004400000000401112990a002a020a002a0f109210920030db7f54324e310102000154525432000000b400000000000c00004b0a003c0100000000000134000000b4
CAPTURE 2 33836872672 525400123402525400123401080045000038a4f9400040112dab0a002a0f0a002a021092109200249a8754324e31010400005452543200000000000000b4000000007b091440
CAPTURE 2 33862051536 525400123402525400123401080045000044a4fb400040112d9d0a002a0f0a002a02109210920030fefc54324e310101000154525432000000b500000000000c0000f71230690100000000000180000000b5
CAPTURE 2 33880611136 52540012340152540012340208004500003800000000401112a50a002a020a002a0f109210920024bd5a54324e31010400005452543200000000000000b5000000006c720003
CAPTURE 2 33881229792 52540012340152540012340208004500004400000000401112990a002a020a002a0f109210920030ec9854324e310102000154525432000000b500000000000c00009986a0a40100000000000134000000b5
CAPTURE 2 33921305312 525400123402525400123401080045000038a50a400040112d9a0a002a0f0a002a02109210920024bd5a54324e31010400005452543200000000000000b5000000006c720003
CAPTURE 2 34101497280 525400123401525400123402080045000040000000004011129d0a002a020a002a0f10921092002c1e7854324e310105000054525432000000000000000000080000e0ecb0400000000000007ac6
CAPTURE 2 34113539824 525400123402525400123401080045000044a513400040112d850a002a0f0a002a02109210920030f2ff54324e310101000154525432000000b600000000000c00005bf6d7800100000000000180000000b6
CAPTURE 2 34131801696 52540012340152540012340208004500003800000000401112a50a002a020a002a0f109210920024970954324e31010400005452543200000000000000b60000000055ff3cc6
CAPTURE 2 34132469248 52540012340152540012340208004500004400000000401112990a002a020a002a0f109210920030aa1254324e310102000154525432000000b600000000000c00003562474d0100000000000134000000b6
CAPTURE 2 34165933216 525400123402525400123401080045000040a516400040112d860a002a0f0a002a0210921092002c079254324e310105000054525432000000000000000000080000493475bb00000000000063ea
CAPTURE 2 34191741776 525400123402525400123401080045000038a518400040112d8c0a002a0f0a002a02109210920024970954324e31010400005452543200000000000000b60000000055ff3cc6
CAPTURE 2 34213151984 525400123402525400123401080045000044a519400040112d7f0a002a0f0a002a0210921092003025e254324e310101000154525432000000b700000000000c0000897a77180100000000000180000000b7
CAPTURE 2 34228278096 52540012340152540012340208004500003800000000401112a50a002a020a002a0f109210920024bec454324e31010400005452543200000000000000b70000000042842885
CAPTURE 2 34231664960 52540012340152540012340208004500004400000000401112990a002a020a002a0f10921092003056fb54324e310102000154525432000000b700000000000c0000e7eee7d50100000000000134000000b7
CAPTURE 2 34283032112 525400123402525400123401080045000038a51e400040112d860a002a0f0a002a02109210920024bec454324e31010400005452543200000000000000b70000000042842885
CAPTURE 2 34313020736 525400123402525400123401080045000044a520400040112d780a002a0f0a002a02109210920030253e54324e310101000154525432000000b800000000000c0000fb9e05960100000000000180000000b8
CAPTURE 2 34330928640 52540012340152540012340208004500003800000000401112a50a002a020a002a0f109210920024a53a54324e31010400005452543200000000000000b8000000009d3de754
CAPTURE 2 34332568272 52540012340152540012340208004500004400000000401112990a002a020a002a0f109210920030fc5754324e310102000154525432000000b800000000000c0000950a955b0100000000000134000000b8
CAPTURE 2 34373575200 525400123402525400123401080045000038a525400040112d7f0a002a0f0a002a02109210920024a53a54324e31010400005452543200000000000000b8000000009d3de754
CAPTURE 2 34399960448 525400123402525400123401080045000044a527400040112d710a002a0f0a002a02109210920030585054324e310101000154525432000000b900000000000c00002912a50e0100000000000180000000b9
CAPTURE 2 34418516032 52540012340152540012340208004500003800000000401112a50a002a020a002a0f109210920024ac6d54324e31010400005452543200000000000000b9000000008a46f317
CAPTURE 2 34419118160 52540012340152540012340208004500004400000000401112990a002a020a002a0f109210920030a97254324e310102000154525432000000b900000000000c0000478635c30100000000000134000000b9
CAPTURE 2 34458930336 525400123402525400123401080045000038a52f400040112d750a002a0f0a002a02109210920024ac6d54324e31010400005452543200000000000000b9000000008a46f317
CAPTURE 2 34666311104 525400123401525400123402080045000040000000004011129d0a002a020a002a0f10921092002c8ebe54324e310105000054525432000000000000000000080000ddaa41020000000000007d00
CAPTURE 2 34678729440 525400123402525400123401080045000044a551400040112d470a002a0f0a002a021092109200305d9154324e310101000154525432000000ba00000000000c000085f642e70100000000000180000000ba
CAPTURE 2 34696667648 52540012340152540012340208004500003800000000401112a50a002a020a002a0f109210920024a62c54324e31010400005452543200000000000000ba00000000b3cbcfd2
CAPTURE 2 34698117840 52540012340152540012340208004500004400000000401112990a002a020a002a0f109210920030692c54324e310102000154525432000000ba00000000000c0000eb62d22a0100000000000134000000ba
CAPTURE 2 34733579648 525400123402525400123401080045000040a557400040112d450a002a0f0a002a0210921092002c044454324e31010500005452543200000000000000000008000080483fc90000000000006616
CAPTURE 2 34758553600 525400123402525400123401080045000038a55a400040112d4a0a002a0f0a002a02109210920024a62c54324e31010400005452543200000000000000ba00000000b3cbcfd2
CAPTURE 2 34775473456 525400123402525400123401080045000044a55b400040112d3d0a002a0f0a002a02109210920030ec7254324e310101000154525432000000bb00000000000c0000577ae27f0100000000000180000000bb
CAPTURE 2 34795714528 52540012340152540012340208004500003800000000401112a50a002a020a002a0f109210920024a98754324e31010400005452543200000000000000bb00000000a4b0db91
CAPTURE 2 34796541824 52540012340152540012340208004500004400000000401112990a002a020a002a0f1092109200307a1754324e310102000154525432000000bb00000000000c000039ee72b20100000000000134000000bb
CAPTURE 2 34838464320 525400123402525400123401080045000038a568400040112d3c0a002a0f0a002a02109210920024a98754324e31010400005452543200000000000000bb00000000a4b0db91
CAPTURE 2 34879623088 525400123402525400123401080045000044a570400040112d280a002a0f0a002a0210921092003093a854324e310101000154525432000000bc00000000000c0000074e8b740100000000000180000000bc
CAPTURE 2 34897480464 52540012340152540012340208004500003800000000401112a50a002a020a002a0f109210920024b29e54324e31010400005452543200000000000000bc00000000c0d1b658
CAPTURE 2 34899631984 52540012340152540012340208004500004400000000401112990a002a020a002a0f109210920030a12254324e310102000154525432000000bc00000000000c000069da1bb90100000000000134000000bc
CAPTURE 2 34939743840 525400123402525400123401080045000038a572400040112d320a002a0f0a002a02109210920024b29e54324e31010400005452543200000000000000bc00000000c0d1b658
CAPTURE 2 34959946112 525400123402525400123401080045000044a576400040112d220a002a0f0a002a0210921092003024ba54324e310101000154525432000000bd00000000000c0000d5c22bec0100000000000180000000bd
CAPTURE 2 34977472928 52540012340152540012340208004500003800000000401112a50a002a020a002a0f109210920024b00154324e31010400005452543200000000000000bd00000000d7aaa21b
CAPTURE 2 34979538576 52540012340152540012340208004500004400000000401112990a002a020a002a0f109210920030b03b54324e310102000154525432000000bd00000000000c0000bb56bb210100000000000134000000bd
CAPTURE 2 35018900576 525400123402525400123401080045000038a579400040112d2b0a002a0f0a002a02109210920024b00154324e31010400005452543200000000000000bd00000000d7aaa21b
CAPTURE 2 35057120352 525400123402525400123401080045000044a57e400040112d1a0a002a0f0a002a02109210920030e13a54324e310101000154525432000000be00000000000c00007926cc050100000000000180000000be
CAPTURE 2 35075072560 52540012340152540012340208004500003800000000401112a50a002a020a002a0f1092109200249cc054324e31010400005452543200000000000000be00000000ee279ede
CAPTURE 2 35076592048 52540012340152540012340208004500004400000000401112990a002a020a002a0f109210920030b23754324e310102000154525432000000be00000000000c000017b25cc80100000000000134000000be
CAPTURE 2 35117351488 525400123402525400123401080045000038a58d400040112d170a002a0f0a002a021092109200249cc054324e31010400005452543200000000000000be00000000ee279ede
CAPTURE 2 35137587840 525400123402525400123401080045000044a591400040112d070a002a0f0a002a021092109200300e1d54324e310101000154525432000000bf00000000000c0000abaa6c9d0100000000000180000000bf
CAPTURE 2 35148212608 52540012340152540012340208004500003800000000401112a50a002a020a002a0f109210920024a5cb54324e31010400005452543200000000000000bf00000000f95c8a9d
CAPTURE 2 35156141888 52540012340152540012340208004500004400000000401112990a002a020a002a0f109210920030652054324e310102000154525432000000bf00000000000c0000c53efc500100000000000134000000bf
CAPTURE 2 35198534848 525400123402525400123401080045000038a594400040112d100a002a0f0a002a02109210920024a5cb54324e31010400005452543200000000000000bf00000000f95c8a9d
CAPDUMP_END
virtnet: streamed 849 vm1 and 849 vm2 frames to the console
axvisor:/$ 