VM-exit counters per physical CPU (12 reasons):
  cpu         irq     timer      mmio       wfi   hvc-smc    sysreg    gic-if       sgi    cpu-up  sys-down   nothing     other
    1   17273@147.9/s 17072@140.1/s 78618@2644.5/s 17071@140.1/s         -         -         -         -         -         -         -         -
    2    4891@269.3/s  3550@196.5/s 31260@4.7/s       128         7         -         -       128         -         -        11         -
    3   12333@841.5/s 11831@809.5/s        52 12120@761.7/s         -         -         -    23@0.2/s         -         -         2         -
Host periodic scheduler ticks (event-driven timer IRQs excluded):
  cpu   0:       4283 (79.196/s)
  cpu   1:       4282 (79.032/s)
  cpu   2:       4279 (78.950/s)
  cpu   3:       4282 (79.442/s)
axvisor:$ 
[2Kaxvisor:$ v
[2Kaxvisor:$ vm
[2Kaxvisor:$ vm 
[2Kaxvisor:$ vm c
[2Kaxvisor:$ vm co
[2Kaxvisor:$ vm con
[2Kaxvisor:$ vm cons
[2Kaxvisor:$ vm conso
[2Kaxvisor:$ vm consol
[2Kaxvisor:$ vm console
[2Kaxvisor:$ vm console 
[2Kaxvisor:$ vm console 1
✓ Attached VM[1] console; use Ctrl+X, then h to return to the shell
RT_PROGRESS uptime_s=39.30
[   47.045191] random: crng init done
RT_PROGRESS uptime_s=49.37
RT_PROGRESS uptime_s=59.38
RT_PROGRESS uptime_s=69.40
RT_PROGRESS uptime_s=79.42
RT_PROGRESS uptime_s=89.44
RT_PROGRESS uptime_s=99.47
RT_PROGRESS uptime_s=109.50
RT_PROGRESS uptime_s=119.52
RT_PROGRESS uptime_s=129.55
RT_PROGRESS uptime_s=139.57
RT_PROGRESS uptime_s=149.60
RT_PROGRESS uptime_s=159.62
RT_PROGRESS uptime_s=169.64
RT_PROGRESS uptime_s=179.67
RT_PROGRESS uptime_s=189.71
RT_PROGRESS uptime_s=199.73
RT_PROGRESS uptime_s=209.76
RT_PROGRESS uptime_s=219.78
RT_PROGRESS uptime_s=229.80
RT_PROGRESS uptime_s=239.84
RT_PROGRESS uptime_s=249.86
RT_PROGRESS uptime_s=259.88
RT_PROGRESS uptime_s=269.91
RT_PROGRESS uptime_s=279.94
RT_PROGRESS uptime_s=289.97
RT_PROGRESS uptime_s=300.00
RT_PROGRESS uptime_s=310.02
RT_PROGRESS uptime_s=320.04
RT_PROGRESS uptime_s=330.07
RT_PROGRESS uptime_s=340.10
RT_PROGRESS uptime_s=350.12
RT_PROGRESS uptime_s=360.14
RT_PROGRESS uptime_s=370.17
RT_PROGRESS uptime_s=380.19
RT_PROGRESS uptime_s=390.22
RT_PROGRESS uptime_s=400.25
RT_PROGRESS uptime_s=410.27
RT_PROGRESS uptime_s=420.30
RT_PROGRESS uptime_s=430.32
RT_PROGRESS uptime_s=440.34
RT_PROGRESS uptime_s=450.37
RT_PROGRESS uptime_s=460.39
RT_PROGRESS uptime_s=470.42
RT_PROGRESS uptime_s=480.44
RT_PROGRESS uptime_s=490.47
RT_PROGRESS uptime_s=500.49
RT_PROGRESS uptime_s=510.51
RT_PROGRESS uptime_s=520.54
RT_PROGRESS uptime_s=530.57
RT_PROGRESS uptime_s=540.59
RT_PROGRESS uptime_s=550.62
RT_PROGRESS uptime_s=560.65
RT_PROGRESS uptime_s=570.67
RT_PROGRESS uptime_s=580.69
RT_PROGRESS uptime_s=590.71
RT_PROGRESS uptime_s=600.73
RT_PROGRESS uptime_s=610.76
RT_PROGRESS uptime_s=620.79
RT_PROGRESS uptime_s=630.81
RT_PROGRESS uptime_s=640.84
RT_PROGRESS uptime_s=650.86
RT_PROGRESS uptime_s=660.88
RT_PROGRESS uptime_s=670.91
RT_PROGRESS uptime_s=680.93
RT_PROGRESS uptime_s=690.96
RT_PROGRESS uptime_s=700.98
RT_PROGRESS uptime_s=711.00
RT_PROGRESS uptime_s=721.03
RT_PROGRESS uptime_s=731.06
RT_PROGRESS uptime_s=741.08
RT_PROGRESS uptime_s=751.10
RT_PROGRESS uptime_s=761.13
RT_PROGRESS uptime_s=771.15
RT_PROGRESS uptime_s=781.18
RT_PROGRESS uptime_s=791.20
RT_PROGRESS uptime_s=801.22
RT_PROGRESS uptime_s=811.24
RT_PROGRESS uptime_s=821.27
RT_PROGRESS uptime_s=831.29
RT_PROGRESS uptime_s=841.32
RT_PROGRESS uptime_s=851.34
RT_PROGRESS uptime_s=861.36
RT_PROGRESS uptime_s=871.39
RT_PROGRESS uptime_s=881.41
RT_PROGRESS uptime_s=891.44
RT_PROGRESS uptime_s=901.46
RT_PROGRESS uptime_s=911.48
RT_PROGRESS uptime_s=921.51
RT_PROGRESS uptime_s=931.53
RT_PROGRESS uptime_s=941.56
RT_PROGRESS uptime_s=951.58
RT_PROGRESS uptime_s=961.60
RT_PROGRESS uptime_s=971.62
RT_PROGRESS uptime_s=981.65
RT_PROGRESS uptime_s=991.67
RT_PROGRESS uptime_s=1001.70
RT_PROGRESS uptime_s=1011.72
RT_PROGRESS uptime_s=1021.74
RT_PROGRESS uptime_s=1031.77
RT_PROGRESS uptime_s=1041.79
RT_PROGRESS uptime_s=1051.81
RT_PROGRESS uptime_s=1061.84
RT_PROGRESS uptime_s=1071.86
RT_PROGRESS uptime_s=1081.89
RT_PROGRESS uptime_s=1091.91
RT_PROGRESS uptime_s=1101.93
RT_PROGRESS uptime_s=1111.96
RT_PROGRESS uptime_s=1121.98
RT_PROGRESS uptime_s=1131.99
RT_PROGRESS uptime_s=1142.02
RT_PROGRESS uptime_s=1152.04
RT_PROGRESS uptime_s=1162.06
RT_PROGRESS uptime_s=1172.08
RT_PROGRESS uptime_s=1182.11
RT_PROGRESS uptime_s=1192.14
RT_PROGRESS uptime_s=1202.17
RT_PROGRESS uptime_s=1212.19
RT_PROGRESS uptime_s=1222.21
RT_PROGRESS uptime_s=1232.23
RT_PROGRESS uptime_s=1242.26
RT_PROGRESS uptime_s=1252.28
RT_PROGRESS uptime_s=1262.30
RT_PROGRESS uptime_s=1272.33
RT_PROGRESS uptime_s=1282.36
RT_PROGRESS uptime_s=1292.38
RT_PROGRESS uptime_s=1302.40
RT_PROGRESS uptime_s=1312.43
RT_PROGRESS uptime_s=1322.45
RT_PROGRESS uptime_s=1332.47
RT_PROGRESS uptime_s=1342.50
RT_PROGRESS uptime_s=1352.52
RT_PROGRESS uptime_s=1362.54
RT_PROGRESS uptime_s=1372.57
RT_PROGRESS uptime_s=1382.61
RT_PROGRESS uptime_s=1392.63
RT_PROGRESS uptime_s=1402.66
RT_PROGRESS uptime_s=1412.68
RT_PROGRESS uptime_s=1422.70
RT_PROGRESS uptime_s=1432.72
RT_PROGRESS uptime_s=1442.75
RT_PROGRESS uptime_s=1452.77
RT_PROGRESS uptime_s=1462.79
RT_PROGRESS uptime_s=1472.82
RT_PROGRESS uptime_s=1482.84
RT_PROGRESS uptime_s=1492.86
RT_PROGRESS uptime_s=1502.88
RT_PROGRESS uptime_s=1512.91
RT_PROGRESS uptime_s=1522.93
RT_PROGRESS uptime_s=1532.96
RT_PROGRESS uptime_s=1542.98
RT_PROGRESS uptime_s=1553.00
RT_PROGRESS uptime_s=1563.03
RT_PROGRESS uptime_s=1573.05
RT_PROGRESS uptime_s=1583.08
RT_PROGRESS uptime_s=1593.10
RT_PROGRESS uptime_s=1603.13
RT_PROGRESS uptime_s=1613.15
RT_PROGRESS uptime_s=1623.18
RT_PROGRESS uptime_s=1633.20
RT_PROGRESS uptime_s=1643.22
RT_PROGRESS uptime_s=1653.25
RT_PROGRESS uptime_s=1663.28
RT_PROGRESS uptime_s=1673.30
RT_PROGRESS uptime_s=1683.32
RT_PROGRESS uptime_s=1693.35
RT_PROGRESS uptime_s=1703.38
RT_PROGRESS uptime_s=1713.40
RT_PROGRESS uptime_s=1723.43
RT_PROGRESS uptime_s=1733.45
RT_PROGRESS uptime_s=1743.48
RT_PROGRESS uptime_s=1753.50
RT_PROGRESS uptime_s=1763.52
RT_PROGRESS uptime_s=1773.55
RT_PROGRESS uptime_s=1783.57
RT_PROGRESS uptime_s=1793.60
RT_PROGRESS uptime_s=1803.62
RT_PROGRESS uptime_s=1813.65
RT_PROGRESS uptime_s=1823.67
WARN: stat /dev/cpu_dma_latency failed: No such file or directory
# Histogram
000139 000001
000143 000001
000150 000001
000151 000004
000152 000002
000153 000001
000154 000003
000155 000001
000156 000003
000157 000004
000158 000005
000159 000006
000160 000004
000161 000008
000162 000005
000163 000001
000164 000007
000165 000006
000166 000009
000167 000008
000168 000014
000169 000018
000170 000021
000171 000032
000172 000046
000173 000055
000174 000066
000175 000065
000176 000093
000177 000080
000178 000100
000179 000119
000180 000105
000181 000118
000182 000138
000183 000149
000184 000145
000185 000147
000186 000169
000187 000170
000188 000194
000189 000194
000190 000216
000191 000200
000192 000240
000193 000201
000194 000229
000195 000204
000196 000224
000197 000208
000198 000215
000199 000212
000200 000218
000201 000196
000202 000198
000203 000196
000204 000188
000205 000221
000206 000211
000207 000244
000208 000173
000209 000209
000210 000220
000211 000221
000212 000202
000213 000198
000214 000239
000215 000236
000216 000269
000217 000279
000218 000298
000219 000298
000220 000300
000221 000320
000222 000362
000223 000383
000224 000468
000225 000525
000226 000567
000227 000605
000228 000720
000229 000844
000230 000996
000231 001107
000232 001295
000233 001429
000234 001622
000235 001793
000236 001946
000237 002001
000238 002214
000239 002399
000240 002650
000241 002890
000242 003082
000243 003184
000244 003572
000245 003865
000246 004167
000247 004320
000248 004748
000249 004742
000250 004895
000251 004810
000252 005032
000253 004884
000254 004941
000255 004711
000256 004674
000257 004543
000258 004531
000259 004297
000260 004269
000261 004042
000262 004062
000263 003983
000264 003924
000265 003892
000266 003833
000267 003805
000268 003788
000269 003661
000270 003690
000271 003498
000272 003727
000273 003637
000274 003708
000275 003646
000276 003843
000277 003818
000278 003890
000279 003969
000280 003961
000281 004123
000282 004201
000283 004151
000284 004160
000285 004025
000286 004102
000287 004062
000288 003901
000289 003762
000290 003817
000291 003853
000292 003714
000293 003668
000294 003790
000295 003509
000296 003517
000297 003331
000298 003467
000299 003216
000300 003340
000301 003157
000302 003176
000303 003123
000304 003064
000305 002946
000306 002892
000307 002823
000308 002827
000309 002686
000310 002727
000311 002411
000312 002466
000313 002238
000314 002241
000315 002170
000316 002242
000317 002034
000318 001980
000319 001894
000320 001885
000321 001791
000322 001747
000323 001685
000324 001695
000325 001646
000326 001550
000327 001509
000328 001389
000329 001376
000330 001350
000331 001340
000332 001294
000333 001251
000334 001221
000335 001137
000336 001132
000337 001087
000338 001153
000339 001125
000340 001134
000341 001079
000342 001208
000343 001136
000344 001141
000345 001158
000346 001213
000347 001191
000348 001122
000349 001112
000350 001107
000351 001071
000352 001046
000353 001023
000354 001100
000355 001050
000356 001008
000357 000978
000358 001026
000359 000993
000360 001015
000361 001003
000362 000957
000363 000975
000364 000984
000365 000938
000366 000913
000367 000942
000368 000919
000369 000893
000370 000827
000371 000852
000372 000851
000373 000841
000374 000843
000375 000846
000376 000837
000377 000751
000378 000804
000379 000756
000380 000799
000381 000750
000382 000737
000383 000752
000384 000733
000385 000731
000386 000700
000387 000709
000388 000714
000389 000690
000390 000711
000391 000706
000392 000710
000393 000642
000394 000663
000395 000667
000396 000675
000397 000728
000398 000673
000399 000658
000400 000627
000401 000665
000402 000642
000403 000669
000404 000656
000405 000658
000406 000668
000407 000658
000408 000648
000409 000622
000410 000597
000411 000652
000412 000630
000413 000610
000414 000605
000415 000622
000416 000606
000417 000581
000418 000620
000419 000643
000420 000601
000421 000613
000422 000575
000423 000583
000424 000571
000425 000595
000426 000609
000427 000571
000428 000605
000429 000583
000430 000623
000431 000614
000432 000567
000433 000610
000434 000591
000435 000597
000436 000625
000437 000607
000438 000649
000439 000604
000440 000672
000441 000701
000442 000671
000443 000707
000444 000774
000445 000802
000446 000875
000447 000909
000448 000934
000449 001017
000450 001212
000451 001328
000452 001505
000453 001573
000454 001887
000455 001982
000456 002242
000457 002460
000458 002637
000459 002970
000460 003201
000461 003518
000462 003675
000463 003830
000464 004042
000465 004217
000466 004289
000467 004228
000468 004347
000469 004382
000470 004174
000471 004324
000472 004515
000473 004351
000474 004479
000475 004369
000476 004354
000477 004342
000478 004322
000479 004266
000480 004445
000481 004360
000482 004598
000483 004531
000484 004720
000485 004691
000486 004935
000487 005001
000488 005360
000489 005633
000490 006000
000491 006217
000492 006738
000493 007114
000494 007760
000495 007995
000496 008646
000497 009128
000498 009882
000499 010554
000500 010958
000501 011555
000502 012177
000503 012130
000504 012544
000505 012775
000506 013146
000507 013163
000508 013310
000509 013026
000510 013120
000511 013151
000512 013233
000513 013144
000514 013542
000515 013276
000516 013589
000517 013818
000518 014072
000519 014013
000520 014775
000521 015023
000522 015611
000523 015389
000524 016185
000525 016006
000526 016367
000527 016042
000528 016358
000529 016070
000530 016263
000531 015800
000532 015896
000533 015568
000534 015568
000535 015115
000536 014843
000537 014343
000538 014095
000539 013549
000540 013405
000541 012715
000542 012616
000543 012055
000544 011734
000545 011006
000546 010650
000547 010085
000548 009961
000549 009347
000550 009143
000551 008593
000552 008608
000553 008048
000554 007964
000555 007394
000556 007359
000557 006982
000558 006857
000559 006261
000560 006383
000561 005884
000562 005836
000563 005566
000564 005391
000565 005198
000566 004943
000567 004781
000568 004721
000569 004400
000570 004360
000571 004235
000572 004062
000573 003824
000574 003825
000575 003550
000576 003401
000577 003307
000578 003259
000579 003074
000580 003036
000581 002827
000582 002725
000583 002695
000584 002579
000585 002531
000586 002370
000587 002246
000588 002249
000589 002204
000590 002159
000591 002030
000592 002118
000593 002032
000594 001920
000595 001933
000596 001923
000597 001749
000598 001804
000599 001733
000600 001662
000601 001664
000602 001631
000603 001523
000604 001445
000605 001416
000606 001478
000607 001380
000608 001352
000609 001352
000610 001266
000611 001266
000612 001244
000613 001180
000614 001166
000615 001093
000616 001210
000617 001180
000618 001157
000619 001129
000620 001143
000621 001139
000622 001153
000623 001182
000624 001222
000625 001256
000626 001270
000627 001303
000628 001409
000629 001425
000630 001468
000631 001556
000632 001607
000633 001610
000634 001500
000635 001690
000636 001660
000637 001722
000638 001598
000639 001619
000640 001597
000641 001605
000642 001617
000643 001560
000644 001578
000645 001498
000646 001560
000647 001412
000648 001520
000649 001448
000650 001426
000651 001441
000652 001425
000653 001471
000654 001422
000655 001373
000656 001434
000657 001353
000658 001443
000659 001391
000660 001333
000661 001351
000662 001343
000663 001345
000664 001268
000665 001274
000666 001332
000667 001250
000668 001218
000669 001179
000670 001174
000671 001190
000672 001112
000673 001073
000674 001090
000675 000986
000676 000976
000677 000936
000678 000884
000679 000864
000680 000835
000681 000750
000682 000752
000683 000735
000684 000702
000685 000676
000686 000635
000687 000678
000688 000615
000689 000597
000690 000594
000691 000514
000692 000516
000693 000506
000694 000496
000695 000431
000696 000458
000697 000458
000698 000425
000699 000399
000700 000397
000701 000355
000702 000426
000703 000380
000704 000354
000705 000348
000706 000328
000707 000361
000708 000342
000709 000315
000710 000289
000711 000300
000712 000299
000713 000319
000714 000273
000715 000264
000716 000270
000717 000266
000718 000263
000719 000244
000720 000263
000721 000243
000722 000245
000723 000238
000724 000199
000725 000217
000726 000217
000727 000212
000728 000192
000729 000227
000730 000215
000731 000219
000732 000181
000733 000205
000734 000178
000735 000209
000736 000214
000737 000173
000738 000183
000739 000203
000740 000177
000741 000179
000742 000170
000743 000174
000744 000164
000745 000149
000746 000185
000747 000143
000748 000134
000749 000135
000750 000151
000751 000163
000752 000160
000753 000145
000754 000145
000755 000133
000756 000134
000757 000153
000758 000141
000759 000125
000760 000126
000761 000130
000762 000148
000763 000141
000764 000146
000765 000143
000766 000150
000767 000130
000768 000139
000769 000155
000770 000133
000771 000121
000772 000146
000773 000146
000774 000146
000775 000148
000776 000156
000777 000165
000778 000128
000779 000145
000780 000157
000781 000136
000782 000159
000783 000151
000784 000163
000785 000165
000786 000178
000787 000172
000788 000175
000789 000156
000790 000199
000791 000157
000792 000208
000793 000199
000794 000209
000795 000220
000796 000201
000797 000202
000798 000205
000799 000211
000800 000205
000801 000224
000802 000216
000803 000217
000804 000211
000805 000218
000806 000202
000807 000213
000808 000221
000809 000238
000810 000242
000811 000243
000812 000231
000813 000260
000814 000264
000815 000235
000816 000255
000817 000259
000818 000226
000819 000252
000820 000268
000821 000241
000822 000210
000823 000251
000824 000247
000825 000259
000826 000237
000827 000239
000828 000236
000829 000236
000830 000261
000831 000232
000832 000238
000833 000240
000834 000237
000835 000218
000836 000225
000837 000205
000838 000231
000839 000248
000840 000261
000841 000190
000842 000239
000843 000233
000844 000230
000845 000219
000846 000250
000847 000186
000848 000207
000849 000197
000850 000192
000851 000188
000852 000190
000853 000162
000854 000201
000855 000150
000856 000169
000857 000186
000858 000166
000859 000151
000860 000153
000861 000129
000862 000131
000863 000121
000864 000138
000865 000146
000866 000125
000867 000114
000868 000114
000869 000117
000870 000114
000871 000110
000872 000091
000873 000094
000874 000088
000875 000078
000876 000082
000877 000085
000878 000083
000879 000089
000880 000077
000881 000083
000882 000059
000883 000065
000884 000063
000885 000060
000886 000067
000887 000064
000888 000067
000889 000059
000890 000051
000891 000056
000892 000050
000893 000056
000894 000070
000895 000053
000896 000052
000897 000052
000898 000060
000899 000045
000900 000057
000901 000043
000902 000053
000903 000047
000904 000046
000905 000034
000906 000044
000907 000027
000908 000042
000909 000037
000910 000041
000911 000049
000912 000035
000913 000042
000914 000042
000915 000041
000916 000035
000917 000041
000918 000035
000919 000048
000920 000037
000921 000047
000922 000027
000923 000036
000924 000059
000925 000040
000926 000032
000927 000045
000928 000035
000929 000054
000930 000041
000931 000059
000932 000036
000933 000047
000934 000056
000935 000036
000936 000052
000937 000053
000938 000057
000939 000051
000940 000036
000941 000051
000942 000050
000943 000055
000944 000051
000945 000049
000946 000043
000947 000043
000948 000054
000949 000064
000950 000058
000951 000055
000952 000067
000953 000064
000954 000060
000955 000057
000956 000054
000957 000054
000958 000072
000959 000058
000960 000065
000961 000061
000962 000054
000963 000063
000964 000056
000965 000068
000966 000068
000967 000060
000968 000048
000969 000057
000970 000048
000971 000050
000972 000039
000973 000046
000974 000042
000975 000044
000976 000051
000977 000043
000978 000043
000979 000037
000980 000034
000981 000034
000982 000031
000983 000031
000984 000042
000985 000025
000986 000026
000987 000024
000988 000022
000989 000035
000990 000034
000991 000033
000992 000024
000993 000021
000994 000027
000995 000026
000996 000021
000997 000016
000998 000021
000999 000020
001000 000020
001001 000018
001002 000017
001003 000020
001004 000020
001005 000031
001006 000021
001007 000025
001008 000019
001009 000022
001010 000024
001011 000013
001012 000022
001013 000017
001014 000015
001015 000028
001016 000014
001017 000020
001018 000016
001019 000013
001020 000018
001021 000016
001022 000014
001023 000017
001024 000020
001025 000024
001026 000023
001027 000019
001028 000012
001029 000016
001030 000015
001031 000014
001032 000016
001033 000012
001034 000011
001035 000014
001036 000014
001037 000010
001038 000018
001039 000017
001040 000020
001041 000015
001042 000007
001043 000016
001044 000019
001045 000011
001046 000014
001047 000010
001048 000007
001049 000015
001050 000011
001051 000009
001052 000010
001053 000012
001054 000008
001055 000013
001056 000006
001057 000003
001058 000010
001059 000010
001060 000003
001061 000011
001062 000011
001063 000008
001064 000003
001065 000008
001066 000009
001067 000005
001068 000010
001069 000013
001070 000008
001071 000008
001072 000007
001073 000007
001074 000008
001075 000004
001076 000006
001077 000004
001078 000003
001079 000007
001080 000009
001081 000013
001082 000010
001083 000004
001084 000012
001085 000008
001086 000013
001087 000009
001088 000005
001089 000007
001090 000010
001091 000014
001092 000007
001093 000009
001094 000007
001095 000008
001096 000017
001097 000011
001098 000020
001099 000007
001100 000014
001101 000017
001102 000014
001103 000018
001104 000020
001105 000013
001106 000023
001107 000017
001108 000029
001109 000030
001110 000032
001111 000031
001112 000040
001113 000028
001114 000037
001115 000039
001116 000056
001117 000040
001118 000042
001119 000054
001120 000047
001121 000040
001122 000038
001123 000049
001124 000045
001125 000018
001127 000001
001128 000023
001129 000043
001130 000066
001131 000068
001132 000069
001133 000075
001134 000076
001135 000067
001136 000088
001137 000080
001138 000091
001139 000098
001140 000080
001141 000087
001142 000080
001143 000069
001144 000085
001145 000106
001146 000099
001147 000110
001148 000102
001149 000100
001150 000102
001151 000114
001152 000109
001153 000101
001154 000100
001155 000085
001156 000101
001157 000117
001158 000110
001159 000108
001160 000100
001161 000095
001162 000123
001163 000116
001164 000115
001165 000089
001166 000124
001167 000112
001168 000109
001169 000111
001170 000096
001171 000096
001172 000112
001173 000093
001174 000082
001175 000071
001176 000085
001177 000057
001178 000069
001179 000074
001180 000056
001181 000066
001182 000076
001183 000067
001184 000058
001185 000067
001186 000074
001187 000043
001188 000059
001189 000046
001190 000056
001191 000049
001192 000046
001193 000042
001194 000046
001195 000040
001196 000036
001197 000030
001198 000038
001199 000036
001200 000032
001201 000038
001202 000031
001203 000024
001204 000015
001205 000026
001206 000029
001207 000020
001208 000022
001209 000027
001210 000022
001211 000015
001212 000026
001213 000023
001214 000017
001215 000020
001216 000019
001217 000024
001218 000014
001219 000012
001220 000020
001221 000016
001222 000028
001223 000017
001224 000022
001225 000012
001226 000023
001227 000014
001228 000018
001229 000020
001230 000018
001231 000018
001232 000018
001233 000030
001234 000023
001235 000023
001236 000022
001237 000018
001238 000019
001239 000017
001240 000028
001241 000034
001242 000029
001243 000042
001244 000036
001245 000027
001246 000040
001247 000029
001248 000032
001249 000042
001250 000050
001251 000036
001252 000040
001253 000060
001254 000048
001255 000039
001256 000051
001257 000050
001258 000047
001259 000043
001260 000063
001261 000059
001262 000054
001263 000067
001264 000055
001265 000045
001266 000060
001267 000062
001268 000046
001269 000059
001270 000044
001271 000063
001272 000061
001273 000049
001274 000054
001275 000063
001276 000060
001277 000065
001278 000059
001279 000059
001280 000063
001281 000058
001282 000052
001283 000072
001284 000044
001285 000057
001286 000053
001287 000043
001288 000067
001289 000049
001290 000057
001291 000045
001292 000055
001293 000051
001294 000061
001295 000064
001296 000054
001297 000068
001298 000054
001299 000056
001300 000062
001301 000077
001302 000062
001303 000063
001304 000063
001305 000074
001306 000061
001307 000052
001308 000061
001309 000067
001310 000058
001311 000055
001312 000057
001313 000058
001314 000058
001315 000062
001316 000052
001317 000057
001318 000064
001319 000062
001320 000062
001321 000052
001322 000057
001323 000068
001324 000058
001325 000051
001326 000051
001327 000049
001328 000061
001329 000067
001330 000048
001331 000053
001332 000046
001333 000036
001334 000043
001335 000054
001336 000037
001337 000045
001338 000037
001339 000026
001340 000030
001341 000039
001342 000033
001343 000033
001344 000040
001345 000022
001346 000019
001347 000029
001348 000031
001349 000022
001350 000026
001351 000027
001352 000035
001353 000021
001354 000028
001355 000031
001356 000027
001357 000021
001358 000021
001359 000023
001360 000022
001361 000015
001362 000019
001363 000016
001364 000021
001365 000014
001366 000024
001367 000020
001368 000013
001369 000019
001370 000014
001371 000012
001372 000011
001373 000017
001374 000016
001375 000011
001376 000012
001377 000020
001378 000016
001379 000007
001380 000013
001381 000018
001382 000022
001383 000011
001384 000013
001385 000012
001386 000014
001387 000014
001388 000018
001389 000019
001390 000018
001391 000015
001392 000014
001393 000009
001394 000014
001395 000011
001396 000011
001397 000009
001398 000013
001399 000018
001400 000015
001401 000015
001402 000015
001403 000014
001404 000007
001405 000011
001406 000014
001407 000017
001408 000015
001409 000013
001410 000013
001411 000006
001412 000017
001413 000014
001414 000014
001415 000016
001416 000012
001417 000011
001418 000018
001419 000023
001420 000009
001421 000012
001422 000016
001423 000016
001424 000014
001425 000014
001426 000013
001427 000018
001428 000018
001429 000011
001430 000013
001431 000008
001432 000008
001433 000013
001434 000005
001435 000013
001436 000021
001437 000009
001438 000015
001439 000013
001440 000014
001441 000011
001442 000015
001443 000011
001444 000008
001445 000007
001446 000013
001447 000013
001448 000013
001449 000013
001450 000008
001451 000010
001452 000008
001453 000010
001454 000012
001455 000011
001456 000009
001457 000014
001458 000015
001459 000011
001460 000016
001461 000014
001462 000009
001463 000006
001464 000014
001465 000014
001466 000014
001467 000009
001468 000014
001469 000010
001470 000006
001471 000008
001472 000012
001473 000014
001474 000008
001475 000012
001476 000015
001477 000010
001478 000006
001479 000014
001480 000020
001481 000006
001482 000007
001483 000004
001484 000010
001485 000011
001486 000005
001487 000005
001488 000008
001489 000014
001490 000012
001491 000012
001492 000012
001493 000009
001494 000010
001495 000007
001496 000008
001497 000010
001498 000008
001499 000005
001500 000011
001501 000006
001502 000007
001503 000006
001504 000004
001505 000008
001506 000005
001507 000008
001508 000007
001509 000008
001510 000005
001511 000009
001512 000008
001513 000009
001514 000002
001515 000002
001516 000006
001517 000010
001518 000003
001519 000013
001520 000003
001521 000007
001522 000009
001523 000003
001524 000006
001525 000007
001526 000008
001527 000007
001528 000005
001529 000006
001530 000002
001531 000006
001532 000006
001533 000005
001534 000004
001535 000002
001536 000006
001537 000007
001538 000002
001539 000004
001540 000003
001541 000004
001542 000002
001543 000005
001544 000005
001545 000002
001546 000005
001547 000007
001548 000005
001549 000005
001550 000007
001551 000006
001552 000009
001553 000003
001554 000006
001555 000006
001556 000001
001557 000005
001558 000002
001559 000006
001560 000006
001561 000005
001562 000003
001563 000002
001564 000003
001565 000001
001566 000007
001567 000002
001568 000002
001569 000005
001570 000006
001571 000004
001572 000003
001573 000010
001574 000006
001575 000002
001576 000003
001577 000004
001578 000004
001579 000002
001580 000002
001581 000004
001582 000004
001583 000002
001585 000001
001586 000003
001587 000003
001588 000006
001589 000002
001590 000004
001591 000005
001592 000003
001593 000002
001594 000003
001595 000004
001596 000006
001597 000005
001598 000003
001599 000002
001600 000002
001601 000004
001602 000003
001603 000003
001604 000003
001605 000004
001606 000001
001607 000006
001608 000002
001609 000003
001610 000002
001611 000001
001612 000002
001613 000003
001614 000003
001615 000006
001616 000003
001617 000006
001618 000007
001619 000001
001620 000009
001621 000001
001622 000005
001624 000003
001625 000001
001626 000003
001627 000002
001628 000003
001629 000006
001630 000003
001631 000006
001632 000007
001633 000005
001634 000007
001635 000005
001636 000012
001637 000003
001638 000005
001639 000008
001640 000005
001641 000004
001642 000007
001643 000004
001644 000007
001645 000002
001646 000001
001647 000005
001648 000005
001649 000006
001650 000004
001651 000010
001652 000006
001653 000004
001654 000004
001655 000008
001656 000003
001657 000006
001658 000006
001659 000002
001660 000008
001661 000006
001662 000004
001663 000002
001664 000007
001665 000005
001666 000004
001667 000003
001668 000004
001669 000009
001670 000002
001671 000003
001672 000004
001673 000001
001674 000005
001675 000002
001676 000005
001677 000003
001679 000003
001680 000003
001681 000002
001682 000002
001683 000006
001684 000004
001686 000003
001687 000004
001688 000005
001689 000005
001690 000003
001691 000001
001692 000001
001693 000001
001694 000003
001695 000003
001696 000001
001697 000002
001698 000002
001699 000001
001700 000002
001701 000001
001702 000004
001703 000001
001704 000002
001705 000002
001706 000002
001708 000002
001709 000002
001710 000004
001711 000003
001712 000001
001713 000003
001714 000004
001715 000002
001716 000004
001717 000004
001718 000002
001719 000001
001720 000002
001721 000007
001722 000005
001723 000001
001724 000004
001725 000001
001726 000004
001727 000004
001728 000001
001729 000002
001730 000003
001731 000004
001732 000005
001733 000004
001734 000002
001735 000003
001736 000005
001737 000002
001738 000002
001739 000001
001740 000003
001741 000004
001742 000002
001743 000003
001744 000004
001745 000004
001746 000006
001747 000004
001748 000004
001749 000003
001750 000004
001751 000003
001752 000004
001753 000006
001754 000006
001755 000004
001756 000003
001757 000002
001758 000001
001759 000003
001760 000001
001761 000008
001762 000001
001763 000004
001764 000001
001765 000004
001766 000002
001767 000001
001768 000002
001769 000001
001770 000001
001772 000002
001773 000002
001774 000002
001776 000002
001777 000003
001778 000002
001779 000001
001780 000001
001781 000003
001782 000004
001783 000006
001784 000003
001785 000001
001787 000002
001788 000003
001789 000003
001790 000001
001791 000001
001792 000004
001793 000004
001795 000002
001796 000005
001797 000002
001798 000002
001799 000003
001800 000001
001801 000001
001802 000003
001805 000001
001807 000002
001808 000002
001809 000001
001810 000001
001812 000001
001813 000001
001814 000002
001815 000001
001817 000002
001819 000001
001820 000001
001821 000001
001822 000001
001823 000001
001826 000002
001829 000001
001830 000001
001833 000004
001834 000002
001835 000002
001836 000002
001838 000002
001844 000001
001846 000001
001848 000001
001850 000001
001855 000001
001856 000003
001860 000001
001861 000001
001866 000001
001868 000001
001869 000002
001873 000001
001874 000001
001875 000002
001877 000001
001880 000001
001881 000001
001882 000001
001885 000001
001888 000001
001890 000001
001891 000001
001895 000001
001896 000001
001897 000001
001898 000002
001901 000001
001910 000001
001911 000001
001913 000001
001915 000001
001916 000002
001917 000001
001919 000001
001920 000001
001921 000002
001922 000001
001923 000001
001925 000001
001926 000001
001927 000001
001930 000002
001933 000001
001936 000001
001937 000001
001938 000001
001939 000002
001940 000001
001942 000001
001945 000001
001946 000001
001947 000001
001948 000001
001951 000001
001955 000001
001957 000001
001958 000001
001962 000001
001965 000002
001967 000001
001971 000002
001972 000001
001978 000001
001980 000001
001981 000001
001983 000001
001985 000001
001989 000001
001992 000001
001998 000001
002001 000001
002005 000001
002008 000002
002018 000001
002019 000002
002026 000001
002027 000001
002034 000002
002036 000001
002037 000001
002038 000001
002045 000001
002051 000001
002052 000001
002055 000001
002056 000001
002057 000001
002058 000001
002066 000001
002068 000001
002070 000001
002080 000001
002094 000001
002097 000002
002098 000001
002099 000001
002104 000002
002106 000001
002109 000001
002110 000001
002113 000001
002114 000002
002115 000001
002117 000001
002120 000001
002121 000001
002124 000001
002133 000001
002141 000001
002145 000002
002149 000001
002158 000001
002160 000001
002161 000001
002166 000001
002174 000001
002191 000001
002198 000001
002210 000001
002216 000001
002217 000001
002229 000001
002233 000001
002242 000001
002248 000002
002250 000001
002264 000001
002273 000001
002282 000001
002284 000002
002294 000001
002303 000001
002307 000002
002325 000001
002328 000001
002332 000001
002334 000001
002338 000002
002340 000001
002344 000001
002353 000001
002357 000001
002358 000002
002361 000001
002366 000001
002373 000001
002374 000001
002375 000001
002377 000001
002379 000001
002380 000001
002383 000001
002385 000001
002387 000001
002412 000001
002413 000001
002420 000001
002428 000001
002429 000001
002460 000001
002466 000001
002473 000001
002486 000002
002492 000001
002497 000001
002498 000001
002499 000001
002507 000002
002509 000001
002511 000002
002516 000001
002518 000001
002524 000001
002528 000001
002533 000001
002540 000001
002541 000003
002546 000001
002549 000001
002552 000001
002554 000001
002557 000001
002563 000001
002582 000001
002587 000002
002588 000001
002589 000001
002591 000001
002593 000001
002594 000001
002595 000001
002596 000004
002601 000001
002604 000001
002606 000002
002612 000001
002613 000002
002615 000001
002616 000003
002618 000001
002619 000002
002620 000001
002623 000001
002624 000002
002625 000002
002627 000002
002628 000001
002629 000003
002631 000006
002632 000001
002633 000001
002635 000002
002636 000003
002637 000004
002638 000003
002640 000004
002641 000005
002642 000004
002643 000007
002644 000001
002645 000004
002646 000002
002647 000007
002648 000007
002649 000003
002650 000008
002651 000001
002652 000009
002653 000005
002654 000005
002655 000004
002656 000003
002657 000001
002658 000006
002659 000003
002660 000007
002661 000003
002662 000009
002663 000012
002664 000003
002665 000008
002666 000003
002667 000005
002668 000005
002669 000005
002670 000009
002671 000003
002672 000005
002673 000001
002674 000008
002675 000002
002676 000003
002677 000003
002678 000005
002679 000003
002680 000002
002681 000004
002682 000004
002683 000002
002684 000003
002685 000002
002686 000001
002687 000002
002688 000005
002689 000003
002690 000006
002691 000004
002692 000002
002693 000003
002694 000002
002695 000003
002696 000002
002697 000003
002698 000003
002699 000001
002700 000002
002701 000002
002702 000001
002703 000001
002704 000001
002705 000002
002706 000003
002707 000004
002708 000003
002709 000005
002710 000001
002711 000002
002713 000004
002714 000002
002715 000003
002716 000004
002717 000003
002720 000001
002721 000001
002722 000002
002723 000003
002724 000003
002725 000002
002726 000001
002727 000002
002728 000004
002729 000003
002730 000003
002731 000003
002732 000009
002733 000003
002734 000013
002735 000008
002736 000008
002737 000007
002738 000004
002739 000002
002740 000010
002741 000008
002742 000009
002743 000012
002744 000006
002745 000007
002746 000007
002747 000007
002748 000006
002749 000006
002750 000007
002751 000008
002752 000013
002753 000005
002754 000012
002755 000007
002756 000010
002757 000006
002758 000009
002759 000004
002760 000006
002761 000004
002762 000010
002763 000003
002764 000005
002765 000002
002766 000004
002767 000008
002768 000002
002769 000004
002770 000006
002771 000009
002772 000004
002773 000005
002774 000002
002775 000006
002776 000004
002777 000009
002778 000002
002779 000008
002780 000002
002781 000003
002782 000004
002783 000007
002784 000005
002785 000005
002786 000002
002787 000003
002788 000007
002789 000004
002790 000002
002791 000003
002792 000003
002793 000002
002794 000004
002795 000006
002796 000004
002797 000006
002798 000004
002799 000004
002800 000001
002801 000002
002803 000006
002804 000003
002805 000002
002806 000004
002807 000001
002808 000002
002810 000002
002813 000004
002814 000006
002816 000003
002817 000002
002819 000001
002820 000002
002821 000001
002822 000003
002823 000001
002824 000005
002825 000001
002826 000003
002827 000003
002828 000001
002830 000001
002831 000001
002833 000001
002835 000002
002836 000001
002838 000002
002840 000002
002841 000001
002842 000001
002843 000001
002845 000001
002847 000001
002848 000001
002850 000002
002852 000001
002854 000001
002858 000001
002859 000001
002861 000002
002862 000001
002865 000001
002869 000001
002870 000001
002873 000001
002874 000001
002877 000001
002879 000001
002880 000001
002885 000002
002892 000001
002898 000001
002899 000001
002901 000001
002904 000002
002907 000001
002914 000002
002915 000001
002916 000001
002918 000001
002920 000001
002923 000001
002945 000002
002951 000001
002953 000002
002954 000001
002956 000001
002964 000002
002965 000001
002969 000001
002970 000001
002972 000001
002975 000001
002976 000002
002977 000002
002989 000001
002991 000001
002994 000001
002996 000001
002997 000001
003001 000001
003006 000001
003007 000001
003012 000001
003014 000003
003017 000001
003018 000001
003019 000001
003020 000001
003024 000001
003030 000002
003031 000001
003037 000001
003043 000002
003053 000001
003065 000001
003072 000002
003076 000001
003086 000001
003093 000001
003095 000001
003096 000001
003100 000001
003109 000001
003110 000001
003111 000001
003121 000001
003122 000001
003129 000001
003133 000001
003134 000002
003135 000001
003153 000001
003167 000001
003171 000002
003178 000001
003183 000001
003185 000001
003206 000001
003219 000001
003226 000001
003233 000001
003234 000001
003238 000001
003243 000001
003245 000001
003251 000001
003252 000001
003254 000001
003267 000001
003277 000001
003281 000001
003290 000001
003301 000001
003302 000001
003314 000001
003321 000001
003322 000001
003326 000001
003330 000001
003340 000001
003350 000001
003357 000001
003369 000001
003376 000001
003379 000001
003431 000001
003434 000001
003435 000001
003448 000001
003450 000001
003451 000002
003455 000002
003456 000001
003467 000002
003485 000001
003497 000001
003501 000001
003511 000001
003517 000001
003518 000002
003529 000001
003531 000001
003543 000001
003547 000001
003554 000001
003567 000001
003569 000001
003575 000001
003576 000001
003580 000001
003581 000002
003586 000001
003587 000002
003598 000001
003600 000001
003609 000001
003614 000001
003620 000001
003621 000001
003623 000001
003625 000002
003626 000001
003629 000001
003634 000003
003637 000001
003638 000001
003639 000001
003640 000001
003641 000001
003642 000002
003643 000001
003644 000001
003646 000001
003647 000002
003648 000002
003649 000003
003650 000003
003651 000001
003652 000001
003653 000001
003654 000002
003655 000002
003656 000005
003657 000002
003658 000003
003659 000002
003660 000002
003661 000002
003662 000004
003663 000001
003664 000001
003665 000002
003666 000002
003667 000003
003669 000001
003670 000002
003671 000003
003672 000001
003673 000001
003674 000002
003675 000001
003676 000001
003677 000001
003678 000001
003680 000001
003681 000003
003682 000001
003683 000001
003684 000003
003685 000004
003687 000001
003688 000002
003690 000002
003692 000002
003693 000002
003694 000002
003697 000001
003700 000001
003701 000001
003704 000001
003705 000002
003706 000001
003707 000001
003713 000001
003714 000002
003715 000001
003716 000001
003717 000001
003720 000001
003722 000001
003723 000004
003725 000001
003730 000001
003731 000003
003732 000001
003733 000003
003734 000001
003737 000001
003738 000002
003739 000003
003740 000002
003741 000003
003742 000001
003743 000002
003745 000002
003746 000002
003747 000001
003748 000007
003749 000005
003750 000005
003751 000002
003752 000005
003753 000001
003754 000002
003755 000002
003756 000001
003759 000002
003760 000001
003761 000002
003762 000003
003763 000002
003764 000001
003767 000003
003768 000004
003769 000001
003771 000001
003772 000001
003773 000001
003774 000003
003776 000002
003778 000002
003780 000003
003781 000001
003784 000001
003785 000001
003787 000002
003788 000003
003790 000001
003791 000002
003792 000001
003793 000002
003794 000001
003795 000002
003796 000001
003797 000001
003798 000001
003799 000001
003800 000001
003802 000001
003806 000001
003808 000001
003813 000002
003816 000001
003817 000003
003821 000001
003825 000001
003826 000002
003827 000001
003830 000001
003832 000001
003835 000001
003836 000001
003846 000001
003860 000001
003873 000001
003900 000001
003904 000001
003917 000001
003919 000001
003920 000001
003951 000001
003956 000001
003965 000001
003970 000001
003973 000001
003977 000001
003982 000001
003984 000001
004004 000001
004005 000001
004023 000001
004033 000002
004038 000001
004040 000001
004048 000001
004056 000001
004063 000001
004065 000001
004072 000001
004094 000001
004116 000001
004117 000001
004121 000001
004139 000001
004153 000001
004159 000001
004160 000001
004164 000001
004170 000001
004181 000001
004189 000001
004208 000001
004224 000001
004231 000001
004255 000001
004270 000001
004276 000001
004282 000001
004313 000002
004317 000001
004321 000001
004330 000001
004336 000001
004381 000001
004396 000001
004409 000001
004414 000001
004415 000001
004432 000001
004538 000001
004568 000001
004575 000001
004602 000001
004604 000001
004605 000001
004612 000001
004619 000001
004623 000001
004624 000001
004626 000001
004628 000001
004629 000001
004631 000002
004632 000003
004633 000001
004637 000001
004638 000002
004639 000004
004640 000001
004641 000005
004642 000003
004643 000001
004645 000003
004646 000002
004647 000003
004648 000002
004649 000004
004650 000003
004651 000005
004652 000005
004653 000004
004654 000006
004655 000006
004656 000005
004657 000001
004658 000005
004659 000007
004660 000005
004661 000004
004662 000005
004663 000002
004664 000003
004665 000009
004666 000001
004667 000001
004668 000001
004669 000005
004670 000004
004671 000007
004672 000002
004673 000002
004674 000002
004675 000001
004676 000004
004678 000001
004679 000002
004680 000003
004681 000003
004682 000005
004683 000002
004684 000005
004685 000006
004687 000005
004688 000004
004689 000003
004690 000002
004691 000001
004692 000002
004693 000003
004694 000005
004695 000002
004696 000003
004697 000003
004698 000003
004699 000005
004700 000004
004701 000003
004702 000003
004703 000001
004704 000001
004705 000006
004706 000002
004707 000002
004708 000001
004710 000001
004711 000005
004712 000004
004713 000002
004714 000002
004715 000001
004716 000004
004717 000002
004718 000004
004719 000001
004720 000005
004721 000002
004722 000002
004723 000003
004724 000007
004725 000006
004726 000006
004727 000002
004728 000006
004729 000004
004730 000006
004731 000003
004732 000009
004733 000008
004734 000004
004735 000013
004736 000008
004737 000007
004738 000009
004739 000006
004740 000007
004741 000011
004742 000008
004743 000015
004744 000011
004745 000015
004746 000016
004747 000008
004748 000006
004749 000008
004750 000009
004751 000010
004752 000008
004753 000013
004754 000006
004755 000010
004756 000005
004757 000013
004758 000011
004759 000008
004760 000009
004761 000006
004762 000008
004763 000004
004764 000007
004765 000003
004766 000005
004767 000004
004768 000005
004769 000007
004770 000006
004771 000005
004772 000006
004773 000002
004774 000005
004775 000002
004776 000007
004777 000002
004778 000004
004779 000007
004780 000003
004781 000004
004782 000003
004783 000008
004784 000004
004785 000008
004786 000003
004787 000003
004788 000009
004789 000004
004790 000007
004791 000004
004792 000002
004793 000005
004794 000004
004795 000004
004796 000003
004797 000001
004798 000004
004799 000005
004800 000004
004801 000008
004802 000003
004803 000005
004804 000002
004805 000002
004806 000011
004807 000002
004808 000006
004809 000004
004810 000004
004811 000003
004812 000005
004813 000004
004814 000004
004815 000002
004816 000001
004817 000004
004818 000001
004819 000002
004820 000005
004821 000002
004822 000001
004823 000002
004825 000003
004826 000003
004827 000002
004828 000001
004829 000002
004831 000003
004832 000001
004833 000001
004834 000001
004835 000001
004836 000001
004838 000002
004839 000001
004840 000001
004841 000002
004842 000001
004843 000001
004844 000001
004845 000001
004847 000001
004850 000001
004851 000002
004853 000002
004854 000001
004855 000001
004858 000001
004865 000001
004869 000001
004874 000001
004876 000001
004877 000001
004889 000001
004891 000001
004894 000001
004896 000001
004901 000001
004904 000001
004905 000001
004906 000001
004908 000001
004913 000002
004914 000001
004916 000001
004917 000001
004932 000001
004933 000002
004942 000001
004944 000001
004948 000001
004949 000001
004950 000001
004952 000002
004962 000001
004964 000001
004968 000001
004973 000001
004980 000001
004982 000002
004987 000002
004988 000001
004993 000002
004995 000001
004996 000001
005001 000001
005002 000001
005004 000002
005007 000001
005010 000001
005016 000001
005021 000001
005022 000001
005025 000001
005030 000001
005034 000001
005037 000001
005038 000001
005051 000001
005057 000001
005058 000002
005060 000001
005064 000002
005068 000001
005069 000001
005071 000001
005073 000001
005074 000001
005076 000001
005080 000002
005081 000001
005082 000001
005084 000001
005093 000001
005094 000001
005098 000001
005123 000001
005134 000001
005140 000001
005149 000001
005205 000001
005207 000001
005237 000001
005243 000001
005279 000001
005289 000001
005329 000001
005343 000001
005350 000001
005353 000001
005376 000001
005378 000001
005382 000001
005413 000001
005418 000001
005419 000001
005431 000001
005437 000001
005456 000001
005457 000001
005496 000001
005519 000001
005552 000001
005566 000001
005572 000001
005587 000001
005588 000001
005602 000001
005605 000001
005608 000001
005610 000001
005618 000001
005622 000004
005623 000001
005624 000002
005626 000002
005629 000001
005630 000001
005633 000001
005634 000002
005636 000001
005637 000001
005638 000001
005641 000002
005642 000001
005643 000004
005644 000001
005645 000002
005646 000003
005647 000002
005648 000001
005649 000001
005650 000002
005651 000002
005652 000001
005653 000002
005654 000004
005655 000005
005656 000005
005657 000002
005658 000002
005659 000004
005660 000003
005661 000002
005662 000004
005663 000001
005666 000003
005667 000003
005668 000001
005669 000001
005671 000001
005672 000001
005673 000002
005674 000001
005675 000001
005677 000001
005679 000003
005681 000002
005682 000002
005683 000001
005685 000003
005688 000004
005689 000001
005690 000003
005693 000001
005694 000001
005695 000002
005696 000001
005697 000001
005698 000002
005700 000002
005701 000001
005702 000002
005703 000001
005704 000001
005705 000002
005708 000002
005711 000002
005712 000001
005714 000001
005716 000001
005720 000001
005721 000002
005722 000001
005726 000002
005727 000001
005729 000001
005730 000001
005731 000001
005732 000002
005733 000003
005734 000004
005735 000001
005736 000003
005737 000003
005738 000003
005739 000005
005740 000005
005741 000001
005742 000003
005743 000004
005744 000002
005745 000001
005746 000005
005747 000003
005748 000001
005749 000004
005750 000001
005751 000001
005752 000001
005753 000002
005754 000001
005755 000002
005756 000001
005757 000001
005758 000002
005759 000001
005760 000003
005761 000002
005763 000002
005765 000001
005766 000001
005767 000004
005768 000002
005769 000002
005770 000001
005772 000001
005773 000002
005774 000001
005775 000001
005776 000001
005777 000002
005778 000001
005779 000006
005780 000003
005783 000003
005785 000004
005786 000004
005787 000001
005788 000002
005789 000004
005790 000001
005791 000001
005793 000002
005794 000001
005796 000003
005797 000002
005798 000001
005799 000002
005800 000001
005801 000001
005802 000002
005803 000001
005804 000001
005806 000001
005808 000001
005809 000002
005812 000001
005813 000003
005814 000001
005818 000001
005819 000001
005820 000001
005821 000001
005822 000002
005824 000001
005825 000002
005826 000001
005827 000001
005841 000001
005844 000002
005849 000001
005881 000001
005887 000001
005895 000001
005898 000001
005914 000001
005922 000001
005923 000001
005926 000001
005934 000001
005940 000001
005948 000001
005956 000001
005961 000001
005969 000001
005970 000001
005980 000001
005981 000001
005984 000001
005987 000001
005990 000001
005994 000001
006009 000001
006037 000001
006048 000001
006054 000002
006067 000002
006070 000001
006088 000001
006103 000001
006111 000001
006122 000001
006147 000001
006154 000001
006169 000001
006207 000001
006315 000001
006323 000001
006345 000001
006386 000001
006398 000001
006478 000001
006503 000001
006504 000001
006505 000001
006552 000001
006562 000001
006575 000001
006576 000001
006581 000001
006605 000001
006620 000001
006621 000001
006625 000001
006628 000001
006630 000002
006631 000001
006633 000001
006636 000001
006637 000001
006638 000002
006639 000001
006642 000001
006644 000002
006646 000001
006647 000004
006648 000002
006649 000002
006650 000002
006651 000003
006652 000004
006653 000002
006654 000004
006655 000002
006656 000003
006657 000004
006658 000004
006659 000004
006661 000001
006662 000003
006664 000003
006665 000001
006666 000002
006667 000002
006668 000002
006669 000003
006670 000004
006671 000005
006672 000003
006673 000005
006674 000003
006675 000001
006676 000003
006677 000002
006678 000005
006679 000002
006680 000005
006681 000002
006682 000001
006683 000002
006684 000002
006685 000003
006686 000003
006687 000004
006688 000001
006689 000003
006690 000004
006691 000002
006692 000006
006693 000003
006694 000003
006695 000005
006696 000001
006697 000002
006699 000002
006700 000002
006701 000005
006702 000003
006703 000004
006704 000003
006705 000004
006706 000003
006707 000002
006708 000005
006709 000001
006710 000004
006711 000001
006712 000001
006713 000002
006714 000001
006715 000003
006716 000001
006717 000003
006718 000002
006719 000004
006720 000006
006721 000001
006722 000002
006723 000002
006724 000003
006725 000001
006726 000002
006727 000005
006728 000001
006729 000006
006730 000004
006731 000005
006732 000003
006733 000006
006734 000006
006735 000006
006736 000006
006737 000004
006738 000006
006739 000011
006740 000007
006741 000014
006742 000010
006743 000012
006744 000009
006745 000009
006746 000007
006747 000010
006748 000011
006749 000013
006750 000010
006751 000010
006752 000010
006753 000005
006754 000008
006755 000011
006756 000012
006757 000015
006758 000010
006759 000009
006760 000011
006761 000010
006762 000010
006763 000016
006764 000009
006765 000016
006766 000010
006767 000010
006768 000012
006769 000004
006770 000005
006771 000008
006772 000008
006773 000012
006774 000012
006775 000012
006776 000006
006777 000005
006778 000003
006779 000008
006780 000008
006781 000004
006782 000007
006783 000011
006784 000006
006785 000008
006786 000009
006787 000010
006788 000010
006789 000008
006790 000010
006791 000007
006792 000005
006793 000010
006794 000005
006795 000004
006796 000003
006797 000007
006798 000007
006799 000004
006800 000008
006801 000008
006802 000002
006803 000008
006804 000005
006805 000001
006806 000007
006807 000005
006808 000003
006809 000007
006810 000005
006811 000006
006812 000006
006813 000007
006814 000005
006815 000003
006816 000002
006817 000005
006818 000005
006819 000002
006820 000001
006821 000006
006822 000004
006823 000005
006824 000002
006825 000005
006826 000004
006828 000003
006829 000003
006830 000002
006831 000002
006832 000001
006833 000003
006834 000001
006836 000001
006837 000002
006838 000002
006839 000002
006840 000002
006841 000001
006842 000001
006843 000001
006844 000001
006845 000001
006846 000001
006847 000002
006849 000003
006850 000001
006852 000001
006854 000001
006856 000001
006857 000004
006858 000001
006860 000001
006864 000001
006866 000001
006867 000002
006868 000001
006869 000001
006872 000001
006874 000001
006880 000001
006882 000003
006883 000001
006885 000001
006886 000001
006887 000002
006891 000001
006894 000001
006897 000001
006901 000001
006904 000001
006909 000001
006913 000001
006919 000001
006926 000001
006927 000002
006929 000001
006932 000001
006933 000001
006937 000001
006940 000001
006943 000001
006944 000001
006948 000001
006950 000001
006951 000001
006959 000001
006960 000001
006963 000001
006964 000001
006966 000001
006968 000001
006970 000001
006973 000001
006977 000001
006984 000001
006985 000001
006988 000002
006995 000001
006996 000001
006999 000002
007001 000001
007002 000001
007006 000001
007008 000001
007012 000001
007015 000001
007019 000001
007020 000001
007021 000001
007022 000001
007023 000001
007025 000001
007026 000001
007027 000001
007032 000001
007035 000002
007036 000001
007037 000001
007043 000001
007045 000001
007046 000001
007048 000001
007055 000001
007058 000001
007059 000001
007064 000001
007068 000001
007074 000001
007076 000001
007077 000001
007079 000001
007080 000001
007082 000001
007085 000001
007090 000001
007091 000001
007092 000001
007096 000001
007098 000002
007100 000001
007102 000001
007141 000002
007144 000001
007148 000001
007153 000001
007157 000001
007186 000001
007211 000001
007214 000001
007221 000001
007223 000001
007225 000001
007228 000001
007233 000001
007245 000001
007316 000001
007321 000001
007370 000001
007380 000001
007391 000001
007457 000001
007464 000001
007497 000001
007506 000001
007552 000001
007565 000001
007568 000001
007579 000001
007603 000001
007604 000001
007606 000001
007627 000001
007631 000001
007633 000001
007636 000001
007638 000001
007639 000001
007645 000001
007646 000001
007647 000001
007649 000001
007654 000001
007655 000001
007656 000001
007659 000001
007662 000001
007664 000001
007665 000004
007666 000001
007667 000002
007668 000002
007669 000001
007670 000003
007671 000001
007672 000001
007673 000001
007674 000001
007679 000001
007681 000002
007682 000004
007683 000002
007686 000001
007687 000002
007688 000001
007689 000001
007690 000001
007691 000001
007694 000001
007697 000001
007700 000001
007701 000002
007703 000003
007708 000001
007710 000001
007712 000001
007713 000001
007714 000001
007715 000001
007717 000002
007718 000002
007719 000002
007720 000001
007722 000001
007725 000001
007726 000001
007727 000002
007728 000003
007730 000004
007731 000001
007732 000001
007733 000002
007735 000003
007736 000001
007737 000001
007738 000002
007739 000002
007740 000003
007741 000004
007742 000001
007743 000001
007744 000002
007745 000004
007746 000004
007748 000005
007749 000004
007750 000002
007751 000004
007752 000001
007753 000002
007754 000003
007755 000001
007756 000005
007757 000004
007758 000002
007759 000002
007760 000003
007761 000001
007763 000002
007765 000003
007766 000001
007767 000003
007769 000002
007770 000002
007771 000004
007772 000002
007773 000003
007774 000001
007775 000001
007776 000007
007777 000002
007778 000004
007779 000003
007780 000003
007781 000003
007782 000002
007783 000004
007784 000005
007785 000003
007786 000003
007787 000004
007788 000004
007791 000004
007792 000002
007793 000003
007794 000001
007795 000003
007796 000001
007797 000003
007798 000002
007799 000004
007800 000002
007801 000002
007802 000001
007803 000001
007804 000001
007805 000004
007807 000001
007808 000002
007809 000003
007811 000001
007812 000001
007813 000001
007814 000001
007817 000001
007820 000002
007821 000002
007822 000001
007824 000001
007825 000001
007826 000001
007827 000001
007828 000001
007830 000001
007831 000001
007832 000001
007833 000001
007834 000001
007835 000003
007837 000001
007838 000001
007841 000001
007843 000002
007845 000001
007846 000001
007848 000001
007850 000001
007851 000001
007852 000001
007853 000001
007866 000001
007868 000001
007872 000002
007874 000001
007875 000001
007881 000001
007886 000001
007891 000001
007898 000001
007901 000001
007906 000001
007911 000001
007913 000001
007914 000001
007917 000001
007920 000001
007926 000001
007927 000001
007929 000001
007937 000001
007946 000001
007952 000001
007961 000001
007962 000002
007973 000001
007980 000001
007983 000001
007986 000001
007987 000001
007995 000001
007998 000001
008000 000001
008002 000001
008003 000001
008004 000001
008007 000001
008014 000001
008021 000002
008022 000001
008027 000001
008034 000001
008036 000001
008039 000001
008041 000001
008044 000001
008049 000001
008050 000001
008051 000001
008076 000001
008083 000001
008094 000001
008098 000001
008114 000001
008147 000001
008151 000001
008165 000001
008288 000001
008327 000001
008341 000001
008499 000001
008532 000001
008536 000002
008558 000001
008605 000001
008623 000001
008626 000001
008629 000001
008630 000001
008631 000001
008637 000002
008641 000002
008645 000002
008647 000002
008648 000001
008649 000002
008650 000002
008653 000001
008654 000004
008656 000001
008657 000001
008658 000004
008660 000002
008661 000005
008662 000002
008663 000003
008664 000004
008665 000001
008666 000001
008668 000002
008669 000003
008670 000005
008672 000002
008673 000002
008674 000001
008675 000004
008676 000002
008677 000002
008678 000004
008680 000002
008681 000003
008682 000002
008683 000002
008684 000002
008685 000001
008686 000003
008687 000002
008688 000003
008689 000003
008690 000003
008691 000004
008692 000004
008693 000003
008694 000004
008695 000001
008696 000007
008697 000002
008698 000004
008699 000003
008700 000002
008701 000006
008702 000001
008703 000002
008704 000003
008705 000002
008706 000004
008707 000005
008708 000002
008709 000004
008710 000004
008711 000003
008712 000004
008713 000003
008714 000001
008715 000004
008716 000004
008718 000001
008719 000002
008720 000003
008721 000003
008722 000003
008723 000002
008724 000005
008725 000003
008726 000003
008727 000005
008728 000001
008729 000006
008730 000002
008731 000003
008732 000006
008733 000006
008734 000003
008735 000004
008736 000005
008737 000007
008738 000007
008739 000007
008740 000013
008741 000006
008742 000010
008743 000014
008744 000013
008745 000019
008746 000010
008747 000016
008748 000018
008749 000020
008750 000013
008751 000007
008752 000015
008753 000017
008754 000022
008755 000021
008756 000016
008757 000016
008758 000011
008759 000012
008760 000013
008761 000018
008762 000015
008763 000012
008764 000010
008765 000008
008766 000010
008767 000011
008768 000004
008769 000010
008770 000010
008771 000008
008772 000009
008773 000004
008774 000010
008775 000009
008776 000007
008777 000006
008778 000010
008779 000005
008780 000012
008781 000008
008782 000006
008783 000008
008784 000005
008785 000011
008786 000006
008787 000006
008788 000005
008789 000007
008790 000010
008791 000009
008792 000008
008793 000006
008794 000005
008795 000005
008796 000008
008797 000012
008798 000004
008799 000006
008800 000007
008801 000005
008802 000011
008803 000011
008804 000005
008805 000005
008806 000010
008807 000003
008808 000007
008809 000008
008810 000001
008811 000007
008812 000005
008813 000006
008814 000004
008815 000005
008816 000004
008817 000004
008818 000006
008819 000004
008820 000007
008821 000009
008822 000002
008823 000004
008824 000002
008825 000005
008826 000004
008827 000002
008828 000002
008829 000006
008830 000003
008831 000004
008832 000004
008833 000005
008834 000002
008835 000001
008836 000003
008837 000002
008838 000003
008840 000001
008841 000001
008843 000001
008846 000002
008847 000002
008849 000001
008850 000001
008851 000003
008852 000002
008853 000003
008854 000001
008855 000002
008856 000002
008857 000001
008859 000001
008861 000001
008862 000002
008863 000003
008864 000001
008865 000001
008866 000001
008871 000001
008872 000002
008875 000001
008876 000002
008880 000002
008882 000002
008885 000001
008896 000001
008898 000001
008899 000001
008901 000001
008909 000001
008917 000001
008918 000002
008919 000002
008925 000001
008927 000001
008928 000001
008936 000001
008945 000002
008947 000001
008955 000001
008956 000001
008959 000001
008963 000001
008964 000001
008966 000001
008968 000001
008971 000001
008972 000001
008976 000001
008981 000001
008984 000002
008985 000001
008990 000001
008991 000001
008994 000001
008996 000001
009004 000001
009005 000001
009016 000001
009017 000001
009020 000001
009022 000001
009023 000002
009024 000001
009025 000001
009026 000001
009031 000001
009033 000001
009041 000001
009048 000002
009050 000002
009055 000001
009056 000001
009059 000001
009060 000001
009061 000001
009062 000001
009063 000001
009069 000001
009070 000001
009075 000003
009077 000001
009078 000002
009079 000001
009080 000002
009086 000001
009087 000001
009088 000001
009090 000001
009093 000001
009099 000001
009100 000001
009102 000001
009108 000001
009121 000001
009130 000001
009137 000001
009151 000001
009162 000001
009170 000001
009171 000001
009180 000001
009187 000001
009217 000001
009226 000001
009234 000001
009283 000001
009327 000001
009416 000001
009434 000001
009454 000001
009510 000001
009535 000001
009608 000001
009637 000001
009639 000001
009645 000001
009646 000001
009651 000001
009654 000001
009656 000001
009659 000001
009662 000001
009663 000001
009673 000001
009678 000001
009679 000001
009681 000001
009682 000001
009684 000001
009685 000002
009688 000002
009690 000002
009692 000004
009694 000001
009695 000001
009696 000002
009698 000001
009700 000001
009703 000001
009706 000004
009709 000001
009710 000001
009715 000002
009717 000002
009719 000003
009721 000001
009722 000001
009728 000001
009730 000002
009732 000001
009734 000001
009735 000001
009736 000001
009737 000003
009738 000001
009740 000003
009741 000003
009742 000001
009743 000002
009744 000004
009746 000003
009747 000002
009748 000002
009749 000001
009750 000003
009751 000002
009752 000003
009753 000001
009754 000003
009755 000003
009756 000007
009757 000004
009758 000003
009759 000001
009760 000002
009761 000004
009762 000003
009763 000002
009764 000002
009765 000003
009766 000004
009768 000002
009769 000003
009770 000005
009771 000003
009772 000005
009773 000006
009774 000003
009775 000003
009776 000003
009777 000004
009778 000001
009779 000002
009780 000001
009781 000002
009782 000001
009783 000003
009784 000003
009785 000002
009786 000004
009787 000006
009788 000003
009789 000006
009790 000003
009791 000004
009792 000002
009793 000006
009794 000004
009795 000001
009796 000007
009797 000001
009798 000005
009799 000006
009800 000004
009801 000004
009802 000007
009803 000004
009804 000001
009805 000001
009806 000001
009807 000003
009808 000002
009809 000002
009810 000001
009811 000001
009812 000004
009813 000001
009814 000001
009815 000001
009816 000004
009817 000004
009818 000001
009819 000001
009820 000002
009821 000003
009822 000002
009824 000002
009825 000002
009827 000004
009828 000002
009829 000002
009831 000002
009832 000001
009833 000001
009835 000002
009837 000001
009838 000001
009839 000002
009842 000001
009848 000001
009851 000001
009852 000001
009853 000003
009860 000001
009863 000003
009866 000001
009869 000001
009871 000001
009873 000001
009875 000001
009876 000001
009878 000001
009883 000001
009884 000001
009885 000001
009887 000001
009888 000001
009889 000001
009890 000002
009892 000001
009893 000001
009894 000001
009898 000001
009902 000001
009903 000001
009904 000001
009907 000001
009908 000001
009911 000001
009917 000002
009919 000001
009920 000001
009922 000001
009930 000001
009932 000001
009933 000001
009945 000001
009950 000001
009961 000001
009966 000001
009972 000001
009975 000001
009987 000001
009990 000001
009991 000001
010005 000001
010009 000001
010021 000001
010030 000001
010037 000001
010041 000001
010042 000001
010046 000001
010047 000001
010054 000001
010059 000001
010063 000001
010068 000001
010071 000002
010086 000001
010101 000001
010104 000001
010113 000001
010144 000001
010186 000001
010219 000001
010274 000001
010303 000001
010350 000001
010355 000001
010402 000001
010426 000001
010489 000001
010496 000001
010518 000001
010538 000001
010541 000001
010558 000001
010563 000001
010564 000001
010610 000001
010669 000001
010720 000001
010817 000001
010837 000001
011517 000001
# Min Latencies: 00139
# Avg Latencies: 00510
# Max Latencies: 303853
# Histogram Overflows: 00014
# Histogram Overflow at cycle number:
# Thread 0: 00025 01152 01646 04003 07644 07934 08222 08500 08790 09076 09359 09646 10969 13313

RT_CYCLICTEST_TIMING_END uptime_s=1920.52
RT_CYCLICTEST_COMPLETE
stress-ng: info:  [68] stopping 3 stressors
RT_STRESS_STOP
stress-ng: info:  [68] skipped: 0
stress-ng: info:  [68] passed: 3: cpu (2) vm (1)
stress-ng: info:  [68] failed: 0
stress-ng: info:  [68] metrics untrustworthy: 0
stress-ng: info:  [68] successful run completed in 31 mins 32.69 secs
RT_CPUSTAT sample=0 cpu=cpu0 user=5 nice=0 system=216 idle=2492 iowait=0 irq=19 softirq=1 steal=0
RT_CPUSTAT sample=0 cpu=cpu1 user=0 nice=0 system=2 idle=2845 iowait=0 irq=5 softirq=0 steal=0
RT_CPUSTAT sample=1 cpu=cpu0 user=350 nice=0 system=265 idle=2492 iowait=0 irq=71 softirq=2 steal=0
RT_CPUSTAT sample=1 cpu=cpu1 user=3 nice=0 system=8 idle=3215 iowait=0 irq=79 softirq=0 steal=0
RT_CPUSTAT sample=2 cpu=cpu0 user=775 nice=0 system=273 idle=2492 iowait=0 irq=93 softirq=2 steal=0
RT_CPUSTAT sample=2 cpu=cpu1 user=3 nice=0 system=13 idle=3601 iowait=0 irq=213 softirq=0 steal=0
RT_CPUSTAT sample=3 cpu=cpu0 user=1119 nice=0 system=303 idle=2492 iowait=0 irq=113 softirq=2 steal=0
RT_CPUSTAT sample=3 cpu=cpu1 user=4 nice=0 system=19 idle=3969 iowait=0 irq=309 softirq=0 steal=0
RT_CPUSTAT sample=4 cpu=cpu0 user=1541 nice=0 system=329 idle=2492 iowait=0 irq=137 softirq=3 steal=0
RT_CPUSTAT sample=4 cpu=cpu1 user=6 nice=0 system=26 idle=4348 iowait=0 irq=393 softirq=0 steal=0
RT_CPUSTAT sample=5 cpu=cpu0 user=2019 nice=0 system=330 idle=2492 iowait=0 irq=161 softirq=3 steal=0
RT_CPUSTAT sample=5 cpu=cpu1 user=8 nice=0 system=35 idle=4718 iowait=0 irq=484 softirq=0 steal=0
RT_CPUSTAT sample=6 cpu=cpu0 user=2498 nice=0 system=330 idle=2492 iowait=0 irq=186 softirq=3 steal=0
RT_CPUSTAT sample=6 cpu=cpu1 user=9 nice=0 system=43 idle=5090 iowait=0 irq=575 softirq=0 steal=0
RT_CPUSTAT sample=7 cpu=cpu0 user=2968 nice=0 system=338 idle=2492 iowait=0 irq=209 softirq=3 steal=0
RT_CPUSTAT sample=7 cpu=cpu1 user=11 nice=0 system=49 idle=5462 iowait=0 irq=664 softirq=0 steal=0
RT_CPUSTAT sample=8 cpu=cpu0 user=3436 nice=0 system=348 idle=2492 iowait=0 irq=234 softirq=4 steal=0
RT_CPUSTAT sample=8 cpu=cpu1 user=12 nice=0 system=56 idle=5834 iowait=0 irq=754 softirq=0 steal=0
RT_CPUSTAT sample=9 cpu=cpu0 user=3917 nice=0 system=349 idle=2492 iowait=0 irq=258 softirq=4 steal=0
RT_CPUSTAT sample=9 cpu=cpu1 user=15 nice=0 system=66 idle=6207 iowait=0 irq=844 softirq=1 steal=0
RT_CPUSTAT sample=10 cpu=cpu0 user=4376 nice=0 system=367 idle=2492 iowait=0 irq=283 softirq=4 steal=0
RT_CPUSTAT sample=10 cpu=cpu1 user=17 nice=0 system=72 idle=6577 iowait=0 irq=934 softirq=1 steal=0
RT_CPUSTAT sample=11 cpu=cpu0 user=4828 nice=0 system=395 idle=2492 iowait=0 irq=307 softirq=5 steal=0
RT_CPUSTAT sample=11 cpu=cpu1 user=18 nice=0 system=77 idle=6949 iowait=0 irq=1024 softirq=1 steal=0
RT_CPUSTAT sample=12 cpu=cpu0 user=5285 nice=0 system=418 idle=2492 iowait=0 irq=331 softirq=5 steal=0
RT_CPUSTAT sample=12 cpu=cpu1 user=21 nice=0 system=84 idle=7319 iowait=0 irq=1116 softirq=1 steal=0
RT_CPUSTAT sample=13 cpu=cpu0 user=5747 nice=0 system=434 idle=2492 iowait=0 irq=356 softirq=5 steal=0
RT_CPUSTAT sample=13 cpu=cpu1 user=23 nice=0 system=94 idle=7687 iowait=0 irq=1208 softirq=1 steal=0
RT_CPUSTAT sample=14 cpu=cpu0 user=6209 nice=0 system=452 idle=2492 iowait=0 irq=380 softirq=6 steal=0
RT_CPUSTAT sample=14 cpu=cpu1 user=24 nice=0 system=100 idle=8058 iowait=0 irq=1299 softirq=1 steal=0
RT_CPUSTAT sample=15 cpu=cpu0 user=6638 nice=0 system=503 idle=2492 iowait=0 irq=404 softirq=6 steal=0
RT_CPUSTAT sample=15 cpu=cpu1 user=26 nice=0 system=105 idle=8429 iowait=0 irq=1390 softirq=1 steal=0
RT_CPUSTAT sample=16 cpu=cpu0 user=7074 nice=0 system=546 idle=2492 iowait=0 irq=429 softirq=6 steal=0
RT_CPUSTAT sample=16 cpu=cpu1 user=28 nice=0 system=111 idle=8799 iowait=0 irq=1481 softirq=1 steal=0
RT_CPUSTAT sample=17 cpu=cpu0 user=7541 nice=0 system=556 idle=2492 iowait=0 irq=454 softirq=6 steal=0
RT_CPUSTAT sample=17 cpu=cpu1 user=30 nice=0 system=116 idle=9167 iowait=0 irq=1573 softirq=2 steal=0
RT_CPUSTAT sample=18 cpu=cpu0 user=7982 nice=0 system=594 idle=2492 iowait=0 irq=479 softirq=7 steal=0
RT_CPUSTAT sample=18 cpu=cpu1 user=31 nice=0 system=123 idle=9534 iowait=0 irq=1665 softirq=2 steal=0
RT_CPUSTAT sample=19 cpu=cpu0 user=8438 nice=0 system=617 idle=2492 iowait=0 irq=504 softirq=7 steal=0
RT_CPUSTAT sample=19 cpu=cpu1 user=33 nice=0 system=131 idle=9906 iowait=0 irq=1755 softirq=2 steal=0
RT_CPUSTAT sample=20 cpu=cpu0 user=8917 nice=0 system=619 idle=2492 iowait=0 irq=529 softirq=7 steal=0
RT_CPUSTAT sample=20 cpu=cpu1 user=35 nice=0 system=140 idle=10279 iowait=0 irq=1846 softirq=2 steal=0
RT_CPUSTAT sample=21 cpu=cpu0 user=9396 nice=0 system=619 idle=2492 iowait=0 irq=554 softirq=8 steal=0
RT_CPUSTAT sample=21 cpu=cpu1 user=37 nice=0 system=148 idle=10650 iowait=0 irq=1938 softirq=2 steal=0
RT_CPUSTAT sample=22 cpu=cpu0 user=9866 nice=0 system=630 idle=2492 iowait=0 irq=580 softirq=8 steal=0
RT_CPUSTAT sample=22 cpu=cpu1 user=39 nice=0 system=154 idle=11020 iowait=0 irq=2029 softirq=2 steal=0
RT_CPUSTAT sample=23 cpu=cpu0 user=10336 nice=0 system=638 idle=2492 iowait=0 irq=605 softirq=8 steal=0
RT_CPUSTAT sample=23 cpu=cpu1 user=41 nice=0 system=160 idle=11389 iowait=0 irq=2120 softirq=2 steal=0
RT_CPUSTAT sample=24 cpu=cpu0 user=10813 nice=0 system=639 idle=2492 iowait=0 irq=630 softirq=9 steal=0
RT_CPUSTAT sample=24 cpu=cpu1 user=42 nice=0 system=169 idle=11759 iowait=0 irq=2211 softirq=2 steal=0
RT_CPUSTAT sample=25 cpu=cpu0 user=11286 nice=0 system=646 idle=2492 iowait=0 irq=655 softirq=9 steal=0
RT_CPUSTAT sample=25 cpu=cpu1 user=44 nice=0 system=176 idle=12128 iowait=0 irq=2303 softirq=3 steal=0
RT_CPUSTAT sample=26 cpu=cpu0 user=11711 nice=0 system=698 idle=2492 iowait=0 irq=680 softirq=9 steal=0
RT_CPUSTAT sample=26 cpu=cpu1 user=45 nice=0 system=182 idle=12494 iowait=0 irq=2396 softirq=3 steal=0
RT_CPUSTAT sample=27 cpu=cpu0 user=12167 nice=0 system=722 idle=2492 iowait=0 irq=706 softirq=10 steal=0
RT_CPUSTAT sample=27 cpu=cpu1 user=47 nice=0 system=191 idle=12862 iowait=0 irq=2489 softirq=3 steal=0
RT_CPUSTAT sample=28 cpu=cpu0 user=12624 nice=0 system=743 idle=2492 iowait=0 irq=731 softirq=10 steal=0
RT_CPUSTAT sample=28 cpu=cpu1 user=48 nice=0 system=198 idle=13231 iowait=0 irq=2580 softirq=3 steal=0
RT_CPUSTAT sample=29 cpu=cpu0 user=13085 nice=0 system=763 idle=2492 iowait=0 irq=755 softirq=10 steal=0
RT_CPUSTAT sample=29 cpu=cpu1 user=50 nice=0 system=202 idle=13604 iowait=0 irq=2671 softirq=3 steal=0
RT_CPUSTAT sample=30 cpu=cpu0 user=13527 nice=0 system=799 idle=2492 iowait=0 irq=780 softirq=11 steal=0
RT_CPUSTAT sample=30 cpu=cpu1 user=52 nice=0 system=210 idle=13973 iowait=0 irq=2763 softirq=3 steal=0
RT_CPUSTAT sample=31 cpu=cpu0 user=13956 nice=0 system=851 idle=2492 iowait=0 irq=805 softirq=11 steal=0
RT_CPUSTAT sample=31 cpu=cpu1 user=53 nice=0 system=218 idle=14344 iowait=0 irq=2855 softirq=3 steal=0
RT_CPUSTAT sample=32 cpu=cpu0 user=14415 nice=0 system=871 idle=2492 iowait=0 irq=830 softirq=11 steal=0
RT_CPUSTAT sample=32 cpu=cpu1 user=54 nice=0 system=227 idle=14714 iowait=0 irq=2946 softirq=3 steal=0
RT_CPUSTAT sample=33 cpu=cpu0 user=14863 nice=0 system=900 idle=2492 iowait=0 irq=855 softirq=12 steal=0
RT_CPUSTAT sample=33 cpu=cpu1 user=56 nice=0 system=235 idle=15083 iowait=0 irq=3037 softirq=4 steal=0
RT_CPUSTAT sample=34 cpu=cpu0 user=15313 nice=0 system=928 idle=2492 iowait=0 irq=880 softirq=12 steal=0
RT_CPUSTAT sample=34 cpu=cpu1 user=57 nice=0 system=240 idle=15452 iowait=0 irq=3128 softirq=4 steal=0
RT_CPUSTAT sample=35 cpu=cpu0 user=15767 nice=0 system=954 idle=2492 iowait=0 irq=905 softirq=12 steal=0
RT_CPUSTAT sample=35 cpu=cpu1 user=60 nice=0 system=248 idle=15822 iowait=0 irq=3220 softirq=4 steal=0
RT_CPUSTAT sample=36 cpu=cpu0 user=16245 nice=0 system=955 idle=2492 iowait=0 irq=930 softirq=13 steal=0
RT_CPUSTAT sample=36 cpu=cpu1 user=61 nice=0 system=253 idle=16192 iowait=0 irq=3311 softirq=4 steal=0
RT_CPUSTAT sample=37 cpu=cpu0 user=16718 nice=0 system=960 idle=2492 iowait=0 irq=955 softirq=13 steal=0
RT_CPUSTAT sample=37 cpu=cpu1 user=63 nice=0 system=261 idle=16559 iowait=0 irq=3403 softirq=4 steal=0
RT_CPUSTAT sample=38 cpu=cpu0 user=17186 nice=0 system=970 idle=2492 iowait=0 irq=981 softirq=13 steal=0
RT_CPUSTAT sample=38 cpu=cpu1 user=64 nice=0 system=266 idle=16929 iowait=0 irq=3495 softirq=4 steal=0
RT_CPUSTAT sample=39 cpu=cpu0 user=17642 nice=0 system=994 idle=2492 iowait=0 irq=1006 softirq=14 steal=0
RT_CPUSTAT sample=39 cpu=cpu1 user=66 nice=0 system=274 idle=17297 iowait=0 irq=3589 softirq=4 steal=0
RT_CPUSTAT sample=40 cpu=cpu0 user=18120 nice=0 system=996 idle=2492 iowait=0 irq=1031 softirq=14 steal=0
RT_CPUSTAT sample=40 cpu=cpu1 user=69 nice=0 system=284 idle=17665 iowait=0 irq=3681 softirq=4 steal=0
RT_CPUSTAT sample=41 cpu=cpu0 user=18582 nice=0 system=1013 idle=2492 iowait=0 irq=1056 softirq=14 steal=0
RT_CPUSTAT sample=41 cpu=cpu1 user=71 nice=0 system=290 idle=18035 iowait=0 irq=3773 softirq=5 steal=0
RT_CPUSTAT sample=42 cpu=cpu0 user=19032 nice=0 system=1040 idle=2492 iowait=0 irq=1081 softirq=15 steal=0
RT_CPUSTAT sample=42 cpu=cpu1 user=73 nice=0 system=300 idle=18401 iowait=0 irq=3866 softirq=5 steal=0
RT_CPUSTAT sample=43 cpu=cpu0 user=19486 nice=0 system=1065 idle=2492 iowait=0 irq=1106 softirq=15 steal=0
RT_CPUSTAT sample=43 cpu=cpu1 user=77 nice=0 system=303 idle=18768 iowait=0 irq=3959 softirq=5 steal=0
RT_CPUSTAT sample=44 cpu=cpu0 user=19942 nice=0 system=1086 idle=2492 iowait=0 irq=1131 softirq=15 steal=0
RT_CPUSTAT sample=44 cpu=cpu1 user=79 nice=0 system=308 idle=19137 iowait=0 irq=4049 softirq=5 steal=0
RT_CPUSTAT sample=45 cpu=cpu0 user=20395 nice=0 system=1113 idle=2492 iowait=0 irq=1157 softirq=16 steal=0
RT_CPUSTAT sample=45 cpu=cpu1 user=81 nice=0 system=315 idle=19507 iowait=0 irq=4142 softirq=5 steal=0
RT_CPUSTAT sample=46 cpu=cpu0 user=20836 nice=0 system=1149 idle=2492 iowait=0 irq=1182 softirq=16 steal=0
RT_CPUSTAT sample=46 cpu=cpu1 user=82 nice=0 system=320 idle=19874 iowait=0 irq=4234 softirq=5 steal=0
RT_CPUSTAT sample=47 cpu=cpu0 user=21269 nice=0 system=1194 idle=2492 iowait=0 irq=1208 softirq=16 steal=0
RT_CPUSTAT sample=47 cpu=cpu1 user=83 nice=0 system=326 idle=20244 iowait=0 irq=4325 softirq=5 steal=0
RT_CPUSTAT sample=48 cpu=cpu0 user=21735 nice=0 system=1208 idle=2492 iowait=0 irq=1233 softirq=17 steal=0
RT_CPUSTAT sample=48 cpu=cpu1 user=86 nice=0 system=333 idle=20617 iowait=0 irq=4416 softirq=5 steal=0
RT_CPUSTAT sample=49 cpu=cpu0 user=22172 nice=0 system=1249 idle=2492 iowait=0 irq=1258 softirq=17 steal=0
RT_CPUSTAT sample=49 cpu=cpu1 user=87 nice=0 system=337 idle=20986 iowait=0 irq=4506 softirq=6 steal=0
RT_CPUSTAT sample=50 cpu=cpu0 user=22632 nice=0 system=1269 idle=2492 iowait=0 irq=1284 softirq=17 steal=0
RT_CPUSTAT sample=50 cpu=cpu1 user=88 nice=0 system=344 idle=21354 iowait=0 irq=4600 softirq=6 steal=0
RT_CPUSTAT sample=51 cpu=cpu0 user=23099 nice=0 system=1278 idle=2492 iowait=0 irq=1309 softirq=18 steal=0
RT_CPUSTAT sample=51 cpu=cpu1 user=90 nice=0 system=353 idle=21723 iowait=0 irq=4691 softirq=6 steal=0
RT_CPUSTAT sample=52 cpu=cpu0 user=23578 nice=0 system=1279 idle=2492 iowait=0 irq=1333 softirq=18 steal=0
RT_CPUSTAT sample=52 cpu=cpu1 user=92 nice=0 system=361 idle=22095 iowait=0 irq=4781 softirq=6 steal=0
RT_CPUSTAT sample=53 cpu=cpu0 user=24049 nice=0 system=1288 idle=2492 iowait=0 irq=1358 softirq=18 steal=0
RT_CPUSTAT sample=53 cpu=cpu1 user=94 nice=0 system=369 idle=22466 iowait=0 irq=4873 softirq=6 steal=0
RT_CPUSTAT sample=54 cpu=cpu0 user=24522 nice=0 system=1292 idle=2492 iowait=0 irq=1384 softirq=18 steal=0
RT_CPUSTAT sample=54 cpu=cpu1 user=95 nice=0 system=376 idle=22831 iowait=0 irq=4966 softirq=6 steal=0
RT_CPUSTAT sample=55 cpu=cpu0 user=24999 nice=0 system=1295 idle=2492 iowait=0 irq=1409 softirq=19 steal=0
RT_CPUSTAT sample=55 cpu=cpu1 user=96 nice=0 system=383 idle=23200 iowait=0 irq=5058 softirq=6 steal=0
RT_CPUSTAT sample=56 cpu=cpu0 user=25478 nice=0 system=1296 idle=2492 iowait=0 irq=1434 softirq=19 steal=0
RT_CPUSTAT sample=56 cpu=cpu1 user=98 nice=0 system=388 idle=23573 iowait=0 irq=5149 softirq=6 steal=0
RT_CPUSTAT sample=57 cpu=cpu0 user=25913 nice=0 system=1339 idle=2492 iowait=0 irq=1459 softirq=19 steal=0
RT_CPUSTAT sample=57 cpu=cpu1 user=99 nice=0 system=395 idle=23945 iowait=0 irq=5239 softirq=7 steal=0
RT_CPUSTAT sample=58 cpu=cpu0 user=26378 nice=0 system=1353 idle=2492 iowait=0 irq=1484 softirq=20 steal=0
RT_CPUSTAT sample=58 cpu=cpu1 user=102 nice=0 system=401 idle=24314 iowait=0 irq=5330 softirq=7 steal=0
RT_CPUSTAT sample=59 cpu=cpu0 user=26823 nice=0 system=1386 idle=2492 iowait=0 irq=1509 softirq=20 steal=0
RT_CPUSTAT sample=59 cpu=cpu1 user=102 nice=0 system=408 idle=24684 iowait=0 irq=5421 softirq=7 steal=0
RT_CPUSTAT sample=60 cpu=cpu0 user=27291 nice=0 system=1397 idle=2492 iowait=0 irq=1534 softirq=20 steal=0
RT_CPUSTAT sample=60 cpu=cpu1 user=105 nice=0 system=413 idle=25056 iowait=0 irq=5512 softirq=7 steal=0
RT_CPUSTAT sample=61 cpu=cpu0 user=27749 nice=0 system=1417 idle=2492 iowait=0 irq=1560 softirq=21 steal=0
RT_CPUSTAT sample=61 cpu=cpu1 user=107 nice=0 system=417 idle=25424 iowait=0 irq=5604 softirq=7 steal=0
RT_CPUSTAT sample=62 cpu=cpu0 user=28166 nice=0 system=1480 idle=2492 iowait=0 irq=1585 softirq=21 steal=0
RT_CPUSTAT sample=62 cpu=cpu1 user=109 nice=0 system=426 idle=25796 iowait=0 irq=5695 softirq=7 steal=0
RT_CPUSTAT sample=63 cpu=cpu0 user=28621 nice=0 system=1503 idle=2492 iowait=0 irq=1611 softirq=21 steal=0
RT_CPUSTAT sample=63 cpu=cpu1 user=111 nice=0 system=432 idle=26165 iowait=0 irq=5787 softirq=7 steal=0
RT_CPUSTAT sample=64 cpu=cpu0 user=29064 nice=0 system=1536 idle=2492 iowait=0 irq=1637 softirq=22 steal=0
RT_CPUSTAT sample=64 cpu=cpu1 user=112 nice=0 system=440 idle=26532 iowait=0 irq=5879 softirq=7 steal=0
RT_CPUSTAT sample=65 cpu=cpu0 user=29515 nice=0 system=1565 idle=2492 iowait=0 irq=1662 softirq=22 steal=0
RT_CPUSTAT sample=65 cpu=cpu1 user=115 nice=0 system=449 idle=26903 iowait=0 irq=5970 softirq=8 steal=0
RT_CPUSTAT sample=66 cpu=cpu0 user=29965 nice=0 system=1594 idle=2492 iowait=0 irq=1687 softirq=22 steal=0
RT_CPUSTAT sample=66 cpu=cpu1 user=118 nice=0 system=454 idle=27271 iowait=0 irq=6063 softirq=8 steal=0
RT_CPUSTAT sample=67 cpu=cpu0 user=30442 nice=0 system=1594 idle=2492 iowait=0 irq=1712 softirq=23 steal=0
RT_CPUSTAT sample=67 cpu=cpu1 user=119 nice=0 system=462 idle=27642 iowait=0 irq=6154 softirq=8 steal=0
RT_CPUSTAT sample=68 cpu=cpu0 user=30920 nice=0 system=1595 idle=2492 iowait=0 irq=1737 softirq=23 steal=0
RT_CPUSTAT sample=68 cpu=cpu1 user=122 nice=0 system=471 idle=28011 iowait=0 irq=6245 softirq=8 steal=0
RT_CPUSTAT sample=69 cpu=cpu0 user=31387 nice=0 system=1608 idle=2492 iowait=0 irq=1763 softirq=23 steal=0
RT_CPUSTAT sample=69 cpu=cpu1 user=125 nice=0 system=477 idle=28378 iowait=0 irq=6338 softirq=8 steal=0
RT_CPUSTAT sample=70 cpu=cpu0 user=31856 nice=0 system=1617 idle=2492 iowait=0 irq=1788 softirq=24 steal=0
RT_CPUSTAT sample=70 cpu=cpu1 user=128 nice=0 system=484 idle=28748 iowait=0 irq=6429 softirq=8 steal=0
RT_CPUSTAT sample=71 cpu=cpu0 user=32335 nice=0 system=1617 idle=2492 iowait=0 irq=1813 softirq=24 steal=0
RT_CPUSTAT sample=71 cpu=cpu1 user=130 nice=0 system=493 idle=29120 iowait=0 irq=6520 softirq=8 steal=0
RT_CPUSTAT sample=72 cpu=cpu0 user=32788 nice=0 system=1643 idle=2492 iowait=0 irq=1838 softirq=24 steal=0
RT_CPUSTAT sample=72 cpu=cpu1 user=132 nice=0 system=501 idle=29490 iowait=0 irq=6612 softirq=9 steal=0
RT_CPUSTAT sample=73 cpu=cpu0 user=33242 nice=0 system=1668 idle=2492 iowait=0 irq=1863 softirq=25 steal=0
RT_CPUSTAT sample=73 cpu=cpu1 user=134 nice=0 system=510 idle=29859 iowait=0 irq=6704 softirq=9 steal=0
RT_CPUSTAT sample=74 cpu=cpu0 user=33688 nice=0 system=1700 idle=2492 iowait=0 irq=1888 softirq=25 steal=0
RT_CPUSTAT sample=74 cpu=cpu1 user=136 nice=0 system=518 idle=30226 iowait=0 irq=6797 softirq=9 steal=0
RT_CPUSTAT sample=75 cpu=cpu0 user=34155 nice=0 system=1713 idle=2492 iowait=0 irq=1913 softirq=25 steal=0
RT_CPUSTAT sample=75 cpu=cpu1 user=139 nice=0 system=527 idle=30597 iowait=0 irq=6888 softirq=9 steal=0
RT_CPUSTAT sample=76 cpu=cpu0 user=34612 nice=0 system=1733 idle=2492 iowait=0 irq=1938 softirq=26 steal=0
RT_CPUSTAT sample=76 cpu=cpu1 user=141 nice=0 system=536 idle=30967 iowait=0 irq=6978 softirq=9 steal=0
RT_CPUSTAT sample=77 cpu=cpu0 user=35056 nice=0 system=1768 idle=2492 iowait=0 irq=1964 softirq=26 steal=0
RT_CPUSTAT sample=77 cpu=cpu1 user=142 nice=0 system=540 idle=31334 iowait=0 irq=7070 softirq=9 steal=0
RT_CPUSTAT sample=78 cpu=cpu0 user=35501 nice=0 system=1801 idle=2492 iowait=0 irq=1990 softirq=26 steal=0
RT_CPUSTAT sample=78 cpu=cpu1 user=145 nice=0 system=545 idle=31701 iowait=0 irq=7164 softirq=9 steal=0
RT_CPUSTAT sample=79 cpu=cpu0 user=35956 nice=0 system=1825 idle=2492 iowait=0 irq=2015 softirq=27 steal=0
RT_CPUSTAT sample=79 cpu=cpu1 user=148 nice=0 system=551 idle=32069 iowait=0 irq=7256 softirq=9 steal=0
RT_CPUSTAT sample=80 cpu=cpu0 user=36400 nice=0 system=1858 idle=2492 iowait=0 irq=2041 softirq=27 steal=0
RT_CPUSTAT sample=80 cpu=cpu1 user=151 nice=0 system=560 idle=32437 iowait=0 irq=7348 softirq=10 steal=0
RT_CPUSTAT sample=81 cpu=cpu0 user=36862 nice=0 system=1874 idle=2492 iowait=0 irq=2066 softirq=27 steal=0
RT_CPUSTAT sample=81 cpu=cpu1 user=154 nice=0 system=566 idle=32806 iowait=0 irq=7440 softirq=10 steal=0
RT_CPUSTAT sample=82 cpu=cpu0 user=37341 nice=0 system=1875 idle=2492 iowait=0 irq=2092 softirq=27 steal=0
RT_CPUSTAT sample=82 cpu=cpu1 user=155 nice=0 system=571 idle=33175 iowait=0 irq=7532 softirq=10 steal=0
RT_CPUSTAT sample=83 cpu=cpu0 user=37818 nice=0 system=1875 idle=2492 iowait=0 irq=2117 softirq=28 steal=0
RT_CPUSTAT sample=83 cpu=cpu1 user=156 nice=0 system=578 idle=33544 iowait=0 irq=7623 softirq=10 steal=0
RT_CPUSTAT sample=84 cpu=cpu0 user=38293 nice=0 system=1880 idle=2492 iowait=0 irq=2142 softirq=28 steal=0
RT_CPUSTAT sample=84 cpu=cpu1 user=158 nice=0 system=587 idle=33915 iowait=0 irq=7715 softirq=10 steal=0
RT_CPUSTAT sample=85 cpu=cpu0 user=38753 nice=0 system=1899 idle=2492 iowait=0 irq=2168 softirq=28 steal=0
RT_CPUSTAT sample=85 cpu=cpu1 user=160 nice=0 system=594 idle=34287 iowait=0 irq=7805 softirq=10 steal=0
RT_CPUSTAT sample=86 cpu=cpu0 user=39231 nice=0 system=1899 idle=2492 iowait=0 irq=2193 softirq=29 steal=0
RT_CPUSTAT sample=86 cpu=cpu1 user=162 nice=0 system=604 idle=34656 iowait=0 irq=7897 softirq=10 steal=0
RT_CPUSTAT sample=87 cpu=cpu0 user=39693 nice=0 system=1915 idle=2492 iowait=0 irq=2219 softirq=29 steal=0
RT_CPUSTAT sample=87 cpu=cpu1 user=164 nice=0 system=612 idle=35024 iowait=0 irq=7989 softirq=10 steal=0
RT_CPUSTAT sample=88 cpu=cpu0 user=40114 nice=0 system=1973 idle=2492 iowait=0 irq=2244 softirq=29 steal=0
RT_CPUSTAT sample=88 cpu=cpu1 user=167 nice=0 system=618 idle=35391 iowait=0 irq=8083 softirq=11 steal=0
RT_CPUSTAT sample=89 cpu=cpu0 user=40577 nice=0 system=1987 idle=2492 iowait=0 irq=2269 softirq=30 steal=0
RT_CPUSTAT sample=89 cpu=cpu1 user=168 nice=0 system=625 idle=35758 iowait=0 irq=8175 softirq=11 steal=0
RT_CPUSTAT sample=90 cpu=cpu0 user=41030 nice=0 system=2013 idle=2492 iowait=0 irq=2295 softirq=30 steal=0
RT_CPUSTAT sample=90 cpu=cpu1 user=170 nice=0 system=633 idle=36126 iowait=0 irq=8268 softirq=11 steal=0
RT_CPUSTAT sample=91 cpu=cpu0 user=41495 nice=0 system=2025 idle=2492 iowait=0 irq=2320 softirq=30 steal=0
RT_CPUSTAT sample=91 cpu=cpu1 user=173 nice=0 system=636 idle=36496 iowait=0 irq=8358 softirq=11 steal=0
RT_CPUSTAT sample=92 cpu=cpu0 user=41944 nice=0 system=2057 idle=2492 iowait=0 irq=2345 softirq=31 steal=0
RT_CPUSTAT sample=92 cpu=cpu1 user=175 nice=0 system=641 idle=36869 iowait=0 irq=8449 softirq=11 steal=0
RT_CPUSTAT sample=93 cpu=cpu0 user=42377 nice=0 system=2102 idle=2492 iowait=0 irq=2371 softirq=31 steal=0
RT_CPUSTAT sample=93 cpu=cpu1 user=177 nice=0 system=648 idle=37237 iowait=0 irq=8541 softirq=11 steal=0
RT_CPUSTAT sample=94 cpu=cpu0 user=42846 nice=0 system=2110 idle=2492 iowait=0 irq=2396 softirq=31 steal=0
RT_CPUSTAT sample=94 cpu=cpu1 user=179 nice=0 system=655 idle=37606 iowait=0 irq=8632 softirq=11 steal=0
RT_CPUSTAT sample=95 cpu=cpu0 user=43286 nice=0 system=2149 idle=2492 iowait=0 irq=2421 softirq=32 steal=0
RT_CPUSTAT sample=95 cpu=cpu1 user=181 nice=0 system=663 idle=37976 iowait=0 irq=8723 softirq=11 steal=0
RT_CPUSTAT sample=96 cpu=cpu0 user=43740 nice=0 system=2175 idle=2492 iowait=0 irq=2446 softirq=32 steal=0
RT_CPUSTAT sample=96 cpu=cpu1 user=184 nice=0 system=667 idle=38347 iowait=0 irq=8814 softirq=12 steal=0
RT_CPUSTAT sample=97 cpu=cpu0 user=44206 nice=0 system=2188 idle=2492 iowait=0 irq=2471 softirq=32 steal=0
RT_CPUSTAT sample=97 cpu=cpu1 user=186 nice=0 system=674 idle=38715 iowait=0 irq=8907 softirq=12 steal=0
RT_CPUSTAT sample=98 cpu=cpu0 user=44684 nice=0 system=2188 idle=2492 iowait=0 irq=2497 softirq=33 steal=0
RT_CPUSTAT sample=98 cpu=cpu1 user=188 nice=0 system=681 idle=39084 iowait=0 irq=8999 softirq=12 steal=0
RT_CPUSTAT sample=99 cpu=cpu0 user=45155 nice=0 system=2195 idle=2492 iowait=0 irq=2522 softirq=33 steal=0
RT_CPUSTAT sample=99 cpu=cpu1 user=191 nice=0 system=687 idle=39452 iowait=0 irq=9090 softirq=12 steal=0
RT_CPUSTAT sample=100 cpu=cpu0 user=45624 nice=0 system=2204 idle=2492 iowait=0 irq=2547 softirq=33 steal=0
RT_CPUSTAT sample=100 cpu=cpu1 user=193 nice=0 system=690 idle=39823 iowait=0 irq=9182 softirq=12 steal=0
RT_CPUSTAT sample=101 cpu=cpu0 user=46101 nice=0 system=2207 idle=2492 iowait=0 irq=2572 softirq=34 steal=0
RT_CPUSTAT sample=101 cpu=cpu1 user=195 nice=0 system=699 idle=40194 iowait=0 irq=9273 softirq=12 steal=0
RT_CPUSTAT sample=102 cpu=cpu0 user=46578 nice=0 system=2208 idle=2492 iowait=0 irq=2597 softirq=34 steal=0
RT_CPUSTAT sample=102 cpu=cpu1 user=198 nice=0 system=706 idle=40564 iowait=0 irq=9363 softirq=12 steal=0
RT_CPUSTAT sample=103 cpu=cpu0 user=47020 nice=0 system=2245 idle=2492 iowait=0 irq=2623 softirq=34 steal=0
RT_CPUSTAT sample=103 cpu=cpu1 user=200 nice=0 system=713 idle=40934 iowait=0 irq=9455 softirq=12 steal=0
RT_CPUSTAT sample=104 cpu=cpu0 user=47478 nice=0 system=2266 idle=2492 iowait=0 irq=2649 softirq=35 steal=0
RT_CPUSTAT sample=104 cpu=cpu1 user=202 nice=0 system=719 idle=41304 iowait=0 irq=9547 softirq=12 steal=0
RT_CPUSTAT sample=105 cpu=cpu0 user=47932 nice=0 system=2290 idle=2492 iowait=0 irq=2674 softirq=35 steal=0
RT_CPUSTAT sample=105 cpu=cpu1 user=206 nice=0 system=724 idle=41669 iowait=0 irq=9640 softirq=13 steal=0
RT_CPUSTAT sample=106 cpu=cpu0 user=48406 nice=0 system=2297 idle=2492 iowait=0 irq=2699 softirq=35 steal=0
RT_CPUSTAT sample=106 cpu=cpu1 user=208 nice=0 system=732 idle=42040 iowait=0 irq=9731 softirq=13 steal=0
RT_CPUSTAT sample=107 cpu=cpu0 user=48855 nice=0 system=2325 idle=2492 iowait=0 irq=2725 softirq=35 steal=0
RT_CPUSTAT sample=107 cpu=cpu1 user=210 nice=0 system=738 idle=42408 iowait=0 irq=9823 softirq=13 steal=0
RT_CPUSTAT sample=108 cpu=cpu0 user=49289 nice=0 system=2369 idle=2492 iowait=0 irq=2750 softirq=36 steal=0
RT_CPUSTAT sample=108 cpu=cpu1 user=213 nice=0 system=746 idle=42776 iowait=0 irq=9916 softirq=13 steal=0
RT_CPUSTAT sample=109 cpu=cpu0 user=49736 nice=0 system=2401 idle=2492 iowait=0 irq=2775 softirq=36 steal=0
RT_CPUSTAT sample=109 cpu=cpu1 user=216 nice=0 system=753 idle=43145 iowait=0 irq=10008 softirq=13 steal=0
RT_CPUSTAT sample=110 cpu=cpu0 user=50192 nice=0 system=2423 idle=2492 iowait=0 irq=2801 softirq=36 steal=0
RT_CPUSTAT sample=110 cpu=cpu1 user=218 nice=0 system=760 idle=43512 iowait=0 irq=10100 softirq=13 steal=0
RT_CPUSTAT sample=111 cpu=cpu0 user=50635 nice=0 system=2460 idle=2492 iowait=0 irq=2826 softirq=37 steal=0
RT_CPUSTAT sample=111 cpu=cpu1 user=220 nice=0 system=766 idle=43884 iowait=0 irq=10191 softirq=13 steal=0
RT_CPUSTAT sample=112 cpu=cpu0 user=51092 nice=0 system=2481 idle=2492 iowait=0 irq=2851 softirq=37 steal=0
RT_CPUSTAT sample=112 cpu=cpu1 user=221 nice=0 system=772 idle=44253 iowait=0 irq=10283 softirq=13 steal=0
RT_CPUSTAT sample=113 cpu=cpu0 user=51570 nice=0 system=2481 idle=2492 iowait=0 irq=2876 softirq=37 steal=0
RT_CPUSTAT sample=113 cpu=cpu1 user=222 nice=0 system=780 idle=44623 iowait=0 irq=10374 softirq=13 steal=0
RT_CPUSTAT sample=114 cpu=cpu0 user=52048 nice=0 system=2483 idle=2492 iowait=0 irq=2901 softirq=38 steal=0
RT_CPUSTAT sample=114 cpu=cpu1 user=223 nice=0 system=787 idle=44993 iowait=0 irq=10466 softirq=14 steal=0
RT_CPUSTAT sample=115 cpu=cpu0 user=52521 nice=0 system=2486 idle=2492 iowait=0 irq=2926 softirq=38 steal=0
RT_CPUSTAT sample=115 cpu=cpu1 user=226 nice=0 system=794 idle=45360 iowait=0 irq=10559 softirq=14 steal=0
RT_CPUSTAT sample=116 cpu=cpu0 user=52992 nice=0 system=2496 idle=2492 iowait=0 irq=2952 softirq=38 steal=0
RT_CPUSTAT sample=116 cpu=cpu1 user=228 nice=0 system=801 idle=45729 iowait=0 irq=10650 softirq=14 steal=0
RT_CPUSTAT sample=117 cpu=cpu0 user=53470 nice=0 system=2496 idle=2492 iowait=0 irq=2977 softirq=39 steal=0
RT_CPUSTAT sample=117 cpu=cpu1 user=230 nice=0 system=807 idle=46098 iowait=0 irq=10743 softirq=14 steal=0
RT_CPUSTAT sample=118 cpu=cpu0 user=53927 nice=0 system=2518 idle=2492 iowait=0 irq=3003 softirq=39 steal=0
RT_CPUSTAT sample=118 cpu=cpu1 user=232 nice=0 system=810 idle=46467 iowait=0 irq=10836 softirq=14 steal=0
RT_CPUSTAT sample=119 cpu=cpu0 user=54373 nice=0 system=2550 idle=2492 iowait=0 irq=3028 softirq=39 steal=0
RT_CPUSTAT sample=119 cpu=cpu1 user=234 nice=0 system=814 idle=46834 iowait=0 irq=10929 softirq=14 steal=0
RT_CPUSTAT sample=120 cpu=cpu0 user=54829 nice=0 system=2572 idle=2492 iowait=0 irq=3054 softirq=40 steal=0
RT_CPUSTAT sample=120 cpu=cpu1 user=236 nice=0 system=822 idle=47200 iowait=0 irq=11023 softirq=14 steal=0
RT_CPUSTAT sample=121 cpu=cpu0 user=55285 nice=0 system=2594 idle=2492 iowait=0 irq=3079 softirq=40 steal=0
RT_CPUSTAT sample=121 cpu=cpu1 user=238 nice=0 system=829 idle=47569 iowait=0 irq=11115 softirq=14 steal=0
RT_CPUSTAT sample=122 cpu=cpu0 user=55745 nice=0 system=2615 idle=2492 iowait=0 irq=3104 softirq=40 steal=0
RT_CPUSTAT sample=122 cpu=cpu1 user=239 nice=0 system=837 idle=47938 iowait=0 irq=11207 softirq=15 steal=0
RT_CPUSTAT sample=123 cpu=cpu0 user=56200 nice=0 system=2638 idle=2492 iowait=0 irq=3130 softirq=41 steal=0
RT_CPUSTAT sample=123 cpu=cpu1 user=241 nice=0 system=844 idle=48303 iowait=0 irq=11301 softirq=15 steal=0
RT_CPUSTAT sample=124 cpu=cpu0 user=56615 nice=0 system=2702 idle=2492 iowait=0 irq=3156 softirq=41 steal=0
RT_CPUSTAT sample=124 cpu=cpu1 user=243 nice=0 system=850 idle=48670 iowait=0 irq=11394 softirq=15 steal=0
RT_CPUSTAT sample=125 cpu=cpu0 user=57088 nice=0 system=2706 idle=2492 iowait=0 irq=3181 softirq=41 steal=0
RT_CPUSTAT sample=125 cpu=cpu1 user=245 nice=0 system=856 idle=49038 iowait=0 irq=11485 softirq=15 steal=0
RT_CPUSTAT sample=126 cpu=cpu0 user=57533 nice=0 system=2740 idle=2492 iowait=0 irq=3207 softirq=42 steal=0
RT_CPUSTAT sample=126 cpu=cpu1 user=248 nice=0 system=862 idle=49406 iowait=0 irq=11579 softirq=15 steal=0
RT_CPUSTAT sample=127 cpu=cpu0 user=57995 nice=0 system=2757 idle=2492 iowait=0 irq=3233 softirq=42 steal=0
RT_CPUSTAT sample=127 cpu=cpu1 user=249 nice=0 system=868 idle=49774 iowait=0 irq=11672 softirq=15 steal=0
RT_CPUSTAT sample=128 cpu=cpu0 user=58453 nice=0 system=2777 idle=2492 iowait=0 irq=3258 softirq=42 steal=0
RT_CPUSTAT sample=128 cpu=cpu1 user=252 nice=0 system=873 idle=50142 iowait=0 irq=11764 softirq=15 steal=0
RT_CPUSTAT sample=129 cpu=cpu0 user=58933 nice=0 system=2777 idle=2492 iowait=0 irq=3283 softirq=43 steal=0
RT_CPUSTAT sample=129 cpu=cpu1 user=253 nice=0 system=878 idle=50510 iowait=0 irq=11857 softirq=15 steal=0
RT_CPUSTAT sample=130 cpu=cpu0 user=59407 nice=0 system=2781 idle=2492 iowait=0 irq=3309 softirq=43 steal=0
RT_CPUSTAT sample=130 cpu=cpu1 user=255 nice=0 system=885 idle=50878 iowait=0 irq=11949 softirq=16 steal=0
RT_CPUSTAT sample=131 cpu=cpu0 user=59870 nice=0 system=2797 idle=2492 iowait=0 irq=3334 softirq=43 steal=0
RT_CPUSTAT sample=131 cpu=cpu1 user=257 nice=0 system=890 idle=51246 iowait=0 irq=12042 softirq=16 steal=0
RT_CPUSTAT sample=132 cpu=cpu0 user=60330 nice=0 system=2815 idle=2492 iowait=0 irq=3360 softirq=43 steal=0
RT_CPUSTAT sample=132 cpu=cpu1 user=259 nice=0 system=901 idle=51611 iowait=0 irq=12137 softirq=16 steal=0
RT_CPUSTAT sample=133 cpu=cpu0 user=60808 nice=0 system=2816 idle=2492 iowait=0 irq=3385 softirq=44 steal=0
RT_CPUSTAT sample=133 cpu=cpu1 user=260 nice=0 system=908 idle=51978 iowait=0 irq=12229 softirq=16 steal=0
RT_CPUSTAT sample=134 cpu=cpu0 user=61256 nice=0 system=2846 idle=2492 iowait=0 irq=3411 softirq=44 steal=0
RT_CPUSTAT sample=134 cpu=cpu1 user=263 nice=0 system=915 idle=52346 iowait=0 irq=12322 softirq=16 steal=0
RT_CPUSTAT sample=135 cpu=cpu0 user=61705 nice=0 system=2875 idle=2492 iowait=0 irq=3436 softirq=44 steal=0
RT_CPUSTAT sample=135 cpu=cpu1 user=263 nice=0 system=923 idle=52714 iowait=0 irq=12414 softirq=16 steal=0
RT_CPUSTAT sample=136 cpu=cpu0 user=62159 nice=0 system=2901 idle=2492 iowait=0 irq=3461 softirq=45 steal=0
RT_CPUSTAT sample=136 cpu=cpu1 user=266 nice=0 system=929 idle=53083 iowait=0 irq=12507 softirq=16 steal=0
RT_CPUSTAT sample=137 cpu=cpu0 user=62623 nice=0 system=2915 idle=2492 iowait=0 irq=3487 softirq=45 steal=0
RT_CPUSTAT sample=137 cpu=cpu1 user=269 nice=0 system=936 idle=53449 iowait=0 irq=12599 softirq=16 steal=0
RT_CPUSTAT sample=138 cpu=cpu0 user=63070 nice=0 system=2946 idle=2492 iowait=0 irq=3512 softirq=45 steal=0
RT_CPUSTAT sample=138 cpu=cpu1 user=273 nice=0 system=942 idle=53817 iowait=0 irq=12692 softirq=17 steal=0
RT_CPUSTAT sample=139 cpu=cpu0 user=63498 nice=0 system=2998 idle=2492 iowait=0 irq=3537 softirq=46 steal=0
RT_CPUSTAT sample=139 cpu=cpu1 user=276 nice=0 system=947 idle=54188 iowait=0 irq=12783 softirq=17 steal=0
RT_CPUSTAT sample=140 cpu=cpu0 user=63948 nice=0 system=3027 idle=2492 iowait=0 irq=3563 softirq=46 steal=0
RT_CPUSTAT sample=140 cpu=cpu1 user=278 nice=0 system=954 idle=54554 iowait=0 irq=12877 softirq=17 steal=0
RT_CPUSTAT sample=141 cpu=cpu0 user=64411 nice=0 system=3042 idle=2492 iowait=0 irq=3588 softirq=46 steal=0
RT_CPUSTAT sample=141 cpu=cpu1 user=279 nice=0 system=963 idle=54923 iowait=0 irq=12970 softirq=17 steal=0
RT_CPUSTAT sample=142 cpu=cpu0 user=64834 nice=0 system=3097 idle=2492 iowait=0 irq=3614 softirq=47 steal=0
RT_CPUSTAT sample=142 cpu=cpu1 user=281 nice=0 system=967 idle=55293 iowait=0 irq=13061 softirq=17 steal=0
RT_CPUSTAT sample=143 cpu=cpu0 user=65276 nice=0 system=3133 idle=2492 iowait=0 irq=3639 softirq=47 steal=0
RT_CPUSTAT sample=143 cpu=cpu1 user=282 nice=0 system=973 idle=55661 iowait=0 irq=13154 softirq=17 steal=0
RT_CPUSTAT sample=144 cpu=cpu0 user=65751 nice=0 system=3135 idle=2492 iowait=0 irq=3665 softirq=47 steal=0
RT_CPUSTAT sample=144 cpu=cpu1 user=284 nice=0 system=982 idle=56029 iowait=0 irq=13246 softirq=17 steal=0
RT_CPUSTAT sample=145 cpu=cpu0 user=66231 nice=0 system=3136 idle=2492 iowait=0 irq=3690 softirq=48 steal=0
RT_CPUSTAT sample=145 cpu=cpu1 user=286 nice=0 system=987 idle=56402 iowait=0 irq=13337 softirq=17 steal=0
RT_CPUSTAT sample=146 cpu=cpu0 user=66698 nice=0 system=3146 idle=2492 iowait=0 irq=3716 softirq=48 steal=0
RT_CPUSTAT sample=146 cpu=cpu1 user=288 nice=0 system=996 idle=56768 iowait=0 irq=13430 softirq=18 steal=0
RT_CPUSTAT sample=147 cpu=cpu0 user=67173 nice=0 system=3151 idle=2492 iowait=0 irq=3742 softirq=48 steal=0
RT_CPUSTAT sample=147 cpu=cpu1 user=290 nice=0 system=1003 idle=57139 iowait=0 irq=13522 softirq=18 steal=0
RT_CPUSTAT sample=148 cpu=cpu0 user=67650 nice=0 system=3153 idle=2492 iowait=0 irq=3767 softirq=49 steal=0
RT_CPUSTAT sample=148 cpu=cpu1 user=291 nice=0 system=1010 idle=57508 iowait=0 irq=13614 softirq=18 steal=0
RT_CPUSTAT sample=149 cpu=cpu0 user=68123 nice=0 system=3159 idle=2492 iowait=0 irq=3792 softirq=49 steal=0
RT_CPUSTAT sample=149 cpu=cpu1 user=293 nice=0 system=1018 idle=57877 iowait=0 irq=13706 softirq=18 steal=0
RT_CPUSTAT sample=150 cpu=cpu0 user=68549 nice=0 system=3210 idle=2492 iowait=0 irq=3818 softirq=49 steal=0
RT_CPUSTAT sample=150 cpu=cpu1 user=294 nice=0 system=1023 idle=58246 iowait=0 irq=13797 softirq=18 steal=0
RT_CPUSTAT sample=151 cpu=cpu0 user=69016 nice=0 system=3222 idle=2492 iowait=0 irq=3844 softirq=50 steal=0
RT_CPUSTAT sample=151 cpu=cpu1 user=296 nice=0 system=1031 idle=58616 iowait=0 irq=13890 softirq=18 steal=0
RT_CPUSTAT sample=152 cpu=cpu0 user=69464 nice=0 system=3252 idle=2492 iowait=0 irq=3869 softirq=50 steal=0
RT_CPUSTAT sample=152 cpu=cpu1 user=297 nice=0 system=1037 idle=58982 iowait=0 irq=13984 softirq=18 steal=0
RT_CPUSTAT sample=153 cpu=cpu0 user=69936 nice=0 system=3259 idle=2492 iowait=0 irq=3894 softirq=50 steal=0
RT_CPUSTAT sample=153 cpu=cpu1 user=299 nice=0 system=1043 idle=59352 iowait=0 irq=14075 softirq=18 steal=0
RT_CPUSTAT sample=154 cpu=cpu0 user=70389 nice=0 system=3284 idle=2492 iowait=0 irq=3919 softirq=51 steal=0
RT_CPUSTAT sample=154 cpu=cpu1 user=301 nice=0 system=1048 idle=59724 iowait=0 irq=14165 softirq=19 steal=0
RT_CPUSTAT sample=155 cpu=cpu0 user=70816 nice=0 system=3338 idle=2492 iowait=0 irq=3945 softirq=51 steal=0
RT_CPUSTAT sample=155 cpu=cpu1 user=302 nice=0 system=1055 idle=60090 iowait=0 irq=14260 softirq=19 steal=0
RT_CPUSTAT sample=156 cpu=cpu0 user=71275 nice=0 system=3357 idle=2492 iowait=0 irq=3970 softirq=51 steal=0
RT_CPUSTAT sample=156 cpu=cpu1 user=304 nice=0 system=1061 idle=60458 iowait=0 irq=14352 softirq=19 steal=0
RT_CPUSTAT sample=157 cpu=cpu0 user=71718 nice=0 system=3390 idle=2492 iowait=0 irq=3996 softirq=52 steal=0
RT_CPUSTAT sample=157 cpu=cpu1 user=306 nice=0 system=1066 idle=60825 iowait=0 irq=14445 softirq=19 steal=0
RT_CPUSTAT sample=158 cpu=cpu0 user=72155 nice=0 system=3433 idle=2492 iowait=0 irq=4021 softirq=52 steal=0
RT_CPUSTAT sample=158 cpu=cpu1 user=307 nice=0 system=1072 idle=61196 iowait=0 irq=14536 softirq=19 steal=0
RT_CPUSTAT sample=159 cpu=cpu0 user=72600 nice=0 system=3467 idle=2492 iowait=0 irq=4047 softirq=52 steal=0
RT_CPUSTAT sample=159 cpu=cpu1 user=310 nice=0 system=1077 idle=61565 iowait=0 irq=14628 softirq=19 steal=0
RT_CPUSTAT sample=160 cpu=cpu0 user=73078 nice=0 system=3468 idle=2492 iowait=0 irq=4072 softirq=53 steal=0
RT_CPUSTAT sample=160 cpu=cpu1 user=311 nice=0 system=1084 idle=61934 iowait=0 irq=14721 softirq=19 steal=0
RT_CPUSTAT sample=161 cpu=cpu0 user=73555 nice=0 system=3469 idle=2492 iowait=0 irq=4097 softirq=53 steal=0
RT_CPUSTAT sample=161 cpu=cpu1 user=313 nice=0 system=1089 idle=62304 iowait=0 irq=14812 softirq=20 steal=0
RT_CPUSTAT sample=162 cpu=cpu0 user=74011 nice=0 system=3491 idle=2492 iowait=0 irq=4122 softirq=53 steal=0
RT_CPUSTAT sample=162 cpu=cpu1 user=317 nice=0 system=1096 idle=62674 iowait=0 irq=14903 softirq=20 steal=0
RT_CPUSTAT sample=163 cpu=cpu0 user=74482 nice=0 system=3500 idle=2492 iowait=0 irq=4147 softirq=54 steal=0
RT_CPUSTAT sample=163 cpu=cpu1 user=318 nice=0 system=1104 idle=63044 iowait=0 irq=14996 softirq=20 steal=0
RT_CPUSTAT sample=164 cpu=cpu0 user=74961 nice=0 system=3500 idle=2492 iowait=0 irq=4173 softirq=54 steal=0
RT_CPUSTAT sample=164 cpu=cpu1 user=320 nice=0 system=1109 idle=63413 iowait=0 irq=15088 softirq=20 steal=0
RT_CPUSTAT sample=165 cpu=cpu0 user=75425 nice=0 system=3514 idle=2492 iowait=0 irq=4198 softirq=54 steal=0
RT_CPUSTAT sample=165 cpu=cpu1 user=321 nice=0 system=1116 idle=63784 iowait=0 irq=15178 softirq=20 steal=0
RT_CPUSTAT sample=166 cpu=cpu0 user=75847 nice=0 system=3571 idle=2492 iowait=0 irq=4223 softirq=55 steal=0
RT_CPUSTAT sample=166 cpu=cpu1 user=324 nice=0 system=1121 idle=64153 iowait=0 irq=15271 softirq=20 steal=0
RT_CPUSTAT sample=167 cpu=cpu0 user=76299 nice=0 system=3596 idle=2492 iowait=0 irq=4248 softirq=55 steal=0
RT_CPUSTAT sample=167 cpu=cpu1 user=326 nice=0 system=1125 idle=64521 iowait=0 irq=15362 softirq=20 steal=0
RT_CPUSTAT sample=168 cpu=cpu0 user=76743 nice=0 system=3631 idle=2492 iowait=0 irq=4274 softirq=55 steal=0
RT_CPUSTAT sample=168 cpu=cpu1 user=326 nice=0 system=1131 idle=64890 iowait=0 irq=15455 softirq=20 steal=0
RT_CPUSTAT sample=169 cpu=cpu0 user=77203 nice=0 system=3649 idle=2492 iowait=0 irq=4299 softirq=56 steal=0
RT_CPUSTAT sample=169 cpu=cpu1 user=327 nice=0 system=1137 idle=65257 iowait=0 irq=15547 softirq=21 steal=0
RT_CPUSTAT sample=170 cpu=cpu0 user=77658 nice=0 system=3671 idle=2492 iowait=0 irq=4325 softirq=56 steal=0
RT_CPUSTAT sample=170 cpu=cpu1 user=328 nice=0 system=1146 idle=65625 iowait=0 irq=15639 softirq=21 steal=0
RT_CPUSTAT sample=171 cpu=cpu0 user=78082 nice=0 system=3727 idle=2492 iowait=0 irq=4350 softirq=56 steal=0
RT_CPUSTAT sample=171 cpu=cpu1 user=330 nice=0 system=1151 idle=65993 iowait=0 irq=15732 softirq=21 steal=0
RT_CPUSTAT sample=172 cpu=cpu0 user=78546 nice=0 system=3742 idle=2492 iowait=0 irq=4375 softirq=57 steal=0
RT_CPUSTAT sample=172 cpu=cpu1 user=332 nice=0 system=1161 idle=66363 iowait=0 irq=15824 softirq=21 steal=0
RT_CPUSTAT sample=173 cpu=cpu0 user=78997 nice=0 system=3770 idle=2492 iowait=0 irq=4401 softirq=57 steal=0
RT_CPUSTAT sample=173 cpu=cpu1 user=333 nice=0 system=1169 idle=66732 iowait=0 irq=15916 softirq=21 steal=0
RT_CPUSTAT sample=174 cpu=cpu0 user=79440 nice=0 system=3805 idle=2492 iowait=0 irq=4425 softirq=57 steal=0
RT_CPUSTAT sample=174 cpu=cpu1 user=334 nice=0 system=1174 idle=67101 iowait=0 irq=16007 softirq=21 steal=0
RT_CPUSTAT sample=175 cpu=cpu0 user=79904 nice=0 system=3821 idle=2492 iowait=0 irq=4451 softirq=58 steal=0
RT_CPUSTAT sample=175 cpu=cpu1 user=336 nice=0 system=1181 idle=67473 iowait=0 irq=16099 softirq=21 steal=0
RT_CPUSTAT sample=176 cpu=cpu0 user=80382 nice=0 system=3821 idle=2492 iowait=0 irq=4476 softirq=58 steal=0
RT_CPUSTAT sample=176 cpu=cpu1 user=339 nice=0 system=1186 idle=67839 iowait=0 irq=16191 softirq=22 steal=0
RT_CPUSTAT sample=177 cpu=cpu0 user=80847 nice=0 system=3834 idle=2492 iowait=0 irq=4502 softirq=58 steal=0
RT_CPUSTAT sample=177 cpu=cpu1 user=340 nice=0 system=1194 idle=68205 iowait=0 irq=16285 softirq=22 steal=0
RT_CPUSTAT sample=178 cpu=cpu0 user=81322 nice=0 system=3839 idle=2492 iowait=0 irq=4527 softirq=58 steal=0
RT_CPUSTAT sample=178 cpu=cpu1 user=341 nice=0 system=1198 idle=68574 iowait=0 irq=16377 softirq=22 steal=0
RT_CPUSTAT sample=179 cpu=cpu0 user=81795 nice=0 system=3843 idle=2492 iowait=0 irq=4552 softirq=59 steal=0
RT_CPUSTAT sample=179 cpu=cpu1 user=342 nice=0 system=1207 idle=68945 iowait=0 irq=16468 softirq=22 steal=0
RT_CPUSTAT sample=180 cpu=cpu0 user=82274 nice=0 system=3843 idle=2492 iowait=0 irq=4578 softirq=59 steal=0
RT_CPUSTAT sample=180 cpu=cpu1 user=344 nice=0 system=1213 idle=69313 iowait=0 irq=16562 softirq=22 steal=0
RT_CPUSTAT sample=181 cpu=cpu0 user=82713 nice=0 system=3882 idle=2492 iowait=0 irq=4604 softirq=59 steal=0
RT_CPUSTAT sample=181 cpu=cpu1 user=346 nice=0 system=1219 idle=69682 iowait=0 irq=16653 softirq=22 steal=0
RT_CPUSTAT sample=182 cpu=cpu0 user=83160 nice=0 system=3915 idle=2492 iowait=0 irq=4629 softirq=60 steal=0
RT_CPUSTAT sample=182 cpu=cpu1 user=348 nice=0 system=1229 idle=70047 iowait=0 irq=16748 softirq=22 steal=0
RT_CPUSTAT sample=183 cpu=cpu0 user=83612 nice=0 system=3941 idle=2492 iowait=0 irq=4655 softirq=60 steal=0
RT_CPUSTAT sample=183 cpu=cpu1 user=349 nice=0 system=1238 idle=70416 iowait=0 irq=16839 softirq=22 steal=0
RT_CPUSTAT sample=184 cpu=cpu0 user=84074 nice=0 system=3957 idle=2492 iowait=0 irq=4680 softirq=60 steal=0
RT_CPUSTAT sample=184 cpu=cpu1 user=352 nice=0 system=1246 idle=70785 iowait=0 irq=16931 softirq=23 steal=0
RT_CPUSTAT sample=185 cpu=cpu0 user=84516 nice=0 system=3993 idle=2492 iowait=0 irq=4706 softirq=61 steal=0
RT_CPUSTAT sample=185 cpu=cpu1 user=355 nice=0 system=1254 idle=71152 iowait=0 irq=17024 softirq=23 steal=0
RT_CPUSTAT sample=186 cpu=cpu0 user=84953 nice=0 system=4034 idle=2492 iowait=0 irq=4731 softirq=61 steal=0
RT_CPUSTAT sample=186 cpu=cpu1 user=356 nice=0 system=1259 idle=71519 iowait=0 irq=17116 softirq=23 steal=0
RT_CPUSTAT sample=187 cpu=cpu0 user=85381 nice=0 system=4083 idle=2492 iowait=0 irq=4756 softirq=61 steal=0
RT_CPUSTAT sample=187 cpu=cpu1 user=357 nice=0 system=1267 idle=71888 iowait=0 irq=17208 softirq=23 steal=0
RT_CPUSTAT sample=188 cpu=cpu0 user=85849 nice=0 system=4094 idle=2492 iowait=0 irq=4782 softirq=62 steal=0
RT_CPUSTAT sample=188 cpu=cpu1 user=359 nice=0 system=1271 idle=72257 iowait=0 irq=17301 softirq=23 steal=0
RT_CPUSTAT sample=189 cpu=cpu0 user=86287 nice=0 system=4133 idle=2492 iowait=0 irq=4807 softirq=62 steal=0
RT_CPUSTAT sample=189 cpu=cpu1 user=361 nice=0 system=1277 idle=72623 iowait=0 irq=17393 softirq=23 steal=0
RT_CPUSTAT sample=190 cpu=cpu0 user=86739 nice=0 system=4161 idle=2492 iowait=0 irq=4833 softirq=62 steal=0
RT_CPUSTAT sample=190 cpu=cpu1 user=362 nice=0 system=1283 idle=72991 iowait=0 irq=17486 softirq=23 steal=0
RT_CPUSTAT sample=191 cpu=cpu0 user=87203 nice=0 system=4174 idle=2492 iowait=0 irq=4858 softirq=63 steal=0
RT_CPUSTAT sample=191 cpu=cpu1 user=365 nice=0 system=1289 idle=73357 iowait=0 irq=17578 softirq=24 steal=0
RT_CPUSTAT sample=192 cpu=cpu0 user=87682 nice=0 system=4174 idle=2492 iowait=0 irq=4883 softirq=63 steal=0
RT_CPUSTAT sample=192 cpu=cpu1 user=367 nice=0 system=1297 idle=73726 iowait=0 irq=17671 softirq=24 steal=0
RT_CPUSTAT sample=193 cpu=cpu0 user=88153 nice=0 system=4180 idle=2492 iowait=0 irq=4909 softirq=63 steal=0
RT_CPUSTAT sample=193 cpu=cpu1 user=368 nice=0 system=1306 idle=74093 iowait=0 irq=17763 softirq=24 steal=0
RT_CPUSTAT sample=194 cpu=cpu0 user=88625 nice=0 system=4188 idle=2492 iowait=0 irq=4933 softirq=64 steal=0
RT_CPUSTAT sample=194 cpu=cpu1 user=370 nice=0 system=1316 idle=74462 iowait=0 irq=17855 softirq=24 steal=0
RT_CPUSTAT sample=195 cpu=cpu0 user=89101 nice=0 system=4189 idle=2492 iowait=0 irq=4958 softirq=64 steal=0
RT_CPUSTAT sample=195 cpu=cpu1 user=374 nice=0 system=1325 idle=74829 iowait=0 irq=17949 softirq=24 steal=0
RT_CPUSTAT sample=196 cpu=cpu0 user=89580 nice=0 system=4190 idle=2492 iowait=0 irq=4984 softirq=64 steal=0
RT_CPUSTAT sample=196 cpu=cpu1 user=376 nice=0 system=1335 idle=75199 iowait=0 irq=18041 softirq=24 steal=0
RT_CPUSTAT sample=197 cpu=cpu0 user=90023 nice=0 system=4224 idle=2492 iowait=0 irq=5009 softirq=65 steal=0
RT_CPUSTAT sample=197 cpu=cpu1 user=378 nice=0 system=1338 idle=75565 iowait=0 irq=18134 softirq=24 steal=0
RT_CPUSTAT sample=198 cpu=cpu0 user=90481 nice=0 system=4245 idle=2492 iowait=0 irq=5034 softirq=65 steal=0
RT_CPUSTAT sample=198 cpu=cpu1 user=380 nice=0 system=1348 idle=75933 iowait=0 irq=18227 softirq=24 steal=0
RT_CPUSTAT sample=199 cpu=cpu0 user=90930 nice=0 system=4274 idle=2492 iowait=0 irq=5060 softirq=65 steal=0
RT_CPUSTAT sample=199 cpu=cpu1 user=382 nice=0 system=1354 idle=76301 iowait=0 irq=18319 softirq=25 steal=0
RT_CPUSTAT sample=200 cpu=cpu0 user=91398 nice=0 system=4285 idle=2492 iowait=0 irq=5085 softirq=66 steal=0
RT_CPUSTAT sample=200 cpu=cpu1 user=385 nice=0 system=1359 idle=76669 iowait=0 irq=18412 softirq=25 steal=0
RT_CPUSTAT sample=201 cpu=cpu0 user=91839 nice=0 system=4322 idle=2492 iowait=0 irq=5111 softirq=66 steal=0
RT_CPUSTAT sample=201 cpu=cpu1 user=386 nice=0 system=1364 idle=77039 iowait=0 irq=18504 softirq=25 steal=0
RT_CPUSTAT sample=202 cpu=cpu0 user=92275 nice=0 system=4363 idle=2492 iowait=0 irq=5136 softirq=66 steal=0
RT_CPUSTAT sample=202 cpu=cpu1 user=387 nice=0 system=1370 idle=77407 iowait=0 irq=18595 softirq=25 steal=0
RT_CPUSTAT sample=203 cpu=cpu0 user=92733 nice=0 system=4385 idle=2492 iowait=0 irq=5162 softirq=67 steal=0
RT_CPUSTAT sample=203 cpu=cpu1 user=389 nice=0 system=1378 idle=77776 iowait=0 irq=18688 softirq=25 steal=0
RT_CPUSTAT sample=204 cpu=cpu0 user=93188 nice=0 system=4408 idle=2492 iowait=0 irq=5187 softirq=67 steal=0
RT_CPUSTAT sample=204 cpu=cpu1 user=390 nice=0 system=1384 idle=78147 iowait=0 irq=18779 softirq=25 steal=0
RT_CPUSTAT sample=205 cpu=cpu0 user=93647 nice=0 system=4429 idle=2492 iowait=0 irq=5213 softirq=67 steal=0
RT_CPUSTAT sample=205 cpu=cpu1 user=393 nice=0 system=1391 idle=78516 iowait=0 irq=18872 softirq=25 steal=0
RT_CPUSTAT sample=206 cpu=cpu0 user=94093 nice=0 system=4460 idle=2492 iowait=0 irq=5239 softirq=68 steal=0
RT_CPUSTAT sample=206 cpu=cpu1 user=394 nice=0 system=1396 idle=78886 iowait=0 irq=18963 softirq=25 steal=0
RT_CPUSTAT sample=207 cpu=cpu0 user=94571 nice=0 system=4462 idle=2492 iowait=0 irq=5264 softirq=68 steal=0
RT_CPUSTAT sample=207 cpu=cpu1 user=397 nice=0 system=1401 idle=79253 iowait=0 irq=19056 softirq=26 steal=0
RT_CPUSTAT sample=208 cpu=cpu0 user=95050 nice=0 system=4462 idle=2492 iowait=0 irq=5290 softirq=68 steal=0
RT_CPUSTAT sample=208 cpu=cpu1 user=398 nice=0 system=1405 idle=79621 iowait=0 irq=19148 softirq=26 steal=0
RT_CPUSTAT sample=209 cpu=cpu0 user=95522 nice=0 system=4470 idle=2492 iowait=0 irq=5315 softirq=69 steal=0
RT_CPUSTAT sample=209 cpu=cpu1 user=399 nice=0 system=1412 idle=79993 iowait=0 irq=19239 softirq=26 steal=0
RT_CPUSTAT sample=210 cpu=cpu0 user=95990 nice=0 system=4479 idle=2492 iowait=0 irq=5340 softirq=69 steal=0
RT_CPUSTAT sample=210 cpu=cpu1 user=400 nice=0 system=1420 idle=80364 iowait=0 irq=19330 softirq=26 steal=0
RT_CPUSTAT sample=211 cpu=cpu0 user=96468 nice=0 system=4481 idle=2492 iowait=0 irq=5366 softirq=69 steal=0
RT_CPUSTAT sample=211 cpu=cpu1 user=403 nice=0 system=1425 idle=80729 iowait=0 irq=19423 softirq=26 steal=0
RT_CPUSTAT sample=212 cpu=cpu0 user=96931 nice=0 system=4496 idle=2492 iowait=0 irq=5391 softirq=69 steal=0
RT_CPUSTAT sample=212 cpu=cpu1 user=405 nice=0 system=1430 idle=81099 iowait=0 irq=19514 softirq=26 steal=0
RT_CPUSTAT sample=213 cpu=cpu0 user=97381 nice=0 system=4526 idle=2492 iowait=0 irq=5416 softirq=70 steal=0
RT_CPUSTAT sample=213 cpu=cpu1 user=407 nice=0 system=1435 idle=81469 iowait=0 irq=19606 softirq=26 steal=0
RT_CPUSTAT sample=214 cpu=cpu0 user=97823 nice=0 system=4562 idle=2492 iowait=0 irq=5441 softirq=70 steal=0
RT_CPUSTAT sample=214 cpu=cpu1 user=408 nice=0 system=1439 idle=81838 iowait=0 irq=19697 softirq=26 steal=0
RT_CPUSTAT sample=215 cpu=cpu0 user=98266 nice=0 system=4596 idle=2492 iowait=0 irq=5467 softirq=70 steal=0
RT_CPUSTAT sample=215 cpu=cpu1 user=410 nice=0 system=1448 idle=82209 iowait=0 irq=19788 softirq=27 steal=0
RT_CPUSTAT sample=216 cpu=cpu0 user=98716 nice=0 system=4627 idle=2492 iowait=0 irq=5492 softirq=71 steal=0
RT_CPUSTAT sample=216 cpu=cpu1 user=412 nice=0 system=1453 idle=82580 iowait=0 irq=19879 softirq=27 steal=0
RT_CPUSTAT sample=217 cpu=cpu0 user=99166 nice=0 system=4654 idle=2492 iowait=0 irq=5518 softirq=71 steal=0
RT_CPUSTAT sample=217 cpu=cpu1 user=413 nice=0 system=1459 idle=82950 iowait=0 irq=19970 softirq=27 steal=0
RT_CPUSTAT sample=218 cpu=cpu0 user=99585 nice=0 system=4716 idle=2492 iowait=0 irq=5543 softirq=71 steal=0
RT_CPUSTAT sample=218 cpu=cpu1 user=415 nice=0 system=1466 idle=83319 iowait=0 irq=20063 softirq=27 steal=0
RT_CPUSTAT sample=219 cpu=cpu0 user=100060 nice=0 system=4718 idle=2492 iowait=0 irq=5568 softirq=72 steal=0
RT_CPUSTAT sample=219 cpu=cpu1 user=417 nice=0 system=1472 idle=83687 iowait=0 irq=20155 softirq=27 steal=0
RT_CPUSTAT sample=220 cpu=cpu0 user=100505 nice=0 system=4751 idle=2492 iowait=0 irq=5594 softirq=72 steal=0
RT_CPUSTAT sample=220 cpu=cpu1 user=420 nice=0 system=1479 idle=84054 iowait=0 irq=20248 softirq=27 steal=0
RT_CPUSTAT sample=221 cpu=cpu0 user=100964 nice=0 system=4768 idle=2492 iowait=0 irq=5620 softirq=72 steal=0
RT_CPUSTAT sample=221 cpu=cpu1 user=422 nice=0 system=1485 idle=84418 iowait=0 irq=20341 softirq=27 steal=0
RT_CPUSTAT sample=222 cpu=cpu0 user=101425 nice=0 system=4786 idle=2492 iowait=0 irq=5645 softirq=73 steal=0
RT_CPUSTAT sample=222 cpu=cpu1 user=424 nice=0 system=1491 idle=84789 iowait=0 irq=20432 softirq=27 steal=0
RT_CPUSTAT sample=223 cpu=cpu0 user=101903 nice=0 system=4787 idle=2492 iowait=0 irq=5671 softirq=73 steal=0
RT_CPUSTAT sample=223 cpu=cpu1 user=425 nice=0 system=1497 idle=85160 iowait=0 irq=20524 softirq=28 steal=0
RT_CPUSTAT sample=224 cpu=cpu0 user=102378 nice=0 system=4792 idle=2492 iowait=0 irq=5696 softirq=73 steal=0
RT_CPUSTAT sample=224 cpu=cpu1 user=427 nice=0 system=1504 idle=85530 iowait=0 irq=20616 softirq=28 steal=0
RT_CPUSTAT sample=225 cpu=cpu0 user=102841 nice=0 system=4806 idle=2492 iowait=0 irq=5722 softirq=74 steal=0
RT_CPUSTAT sample=225 cpu=cpu1 user=429 nice=0 system=1510 idle=85898 iowait=0 irq=20707 softirq=28 steal=0
RT_CPUSTAT sample=226 cpu=cpu0 user=103299 nice=0 system=4827 idle=2492 iowait=0 irq=5747 softirq=74 steal=0
RT_CPUSTAT sample=226 cpu=cpu1 user=431 nice=0 system=1517 idle=86267 iowait=0 irq=20801 softirq=28 steal=0
RT_CPUSTAT sample=227 cpu=cpu0 user=103776 nice=0 system=4829 idle=2492 iowait=0 irq=5773 softirq=74 steal=0
RT_CPUSTAT sample=227 cpu=cpu1 user=433 nice=0 system=1526 idle=86633 iowait=0 irq=20894 softirq=28 steal=0
RT_CPUSTAT sample=228 cpu=cpu0 user=104221 nice=0 system=4862 idle=2492 iowait=0 irq=5798 softirq=75 steal=0
RT_CPUSTAT sample=228 cpu=cpu1 user=435 nice=0 system=1531 idle=87001 iowait=0 irq=20986 softirq=28 steal=0
RT_CPUSTAT sample=229 cpu=cpu0 user=104668 nice=0 system=4894 idle=2492 iowait=0 irq=5824 softirq=75 steal=0
RT_CPUSTAT sample=229 cpu=cpu1 user=437 nice=0 system=1536 idle=87370 iowait=0 irq=21078 softirq=28 steal=0
RT_CPUSTAT sample=230 cpu=cpu0 user=105132 nice=0 system=4908 idle=2492 iowait=0 irq=5849 softirq=75 steal=0
RT_CPUSTAT sample=230 cpu=cpu1 user=440 nice=0 system=1542 idle=87739 iowait=0 irq=21170 softirq=28 steal=0
RT_CPUSTAT sample=231 cpu=cpu0 user=105594 nice=0 system=4924 idle=2492 iowait=0 irq=5875 softirq=76 steal=0
RT_CPUSTAT sample=231 cpu=cpu1 user=441 nice=0 system=1549 idle=88106 iowait=0 irq=21262 softirq=29 steal=0
RT_CPUSTAT sample=232 cpu=cpu0 user=106049 nice=0 system=4949 idle=2492 iowait=0 irq=5900 softirq=76 steal=0
RT_CPUSTAT sample=232 cpu=cpu1 user=441 nice=0 system=1554 idle=88474 iowait=0 irq=21354 softirq=29 steal=0
RT_CPUSTAT sample=233 cpu=cpu0 user=106482 nice=0 system=4994 idle=2492 iowait=0 irq=5926 softirq=76 steal=0
RT_CPUSTAT sample=233 cpu=cpu1 user=443 nice=0 system=1557 idle=88843 iowait=0 irq=21446 softirq=29 steal=0
RT_CPUSTAT sample=234 cpu=cpu0 user=106912 nice=0 system=5043 idle=2492 iowait=0 irq=5951 softirq=77 steal=0
RT_CPUSTAT sample=234 cpu=cpu1 user=446 nice=0 system=1562 idle=89214 iowait=0 irq=21538 softirq=29 steal=0
RT_CPUSTAT sample=235 cpu=cpu0 user=107382 nice=0 system=5050 idle=2492 iowait=0 irq=5977 softirq=77 steal=0
RT_CPUSTAT sample=235 cpu=cpu1 user=447 nice=0 system=1567 idle=89583 iowait=0 irq=21630 softirq=29 steal=0
RT_CPUSTAT sample=236 cpu=cpu0 user=107825 nice=0 system=5087 idle=2492 iowait=0 irq=6002 softirq=77 steal=0
RT_CPUSTAT sample=236 cpu=cpu1 user=450 nice=0 system=1574 idle=89952 iowait=0 irq=21723 softirq=29 steal=0
RT_CPUSTAT sample=237 cpu=cpu0 user=108270 nice=0 system=5121 idle=2492 iowait=0 irq=6028 softirq=78 steal=0
RT_CPUSTAT sample=237 cpu=cpu1 user=453 nice=0 system=1580 idle=90321 iowait=0 irq=21816 softirq=29 steal=0
RT_CPUSTAT sample=238 cpu=cpu0 user=108736 nice=0 system=5133 idle=2492 iowait=0 irq=6053 softirq=78 steal=0
RT_CPUSTAT sample=238 cpu=cpu1 user=455 nice=0 system=1586 idle=90690 iowait=0 irq=21907 softirq=29 steal=0
RT_CPUSTAT sample=239 cpu=cpu0 user=109213 nice=0 system=5134 idle=2492 iowait=0 irq=6078 softirq=78 steal=0
RT_CPUSTAT sample=239 cpu=cpu1 user=457 nice=0 system=1591 idle=91060 iowait=0 irq=21999 softirq=29 steal=0
RT_CPUSTAT sample=240 cpu=cpu0 user=109678 nice=0 system=5146 idle=2492 iowait=0 irq=6103 softirq=79 steal=0
RT_CPUSTAT sample=240 cpu=cpu1 user=458 nice=0 system=1598 idle=91428 iowait=0 irq=22090 softirq=30 steal=0
RT_CPUSTAT sample=241 cpu=cpu0 user=110150 nice=0 system=5153 idle=2492 iowait=0 irq=6129 softirq=79 steal=0
RT_CPUSTAT sample=241 cpu=cpu1 user=461 nice=0 system=1603 idle=91796 iowait=0 irq=22183 softirq=30 steal=0
RT_CPUSTAT sample=242 cpu=cpu0 user=110626 nice=0 system=5155 idle=2492 iowait=0 irq=6154 softirq=79 steal=0
RT_CPUSTAT sample=242 cpu=cpu1 user=464 nice=0 system=1609 idle=92162 iowait=0 irq=22276 softirq=30 steal=0
RT_CPUSTAT sample=243 cpu=cpu0 user=111104 nice=0 system=5156 idle=2492 iowait=0 irq=6180 softirq=80 steal=0
RT_CPUSTAT sample=243 cpu=cpu1 user=465 nice=0 system=1617 idle=92531 iowait=0 irq=22367 softirq=30 steal=0
RT_CPUSTAT sample=244 cpu=cpu0 user=111538 nice=0 system=5201 idle=2492 iowait=0 irq=6205 softirq=80 steal=0
RT_CPUSTAT sample=244 cpu=cpu1 user=468 nice=0 system=1623 idle=92902 iowait=0 irq=22458 softirq=30 steal=0
RT_CPUSTAT sample=245 cpu=cpu0 user=112000 nice=0 system=5218 idle=2492 iowait=0 irq=6230 softirq=80 steal=0
RT_CPUSTAT sample=245 cpu=cpu1 user=471 nice=0 system=1630 idle=93272 iowait=0 irq=22550 softirq=30 steal=0
RT_CPUSTAT sample=246 cpu=cpu0 user=112440 nice=0 system=5258 idle=2492 iowait=0 irq=6255 softirq=81 steal=0
RT_CPUSTAT sample=246 cpu=cpu1 user=473 nice=0 system=1636 idle=93639 iowait=0 irq=22644 softirq=30 steal=0
RT_CPUSTAT sample=247 cpu=cpu0 user=112908 nice=0 system=5268 idle=2492 iowait=0 irq=6280 softirq=81 steal=0
RT_CPUSTAT sample=247 cpu=cpu1 user=474 nice=0 system=1641 idle=94009 iowait=0 irq=22735 softirq=31 steal=0
RT_CPUSTAT sample=248 cpu=cpu0 user=113367 nice=0 system=5288 idle=2492 iowait=0 irq=6306 softirq=81 steal=0
RT_CPUSTAT sample=248 cpu=cpu1 user=475 nice=0 system=1646 idle=94380 iowait=0 irq=22827 softirq=31 steal=0
RT_CPUSTAT sample=249 cpu=cpu0 user=113787 nice=0 system=5345 idle=2492 iowait=0 irq=6331 softirq=82 steal=0
RT_CPUSTAT sample=249 cpu=cpu1 user=476 nice=0 system=1652 idle=94748 iowait=0 irq=22919 softirq=31 steal=0
RT_CPUSTAT sample=250 cpu=cpu0 user=114232 nice=0 system=5380 idle=2492 iowait=0 irq=6357 softirq=82 steal=0
RT_CPUSTAT sample=250 cpu=cpu1 user=477 nice=0 system=1659 idle=95117 iowait=0 irq=23011 softirq=31 steal=0
RT_CPUSTAT sample=251 cpu=cpu0 user=114685 nice=0 system=5406 idle=2492 iowait=0 irq=6382 softirq=82 steal=0
RT_CPUSTAT sample=251 cpu=cpu1 user=480 nice=0 system=1667 idle=95485 iowait=0 irq=23104 softirq=31 steal=0
RT_CPUSTAT sample=252 cpu=cpu0 user=115137 nice=0 system=5432 idle=2492 iowait=0 irq=6408 softirq=83 steal=0
RT_CPUSTAT sample=252 cpu=cpu1 user=482 nice=0 system=1675 idle=95854 iowait=0 irq=23196 softirq=31 steal=0
RT_CPUSTAT sample=253 cpu=cpu0 user=115592 nice=0 system=5457 idle=2492 iowait=0 irq=6433 softirq=83 steal=0
RT_CPUSTAT sample=253 cpu=cpu1 user=484 nice=0 system=1681 idle=96224 iowait=0 irq=23288 softirq=31 steal=0
RT_CPUSTAT sample=254 cpu=cpu0 user=116070 nice=0 system=5457 idle=2492 iowait=0 irq=6458 softirq=83 steal=0
RT_CPUSTAT sample=254 cpu=cpu1 user=486 nice=0 system=1686 idle=96597 iowait=0 irq=23379 softirq=31 steal=0
RT_CPUSTAT sample=255 cpu=cpu0 user=116547 nice=0 system=5458 idle=2492 iowait=0 irq=6484 softirq=83 steal=0
RT_CPUSTAT sample=255 cpu=cpu1 user=487 nice=0 system=1691 idle=96966 iowait=0 irq=23471 softirq=31 steal=0
RT_CPUSTAT sample=256 cpu=cpu0 user=117019 nice=0 system=5467 idle=2492 iowait=0 irq=6509 softirq=84 steal=0
RT_CPUSTAT sample=256 cpu=cpu1 user=489 nice=0 system=1696 idle=97334 iowait=0 irq=23565 softirq=32 steal=0
RT_CPUSTAT sample=257 cpu=cpu0 user=117485 nice=0 system=5480 idle=2492 iowait=0 irq=6535 softirq=84 steal=0
RT_CPUSTAT sample=257 cpu=cpu1 user=491 nice=0 system=1700 idle=97705 iowait=0 irq=23656 softirq=32 steal=0
RT_CPUSTAT sample=258 cpu=cpu0 user=117962 nice=0 system=5480 idle=2492 iowait=0 irq=6561 softirq=84 steal=0
RT_CPUSTAT sample=258 cpu=cpu1 user=493 nice=0 system=1706 idle=98073 iowait=0 irq=23748 softirq=32 steal=0
RT_CPUSTAT sample=259 cpu=cpu0 user=118428 nice=0 system=5495 idle=2492 iowait=0 irq=6586 softirq=85 steal=0
RT_CPUSTAT sample=259 cpu=cpu1 user=494 nice=0 system=1712 idle=98444 iowait=0 irq=23840 softirq=32 steal=0
RT_CPUSTAT sample=260 cpu=cpu0 user=118880 nice=0 system=5520 idle=2492 iowait=0 irq=6611 softirq=85 steal=0
RT_CPUSTAT sample=260 cpu=cpu1 user=497 nice=0 system=1717 idle=98811 iowait=0 irq=23932 softirq=32 steal=0
RT_CPUSTAT sample=261 cpu=cpu0 user=119319 nice=0 system=5559 idle=2492 iowait=0 irq=6638 softirq=85 steal=0
RT_CPUSTAT sample=261 cpu=cpu1 user=498 nice=0 system=1726 idle=99177 iowait=0 irq=24025 softirq=32 steal=0
RT_CPUSTAT sample=262 cpu=cpu0 user=119771 nice=0 system=5585 idle=2492 iowait=0 irq=6663 softirq=86 steal=0
RT_CPUSTAT sample=262 cpu=cpu1 user=500 nice=0 system=1731 idle=99547 iowait=0 irq=24116 softirq=32 steal=0
RT_CPUSTAT sample=263 cpu=cpu0 user=120240 nice=0 system=5596 idle=2492 iowait=0 irq=6689 softirq=86 steal=0
RT_CPUSTAT sample=263 cpu=cpu1 user=501 nice=0 system=1739 idle=99917 iowait=0 irq=24208 softirq=33 steal=0
RT_CPUSTAT sample=264 cpu=cpu0 user=120686 nice=0 system=5629 idle=2492 iowait=0 irq=6714 softirq=86 steal=0
RT_CPUSTAT sample=264 cpu=cpu1 user=504 nice=0 system=1745 idle=100284 iowait=0 irq=24301 softirq=33 steal=0
RT_CPUSTAT sample=265 cpu=cpu0 user=121098 nice=0 system=5693 idle=2492 iowait=0 irq=6740 softirq=87 steal=0
RT_CPUSTAT sample=265 cpu=cpu1 user=506 nice=0 system=1752 idle=100649 iowait=0 irq=24394 softirq=33 steal=0
RT_CPUSTAT sample=266 cpu=cpu0 user=121565 nice=0 system=5705 idle=2492 iowait=0 irq=6765 softirq=87 steal=0
RT_CPUSTAT sample=266 cpu=cpu1 user=507 nice=0 system=1758 idle=101018 iowait=0 irq=24486 softirq=33 steal=0
RT_CPUSTAT sample=267 cpu=cpu0 user=122012 nice=0 system=5735 idle=2492 iowait=0 irq=6790 softirq=87 steal=0
RT_CPUSTAT sample=267 cpu=cpu1 user=508 nice=0 system=1762 idle=101387 iowait=0 irq=24578 softirq=33 steal=0
RT_CPUSTAT sample=268 cpu=cpu0 user=122477 nice=0 system=5750 idle=2492 iowait=0 irq=6816 softirq=88 steal=0
RT_CPUSTAT sample=268 cpu=cpu1 user=510 nice=0 system=1766 idle=101755 iowait=0 irq=24671 softirq=33 steal=0
RT_CPUSTAT sample=269 cpu=cpu0 user=122929 nice=0 system=5777 idle=2492 iowait=0 irq=6842 softirq=88 steal=0
RT_CPUSTAT sample=269 cpu=cpu1 user=512 nice=0 system=1773 idle=102122 iowait=0 irq=24765 softirq=33 steal=0
RT_CPUSTAT sample=270 cpu=cpu0 user=123407 nice=0 system=5777 idle=2492 iowait=0 irq=6866 softirq=88 steal=0
RT_CPUSTAT sample=270 cpu=cpu1 user=515 nice=0 system=1779 idle=102492 iowait=0 irq=24857 softirq=33 steal=0
RT_CPUSTAT sample=271 cpu=cpu0 user=123879 nice=0 system=5785 idle=2492 iowait=0 irq=6891 softirq=89 steal=0
RT_CPUSTAT sample=271 cpu=cpu1 user=516 nice=0 system=1788 idle=102860 iowait=0 irq=24949 softirq=34 steal=0
RT_CPUSTAT sample=272 cpu=cpu0 user=124350 nice=0 system=5792 idle=2492 iowait=0 irq=6916 softirq=89 steal=0
RT_CPUSTAT sample=272 cpu=cpu1 user=518 nice=0 system=1794 idle=103230 iowait=0 irq=25041 softirq=34 steal=0
RT_CPUSTAT sample=273 cpu=cpu0 user=124826 nice=0 system=5795 idle=2492 iowait=0 irq=6941 softirq=89 steal=0
RT_CPUSTAT sample=273 cpu=cpu1 user=520 nice=0 system=1797 idle=103600 iowait=0 irq=25133 softirq=34 steal=0
RT_CPUSTAT sample=274 cpu=cpu0 user=125304 nice=0 system=5795 idle=2492 iowait=0 irq=6967 softirq=90 steal=0
RT_CPUSTAT sample=274 cpu=cpu1 user=525 nice=0 system=1802 idle=103968 iowait=0 irq=25225 softirq=34 steal=0
RT_CPUSTAT sample=275 cpu=cpu0 user=125744 nice=0 system=5831 idle=2492 iowait=0 irq=6993 softirq=90 steal=0
RT_CPUSTAT sample=275 cpu=cpu1 user=526 nice=0 system=1810 idle=104334 iowait=0 irq=25318 softirq=34 steal=0
RT_CPUSTAT sample=276 cpu=cpu0 user=126197 nice=0 system=5859 idle=2492 iowait=0 irq=7019 softirq=90 steal=0
RT_CPUSTAT sample=276 cpu=cpu1 user=529 nice=0 system=1814 idle=104701 iowait=0 irq=25413 softirq=34 steal=0
RT_CPUSTAT sample=277 cpu=cpu0 user=126640 nice=0 system=5892 idle=2492 iowait=0 irq=7044 softirq=91 steal=0
RT_CPUSTAT sample=277 cpu=cpu1 user=530 nice=0 system=1822 idle=105068 iowait=0 irq=25505 softirq=34 steal=0
RT_CPUSTAT sample=278 cpu=cpu0 user=127107 nice=0 system=5906 idle=2492 iowait=0 irq=7070 softirq=91 steal=0
RT_CPUSTAT sample=278 cpu=cpu1 user=532 nice=0 system=1828 idle=105440 iowait=0 irq=25596 softirq=34 steal=0
RT_CPUSTAT sample=279 cpu=cpu0 user=127565 nice=0 system=5927 idle=2492 iowait=0 irq=7095 softirq=91 steal=0
RT_CPUSTAT sample=279 cpu=cpu1 user=533 nice=0 system=1833 idle=105810 iowait=0 irq=25688 softirq=35 steal=0
RT_CPUSTAT sample=280 cpu=cpu0 user=128010 nice=0 system=5960 idle=2492 iowait=0 irq=7121 softirq=92 steal=0
RT_CPUSTAT sample=280 cpu=cpu1 user=534 nice=0 system=1837 idle=106178 iowait=0 irq=25780 softirq=35 steal=0
RT_CPUSTAT sample=281 cpu=cpu0 user=128453 nice=0 system=5995 idle=2492 iowait=0 irq=7147 softirq=92 steal=0
RT_CPUSTAT sample=281 cpu=cpu1 user=537 nice=0 system=1843 idle=106544 iowait=0 irq=25873 softirq=35 steal=0
RT_CPUSTAT sample=282 cpu=cpu0 user=128910 nice=0 system=6017 idle=2492 iowait=0 irq=7172 softirq=92 steal=0
RT_CPUSTAT sample=282 cpu=cpu1 user=539 nice=0 system=1849 idle=106916 iowait=0 irq=25964 softirq=35 steal=0
RT_CPUSTAT sample=283 cpu=cpu0 user=129352 nice=0 system=6052 idle=2492 iowait=0 irq=7197 softirq=93 steal=0
RT_CPUSTAT sample=283 cpu=cpu1 user=540 nice=0 system=1860 idle=107283 iowait=0 irq=26056 softirq=35 steal=0
RT_CPUSTAT sample=284 cpu=cpu0 user=129811 nice=0 system=6074 idle=2492 iowait=0 irq=7223 softirq=93 steal=0
RT_CPUSTAT sample=284 cpu=cpu1 user=543 nice=0 system=1866 idle=107651 iowait=0 irq=26150 softirq=35 steal=0
RT_CPUSTAT sample=285 cpu=cpu0 user=130288 nice=0 system=6074 idle=2492 iowait=0 irq=7248 softirq=93 steal=0
RT_CPUSTAT sample=285 cpu=cpu1 user=545 nice=0 system=1872 idle=108018 iowait=0 irq=26242 softirq=35 steal=0
RT_CPUSTAT sample=286 cpu=cpu0 user=130768 nice=0 system=6074 idle=2492 iowait=0 irq=7273 softirq=94 steal=0
RT_CPUSTAT sample=286 cpu=cpu1 user=549 nice=0 system=1878 idle=108387 iowait=0 irq=26334 softirq=35 steal=0
RT_CPUSTAT sample=287 cpu=cpu0 user=131237 nice=0 system=6085 idle=2492 iowait=0 irq=7299 softirq=94 steal=0
RT_CPUSTAT sample=287 cpu=cpu1 user=550 nice=0 system=1886 idle=108757 iowait=0 irq=26426 softirq=36 steal=0
RT_CPUSTAT sample=288 cpu=cpu0 user=131700 nice=0 system=6101 idle=2492 iowait=0 irq=7324 softirq=94 steal=0
RT_CPUSTAT sample=288 cpu=cpu1 user=554 nice=0 system=1893 idle=109126 iowait=0 irq=26518 softirq=36 steal=0
RT_CPUSTAT sample=289 cpu=cpu0 user=132176 nice=0 system=6102 idle=2492 iowait=0 irq=7350 softirq=95 steal=0
RT_CPUSTAT sample=289 cpu=cpu1 user=556 nice=0 system=1898 idle=109495 iowait=0 irq=26611 softirq=36 steal=0
RT_CPUSTAT sample=290 cpu=cpu0 user=132641 nice=0 system=6115 idle=2492 iowait=0 irq=7375 softirq=95 steal=0
RT_CPUSTAT sample=290 cpu=cpu1 user=557 nice=0 system=1902 idle=109864 iowait=0 irq=26703 softirq=36 steal=0
RT_CPUSTAT sample=291 cpu=cpu0 user=133079 nice=0 system=6155 idle=2492 iowait=0 irq=7400 softirq=95 steal=0
RT_CPUSTAT sample=291 cpu=cpu1 user=561 nice=0 system=1907 idle=110232 iowait=0 irq=26795 softirq=36 steal=0
RT_CPUSTAT sample=292 cpu=cpu0 user=133536 nice=0 system=6175 idle=2492 iowait=0 irq=7426 softirq=95 steal=0
RT_CPUSTAT sample=292 cpu=cpu1 user=562 nice=0 system=1914 idle=110597 iowait=0 irq=26888 softirq=36 steal=0
RT_CPUSTAT sample=293 cpu=cpu0 user=133990 nice=0 system=6202 idle=2492 iowait=0 irq=7452 softirq=96 steal=0
RT_CPUSTAT sample=293 cpu=cpu1 user=566 nice=0 system=1921 idle=110964 iowait=0 irq=26981 softirq=36 steal=0
RT_CPUSTAT sample=294 cpu=cpu0 user=134459 nice=0 system=6211 idle=2492 iowait=0 irq=7477 softirq=96 steal=0
RT_CPUSTAT sample=294 cpu=cpu1 user=567 nice=0 system=1929 idle=111334 iowait=0 irq=27072 softirq=36 steal=0
RT_CPUSTAT sample=295 cpu=cpu0 user=134906 nice=0 system=6242 idle=2492 iowait=0 irq=7502 softirq=96 steal=0
RT_CPUSTAT sample=295 cpu=cpu1 user=569 nice=0 system=1935 idle=111705 iowait=0 irq=27163 softirq=36 steal=0
RT_CPUSTAT sample=296 cpu=cpu0 user=135314 nice=0 system=6313 idle=2492 iowait=0 irq=7528 softirq=97 steal=0
RT_CPUSTAT sample=296 cpu=cpu1 user=570 nice=0 system=1943 idle=112075 iowait=0 irq=27255 softirq=37 steal=0
RT_CPUSTAT sample=297 cpu=cpu0 user=135784 nice=0 system=6322 idle=2492 iowait=0 irq=7553 softirq=97 steal=0
RT_CPUSTAT sample=297 cpu=cpu1 user=572 nice=0 system=1949 idle=112445 iowait=0 irq=27346 softirq=37 steal=0
RT_CPUSTAT sample=298 cpu=cpu0 user=136229 nice=0 system=6355 idle=2492 iowait=0 irq=7579 softirq=97 steal=0
RT_CPUSTAT sample=298 cpu=cpu1 user=575 nice=0 system=1956 idle=112813 iowait=0 irq=27438 softirq=37 steal=0
RT_CPUSTAT sample=299 cpu=cpu0 user=136691 nice=0 system=6371 idle=2492 iowait=0 irq=7604 softirq=98 steal=0
RT_CPUSTAT sample=299 cpu=cpu1 user=576 nice=0 system=1963 idle=113182 iowait=0 irq=27530 softirq=37 steal=0
RT_CPUSTAT sample=300 cpu=cpu0 user=137157 nice=0 system=6384 idle=2492 iowait=0 irq=7630 softirq=98 steal=0
RT_CPUSTAT sample=300 cpu=cpu1 user=579 nice=0 system=1972 idle=113551 iowait=0 irq=27623 softirq=37 steal=0
RT_CPUSTAT sample=301 cpu=cpu0 user=137634 nice=0 system=6385 idle=2492 iowait=0 irq=7655 softirq=98 steal=0
RT_CPUSTAT sample=301 cpu=cpu1 user=579 nice=0 system=1979 idle=113920 iowait=0 irq=27714 softirq=37 steal=0
RT_CPUSTAT sample=302 cpu=cpu0 user=138106 nice=0 system=6392 idle=2492 iowait=0 irq=7680 softirq=99 steal=0
RT_CPUSTAT sample=302 cpu=cpu1 user=581 nice=0 system=1988 idle=114290 iowait=0 irq=27806 softirq=37 steal=0
RT_CPUSTAT sample=303 cpu=cpu0 user=138581 nice=0 system=6396 idle=2492 iowait=0 irq=7705 softirq=99 steal=0
RT_CPUSTAT sample=303 cpu=cpu1 user=583 nice=0 system=1996 idle=114660 iowait=0 irq=27898 softirq=37 steal=0
RT_CPUSTAT sample=304 cpu=cpu0 user=139057 nice=0 system=6399 idle=2492 iowait=0 irq=7731 softirq=99 steal=0
RT_CPUSTAT sample=304 cpu=cpu1 user=586 nice=0 system=2001 idle=115027 iowait=0 irq=27991 softirq=37 steal=0
RT_CPUSTAT sample=305 cpu=cpu0 user=139533 nice=0 system=6400 idle=2492 iowait=0 irq=7757 softirq=100 steal=0
RT_CPUSTAT sample=305 cpu=cpu1 user=587 nice=0 system=2005 idle=115394 iowait=0 irq=28083 softirq=38 steal=0
RT_CPUSTAT sample=306 cpu=cpu0 user=139985 nice=0 system=6428 idle=2492 iowait=0 irq=7783 softirq=100 steal=0
RT_CPUSTAT sample=306 cpu=cpu1 user=588 nice=0 system=2012 idle=115761 iowait=0 irq=28178 softirq=38 steal=0
RT_CPUSTAT sample=307 cpu=cpu0 user=140449 nice=0 system=6441 idle=2492 iowait=0 irq=7808 softirq=100 steal=0
RT_CPUSTAT sample=307 cpu=cpu1 user=589 nice=0 system=2018 idle=116128 iowait=0 irq=28270 softirq=38 steal=0
RT_CPUSTAT sample=308 cpu=cpu0 user=140897 nice=0 system=6472 idle=2492 iowait=0 irq=7834 softirq=101 steal=0
RT_CPUSTAT sample=308 cpu=cpu1 user=592 nice=0 system=2025 idle=116495 iowait=0 irq=28364 softirq=38 steal=0
RT_CPUSTAT sample=309 cpu=cpu0 user=141373 nice=0 system=6475 idle=2492 iowait=0 irq=7859 softirq=101 steal=0
RT_CPUSTAT sample=309 cpu=cpu1 user=594 nice=0 system=2030 idle=116864 iowait=0 irq=28457 softirq=38 steal=0
RT_CPUSTAT sample=310 cpu=cpu0 user=141824 nice=0 system=6503 idle=2492 iowait=0 irq=7884 softirq=101 steal=0
RT_CPUSTAT sample=310 cpu=cpu1 user=596 nice=0 system=2035 idle=117234 iowait=0 irq=28547 softirq=38 steal=0
RT_CPUSTAT sample=311 cpu=cpu0 user=142257 nice=0 system=6550 idle=2492 iowait=0 irq=7910 softirq=102 steal=0
RT_CPUSTAT sample=311 cpu=cpu1 user=598 nice=0 system=2046 idle=117599 iowait=0 irq=28642 softirq=38 steal=0
RT_CPUSTAT sample=312 cpu=cpu0 user=142716 nice=0 system=6569 idle=2492 iowait=0 irq=7936 softirq=102 steal=0
RT_CPUSTAT sample=312 cpu=cpu1 user=599 nice=0 system=2050 idle=117967 iowait=0 irq=28735 softirq=39 steal=0
RT_CPUSTAT sample=313 cpu=cpu0 user=143155 nice=0 system=6607 idle=2492 iowait=0 irq=7962 softirq=102 steal=0
RT_CPUSTAT sample=313 cpu=cpu1 user=601 nice=0 system=2055 idle=118337 iowait=0 irq=28825 softirq=39 steal=0
RT_CPUSTAT sample=314 cpu=cpu0 user=143610 nice=0 system=6631 idle=2492 iowait=0 irq=7988 softirq=103 steal=0
RT_CPUSTAT sample=314 cpu=cpu1 user=603 nice=0 system=2062 idle=118710 iowait=0 irq=28916 softirq=39 steal=0
RT_CPUSTAT sample=315 cpu=cpu0 user=144059 nice=0 system=6658 idle=2492 iowait=0 irq=8013 softirq=103 steal=0
RT_CPUSTAT sample=315 cpu=cpu1 user=605 nice=0 system=2067 idle=119079 iowait=0 irq=29006 softirq=39 steal=0
RT_CPUSTAT sample=316 cpu=cpu0 user=144537 nice=0 system=6659 idle=2492 iowait=0 irq=8038 softirq=103 steal=0
RT_CPUSTAT sample=316 cpu=cpu1 user=606 nice=0 system=2075 idle=119447 iowait=0 irq=29099 softirq=39 steal=0
RT_CPUSTAT sample=317 cpu=cpu0 user=145017 nice=0 system=6659 idle=2492 iowait=0 irq=8063 softirq=103 steal=0
RT_CPUSTAT sample=317 cpu=cpu1 user=609 nice=0 system=2082 idle=119816 iowait=0 irq=29192 softirq=39 steal=0
RT_CPUSTAT sample=318 cpu=cpu0 user=145481 nice=0 system=6675 idle=2492 iowait=0 irq=8089 softirq=104 steal=0
RT_CPUSTAT sample=318 cpu=cpu1 user=611 nice=0 system=2088 idle=120184 iowait=0 irq=29285 softirq=39 steal=0
RT_CPUSTAT sample=319 cpu=cpu0 user=145947 nice=0 system=6685 idle=2492 iowait=0 irq=8114 softirq=104 steal=0
RT_CPUSTAT sample=319 cpu=cpu1 user=612 nice=0 system=2096 idle=120550 iowait=0 irq=29377 softirq=39 steal=0
RT_CPUSTAT sample=320 cpu=cpu0 user=146427 nice=0 system=6686 idle=2492 iowait=0 irq=8139 softirq=104 steal=0
RT_CPUSTAT sample=320 cpu=cpu1 user=614 nice=0 system=2104 idle=120918 iowait=0 irq=29470 softirq=39 steal=0
RT_CPUSTAT sample=321 cpu=cpu0 user=146886 nice=0 system=6705 idle=2492 iowait=0 irq=8165 softirq=105 steal=0
RT_CPUSTAT sample=321 cpu=cpu1 user=615 nice=0 system=2113 idle=121287 iowait=0 irq=29563 softirq=40 steal=0
RT_CPUSTAT sample=322 cpu=cpu0 user=147337 nice=0 system=6732 idle=2492 iowait=0 irq=8190 softirq=105 steal=0
RT_CPUSTAT sample=322 cpu=cpu1 user=618 nice=0 system=2120 idle=121653 iowait=0 irq=29657 softirq=40 steal=0
RT_CPUSTAT sample=323 cpu=cpu0 user=147788 nice=0 system=6758 idle=2492 iowait=0 irq=8216 softirq=105 steal=0
RT_CPUSTAT sample=323 cpu=cpu1 user=620 nice=0 system=2126 idle=122022 iowait=0 irq=29748 softirq=40 steal=0
RT_CPUSTAT sample=324 cpu=cpu0 user=148250 nice=0 system=6775 idle=2492 iowait=0 irq=8241 softirq=106 steal=0
RT_CPUSTAT sample=324 cpu=cpu1 user=622 nice=0 system=2132 idle=122389 iowait=0 irq=29840 softirq=40 steal=0
RT_CPUSTAT sample=325 cpu=cpu0 user=148707 nice=0 system=6797 idle=2492 iowait=0 irq=8267 softirq=106 steal=0
RT_CPUSTAT sample=325 cpu=cpu1 user=624 nice=0 system=2137 idle=122757 iowait=0 irq=29933 softirq=40 steal=0
RT_CPUSTAT sample=326 cpu=cpu0 user=149135 nice=0 system=6847 idle=2492 iowait=0 irq=8292 softirq=106 steal=0
RT_CPUSTAT sample=326 cpu=cpu1 user=627 nice=0 system=2143 idle=123125 iowait=0 irq=30024 softirq=40 steal=0
RT_CPUSTAT sample=327 cpu=cpu0 user=149575 nice=0 system=6885 idle=2492 iowait=0 irq=8317 softirq=107 steal=0
RT_CPUSTAT sample=327 cpu=cpu1 user=630 nice=0 system=2147 idle=123493 iowait=0 irq=30117 softirq=40 steal=0
RT_CPUSTAT sample=328 cpu=cpu0 user=150047 nice=0 system=6894 idle=2492 iowait=0 irq=8342 softirq=107 steal=0
RT_CPUSTAT sample=328 cpu=cpu1 user=632 nice=0 system=2154 idle=123864 iowait=0 irq=30209 softirq=40 steal=0
RT_CPUSTAT sample=329 cpu=cpu0 user=150482 nice=0 system=6937 idle=2492 iowait=0 irq=8368 softirq=107 steal=0
RT_CPUSTAT sample=329 cpu=cpu1 user=632 nice=0 system=2159 idle=124234 iowait=0 irq=30300 softirq=40 steal=0
RT_CPUSTAT sample=330 cpu=cpu0 user=150936 nice=0 system=6962 idle=2492 iowait=0 irq=8393 softirq=108 steal=0
RT_CPUSTAT sample=330 cpu=cpu1 user=634 nice=0 system=2164 idle=124603 iowait=0 irq=30392 softirq=41 steal=0
RT_CPUSTAT sample=331 cpu=cpu0 user=151411 nice=0 system=6964 idle=2492 iowait=0 irq=8419 softirq=108 steal=0
RT_CPUSTAT sample=331 cpu=cpu1 user=635 nice=0 system=2170 idle=124971 iowait=0 irq=30484 softirq=41 steal=0
RT_CPUSTAT sample=332 cpu=cpu0 user=151890 nice=0 system=6964 idle=2492 iowait=0 irq=8444 softirq=108 steal=0
RT_CPUSTAT sample=332 cpu=cpu1 user=637 nice=0 system=2174 idle=125341 iowait=0 irq=30576 softirq=41 steal=0
RT_CPUSTAT sample=333 cpu=cpu0 user=152356 nice=0 system=6975 idle=2492 iowait=0 irq=8470 softirq=109 steal=0
RT_CPUSTAT sample=333 cpu=cpu1 user=638 nice=0 system=2180 idle=125708 iowait=0 irq=30668 softirq=41 steal=0
RT_CPUSTAT sample=334 cpu=cpu0 user=152830 nice=0 system=6980 idle=2492 iowait=0 irq=8496 softirq=109 steal=0
RT_CPUSTAT sample=334 cpu=cpu1 user=640 nice=0 system=2187 idle=126077 iowait=0 irq=30760 softirq=41 steal=0
RT_CPUSTAT sample=335 cpu=cpu0 user=153306 nice=0 system=6982 idle=2492 iowait=0 irq=8521 softirq=109 steal=0
RT_CPUSTAT sample=335 cpu=cpu1 user=642 nice=0 system=2193 idle=126443 iowait=0 irq=30853 softirq=41 steal=0
RT_CPUSTAT sample=336 cpu=cpu0 user=153785 nice=0 system=6984 idle=2492 iowait=0 irq=8546 softirq=109 steal=0
RT_CPUSTAT sample=336 cpu=cpu1 user=644 nice=0 system=2203 idle=126813 iowait=0 irq=30945 softirq=41 steal=0
RT_CPUSTAT sample=337 cpu=cpu0 user=154211 nice=0 system=7036 idle=2492 iowait=0 irq=8571 softirq=110 steal=0
RT_CPUSTAT sample=337 cpu=cpu1 user=645 nice=0 system=2210 idle=127183 iowait=0 irq=31036 softirq=41 steal=0
RT_CPUSTAT sample=338 cpu=cpu0 user=154676 nice=0 system=7050 idle=2492 iowait=0 irq=8596 softirq=110 steal=0
RT_CPUSTAT sample=338 cpu=cpu1 user=646 nice=0 system=2217 idle=127553 iowait=0 irq=31128 softirq=42 steal=0
RT_CPUSTAT sample=339 cpu=cpu0 user=155123 nice=0 system=7080 idle=2492 iowait=0 irq=8621 softirq=110 steal=0
RT_CPUSTAT sample=339 cpu=cpu1 user=648 nice=0 system=2226 idle=127918 iowait=0 irq=31222 softirq=42 steal=0
RT_CPUSTAT sample=340 cpu=cpu0 user=155593 nice=0 system=7090 idle=2492 iowait=0 irq=8647 softirq=111 steal=0
RT_CPUSTAT sample=340 cpu=cpu1 user=652 nice=0 system=2229 idle=128290 iowait=0 irq=31312 softirq=42 steal=0
RT_CPUSTAT sample=341 cpu=cpu0 user=156050 nice=0 system=7110 idle=2492 iowait=0 irq=8673 softirq=111 steal=0
RT_CPUSTAT sample=341 cpu=cpu1 user=655 nice=0 system=2238 idle=128660 iowait=0 irq=31403 softirq=42 steal=0
RT_CPUSTAT sample=342 cpu=cpu0 user=156479 nice=0 system=7159 idle=2492 iowait=0 irq=8698 softirq=111 steal=0
RT_CPUSTAT sample=342 cpu=cpu1 user=657 nice=0 system=2245 idle=129027 iowait=0 irq=31496 softirq=42 steal=0
RT_CPUSTAT sample=343 cpu=cpu0 user=156943 nice=0 system=7173 idle=2492 iowait=0 irq=8723 softirq=112 steal=0
RT_CPUSTAT sample=343 cpu=cpu1 user=660 nice=0 system=2255 idle=129393 iowait=0 irq=31589 softirq=42 steal=0
RT_CPUSTAT sample=344 cpu=cpu0 user=157389 nice=0 system=7206 idle=2492 iowait=0 irq=8749 softirq=112 steal=0
RT_CPUSTAT sample=344 cpu=cpu1 user=662 nice=0 system=2264 idle=129760 iowait=0 irq=31683 softirq=42 steal=0
RT_CPUSTAT sample=345 cpu=cpu0 user=157847 nice=0 system=7228 idle=2492 iowait=0 irq=8774 softirq=112 steal=0
RT_CPUSTAT sample=345 cpu=cpu1 user=664 nice=0 system=2271 idle=130127 iowait=0 irq=31776 softirq=43 steal=0
RT_CPUSTAT sample=346 cpu=cpu0 user=158299 nice=0 system=7255 idle=2492 iowait=0 irq=8800 softirq=113 steal=0
RT_CPUSTAT sample=346 cpu=cpu1 user=665 nice=0 system=2279 idle=130491 iowait=0 irq=31871 softirq=43 steal=0
RT_CPUSTAT sample=347 cpu=cpu0 user=158777 nice=0 system=7255 idle=2492 iowait=0 irq=8825 softirq=113 steal=0
RT_CPUSTAT sample=347 cpu=cpu1 user=667 nice=0 system=2285 idle=130860 iowait=0 irq=31963 softirq=43 steal=0
RT_CPUSTAT sample=348 cpu=cpu0 user=159254 nice=0 system=7256 idle=2492 iowait=0 irq=8851 softirq=113 steal=0
RT_CPUSTAT sample=348 cpu=cpu1 user=668 nice=0 system=2291 idle=131228 iowait=0 irq=32055 softirq=43 steal=0
RT_CPUSTAT sample=349 cpu=cpu0 user=159712 nice=0 system=7277 idle=2492 iowait=0 irq=8876 softirq=114 steal=0
RT_CPUSTAT sample=349 cpu=cpu1 user=671 nice=0 system=2299 idle=131599 iowait=0 irq=32146 softirq=43 steal=0
RT_CPUSTAT sample=350 cpu=cpu0 user=160183 nice=0 system=7284 idle=2492 iowait=0 irq=8901 softirq=114 steal=0
RT_CPUSTAT sample=350 cpu=cpu1 user=673 nice=0 system=2305 idle=131966 iowait=0 irq=32239 softirq=43 steal=0
RT_CPUSTAT sample=351 cpu=cpu0 user=160660 nice=0 system=7284 idle=2492 iowait=0 irq=8926 softirq=114 steal=0
RT_CPUSTAT sample=351 cpu=cpu1 user=674 nice=0 system=2311 idle=132335 iowait=0 irq=32330 softirq=43 steal=0
RT_CPUSTAT sample=352 cpu=cpu0 user=161119 nice=0 system=7305 idle=2492 iowait=0 irq=8952 softirq=115 steal=0
RT_CPUSTAT sample=352 cpu=cpu1 user=676 nice=0 system=2319 idle=132701 iowait=0 irq=32424 softirq=44 steal=0
RT_CPUSTAT sample=353 cpu=cpu0 user=161573 nice=0 system=7328 idle=2492 iowait=0 irq=8978 softirq=115 steal=0
RT_CPUSTAT sample=353 cpu=cpu1 user=678 nice=0 system=2327 idle=133068 iowait=0 irq=32517 softirq=44 steal=0
RT_CPUSTAT sample=354 cpu=cpu0 user=162021 nice=0 system=7360 idle=2492 iowait=0 irq=9003 softirq=115 steal=0
RT_CPUSTAT sample=354 cpu=cpu1 user=681 nice=0 system=2335 idle=133439 iowait=0 irq=32609 softirq=44 steal=0
RT_CPUSTAT sample=355 cpu=cpu0 user=162482 nice=0 system=7377 idle=2492 iowait=0 irq=9029 softirq=116 steal=0
RT_CPUSTAT sample=355 cpu=cpu1 user=684 nice=0 system=2341 idle=133808 iowait=0 irq=32701 softirq=44 steal=0
RT_CPUSTAT sample=356 cpu=cpu0 user=162936 nice=0 system=7399 idle=2492 iowait=0 irq=9054 softirq=116 steal=0
RT_CPUSTAT sample=356 cpu=cpu1 user=685 nice=0 system=2345 idle=134176 iowait=0 irq=32792 softirq=44 steal=0
RT_CPUSTAT sample=357 cpu=cpu0 user=163561 nice=0 system=7454 idle=2492 iowait=0 irq=9095 softirq=116 steal=0
RT_CPUSTAT sample=357 cpu=cpu1 user=691 nice=0 system=2351 idle=134937 iowait=0 irq=32861 softirq=44 steal=0
RT_CPUSTAT sample=358 cpu=cpu0 user=164106 nice=0 system=7471 idle=2492 iowait=0 irq=9133 softirq=117 steal=0
RT_CPUSTAT sample=358 cpu=cpu1 user=691 nice=0 system=2351 idle=135683 iowait=0 irq=32861 softirq=44 steal=0
RT_CPUSTAT sample=359 cpu=cpu0 user=164587 nice=0 system=7502 idle=2492 iowait=0 irq=9161 softirq=117 steal=0
RT_CPUSTAT sample=359 cpu=cpu1 user=691 nice=0 system=2351 idle=136367 iowait=0 irq=32861 softirq=44 steal=0
RT_CPUSTAT sample=360 cpu=cpu0 user=165052 nice=0 system=7531 idle=2492 iowait=0 irq=9188 softirq=117 steal=0
RT_CPUSTAT sample=360 cpu=cpu1 user=691 nice=0 system=2351 idle=137034 iowait=0 irq=32861 softirq=44 steal=0
RT_CPUSTAT sample=361 cpu=cpu0 user=165551 nice=0 system=7539 idle=2492 iowait=0 irq=9220 softirq=118 steal=0
RT_CPUSTAT sample=361 cpu=cpu1 user=691 nice=0 system=2351 idle=137719 iowait=0 irq=32861 softirq=44 steal=0
RT_CPUSTAT sample=362 cpu=cpu0 user=166049 nice=0 system=7540 idle=2492 iowait=0 irq=9256 softirq=118 steal=0
RT_CPUSTAT sample=362 cpu=cpu1 user=691 nice=0 system=2351 idle=138395 iowait=0 irq=32861 softirq=44 steal=0
RT_CPUSTAT sample=363 cpu=cpu0 user=166529 nice=0 system=7545 idle=2492 iowait=0 irq=9282 softirq=118 steal=0
RT_CPUSTAT sample=363 cpu=cpu1 user=691 nice=0 system=2351 idle=139051 iowait=0 irq=32861 softirq=44 steal=0
RT_CPUSTAT sample=364 cpu=cpu0 user=167022 nice=0 system=7549 idle=2492 iowait=0 irq=9311 softirq=118 steal=0
RT_CPUSTAT sample=364 cpu=cpu1 user=691 nice=0 system=2351 idle=139722 iowait=0 irq=32861 softirq=44 steal=0
RT_CPUSTAT sample=365 cpu=cpu0 user=167517 nice=0 system=7551 idle=2492 iowait=0 irq=9342 softirq=119 steal=0
RT_CPUSTAT sample=365 cpu=cpu1 user=691 nice=0 system=2351 idle=140395 iowait=0 irq=32861 softirq=44 steal=0
RT_CPUSTAT sample=366 cpu=cpu0 user=168013 nice=0 system=7555 idle=2492 iowait=0 irq=9373 softirq=119 steal=0
RT_CPUSTAT sample=366 cpu=cpu1 user=691 nice=0 system=2351 idle=141071 iowait=0 irq=32861 softirq=44 steal=0
RT_CPUSTAT sample=367 cpu=cpu0 user=168467 nice=0 system=7591 idle=2492 iowait=0 irq=9402 softirq=119 steal=0
RT_CPUSTAT sample=367 cpu=cpu1 user=691 nice=0 system=2351 idle=141734 iowait=0 irq=32861 softirq=44 steal=0
RT_CPUSTAT sample=368 cpu=cpu0 user=168929 nice=0 system=7624 idle=2492 iowait=0 irq=9428 softirq=120 steal=0
RT_CPUSTAT sample=368 cpu=cpu1 user=691 nice=0 system=2351 idle=142400 iowait=0 irq=32861 softirq=44 steal=0
RT_CPUSTAT sample=369 cpu=cpu0 user=169408 nice=0 system=7645 idle=2492 iowait=0 irq=9454 softirq=120 steal=0
RT_CPUSTAT sample=369 cpu=cpu1 user=691 nice=0 system=2351 idle=143071 iowait=0 irq=32861 softirq=44 steal=0
RT_CPUSTAT sample=370 cpu=cpu0 user=169867 nice=0 system=7662 idle=2492 iowait=0 irq=9480 softirq=120 steal=0
RT_CPUSTAT sample=370 cpu=cpu1 user=691 nice=0 system=2351 idle=143719 iowait=0 irq=32861 softirq=44 steal=0
RT_INIT_DONE scenario=stress-noiso
[ 1965.224008] reboot: Power down
[37m[1968.684364 2:17 axvm::runtime::hvc:352] [33mVM[1] PSCI_SYSTEM_OFF[m
[m[37m[1968.684619 2:17 axvm::vm:1360] [32mStopping VM[1]: SystemDown[m
[m
[37m[1968.685086 2:17 axvm::runtime::vcpus:800] [33mVM[1] VCpu[0] stopping because of VM stopping[m[Axvisor] VM[1] stopped; returning to the management shell
[m[37m[1968.685128 3:22 axvm::runtime::vcpus:800] [33mVM[1] VCpu[1] stopping because of VM stopping[m

[m[37m[1968.885710 2:17 axvm::runtime::vcpus:838] [32mVM[1] VCpu[0] exiting...[m
[2Kaxvisor:$ 
[m[37m[1968.885822 3:22 axvm::runtime::vcpus:807] [32mVM[1] VCpu[1] last VCpu exiting, decreasing running VM count[m
[m[37m[1968.886697 3:22 axvm::runtime::vcpus:817] [32mVM[1] state changed to Stopped[m
[m[37m[1968.886867 3:22 axvm::runtime::vcpus:838] [32mVM[1] VCpu[1] exiting...[m
[m
[2Kaxvisor:$ v
[2Kaxvisor:$ vm
[2Kaxvisor:$ vme
[2Kaxvisor:$ vmex
[2Kaxvisor:$ vmexi
[2Kaxvisor:$ vmexit
[2Kaxvisor:$ vmexit 
[2Kaxvisor:$ vmexit s
[2Kaxvisor:$ vmexit st
[2Kaxvisor:$ vmexit sta
[2Kaxvisor:$ vmexit stat
