[37m[  1.623038 0:2 axvisor::config:270] [32mVM[1] created success, loading images...[m
[m[37m[  1.744745 0:2 axvm::boot::images:137] [32mLoading ramdisk image from memory (18345784 bytes) into GPA @0x9c000000[m
[m[37m[  1.800458 0:2 axdevice::device:1232] [32mDeviceRuntime: registered device id=0[m
[m[37m[  1.923836 0:2 axdevice::device:1232] [32mDeviceRuntime: registered device id=1[m
[m[37m[  1.924047 0:2 axdevice::device:1232] [32mDeviceRuntime: registered device id=2[m
[m[37m[  1.925922 0:2 axdevice::device:1232] [32mDeviceRuntime: registered device id=3[m
[m[37m[  1.927927 0:2 axdevice::device:1232] [32mDeviceRuntime: registered device id=4[m
[m[37m[  1.931311 0:2 axvm::vm::prepare:82] [32mVM setup: id=1[m
[m[37m[  1.934208 0:2 axvm::arch::aarch64::fdt::core:79] [32mVM[2] virtual GIC follows host firmware resources: GuestGicProfile { compatible: "arm,gic-v3", node_path: "/intc@8000000", node_phandle: Some(32770), distributor: GuestMmioRegion { base: 134217728, length: 65536 }, cpu_region: Redistributors(GuestGicRedistributorProfile { regions: [GuestMmioRegion { base: 134873088, length: 16121856 }], stride: 131072 }), its: [GuestItsProfile { id: ItsId(0), node_path: "/intc@8000000/its@8080000", node_phandle: Some(32771), registers: GuestMmioRegion { base: 134742016, length: 131072 } }] }[m
[m[37m[  1.935028 0:2 axvm::arch::aarch64::fdt::core:93] [32mVM[2] architectural timer follows host firmware PPIs[m
[m[37m[  1.938263 0:2 axvm::arch::aarch64::fdt::core::parser:442] [32mCPU node: /cpus/cpu@0, node_id: 0x0, hardware_cpu_id: 0x0[m
[m[37m[  1.938474 0:2 axvm::arch::aarch64::fdt::core::parser:449] [32mFound 1 host CPU nodes[m
[m[37m[  1.938602 0:2 axvm::arch::aarch64::fdt::core:144] [32mVM[2] DTB not found, generating from the VM configuration[m
[m[37m[  1.945543 0:2 axvm::arch::aarch64::fdt::core::device:96] [32mFound excluded devices: ["/intc@8000000", "/pl011@9000000", "/timer", "/intc@8000000/its@8080000"][m
[m[37m[  1.950107 0:2 axvm::arch::aarch64::fdt::core::device:96] [32mFound excluded devices: ["/intc@8000000", "/pl011@9000000", "/timer", "/intc@8000000/its@8080000"][m
[m[37m[  1.950642 0:2 axvisor::config:258] [32mCreating VM[2] "task2-p2-switch-zephyr"[m
[m[37m[  1.951867 0:2 axvm::vm:1133] [32mVM created: id=2[m
[m[37m[  2.550771 0:2 axvisor::config:270] [32mVM[2] created success, loading images...[m
[m[37m[  2.554466 0:2 axdevice::device:1232] [32mDeviceRuntime: registered device id=0[m
[m[37m[  2.554613 0:2 axdevice::device:1232] [32mDeviceRuntime: registered device id=1[m
[m[37m[  2.752777 0:2 axdevice::device:1232] [32mDeviceRuntime: registered device id=2[m
[m[37m[  2.753020 0:2 axdevice::device:1232] [32mDeviceRuntime: registered device id=3[m
[m[37m[  2.753742 0:2 axdevice::device:1232] [32mDeviceRuntime: registered device id=4[m
[m[37m[  2.754029 0:2 axvm::vm::prepare:82] [32mVM setup: id=2[m
[m[37m[  2.754785 0:2 axvm::runtime:73] [32mInitializing VMM...[m
[m[37m[  2.755595 0:2 axvm::runtime:84] [32mVMM starting, booting VMs...[m
[m[37m[  2.755831 0:2 axvm::vm:1365] [32mStarting VM[1][m
[m[37m[  2.756085 0:2 axvm::runtime::vcpus:1060] [32mSpawning task for VM[1] VCpu[0][m
[m[37m[  2.756621 0:2 axvm::runtime::vcpus:1079] [32mVCpu task Task(7, "VM[1]-VCpu[0]") created priority=90 cpumask: [0, ][m
[m[37m[  2.759895 0:2 axvm::runtime:92] [32mVM[1] boot success[m
[m[37m[  2.760005 0:2 axvm::vm:1365] [32mStarting VM[2][m
[m[37m[  2.760091 0:2 axvm::runtime::vcpus:1060] [32mSpawning task for VM[2] VCpu[0][m
[m[37m[  2.760228 0:2 axvm::runtime::vcpus:1079] [32mVCpu task Task(9, "VM[2]-VCpu[0]") created priority=90 cpumask: [0, ][m
[m[37m[  2.760464 0:2 axvm::runtime:92] [32mVM[2] boot success[m
[m[37m[  2.762533 0:2 axvisor:114] [32m[OK] Default guest initialized[m
[m[37m[  2.764139 0:7 axvm::runtime::vcpus:1134] [32mVM[1] VCpu[0] waiting for running[m
[m[37m[  2.764611 0:7 axvm::runtime::vcpus:1172] [32mVM[1] VCpu[0] running...[m
[m[37m[  2.775620 0:9 axvm::runtime::vcpus:1134] [32mVM[2] VCpu[0] waiting for running[m
[m[37m[  2.775763 0:9 axvm::runtime::vcpus:1172] [32mVM[2] VCpu[0] running...[m
[m[VM 2] *** Booting Zephyr OS build v4.4.2 ***
[VM 2] TASK2_MAIN_START
[VM 2] TASK2_SOCKET_CREATE
[37m[  2.858243 0:7 axvm::runtime::hvc:266] [32mVM[1] PSCI_FEATURES function_id=0x80000000[m
[m[VM 2] TASK2_SOCKET_CREATED fd=0
[VM 2] TASK2_NET_CONFIGURED interface=virtio-net ip=10.0.42.2/24
[VM 2] TASK2_READY role=managed local=10.0.42.2:4242 peer=10.0.42.15:4242
[37m[  2.881581 0:7 axvm::runtime::hvc:266] [32mVM[1] PSCI_FEATURES function_id=0xc4000001[m
[m[37m[  2.881943 0:7 axvm::runtime::hvc:266] [32mVM[1] PSCI_FEATURES function_id=0xc400000e[m
[m[37m[  2.882256 0:7 axvm::runtime::hvc:266] [32mVM[1] PSCI_FEATURES function_id=0xc4000012[m
[m[37m[  2.882549 0:7 axvm::runtime::hvc:266] [32mVM[1] PSCI_FEATURES function_id=0xc4000015[m
[m[37m[  3.120604 0:7 axvisor::virtio_net:595] [33mvirtio-net drops an ingress frame: NotReady[m
[m[VM 1] [    0.000000] Booting Linux on physical CPU 0x0000000000 [0x410fd083]
[VM 1] [    0.000000] Linux version 7.1.0-rc2-g74fe02ce122a-dirty (huhu@huhu-Legion-Y9000P-IAH7H) (aarch64-linux-musl-gcc (GCC) 11.2.1 20211120, GNU ld (GNU Binutils) 2.37) #1 SMP PREEMPT Fri Aug  7 08:02:49 CST 2026
[VM 1] [    0.000000] KASLR disabled due to lack of seed
[VM 1] [    0.000000] Machine model: linux,dummy-virt
[VM 1] [    0.000000] efi: UEFI not found.
[VM 1] [    0.000000] OF: reserved mem: Reserved memory: No reserved-memory node in the DT
[VM 1] [    0.000000] NUMA: Faking a node at [mem 0x0000000080000000-0x000000009fffffff]
[VM 1] [    0.000000] NODE_DATA(0) allocated [mem 0x9ff08dc0-0x9ff0b4bf]
[VM 1] [    0.000000] cma: Reserved 32 MiB at 0x000000009a000000
[VM 1] [    0.000000] psci: probing for conduit method from DT.
[VM 1] [    0.000000] psci: PSCIv1.1 detected in firmware.
[VM 1] [    0.000000] psci: Using standard PSCI v0.2 function IDs
[VM 1] [    0.000000] psci: Trusted OS migration not required
[VM 1] [    0.000000] psci: SMC Calling Convention v65535.65535
[VM 1] [    0.000000] Zone ranges:
[VM 1] [    0.000000]   DMA      [mem 0x0000000080000000-0x000000009fffffff]
[VM 1] [    0.000000]   DMA32    empty
[VM 1] [    0.000000]   Normal   empty
[VM 1] [    0.000000] Movable zone start for each node
[VM 1] [    0.000000] Early memory node ranges
[VM 1] [    0.000000]   node   0: [mem 0x0000000080000000-0x000000009fffffff]
[VM 1] [    0.000000] Initmem setup node 0 [mem 0x0000000080000000-0x000000009fffffff]
[VM 1] [    0.000000] percpu: Embedded 26 pages/cpu s66584 r8192 d31720 u106496
[VM 1] [    0.000000] Detected PIPT I-cache on CPU0
[VM 1] [    0.000000] CPU features: detected: GICv3 CPU interface
[VM 1] [    0.000000] CPU features: detected: Spectre-v2
[VM 1] [    0.000000] CPU features: detected: Spectre-v3a
[VM 1] [    0.000000] CPU features: detected: Spectre-v4
[VM 1] [    0.000000] CPU features: detected: Spectre-BHB
[VM 1] [    0.000000] CPU features: detected: ARM erratum 1742098
[VM 1] [    0.000000] CPU features: detected: ARM errata 1165522, 1319367, or 1530923
[VM 1] [    0.000000] alternatives: applying boot alternatives
[VM 1] [    0.000000] printk: log buffer data + meta data: 131072 + 458752 = 589824 bytes
[VM 1] [    0.000000] Dentry cache hash table entries: 65536 (order: 7, 524288 bytes, linear)
[VM 1] [    0.000000] Inode-cache hash table entries: 32768 (order: 6, 262144 bytes, linear)
[VM 1] [    0.000000] software IO TLB: SWIOTLB bounce buffer size adjusted to 0MB
[VM 1] [    0.000000] software IO TLB: area num 1.
[VM 1] [    0.000000] software IO TLB: mapped [mem 0x000000009f580000-0x000000009f600000] (0MB)
[VM 1] [    0.000000] Fallback order for Node 0: 0 
[VM 1] [    0.000000] Built 1 zonelists, mobility grouping on.  Total pages: 131072
[VM 1] [    0.000000] Policy zone: DMA
[VM 1] [    0.000000] mem auto-init: stack:off, heap alloc:off, heap free:off
[VM 1] [    0.000000] SLUB: HWalign=64, Order=0-3, MinObjects=0, CPUs=1, Nodes=1
[VM 1] [    0.000000] rcu: Preemptible hierarchical RCU implementation.
[VM 1] [    0.000000] rcu: 	RCU event tracing is enabled.
[VM 1] [    0.000000] rcu: 	RCU restricting CPUs from NR_CPUS=512 to nr_cpu_ids=1.
[VM 1] [    0.000000] 	Trampoline variant of Tasks RCU enabled.
[VM 1] [    0.000000] 	Tracing variant of Tasks RCU enabled.
[VM 1] [    0.000000] rcu: RCU calculated value of scheduler-enlistment delay is 25 jiffies.
[VM 1] [    0.000000] rcu: Adjusting geometry for rcu_fanout_leaf=16, nr_cpu_ids=1
[VM 1] [    0.000000] RCU Tasks: Setting shift to 0 and lim to 1 rcu_task_cb_adjust=1 rcu_task_cpu_ids=1.
[VM 1] [    0.000000] NR_IRQS: 64, nr_irqs: 64, preallocated irqs: 0
[VM 1] [    0.000000] GICv3: 256 SPIs implemented
[VM 1] [    0.000000] GICv3: 0 Extended SPIs implemented
[VM 1] [    0.000000] Root IRQ handler: gic_handle_irq
[VM 1] [    0.000000] GICv3: GICv3 features: 16 PPIs, RSS
[VM 1] [    0.000000] GICv3: GICD_CTLR.DS=0, SCR_EL3.FIQ=0
[VM 1] [    0.000000] GICv3: CPU0: found redistributor 0 region 0:0x00000000080a0000
[VM 1] [    0.000000] ITS [mem 0x08080000-0x0809ffff]
[VM 1] [    0.000000] ITS@0x0000000008080000: allocated 8192 Devices @83450000 (indirect, esz 8, psz 64K, shr 1)
[VM 1] [    0.000000] ITS@0x0000000008080000: allocated 8192 Interrupt Collections @83460000 (flat, esz 8, psz 64K, shr 1)
[VM 1] [    0.000000] GICv3: using LPI property table @0x0000000083470000
[VM 1] [    0.000000] GICv3: CPU0: using allocated LPI pending table @0x0000000083480000
[VM 1] [    0.000000] rcu: srcu_init: Setting srcu_struct sizes based on contention.
[VM 1] [    0.000000] arch_timer: cp15 timer running at 62.50MHz (virt).
[VM 1] [    0.000000] clocksource: arch_sys_counter: mask: 0x1ffffffffffffff max_cycles: 0x1cd42e208c, max_idle_ns: 881590405314 ns
[VM 1] [    0.000062] sched_clock: 57 bits at 63MHz, resolution 16ns, wraps every 4398046511096ns
[VM 1] [    0.007687] Console: colour dummy device 80x25
[VM 1] [    0.008061] printk: legacy console [tty0] enabled
[VM 1] [    0.013619] Calibrating delay loop (skipped), value calculated using timer frequency.. 125.00 BogoMIPS (lpj=250000)
[VM 1] [    0.015007] pid_max: default: 32768 minimum: 301
[VM 1] [    0.018322] Mount-cache hash table entries: 1024 (order: 1, 8192 bytes, linear)
[VM 1] [    0.018387] Mountpoint-cache hash table entries: 1024 (order: 1, 8192 bytes, linear)
[VM 1] [    0.027186] VFS: Finished mounting rootfs on nullfs
[VM 1] [    0.045515] cacheinfo: Unable to detect cache hierarchy for CPU 0
[VM 1] [    0.058014] rcu: Hierarchical SRCU implementation.
[VM 1] [    0.058086] rcu: 	Max phase no-delay instances is 1000.
[VM 1] [    0.061736] fsl-mc MSI: its@8080000 domain created
[VM 1] [    0.062597] EFI services will not be available.
[VM 1] [    0.063069] smp: Bringing up secondary CPUs ...
[VM 1] [    0.063688] smp: Brought up 1 node, 1 CPU
[VM 1] [    0.063724] SMP: Total of 1 processors activated.
[VM 1] [    0.063762] CPU: All CPU(s) started at EL1
[VM 1] [    0.063993] CPU features: detected: 32-bit EL0 Support
[VM 1] [    0.064020] CPU features: detected: 32-bit EL1 Support
[VM 1] [    0.064086] CPU features: detected: CRC32 instructions
[VM 1] [    0.064243] CPU features: detected: PMUv3
[VM 1] [    0.074038] alternatives: applying system-wide alternatives
[VM 1] [    0.101667] Memory: 408164K/524288K available (18688K kernel code, 5242K rwdata, 14504K rodata, 12672K init, 718K bss, 80672K reserved, 32768K cma-reserved)
[VM 1] [    0.127820] devtmpfs: initialized
[VM 1] [    0.152543] clocksource: jiffies: mask: 0xffffffff max_cycles: 0xffffffff, max_idle_ns: 7645041785100000 ns
[VM 1] [    0.153093] posixtimers hash table entries: 512 (order: 1, 8192 bytes, linear)
[VM 1] [    0.153345] futex hash table entries: 256 (16384 bytes on 1 NUMA nodes, total 16 KiB, linear).
[VM 1] [    0.156442] 19744 pages in range for non-PLT usage
[VM 1] [    0.156496] 511264 pages in range for PLT usage
[VM 1] [    0.168061] DMI: not present or invalid.
[VM 1] [    0.186220] NET: Registered PF_NETLINK/PF_ROUTE protocol family
[VM 1] [    0.197168] DMA: preallocated 128 KiB GFP_KERNEL|GFP_DMA pool for atomic allocations
[VM 1] [    0.197495] audit: initializing netlink subsys (disabled)
[VM 1] [    0.203394] audit: type=2000 audit(0.160:1): state=initialized audit_enabled=0 res=1
[VM 1] [    0.204378] thermal_sys: Registered thermal governor 'step_wise'
[VM 1] [    0.204410] thermal_sys: Registered thermal governor 'power_allocator'
[VM 1] [    0.204722] cpuidle: using governor menu
[37m[  5.347348 0:7 axvisor::virtio_net:595] [33mvirtio-net drops an ingress frame: NotReady[m
[m[VM 1] [    0.205663] hw-breakpoint: found 6 breakpoint and 4 watchpoint registers.
[VM 1] [    0.205984] ASID allocator initialised with 65536 entries
[VM 1] [    0.211744] Serial: AMBA PL011 UART driver
[VM 1] [    0.235048] 9000000.pl011: ttyAMA0 at MMIO 0x9000000 (irq = 13, base_baud = 0) is a PL011 rev1
[VM 1] [    0.239696] printk: console [ttyAMA0] enabled
[VM 1] [    1.257136] HugeTLB: registered 1.00 GiB page size, pre-allocated 0 pages
[VM 1] [    1.257207] HugeTLB: 0 KiB vmemmap can be freed for a 1.00 GiB page
[VM 1] [    1.257249] HugeTLB: registered 32.0 MiB page size, pre-allocated 0 pages
[VM 1] [    1.257268] HugeTLB: 0 KiB vmemmap can be freed for a 32.0 MiB page
[VM 1] [    1.257286] HugeTLB: registered 2.00 MiB page size, pre-allocated 0 pages
[VM 1] [    1.257302] HugeTLB: 0 KiB vmemmap can be freed for a 2.00 MiB page
[VM 1] [    1.257318] HugeTLB: registered 64.0 KiB page size, pre-allocated 0 pages
[VM 1] [    1.257333] HugeTLB: 0 KiB vmemmap can be freed for a 64.0 KiB page
[VM 1] [    2.264746] ACPI: Interpreter disabled.
[VM 1] [    2.807322] iommu: Default domain type: Translated
[VM 1] [    2.817643] iommu: DMA domain TLB invalidation policy: strict mode
[VM 1] [    2.831837] SCSI subsystem initialized
[VM 1] [    2.842240] usbcore: registered new interface driver usbfs
[VM 1] [    2.854045] usbcore: registered new interface driver hub
[VM 1] [    2.865097] usbcore: registered new device driver usb
[VM 1] [    2.876383] pps_core: LinuxPPS API ver. 1 registered
[VM 1] [    2.886769] pps_core: Software ver. 5.3.6 - Copyright 2005-2007 Rodolfo Giometti <giometti@linux.it>
[VM 1] [    2.886908] PTP clock support registered
[VM 1] [    2.887362] EDAC MC: Ver: 3.0.0
[VM 1] [    2.921183] scmi_core: SCMI protocol bus registered
[VM 1] [    2.933362] FPGA manager framework
[VM 1] [    2.950016] vgaarb: loaded
[VM 1] [    2.957465] clocksource: Switched to clocksource arch_sys_counter
[VM 1] [    2.972251] VFS: Disk quotas dquot_6.6.0
[VM 1] [    2.981216] VFS: Dquot-cache hash table entries: 512 (order 0, 4096 bytes)
[VM 1] [    3.245771] pnp: PnP ACPI: disabled
[VM 1] [    3.275053] NET: Registered PF_INET protocol family
[VM 1] [    3.286681] IP idents hash table entries: 8192 (order: 4, 65536 bytes, linear)
[VM 1] [    3.304405] tcp_listen_portaddr_hash hash table entries: 256 (order: 0, 4096 bytes, linear)
[VM 1] [    3.321778] Table-perturb hash table entries: 65536 (order: 6, 262144 bytes, linear)
[VM 1] [    3.321874] TCP established hash table entries: 4096 (order: 3, 32768 bytes, linear)
[VM 1] [    3.322127] TCP bind hash table entries: 4096 (order: 5, 131072 bytes, linear)
[VM 1] [    3.322282] TCP: Hash tables configured (established 4096 bind 4096)
[VM 1] [    3.323209] UDP hash table entries: 256 (order: 2, 16384 bytes, linear)
[VM 1] [    3.324124] NET: Registered PF_UNIX/PF_LOCAL protocol family
[VM 1] [    3.408376] RPC: Registered named UNIX socket transport module.
[VM 1] [    3.420865] RPC: Registered udp transport module.
[VM 1] [    3.430934] RPC: Registered tcp transport module.
[VM 1] [    3.440623] RPC: Registered tcp-with-tls transport module.
[VM 1] [    3.451934] RPC: Registered tcp NFSv4.1 backchannel transport module.
[VM 1] [    3.465175] PCI: CLS 0 bytes, default 64
[VM 1] [    3.478683] kvm [1]: HYP mode not available
[VM 1] [    3.491392] Initialise system trusted keyrings
[VM 1] [    3.500998] Unpacking initramfs...
[VM 1] [    3.514544] workingset: timestamp_bits=42 (anon: 38) max_order=17 bucket_order=0 (anon: 0)
[VM 1] [    3.533010] squashfs: version 4.0 (2009/01/31) Phillip Lougher
[VM 1] [    3.551250] NFS: Registering the id_resolver key type
[VM 1] [    3.804305] Key type id_resolver registered
[VM 1] [    3.817858] Key type id_legacy registered
[VM 1] [    3.826711] nfs4filelayout_init: NFSv4 File Layout Driver Registering...
[VM 1] [    3.840096] nfs4flexfilelayout_init: NFSv4 Flexfile Layout Driver Registering...
[VM 1] [    3.855478] 9p: Installing v9fs 9p2000 file system support
[VM 1] [    3.868197] Key type asymmetric registered
[VM 1] [    3.881834] Asymmetric key parser 'x509' registered
[VM 1] [    3.882347] Block layer SCSI generic (bsg) driver version 0.4 loaded (major 244)
[VM 1] [    3.882676] io scheduler mq-deadline registered
[VM 1] [    3.882947] io scheduler kyber registered
[VM 1] [    3.883443] io scheduler bfq registered
[VM 1] [    3.962108] ledtrig-cpu: registered to indicate activity on CPUs
[VM 1] [    4.059235] Serial: 8250/16550 driver, 4 ports, IRQ sharing enabled
[VM 1] [    4.084807] msm_serial: driver initialized
[VM 1] [    4.098790] SuperH (H)SCI(F) driver initialized
[VM 1] [    4.109955] STM32 USART driver initialized
[VM 1] [    4.156896] loop: module loaded
[VM 1] [    4.167449] megasas: 07.734.00.00-rc1
[VM 1] [    4.200068] tun: Universal TUN/TAP device driver, 1.6
[VM 1] [    4.407758] thunder_xcv, ver 1.0
[VM 1] [    4.417955] thunder_bgx, ver 1.0
[VM 1] [    4.425015] nicpf, ver 1.0
[VM 1] [    4.433196] e1000: Intel(R) PRO/1000 Network Driver
[VM 1] [    4.449726] e1000: Copyright (c) 1999-2006 Intel Corporation.
[VM 1] [    4.450153] e1000e: Intel(R) PRO/1000 Network Driver
[VM 1] [    4.450386] e1000e: Copyright(c) 1999 - 2015 Intel Corporation.
[VM 1] [    4.450760] igb: Intel(R) Gigabit Ethernet Network Driver
[VM 1] [    4.450998] igb: Copyright (c) 2007-2014 Intel Corporation.
[VM 1] [    4.451373] igbvf: Intel(R) Gigabit Virtual Function Network Driver
[VM 1] [    4.451579] igbvf: Copyright (c) 2009 - 2012 Intel Corporation.
[VM 1] [    4.452301] sky2: driver version 1.30
[VM 1] [    4.551271] VFIO - User Level meta-driver version: 0.3
[VM 1] [    4.572159] usbcore: registered new interface driver usb-storage
[VM 1] [    4.594939] i2c_dev: i2c /dev entries driver
[VM 1] [    4.633031] SMCCC: SOC_ID: ARCH_SOC_ID not implemented, skipping ....
[VM 1] [    4.651280] usbcore: registered new interface driver usbhid
[VM 1] [    4.665861] usbhid: USB HID core driver
[VM 1] [    4.691718] NET: Registered PF_INET6 protocol family
[VM 1] [    4.716276] Segment Routing with IPv6
[VM 1] [    4.724898] In-situ OAM (IOAM) with IPv6
[VM 1] [    4.950587] sit: IPv6, IPv4 and MPLS over IPv4 tunneling driver
[VM 1] [    4.967255] NET: Registered PF_PACKET protocol family
[VM 1] [    4.982729] 9pnet: Installing 9P2000 support
[VM 1] [    4.991992] Key type dns_resolver registered
[VM 1] [    5.050852] registered taskstats version 1
[VM 1] [    5.052175] Loading compiled-in X.509 certificates
[VM 1] [    5.106030] Demotion targets for Node 0: null
[VM 1] [    5.124409] clk: Disabling unused clocks
[VM 1] [    5.133017] PM: genpd: Disabling unused power domains
[VM 1] [    5.498885] Freeing initrd memory: 17912K
[VM 1] [    5.550515] Freeing unused kernel memory: 12672K
[VM 1] [    5.561849] Run /init as init process
[VM 1] TASK2_INIT_START
[VM 1] TASK2_NET_CONFIGURED interface=eth0 ip=10.0.42.15/24
[VM 1] TASK2_READY role=controller local=10.0.42.15:4242 peer=10.0.42.2:4242
[VM 1] TASK3_MODEL_READY model=baseline version=p-controller-v1 sha256=none path=embedded:fixture-replay mode=bounded-contract
[VM 1] TASK3_CONTROL_SENT elapsed_ms=35 request=1 value=0 target=300 state=300 seq=1 model=baseline
[VM 2] TASK2_CONTROL_RECEIVED seq=1 request=1
[VM 2] TASK3_CONTROL_APPLIED request=1 value=0
[VM 2] TASK3_PLANT_STATE before=300 after=170 dist=0
[VM 2] TASK2_STATUS_SENT seq=1
[VM 1] TASK2_HEARTBEAT_RECEIVED peer_uptime_ms=4760
[VM 1] TASK2_HEARTBEAT_RECEIVED peer_uptime_ms=5090
[VM 1] TASK2_HEARTBEAT_RECEIVED peer_uptime_ms=5310
[VM 1] TASK2_HEARTBEAT_RECEIVED peer_uptime_ms=5530
[VM 1] TASK2_HEARTBEAT_RECEIVED peer_uptime_ms=5750
[VM 1] TASK2_ACK seq=1
[VM 2] TASK2_HEARTBEAT_RECEIVED peer_uptime_ms=245
[VM 1] TASK3_STATUS_RECEIVED elapsed_ms=260 request=1 value=170 state=170 sample=1 rtt_ms=225
[VM 2] TASK2_ACK seq=1
[VM 2] TASK2_CONTROL_RECEIVED seq=2 request=2
[VM 2] TASK3_CONTROL_APPLIED request=2 value=260
[VM 2] TASK3_PLANT_STATE before=170 after=183 dist=0
[VM 2] TASK2_STATUS_SENT seq=2
[VM 1] TASK3_CONTROL_SENT elapsed_ms=260 request=2 value=260 target=300 state=170 seq=2 model=baseline
[VM 1] TASK2_ACK seq=2
[VM 1] TASK3_STATUS_RECEIVED elapsed_ms=345 request=2 value=183 state=183 sample=2 rtt_ms=85
[VM 2] TASK2_ACK seq=2

[Axvisor] detached VM[1] console
Welcome to AxVisor Shell!
Type 'help' to see available commands
Use UP/DOWN arrows to navigate command history
Console shortcuts:
  Ctrl+X, then h  return to the Axvisor shell
  Ctrl+X, then [  attach the previous running guest
  Ctrl+X, then ]  attach the next running guest

[2Kaxvisor:/$ [2Kaxvisor:/$ v[2Kaxvisor:/$ vi[2Kaxvisor:/$ vir[2Kaxvisor:/$ virt[2Kaxvisor:/$ virtn[2Kaxvisor:/$ virtne[2Kaxvisor:/$ virtnet[2Kaxvisor:/$ virtnet [2Kaxvisor:/$ virtnet c[2Kaxvisor:/$ virtnet ca[2Kaxvisor:/$ virtnet cap[2Kaxvisor:/$ virtnet capt[2Kaxvisor:/$ virtnet captu[2Kaxvisor:/$ virtnet captur[2Kaxvisor:/$ virtnet capture[2Kaxvisor:/$ virtnet capture [2Kaxvisor:/$ virtnet capture o[2Kaxvisor:/$ virtnet capture on
virtnet: capture ON
axvisor:/$ 
[Axvisor] attached VM[2] console; use Ctrl+X, then h to return to the shell
TASK2_CONTROL_RECEIVED seq=3 request=3
TASK3_CONTROL_APPLIED request=3 value=234
TASK3_PLANT_STATE before=183 after=181 dist=0
TASK2_STATUS_SENT seq=3
TASK2_DUPLICATE seq=3
TASK2_HEARTBEAT_RECEIVED peer_uptime_ms=1059
TASK2_ACK seq=3
TASK2_CONTROL_RECEIVED seq=4 request=4
TASK3_CONTROL_APPLIED request=4 value=238
TASK3_PLANT_STATE before=181 after=182 dist=0
TASK2_STATUS_SENT seq=4
TASK2_ACK seq=4
TASK2_CONTROL_RECEIVED seq=5 request=5
TASK3_CONTROL_APPLIED request=5 value=236
TASK3_PLANT_STATE before=182 after=182 dist=0
TASK2_STATUS_SENT seq=5
TASK2_ACK seq=5
TASK2_CONTROL_RECEIVED seq=6 request=6
TASK3_CONTROL_APPLIED request=6 value=236
TASK3_PLANT_STATE before=182 after=182 dist=0
TASK2_STATUS_SENT seq=6
TASK2_ACK seq=6
TASK2_CONTROL_RECEIVED seq=7 request=7
TASK3_CONTROL_APPLIED request=7 value=236
TASK3_PLANT_STATE before=182 after=182 dist=0
TASK2_STATUS_SENT seq=7
TASK2_ACK seq=7
TASK2_CONTROL_RECEIVED seq=8 request=8
TASK3_CONTROL_APPLIED request=8 value=236
TASK3_PLANT_STATE before=182 after=182 dist=0
TASK2_STATUS_SENT seq=8
TASK2_ACK seq=8
TASK2_CONTROL_RECEIVED seq=9 request=9
TASK3_CONTROL_APPLIED request=9 value=236
TASK3_PLANT_STATE before=182 after=182 dist=0
TASK2_STATUS_SENT seq=9
TASK2_ACK seq=9
TASK2_CONTROL_RECEIVED seq=10 request=10
TASK3_CONTROL_APPLIED request=10 value=236
TASK3_PLANT_STATE before=182 after=182 dist=0
TASK2_STATUS_SENT seq=10
TASK2_ACK seq=10

[Axvisor] attached VM[1] console; use Ctrl+X, then h to return to the shell
TASK3_CONTROL_SENT elapsed_ms=345 request=3 value=234 target=300 state=183 seq=3 model=baseline
TASK2_HEARTBEAT_RECEIVED peer_uptime_ms=6840
TASK2_RETRANSMIT seq=3 attempt=1
TASK2_ACK seq=3
TASK3_STATUS_RECEIVED elapsed_ms=1079 request=3 value=181 state=181 sample=3 rtt_ms=734
TASK3_CONTROL_SENT elapsed_ms=1079 request=4 value=238 target=300 state=181 seq=4 model=baseline
TASK2_DUPLICATE_ACK seq=3
TASK2_ACK seq=4
TASK3_STATUS_RECEIVED elapsed_ms=1170 request=4 value=182 state=182 sample=4 rtt_ms=91
TASK3_CONTROL_SENT elapsed_ms=1170 request=5 value=236 target=300 state=182 seq=5 model=baseline
TASK2_ACK seq=5
TASK3_STATUS_RECEIVED elapsed_ms=1255 request=5 value=182 state=182 sample=5 rtt_ms=85
TASK3_CONTROL_SENT elapsed_ms=1255 request=6 value=236 target=300 state=182 seq=6 model=baseline
TASK2_ACK seq=6
TASK3_STATUS_RECEIVED elapsed_ms=1352 request=6 value=182 state=182 sample=6 rtt_ms=97
TASK3_CONTROL_SENT elapsed_ms=1352 request=7 value=236 target=300 state=182 seq=7 model=baseline
TASK2_ACK seq=7
TASK3_STATUS_RECEIVED elapsed_ms=1431 request=7 value=182 state=182 sample=7 rtt_ms=79
TASK3_CONTROL_SENT elapsed_ms=1431 request=8 value=236 target=300 state=182 seq=8 model=baseline
TASK2_ACK seq=8
TASK3_STATUS_RECEIVED elapsed_ms=1534 request=8 value=182 state=182 sample=8 rtt_ms=103
TASK3_CONTROL_SENT elapsed_ms=1534 request=9 value=236 target=300 state=182 seq=9 model=baseline
TASK2_ACK seq=9
TASK3_STATUS_RECEIVED elapsed_ms=1601 request=9 value=182 state=182 sample=9 rtt_ms=67
TASK3_CONTROL_SENT elapsed_ms=1601 request=10 value=236 target=300 state=182 seq=10 model=baseline
TASK2_ACK seq=10
TASK3_STATUS_RECEIVED elapsed_ms=1708 request=10 value=182 state=182 sample=10 rtt_ms=107
TASK3_CONTROL_SENT elapsed_ms=1708 request=11 value=236 target=300 state=182 seq=11 model=baseline
TASK2_ACK seq=11
TASK3_STATUS_RECEIVED elapsed_ms=1788 request=11 value=182 state=182 sample=11 rtt_ms=80
TASK3_CONTROL_SENT elapsed_ms=1788 request=12 value=236 target=300 state=182 seq=12 model=baseline
TASK2_ACK seq=12
TASK3_STATUS_RECEIVED elapsed_ms=1885 request=12 value=182 state=182 sample=12 rtt_ms=97
TASK3_CONTROL_SENT elapsed_ms=1885 request=13 value=236 target=300 state=182 seq=13 model=baseline
TASK2_ACK seq=13
TASK3_STATUS_RECEIVED elapsed_ms=1964 request=13 value=182 state=182 sample=13 rtt_ms=79
TASK3_CONTROL_SENT elapsed_ms=1964 request=14 value=236 target=300 state=182 seq=14 model=baseline
TASK2_ACK seq=14
TASK3_STATUS_RECEIVED elapsed_ms=2069 request=14 value=182 state=182 sample=14 rtt_ms=105
TASK3_CONTROL_SENT elapsed_ms=2069 request=15 value=236 target=300 state=182 seq=15 model=baseline
TASK2_ACK seq=15
TASK3_STATUS_RECEIVED elapsed_ms=2146 request=15 value=182 state=182 sample=15 rtt_ms=77
TASK3_CONTROL_SENT elapsed_ms=2146 request=16 value=236 target=300 state=182 seq=16 model=baseline
TASK2_ACK seq=16
TASK3_STATUS_RECEIVED elapsed_ms=2259 request=16 value=332 state=332 sample=16 rtt_ms=113
TASK3_CONTROL_SENT elapsed_ms=2259 request=17 value=0 target=300 state=332 seq=17 model=baseline
TASK2_ACK seq=17
TASK3_STATUS_RECEIVED elapsed_ms=2337 request=17 value=338 state=338 sample=17 rtt_ms=78
TASK3_CONTROL_SENT elapsed_ms=2337 request=18 value=0 target=300 state=338 seq=18 model=baseline
TASK2_HEARTBEAT_RECEIVED peer_uptime_ms=8410
TASK2_ACK seq=18
TASK3_STATUS_RECEIVED elapsed_ms=2637 request=18 value=342 state=342 sample=18 rtt_ms=300
TASK3_CONTROL_SENT elapsed_ms=2637 request=19 value=0 target=300 state=342 seq=19 model=baseline
TASK2_ACK seq=19
TASK3_STATUS_RECEIVED elapsed_ms=2713 request=19 value=344 state=344 sample=19 rtt_ms=76
TASK3_CONTROL_SENT elapsed_ms=2713 request=20 value=0 target=300 state=344 seq=20 model=baseline
TASK2_ACK seq=20
TASK3_STATUS_RECEIVED elapsed_ms=2814 request=20 value=345 state=345 sample=20 rtt_ms=101
TASK3_CONTROL_SENT elapsed_ms=2814 request=21 value=0 target=300 state=345 seq=21 model=baseline
TASK2_ACK seq=21
TASK3_STATUS_RECEIVED elapsed_ms=2892 request=21 value=346 state=346 sample=21 rtt_ms=78
TASK3_CONTROL_SENT elapsed_ms=2892 request=22 value=0 target=300 state=346 seq=22 model=baseline
TASK2_HEARTBEAT_RECEIVED peer_uptime_ms=8960
TASK2_ACK seq=22
TASK3_STATUS_RECEIVED elapsed_ms=3202 request=22 value=346 state=346 sample=22 rtt_ms=310
TASK3_CONTROL_SENT elapsed_ms=3202 request=23 value=0 target=300 state=346 seq=23 model=baseline
TASK2_ACK seq=23
TASK3_STATUS_RECEIVED elapsed_ms=3288 request=23 value=346 state=346 sample=23 rtt_ms=86
TASK3_CONTROL_SENT elapsed_ms=3288 request=24 value=0 target=300 state=346 seq=24 model=baseline
TASK2_ACK seq=24
TASK3_STATUS_RECEIVED elapsed_ms=3376 request=24 value=346 state=346 sample=24 rtt_ms=88
TASK3_CONTROL_SENT elapsed_ms=3376 request=25 value=0 target=300 state=346 seq=25 model=baseline
TASK2_ACK seq=25
TASK3_STATUS_RECEIVED elapsed_ms=3476 request=25 value=346 state=346 sample=25 rtt_ms=100
TASK3_CONTROL_SENT elapsed_ms=3476 request=26 value=0 target=300 state=346 seq=26 model=baseline
TASK2_HEARTBEAT_RECEIVED peer_uptime_ms=9550
TASK2_ACK seq=26
TASK3_STATUS_RECEIVED elapsed_ms=3748 request=26 value=346 state=346 sample=26 rtt_ms=272
TASK3_CONTROL_SENT elapsed_ms=3748 request=27 value=0 target=300 state=346 seq=27 model=baseline
TASK2_ACK seq=27
TASK3_STATUS_RECEIVED elapsed_ms=3825 request=27 value=346 state=346 sample=27 rtt_ms=77
TASK3_CONTROL_SENT elapsed_ms=3825 request=28 value=0 target=300 state=346 seq=28 model=baseline
TASK2_ACK seq=28
TASK3_STATUS_RECEIVED elapsed_ms=3927 request=28 value=346 state=346 sample=28 rtt_ms=102
TASK3_CONTROL_SENT elapsed_ms=3927 request=29 value=0 target=300 state=346 seq=29 model=baseline
TASK2_ACK seq=29
TASK3_STATUS_RECEIVED elapsed_ms=4013 request=29 value=346 state=346 sample=29 rtt_ms=86
TASK3_CONTROL_SENT elapsed_ms=4013 request=30 value=0 target=300 state=346 seq=30 model=baseline
TASK2_HEARTBEAT_RECEIVED peer_uptime_ms=10100
TASK2_ACK seq=30
TASK3_STATUS_RECEIVED elapsed_ms=4339 request=30 value=346 state=346 sample=30 rtt_ms=326
TASK3_CONTROL_SENT elapsed_ms=4339 request=31 value=0 target=300 state=346 seq=31 model=baseline
TASK2_ACK seq=31
TASK3_STATUS_RECEIVED elapsed_ms=4432 request=31 value=346 state=346 sample=31 rtt_ms=93
TASK3_CONTROL_SENT elapsed_ms=4432 request=32 value=0 target=300 state=346 seq=32 model=baseline
TASK2_ACK seq=32
TASK3_STATUS_RECEIVED elapsed_ms=4528 request=32 value=346 state=346 sample=32 rtt_ms=96
TASK3_CONTROL_SENT elapsed_ms=4528 request=33 value=0 target=300 state=346 seq=33 model=baseline
TASK2_ACK seq=33
TASK3_STATUS_RECEIVED elapsed_ms=4612 request=33 value=346 state=346 sample=33 rtt_ms=84
TASK3_CONTROL_SENT elapsed_ms=4612 request=34 value=0 target=300 state=346 seq=34 model=baseline
TASK2_HEARTBEAT_RECEIVED peer_uptime_ms=10670
TASK2_ACK seq=34
TASK3_STATUS_RECEIVED elapsed_ms=4911 request=34 value=346 state=346 sample=34 rtt_ms=299
TASK3_CONTROL_SENT elapsed_ms=4911 request=35 value=0 target=300 state=346 seq=35 model=baseline
TASK2_ACK seq=35
TASK3_STATUS_RECEIVED elapsed_ms=4997 request=35 value=346 state=346 sample=35 rtt_ms=86
TASK3_CONTROL_SENT elapsed_ms=4997 request=36 value=0 target=300 state=346 seq=36 model=baseline
TASK2_ACK seq=36
TASK3_STATUS_RECEIVED elapsed_ms=5092 request=36 value=346 state=346 sample=36 rtt_ms=95
TASK3_CONTROL_SENT elapsed_ms=5092 request=37 value=908 target=800 state=346 seq=37 model=baseline
TASK2_ACK seq=37
TASK3_STATUS_RECEIVED elapsed_ms=5174 request=37 value=663 state=663 sample=37 rtt_ms=82
TASK3_CONTROL_SENT elapsed_ms=5174 request=38 value=274 target=800 state=663 seq=38 model=baseline
TASK2_HEARTBEAT_RECEIVED peer_uptime_ms=11250
TASK2_ACK seq=38
TASK3_STATUS_RECEIVED elapsed_ms=5485 request=38 value=610 state=610 sample=38 rtt_ms=311
TASK3_CONTROL_SENT elapsed_ms=5485 request=39 value=380 target=800 state=610 seq=39 model=baseline
TASK2_ACK seq=39
TASK3_STATUS_RECEIVED elapsed_ms=5573 request=39 value=621 state=621 sample=39 rtt_ms=88
TASK3_CONTROL_SENT elapsed_ms=5573 request=40 value=358 target=800 state=621 seq=40 model=baseline
TASK2_ACK seq=40
TASK3_STATUS_RECEIVED elapsed_ms=5659 request=40 value=618 state=618 sample=40 rtt_ms=86
TASK3_CONTROL_SENT elapsed_ms=5659 request=41 value=364 target=800 state=618 seq=41 model=baseline
TASK2_ACK seq=41
TASK3_STATUS_RECEIVED elapsed_ms=5752 request=41 value=620 state=620 sample=41 rtt_ms=93
TASK3_CONTROL_SENT elapsed_ms=5752 request=42 value=360 target=800 state=620 seq=42 model=baseline
TASK2_HEARTBEAT_RECEIVED peer_uptime_ms=11820
TASK2_ACK seq=42
TASK3_STATUS_RECEIVED elapsed_ms=6036 request=42 value=618 state=618 sample=42 rtt_ms=284
TASK3_CONTROL_SENT elapsed_ms=6036 request=43 value=364 target=800 state=618 seq=43 model=baseline
TASK2_ACK seq=43
TASK3_STATUS_RECEIVED elapsed_ms=6114 request=43 value=620 state=620 sample=43 rtt_ms=78
TASK3_CONTROL_SENT elapsed_ms=6114 request=44 value=360 target=800 state=620 seq=44 model=baseline
TASK2_ACK seq=44
TASK3_STATUS_RECEIVED elapsed_ms=6214 request=44 value=618 state=618 sample=44 rtt_ms=100
TASK3_CONTROL_SENT elapsed_ms=6214 request=45 value=364 target=800 state=618 seq=45 model=baseline
TASK2_ACK seq=45
TASK3_STATUS_RECEIVED elapsed_ms=6292 request=45 value=620 state=620 sample=45 rtt_ms=78
TASK3_CONTROL_SENT elapsed_ms=6292 request=46 value=360 target=800 state=620 seq=46 model=baseline
TASK2_HEARTBEAT_RECEIVED peer_uptime_ms=12370
TASK2_ACK seq=46
TASK3_STATUS_RECEIVED elapsed_ms=6612 request=46 value=618 state=618 sample=46 rtt_ms=320
TASK3_CONTROL_SENT elapsed_ms=6612 request=47 value=364 target=800 state=618 seq=47 model=baseline
TASK2_ACK seq=47
TASK3_STATUS_RECEIVED elapsed_ms=6689 request=47 value=620 state=620 sample=47 rtt_ms=77
TASK3_CONTROL_SENT elapsed_ms=6689 request=48 value=360 target=800 state=620 seq=48 model=baseline
TASK2_ACK seq=48
TASK3_STATUS_RECEIVED elapsed_ms=6785 request=48 value=618 state=618 sample=48 rtt_ms=96
TASK3_CONTROL_SENT elapsed_ms=6785 request=49 value=364 target=800 state=618 seq=49 model=baseline
TASK2_ACK seq=49
TASK3_STATUS_RECEIVED elapsed_ms=6878 request=49 value=620 state=620 sample=49 rtt_ms=93
TASK3_CONTROL_SENT elapsed_ms=6878 request=50 value=360 target=800 state=620 seq=50 model=baseline
TASK2_HEARTBEAT_RECEIVED peer_uptime_ms=12950
TASK2_ACK seq=50
TASK3_STATUS_RECEIVED elapsed_ms=7160 request=50 value=618 state=618 sample=50 rtt_ms=282
TASK3_CONTROL_SENT elapsed_ms=7160 request=51 value=364 target=800 state=618 seq=51 model=baseline
TASK2_ACK seq=51
TASK3_STATUS_RECEIVED elapsed_ms=7249 request=51 value=620 state=620 sample=51 rtt_ms=89
TASK3_CONTROL_SENT elapsed_ms=7249 request=52 value=360 target=800 state=620 seq=52 model=baseline
TASK2_ACK seq=52
TASK3_STATUS_RECEIVED elapsed_ms=7332 request=52 value=618 state=618 sample=52 rtt_ms=83
TASK3_CONTROL_SENT elapsed_ms=7332 request=53 value=364 target=800 state=618 seq=53 model=baseline
TASK2_ACK seq=53
TASK3_STATUS_RECEIVED elapsed_ms=7427 request=53 value=620 state=620 sample=53 rtt_ms=95
TASK3_CONTROL_SENT elapsed_ms=7427 request=54 value=360 target=800 state=620 seq=54 model=baseline
TASK2_HEARTBEAT_RECEIVED peer_uptime_ms=13500
TASK2_ACK seq=54
TASK3_STATUS_RECEIVED elapsed_ms=7716 request=54 value=618 state=618 sample=54 rtt_ms=289
TASK3_CONTROL_SENT elapsed_ms=7716 request=55 value=364 target=800 state=618 seq=55 model=baseline
TASK2_ACK seq=55
TASK3_STATUS_RECEIVED elapsed_ms=7794 request=55 value=620 state=620 sample=55 rtt_ms=78
TASK3_CONTROL_SENT elapsed_ms=7794 request=56 value=360 target=800 state=620 seq=56 model=baseline
TASK2_ACK seq=56
TASK3_STATUS_RECEIVED elapsed_ms=7894 request=56 value=618 state=618 sample=56 rtt_ms=100
TASK3_CONTROL_SENT elapsed_ms=7894 request=57 value=364 target=800 state=618 seq=57 model=baseline
TASK2_ACK seq=57
TASK3_STATUS_RECEIVED elapsed_ms=7973 request=57 value=620 state=620 sample=57 rtt_ms=79
TASK3_CONTROL_SENT elapsed_ms=7973 request=58 value=360 target=800 state=620 seq=58 model=baseline
TASK2_ACK seq=58
TASK3_STATUS_RECEIVED elapsed_ms=8259 request=58 value=618 state=618 sample=58 rtt_ms=286
TASK3_CONTROL_SENT elapsed_ms=8259 request=59 value=364 target=800 state=618 seq=59 model=baseline
TASK2_ACK seq=59
TASK3_STATUS_RECEIVED elapsed_ms=8336 request=59 value=620 state=620 sample=59 rtt_ms=77
TASK3_CONTROL_SENT elapsed_ms=8336 request=60 value=360 target=800 state=620 seq=60 model=baseline
TASK2_ACK seq=60
TASK3_STATUS_RECEIVED elapsed_ms=8432 request=60 value=618 state=618 sample=60 rtt_ms=96
TASK3_CONTROL_SENT elapsed_ms=8432 request=61 value=364 target=800 state=618 seq=61 model=baseline
TASK2_ACK seq=61
TASK3_STATUS_RECEIVED elapsed_ms=8521 request=61 value=620 state=620 sample=61 rtt_ms=89
TASK3_CONTROL_SENT elapsed_ms=8521 request=62 value=360 target=800 state=620 seq=62 model=baseline
TASK2_ACK seq=62
TASK3_STATUS_RECEIVED elapsed_ms=8798 request=62 value=618 state=618 sample=62 rtt_ms=277
TASK3_CONTROL_SENT elapsed_ms=8798 request=63 value=364 target=800 state=618 seq=63 model=baseline
TASK2_ACK seq=63
TASK3_STATUS_RECEIVED elapsed_ms=8863 request=63 value=620 state=620 sample=63 rtt_ms=65
TASK3_CONTROL_SENT elapsed_ms=8863 request=64 value=360 target=800 state=620 seq=64 model=baseline
TASK2_ACK seq=64
TASK3_STATUS_RECEIVED elapsed_ms=8985 request=64 value=618 state=618 sample=64 rtt_ms=122
TASK3_CONTROL_SENT elapsed_ms=8985 request=65 value=364 target=800 state=618 seq=65 model=baseline
TASK2_ACK seq=65
TASK3_STATUS_RECEIVED elapsed_ms=9062 request=65 value=620 state=620 sample=65 rtt_ms=77
TASK3_CONTROL_SENT elapsed_ms=9062 request=66 value=360 target=800 state=620 seq=66 model=baseline
TASK2_ACK seq=66
TASK3_STATUS_RECEIVED elapsed_ms=9354 request=66 value=618 state=618 sample=66 rtt_ms=292
TASK3_CONTROL_SENT elapsed_ms=9354 request=67 value=364 target=800 state=618 seq=67 model=baseline
TASK2_HEARTBEAT_RECEIVED peer_uptime_ms=15210
TASK2_ACK seq=67
TASK3_STATUS_RECEIVED elapsed_ms=9460 request=67 value=620 state=620 sample=67 rtt_ms=106
TASK3_CONTROL_SENT elapsed_ms=9460 request=68 value=360 target=800 state=620 seq=68 model=baseline
TASK2_ACK seq=68
TASK3_STATUS_RECEIVED elapsed_ms=9537 request=68 value=618 state=618 sample=68 rtt_ms=77
TASK3_CONTROL_SENT elapsed_ms=9537 request=69 value=364 target=800 state=618 seq=69 model=baseline
TASK2_ACK seq=69
TASK3_STATUS_RECEIVED elapsed_ms=9634 request=69 value=620 state=620 sample=69 rtt_ms=97
TASK3_CONTROL_SENT elapsed_ms=9634 request=70 value=360 target=800 state=620 seq=70 model=baseline
TASK2_ACK seq=70
TASK3_STATUS_RECEIVED elapsed_ms=9921 request=70 value=618 state=618 sample=70 rtt_ms=287
TASK3_CONTROL_SENT elapsed_ms=9921 request=71 value=364 target=800 state=618 seq=71 model=baseline
TASK2_ACK seq=71
TASK3_STATUS_RECEIVED elapsed_ms=9997 request=71 value=620 state=620 sample=71 rtt_ms=76
TASK3_CONTROL_SENT elapsed_ms=9997 request=72 value=360 target=800 state=620 seq=72 model=baseline
TASK2_ACK seq=72
TASK3_STATUS_RECEIVED elapsed_ms=10096 request=72 value=618 state=618 sample=72 rtt_ms=99
TASK3_CONTROL_SENT elapsed_ms=10096 request=73 value=364 target=800 state=618 seq=73 model=baseline
TASK2_ACK seq=73
TASK3_STATUS_RECEIVED elapsed_ms=10175 request=73 value=620 state=620 sample=73 rtt_ms=79
TASK3_CONTROL_SENT elapsed_ms=10175 request=74 value=360 target=800 state=620 seq=74 model=baseline
TASK2_ACK seq=74
TASK3_STATUS_RECEIVED elapsed_ms=10274 request=74 value=618 state=618 sample=74 rtt_ms=99
TASK3_CONTROL_SENT elapsed_ms=10274 request=75 value=364 target=800 state=618 seq=75 model=baseline
TASK2_HEARTBEAT_RECEIVED peer_uptime_ms=16310
TASK2_ACK seq=75
TASK3_STATUS_RECEIVED elapsed_ms=10524 request=75 value=620 state=620 sample=75 rtt_ms=250
TASK3_CONTROL_SENT elapsed_ms=10524 request=76 value=360 target=800 state=620 seq=76 model=baseline
TASK2_ACK seq=76
TASK3_STATUS_RECEIVED elapsed_ms=10591 request=76 value=618 state=618 sample=76 rtt_ms=67
TASK3_CONTROL_SENT elapsed_ms=10591 request=77 value=364 target=800 state=618 seq=77 model=baseline
TASK2_ACK seq=77
TASK3_STATUS_RECEIVED elapsed_ms=10703 request=77 value=620 state=620 sample=77 rtt_ms=112
TASK3_CONTROL_SENT elapsed_ms=10703 request=78 value=360 target=800 state=620 seq=78 model=baseline
TASK2_ACK seq=78
TASK3_STATUS_RECEIVED elapsed_ms=10780 request=78 value=618 state=618 sample=78 rtt_ms=77
TASK3_CONTROL_SENT elapsed_ms=10780 request=79 value=364 target=800 state=618 seq=79 model=baseline
TASK2_HEARTBEAT_RECEIVED peer_uptime_ms=16860
TASK2_ACK seq=79
TASK3_STATUS_RECEIVED elapsed_ms=11096 request=79 value=620 state=620 sample=79 rtt_ms=316
TASK3_CONTROL_SENT elapsed_ms=11096 request=80 value=360 target=800 state=620 seq=80 model=baseline
TASK2_ACK seq=80
TASK3_STATUS_RECEIVED elapsed_ms=11188 request=80 value=468 state=468 sample=80 rtt_ms=92
TASK3_CONTROL_SENT elapsed_ms=11188 request=81 value=664 target=800 state=468 seq=81 model=baseline
TASK2_ACK seq=81
TASK3_STATUS_RECEIVED elapsed_ms=11274 request=81 value=495 state=495 sample=81 rtt_ms=86
TASK3_CONTROL_SENT elapsed_ms=11274 request=82 value=610 target=800 state=495 seq=82 model=baseline
TASK2_ACK seq=82
TASK3_STATUS_RECEIVED elapsed_ms=11355 request=82 value=491 state=491 sample=82 rtt_ms=81
TASK3_CONTROL_SENT elapsed_ms=11355 request=83 value=618 target=800 state=491 seq=83 model=baseline
TASK2_HEARTBEAT_RECEIVED peer_uptime_ms=17430
TASK2_ACK seq=83
TASK3_STATUS_RECEIVED elapsed_ms=11660 request=83 value=492 state=492 sample=83 rtt_ms=305
TASK3_CONTROL_SENT elapsed_ms=11660 request=84 value=616 target=800 state=492 seq=84 model=baseline
TASK2_ACK seq=84
TASK3_STATUS_RECEIVED elapsed_ms=11737 request=84 value=491 state=491 sample=84 rtt_ms=77
TASK3_CONTROL_SENT elapsed_ms=11737 request=85 value=618 target=800 state=491 seq=85 model=baseline
TASK2_ACK seq=85
TASK3_STATUS_RECEIVED elapsed_ms=11832 request=85 value=492 state=492 sample=85 rtt_ms=95
TASK3_CONTROL_SENT elapsed_ms=11832 request=86 value=616 target=800 state=492 seq=86 model=baseline
TASK2_ACK seq=86
TASK3_STATUS_RECEIVED elapsed_ms=11914 request=86 value=491 state=491 sample=86 rtt_ms=82
TASK3_CONTROL_SENT elapsed_ms=11914 request=87 value=618 target=800 state=491 seq=87 model=baseline
TASK2_HEARTBEAT_RECEIVED peer_uptime_ms=17990
TASK2_ACK seq=87
TASK3_STATUS_RECEIVED elapsed_ms=12220 request=87 value=492 state=492 sample=87 rtt_ms=306
TASK3_CONTROL_SENT elapsed_ms=12220 request=88 value=616 target=800 state=492 seq=88 model=baseline
TASK2_ACK seq=88
TASK3_STATUS_RECEIVED elapsed_ms=12296 request=88 value=491 state=491 sample=88 rtt_ms=76
TASK3_CONTROL_SENT elapsed_ms=12296 request=89 value=618 target=800 state=491 seq=89 model=baseline
TASK2_ACK seq=89
TASK3_STATUS_RECEIVED elapsed_ms=12396 request=89 value=492 state=492 sample=89 rtt_ms=100
TASK3_CONTROL_SENT elapsed_ms=12396 request=90 value=616 target=800 state=492 seq=90 model=baseline
TASK2_ACK seq=90
TASK3_STATUS_RECEIVED elapsed_ms=12472 request=90 value=491 state=491 sample=90 rtt_ms=76
TASK3_CONTROL_SENT elapsed_ms=12472 request=91 value=618 target=800 state=491 seq=91 model=baseline
TASK2_HEARTBEAT_RECEIVED peer_uptime_ms=18550
TASK2_ACK seq=91
TASK3_STATUS_RECEIVED elapsed_ms=12787 request=91 value=492 state=492 sample=91 rtt_ms=315
TASK3_CONTROL_SENT elapsed_ms=12787 request=92 value=616 target=800 state=492 seq=92 model=baseline
TASK2_ACK seq=92
TASK3_STATUS_RECEIVED elapsed_ms=12864 request=92 value=491 state=491 sample=92 rtt_ms=77
TASK3_CONTROL_SENT elapsed_ms=12864 request=93 value=618 target=800 state=491 seq=93 model=baseline
TASK2_ACK seq=93
TASK3_STATUS_RECEIVED elapsed_ms=12962 request=93 value=492 state=492 sample=93 rtt_ms=98
TASK3_CONTROL_SENT elapsed_ms=12962 request=94 value=616 target=800 state=492 seq=94 model=baseline
TASK2_ACK seq=94
TASK3_STATUS_RECEIVED elapsed_ms=13043 request=94 value=491 state=491 sample=94 rtt_ms=81
TASK3_CONTROL_SENT elapsed_ms=13043 request=95 value=618 target=800 state=491 seq=95 model=baseline
TASK2_HEARTBEAT_RECEIVED peer_uptime_ms=19120
TASK2_ACK seq=95
TASK3_STATUS_RECEIVED elapsed_ms=13347 request=95 value=492 state=492 sample=95 rtt_ms=304
TASK3_CONTROL_SENT elapsed_ms=13347 request=96 value=616 target=800 state=492 seq=96 model=baseline
TASK2_ACK seq=96
TASK3_STATUS_RECEIVED elapsed_ms=13424 request=96 value=491 state=491 sample=96 rtt_ms=77
TASK3_CONTROL_SENT elapsed_ms=13424 request=97 value=618 target=800 state=491 seq=97 model=baseline
TASK2_ACK seq=97
TASK3_STATUS_RECEIVED elapsed_ms=13525 request=97 value=492 state=492 sample=97 rtt_ms=101
TASK3_CONTROL_SENT elapsed_ms=13525 request=98 value=616 target=800 state=492 seq=98 model=baseline
TASK2_ACK seq=98
TASK3_STATUS_RECEIVED elapsed_ms=13612 request=98 value=491 state=491 sample=98 rtt_ms=87
TASK3_CONTROL_SENT elapsed_ms=13612 request=99 value=618 target=800 state=491 seq=99 model=baseline
TASK2_HEARTBEAT_RECEIVED peer_uptime_ms=19690
TASK2_ACK seq=99
TASK3_STATUS_RECEIVED elapsed_ms=13907 request=99 value=492 state=492 sample=99 rtt_ms=295
TASK3_CONTROL_SENT elapsed_ms=13907 request=100 value=616 target=800 state=492 seq=100 model=baseline
TASK2_ACK seq=100
TASK3_STATUS_RECEIVED elapsed_ms=13984 request=100 value=491 state=491 sample=100 rtt_ms=77
TASK3_CONTROL_SENT elapsed_ms=13984 request=101 value=618 target=800 state=491 seq=101 model=baseline
TASK2_ACK seq=101
TASK3_STATUS_RECEIVED elapsed_ms=14083 request=101 value=492 state=492 sample=101 rtt_ms=99
TASK3_CONTROL_SENT elapsed_ms=14083 request=102 value=616 target=800 state=492 seq=102 model=baseline
TASK2_ACK seq=102
TASK3_STATUS_RECEIVED elapsed_ms=14163 request=102 value=491 state=491 sample=102 rtt_ms=80
TASK3_CONTROL_SENT elapsed_ms=14163 request=103 value=618 target=800 state=491 seq=103 model=baseline
TASK2_HEARTBEAT_RECEIVED peer_uptime_ms=20240
TASK2_ACK seq=103
TASK3_STATUS_RECEIVED elapsed_ms=14480 request=103 value=492 state=492 sample=103 rtt_ms=317
TASK3_CONTROL_SENT elapsed_ms=14480 request=104 value=616 target=800 state=492 seq=104 model=baseline
TASK2_ACK seq=104
TASK3_STATUS_RECEIVED elapsed_ms=14558 request=104 value=491 state=491 sample=104 rtt_ms=78
TASK3_CONTROL_SENT elapsed_ms=14558 request=105 value=618 target=800 state=491 seq=105 model=baseline
TASK2_ACK seq=105
TASK3_STATUS_RECEIVED elapsed_ms=14659 request=105 value=492 state=492 sample=105 rtt_ms=101
TASK3_CONTROL_SENT elapsed_ms=14659 request=106 value=616 target=800 state=492 seq=106 model=baseline
TASK2_ACK seq=106
TASK3_STATUS_RECEIVED elapsed_ms=14736 request=106 value=491 state=491 sample=106 rtt_ms=77
TASK3_CONTROL_SENT elapsed_ms=14736 request=107 value=618 target=800 state=491 seq=107 model=baseline
TASK2_HEARTBEAT_RECEIVED peer_uptime_ms=20820
TASK2_ACK seq=107
TASK3_STATUS_RECEIVED elapsed_ms=15052 request=107 value=492 state=492 sample=107 rtt_ms=316
TASK3_CONTROL_SENT elapsed_ms=15052 request=108 value=16 target=500 state=492 seq=108 model=baseline
TASK2_ACK seq=108
TASK3_STATUS_RECEIVED elapsed_ms=15130 request=108 value=282 state=282 sample=108 rtt_ms=78
TASK3_CONTROL_SENT elapsed_ms=15130 request=109 value=436 target=500 state=282 seq=109 model=baseline
TASK2_ACK seq=109
TASK3_STATUS_RECEIVED elapsed_ms=15232 request=109 value=311 state=311 sample=109 rtt_ms=102
TASK3_CONTROL_SENT elapsed_ms=15232 request=110 value=378 target=500 state=311 seq=110 model=baseline
TASK2_ACK seq=110
TASK3_STATUS_RECEIVED elapsed_ms=15313 request=110 value=308 state=308 sample=110 rtt_ms=81
TASK3_CONTROL_SENT elapsed_ms=15313 request=111 value=384 target=500 state=308 seq=111 model=baseline
TASK2_HEARTBEAT_RECEIVED peer_uptime_ms=21390
TASK2_ACK seq=111
TASK3_STATUS_RECEIVED elapsed_ms=15628 request=111 value=308 state=308 sample=111 rtt_ms=315
TASK3_CONTROL_SENT elapsed_ms=15628 request=112 value=384 target=500 state=308 seq=112 model=baseline
TASK2_ACK seq=112
TASK3_STATUS_RECEIVED elapsed_ms=15716 request=112 value=308 state=308 sample=112 rtt_ms=88
TASK3_CONTROL_SENT elapsed_ms=15716 request=113 value=384 target=500 state=308 seq=113 model=baseline
TASK2_ACK seq=113
TASK3_STATUS_RECEIVED elapsed_ms=15808 request=113 value=308 state=308 sample=113 rtt_ms=92
TASK3_CONTROL_SENT elapsed_ms=15808 request=114 value=384 target=500 state=308 seq=114 model=baseline
TASK2_ACK seq=114
TASK3_STATUS_RECEIVED elapsed_ms=15893 request=114 value=308 state=308 sample=114 rtt_ms=85
TASK3_CONTROL_SENT elapsed_ms=15893 request=115 value=384 target=500 state=308 seq=115 model=baseline
TASK2_HEARTBEAT_RECEIVED peer_uptime_ms=21970
TASK2_ACK seq=115
TASK3_STATUS_RECEIVED elapsed_ms=16192 request=115 value=308 state=308 sample=115 rtt_ms=299
TASK3_CONTROL_SENT elapsed_ms=16192 request=116 value=384 target=500 state=308 seq=116 model=baseline
TASK2_ACK seq=116
TASK3_STATUS_RECEIVED elapsed_ms=16274 request=116 value=308 state=308 sample=116 rtt_ms=82
TASK3_CONTROL_SENT elapsed_ms=16274 request=117 value=384 target=500 state=308 seq=117 model=baseline
TASK2_ACK seq=117
TASK3_STATUS_RECEIVED elapsed_ms=16374 request=117 value=308 state=308 sample=117 rtt_ms=100
TASK3_CONTROL_SENT elapsed_ms=16374 request=118 value=384 target=500 state=308 seq=118 model=baseline
TASK2_ACK seq=118
TASK3_STATUS_RECEIVED elapsed_ms=16453 request=118 value=308 state=308 sample=118 rtt_ms=79
TASK3_CONTROL_SENT elapsed_ms=16453 request=119 value=384 target=500 state=308 seq=119 model=baseline
TASK2_HEARTBEAT_RECEIVED peer_uptime_ms=22520
TASK2_ACK seq=119
TASK3_STATUS_RECEIVED elapsed_ms=16760 request=119 value=308 state=308 sample=119 rtt_ms=307
TASK3_CONTROL_SENT elapsed_ms=16760 request=120 value=384 target=500 state=308 seq=120 model=baseline
TASK2_ACK seq=120
TASK3_STATUS_RECEIVED elapsed_ms=16848 request=120 value=308 state=308 sample=120 rtt_ms=88
TASK3_CONTROL_SENT elapsed_ms=16848 request=121 value=384 target=500 state=308 seq=121 model=baseline
TASK2_ACK seq=121
TASK3_STATUS_RECEIVED elapsed_ms=16936 request=121 value=308 state=308 sample=121 rtt_ms=88
TASK3_CONTROL_SENT elapsed_ms=16936 request=122 value=384 target=500 state=308 seq=122 model=baseline
TASK2_ACK seq=122
TASK3_STATUS_RECEIVED elapsed_ms=17032 request=122 value=308 state=308 sample=122 rtt_ms=96
TASK3_CONTROL_SENT elapsed_ms=17032 request=123 value=384 target=500 state=308 seq=123 model=baseline
TASK2_HEARTBEAT_RECEIVED peer_uptime_ms=23100
TASK2_ACK seq=123
TASK3_STATUS_RECEIVED elapsed_ms=17312 request=123 value=308 state=308 sample=123 rtt_ms=280
TASK3_CONTROL_SENT elapsed_ms=17312 request=124 value=384 target=500 state=308 seq=124 model=baseline
TASK2_ACK seq=124
TASK3_STATUS_RECEIVED elapsed_ms=17391 request=124 value=308 state=308 sample=124 rtt_ms=79
TASK3_CONTROL_SENT elapsed_ms=17391 request=125 value=384 target=500 state=308 seq=125 model=baseline
TASK2_ACK seq=125
TASK3_STATUS_RECEIVED elapsed_ms=17482 request=125 value=308 state=308 sample=125 rtt_ms=91
TASK3_CONTROL_SENT elapsed_ms=17482 request=126 value=384 target=500 state=308 seq=126 model=baseline
TASK2_ACK seq=126
TASK3_STATUS_RECEIVED elapsed_ms=17569 request=126 value=308 state=308 sample=126 rtt_ms=87
TASK3_CONTROL_SENT elapsed_ms=17569 request=127 value=384 target=500 state=308 seq=127 model=baseline
TASK2_HEARTBEAT_RECEIVED peer_uptime_ms=23650
TASK2_ACK seq=127
TASK3_STATUS_RECEIVED elapsed_ms=17875 request=127 value=308 state=308 sample=127 rtt_ms=306
TASK3_CONTROL_SENT elapsed_ms=17875 request=128 value=384 target=500 state=308 seq=128 model=baseline
TASK2_ACK seq=128
TASK3_STATUS_RECEIVED elapsed_ms=17952 request=128 value=308 state=308 sample=128 rtt_ms=77
TASK3_CONTROL_SENT elapsed_ms=17952 request=129 value=384 target=500 state=308 seq=129 model=baseline
TASK2_ACK seq=129
TASK3_STATUS_RECEIVED elapsed_ms=18051 request=129 value=308 state=308 sample=129 rtt_ms=99
TASK3_CONTROL_SENT elapsed_ms=18051 request=130 value=384 target=500 state=308 seq=130 model=baseline
TASK2_ACK seq=130
TASK3_STATUS_RECEIVED elapsed_ms=18132 request=130 value=308 state=308 sample=130 rtt_ms=81
TASK3_CONTROL_SENT elapsed_ms=18132 request=131 value=384 target=500 state=308 seq=131 model=baseline
TASK2_HEARTBEAT_RECEIVED peer_uptime_ms=24210
TASK2_ACK seq=131
TASK3_STATUS_RECEIVED elapsed_ms=18460 request=131 value=308 state=308 sample=131 rtt_ms=328
TASK3_CONTROL_SENT elapsed_ms=18460 request=132 value=384 target=500 state=308 seq=132 model=baseline
TASK2_ACK seq=132
TASK3_STATUS_RECEIVED elapsed_ms=18548 request=132 value=308 state=308 sample=132 rtt_ms=88
TASK3_CONTROL_SENT elapsed_ms=18548 request=133 value=384 target=500 state=308 seq=133 model=baseline
TASK2_ACK seq=133
TASK3_STATUS_RECEIVED elapsed_ms=18646 request=133 value=308 state=308 sample=133 rtt_ms=98
TASK3_CONTROL_SENT elapsed_ms=18646 request=134 value=384 target=500 state=308 seq=134 model=baseline
TASK2_ACK seq=134
TASK3_STATUS_RECEIVED elapsed_ms=18737 request=134 value=308 state=308 sample=134 rtt_ms=91
TASK3_CONTROL_SENT elapsed_ms=18737 request=135 value=384 target=500 state=308 seq=135 model=baseline
TASK2_HEARTBEAT_RECEIVED peer_uptime_ms=24770
TASK2_ACK seq=135
TASK3_STATUS_RECEIVED elapsed_ms=18994 request=135 value=308 state=308 sample=135 rtt_ms=257
TASK3_CONTROL_SENT elapsed_ms=18994 request=136 value=384 target=500 state=308 seq=136 model=baseline
TASK2_ACK seq=136
TASK3_STATUS_RECEIVED elapsed_ms=19074 request=136 value=308 state=308 sample=136 rtt_ms=80
TASK3_CONTROL_SENT elapsed_ms=19074 request=137 value=384 target=500 state=308 seq=137 model=baseline
TASK2_ACK seq=137
TASK3_STATUS_RECEIVED elapsed_ms=19172 request=137 value=308 state=308 sample=137 rtt_ms=98
TASK3_CONTROL_SENT elapsed_ms=19172 request=138 value=384 target=500 state=308 seq=138 model=baseline
TASK2_ACK seq=138
TASK3_STATUS_RECEIVED elapsed_ms=19243 request=138 value=308 state=308 sample=138 rtt_ms=71
TASK3_CONTROL_SENT elapsed_ms=19243 request=139 value=384 target=500 state=308 seq=139 model=baseline
TASK2_HEARTBEAT_RECEIVED peer_uptime_ms=25330
TASK2_ACK seq=139
TASK3_STATUS_RECEIVED elapsed_ms=19575 request=139 value=308 state=308 sample=139 rtt_ms=332
TASK3_CONTROL_SENT elapsed_ms=19575 request=140 value=384 target=500 state=308 seq=140 model=baseline
TASK2_ACK seq=140
TASK3_STATUS_RECEIVED elapsed_ms=19663 request=140 value=308 state=308 sample=140 rtt_ms=88
TASK3_CONTROL_SENT elapsed_ms=19663 request=141 value=384 target=500 state=308 seq=141 model=baseline
TASK2_ACK seq=141
TASK3_STATUS_RECEIVED elapsed_ms=19764 request=141 value=308 state=308 sample=141 rtt_ms=101
TASK3_CONTROL_SENT elapsed_ms=19764 request=142 value=384 target=500 state=308 seq=142 model=baseline
TASK2_ACK seq=142
TASK3_STATUS_RECEIVED elapsed_ms=19853 request=142 value=308 state=308 sample=142 rtt_ms=89
TASK3_CONTROL_SENT elapsed_ms=19853 request=143 value=384 target=500 state=308 seq=143 model=baseline
TASK2_HEARTBEAT_RECEIVED peer_uptime_ms=25890
TASK2_ACK seq=143
TASK3_STATUS_RECEIVED elapsed_ms=20124 request=143 value=308 state=308 sample=143 rtt_ms=271
TASK3_CONTROL_SENT elapsed_ms=20124 request=144 value=384 target=500 state=308 seq=144 model=baseline
TASK2_ACK seq=144
TASK3_STATUS_RECEIVED elapsed_ms=20203 request=144 value=308 state=308 sample=144 rtt_ms=79
TASK3_CONTROL_SENT elapsed_ms=20203 request=145 value=384 target=500 state=308 seq=145 model=baseline
TASK2_ACK seq=145
TASK3_STATUS_RECEIVED elapsed_ms=20295 request=145 value=308 state=308 sample=145 rtt_ms=92
TASK3_CONTROL_SENT elapsed_ms=20295 request=146 value=384 target=500 state=308 seq=146 model=baseline
TASK2_ACK seq=146
TASK3_STATUS_RECEIVED elapsed_ms=20382 request=146 value=308 state=308 sample=146 rtt_ms=87
TASK3_CONTROL_SENT elapsed_ms=20382 request=147 value=384 target=500 state=308 seq=147 model=baseline
TASK2_HEARTBEAT_RECEIVED peer_uptime_ms=26440
TASK2_ACK seq=147
TASK3_STATUS_RECEIVED elapsed_ms=20660 request=147 value=308 state=308 sample=147 rtt_ms=278
TASK3_CONTROL_SENT elapsed_ms=20660 request=148 value=384 target=500 state=308 seq=148 model=baseline
TASK2_ACK seq=148
TASK3_STATUS_RECEIVED elapsed_ms=20752 request=148 value=308 state=308 sample=148 rtt_ms=92
TASK3_CONTROL_SENT elapsed_ms=20752 request=149 value=384 target=500 state=308 seq=149 model=baseline
TASK2_ACK seq=149
TASK3_STATUS_RECEIVED elapsed_ms=20850 request=149 value=308 state=308 sample=149 rtt_ms=98
TASK3_CONTROL_SENT elapsed_ms=20850 request=150 value=384 target=500 state=308 seq=150 model=baseline
TASK2_ACK seq=150
TASK3_STATUS_RECEIVED elapsed_ms=20929 request=150 value=308 state=308 sample=150 rtt_ms=79
TASK3_CONTROL_SENT elapsed_ms=20929 request=151 value=384 target=500 state=308 seq=151 model=baseline
TASK2_HEARTBEAT_RECEIVED peer_uptime_ms=27000
TASK2_ACK seq=151
TASK3_STATUS_RECEIVED elapsed_ms=21231 request=151 value=308 state=308 sample=151 rtt_ms=302
TASK3_CONTROL_SENT elapsed_ms=21231 request=152 value=384 target=500 state=308 seq=152 model=baseline
TASK2_ACK seq=152
TASK3_STATUS_RECEIVED elapsed_ms=21320 request=152 value=308 state=308 sample=152 rtt_ms=89
TASK3_CONTROL_SENT elapsed_ms=21320 request=153 value=384 target=500 state=308 seq=153 model=baseline
TASK2_ACK seq=153
TASK3_STATUS_RECEIVED elapsed_ms=21418 request=153 value=308 state=308 sample=153 rtt_ms=98
TASK3_CONTROL_SENT elapsed_ms=21418 request=154 value=384 target=500 state=308 seq=154 model=baseline
TASK2_ACK seq=154
TASK3_STATUS_RECEIVED elapsed_ms=21510 request=154 value=308 state=308 sample=154 rtt_ms=92
TASK3_CONTROL_SENT elapsed_ms=21510 request=155 value=384 target=500 state=308 seq=155 model=baseline
TASK2_ACK seq=155
TASK3_STATUS_RECEIVED elapsed_ms=21768 request=155 value=308 state=308 sample=155 rtt_ms=258
TASK3_CONTROL_SENT elapsed_ms=21768 request=156 value=384 target=500 state=308 seq=156 model=baseline
TASK2_ACK seq=156
TASK3_STATUS_RECEIVED elapsed_ms=21856 request=156 value=308 state=308 sample=156 rtt_ms=88
TASK3_CONTROL_SENT elapsed_ms=21856 request=157 value=384 target=500 state=308 seq=157 model=baseline
TASK2_ACK seq=157
TASK3_STATUS_RECEIVED elapsed_ms=21955 request=157 value=308 state=308 sample=157 rtt_ms=99
TASK3_CONTROL_SENT elapsed_ms=21955 request=158 value=384 target=500 state=308 seq=158 model=baseline
TASK2_ACK seq=158
TASK3_STATUS_RECEIVED elapsed_ms=22036 request=158 value=308 state=308 sample=158 rtt_ms=81
TASK3_CONTROL_SENT elapsed_ms=22036 request=159 value=384 target=500 state=308 seq=159 model=baseline
TASK2_HEARTBEAT_RECEIVED peer_uptime_ms=28120
TASK2_ACK seq=159
TASK3_STATUS_RECEIVED elapsed_ms=22352 request=159 value=308 state=308 sample=159 rtt_ms=316
TASK3_CONTROL_SENT elapsed_ms=22352 request=160 value=384 target=500 state=308 seq=160 model=baseline
TASK2_ACK seq=160
TASK3_STATUS_RECEIVED elapsed_ms=22432 request=160 value=308 state=308 sample=160 rtt_ms=80
TASK3_CONTROL_SENT elapsed_ms=22432 request=161 value=384 target=500 state=308 seq=161 model=baseline
TASK2_ACK seq=161
TASK3_STATUS_RECEIVED elapsed_ms=22528 request=161 value=308 state=308 sample=161 rtt_ms=96
TASK3_CONTROL_SENT elapsed_ms=22528 request=162 value=384 target=500 state=308 seq=162 model=baseline
TASK2_ACK seq=162
TASK3_STATUS_RECEIVED elapsed_ms=22611 request=162 value=308 state=308 sample=162 rtt_ms=83
TASK3_CONTROL_SENT elapsed_ms=22611 request=163 value=384 target=500 state=308 seq=163 model=baseline
TASK2_HEARTBEAT_RECEIVED peer_uptime_ms=28680
TASK2_ACK seq=163
TASK3_STATUS_RECEIVED elapsed_ms=22916 request=163 value=308 state=308 sample=163 rtt_ms=305
TASK3_CONTROL_SENT elapsed_ms=22916 request=164 value=384 target=500 state=308 seq=164 model=baseline
TASK2_ACK seq=164
TASK3_STATUS_RECEIVED elapsed_ms=23005 request=164 value=308 state=308 sample=164 rtt_ms=89
TASK3_CONTROL_SENT elapsed_ms=23005 request=165 value=384 target=500 state=308 seq=165 model=baseline
TASK2_ACK seq=165
TASK3_STATUS_RECEIVED elapsed_ms=23094 request=165 value=308 state=308 sample=165 rtt_ms=89
TASK3_CONTROL_SENT elapsed_ms=23094 request=166 value=384 target=500 state=308 seq=166 model=baseline
TASK2_ACK seq=166
TASK3_STATUS_RECEIVED elapsed_ms=23185 request=166 value=308 state=308 sample=166 rtt_ms=91
TASK3_CONTROL_SENT elapsed_ms=23185 request=167 value=384 target=500 state=308 seq=167 model=baseline
TASK2_HEARTBEAT_RECEIVED peer_uptime_ms=29250
TASK2_ACK seq=167
TASK3_STATUS_RECEIVED elapsed_ms=23464 request=167 value=308 state=308 sample=167 rtt_ms=279
TASK3_CONTROL_SENT elapsed_ms=23464 request=168 value=384 target=500 state=308 seq=168 model=baseline
TASK2_ACK seq=168
TASK3_STATUS_RECEIVED elapsed_ms=23543 request=168 value=308 state=308 sample=168 rtt_ms=79
TASK3_CONTROL_SENT elapsed_ms=23543 request=169 value=384 target=500 state=308 seq=169 model=baseline
TASK2_ACK seq=169
TASK3_STATUS_RECEIVED elapsed_ms=23646 request=169 value=308 state=308 sample=169 rtt_ms=103
TASK3_CONTROL_SENT elapsed_ms=23646 request=170 value=384 target=500 state=308 seq=170 model=baseline
TASK2_ACK seq=170
TASK3_STATUS_RECEIVED elapsed_ms=23724 request=170 value=308 state=308 sample=170 rtt_ms=78
TASK3_CONTROL_SENT elapsed_ms=23724 request=171 value=384 target=500 state=308 seq=171 model=baseline
TASK2_HEARTBEAT_RECEIVED peer_uptime_ms=29800
TASK2_ACK seq=171
TASK3_STATUS_RECEIVED elapsed_ms=24042 request=171 value=308 state=308 sample=171 rtt_ms=318
TASK3_CONTROL_SENT elapsed_ms=24042 request=172 value=384 target=500 state=308 seq=172 model=baseline
TASK2_ACK seq=172
TASK3_STATUS_RECEIVED elapsed_ms=24132 request=172 value=308 state=308 sample=172 rtt_ms=90
TASK3_CONTROL_SENT elapsed_ms=24132 request=173 value=384 target=500 state=308 seq=173 model=baseline
TASK2_ACK seq=173
TASK3_STATUS_RECEIVED elapsed_ms=24223 request=173 value=308 state=308 sample=173 rtt_ms=91
TASK3_CONTROL_SENT elapsed_ms=24223 request=174 value=384 target=500 state=308 seq=174 model=baseline
TASK2_ACK seq=174
TASK3_STATUS_RECEIVED elapsed_ms=24310 request=174 value=308 state=308 sample=174 rtt_ms=87
TASK3_CONTROL_SENT elapsed_ms=24310 request=175 value=384 target=500 state=308 seq=175 model=baseline
TASK2_HEARTBEAT_RECEIVED peer_uptime_ms=30380
TASK2_ACK seq=175
TASK3_STATUS_RECEIVED elapsed_ms=24603 request=175 value=308 state=308 sample=175 rtt_ms=293
TASK3_CONTROL_SENT elapsed_ms=24603 request=176 value=384 target=500 state=308 seq=176 model=baseline
TASK2_ACK seq=176
TASK3_STATUS_RECEIVED elapsed_ms=24693 request=176 value=308 state=308 sample=176 rtt_ms=90
TASK3_CONTROL_SENT elapsed_ms=24693 request=177 value=384 target=500 state=308 seq=177 model=baseline
TASK2_ACK seq=177
TASK3_STATUS_RECEIVED elapsed_ms=24792 request=177 value=308 state=308 sample=177 rtt_ms=99
TASK3_CONTROL_SENT elapsed_ms=24792 request=178 value=384 target=500 state=308 seq=178 model=baseline
TASK2_ACK seq=178
TASK3_STATUS_RECEIVED elapsed_ms=24880 request=178 value=308 state=308 sample=178 rtt_ms=88
TASK3_CONTROL_SENT elapsed_ms=24880 request=179 value=384 target=500 state=308 seq=179 model=baseline
TASK2_HEARTBEAT_RECEIVED peer_uptime_ms=30950
TASK2_ACK seq=179
TASK3_STATUS_RECEIVED elapsed_ms=25184 request=179 value=308 state=308 sample=179 rtt_ms=304
TASK3_CONTROL_SENT elapsed_ms=25184 request=180 value=384 target=500 state=308 seq=180 model=baseline
TASK2_ACK seq=180
TASK3_STATUS_RECEIVED elapsed_ms=25264 request=180 value=308 state=308 sample=180 rtt_ms=80
TASK3_CONTROL_SENT elapsed_ms=25264 request=181 value=384 target=500 state=308 seq=181 model=baseline
TASK2_ACK seq=181
TASK3_STATUS_RECEIVED elapsed_ms=25359 request=181 value=308 state=308 sample=181 rtt_ms=95
TASK3_CONTROL_SENT elapsed_ms=25359 request=182 value=384 target=500 state=308 seq=182 model=baseline
TASK2_ACK seq=182
TASK3_STATUS_RECEIVED elapsed_ms=25441 request=182 value=308 state=308 sample=182 rtt_ms=82
TASK3_CONTROL_SENT elapsed_ms=25441 request=183 value=384 target=500 state=308 seq=183 model=baseline
TASK2_HEARTBEAT_RECEIVED peer_uptime_ms=31510
TASK2_ACK seq=183
TASK3_STATUS_RECEIVED elapsed_ms=25752 request=183 value=308 state=308 sample=183 rtt_ms=311
TASK3_CONTROL_SENT elapsed_ms=25752 request=184 value=384 target=500 state=308 seq=184 model=baseline
TASK2_ACK seq=184
TASK3_STATUS_RECEIVED elapsed_ms=25822 request=184 value=308 state=308 sample=184 rtt_ms=70
TASK3_CONTROL_SENT elapsed_ms=25822 request=185 value=384 target=500 state=308 seq=185 model=baseline
TASK2_ACK seq=185
TASK3_STATUS_RECEIVED elapsed_ms=25932 request=185 value=308 state=308 sample=185 rtt_ms=110
TASK3_CONTROL_SENT elapsed_ms=25932 request=186 value=384 target=500 state=308 seq=186 model=baseline
TASK2_ACK seq=186
TASK3_STATUS_RECEIVED elapsed_ms=26011 request=186 value=308 state=308 sample=186 rtt_ms=79
TASK3_CONTROL_SENT elapsed_ms=26011 request=187 value=384 target=500 state=308 seq=187 model=baseline
TASK2_HEARTBEAT_RECEIVED peer_uptime_ms=32090
TASK2_ACK seq=187
TASK3_STATUS_RECEIVED elapsed_ms=26320 request=187 value=308 state=308 sample=187 rtt_ms=309
TASK3_CONTROL_SENT elapsed_ms=26320 request=188 value=384 target=500 state=308 seq=188 model=baseline
TASK2_ACK seq=188
TASK3_STATUS_RECEIVED elapsed_ms=26400 request=188 value=308 state=308 sample=188 rtt_ms=80
TASK3_CONTROL_SENT elapsed_ms=26400 request=189 value=384 target=500 state=308 seq=189 model=baseline
TASK2_ACK

[Axvisor] detached VM[1] console
[2Kaxvisor:/$ [2Kaxvisor:/$ v[2Kaxvisor:/$ vi[2Kaxvisor:/$ vir[2Kaxvisor:/$ virt[2Kaxvisor:/$ virtn[2Kaxvisor:/$ virtne[2Kaxvisor:/$ virtnet[2Kaxvisor:/$ virtnet [2Kaxvisor:/$ virtnet c[2Kaxvisor:/$ virtnet ca[2Kaxvisor:/$ virtnet cap[2Kaxvisor:/$ virtnet capt[2Kaxvisor:/$ virtnet captu[2Kaxvisor:/$ virtnet captur[2Kaxvisor:/$ virtnet capture[2Kaxvisor:/$ virtnet capture [2Kaxvisor:/$ virtnet capture d[2Kaxvisor:/$ virtnet capture du[2Kaxvisor:/$ virtnet capture dum[2Kaxvisor:/$ virtnet capture dump
CAPDUMP_BEGIN
CAPTURE 1 9671457232 525400123401525400123402080045000040000000004011129d0a002a020a002a0f10921092002c552b54324e31010500005452543200000000000000000008000032ac87dc0000000000001ab8
CAPTURE 1 9674205152 3333ff12340152540012340186dd6000000000203aff00000000000000000000000000000000ff0200000000000000000001ff12340187007f2100000000fe80000000000000505400fffe1234010e0122752bdbe931
CAPTURE 1 9674821648 33330000001652540012340186dd600000000024000100000000000000000000000000000000ff0200000000000000000000000000163a000502000001008f003b770000000104000000ff0200000000000000000001ff123401
CAPTURE 1 9675302480 5254001234025254001234010800450000449361400040113f370a002a0f0a002a02109210920030972d54324e3101010001545254320000000300000000000c0000e306ae3e01000000000000ea00000003
CAPTURE 1 9694203280 52540012340152540012340208004500003800000000401112a50a002a020a002a0f1092109200241a6154324e310104000054525432000000000000000300000000570cb914
CAPTURE 1 9695754720 52540012340152540012340208004500004400000000401112990a002a020a002a0f1092109200308dd254324e3101020001545254320000000300000000000c0000d296c83d01000000000000b500000003
CAPTURE 1 9733427152 525400123402525400123401080045000044936b400040113f2d0a002a0f0a002a02109210920030972d54324e3101010001545254320000000300000000000c0000e306ae3e01000000000000ea00000003
CAPTURE 1 9740133440 52540012340152540012340208004500003800000000401112a50a002a020a002a0f1092109200241a6154324e310104000054525432000000000000000300000000570cb914
CAPTURE 1 9763415616 525400123402525400123401080045000040936d400040113f2f0a002a0f0a002a0210921092002cb24854324e3101050000545254320000000000000000000800008130f2cf0000000000000423
CAPTURE 1 9776606896 525400123402525400123401080045000038936f400040113f350a002a0f0a002a021092109200241a6154324e310104000054525432000000000000000300000000570cb914
CAPTURE 1 9791648416 5254001234025254001234010800450000449372400040113f260a002a0f0a002a021092109200307fc554324e3101010001545254320000000400000000000c000046b261f501000000000000ee00000004
CAPTURE 1 9795275376 52540012340152540012340208004500003800000000401112a50a002a020a002a0f109210920024223654324e310104000054525432000000000000000400000000336dd4dd
CAPTURE 1 9796031680 52540012340152540012340208004500004400000000401112990a002a020a002a0f10921092003087ba54324e3101020001545254320000000400000000000c0000c502dbe601000000000000b600000004
CAPTURE 1 9868000336 5254001234025254001234010800450000389376400040113f2e0a002a0f0a002a02109210920024223654324e310104000054525432000000000000000400000000336dd4dd
CAPTURE 1 9895818736 5254001234025254001234010800450000449377400040113f210a002a0f0a002a02109210920030a76054324e3101010001545254320000000500000000000c0000eefe920d01000000000000ec00000005
CAPTURE 1 9900059328 52540012340152540012340208004500003800000000401112a50a002a020a002a0f10921092002445cb54324e3101040000545254320000000000000005000000002416c09e
CAPTURE 1 9903810096 52540012340152540012340208004500004400000000401112990a002a020a002a0f109210920030959554324e3101020001545254320000000500000000000c0000178e7b7e01000000000000b600000005
CAPTURE 1 9952623360 525400123402525400123401080045000038937e400040113f260a002a0f0a002a0210921092002445cb54324e3101040000545254320000000000000005000000002416c09e
CAPTURE 1 9983346880 5254001234025254001234010800450000449382400040113f160a002a0f0a002a02109210920030706c54324e3101010001545254320000000600000000000c0000421a75e401000000000000ec00000006
CAPTURE 1 9984813232 52540012340152540012340208004500003800000000401112a50a002a020a002a0f109210920024108854324e3101040000545254320000000000000006000000001d9bfc5b
CAPTURE 1 9988006944 52540012340152540012340208004500004400000000401112990a002a020a002a0f109210920030d09d54324e3101020001545254320000000600000000000c0000bb6a9c9701000000000000b600000006
CAPTURE 1 10049793360 525400123402525400123401080045000038938c400040113f180a002a0f0a002a02109210920024108854324e3101040000545254320000000000000006000000001d9bfc5b
CAPTURE 1 10072230736 5254001234025254001234010800450000449390400040113f080a002a0f0a002a02109210920030c25554324e3101010001545254320000000700000000000c00009096d57c01000000000000ec00000007
CAPTURE 1 10088470688 52540012340152540012340208004500003800000000401112a50a002a020a002a0f109210920024378554324e3101040000545254320000000000000007000000000ae0e818
CAPTURE 1 10090255344 52540012340152540012340208004500004400000000401112990a002a020a002a0f10921092003082a854324e3101020001545254320000000700000000000c000069e63c0f01000000000000b600000007
CAPTURE 1 10128318304 5254001234025254001234010800450000389395400040113f0f0a002a0f0a002a02109210920024378554324e3101040000545254320000000000000007000000000ae0e818
CAPTURE 1 10165148304 5254001234025254001234010800450000449398400040113f000a002a0f0a002a021092109200309e0154324e3101010001545254320000000800000000000c0000e272a7f201000000000000ec00000008
CAPTURE 1 10187502112 52540012340152540012340208004500003800000000401112a50a002a020a002a0f1092109200242d5a54324e310104000054525432000000000000000800000000d55927c9
CAPTURE 1 10188283584 52540012340152540012340208004500004400000000401112990a002a020a002a0f109210920030bf1854324e3101020001545254320000000800000000000c00001b024e8101000000000000b600000008
CAPTURE 1 10231526928 525400123402525400123401080045000038939f400040113f050a002a0f0a002a021092109200242d5a54324e310104000054525432000000000000000800000000d55927c9
CAPTURE 1 10249928688 52540012340252540012340108004500004493a1400040113ef70a002a0f0a002a02109210920030effc54324e3101010001545254320000000900000000000c000030fe076a01000000000000ec00000009
CAPTURE 1 10267405472 52540012340152540012340208004500003800000000401112a50a002a020a002a0f10921092002434cf54324e310104000054525432000000000000000900000000c222338a
CAPTURE 1 10268099440 52540012340152540012340208004500004400000000401112990a002a020a002a0f10921092003070f154324e3101020001545254320000000900000000000c0000c98eee1901000000000000b600000009
CAPTURE 1 10298661760 52540012340252540012340108004500003893a4400040113f000a002a0f0a002a0210921092002434cf54324e310104000054525432000000000000000900000000c222338a
CAPTURE 1 10348251888 52540012340252540012340108004500004493a8400040113ef00a002a0f0a002a02109210920030abc454324e3101010001545254320000000a00000000000c00009c1ae08301000000000000ec0000000a
CAPTURE 1 10363988464 52540012340152540012340208004500003800000000401112a50a002a020a002a0f1092109200241f7c54324e310104000054525432000000000000000a00000000fbaf0f4f
CAPTURE 1 10365825472 52540012340152540012340208004500004400000000401112990a002a020a002a0f109210920030b93d54324e3101020001545254320000000a00000000000c0000656a09f001000000000000b60000000a
CAPTURE 1 10406242832 52540012340252540012340108004500003893ac400040113ef80a002a0f0a002a021092109200241f7c54324e310104000054525432000000000000000a00000000fbaf0f4f
CAPTURE 1 10428346464 52540012340252540012340108004500004493b0400040113ee80a002a0f0a002a0210921092003099af54324e3101010001545254320000000b00000000000c00004e96401b01000000000000ec0000000b
CAPTURE 1 10445793648 52540012340152540012340208004500003800000000401112a50a002a020a002a0f109210920024229954324e310104000054525432000000000000000b00000000ecd41b0c
CAPTURE 1 10446390208 52540012340152540012340208004500004400000000401112990a002a020a002a0f109210920030c74654324e3101020001545254320000000b00000000000c0000b7e6a96801000000000000b60000000b
CAPTURE 1 10485344736 52540012340252540012340108004500003893b8400040113eec0a002a0f0a002a02109210920024229954324e310104000054525432000000000000000b00000000ecd41b0c
CAPTURE 1 10525132672 52540012340252540012340108004500004493be400040113eda0a002a0f0a002a02109210920030e0ac54324e3101010001545254320000000c00000000000c00001ea2291001000000000000ec0000000c
CAPTURE 1 10541653600 52540012340152540012340208004500003800000000401112a50a002a020a002a0f1092109200242afe54324e310104000054525432000000000000000c0000000088b576c5
CAPTURE 1 10543440544 52540012340152540012340208004500004400000000401112990a002a020a002a0f109210920030805d54324e3101020001545254320000000c00000000000c0000e7d2c06301000000000000b60000000c
CAPTURE 1 10582417376 52540012340252540012340108004500003893c4400040113ee00a002a0f0a002a021092109200242afe54324e310104000054525432000000000000000c0000000088b576c5
CAPTURE 1 10605140592 52540012340252540012340108004500004493c6400040113ed20a002a0f0a002a02109210920030d2a554324e3101010001545254320000000d00000000000c0000cc2e898801000000000000ec0000000d
CAPTURE 1 10622442704 52540012340152540012340208004500003800000000401112a50a002a020a002a0f109210920024282354324e310104000054525432000000000000000d000000009fce6286
CAPTURE 1 10623034208 52540012340152540012340208004500004400000000401112990a002a020a002a0f109210920030923854324e3101020001545254320000000d00000000000c0000355e60fb01000000000000b60000000d
CAPTURE 1 10661757696 52540012340252540012340108004500003893cc400040113ed80a002a0f0a002a02109210920024282354324e310104000054525432000000000000000d000000009fce6286
CAPTURE 1 10681548560 33330000001652540012340186dd6000000000240001fe80000000000000505400fffe123401ff0200000000000000000000000000163a000502000001008f00b98e0000000104000000ff0200000000000000000001ff123401
CAPTURE 1 10682068832 33330000000252540012340186dd6000000000103afffe80000000000000505400fffe123401ff0200000000000000000000000000028500725f000000000101525400123401
CAPTURE 1 10699194208 52540012340252540012340108004500004493cd400040113ecb0a002a0f0a002a02109210920030592f54324e3101010001545254320000000e00000000000c000060ca6e6101000000000000ec0000000e
CAPTURE 1 10716111920 52540012340152540012340208004500003800000000401112a50a002a020a002a0f10921092002425f054324e310104000054525432000000000000000e00000000a6435e43
CAPTURE 1 10716937488 52540012340152540012340208004500004400000000401112990a002a020a002a0f10921092003007c354324e3101020001545254320000000e00000000000c000099ba871201000000000000b60000000e
CAPTURE 1 10767172832 52540012340252540012340108004500003893d7400040113ecd0a002a0f0a002a0210921092002425f054324e310104000054525432000000000000000e00000000a6435e43
CAPTURE 1 10782943056 52540012340252540012340108004500004493d9400040113ebf0a002a0f0a002a02109210920030a71854324e3101010001545254320000000f00000000000c0000b246cef901000000000000ec0000000f
CAPTURE 1 10802593760 52540012340152540012340208004500003800000000401112a50a002a020a002a0f1092109200242f3d54324e310104000054525432000000000000000f00000000b1384a00
CAPTURE 1 10804001376 52540012340152540012340208004500004400000000401112990a002a020a002a0f109210920030b5cd54324e3101020001545254320000000f00000000000c00004b36278a01000000000000b60000000f
CAPTURE 1 10844107312 52540012340252540012340108004500003893e9400040113ebb0a002a0f0a002a021092109200242f3d54324e310104000054525432000000000000000f00000000b1384a00
CAPTURE 1 10883111248 52540012340252540012340108004500004493f2400040113ea60a002a0f0a002a0210921092003017d754324e3101010001545254320000001000000000000c000085028b7d01000000000000ec00000010
CAPTURE 1 10900149616 52540012340152540012340208004500003800000000401112a50a002a020a002a0f109210920024a09254324e310104000054525432000000000000001000000000c241c7a0
CAPTURE 1 10906843792 52540012340152540012340208004500004400000000401112990a002a020a002a0f10921092003078f354324e3101020001545254320000001000000000000c0000b5aaf957010000000000014c00000010
CAPTURE 1 10957154544 5254001234025254001234010800450000389401400040113ea30a002a0f0a002a02109210920024a09254324e310104000054525432000000000000001000000000c241c7a0
CAPTURE 1 10976764640 5254001234025254001234010800450000449404400040113e940a002a0f0a002a021092109200306d5b54324e3101010001545254320000001100000000000c0000baaa013b010000000000000000000011
CAPTURE 1 10993205488 52540012340152540012340208004500003800000000401112a50a002a020a002a0f109210920024815554324e310104000054525432000000000000001100000000d53ad3e3
CAPTURE 1 10995100720 52540012340152540012340208004500004400000000401112990a002a020a002a0f109210920030feca54324e3101020001545254320000001100000000000c0000b8f6702c010000000000015200000011
CAPTURE 1 11035092320 5254001234025254001234010800450000389410400040113e940a002a0f0a002a02109210920024815554324e310104000054525432000000000000001100000000d53ad3e3
CAPTURE 1 11237576752 525400123401525400123402080045000040000000004011129d0a002a020a002a0f10921092002cfb0654324e310105000054525432000000000000000000080000b4b959d100000000000020da
CAPTURE 1 11262158192 5254001234025254001234010800450000449447400040113e510a002a0f0a002a021092109200302c1e54324e3101010001545254320000001200000000000c0000164ee6d2010000000000000000000012
CAPTURE 1 11279420192 52540012340152540012340208004500003800000000401112a50a002a020a002a0f1092109200244e9454324e310104000054525432000000000000001200000000ecb7ef26
CAPTURE 1 11280118128 52540012340152540012340208004500004400000000401112990a002a020a002a0f109210920030155054324e3101020001545254320000001200000000000c0000e1923105010000000000015600000012
CAPTURE 1 11303112736 5254001234025254001234010800450000409448400040113e540a002a0f0a002a0210921092002caf0154324e310105000054525432000000000000000000080000f6d07a740000000000000a25
CAPTURE 1 11334433088 525400123402525400123401080045000038944d400040113e570a002a0f0a002a021092109200244e9454324e310104000054525432000000000000001200000000ecb7ef26
CAPTURE 1 11350073232 525400123402525400123401080045000044944f400040113e490a002a0f0a002a021092109200301e3054324e3101010001545254320000001300000000000c0000c4c2464a010000000000000000000013
CAPTURE 1 11369015648 52540012340152540012340208004500003800000000401112a50a002a020a002a0f109210920024333f54324e310104000054525432000000000000001300000000fbccfb65
CAPTURE 1 11369784432 52540012340152540012340208004500004400000000401112990a002a020a002a0f1092109200306bb954324e3101020001545254320000001300000000000c00008c2e2ffc010000000000015800000013
CAPTURE 1 11410327072 5254001234025254001234010800450000389453400040113e510a002a0f0a002a02109210920024333f54324e310104000054525432000000000000001300000000fbccfb65
CAPTURE 1 11428693440 33330000001652540012340186dd6000000000240001fe80000000000000505400fffe123401ff0200000000000000000000000000163a000502000001008f00b98e0000000104000000ff0200000000000000000001ff123401
CAPTURE 1 11454366992 525400123402525400123401080045000044945c400040113e3c0a002a0f0a002a02109210920030650354324e3101010001545254320000001400000000000c000094f62f41010000000000000000000014
CAPTURE 1 11470999552 52540012340152540012340208004500003800000000401112a50a002a020a002a0f109210920024f41654324e3101040000545254320000000000000014000000009fad96ac
CAPTURE 1 11472010128 52540012340152540012340208004500004400000000401112990a002a020a002a0f109210920030d71e54324e3101020001545254320000001400000000000c0000e17a6f47010000000000015900000014
CAPTURE 1 11512139568 5254001234025254001234010800450000389468400040113e3c0a002a0f0a002a02109210920024f41654324e3101040000545254320000000000000014000000009fad96ac
CAPTURE 1 11531709072 525400123402525400123401080045000044946b400040113e2d0a002a0f0a002a0210921092003052e554324e3101010001545254320000001500000000000c0000467a8fd9010000000000000000000015
CAPTURE 1 11533883936 52540012340152540012340208004500003800000000401112a50a002a020a002a0f1092109200241eaa54324e31010400005452543200000000000000150000000088d682ef
CAPTURE 1 11536059840 52540012340152540012340208004500004400000000401112990a002a020a002a0f109210920030fe7754324e3101020001545254320000001500000000000c00007456b50f010000000000015a00000015
CAPTURE 1 11589785088 5254001234025254001234010800450000389472400040113e320a002a0f0a002a021092109200241eaa54324e31010400005452543200000000000000150000000088d682ef
CAPTURE 1 11792271392 525400123401525400123402080045000040000000004011129d0a002a020a002a0f10921092002cdc0054324e310105000054525432000000000000000000080000f99231d80000000000002300
CAPTURE 1 11811548784 525400123402525400123401080045000044949a400040113dfe0a002a0f0a002a02109210920030d66754324e3101010001545254320000001600000000000c0000ea9e6830010000000000000000000016
CAPTURE 1 11816187312 52540012340152540012340208004500003800000000401112a50a002a020a002a0f109210920024bae854324e310104000054525432000000000000001600000000b15bbe2a
CAPTURE 1 11823944816 52540012340152540012340208004500004400000000401112990a002a020a002a0f109210920030fc4254324e3101020001545254320000001600000000000c0000d8b252e6010000000000015a00000016
CAPTURE 1 11874044704 52540012340252540012340108004500004094a5400040113df70a002a0f0a002a0210921092002c0ee254324e310105000054525432000000000000000000080000a63c68ed0000000000000c60
CAPTURE 1 11899638864 52540012340252540012340108004500003894ab400040113df90a002a0f0a002a02109210920024bae854324e310104000054525432000000000000001600000000b15bbe2a
CAPTURE 1 11918487744 52540012340252540012340108004500004494ac400040113dec0a002a0f0a002a02109210920030287a54324e3101010001545254320000001700000000000c00003812c8a8010000000000000000000017
CAPTURE 1 11935242832 52540012340152540012340208004500003800000000401112a50a002a020a002a0f109210920024d9e354324e310104000054525432000000000000001700000000a620aa69
CAPTURE 1 11936041344 52540012340152540012340208004500004400000000401112990a002a020a002a0f1092109200302b1d54324e3101020001545254320000001700000000000c00000a3ef27e010000000000015a00000017
CAPTURE 1 11985833024 52540012340252540012340108004500003894ba400040113dea0a002a0f0a002a02109210920024d9e354324e310104000054525432000000000000001700000000a620aa69
CAPTURE 1 12016529840 52540012340252540012340108004500004494bc400040113ddc0a002a0f0a002a02109210920030241654324e3101010001545254320000001800000000000c00004af6ba26010000000000000000000018
CAPTURE 1 12033372016 52540012340152540012340208004500003800000000401112a50a002a020a002a0f1092109200244b1b54324e310104000054525432000000000000001800000000799965b8
CAPTURE 1 12036068496 52540012340152540012340208004500004400000000401112990a002a020a002a0f1092109200302e0d54324e3101020001545254320000001800000000000c000078da80f0010000000000015a00000018
CAPTURE 1 12074299504 52540012340252540012340108004500003894c7400040113ddd0a002a0f0a002a021092109200244b1b54324e310104000054525432000000000000001800000000799965b8
CAPTURE 1 12106186976 52540012340252540012340108004500004494cb400040113dcd0a002a0f0a002a0210921092003075f854324e3101010001545254320000001900000000000c0000987a1abe010000000000000000000019
CAPTURE 1 12122863872 52540012340152540012340208004500003800000000401112a50a002a020a002a0f109210920024498e54324e3101040000545254320000000000000019000000006ee271fb
CAPTURE 1 12124062880 52540012340152540012340208004500004400000000401112990a002a020a002a0f1092109200305d1754324e3101020001545254320000001900000000000c0000aa562068010000000000015a00000019
CAPTURE 1 12173864512 52540012340252540012340108004500003894dc400040113dc80a002a0f0a002a02109210920024498e54324e3101040000545254320000000000000019000000006ee271fb
CAPTURE 1 12365742320 52540012340252540012340108004500004494ee400040113daa0a002a0f0a002a02109210920030f73854324e3101010001545254320000001a00000000000c0000349efd5701000000000000000000001a
CAPTURE 1 12384936736 525400123401525400123402080045000040000000004011129d0a002a020a002a0f10921092002ccba754324e3101050000545254320000000000000000000800003eacfac9000000000000254e
CAPTURE 1 12385856304 52540012340152540012340208004500003800000000401112a50a002a020a002a0f10921092002485bd54324e310104000054525432000000000000001a00000000576f4d3e
CAPTURE 1 12388129792 52540012340152540012340208004500004400000000401112990a002a020a002a0f10921092003059a054324e3101020001545254320000001a00000000000c000006b2c781010000000000015a0000001a
CAPTURE 1 12420912288 52540012340252540012340108004500004094f5400040113da70a002a0f0a002a0210921092002cb53154324e310105000054525432000000000000000000080000ad09b9ad0000000000000e83
CAPTURE 1 12445652656 52540012340252540012340108004500003894f8400040113dac0a002a0f0a002a0210921092002485bd54324e310104000054525432000000000000001a00000000576f4d3e
CAPTURE 1 12461360320 52540012340252540012340108004500004494fc400040113d9c0a002a0f0a002a02109210920030e54a54324e3101010001545254320000001b00000000000c0000e6125dcf01000000000000000000001b
CAPTURE 1 12467984736 52540012340152540012340208004500003800000000401112a50a002a020a002a0f10921092002490d854324e310104000054525432000000000000001b000000004014597d
CAPTURE 1 12481407040 52540012340152540012340208004500004400000000401112990a002a020a002a0f109210920030ec7954324e3101020001545254320000001b00000000000c0000d43e6719010000000000015a0000001b
CAPTURE 1 12523152720 5254001234025254001234010800450000389502400040113da20a002a0f0a002a0210921092002490d854324e310104000054525432000000000000001b000000004014597d
CAPTURE 1 12566676768 525400123402525400123401080045000044950c400040113d8c0a002a0f0a002a021092109200303e4054324e3101010001545254320000001c00000000000c0000b62634c401000000000000000000001c
CAPTURE 1 12584147008 52540012340152540012340208004500003800000000401112a50a002a020a002a0f109210920024d13f54324e310104000054525432000000000000001c00000000247534b4
CAPTURE 1 12585039696 52540012340152540012340208004500004400000000401112990a002a020a002a0f10921092003095b354324e3101020001545254320000001c00000000000c0000840a0e12010000000000015a0000001c
CAPTURE 1 12624626096 5254001234025254001234010800450000389517400040113d8d0a002a0f0a002a02109210920024d13f54324e310104000054525432000000000000001c00000000247534b4
CAPTURE 1 12643338688 5254001234025254001234010800450000449518400040113d800a002a0f0a002a02109210920030302254324e3101010001545254320000001d00000000000c000064aa945c01000000000000000000001d
CAPTURE 1 12644799520 52540012340152540012340208004500003800000000401112a50a002a020a002a0f109210920024d66254324e310104000054525432000000000000001d00000000330e20f7
CAPTURE 1 12648084832 52540012340152540012340208004500004400000000401112990a002a020a002a0f10921092003022bd54324e3101020001545254320000001d00000000000c00005686ae8a010000000000015a0000001d
CAPTURE 1 12710344464 5254001234025254001234010800450000389523400040113d810a002a0f0a002a02109210920024d66254324e310104000054525432000000000000001d00000000330e20f7
CAPTURE 1 12933806448 525400123401525400123402080045000040000000004011129d0a002a020a002a0f10921092002cf66754324e310105000054525432000000000000000000080000ca9641f90000000000002774
CAPTURE 1 12945081616 5254001234025254001234010800450000449556400040113d420a002a0f0a002a02109210920030ed2254324e3101010001545254320000001e00000000000c0000c84e73b501000000000000000000001e
CAPTURE 1 12961811040 52540012340152540012340208004500003800000000401112a50a002a020a002a0f10921092002403b254324e310104000054525432000000000000001e000000000a831c32
CAPTURE 1 12964076768 52540012340152540012340208004500004400000000401112990a002a020a002a0f109210920030e40554324e3101020001545254320000001e00000000000c0000fa624963010000000000015a0000001e
CAPTURE 1 13000928096 5254001234025254001234010800450000409562400040113d3a0a002a0f0a002a0210921092002ca9a154324e3101050000545254320000000000000000000800007893f77400000000000010c2
CAPTURE 1 13036565248 5254001234025254001234010800450000389565400040113d3f0a002a0f0a002a0210921092002403b254324e310104000054525432000000000000001e000000000a831c32
CAPTURE 1 13056394336 5254001234025254001234010800450000449566400040113d320a002a0f0a002a021092109200303b3554324e3101010001545254320000001f00000000000c00001ac2d32d01000000000000000000001f
CAPTURE 1 13086082720 52540012340152540012340208004500003800000000401112a50a002a020a002a0f10921092002403fd54324e310104000054525432000000000000001f000000001df80871
CAPTURE 1 13088114992 52540012340152540012340208004500004400000000401112990a002a020a002a0f10921092003014e054324e3101020001545254320000001f00000000000c000028eee9fb010000000000015a0000001f
CAPTURE 1 13130165488 5254001234025254001234010800450000389578400040113d2c0a002a0f0a002a0210921092002403fd54324e310104000054525432000000000000001f000000001df80871
CAPTURE 1 13157553072 5254001234025254001234010800450000449579400040113d1f0a002a0f0a002a02109210920030899e54324e3101010001545254320000002000000000000c0000a6c6f8bd010000000000000000000020
CAPTURE 1 13174089520 52540012340152540012340208004500003800000000401112a50a002a020a002a0f109210920024368254324e310104000054525432000000000000002000000000ec700772
CAPTURE 1 13175536336 52540012340152540012340208004500004400000000401112990a002a020a002a0f109210920030d07154324e3101020001545254320000002000000000000c000094eac26b010000000000015a00000020
CAPTURE 1 13226210624 5254001234025254001234010800450000389580400040113d240a002a0f0a002a02109210920024368254324e310104000054525432000000000000002000000000ec700772
CAPTURE 1 13250701520 5254001234025254001234010800450000449584400040113d140a002a0f0a002a021092109200305cb154324e3101010001545254320000002100000000000c0000744a5825010000000000000000000021
CAPTURE 1 13268161520 52540012340152540012340208004500003800000000401112a50a002a020a002a0f1092109200241c2754324e310104000054525432000000000000002100000000fb0b1331
CAPTURE 1 13269402656 52540012340152540012340208004500004400000000401112990a002a020a002a0f1092109200307e6c54324e3101020001545254320000002100000000000c0000466662f3010000000000015a00000021
CAPTURE 1 13309337328 5254001234025254001234010800450000389593400040113d110a002a0f0a002a021092109200241c2754324e310104000054525432000000000000002100000000fb0b1331
CAPTURE 1 13506716768 525400123401525400123402080045000040000000004011129d0a002a020a002a0f10921092002c76ed54324e310105000054525432000000000000000000080000321357bd00000000000029ae
CAPTURE 1 13526438128 52540012340252540012340108004500004495a3400040113cf50a002a0f0a002a0210921092003090a354324e3101010001545254320000002200000000000c0000d8aebfcc010000000000000000000022
CAPTURE 1 13548333184 52540012340152540012340208004500003800000000401112a50a002a020a002a0f10921092002437e854324e310104000054525432000000000000002200000000c2862ff4
CAPTURE 1 13550151568 52540012340152540012340208004500004400000000401112990a002a020a002a0f109210920030b82654324e3101020001545254320000002200000000000c0000ea82851a010000000000015a00000022
CAPTURE 1 13582792544 52540012340252540012340108004500004095ae400040113cee0a002a0f0a002a0210921092002c327c54324e31010500005452543200000000000000000008000021b9c3320000000000001304
CAPTURE 1 13608583744 52540012340252540012340108004500003895b1400040113cf30a002a0f0a002a0210921092002437e854324e310104000054525432000000000000002200000000c2862ff4
CAPTURE 1 13627395744 52540012340252540012340108004500004495b2400040113ce60a002a0f0a002a02109210920030ffa654324e3101010001545254320000002300000000000c00000a221f54010000000000000000000023
CAPTURE 1 13644046560 52540012340152540012340208004500003800000000401112a50a002a020a002a0f10921092002418ad54324e310104000054525432000000000000002300000000d5fd3bb7
CAPTURE 1 13644853856 52540012340152540012340208004500004400000000401112990a002a020a002a0f109210920030ca3154324e3101020001545254320000002300000000000c0000380e2582010000000000015a00000023
CAPTURE 1 13694301552 52540012340252540012340108004500003895c0400040113ce40a002a0f0a002a0210921092002418ad54324e310104000054525432000000000000002300000000d5fd3bb7
CAPTURE 1 13724523488 52540012340252540012340108004500004495c5400040113cd30a002a0f0a002a0210921092003058a554324e3101010001545254320000002400000000000c00005a16765f010000000000000000000024
CAPTURE 1 13749115360 52540012340152540012340208004500003800000000401112a50a002a020a002a0f109210920024224654324e310104000054525432000000000000002400000000b19c567e
CAPTURE 1 13750981728 52540012340152540012340208004500004400000000401112990a002a020a002a0f10921092003072fc54324e3101020001545254320000002400000000000c0000683a4c89010000000000015a00000024
CAPTURE 1 13789618272 52540012340252540012340108004500003895cf400040113cd50a002a0f0a002a02109210920024224654324e310104000054525432000000000000002400000000b19c567e
CAPTURE 1 13814554816 52540012340252540012340108004500004495d3400040113cc50a002a0f0a002a02109210920030b17954324e3101010001545254320000002500000000000c00007a18f9fa010000000000038c00000025
CAPTURE 1 13832056736 52540012340152540012340208004500003800000000401112a50a002a020a002a0f109210920024413b54324e310104000054525432000000000000002500000000a6e7423d
CAPTURE 1 13832826304 52540012340152540012340208004500004400000000401112990a002a020a002a0f109210920030460454324e3101020001545254320000002500000000000c00002da7b2d5010000000000029700000025
CAPTURE 1 13872295888 52540012340252540012340108004500003895d4400040113cd00a002a0f0a002a02109210920024413b54324e310104000054525432000000000000002500000000a6e7423d
CAPTURE 1 14079479360 525400123401525400123402080045000040000000004011129d0a002a020a002a0f10921092002c72a154324e31010500005452543200000000000000000008000062f828e00000000000002bf2
CAPTURE 1 14104754384 52540012340252540012340108004500004495ed400040113cab0a002a0f0a002a021092109200300c9954324e3101010001545254320000002600000000000c0000f5022669010000000000011200000026
CAPTURE 1 14124147040 52540012340152540012340208004500003800000000401112a50a002a020a002a0f1092109200240bfc54324e3101040000545254320000000000000026000000009f6a7ef8
CAPTURE 1 14124844528 52540012340152540012340208004500004400000000401112990a002a020a002a0f1092109200309b0b54324e3101020001545254320000002600000000000c000001978a11010000000000026200000026
CAPTURE 1 14157861888 52540012340252540012340108004500004095f3400040113ca90a002a0f0a002a0210921092002c582554324e3101050000545254320000000000000000000800000fe4ad16000000000000154c
CAPTURE 1 14183203968 52540012340252540012340108004500003895f7400040113cad0a002a0f0a002a021092109200240bfc54324e3101040000545254320000000000000026000000009f6a7ef8
CAPTURE 1 14202687600 52540012340252540012340108004500004495f8400040113ca00a002a0f0a002a02109210920030d62f54324e3101010001545254320000002700000000000c0000018c4fdd010000000000017c00000027
CAPTURE 1 14219617264 52540012340152540012340208004500003800000000401112a50a002a020a002a0f109210920024379154324e31010400005452543200000000000000270000000088116abb
CAPTURE 1 14220403232 52540012340152540012340208004500004400000000401112990a002a020a002a0f109210920030180354324e3101020001545254320000002700000000000c0000514bbd58010000000000026d00000027
CAPTURE 1 14270597024 5254001234025254001234010800450000389600400040113ca40a002a0f0a002a02109210920024379154324e31010400005452543200000000000000270000000088116abb
CAPTURE 1 14299256240 5254001234025254001234010800450000449602400040113c960a002a0f0a002a021092109200301c0454324e3101010001545254320000002800000000000c00005938b270010000000000016600000028
CAPTURE 1 14316228496 52540012340152540012340208004500003800000000401112a50a002a020a002a0f1092109200242d4a54324e31010400005452543200000000000000280000000057a8a56a
CAPTURE 1 14318024096 52540012340152540012340208004500004400000000401112990a002a020a002a0f109210920030815254324e3101020001545254320000002800000000000c0000918f13c6010000000000026a00000028
CAPTURE 1 14357214720 525400123402525400123401080045000038960c400040113c980a002a0f0a002a021092109200242d4a54324e31010400005452543200000000000000280000000057a8a56a
CAPTURE 1 14391076288 525400123402525400123401080045000044960e400040113c8a0a002a0f0a002a021092109200305c5754324e3101010001545254320000002900000000000c0000c1040a49010000000000016c00000029
CAPTURE 1 14408079776 52540012340152540012340208004500003800000000401112a50a002a020a002a0f109210920024385f54324e31010400005452543200000000000000290000000040d3b129
CAPTURE 1 14409301072 52540012340152540012340208004500004400000000401112990a002a020a002a0f109210920030136254324e3101020001545254320000002900000000000c0000cc4346fe010000000000026c00000029
CAPTURE 1 14449359840 525400123402525400123401080045000038961b400040113c890a002a0f0a002a02109210920024385f54324e31010400005452543200000000000000290000000040d3b129
CAPTURE 1 14649202656 525400123401525400123402080045000040000000004011129d0a002a020a002a0f10921092002c59e554324e3101050000545254320000000000000000000800007ee423760000000000002e2c
CAPTURE 1 14653833216 5254001234025254001234010800450000449648400040113c500a002a0f0a002a0210921092003043e654324e3101010001545254320000002a00000000000c000098604b6001000000000001680000002a
CAPTURE 1 14672329312 52540012340152540012340208004500003800000000401112a50a002a020a002a0f109210920024231054324e310104000054525432000000000000002a00000000795e8dec
CAPTURE 1 14673192736 52540012340152540012340208004500004400000000401112990a002a020a002a0f109210920030e20454324e3101020001545254320000002a00000000000c0000efe754b7010000000000026a0000002a
CAPTURE 1 14707721936 5254001234025254001234010800450000409655400040113c470a002a0f0a002a0210921092002c440654324e310105000054525432000000000000000000080000fcb3d23f0000000000001772
CAPTURE 1 14734223712 5254001234025254001234010800450000389657400040113c4d0a002a0f0a002a02109210920024231054324e310104000054525432000000000000002a00000000795e8dec
CAPTURE 1 14750172048 5254001234025254001234010800450000449659400040113c3f0a002a0f0a002a021092109200301afc54324e3101010001545254320000002b00000000000c0000bf6c4d38010000000000016c0000002b
CAPTURE 1 14756347072 52540012340152540012340208004500003800000000401112a50a002a020a002a0f109210920024228554324e310104000054525432000000000000002b000000006e2599af
CAPTURE 1 14764074256 52540012340152540012340208004500004400000000401112990a002a020a002a0f10921092003072e554324e3101020001545254320000002b00000000000c0000b22b018f010000000000026c0000002b
CAPTURE 1 14811498864 5254001234025254001234010800450000389660400040113c440a002a0f0a002a02109210920024228554324e310104000054525432000000000000002b000000006e2599af
CAPTURE 1 14853172992 5254001234025254001234010800450000449661400040113c370a002a0f0a002a0210921092003089d754324e3101010001545254320000002c00000000000c00001ad882f301000000000001680000002c
CAPTURE 1 14870677168 52540012340152540012340208004500003800000000401112a50a002a020a002a0f1092109200242bae54324e310104000054525432000000000000002c000000000a44f466
CAPTURE 1 14871252736 52540012340152540012340208004500004400000000401112990a002a020a002a0f1092109200301c1c54324e3101020001545254320000002c00000000000c00006d5f9d24010000000000026a0000002c
CAPTURE 1 14885550464 33330000000252540012340186dd6000000000103afffe80000000000000505400fffe123401ff0200000000000000000000000000028500725f000000000101525400123401
CAPTURE 1 14912281632 525400123402525400123401080045000038966b400040113c390a002a0f0a002a021092109200242bae54324e310104000054525432000000000000002c000000000a44f466
CAPTURE 1 14931371328 525400123402525400123401080045000044966f400040113c290a002a0f0a002a02109210920030651d54324e3101010001545254320000002d00000000000c00003dd484ab010000000000016c0000002d
CAPTURE 1 14948466240 52540012340152540012340208004500003800000000401112a50a002a020a002a0f1092109200242cf354324e310104000054525432000000000000002d000000001d3fe025
CAPTURE 1 14950416400 52540012340152540012340208004500004400000000401112990a002a020a002a0f1092109200302dec54324e3101020001545254320000002d00000000000c00003093c81c010000000000026c0000002d
CAPTURE 1 14989753344 5254001234025254001234010800450000389675400040113c2f0a002a0f0a002a021092109200242cf354324e310104000054525432000000000000002d000000001d3fe025
CAPTURE 1 15206499952 525400123401525400123402080045000040000000004011129d0a002a020a002a0f10921092002c9c6f54324e3101050000545254320000000000000000000800001d1840920000000000003052
CAPTURE 1 15231624368 52540012340252540012340108004500004496ac400040113bec0a002a0f0a002a02109210920030fd6b54324e3101010001545254320000002e00000000000c000064b0c58201000000000001680000002e
CAPTURE 1 15236159728 52540012340152540012340208004500003800000000401112a50a002a020a002a0f10921092002428c454324e310104000054525432000000000000002e0000000024b2dce0
CAPTURE 1 15249593920 52540012340152540012340208004500004400000000401112990a002a020a002a0f109210920030390f54324e3101020001545254320000002e00000000000c00001337da55010000000000026a0000002e
CAPTURE 1 15284854624 52540012340252540012340108004500004096b2400040113bea0a002a0f0a002a0210921092002cda6354324e310105000054525432000000000000000000080000f9543d0100000000000019b2
CAPTURE 1 15309767792 52540012340252540012340108004500003896b4400040113bf00a002a0f0a002a0210921092002428c454324e310104000054525432000000000000002e0000000024b2dce0
CAPTURE 1 15329082288 52540012340252540012340108004500004496b7400040113be10a002a0f0a002a02109210920030200254324e3101010001545254320000002f00000000000c000043bcc3da010000000000016c0000002f
CAPTURE 1 15343996992 52540012340152540012340208004500003800000000401112a50a002a020a002a0f1092109200242de954324e310104000054525432000000000000002f0000000033c9c8a3
CAPTURE 1 15346937808 52540012340152540012340208004500004400000000401112990a002a020a002a0f109210920030482f54324e3101020001545254320000002f00000000000c00004efb8f6d010000000000026c0000002f
CAPTURE 1 15386322528 52540012340252540012340108004500003896c4400040113be00a002a0f0a002a021092109200242de954324e310104000054525432000000000000002f0000000033c9c8a3
CAPTURE 1 15425830976 52540012340252540012340108004500004496c8400040113bd00a002a0f0a002a02109210920030858454324e3101010001545254320000003000000000000c00008178209e010000000000016800000030
CAPTURE 1 15444083024 52540012340152540012340208004500003800000000401112a50a002a020a002a0f109210920024a4a154324e31010400005452543200000000000000300000000040b04503
CAPTURE 1 15444676864 52540012340152540012340208004500004400000000401112990a002a020a002a0f109210920030f04e54324e3101020001545254320000003000000000000c0000f6ff3f49010000000000026a00000030
CAPTURE 1 15483235904 52540012340252540012340108004500003896d1400040113bd30a002a0f0a002a02109210920024a4a154324e31010400005452543200000000000000300000000040b04503
CAPTURE 1 15506937744 52540012340252540012340108004500004496d6400040113bc20a002a0f0a002a021092109200305a5a54324e3101010001545254320000003100000000000c0000a67426c6010000000000016c00000031
CAPTURE 1 15523911536 52540012340152540012340208004500003800000000401112a50a002a020a002a0f109210920024814854324e31010400005452543200000000000000310000000057cb5140
CAPTURE 1 15524691968 52540012340152540012340208004500004400000000401112990a002a020a002a0f10921092003010ef54324e3101020001545254320000003100000000000c0000ab336a71010000000000026c00000031
CAPTURE 1 15575734800 52540012340252540012340108004500003896e0400040113bc40a002a0f0a002a02109210920024814854324e31010400005452543200000000000000310000000057cb5140
CAPTURE 1 15774482976 525400123401525400123402080045000040000000004011129d0a002a020a002a0f10921092002c1ff554324e310105000054525432000000000000000000080000b32724b90000000000003296
CAPTURE 1 15781750512 5254001234025254001234010800450000449705400040113b930a002a0f0a002a02109210920030c09654324e3101010001545254320000003200000000000c0000ff1067ef010000000000016800000032
CAPTURE 1 15799169088 52540012340152540012340208004500003800000000401112a50a002a020a002a0f1092109200244e8754324e3101040000545254320000000000000032000000006e466d85
CAPTURE 1 15799888256 52540012340152540012340208004500004400000000401112990a002a020a002a0f10921092003025c454324e3101020001545254320000003200000000000c000088977838010000000000026a00000032
CAPTURE 1 15832972864 525400123402525400123401080045000040970d400040113b8f0a002a0f0a002a0210921092002c193854324e31010500005452543200000000000000000008000092d162940000000000001bce
CAPTURE 1 15858082272 525400123402525400123401080045000038970e400040113b960a002a0f0a002a021092109200244e8754324e3101040000545254320000000000000032000000006e466d85
CAPTURE 1 15877166512 5254001234025254001234010800450000449712400040113b860a002a0f0a002a02109210920030edbc54324e3101010001545254320000003300000000000c0000d81c61b7010000000000016c00000033
CAPTURE 1 15894094848 52540012340152540012340208004500003800000000401112a50a002a020a002a0f109210920024374e54324e310104000054525432000000000000003300000000793d79c6
CAPTURE 1 15895004864 52540012340152540012340208004500004400000000401112990a002a020a002a0f109210920030243454324e3101020001545254320000003300000000000c0000d55b2d00010000000000026c00000033
CAPTURE 1 15946387376 5254001234025254001234010800450000389723400040113b810a002a0f0a002a02109210920024374e54324e310104000054525432000000000000003300000000793d79c6
CAPTURE 1 15977467200 5254001234025254001234010800450000449726400040113b720a002a0f0a002a02109210920030fb6d54324e3101010001545254320000003400000000000c00007da8ae7c010000000000016800000034
CAPTURE 1 15995177152 52540012340152540012340208004500003800000000401112a50a002a020a002a0f109210920024f8e554324e3101040000545254320000000000000034000000001d5c140f
CAPTURE 1 15995765440 52540012340152540012340208004500004400000000401112990a002a020a002a0f1092109200306ab554324e3101020001545254320000003400000000000c00000a2fb1ab010000000000026a00000034
CAPTURE 1 16029403136 5254001234025254001234010800450000389730400040113b740a002a0f0a002a02109210920024f8e554324e3101040000545254320000000000000034000000001d5c140f
CAPTURE 1 16066427168 5254001234025254001234010800450000449734400040113b640a002a0f0a002a0210921092003024c454324e3101010001545254320000003500000000000c00005aa4a824010000000000016c00000035
CAPTURE 1 16084099008 52540012340152540012340208004500003800000000401112a50a002a020a002a0f1092109200241fdd54324e3101040000545254320000000000000035000000000a27004c
CAPTURE 1 16085382368 52540012340152540012340208004500004400000000401112990a002a020a002a0f109210920030ea1454324e3101020001545254320000003500000000000c000057e3e493010000000000026c00000035
CAPTURE 1 16124775200 525400123402525400123401080045000038973d400040113b670a002a0f0a002a021092109200241fdd54324e3101040000545254320000000000000035000000000a27004c
CAPTURE 1 16336971376 525400123401525400123402080045000040000000004011129d0a002a020a002a0f10921092002c6c0054324e3101050000545254320000000000000000000800003ec64ae900000000000034bc
CAPTURE 1 16340212320 5254001234025254001234010800450000449740400040113b580a002a0f0a002a021092109200303ac154324e3101010001545254320000003600000000000c000003c0e90d010000000000016800000036
CAPTURE 1 16356926976 52540012340152540012340208004500003800000000401112a50a002a020a002a0f109210920024ba1b54324e31010400005452543200000000000000360000000033aa3c89
CAPTURE 1 16357832672 52540012340152540012340208004500004400000000401112990a002a020a002a0f109210920030bb6954324e3101020001545254320000003600000000000c00007447f6da010000000000026a00000036
CAPTURE 1 16382727168 5254001234025254001234010800450000409742400040113b5a0a002a0f0a002a0210921092002ced0e54324e3101050000545254320000000000000000000800007b5ba4040000000000001dfd
CAPTURE 1 16414124000 525400123402525400123401080045000038974a400040113b5a0a002a0f0a002a02109210920024ba1b54324e31010400005452543200000000000000360000000033aa3c89
CAPTURE 1 16430739472 525400123402525400123401080045000044974b400040113b4d0a002a0f0a002a02109210920030136754324e3101010001545254320000003700000000000c000024ccef55010000000000016c00000037
CAPTURE 1 16436366368 52540012340152540012340208004500003800000000401112a50a002a020a002a0f109210920024dcb254324e31010400005452543200000000000000370000000024d128ca
CAPTURE 1 16444089568 52540012340152540012340208004500004400000000401112990a002a020a002a0f109210920030591a54324e3101020001545254320000003700000000000c0000298ba3e2010000000000026c00000037
CAPTURE 1 16491729648 5254001234025254001234010800450000389753400040113b510a002a0f0a002a02109210920024dcb254324e31010400005452543200000000000000370000000024d128ca
CAPTURE 1 16533814576 5254001234025254001234010800450000449754400040113b440a002a0f0a002a0210921092003048c754324e3101010001545254320000003800000000000c0000a3a83b1b010000000000016800000038
CAPTURE 1 16550897536 52540012340152540012340208004500003800000000401112a50a002a020a002a0f10921092002447c854324e310104000054525432000000000000003800000000fb68e71b
CAPTURE 1 16552038016 52540012340152540012340208004500004400000000401112990a002a020a002a0f1092109200302d8c54324e3101020001545254320000003800000000000c0000d42f24cc010000000000026a00000038
CAPTURE 1 16592333648 5254001234025254001234010800450000389760400040113b440a002a0f0a002a0210921092002447c854324e310104000054525432000000000000003800000000fb68e71b
CAPTURE 1 16611254432 5254001234025254001234010800450000449762400040113b360a002a0f0a002a02109210920030659d54324e3101010001545254320000003900000000000c000084a43d43010000000000016c00000039
CAPTURE 1 16628147600 52540012340152540012340208004500003800000000401112a50a002a020a002a0f1092109200244adf54324e310104000054525432000000000000003900000000ec13f358
CAPTURE 1 16628955648 52540012340152540012340208004500004400000000401112990a002a020a002a0f1092109200302aac54324e3101020001545254320000003900000000000c000089e371f4010000000000026c00000039
CAPTURE 1 16670536976 5254001234025254001234010800450000389770400040113b340a002a0f0a002a021092109200244adf54324e310104000054525432000000000000003900000000ec13f358
CAPTURE 1 16711633680 5254001234025254001234010800450000449774400040113b240a002a0f0a002a02109210920030cd5b54324e3101010001545254320000003a00000000000c0000ddc07c6a01000000000001680000003a
CAPTURE 1 16897024448 52540012340152540012340208004500003800000000401112a50a002a020a002a0f109210920024850e54324e310104000054525432000000000000003a00000000d59ecf9d
CAPTURE 1 16914185504 52540012340152540012340208004500004400000000401112990a002a020a002a0f109210920030187f54324e3101020001545254320000003a00000000000c0000aa4763bd010000000000026a0000003a
CAPTURE 1 16944768944 5254001234025254001234010800450000409797400040113b050a002a0f0a002a0210921092002c347054324e31010500005452543200000000000000000008000097603e6e000000000000202d
CAPTURE 1 16956344864 5254001234025254001234010800450000389798400040113b0c0a002a0f0a002a02109210920024850e54324e310104000054525432000000000000003a00000000d59ecf9d
CAPTURE 1 16976333072 5254001234025254001234010800450000449799400040113aff0a002a0f0a002a02109210920030b28154324e3101010001545254320000003b00000000000c0000facc7a32010000000000016c0000003b
CAPTURE 1 16994073344 52540012340152540012340208004500003800000000401112a50a002a020a002a0f1092109200248b8554324e310104000054525432000000000000003b00000000c2e5dbde
CAPTURE 1 16994701952 52540012340152540012340208004500004400000000401112990a002a020a002a0f109210920030f86e54324e3101020001545254320000003b00000000000c0000f78b3685010000000000026c0000003b
CAPTURE 1 17034292752 52540012340252540012340108004500003897a7400040113afd0a002a0f0a002a021092109200248b8554324e310104000054525432000000000000003b00000000c2e5dbde
CAPTURE 1 17077373808 52540012340252540012340108004500004497af400040113ae90a002a0f0a002a02109210920030121154324e3101010001545254320000003c00000000000c00005f78b5f901000000000001680000003c
CAPTURE 1 17094808656 52540012340152540012340208004500003800000000401112a50a002a020a002a0f109210920024cdac54324e310104000054525432000000000000003c00000000a684b617
CAPTURE 1 17095403200 52540012340152540012340208004500004400000000401112990a002a020a002a0f109210920030535254324e3101020001545254320000003c00000000000c000028ffaa2e010000000000026a0000003c
CAPTURE 1 17130058928 52540012340252540012340108004500003897b9400040113aeb0a002a0f0a002a02109210920024cdac54324e310104000054525432000000000000003c00000000a684b617
CAPTURE 1 17150509056 52540012340252540012340108004500004497ba400040113ade0a002a0f0a002a02109210920030fb6654324e3101010001545254320000003d00000000000c00007874b3a1010000000000016c0000003d
CAPTURE 1 17167313664 52540012340152540012340208004500003800000000401112a50a002a020a002a0f109210920024d5f354324e310104000054525432000000000000003d00000000b1ffa254
CAPTURE 1 17168112480 52540012340152540012340208004500004400000000401112990a002a020a002a0f109210920030b23154324e3101020001545254320000003d00000000000c00007533ff16010000000000026c0000003d
CAPTURE 1 17218453088 52540012340252540012340108004500003897c9400040113adb0a002a0f0a002a02109210920024d5f354324e310104000054525432000000000000003d00000000b1ffa254
CAPTURE 1 17246257728 52540012340252540012340108004500004497cb400040113acd0a002a0f0a002a0210921092003013e654324e3101010001545254320000003e00000000000c00002110f28801000000000001680000003e
CAPTURE 1 17454908560 52540012340152540012340208004500003800000000401112a50a002a020a002a0f109210920024034354324e310104000054525432000000000000003e0000000088729e91
CAPTURE 1 17455545136 52540012340152540012340208004500004400000000401112990a002a020a002a0f109210920030e28454324e3101020001545254320000003e00000000000c00005697ed5f010000000000026a0000003e
CAPTURE 1 17483765824 52540012340252540012340108004500004097d5400040113ac70a002a0f0a002a0210921092002ce98954324e3101050000545254320000000000000000000800007680a817000000000000224a
CAPTURE 1 17495709808 52540012340252540012340108004500003897d8400040113acc0a002a0f0a002a02109210920024034354324e310104000054525432000000000000003e0000000088729e91
CAPTURE 1 17514455600 52540012340252540012340108004500004497dd400040113abb0a002a0f0a002a021092109200302c8c54324e3101010001545254320000003f00000000000c0000061cf4d0010000000000016c0000003f
CAPTURE 1 17532031200 52540012340152540012340208004500003800000000401112a50a002a020a002a0f109210920024006a54324e310104000054525432000000000000003f000000009f098ad2
CAPTURE 1 17532632352 52540012340152540012340208004500004400000000401112990a002a020a002a0f10921092003062b554324e3101020001545254320000003f00000000000c00000b5bb867010000000000026c0000003f
CAPTURE 1 17560908032 52540012340252540012340108004500003897e0400040113ac40a002a0f0a002a02109210920024006a54324e310104000054525432000000000000003f000000009f098ad2
CAPTURE 1 17615150416 52540012340252540012340108004500004497e9400040113aaf0a002a0f0a002a02109210920030012854324e3101010001545254320000004000000000000c00008269a3e9010000000000016800000040
CAPTURE 1 17631886288 52540012340152540012340208004500003800000000401112a50a002a020a002a0f109210920024f35a54324e310104000054525432000000000000004000000000b01386d6
CAPTURE 1 17632697328 52540012340152540012340208004500004400000000401112990a002a020a002a0f109210920030744a54324e3101020001545254320000004000000000000c0000f5eebc3e010000000000026a00000040
CAPTURE 1 17682461504 52540012340252540012340108004500003897f3400040113ab10a002a0f0a002a02109210920024f35a54324e310104000054525432000000000000004000000000b01386d6
CAPTURE 1 17698467232 52540012340252540012340108004500004497f5400040113aa30a002a0f0a002a02109210920030dc5d54324e3101010001545254320000004100000000000c0000a565a5b1010000000000016c00000041
CAPTURE 1 17706421408 52540012340152540012340208004500003800000000401112a50a002a020a002a0f109210920024f04554324e310104000054525432000000000000004100000000a7689295
CAPTURE 1 17720709968 52540012340152540012340208004500004400000000401112990a002a020a002a0f109210920030954a54324e3101020001545254320000004100000000000c0000a822e906010000000000026c00000041
CAPTURE 1 17760068384 52540012340252540012340108004500003897fe400040113aa60a002a0f0a002a02109210920024f04554324e310104000054525432000000000000004100000000a7689295
CAPTURE 1 17803209472 5254001234025254001234010800450000449805400040113a930a002a0f0a002a0210921092003046dc54324e3101010001545254320000004200000000000c0000fc01e498010000000000016800000042
CAPTURE 1 17814048464 52540012340152540012340208004500003800000000401112a50a002a020a002a0f109210920024dd0c54324e3101040000545254320000000000000042000000009ee5ae50
CAPTURE 1 18008350320 52540012340152540012340208004500004400000000401112990a002a020a002a0f1092109200309f9d54324e3101020001545254320000004200000000000c00008b86fb4f010000000000026a00000042
CAPTURE 1 18039661536 5254001234025254001234010800450000409811400040113a8b0a002a0f0a002a0210921092002c854154324e31010500005452543200000000000000000008000071040fab000000000000247b
CAPTURE 1 18047704064 525400123401525400123402080045000040000000004011129d0a002a020a002a0f10921092002cf64b54324e310105000054525432000000000000000000080000d6ee21c70000000000003b6a
CAPTURE 1 18051785760 5254001234025254001234010800450000389814400040113a900a002a0f0a002a02109210920024dd0c54324e3101040000545254320000000000000042000000009ee5ae50
CAPTURE 1 18071099152 5254001234025254001234010800450000449818400040113a800a002a0f0a002a0210921092003069a254324e3101010001545254320000004300000000000c0000db0de2c0010000000000016c00000043
CAPTURE 1 18088078848 52540012340152540012340208004500003800000000401112a50a002a020a002a0f109210920024e68f54324e310104000054525432000000000000004300000000899eba13
CAPTURE 1 18088859456 52540012340152540012340208004500004400000000401112990a002a020a002a0f109210920030a1ad54324e3101020001545254320000004300000000000c0000d64aae77010000000000026c00000043
CAPTURE 1 18158036192 5254001234025254001234010800450000389820400040113a840a002a0f0a002a02109210920024e68f54324e310104000054525432000000000000004300000000899eba13
CAPTURE 1 18176932784 5254001234025254001234010800450000449821400040113a770a002a0f0a002a021092109200307bae54324e3101010001545254320000004400000000000c00007eb92d0b010000000000016800000044
CAPTURE 1 18194357904 52540012340152540012340208004500003800000000401112a50a002a020a002a0f109210920024646654324e310104000054525432000000000000004400000000edffd7da
CAPTURE 1 18194949856 52540012340152540012340208004500004400000000401112990a002a020a002a0f109210920030ea5554324e3101020001545254320000004400000000000c0000093e32dc010000000000026a00000044
CAPTURE 1 18234432336 5254001234025254001234010800450000389827400040113a7d0a002a0f0a002a02109210920024646654324e310104000054525432000000000000004400000000edffd7da
CAPTURE 1 18273969152 5254001234025254001234010800450000449831400040113a670a002a0f0a002a02109210920030a26454324e3101010001545254320000004500000000000c000059b52b53010000000000016c00000045
CAPTURE 1 18291574080 52540012340152540012340208004500003800000000401112a50a002a020a002a0f1092109200246c2154324e310104000054525432000000000000004500000000fa84c399
CAPTURE 1 18292311056 52540012340152540012340208004500004400000000401112990a002a020a002a0f109210920030699554324e3101020001545254320000004500000000000c000054f267e4010000000000026c00000045
CAPTURE 1 18331338976 5254001234025254001234010800450000389836400040113a6e0a002a0f0a002a021092109200246c2154324e310104000054525432000000000000004500000000fa84c399
CAPTURE 1 18354248000 525400123402525400123401080045000044983a400040113a5e0a002a0f0a002a02109210920030bc2354324e3101010001545254320000004600000000000c000000d16a7a010000000000016800000046
CAPTURE 1 18578518928 52540012340152540012340208004500003800000000401112a50a002a020a002a0f10921092002467d854324e310104000054525432000000000000004600000000c309ff5c
CAPTURE 1 18579151040 52540012340152540012340208004500004400000000401112990a002a020a002a0f109210920030396854324e3101020001545254320000004600000000000c0000775675ad010000000000026a00000046
CAPTURE 1 18607245888 5254001234025254001234010800450000409876400040113a260a002a0f0a002a0210921092002c4af254324e310105000054525432000000000000000000080000a18a173d00000000000026b2
CAPTURE 1 18618345248 5254001234025254001234010800450000389877400040113a2d0a002a0f0a002a0210921092002467d854324e310104000054525432000000000000004600000000c309ff5c
CAPTURE 1 18637667632 5254001234025254001234010800450000449879400040113a1f0a002a0f0a002a02109210920030936954324e3101010001545254320000004700000000000c000027dd6c22010000000000016c00000047
CAPTURE 1 18655108224 52540012340152540012340208004500003800000000401112a50a002a020a002a0f1092109200246aab54324e310104000054525432000000000000004700000000d472eb1f
CAPTURE 1 18655738576 52540012340152540012340208004500004400000000401112990a002a020a002a0f109210920030db3854324e3101020001545254320000004700000000000c00002a9a2095010000000000026c00000047
CAPTURE 1 18694464240 525400123402525400123401080045000038987b400040113a290a002a0f0a002a021092109200246aab54324e310104000054525432000000000000004700000000d472eb1f
CAPTURE 1 18736323296 525400123402525400123401080045000044987f400040113a190a002a0f0a002a02109210920030ce4454324e3101010001545254320000004800000000000c0000a0b9b86c010000000000016800000048
CAPTURE 1 18753072944 52540012340152540012340208004500003800000000401112a50a002a020a002a0f109210920024f9a354324e3101040000545254320000000000000048000000000bcb24ce
CAPTURE 1 18753913520 52540012340152540012340208004500004400000000401112990a002a020a002a0f109210920030a76d54324e3101020001545254320000004800000000000c0000d73ea7bb010000000000026a00000048
CAPTURE 1 18794097344 525400123402525400123401080045000038988e400040113a160a002a0f0a002a02109210920024f9a354324e3101040000545254320000000000000048000000000bcb24ce
CAPTURE 1 18814485776 5254001234025254001234010800450000449890400040113a080a002a0f0a002a02109210920030e17a54324e3101010001545254320000004900000000000c000087b5be34010000000000016c00000049
CAPTURE 1 18831681216 52540012340152540012340208004500003800000000401112a50a002a020a002a0f109210920024dcfe54324e3101040000545254320000000000000049000000001cb0308d
CAPTURE 1 18832458960 52540012340152540012340208004500004400000000401112990a002a020a002a0f109210920030a8ed54324e3101020001545254320000004900000000000c00008af2f283010000000000026c00000049
CAPTURE 1 18872630768 525400123402525400123401080045000038989e400040113a060a002a0f0a002a02109210920024dcfe54324e3101040000545254320000000000000049000000001cb0308d
CAPTURE 1 18913540064 52540012340252540012340108004500004498a24000401139f60a002a0f0a002a02109210920030497754324e3101010001545254320000004a00000000000c0000ded1ff1d01000000000001680000004a
CAPTURE 1 18930524128 52540012340152540012340208004500003800000000401112a50a002a020a002a0f109210920024f8b554324e310104000054525432000000000000004a00000000253d0c48
CAPTURE 1 18932067616 52540012340152540012340208004500004400000000401112990a002a020a002a0f1092109200309c4254324e3101020001545254320000004a00000000000c0000a956e0ca010000000000026a0000004a
CAPTURE 1 18971700432 52540012340252540012340108004500003898a84000401139fc0a002a0f0a002a02109210920024f8b554324e310104000054525432000000000000004a00000000253d0c48
CAPTURE 1 19142114752 525400123401525400123402080045000040000000004011129d0a002a020a002a0f10921092002c329254324e3101050000545254320000000000000000000800003de77a3c0000000000003fb6
CAPTURE 1 19144724944 52540012340252540012340108004500004498b44000401139e40a002a0f0a002a02109210920030343d54324e3101010001545254320000004b00000000000c0000f9ddf945010000000000016c0000004b
CAPTURE 1 19162391152 52540012340152540012340208004500003800000000401112a50a002a020a002a0f109210920024dfe854324e310104000054525432000000000000004b000000003246180b
CAPTURE 1 19162985952 52540012340152540012340208004500004400000000401112990a002a020a002a0f1092109200307bd254324e3101020001545254320000004b00000000000c0000f49ab5f2010000000000026c0000004b
CAPTURE 1 19196811280 52540012340252540012340108004500004098ba4000401139e20a002a0f0a002a0210921092002c7c3d54324e3101050000545254320000000000000000000800005dd4276c00000000000028ee
CAPTURE 1 19221753408 52540012340252540012340108004500003898bd4000401139e70a002a0f0a002a02109210920024dfe854324e310104000054525432000000000000004b000000003246180b
CAPTURE 1 19241058416 52540012340252540012340108004500004498bf4000401139d90a002a0f0a002a02109210920030946b54324e3101010001545254320000004c00000000000c00005c69368e01000000000001680000004c
CAPTURE 1 19258616576 52540012340152540012340208004500003800000000401112a50a002a020a002a0f1092109200245e4f54324e310104000054525432000000000000004c00000000562775c2
CAPTURE 1 19259238800 52540012340152540012340208004500004400000000401112990a002a020a002a0f109210920030d11854324e3101020001545254320000004c00000000000c00002bee2959010000000000026a0000004c
CAPTURE 1 19289067776 52540012340252540012340108004500003898c84000401139dc0a002a0f0a002a021092109200245e4f54324e310104000054525432000000000000004c00000000562775c2
CAPTURE 1 19341451952 52540012340252540012340108004500004498d54000401139c30a002a0f0a002a021092109200307b2154324e3101010001545254320000004d00000000000c00007b6530d6010000000000016c0000004d
CAPTURE 1 19358671680 52540012340152540012340208004500003800000000401112a50a002a020a002a0f109210920024875a54324e310104000054525432000000000000004d00000000415c6181
CAPTURE 1 19360038256 52540012340152540012340208004500004400000000401112990a002a020a002a0f10921092003033d854324e3101020001545254320000004d00000000000c000076227c61010000000000026c0000004d
CAPTURE 1 19400936928 52540012340252540012340108004500003898e44000401139c00a002a0f0a002a02109210920024875a54324e310104000054525432000000000000004d00000000415c6181
CAPTURE 1 19420361408 52540012340252540012340108004500004498e94000401139af0a002a0f0a002a02109210920030935e54324e3101010001545254320000004e00000000000c0000220171ff01000000000001680000004e
CAPTURE 1 19437923648 52540012340152540012340208004500003800000000401112a50a002a020a002a0f109210920024542154324e310104000054525432000000000000004e0000000078d15d44
CAPTURE 1 19438515344 52540012340152540012340208004500004400000000401112990a002a020a002a0f10921092003062ad54324e3101020001545254320000004e00000000000c000055866e28010000000000026a0000004e
CAPTURE 1 19477644304 52540012340252540012340108004500003898f54000401139af0a002a0f0a002a02109210920024542154324e310104000054525432000000000000004e0000000078d15d44
CAPTURE 1 19695216640 525400123401525400123402080045000040000000004011129d0a002a020a002a0f10921092002c215154324e310105000054525432000000000000000000080000213ca60200000000000041dc
CAPTURE 1 19715155504 525400123402525400123401080045000044991e40004011397a0a002a0f0a002a02109210920030aaa454324e3101010001545254320000004f00000000000c0000050d77a7010000000000016c0000004f
CAPTURE 1 19732543904 52540012340152540012340208004500003800000000401112a50a002a020a002a0f109210920024718454324e310104000054525432000000000000004f000000006faa4907
CAPTURE 1 19733443488 52540012340152540012340208004500004400000000401112990a002a020a002a0f109210920030e2fd54324e3101020001545254320000004f00000000000c0000084a3b10010000000000026c0000004f
CAPTURE 1 19767526032 52540012340252540012340108004500004099244000401139780a002a0f0a002a0210921092002c174b54324e31010500005452543200000000000000000008000067f87ff30000000000002b35
CAPTURE 1 19794216064 525400123402525400123401080045000038992a40004011397a0a002a0f0a002a02109210920024718454324e310104000054525432000000000000004f000000006faa4907
CAPTURE 1 19810126128 525400123402525400123401080045000044992b40004011396d0a002a0f0a002a02109210920030caad54324e3101010001545254320000005000000000000c0000c7c994e3010000000000016800000050
CAPTURE 1 19829354880 52540012340152540012340208004500003800000000401112a50a002a020a002a0f10921092002448ba54324e3101040000545254320000000000000050000000001cd3c4a7
CAPTURE 1 19836129584 52540012340152540012340208004500004400000000401112990a002a020a002a0f1092109200303dd154324e3101020001545254320000005000000000000c0000992d4fef01000000000001d400000050
CAPTURE 1 19886177232 52540012340252540012340108004500003899304000401139740a002a0f0a002a0210921092002448ba54324e3101040000545254320000000000000050000000001cd3c4a7
CAPTURE 1 19913997776 52540012340252540012340108004500004499314000401139670a002a0f0a002a0210921092003033bb54324e3101010001545254320000005100000000000c0000dbe51688010000000000029800000051
CAPTURE 1 19931602848 52540012340152540012340208004500003800000000401112a50a002a020a002a0f1092109200244da754324e3101040000545254320000000000000051000000000ba8d0e4
CAPTURE 1 19932313600 52540012340152540012340208004500004400000000401112990a002a020a002a0f10921092003022a054324e3101020001545254320000005100000000000c00009d5066e001000000000001ef00000051
CAPTURE 1 19971305840 525400123402525400123401080045000038993540004011396f0a002a0f0a002a021092109200244da754324e3101040000545254320000000000000051000000000ba8d0e4
CAPTURE 1 20005260768 525400123402525400123401080045000044993d40004011395b0a002a0f0a002a02109210920030f73954324e3101010001545254320000005200000000000c00007585b99d010000000000026200000052
CAPTURE 1 20022696080 52540012340152540012340208004500003800000000401112a50a002a020a002a0f1092109200240bec54324e3101040000545254320000000000000052000000003225ec21
CAPTURE 1 20023289136 52540012340152540012340208004500004400000000401112990a002a020a002a0f1092109200303ad554324e3101020001545254320000005200000000000c0000c43427c901000000000001eb00000052
CAPTURE 1 20053099552 525400123402525400123401080045000038993e4000401139660a002a0f0a002a021092109200240bec54324e3101040000545254320000000000000052000000003225ec21
CAPTURE 1 20260488160 525400123401525400123402080045000040000000004011129d0a002a020a002a0f10921092002c447254324e31010500005452543200000000000000000008000027fa79e90000000000004416
CAPTURE 1 20282057712 52540012340252540012340108004500004499664000401139320a002a0f0a002a021092109200303c1554324e3101010001545254320000005300000000000c0000977952c4010000000000026a00000053
CAPTURE 1 20300061488 52540012340152540012340208004500003800000000401112a50a002a020a002a0f1092109200240c7154324e310104000054525432000000000000005300000000255ef862
CAPTURE 1 20300854176 52540012340152540012340208004500004400000000401112990a002a020a002a0f10921092003026f654324e3101020001545254320000005300000000000c0000a4985b4101000000000001ec00000053
CAPTURE 1 20333215056 525400123402525400123401080045000040996f40004011392d0a002a0f0a002a0210921092002ca8c554324e310105000054525432000000000000000000080000231531250000000000002d6c
CAPTURE 1 20358096848 52540012340252540012340108004500003899724000401139320a002a0f0a002a021092109200240c7154324e310104000054525432000000000000005300000000255ef862
CAPTURE 1 20374537504 52540012340252540012340108004500004499754000401139230a002a0f0a002a02109210920030001654324e3101010001545254320000005400000000000c0000bd8d68af010000000000026800000054
CAPTURE 1 20386462304 52540012340152540012340208004500003800000000401112a50a002a020a002a0f109210920024534654324e310104000054525432000000000000005400000000413f95ab
CAPTURE 1 20396406224 52540012340152540012340208004500004400000000401112990a002a020a002a0f109210920030f1e754324e3101020001545254320000005400000000000c0000468cee5a01000000000001eb00000054
CAPTURE 1 20434430768 525400123402525400123401080045000038997940004011392b0a002a0f0a002a02109210920024534654324e310104000054525432000000000000005400000000413f95ab
CAPTURE 1 20474075312 525400123402525400123401080045000044997a40004011391e0a002a0f0a002a02109210920030753654324e3101010001545254320000005500000000000c000015c19b57010000000000026a00000055
CAPTURE 1 20491578192 52540012340152540012340208004500003800000000401112a50a002a020a002a0f109210920024520354324e310104000054525432000000000000005500000000564481e8
CAPTURE 1 20492239200 52540012340152540012340208004500004400000000401112990a002a020a002a0f1092109200306dd954324e3101020001545254320000005500000000000c0000262092d201000000000001ec00000055
CAPTURE 1 20530038496 525400123402525400123401080045000038997d4000401139270a002a0f0a002a02109210920024520354324e310104000054525432000000000000005500000000564481e8
CAPTURE 1 20554713600 52540012340252540012340108004500004499814000401139170a002a0f0a002a02109210920030328b54324e3101010001545254320000005600000000000c0000c3e52fde010000000000026800000056
CAPTURE 1 20572081888 52540012340152540012340208004500003800000000401112a50a002a020a002a0f109210920024fd3754324e3101040000545254320000000000000056000000006fc9bd2d
CAPTURE 1 20573053728 52540012340152540012340208004500004400000000401112990a002a020a002a0f10921092003044bb54324e3101020001545254320000005600000000000c000038e4a92b01000000000001eb00000056
CAPTURE 1 20612051888 525400123402525400123401080045000038998840004011391c0a002a0f0a002a02109210920024fd3754324e3101040000545254320000000000000056000000006fc9bd2d
CAPTURE 1 20825473056 525400123401525400123402080045000040000000004011129d0a002a020a002a0f10921092002c1adf54324e3101050000545254320000000000000000000800007ea74a9f0000000000004646
CAPTURE 1 20840803488 52540012340252540012340108004500004499b34000401138e50a002a0f0a002a02109210920030de7a54324e3101010001545254320000005700000000000c00006ba9dc26010000000000026a00000057
CAPTURE 1 20857799760 52540012340152540012340208004500003800000000401112a50a002a020a002a0f109210920024080d54324e31010400005452543200000000000000570000000078b2a96e
CAPTURE 1 20859648864 52540012340152540012340208004500004400000000401112990a002a020a002a0f109210920030f8db54324e3101020001545254320000005700000000000c00005848d5a301000000000001ec00000057
CAPTURE 1 20892707856 52540012340252540012340108004500004099ba4000401138e20a002a0f0a002a0210921092002cb04654324e31010500005452543200000000000000000008000045fd048e0000000000002f9a
CAPTURE 1 20917978384 52540012340252540012340108004500003899c04000401138e40a002a0f0a002a02109210920024080d54324e31010400005452543200000000000000570000000078b2a96e
CAPTURE 1 20937299696 52540012340252540012340108004500004499c54000401138d30a002a0f0a002a02109210920030c4f454324e3101010001545254320000005800000000000c0000638dfdc8010000000000026800000058
CAPTURE 1 20953979616 52540012340152540012340208004500003800000000401112a50a002a020a002a0f1092109200241c6254324e310104000054525432000000000000005800000000a70b66bf
CAPTURE 1 20955981456 52540012340152540012340208004500004400000000401112990a002a020a002a0f10921092003012fd54324e3101020001545254320000005800000000000c0000988c7b3d01000000000001eb00000058
CAPTURE 1 20994288944 52540012340252540012340108004500003899d04000401138d40a002a0f0a002a021092109200241c6254324e310104000054525432000000000000005800000000a70b66bf
CAPTURE 1 21034927488 52540012340252540012340108004500004499d34000401138c50a002a0f0a002a021092109200304c5554324e3101010001545254320000005900000000000c0000cbc10e30010000000000026a00000059
CAPTURE 1 21052135536 52540012340152540012340208004500003800000000401112a50a002a020a002a0f10921092002406bf54324e310104000054525432000000000000005900000000b07072fc
CAPTURE 1 21053052256 52540012340152540012340208004500004400000000401112990a002a020a002a0f10921092003026ee54324e3101020001545254320000005900000000000c0000f82007b501000000000001ec00000059
CAPTURE 1 21093389904 52540012340252540012340108004500003899dd4000401138c70a002a0f0a002a0210921092002406bf54324e310104000054525432000000000000005900000000b07072fc
CAPTURE 1 21112967504 52540012340252540012340108004500004499e24000401138b60a002a0f0a002a021092109200304da854324e3101010001545254320000005a00000000000c00001de5bab901000000000002680000005a
CAPTURE 1 21129862432 52540012340152540012340208004500003800000000401112a50a002a020a002a0f10921092002451f454324e310104000054525432000000000000005a0000000089fd4e39
CAPTURE 1 21131680240 52540012340152540012340208004500004400000000401112990a002a020a002a0f109210920030039254324e3101020001545254320000005a00000000000c0000e6e43c4c01000000000001eb0000005a
CAPTURE 1 21169722192 52540012340252540012340108004500003899ec4000401138b80a002a0f0a002a0210921092002451f454324e310104000054525432000000000000005a0000000089fd4e39
CAPTURE 1 21386958144 525400123401525400123402080045000040000000004011129d0a002a020a002a0f10921092002cc33a54324e310105000054525432000000000000000000080000c6fd57bd0000000000004876
CAPTURE 1 21408419600 5254001234025254001234010800450000449a1b40004011387d0a002a0f0a002a02109210920030275854324e3101010001545254320000005b00000000000c0000b5a94941010000000000026a0000005b
CAPTURE 1 21425471600 52540012340152540012340208004500003800000000401112a50a002a020a002a0f109210920024312954324e310104000054525432000000000000005b000000009e865a7a
CAPTURE 1 21427315088 52540012340152540012340208004500004400000000401112990a002a020a002a0f1092109200305fb354324e3101020001545254320000005b00000000000c0000864840c401000000000001ec0000005b
CAPTURE 1 21459439904 5254001234025254001234010800450000409a254000401138770a002a0f0a002a0210921092002c155b54324e31010500005452543200000000000000000008000013b4cf9000000000000031cc
CAPTURE 1 21484999504 5254001234025254001234010800450000389a2a40004011387a0a002a0f0a002a02109210920024312954324e310104000054525432000000000000005b000000009e865a7a
CAPTURE 1 21504709904 5254001234025254001234010800450000449a2c40004011386c0a002a0f0a002a0210921092003013bb54324e3101010001545254320000005c00000000000c00009f5d732a01000000000002680000005c
CAPTURE 1 21522111168 52540012340152540012340208004500003800000000401112a50a002a020a002a0f109210920024f78d54324e310104000054525432000000000000005c00000000fae737b3
CAPTURE 1 21522699712 52540012340152540012340208004500004400000000401112990a002a020a002a0f109210920030cc8254324e3101020001545254320000005c00000000000c0000645cf5df01000000000001eb0000005c
CAPTURE 1 21561504736 5254001234025254001234010800450000389a334000401138710a002a0f0a002a02109210920024f78d54324e310104000054525432000000000000005c00000000fae737b3
CAPTURE 1 21601146560 5254001234025254001234010800450000449a344000401138640a002a0f0a002a021092109200306e5b54324e3101010001545254320000005d00000000000c0000371180d2010000000000026a0000005d
CAPTURE 1 21618014640 52540012340152540012340208004500003800000000401112a50a002a020a002a0f109210920024189b54324e310104000054525432000000000000005d00000000ed9c23f0
CAPTURE 1 21620031744 52540012340152540012340208004500004400000000401112990a002a020a002a0f109210920030987454324e3101020001545254320000005d00000000000c000004f0895701000000000001ec0000005d
CAPTURE 1 21659373328 5254001234025254001234010800450000389a3940004011386b0a002a0f0a002a02109210920024189b54324e310104000054525432000000000000005d00000000ed9c23f0
CAPTURE 1 21681427280 5254001234025254001234010800450000449a3a40004011385e0a002a0f0a002a0210921092003010ae54324e3101010001545254320000005e00000000000c0000e135345b01000000000002680000005e
CAPTURE 1 21698652208 52540012340152540012340208004500003800000000401112a50a002a020a002a0f10921092002436e054324e310104000054525432000000000000005e00000000d4111f35
CAPTURE 1 21700053616 52540012340152540012340208004500004400000000401112990a002a020a002a0f10921092003059d854324e3101020001545254320000005e00000000000c00001a34b2ae01000000000001eb0000005e
CAPTURE 1 21740685792 5254001234025254001234010800450000389a3d4000401138670a002a0f0a002a0210921092002436e054324e310104000054525432000000000000005e00000000d4111f35
CAPTURE 1 21950411728 525400123401525400123402080045000040000000004011129d0a002a020a002a0f10921092002c063554324e31010500005452543200000000000000000008000086cc52ba0000000000004ab0
CAPTURE 1 21966938736 5254001234025254001234010800450000449a754000401138230a002a0f0a002a02109210920030151e54324e3101010001545254320000005f00000000000c00004979c7a3010000000000026a0000005f
CAPTURE 1 21984056816 52540012340152540012340208004500003800000000401112a50a002a020a002a0f1092109200245b4554324e310104000054525432000000000000005f00000000c36a0b76
CAPTURE 1 21984948048 52540012340152540012340208004500004400000000401112990a002a020a002a0f109210920030ddf854324e3101020001545254320000005f00000000000c00007a98ce2601000000000001ec0000005f
CAPTURE 1 22019028512 5254001234025254001234010800450000409a7f40004011381d0a002a0f0a002a0210921092002ce57b54324e3101050000545254320000000000000000000800008b1685d80000000000003401
CAPTURE 1 22044733312 5254001234025254001234010800450000389a824000401138220a002a0f0a002a021092109200245b4554324e310104000054525432000000000000005f00000000c36a0b76
CAPTURE 1 22064542400 5254001234025254001234010800450000449a854000401138130a002a0f0a002a02109210920030d72954324e3101010001545254320000006000000000000c00008fbdbf53010000000000026800000060
CAPTURE 1 22082065264 52540012340152540012340208004500003800000000401112a50a002a020a002a0f109210920024f2cd54324e31010400005452543200000000000000600000000032e20475
CAPTURE 1 22082660960 52540012340152540012340208004500004400000000401112990a002a020a002a0f109210920030785454324e3101020001545254320000006000000000000c000074bc39a601000000000001eb00000060
CAPTURE 1 22121494864 5254001234025254001234010800450000389a904000401138140a002a0f0a002a02109210920024f2cd54324e31010400005452543200000000000000600000000032e20475
CAPTURE 1 22164524160 5254001234025254001234010800450000449a944000401138040a002a0f0a002a02109210920030b19a54324e3101010001545254320000006100000000000c000027f14cab010000000000026a00000061
CAPTURE 1 22182094672 52540012340152540012340208004500003800000000401112a50a002a020a002a0f109210920024f45454324e31010400005452543200000000000000610000000025991036
CAPTURE 1 22183874896 52540012340152540012340208004500004400000000401112990a002a020a002a0f109210920030cd7554324e3101020001545254320000006100000000000c00001410452e01000000000001ec00000061
CAPTURE 1 22222330976 5254001234025254001234010800450000389a9d4000401138070a002a0f0a002a02109210920024f45454324e31010400005452543200000000000000610000000025991036
CAPTURE 1 22241588320 5254001234025254001234010800450000449aa24000401137f60a002a0f0a002a021092109200303c3e54324e3101010001545254320000006200000000000c0000f1d5f822010000000000026800000062
CAPTURE 1 22258787328 52540012340152540012340208004500003800000000401112a50a002a020a002a0f109210920024e11b54324e3101040000545254320000000000000062000000001c142cf3
CAPTURE 1 22260110224 52540012340152540012340208004500004400000000401112990a002a020a002a0f1092109200309d0754324e3101020001545254320000006200000000000c00000ad47ed701000000000001eb00000062
CAPTURE 1 22310231808 5254001234025254001234010800450000389aa34000401138010a002a0f0a002a02109210920024e11b54324e3101040000545254320000000000000062000000001c142cf3
CAPTURE 1 22517598048 525400123401525400123402080045000040000000004011129d0a002a020a002a0f10921092002c348354324e3101050000545254320000000000000000000800005b284dd60000000000004cea
CAPTURE 1 22527933760 5254001234025254001234010800450000449ad04000401137c80a002a0f0a002a02109210920030c0bf54324e3101010001545254320000006300000000000c000059990bda010000000000026a00000063
CAPTURE 1 22544825472 52540012340152540012340208004500003800000000401112a50a002a020a002a0f109210920024e60254324e3101040000545254320000000000000063000000000b6f38b0
CAPTURE 1 22546599280 52540012340152540012340208004500004400000000401112990a002a020a002a0f109210920030b9d854324e3101020001545254320000006300000000000c00006a78025f01000000000001ec00000063
CAPTURE 1 22579032640 5254001234025254001234010800450000409ad24000401137ca0a002a0f0a002a0210921092002c7c4a54324e3101050000545254320000000000000000000800009ff9d7f60000000000003631
CAPTURE 1 22604651168 5254001234025254001234010800450000389ad44000401137d00a002a0f0a002a02109210920024e60254324e3101040000545254320000000000000063000000000b6f38b0
CAPTURE 1 22624242624 5254001234025254001234010800450000449ad84000401137c00a002a0f0a002a02109210920030811454324e3101010001545254320000006400000000000c0000736d31b1010000000000026800000064
CAPTURE 1 22641894544 52540012340152540012340208004500003800000000401112a50a002a020a002a0f109210920024659954324e3101040000545254320000000000000064000000006f0e5579
CAPTURE 1 22642507680 52540012340152540012340208004500004400000000401112990a002a020a002a0f109210920030e6fd54324e3101020001545254320000006400000000000c0000886cb74401000000000001eb00000064
CAPTURE 1 22682285680 5254001234025254001234010800450000389ada4000401137ca0a002a0f0a002a02109210920024659954324e3101040000545254320000000000000064000000006f0e5579
CAPTURE 1 22722572032 5254001234025254001234010800450000449ae04000401137b80a002a0f0a002a0210921092003088c354324e3101010001545254320000006500000000000c0000db21c249010000000000026a00000065
CAPTURE 1 22740103776 52540012340152540012340208004500003800000000401112a50a002a020a002a0f109210920024707054324e3101040000545254320000000000000065000000007875413a
CAPTURE 1 22740972352 52540012340152540012340208004500004400000000401112990a002a020a002a0f109210920030721e54324e3101020001545254320000006500000000000c0000e8c0cbcc01000000000001ec00000065
CAPTURE 1 22781183088 5254001234025254001234010800450000389aef4000401137b50a002a0f0a002a02109210920024707054324e3101040000545254320000000000000065000000007875413a
CAPTURE 1 22801132656 5254001234025254001234010800450000449af44000401137a40a002a0f0a002a02109210920030a26954324e3101010001545254320000006600000000000c00000d0576c0010000000000026800000066
CAPTURE 1 22818336176 33330000000252540012340186dd6000000000103afffe80000000000000505400fffe123401ff0200000000000000000000000000028500725f000000000101525400123401
CAPTURE 1 22820156096 52540012340152540012340208004500003800000000401112a50a002a020a002a0f1092109200246a2754324e31010400005452543200000000000000660000000041f87dff
CAPTURE 1 22820928224 52540012340152540012340208004500004400000000401112990a002a020a002a0f109210920030407054324e3101020001545254320000006600000000000c0000f604f03501000000000001eb00000066
CAPTURE 1 22860879648 5254001234025254001234010800450000389afb4000401137a90a002a0f0a002a021092109200246a2754324e31010400005452543200000000000000660000000041f87dff
CAPTURE 1 23074906592 525400123401525400123402080045000040000000004011129d0a002a020a002a0f10921092002ca8d754324e3101050000545254320000000000000000000800002d6d05170000000000004f10
CAPTURE 1 23092368480 5254001234025254001234010800450000449b0b40004011378d0a002a0f0a002a02109210920030fba854324e3101010001545254320000006700000000000c0000a5498538010000000000026a00000067
CAPTURE 1 23110291344 52540012340152540012340208004500003800000000401112a50a002a020a002a0f10921092002469de54324e310104000054525432000000000000006700000000568369bc
CAPTURE 1 23110894960 52540012340152540012340208004500004400000000401112990a002a020a002a0f109210920030034254324e3101020001545254320000006700000000000c000096a88cbd01000000000001ec00000067
CAPTURE 1 23143410032 5254001234025254001234010800450000409b134000401137890a002a0f0a002a0210921092002cd3b454324e310105000054525432000000000000000000080000ac1d723e000000000000385b
CAPTURE 1 23178239680 5254001234025254001234010800450000389b1540004011378f0a002a0f0a002a0210921092002469de54324e310104000054525432000000000000006700000000568369bc
CAPTURE 1 23194443824 5254001234025254001234010800450000449b184000401137800a002a0f0a002a02109210920030d3e654324e3101010001545254320000006800000000000c0000ad6da4d6010000000000026800000068
CAPTURE 1 23206616096 52540012340152540012340208004500003800000000401112a50a002a020a002a0f109210920024fa7454324e310104000054525432000000000000006800000000893aa66d
CAPTURE 1 23217275424 52540012340152540012340208004500004400000000401112990a002a020a002a0f109210920030ae1754324e3101020001545254320000006800000000000c0000566c222301000000000001eb00000068
CAPTURE 1 23256050464 5254001234025254001234010800450000389b244000401137800a002a0f0a002a02109210920024fa7454324e310104000054525432000000000000006800000000893aa66d
CAPTURE 1 23298160544 5254001234025254001234010800450000449b264000401137720a002a0f0a002a02109210920030c9d754324e3101010001545254320000006900000000000c00000521572e010000000000026a00000069
CAPTURE 1 23316123248 52540012340152540012340208004500003800000000401112a50a002a020a002a0f109210920024d9ab54324e3101040000545254320000000000000069000000009e41b22e
CAPTURE 1 23316903760 52540012340152540012340208004500004400000000401112990a002a020a002a0f109210920030913854324e3101020001545254320000006900000000000c000036c05eab01000000000001ec00000069
CAPTURE 1 23356517552 5254001234025254001234010800450000389b2c4000401137780a002a0f0a002a02109210920024d9ab54324e3101040000545254320000000000000069000000009e41b22e
CAPTURE 1 23376296032 5254001234025254001234010800450000449b2d40004011376b0a002a0f0a002a021092109200306f7954324e3101010001545254320000006a00000000000c0000d305e3a701000000000002680000006a
CAPTURE 1 23394072128 52540012340152540012340208004500003800000000401112a50a002a020a002a0f109210920024f36254324e310104000054525432000000000000006a00000000a7cc8eeb
CAPTURE 1 23394669184 52540012340152540012340208004500004400000000401112990a002a020a002a0f109210920030994c54324e3101020001545254320000006a00000000000c00002804655201000000000001eb0000006a
CAPTURE 1 23434153568 5254001234025254001234010800450000389b304000401137740a002a0f0a002a02109210920024f36254324e310104000054525432000000000000006a00000000a7cc8eeb
CAPTURE 1 23650977872 525400123401525400123402080045000040000000004011129d0a002a020a002a0f10921092002c913854324e310105000054525432000000000000000000080000889dbf410000000000005154
CAPTURE 1 23670777200 5254001234025254001234010800450000449b564000401137420a002a0f0a002a021092109200309a7a54324e3101010001545254320000006b00000000000c00007b49105f010000000000026a0000006b
CAPTURE 1 23683984016 52540012340152540012340208004500003800000000401112a50a002a020a002a0f109210920024deb954324e310104000054525432000000000000006b00000000b0b79aa8
CAPTURE 1 23689877616 52540012340152540012340208004500004400000000401112990a002a020a002a0f109210920030c41d54324e3101020001545254320000006b00000000000c000048a819da01000000000001ec0000006b
CAPTURE 1 23724571584 5254001234025254001234010800450000409b574000401137450a002a0f0a002a0210921092002cc8f954324e3101050000545254320000000000000000000800005491d2360000000000003aaa
CAPTURE 1 23750232400 5254001234025254001234010800450000389b5940004011374b0a002a0f0a002a02109210920024deb954324e310104000054525432000000000000006b00000000b0b79aa8
CAPTURE 1 23766376080 5254001234025254001234010800450000449b5b40004011373d0a002a0f0a002a02109210920030327254324e3101010001545254320000006c00000000000c0000d5d7203101000000000000100000006c
CAPTURE 1 23786560336 52540012340152540012340208004500003800000000401112a50a002a020a002a0f1092109200245de054324e310104000054525432000000000000006c00000000d4d6f761
CAPTURE 1 23787842448 52540012340152540012340208004500004400000000401112990a002a020a002a0f109210920030725a54324e3101020001545254320000006c00000000000c0000dfe8d52c010000000000011a0000006c
CAPTURE 1 23828300880 5254001234025254001234010800450000389b5f4000401137450a002a0f0a002a021092109200245de054324e310104000054525432000000000000006c00000000d4d6f761
CAPTURE 1 23870533168 5254001234025254001234010800450000449b624000401137360a002a0f0a002a0210921092003072da54324e3101010001545254320000006d00000000000c000049a06a5a01000000000001b40000006d
CAPTURE 1 23888121360 52540012340152540012340208004500003800000000401112a50a002a020a002a0f109210920024834754324e310104000054525432000000000000006d00000000c3ade322
CAPTURE 1 23889409168 52540012340152540012340208004500004400000000401112990a002a020a002a0f109210920030551a54324e3101020001545254320000006d00000000000c000034359e0101000000000001370000006d
CAPTURE 1 23929320464 5254001234025254001234010800450000389b6f4000401137350a002a0f0a002a02109210920024834754324e310104000054525432000000000000006d00000000c3ade322
CAPTURE 1 23947530640 5254001234025254001234010800450000449b714000401137270a002a0f0a002a0210921092003098a154324e3101010001545254320000006e00000000000c0000b361db09010000000000017a0000006e
CAPTURE 1 23950324192 52540012340152540012340208004500003800000000401112a50a002a020a002a0f109210920024500e54324e310104000054525432000000000000006e00000000fa20dfe7
CAPTURE 1 23952099744 52540012340152540012340208004500004400000000401112990a002a020a002a0f10921092003044a854324e3101020001545254320000006e00000000000c0000df71033801000000000001340000006e
CAPTURE 1 24010515376 5254001234025254001234010800450000389b7d4000401137270a002a0f0a002a02109210920024500e54324e310104000054525432000000000000006e00000000fa20dfe7
CAPTURE 1 24222420752 525400123401525400123402080045000040000000004011129d0a002a020a002a0f10921092002c142654324e310105000054525432000000000000000000080000dcade609000000000000538e
CAPTURE 1 24238535648 5254001234025254001234010800450000449bae4000401136ea0a002a0f0a002a02109210920030902e54324e3101010001545254320000006f00000000000c00006369336d01000000000001800000006f
CAPTURE 1 24255948640 52540012340152540012340208004500003800000000401112a50a002a020a002a0f109210920024711554324e310104000054525432000000000000006f00000000ed5bcba4
CAPTURE 1 24256732160 52540012340152540012340208004500004400000000401112990a002a020a002a0f10921092003075b254324e3101020001545254320000006f00000000000c00000dfda3a001000000000001340000006f
CAPTURE 1 24301096208 5254001234025254001234010800450000409bb24000401136ea0a002a0f0a002a0210921092002ce5ba54324e310105000054525432000000000000000000080000031004b60000000000003ceb
CAPTURE 1 24326033248 5254001234025254001234010800450000389bb44000401136f00a002a0f0a002a02109210920024711554324e310104000054525432000000000000006f00000000ed5bcba4
CAPTURE 1 24342180544 5254001234025254001234010800450000449bb84000401136e00a002a0f0a002a021092109200305bec54324e3101010001545254320000007000000000000c0000542d76e9010000000000018000000070
CAPTURE 1 24361954352 52540012340152540012340208004500003800000000401112a50a002a020a002a0f10921092002445ee54324e3101040000545254320000000000000070000000009e224604
CAPTURE 1 24362744720 52540012340152540012340208004500004400000000401112990a002a020a002a0f109210920030067054324e3101020001545254320000007000000000000c00003ab9e624010000000000013400000070
CAPTURE 1 24413887184 5254001234025254001234010800450000389bc84000401136dc0a002a0f0a002a0210921092002445ee54324e3101040000545254320000000000000070000000009e224604
CAPTURE 1 24446243808 5254001234025254001234010800450000449bd04000401136c80a002a0f0a002a02109210920030c9ed54324e3101010001545254320000007100000000000c000086a1d671010000000000018000000071
CAPTURE 1 24463897376 52540012340152540012340208004500003800000000401112a50a002a020a002a0f1092109200244e7354324e31010400005452543200000000000000710000000089595247
CAPTURE 1 24464665392 52540012340152540012340208004500004400000000401112990a002a020a002a0f109210920030f85954324e3101020001545254320000007100000000000c0000e83546bc010000000000013400000071
CAPTURE 1 24505324272 5254001234025254001234010800450000389bdb4000401136c90a002a0f0a002a021092109200244e7354324e31010400005452543200000000000000710000000089595247
CAPTURE 1 24530035552 5254001234025254001234010800450000449bde4000401136ba0a002a0f0a002a02109210920030cb2154324e3101010001545254320000007200000000000c00002a453198010000000000018000000072
CAPTURE 1 24548679664 52540012340152540012340208004500003800000000401112a50a002a020a002a0f1092109200240abc54324e310104000054525432000000000000007200000000b0d46e82
CAPTURE 1 24549608880 52540012340152540012340208004500004400000000401112990a002a020a002a0f109210920030412354324e3101020001545254320000007200000000000c000044d1a155010000000000013400000072
CAPTURE 1 24590357552 5254001234025254001234010800450000389be54000401136bf0a002a0f0a002a021092109200240abc54324e310104000054525432000000000000007200000000b0d46e82
CAPTURE 1 24800500736 525400123401525400123402080045000040000000004011129d0a002a020a002a0f10921092002c901e54324e310105000054525432000000000000000000080000e82a5c5000000000000055d2
CAPTURE 1 24811282288 5254001234025254001234010800450000449c1b40004011367d0a002a0f0a002a021092109200309d3254324e3101010001545254320000007300000000000c0000f8c99100010000000000018000000073
CAPTURE 1 24829059760 52540012340152540012340208004500003800000000401112a50a002a020a002a0f10921092002407a154324e310104000054525432000000000000007300000000a7af7ac1
CAPTURE 1 24830876000 52540012340152540012340208004500004400000000401112990a002a020a002a0f1092109200308f1d54324e3101020001545254320000007300000000000c0000965d01cd010000000000013400000073
CAPTURE 1 24864275328 5254001234025254001234010800450000409c2140004011367b0a002a0f0a002a0210921092002c22a254324e3101050000545254320000000000000000000800009b5b2d5b0000000000003f13
CAPTURE 1 24889813648 5254001234025254001234010800450000389c224000401136820a002a0f0a002a0210921092002407a154324e310104000054525432000000000000007300000000a7af7ac1
CAPTURE 1 24909767648 5254001234025254001234010800450000449c244000401136740a002a0f0a002a0210921092003085f154324e3101010001545254320000007400000000000c0000a8fdf80b010000000000018000000074
CAPTURE 1 24927147184 52540012340152540012340208004500003800000000401112a50a002a020a002a0f1092109200244f3a54324e310104000054525432000000000000007400000000c3ce1708
CAPTURE 1 24928206848 52540012340152540012340208004500004400000000401112990a002a020a002a0f109210920030f81554324e3101020001545254320000007400000000000c0000c66968c6010000000000013400000074
CAPTURE 1 24971376320 5254001234025254001234010800450000389c2a40004011367a0a002a0f0a002a021092109200244f3a54324e310104000054525432000000000000007400000000c3ce1708
CAPTURE 1 25010065680 5254001234025254001234010800450000449c314000401136670a002a0f0a002a0210921092003053f454324e3101010001545254320000007500000000000c00007a715893010000000000018000000075
CAPTURE 1 25027361248 52540012340152540012340208004500003800000000401112a50a002a020a002a0f109210920024520f54324e310104000054525432000000000000007500000000d4b5034b
CAPTURE 1 25028124176 52540012340152540012340208004500004400000000401112990a002a020a002a0f1092109200304a0054324e3101020001545254320000007500000000000c000014e5c85e010000000000013400000075
CAPTURE 1 25072269600 5254001234025254001234010800450000389c3e4000401136660a002a0f0a002a02109210920024520f54324e310104000054525432000000000000007500000000d4b5034b
CAPTURE 1 25092300368 5254001234025254001234010800450000449c444000401136540a002a0f0a002a0210921092003090e654324e3101010001545254320000007600000000000c0000d695bf7a010000000000018000000076
CAPTURE 1 25110497008 52540012340152540012340208004500003800000000401112a50a002a020a002a0f109210920024fd4754324e310104000054525432000000000000007600000000ed383f8e
CAPTURE 1 25111098448 52540012340152540012340208004500004400000000401112990a002a020a002a0f1092109200303f8954324e3101020001545254320000007600000000000c0000b8012fb7010000000000013400000076
CAPTURE 1 25150534224 5254001234025254001234010800450000389c4f4000401136550a002a0f0a002a02109210920024fd4754324e310104000054525432000000000000007600000000ed383f8e
CAPTURE 1 25352242656 525400123401525400123402080045000040000000004011129d0a002a020a002a0f10921092002cd9c754324e31010500005452543200000000000000000008000001a7f70400000000000057f8
CAPTURE 1 25370307440 5254001234025254001234010800450000449c824000401136160a002a0f0a002a0210921092003002fa54324e3101010001545254320000007700000000000c000004191fe2010000000000018000000077
CAPTURE 1 25387973360 52540012340152540012340208004500003800000000401112a50a002a020a002a0f10921092002403fd54324e310104000054525432000000000000007700000000fa432bcd
CAPTURE 1 25388764096 52540012340152540012340208004500004400000000401112990a002a020a002a0f1092109200302d8354324e3101020001545254320000007700000000000c00006a8d8f2f010000000000013400000077
CAPTURE 1 25433171888 5254001234025254001234010800450000409c8b4000401136110a002a0f0a002a0210921092002c911354324e3101050000545254320000000000000000000800005b56fcaa0000000000004157
CAPTURE 1 25458068384 5254001234025254001234010800450000389c8e4000401136160a002a0f0a002a0210921092002403fd54324e310104000054525432000000000000007700000000fa432bcd
CAPTURE 1 25477653376 5254001234025254001234010800450000449c914000401136070a002a0f0a002a02109210920030428954324e3101010001545254320000007800000000000c000076fd6d6c010000000000018000000078
CAPTURE 1 25493947024 52540012340152540012340208004500003800000000401112a50a002a020a002a0f1092109200241ff654324e31010400005452543200000000000000780000000025fae41c
CAPTURE 1 25495720656 52540012340152540012340208004500004400000000401112990a002a020a002a0f109210920030113354324e3101020001545254320000007800000000000c00001869fda1010000000000013400000078
CAPTURE 1 25545925552 5254001234025254001234010800450000389c9e4000401136060a002a0f0a002a021092109200241ff654324e31010400005452543200000000000000780000000025fae41c
CAPTURE 1 25576207984 5254001234025254001234010800450000449ca64000401135f20a002a0f0a002a02109210920030b48a54324e3101010001545254320000007900000000000c0000a471cdf4010000000000018000000079
CAPTURE 1 25593416736 52540012340152540012340208004500003800000000401112a50a002a020a002a0f109210920024072b54324e3101040000545254320000000000000079000000003281f05f
CAPTURE 1 25595282192 52540012340152540012340208004500004400000000401112990a002a020a002a0f109210920030ff1c54324e3101020001545254320000007900000000000c0000cae55d39010000000000013400000079
CAPTURE 1 25634293328 5254001234025254001234010800450000389ca84000401135fc0a002a0f0a002a02109210920024072b54324e3101040000545254320000000000000079000000003281f05f
CAPTURE 1 25663320336 5254001234025254001234010800450000449caf4000401135e90a002a0f0a002a02109210920030f43c54324e3101010001545254320000007a00000000000c000008952a1d01000000000001800000007a
CAPTURE 1 25664812352 52540012340152540012340208004500003800000000401112a50a002a020a002a0f109210920024526454324e310104000054525432000000000000007a000000000b0ccc9a
CAPTURE 1 25668084560 52540012340152540012340208004500004400000000401112990a002a020a002a0f109210920030066854324e3101020001545254320000007a00000000000c00006601bad001000000000001340000007a
CAPTURE 1 25730133440 5254001234025254001234010800450000389cb14000401135f30a002a0f0a002a02109210920024526454324e310104000054525432000000000000007a000000000b0ccc9a
CAPTURE 1 25930608720 525400123401525400123402080045000040000000004011129d0a002a020a002a0f10921092002c184f54324e31010500005452543200000000000000000008000028008fe00000000000005a3c
CAPTURE 1 25932697280 5254001234025254001234010800450000449cc84000401135d00a002a0f0a002a02109210920030c24d54324e3101010001545254320000007b00000000000c0000da198a8501000000000001800000007b
CAPTURE 1 25950029840 52540012340152540012340208004500003800000000401112a50a002a020a002a0f10921092002434b954324e310104000054525432000000000000007b000000001c77d8d9
CAPTURE 1 25952069680 52540012340152540012340208004500004400000000401112990a002a020a002a0f109210920030586254324e3101020001545254320000007b00000000000c0000b48d1a4801000000000001340000007b
CAPTURE 1 25984853344 5254001234025254001234010800450000409cd14000401135cb0a002a0f0a002a0210921092002c534554324e3101050000545254320000000000000000000800005cd536d2000000000000437f
CAPTURE 1 26010136320 5254001234025254001234010800450000389cd34000401135d10a002a0f0a002a0210921092002434b954324e310104000054525432000000000000007b000000001c77d8d9
CAPTURE 1 26026459952 5254001234025254001234010800450000449cd54000401135c30a002a0f0a002a02109210920030b92e54324e3101010001545254320000007c00000000000c00008a2de38e01000000000001800000007c
CAPTURE 1 26036555792 52540012340152540012340208004500003800000000401112a50a002a020a002a0f109210920024fce154324e310104000054525432000000000000007c000000007816b510
CAPTURE 1 26049163952 52540012340152540012340208004500004400000000401112990a002a020a002a0f109210920030cf3854324e3101020001545254320000007c00000000000c0000e4b9734301000000000001340000007c
CAPTURE 1 26088742368 5254001234025254001234010800450000389cdd4000401135c70a002a0f0a002a02109210920024fce154324e310104000054525432000000000000007c000000007816b510
CAPTURE 1 26129472416 5254001234025254001234010800450000449ce04000401135b80a002a0f0a002a021092109200308b3154324e3101010001545254320000007d00000000000c000058a1431601000000000001800000007d
CAPTURE 1 26147453024 52540012340152540012340208004500003800000000401112a50a002a020a002a0f109210920024194754324e310104000054525432000000000000007d000000006f6da153
CAPTURE 1 26148501008 52540012340152540012340208004500004400000000401112990a002a020a002a0f1092109200301d2354324e3101020001545254320000007d00000000000c00003635d3db01000000000001340000007d
CAPTURE 1 26179355760 5254001234025254001234010800450000389ce54000401135bf0a002a0f0a002a02109210920024194754324e310104000054525432000000000000007d000000006f6da153
CAPTURE 1 26208886464 5254001234025254001234010800450000449ce64000401135b20a002a0f0a002a021092109200308da154324e3101010001545254320000007e00000000000c0000f445a4ff01000000000001800000007e
CAPTURE 1 26226722976 52540012340152540012340208004500003800000000401112a50a002a020a002a0f109210920024359054324e310104000054525432000000000000007e0000000056e09d96
CAPTURE 1 26227309184 52540012340152540012340208004500004400000000401112990a002a020a002a0f109210920030582e54324e3101020001545254320000007e00000000000c00009ad1343201000000000001340000007e
CAPTURE 1 26266493584 5254001234025254001234010800450000389cf44000401135b00a002a0f0a002a02109210920024359054324e310104000054525432000000000000007e0000000056e09d96
CAPTURE 1 26486173152 525400123401525400123402080045000040000000004011129d0a002a020a002a0f10921092002c86ea54324e310105000054525432000000000000000000080000f28954950000000000005c62
CAPTURE 1 26496293392 5254001234025254001234010800450000449d064000401135920a002a0f0a002a02109210920030fbb454324e3101010001545254320000007f00000000000c000026c9046701000000000001800000007f
CAPTURE 1 26514186448 52540012340152540012340208004500003800000000401112a50a002a020a002a0f1092109200245e9554324e310104000054525432000000000000007f00000000419b89d5
CAPTURE 1 26514799680 52540012340152540012340208004500004400000000401112990a002a020a002a0f1092109200304a2854324e3101020001545254320000007f00000000000c0000485d94aa01000000000001340000007f
CAPTURE 1 26546930432 5254001234025254001234010800450000409d094000401135930a002a0f0a002a0210921092002c4f3354324e31010500005452543200000000000000000008000085ea0fab00000000000045a3
CAPTURE 1 26572519120 5254001234025254001234010800450000389d0a40004011359a0a002a0f0a002a021092109200245e9554324e310104000054525432000000000000007f00000000419b89d5
CAPTURE 1 26592263488 5254001234025254001234010800450000449d0e40004011358a0a002a0f0a002a02109210920030c82754324e3101010001545254320000008000000000000c000017ae470d010000000000018000000080
CAPTURE 1 26609929520 52540012340152540012340208004500003800000000401112a50a002a020a002a0f1092109200249b9254324e31010400005452543200000000000000800000000008d4859e
CAPTURE 1 26610506592 52540012340152540012340208004500004400000000401112990a002a020a002a0f109210920030d63254324e3101020001545254320000008000000000000c0000793ad7c0010000000000013400000080
CAPTURE 1 26650040064 5254001234025254001234010800450000389d1740004011358d0a002a0f0a002a021092109200249b9254324e31010400005452543200000000000000800000000008d4859e
CAPTURE 1 26690301616 5254001234025254001234010800450000449d1e40004011357a0a002a0f0a002a021092109200307a2854324e3101010001545254320000008100000000000c0000c522e795010000000000018000000081
CAPTURE 1 26708153184 52540012340152540012340208004500003800000000401112a50a002a020a002a0f109210920024787754324e3101040000545254320000000000000081000000001faf91dd
CAPTURE 1 26709309792 52540012340152540012340208004500004400000000401112990a002a020a002a0f109210920030041d54324e3101020001545254320000008100000000000c0000abb67758010000000000013400000081
CAPTURE 1 26748976960 5254001234025254001234010800450000389d224000401135820a002a0f0a002a02109210920024787754324e3101040000545254320000000000000081000000001faf91dd
CAPTURE 1 26770588592 5254001234025254001234010800450000449d244000401135740a002a0f0a002a02109210920030bc9c54324e3101010001545254320000008200000000000c000069c6007c010000000000018000000082
CAPTURE 1 26783031584 52540012340152540012340208004500003800000000401112a50a002a020a002a0f10921092002456c854324e3101040000545254320000000000000082000000002622ad18
CAPTURE 1 26789004560 52540012340152540012340208004500004400000000401112990a002a020a002a0f1092109200308f2654324e3101020001545254320000008200000000000c0000075290b1010000000000013400000082
CAPTURE 1 26829954320 5254001234025254001234010800450000389d2d4000401135770a002a0f0a002a0210921092002456c854324e3101040000545254320000000000000082000000002622ad18
CAPTURE 1 27041689584 525400123401525400123402080045000040000000004011129d0a002a020a002a0f10921092002c8acb54324e3101050000545254320000000000000000000800007d02c40b0000000000005e92
CAPTURE 1 27058175648 5254001234025254001234010800450000449d3f4000401135590a002a0f0a002a02109210920030caad54324e3101010001545254320000008300000000000c0000bb4aa0e4010000000000018000000083
CAPTURE 1 27076834624 52540012340152540012340208004500003800000000401112a50a002a020a002a0f1092109200243f4d54324e3101040000545254320000000000000083000000003159b95b
CAPTURE 1 27078424304 52540012340152540012340208004500004400000000401112990a002a020a002a0f109210920030212054324e3101020001545254320000008300000000000c0000d5de3029010000000000013400000083
CAPTURE 1 27132816064 5254001234025254001234010800450000409d4c4000401135500a002a0f0a002a0210921092002cb88c54324e310105000054525432000000000000000000080000a56b847900000000000047fa
CAPTURE 1 27158096816 5254001234025254001234010800450000389d524000401135520a002a0f0a002a021092109200243f4d54324e3101040000545254320000000000000083000000003159b95b
CAPTURE 1 27174377936 5254001234025254001234010800450000449d544000401135440a002a0f0a002a02109210920030716c54324e3101010001545254320000008400000000000c0000eb7ec9ef010000000000018000000084
CAPTURE 1 27194708208 52540012340152540012340208004500003800000000401112a50a002a020a002a0f109210920024003654324e3101040000545254320000000000000084000000005538d492
CAPTURE 1 27196069840 52540012340152540012340208004500004400000000401112990a002a020a002a0f109210920030481954324e3101020001545254320000008400000000000c000085ea5922010000000000013400000084
CAPTURE 1 27245957312 5254001234025254001234010800450000389d5b4000401135490a002a0f0a002a02109210920024003654324e3101040000545254320000000000000084000000005538d492
CAPTURE 1 27274879760 5254001234025254001234010800450000449d5e40004011353a0a002a0f0a002a02109210920030836f54324e3101010001545254320000008500000000000c000039f26977010000000000018000000085
CAPTURE 1 27292124880 52540012340152540012340208004500003800000000401112a50a002a020a002a0f10921092002426eb54324e3101040000545254320000000000000085000000004243c0d1
CAPTURE 1 27292925472 52540012340152540012340208004500004400000000401112990a002a020a002a0f109210920030d60254324e3101020001545254320000008500000000000c00005766f9ba010000000000013400000085
CAPTURE 1 27344241840 5254001234025254001234010800450000389d6940004011353b0a002a0f0a002a0210921092002426eb54324e3101040000545254320000000000000085000000004243c0d1
CAPTURE 1 27365608288 5254001234025254001234010800450000449d6e40004011352a0a002a0f0a002a02109210920030032254324e3101010001545254320000008600000000000c000095168e9e010000000000018000000086
CAPTURE 1 27383396688 52540012340152540012340208004500003800000000401112a50a002a020a002a0f109210920024b21b54324e3101040000545254320000000000000086000000007bcefc14
CAPTURE 1 27384283552 52540012340152540012340208004500004400000000401112990a002a020a002a0f1092109200300d4c54324e3101020001545254320000008600000000000c0000fb821e53010000000000013400000086
CAPTURE 1 27435062288 5254001234025254001234010800450000389d7c4000401135280a002a0f0a002a02109210920024b21b54324e3101040000545254320000000000000086000000007bcefc14
CAPTURE 1 27597324464 525400123401525400123402080045000040000000004011129d0a002a020a002a0f10921092002ce37a54324e31010500005452543200000000000000000008000057ac8e8200000000000060c2
CAPTURE 1 27604182320 5254001234025254001234010800450000449da34000401134f50a002a0f0a002a02109210920030b13454324e3101010001545254320000008700000000000c0000479a2e06010000000000018000000087
CAPTURE 1 27621534896 52540012340152540012340208004500003800000000401112a50a002a020a002a0f109210920024d4f054324e3101040000545254320000000000000087000000006cb5e857
CAPTURE 1 27623317216 52540012340152540012340208004500004400000000401112990a002a020a002a0f1092109200303f4654324e3101020001545254320000008700000000000c0000290ebecb010000000000013400000087
CAPTURE 1 27665451680 5254001234025254001234010800450000409da64000401134f60a002a0f0a002a0210921092002c2ac154324e310105000054525432000000000000000000080000ad7808280000000000004a0a
CAPTURE 1 27691467472 5254001234025254001234010800450000389da74000401134fd0a002a0f0a002a02109210920024d4f054324e3101040000545254320000000000000087000000006cb5e857
CAPTURE 1 27711670240 5254001234025254001234010800450000449daa4000401134ee0a002a0f0a002a0210921092003094cc54324e3101010001545254320000008800000000000c0000357e5c88010000000000018000000088
CAPTURE 1 27716158864 52540012340152540012340208004500003800000000401112a50a002a020a002a0f1092109200244f6a54324e310104000054525432000000000000008800000000b30c2786
CAPTURE 1 27730140576 52540012340152540012340208004500004400000000401112990a002a020a002a0f109210920030feed54324e3101020001545254320000008800000000000c00005beacc45010000000000013400000088
CAPTURE 1 27771574464 5254001234025254001234010800450000389db64000401134ee0a002a0f0a002a021092109200244f6a54324e310104000054525432000000000000008800000000b30c2786
CAPTURE 1 27812282624 5254001234025254001234010800450000449dbd4000401134db0a002a0f0a002a0210921092003042cd54324e3101010001545254320000008900000000000c0000e7f2fc10010000000000018000000089
CAPTURE 1 27829485136 52540012340152540012340208004500003800000000401112a50a002a020a002a0f10921092002451bf54324e310104000054525432000000000000008900000000a47733c5
CAPTURE 1 27831292160 52540012340152540012340208004500004400000000401112990a002a020a002a0f10921092003030d854324e3101020001545254320000008900000000000c000089666cdd010000000000013400000089
CAPTURE 1 27870203392 5254001234025254001234010800450000389dc54000401134df0a002a0f0a002a0210921092002451bf54324e310104000054525432000000000000008900000000a47733c5
CAPTURE 1 27892225712 5254001234025254001234010800450000449dc74000401134d10a002a0f0a002a02109210920030bfbf54324e3101010001545254320000008a00000000000c00004b161bf901000000000001800000008a
CAPTURE 1 27910351040 52540012340152540012340208004500003800000000401112a50a002a020a002a0f1092109200247d0054324e310104000054525432000000000000008a000000009dfa0f00
CAPTURE 1 27910986768 52540012340152540012340208004500004400000000401112990a002a020a002a0f109210920030766354324e3101020001545254320000008a00000000000c000025828b3401000000000001340000008a
CAPTURE 1 27940319504 5254001234025254001234010800450000389dcb4000401134d90a002a0f0a002a021092109200247d0054324e310104000054525432000000000000008a000000009dfa0f00
CAPTURE 1 28166822688 525400123401525400123402080045000040000000004011129d0a002a020a002a0f10921092002ca78954324e3101050000545254320000000000000000000800004343dcac00000000000062f2
CAPTURE 1 28193875184 5254001234025254001234010800450000449ddc4000401134bc0a002a0f0a002a02109210920030d1d054324e3101010001545254320000008b00000000000c0000999abb6101000000000001800000008b
CAPTURE 1 28211380704 52540012340152540012340208004500003800000000401112a50a002a020a002a0f109210920024843554324e310104000054525432000000000000008b000000008a811b43
CAPTURE 1 28212153760 52540012340152540012340208004500004400000000401112990a002a020a002a0f109210920030045d54324e3101020001545254320000008b00000000000c0000f70e2bac01000000000001340000008b
CAPTURE 1 28246821056 5254001234025254001234010800450000409de04000401134bc0a002a0f0a002a0210921092002cf95454324e31010500005452543200000000000000000008000000f6e3cb0000000000004c55
CAPTURE 1 28272376448 5254001234025254001234010800450000389de14000401134c30a002a0f0a002a02109210920024843554324e310104000054525432000000000000008b000000008a811b43
CAPTURE 1 28291530320 5254001234025254001234010800450000449de24000401134b60a002a0f0a002a021092109200308ab154324e3101010001545254320000008c00000000000c0000c9aed26a01000000000001800000008c
CAPTURE 1 28296167504 52540012340152540012340208004500003800000000401112a50a002a020a002a0f109210920024c48d54324e310104000054525432000000000000008c00000000eee0768a
CAPTURE 1 28303890016 52540012340152540012340208004500004400000000401112990a002a020a002a0f1092109200303d3454324e3101020001545254320000008c00000000000c0000a73a42a701000000000001340000008c
CAPTURE 1 28360951632 5254001234025254001234010800450000389ded4000401134b70a002a0f0a002a02109210920024c48d54324e310104000054525432000000000000008c00000000eee0768a
CAPTURE 1 28393269744 5254001234025254001234010800450000449df14000401134a70a002a0f0a002a0210921092003098b454324e3101010001545254320000008d00000000000c00001b2272f201000000000001800000008d
CAPTURE 1 28403948816 52540012340152540012340208004500003800000000401112a50a002a020a002a0f109210920024cd9254324e310104000054525432000000000000008d00000000f99b62c9
CAPTURE 1 28411383424 52540012340152540012340208004500004400000000401112990a002a020a002a0f109210920030cf1d54324e3101020001545254320000008d00000000000c000075b6e23f01000000000001340000008d
CAPTURE 1 28461912352 5254001234025254001234010800450000389dfb4000401134a90a002a0f0a002a02109210920024cd9254324e310104000054525432000000000000008d00000000f99b62c9
CAPTURE 1 28481529232 5254001234025254001234010800450000449dff4000401134990a002a0f0a002a02109210920030d9e454324e3101010001545254320000008e00000000000c0000b7c6951b01000000000001800000008e
CAPTURE 1 28498836048 52540012340152540012340208004500003800000000401112a50a002a020a002a0f1092109200240bd454324e310104000054525432000000000000008e00000000c0165e0c
CAPTURE 1 28500064208 52540012340152540012340208004500004400000000401112990a002a020a002a0f10921092003047e954324e3101020001545254320000008e00000000000c0000d95205d601000000000001340000008e
CAPTURE 1 28550665872 5254001234025254001234010800450000389e0740004011349d0a002a0f0a002a021092109200240bd454324e310104000054525432000000000000008e00000000c0165e0c
CAPTURE 1 28718881520 525400123401525400123402080045000040000000004011129d0a002a020a002a0f10921092002ca1b854324e3101050000545254320000000000000000000800008ad198bf0000000000006522
CAPTURE 1 28733348208 5254001234025254001234010800450000449e1c40004011347c0a002a0f0a002a021092109200308bf754324e3101010001545254320000008f00000000000c0000654a358301000000000001800000008f
CAPTURE 1 28743956176 52540012340152540012340208004500003800000000401112a50a002a020a002a0f109210920024083954324e310104000054525432000000000000008f00000000d76d4a4f
CAPTURE 1 28751473328 52540012340152540012340208004500004400000000401112990a002a020a002a0f10921092003075e354324e3101020001545254320000008f00000000000c00000bdea54e01000000000001340000008f
CAPTURE 1 28796778512 5254001234025254001234010800450000409e1d40004011347f0a002a0f0a002a0210921092002c86cf54324e3101050000545254320000000000000000000800009911bc100000000000004e7a
CAPTURE 1 28822170800 5254001234025254001234010800450000389e1e4000401134860a002a0f0a002a02109210920024083954324e310104000054525432000000000000008f00000000d76d4a4f
CAPTURE 1 28842151760 5254001234025254001234010800450000449e214000401134770a002a0f0a002a0210921092003064ad54324e3101010001545254320000009000000000000c0000520e7007010000000000018000000090
CAPTURE 1 28860119952 52540012340152540012340208004500003800000000401112a50a002a020a002a0f109210920024bdf054324e310104000054525432000000000000009000000000a414c7ef
CAPTURE 1 28861006544 52540012340152540012340208004500004400000000401112990a002a020a002a0f10921092003009a954324e3101020001545254320000009000000000000c00003c9ae0ca010000000000013400000090
CAPTURE 1 28900999728 5254001234025254001234010800450000389e304000401134740a002a0f0a002a02109210920024bdf054324e310104000054525432000000000000009000000000a414c7ef
CAPTURE 1 28942759104 5254001234025254001234010800450000449e3a40004011345e0a002a0f0a002a02109210920030d59e54324e3101010001545254320000009100000000000c00008082d09f010000000000018000000091
CAPTURE 1 28962648336 52540012340152540012340208004500003800000000401112a50a002a020a002a0f109210920024a2d754324e310104000054525432000000000000009100000000b36fd3ac
CAPTURE 1 28963237376 52540012340152540012340208004500004400000000401112990a002a020a002a0f109210920030f8a254324e3101020001545254320000009100000000000c0000ee164052010000000000013400000091
CAPTURE 1 28992323808 5254001234025254001234010800450000389e4740004011345d0a002a0f0a002a02109210920024a2d754324e310104000054525432000000000000009100000000b36fd3ac
CAPTURE 1 29020885840 5254001234025254001234010800450000449e4d40004011344b0a002a0f0a002a02109210920030c2e254324e3101010001545254320000009200000000000c00002c663776010000000000018000000092
CAPTURE 1 29038937856 52540012340152540012340208004500003800000000401112a50a002a020a002a0f109210920024afa654324e3101040000545254320000000000000092000000008ae2ef69
CAPTURE 1 29039530272 52540012340152540012340208004500004400000000401112990a002a020a002a0f1092109200303c5c54324e3101020001545254320000009200000000000c000042f2a7bb010000000000013400000092
CAPTURE 1 29080341504 5254001234025254001234010800450000389e5c4000401134480a002a0f0a002a02109210920024afa654324e3101040000545254320000000000000092000000008ae2ef69
CAPTURE 1 29269445152 525400123401525400123402080045000040000000004011129d0a002a020a002a0f10921092002c3b2854324e3101050000545254320000000000000000000800001580727b0000000000006748
CAPTURE 1 29280078224 5254001234025254001234010800450000449e864000401134120a002a0f0a002a021092109200308fe354324e3101010001545254320000009300000000000c0000feea97ee010000000000018000000093
CAPTURE 1 29297926816 52540012340152540012340208004500003800000000401112a50a002a020a002a0f109210920024912d54324e3101040000545254320000000000000093000000009d99fb2a
CAPTURE 1 29298519648 52540012340152540012340208004500004400000000401112990a002a020a002a0f1092109200308f6654324e3101020001545254320000009300000000000c0000907e0723010000000000013400000093
CAPTURE 1 29332786144 5254001234025254001234010800450000409e9040004011340c0a002a0f0a002a0210921092002c0cd254324e310105000054525432000000000000000000080000e381e9850000000000005092
CAPTURE 1 29358015584 5254001234025254001234010800450000389e924000401134120a002a0f0a002a02109210920024912d54324e3101040000545254320000000000000093000000009d99fb2a
CAPTURE 1 29377774672 5254001234025254001234010800450000449e974000401134010a002a0f0a002a0210921092003078f654324e3101010001545254320000009400000000000c0000aedefee5010000000000018000000094
CAPTURE 1 29395127312 52540012340152540012340208004500003800000000401112a50a002a020a002a0f109210920024991454324e310104000054525432000000000000009400000000f9f896e3
CAPTURE 1 29396030640 52540012340152540012340208004500004400000000401112990a002a020a002a0f109210920030f89254324e3101020001545254320000009400000000000c0000c04a6e28010000000000013400000094
CAPTURE 1 29450171984 5254001234025254001234010800450000389ea04000401134040a002a0f0a002a02109210920024991454324e310104000054525432000000000000009400000000f9f896e3
CAPTURE 1 29478398752 5254001234025254001234010800450000449ea14000401133f70a002a0f0a002a021092109200304be954324e3101010001545254320000009500000000000c00007c525e7d010000000000018000000095
CAPTURE 1 29495794208 52540012340152540012340208004500003800000000401112a50a002a020a002a0f109210920024b8cb54324e310104000054525432000000000000009500000000ee8382a0
CAPTURE 1 29496569024 52540012340152540012340208004500004400000000401112990a002a020a002a0f109210920030458d54324e3101020001545254320000009500000000000c000012c6ceb0010000000000013400000095
CAPTURE 1 29547413056 5254001234025254001234010800450000389ea74000401133fd0a002a0f0a002a02109210920024b8cb54324e310104000054525432000000000000009500000000ee8382a0
CAPTURE 1 29567420080 5254001234025254001234010800450000449eab4000401133ed0a002a0f0a002a021092109200309c6b54324e3101010001545254320000009600000000000c0000d0b6b994010000000000018000000096
CAPTURE 1 29583950160 52540012340152540012340208004500003800000000401112a50a002a020a002a0f109210920024947a54324e310104000054525432000000000000009600000000d70ebe65
CAPTURE 1 29585711280 52540012340152540012340208004500004400000000401112990a002a020a002a0f1092109200303f8654324e3101020001545254320000009600000000000c0000be222959010000000000013400000096
CAPTURE 1 29626524480 5254001234025254001234010800450000389eb84000401133ec0a002a0f0a002a02109210920024947a54324e310104000054525432000000000000009600000000d70ebe65
CAPTURE 1 29828017696 525400123401525400123402080045000040000000004011129d0a002a020a002a0f10921092002ca3bf54324e310105000054525432000000000000000000080000adda6f590000000000006978
CAPTURE 1 29852206384 5254001234025254001234010800450000449eda4000401133be0a002a0f0a002a021092109200300b6f54324e3101010001545254320000009700000000000c0000023a190c010000000000018000000097
CAPTURE 1 29870369072 52540012340152540012340208004500003800000000401112a50a002a020a002a0f109210920024bf5154324e310104000054525432000000000000009700000000c075aa26
CAPTURE 1 29870954320 52540012340152540012340208004500004400000000401112990a002a020a002a0f109210920030309054324e3101020001545254320000009700000000000c00006cae89c1010000000000013400000097
CAPTURE 1 29903011232 5254001234025254001234010800450000409ee44000401133b80a002a0f0a002a0210921092002c1f6754324e310105000054525432000000000000000000080000cddbea6500000000000052c3
CAPTURE 1 29928822288 5254001234025254001234010800450000389ee64000401133be0a002a0f0a002a02109210920024bf5154324e310104000054525432000000000000009700000000c075aa26
CAPTURE 1 29946679104 5254001234025254001234010800450000449ee94000401133af0a002a0f0a002a021092109200304a5254324e3101010001545254320000009800000000000c000070de6b82010000000000018000000098
CAPTURE 1 29966673680 52540012340152540012340208004500003800000000401112a50a002a020a002a0f109210920024a42954324e3101040000545254320000000000000098000000001fcc65f7
CAPTURE 1 29967573584 52540012340152540012340208004500004400000000401112990a002a020a002a0f1092109200300d6454324e3101020001545254320000009800000000000c00001e4afb4f010000000000013400000098
CAPTURE 1 30017740208 5254001234025254001234010800450000389ef64000401133ae0a002a0f0a002a02109210920024a42954324e3101040000545254320000000000000098000000001fcc65f7
CAPTURE 1 30046187664 5254001234025254001234010800450000449ef84000401133a00a002a0f0a002a02109210920030b94354324e3101010001545254320000009900000000000c0000a252cb1a010000000000018000000099
CAPTURE 1 30064138880 52540012340152540012340208004500003800000000401112a50a002a020a002a0f109210920024af8054324e31010400005452543200000000000000990000000008b771b4
CAPTURE 1 30065019664 52540012340152540012340208004500004400000000401112990a002a020a002a0f109210920030fe5d54324e3101020001545254320000009900000000000c0000ccc65bd7010000000000013400000099
CAPTURE 1 30115772384 5254001234025254001234010800450000389ef94000401133ab0a002a0f0a002a02109210920024af8054324e31010400005452543200000000000000990000000008b771b4
CAPTURE 1 30138156768 5254001234025254001234010800450000449efe40004011339a0a002a0f0a002a02109210920030eb0554324e3101010001545254320000009a00000000000c00000eb62cf301000000000001800000009a
CAPTURE 1 30155849216 52540012340152540012340208004500003800000000401112a50a002a020a002a0f109210920024ab3f54324e310104000054525432000000000000009a00000000313a4d71
CAPTURE 1 30156632624 52540012340152540012340208004500004400000000401112990a002a020a002a0f1092109200300a9954324e3101020001545254320000009a00000000000c00006022bc3e01000000000001340000009a
CAPTURE 1 30207493344 5254001234025254001234010800450000389f0e4000401133960a002a0f0a002a02109210920024ab3f54324e310104000054525432000000000000009a00000000313a4d71
CAPTURE 1 30405897200 5254001234025254001234010800450000449f374000401133610a002a0f0a002a02109210920030be0654324e3101010001545254320000009b00000000000c0000dc3a8c6b01000000000001800000009b
CAPTURE 1 30423273696 52540012340152540012340208004500003800000000401112a50a002a020a002a0f109210920024aa7654324e310104000054525432000000000000009b0000000026415932
CAPTURE 1 30424709216 52540012340152540012340208004500004400000000401112990a002a020a002a0f10921092003057a354324e3101020001545254320000009b00000000000c0000b2ae1ca601000000000001340000009b
CAPTURE 1 30454245568 5254001234025254001234010800450000409f4040004011335c0a002a0f0a002a0210921092002c062254324e3101050000545254320000000000000000000800002a8aa4c700000000000054f8
CAPTURE 1 30465334944 5254001234025254001234010800450000389f424000401133620a002a0f0a002a02109210920024aa7654324e310104000054525432000000000000009b0000000026415932
CAPTURE 1 30481766576 5254001234025254001234010800450000449f464000401133520a002a0f0a002a02109210920030b53b54324e3101010001545254320000009c00000000000c00008c0ee56001000000000001800000009c
CAPTURE 1 30501620688 52540012340152540012340208004500003800000000401112a50a002a020a002a0f109210920024b2cd54324e310104000054525432000000000000009c00000000422034fb
CAPTURE 1 30502418128 52540012340152540012340208004500004400000000401112990a002a020a002a0f109210920030cead54324e3101020001545254320000009c00000000000c0000e29a75ad01000000000001340000009c
CAPTURE 1 30554126256 5254001234025254001234010800450000389f534000401133510a002a0f0a002a02109210920024b2cd54324e310104000054525432000000000000009c00000000422034fb
CAPTURE 1 30582981328 5254001234025254001234010800450000449f584000401133400a002a0f0a002a02109210920030822e54324e3101010001545254320000009d00000000000c00005e8245f801000000000001800000009d
CAPTURE 1 30593959600 52540012340152540012340208004500003800000000401112a50a002a020a002a0f109210920024b3d454324e310104000054525432000000000000009d00000000555b20b8
CAPTURE 1 30601357840 52540012340152540012340208004500004400000000401112990a002a020a002a0f10921092003021a854324e3101020001545254320000009d00000000000c00003016d53501000000000001340000009d
CAPTURE 1 30652828688 5254001234025254001234010800450000389f5e4000401133460a002a0f0a002a02109210920024b3d454324e310104000054525432000000000000009d00000000555b20b8
CAPTURE 1 30674286976 5254001234025254001234010800450000449f634000401133350a002a0f0a002a02109210920030922e54324e3101010001545254320000009e00000000000c0000f266a21101000000000001800000009e
CAPTURE 1 30692170304 52540012340152540012340208004500003800000000401112a50a002a020a002a0f109210920024a09354324e310104000054525432000000000000009e000000006cd61c7d
CAPTURE 1 30693064880 52540012340152540012340208004500004400000000401112990a002a020a002a0f109210920030572354324e3101020001545254320000009e00000000000c00009cf232dc01000000000001340000009e
CAPTURE 1 30734247408 5254001234025254001234010800450000389f714000401133330a002a0f0a002a02109210920024a09354324e310104000054525432000000000000009e000000006cd61c7d
CAPTURE 1 30947270064 525400123401525400123402080045000040000000004011129d0a002a020a002a0f10921092002c937e54324e3101050000545254320000000000000000000800001f6009b50000000000006dd8
CAPTURE 1 30968886496 5254001234025254001234010800450000449fa04000401132f80a002a0f0a002a02109210920030033254324e3101010001545254320000009f00000000000c000020ea028901000000000001800000009f
CAPTURE 1 30987722832 52540012340152540012340208004500003800000000401112a50a002a020a002a0f109210920024a5fa54324e310104000054525432000000000000009f000000007bad083e
CAPTURE 1 30988530336 52540012340152540012340208004500004400000000401112990a002a020a002a0f109210920030462d54324e3101020001545254320000009f00000000000c00004e7e924401000000000001340000009f
CAPTURE 1 31025182256 5254001234025254001234010800450000409fab4000401132f10a002a0f0a002a0210921092002c09b954324e3101050000545254320000000000000000000800001910b073000000000000572f
CAPTURE 1 31050239280 5254001234025254001234010800450000389faf4000401132f50a002a0f0a002a02109210920024a5fa54324e310104000054525432000000000000009f000000007bad083e
CAPTURE 1 31070175552 5254001234025254001234010800450000449fb04000401132e80a002a0f0a002a02109210920030609b54324e310101000154525432000000a000000000000c00009cee29190100000000000180000000a0
CAPTURE 1 31088128304 52540012340152540012340208004500003800000000401112a50a002a020a002a0f109210920024988254324e31010400005452543200000000000000a0000000008a25073d
CAPTURE 1 31089108160 52540012340152540012340208004500004400000000401112990a002a020a002a0f1092109200307a9e54324e310102000154525432000000a000000000000c0000f27ab9d40100000000000134000000a0
CAPTURE 1 31129802576 5254001234025254001234010800450000389fbd4000401132e70a002a0f0a002a02109210920024988254324e31010400005452543200000000000000a0000000008a25073d
CAPTURE 1 31166960672 5254001234025254001234010800450000449fc04000401132d80a002a0f0a002a021092109200304ebd54324e310101000154525432000000a100000000000c00004e6289810100000000000180000000a1
CAPTURE 1 31184229184 52540012340152540012340208004500003800000000401112a50a002a020a002a0f109210920024790754324e31010400005452543200000000000000a1000000009d5e137e
CAPTURE 1 31186048080 52540012340152540012340208004500004400000000401112990a002a020a002a0f109210920030eca954324e310102000154525432000000a100000000000c000020f6194c0100000000000134000000a1
CAPTURE 1 31225976384 5254001234025254001234010800450000389fcd4000401132d70a002a0f0a002a02109210920024790754324e31010400005452543200000000000000a1000000009d5e137e
CAPTURE 1 31250354880 5254001234025254001234010800450000449fcf4000401132c90a002a0f0a002a02109210920030d5af54324e310101000154525432000000a200000000000c0000e2866e680100000000000180000000a2
CAPTURE 1 31268096768 52540012340152540012340208004500003800000000401112a50a002a020a002a0f109210920024555454324e31010400005452543200000000000000a200000000a4d32fbb
CAPTURE 1 31269198560 52540012340152540012340208004500004400000000401112990a002a020a002a0f1092109200309c3154324e310102000154525432000000a200000000000c00008c12fea50100000000000134000000a2
CAPTURE 1 31308593952 5254001234025254001234010800450000389fd44000401132d00a002a0f0a002a02109210920024555454324e31010400005452543200000000000000a200000000a4d32fbb
CAPTURE 1 31516029488 525400123401525400123402080045000040000000004011129d0a002a020a002a0f10921092002c9c0654324e31010500005452543200000000000000000008000066dfb77d0000000000007008
CAPTURE 1 31536187088 5254001234025254001234010800450000449ff74000401132a10a002a0f0a002a0210921092003027a254324e310101000154525432000000a300000000000c0000300acef00100000000000180000000a3
CAPTURE 1 31553315360 52540012340152540012340208004500003800000000401112a50a002a020a002a0f1092109200243a4154324e31010400005452543200000000000000a300000000b3a83bf8
CAPTURE 1 31555233088 52540012340152540012340208004500004400000000401112990a002a020a002a0f1092109200306a0c54324e310102000154525432000000a300000000000c00005e9e5e3d0100000000000134000000a3
CAPTURE 1 31588865888 525400123402525400123401080045000040a00040004011329c0a002a0f0a002a0210921092002c47c854324e310105000054525432000000000000000000080000f8f990460000000000005963
CAPTURE 1 31613820576 525400123402525400123401080045000038a00540004011329f0a002a0f0a002a021092109200243a4154324e31010400005452543200000000000000a300000000b3a83bf8
CAPTURE 1 31629842816 525400123402525400123401080045000044a00940004011328f0a002a0f0a002a021092109200301e6154324e310101000154525432000000a400000000000c0000603ea7fb0100000000000180000000a4
CAPTURE 1 31649466656 52540012340152540012340208004500003800000000401112a50a002a020a002a0f109210920024fbe554324e31010400005452543200000000000000a400000000d7c95631
CAPTURE 1 31650240864 52540012340152540012340208004500004400000000401112990a002a020a002a0f109210920030e10554324e310102000154525432000000a400000000000c00000eaa37360100000000000134000000a4
CAPTURE 1 31702635456 525400123402525400123401080045000038a00a40004011329a0a002a0f0a002a02109210920024fbe554324e31010400005452543200000000000000a400000000d7c95631
CAPTURE 1 31734221024 525400123402525400123401080045000044a0124000401132860a002a0f0a002a021092109200306c8354324e310101000154525432000000a500000000000c0000b2b207630100000000000180000000a5
CAPTURE 1 31752141216 52540012340152540012340208004500003800000000401112a50a002a020a002a0f10921092002426bb54324e31010400005452543200000000000000a500000000c0b24272
CAPTURE 1 31752998720 52540012340152540012340208004500004400000000401112990a002a020a002a0f109210920030b30e54324e310102000154525432000000a500000000000c0000dc2697ae0100000000000134000000a5
CAPTURE 1 31792032256 525400123402525400123401080045000038a0134000401132910a002a0f0a002a0210921092002426bb54324e31010400005452543200000000000000a500000000c0b24272
CAPTURE 1 31823014624 525400123402525400123401080045000044a01a40004011327e0a002a0f0a002a0210921092003027b654324e310101000154525432000000a600000000000c00001e56e08a0100000000000180000000a6
CAPTURE 1 31833923360 52540012340152540012340208004500003800000000401112a50a002a020a002a0f109210920024b1e754324e31010400005452543200000000000000a600000000f93f7eb7
CAPTURE 1 31841487472 52540012340152540012340208004500004400000000401112990a002a020a002a0f10921092003045d854324e310102000154525432000000a600000000000c000070c270470100000000000134000000a6
CAPTURE 1 31882328784 525400123402525400123401080045000038a0224000401132820a002a0f0a002a02109210920024b1e754324e31010400005452543200000000000000a600000000f93f7eb7
CAPTURE 1 32077507488 525400123401525400123402080045000040000000004011129d0a002a020a002a0f10921092002c77d754324e310105000054525432000000000000000000080000c2e07d710000000000007242
CAPTURE 1 32084054976 525400123402525400123401080045000044a0454000401132530a002a0f0a002a0210921092003019a854324e310101000154525432000000a700000000000c0000ccda40120100000000000180000000a7
CAPTURE 1 32101957536 52540012340152540012340208004500003800000000401112a50a002a020a002a0f109210920024d0a454324e31010400005452543200000000000000a700000000ee446af4
CAPTURE 1 32102543824 52540012340152540012340208004500004400000000401112990a002a020a002a0f109210920030b3b154324e310102000154525432000000a700000000000c0000a24ed0df0100000000000134000000a7
CAPTURE 1 32136503792 525400123402525400123401080045000040a04a4000401132520a002a0f0a002a0210921092002cd00254324e3101050000545254320000000000000000000800001aafe4330000000000005b86
CAPTURE 1 32162152528 525400123402525400123401080045000038a04d4000401132570a002a0f0a002a02109210920024d0a454324e31010400005452543200000000000000a700000000ee446af4
CAPTURE 1 32181998144 525400123402525400123401080045000044a04f4000401132490a002a0f0a002a0210921092003035b854324e310101000154525432000000a800000000000c0000be3e329c0100000000000180000000a8
CAPTURE 1 32200073376 52540012340152540012340208004500003800000000401112a50a002a020a002a0f10921092002452ba54324e31010400005452543200000000000000a80000000031fda525
CAPTURE 1 32200853776 52540012340152540012340208004500004400000000401112990a002a020a002a0f109210920030b3e154324e310102000154525432000000a800000000000c0000d0aaa2510100000000000134000000a8
CAPTURE 1 32240369584 525400123402525400123401080045000038a05c4000401132480a002a0f0a002a0210921092002452ba54324e31010400005452543200000000000000a80000000031fda525
CAPTURE 1 32281340752 525400123402525400123401080045000044a0644000401132340a002a0f0a002a0210921092003027da54324e310101000154525432000000a900000000000c00006cb292040100000000000180000000a9
CAPTURE 1 32298448736 52540012340152540012340208004500003800000000401112a50a002a020a002a0f10921092002451ef54324e31010400005452543200000000000000a9000000002686b166
CAPTURE 1 32300079712 52540012340152540012340208004500004400000000401112990a002a020a002a0f10921092003021ed54324e310102000154525432000000a900000000000c0000022602c90100000000000134000000a9
CAPTURE 1 32343759088 525400123402525400123401080045000038a0704000401132340a002a0f0a002a0210921092002451ef54324e31010400005452543200000000000000a9000000002686b166
CAPTURE 1 32363173904 525400123402525400123401080045000044a0744000401132240a002a0f0a002a02109210920030f04a54324e310101000154525432000000aa00000000000c0000c05675ed0100000000000180000000aa
CAPTURE 1 32380535824 52540012340152540012340208004500003800000000401112a50a002a020a002a0f1092109200247d2c54324e31010400005452543200000000000000aa000000001f0b8da3
CAPTURE 1 32381389936 52540012340152540012340208004500004400000000401112990a002a020a002a0f10921092003092f654324e310102000154525432000000aa00000000000c0000aec2e5200100000000000134000000aa
CAPTURE 1 32421518816 525400123402525400123401080045000038a0834000401132210a002a0f0a002a021092109200247d2c54324e31010400005452543200000000000000aa000000001f0b8da3
CAPTURE 1 32636208800 525400123401525400123402080045000040000000004011129d0a002a020a002a0f10921092002c53e154324e3101050000545254320000000000000000000800004f0113210000000000007468
CAPTURE 1 32661264000 525400123402525400123401080045000044a0a24000401131f60a002a0f0a002a021092109200303e3d54324e310101000154525432000000ab00000000000c000012dad5750100000000000180000000ab
CAPTURE 1 32678499632 52540012340152540012340208004500003800000000401112a50a002a020a002a0f109210920024878954324e31010400005452543200000000000000ab00000000087099e0
CAPTURE 1 32680056304 52540012340152540012340208004500004400000000401112990a002a020a002a0f10921092003064d154324e310102000154525432000000ab00000000000c00007c4e45b80100000000000134000000ab
CAPTURE 1 32714393552 525400123402525400123401080045000040a0ad4000401131ef0a002a0f0a002a0210921092002cbfef54324e310105000054525432000000000000000000080000dd912f220000000000005dc8
CAPTURE 1 32740313600 525400123402525400123401080045000038a0b04000401131f40a002a0f0a002a02109210920024878954324e31010400005452543200000000000000ab00000000087099e0
CAPTURE 1 32759600752 525400123402525400123401080045000044a0b44000401131e40a002a0f0a002a02109210920030271e54324e310101000154525432000000ac00000000000c000042eebc7e0100000000000180000000ac
CAPTURE 1 32763932144 52540012340152540012340208004500003800000000401112a50a002a020a002a0f109210920024c99d54324e31010400005452543200000000000000ac000000006c11f429
CAPTURE 1 32764697664 52540012340152540012340208004500004400000000401112990a002a020a002a0f109210920030cda854324e310102000154525432000000ac00000000000c00002c7a2cb30100000000000134000000ac
CAPTURE 1 32830118272 525400123402525400123401080045000038a0c44000401131e00a002a0f0a002a02109210920024c99d54324e31010400005452543200000000000000ac000000006c11f429
CAPTURE 1 32861291008 525400123402525400123401080045000044a0c74000401131d10a002a0f0a002a02109210920030794054324e310101000154525432000000ad00000000000c000090621ce60100000000000180000000ad
CAPTURE 1 32878601824 52540012340152540012340208004500003800000000401112a50a002a020a002a0f109210920024ce0254324e31010400005452543200000000000000ad000000007b6ae06a
CAPTURE 1 32880077776 52540012340152540012340208004500004400000000401112990a002a020a002a0f1092109200309bb154324e310102000154525432000000ad00000000000c0000fef68c2b0100000000000134000000ad
CAPTURE 1 32920574080 525400123402525400123401080045000038a0ce4000401131d60a002a0f0a002a02109210920024ce0254324e31010400005452543200000000000000ad000000007b6ae06a
CAPTURE 1 32949572320 525400123402525400123401080045000044a0d04000401131c80a002a0f0a002a02109210920030eef054324e310101000154525432000000ae00000000000c00003c86fb0f0100000000000180000000ae
CAPTURE 1 32963949744 52540012340152540012340208004500003800000000401112a50a002a020a002a0f1092109200240a4054324e31010400005452543200000000000000ae0000000042e7dcaf
CAPTURE 1 32967642480 52540012340152540012340208004500004400000000401112990a002a020a002a0f10921092003068fd54324e310102000154525432000000ae00000000000c000052126bc20100000000000134000000ae
CAPTURE 1 33008148128 525400123402525400123401080045000038a0d94000401131cb0a002a0f0a002a021092109200240a4054324e31010400005452543200000000000000ae0000000042e7dcaf
CAPTURE 1 33214262704 525400123401525400123402080045000040000000004011129d0a002a020a002a0f10921092002c5b7654324e310105000054525432000000000000000000080000e13e770a00000000000076ac
CAPTURE 1 33224214736 525400123402525400123401080045000044a0fa40004011319e0a002a0f0a002a02109210920030dce254324e310101000154525432000000af00000000000c0000ee0a5b970100000000000180000000af
CAPTURE 1 33242033776 52540012340152540012340208004500003800000000401112a50a002a020a002a0f1092109200240b4d54324e31010400005452543200000000000000af00000000559cc8ec
CAPTURE 1 33242614240 52540012340152540012340208004500004400000000401112990a002a020a002a0f109210920030dad654324e310102000154525432000000af00000000000c0000809ecb5a0100000000000134000000af
CAPTURE 1 33275422352 525400123402525400123401080045000040a1054000401131970a002a0f0a002a0210921092002cbe5e54324e310105000054525432000000000000000000080000be794d9a0000000000005ff9
CAPTURE 1 33300978272 525400123402525400123401080045000038a10c4000401131980a002a0f0a002a021092109200240b4d54324e31010400005452543200000000000000af00000000559cc8ec
CAPTURE 1 33320915440 525400123402525400123401080045000044a1104000401131880a002a0f0a002a021092109200302f2154324e310101000154525432000000b000000000000c0000d94e1e130100000000000180000000b0
CAPTURE 1 33339709136 52540012340152540012340208004500003800000000401112a50a002a020a002a0f109210920024bda354324e31010400005452543200000000000000b00000000026e5454c
CAPTURE 1 33340539792 52540012340152540012340208004500004400000000401112990a002a020a002a0f109210920030e01454324e310102000154525432000000b000000000000c0000b7da8ede0100000000000134000000b0
CAPTURE 1 33391148288 525400123402525400123401080045000038a11c4000401131880a002a0f0a002a02109210920024bda354324e31010400005452543200000000000000b00000000026e5454c
CAPTURE 1 33421647728 525400123402525400123401080045000044a1214000401131770a002a0f0a002a021092109200305c3354324e310101000154525432000000b100000000000c00000bc2be8b0100000000000180000000b1
CAPTURE 1 33439008656 52540012340152540012340208004500003800000000401112a50a002a020a002a0f109210920024a72654324e31010400005452543200000000000000b100000000319e510f
CAPTURE 1 33440004976 52540012340152540012340208004500004400000000401112990a002a020a002a0f109210920030932f54324e310102000154525432000000b100000000000c000065562e460100000000000134000000b1
CAPTURE 1 33489901472 525400123402525400123401080045000038a1244000401131800a002a0f0a002a02109210920024a72654324e31010400005452543200000000000000b100000000319e510f
CAPTURE 1 33509770640 525400123402525400123401080045000044a1274000401131710a002a0f0a002a0210921092003025f654324e310101000154525432000000b200000000000c0000a72659620100000000000180000000b2
CAPTURE 1 33527089040 52540012340152540012340208004500003800000000401112a50a002a020a002a0f109210920024b3f554324e31010400005452543200000000000000b20000000008136dca
CAPTURE 1 33528076112 52540012340152540012340208004500004400000000401112990a002a020a002a0f109210920030936754324e310102000154525432000000b200000000000c0000c9b2c9af0100000000000134000000b2
CAPTURE 1 33578113040 525400123402525400123401080045000038a12b4000401131790a002a0f0a002a02109210920024b3f554324e31010400005452543200000000000000b20000000008136dca
CAPTURE 1 33785664656 525400123401525400123402080045000040000000004011129d0a002a020a002a0f10921092002cd5c554324e310105000054525432000000000000000000080000e9b4f20a00000000000078e6
CAPTURE 1 33794598720 525400123402525400123401080045000044a13d40004011315b0a002a0f0a002a02109210920030b6d754324e310101000154525432000000b300000000000c000075aaf9fa0100000000000180000000b3
CAPTURE 1 33811978608 52540012340152540012340208004500003800000000401112a50a002a020a002a0f10921092002490e054324e31010400005452543200000000000000b3000000001f687989
CAPTURE 1 33812761776 52540012340152540012340208004500004400000000401112990a002a020a002a0f109210920030a25254324e310102000154525432000000b300000000000c00001b3e69370100000000000134000000b3
CAPTURE 1 33857038848 525400123402525400123401080045000040a1464000401131560a002a0f0a002a0210921092002cbef454324e310105000054525432000000000000000000080000a69662a1000000000000623f
CAPTURE 1 33882209088 525400123402525400123401080045000038a14b4000401131590a002a0f0a002a0210921092002490e054324e31010400005452543200000000000000b3000000001f687989
CAPTURE 1 33902221568 525400123402525400123401080045000044a14e40004011314a0a002a0f0a002a021092109200306feb54324e310101000154525432000000b400000000000c0000259e90f10100000000000180000000b4
CAPTURE 1 33913945248 52540012340152540012340208004500003800000000401112a50a002a020a002a0f1092109200249a8754324e31010400005452543200000000000000b4000000007b091440
CAPTURE 1 33920497776 52540012340152540012340208004500004400000000401112990a002a020a002a0f109210920030db7f54324e310102000154525432000000b400000000000c00004b0a003c0100000000000134000000b4
CAPTURE 1 33961530352 525400123402525400123401080045000038a1514000401131530a002a0f0a002a021092109200249a8754324e31010400005452543200000000000000b4000000007b091440
CAPTURE 1 33998514960 525400123402525400123401080045000044a1524000401131460a002a0f0a002a02109210920030fefc54324e310101000154525432000000b500000000000c0000f71230690100000000000180000000b5
CAPTURE 1 34016060688 52540012340152540012340208004500003800000000401112a50a002a020a002a0f109210920024bd5a54324e31010400005452543200000000000000b5000000006c720003
CAPTURE 1 34016951552 52540012340152540012340208004500004400000000401112990a002a020a002a0f109210920030ec9854324e310102000154525432000000b500000000000c00009986a0a40100000000000134000000b5
CAPTURE 1 34057304896 525400123402525400123401080045000038a1534000401131510a002a0f0a002a02109210920024bd5a54324e31010400005452543200000000000000b5000000006c720003
CAPTURE 1 34079053040 525400123402525400123401080045000044a1564000401131420a002a0f0a002a02109210920030f2ff54324e310101000154525432000000b600000000000c00005bf6d7800100000000000180000000b6
CAPTURE 1 34083888832 52540012340152540012340208004500003800000000401112a50a002a020a002a0f109210920024970954324e31010400005452543200000000000000b60000000055ff3cc6
CAPTURE 1 34099465472 52540012340152540012340208004500004400000000401112990a002a020a002a0f109210920030aa1254324e310102000154525432000000b600000000000c00003562474d0100000000000134000000b6
CAPTURE 1 34138311968 525400123402525400123401080045000038a15940004011314b0a002a0f0a002a02109210920024970954324e31010400005452543200000000000000b60000000055ff3cc6
CAPTURE 1 34346685312 525400123401525400123402080045000040000000004011129d0a002a020a002a0f10921092002cdc5b54324e3101050000545254320000000000000000000800007f2453d50000000000007b16
CAPTURE 1 34368262592 525400123402525400123401080045000044a1934000401131050a002a0f0a002a0210921092003025e254324e310101000154525432000000b700000000000c0000897a77180100000000000180000000b7
CAPTURE 1 34387466384 52540012340152540012340208004500003800000000401112a50a002a020a002a0f109210920024bec454324e31010400005452543200000000000000b70000000042842885
CAPTURE 1 34388302352 52540012340152540012340208004500004400000000401112990a002a020a002a0f10921092003056fb54324e310102000154525432000000b700000000000c0000e7eee7d50100000000000134000000b7
CAPTURE 1 34424994976 525400123402525400123401080045000040a1974000401131050a002a0f0a002a0210921092002c30a454324e31010500005452543200000000000000000008000088cb0c850000000000006477
CAPTURE 1 34449940512 525400123402525400123401080045000038a19a40004011310a0a002a0f0a002a02109210920024bec454324e31010400005452543200000000000000b70000000042842885
CAPTURE 1 34469422672 525400123402525400123401080045000044a19e4000401130fa0a002a0f0a002a02109210920030253e54324e310101000154525432000000b800000000000c0000fb9e05960100000000000180000000b8
CAPTURE 1 34487376592 52540012340152540012340208004500003800000000401112a50a002a020a002a0f109210920024a53a54324e31010400005452543200000000000000b8000000009d3de754
CAPTURE 1 34488077376 52540012340152540012340208004500004400000000401112990a002a020a002a0f109210920030fc5754324e310102000154525432000000b800000000000c0000950a955b0100000000000134000000b8
CAPTURE 1 34519312688 525400123402525400123401080045000038a1a54000401130ff0a002a0f0a002a02109210920024a53a54324e31010400005452543200000000000000b8000000009d3de754
CAPTURE 1 34569885520 525400123402525400123401080045000044a1a94000401130ef0a002a0f0a002a02109210920030585054324e310101000154525432000000b900000000000c00002912a50e0100000000000180000000b9
CAPTURE 1 34583983840 52540012340152540012340208004500003800000000401112a50a002a020a002a0f109210920024ac6d54324e31010400005452543200000000000000b9000000008a46f317
CAPTURE 1 34588537120 52540012340152540012340208004500004400000000401112990a002a020a002a0f109210920030a97254324e310102000154525432000000b900000000000c0000478635c30100000000000134000000b9
CAPTURE 1 34629802352 525400123402525400123401080045000038a1b04000401130f40a002a0f0a002a02109210920024ac6d54324e31010400005452543200000000000000b9000000008a46f317
CAPTURE 1 34646089056 525400123402525400123401080045000044a1b14000401130e70a002a0f0a002a021092109200305d9154324e310101000154525432000000ba00000000000c000085f642e70100000000000180000000ba
CAPTURE 1 34651477824 52540012340152540012340208004500003800000000401112a50a002a020a002a0f109210920024a62c54324e31010400005452543200000000000000ba00000000b3cbcfd2
CAPTURE 1 34668492240 52540012340152540012340208004500004400000000401112990a002a020a002a0f109210920030692c54324e310102000154525432000000ba00000000000c0000eb62d22a0100000000000134000000ba
CAPTURE 1 34708592624 525400123402525400123401080045000038a1be4000401130e60a002a0f0a002a02109210920024a62c54324e31010400005452543200000000000000ba00000000b3cbcfd2
CAPTURE 1 34922361632 525400123401525400123402080045000040000000004011129d0a002a020a002a0f10921092002c5d1454324e3101050000545254320000000000000000000800005614f9e80000000000007d5a
CAPTURE 1 34940813664 525400123402525400123401080045000044a1cd4000401130cb0a002a0f0a002a02109210920030ec7254324e310101000154525432000000bb00000000000c0000577ae27f0100000000000180000000bb
CAPTURE 1 34958285840 52540012340152540012340208004500003800000000401112a50a002a020a002a0f109210920024a98754324e31010400005452543200000000000000bb00000000a4b0db91
CAPTURE 1 34960057280 52540012340152540012340208004500004400000000401112990a002a020a002a0f1092109200307a1754324e310102000154525432000000bb00000000000c000039ee72b20100000000000134000000bb
CAPTURE 1 34993111248 525400123402525400123401080045000040a1d44000401130c80a002a0f0a002a0210921092002cec5654324e3101050000545254320000000000000000000800004b298c4500000000000066a6
CAPTURE 1 35018345104 525400123402525400123401080045000038a1d64000401130ce0a002a0f0a002a02109210920024a98754324e31010400005452543200000000000000bb00000000a4b0db91
CAPTURE 1 35038425760 525400123402525400123401080045000044a1d74000401130c10a002a0f0a002a0210921092003093a854324e310101000154525432000000bc00000000000c0000074e8b740100000000000180000000bc
CAPTURE 1 35054014528 52540012340152540012340208004500003800000000401112a50a002a020a002a0f109210920024b29e54324e31010400005452543200000000000000bc00000000c0d1b658
CAPTURE 1 35056830560 52540012340152540012340208004500004400000000401112990a002a020a002a0f109210920030a12254324e310102000154525432000000bc00000000000c000069da1bb90100000000000134000000bc
CAPTURE 1 35098150928 525400123402525400123401080045000038a1e44000401130c00a002a0f0a002a02109210920024b29e54324e31010400005452543200000000000000bc00000000c0d1b658
CAPTURE 1 35138320448 525400123402525400123401080045000044a1ee4000401130aa0a002a0f0a002a0210921092003024ba54324e310101000154525432000000bd00000000000c0000d5c22bec0100000000000180000000bd
CAPTURE 1 35156146512 52540012340152540012340208004500003800000000401112a50a002a020a002a0f109210920024b00154324e31010400005452543200000000000000bd00000000d7aaa21b
CAPTURE 1 35157046304 52540012340152540012340208004500004400000000401112990a002a020a002a0f109210920030b03b54324e310102000154525432000000bd00000000000c0000bb56bb210100000000000134000000bd
CAPTURE 1 35197052192 525400123402525400123401080045000038a1f34000401130b10a002a0f0a002a02109210920024b00154324e31010400005452543200000000000000bd00000000d7aaa21b
CAPTURE 1 35217068272 525400123402525400123401080045000044a1f64000401130a20a002a0f0a002a02109210920030e13a54324e310101000154525432000000be00000000000c00007926cc050100000000000180000000be
CAPTURE 1 35235210432 52540012340152540012340208004500003800000000401112a50a002a020a002a0f1092109200249cc054324e31010400005452543200000000000000be00000000ee279ede
CAPTURE 1 35236059488 52540012340152540012340208004500004400000000401112990a002a020a002a0f109210920030b23754324e310102000154525432000000be00000000000c000017b25cc80100000000000134000000be
CAPTURE 1 35286109088 525400123402525400123401080045000038a20540004011309f0a002a0f0a002a021092109200249cc054324e31010400005452543200000000000000be00000000ee279ede
CAPTURE 1 35317371824 525400123402525400123401080045000044a20b40004011308d0a002a0f0a002a021092109200300e1d54324e310101000154525432000000bf00000000000c0000abaa6c9d0100000000000180000000bf
CAPTURE 1 35334536560 52540012340152540012340208004500003800000000401112a50a002a020a002a0f109210920024a5cb54324e31010400005452543200000000000000bf00000000f95c8a9d
CAPTURE 1 35336019264 52540012340152540012340208004500004400000000401112990a002a020a002a0f109210920030652054324e310102000154525432000000bf00000000000c0000c53efc500100000000000134000000bf
CAPTURE 1 35386164448 525400123402525400123401080045000038a2144000401130900a002a0f0a002a02109210920024a5cb54324e31010400005452543200000000000000bf00000000f95c8a9d
CAPTURE 1 35402337280 525400123402525400123401080045000044a2164000401130820a002a0f0a002a02109210920030ae9e54324e310101000154525432000000c000000000000c0000da5f9d640100000000000180000000c0
CAPTURE 1 35421889152 52540012340152540012340208004500003800000000401112a50a002a020a002a0f109210920024cce454324e31010400005452543200000000000000c000000000d6468699
CAPTURE 1 35422617040 52540012340152540012340208004500004400000000401112990a002a020a002a0f109210920030643954324e310102000154525432000000c000000000000c0000b4cb0da90100000000000134000000c0
CAPTURE 1 35473822944 525400123402525400123401080045000038a22740004011307d0a002a0f0a002a02109210920024cce454324e31010400005452543200000000000000c000000000d6468699
CAPTURE 2 9671252336 525400123401525400123402080045000040000000004011129d0a002a020a002a0f10921092002c552b54324e31010500005452543200000000000000000008000032ac87dc0000000000001ab8
CAPTURE 2 9674217776 3333ff12340152540012340186dd6000000000203aff00000000000000000000000000000000ff0200000000000000000001ff12340187007f2100000000fe80000000000000505400fffe1234010e0122752bdbe931
CAPTURE 2 9674845216 33330000001652540012340186dd600000000024000100000000000000000000000000000000ff0200000000000000000000000000163a000502000001008f003b770000000104000000ff0200000000000000000001ff123401
CAPTURE 2 9675314512 5254001234025254001234010800450000449361400040113f370a002a0f0a002a02109210920030972d54324e3101010001545254320000000300000000000c0000e306ae3e01000000000000ea00000003
CAPTURE 2 9694174496 52540012340152540012340208004500003800000000401112a50a002a020a002a0f1092109200241a6154324e310104000054525432000000000000000300000000570cb914
CAPTURE 2 9695734208 52540012340152540012340208004500004400000000401112990a002a020a002a0f1092109200308dd254324e3101020001545254320000000300000000000c0000d296c83d01000000000000b500000003
CAPTURE 2 9733440192 525400123402525400123401080045000044936b400040113f2d0a002a0f0a002a02109210920030972d54324e3101010001545254320000000300000000000c0000e306ae3e01000000000000ea00000003
CAPTURE 2 9740121792 52540012340152540012340208004500003800000000401112a50a002a020a002a0f1092109200241a6154324e310104000054525432000000000000000300000000570cb914
CAPTURE 2 9763454416 525400123402525400123401080045000040936d400040113f2f0a002a0f0a002a0210921092002cb24854324e3101050000545254320000000000000000000800008130f2cf0000000000000423
CAPTURE 2 9776618816 525400123402525400123401080045000038936f400040113f350a002a0f0a002a021092109200241a6154324e310104000054525432000000000000000300000000570cb914
CAPTURE 2 9791660096 5254001234025254001234010800450000449372400040113f260a002a0f0a002a021092109200307fc554324e3101010001545254320000000400000000000c000046b261f501000000000000ee00000004
CAPTURE 2 9795261824 52540012340152540012340208004500003800000000401112a50a002a020a002a0f109210920024223654324e310104000054525432000000000000000400000000336dd4dd
CAPTURE 2 9796020864 52540012340152540012340208004500004400000000401112990a002a020a002a0f10921092003087ba54324e3101020001545254320000000400000000000c0000c502dbe601000000000000b600000004
CAPTURE 2 9868012832 5254001234025254001234010800450000389376400040113f2e0a002a0f0a002a02109210920024223654324e310104000054525432000000000000000400000000336dd4dd
CAPTURE 2 9895830528 5254001234025254001234010800450000449377400040113f210a002a0f0a002a02109210920030a76054324e3101010001545254320000000500000000000c0000eefe920d01000000000000ec00000005
CAPTURE 2 9900047696 52540012340152540012340208004500003800000000401112a50a002a020a002a0f10921092002445cb54324e3101040000545254320000000000000005000000002416c09e
CAPTURE 2 9903788560 52540012340152540012340208004500004400000000401112990a002a020a002a0f109210920030959554324e3101020001545254320000000500000000000c0000178e7b7e01000000000000b600000005
CAPTURE 2 9952634960 525400123402525400123401080045000038937e400040113f260a002a0f0a002a0210921092002445cb54324e3101040000545254320000000000000005000000002416c09e
CAPTURE 2 9983358960 5254001234025254001234010800450000449382400040113f160a002a0f0a002a02109210920030706c54324e3101010001545254320000000600000000000c0000421a75e401000000000000ec00000006
CAPTURE 2 9984801792 52540012340152540012340208004500003800000000401112a50a002a020a002a0f109210920024108854324e3101040000545254320000000000000006000000001d9bfc5b
CAPTURE 2 9987995856 52540012340152540012340208004500004400000000401112990a002a020a002a0f109210920030d09d54324e3101020001545254320000000600000000000c0000bb6a9c9701000000000000b600000006
CAPTURE 2 10049807488 525400123402525400123401080045000038938c400040113f180a002a0f0a002a02109210920024108854324e3101040000545254320000000000000006000000001d9bfc5b
CAPTURE 2 10072243440 5254001234025254001234010800450000449390400040113f080a002a0f0a002a02109210920030c25554324e3101010001545254320000000700000000000c00009096d57c01000000000000ec00000007
CAPTURE 2 10088458544 52540012340152540012340208004500003800000000401112a50a002a020a002a0f109210920024378554324e3101040000545254320000000000000007000000000ae0e818
CAPTURE 2 10090243872 52540012340152540012340208004500004400000000401112990a002a020a002a0f10921092003082a854324e3101020001545254320000000700000000000c000069e63c0f01000000000000b600000007
CAPTURE 2 10128330736 5254001234025254001234010800450000389395400040113f0f0a002a0f0a002a02109210920024378554324e3101040000545254320000000000000007000000000ae0e818
CAPTURE 2 10165160128 5254001234025254001234010800450000449398400040113f000a002a0f0a002a021092109200309e0154324e3101010001545254320000000800000000000c0000e272a7f201000000000000ec00000008
CAPTURE 2 10187490064 52540012340152540012340208004500003800000000401112a50a002a020a002a0f1092109200242d5a54324e310104000054525432000000000000000800000000d55927c9
CAPTURE 2 10188272256 52540012340152540012340208004500004400000000401112990a002a020a002a0f109210920030bf1854324e3101020001545254320000000800000000000c00001b024e8101000000000000b600000008
CAPTURE 2 10231538560 525400123402525400123401080045000038939f400040113f050a002a0f0a002a021092109200242d5a54324e310104000054525432000000000000000800000000d55927c9
CAPTURE 2 10249940416 52540012340252540012340108004500004493a1400040113ef70a002a0f0a002a02109210920030effc54324e3101010001545254320000000900000000000c000030fe076a01000000000000ec00000009
CAPTURE 2 10267393648 52540012340152540012340208004500003800000000401112a50a002a020a002a0f10921092002434cf54324e310104000054525432000000000000000900000000c222338a
CAPTURE 2 10268074976 52540012340152540012340208004500004400000000401112990a002a020a002a0f10921092003070f154324e3101020001545254320000000900000000000c0000c98eee1901000000000000b600000009
CAPTURE 2 10298674256 52540012340252540012340108004500003893a4400040113f000a002a0f0a002a0210921092002434cf54324e310104000054525432000000000000000900000000c222338a
CAPTURE 2 10348264592 52540012340252540012340108004500004493a8400040113ef00a002a0f0a002a02109210920030abc454324e3101010001545254320000000a00000000000c00009c1ae08301000000000000ec0000000a
CAPTURE 2 10363976912 52540012340152540012340208004500003800000000401112a50a002a020a002a0f1092109200241f7c54324e310104000054525432000000000000000a00000000fbaf0f4f
CAPTURE 2 10365814208 52540012340152540012340208004500004400000000401112990a002a020a002a0f109210920030b93d54324e3101020001545254320000000a00000000000c0000656a09f001000000000000b60000000a
CAPTURE 2 10406256928 52540012340252540012340108004500003893ac400040113ef80a002a0f0a002a021092109200241f7c54324e310104000054525432000000000000000a00000000fbaf0f4f
CAPTURE 2 10428358784 52540012340252540012340108004500004493b0400040113ee80a002a0f0a002a0210921092003099af54324e3101010001545254320000000b00000000000c00004e96401b01000000000000ec0000000b
CAPTURE 2 10445781792 52540012340152540012340208004500003800000000401112a50a002a020a002a0f109210920024229954324e310104000054525432000000000000000b00000000ecd41b0c
CAPTURE 2 10446379200 52540012340152540012340208004500004400000000401112990a002a020a002a0f109210920030c74654324e3101020001545254320000000b00000000000c0000b7e6a96801000000000000b60000000b
CAPTURE 2 10485356560 52540012340252540012340108004500003893b8400040113eec0a002a0f0a002a02109210920024229954324e310104000054525432000000000000000b00000000ecd41b0c
CAPTURE 2 10525144240 52540012340252540012340108004500004493be400040113eda0a002a0f0a002a02109210920030e0ac54324e3101010001545254320000000c00000000000c00001ea2291001000000000000ec0000000c
CAPTURE 2 10541642208 52540012340152540012340208004500003800000000401112a50a002a020a002a0f1092109200242afe54324e310104000054525432000000000000000c0000000088b576c5
CAPTURE 2 10543417120 52540012340152540012340208004500004400000000401112990a002a020a002a0f109210920030805d54324e3101020001545254320000000c00000000000c0000e7d2c06301000000000000b60000000c
CAPTURE 2 10582433120 52540012340252540012340108004500003893c4400040113ee00a002a0f0a002a021092109200242afe54324e310104000054525432000000000000000c0000000088b576c5
CAPTURE 2 10605152960 52540012340252540012340108004500004493c6400040113ed20a002a0f0a002a02109210920030d2a554324e3101010001545254320000000d00000000000c0000cc2e898801000000000000ec0000000d
CAPTURE 2 10622430816 52540012340152540012340208004500003800000000401112a50a002a020a002a0f109210920024282354324e310104000054525432000000000000000d000000009fce6286
CAPTURE 2 10623023136 52540012340152540012340208004500004400000000401112990a002a020a002a0f109210920030923854324e3101020001545254320000000d00000000000c0000355e60fb01000000000000b60000000d
CAPTURE 2 10661770256 52540012340252540012340108004500003893cc400040113ed80a002a0f0a002a02109210920024282354324e310104000054525432000000000000000d000000009fce6286
CAPTURE 2 10681560112 33330000001652540012340186dd6000000000240001fe80000000000000505400fffe123401ff0200000000000000000000000000163a000502000001008f00b98e0000000104000000ff0200000000000000000001ff123401
CAPTURE 2 10682079328 33330000000252540012340186dd6000000000103afffe80000000000000505400fffe123401ff0200000000000000000000000000028500725f000000000101525400123401
CAPTURE 2 10699205920 52540012340252540012340108004500004493cd400040113ecb0a002a0f0a002a02109210920030592f54324e3101010001545254320000000e00000000000c000060ca6e6101000000000000ec0000000e
CAPTURE 2 10716099920 52540012340152540012340208004500003800000000401112a50a002a020a002a0f10921092002425f054324e310104000054525432000000000000000e00000000a6435e43
CAPTURE 2 10716926224 52540012340152540012340208004500004400000000401112990a002a020a002a0f10921092003007c354324e3101020001545254320000000e00000000000c000099ba871201000000000000b60000000e
CAPTURE 2 10767185440 52540012340252540012340108004500003893d7400040113ecd0a002a0f0a002a0210921092002425f054324e310104000054525432000000000000000e00000000a6435e43
CAPTURE 2 10782955024 52540012340252540012340108004500004493d9400040113ebf0a002a0f0a002a02109210920030a71854324e3101010001545254320000000f00000000000c0000b246cef901000000000000ec0000000f
CAPTURE 2 10802582064 52540012340152540012340208004500003800000000401112a50a002a020a002a0f1092109200242f3d54324e310104000054525432000000000000000f00000000b1384a00
CAPTURE 2 10803990096 52540012340152540012340208004500004400000000401112990a002a020a002a0f109210920030b5cd54324e3101020001545254320000000f00000000000c00004b36278a01000000000000b60000000f
CAPTURE 2 10844125920 52540012340252540012340108004500003893e9400040113ebb0a002a0f0a002a021092109200242f3d54324e310104000054525432000000000000000f00000000b1384a00
CAPTURE 2 10883123568 52540012340252540012340108004500004493f2400040113ea60a002a0f0a002a0210921092003017d754324e3101010001545254320000001000000000000c000085028b7d01000000000000ec00000010
CAPTURE 2 10900138032 52540012340152540012340208004500003800000000401112a50a002a020a002a0f109210920024a09254324e310104000054525432000000000000001000000000c241c7a0
CAPTURE 2 10906832032 52540012340152540012340208004500004400000000401112990a002a020a002a0f10921092003078f354324e3101020001545254320000001000000000000c0000b5aaf957010000000000014c00000010
CAPTURE 2 10957166864 5254001234025254001234010800450000389401400040113ea30a002a0f0a002a02109210920024a09254324e310104000054525432000000000000001000000000c241c7a0
CAPTURE 2 10976801312 5254001234025254001234010800450000449404400040113e940a002a0f0a002a021092109200306d5b54324e3101010001545254320000001100000000000c0000baaa013b010000000000000000000011
CAPTURE 2 10993193856 52540012340152540012340208004500003800000000401112a50a002a020a002a0f109210920024815554324e310104000054525432000000000000001100000000d53ad3e3
CAPTURE 2 10995089184 52540012340152540012340208004500004400000000401112990a002a020a002a0f109210920030feca54324e3101020001545254320000001100000000000c0000b8f6702c010000000000015200000011
CAPTURE 2 11035104368 5254001234025254001234010800450000389410400040113e940a002a0f0a002a02109210920024815554324e310104000054525432000000000000001100000000d53ad3e3
CAPTURE 2 11237560976 525400123401525400123402080045000040000000004011129d0a002a020a002a0f10921092002cfb0654324e310105000054525432000000000000000000080000b4b959d100000000000020da
CAPTURE 2 11262171120 5254001234025254001234010800450000449447400040113e510a002a0f0a002a021092109200302c1e54324e3101010001545254320000001200000000000c0000164ee6d2010000000000000000000012
CAPTURE 2 11279407968 52540012340152540012340208004500003800000000401112a50a002a020a002a0f1092109200244e9454324e310104000054525432000000000000001200000000ecb7ef26
CAPTURE 2 11280106592 52540012340152540012340208004500004400000000401112990a002a020a002a0f109210920030155054324e3101020001545254320000001200000000000c0000e1923105010000000000015600000012
CAPTURE 2 11303124960 5254001234025254001234010800450000409448400040113e540a002a0f0a002a0210921092002caf0154324e310105000054525432000000000000000000080000f6d07a740000000000000a25
CAPTURE 2 11334445424 525400123402525400123401080045000038944d400040113e570a002a0f0a002a021092109200244e9454324e310104000054525432000000000000001200000000ecb7ef26
CAPTURE 2 11350084576 525400123402525400123401080045000044944f400040113e490a002a0f0a002a021092109200301e3054324e3101010001545254320000001300000000000c0000c4c2464a010000000000000000000013
CAPTURE 2 11369003792 52540012340152540012340208004500003800000000401112a50a002a020a002a0f109210920024333f54324e310104000054525432000000000000001300000000fbccfb65
CAPTURE 2 11369773760 52540012340152540012340208004500004400000000401112990a002a020a002a0f1092109200306bb954324e3101020001545254320000001300000000000c00008c2e2ffc010000000000015800000013
CAPTURE 2 11410339552 5254001234025254001234010800450000389453400040113e510a002a0f0a002a02109210920024333f54324e310104000054525432000000000000001300000000fbccfb65
CAPTURE 2 11428705296 33330000001652540012340186dd6000000000240001fe80000000000000505400fffe123401ff0200000000000000000000000000163a000502000001008f00b98e0000000104000000ff0200000000000000000001ff123401
CAPTURE 2 11454379744 525400123402525400123401080045000044945c400040113e3c0a002a0f0a002a02109210920030650354324e3101010001545254320000001400000000000c000094f62f41010000000000000000000014
CAPTURE 2 11470987328 52540012340152540012340208004500003800000000401112a50a002a020a002a0f109210920024f41654324e3101040000545254320000000000000014000000009fad96ac
CAPTURE 2 11471998512 52540012340152540012340208004500004400000000401112990a002a020a002a0f109210920030d71e54324e3101020001545254320000001400000000000c0000e17a6f47010000000000015900000014
CAPTURE 2 11512152144 5254001234025254001234010800450000389468400040113e3c0a002a0f0a002a02109210920024f41654324e3101040000545254320000000000000014000000009fad96ac
CAPTURE 2 11531721888 525400123402525400123401080045000044946b400040113e2d0a002a0f0a002a0210921092003052e554324e3101010001545254320000001500000000000c0000467a8fd9010000000000000000000015
CAPTURE 2 11533862192 52540012340152540012340208004500003800000000401112a50a002a020a002a0f1092109200241eaa54324e31010400005452543200000000000000150000000088d682ef
CAPTURE 2 11536048752 52540012340152540012340208004500004400000000401112990a002a020a002a0f109210920030fe7754324e3101020001545254320000001500000000000c00007456b50f010000000000015a00000015
CAPTURE 2 11589797120 5254001234025254001234010800450000389472400040113e320a002a0f0a002a021092109200241eaa54324e31010400005452543200000000000000150000000088d682ef
CAPTURE 2 11792252928 525400123401525400123402080045000040000000004011129d0a002a020a002a0f10921092002cdc0054324e310105000054525432000000000000000000080000f99231d80000000000002300
CAPTURE 2 11811561536 525400123402525400123401080045000044949a400040113dfe0a002a0f0a002a02109210920030d66754324e3101010001545254320000001600000000000c0000ea9e6830010000000000000000000016
CAPTURE 2 11816175104 52540012340152540012340208004500003800000000401112a50a002a020a002a0f109210920024bae854324e310104000054525432000000000000001600000000b15bbe2a
CAPTURE 2 11823932752 52540012340152540012340208004500004400000000401112990a002a020a002a0f109210920030fc4254324e3101020001545254320000001600000000000c0000d8b252e6010000000000015a00000016
CAPTURE 2 11874057232 52540012340252540012340108004500004094a5400040113df70a002a0f0a002a0210921092002c0ee254324e310105000054525432000000000000000000080000a63c68ed0000000000000c60
CAPTURE 2 11899651264 52540012340252540012340108004500003894ab400040113df90a002a0f0a002a02109210920024bae854324e310104000054525432000000000000001600000000b15bbe2a
CAPTURE 2 11918499728 52540012340252540012340108004500004494ac400040113dec0a002a0f0a002a02109210920030287a54324e3101010001545254320000001700000000000c00003812c8a8010000000000000000000017
CAPTURE 2 11935230080 52540012340152540012340208004500003800000000401112a50a002a020a002a0f109210920024d9e354324e310104000054525432000000000000001700000000a620aa69
CAPTURE 2 11936030016 52540012340152540012340208004500004400000000401112990a002a020a002a0f1092109200302b1d54324e3101020001545254320000001700000000000c00000a3ef27e010000000000015a00000017
CAPTURE 2 11985845712 52540012340252540012340108004500003894ba400040113dea0a002a0f0a002a02109210920024d9e354324e310104000054525432000000000000001700000000a620aa69
CAPTURE 2 12016542272 52540012340252540012340108004500004494bc400040113ddc0a002a0f0a002a02109210920030241654324e3101010001545254320000001800000000000c00004af6ba26010000000000000000000018
CAPTURE 2 12033359440 52540012340152540012340208004500003800000000401112a50a002a020a002a0f1092109200244b1b54324e310104000054525432000000000000001800000000799965b8
CAPTURE 2 12036056320 52540012340152540012340208004500004400000000401112990a002a020a002a0f1092109200302e0d54324e3101020001545254320000001800000000000c000078da80f0010000000000015a00000018
CAPTURE 2 12074314080 52540012340252540012340108004500003894c7400040113ddd0a002a0f0a002a021092109200244b1b54324e310104000054525432000000000000001800000000799965b8
CAPTURE 2 12106199696 52540012340252540012340108004500004494cb400040113dcd0a002a0f0a002a0210921092003075f854324e3101010001545254320000001900000000000c0000987a1abe010000000000000000000019
CAPTURE 2 12122852032 52540012340152540012340208004500003800000000401112a50a002a020a002a0f109210920024498e54324e3101040000545254320000000000000019000000006ee271fb
CAPTURE 2 12124051360 52540012340152540012340208004500004400000000401112990a002a020a002a0f1092109200305d1754324e3101020001545254320000001900000000000c0000aa562068010000000000015a00000019
CAPTURE 2 12173877344 52540012340252540012340108004500003894dc400040113dc80a002a0f0a002a02109210920024498e54324e3101040000545254320000000000000019000000006ee271fb
CAPTURE 2 12365756640 52540012340252540012340108004500004494ee400040113daa0a002a0f0a002a02109210920030f73854324e3101010001545254320000001a00000000000c0000349efd5701000000000000000000001a
CAPTURE 2 12384924544 525400123401525400123402080045000040000000004011129d0a002a020a002a0f10921092002ccba754324e3101050000545254320000000000000000000800003eacfac9000000000000254e
CAPTURE 2 12385845312 52540012340152540012340208004500003800000000401112a50a002a020a002a0f10921092002485bd54324e310104000054525432000000000000001a00000000576f4d3e
CAPTURE 2 12388118464 52540012340152540012340208004500004400000000401112990a002a020a002a0f10921092003059a054324e3101020001545254320000001a00000000000c000006b2c781010000000000015a0000001a
CAPTURE 2 12420924352 52540012340252540012340108004500004094f5400040113da70a002a0f0a002a0210921092002cb53154324e310105000054525432000000000000000000080000ad09b9ad0000000000000e83
CAPTURE 2 12445664368 52540012340252540012340108004500003894f8400040113dac0a002a0f0a002a0210921092002485bd54324e310104000054525432000000000000001a00000000576f4d3e
CAPTURE 2 12461372144 52540012340252540012340108004500004494fc400040113d9c0a002a0f0a002a02109210920030e54a54324e3101010001545254320000001b00000000000c0000e6125dcf01000000000000000000001b
CAPTURE 2 12467972736 52540012340152540012340208004500003800000000401112a50a002a020a002a0f10921092002490d854324e310104000054525432000000000000001b000000004014597d
CAPTURE 2 12481392624 52540012340152540012340208004500004400000000401112990a002a020a002a0f109210920030ec7954324e3101020001545254320000001b00000000000c0000d43e6719010000000000015a0000001b
CAPTURE 2 12523168992 5254001234025254001234010800450000389502400040113da20a002a0f0a002a0210921092002490d854324e310104000054525432000000000000001b000000004014597d
CAPTURE 2 12566693024 525400123402525400123401080045000044950c400040113d8c0a002a0f0a002a021092109200303e4054324e3101010001545254320000001c00000000000c0000b62634c401000000000000000000001c
CAPTURE 2 12584133920 52540012340152540012340208004500003800000000401112a50a002a020a002a0f109210920024d13f54324e310104000054525432000000000000001c00000000247534b4
CAPTURE 2 12585028016 52540012340152540012340208004500004400000000401112990a002a020a002a0f10921092003095b354324e3101020001545254320000001c00000000000c0000840a0e12010000000000015a0000001c
CAPTURE 2 12624639728 5254001234025254001234010800450000389517400040113d8d0a002a0f0a002a02109210920024d13f54324e310104000054525432000000000000001c00000000247534b4
CAPTURE 2 12643351472 5254001234025254001234010800450000449518400040113d800a002a0f0a002a02109210920030302254324e3101010001545254320000001d00000000000c000064aa945c01000000000000000000001d
CAPTURE 2 12644787728 52540012340152540012340208004500003800000000401112a50a002a020a002a0f109210920024d66254324e310104000054525432000000000000001d00000000330e20f7
CAPTURE 2 12648073168 52540012340152540012340208004500004400000000401112990a002a020a002a0f10921092003022bd54324e3101020001545254320000001d00000000000c00005686ae8a010000000000015a0000001d
CAPTURE 2 12710357136 5254001234025254001234010800450000389523400040113d810a002a0f0a002a02109210920024d66254324e310104000054525432000000000000001d00000000330e20f7
CAPTURE 2 12933790496 525400123401525400123402080045000040000000004011129d0a002a020a002a0f10921092002cf66754324e310105000054525432000000000000000000080000ca9641f90000000000002774
CAPTURE 2 12945095056 5254001234025254001234010800450000449556400040113d420a002a0f0a002a02109210920030ed2254324e3101010001545254320000001e00000000000c0000c84e73b501000000000000000000001e
CAPTURE 2 12961798272 52540012340152540012340208004500003800000000401112a50a002a020a002a0f10921092002403b254324e310104000054525432000000000000001e000000000a831c32
CAPTURE 2 12964063168 52540012340152540012340208004500004400000000401112990a002a020a002a0f109210920030e40554324e3101020001545254320000001e00000000000c0000fa624963010000000000015a0000001e
CAPTURE 2 13000954880 5254001234025254001234010800450000409562400040113d3a0a002a0f0a002a0210921092002ca9a154324e3101050000545254320000000000000000000800007893f77400000000000010c2
CAPTURE 2 13036617952 5254001234025254001234010800450000389565400040113d3f0a002a0f0a002a0210921092002403b254324e310104000054525432000000000000001e000000000a831c32
CAPTURE 2 13056407584 5254001234025254001234010800450000449566400040113d320a002a0f0a002a021092109200303b3554324e3101010001545254320000001f00000000000c00001ac2d32d01000000000000000000001f
CAPTURE 2 13086062592 52540012340152540012340208004500003800000000401112a50a002a020a002a0f10921092002403fd54324e310104000054525432000000000000001f000000001df80871
CAPTURE 2 13088102560 52540012340152540012340208004500004400000000401112990a002a020a002a0f10921092003014e054324e3101020001545254320000001f00000000000c000028eee9fb010000000000015a0000001f
CAPTURE 2 13130179280 5254001234025254001234010800450000389578400040113d2c0a002a0f0a002a0210921092002403fd54324e310104000054525432000000000000001f000000001df80871
CAPTURE 2 13157565744 5254001234025254001234010800450000449579400040113d1f0a002a0f0a002a02109210920030899e54324e3101010001545254320000002000000000000c0000a6c6f8bd010000000000000000000020
CAPTURE 2 13174077520 52540012340152540012340208004500003800000000401112a50a002a020a002a0f109210920024368254324e310104000054525432000000000000002000000000ec700772
CAPTURE 2 13175524448 52540012340152540012340208004500004400000000401112990a002a020a002a0f109210920030d07154324e3101020001545254320000002000000000000c000094eac26b010000000000015a00000020
CAPTURE 2 13226226384 5254001234025254001234010800450000389580400040113d240a002a0f0a002a02109210920024368254324e310104000054525432000000000000002000000000ec700772
CAPTURE 2 13250715520 5254001234025254001234010800450000449584400040113d140a002a0f0a002a021092109200305cb154324e3101010001545254320000002100000000000c0000744a5825010000000000000000000021
CAPTURE 2 13268148560 52540012340152540012340208004500003800000000401112a50a002a020a002a0f1092109200241c2754324e310104000054525432000000000000002100000000fb0b1331
CAPTURE 2 13269390928 52540012340152540012340208004500004400000000401112990a002a020a002a0f1092109200307e6c54324e3101020001545254320000002100000000000c0000466662f3010000000000015a00000021
CAPTURE 2 13309349344 5254001234025254001234010800450000389593400040113d110a002a0f0a002a021092109200241c2754324e310104000054525432000000000000002100000000fb0b1331
CAPTURE 2 13506699520 525400123401525400123402080045000040000000004011129d0a002a020a002a0f10921092002c76ed54324e310105000054525432000000000000000000080000321357bd00000000000029ae
CAPTURE 2 13526460272 52540012340252540012340108004500004495a3400040113cf50a002a0f0a002a0210921092003090a354324e3101010001545254320000002200000000000c0000d8aebfcc010000000000000000000022
CAPTURE 2 13548320592 52540012340152540012340208004500003800000000401112a50a002a020a002a0f10921092002437e854324e310104000054525432000000000000002200000000c2862ff4
CAPTURE 2 13550139760 52540012340152540012340208004500004400000000401112990a002a020a002a0f109210920030b82654324e3101020001545254320000002200000000000c0000ea82851a010000000000015a00000022
CAPTURE 2 13582806256 52540012340252540012340108004500004095ae400040113cee0a002a0f0a002a0210921092002c327c54324e31010500005452543200000000000000000008000021b9c3320000000000001304
CAPTURE 2 13608596368 52540012340252540012340108004500003895b1400040113cf30a002a0f0a002a0210921092002437e854324e310104000054525432000000000000002200000000c2862ff4
CAPTURE 2 13627408000 52540012340252540012340108004500004495b2400040113ce60a002a0f0a002a02109210920030ffa654324e3101010001545254320000002300000000000c00000a221f54010000000000000000000023
CAPTURE 2 13644034928 52540012340152540012340208004500003800000000401112a50a002a020a002a0f10921092002418ad54324e310104000054525432000000000000002300000000d5fd3bb7
CAPTURE 2 13644842608 52540012340152540012340208004500004400000000401112990a002a020a002a0f109210920030ca3154324e3101020001545254320000002300000000000c0000380e2582010000000000015a00000023
CAPTURE 2 13694314992 52540012340252540012340108004500003895c0400040113ce40a002a0f0a002a0210921092002418ad54324e310104000054525432000000000000002300000000d5fd3bb7
CAPTURE 2 13724535808 52540012340252540012340108004500004495c5400040113cd30a002a0f0a002a0210921092003058a554324e3101010001545254320000002400000000000c00005a16765f010000000000000000000024
CAPTURE 2 13749103104 52540012340152540012340208004500003800000000401112a50a002a020a002a0f109210920024224654324e310104000054525432000000000000002400000000b19c567e
CAPTURE 2 13750963472 52540012340152540012340208004500004400000000401112990a002a020a002a0f10921092003072fc54324e3101020001545254320000002400000000000c0000683a4c89010000000000015a00000024
CAPTURE 2 13789630960 52540012340252540012340108004500003895cf400040113cd50a002a0f0a002a02109210920024224654324e310104000054525432000000000000002400000000b19c567e
CAPTURE 2 13814567456 52540012340252540012340108004500004495d3400040113cc50a002a0f0a002a02109210920030b17954324e3101010001545254320000002500000000000c00007a18f9fa010000000000038c00000025
CAPTURE 2 13832044416 52540012340152540012340208004500003800000000401112a50a002a020a002a0f109210920024413b54324e310104000054525432000000000000002500000000a6e7423d
CAPTURE 2 13832815248 52540012340152540012340208004500004400000000401112990a002a020a002a0f109210920030460454324e3101020001545254320000002500000000000c00002da7b2d5010000000000029700000025
CAPTURE 2 13872307920 52540012340252540012340108004500003895d4400040113cd00a002a0f0a002a02109210920024413b54324e310104000054525432000000000000002500000000a6e7423d
CAPTURE 2 14079462800 525400123401525400123402080045000040000000004011129d0a002a020a002a0f10921092002c72a154324e31010500005452543200000000000000000008000062f828e00000000000002bf2
CAPTURE 2 14104769040 52540012340252540012340108004500004495ed400040113cab0a002a0f0a002a021092109200300c9954324e3101010001545254320000002600000000000c0000f5022669010000000000011200000026
CAPTURE 2 14124131968 52540012340152540012340208004500003800000000401112a50a002a020a002a0f1092109200240bfc54324e3101040000545254320000000000000026000000009f6a7ef8
CAPTURE 2 14124831568 52540012340152540012340208004500004400000000401112990a002a020a002a0f1092109200309b0b54324e3101020001545254320000002600000000000c000001978a11010000000000026200000026
CAPTURE 2 14157873856 52540012340252540012340108004500004095f3400040113ca90a002a0f0a002a0210921092002c582554324e3101050000545254320000000000000000000800000fe4ad16000000000000154c
CAPTURE 2 14183215824 52540012340252540012340108004500003895f7400040113cad0a002a0f0a002a021092109200240bfc54324e3101040000545254320000000000000026000000009f6a7ef8
CAPTURE 2 14202699680 52540012340252540012340108004500004495f8400040113ca00a002a0f0a002a02109210920030d62f54324e3101010001545254320000002700000000000c0000018c4fdd010000000000017c00000027
CAPTURE 2 14219605344 52540012340152540012340208004500003800000000401112a50a002a020a002a0f109210920024379154324e31010400005452543200000000000000270000000088116abb
CAPTURE 2 14220391904 52540012340152540012340208004500004400000000401112990a002a020a002a0f109210920030180354324e3101020001545254320000002700000000000c0000514bbd58010000000000026d00000027
CAPTURE 2 14270609376 5254001234025254001234010800450000389600400040113ca40a002a0f0a002a02109210920024379154324e31010400005452543200000000000000270000000088116abb
CAPTURE 2 14299272352 5254001234025254001234010800450000449602400040113c960a002a0f0a002a021092109200301c0454324e3101010001545254320000002800000000000c00005938b270010000000000016600000028
CAPTURE 2 14316216208 52540012340152540012340208004500003800000000401112a50a002a020a002a0f1092109200242d4a54324e31010400005452543200000000000000280000000057a8a56a
CAPTURE 2 14318012448 52540012340152540012340208004500004400000000401112990a002a020a002a0f109210920030815254324e3101020001545254320000002800000000000c0000918f13c6010000000000026a00000028
CAPTURE 2 14357226784 525400123402525400123401080045000038960c400040113c980a002a0f0a002a021092109200242d4a54324e31010400005452543200000000000000280000000057a8a56a
CAPTURE 2 14391088576 525400123402525400123401080045000044960e400040113c8a0a002a0f0a002a021092109200305c5754324e3101010001545254320000002900000000000c0000c1040a49010000000000016c00000029
CAPTURE 2 14408068112 52540012340152540012340208004500003800000000401112a50a002a020a002a0f109210920024385f54324e31010400005452543200000000000000290000000040d3b129
CAPTURE 2 14409289600 52540012340152540012340208004500004400000000401112990a002a020a002a0f109210920030136254324e3101020001545254320000002900000000000c0000cc4346fe010000000000026c00000029
CAPTURE 2 14449373072 525400123402525400123401080045000038961b400040113c890a002a0f0a002a02109210920024385f54324e31010400005452543200000000000000290000000040d3b129
CAPTURE 2 14649188224 525400123401525400123402080045000040000000004011129d0a002a020a002a0f10921092002c59e554324e3101050000545254320000000000000000000800007ee423760000000000002e2c
CAPTURE 2 14653844816 5254001234025254001234010800450000449648400040113c500a002a0f0a002a0210921092003043e654324e3101010001545254320000002a00000000000c000098604b6001000000000001680000002a
CAPTURE 2 14672317680 52540012340152540012340208004500003800000000401112a50a002a020a002a0f109210920024231054324e310104000054525432000000000000002a00000000795e8dec
CAPTURE 2 14673181888 52540012340152540012340208004500004400000000401112990a002a020a002a0f109210920030e20454324e3101020001545254320000002a00000000000c0000efe754b7010000000000026a0000002a
CAPTURE 2 14707733952 5254001234025254001234010800450000409655400040113c470a002a0f0a002a0210921092002c440654324e310105000054525432000000000000000000080000fcb3d23f0000000000001772
CAPTURE 2 14734235648 5254001234025254001234010800450000389657400040113c4d0a002a0f0a002a02109210920024231054324e310104000054525432000000000000002a00000000795e8dec
CAPTURE 2 14750184272 5254001234025254001234010800450000449659400040113c3f0a002a0f0a002a021092109200301afc54324e3101010001545254320000002b00000000000c0000bf6c4d38010000000000016c0000002b
CAPTURE 2 14756335328 52540012340152540012340208004500003800000000401112a50a002a020a002a0f109210920024228554324e310104000054525432000000000000002b000000006e2599af
CAPTURE 2 14764062624 52540012340152540012340208004500004400000000401112990a002a020a002a0f10921092003072e554324e3101020001545254320000002b00000000000c0000b22b018f010000000000026c0000002b
CAPTURE 2 14811511760 5254001234025254001234010800450000389660400040113c440a002a0f0a002a02109210920024228554324e310104000054525432000000000000002b000000006e2599af
CAPTURE 2 14853186176 5254001234025254001234010800450000449661400040113c370a002a0f0a002a0210921092003089d754324e3101010001545254320000002c00000000000c00001ad882f301000000000001680000002c
CAPTURE 2 14870665632 52540012340152540012340208004500003800000000401112a50a002a020a002a0f1092109200242bae54324e310104000054525432000000000000002c000000000a44f466
CAPTURE 2 14871242256 52540012340152540012340208004500004400000000401112990a002a020a002a0f1092109200301c1c54324e3101020001545254320000002c00000000000c00006d5f9d24010000000000026a0000002c
CAPTURE 2 14885562464 33330000000252540012340186dd6000000000103afffe80000000000000505400fffe123401ff0200000000000000000000000000028500725f000000000101525400123401
CAPTURE 2 14912294064 525400123402525400123401080045000038966b400040113c390a002a0f0a002a021092109200242bae54324e310104000054525432000000000000002c000000000a44f466
CAPTURE 2 14931383216 525400123402525400123401080045000044966f400040113c290a002a0f0a002a02109210920030651d54324e3101010001545254320000002d00000000000c00003dd484ab010000000000016c0000002d
CAPTURE 2 14948453952 52540012340152540012340208004500003800000000401112a50a002a020a002a0f1092109200242cf354324e310104000054525432000000000000002d000000001d3fe025
CAPTURE 2 14950404544 52540012340152540012340208004500004400000000401112990a002a020a002a0f1092109200302dec54324e3101020001545254320000002d00000000000c00003093c81c010000000000026c0000002d
CAPTURE 2 14989765536 5254001234025254001234010800450000389675400040113c2f0a002a0f0a002a021092109200242cf354324e310104000054525432000000000000002d000000001d3fe025
CAPTURE 2 15206484704 525400123401525400123402080045000040000000004011129d0a002a020a002a0f10921092002c9c6f54324e3101050000545254320000000000000000000800001d1840920000000000003052
CAPTURE 2 15231636704 52540012340252540012340108004500004496ac400040113bec0a002a0f0a002a02109210920030fd6b54324e3101010001545254320000002e00000000000c000064b0c58201000000000001680000002e
CAPTURE 2 15236147744 52540012340152540012340208004500003800000000401112a50a002a020a002a0f10921092002428c454324e310104000054525432000000000000002e0000000024b2dce0
CAPTURE 2 15249581776 52540012340152540012340208004500004400000000401112990a002a020a002a0f109210920030390f54324e3101020001545254320000002e00000000000c00001337da55010000000000026a0000002e
CAPTURE 2 15284867104 52540012340252540012340108004500004096b2400040113bea0a002a0f0a002a0210921092002cda6354324e310105000054525432000000000000000000080000f9543d0100000000000019b2
CAPTURE 2 15309780176 52540012340252540012340108004500003896b4400040113bf00a002a0f0a002a0210921092002428c454324e310104000054525432000000000000002e0000000024b2dce0
CAPTURE 2 15329093952 52540012340252540012340108004500004496b7400040113be10a002a0f0a002a02109210920030200254324e3101010001545254320000002f00000000000c000043bcc3da010000000000016c0000002f
CAPTURE 2 15343984976 52540012340152540012340208004500003800000000401112a50a002a020a002a0f1092109200242de954324e310104000054525432000000000000002f0000000033c9c8a3
CAPTURE 2 15346926256 52540012340152540012340208004500004400000000401112990a002a020a002a0f109210920030482f54324e3101020001545254320000002f00000000000c00004efb8f6d010000000000026c0000002f
CAPTURE 2 15386334800 52540012340252540012340108004500003896c4400040113be00a002a0f0a002a021092109200242de954324e310104000054525432000000000000002f0000000033c9c8a3
CAPTURE 2 15425843648 52540012340252540012340108004500004496c8400040113bd00a002a0f0a002a02109210920030858454324e3101010001545254320000003000000000000c00008178209e010000000000016800000030
CAPTURE 2 15444070624 52540012340152540012340208004500003800000000401112a50a002a020a002a0f109210920024a4a154324e31010400005452543200000000000000300000000040b04503
CAPTURE 2 15444665920 52540012340152540012340208004500004400000000401112990a002a020a002a0f109210920030f04e54324e3101020001545254320000003000000000000c0000f6ff3f49010000000000026a00000030
CAPTURE 2 15483248384 52540012340252540012340108004500003896d1400040113bd30a002a0f0a002a02109210920024a4a154324e31010400005452543200000000000000300000000040b04503
CAPTURE 2 15506949712 52540012340252540012340108004500004496d6400040113bc20a002a0f0a002a021092109200305a5a54324e3101010001545254320000003100000000000c0000a67426c6010000000000016c00000031
CAPTURE 2 15523899472 52540012340152540012340208004500003800000000401112a50a002a020a002a0f109210920024814854324e31010400005452543200000000000000310000000057cb5140
CAPTURE 2 15524680656 52540012340152540012340208004500004400000000401112990a002a020a002a0f10921092003010ef54324e3101020001545254320000003100000000000c0000ab336a71010000000000026c00000031
CAPTURE 2 15575747568 52540012340252540012340108004500003896e0400040113bc40a002a0f0a002a02109210920024814854324e31010400005452543200000000000000310000000057cb5140
CAPTURE 2 15774468832 525400123401525400123402080045000040000000004011129d0a002a020a002a0f10921092002c1ff554324e310105000054525432000000000000000000080000b32724b90000000000003296
CAPTURE 2 15781762864 5254001234025254001234010800450000449705400040113b930a002a0f0a002a02109210920030c09654324e3101010001545254320000003200000000000c0000ff1067ef010000000000016800000032
CAPTURE 2 15799156736 52540012340152540012340208004500003800000000401112a50a002a020a002a0f1092109200244e8754324e3101040000545254320000000000000032000000006e466d85
CAPTURE 2 15799877744 52540012340152540012340208004500004400000000401112990a002a020a002a0f10921092003025c454324e3101020001545254320000003200000000000c000088977838010000000000026a00000032
CAPTURE 2 15832985488 525400123402525400123401080045000040970d400040113b8f0a002a0f0a002a0210921092002c193854324e31010500005452543200000000000000000008000092d162940000000000001bce
CAPTURE 2 15858094016 525400123402525400123401080045000038970e400040113b960a002a0f0a002a021092109200244e8754324e3101040000545254320000000000000032000000006e466d85
CAPTURE 2 15877178960 5254001234025254001234010800450000449712400040113b860a002a0f0a002a02109210920030edbc54324e3101010001545254320000003300000000000c0000d81c61b7010000000000016c00000033
CAPTURE 2 15894083008 52540012340152540012340208004500003800000000401112a50a002a020a002a0f109210920024374e54324e310104000054525432000000000000003300000000793d79c6
CAPTURE 2 15894991392 52540012340152540012340208004500004400000000401112990a002a020a002a0f109210920030243454324e3101020001545254320000003300000000000c0000d55b2d00010000000000026c00000033
CAPTURE 2 15946401408 5254001234025254001234010800450000389723400040113b810a002a0f0a002a02109210920024374e54324e310104000054525432000000000000003300000000793d79c6
CAPTURE 2 15977479616 5254001234025254001234010800450000449726400040113b720a002a0f0a002a02109210920030fb6d54324e3101010001545254320000003400000000000c00007da8ae7c010000000000016800000034
CAPTURE 2 15995165072 52540012340152540012340208004500003800000000401112a50a002a020a002a0f109210920024f8e554324e3101040000545254320000000000000034000000001d5c140f
CAPTURE 2 15995754496 52540012340152540012340208004500004400000000401112990a002a020a002a0f1092109200306ab554324e3101020001545254320000003400000000000c00000a2fb1ab010000000000026a00000034
CAPTURE 2 16029415728 5254001234025254001234010800450000389730400040113b740a002a0f0a002a02109210920024f8e554324e3101040000545254320000000000000034000000001d5c140f
CAPTURE 2 16066441872 5254001234025254001234010800450000449734400040113b640a002a0f0a002a0210921092003024c454324e3101010001545254320000003500000000000c00005aa4a824010000000000016c00000035
CAPTURE 2 16084086928 52540012340152540012340208004500003800000000401112a50a002a020a002a0f1092109200241fdd54324e3101040000545254320000000000000035000000000a27004c
CAPTURE 2 16085370816 52540012340152540012340208004500004400000000401112990a002a020a002a0f109210920030ea1454324e3101020001545254320000003500000000000c000057e3e493010000000000026c00000035
CAPTURE 2 16124787152 525400123402525400123401080045000038973d400040113b670a002a0f0a002a021092109200241fdd54324e3101040000545254320000000000000035000000000a27004c
CAPTURE 2 16336957760 525400123401525400123402080045000040000000004011129d0a002a020a002a0f10921092002c6c0054324e3101050000545254320000000000000000000800003ec64ae900000000000034bc
CAPTURE 2 16340224512 5254001234025254001234010800450000449740400040113b580a002a0f0a002a021092109200303ac154324e3101010001545254320000003600000000000c000003c0e90d010000000000016800000036
CAPTURE 2 16356914848 52540012340152540012340208004500003800000000401112a50a002a020a002a0f109210920024ba1b54324e31010400005452543200000000000000360000000033aa3c89
CAPTURE 2 16357821232 52540012340152540012340208004500004400000000401112990a002a020a002a0f109210920030bb6954324e3101020001545254320000003600000000000c00007447f6da010000000000026a00000036
CAPTURE 2 16382739088 5254001234025254001234010800450000409742400040113b5a0a002a0f0a002a0210921092002ced0e54324e3101050000545254320000000000000000000800007b5ba4040000000000001dfd
CAPTURE 2 16414136000 525400123402525400123401080045000038974a400040113b5a0a002a0f0a002a02109210920024ba1b54324e31010400005452543200000000000000360000000033aa3c89
CAPTURE 2 16430751616 525400123402525400123401080045000044974b400040113b4d0a002a0f0a002a02109210920030136754324e3101010001545254320000003700000000000c000024ccef55010000000000016c00000037
CAPTURE 2 16436354832 52540012340152540012340208004500003800000000401112a50a002a020a002a0f109210920024dcb254324e31010400005452543200000000000000370000000024d128ca
CAPTURE 2 16444077792 52540012340152540012340208004500004400000000401112990a002a020a002a0f109210920030591a54324e3101020001545254320000003700000000000c0000298ba3e2010000000000026c00000037
CAPTURE 2 16491742560 5254001234025254001234010800450000389753400040113b510a002a0f0a002a02109210920024dcb254324e31010400005452543200000000000000370000000024d128ca
CAPTURE 2 16533829824 5254001234025254001234010800450000449754400040113b440a002a0f0a002a0210921092003048c754324e3101010001545254320000003800000000000c0000a3a83b1b010000000000016800000038
CAPTURE 2 16550884320 52540012340152540012340208004500003800000000401112a50a002a020a002a0f10921092002447c854324e310104000054525432000000000000003800000000fb68e71b
CAPTURE 2 16552026160 52540012340152540012340208004500004400000000401112990a002a020a002a0f1092109200302d8c54324e3101020001545254320000003800000000000c0000d42f24cc010000000000026a00000038
CAPTURE 2 16592346240 5254001234025254001234010800450000389760400040113b440a002a0f0a002a0210921092002447c854324e310104000054525432000000000000003800000000fb68e71b
CAPTURE 2 16611269456 5254001234025254001234010800450000449762400040113b360a002a0f0a002a02109210920030659d54324e3101010001545254320000003900000000000c000084a43d43010000000000016c00000039
CAPTURE 2 16628135856 52540012340152540012340208004500003800000000401112a50a002a020a002a0f1092109200244adf54324e310104000054525432000000000000003900000000ec13f358
CAPTURE 2 16628944400 52540012340152540012340208004500004400000000401112990a002a020a002a0f1092109200302aac54324e3101020001545254320000003900000000000c000089e371f4010000000000026c00000039
CAPTURE 2 16670548720 5254001234025254001234010800450000389770400040113b340a002a0f0a002a021092109200244adf54324e310104000054525432000000000000003900000000ec13f358
CAPTURE 2 16711645952 5254001234025254001234010800450000449774400040113b240a002a0f0a002a02109210920030cd5b54324e3101010001545254320000003a00000000000c0000ddc07c6a01000000000001680000003a
CAPTURE 2 16897002176 52540012340152540012340208004500003800000000401112a50a002a020a002a0f109210920024850e54324e310104000054525432000000000000003a00000000d59ecf9d
CAPTURE 2 16914173424 52540012340152540012340208004500004400000000401112990a002a020a002a0f109210920030187f54324e3101020001545254320000003a00000000000c0000aa4763bd010000000000026a0000003a
CAPTURE 2 16944781168 5254001234025254001234010800450000409797400040113b050a002a0f0a002a0210921092002c347054324e31010500005452543200000000000000000008000097603e6e000000000000202d
CAPTURE 2 16956357424 5254001234025254001234010800450000389798400040113b0c0a002a0f0a002a02109210920024850e54324e310104000054525432000000000000003a00000000d59ecf9d
CAPTURE 2 16976345184 5254001234025254001234010800450000449799400040113aff0a002a0f0a002a02109210920030b28154324e3101010001545254320000003b00000000000c0000facc7a32010000000000016c0000003b
CAPTURE 2 16993985920 52540012340152540012340208004500003800000000401112a50a002a020a002a0f1092109200248b8554324e310104000054525432000000000000003b00000000c2e5dbde
CAPTURE 2 16994689952 52540012340152540012340208004500004400000000401112990a002a020a002a0f109210920030f86e54324e3101020001545254320000003b00000000000c0000f78b3685010000000000026c0000003b
CAPTURE 2 17034306016 52540012340252540012340108004500003897a7400040113afd0a002a0f0a002a021092109200248b8554324e310104000054525432000000000000003b00000000c2e5dbde
CAPTURE 2 17077388160 52540012340252540012340108004500004497af400040113ae90a002a0f0a002a02109210920030121154324e3101010001545254320000003c00000000000c00005f78b5f901000000000001680000003c
CAPTURE 2 17094796176 52540012340152540012340208004500003800000000401112a50a002a020a002a0f109210920024cdac54324e310104000054525432000000000000003c00000000a684b617
CAPTURE 2 17095390976 52540012340152540012340208004500004400000000401112990a002a020a002a0f109210920030535254324e3101020001545254320000003c00000000000c000028ffaa2e010000000000026a0000003c
CAPTURE 2 17130070768 52540012340252540012340108004500003897b9400040113aeb0a002a0f0a002a02109210920024cdac54324e310104000054525432000000000000003c00000000a684b617
CAPTURE 2 17150521264 52540012340252540012340108004500004497ba400040113ade0a002a0f0a002a02109210920030fb6654324e3101010001545254320000003d00000000000c00007874b3a1010000000000016c0000003d
CAPTURE 2 17167301728 52540012340152540012340208004500003800000000401112a50a002a020a002a0f109210920024d5f354324e310104000054525432000000000000003d00000000b1ffa254
CAPTURE 2 17168100960 52540012340152540012340208004500004400000000401112990a002a020a002a0f109210920030b23154324e3101020001545254320000003d00000000000c00007533ff16010000000000026c0000003d
CAPTURE 2 17218465584 52540012340252540012340108004500003897c9400040113adb0a002a0f0a002a02109210920024d5f354324e310104000054525432000000000000003d00000000b1ffa254
CAPTURE 2 17246273056 52540012340252540012340108004500004497cb400040113acd0a002a0f0a002a0210921092003013e654324e3101010001545254320000003e00000000000c00002110f28801000000000001680000003e
CAPTURE 2 17454894544 52540012340152540012340208004500003800000000401112a50a002a020a002a0f109210920024034354324e310104000054525432000000000000003e0000000088729e91
CAPTURE 2 17455532944 52540012340152540012340208004500004400000000401112990a002a020a002a0f109210920030e28454324e3101020001545254320000003e00000000000c00005697ed5f010000000000026a0000003e
CAPTURE 2 17483778064 52540012340252540012340108004500004097d5400040113ac70a002a0f0a002a0210921092002ce98954324e3101050000545254320000000000000000000800007680a817000000000000224a
CAPTURE 2 17495721440 52540012340252540012340108004500003897d8400040113acc0a002a0f0a002a02109210920024034354324e310104000054525432000000000000003e0000000088729e91
CAPTURE 2 17514467392 52540012340252540012340108004500004497dd400040113abb0a002a0f0a002a021092109200302c8c54324e3101010001545254320000003f00000000000c0000061cf4d0010000000000016c0000003f
CAPTURE 2 17532019360 52540012340152540012340208004500003800000000401112a50a002a020a002a0f109210920024006a54324e310104000054525432000000000000003f000000009f098ad2
CAPTURE 2 17532620976 52540012340152540012340208004500004400000000401112990a002a020a002a0f10921092003062b554324e3101020001545254320000003f00000000000c00000b5bb867010000000000026c0000003f
CAPTURE 2 17560920256 52540012340252540012340108004500003897e0400040113ac40a002a0f0a002a02109210920024006a54324e310104000054525432000000000000003f000000009f098ad2
CAPTURE 2 17615163120 52540012340252540012340108004500004497e9400040113aaf0a002a0f0a002a02109210920030012854324e3101010001545254320000004000000000000c00008269a3e9010000000000016800000040
CAPTURE 2 17631874240 52540012340152540012340208004500003800000000401112a50a002a020a002a0f109210920024f35a54324e310104000054525432000000000000004000000000b01386d6
CAPTURE 2 17632686160 52540012340152540012340208004500004400000000401112990a002a020a002a0f109210920030744a54324e3101020001545254320000004000000000000c0000f5eebc3e010000000000026a00000040
CAPTURE 2 17682474240 52540012340252540012340108004500003897f3400040113ab10a002a0f0a002a02109210920024f35a54324e310104000054525432000000000000004000000000b01386d6
CAPTURE 2 17698479360 52540012340252540012340108004500004497f5400040113aa30a002a0f0a002a02109210920030dc5d54324e3101010001545254320000004100000000000c0000a565a5b1010000000000016c00000041
CAPTURE 2 17706409216 52540012340152540012340208004500003800000000401112a50a002a020a002a0f109210920024f04554324e310104000054525432000000000000004100000000a7689295
CAPTURE 2 17720697744 52540012340152540012340208004500004400000000401112990a002a020a002a0f109210920030954a54324e3101020001545254320000004100000000000c0000a822e906010000000000026c00000041
CAPTURE 2 17760083328 52540012340252540012340108004500003897fe400040113aa60a002a0f0a002a02109210920024f04554324e310104000054525432000000000000004100000000a7689295
CAPTURE 2 17803222896 5254001234025254001234010800450000449805400040113a930a002a0f0a002a0210921092003046dc54324e3101010001545254320000004200000000000c0000fc01e498010000000000016800000042
CAPTURE 2 17814035776 52540012340152540012340208004500003800000000401112a50a002a020a002a0f109210920024dd0c54324e3101040000545254320000000000000042000000009ee5ae50
CAPTURE 2 18008326400 52540012340152540012340208004500004400000000401112990a002a020a002a0f1092109200309f9d54324e3101020001545254320000004200000000000c00008b86fb4f010000000000026a00000042
CAPTURE 2 18039676752 5254001234025254001234010800450000409811400040113a8b0a002a0f0a002a0210921092002c854154324e31010500005452543200000000000000000008000071040fab000000000000247b
CAPTURE 2 18047691840 525400123401525400123402080045000040000000004011129d0a002a020a002a0f10921092002cf64b54324e310105000054525432000000000000000000080000d6ee21c70000000000003b6a
CAPTURE 2 18051798544 5254001234025254001234010800450000389814400040113a900a002a0f0a002a02109210920024dd0c54324e3101040000545254320000000000000042000000009ee5ae50
CAPTURE 2 18071111072 5254001234025254001234010800450000449818400040113a800a002a0f0a002a0210921092003069a254324e3101010001545254320000004300000000000c0000db0de2c0010000000000016c00000043
CAPTURE 2 18088067328 52540012340152540012340208004500003800000000401112a50a002a020a002a0f109210920024e68f54324e310104000054525432000000000000004300000000899eba13
CAPTURE 2 18088848464 52540012340152540012340208004500004400000000401112990a002a020a002a0f109210920030a1ad54324e3101020001545254320000004300000000000c0000d64aae77010000000000026c00000043
CAPTURE 2 18158049152 5254001234025254001234010800450000389820400040113a840a002a0f0a002a02109210920024e68f54324e310104000054525432000000000000004300000000899eba13
CAPTURE 2 18176946096 5254001234025254001234010800450000449821400040113a770a002a0f0a002a021092109200307bae54324e3101010001545254320000004400000000000c00007eb92d0b010000000000016800000044
CAPTURE 2 18194345984 52540012340152540012340208004500003800000000401112a50a002a020a002a0f109210920024646654324e310104000054525432000000000000004400000000edffd7da
CAPTURE 2 18194939040 52540012340152540012340208004500004400000000401112990a002a020a002a0f109210920030ea5554324e3101020001545254320000004400000000000c0000093e32dc010000000000026a00000044
CAPTURE 2 18234445264 5254001234025254001234010800450000389827400040113a7d0a002a0f0a002a02109210920024646654324e310104000054525432000000000000004400000000edffd7da
CAPTURE 2 18273981888 5254001234025254001234010800450000449831400040113a670a002a0f0a002a02109210920030a26454324e3101010001545254320000004500000000000c000059b52b53010000000000016c00000045
CAPTURE 2 18291562112 52540012340152540012340208004500003800000000401112a50a002a020a002a0f1092109200246c2154324e310104000054525432000000000000004500000000fa84c399
CAPTURE 2 18292298912 52540012340152540012340208004500004400000000401112990a002a020a002a0f109210920030699554324e3101020001545254320000004500000000000c000054f267e4010000000000026c00000045
CAPTURE 2 18331351264 5254001234025254001234010800450000389836400040113a6e0a002a0f0a002a021092109200246c2154324e310104000054525432000000000000004500000000fa84c399
CAPTURE 2 18354260160 525400123402525400123401080045000044983a400040113a5e0a002a0f0a002a02109210920030bc2354324e3101010001545254320000004600000000000c000000d16a7a010000000000016800000046
CAPTURE 2 18578503296 52540012340152540012340208004500003800000000401112a50a002a020a002a0f10921092002467d854324e310104000054525432000000000000004600000000c309ff5c
CAPTURE 2 18579139344 52540012340152540012340208004500004400000000401112990a002a020a002a0f109210920030396854324e3101020001545254320000004600000000000c0000775675ad010000000000026a00000046
CAPTURE 2 18607257968 5254001234025254001234010800450000409876400040113a260a002a0f0a002a0210921092002c4af254324e310105000054525432000000000000000000080000a18a173d00000000000026b2
CAPTURE 2 18618357264 5254001234025254001234010800450000389877400040113a2d0a002a0f0a002a0210921092002467d854324e310104000054525432000000000000004600000000c309ff5c
CAPTURE 2 18637679792 5254001234025254001234010800450000449879400040113a1f0a002a0f0a002a02109210920030936954324e3101010001545254320000004700000000000c000027dd6c22010000000000016c00000047
CAPTURE 2 18655096560 52540012340152540012340208004500003800000000401112a50a002a020a002a0f1092109200246aab54324e310104000054525432000000000000004700000000d472eb1f
CAPTURE 2 18655710400 52540012340152540012340208004500004400000000401112990a002a020a002a0f109210920030db3854324e3101020001545254320000004700000000000c00002a9a2095010000000000026c00000047
CAPTURE 2 18694481296 525400123402525400123401080045000038987b400040113a290a002a0f0a002a021092109200246aab54324e310104000054525432000000000000004700000000d472eb1f
CAPTURE 2 18736361232 525400123402525400123401080045000044987f400040113a190a002a0f0a002a02109210920030ce4454324e3101010001545254320000004800000000000c0000a0b9b86c010000000000016800000048
CAPTURE 2 18753060656 52540012340152540012340208004500003800000000401112a50a002a020a002a0f109210920024f9a354324e3101040000545254320000000000000048000000000bcb24ce
CAPTURE 2 18753902288 52540012340152540012340208004500004400000000401112990a002a020a002a0f109210920030a76d54324e3101020001545254320000004800000000000c0000d73ea7bb010000000000026a00000048
CAPTURE 2 18794109712 525400123402525400123401080045000038988e400040113a160a002a0f0a002a02109210920024f9a354324e3101040000545254320000000000000048000000000bcb24ce
CAPTURE 2 18814497904 5254001234025254001234010800450000449890400040113a080a002a0f0a002a02109210920030e17a54324e3101010001545254320000004900000000000c000087b5be34010000000000016c00000049
CAPTURE 2 18831669248 52540012340152540012340208004500003800000000401112a50a002a020a002a0f109210920024dcfe54324e3101040000545254320000000000000049000000001cb0308d
CAPTURE 2 18832447552 52540012340152540012340208004500004400000000401112990a002a020a002a0f109210920030a8ed54324e3101020001545254320000004900000000000c00008af2f283010000000000026c00000049
CAPTURE 2 18872643392 525400123402525400123401080045000038989e400040113a060a002a0f0a002a02109210920024dcfe54324e3101040000545254320000000000000049000000001cb0308d
CAPTURE 2 18913551840 52540012340252540012340108004500004498a24000401139f60a002a0f0a002a02109210920030497754324e3101010001545254320000004a00000000000c0000ded1ff1d01000000000001680000004a
CAPTURE 2 18930512096 52540012340152540012340208004500003800000000401112a50a002a020a002a0f109210920024f8b554324e310104000054525432000000000000004a00000000253d0c48
CAPTURE 2 18932055728 52540012340152540012340208004500004400000000401112990a002a020a002a0f1092109200309c4254324e3101020001545254320000004a00000000000c0000a956e0ca010000000000026a0000004a
CAPTURE 2 18971712400 52540012340252540012340108004500003898a84000401139fc0a002a0f0a002a02109210920024f8b554324e310104000054525432000000000000004a00000000253d0c48
CAPTURE 2 19142098016 525400123401525400123402080045000040000000004011129d0a002a020a002a0f10921092002c329254324e3101050000545254320000000000000000000800003de77a3c0000000000003fb6
CAPTURE 2 19144737728 52540012340252540012340108004500004498b44000401139e40a002a0f0a002a02109210920030343d54324e3101010001545254320000004b00000000000c0000f9ddf945010000000000016c0000004b
CAPTURE 2 19162378672 52540012340152540012340208004500003800000000401112a50a002a020a002a0f109210920024dfe854324e310104000054525432000000000000004b000000003246180b
CAPTURE 2 19162974384 52540012340152540012340208004500004400000000401112990a002a020a002a0f1092109200307bd254324e3101020001545254320000004b00000000000c0000f49ab5f2010000000000026c0000004b
CAPTURE 2 19196823568 52540012340252540012340108004500004098ba4000401139e20a002a0f0a002a0210921092002c7c3d54324e3101050000545254320000000000000000000800005dd4276c00000000000028ee
CAPTURE 2 19221764832 52540012340252540012340108004500003898bd4000401139e70a002a0f0a002a02109210920024dfe854324e310104000054525432000000000000004b000000003246180b
CAPTURE 2 19241070432 52540012340252540012340108004500004498bf4000401139d90a002a0f0a002a02109210920030946b54324e3101010001545254320000004c00000000000c00005c69368e01000000000001680000004c
CAPTURE 2 19258604736 52540012340152540012340208004500003800000000401112a50a002a020a002a0f1092109200245e4f54324e310104000054525432000000000000004c00000000562775c2
CAPTURE 2 19259226656 52540012340152540012340208004500004400000000401112990a002a020a002a0f109210920030d11854324e3101020001545254320000004c00000000000c00002bee2959010000000000026a0000004c
CAPTURE 2 19289079792 52540012340252540012340108004500003898c84000401139dc0a002a0f0a002a021092109200245e4f54324e310104000054525432000000000000004c00000000562775c2
CAPTURE 2 19341465152 52540012340252540012340108004500004498d54000401139c30a002a0f0a002a021092109200307b2154324e3101010001545254320000004d00000000000c00007b6530d6010000000000016c0000004d
CAPTURE 2 19358659120 52540012340152540012340208004500003800000000401112a50a002a020a002a0f109210920024875a54324e310104000054525432000000000000004d00000000415c6181
CAPTURE 2 19360026864 52540012340152540012340208004500004400000000401112990a002a020a002a0f10921092003033d854324e3101020001545254320000004d00000000000c000076227c61010000000000026c0000004d
CAPTURE 2 19400949872 52540012340252540012340108004500003898e44000401139c00a002a0f0a002a02109210920024875a54324e310104000054525432000000000000004d00000000415c6181
CAPTURE 2 19420373008 52540012340252540012340108004500004498e94000401139af0a002a0f0a002a02109210920030935e54324e3101010001545254320000004e00000000000c0000220171ff01000000000001680000004e
CAPTURE 2 19437911376 52540012340152540012340208004500003800000000401112a50a002a020a002a0f109210920024542154324e310104000054525432000000000000004e0000000078d15d44
CAPTURE 2 19438504208 52540012340152540012340208004500004400000000401112990a002a020a002a0f10921092003062ad54324e3101020001545254320000004e00000000000c000055866e28010000000000026a0000004e
CAPTURE 2 19477656048 52540012340252540012340108004500003898f54000401139af0a002a0f0a002a02109210920024542154324e310104000054525432000000000000004e0000000078d15d44
CAPTURE 2 19695199872 525400123401525400123402080045000040000000004011129d0a002a020a002a0f10921092002c215154324e310105000054525432000000000000000000080000213ca60200000000000041dc
CAPTURE 2 19715168576 525400123402525400123401080045000044991e40004011397a0a002a0f0a002a02109210920030aaa454324e3101010001545254320000004f00000000000c0000050d77a7010000000000016c0000004f
CAPTURE 2 19732531536 52540012340152540012340208004500003800000000401112a50a002a020a002a0f109210920024718454324e310104000054525432000000000000004f000000006faa4907
CAPTURE 2 19733421920 52540012340152540012340208004500004400000000401112990a002a020a002a0f109210920030e2fd54324e3101020001545254320000004f00000000000c0000084a3b10010000000000026c0000004f
CAPTURE 2 19767538912 52540012340252540012340108004500004099244000401139780a002a0f0a002a0210921092002c174b54324e31010500005452543200000000000000000008000067f87ff30000000000002b35
CAPTURE 2 19794228080 525400123402525400123401080045000038992a40004011397a0a002a0f0a002a02109210920024718454324e310104000054525432000000000000004f000000006faa4907
CAPTURE 2 19810138208 525400123402525400123401080045000044992b40004011396d0a002a0f0a002a02109210920030caad54324e3101010001545254320000005000000000000c0000c7c994e3010000000000016800000050
CAPTURE 2 19829342832 52540012340152540012340208004500003800000000401112a50a002a020a002a0f10921092002448ba54324e3101040000545254320000000000000050000000001cd3c4a7
CAPTURE 2 19836118144 52540012340152540012340208004500004400000000401112990a002a020a002a0f1092109200303dd154324e3101020001545254320000005000000000000c0000992d4fef01000000000001d400000050
CAPTURE 2 19886189680 52540012340252540012340108004500003899304000401139740a002a0f0a002a0210921092002448ba54324e3101040000545254320000000000000050000000001cd3c4a7
CAPTURE 2 19914009520 52540012340252540012340108004500004499314000401139670a002a0f0a002a0210921092003033bb54324e3101010001545254320000005100000000000c0000dbe51688010000000000029800000051
CAPTURE 2 19931590928 52540012340152540012340208004500003800000000401112a50a002a020a002a0f1092109200244da754324e3101040000545254320000000000000051000000000ba8d0e4
CAPTURE 2 19932302256 52540012340152540012340208004500004400000000401112990a002a020a002a0f10921092003022a054324e3101020001545254320000005100000000000c00009d5066e001000000000001ef00000051
CAPTURE 2 19971318096 525400123402525400123401080045000038993540004011396f0a002a0f0a002a021092109200244da754324e3101040000545254320000000000000051000000000ba8d0e4
CAPTURE 2 20005277136 525400123402525400123401080045000044993d40004011395b0a002a0f0a002a02109210920030f73954324e3101010001545254320000005200000000000c00007585b99d010000000000026200000052
CAPTURE 2 20022683936 52540012340152540012340208004500003800000000401112a50a002a020a002a0f1092109200240bec54324e3101040000545254320000000000000052000000003225ec21
CAPTURE 2 20023278128 52540012340152540012340208004500004400000000401112990a002a020a002a0f1092109200303ad554324e3101020001545254320000005200000000000c0000c43427c901000000000001eb00000052
CAPTURE 2 20053113376 525400123402525400123401080045000038993e4000401139660a002a0f0a002a021092109200240bec54324e3101040000545254320000000000000052000000003225ec21
CAPTURE 2 20260472720 525400123401525400123402080045000040000000004011129d0a002a020a002a0f10921092002c447254324e31010500005452543200000000000000000008000027fa79e90000000000004416
CAPTURE 2 20282070512 52540012340252540012340108004500004499664000401139320a002a0f0a002a021092109200303c1554324e3101010001545254320000005300000000000c0000977952c4010000000000026a00000053
CAPTURE 2 20300049632 52540012340152540012340208004500003800000000401112a50a002a020a002a0f1092109200240c7154324e310104000054525432000000000000005300000000255ef862
CAPTURE 2 20300843264 52540012340152540012340208004500004400000000401112990a002a020a002a0f10921092003026f654324e3101020001545254320000005300000000000c0000a4985b4101000000000001ec00000053
CAPTURE 2 20333226672 525400123402525400123401080045000040996f40004011392d0a002a0f0a002a0210921092002ca8c554324e310105000054525432000000000000000000080000231531250000000000002d6c
CAPTURE 2 20358108928 52540012340252540012340108004500003899724000401139320a002a0f0a002a021092109200240c7154324e310104000054525432000000000000005300000000255ef862
CAPTURE 2 20374549280 52540012340252540012340108004500004499754000401139230a002a0f0a002a02109210920030001654324e3101010001545254320000005400000000000c0000bd8d68af010000000000026800000054
CAPTURE 2 20386447696 52540012340152540012340208004500003800000000401112a50a002a020a002a0f109210920024534654324e310104000054525432000000000000005400000000413f95ab
CAPTURE 2 20396394016 52540012340152540012340208004500004400000000401112990a002a020a002a0f109210920030f1e754324e3101020001545254320000005400000000000c0000468cee5a01000000000001eb00000054
CAPTURE 2 20434442448 525400123402525400123401080045000038997940004011392b0a002a0f0a002a02109210920024534654324e310104000054525432000000000000005400000000413f95ab
CAPTURE 2 20474087472 525400123402525400123401080045000044997a40004011391e0a002a0f0a002a02109210920030753654324e3101010001545254320000005500000000000c000015c19b57010000000000026a00000055
CAPTURE 2 20491566720 52540012340152540012340208004500003800000000401112a50a002a020a002a0f109210920024520354324e310104000054525432000000000000005500000000564481e8
CAPTURE 2 20492228512 52540012340152540012340208004500004400000000401112990a002a020a002a0f1092109200306dd954324e3101020001545254320000005500000000000c0000262092d201000000000001ec00000055
CAPTURE 2 20530050528 525400123402525400123401080045000038997d4000401139270a002a0f0a002a02109210920024520354324e310104000054525432000000000000005500000000564481e8
CAPTURE 2 20554725552 52540012340252540012340108004500004499814000401139170a002a0f0a002a02109210920030328b54324e3101010001545254320000005600000000000c0000c3e52fde010000000000026800000056
CAPTURE 2 20572070176 52540012340152540012340208004500003800000000401112a50a002a020a002a0f109210920024fd3754324e3101040000545254320000000000000056000000006fc9bd2d
CAPTURE 2 20573042400 52540012340152540012340208004500004400000000401112990a002a020a002a0f10921092003044bb54324e3101020001545254320000005600000000000c000038e4a92b01000000000001eb00000056
CAPTURE 2 20612066208 525400123402525400123401080045000038998840004011391c0a002a0f0a002a02109210920024fd3754324e3101040000545254320000000000000056000000006fc9bd2d
CAPTURE 2 20825455488 525400123401525400123402080045000040000000004011129d0a002a020a002a0f10921092002c1adf54324e3101050000545254320000000000000000000800007ea74a9f0000000000004646
CAPTURE 2 20840817776 52540012340252540012340108004500004499b34000401138e50a002a0f0a002a02109210920030de7a54324e3101010001545254320000005700000000000c00006ba9dc26010000000000026a00000057
CAPTURE 2 20857787280 52540012340152540012340208004500003800000000401112a50a002a020a002a0f109210920024080d54324e31010400005452543200000000000000570000000078b2a96e
CAPTURE 2 20859637632 52540012340152540012340208004500004400000000401112990a002a020a002a0f109210920030f8db54324e3101020001545254320000005700000000000c00005848d5a301000000000001ec00000057
CAPTURE 2 20892719968 52540012340252540012340108004500004099ba4000401138e20a002a0f0a002a0210921092002cb04654324e31010500005452543200000000000000000008000045fd048e0000000000002f9a
CAPTURE 2 20917990192 52540012340252540012340108004500003899c04000401138e40a002a0f0a002a02109210920024080d54324e31010400005452543200000000000000570000000078b2a96e
CAPTURE 2 20937311424 52540012340252540012340108004500004499c54000401138d30a002a0f0a002a02109210920030c4f454324e3101010001545254320000005800000000000c0000638dfdc8010000000000026800000058
CAPTURE 2 20953967824 52540012340152540012340208004500003800000000401112a50a002a020a002a0f1092109200241c6254324e310104000054525432000000000000005800000000a70b66bf
CAPTURE 2 20955969840 52540012340152540012340208004500004400000000401112990a002a020a002a0f10921092003012fd54324e3101020001545254320000005800000000000c0000988c7b3d01000000000001eb00000058
CAPTURE 2 20994301632 52540012340252540012340108004500003899d04000401138d40a002a0f0a002a021092109200241c6254324e310104000054525432000000000000005800000000a70b66bf
CAPTURE 2 21034940400 52540012340252540012340108004500004499d34000401138c50a002a0f0a002a021092109200304c5554324e3101010001545254320000005900000000000c0000cbc10e30010000000000026a00000059
CAPTURE 2 21052120672 52540012340152540012340208004500003800000000401112a50a002a020a002a0f10921092002406bf54324e310104000054525432000000000000005900000000b07072fc
CAPTURE 2 21053040640 52540012340152540012340208004500004400000000401112990a002a020a002a0f10921092003026ee54324e3101020001545254320000005900000000000c0000f82007b501000000000001ec00000059
CAPTURE 2 21093403440 52540012340252540012340108004500003899dd4000401138c70a002a0f0a002a0210921092002406bf54324e310104000054525432000000000000005900000000b07072fc
CAPTURE 2 21112979936 52540012340252540012340108004500004499e24000401138b60a002a0f0a002a021092109200304da854324e3101010001545254320000005a00000000000c00001de5bab901000000000002680000005a
CAPTURE 2 21129850784 52540012340152540012340208004500003800000000401112a50a002a020a002a0f10921092002451f454324e310104000054525432000000000000005a0000000089fd4e39
CAPTURE 2 21131668224 52540012340152540012340208004500004400000000401112990a002a020a002a0f109210920030039254324e3101020001545254320000005a00000000000c0000e6e43c4c01000000000001eb0000005a
CAPTURE 2 21169734384 52540012340252540012340108004500003899ec4000401138b80a002a0f0a002a0210921092002451f454324e310104000054525432000000000000005a0000000089fd4e39
CAPTURE 2 21386943600 525400123401525400123402080045000040000000004011129d0a002a020a002a0f10921092002cc33a54324e310105000054525432000000000000000000080000c6fd57bd0000000000004876
CAPTURE 2 21408432768 5254001234025254001234010800450000449a1b40004011387d0a002a0f0a002a02109210920030275854324e3101010001545254320000005b00000000000c0000b5a94941010000000000026a0000005b
CAPTURE 2 21425458944 52540012340152540012340208004500003800000000401112a50a002a020a002a0f109210920024312954324e310104000054525432000000000000005b000000009e865a7a
CAPTURE 2 21427303488 52540012340152540012340208004500004400000000401112990a002a020a002a0f1092109200305fb354324e3101020001545254320000005b00000000000c0000864840c401000000000001ec0000005b
CAPTURE 2 21459451712 5254001234025254001234010800450000409a254000401138770a002a0f0a002a0210921092002c155b54324e31010500005452543200000000000000000008000013b4cf9000000000000031cc
CAPTURE 2 21485011808 5254001234025254001234010800450000389a2a40004011387a0a002a0f0a002a02109210920024312954324e310104000054525432000000000000005b000000009e865a7a
CAPTURE 2 21504721664 5254001234025254001234010800450000449a2c40004011386c0a002a0f0a002a0210921092003013bb54324e3101010001545254320000005c00000000000c00009f5d732a01000000000002680000005c
CAPTURE 2 21522093424 52540012340152540012340208004500003800000000401112a50a002a020a002a0f109210920024f78d54324e310104000054525432000000000000005c00000000fae737b3
CAPTURE 2 21522688816 52540012340152540012340208004500004400000000401112990a002a020a002a0f109210920030cc8254324e3101020001545254320000005c00000000000c0000645cf5df01000000000001eb0000005c
CAPTURE 2 21561517072 5254001234025254001234010800450000389a334000401138710a002a0f0a002a02109210920024f78d54324e310104000054525432000000000000005c00000000fae737b3
CAPTURE 2 21601159232 5254001234025254001234010800450000449a344000401138640a002a0f0a002a021092109200306e5b54324e3101010001545254320000005d00000000000c0000371180d2010000000000026a0000005d
CAPTURE 2 21618002224 52540012340152540012340208004500003800000000401112a50a002a020a002a0f109210920024189b54324e310104000054525432000000000000005d00000000ed9c23f0
CAPTURE 2 21620020192 52540012340152540012340208004500004400000000401112990a002a020a002a0f109210920030987454324e3101020001545254320000005d00000000000c000004f0895701000000000001ec0000005d
CAPTURE 2 21659385696 5254001234025254001234010800450000389a3940004011386b0a002a0f0a002a02109210920024189b54324e310104000054525432000000000000005d00000000ed9c23f0
CAPTURE 2 21681439600 5254001234025254001234010800450000449a3a40004011385e0a002a0f0a002a0210921092003010ae54324e3101010001545254320000005e00000000000c0000e135345b01000000000002680000005e
CAPTURE 2 21698638512 52540012340152540012340208004500003800000000401112a50a002a020a002a0f10921092002436e054324e310104000054525432000000000000005e00000000d4111f35
CAPTURE 2 21700042432 52540012340152540012340208004500004400000000401112990a002a020a002a0f10921092003059d854324e3101020001545254320000005e00000000000c00001a34b2ae01000000000001eb0000005e
CAPTURE 2 21740697968 5254001234025254001234010800450000389a3d4000401138670a002a0f0a002a0210921092002436e054324e310104000054525432000000000000005e00000000d4111f35
CAPTURE 2 21950397584 525400123401525400123402080045000040000000004011129d0a002a020a002a0f10921092002c063554324e31010500005452543200000000000000000008000086cc52ba0000000000004ab0
CAPTURE 2 21966950944 5254001234025254001234010800450000449a754000401138230a002a0f0a002a02109210920030151e54324e3101010001545254320000005f00000000000c00004979c7a3010000000000026a0000005f
CAPTURE 2 21984045184 52540012340152540012340208004500003800000000401112a50a002a020a002a0f1092109200245b4554324e310104000054525432000000000000005f00000000c36a0b76
CAPTURE 2 21984937008 52540012340152540012340208004500004400000000401112990a002a020a002a0f109210920030ddf854324e3101020001545254320000005f00000000000c00007a98ce2601000000000001ec0000005f
CAPTURE 2 22019040528 5254001234025254001234010800450000409a7f40004011381d0a002a0f0a002a0210921092002ce57b54324e3101050000545254320000000000000000000800008b1685d80000000000003401
CAPTURE 2 22044745440 5254001234025254001234010800450000389a824000401138220a002a0f0a002a021092109200245b4554324e310104000054525432000000000000005f00000000c36a0b76
CAPTURE 2 22064556672 5254001234025254001234010800450000449a854000401138130a002a0f0a002a02109210920030d72954324e3101010001545254320000006000000000000c00008fbdbf53010000000000026800000060
CAPTURE 2 22082052512 52540012340152540012340208004500003800000000401112a50a002a020a002a0f109210920024f2cd54324e31010400005452543200000000000000600000000032e20475
CAPTURE 2 22082649392 52540012340152540012340208004500004400000000401112990a002a020a002a0f109210920030785454324e3101020001545254320000006000000000000c000074bc39a601000000000001eb00000060
CAPTURE 2 22121506880 5254001234025254001234010800450000389a904000401138140a002a0f0a002a02109210920024f2cd54324e31010400005452543200000000000000600000000032e20475
CAPTURE 2 22164536512 5254001234025254001234010800450000449a944000401138040a002a0f0a002a02109210920030b19a54324e3101010001545254320000006100000000000c000027f14cab010000000000026a00000061
CAPTURE 2 22182082320 52540012340152540012340208004500003800000000401112a50a002a020a002a0f109210920024f45454324e31010400005452543200000000000000610000000025991036
CAPTURE 2 22183863184 52540012340152540012340208004500004400000000401112990a002a020a002a0f109210920030cd7554324e3101020001545254320000006100000000000c00001410452e01000000000001ec00000061
CAPTURE 2 22222342816 5254001234025254001234010800450000389a9d4000401138070a002a0f0a002a02109210920024f45454324e31010400005452543200000000000000610000000025991036
CAPTURE 2 22241600144 5254001234025254001234010800450000449aa24000401137f60a002a0f0a002a021092109200303c3e54324e3101010001545254320000006200000000000c0000f1d5f822010000000000026800000062
CAPTURE 2 22258775536 52540012340152540012340208004500003800000000401112a50a002a020a002a0f109210920024e11b54324e3101040000545254320000000000000062000000001c142cf3
CAPTURE 2 22260099104 52540012340152540012340208004500004400000000401112990a002a020a002a0f1092109200309d0754324e3101020001545254320000006200000000000c00000ad47ed701000000000001eb00000062
CAPTURE 2 22310244080 5254001234025254001234010800450000389aa34000401138010a002a0f0a002a02109210920024e11b54324e3101040000545254320000000000000062000000001c142cf3
CAPTURE 2 22517584624 525400123401525400123402080045000040000000004011129d0a002a020a002a0f10921092002c348354324e3101050000545254320000000000000000000800005b284dd60000000000004cea
CAPTURE 2 22527945520 5254001234025254001234010800450000449ad04000401137c80a002a0f0a002a02109210920030c0bf54324e3101010001545254320000006300000000000c000059990bda010000000000026a00000063
CAPTURE 2 22544814144 52540012340152540012340208004500003800000000401112a50a002a020a002a0f109210920024e60254324e3101040000545254320000000000000063000000000b6f38b0
CAPTURE 2 22546587760 52540012340152540012340208004500004400000000401112990a002a020a002a0f109210920030b9d854324e3101020001545254320000006300000000000c00006a78025f01000000000001ec00000063
CAPTURE 2 22579044736 5254001234025254001234010800450000409ad24000401137ca0a002a0f0a002a0210921092002c7c4a54324e3101050000545254320000000000000000000800009ff9d7f60000000000003631
CAPTURE 2 22604662944 5254001234025254001234010800450000389ad44000401137d00a002a0f0a002a02109210920024e60254324e3101040000545254320000000000000063000000000b6f38b0
CAPTURE 2 22624253904 5254001234025254001234010800450000449ad84000401137c00a002a0f0a002a02109210920030811454324e3101010001545254320000006400000000000c0000736d31b1010000000000026800000064
CAPTURE 2 22641882800 52540012340152540012340208004500003800000000401112a50a002a020a002a0f109210920024659954324e3101040000545254320000000000000064000000006f0e5579
CAPTURE 2 22642495984 52540012340152540012340208004500004400000000401112990a002a020a002a0f109210920030e6fd54324e3101020001545254320000006400000000000c0000886cb74401000000000001eb00000064
CAPTURE 2 22682297936 5254001234025254001234010800450000389ada4000401137ca0a002a0f0a002a02109210920024659954324e3101040000545254320000000000000064000000006f0e5579
CAPTURE 2 22722587168 5254001234025254001234010800450000449ae04000401137b80a002a0f0a002a0210921092003088c354324e3101010001545254320000006500000000000c0000db21c249010000000000026a00000065
CAPTURE 2 22740090272 52540012340152540012340208004500003800000000401112a50a002a020a002a0f109210920024707054324e3101040000545254320000000000000065000000007875413a
CAPTURE 2 22740960528 52540012340152540012340208004500004400000000401112990a002a020a002a0f109210920030721e54324e3101020001545254320000006500000000000c0000e8c0cbcc01000000000001ec00000065
CAPTURE 2 22781196704 5254001234025254001234010800450000389aef4000401137b50a002a0f0a002a02109210920024707054324e3101040000545254320000000000000065000000007875413a
CAPTURE 2 22801145008 5254001234025254001234010800450000449af44000401137a40a002a0f0a002a02109210920030a26954324e3101010001545254320000006600000000000c00000d0576c0010000000000026800000066
CAPTURE 2 22818348224 33330000000252540012340186dd6000000000103afffe80000000000000505400fffe123401ff0200000000000000000000000000028500725f000000000101525400123401
CAPTURE 2 22820144416 52540012340152540012340208004500003800000000401112a50a002a020a002a0f1092109200246a2754324e31010400005452543200000000000000660000000041f87dff
CAPTURE 2 22820917072 52540012340152540012340208004500004400000000401112990a002a020a002a0f109210920030407054324e3101020001545254320000006600000000000c0000f604f03501000000000001eb00000066
CAPTURE 2 22860892000 5254001234025254001234010800450000389afb4000401137a90a002a0f0a002a021092109200246a2754324e31010400005452543200000000000000660000000041f87dff
CAPTURE 2 23074890736 525400123401525400123402080045000040000000004011129d0a002a020a002a0f10921092002ca8d754324e3101050000545254320000000000000000000800002d6d05170000000000004f10
CAPTURE 2 23092381056 5254001234025254001234010800450000449b0b40004011378d0a002a0f0a002a02109210920030fba854324e3101010001545254320000006700000000000c0000a5498538010000000000026a00000067
CAPTURE 2 23110279040 52540012340152540012340208004500003800000000401112a50a002a020a002a0f10921092002469de54324e310104000054525432000000000000006700000000568369bc
CAPTURE 2 23110883360 52540012340152540012340208004500004400000000401112990a002a020a002a0f109210920030034254324e3101020001545254320000006700000000000c000096a88cbd01000000000001ec00000067
CAPTURE 2 23143421968 5254001234025254001234010800450000409b134000401137890a002a0f0a002a0210921092002cd3b454324e310105000054525432000000000000000000080000ac1d723e000000000000385b
CAPTURE 2 23178252928 5254001234025254001234010800450000389b1540004011378f0a002a0f0a002a0210921092002469de54324e310104000054525432000000000000006700000000568369bc
CAPTURE 2 23194456080 5254001234025254001234010800450000449b184000401137800a002a0f0a002a02109210920030d3e654324e3101010001545254320000006800000000000c0000ad6da4d6010000000000026800000068
CAPTURE 2 23206604416 52540012340152540012340208004500003800000000401112a50a002a020a002a0f109210920024fa7454324e310104000054525432000000000000006800000000893aa66d
CAPTURE 2 23217260240 52540012340152540012340208004500004400000000401112990a002a020a002a0f109210920030ae1754324e3101020001545254320000006800000000000c0000566c222301000000000001eb00000068
CAPTURE 2 23256063056 5254001234025254001234010800450000389b244000401137800a002a0f0a002a02109210920024fa7454324e310104000054525432000000000000006800000000893aa66d
CAPTURE 2 23298172800 5254001234025254001234010800450000449b264000401137720a002a0f0a002a02109210920030c9d754324e3101010001545254320000006900000000000c00000521572e010000000000026a00000069
CAPTURE 2 23316111536 52540012340152540012340208004500003800000000401112a50a002a020a002a0f109210920024d9ab54324e3101040000545254320000000000000069000000009e41b22e
CAPTURE 2 23316892560 52540012340152540012340208004500004400000000401112990a002a020a002a0f109210920030913854324e3101020001545254320000006900000000000c000036c05eab01000000000001ec00000069
CAPTURE 2 23356530064 5254001234025254001234010800450000389b2c4000401137780a002a0f0a002a02109210920024d9ab54324e3101040000545254320000000000000069000000009e41b22e
CAPTURE 2 23376307056 5254001234025254001234010800450000449b2d40004011376b0a002a0f0a002a021092109200306f7954324e3101010001545254320000006a00000000000c0000d305e3a701000000000002680000006a
CAPTURE 2 23394060192 52540012340152540012340208004500003800000000401112a50a002a020a002a0f109210920024f36254324e310104000054525432000000000000006a00000000a7cc8eeb
CAPTURE 2 23394658176 52540012340152540012340208004500004400000000401112990a002a020a002a0f109210920030994c54324e3101020001545254320000006a00000000000c00002804655201000000000001eb0000006a
CAPTURE 2 23434165520 5254001234025254001234010800450000389b304000401137740a002a0f0a002a02109210920024f36254324e310104000054525432000000000000006a00000000a7cc8eeb
CAPTURE 2 23650962880 525400123401525400123402080045000040000000004011129d0a002a020a002a0f10921092002c913854324e310105000054525432000000000000000000080000889dbf410000000000005154
CAPTURE 2 23670790672 5254001234025254001234010800450000449b564000401137420a002a0f0a002a021092109200309a7a54324e3101010001545254320000006b00000000000c00007b49105f010000000000026a0000006b
CAPTURE 2 23683971520 52540012340152540012340208004500003800000000401112a50a002a020a002a0f109210920024deb954324e310104000054525432000000000000006b00000000b0b79aa8
CAPTURE 2 23689864832 52540012340152540012340208004500004400000000401112990a002a020a002a0f109210920030c41d54324e3101020001545254320000006b00000000000c000048a819da01000000000001ec0000006b
CAPTURE 2 23724585152 5254001234025254001234010800450000409b574000401137450a002a0f0a002a0210921092002cc8f954324e3101050000545254320000000000000000000800005491d2360000000000003aaa
CAPTURE 2 23750244912 5254001234025254001234010800450000389b5940004011374b0a002a0f0a002a02109210920024deb954324e310104000054525432000000000000006b00000000b0b79aa8
CAPTURE 2 23766387952 5254001234025254001234010800450000449b5b40004011373d0a002a0f0a002a02109210920030327254324e3101010001545254320000006c00000000000c0000d5d7203101000000000000100000006c
CAPTURE 2 23786548112 52540012340152540012340208004500003800000000401112a50a002a020a002a0f1092109200245de054324e310104000054525432000000000000006c00000000d4d6f761
CAPTURE 2 23787831104 52540012340152540012340208004500004400000000401112990a002a020a002a0f109210920030725a54324e3101020001545254320000006c00000000000c0000dfe8d52c010000000000011a0000006c
CAPTURE 2 23828313232 5254001234025254001234010800450000389b5f4000401137450a002a0f0a002a021092109200245de054324e310104000054525432000000000000006c00000000d4d6f761
CAPTURE 2 23870545648 5254001234025254001234010800450000449b624000401137360a002a0f0a002a0210921092003072da54324e3101010001545254320000006d00000000000c000049a06a5a01000000000001b40000006d
CAPTURE 2 23888107168 52540012340152540012340208004500003800000000401112a50a002a020a002a0f109210920024834754324e310104000054525432000000000000006d00000000c3ade322
CAPTURE 2 23889397152 52540012340152540012340208004500004400000000401112990a002a020a002a0f109210920030551a54324e3101020001545254320000006d00000000000c000034359e0101000000000001370000006d
CAPTURE 2 23929332752 5254001234025254001234010800450000389b6f4000401137350a002a0f0a002a02109210920024834754324e310104000054525432000000000000006d00000000c3ade322
CAPTURE 2 23947542464 5254001234025254001234010800450000449b714000401137270a002a0f0a002a0210921092003098a154324e3101010001545254320000006e00000000000c0000b361db09010000000000017a0000006e
CAPTURE 2 23950312576 52540012340152540012340208004500003800000000401112a50a002a020a002a0f109210920024500e54324e310104000054525432000000000000006e00000000fa20dfe7
CAPTURE 2 23952088240 52540012340152540012340208004500004400000000401112990a002a020a002a0f10921092003044a854324e3101020001545254320000006e00000000000c0000df71033801000000000001340000006e
CAPTURE 2 24010527920 5254001234025254001234010800450000389b7d4000401137270a002a0f0a002a02109210920024500e54324e310104000054525432000000000000006e00000000fa20dfe7
CAPTURE 2 24222404160 525400123401525400123402080045000040000000004011129d0a002a020a002a0f10921092002c142654324e310105000054525432000000000000000000080000dcade609000000000000538e
CAPTURE 2 24238548688 5254001234025254001234010800450000449bae4000401136ea0a002a0f0a002a02109210920030902e54324e3101010001545254320000006f00000000000c00006369336d01000000000001800000006f
CAPTURE 2 24255936624 52540012340152540012340208004500003800000000401112a50a002a020a002a0f109210920024711554324e310104000054525432000000000000006f00000000ed5bcba4
CAPTURE 2 24256720480 52540012340152540012340208004500004400000000401112990a002a020a002a0f10921092003075b254324e3101020001545254320000006f00000000000c00000dfda3a001000000000001340000006f
CAPTURE 2 24301108672 5254001234025254001234010800450000409bb24000401136ea0a002a0f0a002a0210921092002ce5ba54324e310105000054525432000000000000000000080000031004b60000000000003ceb
CAPTURE 2 24326044944 5254001234025254001234010800450000389bb44000401136f00a002a0f0a002a02109210920024711554324e310104000054525432000000000000006f00000000ed5bcba4
CAPTURE 2 24342192144 5254001234025254001234010800450000449bb84000401136e00a002a0f0a002a021092109200305bec54324e3101010001545254320000007000000000000c0000542d76e9010000000000018000000070
CAPTURE 2 24361940272 52540012340152540012340208004500003800000000401112a50a002a020a002a0f10921092002445ee54324e3101040000545254320000000000000070000000009e224604
CAPTURE 2 24362733792 52540012340152540012340208004500004400000000401112990a002a020a002a0f109210920030067054324e3101020001545254320000007000000000000c00003ab9e624010000000000013400000070
CAPTURE 2 24413899504 5254001234025254001234010800450000389bc84000401136dc0a002a0f0a002a0210921092002445ee54324e3101040000545254320000000000000070000000009e224604
CAPTURE 2 24446256000 5254001234025254001234010800450000449bd04000401136c80a002a0f0a002a02109210920030c9ed54324e3101010001545254320000007100000000000c000086a1d671010000000000018000000071
CAPTURE 2 24463885568 52540012340152540012340208004500003800000000401112a50a002a020a002a0f1092109200244e7354324e31010400005452543200000000000000710000000089595247
CAPTURE 2 24464654256 52540012340152540012340208004500004400000000401112990a002a020a002a0f109210920030f85954324e3101020001545254320000007100000000000c0000e83546bc010000000000013400000071
CAPTURE 2 24505337024 5254001234025254001234010800450000389bdb4000401136c90a002a0f0a002a021092109200244e7354324e31010400005452543200000000000000710000000089595247
CAPTURE 2 24530047104 5254001234025254001234010800450000449bde4000401136ba0a002a0f0a002a02109210920030cb2154324e3101010001545254320000007200000000000c00002a453198010000000000018000000072
CAPTURE 2 24548668048 52540012340152540012340208004500003800000000401112a50a002a020a002a0f1092109200240abc54324e310104000054525432000000000000007200000000b0d46e82
CAPTURE 2 24549596704 52540012340152540012340208004500004400000000401112990a002a020a002a0f109210920030412354324e3101020001545254320000007200000000000c000044d1a155010000000000013400000072
CAPTURE 2 24590369376 5254001234025254001234010800450000389be54000401136bf0a002a0f0a002a021092109200240abc54324e310104000054525432000000000000007200000000b0d46e82
CAPTURE 2 24800483904 525400123401525400123402080045000040000000004011129d0a002a020a002a0f10921092002c901e54324e310105000054525432000000000000000000080000e82a5c5000000000000055d2
CAPTURE 2 24811295808 5254001234025254001234010800450000449c1b40004011367d0a002a0f0a002a021092109200309d3254324e3101010001545254320000007300000000000c0000f8c99100010000000000018000000073
CAPTURE 2 24829047552 52540012340152540012340208004500003800000000401112a50a002a020a002a0f10921092002407a154324e310104000054525432000000000000007300000000a7af7ac1
CAPTURE 2 24830864368 52540012340152540012340208004500004400000000401112990a002a020a002a0f1092109200308f1d54324e3101020001545254320000007300000000000c0000965d01cd010000000000013400000073
CAPTURE 2 24864287296 5254001234025254001234010800450000409c2140004011367b0a002a0f0a002a0210921092002c22a254324e3101050000545254320000000000000000000800009b5b2d5b0000000000003f13
CAPTURE 2 24889825600 5254001234025254001234010800450000389c224000401136820a002a0f0a002a0210921092002407a154324e310104000054525432000000000000007300000000a7af7ac1
CAPTURE 2 24909779360 5254001234025254001234010800450000449c244000401136740a002a0f0a002a0210921092003085f154324e3101010001545254320000007400000000000c0000a8fdf80b010000000000018000000074
CAPTURE 2 24927132752 52540012340152540012340208004500003800000000401112a50a002a020a002a0f1092109200244f3a54324e310104000054525432000000000000007400000000c3ce1708
CAPTURE 2 24928050176 52540012340152540012340208004500004400000000401112990a002a020a002a0f109210920030f81554324e3101020001545254320000007400000000000c0000c66968c6010000000000013400000074
CAPTURE 2 24971389568 5254001234025254001234010800450000389c2a40004011367a0a002a0f0a002a021092109200244f3a54324e310104000054525432000000000000007400000000c3ce1708
CAPTURE 2 25010077936 5254001234025254001234010800450000449c314000401136670a002a0f0a002a0210921092003053f454324e3101010001545254320000007500000000000c00007a715893010000000000018000000075
CAPTURE 2 25027349424 52540012340152540012340208004500003800000000401112a50a002a020a002a0f109210920024520f54324e310104000054525432000000000000007500000000d4b5034b
CAPTURE 2 25028113376 52540012340152540012340208004500004400000000401112990a002a020a002a0f1092109200304a0054324e3101020001545254320000007500000000000c000014e5c85e010000000000013400000075
CAPTURE 2 25072285024 5254001234025254001234010800450000389c3e4000401136660a002a0f0a002a02109210920024520f54324e310104000054525432000000000000007500000000d4b5034b
CAPTURE 2 25092312528 5254001234025254001234010800450000449c444000401136540a002a0f0a002a0210921092003090e654324e3101010001545254320000007600000000000c0000d695bf7a010000000000018000000076
CAPTURE 2 25110485248 52540012340152540012340208004500003800000000401112a50a002a020a002a0f109210920024fd4754324e310104000054525432000000000000007600000000ed383f8e
CAPTURE 2 25111087392 52540012340152540012340208004500004400000000401112990a002a020a002a0f1092109200303f8954324e3101020001545254320000007600000000000c0000b8012fb7010000000000013400000076
CAPTURE 2 25150553760 5254001234025254001234010800450000389c4f4000401136550a002a0f0a002a02109210920024fd4754324e310104000054525432000000000000007600000000ed383f8e
CAPTURE 2 25352228640 525400123401525400123402080045000040000000004011129d0a002a020a002a0f10921092002cd9c754324e31010500005452543200000000000000000008000001a7f70400000000000057f8
CAPTURE 2 25370320032 5254001234025254001234010800450000449c824000401136160a002a0f0a002a0210921092003002fa54324e3101010001545254320000007700000000000c000004191fe2010000000000018000000077
CAPTURE 2 25387961328 52540012340152540012340208004500003800000000401112a50a002a020a002a0f10921092002403fd54324e310104000054525432000000000000007700000000fa432bcd
CAPTURE 2 25388752528 52540012340152540012340208004500004400000000401112990a002a020a002a0f1092109200302d8354324e3101020001545254320000007700000000000c00006a8d8f2f010000000000013400000077
CAPTURE 2 25433184768 5254001234025254001234010800450000409c8b4000401136110a002a0f0a002a0210921092002c911354324e3101050000545254320000000000000000000800005b56fcaa0000000000004157
CAPTURE 2 25458080688 5254001234025254001234010800450000389c8e4000401136160a002a0f0a002a0210921092002403fd54324e310104000054525432000000000000007700000000fa432bcd
CAPTURE 2 25477665120 5254001234025254001234010800450000449c914000401136070a002a0f0a002a02109210920030428954324e3101010001545254320000007800000000000c000076fd6d6c010000000000018000000078
CAPTURE 2 25493935184 52540012340152540012340208004500003800000000401112a50a002a020a002a0f1092109200241ff654324e31010400005452543200000000000000780000000025fae41c
CAPTURE 2 25495708992 52540012340152540012340208004500004400000000401112990a002a020a002a0f109210920030113354324e3101020001545254320000007800000000000c00001869fda1010000000000013400000078
CAPTURE 2 25545937808 5254001234025254001234010800450000389c9e4000401136060a002a0f0a002a021092109200241ff654324e31010400005452543200000000000000780000000025fae41c
CAPTURE 2 25576220368 5254001234025254001234010800450000449ca64000401135f20a002a0f0a002a02109210920030b48a54324e3101010001545254320000007900000000000c0000a471cdf4010000000000018000000079
CAPTURE 2 25593405232 52540012340152540012340208004500003800000000401112a50a002a020a002a0f109210920024072b54324e3101040000545254320000000000000079000000003281f05f
CAPTURE 2 25595270352 52540012340152540012340208004500004400000000401112990a002a020a002a0f109210920030ff1c54324e3101020001545254320000007900000000000c0000cae55d39010000000000013400000079
CAPTURE 2 25634306032 5254001234025254001234010800450000389ca84000401135fc0a002a0f0a002a02109210920024072b54324e3101040000545254320000000000000079000000003281f05f
CAPTURE 2 25663332512 5254001234025254001234010800450000449caf4000401135e90a002a0f0a002a02109210920030f43c54324e3101010001545254320000007a00000000000c000008952a1d01000000000001800000007a
CAPTURE 2 25664800608 52540012340152540012340208004500003800000000401112a50a002a020a002a0f109210920024526454324e310104000054525432000000000000007a000000000b0ccc9a
CAPTURE 2 25668072832 52540012340152540012340208004500004400000000401112990a002a020a002a0f109210920030066854324e3101020001545254320000007a00000000000c00006601bad001000000000001340000007a
CAPTURE 2 25730148704 5254001234025254001234010800450000389cb14000401135f30a002a0f0a002a02109210920024526454324e310104000054525432000000000000007a000000000b0ccc9a
CAPTURE 2 25930594016 525400123401525400123402080045000040000000004011129d0a002a020a002a0f10921092002c184f54324e31010500005452543200000000000000000008000028008fe00000000000005a3c
CAPTURE 2 25932709248 5254001234025254001234010800450000449cc84000401135d00a002a0f0a002a02109210920030c24d54324e3101010001545254320000007b00000000000c0000da198a8501000000000001800000007b
CAPTURE 2 25950017040 52540012340152540012340208004500003800000000401112a50a002a020a002a0f10921092002434b954324e310104000054525432000000000000007b000000001c77d8d9
CAPTURE 2 25952058176 52540012340152540012340208004500004400000000401112990a002a020a002a0f109210920030586254324e3101020001545254320000007b00000000000c0000b48d1a4801000000000001340000007b
CAPTURE 2 25984864480 5254001234025254001234010800450000409cd14000401135cb0a002a0f0a002a0210921092002c534554324e3101050000545254320000000000000000000800005cd536d2000000000000437f
CAPTURE 2 26010147952 5254001234025254001234010800450000389cd34000401135d10a002a0f0a002a0210921092002434b954324e310104000054525432000000000000007b000000001c77d8d9
CAPTURE 2 26026471792 5254001234025254001234010800450000449cd54000401135c30a002a0f0a002a02109210920030b92e54324e3101010001545254320000007c00000000000c00008a2de38e01000000000001800000007c
CAPTURE 2 26036544016 52540012340152540012340208004500003800000000401112a50a002a020a002a0f109210920024fce154324e310104000054525432000000000000007c000000007816b510
CAPTURE 2 26049152096 52540012340152540012340208004500004400000000401112990a002a020a002a0f109210920030cf3854324e3101020001545254320000007c00000000000c0000e4b9734301000000000001340000007c
CAPTURE 2 26088755408 5254001234025254001234010800450000389cdd4000401135c70a002a0f0a002a02109210920024fce154324e310104000054525432000000000000007c000000007816b510
CAPTURE 2 26129485056 5254001234025254001234010800450000449ce04000401135b80a002a0f0a002a021092109200308b3154324e3101010001545254320000007d00000000000c000058a1431601000000000001800000007d
CAPTURE 2 26147441104 52540012340152540012340208004500003800000000401112a50a002a020a002a0f109210920024194754324e310104000054525432000000000000007d000000006f6da153
CAPTURE 2 26148489808 52540012340152540012340208004500004400000000401112990a002a020a002a0f1092109200301d2354324e3101020001545254320000007d00000000000c00003635d3db01000000000001340000007d
CAPTURE 2 26179367376 5254001234025254001234010800450000389ce54000401135bf0a002a0f0a002a02109210920024194754324e310104000054525432000000000000007d000000006f6da153
CAPTURE 2 26208898336 5254001234025254001234010800450000449ce64000401135b20a002a0f0a002a021092109200308da154324e3101010001545254320000007e00000000000c0000f445a4ff01000000000001800000007e
CAPTURE 2 26226711264 52540012340152540012340208004500003800000000401112a50a002a020a002a0f109210920024359054324e310104000054525432000000000000007e0000000056e09d96
CAPTURE 2 26227298160 52540012340152540012340208004500004400000000401112990a002a020a002a0f109210920030582e54324e3101020001545254320000007e00000000000c00009ad1343201000000000001340000007e
CAPTURE 2 26266505472 5254001234025254001234010800450000389cf44000401135b00a002a0f0a002a02109210920024359054324e310104000054525432000000000000007e0000000056e09d96
CAPTURE 2 26486158992 525400123401525400123402080045000040000000004011129d0a002a020a002a0f10921092002c86ea54324e310105000054525432000000000000000000080000f28954950000000000005c62
CAPTURE 2 26496306144 5254001234025254001234010800450000449d064000401135920a002a0f0a002a02109210920030fbb454324e3101010001545254320000007f00000000000c000026c9046701000000000001800000007f
CAPTURE 2 26514172512 52540012340152540012340208004500003800000000401112a50a002a020a002a0f1092109200245e9554324e310104000054525432000000000000007f00000000419b89d5
CAPTURE 2 26514788528 52540012340152540012340208004500004400000000401112990a002a020a002a0f1092109200304a2854324e3101020001545254320000007f00000000000c0000485d94aa01000000000001340000007f
CAPTURE 2 26546941904 5254001234025254001234010800450000409d094000401135930a002a0f0a002a0210921092002c4f3354324e31010500005452543200000000000000000008000085ea0fab00000000000045a3
CAPTURE 2 26572531632 5254001234025254001234010800450000389d0a40004011359a0a002a0f0a002a021092109200245e9554324e310104000054525432000000000000007f00000000419b89d5
CAPTURE 2 26592279056 5254001234025254001234010800450000449d0e40004011358a0a002a0f0a002a02109210920030c82754324e3101010001545254320000008000000000000c000017ae470d010000000000018000000080
CAPTURE 2 26609917728 52540012340152540012340208004500003800000000401112a50a002a020a002a0f1092109200249b9254324e31010400005452543200000000000000800000000008d4859e
CAPTURE 2 26610495760 52540012340152540012340208004500004400000000401112990a002a020a002a0f109210920030d63254324e3101020001545254320000008000000000000c0000793ad7c0010000000000013400000080
CAPTURE 2 26650052016 5254001234025254001234010800450000389d1740004011358d0a002a0f0a002a021092109200249b9254324e31010400005452543200000000000000800000000008d4859e
CAPTURE 2 26690316480 5254001234025254001234010800450000449d1e40004011357a0a002a0f0a002a021092109200307a2854324e3101010001545254320000008100000000000c0000c522e795010000000000018000000081
CAPTURE 2 26708140112 52540012340152540012340208004500003800000000401112a50a002a020a002a0f109210920024787754324e3101040000545254320000000000000081000000001faf91dd
CAPTURE 2 26709297920 52540012340152540012340208004500004400000000401112990a002a020a002a0f109210920030041d54324e3101020001545254320000008100000000000c0000abb67758010000000000013400000081
CAPTURE 2 26748992048 5254001234025254001234010800450000389d224000401135820a002a0f0a002a02109210920024787754324e3101040000545254320000000000000081000000001faf91dd
CAPTURE 2 26770600912 5254001234025254001234010800450000449d244000401135740a002a0f0a002a02109210920030bc9c54324e3101010001545254320000008200000000000c000069c6007c010000000000018000000082
CAPTURE 2 26783019792 52540012340152540012340208004500003800000000401112a50a002a020a002a0f10921092002456c854324e3101040000545254320000000000000082000000002622ad18
CAPTURE 2 26788992928 52540012340152540012340208004500004400000000401112990a002a020a002a0f1092109200308f2654324e3101020001545254320000008200000000000c0000075290b1010000000000013400000082
CAPTURE 2 26829966288 5254001234025254001234010800450000389d2d4000401135770a002a0f0a002a0210921092002456c854324e3101040000545254320000000000000082000000002622ad18
CAPTURE 2 27041675808 525400123401525400123402080045000040000000004011129d0a002a020a002a0f10921092002c8acb54324e3101050000545254320000000000000000000800007d02c40b0000000000005e92
CAPTURE 2 27058190496 5254001234025254001234010800450000449d3f4000401135590a002a0f0a002a02109210920030caad54324e3101010001545254320000008300000000000c0000bb4aa0e4010000000000018000000083
CAPTURE 2 27076813872 52540012340152540012340208004500003800000000401112a50a002a020a002a0f1092109200243f4d54324e3101040000545254320000000000000083000000003159b95b
CAPTURE 2 27078405184 52540012340152540012340208004500004400000000401112990a002a020a002a0f109210920030212054324e3101020001545254320000008300000000000c0000d5de3029010000000000013400000083
CAPTURE 2 27132829488 5254001234025254001234010800450000409d4c4000401135500a002a0f0a002a0210921092002cb88c54324e310105000054525432000000000000000000080000a56b847900000000000047fa
CAPTURE 2 27158109360 5254001234025254001234010800450000389d524000401135520a002a0f0a002a021092109200243f4d54324e3101040000545254320000000000000083000000003159b95b
CAPTURE 2 27174389776 5254001234025254001234010800450000449d544000401135440a002a0f0a002a02109210920030716c54324e3101010001545254320000008400000000000c0000eb7ec9ef010000000000018000000084
CAPTURE 2 27194695840 52540012340152540012340208004500003800000000401112a50a002a020a002a0f109210920024003654324e3101040000545254320000000000000084000000005538d492
CAPTURE 2 27196058016 52540012340152540012340208004500004400000000401112990a002a020a002a0f109210920030481954324e3101020001545254320000008400000000000c000085ea5922010000000000013400000084
CAPTURE 2 27245969664 5254001234025254001234010800450000389d5b4000401135490a002a0f0a002a02109210920024003654324e3101040000545254320000000000000084000000005538d492
CAPTURE 2 27274892192 5254001234025254001234010800450000449d5e40004011353a0a002a0f0a002a02109210920030836f54324e3101010001545254320000008500000000000c000039f26977010000000000018000000085
CAPTURE 2 27292112112 52540012340152540012340208004500003800000000401112a50a002a020a002a0f10921092002426eb54324e3101040000545254320000000000000085000000004243c0d1
CAPTURE 2 27292913952 52540012340152540012340208004500004400000000401112990a002a020a002a0f109210920030d60254324e3101020001545254320000008500000000000c00005766f9ba010000000000013400000085
CAPTURE 2 27344253600 5254001234025254001234010800450000389d6940004011353b0a002a0f0a002a0210921092002426eb54324e3101040000545254320000000000000085000000004243c0d1
CAPTURE 2 27365620624 5254001234025254001234010800450000449d6e40004011352a0a002a0f0a002a02109210920030032254324e3101010001545254320000008600000000000c000095168e9e010000000000018000000086
CAPTURE 2 27383384768 52540012340152540012340208004500003800000000401112a50a002a020a002a0f109210920024b21b54324e3101040000545254320000000000000086000000007bcefc14
CAPTURE 2 27384263264 52540012340152540012340208004500004400000000401112990a002a020a002a0f1092109200300d4c54324e3101020001545254320000008600000000000c0000fb821e53010000000000013400000086
CAPTURE 2 27435074096 5254001234025254001234010800450000389d7c4000401135280a002a0f0a002a02109210920024b21b54324e3101040000545254320000000000000086000000007bcefc14
CAPTURE 2 27597310384 525400123401525400123402080045000040000000004011129d0a002a020a002a0f10921092002ce37a54324e31010500005452543200000000000000000008000057ac8e8200000000000060c2
CAPTURE 2 27604195536 5254001234025254001234010800450000449da34000401134f50a002a0f0a002a02109210920030b13454324e3101010001545254320000008700000000000c0000479a2e06010000000000018000000087
CAPTURE 2 27621523008 52540012340152540012340208004500003800000000401112a50a002a020a002a0f109210920024d4f054324e3101040000545254320000000000000087000000006cb5e857
CAPTURE 2 27623305504 52540012340152540012340208004500004400000000401112990a002a020a002a0f1092109200303f4654324e3101020001545254320000008700000000000c0000290ebecb010000000000013400000087
CAPTURE 2 27665464128 5254001234025254001234010800450000409da64000401134f60a002a0f0a002a0210921092002c2ac154324e310105000054525432000000000000000000080000ad7808280000000000004a0a
CAPTURE 2 27691481920 5254001234025254001234010800450000389da74000401134fd0a002a0f0a002a02109210920024d4f054324e3101040000545254320000000000000087000000006cb5e857
CAPTURE 2 27711685056 5254001234025254001234010800450000449daa4000401134ee0a002a0f0a002a0210921092003094cc54324e3101010001545254320000008800000000000c0000357e5c88010000000000018000000088
CAPTURE 2 27716146384 52540012340152540012340208004500003800000000401112a50a002a020a002a0f1092109200244f6a54324e310104000054525432000000000000008800000000b30c2786
CAPTURE 2 27730128608 52540012340152540012340208004500004400000000401112990a002a020a002a0f109210920030feed54324e3101020001545254320000008800000000000c00005beacc45010000000000013400000088
CAPTURE 2 27771587552 5254001234025254001234010800450000389db64000401134ee0a002a0f0a002a021092109200244f6a54324e310104000054525432000000000000008800000000b30c2786
CAPTURE 2 27812295664 5254001234025254001234010800450000449dbd4000401134db0a002a0f0a002a0210921092003042cd54324e3101010001545254320000008900000000000c0000e7f2fc10010000000000018000000089
CAPTURE 2 27829473360 52540012340152540012340208004500003800000000401112a50a002a020a002a0f10921092002451bf54324e310104000054525432000000000000008900000000a47733c5
CAPTURE 2 27831281168 52540012340152540012340208004500004400000000401112990a002a020a002a0f10921092003030d854324e3101020001545254320000008900000000000c000089666cdd010000000000013400000089
CAPTURE 2 27870215680 5254001234025254001234010800450000389dc54000401134df0a002a0f0a002a0210921092002451bf54324e310104000054525432000000000000008900000000a47733c5
CAPTURE 2 27892237760 5254001234025254001234010800450000449dc74000401134d10a002a0f0a002a02109210920030bfbf54324e3101010001545254320000008a00000000000c00004b161bf901000000000001800000008a
CAPTURE 2 27910339296 52540012340152540012340208004500003800000000401112a50a002a020a002a0f1092109200247d0054324e310104000054525432000000000000008a000000009dfa0f00
CAPTURE 2 27910974816 52540012340152540012340208004500004400000000401112990a002a020a002a0f109210920030766354324e3101020001545254320000008a00000000000c000025828b3401000000000001340000008a
CAPTURE 2 27940331168 5254001234025254001234010800450000389dcb4000401134d90a002a0f0a002a021092109200247d0054324e310104000054525432000000000000008a000000009dfa0f00
CAPTURE 2 28166806784 525400123401525400123402080045000040000000004011129d0a002a020a002a0f10921092002ca78954324e3101050000545254320000000000000000000800004343dcac00000000000062f2
CAPTURE 2 28193887808 5254001234025254001234010800450000449ddc4000401134bc0a002a0f0a002a02109210920030d1d054324e3101010001545254320000008b00000000000c0000999abb6101000000000001800000008b
CAPTURE 2 28211368816 52540012340152540012340208004500003800000000401112a50a002a020a002a0f109210920024843554324e310104000054525432000000000000008b000000008a811b43
CAPTURE 2 28212142816 52540012340152540012340208004500004400000000401112990a002a020a002a0f109210920030045d54324e3101020001545254320000008b00000000000c0000f70e2bac01000000000001340000008b
CAPTURE 2 28246833024 5254001234025254001234010800450000409de04000401134bc0a002a0f0a002a0210921092002cf95454324e31010500005452543200000000000000000008000000f6e3cb0000000000004c55
CAPTURE 2 28272388672 5254001234025254001234010800450000389de14000401134c30a002a0f0a002a02109210920024843554324e310104000054525432000000000000008b000000008a811b43
CAPTURE 2 28291542112 5254001234025254001234010800450000449de24000401134b60a002a0f0a002a021092109200308ab154324e3101010001545254320000008c00000000000c0000c9aed26a01000000000001800000008c
CAPTURE 2 28296154112 52540012340152540012340208004500003800000000401112a50a002a020a002a0f109210920024c48d54324e310104000054525432000000000000008c00000000eee0768a
CAPTURE 2 28303878672 52540012340152540012340208004500004400000000401112990a002a020a002a0f1092109200303d3454324e3101020001545254320000008c00000000000c0000a73a42a701000000000001340000008c
CAPTURE 2 28360963888 5254001234025254001234010800450000389ded4000401134b70a002a0f0a002a02109210920024c48d54324e310104000054525432000000000000008c00000000eee0768a
CAPTURE 2 28393281856 5254001234025254001234010800450000449df14000401134a70a002a0f0a002a0210921092003098b454324e3101010001545254320000008d00000000000c00001b2272f201000000000001800000008d
CAPTURE 2 28403936720 52540012340152540012340208004500003800000000401112a50a002a020a002a0f109210920024cd9254324e310104000054525432000000000000008d00000000f99b62c9
CAPTURE 2 28411364176 52540012340152540012340208004500004400000000401112990a002a020a002a0f109210920030cf1d54324e3101020001545254320000008d00000000000c000075b6e23f01000000000001340000008d
CAPTURE 2 28461924848 5254001234025254001234010800450000389dfb4000401134a90a002a0f0a002a02109210920024cd9254324e310104000054525432000000000000008d00000000f99b62c9
CAPTURE 2 28481541600 5254001234025254001234010800450000449dff4000401134990a002a0f0a002a02109210920030d9e454324e3101010001545254320000008e00000000000c0000b7c6951b01000000000001800000008e
CAPTURE 2 28498824160 52540012340152540012340208004500003800000000401112a50a002a020a002a0f1092109200240bd454324e310104000054525432000000000000008e00000000c0165e0c
CAPTURE 2 28500053152 52540012340152540012340208004500004400000000401112990a002a020a002a0f10921092003047e954324e3101020001545254320000008e00000000000c0000d95205d601000000000001340000008e
CAPTURE 2 28550691984 5254001234025254001234010800450000389e0740004011349d0a002a0f0a002a021092109200240bd454324e310104000054525432000000000000008e00000000c0165e0c
CAPTURE 2 28718865328 525400123401525400123402080045000040000000004011129d0a002a020a002a0f10921092002ca1b854324e3101050000545254320000000000000000000800008ad198bf0000000000006522
CAPTURE 2 28733361456 5254001234025254001234010800450000449e1c40004011347c0a002a0f0a002a021092109200308bf754324e3101010001545254320000008f00000000000c0000654a358301000000000001800000008f
CAPTURE 2 28743944368 52540012340152540012340208004500003800000000401112a50a002a020a002a0f109210920024083954324e310104000054525432000000000000008f00000000d76d4a4f
CAPTURE 2 28751458768 52540012340152540012340208004500004400000000401112990a002a020a002a0f10921092003075e354324e3101020001545254320000008f00000000000c00000bdea54e01000000000001340000008f
CAPTURE 2 28796790432 5254001234025254001234010800450000409e1d40004011347f0a002a0f0a002a0210921092002c86cf54324e3101050000545254320000000000000000000800009911bc100000000000004e7a
CAPTURE 2 28822182512 5254001234025254001234010800450000389e1e4000401134860a002a0f0a002a02109210920024083954324e310104000054525432000000000000008f00000000d76d4a4f
CAPTURE 2 28842163776 5254001234025254001234010800450000449e214000401134770a002a0f0a002a0210921092003064ad54324e3101010001545254320000009000000000000c0000520e7007010000000000018000000090
CAPTURE 2 28860107888 52540012340152540012340208004500003800000000401112a50a002a020a002a0f109210920024bdf054324e310104000054525432000000000000009000000000a414c7ef
CAPTURE 2 28860995328 52540012340152540012340208004500004400000000401112990a002a020a002a0f10921092003009a954324e3101020001545254320000009000000000000c00003c9ae0ca010000000000013400000090
CAPTURE 2 28901012032 5254001234025254001234010800450000389e304000401134740a002a0f0a002a02109210920024bdf054324e310104000054525432000000000000009000000000a414c7ef
CAPTURE 2 28942771968 5254001234025254001234010800450000449e3a40004011345e0a002a0f0a002a02109210920030d59e54324e3101010001545254320000009100000000000c00008082d09f010000000000018000000091
CAPTURE 2 28962635728 52540012340152540012340208004500003800000000401112a50a002a020a002a0f109210920024a2d754324e310104000054525432000000000000009100000000b36fd3ac
CAPTURE 2 28963225664 52540012340152540012340208004500004400000000401112990a002a020a002a0f109210920030f8a254324e3101020001545254320000009100000000000c0000ee164052010000000000013400000091
CAPTURE 2 28992336000 5254001234025254001234010800450000389e4740004011345d0a002a0f0a002a02109210920024a2d754324e310104000054525432000000000000009100000000b36fd3ac
CAPTURE 2 29020897840 5254001234025254001234010800450000449e4d40004011344b0a002a0f0a002a02109210920030c2e254324e3101010001545254320000009200000000000c00002c663776010000000000018000000092
CAPTURE 2 29038925888 52540012340152540012340208004500003800000000401112a50a002a020a002a0f109210920024afa654324e3101040000545254320000000000000092000000008ae2ef69
CAPTURE 2 29039519152 52540012340152540012340208004500004400000000401112990a002a020a002a0f1092109200303c5c54324e3101020001545254320000009200000000000c000042f2a7bb010000000000013400000092
CAPTURE 2 29080354976 5254001234025254001234010800450000389e5c4000401134480a002a0f0a002a02109210920024afa654324e3101040000545254320000000000000092000000008ae2ef69
CAPTURE 2 29269430320 525400123401525400123402080045000040000000004011129d0a002a020a002a0f10921092002c3b2854324e3101050000545254320000000000000000000800001580727b0000000000006748
CAPTURE 2 29280089760 5254001234025254001234010800450000449e864000401134120a002a0f0a002a021092109200308fe354324e3101010001545254320000009300000000000c0000feea97ee010000000000018000000093
CAPTURE 2 29297914672 52540012340152540012340208004500003800000000401112a50a002a020a002a0f109210920024912d54324e3101040000545254320000000000000093000000009d99fb2a
CAPTURE 2 29298508832 52540012340152540012340208004500004400000000401112990a002a020a002a0f1092109200308f6654324e3101020001545254320000009300000000000c0000907e0723010000000000013400000093
CAPTURE 2 29332798368 5254001234025254001234010800450000409e9040004011340c0a002a0f0a002a0210921092002c0cd254324e310105000054525432000000000000000000080000e381e9850000000000005092
CAPTURE 2 29358027616 5254001234025254001234010800450000389e924000401134120a002a0f0a002a02109210920024912d54324e3101040000545254320000000000000093000000009d99fb2a
CAPTURE 2 29377786720 5254001234025254001234010800450000449e974000401134010a002a0f0a002a0210921092003078f654324e3101010001545254320000009400000000000c0000aedefee5010000000000018000000094
CAPTURE 2 29395115472 52540012340152540012340208004500003800000000401112a50a002a020a002a0f109210920024991454324e310104000054525432000000000000009400000000f9f896e3
CAPTURE 2 29396019184 52540012340152540012340208004500004400000000401112990a002a020a002a0f109210920030f89254324e3101020001545254320000009400000000000c0000c04a6e28010000000000013400000094
CAPTURE 2 29450185120 5254001234025254001234010800450000389ea04000401134040a002a0f0a002a02109210920024991454324e310104000054525432000000000000009400000000f9f896e3
CAPTURE 2 29478411312 5254001234025254001234010800450000449ea14000401133f70a002a0f0a002a021092109200304be954324e3101010001545254320000009500000000000c00007c525e7d010000000000018000000095
CAPTURE 2 29495782368 52540012340152540012340208004500003800000000401112a50a002a020a002a0f109210920024b8cb54324e310104000054525432000000000000009500000000ee8382a0
CAPTURE 2 29496558032 52540012340152540012340208004500004400000000401112990a002a020a002a0f109210920030458d54324e3101020001545254320000009500000000000c000012c6ceb0010000000000013400000095
CAPTURE 2 29547426320 5254001234025254001234010800450000389ea74000401133fd0a002a0f0a002a02109210920024b8cb54324e310104000054525432000000000000009500000000ee8382a0
CAPTURE 2 29567459888 5254001234025254001234010800450000449eab4000401133ed0a002a0f0a002a021092109200309c6b54324e3101010001545254320000009600000000000c0000d0b6b994010000000000018000000096
CAPTURE 2 29583938416 52540012340152540012340208004500003800000000401112a50a002a020a002a0f109210920024947a54324e310104000054525432000000000000009600000000d70ebe65
CAPTURE 2 29585699792 52540012340152540012340208004500004400000000401112990a002a020a002a0f1092109200303f8654324e3101020001545254320000009600000000000c0000be222959010000000000013400000096
CAPTURE 2 29626536848 5254001234025254001234010800450000389eb84000401133ec0a002a0f0a002a02109210920024947a54324e310104000054525432000000000000009600000000d70ebe65
CAPTURE 2 29828001008 525400123401525400123402080045000040000000004011129d0a002a020a002a0f10921092002ca3bf54324e310105000054525432000000000000000000080000adda6f590000000000006978
CAPTURE 2 29852219232 5254001234025254001234010800450000449eda4000401133be0a002a0f0a002a021092109200300b6f54324e3101010001545254320000009700000000000c0000023a190c010000000000018000000097
CAPTURE 2 29870356592 52540012340152540012340208004500003800000000401112a50a002a020a002a0f109210920024bf5154324e310104000054525432000000000000009700000000c075aa26
CAPTURE 2 29870943136 52540012340152540012340208004500004400000000401112990a002a020a002a0f109210920030309054324e3101020001545254320000009700000000000c00006cae89c1010000000000013400000097
CAPTURE 2 29903023072 5254001234025254001234010800450000409ee44000401133b80a002a0f0a002a0210921092002c1f6754324e310105000054525432000000000000000000080000cddbea6500000000000052c3
CAPTURE 2 29928834400 5254001234025254001234010800450000389ee64000401133be0a002a0f0a002a02109210920024bf5154324e310104000054525432000000000000009700000000c075aa26
CAPTURE 2 29946690768 5254001234025254001234010800450000449ee94000401133af0a002a0f0a002a021092109200304a5254324e3101010001545254320000009800000000000c000070de6b82010000000000018000000098
CAPTURE 2 29966661280 52540012340152540012340208004500003800000000401112a50a002a020a002a0f109210920024a42954324e3101040000545254320000000000000098000000001fcc65f7
CAPTURE 2 29967561936 52540012340152540012340208004500004400000000401112990a002a020a002a0f1092109200300d6454324e3101020001545254320000009800000000000c00001e4afb4f010000000000013400000098
CAPTURE 2 30017752656 5254001234025254001234010800450000389ef64000401133ae0a002a0f0a002a02109210920024a42954324e3101040000545254320000000000000098000000001fcc65f7
CAPTURE 2 30046199584 5254001234025254001234010800450000449ef84000401133a00a002a0f0a002a02109210920030b94354324e3101010001545254320000009900000000000c0000a252cb1a010000000000018000000099
CAPTURE 2 30064125104 52540012340152540012340208004500003800000000401112a50a002a020a002a0f109210920024af8054324e31010400005452543200000000000000990000000008b771b4
CAPTURE 2 30065007936 52540012340152540012340208004500004400000000401112990a002a020a002a0f109210920030fe5d54324e3101020001545254320000009900000000000c0000ccc65bd7010000000000013400000099
CAPTURE 2 30115785184 5254001234025254001234010800450000389ef94000401133ab0a002a0f0a002a02109210920024af8054324e31010400005452543200000000000000990000000008b771b4
CAPTURE 2 30138168784 5254001234025254001234010800450000449efe40004011339a0a002a0f0a002a02109210920030eb0554324e3101010001545254320000009a00000000000c00000eb62cf301000000000001800000009a
CAPTURE 2 30155837856 52540012340152540012340208004500003800000000401112a50a002a020a002a0f109210920024ab3f54324e310104000054525432000000000000009a00000000313a4d71
CAPTURE 2 30156621296 52540012340152540012340208004500004400000000401112990a002a020a002a0f1092109200300a9954324e3101020001545254320000009a00000000000c00006022bc3e01000000000001340000009a
CAPTURE 2 30207505184 5254001234025254001234010800450000389f0e4000401133960a002a0f0a002a02109210920024ab3f54324e310104000054525432000000000000009a00000000313a4d71
CAPTURE 2 30405911984 5254001234025254001234010800450000449f374000401133610a002a0f0a002a02109210920030be0654324e3101010001545254320000009b00000000000c0000dc3a8c6b01000000000001800000009b
CAPTURE 2 30423257984 52540012340152540012340208004500003800000000401112a50a002a020a002a0f109210920024aa7654324e310104000054525432000000000000009b0000000026415932
CAPTURE 2 30424697264 52540012340152540012340208004500004400000000401112990a002a020a002a0f10921092003057a354324e3101020001545254320000009b00000000000c0000b2ae1ca601000000000001340000009b
CAPTURE 2 30454257952 5254001234025254001234010800450000409f4040004011335c0a002a0f0a002a0210921092002c062254324e3101050000545254320000000000000000000800002a8aa4c700000000000054f8
CAPTURE 2 30465346480 5254001234025254001234010800450000389f424000401133620a002a0f0a002a02109210920024aa7654324e310104000054525432000000000000009b0000000026415932
CAPTURE 2 30481777920 5254001234025254001234010800450000449f464000401133520a002a0f0a002a02109210920030b53b54324e3101010001545254320000009c00000000000c00008c0ee56001000000000001800000009c
CAPTURE 2 30501608864 52540012340152540012340208004500003800000000401112a50a002a020a002a0f109210920024b2cd54324e310104000054525432000000000000009c00000000422034fb
CAPTURE 2 30502406960 52540012340152540012340208004500004400000000401112990a002a020a002a0f109210920030cead54324e3101020001545254320000009c00000000000c0000e29a75ad01000000000001340000009c
CAPTURE 2 30554139216 5254001234025254001234010800450000389f534000401133510a002a0f0a002a02109210920024b2cd54324e310104000054525432000000000000009c00000000422034fb
CAPTURE 2 30582993760 5254001234025254001234010800450000449f584000401133400a002a0f0a002a02109210920030822e54324e3101010001545254320000009d00000000000c00005e8245f801000000000001800000009d
CAPTURE 2 30593947792 52540012340152540012340208004500003800000000401112a50a002a020a002a0f109210920024b3d454324e310104000054525432000000000000009d00000000555b20b8
CAPTURE 2 30601346448 52540012340152540012340208004500004400000000401112990a002a020a002a0f10921092003021a854324e3101020001545254320000009d00000000000c00003016d53501000000000001340000009d
CAPTURE 2 30652846128 5254001234025254001234010800450000389f5e4000401133460a002a0f0a002a02109210920024b3d454324e310104000054525432000000000000009d00000000555b20b8
CAPTURE 2 30674299728 5254001234025254001234010800450000449f634000401133350a002a0f0a002a02109210920030922e54324e3101010001545254320000009e00000000000c0000f266a21101000000000001800000009e
CAPTURE 2 30692157488 52540012340152540012340208004500003800000000401112a50a002a020a002a0f109210920024a09354324e310104000054525432000000000000009e000000006cd61c7d
CAPTURE 2 30693053504 52540012340152540012340208004500004400000000401112990a002a020a002a0f109210920030572354324e3101020001545254320000009e00000000000c00009cf232dc01000000000001340000009e
CAPTURE 2 30734260144 5254001234025254001234010800450000389f714000401133330a002a0f0a002a02109210920024a09354324e310104000054525432000000000000009e000000006cd61c7d
CAPTURE 2 30947252304 525400123401525400123402080045000040000000004011129d0a002a020a002a0f10921092002c937e54324e3101050000545254320000000000000000000800001f6009b50000000000006dd8
CAPTURE 2 30968899776 5254001234025254001234010800450000449fa04000401132f80a002a0f0a002a02109210920030033254324e3101010001545254320000009f00000000000c000020ea028901000000000001800000009f
CAPTURE 2 30987710336 52540012340152540012340208004500003800000000401112a50a002a020a002a0f109210920024a5fa54324e310104000054525432000000000000009f000000007bad083e
CAPTURE 2 30988519408 52540012340152540012340208004500004400000000401112990a002a020a002a0f109210920030462d54324e3101020001545254320000009f00000000000c00004e7e924401000000000001340000009f
CAPTURE 2 31025194368 5254001234025254001234010800450000409fab4000401132f10a002a0f0a002a0210921092002c09b954324e3101050000545254320000000000000000000800001910b073000000000000572f
CAPTURE 2 31050252512 5254001234025254001234010800450000389faf4000401132f50a002a0f0a002a02109210920024a5fa54324e310104000054525432000000000000009f000000007bad083e
CAPTURE 2 31070188736 5254001234025254001234010800450000449fb04000401132e80a002a0f0a002a02109210920030609b54324e310101000154525432000000a000000000000c00009cee29190100000000000180000000a0
CAPTURE 2 31088114352 52540012340152540012340208004500003800000000401112a50a002a020a002a0f109210920024988254324e31010400005452543200000000000000a0000000008a25073d
CAPTURE 2 31089096528 52540012340152540012340208004500004400000000401112990a002a020a002a0f1092109200307a9e54324e310102000154525432000000a000000000000c0000f27ab9d40100000000000134000000a0
CAPTURE 2 31129814768 5254001234025254001234010800450000389fbd4000401132e70a002a0f0a002a02109210920024988254324e31010400005452543200000000000000a0000000008a25073d
CAPTURE 2 31166973712 5254001234025254001234010800450000449fc04000401132d80a002a0f0a002a021092109200304ebd54324e310101000154525432000000a100000000000c00004e6289810100000000000180000000a1
CAPTURE 2 31184217168 52540012340152540012340208004500003800000000401112a50a002a020a002a0f109210920024790754324e31010400005452543200000000000000a1000000009d5e137e
CAPTURE 2 31186036576 52540012340152540012340208004500004400000000401112990a002a020a002a0f109210920030eca954324e310102000154525432000000a100000000000c000020f6194c0100000000000134000000a1
CAPTURE 2 31225988512 5254001234025254001234010800450000389fcd4000401132d70a002a0f0a002a02109210920024790754324e31010400005452543200000000000000a1000000009d5e137e
CAPTURE 2 31250391088 5254001234025254001234010800450000449fcf4000401132c90a002a0f0a002a02109210920030d5af54324e310101000154525432000000a200000000000c0000e2866e680100000000000180000000a2
CAPTURE 2 31268084992 52540012340152540012340208004500003800000000401112a50a002a020a002a0f109210920024555454324e31010400005452543200000000000000a200000000a4d32fbb
CAPTURE 2 31269187120 52540012340152540012340208004500004400000000401112990a002a020a002a0f1092109200309c3154324e310102000154525432000000a200000000000c00008c12fea50100000000000134000000a2
CAPTURE 2 31308606304 5254001234025254001234010800450000389fd44000401132d00a002a0f0a002a02109210920024555454324e31010400005452543200000000000000a200000000a4d32fbb
CAPTURE 2 31516016080 525400123401525400123402080045000040000000004011129d0a002a020a002a0f10921092002c9c0654324e31010500005452543200000000000000000008000066dfb77d0000000000007008
CAPTURE 2 31536199920 5254001234025254001234010800450000449ff74000401132a10a002a0f0a002a0210921092003027a254324e310101000154525432000000a300000000000c0000300acef00100000000000180000000a3
CAPTURE 2 31553302976 52540012340152540012340208004500003800000000401112a50a002a020a002a0f1092109200243a4154324e31010400005452543200000000000000a300000000b3a83bf8
CAPTURE 2 31555221696 52540012340152540012340208004500004400000000401112990a002a020a002a0f1092109200306a0c54324e310102000154525432000000a300000000000c00005e9e5e3d0100000000000134000000a3
CAPTURE 2 31588877968 525400123402525400123401080045000040a00040004011329c0a002a0f0a002a0210921092002c47c854324e310105000054525432000000000000000000080000f8f990460000000000005963
CAPTURE 2 31613832768 525400123402525400123401080045000038a00540004011329f0a002a0f0a002a021092109200243a4154324e31010400005452543200000000000000a300000000b3a83bf8
CAPTURE 2 31629854512 525400123402525400123401080045000044a00940004011328f0a002a0f0a002a021092109200301e6154324e310101000154525432000000a400000000000c0000603ea7fb0100000000000180000000a4
CAPTURE 2 31649454560 52540012340152540012340208004500003800000000401112a50a002a020a002a0f109210920024fbe554324e31010400005452543200000000000000a400000000d7c95631
CAPTURE 2 31650229776 52540012340152540012340208004500004400000000401112990a002a020a002a0f109210920030e10554324e310102000154525432000000a400000000000c00000eaa37360100000000000134000000a4
CAPTURE 2 31702650288 525400123402525400123401080045000038a00a40004011329a0a002a0f0a002a02109210920024fbe554324e31010400005452543200000000000000a400000000d7c95631
CAPTURE 2 31734234208 525400123402525400123401080045000044a0124000401132860a002a0f0a002a021092109200306c8354324e310101000154525432000000a500000000000c0000b2b207630100000000000180000000a5
CAPTURE 2 31752128928 52540012340152540012340208004500003800000000401112a50a002a020a002a0f10921092002426bb54324e31010400005452543200000000000000a500000000c0b24272
CAPTURE 2 31752987552 52540012340152540012340208004500004400000000401112990a002a020a002a0f109210920030b30e54324e310102000154525432000000a500000000000c0000dc2697ae0100000000000134000000a5
CAPTURE 2 31792044640 525400123402525400123401080045000038a0134000401132910a002a0f0a002a0210921092002426bb54324e31010400005452543200000000000000a500000000c0b24272
CAPTURE 2 31823026512 525400123402525400123401080045000044a01a40004011327e0a002a0f0a002a0210921092003027b654324e310101000154525432000000a600000000000c00001e56e08a0100000000000180000000a6
CAPTURE 2 31833911616 52540012340152540012340208004500003800000000401112a50a002a020a002a0f109210920024b1e754324e31010400005452543200000000000000a600000000f93f7eb7
CAPTURE 2 31841475664 52540012340152540012340208004500004400000000401112990a002a020a002a0f10921092003045d854324e310102000154525432000000a600000000000c000070c270470100000000000134000000a6
CAPTURE 2 31882340624 525400123402525400123401080045000038a0224000401132820a002a0f0a002a02109210920024b1e754324e31010400005452543200000000000000a600000000f93f7eb7
CAPTURE 2 32077491136 525400123401525400123402080045000040000000004011129d0a002a020a002a0f10921092002c77d754324e310105000054525432000000000000000000080000c2e07d710000000000007242
CAPTURE 2 32084067472 525400123402525400123401080045000044a0454000401132530a002a0f0a002a0210921092003019a854324e310101000154525432000000a700000000000c0000ccda40120100000000000180000000a7
CAPTURE 2 32101945616 52540012340152540012340208004500003800000000401112a50a002a020a002a0f109210920024d0a454324e31010400005452543200000000000000a700000000ee446af4
CAPTURE 2 32102532608 52540012340152540012340208004500004400000000401112990a002a020a002a0f109210920030b3b154324e310102000154525432000000a700000000000c0000a24ed0df0100000000000134000000a7
CAPTURE 2 32136516208 525400123402525400123401080045000040a04a4000401132520a002a0f0a002a0210921092002cd00254324e3101050000545254320000000000000000000800001aafe4330000000000005b86
CAPTURE 2 32162164384 525400123402525400123401080045000038a04d4000401132570a002a0f0a002a02109210920024d0a454324e31010400005452543200000000000000a700000000ee446af4
CAPTURE 2 32182009648 525400123402525400123401080045000044a04f4000401132490a002a0f0a002a0210921092003035b854324e310101000154525432000000a800000000000c0000be3e329c0100000000000180000000a8
CAPTURE 2 32200061200 52540012340152540012340208004500003800000000401112a50a002a020a002a0f10921092002452ba54324e31010400005452543200000000000000a80000000031fda525
CAPTURE 2 32200842192 52540012340152540012340208004500004400000000401112990a002a020a002a0f109210920030b3e154324e310102000154525432000000a800000000000c0000d0aaa2510100000000000134000000a8
CAPTURE 2 32240381552 525400123402525400123401080045000038a05c4000401132480a002a0f0a002a0210921092002452ba54324e31010400005452543200000000000000a80000000031fda525
CAPTURE 2 32281352736 525400123402525400123401080045000044a0644000401132340a002a0f0a002a0210921092003027da54324e310101000154525432000000a900000000000c00006cb292040100000000000180000000a9
CAPTURE 2 32298436752 52540012340152540012340208004500003800000000401112a50a002a020a002a0f10921092002451ef54324e31010400005452543200000000000000a9000000002686b166
CAPTURE 2 32300068336 52540012340152540012340208004500004400000000401112990a002a020a002a0f10921092003021ed54324e310102000154525432000000a900000000000c0000022602c90100000000000134000000a9
CAPTURE 2 32343772528 525400123402525400123401080045000038a0704000401132340a002a0f0a002a0210921092002451ef54324e31010400005452543200000000000000a9000000002686b166
CAPTURE 2 32363185952 525400123402525400123401080045000044a0744000401132240a002a0f0a002a02109210920030f04a54324e310101000154525432000000aa00000000000c0000c05675ed0100000000000180000000aa
CAPTURE 2 32380524320 52540012340152540012340208004500003800000000401112a50a002a020a002a0f1092109200247d2c54324e31010400005452543200000000000000aa000000001f0b8da3
CAPTURE 2 32381378400 52540012340152540012340208004500004400000000401112990a002a020a002a0f10921092003092f654324e310102000154525432000000aa00000000000c0000aec2e5200100000000000134000000aa
CAPTURE 2 32421531536 525400123402525400123401080045000038a0834000401132210a002a0f0a002a021092109200247d2c54324e31010400005452543200000000000000aa000000001f0b8da3
CAPTURE 2 32636194624 525400123401525400123402080045000040000000004011129d0a002a020a002a0f10921092002c53e154324e3101050000545254320000000000000000000800004f0113210000000000007468
CAPTURE 2 32661280848 525400123402525400123401080045000044a0a24000401131f60a002a0f0a002a021092109200303e3d54324e310101000154525432000000ab00000000000c000012dad5750100000000000180000000ab
CAPTURE 2 32678487840 52540012340152540012340208004500003800000000401112a50a002a020a002a0f109210920024878954324e31010400005452543200000000000000ab00000000087099e0
CAPTURE 2 32680044608 52540012340152540012340208004500004400000000401112990a002a020a002a0f10921092003064d154324e310102000154525432000000ab00000000000c00007c4e45b80100000000000134000000ab
CAPTURE 2 32714407536 525400123402525400123401080045000040a0ad4000401131ef0a002a0f0a002a0210921092002cbfef54324e310105000054525432000000000000000000080000dd912f220000000000005dc8
CAPTURE 2 32740325552 525400123402525400123401080045000038a0b04000401131f40a002a0f0a002a02109210920024878954324e31010400005452543200000000000000ab00000000087099e0
CAPTURE 2 32759612848 525400123402525400123401080045000044a0b44000401131e40a002a0f0a002a02109210920030271e54324e310101000154525432000000ac00000000000c000042eebc7e0100000000000180000000ac
CAPTURE 2 32763920512 52540012340152540012340208004500003800000000401112a50a002a020a002a0f109210920024c99d54324e31010400005452543200000000000000ac000000006c11f429
CAPTURE 2 32764686576 52540012340152540012340208004500004400000000401112990a002a020a002a0f109210920030cda854324e310102000154525432000000ac00000000000c00002c7a2cb30100000000000134000000ac
CAPTURE 2 32830134944 525400123402525400123401080045000038a0c44000401131e00a002a0f0a002a02109210920024c99d54324e31010400005452543200000000000000ac000000006c11f429
CAPTURE 2 32861304864 525400123402525400123401080045000044a0c74000401131d10a002a0f0a002a02109210920030794054324e310101000154525432000000ad00000000000c000090621ce60100000000000180000000ad
CAPTURE 2 32878589280 52540012340152540012340208004500003800000000401112a50a002a020a002a0f109210920024ce0254324e31010400005452543200000000000000ad000000007b6ae06a
CAPTURE 2 32880066240 52540012340152540012340208004500004400000000401112990a002a020a002a0f1092109200309bb154324e310102000154525432000000ad00000000000c0000fef68c2b0100000000000134000000ad
CAPTURE 2 32920586128 525400123402525400123401080045000038a0ce4000401131d60a002a0f0a002a02109210920024ce0254324e31010400005452543200000000000000ad000000007b6ae06a
CAPTURE 2 32949584544 525400123402525400123401080045000044a0d04000401131c80a002a0f0a002a02109210920030eef054324e310101000154525432000000ae00000000000c00003c86fb0f0100000000000180000000ae
CAPTURE 2 32963937520 52540012340152540012340208004500003800000000401112a50a002a020a002a0f1092109200240a4054324e31010400005452543200000000000000ae0000000042e7dcaf
CAPTURE 2 32967631184 52540012340152540012340208004500004400000000401112990a002a020a002a0f10921092003068fd54324e310102000154525432000000ae00000000000c000052126bc20100000000000134000000ae
CAPTURE 2 33008160720 525400123402525400123401080045000038a0d94000401131cb0a002a0f0a002a021092109200240a4054324e31010400005452543200000000000000ae0000000042e7dcaf
CAPTURE 2 33214247008 525400123401525400123402080045000040000000004011129d0a002a020a002a0f10921092002c5b7654324e310105000054525432000000000000000000080000e13e770a00000000000076ac
CAPTURE 2 33224227792 525400123402525400123401080045000044a0fa40004011319e0a002a0f0a002a02109210920030dce254324e310101000154525432000000af00000000000c0000ee0a5b970100000000000180000000af
CAPTURE 2 33242019472 52540012340152540012340208004500003800000000401112a50a002a020a002a0f1092109200240b4d54324e31010400005452543200000000000000af00000000559cc8ec
CAPTURE 2 33242602800 52540012340152540012340208004500004400000000401112990a002a020a002a0f109210920030dad654324e310102000154525432000000af00000000000c0000809ecb5a0100000000000134000000af
CAPTURE 2 33275434784 525400123402525400123401080045000040a1054000401131970a002a0f0a002a0210921092002cbe5e54324e310105000054525432000000000000000000080000be794d9a0000000000005ff9
CAPTURE 2 33300990592 525400123402525400123401080045000038a10c4000401131980a002a0f0a002a021092109200240b4d54324e31010400005452543200000000000000af00000000559cc8ec
CAPTURE 2 33320927648 525400123402525400123401080045000044a1104000401131880a002a0f0a002a021092109200302f2154324e310101000154525432000000b000000000000c0000d94e1e130100000000000180000000b0
CAPTURE 2 33339697248 52540012340152540012340208004500003800000000401112a50a002a020a002a0f109210920024bda354324e31010400005452543200000000000000b00000000026e5454c
CAPTURE 2 33340527648 52540012340152540012340208004500004400000000401112990a002a020a002a0f109210920030e01454324e310102000154525432000000b000000000000c0000b7da8ede0100000000000134000000b0
CAPTURE 2 33391161296 525400123402525400123401080045000038a11c4000401131880a002a0f0a002a02109210920024bda354324e31010400005452543200000000000000b00000000026e5454c
CAPTURE 2 33421660112 525400123402525400123401080045000044a1214000401131770a002a0f0a002a021092109200305c3354324e310101000154525432000000b100000000000c00000bc2be8b0100000000000180000000b1
CAPTURE 2 33438996832 52540012340152540012340208004500003800000000401112a50a002a020a002a0f109210920024a72654324e31010400005452543200000000000000b100000000319e510f
CAPTURE 2 33439993584 52540012340152540012340208004500004400000000401112990a002a020a002a0f109210920030932f54324e310102000154525432000000b100000000000c000065562e460100000000000134000000b1
CAPTURE 2 33489913984 525400123402525400123401080045000038a1244000401131800a002a0f0a002a02109210920024a72654324e31010400005452543200000000000000b100000000319e510f
CAPTURE 2 33509782000 525400123402525400123401080045000044a1274000401131710a002a0f0a002a0210921092003025f654324e310101000154525432000000b200000000000c0000a72659620100000000000180000000b2
CAPTURE 2 33527077216 52540012340152540012340208004500003800000000401112a50a002a020a002a0f109210920024b3f554324e31010400005452543200000000000000b20000000008136dca
CAPTURE 2 33528064784 52540012340152540012340208004500004400000000401112990a002a020a002a0f109210920030936754324e310102000154525432000000b200000000000c0000c9b2c9af0100000000000134000000b2
CAPTURE 2 33578125504 525400123402525400123401080045000038a12b4000401131790a002a0f0a002a02109210920024b3f554324e31010400005452543200000000000000b20000000008136dca
CAPTURE 2 33785647568 525400123401525400123402080045000040000000004011129d0a002a020a002a0f10921092002cd5c554324e310105000054525432000000000000000000080000e9b4f20a00000000000078e6
CAPTURE 2 33794612112 525400123402525400123401080045000044a13d40004011315b0a002a0f0a002a02109210920030b6d754324e310101000154525432000000b300000000000c000075aaf9fa0100000000000180000000b3
CAPTURE 2 33811966144 52540012340152540012340208004500003800000000401112a50a002a020a002a0f10921092002490e054324e31010400005452543200000000000000b3000000001f687989
CAPTURE 2 33812750352 52540012340152540012340208004500004400000000401112990a002a020a002a0f109210920030a25254324e310102000154525432000000b300000000000c00001b3e69370100000000000134000000b3
CAPTURE 2 33857051296 525400123402525400123401080045000040a1464000401131560a002a0f0a002a0210921092002cbef454324e310105000054525432000000000000000000080000a69662a1000000000000623f
CAPTURE 2 33882222704 525400123402525400123401080045000038a14b4000401131590a002a0f0a002a0210921092002490e054324e31010400005452543200000000000000b3000000001f687989
CAPTURE 2 33902233536 525400123402525400123401080045000044a14e40004011314a0a002a0f0a002a021092109200306feb54324e310101000154525432000000b400000000000c0000259e90f10100000000000180000000b4
CAPTURE 2 33913933104 52540012340152540012340208004500003800000000401112a50a002a020a002a0f1092109200249a8754324e31010400005452543200000000000000b4000000007b091440
CAPTURE 2 33920485696 52540012340152540012340208004500004400000000401112990a002a020a002a0f109210920030db7f54324e310102000154525432000000b400000000000c00004b0a003c0100000000000134000000b4
CAPTURE 2 33961542928 525400123402525400123401080045000038a1514000401131530a002a0f0a002a021092109200249a8754324e31010400005452543200000000000000b4000000007b091440
CAPTURE 2 33998527600 525400123402525400123401080045000044a1524000401131460a002a0f0a002a02109210920030fefc54324e310101000154525432000000b500000000000c0000f71230690100000000000180000000b5
CAPTURE 2 34016047888 52540012340152540012340208004500003800000000401112a50a002a020a002a0f109210920024bd5a54324e31010400005452543200000000000000b5000000006c720003
CAPTURE 2 34016939568 52540012340152540012340208004500004400000000401112990a002a020a002a0f109210920030ec9854324e310102000154525432000000b500000000000c00009986a0a40100000000000134000000b5
CAPTURE 2 34057319648 525400123402525400123401080045000038a1534000401131510a002a0f0a002a02109210920024bd5a54324e31010400005452543200000000000000b5000000006c720003
CAPTURE 2 34079065984 525400123402525400123401080045000044a1564000401131420a002a0f0a002a02109210920030f2ff54324e310101000154525432000000b600000000000c00005bf6d7800100000000000180000000b6
CAPTURE 2 34083876480 52540012340152540012340208004500003800000000401112a50a002a020a002a0f109210920024970954324e31010400005452543200000000000000b60000000055ff3cc6
CAPTURE 2 34099453168 52540012340152540012340208004500004400000000401112990a002a020a002a0f109210920030aa1254324e310102000154525432000000b600000000000c00003562474d0100000000000134000000b6
CAPTURE 2 34138324048 525400123402525400123401080045000038a15940004011314b0a002a0f0a002a02109210920024970954324e31010400005452543200000000000000b60000000055ff3cc6
CAPTURE 2 34346671120 525400123401525400123402080045000040000000004011129d0a002a020a002a0f10921092002cdc5b54324e3101050000545254320000000000000000000800007f2453d50000000000007b16
CAPTURE 2 34368280592 525400123402525400123401080045000044a1934000401131050a002a0f0a002a0210921092003025e254324e310101000154525432000000b700000000000c0000897a77180100000000000180000000b7
CAPTURE 2 34387453296 52540012340152540012340208004500003800000000401112a50a002a020a002a0f109210920024bec454324e31010400005452543200000000000000b70000000042842885
CAPTURE 2 34388289296 52540012340152540012340208004500004400000000401112990a002a020a002a0f10921092003056fb54324e310102000154525432000000b700000000000c0000e7eee7d50100000000000134000000b7
CAPTURE 2 34425007296 525400123402525400123401080045000040a1974000401131050a002a0f0a002a0210921092002c30a454324e31010500005452543200000000000000000008000088cb0c850000000000006477
CAPTURE 2 34449953104 525400123402525400123401080045000038a19a40004011310a0a002a0f0a002a02109210920024bec454324e31010400005452543200000000000000b70000000042842885
CAPTURE 2 34469434480 525400123402525400123401080045000044a19e4000401130fa0a002a0f0a002a02109210920030253e54324e310101000154525432000000b800000000000c0000fb9e05960100000000000180000000b8
CAPTURE 2 34487364608 52540012340152540012340208004500003800000000401112a50a002a020a002a0f109210920024a53a54324e31010400005452543200000000000000b8000000009d3de754
CAPTURE 2 34488065856 52540012340152540012340208004500004400000000401112990a002a020a002a0f109210920030fc5754324e310102000154525432000000b800000000000c0000950a955b0100000000000134000000b8
CAPTURE 2 34519324832 525400123402525400123401080045000038a1a54000401130ff0a002a0f0a002a02109210920024a53a54324e31010400005452543200000000000000b8000000009d3de754
CAPTURE 2 34569897296 525400123402525400123401080045000044a1a94000401130ef0a002a0f0a002a02109210920030585054324e310101000154525432000000b900000000000c00002912a50e0100000000000180000000b9
CAPTURE 2 34583972160 52540012340152540012340208004500003800000000401112a50a002a020a002a0f109210920024ac6d54324e31010400005452543200000000000000b9000000008a46f317
CAPTURE 2 34588525392 52540012340152540012340208004500004400000000401112990a002a020a002a0f109210920030a97254324e310102000154525432000000b900000000000c0000478635c30100000000000134000000b9
CAPTURE 2 34629814464 525400123402525400123401080045000038a1b04000401130f40a002a0f0a002a02109210920024ac6d54324e31010400005452543200000000000000b9000000008a46f317
CAPTURE 2 34646101264 525400123402525400123401080045000044a1b14000401130e70a002a0f0a002a021092109200305d9154324e310101000154525432000000ba00000000000c000085f642e70100000000000180000000ba
CAPTURE 2 34651466128 52540012340152540012340208004500003800000000401112a50a002a020a002a0f109210920024a62c54324e31010400005452543200000000000000ba00000000b3cbcfd2
CAPTURE 2 34668480864 52540012340152540012340208004500004400000000401112990a002a020a002a0f109210920030692c54324e310102000154525432000000ba00000000000c0000eb62d22a0100000000000134000000ba
CAPTURE 2 34708607088 525400123402525400123401080045000038a1be4000401130e60a002a0f0a002a02109210920024a62c54324e31010400005452543200000000000000ba00000000b3cbcfd2
CAPTURE 2 34922345744 525400123401525400123402080045000040000000004011129d0a002a020a002a0f10921092002c5d1454324e3101050000545254320000000000000000000800005614f9e80000000000007d5a
CAPTURE 2 34940827744 525400123402525400123401080045000044a1cd4000401130cb0a002a0f0a002a02109210920030ec7254324e310101000154525432000000bb00000000000c0000577ae27f0100000000000180000000bb
CAPTURE 2 34958273104 52540012340152540012340208004500003800000000401112a50a002a020a002a0f109210920024a98754324e31010400005452543200000000000000bb00000000a4b0db91
CAPTURE 2 34960045200 52540012340152540012340208004500004400000000401112990a002a020a002a0f1092109200307a1754324e310102000154525432000000bb00000000000c000039ee72b20100000000000134000000bb
CAPTURE 2 34993123280 525400123402525400123401080045000040a1d44000401130c80a002a0f0a002a0210921092002cec5654324e3101050000545254320000000000000000000800004b298c4500000000000066a6
CAPTURE 2 35018357232 525400123402525400123401080045000038a1d64000401130ce0a002a0f0a002a02109210920024a98754324e31010400005452543200000000000000bb00000000a4b0db91
CAPTURE 2 35038437728 525400123402525400123401080045000044a1d74000401130c10a002a0f0a002a0210921092003093a854324e310101000154525432000000bc00000000000c0000074e8b740100000000000180000000bc
CAPTURE 2 35054001008 52540012340152540012340208004500003800000000401112a50a002a020a002a0f109210920024b29e54324e31010400005452543200000000000000bc00000000c0d1b658
CAPTURE 2 35056818608 52540012340152540012340208004500004400000000401112990a002a020a002a0f109210920030a12254324e310102000154525432000000bc00000000000c000069da1bb90100000000000134000000bc
CAPTURE 2 35098163216 525400123402525400123401080045000038a1e44000401130c00a002a0f0a002a02109210920024b29e54324e31010400005452543200000000000000bc00000000c0d1b658
CAPTURE 2 35138333264 525400123402525400123401080045000044a1ee4000401130aa0a002a0f0a002a0210921092003024ba54324e310101000154525432000000bd00000000000c0000d5c22bec0100000000000180000000bd
CAPTURE 2 35156134800 52540012340152540012340208004500003800000000401112a50a002a020a002a0f109210920024b00154324e31010400005452543200000000000000bd00000000d7aaa21b
CAPTURE 2 35157034928 52540012340152540012340208004500004400000000401112990a002a020a002a0f109210920030b03b54324e310102000154525432000000bd00000000000c0000bb56bb210100000000000134000000bd
CAPTURE 2 35197064752 525400123402525400123401080045000038a1f34000401130b10a002a0f0a002a02109210920024b00154324e31010400005452543200000000000000bd00000000d7aaa21b
CAPTURE 2 35217080160 525400123402525400123401080045000044a1f64000401130a20a002a0f0a002a02109210920030e13a54324e310101000154525432000000be00000000000c00007926cc050100000000000180000000be
CAPTURE 2 35235198256 52540012340152540012340208004500003800000000401112a50a002a020a002a0f1092109200249cc054324e31010400005452543200000000000000be00000000ee279ede
CAPTURE 2 35236046464 52540012340152540012340208004500004400000000401112990a002a020a002a0f109210920030b23754324e310102000154525432000000be00000000000c000017b25cc80100000000000134000000be
CAPTURE 2 35286120880 525400123402525400123401080045000038a20540004011309f0a002a0f0a002a021092109200249cc054324e31010400005452543200000000000000be00000000ee279ede
CAPTURE 2 35317383728 525400123402525400123401080045000044a20b40004011308d0a002a0f0a002a021092109200300e1d54324e310101000154525432000000bf00000000000c0000abaa6c9d0100000000000180000000bf
CAPTURE 2 35334524624 52540012340152540012340208004500003800000000401112a50a002a020a002a0f109210920024a5cb54324e31010400005452543200000000000000bf00000000f95c8a9d
CAPTURE 2 35336007648 52540012340152540012340208004500004400000000401112990a002a020a002a0f109210920030652054324e310102000154525432000000bf00000000000c0000c53efc500100000000000134000000bf
CAPTURE 2 35386176512 525400123402525400123401080045000038a2144000401130900a002a0f0a002a02109210920024a5cb54324e31010400005452543200000000000000bf00000000f95c8a9d
CAPTURE 2 35402348928 525400123402525400123401080045000044a2164000401130820a002a0f0a002a02109210920030ae9e54324e310101000154525432000000c000000000000c0000da5f9d640100000000000180000000c0
CAPTURE 2 35421878176 52540012340152540012340208004500003800000000401112a50a002a020a002a0f109210920024cce454324e31010400005452543200000000000000c000000000d6468699
CAPTURE 2 35422606608 52540012340152540012340208004500004400000000401112990a002a020a002a0f109210920030643954324e310102000154525432000000c000000000000c0000b4cb0da90100000000000134000000c0
CAPTURE 2 35473834832 525400123402525400123401080045000038a22740004011307d0a002a0f0a002a02109210920024cce454324e31010400005452543200000000000000c000000000d6468699
CAPDUMP_END
virtnet: streamed 853 vm1 and 853 vm2 frames to the console
axvisor:/$ 