[37m[  0.718075 ax_runtime:297] [32mInitialize interrupt handlers...[m
[m[37m[  0.720357 ax_runtime::devices:2] [32mProbe platform devices...[m
[m[37m[  0.747397 ax_driver::block::nvme:42] [32mNVMe PCI endpoint 0000:00:02.0: BAR0=0x8000004000..0x8000008000, int_pin=1, int_line=0[m
[m[37m[  0.762091 nvme_driver::nvme:161] [32mNVME @0x8000004000 deferred init, version: 1.4.0[m
[m[37m[  0.762819 ax_driver::block::nvme:74] [32mNVMe block device registered at 0000:00:02.0 with 65 MSI-X vectors[m
[m[37m[  0.768857 ax_fs_ng::block::runtime::lifecycle::device:300] [32mblock device nvme IRQ source 0 (IrqId { domain: IrqDomainId(9), hwirq: HwIrq(0) }) fixed to CPU 0 for queue mask 0x0[m
[m[37m[  0.790466 ax_fs_ng::block::runtime::hctx:173] [32mblock hctx 0 bound to CPU 0 with hardware depth 63[m
[m[37m[  0.791105 ax_fs_ng::block::runtime::lifecycle::device:300] [32mblock device nvme IRQ source 1 (IrqId { domain: IrqDomainId(9), hwirq: HwIrq(1) }) fixed to CPU 0 for queue mask 0x1[m
[m[37m[  0.799158 ax_fs_ng::root:341] [32m    raw device fs=Some(Ext4)[m
[m[37m[  0.799408 ax_fs_ng::root:372] [32m  block device 0 (nvme) has no usable partition table; treating the whole disk as a candidate[m
[m[37m[  0.799892 ax_fs_ng::root:481] [32m  matched root by raw device path on disk0 raw device[m
[m[37m[  0.800477 ax_fs_ng:86] [32mInitialize filesystem subsystem...[m
[m[37m[  0.800609 ax_fs_ng:87] [32m  selected root device: disk0 raw device[m
[m[37m[  0.831352 rsext4::ext4::mount:340] [32m/lost+found exists (path resolution, repaired hint inode=11)[m
[m[37m[  0.832674 rsext4::ext4::mount:462] [32mExt4 filesystem mounted[m
[m[37m[  0.832814 rsext4::ext4::mount:463] [32m  - block size: 4096 bytes[m
[m[37m[  0.832945 rsext4::ext4::mount:464] [32m  - total blocks: 524288[m
[m[37m[  0.833069 rsext4::ext4::mount:465] [32m  - free blocks: 113778[m
[m[37m[  0.833187 rsext4::ext4::mount:466] [32m  - total inodes: 131072[m
[m[37m[  0.833300 rsext4::ext4::mount:467] [32m  - free inodes: 125270[m
[m[37m[  0.833434 rsext4::ext4::sync:13] [32mSyncing filesystem...[m
[m[37m[  0.841608 rsext4::ext4::mount:546] [32mExt4 filesystem mounted[m
[m[37m[  0.842229 ax_fs_ng:99] [32m  filesystem type: "ext4"[m
[m[37m[  0.843022 ax_runtime:345] [32mPrimary CPU 0 init OK.[m
[m[37m[  0.843356 0:2 ax_fs_ng::block::runtime::lifecycle::device:369] [32mblock device nvme online with 1 hctxs across 1 CPUs[m
[m

       d8888            888     888  d8b
      d88888            888     888  Y8P
     d88P888            888     888
    d88P 888  888  888  Y88b   d88P  888  .d8888b    .d88b.   888d888
   d88P  888  `Y8bd8P'   Y88b d88P   888  88K       d88""88b  888P"
  d88P   888    X88K      Y88o88P    888  "Y8888b.  888  888  888
 d8888888888  .d8""8b.     Y888P     888       X88  Y88..88P  888
d88P     888  888  888      Y8P      888   88888P'   "Y88P"   888


by AxVisor Team

[37m[  0.846311 0:2 axvisor:73] [32mStarting virtualization...[m
[m[37m[  0.846461 0:2 axvm::host::arceos:342] [32mEnabling hardware virtualization support on all cores...[m
[m[37m[  0.846647 0:2 axvm::host::arceos:348] [32mCore 0 is initializing hardware virtualization support...[m
[m[37m[  0.846819 0:2 axvm::timer:318] [32mInitializing AxVM timer wheel...[m
[m[37m[  0.852525 0:2 axvm::host::arceos:350] [32mHardware virtualization support enabled on core 0[m
[m[37m[  0.852712 0:2 axvm::host::arceos:376] [32mWaiting for all cores to enable hardware virtualization...[m
[m[37m[  0.852891 0:2 axvm::host::arceos:392] [32mAll cores have enabled hardware virtualization support.[m
[m[37m[  0.857294 0:2 axvisor::manager:145] [32mNOT find dir: /guest/vm_default in filesystem[m
[m[37m[  0.857580 0:2 axvisor::config:90] [32mUsing static VM configs.[m
[m[37m[  0.873047 0:2 axvm::arch::aarch64::fdt::core:79] [32mVM[1] virtual GIC follows host firmware resources: GuestGicProfile { compatible: "arm,gic-v3", node_path: "/intc@8000000", node_phandle: Some(32770), distributor: GuestMmioRegion { base: 134217728, length: 65536 }, cpu_region: Redistributors(GuestGicRedistributorProfile { regions: [GuestMmioRegion { base: 134873088, length: 16121856 }], stride: 131072 }), its: [GuestItsProfile { id: ItsId(0), node_path: "/intc@8000000/its@8080000", node_phandle: Some(32771), registers: GuestMmioRegion { base: 134742016, length: 131072 } }] }[m
[m[37m[  0.875803 0:2 axvm::arch::aarch64::fdt::core:93] [32mVM[1] architectural timer follows host firmware PPIs[m
[m[37m[  0.879638 0:2 axvm::arch::aarch64::fdt::core::parser:442] [32mCPU node: /cpus/cpu@0, node_id: 0x0, hardware_cpu_id: 0x0[m
[m[37m[  0.880016 0:2 axvm::arch::aarch64::fdt::core::parser:449] [32mFound 1 host CPU nodes[m
[m[37m[  0.880539 0:2 axvm::arch::aarch64::fdt::core:144] [32mVM[1] DTB not found, generating from the VM configuration[m
[m[37m[  0.890614 0:2 axvm::arch::aarch64::fdt::core::device:96] [32mFound excluded devices: ["/intc@8000000", "/pl011@9000000", "/timer", "/intc@8000000/its@8080000"][m
[m[37m[  0.897842 0:2 axvm::arch::aarch64::fdt::core::device:96] [32mFound excluded devices: ["/intc@8000000", "/pl011@9000000", "/timer", "/intc@8000000/its@8080000"][m
[m[37m[  0.898868 0:2 axvisor::config:137] [32mCreating VM[1] "task2-p2-switch-linux"[m
[m[37m[  0.916649 0:2 axvm::vm:806] [32mVM created: id=1[m
[m[37m[  1.573452 0:2 axvisor::config:149] [32mVM[1] created success, loading images...[m
[m[37m[  1.683824 0:2 axvm::boot::images:137] [32mLoading ramdisk image from memory (18343611 bytes) into GPA @0x9c000000[m
[m[37m[  1.736696 0:2 axdevice::device:1232] [32mDeviceRuntime: registered device id=0[m
[m[37m[  1.737195 0:2 axdevice::device:1232] [32mDeviceRuntime: registered device id=1[m
[m[37m[  1.737430 0:2 axdevice::device:1232] [32mDeviceRuntime: registered device id=2[m
[m[37m[  1.739243 0:2 axdevice::device:1232] [32mDeviceRuntime: registered device id=3[m
[m[37m[  1.741302 0:2 axdevice::device:1232] [32mDeviceRuntime: registered device id=4[m
[m[37m[  1.744634 0:2 axvm::vm::prepare:82] [32mVM setup: id=1[m
[m[37m[  1.747206 0:2 axvm::arch::aarch64::fdt::core:79] [32mVM[2] virtual GIC follows host firmware resources: GuestGicProfile { compatible: "arm,gic-v3", node_path: "/intc@8000000", node_phandle: Some(32770), distributor: GuestMmioRegion { base: 134217728, length: 65536 }, cpu_region: Redistributors(GuestGicRedistributorProfile { regions: [GuestMmioRegion { base: 134873088, length: 16121856 }], stride: 131072 }), its: [GuestItsProfile { id: ItsId(0), node_path: "/intc@8000000/its@8080000", node_phandle: Some(32771), registers: GuestMmioRegion { base: 134742016, length: 131072 } }] }[m
[m[37m[  1.748040 0:2 axvm::arch::aarch64::fdt::core:93] [32mVM[2] architectural timer follows host firmware PPIs[m
[m[37m[  1.750785 0:2 axvm::arch::aarch64::fdt::core::parser:442] [32mCPU node: /cpus/cpu@0, node_id: 0x0, hardware_cpu_id: 0x0[m
[m[37m[  1.751001 0:2 axvm::arch::aarch64::fdt::core::parser:449] [32mFound 1 host CPU nodes[m
[m[37m[  1.751133 0:2 axvm::arch::aarch64::fdt::core:144] [32mVM[2] DTB not found, generating from the VM configuration[m
[m[37m[  1.756659 0:2 axvm::arch::aarch64::fdt::core::device:96] [32mFound excluded devices: ["/intc@8000000", "/pl011@9000000", "/timer", "/intc@8000000/its@8080000"][m
[m[37m[  1.760305 0:2 axvm::arch::aarch64::fdt::core::device:96] [32mFound excluded devices: ["/intc@8000000", "/pl011@9000000", "/timer", "/intc@8000000/its@8080000"][m
[m[37m[  1.760858 0:2 axvisor::config:137] [32mCreating VM[2] "task2-p2-switch-zephyr"[m
[m[37m[  1.762006 0:2 axvm::vm:806] [32mVM created: id=2[m
[m[37m[  2.411930 0:2 axvisor::config:149] [32mVM[2] created success, loading images...[m
[m[37m[  2.415105 0:2 axdevice::device:1232] [32mDeviceRuntime: registered device id=0[m
[m[37m[  2.415248 0:2 axdevice::device:1232] [32mDeviceRuntime: registered device id=1[m
[m[37m[  2.563184 0:2 axdevice::device:1232] [32mDeviceRuntime: registered device id=2[m
[m[37m[  2.564253 0:2 axdevice::device:1232] [32mDeviceRuntime: registered device id=3[m
[m[37m[  2.567136 0:2 axdevice::device:1232] [32mDeviceRuntime: registered device id=4[m
[m[37m[  2.568115 0:2 axvm::vm::prepare:82] [32mVM setup: id=2[m
[m[37m[  2.569555 0:2 axvm::runtime:42] [32mInitializing VMM...[m
[m[37m[  2.570753 0:2 axvm::runtime:53] [32mVMM starting, booting VMs...[m
[m[37m[  2.571121 0:2 axvm::vm:1021] [32mStarting VM[1][m
[m[37m[  2.571452 0:2 axvm::runtime::vcpus:358] [32mSpawning task for VM[1] VCpu[0][m
[m[37m[  2.572302 0:2 axvm::runtime::vcpus:375] [32mVCpu task Task(7, "VM[1]-VCpu[0]") created cpumask: [0, ][m
[m[37m[  2.574865 0:2 axvm::runtime:61] [32mVM[1] boot success[m
[m[37m[  2.575021 0:2 axvm::vm:1021] [32mStarting VM[2][m
[m[37m[  2.575117 0:2 axvm::runtime::vcpus:358] [32mSpawning task for VM[2] VCpu[0][m
[m[37m[  2.575268 0:2 axvm::runtime::vcpus:375] [32mVCpu task Task(9, "VM[2]-VCpu[0]") created cpumask: [0, ][m
[m[37m[  2.575503 0:2 axvm::runtime:61] [32mVM[2] boot success[m
[m[37m[  2.577671 0:2 axvisor:89] [32m[OK] Default guest initialized[m
[m[37m[  2.578971 0:7 axvm::runtime::vcpus:429] [32mVM[1] VCpu[0] waiting for running[m
[m[37m[  2.579352 0:7 axvm::runtime::vcpus:467] [32mVM[1] VCpu[0] running...[m
[m[37m[  2.591810 0:9 axvm::runtime::vcpus:429] [32mVM[2] VCpu[0] waiting for running[m
[m[37m[  2.591989 0:9 axvm::runtime::vcpus:467] [32mVM[2] VCpu[0] running...[m
[m[VM 2] *** Booting Zephyr OS build aa37fa1ebc92 ***
[VM 2] TASK2_MAIN_START
[VM 2] TASK2_SOCKET_CREATE
[VM 2] TASK2_SOCKET_CREATED fd=0
[VM 2] TASK2_NET_CONFIGURED interface=virtio-net ip=10.0.42.2/24
[37m[  2.670538 0:7 axvm::runtime::hvc:258] [32mVM[1] PSCI_FEATURES function_id=0x80000000[m
[m[VM 2] TASK2_READY role=managed local=10.0.42.2:4242 peer=10.0.42.15:4242
[37m[  2.676435 0:7 axvm::runtime::hvc:258] [32mVM[1] PSCI_FEATURES function_id=0xc4000001[m
[m[37m[  2.676814 0:7 axvm::runtime::hvc:258] [32mVM[1] PSCI_FEATURES function_id=0xc400000e[m
[m[37m[  2.677110 0:7 axvm::runtime::hvc:258] [32mVM[1] PSCI_FEATURES function_id=0xc4000012[m
[m[37m[  2.677386 0:7 axvm::runtime::hvc:258] [32mVM[1] PSCI_FEATURES function_id=0xc4000015[m
[m[37m[  2.895675 0:7 axvisor::virtio_net:589] [33mvirtio-net drops an ingress frame: NotReady[m
[m[VM 1] [    0.000000] Booting Linux on physical CPU 0x0000000000 [0x410fd083]
[VM 1] [    0.000000] Linux version 7.1.0-rc2-g74fe02ce122a (runner@s1lqc) (aarch64-linux-gnu-gcc (Ubuntu 13.3.0-6ubuntu2~24.04) 13.3.0, GNU ld (GNU Binutils for Ubuntu) 2.42) #2 SMP PREEMPT Mon Jun  8 08:07:46 UTC 2026
[VM 1] [    0.000000] KASLR disabled due to lack of seed
[VM 1] [    0.000000] Machine model: linux,dummy-virt
[VM 1] [    0.000000] efi: UEFI not found.
[VM 1] [    0.000000] OF: reserved mem: Reserved memory: No reserved-memory node in the DT
[VM 1] [    0.000000] NUMA: Faking a node at [mem 0x0000000080000000-0x000000009fffffff]
[VM 1] [    0.000000] NODE_DATA(0) allocated [mem 0x9ff08800-0x9ff0aeff]
[VM 1] [    0.000000] cma: Reserved 32 MiB at 0x000000009a000000
[VM 1] [    0.000000] psci: probing for conduit method from DT.
[VM 1] [    0.000000] psci: PSCIv1.1 detected in firmware.
[VM 1] [    0.000000] psci: Using standard PSCI v0.2 function IDs
[VM 1] [    0.000000] psci: Trusted OS migration not required
[VM 1] [    0.000000] psci: SMC Calling Convention v65535.65535
[VM 1] [    0.000000] Zone ranges:
[VM 1] [    0.000000]   DMA      [mem 0x0000000080000000-0x000000009fffffff]
[VM 1] [    0.000000]   DMA32    empty
[VM 1] [    0.000000]   Normal   empty
[VM 1] [    0.000000] Movable zone start for each node
[VM 1] [    0.000000] Early memory node ranges
[VM 1] [    0.000000]   node   0: [mem 0x0000000080000000-0x000000009fffffff]
[VM 1] [    0.000000] Initmem setup node 0 [mem 0x0000000080000000-0x000000009fffffff]
[VM 1] [    0.000000] percpu: Embedded 26 pages/cpu s66584 r8192 d31720 u106496
[VM 1] [    0.000000] Detected PIPT I-cache on CPU0
[VM 1] [    0.000000] CPU features: detected: GICv3 CPU interface
[VM 1] [    0.000000] CPU features: detected: Spectre-v2
[VM 1] [    0.000000] CPU features: detected: Spectre-v3a
[VM 1] [    0.000000] CPU features: detected: Spectre-v4
[VM 1] [    0.000000] CPU features: detected: Spectre-BHB
[VM 1] [    0.000000] CPU features: detected: ARM erratum 1742098
[VM 1] [    0.000000] CPU features: detected: ARM errata 1165522, 1319367, or 1530923
[VM 1] [    0.000000] alternatives: applying boot alternatives
[VM 1] [    0.000000] printk: log buffer data + meta data: 131072 + 458752 = 589824 bytes
[VM 1] [    0.000000] Dentry cache hash table entries: 65536 (order: 7, 524288 bytes, linear)
[VM 1] [    0.000000] Inode-cache hash table entries: 32768 (order: 6, 262144 bytes, linear)
[VM 1] [    0.000000] software IO TLB: SWIOTLB bounce buffer size adjusted to 0MB
[VM 1] [    0.000000] software IO TLB: area num 1.
[VM 1] [    0.000000] software IO TLB: mapped [mem 0x000000009f580000-0x000000009f600000] (0MB)
[VM 1] [    0.000000] Fallback order for Node 0: 0 
[VM 1] [    0.000000] Built 1 zonelists, mobility grouping on.  Total pages: 131072
[VM 1] [    0.000000] Policy zone: DMA
[VM 1] [    0.000000] mem auto-init: stack:all(zero), heap alloc:off, heap free:off
[VM 1] [    0.000000] SLUB: HWalign=64, Order=0-3, MinObjects=0, CPUs=1, Nodes=1
[VM 1] [    0.000000] rcu: Preemptible hierarchical RCU implementation.
[VM 1] [    0.000000] rcu: 	RCU event tracing is enabled.
[VM 1] [    0.000000] rcu: 	RCU restricting CPUs from NR_CPUS=512 to nr_cpu_ids=1.
[VM 1] [    0.000000] 	Trampoline variant of Tasks RCU enabled.
[VM 1] [    0.000000] 	Tracing variant of Tasks RCU enabled.
[VM 1] [    0.000000] rcu: RCU calculated value of scheduler-enlistment delay is 25 jiffies.
[VM 1] [    0.000000] rcu: Adjusting geometry for rcu_fanout_leaf=16, nr_cpu_ids=1
[VM 1] [    0.000000] RCU Tasks: Setting shift to 0 and lim to 1 rcu_task_cb_adjust=1 rcu_task_cpu_ids=1.
[VM 1] [    0.000000] NR_IRQS: 64, nr_irqs: 64, preallocated irqs: 0
[VM 1] [    0.000000] GICv3: 256 SPIs implemented
[VM 1] [    0.000000] GICv3: 0 Extended SPIs implemented
[VM 1] [    0.000000] Root IRQ handler: gic_handle_irq
[VM 1] [    0.000000] GICv3: GICv3 features: 16 PPIs, RSS
[VM 1] [    0.000000] GICv3: GICD_CTLR.DS=0, SCR_EL3.FIQ=0
[VM 1] [    0.000000] GICv3: CPU0: found redistributor 0 region 0:0x00000000080a0000
[VM 1] [    0.000000] ITS [mem 0x08080000-0x0809ffff]
[VM 1] [    0.000000] ITS@0x0000000008080000: allocated 8192 Devices @83450000 (indirect, esz 8, psz 64K, shr 1)
[VM 1] [    0.000000] ITS@0x0000000008080000: allocated 8192 Interrupt Collections @83460000 (flat, esz 8, psz 64K, shr 1)
[VM 1] [    0.000000] GICv3: using LPI property table @0x0000000083470000
[VM 1] [    0.000000] GICv3: CPU0: using allocated LPI pending table @0x0000000083480000
[VM 1] [    0.000000] rcu: srcu_init: Setting srcu_struct sizes based on contention.
[VM 1] [    0.000000] arch_timer: cp15 timer running at 62.50MHz (virt).
[VM 1] [    0.000000] clocksource: arch_sys_counter: mask: 0x1ffffffffffffff max_cycles: 0x1cd42e208c, max_idle_ns: 881590405314 ns
[VM 1] [    0.000056] sched_clock: 57 bits at 63MHz, resolution 16ns, wraps every 4398046511096ns
[VM 1] [    0.008567] Console: colour dummy device 80x25
[VM 1] [    0.008965] printk: legacy console [tty0] enabled
[VM 1] [    0.015380] Calibrating delay loop (skipped), value calculated using timer frequency.. 125.00 BogoMIPS (lpj=250000)
[VM 1] [    0.015524] pid_max: default: 32768 minimum: 301
[VM 1] [    0.018594] Mount-cache hash table entries: 1024 (order: 1, 8192 bytes, linear)
[VM 1] [    0.018651] Mountpoint-cache hash table entries: 1024 (order: 1, 8192 bytes, linear)
[VM 1] [    0.026487] VFS: Finished mounting rootfs on nullfs
[VM 1] [    0.044796] cacheinfo: Unable to detect cache hierarchy for CPU 0
[VM 1] [    0.057749] rcu: Hierarchical SRCU implementation.
[VM 1] [    0.057832] rcu: 	Max phase no-delay instances is 1000.
[VM 1] [    0.061044] fsl-mc MSI: its@8080000 domain created
[VM 1] [    0.062260] EFI services will not be available.
[VM 1] [    0.063455] smp: Bringing up secondary CPUs ...
[VM 1] [    0.064071] smp: Brought up 1 node, 1 CPU
[VM 1] [    0.064104] SMP: Total of 1 processors activated.
[VM 1] [    0.064140] CPU: All CPU(s) started at EL1
[VM 1] [    0.064353] CPU features: detected: 32-bit EL0 Support
[VM 1] [    0.064379] CPU features: detected: 32-bit EL1 Support
[VM 1] [    0.064439] CPU features: detected: CRC32 instructions
[VM 1] [    0.064573] CPU features: detected: PMUv3
[VM 1] [    0.075918] alternatives: applying system-wide alternatives
[VM 1] [    0.098797] Memory: 408164K/524288K available (18688K kernel code, 5242K rwdata, 14480K rodata, 12672K init, 718K bss, 80672K reserved, 32768K cma-reserved)
[VM 1] [    0.133288] devtmpfs: initialized
[VM 1] [    0.151027] clocksource: jiffies: mask: 0xffffffff max_cycles: 0xffffffff, max_idle_ns: 7645041785100000 ns
[VM 1] [    0.151601] posixtimers hash table entries: 512 (order: 1, 8192 bytes, linear)
[VM 1] [    0.152139] futex hash table entries: 256 (16384 bytes on 1 NUMA nodes, total 16 KiB, linear).
[VM 1] [    0.155831] 19744 pages in range for non-PLT usage
[VM 1] [    0.155892] 511264 pages in range for PLT usage
[VM 1] [    0.168809] DMI: not present or invalid.
[VM 1] [    0.187621] NET: Registered PF_NETLINK/PF_ROUTE protocol family
[VM 1] [    0.199106] DMA: preallocated 128 KiB GFP_KERNEL|GFP_DMA pool for atomic allocations
[VM 1] [    0.199514] audit: initializing netlink subsys (disabled)
[VM 1] [    0.203434] audit: type=2000 audit(0.172:1): state=initialized audit_enabled=0 res=1
[VM 1] [    0.206377] thermal_sys: Registered thermal governor 'step_wise'
[VM 1] [    0.206413] thermal_sys: Registered thermal governor 'power_allocator'
[VM 1] [    0.207149] cpuidle: using governor menu
[VM 1] [    0.208178] hw-breakpoint: found 6 breakpoint and 4 watchpoint registers.
[VM 1] [    0.208509] ASID allocator initialised with 65536 entries
[VM 1] [    0.213632] Serial: AMBA PL011 UART driver
[VM 1] [    0.238069] 9000000.pl011: ttyAMA0 at MMIO 0x9000000 (irq = 13, base_baud = 0) is a PL011 rev1
[VM 1] [    0.242438] printk: console [ttyAMA0] enabled
[VM 1] [    1.010521] HugeTLB: registered 1.00 GiB page size, pre-allocated 0 pages
[37m[  5.121899 0:7 axvisor::virtio_net:589] [33mvirtio-net drops an ingress frame: NotReady[m
[m[VM 1] [    1.010600] HugeTLB: 0 KiB vmemmap can be freed for a 1.00 GiB page
[VM 1] [    1.010643] HugeTLB: registered 32.0 MiB page size, pre-allocated 0 pages
[VM 1] [    1.010662] HugeTLB: 0 KiB vmemmap can be freed for a 32.0 MiB page
[VM 1] [    1.010679] HugeTLB: registered 2.00 MiB page size, pre-allocated 0 pages
[VM 1] [    1.010694] HugeTLB: 0 KiB vmemmap can be freed for a 2.00 MiB page
[VM 1] [    1.010710] HugeTLB: registered 64.0 KiB page size, pre-allocated 0 pages
[VM 1] [    1.010725] HugeTLB: 0 KiB vmemmap can be freed for a 64.0 KiB page
[VM 1] [    1.716870] ACPI: Interpreter disabled.
[VM 1] [    2.716262] iommu: Default domain type: Translated
[VM 1] [    2.725346] iommu: DMA domain TLB invalidation policy: strict mode
[VM 1] [    2.737238] SCSI subsystem initialized
[VM 1] [    2.747285] usbcore: registered new interface driver usbfs
[VM 1] [    2.757589] usbcore: registered new interface driver hub
[VM 1] [    2.769614] usbcore: registered new device driver usb
[VM 1] [    2.770681] pps_core: LinuxPPS API ver. 1 registered
[VM 1] [    2.770720] pps_core: Software ver. 5.3.6 - Copyright 2005-2007 Rodolfo Giometti <giometti@linux.it>
[VM 1] [    2.770787] PTP clock support registered
[VM 1] [    2.771131] EDAC MC: Ver: 3.0.0
[VM 1] [    2.820300] scmi_core: SCMI protocol bus registered
[VM 1] [    2.830979] FPGA manager framework
[VM 1] [    2.846224] vgaarb: loaded
[VM 1] [    2.853801] clocksource: Switched to clocksource arch_sys_counter
[VM 1] [    2.867899] VFS: Disk quotas dquot_6.6.0
[VM 1] [    2.875316] VFS: Dquot-cache hash table entries: 512 (order 0, 4096 bytes)
[VM 1] [    2.889113] pnp: PnP ACPI: disabled
[VM 1] [    2.916609] NET: Registered PF_INET protocol family
[VM 1] [    2.927253] IP idents hash table entries: 8192 (order: 4, 65536 bytes, linear)
[VM 1] [    2.946295] tcp_listen_portaddr_hash hash table entries: 256 (order: 0, 4096 bytes, linear)
[VM 1] [    2.961144] Table-perturb hash table entries: 65536 (order: 6, 262144 bytes, linear)
[VM 1] [    3.227110] TCP established hash table entries: 4096 (order: 3, 32768 bytes, linear)
[VM 1] [    3.227311] TCP bind hash table entries: 4096 (order: 5, 131072 bytes, linear)
[VM 1] [    3.227469] TCP: Hash tables configured (established 4096 bind 4096)
[VM 1] [    3.228585] UDP hash table entries: 256 (order: 2, 16384 bytes, linear)
[VM 1] [    3.276170] NET: Registered PF_UNIX/PF_LOCAL protocol family
[VM 1] [    3.303647] RPC: Registered named UNIX socket transport module.
[VM 1] [    3.315271] RPC: Registered udp transport module.
[VM 1] [    3.324381] RPC: Registered tcp transport module.
[VM 1] [    3.324462] RPC: Registered tcp-with-tls transport module.
[VM 1] [    3.324485] RPC: Registered tcp NFSv4.1 backchannel transport module.
[VM 1] [    3.324633] PCI: CLS 0 bytes, default 64
[VM 1] [    3.349399] Unpacking initramfs...
[VM 1] [    3.378259] kvm [1]: HYP mode not available
[VM 1] [    3.398675] Initialise system trusted keyrings
[VM 1] [    3.412288] workingset: timestamp_bits=42 (anon: 38) max_order=17 bucket_order=0 (anon: 0)
[VM 1] [    3.432538] squashfs: version 4.0 (2009/01/31) Phillip Lougher
[VM 1] [    3.453376] NFS: Registering the id_resolver key type
[VM 1] [    3.463730] Key type id_resolver registered
[VM 1] [    3.472614] Key type id_legacy registered
[VM 1] [    3.473206] nfs4filelayout_init: NFSv4 File Layout Driver Registering...
[VM 1] [    3.473494] nfs4flexfilelayout_init: NFSv4 Flexfile Layout Driver Registering...
[VM 1] [    3.510147] 9p: Installing v9fs 9p2000 file system support
[VM 1] [    3.512267] Key type asymmetric registered
[VM 1] [    3.512538] Asymmetric key parser 'x509' registered
[VM 1] [    3.512964] Block layer SCSI generic (bsg) driver version 0.4 loaded (major 244)
[VM 1] [    3.513251] io scheduler mq-deadline registered
[VM 1] [    3.513498] io scheduler kyber registered
[VM 1] [    3.802929] io scheduler bfq registered
[VM 1] [    3.859084] ledtrig-cpu: registered to indicate activity on CPUs
[VM 1] [    3.952484] Serial: 8250/16550 driver, 4 ports, IRQ sharing enabled
[VM 1] [    3.985070] msm_serial: driver initialized
[VM 1] [    3.999929] SuperH (H)SCI(F) driver initialized
[VM 1] [    4.009087] STM32 USART driver initialized
[VM 1] [    4.051314] loop: module loaded
[VM 1] [    4.059747] megasas: 07.734.00.00-rc1
[VM 1] [    4.088842] tun: Universal TUN/TAP device driver, 1.6
[VM 1] [    4.135883] thunder_xcv, ver 1.0
[VM 1] [    4.142807] thunder_bgx, ver 1.0
[VM 1] [    4.149028] nicpf, ver 1.0
[VM 1] [    4.157241] e1000: Intel(R) PRO/1000 Network Driver
[VM 1] [    4.362841] e1000: Copyright (c) 1999-2006 Intel Corporation.
[VM 1] [    4.374527] e1000e: Intel(R) PRO/1000 Network Driver
[VM 1] [    4.383044] e1000e: Copyright(c) 1999 - 2015 Intel Corporation.
[VM 1] [    4.394186] igb: Intel(R) Gigabit Ethernet Network Driver
[VM 1] [    4.406102] igb: Copyright (c) 2007-2014 Intel Corporation.
[VM 1] [    4.406549] igbvf: Intel(R) Gigabit Virtual Function Network Driver
[VM 1] [    4.406771] igbvf: Copyright (c) 2009 - 2012 Intel Corporation.
[VM 1] [    4.407686] sky2: driver version 1.30
[VM 1] [    4.450779] VFIO - User Level meta-driver version: 0.3
[VM 1] [    4.469032] usbcore: registered new interface driver usb-storage
[VM 1] [    4.492738] i2c_dev: i2c /dev entries driver
[VM 1] [    4.532674] SMCCC: SOC_ID: ARCH_SOC_ID not implemented, skipping ....
[VM 1] [    4.545373] usbcore: registered new interface driver usbhid
[VM 1] [    4.562491] usbhid: USB HID core driver
[VM 1] [    4.588381] NET: Registered PF_INET6 protocol family
[VM 1] [    4.610691] Segment Routing with IPv6
[VM 1] [    4.618358] In-situ OAM (IOAM) with IPv6
[VM 1] [    4.630473] sit: IPv6, IPv4 and MPLS over IPv4 tunneling driver
[VM 1] [    4.643383] NET: Registered PF_PACKET protocol family
[VM 1] [    4.656408] 9pnet: Installing 9P2000 support
[VM 1] [    4.666512] Key type dns_resolver registered
[VM 1] [    4.999296] registered taskstats version 1
[VM 1] [    5.011470] Loading compiled-in X.509 certificates
[VM 1] [    5.058377] Demotion targets for Node 0: null
[VM 1] [    5.082718] clk: Disabling unused clocks
[VM 1] [    5.083269] PM: genpd: Disabling unused power domains
[VM 1] [    5.450865] Freeing initrd memory: 17912K
[VM 1] [    5.499651] Freeing unused kernel memory: 12672K
[VM 1] [    5.509198] Run /init as init process
[VM 1] TASK2_INIT_START
[VM 1] TASK2_NET_CONFIGURED interface=eth0 ip=10.0.42.15/24
[VM 1] TASK2_READY role=controller local=10.0.42.15:4242 peer=10.0.42.2:4242
[VM 1] TASK3_INFER elapsed_ms=104 sample=1 output=24 infer_us=9564
[VM 1] TASK3_CONTROL_SENT elapsed_ms=104 request=1 value=24 target=300 state=300 seq=1
[VM 1] TASK2_HEARTBEAT_RECEIVED peer_uptime_ms=4510
[VM 2] TASK2_CONTROL_RECEIVED seq=1 request=1
[VM 2] TASK3_CONTROL_APPLIED request=1 value=24
[VM 2] TASK3_PLANT_STATE before=300 after=179 dist=0
[VM 2] TASK2_STATUS_SENT seq=1
[VM 1] TASK2_HEARTBEAT_RECEIVED peer_uptime_ms=4740
[VM 1] TASK2_HEARTBEAT_RECEIVED peer_uptime_ms=5070
[VM 1] TASK2_HEARTBEAT_RECEIVED peer_uptime_ms=5290
[VM 1] TASK2_HEARTBEAT_RECEIVED peer_uptime_ms=5510
[VM 1] TASK2_HEARTBEAT_RECEIVED peer_uptime_ms=5730
[VM 1] TASK2_ACK seq=1

[Axvisor] detached VM[1] console
Welcome to AxVisor Shell!
Type 'help' to see available commands
Use UP/DOWN arrows to navigate command history
Console shortcuts:
  Ctrl+X, then h  return to the Axvisor shell
  Ctrl+X, then [  attach the previous running guest
  Ctrl+X, then ]  attach the next running guest

[2Kaxvisor:/$ [2Kaxvisor:/$ v[2Kaxvisor:/$ vi[2Kaxvisor:/$ vir[2Kaxvisor:/$ virt[2Kaxvisor:/$ virtn[2Kaxvisor:/$ virtne[2Kaxvisor:/$ virtnet[2Kaxvisor:/$ virtnet [2Kaxvisor:/$ virtnet c[2Kaxvisor:/$ virtnet ca[2Kaxvisor:/$ virtnet cap[2Kaxvisor:/$ virtnet capt[2Kaxvisor:/$ virtnet captu[2Kaxvisor:/$ virtnet captur[2Kaxvisor:/$ virtnet capture[2Kaxvisor:/$ virtnet capture [2Kaxvisor:/$ virtnet capture o[2Kaxvisor:/$ virtnet capture on
virtnet: capture ON
axvisor:/$ 
[Axvisor] attached VM[2] console; use Ctrl+X, then h to return to the shell
TASK2_HEARTBEAT_RECEIVED peer_uptime_ms=311
TASK2_RETRANSMIT seq=1 attempt=1
TASK2_ACK seq=1
TASK2_CONTROL_RECEIVED seq=2 request=2
TASK3_CONTROL_APPLIED request=2 value=236
TASK3_PLANT_STATE before=179 after=180 dist=0
TASK2_STATUS_SENT seq=2
TASK2_DUPLICATE_ACK seq=1
TASK2_ACK seq=2
TASK2_CONTROL_RECEIVED seq=3 request=3
TASK3_CONTROL_APPLIED request=3 value=361
TASK3_PLANT_STATE before=180 after=225 dist=0
TASK2_STATUS_SENT seq=3
TASK2_ACK seq=3
TASK2_CONTROL_RECEIVED seq=4 request=4
TASK3_CONTROL_APPLIED request=4 value=381
TASK3_PLANT_STATE before=225 after=258 dist=0
TASK2_STATUS_SENT seq=4
TASK2_ACK seq=4
TASK2_CONTROL_RECEIVED seq=5 request=5
TASK3_CONTROL_APPLIED request=5 value=391
TASK3_PLANT_STATE before=258 after=282 dist=0
TASK2_STATUS_SENT seq=5
TASK2_ACK seq=5
TASK2_CONTROL_RECEIVED seq=6 request=6
TASK3_CONTROL_APPLIED request=6 value=378
TASK3_PLANT_STATE before=282 after=291 dist=0
TASK2_STATUS_SENT seq=6
TASK2_ACK seq=6
TASK2_CONTROL_RECEIVED seq=7 request=7
TASK3_CONTROL_APPLIED request=7 value=377
TASK3_PLANT_STATE before=291 after=296 dist=0
TASK2_STATUS_SENT seq=7
TASK2_ACK seq=7
TASK2_CONTROL_RECEIVED seq=8 request=8
TASK3_CONTROL_APPLIED request=8 value=379
TASK3_PLANT_STATE before=296 after=300 dist=0
TASK2_STATUS_SENT seq=8
TASK2_ACK seq=8
TASK2_CONTROL_RECEIVED seq=9 request=9
TASK3_CONTROL_APPLIED request=9 value=373
TASK3_PLANT_STATE before=300 after=300 dist=0
TASK2_STATUS_SENT seq=9
TASK2_ACK seq=9
TASK2_CONTROL_RECEIVED seq=10 request=10
TASK3_CONTROL_APPLIED request=10 value=374
TASK3_PLANT_STATE before=300 after=300 dist=0
TASK2_STATUS_SENT seq=10
TASK2_ACK seq=10
TASK3_DISTURBANCE change=150 at_ms=8090
TASK2_CONTROL_RECEIVED seq=11 request=11
TASK3_CONTROL_APPLIED request=11 value=373
TASK3_PLANT_STATE before=300 after=450 dist=150
TASK2_STATUS_SENT seq=11
TASK2_ACK seq=11
TASK2_CONTROL_RECEIVED seq=12 request=12
TASK3_CONTROL_APPLIED request=12 value=0
TASK3_PLANT_STATE before=450 after=404 dist=150
TASK2_STATUS_SENT seq=12
TASK2_ACK seq=12
TASK2_CONTROL_RECEIVED seq=13 request=13
TASK3_CONTROL_APPLIED request=13 value=85
TASK3_PLANT_STATE before=404 after=409 dist=150
TASK2_STATUS_SENT seq=13
TASK2_ACK seq=13
TASK2_CONTROL_RECEIVED seq=14 request=14
TASK3_CONTROL_APPLIED request=14 value=0
TASK3_PLANT_STATE before=409 after=381 dist=150
TASK2_STATUS_SENT seq=14
TASK2_ACK seq=14
TASK2_CONTROL_RECEIVED seq=15 request=15
TASK3_CONTROL_APPLIED request=15 value=9
TASK3_PLANT_STATE before=381 after=369 dist=150
TASK2_STATUS_SENT seq=15
TASK2_ACK seq=15
TASK2_CONTROL_RECEIVED seq=16 request=16
TASK3_CONTROL_APPLIED request=16 value=0
TASK3_PLANT_STATE before=369 after=359 dist=150
TASK2_STATUS_SENT seq=16
TASK2_ACK seq=16
TASK2_CONTROL_RECEIVED seq=17 request=17
TASK3_CONTROL_APPLIED request=17 value=2
TASK3_PLANT_STATE before=359 after=355 dist=150
TASK2_STATUS_SENT seq=17
TASK2_ACK seq=17
TASK2_CONTROL_RECEIVED seq=18 request=18
TASK3_CONTROL_APPLIED request=18 value=2
TASK3_PLANT_STATE before=355 after=352 dist=150
TASK2_STATUS_SENT seq=18
TASK2_ACK seq=18
TASK2_CONTROL_RECEIVED seq=19 request=19
TASK3_CONTROL_APPLIED request=19 value=4
TASK3_PLANT_STATE before=352 after=352 dist=150
TASK2_STATUS_SENT seq=19
TASK2_ACK seq=19
TASK2_CONTROL_RECEIVED seq=20 request=20
TASK3_CONTROL_APPLIED request=20 value=4
TASK3_PLANT_STATE before=352 after=352 dist=150
TASK2_STATUS_SENT seq=20
TASK2_ACK seq=20

[Axvisor] attached VM[1] console; use Ctrl+X, then h to return to the shell
TASK3_STATUS_RECEIVED elapsed_ms=979 request=1 value=179 state=179 sample=1 rtt_ms=875
TASK3_INFER elapsed_ms=979 sample=2 output=236 infer_us=6843
TASK3_CONTROL_SENT elapsed_ms=979 request=2 value=236 target=300 state=179 seq=2
TASK2_DUPLICATE seq=1
TASK2_HEARTBEAT_RECEIVED peer_uptime_ms=6780
TASK2_ACK seq=2
TASK3_STATUS_RECEIVED elapsed_ms=1128 request=2 value=180 state=180 sample=2 rtt_ms=149
TASK3_INFER elapsed_ms=1128 sample=3 output=361 infer_us=6791
TASK3_CONTROL_SENT elapsed_ms=1128 request=3 value=361 target=300 state=180 seq=3
TASK2_ACK seq=3
TASK3_STATUS_RECEIVED elapsed_ms=1252 request=3 value=225 state=225 sample=3 rtt_ms=124
TASK3_INFER elapsed_ms=1252 sample=4 output=381 infer_us=7276
TASK3_CONTROL_SENT elapsed_ms=1252 request=4 value=381 target=300 state=225 seq=4
TASK2_ACK seq=4
TASK3_STATUS_RECEIVED elapsed_ms=1380 request=4 value=258 state=258 sample=4 rtt_ms=128
TASK3_INFER elapsed_ms=1380 sample=5 output=391 infer_us=7468
TASK3_CONTROL_SENT elapsed_ms=1380 request=5 value=391 target=300 state=258 seq=5
TASK2_ACK seq=5
TASK3_STATUS_RECEIVED elapsed_ms=1519 request=5 value=282 state=282 sample=5 rtt_ms=139
TASK3_INFER elapsed_ms=1519 sample=6 output=378 infer_us=6928
TASK3_CONTROL_SENT elapsed_ms=1519 request=6 value=378 target=300 state=282 seq=6
TASK2_ACK seq=6
TASK3_STATUS_RECEIVED elapsed_ms=1653 request=6 value=291 state=291 sample=6 rtt_ms=134
TASK3_INFER elapsed_ms=1653 sample=7 output=377 infer_us=7172
TASK3_CONTROL_SENT elapsed_ms=1653 request=7 value=377 target=300 state=291 seq=7
TASK2_ACK seq=7
TASK3_STATUS_RECEIVED elapsed_ms=1774 request=7 value=296 state=296 sample=7 rtt_ms=121
TASK3_INFER elapsed_ms=1774 sample=8 output=379 infer_us=7067
TASK3_CONTROL_SENT elapsed_ms=1774 request=8 value=379 target=300 state=296 seq=8
TASK2_ACK seq=8
TASK3_STATUS_RECEIVED elapsed_ms=1914 request=8 value=300 state=300 sample=8 rtt_ms=140
TASK3_INFER elapsed_ms=1914 sample=9 output=373 infer_us=6653
TASK3_CONTROL_SENT elapsed_ms=1914 request=9 value=373 target=300 state=300 seq=9
TASK2_ACK seq=9
TASK3_STATUS_RECEIVED elapsed_ms=2034 request=9 value=300 state=300 sample=9 rtt_ms=120
TASK3_INFER elapsed_ms=2034 sample=10 output=374 infer_us=7584
TASK3_CONTROL_SENT elapsed_ms=2034 request=10 value=374 target=300 state=300 seq=10
TASK2_ACK seq=10
TASK3_STATUS_RECEIVED elapsed_ms=2181 request=10 value=300 state=300 sample=10 rtt_ms=147
TASK3_INFER elapsed_ms=2181 sample=11 output=373 infer_us=6921
TASK3_CONTROL_SENT elapsed_ms=2181 request=11 value=373 target=300 state=300 seq=11
TASK2_ACK seq=11
TASK3_STATUS_RECEIVED elapsed_ms=2316 request=11 value=450 state=450 sample=11 rtt_ms=135
TASK3_INFER elapsed_ms=2316 sample=12 output=0 infer_us=7003
TASK3_CONTROL_SENT elapsed_ms=2316 request=12 value=0 target=300 state=450 seq=12
TASK2_ACK seq=12
TASK3_STATUS_RECEIVED elapsed_ms=2455 request=12 value=404 state=404 sample=12 rtt_ms=139
TASK3_INFER elapsed_ms=2455 sample=13 output=85 infer_us=6693
TASK3_CONTROL_SENT elapsed_ms=2455 request=13 value=85 target=300 state=404 seq=13
TASK2_ACK seq=13
TASK3_STATUS_RECEIVED elapsed_ms=2584 request=13 value=409 state=409 sample=13 rtt_ms=129
TASK3_INFER elapsed_ms=2584 sample=14 output=0 infer_us=7473
TASK3_CONTROL_SENT elapsed_ms=2584 request=14 value=0 target=300 state=409 seq=14
TASK2_ACK seq=14
TASK3_STATUS_RECEIVED elapsed_ms=2715 request=14 value=381 state=381 sample=14 rtt_ms=131
TASK3_INFER elapsed_ms=2715 sample=15 output=9 infer_us=7181
TASK3_CONTROL_SENT elapsed_ms=2715 request=15 value=9 target=300 state=381 seq=15
TASK2_ACK seq=15
TASK3_STATUS_RECEIVED elapsed_ms=2846 request=15 value=369 state=369 sample=15 rtt_ms=131
TASK3_INFER elapsed_ms=2846 sample=16 output=0 infer_us=6601
TASK3_CONTROL_SENT elapsed_ms=2846 request=16 value=0 target=300 state=369 seq=16
TASK2_ACK seq=16
TASK3_STATUS_RECEIVED elapsed_ms=2976 request=16 value=359 state=359 sample=16 rtt_ms=130
TASK3_INFER elapsed_ms=2976 sample=17 output=2 infer_us=6513
TASK3_CONTROL_SENT elapsed_ms=2976 request=17 value=2 target=300 state=359 seq=17
TASK2_ACK seq=17
TASK3_STATUS_RECEIVED elapsed_ms=3105 request=17 value=355 state=355 sample=17 rtt_ms=129
TASK3_INFER elapsed_ms=3105 sample=18 output=2 infer_us=7649
TASK3_CONTROL_SENT elapsed_ms=3105 request=18 value=2 target=300 state=355 seq=18
TASK2_ACK seq=18
TASK3_STATUS_RECEIVED elapsed_ms=3234 request=18 value=352 state=352 sample=18 rtt_ms=129
TASK3_INFER elapsed_ms=3234 sample=19 output=4 infer_us=6749
TASK3_CONTROL_SENT elapsed_ms=3234 request=19 value=4 target=300 state=352 seq=19
TASK2_ACK seq=19
TASK3_STATUS_RECEIVED elapsed_ms=3364 request=19 value=352 state=352 sample=19 rtt_ms=130
TASK3_INFER elapsed_ms=3364 sample=20 output=4 infer_us=7373
TASK3_CONTROL_SENT elapsed_ms=3364 request=20 value=4 target=300 state=352 seq=20
TASK2_ACK seq=20
TASK3_STATUS_RECEIVED elapsed_ms=3494 request=20 value=352 state=352 sample=20 rtt_ms=130
TASK3_INFER elapsed_ms=3494 sample=21 output=4 infer_us=6827
TASK3_CONTROL_SENT elapsed_ms=3494 request=21 value=4 target=300 state=352 seq=21
TASK2_ACK seq=21
TASK3_STATUS_RECEIVED elapsed_ms=3627 request=21 value=352 state=352 sample=21 rtt_ms=133
TASK3_INFER elapsed_ms=3627 sample=22 output=4 infer_us=7150
TASK3_CONTROL_SENT elapsed_ms=3627 request=22 value=4 target=300 state=352 seq=22
TASK2_ACK seq=22
TASK3_STATUS_RECEIVED elapsed_ms=3752 request=22 value=352 state=352 sample=22 rtt_ms=125
TASK3_INFER elapsed_ms=3752 sample=23 output=4 infer_us=7990
TASK3_CONTROL_SENT elapsed_ms=3752 request=23 value=4 target=300 state=352 seq=23
TASK2_ACK seq=23
TASK3_STATUS_RECEIVED elapsed_ms=3881 request=23 value=352 state=352 sample=23 rtt_ms=129
TASK3_INFER elapsed_ms=3881 sample=24 output=4 infer_us=7612
TASK3_CONTROL_SENT elapsed_ms=3881 request=24 value=4 target=300 state=352 seq=24
TASK2_ACK seq=24
TASK3_STATUS_RECEIVED elapsed_ms=4013 request=24 value=352 state=352 sample=24 rtt_ms=132
TASK3_INFER elapsed_ms=4013 sample=25 output=4 infer_us=7771
TASK3_CONTROL_SENT elapsed_ms=4013 request=25 value=4 target=300 state=352 seq=25
TASK2_ACK seq=25
TASK3_STATUS_RECEIVED elapsed_ms=4133 request=25 value=352 state=352 sample=25 rtt_ms=120
TASK3_INFER elapsed_ms=4133 sample=26 output=4 infer_us=7665
TASK3_CONTROL_SENT elapsed_ms=4133 request=26 value=4 target=300 state=352 seq=26
TASK2_ACK seq=26
TASK3_STATUS_RECEIVED elapsed_ms=4273 request=26 value=352 state=352 sample=26 rtt_ms=140
TASK3_INFER elapsed_ms=4273 sample=27 output=4 infer_us=7666
TASK3_CONTROL_SENT elapsed_ms=4273 request=27 value=4 target=300 state=352 seq=27
TASK2_ACK seq=27
TASK3_STATUS_RECEIVED elapsed_ms=4403 request=27 value=352 state=352 sample=27 rtt_ms=130
TASK3_INFER elapsed_ms=4403 sample=28 output=4 infer_us=7469
TASK3_CONTROL_SENT elapsed_ms=4403 request=28 value=4 target=300 state=352 seq=28
TASK2_ACK seq=28
TASK3_STATUS_RECEIVED elapsed_ms=4533 request=28 value=352 state=352 sample=28 rtt_ms=130
TASK3_INFER elapsed_ms=4533 sample=29 output=4 infer_us=8065
TASK3_CONTROL_SENT elapsed_ms=4533 request=29 value=4 target=300 state=352 seq=29
TASK2_ACK seq=29
TASK3_STATUS_RECEIVED elapsed_ms=4664 request=29 value=352 state=352 sample=29 rtt_ms=131
TASK3_INFER elapsed_ms=4664 sample=30 output=4 infer_us=6855
TASK3_CONTROL_SENT elapsed_ms=4664 request=30 value=4 target=300 state=352 seq=30
TASK2_ACK seq=30
TASK3_STATUS_RECEIVED elapsed_ms=4794 request=30 value=352 state=352 sample=30 rtt_ms=130
TASK3_INFER elapsed_ms=4794 sample=31 output=4 infer_us=7692
TASK3_CONTROL_SENT elapsed_ms=4794 request=31 value=4 target=300 state=352 seq=31
TASK2_ACK seq=31
TASK3_STATUS_RECEIVED elapsed_ms=4924 request=31 value=352 state=352 sample=31 rtt_ms=130
TASK3_INFER elapsed_ms=4924 sample=32 output=4 infer_us=9673
TASK3_CONTROL_SENT elapsed_ms=4924 request=32 value=4 target=300 state=352 seq=32
TASK2_ACK seq=32
TASK3_STATUS_RECEIVED elapsed_ms=5053 request=32 value=352 state=352 sample=32 rtt_ms=129
TASK3_INFER elapsed_ms=5053 sample=33 output=640 infer_us=7706
TASK3_CONTROL_SENT elapsed_ms=5053 request=33 value=640 target=800 state=352 seq=33
TASK2_ACK seq=33
TASK3_STATUS_RECEIVED elapsed_ms=5186 request=33 value=573 state=573 sample=33 rtt_ms=133
TASK3_INFER elapsed_ms=5186 sample=34 output=645 infer_us=8024
TASK3_CONTROL_SENT elapsed_ms=5186 request=34 value=645 target=800 state=573 seq=34
TASK2_ACK seq=34
TASK3_STATUS_RECEIVED elapsed_ms=5323 request=34 value=694 state=694 sample=34 rtt_ms=137
TASK3_INFER elapsed_ms=5323 sample=35 output=631 infer_us=8070
TASK3_CONTROL_SENT elapsed_ms=5323 request=35 value=631 target=800 state=694 seq=35
TASK2_ACK seq=35
TASK3_STATUS_RECEIVED elapsed_ms=5453 request=35 value=750 state=750 sample=35 rtt_ms=130
TASK3_INFER elapsed_ms=5453 sample=36 output=677 infer_us=8077
TASK3_CONTROL_SENT elapsed_ms=5453 request=36 value=677 target=800 state=750 seq=36
TASK2_ACK seq=36
TASK3_STATUS_RECEIVED elapsed_ms=5583 request=36 value=793 state=793 sample=36 rtt_ms=130
TASK3_INFER elapsed_ms=5583 sample=37 output=627 infer_us=7946
TASK3_CONTROL_SENT elapsed_ms=5583 request=37 value=627 target=800 state=793 seq=37
TASK2_ACK seq=37

[Axvisor] attached VM[2] console; use Ctrl+X, then h to return to the shell
TASK2_CONTROL_RECEIVED seq=21 request=21
TASK3_CONTROL_APPLIED request=21 value=4
TASK3_PLANT_STATE before=352 after=352 dist=150
TASK2_STATUS_SENT seq=21
TASK2_ACK seq=21
TASK2_CONTROL_RECEIVED seq=22 request=22
TASK3_CONTROL_APPLIED request=22 value=4
TASK3_PLANT_STATE before=352 after=352 dist=150
TASK2_STATUS_SENT seq=22
TASK2_ACK seq=22
TASK2_CONTROL_RECEIVED seq=23 request=23
TASK3_CONTROL_APPLIED request=23 value=4
TASK3_PLANT_STATE before=352 after=352 dist=150
TASK2_STATUS_SENT seq=23
TASK2_ACK seq=23
TASK2_CONTROL_RECEIVED seq=24 request=24
TASK3_CONTROL_APPLIED request=24 value=4
TASK3_PLANT_STATE before=352 after=352 dist=150
TASK2_STATUS_SENT seq=24
TASK2_ACK seq=24
TASK2_CONTROL_RECEIVED seq=25 request=25
TASK3_CONTROL_APPLIED request=25 value=4
TASK3_PLANT_STATE before=352 after=352 dist=150
TASK2_STATUS_SENT seq=25
TASK2_ACK seq=25
TASK2_CONTROL_RECEIVED seq=26 request=26
TASK3_CONTROL_APPLIED request=26 value=4
TASK3_PLANT_STATE before=352 after=352 dist=150
TASK2_STATUS_SENT seq=26
TASK2_ACK seq=26
TASK2_CONTROL_RECEIVED seq=27 request=27
TASK3_CONTROL_APPLIED request=27 value=4
TASK3_PLANT_STATE before=352 after=352 dist=150
TASK2_STATUS_SENT seq=27
TASK2_ACK seq=27
TASK2_CONTROL_RECEIVED seq=28 request=28
TASK3_CONTROL_APPLIED request=28 value=4
TASK3_PLANT_STATE before=352 after=352 dist=150
TASK2_STATUS_SENT seq=28
TASK2_ACK seq=28
TASK2_CONTROL_RECEIVED seq=29 request=29
TASK3_CONTROL_APPLIED request=29 value=4
TASK3_PLANT_STATE before=352 after=352 dist=150
TASK2_STATUS_SENT seq=29
TASK2_ACK seq=29
TASK2_CONTROL_RECEIVED seq=30 request=30
TASK3_CONTROL_APPLIED request=30 value=4
TASK3_PLANT_STATE before=352 after=352 dist=150
TASK2_STATUS_SENT seq=30
TASK2_ACK seq=30
TASK2_CONTROL_RECEIVED seq=31 request=31
TASK3_CONTROL_APPLIED request=31 value=4
TASK3_PLANT_STATE before=352 after=352 dist=150
TASK2_STATUS_SENT seq=31
TASK2_ACK seq=31
TASK2_CONTROL_RECEIVED seq=32 request=32
TASK3_CONTROL_APPLIED request=32 value=4
TASK3_PLANT_STATE before=352 after=352 dist=150
TASK2_STATUS_SENT seq=32
TASK2_ACK seq=32
TASK2_CONTROL_RECEIVED seq=33 request=33
TASK3_CONTROL_APPLIED request=33 value=640
TASK3_PLANT_STATE before=352 after=573 dist=150
TASK2_STATUS_SENT seq=33
TASK2_ACK seq=33
TASK2_CONTROL_RECEIVED seq=34 request=34
TASK3_CONTROL_APPLIED request=34 value=645
TASK3_PLANT_STATE before=573 after=694 dist=150
TASK2_STATUS_SENT seq=34
TASK2_ACK seq=34
TASK2_CONTROL_RECEIVED seq=35 request=35
TASK3_CONTROL_APPLIED request=35 value=631
TASK3_PLANT_STATE before=694 after=750 dist=150
TASK2_STATUS_SENT seq=35
TASK2_ACK seq=35
TASK2_CONTROL_RECEIVED seq=36 request=36
TASK3_CONTROL_APPLIED request=36 value=677
TASK3_PLANT_STATE before=750 after=793 dist=150
TASK2_STATUS_SENT seq=36
TASK2_ACK seq=36
TASK2_CONTROL_RECEIVED seq=37 request=37
TASK3_CONTROL_APPLIED request=37 value=627
TASK3_PLANT_STATE before=793 after=795 dist=150
TASK2_STATUS_SENT seq=37
TASK2_ACK seq=37
TASK2_CONTROL_RECEIVED seq=38 request=38
TASK3_CONTROL_APPLIED request=38 value=649
TASK3_PLANT_STATE before=795 after=804 dist=150
TASK2_STATUS_SENT seq=38
TASK2_ACK seq=38
TASK2_CONTROL_RECEIVED seq=39 request=39
TASK3_CONTROL_APPLIED request=39 value=646
TASK3_PLANT_STATE before=804 after=807 dist=150
TASK2_STATUS_SENT seq=39
TASK2_ACK seq=39
TASK2_CONTROL_RECEIVED seq=40 request=40
TASK3_CONTROL_APPLIED request=40 value=647
TASK3_PLANT_STATE before=807 after=808 dist=150
TASK2_STATUS_SENT seq=40
TASK2_ACK seq=40
TASK2_CONTROL_RECEIVED seq=41 request=41
TASK3_CONTROL_APPLIED request=41 value=649
TASK3_PLANT_STATE before=808 after=810 dist=150
TASK2_STATUS_SENT seq=41
TASK2_ACK seq=41
TASK2_CONTROL_RECEIVED seq=42 request=42
TASK3_CONTROL_APPLIED request=42 value=648
TASK3_PLANT_STATE before=810 after=811 dist=150
TASK2_STATUS_SENT seq=42
TASK2_ACK seq=42
TASK2_CONTROL_RECEIVED seq=43 request=43
TASK3_CONTROL_APPLIED request=43 value=649
TASK3_PLANT_STATE before=811 after=812 dist=150
TASK2_STATUS_SENT seq=43
TASK2_ACK seq=43
TASK2_CONTROL_RECEIVED seq=44 request=44
TASK3_CONTROL_APPLIED request=44 value=648
TASK3_PLANT_STATE before=812 after=811 dist=150
TASK2_STATUS_SENT seq=44
TASK2_ACK seq=44
TASK2_CONTROL_RECEIVED seq=45 request=45
TASK3_CONTROL_APPLIED request=45 value=650
TASK3_PLANT_STATE before=811 after=812 dist=150
TASK2_STATUS_SENT seq=45
TASK2_ACK seq=45
TASK2_CONTROL_RECEIVED seq=46 request=46
TASK3_CONTROL_APPLIED request=46 value=649
TASK3_PLANT_STATE before=812 after=811 dist=150
TASK2_STATUS_SENT seq=46
TASK2_ACK seq=46
TASK2_CONTROL_RECEIVED seq=47 request=47
TASK3_CONTROL_APPLIED request=47 value=651
TASK3_PLANT_STATE before=811 after=812 dist=150
TASK2_STATUS_SENT seq=47
TASK2_ACK seq=47
TASK2_CONTROL_RECEIVED seq=48 request=48
TASK3_CONTROL_APPLIED request=48 value=650
TASK3_PLANT_STATE before=812 after=812 dist=150
TASK2_STATUS_SENT seq=48
TASK2_ACK seq=48
TASK2_CONTROL_RECEIVED seq=49 request=49
TASK3_CONTROL_APPLIED request=49 value=651
TASK3_PLANT_STATE before=812 after=812 dist=150
TASK2_STATUS_SENT seq=49
TASK2_ACK seq=49
TASK2_CONTROL_RECEIVED seq=50 request=50
TASK3_CONTROL_APPLIED request=50 value=651
TASK3_PLANT_STATE before=812 after=812 dist=150
TASK2_STATUS_SENT seq=50
TASK2_ACK seq=50
TASK2_CONTROL_RECEIVED seq=51 request=51
TASK3_CONTROL_APPLIED request=51 value=651
TASK3_PLANT_STATE before=812 after=812 dist=150
TASK2_STATUS_SENT seq=51
TASK2_ACK seq=51
TASK2_CONTROL_RECEIVED seq=52 request=52
TASK3_CONTROL_APPLIED request=52 value=652
TASK3_PLANT_STATE before=812 after=812 dist=150
TASK2_STATUS_SENT seq=52
TASK2_

[Axvisor] attached VM[1] console; use Ctrl+X, then h to return to the shell

TASK3_STATUS_RECEIVED elapsed_ms=5718 request=37 value=795 state=795 sample=37 rtt_ms=135
TASK3_INFER elapsed_ms=5718 sample=38 output=649 infer_us=7909
TASK3_CONTROL_SENT elapsed_ms=5718 request=38 value=649 target=800 state=795 seq=38
TASK2_ACK seq=38
TASK3_STATUS_RECEIVED elapsed_ms=5845 request=38 value=804 state=804 sample=38 rtt_ms=127
TASK3_INFER elapsed_ms=5845 sample=39 output=646 infer_us=8113
TASK3_CONTROL_SENT elapsed_ms=5845 request=39 value=646 target=800 state=804 seq=39
TASK2_ACK seq=39
TASK3_STATUS_RECEIVED elapsed_ms=5981 request=39 value=807 state=807 sample=39 rtt_ms=136
TASK3_INFER elapsed_ms=5981 sample=40 output=647 infer_us=9285
TASK3_CONTROL_SENT elapsed_ms=5981 request=40 value=647 target=800 state=807 seq=40
TASK2_ACK seq=40
TASK3_STATUS_RECEIVED elapsed_ms=6116 request=40 value=808 state=808 sample=40 rtt_ms=135
TASK3_INFER elapsed_ms=6116 sample=41 output=649 infer_us=8228
TASK3_CONTROL_SENT elapsed_ms=6116 request=41 value=649 target=800 state=808 seq=41
TASK2_ACK seq=41
TASK3_STATUS_RECEIVED elapsed_ms=6245 request=41 value=810 state=810 sample=41 rtt_ms=129
TASK3_INFER elapsed_ms=6245 sample=42 output=648 infer_us=8444
TASK3_CONTROL_SENT elapsed_ms=6245 request=42 value=648 target=800 state=810 seq=42
TASK2_ACK seq=42
TASK3_STATUS_RECEIVED elapsed_ms=6375 request=42 value=811 state=811 sample=42 rtt_ms=130
TASK3_INFER elapsed_ms=6375 sample=43 output=649 infer_us=8288
TASK3_CONTROL_SENT elapsed_ms=6375 request=43 value=649 target=800 state=811 seq=43
TASK2_ACK seq=43
TASK3_STATUS_RECEIVED elapsed_ms=6516 request=43 value=812 state=812 sample=43 rtt_ms=141
TASK3_INFER elapsed_ms=6516 sample=44 output=648 infer_us=8066
TASK3_CONTROL_SENT elapsed_ms=6516 request=44 value=648 target=800 state=812 seq=44
TASK2_ACK seq=44
TASK3_STATUS_RECEIVED elapsed_ms=6646 request=44 value=811 state=811 sample=44 rtt_ms=130
TASK3_INFER elapsed_ms=6646 sample=45 output=650 infer_us=7860
TASK3_CONTROL_SENT elapsed_ms=6646 request=45 value=650 target=800 state=811 seq=45
TASK2_ACK seq=45
TASK3_STATUS_RECEIVED elapsed_ms=6779 request=45 value=812 state=812 sample=45 rtt_ms=133
TASK3_INFER elapsed_ms=6779 sample=46 output=649 infer_us=7892
TASK3_CONTROL_SENT elapsed_ms=6779 request=46 value=649 target=800 state=812 seq=46
TASK2_ACK seq=46
TASK3_STATUS_RECEIVED elapsed_ms=6917 request=46 value=811 state=811 sample=46 rtt_ms=138
TASK3_INFER elapsed_ms=6917 sample=47 output=651 infer_us=7164
TASK3_CONTROL_SENT elapsed_ms=6917 request=47 value=651 target=800 state=811 seq=47
TASK2_ACK seq=47
TASK3_STATUS_RECEIVED elapsed_ms=7058 request=47 value=812 state=812 sample=47 rtt_ms=141
TASK3_INFER elapsed_ms=7058 sample=48 output=650 infer_us=7996
TASK3_CONTROL_SENT elapsed_ms=7058 request=48 value=650 target=800 state=812 seq=48
TASK2_ACK seq=48
TASK3_STATUS_RECEIVED elapsed_ms=7196 request=48 value=812 state=812 sample=48 rtt_ms=138
TASK3_INFER elapsed_ms=7196 sample=49 output=651 infer_us=7796
TASK3_CONTROL_SENT elapsed_ms=7196 request=49 value=651 target=800 state=812 seq=49
TASK2_ACK seq=49
TASK3_STATUS_RECEIVED elapsed_ms=7329 request=49 value=812 state=812 sample=49 rtt_ms=133
TASK3_INFER elapsed_ms=7329 sample=50 output=651 infer_us=8127
TASK3_CONTROL_SENT elapsed_ms=7329 request=50 value=651 target=800 state=812 seq=50
TASK2_ACK seq=50
TASK3_STATUS_RECEIVED elapsed_ms=7457 request=50 value=812 state=812 sample=50 rtt_ms=128
TASK3_INFER elapsed_ms=7457 sample=51 output=651 infer_us=7307
TASK3_CONTROL_SENT elapsed_ms=7457 request=51 value=651 target=800 state=812 seq=51
TASK2_ACK seq=51
TASK3_STATUS_RECEIVED elapsed_ms=7586 request=51 value=812 state=812 sample=51 rtt_ms=129
TASK3_INFER elapsed_ms=7586 sample=52 output=652 infer_us=7763
TASK3_CONTROL_SENT elapsed_ms=7586 request=52 value=652 target=800 state=812 seq=52
TASK2_ACK seq=52
TASK3_STATUS_RECEIVED elapsed_ms=7717 request=52 value=812 state=812 sample=52 rtt_ms=131
TASK3_INFER elapsed_ms=7717 sample=53 output=652 infer_us=7481
TASK3_CONTROL_SENT elapsed_ms=7717 request=53 value=652 target=800 state=812 seq=53
TASK2_ACK seq=53
TASK3_STATUS_RECEIVED elapsed_ms=7851 request=53 value=812 state=812 sample=53 rtt_ms=134
TASK3_INFER elapsed_ms=7851 sample=54 output=652 infer_us=9056
TASK3_CONTROL_SENT elapsed_ms=7851 request=54 value=652 target=800 state=812 seq=54
TASK2_ACK seq=54
TASK3_STATUS_RECEIVED elapsed_ms=7987 request=54 value=812 state=812 sample=54 rtt_ms=136
TASK3_INFER elapsed_ms=7987 sample=55 output=652 infer_us=8296
TASK3_CONTROL_SENT elapsed_ms=7987 request=55 value=652 target=800 state=812 seq=55
TASK2_ACK seq=55
TASK3_STATUS_RECEIVED elapsed_ms=8123 request=55 value=812 state=812 sample=55 rtt_ms=136
TASK3_INFER elapsed_ms=8123 sample=56 output=653 infer_us=7356
TASK3_CONTROL_SENT elapsed_ms=8123 request=56 value=653 target=800 state=812 seq=56
TASK2_ACK seq=56
TASK3_STATUS_RECEIVED elapsed_ms=8254 request=56 value=813 state=813 sample=56 rtt_ms=131
TASK3_INFER elapsed_ms=8254 sample=57 output=651 infer_us=8011
TASK3_CONTROL_SENT elapsed_ms=8254 request=57 value=651 target=800 state=813 seq=57
TASK2_ACK seq=57
TASK3_STATUS_RECEIVED elapsed_ms=8384 request=57 value=813 state=813 sample=57 rtt_ms=130
TASK3_INFER elapsed_ms=8384 sample=58 output=651 infer_us=7911
TASK3_CONTROL_SENT elapsed_ms=8384 request=58 value=651 target=800 state=813 seq=58
TASK2_ACK seq=58
TASK3_STATUS_RECEIVED elapsed_ms=8515 request=58 value=813 state=813 sample=58 rtt_ms=131
TASK3_INFER elapsed_ms=8515 sample=59 output=651 infer_us=8342
TASK3_CONTROL_SENT elapsed_ms=8515 request=59 value=651 target=800 state=813 seq=59
TASK2_ACK seq=59
TASK3_STATUS_RECEIVED elapsed_ms=8645 request=59 value=813 state=813 sample=59 rtt_ms=130
TASK3_INFER elapsed_ms=8645 sample=60 output=651 infer_us=8614
TASK3_CONTROL_SENT elapsed_ms=8645 request=60 value=651 target=800 state=813 seq=60
TASK2_ACK seq=60
TASK3_STATUS_RECEIVED elapsed_ms=8774 request=60 value=813 state=813 sample=60 rtt_ms=129
TASK3_INFER elapsed_ms=8774 sample=61 output=650 infer_us=7782
TASK3_CONTROL_SENT elapsed_ms=8774 request=61 value=650 target=800 state=813 seq=61
TASK2_ACK seq=61
TASK3_STATUS_RECEIVED elapsed_ms=8905 request=61 value=812 state=812 sample=61 rtt_ms=131
TASK3_INFER elapsed_ms=8905 sample=62 output=649 infer_us=8073
TASK3_CONTROL_SENT elapsed_ms=8905 request=62 value=649 target=800 state=812 seq=62
TASK2_ACK seq=62
TASK3_STATUS_RECEIVED elapsed_ms=9034 request=62 value=811 state=811 sample=62 rtt_ms=129
TASK3_INFER elapsed_ms=9034 sample=63 output=646 infer_us=8192
TASK3_CONTROL_SENT elapsed_ms=9034 request=63 value=646 target=800 state=811 seq=63
TASK2_ACK seq=63
TASK3_STATUS_RECEIVED elapsed_ms=9163 request=63 value=811 state=811 sample=63 rtt_ms=129
TASK3_INFER elapsed_ms=9163 sample=64 output=648 infer_us=8529
TASK3_CONTROL_SENT elapsed_ms=9163 request=64 value=648 target=800 state=811 seq=64
TASK2_ACK seq=64
TASK3_STATUS_RECEIVED elapsed_ms=9293 request=64 value=811 state=811 sample=64 rtt_ms=130
TASK3_INFER elapsed_ms=9293 sample=65 output=649 infer_us=8293
TASK3_CONTROL_SENT elapsed_ms=9293 request=65 value=649 target=800 state=811 seq=65
TASK2_ACK seq=65
TASK3_STATUS_RECEIVED elapsed_ms=9425 request=65 value=812 state=812 sample=65 rtt_ms=132
TASK3_INFER elapsed_ms=9425 sample=66 output=646 infer_us=8418
TASK3_CONTROL_SENT elapsed_ms=9425 request=66 value=646 target=800 state=812 seq=66
TASK2_ACK seq=66
TASK3_STATUS_RECEIVED elapsed_ms=9555 request=66 value=810 state=810 sample=66 rtt_ms=130
TASK3_INFER elapsed_ms=9555 sample=67 output=647 infer_us=8010
TASK3_CONTROL_SENT elapsed_ms=9555 request=67 value=647 target=800 state=810 seq=67
TASK2_ACK seq=67
TASK3_STATUS_RECEIVED elapsed_ms=9685 request=67 value=810 state=810 sample=67 rtt_ms=130
TASK3_INFER elapsed_ms=9685 sample=68 output=646 infer_us=8010
TASK3_CONTROL_SENT elapsed_ms=9685 request=68 value=646 target=800 state=810 seq=68
TASK2_ACK seq=68
TASK3_STATUS_RECEIVED elapsed_ms=9815 request=68 value=810 state=810 sample=68 rtt_ms=130
TASK3_INFER elapsed_ms=9815 sample=69 output=644 infer_us=7924
TASK3_CONTROL_SENT elapsed_ms=9815 request=69 value=644 target=800 state=810 seq=69
TASK2_ACK seq=69
TASK3_STATUS_RECEIVED elapsed_ms=9944 request=69 value=809 state=809 sample=69 rtt_ms=129
TASK3_INFER elapsed_ms=9944 sample=70 output=645 infer_us=9239
TASK3_CONTROL_SENT elapsed_ms=9944 request=70 value=645 target=800 state=809 seq=70
TASK2_ACK seq=70
TASK3_STATUS_RECEIVED elapsed_ms=10075 request=70 value=809 state=809 sample=70 rtt_ms=131
TASK3_INFER elapsed_ms=10075 sample=71 output=644 infer_us=7639
TASK3_CONTROL_SENT elapsed_ms=10075 request=71 value=644 target=800 state=809 seq=71
TASK2_ACK seq=71
TASK3_STATUS_RECEIVED elapsed_ms=10205 request=71 value=809 state=809 sample=71 rtt_ms=130
TASK3_INFER elapsed_ms=10205 sample=72 output=646 infer_us=13095
TASK3_CONTROL_SENT elapsed_ms=10205 request=72 value=646 target=800 state=809 seq=72
TASK2_ACK seq=72
TASK3_STATUS_RECEIVED elapsed_ms=10505 request=72 value=809 state=809 sample=72 rtt_ms=300
TASK3_INFER elapsed_ms=10505 sample=73 output=647 infer_us=9913
TASK3_CONTROL_SENT elapsed_ms=10505 request=73 value=647 target=800 state=809 seq=73
TASK2_HEARTBEAT_RECEIVED peer_uptime_ms=16410
TASK2_ACK seq=73
TASK3_STATUS_RECEIVED elapsed_ms=10657 request=73 value=810 state=810 sample=73 rtt_ms=152
TASK3_INFER elapsed_ms=10657 sample=74 output=657 infer_us=8020
TASK3_CONTROL_SENT elapsed_ms=10657 request=74 value=657 target=800 state=810 seq=74
TASK2_ACK seq=74
TASK3_STATUS_RECEIVED elapsed_ms=10765 request=74 value=814 state=814 sample=74 rtt_ms=108
TASK3_INFER elapsed_ms=10765 sample=75 output=651 infer_us=8229
TASK3_CONTROL_SENT elapsed_ms=10765 request=75 value=651 target=800 state=814 seq=75
TASK2_ACK seq=75
TASK3_STATUS_RECEIVED elapsed_ms=10897 request=75 value=813 state=813 sample=75 rtt_ms=132
TASK3_INFER elapsed_ms=10897 sample=76 output=659 infer_us=8122
TASK3_CONTROL_SENT elapsed_ms=10897 request=76 value=659 target=800 state=813 seq=76
TASK2_HEARTBEAT_RECEIVED peer_uptime_ms=16880
TASK2_ACK seq=76
TASK3_STATUS_RECEIVED elapsed_ms=11220 request=76 value=816 state=816 sample=76 rtt_ms=323
TASK3_INFER elapsed_ms=11220 sample=77 output=657 infer_us=8285
TASK3_CONTROL_SENT elapsed_ms=11220 request=77 value=657 target=800 state=816 seq=77
TASK2_ACK seq=77
TASK3_STATUS_RECEIVED elapsed_ms=11350 request=77 value=667 state=667 sample=77 rtt_ms=130
TASK3_INFER elapsed_ms=11350 sample=78 output=871 infer_us=7487
TASK3_CONTROL_SENT elapsed_ms=11350 request=78 value=871 target=800 state=667 seq=78
TASK2_ACK seq=78
TASK3_STATUS_RECEIVED elapsed_ms=11484 request=78 value=670 state=670 sample=78 rtt_ms=134
TASK3_INFER elapsed_ms=11484 sample=79 output=1000 infer_us=13127
TASK3_CONTROL_SENT elapsed_ms=11484 request=79 value=1000 target=800 state=670 seq=79
TASK2_HEARTBEAT_RECEIVED peer_uptime_ms=17470
TASK2_ACK seq=79
TASK3_STATUS_RECEIVED elapsed_ms=11807 request=79 value=717 state=717 sample=79 rtt_ms=323
TASK3_INFER elapsed_ms=11807 sample=80 output=1000 infer_us=8355
TASK3_CONTROL_SENT elapsed_ms=11807 request=80 value=1000 target=800 state=717 seq=80
TASK2_ACK seq=80
TASK3_STATUS_RECEIVED elapsed_ms=11935 request=80 value=740 state=740 sample=80 rtt_ms=128
TASK3_INFER elapsed_ms=11935 sample=81 output=1000 infer_us=7761
TASK3_CONTROL_SENT elapsed_ms=11935 request=81 value=1000 target=800 state=740 seq=81
TASK2_ACK seq=81
TASK3_STATUS_RECEIVED elapsed_ms=12235 request=81 value=751 state=751 sample=81 rtt_ms=300
TASK3_INFER elapsed_ms=12235 sample=82 output=1000 infer_us=9107
TASK3_CONTROL_SENT elapsed_ms=12235 request=82 value=1000 target=800 state=751 seq=82
TASK2_HEARTBEAT_RECEIVED peer_uptime_ms=18040
TASK2_ACK seq=82
TASK3_STATUS_RECEIVED elapsed_ms=12373 request=82 value=756 state=756 sample=82 rtt_ms=138
TASK3_INFER elapsed_ms=12373 sample=83 output=1000 infer_us=7625
TASK3_CONTROL_SENT elapsed_ms=12373 request=83 value=1000 target=800 state=756 seq=83
TASK2_ACK seq=83
TASK3_STATUS_RECEIVED elapsed_ms=12503 request=83 value=758 state=758 sample=83 rtt_ms=130
TASK3_INFER elapsed_ms=12503 sample=84 output=1000 infer_us=7548
TASK3_CONTROL_SENT elapsed_ms=12503 request=84 value=1000 target=800 state=758 seq=84
TASK2_ACK seq=84
TASK3_STATUS_RECEIVED elapsed_ms=12804 request=84 value=759 state=759 sample=84 rtt_ms=301
TASK3_INFER elapsed_ms=12804 sample=85 output=999 infer_us=8099
TASK3_CONTROL_SENT elapsed_ms=12804 request=85 value=999 target=800 state=759 seq=85
TASK2_HEARTBEAT_RECEIVED peer_uptime_ms=18610
TASK2_ACK seq=85
TASK3_STATUS_RECEIVED elapsed_ms=12943 request=85 value=759 state=759 sample=85 rtt_ms=139
TASK3_INFER elapsed_ms=12943 sample=86 output=998 infer_us=7987
TASK3_CONTROL_SENT elapsed_ms=12943 request=86 value=998 target=800 state=759 seq=86
TASK2_ACK seq=86
TASK3_STATUS_RECEIVED elapsed_ms=13072 request=86 value=758 state=758 sample=86 rtt_ms=129
TASK3_INFER elapsed_ms=13072 sample=87 output=997 infer_us=9093
TASK3_CONTROL_SENT elapsed_ms=13072 request=87 value=997 target=800 state=758 seq=87
TASK2_ACK seq=87
TASK3_STATUS_RECEIVED elapsed_ms=13203 request=87 value=758 state=758 sample=87 rtt_ms=131
TASK3_INFER elapsed_ms=13203 sample=88 output=997 infer_us=7352
TASK3_CONTROL_SENT elapsed_ms=13203 request=88 value=997 target=800 state=758 seq=88
TASK2_HEARTBEAT_RECEIVED peer_uptime_ms=19210
TASK2_ACK seq=88
TASK3_STATUS_RECEIVED elapsed_ms=13549 request=88 value=758 state=758 sample=88 rtt_ms=346
TASK3_INFER elapsed_ms=13549 sample=89 output=997 infer_us=8501
TASK3_CONTROL_SENT elapsed_ms=13549 request=89 value=997 target=800 state=758 seq=89
TASK2_ACK seq=89
TASK3_STATUS_RECEIVED elapsed_ms=13675 request=89 value=758 state=758 sample=89 rtt_ms=126
TASK3_INFER elapsed_ms=13675 sample=90 output=997 infer_us=7435
TASK3_CONTROL_SENT elapsed_ms=13675 request=90 value=997 target=800 state=758 seq=90
TASK2_ACK seq=90
TASK3_STATUS_RECEIVED elapsed_ms=13804 request=90 value=758 state=758 sample=90 rtt_ms=129
TASK3_INFER elapsed_ms=13804 sample=91 output=997 infer_us=8952
TASK3_CONTROL_SENT elapsed_ms=13804 request=91 value=997 target=800 state=758 seq=91
TASK2_HEARTBEAT_RECEIVED peer_uptime_ms=19790
TASK2_ACK seq=91
TASK3_STATUS_RECEIVED elapsed_ms=14125 request=91 value=758 state=758 sample=91 rtt_ms=321
TASK3_INFER elapsed_ms=14125 sample=92 output=997 infer_us=7512
TASK3_CONTROL_SENT elapsed_ms=14125 request=92 value=997 target=800 state=758 seq=92
TASK2_ACK seq=92
TASK3_STATUS_RECEIVED elapsed_ms=14252 request=92 value=758 state=758 sample=92 rtt_ms=127
TASK3_INFER elapsed_ms=14252 sample=93 output=997 infer_us=9400
TASK3_CONTROL_SENT elapsed_ms=14252 request=93 value=997 target=800 state=758 seq=93
TASK2_ACK seq=93
TASK3_STATUS_RECEIVED elapsed_ms=14384 request=93 value=758 state=758 sample=93 rtt_ms=132
TASK3_INFER elapsed_ms=14384 sample=94 output=996 infer_us=12581
TASK3_CONTROL_SENT elapsed_ms=14384 request=94 value=996 target=800 state=758 seq=94
TASK2_HEARTBEAT_RECEIVED peer_uptime_ms=20370
TASK2_ACK seq=94
TASK3_STATUS_RECEIVED elapsed_ms=14705 request=94 value=758 state=758 sample=94 rtt_ms=321
TASK3_INFER elapsed_ms=14705 sample=95 output=995 infer_us=7770
TASK3_CONTROL_SENT elapsed_ms=14705 request=95 value=995 target=800 state=758 seq=95
TASK2_ACK seq=95
TASK3_STATUS_RECEIVED elapsed_ms=14832 request=95 value=757 state=757 sample=95 rtt_ms=127
TASK3_INFER elapsed_ms=14832 sample=96 output=996 infer_us=7225
TASK3_CONTROL_SENT elapsed_ms=14832 request=96 value=996 target=800 state=757 seq=96
TASK2_ACK seq=96
TASK3_STATUS_RECEIVED elapsed_ms=14962 request=96 value=757 state=757 sample=96 rtt_ms=130
TASK3_INFER elapsed_ms=14962 sample=97 output=998 infer_us=12349
TASK3_CONTROL_SENT elapsed_ms=14962 request=97 value=998 target=800 state=757 seq=97
TASK2_HEARTBEAT_RECEIVED peer_uptime_ms=20950
TASK2_ACK seq=97
TASK3_STATUS_RECEIVED elapsed_ms=15292 request=97 value=758 state=758 sample=97 rtt_ms=330
TASK3_INFER elapsed_ms=15292 sample=98 output=638 infer_us=8035
TASK3_CONTROL_SENT elapsed_ms=15292 request=98 value=638 target=500 state=758 seq=98
TASK2_ACK seq=98
TASK3_STATUS_RECEIVED elapsed_ms=15424 request=98 value=633 state=633 sample=98 rtt_ms=132
TASK3_INFER elapsed_ms=15424 sample=99 output=794 infer_us=8480
TASK3_CONTROL_SENT elapsed_ms=15424 request=99 value=794 target=500 state=633 seq=99
TASK2_ACK seq=99
TASK3_STATUS_RECEIVED elapsed_ms=15553 request=99 value=626 state=626 sample=99 rtt_ms=129
TASK3_INFER elapsed_ms=15553 sample=100 output=642 infer_us=6906
TASK3_CONTROL_SENT elapsed_ms=15553 request=100 value=642 target=500 state=626 seq=100
TASK2_HEARTBEAT_RECEIVED peer_uptime_ms=21540
TASK2_ACK seq=100
TASK3_STATUS_RECEIVED elapsed_ms=15887 request=100 value=569 state=569 sample=100 rtt_ms=334
TASK3_INFER elapsed_ms=15887 sample=101 output=706 infer_us=8176
TASK3_CONTROL_SENT elapsed_ms=15887 request=101 value=706 target=500 state=569 seq=101
TASK2_ACK seq=101
TASK3_STATUS_RECEIVED elapsed_ms=16017 request=101 value=563 state=563 sample=101 rtt_ms=130
TASK3_INFER elapsed_ms=16017 sample=102 output=650 infer_us=7716
TASK3_CONTROL_SENT elapsed_ms=16017 request=102 value=650 target=500 state=563 seq=102
TASK2_ACK seq=102
TASK3_STATUS_RECEIVED elapsed_ms=16322 request=102 value=540 state=540 sample=102 rtt_ms=305
TASK3_INFER elapsed_ms=16322 sample=103 output=663 infer_us=7802
TASK3_CONTROL_SENT elapsed_ms=16322 request=103 value=663 target=500 state=540 seq=103
TASK2_HEARTBEAT_RECEIVED peer_uptime_ms=22120
TASK2_ACK seq=103
TASK3_STATUS_RECEIVED elapsed_ms=16453 request=103 value=534 state=534 sample=103 rtt_ms=131
TASK3_INFER elapsed_ms=16453 sample=104 output=646 infer_us=7963
TASK3_CONTROL_SENT elapsed_ms=16453 request=104 value=646 target=500 state=534 seq=104
TASK2_ACK seq=104
TASK3_STATUS_RECEIVED elapsed_ms=16588 request=104 value=524 state=524 sample=104 rtt_ms=135
TASK3_INFER elapsed_ms=16588 sample=105 output=643 infer_us=7187
TASK3_CONTROL_SENT elapsed_ms=16588 request=105 value=643 target=500 state=524 seq=105
TASK2_ACK seq=105
TASK3_STATUS_RECEIVED elapsed_ms=16875 request=105 value=518 state=518 sample=105 rtt_ms=287
TASK3_INFER elapsed_ms=16875 sample=106 output=640 infer_us=7115
TASK3_CONTROL_SENT elapsed_ms=16875 request=106 value=640 target=500 state=518 seq=106
TASK2_HEARTBEAT_RECEIVED peer_uptime_ms=22780
TASK2_ACK seq=106
TASK3_STATUS_RECEIVED elapsed_ms=17024 request=106 value=513 state=513 sample=106 rtt_ms=149
TASK3_INFER elapsed_ms=17024 sample=107 output=638 infer_us=9366
TASK3_CONTROL_SENT elapsed_ms=17024 request=107 value=638 target=500 state=513 seq=107
TASK2_ACK seq=107
TASK3_STATUS_RECEIVED elapsed_ms=17135 request=107 value=510 state=510 sample=107 rtt_ms=111
TASK3_INFER elapsed_ms=17135 sample=108 output=637 infer_us=7074
TASK3_CONTROL_SENT elapsed_ms=17135 request=108 value=637 target=500 state=510 seq=108
TASK2_ACK seq=108
TASK3_STATUS_RECEIVED elapsed_ms=17437 request=108 value=508 state=508 sample=108 rtt_ms=302
TASK3_INFER elapsed_ms=17437 sample=109 output=636 infer_us=9175
TASK3_CONTROL_SENT elapsed_ms=17437 request=109 value=636 target=500 state=508 seq=109
TASK2_HEARTBEAT_RECEIVED peer_uptime_ms=23350
TASK2_ACK seq=109
TASK3_STATUS_RECEIVED elapsed_ms=17599 request=109 value=507 state=507 sample=109 rtt_ms=162
TASK3_INFER elapsed_ms=17599 sample=110 output=636 infer_us=9084
TASK3_CONTROL_SENT elapsed_ms=17599 request=110 value=636 target=500 state=507 seq=110
TASK2_ACK seq=110
TASK3_STATUS_RECEIVED elapsed_ms=17721 request=110 value=507 state=507 sample=110 rtt_ms=122
TASK3_INFER elapsed_ms=17721 sample=111 output=635 infer_us=8073
TASK3_CONTROL_SENT elapsed_ms=17721 request=111 value=635 target=500 state=507 seq=111
TASK2_ACK seq=111
TASK3_STATUS_RECEIVED elapsed_ms=18022 request=111 value=506 state=506 sample=111 rtt_ms=301
TASK3_INFER elapsed_ms=18022 sample=112 output=635 infer_us=10233
TASK3_CONTROL_SENT elapsed_ms=18022 request=112 value=635 target=500 state=506 seq=112
TASK2_HEARTBEAT_RECEIVED peer_uptime_ms=23930
TASK2_ACK seq=112
TASK3_STATUS_RECEIVED elapsed_ms=18173 request=112 value=506 state=506 sample=112 rtt_ms=151
TASK3_INFER elapsed_ms=18173 sample=113 output=635 infer_us=7885
TASK3_CONTROL_SENT elapsed_ms=18173 request=113 value=635 target=500 state=506 seq=113
TASK2_ACK seq=113
TASK3_STATUS_RECEIVED elapsed_ms=18283 request=113 value=506 state=506 sample=113 rtt_ms=110
TASK3_INFER elapsed_ms=18283 sample=114 output=634 infer_us=10487
TASK3_CONTROL_SENT elapsed_ms=18283 request=114 value=634 target=500 state=506 seq=114
TASK2_ACK seq=114
TASK3_STATUS_RECEIVED elapsed_ms=18583 request=114 value=505 state=505 sample=114 rtt_ms=300
TASK3_INFER elapsed_ms=18583 sample=115 output=635 infer_us=7730
TASK3_CONTROL_SENT elapsed_ms=18583 request=115 value=635 target=500 state=505 seq=115
TASK2_HEARTBEAT_RECEIVED peer_uptime_ms=24500
TASK2_ACK seq=115
TASK3_STATUS_RECEIVED elapsed_ms=18746 request=115 value=505 state=505 sample=115 rtt_ms=163
TASK3_INFER elapsed_ms=18746 sample=116 output=635 infer_us=8241
TASK3_CONTROL_SENT elapsed_ms=18746 request=116 value=635 target=500 state=505 seq=116
TASK2_ACK seq=116
TASK3_STATUS_RECEIVED elapsed_ms=18853 request=116 value=505 state=505 sample=116 rtt_ms=107
TASK3_INFER elapsed_ms=18853 sample=117 output=635 infer_us=7775
TASK3_CONTROL_SENT elapsed_ms=18853 request=117 value=635 target=500 state=505 seq=117
TASK2_ACK seq=117
TASK3_STATUS_RECEIVED elapsed_ms=19166 request=117 value=505 state=505 sample=117 rtt_ms=313
TASK3_INFER elapsed_ms=19166 sample=118 output=635 infer_us=7955
TASK3_CONTROL_SENT elapsed_ms=19166 request=118 value=635 target=500 state=505 seq=118
TASK2_HEARTBEAT_RECEIVED peer_uptime_ms=25080
TASK2_ACK seq=118
TASK3_STATUS_RECEIVED elapsed_ms=19327 request=118 value=505 state=505 sample=118 rtt_ms=161
TASK3_INFER elapsed_ms=19327 sample=119 output=635 infer_us=8225
TASK3_CONTROL_SENT elapsed_ms=19327 request=119 value=635 target=500 state=505 seq=119
TASK2_ACK seq=119
TASK3_STATUS_RECEIVED elapsed_ms=19433 request=119 value=505 state=505 sample=119 rtt_ms=106
TASK3_INFER elapsed_ms=19433 sample=120 output=635 infer_us=7263
TASK3_CONTROL_SENT elapsed_ms=19433 request=120 value=635 target=500 state=505 seq=120
TASK2_ACK seq=120
TASK3_STATUS_RECEIVED elapsed_ms=19736 request=120 value=505 state=505 sample=120 rtt_ms=303
TASK3_INFER elapsed_ms=19736 sample=121 output=635 infer_us=8753
TASK3_CONTROL_SENT elapsed_ms=19736 request=121 value=635 target=500 state=505 seq=121
TASK2_HEARTBEAT_RECEIVED peer_uptime_ms=25540
TASK2_ACK seq=121
TASK3_STATUS_RECEIVED elapsed_ms=19874 request=121 value=505 state=505 sample=121 rtt_ms=138
TASK3_INFER elapsed_ms=19874 sample=122 output=635 infer_us=8388
TASK3_CONTROL_SENT elapsed_ms=19874 request=122 value=635 target=500 state=505 seq=122
TASK2_ACK seq=122
TASK3_STATUS_RECEIVED elapsed_ms=20004 request=122 value=505 state=505 sample=122 rtt_ms=130
TASK3_INFER elapsed_ms=20004 sample=123 output=635 infer_us=7165
TASK3_CONTROL_SENT elapsed_ms=20004 request=123 value=635 target=500 state=505 seq=123
TASK2_ACK seq=123
TASK3_STATUS_RECEIVED elapsed_ms=20305 request=123 value=505 state=505 sample=123 rtt_ms=301
TASK3_INFER elapsed_ms=20305 sample=124 output=635 infer_us=9509
TASK3_CONTROL_SENT elapsed_ms=20305 request=124 value=635 target=500 state=505 seq=124
TASK2_HEARTBEAT_RECEIVED peer_uptime_ms=26210
TASK2_ACK seq=124
TASK3_STATUS_RECEIVED elapsed_ms=20451 request=124 value=505 state=505 sample=124 rtt_ms=146
TASK3_INFER elapsed_ms=20451 sample=125 output=635 infer_us=8454
TASK3_CONTROL_SENT elapsed_ms=20451 request=125 value=635 target=500 state=505 seq=125
TASK2_ACK seq=125
TASK3_STATUS_RECEIVED elapsed_ms=20566 request=125 value=505 state=505 sample=125 rtt_ms=115
TASK3_INFER elapsed_ms=20566 sample=126 output=635 infer_us=9787
TASK3_CONTROL_SENT elapsed_ms=20566 request=126 value=635 target=500 state=505 seq=126
TASK2_ACK seq=126
TASK3_STATUS_RECEIVED elapsed_ms=20871 request=126 value=505 state=505 sample=126 rtt_ms=305
TASK3_INFER elapsed_ms=20871 sample=127 output=635 infer_us=8237
TASK3_CONTROL_SENT elapsed_ms=20871 request=127 value=635 target=500 state=505 seq=127
TASK2_HEARTBEAT_RECEIVED peer_uptime_ms=26670
TASK2_ACK seq=127
TASK3_STATUS_RECEIVED elapsed_ms=21006 request=127 value=505 state=505 sample=127 rtt_ms=135
TASK3_INFER elapsed_ms=21006 sample=128 output=635 infer_us=7965
TASK3_CONTROL_SENT elapsed_ms=21006 request=128 value=635 target=500 state=505 seq=128
TASK2_ACK seq=128
TASK3_STATUS_RECEIVED elapsed_ms=21132 request=128 value=505 state=505 sample=128 rtt_ms=126
TASK3_INFER elapsed_ms=21132 sample=129 output=635 infer_us=7542
TASK3_CONTROL_SENT elapsed_ms=21132 request=129 value=635 target=500 state=505 seq=129
TASK2_ACK seq=129
TASK3_STATUS_RECEIVED elapsed_ms=21437 request=129 value=505 state=505 sample=129 rtt_ms=305
TASK3_INFER elapsed_ms=21437 sample=130 output=635 infer_us=8206
TASK3_CONTROL_SENT elapsed_ms=21437 request=130 value=635 target=500 state=505 seq=130
TASK2_HEARTBEAT_RECEIVED peer_uptime_ms=27240
TASK2_ACK seq=130
TASK3_STATUS_RECEIVED elapsed_ms=21578 request=130 value=505 state=505 sample=130 rtt_ms=141
TASK3_INFER elapsed_ms=21578 sample=131 output=635 infer_us=8248
TASK3_CONTROL_SENT elapsed_ms=21578 request=131 value=635 target=500 state=505 seq=131
TASK2_ACK seq=131
TASK3_STATUS_RECEIVED elapsed_ms=21704 request=131 value=505 state=505 sample=131 rtt_ms=126
TASK3_INFER elapsed_ms=21704 sample=132 output=635 infer_us=7736
TASK3_CONTROL_SENT elapsed_ms=21704 request=132 value=635 target=500 state=505 seq=132
TASK2_ACK seq=132
TASK3_STATUS_RECEIVED elapsed_ms=22012 request=132 value=505 state=505 sample=132 rtt_ms=308
TASK3_INFER elapsed_ms=22012 sample=133 output=635 infer_us=8260
TASK3_CONTROL_SENT elapsed_ms=22012 request=133 value=635 target=500 state=505 seq=133
TASK2_HEARTBEAT_RECEIVED peer_uptime_ms=27810
TASK2_ACK seq=133
TASK3_STATUS_RECEIVED elapsed_ms=22144 request=133 value=505 state=505 sample=133 rtt_ms=132
TASK3_INFER elapsed_ms=22144 sample=134 output=635 infer_us=7701
TASK3_CONTROL_SENT elapsed_ms=22144 request=134 value=635 target=500 state=505 seq=134
TASK2_ACK seq=134
TASK3_STATUS_RECEIVED elapsed_ms=22273 request=134 value=505 state=505 sample=134 rtt_ms=129
TASK3_INFER elapsed_ms=22273 sample=135 output=635 infer_us=8391
TASK3_CONTROL_SENT elapsed_ms=22273 request=135 value=635 target=500 state=505 seq=135
TASK2_ACK seq=135
TASK3_STATUS_RECEIVED elapsed_ms=22573 request=135 value=505 state=505 sample=135 rtt_ms=300
TASK3_INFER elapsed_ms=22573 sample=136 output=634 infer_us=8191
TASK3_CONTROL_SENT elapsed_ms=22573 request=136 value=634 target=500 state=505 seq=136
TASK2_HEARTBEAT_RECEIVED peer_uptime_ms=28480
TASK2_ACK seq=136
TASK3_STATUS_RECEIVED elapsed_ms=22721 request=136 value=505 state=505 sample=136 rtt_ms=148
TASK3_INFER elapsed_ms=22721 sample=137 output=633 infer_us=7837
TASK3_CONTROL_SENT elapsed_ms=22721 request=137 value=633 target=500 state=505 seq=137
TASK2_ACK seq=137
TASK3_STATUS_RECEIVED elapsed_ms=22834 request=137 value=504 state=504 sample=137 rtt_ms=113
TASK3_INFER elapsed_ms=22834 sample=138 output=631 infer_us=7092
TASK3_CONTROL_SENT elapsed_ms=22834 request=138 value=631 target=500 state=504 seq=138
TASK2_ACK seq=138
TASK3_STATUS_RECEIVED elapsed_ms=23157 request=138 value=503 state=503 sample=138 rtt_ms=323
TASK3_INFER elapsed_ms=23157 sample=139 output=632 infer_us=8420
TASK3_CONTROL_SENT elapsed_ms=23157 request=139 value=632 target=500 state=503 seq=139
TASK2_HEARTBEAT_RECEIVED peer_uptime_ms=29070
TASK2_ACK seq=139
TASK3_STATUS_RECEIVED elapsed_ms=23313 request=139 value=503 state=503 sample=139 rtt_ms=156
TASK3_INFER elapsed_ms=23313 sample=140 output=633 infer_us=7958
TASK3_CONTROL_SENT elapsed_ms=23313 request=140 value=633 target=500 state=503 seq=140
TASK2_ACK seq=140
TASK3_STATUS_RECEIVED elapsed_ms=23424 request=140 value=503 state=503 sample=140 rtt_ms=111
TASK3_INFER elapsed_ms=23424 sample=141 output=633 infer_us=6596
TASK3_CONTROL_SENT elapsed_ms=23424 request=141 value=633 target=500 state=503 seq=141
TASK2_ACK seq=141
TASK3_STATUS_RECEIVED elapsed_ms=23705 request=141 value=503 state=503 sample=141 rtt_ms=281
TASK3_INFER elapsed_ms=23705 sample=142 output=633 infer_us=7574
TASK3_CONTROL_SENT elapsed_ms=23705 request=142 value=633 target=500 state=503 seq=142
TASK2_HEARTBEAT_RECEIVED peer_uptime_ms=29610
TASK2_ACK seq=142
TASK3_STATUS_RECEIVED elapsed_ms=23854 request=142 value=503 state=503 sample=142 rtt_ms=149
TASK3_INFER elapsed_ms=23854 sample=143 output=633 infer_us=7840
TASK3_CONTROL_SENT elapsed_ms=23854 request=143 value=633 target=500 state=503 seq=143
TASK2_ACK seq=143
TASK3_STATUS_RECEIVED elapsed_ms=23967 request=143 value=503 state=503 sample=143 rtt_ms=113
TASK3_INFER elapsed_ms=23967 sample=144 output=633 infer_us=7882
TASK3_CONTROL_SENT elapsed_ms=23967 request=144 value=633 target=500 state=503 seq=144
TASK2_ACK seq=144
TASK3_STATUS_RECEIVED elapsed_ms=24272 request=144 value=503 state=503 sample=144 rtt_ms=305
TASK3_INFER elapsed_ms=24272 sample=145 output=633 infer_us=8302
TASK3_CONTROL_SENT elapsed_ms=24272 request=145 value=633 target=500 state=503 seq=145
TASK2_HEARTBEAT_RECEIVED peer_uptime_ms=30070
TASK2_ACK seq=145
TASK3_STATUS_RECEIVED elapsed_ms=24404 request=145 value=503 state=503 sample=145 rtt_ms=132
TASK3_INFER elapsed_ms=24404 sample=146 output=633 infer_us=10020
TASK3_CONTROL_SENT elapsed_ms=24404 request=146 value=633 target=500 state=503 seq=146
TASK2_ACK seq=146
TASK3_STATUS_RECEIVED elapsed_ms=24532 request=146 value=503 state=503 sample=146 rtt_ms=128
TASK3_INFER elapsed_ms=24532 sample=147 output=633 infer_us=7044
TASK3_CONTROL_SENT elapsed_ms=24532 request=147 value=633 target=500 state=503 seq=147
TASK2_ACK seq=147
TASK3_STATUS_RECEIVED elapsed_ms=24836 request=147 value=503 state=503 sample=147 rtt_ms=304
TASK3_INFER elapsed_ms=24836 sample=148 output=633 infer_us=7881
TASK3_CONTROL_SENT elapsed_ms=24836 request=148 value=633 target=500 state=503 seq=148
TASK2_HEARTBEAT_RECEIVED peer_uptime_ms=30640
TASK2_ACK seq=148
TASK3_STATUS_RECEIVED elapsed_ms=24975 request=148 value=503 state=503 sample=148 rtt_ms=139
TASK3_INFER elapsed_ms=24975 sample=149 output=633 infer_us=8190
TASK3_CONTROL_SENT elapsed_ms=24975 request=149 value=633 target=500 state=503 seq=149
TASK2_ACK seq=149
TASK3_STATUS_RECEIVED elapsed_ms=25103 request=149 value=503 state=503 sample=149 rtt_ms=128
TASK3_INFER elapsed_ms=25103 sample=150 output=633 infer_us=7909
TASK3_CONTROL_SENT elapsed_ms=25103 request=150 value=633 target=500 state=503 seq=150
TASK2_ACK seq=150
TASK3_STATUS_RECEIVED elapsed_ms=25403 request=150 value=503 state=503 sample=150 rtt_ms=300
TASK3_INFER elapsed_ms=25403 sample=151 output=633 infer_us=8021
TASK3_CONTROL_SENT elapsed_ms=25403 request=151 value=633 target=500 state=503 seq=151
TASK2_HEARTBEAT_RECEIVED peer_uptime_ms=31310
TASK2_ACK seq=151
TASK3_STATUS_RECEIVED elapsed_ms=25554 request=151 value=503 state=503 sample=151 rtt_ms=151
TASK3_INFER elapsed_ms=25554 sample=152 output=633 infer_us=7687
TASK3_CONTROL_SENT elapsed_ms=25554 request=152 value=633 target=500 state=503 seq=152
TASK2_ACK seq=152
TASK3_STATUS_RECEIVED elapsed_ms=25664 request=152 value=503 state=503 sample=152 rtt_ms=110
TASK3_INFER elapsed_ms=25664 sample=153 output=633 infer_us=7496
TASK3_CONTROL_SENT elapsed_ms=25664 request=153 value=633 target=500 state=503 seq=153
TASK2_ACK seq=153
TASK3_STATUS_RECEIVED elapsed_ms=25953 request=153 value=503 state=503 sample=153 rtt_ms=289
TASK3_INFER elapsed_ms=25953 sample=154 output=633 infer_us=7757
TASK3_CONTROL_SENT elapsed_ms=25953 request=154 value=633 target=500 state=503 seq=154
TASK2_HEARTBEAT_RECEIVED peer_uptime_ms=31870
TASK2_ACK seq=154
TASK3_STATUS_RECEIVED elapsed_ms=26113 request=154 value=503 state=503 sample=154 rtt_ms=160
TASK3_INFER elapsed_ms=26113 sample=155 output=633 infer_us=8425
TASK3_CONTROL_SENT elapsed_ms=26113 request=155 value=633 target=500 state=503 seq=155
TASK2_ACK seq=155
TASK3_STATUS_RECEIVED elapsed_ms=26225 request=155 value=503 state=503 sample=155 rtt_ms=112
TASK3_INFER elapsed_ms=26225 sample=156 output=632 infer_us=6634
TASK3_CONTROL_SENT elapsed_ms=26225 request=156 value=632 target=500 state=503 seq=156
TASK2_ACK seq=156
TASK3_STATUS_RECEIVED elapsed_ms=26529 request=156 value=503 state=503 sample=156 rtt_ms=304
TASK3_INFER elapsed_ms=26529 sample=157 output=628 infer_us=7659
TASK3_CONTROL_SENT elapsed_ms=26529 request=157 value=628 target=500 state=503 seq=157
TASK2_HEARTBEAT_RECEIVED peer_uptime_ms=32440
TASK2_ACK seq=157
TASK3_STATUS_RECEIVED elapsed_ms=26686 request=157 value=501 state=501 sample=157 rtt_ms=157
TASK3_INFER elapsed_ms=26686 sample=158 output=627 infer_us=7925
TASK3_CONTROL_SENT elapsed_ms=26686 request=158 value=627 target=500 state=501 seq=158
TASK2_ACK seq=158
TASK3_STATUS_RECEIVED elapsed_ms=26794 request=158 value=500 state=500 sample=158 rtt_ms=108
TASK3_INFER elapsed_ms=26794 sample=159 output=623 infer_us=7370
TASK3_CONTROL_SENT elapsed_ms=26794 request=159 value=623 target=500 state=500 seq=159
TASK2_ACK seq=159
TASK3_STATUS_RECEIVED elapsed_ms=27089 request=159 value=498 state=498 sample=159 rtt_ms=295
TASK3_INFER elapsed_ms=27089 sample=160 output=627 infer_us=7794
TASK3_CONTROL_SENT elapsed_ms=27089 request=160 value=627 target=500 state=498 seq=160
TASK2_HEARTBEAT_RECEIVED peer_uptime_ms=33000
TASK2_ACK seq=160
TASK3_STATUS_RECEIVED elapsed_ms=27243 request=160 value=499 state=499 sample=160 rtt_ms=154
TASK3_INFER elapsed_ms=27243 sample=161 output=625 infer_us=7401
TASK3_CONTROL_SENT elapsed_ms=27243 request=161 value=625 target=500 state=499 seq=161
TASK2_ACK seq=161
TASK3_STATUS_RECEIVED elapsed_ms=27355 request=161 value=499 state=499 sample=161 rtt_ms=112
TASK3_INFER elapsed_ms=27355 sample=162 output=624 infer_us=6903
TASK3_CONTROL_SENT elapsed_ms=27355 request=162 value=624 target=500 state=499 seq=162
TASK2_ACK seq=162
TASK3_STATUS_RECEIVED elapsed_ms=27649 request=162 value=498 state=498 sample=162 rtt_ms=294
TASK3_INFER elapsed_ms=27649 sample=163 output=625 infer_us=7831
TASK3_CONTROL_SENT elapsed_ms=27649 request=163 value=625 target=500 state=498 seq=163
TASK2_HEARTBEAT_RECEIVED peer_uptime_ms=33560
TASK2_ACK seq=163
TASK3_STATUS_RECEIVED elapsed_ms=27801 request=163 value=498 state=498 sample=163 rtt_ms=152
TASK3_INFER elapsed_ms=27801 sample=164 output=625 infer_us=7353
TASK3_CONTROL_SENT elapsed_ms=27801 request=164 value=625 target=500 state=498 seq=164
TASK2_ACK seq=164
TASK3_STATUS_RECEIVED elapsed_ms=27914 request=164 value=498 state=498 sample=164 rtt_ms=113
TASK3_INFER elapsed_ms=27914 sample=165 output=625 infer_us=8020
TASK3_CONTROL_SENT elapsed_ms=27914 request=165 value=625 target=500 state=498 seq=165
TASK2_ACK seq=165
TASK3_STATUS_RECEIVED elapsed_ms=28220 request=165 value=498 state=498 sample=165 rtt_ms=306
TASK3_INFER elapsed_ms=28220 sample=166 output=625 infer_us=12450
TASK3_CONTROL_SENT elapsed_ms=28220 request=166 value=625 target=500 state=498 seq=166
TASK2_HEARTBEAT_RECEIVED peer_uptime_ms=34020
TASK2_ACK seq=166
TASK3_STATUS_RECEIVED elapsed_ms=28356 request=166 value=498 state=498 sample=166 rtt_ms=136
TASK3_INFER elapsed_ms=28356 sample=167 output=625 infer_us=8343
TASK3_CONTROL_SENT elapsed_ms=28356 request=167 value=625 target=500 state=498 seq=167
TASK2_ACK seq=167
TASK3_STATUS_RECEIVED elapsed_ms=28490 request=167 value=498 state=498 sample=167 rtt_ms=134
TASK3_INFER elapsed_ms=28490 sample=168 output=625 infer_us=7977
TASK3_CONTROL_SENT elapsed_ms=28490 request=168 value=625 target=500 state=498 seq=168
TASK2_ACK seq=168
TASK3_STATUS_RECEIVED elapsed_ms=28790 request=168 value=498 state=498 sample=168 rtt_ms=300
TASK3_INFER elapsed_ms=28790 sample=169 output=625 infer_us=9486
TASK3_CONTROL_SENT elapsed_ms=28790 request=169 value=625 target=500 state=498 seq=169
TASK2_HEARTBEAT_RECEIVED peer_uptime_ms=34590
TASK2_ACK seq=169
TASK3_STATUS_RECEIVED elapsed_ms=28940 request=169 value=498 state=498 sample=169 rtt_ms=150
TASK3_INFER elapsed_ms=28940 sample=170 output=625 infer_us=9045
TASK3_CONTROL_SENT elapsed_ms=28940 request=170 value=625 target=500 state=498 seq=170
TASK2_ACK seq=170
TASK3_STATUS_RECEIVED elapsed_ms=29077 request=170 value=498 state=498 sample=170 rtt_ms=137
TASK3_INFER elapsed_ms=29077 sample=171 output=625 infer_us=7816
TASK3_CONTROL_SENT elapsed_ms=29077 request=171 value=625 target=500 state=498 seq=171
TASK2_ACK seq=171
TASK3_STATUS_RECEIVED elapsed_ms=29392 request=171 value=498 state=498 sample=171 rtt_ms=315
TASK3_INFER elapsed_ms=29392 sample=172 output=625 infer_us=8089
TASK3_CONTROL_SENT elapsed_ms=29392 request=172 value=625 target=500 state=498 seq=172
TASK2_HEARTBEAT_RECEIVED peer_uptime_ms=35310
TASK2_ACK seq=172
TASK3_STATUS_RECEIVED elapsed_ms=29555 request=172 value=498 state=498 sample=172 rtt_ms=163
TASK3_INFER elapsed_ms=29555 sample=173 output=625 infer_us=8153
TASK3_CONTROL_SENT elapsed_ms=29555 request=173 value=625 target=500 state=498 seq=173
TASK2_ACK seq=173
TASK3_STATUS_RECEIVED elapsed_ms=29665 request=173 value=498 state=498 sample=173 rtt_ms=110
TASK3_INFER elapsed_ms=29665 sample=174 output=625 infer_us=7952
TASK3_CONTROL_SENT elapsed_ms=29665 request=174 value=625 target=500 state=498 seq=174
TASK2_ACK seq=174
TASK3_STATUS_RECEIVED elapsed_ms=29968 request=174 value=498 state=498 sample=174 rtt_ms=303
TASK3_INFER elapsed_ms=29968 sample=175 output=625 infer_us=7765
TASK3_CONTROL_SENT elapsed_ms=29968 request=175 value=625 target=500 state=498 seq=175
TASK2_HEARTBEAT_RECEIVED peer_uptime_ms=35770
TASK2_ACK seq=175
TASK3_STATUS_RECEIVED elapsed_ms=30106 request=175 value=498 state=498 sample=175 rtt_ms=138
TASK3_INFER elapsed_ms=30106 sample=176 output=625 infer_us=8327
TASK3_CONTROL_SENT elapsed_ms=30106 request=176 value=625 target=500 state=498 seq=176
TASK2_ACK seq=176
TASK3_STATUS_RECEIVED elapsed_ms=30240 request=176 value=498 state=498 sample=176 rtt_ms=134
TASK3_INFER elapsed_ms=30240 sample=177 output=625 infer_us=7934
TASK3_CONTROL_SENT elapsed_ms=30240 request=177 value=625 target=500 state=498 seq=177
TASK2_ACK seq=177
TASK3_STATUS_RECEIVED elapsed_ms=30525 request=177 value=498 state=498 sample=177 rtt_ms=285
TASK3_INFER elapsed_ms=30525 sample=178 output=625 infer_us=8518
TASK3_CONTROL_SENT elapsed_ms=30525 request=178 value=625 target=500 state=498 seq=178
TASK2_HEARTBEAT_RECEIVED peer_uptime_ms=36440
TASK2_ACK seq=178
TASK3_STATUS_RECEIVED elapsed_ms=30686 request=178 value=498 state=498 sample=178 rtt_ms=161
TASK3_INFER elapsed_ms=30686 sample=179 output=625 infer_us=8769
TASK3_CONTROL_SENT elapsed_ms=30686 request=179 value=625 target=500 state=498 seq=179
TASK2_ACK seq=179
TASK3_STATUS_RECEIVED elapsed_ms=30796 request=179 value=498 state=498 sample=179 rtt_ms=110
TASK3_INFER elapsed_ms=30796 sample=180 output=625 infer_us=7984
TASK3_CONTROL_SENT elapsed_ms=30796 request=180 value=625 target=500 state=498 seq=180
TASK2_ACK seq=180
TASK3_STATUS_RECEIVED elapsed_ms=31106 request=180 value=498 state=498 sample=180 rtt_ms=310
TASK3_INFER elapsed_ms=31106 sample=181 output=625 infer_us=8141
TASK3_CONTROL_SENT elapsed_ms=31106 request=181 value=625 target=500 state=498 seq=181
TASK2_HEARTBEAT_RECEIVED peer_uptime_ms=36900
TASK2_ACK seq=181
TASK3_STATUS_RECEIVED elapsed_ms=31233 request=181 value=498 state=498 sample=181 rtt_ms=127
TASK3_INFER elapsed_ms=31233 sample=182 output=625 infer_us=7863
TASK3_CONTROL_SENT elapsed_ms=31233 request=182 value=625 target=500 state=498 seq=182
TASK2_ACK seq=182
TASK3_STATUS_RECEIVED elapsed_ms=31363 request=182 value=498 state=498 sample=182 rtt_ms=130
TASK3_INFER elapsed_ms=31363 sample=183 output=625 infer_us=7684
TASK3_CONTROL_SENT elapsed_ms=31363 request=183 value=625 target=500 state=498 seq=183
TASK2_ACK seq=183
TASK3_STATUS_RECEIVED elapsed_ms=31666 request=183 value=498 state=498 sample=183 rtt_ms=303
TASK3_INFER elapsed_ms=31666 sample=184 output=625 infer_us=7471
TASK3_CONTROL_SENT elapsed_ms=31666 request=184 value=625 target=500 state=498 seq=184
TASK2_HEARTBEAT_RECEIVED peer_uptime_ms=37570
TASK2_ACK seq=184
TASK3_STATUS_RECEIVED elapsed_ms=31811 request=184 value=498 state=498 sample=184 rtt_ms=145
TASK3_INFER elapsed_ms=31811 sample=185 output=625 infer_us=7691
TASK3_CONTROL_SENT elapsed_ms=31811 request=185 value=625 target=500 state=498 seq=185
TASK2_ACK seq=185
TASK3_STATUS_RECEIVED elapsed_ms=31923 request=185 value=498 state=498 sample=185 rtt_ms=112
TASK3_INFER elapsed_ms=31923 sample=186 output=625 infer_us=7728
TASK3_CONTROL_SENT elapsed_ms=31923 request=186 value=625 target=500 state=498 seq=186
TASK2_ACK seq=186
TASK3_STATUS_RECEIVED elapsed_ms=32224 request=186 value=498 state=498 sample=186 rtt_ms=301
TASK3_INFER elapsed_ms=32224 sample=187 output=625 infer_us=7514
TASK3_CONTROL_SENT elapsed_ms=32224 request=187 value=625 target=500 state=498 seq=187
TASK2_HEARTBEAT_RECEIVED peer_uptime_ms=38130
TASK2_ACK seq=187
TASK3_STATUS_RECEIVED elapsed_ms=32373 request=187 value=498 state=498 sample=187 rtt_ms=149
TASK3_INFER elapsed_ms=32373 sample=188 output=625 infer_us=7753
TASK3_CONTROL_SENT elapsed_ms=32373 request=188 value=625 target=500 state=498 seq=188
TASK2_ACK seq=188
TASK3_STATUS_RECEIVED elapsed_ms=32484 request=188 value=498 state=498 sample=188 rtt_ms=111
TASK3_INFER elapsed_ms=32484 sample=189 output=625 infer_us=7755
TASK3_CONTROL_SENT elapsed_ms=32484 request=189 value=625 target=500 state=498 seq=189
TASK2_ACK seq=189
TASK3_STATUS_RECEIVED elapsed_ms=32784 request=189 value=498 state=498 sample=189 rtt_ms=300
TASK3_INFER elapsed_ms=32784 sample=190 output=625 infer_us=7556
TASK3_CONTROL_SENT elapsed_ms=32784 request=190 value=625 target=500 state=498 seq=190
TASK2_HEARTBEAT_RECEIVED peer_uptime_ms=38590
TASK2_ACK seq=190
TASK3_STATUS_RECEIVED elapsed_ms=32931 request=190 value=498 state=498 sample=190 rtt_ms=147
TASK3_INFER elapsed_ms=32931 sample=191 output=625 infer_us=8315
TASK3_CONTROL_SENT elapsed_ms=32931 request=191 value=625 target=500 state=498 seq=191
TASK2_ACK seq=191
TASK3_STATUS_RECEIVED elapsed_ms=33064 request=191 value=498 state=498 sample=191 rtt_ms=133
TASK3_INFER elapsed_ms=33064 sample=192 output=625 infer_us=7797
TASK3_CONTROL_SENT elapsed_ms=33064 request=192 value=625 target=500 state=498 seq=192
TASK2_ACK seq=192
TASK3_STATUS_RECEIVED elapsed_ms=33377 request=192 value=498 state=498 sample=192 rtt_ms=313
TASK3_INFER elapsed_ms=33377 sample=193 output=625 infer_us=7536
TASK3_CONTROL_SENT elapsed_ms=33377 request=193 value=625 target=500 state=498 seq=193
TASK2_HEARTBEAT_RECEIVED peer_uptime_ms=39300
TASK2_ACK seq=193
TASK3_STATUS_RECEIVED elapsed_ms=33542 request=193 value=498 state=498 sample=193 rtt_ms=165
TASK3_INFER elapsed_ms=33542 sample=194 output=625 infer_us=8009
TASK3_CONTROL_SENT elapsed_ms=33542 request=194 value=625 target=500 state=498 seq=194
TASK2_ACK seq=194
TASK3_STATUS_RECEIVED elapsed_ms=33654 request=194 value=498 state=498 sample=194 rtt_ms=112
TASK3_INFER elapsed_ms=33654 sample=195 output=625 infer_us=7572
TASK3_CONTROL_SENT elapsed_ms=33654 request=195 value=625 target=500 state=498 seq=195
TASK2_ACK seq=195
TASK3_STATUS_RECEIVED elapsed_ms=33955 request=195 value=498 state=498 sample=195 rtt_ms=301
TASK3_INFER elapsed_ms=33955 sample=196 output=625 infer_us=7639
TASK3_CONTROL_SENT elapsed_ms=33955 request=196 value=625 target=500 state=498 seq=196
TASK2_HEARTBEAT_RECEIVED peer_uptime_ms=39760
TASK2_ACK seq=196
TASK3_STATUS_RECEIVED elapsed_ms=34094 request=196 value=498 state=498 sample=196 rtt_ms=139
TASK3_INFER elapsed_ms=34094 sample=197 output=625 infer_us=7191
TASK3_CONTROL_SENT elapsed_ms=34094 request=197 value=625 target=500 state=498 seq=197
TASK2_ACK seq=197
TASK3_STATUS_RECEIVED elapsed_ms=34223 request=197 value=498 state=498 sample=197 rtt_ms=129
TASK3_INFER elapsed_ms=34223 sample=198 output=625 infer_us=10177
TASK3_CONTROL_SENT elapsed_ms=34223 request=198 value=625 target=500 state=498 seq=198
TASK2_ACK seq=198
TASK3_STATUS_RECEIVED elapsed_ms=34525 request=198 value=498 state=498 sample=198 rtt_ms=302
TASK3_INFER elapsed_ms=34525 sample=199 output=625 infer_us=8009
TASK3_CONTROL_SENT elapsed_ms=34525 request=199 value=625 target=500 state=498 seq=199
TASK2_HEARTBEAT_RECEIVED peer_uptime_ms=40330
TASK2_ACK seq=199
TASK3_STATUS_RECEIVED elapsed_ms=34664 request=199 value=498 state=498 sample=199 rtt_ms=139
TASK3_INFER elapsed_ms=34664 sample=200 output=625 infer_us=10096
TASK3_CONTROL_SENT elapsed_ms=34664 request=200 value=625 target=500 state=498 seq=200
TASK2_ACK seq=200
TASK3_STATUS_RECEIVED elapsed_ms=34793 request=200 value=498 state=498 sample=200 rtt_ms=129
TASK3_INFER elapsed_ms=34793 sample=201 output=625 infer_us=8045
TASK3_CONTROL_SENT elapsed_ms=34793 request=201 value=625 target=500 state=498 seq=201
TASK2_ACK seq=201
TASK3_STATUS_RECEIVED elapsed_ms=35096 request=201 value=498 state=498 sample=201 rtt_ms=303
TASK3_INFER elapsed_ms=35096 sample=202 output=625 infer_us=7635
TASK3_CONTROL_SENT elapsed_ms=35096 request=202 value=625 target=500 state=498 seq=202
TASK2_HEARTBEAT_RECEIVED peer_uptime_ms=40900
TASK2_ACK seq=202
TASK3_STATUS_RECEIVED elapsed_ms=35237 request=202 value=498 state=498 sample=202 rtt_ms=141
TASK3_INFER elapsed_ms=35237 sample=203 output=625 infer_us=7934
TASK3_CONTROL_SENT elapsed_ms=35237 request=203 value=625 target=500 state=498 seq=203
TASK2_ACK se

[Axvisor] detached VM[1] console
[2Kaxvisor:/$ [2Kaxvisor:/$ v[2Kaxvisor:/$ vi[2Kaxvisor:/$ vir[2Kaxvisor:/$ virt[2Kaxvisor:/$ virtn[2Kaxvisor:/$ virtne[2Kaxvisor:/$ virtnet[2Kaxvisor:/$ virtnet [2Kaxvisor:/$ virtnet c[2Kaxvisor:/$ virtnet ca[2Kaxvisor:/$ virtnet cap[2Kaxvisor:/$ virtnet capt[2Kaxvisor:/$ virtnet captu[2Kaxvisor:/$ virtnet captur[2Kaxvisor:/$ virtnet capture[2Kaxvisor:/$ virtnet capture [2Kaxvisor:/$ virtnet capture d[2Kaxvisor:/$ virtnet capture du[2Kaxvisor:/$ virtnet capture dum[2Kaxvisor:/$ virtnet capture dump
CAPDUMP_BEGIN
CAPTURE 1 9393353536 33330000001652540012340186dd600000000024000100000000000000000000000000000000ff0200000000000000000000000000163a000502000001008f003b770000000104000000ff0200000000000000000001ff123401
CAPTURE 1 9394556784 3333ff12340152540012340186dd6000000000203aff00000000000000000000000000000000ff0200000000000000000001ff12340187007c5200000000fe80000000000000505400fffe1234010e018153b4780485
CAPTURE 1 9403678576 52540012340152540012340208004500004400000000401112990a002a020a002a0f1092109200308a0254324e3101020001545254320000000100000000000c000023be7aec01000000000000b300000001
CAPTURE 1 9408499776 525400123401525400123402080045000040000000004011129d0a002a020a002a0f10921092002cdfd454324e310105000054525432000000000000000000080000aea581750000000000001a7c
CAPTURE 1 9411057536 525400123402525400123401080045000038de4d40004011f4560a002a0f0a002a021092109200241ef754324e31010400005452543200000000000000010000000079fa9192
CAPTURE 1 9441331104 525400123402525400123401080045000044de5040004011f4470a002a0f0a002a021092109200306ea154324e3101010001545254320000000200000000000c0000becafb0601000000000000ec00000002
CAPTURE 1 9463974464 525400123402525400123401080045000038de5540004011f44e0a002a0f0a002a021092109200241ef754324e31010400005452543200000000000000010000000079fa9192
CAPTURE 1 9519282496 52540012340152540012340208004500003800000000401112a50a002a020a002a0f1092109200243cb454324e3101040000545254320000000000000002000000004077ad57
CAPTURE 1 9519820528 52540012340152540012340208004500004400000000401112990a002a020a002a0f109210920030aa1a54324e3101020001545254320000000200000000000c00003d7a411501000000000000b400000002
CAPTURE 1 9559953760 525400123402525400123401080045000038de6a40004011f4390a002a0f0a002a021092109200243cb454324e3101040000545254320000000000000002000000004077ad57
CAPTURE 1 9588442960 525400123402525400123401080045000044de7140004011f4260a002a0f0a002a0210921092003091fd54324e3101010001545254320000000300000000000c0000de1cb7d9010000000000016900000003
CAPTURE 1 9648501760 52540012340152540012340208004500003800000000401112a50a002a020a002a0f1092109200241a6154324e310104000054525432000000000000000300000000570cb914
CAPTURE 1 9649148272 52540012340152540012340208004500004400000000401112990a002a020a002a0f109210920030683f54324e3101020001545254320000000300000000000c00001f05a13601000000000000e100000003
CAPTURE 1 9684018768 525400123402525400123401080045000038de8940004011f41a0a002a0f0a002a021092109200241a6154324e310104000054525432000000000000000300000000570cb914
CAPTURE 1 9713472304 525400123402525400123401080045000044de8c40004011f40b0a002a0f0a002a021092109200301d0554324e3101010001545254320000000400000000000c00001b48ef90010000000000017d00000004
CAPTURE 1 9778472144 52540012340152540012340208004500003800000000401112a50a002a020a002a0f109210920024223654324e310104000054525432000000000000000400000000336dd4dd
CAPTURE 1 9779049184 52540012340152540012340208004500004400000000401112990a002a020a002a0f10921092003096a654324e3101020001545254320000000400000000000c0000eb19a697010000000000010200000004
CAPTURE 1 9811814224 525400123402525400123401080045000038de8f40004011f4140a002a0f0a002a02109210920024223654324e310104000054525432000000000000000400000000336dd4dd
CAPTURE 1 9840419040 525400123402525400123401080045000044de9040004011f4070a002a0f0a002a02109210920030549d54324e3101010001545254320000000500000000000c0000cb4007f4010000000000018700000005
CAPTURE 1 9909160128 52540012340152540012340208004500003800000000401112a50a002a020a002a0f10921092002445cb54324e3101040000545254320000000000000005000000002416c09e
CAPTURE 1 9909850192 52540012340152540012340208004500004400000000401112990a002a020a002a0f109210920030e4eb54324e3101020001545254320000000500000000000c00006905da4c010000000000011a00000005
CAPTURE 1 9951191296 525400123402525400123401080045000038de9340004011f4100a002a0f0a002a0210921092002445cb54324e3101040000545254320000000000000005000000002416c09e
CAPTURE 1 9980555472 525400123402525400123401080045000044de9940004011f3fe0a002a0f0a002a02109210920030dbea54324e3101010001545254320000000600000000000c0000d70074f1010000000000017a00000006
CAPTURE 1 10048987424 52540012340152540012340208004500003800000000401112a50a002a020a002a0f109210920024108854324e3101040000545254320000000000000006000000001d9bfc5b
CAPTURE 1 10049659696 52540012340152540012340208004500004400000000401112990a002a020a002a0f109210920030d70f54324e3101020001545254320000000600000000000c000069d0e752010000000000012300000006
CAPTURE 1 10084746144 525400123402525400123401080045000038dea540004011f3fe0a002a0f0a002a02109210920024108854324e3101040000545254320000000000000006000000001d9bfc5b
CAPTURE 1 10113719904 525400123402525400123401080045000044deab40004011f3ec0a002a0f0a002a0210921092003036f654324e3101010001545254320000000700000000000c0000422caeb9010000000000017900000007
CAPTURE 1 10178784224 52540012340152540012340208004500003800000000401112a50a002a020a002a0f109210920024378554324e3101040000545254320000000000000007000000000ae0e818
CAPTURE 1 10179678752 52540012340152540012340208004500004400000000401112990a002a020a002a0f109210920030e4c354324e3101020001545254320000000700000000000c0000cc8c76db010000000000012800000007
CAPTURE 1 10205176032 525400123402525400123401080045000038deb140004011f3f20a002a0f0a002a02109210920024378554324e3101040000545254320000000000000007000000000ae0e818
CAPTURE 1 10236101232 525400123402525400123401080045000044deb340004011f3e40a002a0f0a002a021092109200304e7854324e3101010001545254320000000800000000000c00004a088f57010000000000017b00000008
CAPTURE 1 10308685712 52540012340152540012340208004500003800000000401112a50a002a020a002a0f1092109200242d5a54324e310104000054525432000000000000000800000000d55927c9
CAPTURE 1 10309261136 52540012340152540012340208004500004400000000401112990a002a020a002a0f10921092003039a854324e3101020001545254320000000800000000000c00004be8a295010000000000012c00000008
CAPTURE 1 10345801760 525400123402525400123401080045000038deb540004011f3ee0a002a0f0a002a021092109200242d5a54324e310104000054525432000000000000000800000000d55927c9
CAPTURE 1 10375161472 525400123402525400123401080045000044deb740004011f3e00a002a0f0a002a021092109200306e7954324e3101010001545254320000000900000000000c000027b491ae010000000000017500000009
CAPTURE 1 10407252800 33330000001652540012340186dd6000000000240001fe80000000000000505400fffe123401ff0200000000000000000000000000163a000502000001008f00b98e0000000104000000ff0200000000000000000001ff123401
CAPTURE 1 10408385248 33330000000252540012340186dd6000000000103afffe80000000000000505400fffe123401ff0200000000000000000000000000028500725f000000000101525400123401
CAPTURE 1 10440046976 52540012340152540012340208004500003800000000401112a50a002a020a002a0f10921092002434cf54324e310104000054525432000000000000000900000000c222338a
CAPTURE 1 10440777840 52540012340152540012340208004500004400000000401112990a002a020a002a0f1092109200308cb254324e3101020001545254320000000900000000000c00009964020d010000000000012c00000009
CAPTURE 1 10465914528 525400123402525400123401080045000038debf40004011f3e40a002a0f0a002a0210921092002434cf54324e310104000054525432000000000000000900000000c222338a
CAPTURE 1 10500614080 525400123402525400123401080045000044dec340004011f3d40a002a0f0a002a021092109200304e5154324e3101010001545254320000000a00000000000c0000ccf00c9701000000000001760000000a
CAPTURE 1 10576116272 52540012340152540012340208004500003800000000401112a50a002a020a002a0f1092109200241f7c54324e310104000054525432000000000000000a00000000fbaf0f4f
CAPTURE 1 10576635600 52540012340152540012340208004500004400000000401112990a002a020a002a0f1092109200300cbd54324e3101020001545254320000000a00000000000c00003580e5e4010000000000012c0000000a
CAPTURE 1 10612169920 525400123402525400123401080045000038ded440004011f3cf0a002a0f0a002a021092109200241f7c54324e310104000054525432000000000000000a00000000fbaf0f4f
CAPTURE 1 10641177616 525400123402525400123401080045000044ded940004011f3be0a002a0f0a002a02109210920030f71b54324e3101010001545254320000000b00000000000c000059dcd6df01000000000001750000000b
CAPTURE 1 10709990224 52540012340152540012340208004500003800000000401112a50a002a020a002a0f109210920024229954324e310104000054525432000000000000000b00000000ecd41b0c
CAPTURE 1 10716384768 52540012340152540012340208004500004400000000401112990a002a020a002a0f10921092003079df54324e3101020001545254320000000b00000000000c000070e83cc201000000000001c20000000b
CAPTURE 1 10747244784 525400123402525400123401080045000038dee240004011f3c10a002a0f0a002a02109210920024229954324e310104000054525432000000000000000b00000000ecd41b0c
CAPTURE 1 10776395296 525400123402525400123401080045000044dee940004011f3ae0a002a0f0a002a0210921092003031f654324e3101010001545254320000000c00000000000c0000f38603ce01000000000000000000000c
CAPTURE 1 10849163008 52540012340152540012340208004500003800000000401112a50a002a020a002a0f1092109200242afe54324e310104000054525432000000000000000c0000000088b576c5
CAPTURE 1 10849746336 52540012340152540012340208004500004400000000401112990a002a020a002a0f109210920030208454324e3101020001545254320000000c00000000000c0000978f6fa201000000000001940000000c
CAPTURE 1 10887116368 525400123402525400123401080045000038df0240004011f3a10a002a0f0a002a021092109200242afe54324e310104000054525432000000000000000c0000000088b576c5
CAPTURE 1 10916615408 525400123402525400123401080045000044df0840004011f38f0a002a0f0a002a02109210920030730c54324e3101010001545254320000000d00000000000c0000d1f9e3ed01000000000000550000000d
CAPTURE 1 10979066128 52540012340152540012340208004500003800000000401112a50a002a020a002a0f109210920024282354324e310104000054525432000000000000000d000000009fce6286
CAPTURE 1 10979654224 52540012340152540012340208004500004400000000401112990a002a020a002a0f1092109200305e9054324e3101020001545254320000000d00000000000c0000bd930b8b01000000000001990000000d
CAPTURE 1 11015848576 525400123402525400123401080045000038df0940004011f39a0a002a0f0a002a02109210920024282354324e310104000054525432000000000000000d000000009fce6286
CAPTURE 1 11044867328 525400123402525400123401080045000044df0f40004011f3880a002a0f0a002a02109210920030569954324e3101010001545254320000000e00000000000c00008dee44bf01000000000000000000000e
CAPTURE 1 11108973632 52540012340152540012340208004500003800000000401112a50a002a020a002a0f10921092002425f054324e310104000054525432000000000000000e00000000a6435e43
CAPTURE 1 11109533888 52540012340152540012340208004500004400000000401112990a002a020a002a0f109210920030ce2754324e3101020001545254320000000e00000000000c0000cc238d7d010000000000017d0000000e
CAPTURE 1 11142756800 33330000001652540012340186dd6000000000240001fe80000000000000505400fffe123401ff0200000000000000000000000000163a000502000001008f00b98e0000000104000000ff0200000000000000000001ff123401
CAPTURE 1 11146766320 525400123402525400123401080045000038df1c40004011f3870a002a0f0a002a0210921092002425f054324e310104000054525432000000000000000e00000000a6435e43
CAPTURE 1 11175581696 525400123402525400123401080045000044df2340004011f3740a002a0f0a002a02109210920030507354324e3101010001545254320000000f00000000000c00005272865601000000000000090000000f
CAPTURE 1 11239625664 52540012340152540012340208004500003800000000401112a50a002a020a002a0f1092109200242f3d54324e310104000054525432000000000000000f00000000b1384a00
CAPTURE 1 11240272752 52540012340152540012340208004500004400000000401112990a002a020a002a0f1092109200308b8e54324e3101020001545254320000000f00000000000c0000db5fc0e401000000000001710000000f
CAPTURE 1 11277404528 525400123402525400123401080045000038df2f40004011f3740a002a0f0a002a021092109200242f3d54324e310104000054525432000000000000000f00000000b1384a00
CAPTURE 1 11307310496 525400123402525400123401080045000044df3140004011f3660a002a0f0a002a021092109200301f7954324e3101010001545254320000001000000000000c00006826a1a3010000000000000000000010
CAPTURE 1 11369330576 52540012340152540012340208004500003800000000401112a50a002a020a002a0f109210920024a09254324e310104000054525432000000000000001000000000c241c7a0
CAPTURE 1 11370258192 52540012340152540012340208004500004400000000401112990a002a020a002a0f1092109200303cdd54324e3101020001545254320000001000000000000c000003bbe742010000000000016700000010
CAPTURE 1 11408109488 525400123402525400123401080045000038df4040004011f3630a002a0f0a002a02109210920024a09254324e310104000054525432000000000000001000000000c241c7a0
CAPTURE 1 11439303328 525400123402525400123401080045000044df4640004011f3510a002a0f0a002a02109210920030167954324e3101010001545254320000001100000000000c0000c06a525b010000000000000200000011
CAPTURE 1 11499010960 52540012340152540012340208004500003800000000401112a50a002a020a002a0f109210920024815554324e310104000054525432000000000000001100000000d53ad3e3
CAPTURE 1 11499568816 52540012340152540012340208004500004400000000401112990a002a020a002a0f109210920030220b54324e3101020001545254320000001100000000000c000024b7e11a010000000000016300000011
CAPTURE 1 11536274528 525400123402525400123401080045000038df4b40004011f3580a002a0f0a002a02109210920024815554324e310104000054525432000000000000001100000000d53ad3e3
CAPTURE 1 11565854384 525400123402525400123401080045000044df4d40004011f34a0a002a0f0a002a0210921092003006fc54324e3101010001545254320000001200000000000c00006c8eb5b2010000000000000200000012
CAPTURE 1 11628932064 52540012340152540012340208004500003800000000401112a50a002a020a002a0f1092109200244e9454324e310104000054525432000000000000001200000000ecb7ef26
CAPTURE 1 11629507856 52540012340152540012340208004500004400000000401112990a002a020a002a0f109210920030dbc654324e3101020001545254320000001200000000000c0000cff37c23010000000000016000000012
CAPTURE 1 11665967232 525400123402525400123401080045000038df5840004011f34b0a002a0f0a002a021092109200244e9454324e310104000054525432000000000000001200000000ecb7ef26
CAPTURE 1 11695457584 525400123402525400123401080045000044df5940004011f33e0a002a0f0a002a02109210920030176c54324e3101010001545254320000001300000000000c00003142e08a010000000000000400000013
CAPTURE 1 11759071328 52540012340152540012340208004500003800000000401112a50a002a020a002a0f109210920024333f54324e310104000054525432000000000000001300000000fbccfb65
CAPTURE 1 11759724848 52540012340152540012340208004500004400000000401112990a002a020a002a0f1092109200302da154324e3101020001545254320000001300000000000c00001d7fdcbb010000000000016000000013
CAPTURE 1 11795973872 525400123402525400123401080045000038df5f40004011f3440a002a0f0a002a02109210920024333f54324e310104000054525432000000000000001300000000fbccfb65
CAPTURE 1 11825372064 525400123402525400123401080045000044df6440004011f3330a002a0f0a002a021092109200303e3f54324e3101010001545254320000001400000000000c000061768981010000000000000400000014
CAPTURE 1 11888823552 52540012340152540012340208004500003800000000401112a50a002a020a002a0f109210920024f41654324e3101040000545254320000000000000014000000009fad96ac
CAPTURE 1 11889352992 52540012340152540012340208004500004400000000401112990a002a020a002a0f10921092003024de54324e3101020001545254320000001400000000000c00004d4bb5b0010000000000016000000014
CAPTURE 1 11925503104 525400123402525400123401080045000038df6d40004011f3360a002a0f0a002a02109210920024f41654324e3101040000545254320000000000000014000000009fad96ac
CAPTURE 1 11955168128 525400123402525400123401080045000044df7440004011f3230a002a0f0a002a021092109200304c2154324e3101010001545254320000001500000000000c0000b3fa2919010000000000000400000015
CAPTURE 1 12018915568 52540012340152540012340208004500003800000000401112a50a002a020a002a0f1092109200241eaa54324e31010400005452543200000000000000150000000088d682ef
CAPTURE 1 12025093920 52540012340152540012340208004500004400000000401112990a002a020a002a0f10921092003072e854324e3101020001545254320000001500000000000c00009fc71528010000000000016000000015
CAPTURE 1 12058966800 525400123402525400123401080045000038df7a40004011f3290a002a0f0a002a021092109200241eaa54324e31010400005452543200000000000000150000000088d682ef
CAPTURE 1 12091049072 525400123402525400123401080045000044df7f40004011f3180a002a0f0a002a021092109200303b2454324e3101010001545254320000001600000000000c00001f1ecef0010000000000000400000016
CAPTURE 1 12148763040 52540012340152540012340208004500003800000000401112a50a002a020a002a0f109210920024bae854324e310104000054525432000000000000001600000000b15bbe2a
CAPTURE 1 12149559728 52540012340152540012340208004500004400000000401112990a002a020a002a0f10921092003001f154324e3101020001545254320000001600000000000c00003323f2c1010000000000016000000016
CAPTURE 1 12183944704 525400123402525400123401080045000038df9440004011f30f0a002a0f0a002a02109210920024bae854324e310104000054525432000000000000001600000000b15bbe2a
CAPTURE 1 12217036080 525400123402525400123401080045000044df9c40004011f2fb0a002a0f0a002a02109210920030ed3554324e3101010001545254320000001700000000000c0000cd926e68010000000000000400000017
CAPTURE 1 12278649376 52540012340152540012340208004500003800000000401112a50a002a020a002a0f109210920024d9e354324e310104000054525432000000000000001700000000a620aa69
CAPTURE 1 12279187072 52540012340152540012340208004500004400000000401112990a002a020a002a0f109210920030f3ca54324e3101020001545254320000001700000000000c0000e1af5259010000000000016000000017
CAPTURE 1 12312737456 525400123402525400123401080045000038dfaa40004011f2f90a002a0f0a002a02109210920024d9e354324e310104000054525432000000000000001700000000a620aa69
CAPTURE 1 12345812208 525400123402525400123401080045000044dfac40004011f2eb0a002a0f0a002a021092109200304cd254324e3101010001545254320000001800000000000c0000bf761ce6010000000000000400000018
CAPTURE 1 12409126736 52540012340152540012340208004500003800000000401112a50a002a020a002a0f1092109200244b1b54324e310104000054525432000000000000001800000000799965b8
CAPTURE 1 12409957600 52540012340152540012340208004500004400000000401112990a002a020a002a0f10921092003073af54324e3101020001545254320000001800000000000c0000934b20d7010000000000016000000018
CAPTURE 1 12445091232 525400123402525400123401080045000038dfbb40004011f2e80a002a0f0a002a021092109200244b1b54324e310104000054525432000000000000001800000000799965b8
CAPTURE 1 12479524880 525400123402525400123401080045000044dfbf40004011f2d80a002a0f0a002a02109210920030feb354324e3101010001545254320000001900000000000c00006dfabc7e010000000000000400000019
CAPTURE 1 12539000800 52540012340152540012340208004500003800000000401112a50a002a020a002a0f109210920024498e54324e3101040000545254320000000000000019000000006ee271fb
CAPTURE 1 12539722416 52540012340152540012340208004500004400000000401112990a002a020a002a0f10921092003065b954324e3101020001545254320000001900000000000c000041c7804f010000000000016000000019
CAPTURE 1 12564791200 525400123402525400123401080045000038dfc040004011f2e30a002a0f0a002a02109210920024498e54324e3101040000545254320000000000000019000000006ee271fb
CAPTURE 1 12597668832 525400123402525400123401080045000044dfc440004011f2d30a002a0f0a002a021092109200300c7554324e3101010001545254320000001a00000000000c0000c11e5b9701000000000000040000001a
CAPTURE 1 12669572592 52540012340152540012340208004500003800000000401112a50a002a020a002a0f10921092002485bd54324e310104000054525432000000000000001a00000000576f4d3e
CAPTURE 1 12670277248 52540012340152540012340208004500004400000000401112990a002a020a002a0f109210920030d30354324e3101020001545254320000001a00000000000c0000ed2367a601000000000001600000001a
CAPTURE 1 12704638832 525400123402525400123401080045000038dfca40004011f2d90a002a0f0a002a0210921092002485bd54324e310104000054525432000000000000001a00000000576f4d3e
CAPTURE 1 12738655920 525400123402525400123401080045000044dfce40004011f2c90a002a0f0a002a021092109200301a8754324e3101010001545254320000001b00000000000c00001392fb0f01000000000000040000001b
CAPTURE 1 12799278672 52540012340152540012340208004500003800000000401112a50a002a020a002a0f10921092002490d854324e310104000054525432000000000000001b000000004014597d
CAPTURE 1 12799881296 52540012340152540012340208004500004400000000401112990a002a020a002a0f10921092003020de54324e3101020001545254320000001b00000000000c00003fafc73e01000000000001600000001b
CAPTURE 1 12834373648 525400123402525400123401080045000038dfe040004011f2c30a002a0f0a002a0210921092002490d854324e310104000054525432000000000000001b000000004014597d
CAPTURE 1 12867034592 525400123402525400123401080045000044dfe440004011f2b30a002a0f0a002a02109210920030537c54324e3101010001545254320000001c00000000000c000043a6920401000000000000040000001c
CAPTURE 1 12928943440 52540012340152540012340208004500003800000000401112a50a002a020a002a0f109210920024d13f54324e310104000054525432000000000000001c00000000247534b4
CAPTURE 1 12929649440 52540012340152540012340208004500004400000000401112990a002a020a002a0f10921092003009f954324e3101020001545254320000001c00000000000c00006f9bae3501000000000001600000001c
CAPTURE 1 12964703504 525400123402525400123401080045000038dfee40004011f2b50a002a0f0a002a02109210920024d13f54324e310104000054525432000000000000001c00000000247534b4
CAPTURE 1 12997971568 525400123402525400123401080045000044dff640004011f2a10a002a0f0a002a02109210920030655e54324e3101010001545254320000001d00000000000c0000912a329c01000000000000040000001d
CAPTURE 1 13059521824 52540012340152540012340208004500003800000000401112a50a002a020a002a0f109210920024d66254324e310104000054525432000000000000001d00000000330e20f7
CAPTURE 1 13060400944 52540012340152540012340208004500004400000000401112990a002a020a002a0f1092109200305c0354324e3101020001545254320000001d00000000000c0000bd170ead01000000000001600000001d
CAPTURE 1 13095499664 525400123402525400123401080045000038dff940004011f2aa0a002a0f0a002a02109210920024d66254324e310104000054525432000000000000001d00000000330e20f7
CAPTURE 1 13128369472 525400123402525400123401080045000044dffb40004011f29c0a002a0f0a002a0210921092003015df54324e3101010001545254320000001e00000000000c00003dced57501000000000000040000001e
CAPTURE 1 13190380016 52540012340152540012340208004500003800000000401112a50a002a020a002a0f10921092002403b254324e310104000054525432000000000000001e000000000a831c32
CAPTURE 1 13190948080 52540012340152540012340208004500004400000000401112990a002a020a002a0f1092109200302c8e54324e3101020001545254320000001e00000000000c000011f3e94401000000000001600000001e
CAPTURE 1 13225558000 525400123402525400123401080045000038dffe40004011f2a50a002a0f0a002a0210921092002403b254324e310104000054525432000000000000001e000000000a831c32
CAPTURE 1 13259050032 525400123402525400123401080045000044e00340004011f2940a002a0f0a002a02109210920030c3f054324e3101010001545254320000001f00000000000c0000ef4275ed01000000000000040000001f
CAPTURE 1 13319538144 52540012340152540012340208004500003800000000401112a50a002a020a002a0f10921092002403fd54324e310104000054525432000000000000001f000000001df80871
CAPTURE 1 13320303984 52540012340152540012340208004500004400000000401112990a002a020a002a0f1092109200301a6854324e3101020001545254320000001f00000000000c0000c37f49dc01000000000001600000001f
CAPTURE 1 13356106368 525400123402525400123401080045000038e00a40004011f2990a002a0f0a002a0210921092002403fd54324e310104000054525432000000000000001f000000001df80871
CAPTURE 1 13391217232 525400123402525400123401080045000044e00b40004011f28c0a002a0f0a002a02109210920030775b54324e3101010001545254320000002000000000000c000053465e7d010000000000000400000020
CAPTURE 1 13448803600 52540012340152540012340208004500003800000000401112a50a002a020a002a0f109210920024368254324e310104000054525432000000000000002000000000ec700772
CAPTURE 1 13449469520 52540012340152540012340208004500004400000000401112990a002a020a002a0f10921092003045fa54324e3101020001545254320000002000000000000c00007f7b624c010000000000016000000020
CAPTURE 1 13484418368 525400123402525400123401080045000038e01f40004011f2840a002a0f0a002a02109210920024368254324e310104000054525432000000000000002000000000ec700772
CAPTURE 1 13519172992 525400123402525400123401080045000044e02140004011f2760a002a0f0a002a02109210920030548054324e3101010001545254320000002100000000000c0000886449bc010000000000028000000021
CAPTURE 1 13579378432 52540012340152540012340208004500003800000000401112a50a002a020a002a0f1092109200241c2754324e310104000054525432000000000000002100000000fb0b1331
CAPTURE 1 13580537344 52540012340152540012340208004500004400000000401112990a002a020a002a0f109210920030800154324e3101020001545254320000002100000000000c0000ebe0bb00010000000000023d00000021
CAPTURE 1 13617869632 525400123402525400123401080045000038e03840004011f26b0a002a0f0a002a021092109200241c2754324e310104000054525432000000000000002100000000fb0b1331
CAPTURE 1 13654445808 525400123402525400123401080045000044e03d40004011f25a0a002a0f0a002a02109210920030191454324e3101010001545254320000002200000000000c0000ec602125010000000000028500000022
CAPTURE 1 13718670864 52540012340152540012340208004500003800000000401112a50a002a020a002a0f10921092002437e854324e310104000054525432000000000000002200000000c2862ff4
CAPTURE 1 13719186928 52540012340152540012340208004500004400000000401112990a002a020a002a0f109210920030c7ca54324e3101020001545254320000002200000000000c00008132dd6a01000000000002b600000022
CAPTURE 1 13754915520 525400123402525400123401080045000038e05240004011f2510a002a0f0a002a0210921092002437e854324e310104000054525432000000000000002200000000c2862ff4
CAPTURE 1 13789432304 525400123402525400123401080045000044e05540004011f2420a002a0f0a002a02109210920030980d54324e3101010001545254320000002300000000000c00000c188280010000000000027700000023
CAPTURE 1 13848893616 52540012340152540012340208004500003800000000401112a50a002a020a002a0f10921092002418ad54324e310104000054525432000000000000002300000000d5fd3bb7
CAPTURE 1 13849468816 52540012340152540012340208004500004400000000401112990a002a020a002a0f109210920030d05754324e3101020001545254320000002300000000000c00005bddf9f801000000000002ee00000023
CAPTURE 1 13884860592 525400123402525400123401080045000038e06240004011f2410a002a0f0a002a0210921092002418ad54324e310104000054525432000000000000002300000000d5fd3bb7
CAPTURE 1 13919773232 525400123402525400123401080045000044e06540004011f2320a002a0f0a002a02109210920030afa954324e3101010001545254320000002400000000000c0000af19c7b201000000000002a500000024
CAPTURE 1 13979085040 52540012340152540012340208004500003800000000401112a50a002a020a002a0f109210920024224654324e310104000054525432000000000000002400000000b19c567e
CAPTURE 1 13979636064 52540012340152540012340208004500004400000000401112990a002a020a002a0f1092109200301c4454324e3101020001545254320000002400000000000c00003aa1cf1b010000000000031900000024
CAPTURE 1 14014977184 525400123402525400123401080045000038e07d40004011f2260a002a0f0a002a02109210920024224654324e310104000054525432000000000000002400000000b19c567e
CAPTURE 1 14048640464 525400123402525400123401080045000044e08140004011f2160a002a0f0a002a02109210920030bdb154324e3101010001545254320000002500000000000c00007b20edd3010000000000027300000025
CAPTURE 1 14109763744 52540012340152540012340208004500003800000000401112a50a002a020a002a0f109210920024413b54324e310104000054525432000000000000002500000000a6e7423d
CAPTURE 1 14110406592 52540012340152540012340208004500004400000000401112990a002a020a002a0f109210920030562c54324e3101020001545254320000002500000000000c000092ed3ce3010000000000031b00000025
CAPTURE 1 14150026336 525400123402525400123401080045000038e09840004011f20b0a002a0f0a002a02109210920024413b54324e310104000054525432000000000000002500000000a6e7423d
CAPTURE 1 14181879904 525400123402525400123401080045000044e09b40004011f1fc0a002a0f0a002a021092109200300e8754324e3101010001545254320000002600000000000c0000d54042c6010000000000028900000026
CAPTURE 1 14239054912 52540012340152540012340208004500003800000000401112a50a002a020a002a0f1092109200240bfc54324e3101040000545254320000000000000026000000009f6a7ef8
CAPTURE 1 14239631264 52540012340152540012340208004500004400000000401112990a002a020a002a0f109210920030141c54324e3101020001545254320000002600000000000c00001d78f45d010000000000032400000026
CAPTURE 1 14276192880 525400123402525400123401080045000038e09e40004011f2050a002a0f0a002a021092109200240bfc54324e3101040000545254320000000000000026000000009f6a7ef8
CAPTURE 1 14308314368 525400123402525400123401080045000044e0a440004011f1f30a002a0f0a002a021092109200302b6354324e3101010001545254320000002700000000000c0000859c758f010000000000028600000027
CAPTURE 1 14322811952 33330000000252540012340186dd6000000000103afffe80000000000000505400fffe123401ff0200000000000000000000000000028500725f000000000101525400123401
CAPTURE 1 14369996592 52540012340152540012340208004500003800000000401112a50a002a020a002a0f109210920024379154324e31010400005452543200000000000000270000000088116abb
CAPTURE 1 14371085584 52540012340152540012340208004500004400000000401112990a002a020a002a0f1092109200306f8354324e3101020001545254320000002700000000000c000088542e15010000000000032700000027
CAPTURE 1 14412607600 525400123402525400123401080045000038e0ad40004011f1f60a002a0f0a002a02109210920024379154324e31010400005452543200000000000000270000000088116abb
CAPTURE 1 14448262992 525400123402525400123401080045000044e0b440004011f1e30a002a0f0a002a021092109200302dc254324e3101010001545254320000002800000000000c0000ca182eb1010000000000028700000028
CAPTURE 1 14509338928 52540012340152540012340208004500003800000000401112a50a002a020a002a0f1092109200242d4a54324e31010400005452543200000000000000280000000057a8a56a
CAPTURE 1 14509881936 52540012340152540012340208004500004400000000401112990a002a020a002a0f109210920030e1be54324e3101020001545254320000002800000000000c000078e0cb4a010000000000032800000028
CAPTURE 1 14547862736 525400123402525400123401080045000038e0cc40004011f1d70a002a0f0a002a021092109200242d4a54324e31010400005452543200000000000000280000000057a8a56a
CAPTURE 1 14579035904 525400123402525400123401080045000044e0d440004011f1c30a002a0f0a002a021092109200304e9b54324e3101010001545254320000002900000000000c0000a7a43048010000000000028900000029
CAPTURE 1 14639211184 52540012340152540012340208004500003800000000401112a50a002a020a002a0f109210920024385f54324e31010400005452543200000000000000290000000040d3b129
CAPTURE 1 14639769248 52540012340152540012340208004500004400000000401112990a002a020a002a0f1092109200301c8754324e3101020001545254320000002900000000000c0000d0ac38b2010000000000032a00000029
CAPTURE 1 14676517344 525400123402525400123401080045000038e0dd40004011f1c60a002a0f0a002a02109210920024385f54324e31010400005452543200000000000000290000000040d3b129
CAPTURE 1 14709968304 525400123402525400123401080045000044e0de40004011f1b90a002a0f0a002a02109210920030f25454324e3101010001545254320000002a00000000000c00003620fe1101000000000002880000002a
CAPTURE 1 14769246896 52540012340152540012340208004500003800000000401112a50a002a020a002a0f109210920024231054324e310104000054525432000000000000002a00000000795e8dec
CAPTURE 1 14770077888 52540012340152540012340208004500004400000000401112990a002a020a002a0f109210920030edce54324e3101020001545254320000002a00000000000c00004128f6eb010000000000032b0000002a
CAPTURE 1 14806347040 525400123402525400123401080045000038e0f740004011f1ac0a002a0f0a002a02109210920024231054324e310104000054525432000000000000002a00000000795e8dec
CAPTURE 1 14838649584 525400123402525400123401080045000044e0f840004011f19f0a002a0f0a002a02109210920030d57d54324e3101010001545254320000002b00000000000c0000d9cc773901000000000002890000002b
CAPTURE 1 14910403984 52540012340152540012340208004500003800000000401112a50a002a020a002a0f109210920024228554324e310104000054525432000000000000002b000000006e2599af
CAPTURE 1 14911220336 52540012340152540012340208004500004400000000401112990a002a020a002a0f10921092003079f854324e3101020001545254320000002b00000000000c000021848a63010000000000032c0000002b
CAPTURE 1 14948063808 525400123402525400123401080045000038e0fc40004011f1a70a002a0f0a002a02109210920024228554324e310104000054525432000000000000002b000000006e2599af
CAPTURE 1 14979014848 525400123402525400123401080045000044e10340004011f1940a002a0f0a002a021092109200303a6854324e3101010001545254320000002c00000000000c0000b498378201000000000002880000002c
CAPTURE 1 15039092768 52540012340152540012340208004500003800000000401112a50a002a020a002a0f1092109200242bae54324e310104000054525432000000000000002c000000000a44f466
CAPTURE 1 15039678672 52540012340152540012340208004500004400000000401112990a002a020a002a0f10921092003022d654324e3101020001545254320000002c00000000000c0000c3903f78010000000000032b0000002c
CAPTURE 1 15077461024 525400123402525400123401080045000038e10740004011f19c0a002a0f0a002a021092109200242bae54324e310104000054525432000000000000002c000000000a44f466
CAPTURE 1 15109513344 525400123402525400123401080045000044e10940004011f18e0a002a0f0a002a02109210920030453054324e3101010001545254320000002d00000000000c00001cd4c47a010000000000028a0000002d
CAPTURE 1 15170413168 52540012340152540012340208004500003800000000401112a50a002a020a002a0f1092109200242cf354324e310104000054525432000000000000002d000000001d3fe025
CAPTURE 1 15171273520 52540012340152540012340208004500004400000000401112990a002a020a002a0f1092109200303eaf54324e3101020001545254320000002d00000000000c0000a33c43f0010000000000032c0000002d
CAPTURE 1 15211047808 525400123402525400123401080045000038e11240004011f1910a002a0f0a002a021092109200242cf354324e310104000054525432000000000000002d000000001d3fe025
CAPTURE 1 15243135840 525400123402525400123401080045000044e11840004011f17f0a002a0f0a002a02109210920030d5a954324e3101010001545254320000002e00000000000c0000f790594301000000000002890000002e
CAPTURE 1 15309326960 52540012340152540012340208004500003800000000401112a50a002a020a002a0f10921092002428c454324e310104000054525432000000000000002e0000000024b2dce0
CAPTURE 1 15310531968 52540012340152540012340208004500004400000000401112990a002a020a002a0f109210920030efd854324e3101020001545254320000002e00000000000c0000bdf87809010000000000032b0000002e
CAPTURE 1 15348803104 525400123402525400123401080045000038e11a40004011f1890a002a0f0a002a0210921092002428c454324e310104000054525432000000000000002e0000000024b2dce0
CAPTURE 1 15379596512 525400123402525400123401080045000044e11c40004011f17b0a002a0f0a002a021092109200301be254324e3101010001545254320000002f00000000000c00005fdcaabb010000000000028b0000002f
CAPTURE 1 15449409520 52540012340152540012340208004500003800000000401112a50a002a020a002a0f1092109200242de954324e310104000054525432000000000000002f0000000033c9c8a3
CAPTURE 1 15450328624 52540012340152540012340208004500004400000000401112990a002a020a002a0f109210920030440254324e3101020001545254320000002f00000000000c0000dd540481010000000000032c0000002f
CAPTURE 1 15490770144 525400123402525400123401080045000038e12440004011f17f0a002a0f0a002a021092109200242de954324e310104000054525432000000000000002f0000000033c9c8a3
CAPTURE 1 15521674352 525400123402525400123401080045000044e12540004011f1720a002a0f0a002a0210921092003009f154324e3101010001545254320000003000000000000c000055f8c68f010000000000028a00000030
CAPTURE 1 15588913856 52540012340152540012340208004500003800000000401112a50a002a020a002a0f109210920024a4a154324e31010400005452543200000000000000300000000040b04503
CAPTURE 1 15589451552 52540012340152540012340208004500004400000000401112990a002a020a002a0f109210920030fabf54324e3101020001545254320000003000000000000c0000ea104105010000000000032c00000030
CAPTURE 1 15627572048 525400123402525400123401080045000038e13e40004011f1650a002a0f0a002a02109210920024a4a154324e31010400005452543200000000000000300000000040b04503
CAPTURE 1 15658965040 525400123402525400123401080045000044e14240004011f1550a002a0f0a002a021092109200301cba54324e3101010001545254320000003100000000000c0000ba144fa7010000000000028b00000031
CAPTURE 1 15720249344 52540012340152540012340208004500003800000000401112a50a002a020a002a0f109210920024814854324e31010400005452543200000000000000310000000057cb5140
CAPTURE 1 15720987696 52540012340152540012340208004500004400000000401112990a002a020a002a0f1092109200300b9a54324e3101020001545254320000003100000000000c0000389ce19d010000000000032c00000031
CAPTURE 1 15760622320 525400123402525400123401080045000038e14a40004011f1590a002a0f0a002a02109210920024814854324e31010400005452543200000000000000310000000057cb5140
CAPTURE 1 15793121600 525400123402525400123401080045000044e14d40004011f14a0a002a0f0a002a02109210920030673554324e3101010001545254320000003200000000000c000016f0a84e010000000000028b00000032
CAPTURE 1 15849122528 52540012340152540012340208004500003800000000401112a50a002a020a002a0f1092109200244e8754324e3101040000545254320000000000000032000000006e466d85
CAPTURE 1 15849797152 52540012340152540012340208004500004400000000401112990a002a020a002a0f1092109200308ae554324e3101020001545254320000003200000000000c000094780674010000000000032c00000032
CAPTURE 1 15888396496 525400123402525400123401080045000038e15440004011f14f0a002a0f0a002a021092109200244e8754324e3101040000545254320000000000000032000000006e466d85
CAPTURE 1 15918917808 525400123402525400123401080045000044e15b40004011f13c0a002a0f0a002a02109210920030591f54324e3101010001545254320000003300000000000c0000c47c08d6010000000000028b00000033
CAPTURE 1 15979060608 52540012340152540012340208004500003800000000401112a50a002a020a002a0f109210920024374e54324e310104000054525432000000000000003300000000793d79c6
CAPTURE 1 15979668976 52540012340152540012340208004500004400000000401112990a002a020a002a0f10921092003037ef54324e3101020001545254320000003300000000000c000046f4a6ec010000000000032c00000033
CAPTURE 1 16018524288 525400123402525400123401080045000038e17440004011f12f0a002a0f0a002a02109210920024374e54324e310104000054525432000000000000003300000000793d79c6
CAPTURE 1 16048961504 525400123402525400123401080045000044e17840004011f11f0a002a0f0a002a02109210920030423954324e3101010001545254320000003400000000000c00002668bdcd010000000000028c00000034
CAPTURE 1 16109648288 52540012340152540012340208004500003800000000401112a50a002a020a002a0f109210920024f8e554324e3101040000545254320000000000000034000000001d5c140f
CAPTURE 1 16110659632 52540012340152540012340208004500004400000000401112990a002a020a002a0f1092109200303f2654324e3101020001545254320000003400000000000c000016c0cfe7010000000000032c00000034
CAPTURE 1 16148333776 525400123402525400123401080045000038e18040004011f1230a002a0f0a002a02109210920024f8e554324e3101040000545254320000000000000034000000001d5c140f
CAPTURE 1 16179432160 525400123402525400123401080045000044e18240004011f1150a002a0f0a002a02109210920030143354324e3101010001545254320000003500000000000c0000f4e41d55010000000000028c00000035
CAPTURE 1 16246033344 52540012340152540012340208004500003800000000401112a50a002a020a002a0f1092109200241fdd54324e3101040000545254320000000000000035000000000a27004c
CAPTURE 1 16246795568 52540012340152540012340208004500004400000000401112990a002a020a002a0f109210920030f1ff54324e3101020001545254320000003500000000000c0000c44c6f7f010000000000032c00000035
CAPTURE 1 16283021456 525400123402525400123401080045000038e19440004011f10f0a002a0f0a002a021092109200241fdd54324e3101040000545254320000000000000035000000000a27004c
CAPTURE 1 16318610464 525400123402525400123401080045000044e19b40004011f0fc0a002a0f0a002a02109210920030d3ad54324e3101010001545254320000003600000000000c00005800fabc010000000000028c00000036
CAPTURE 1 16379494928 52540012340152540012340208004500003800000000401112a50a002a020a002a0f109210920024ba1b54324e31010400005452543200000000000000360000000033aa3c89
CAPTURE 1 16380352240 52540012340152540012340208004500004400000000401112990a002a020a002a0f109210920030348b54324e3101020001545254320000003600000000000c000068a88896010000000000032c00000036
CAPTURE 1 16418852512 525400123402525400123401080045000038e19f40004011f1040a002a0f0a002a02109210920024ba1b54324e31010400005452543200000000000000360000000033aa3c89
CAPTURE 1 16454499856 525400123402525400123401080045000044e1a540004011f0f20a002a0f0a002a0210921092003041b854324e3101010001545254320000003700000000000c00008a8c5a24010000000000028c00000037
CAPTURE 1 16518553968 52540012340152540012340208004500003800000000401112a50a002a020a002a0f109210920024dcb254324e31010400005452543200000000000000370000000024d128ca
CAPTURE 1 16519099088 52540012340152540012340208004500004400000000401112990a002a020a002a0f109210920030439554324e3101020001545254320000003700000000000c0000ba24280e010000000000032c00000037
CAPTURE 1 16554900032 525400123402525400123401080045000038e1b540004011f0ee0a002a0f0a002a02109210920024dcb254324e31010400005452543200000000000000370000000024d128ca
CAPTURE 1 16589212272 525400123402525400123401080045000044e1bd40004011f0da0a002a0f0a002a02109210920030604354324e3101010001545254320000003800000000000c0000c508011a010000000000028d00000038
CAPTURE 1 16649079072 52540012340152540012340208004500003800000000401112a50a002a020a002a0f10921092002447c854324e310104000054525432000000000000003800000000fb68e71b
CAPTURE 1 16649946000 52540012340152540012340208004500004400000000401112990a002a020a002a0f109210920030bcf354324e3101020001545254320000003800000000000c0000f5a07330010000000000032d00000038
CAPTURE 1 16685350880 525400123402525400123401080045000038e1d240004011f0d10a002a0f0a002a0210921092002447c854324e310104000054525432000000000000003800000000fb68e71b
CAPTURE 1 16720722400 525400123402525400123401080045000044e1d840004011f0bf0a002a0f0a002a02109210920030397f54324e3101010001545254320000003900000000000c000098c45422010000000000028b00000039
CAPTURE 1 16778973312 52540012340152540012340208004500003800000000401112a50a002a020a002a0f1092109200244adf54324e310104000054525432000000000000003900000000ec13f358
CAPTURE 1 16779705952 52540012340152540012340208004500004400000000401112990a002a020a002a0f1092109200302aee54324e3101020001545254320000003900000000000c0000272cd3a8010000000000032d00000039
CAPTURE 1 16816089760 525400123402525400123401080045000038e1e140004011f0c20a002a0f0a002a021092109200244adf54324e310104000054525432000000000000003900000000ec13f358
CAPTURE 1 16851422256 525400123402525400123401080045000044e1e540004011f0b20a002a0f0a002a021092109200303e7854324e3101010001545254320000003a00000000000c00003420b3cb010000000000028b0000003a
CAPTURE 1 16908997984 52540012340152540012340208004500003800000000401112a50a002a020a002a0f109210920024850e54324e310104000054525432000000000000003a00000000d59ecf9d
CAPTURE 1 16909561024 52540012340152540012340208004500004400000000401112990a002a020a002a0f10921092003065b754324e3101020001545254320000003a00000000000c00008bc83441010000000000032d0000003a
CAPTURE 1 16946699536 525400123402525400123401080045000038e1f540004011f0ae0a002a0f0a002a02109210920024850e54324e310104000054525432000000000000003a00000000d59ecf9d
CAPTURE 1 16982782672 525400123402525400123401080045000044e1fd40004011f09a0a002a0f0a002a021092109200302c6254324e3101010001545254320000003b00000000000c0000e6ac1353010000000000028b0000003b
CAPTURE 1 17039216192 52540012340152540012340208004500003800000000401112a50a002a020a002a0f1092109200248b8554324e310104000054525432000000000000003b00000000c2e5dbde
CAPTURE 1 17040046944 52540012340152540012340208004500004400000000401112990a002a020a002a0f10921092003037a154324e3101020001545254320000003b00000000000c0000594494d9010000000000032d0000003b
CAPTURE 1 17076444352 525400123402525400123401080045000038e20640004011f09d0a002a0f0a002a021092109200248b8554324e310104000054525432000000000000003b00000000c2e5dbde
CAPTURE 1 17111432112 525400123402525400123401080045000044e20e40004011f0890a002a0f0a002a02109210920030f56e54324e3101010001545254320000003c00000000000c0000b6987a58010000000000028b0000003c
CAPTURE 1 17168921600 52540012340152540012340208004500003800000000401112a50a002a020a002a0f109210920024cdac54324e310104000054525432000000000000003c00000000a684b617
CAPTURE 1 17169502960 52540012340152540012340208004500004400000000401112990a002a020a002a0f1092109200301e7a54324e3101020001545254320000003c00000000000c00000970fdd2010000000000032d0000003c
CAPTURE 1 17205763904 525400123402525400123401080045000038e21b40004011f0880a002a0f0a002a02109210920024cdac54324e310104000054525432000000000000003c00000000a684b617
CAPTURE 1 17239911792 525400123402525400123401080045000044e21c40004011f07b0a002a0f0a002a02109210920030d97954324e3101010001545254320000003d00000000000c00005974f370010000000000028a0000003d
CAPTURE 1 17299143632 52540012340152540012340208004500003800000000401112a50a002a020a002a0f109210920024d5f354324e310104000054525432000000000000003d00000000b1ffa254
CAPTURE 1 17299703728 52540012340152540012340208004500004400000000401112990a002a020a002a0f109210920030ca2454324e3101020001545254320000003d00000000000c0000e69c74fa010000000000032c0000003d
CAPTURE 1 17336783264 525400123402525400123401080045000038e22a40004011f0790a002a0f0a002a02109210920024d5f354324e310104000054525432000000000000003d00000000b1ffa254
CAPTURE 1 17372677616 525400123402525400123401080045000044e22b40004011f06c0a002a0f0a002a0210921092003005e454324e3101010001545254320000003e00000000000c0000b2306e4901000000000002890000003e
CAPTURE 1 17428800624 52540012340152540012340208004500003800000000401112a50a002a020a002a0f109210920024034354324e310104000054525432000000000000003e0000000088729e91
CAPTURE 1 17429498016 52540012340152540012340208004500004400000000401112990a002a020a002a0f109210920030de5e54324e3101020001545254320000003e00000000000c0000f8584f03010000000000032b0000003e
CAPTURE 1 17465620608 525400123402525400123401080045000038e23740004011f06c0a002a0f0a002a02109210920024034354324e310104000054525432000000000000003e0000000088729e91
CAPTURE 1 17500840672 525400123402525400123401080045000044e24040004011f0570a002a0f0a002a02109210920030ea7154324e3101010001545254320000003f00000000000c0000e2ec590001000000000002860000003f
CAPTURE 1 17559034800 52540012340152540012340208004500003800000000401112a50a002a020a002a0f109210920024006a54324e310104000054525432000000000000003f000000009f098ad2
CAPTURE 1 17559717696 52540012340152540012340208004500004400000000401112990a002a020a002a0f1092109200300b4954324e3101020001545254320000003f00000000000c00002ad4ef9b010000000000032b0000003f
CAPTURE 1 17594464240 525400123402525400123401080045000038e25040004011f0530a002a0f0a002a02109210920024006a54324e310104000054525432000000000000003f000000009f098ad2
CAPTURE 1 17629523520 525400123402525400123401080045000044e25840004011f03f0a002a0f0a002a02109210920030e39954324e3101010001545254320000004000000000000c00002c291698010000000000028800000040
CAPTURE 1 17688948768 52540012340152540012340208004500003800000000401112a50a002a020a002a0f109210920024f35a54324e310104000054525432000000000000004000000000b01386d6
CAPTURE 1 17689612576 52540012340152540012340208004500004400000000401112990a002a020a002a0f109210920030ac3354324e3101020001545254320000004000000000000c00005b211e62010000000000032b00000040
CAPTURE 1 17724873216 525400123402525400123401080045000038e26b40004011f0380a002a0f0a002a02109210920024f35a54324e310104000054525432000000000000004000000000b01386d6
CAPTURE 1 17759868560 525400123402525400123401080045000044e26d40004011f02a0a002a0f0a002a02109210920030c2e154324e3101010001545254320000004100000000000c0000c3c59fb0010000000000028900000041
CAPTURE 1 17819080768 52540012340152540012340208004500003800000000401112a50a002a020a002a0f109210920024f04554324e310104000054525432000000000000004100000000a7689295
CAPTURE 1 17819644160 52540012340152540012340208004500004400000000401112990a002a020a002a0f109210920030873c54324e3101020001545254320000004100000000000c00003b8d62ea010000000000032c00000041
CAPTURE 1 17856299024 525400123402525400123401080045000038e27b40004011f0280a002a0f0a002a02109210920024f04554324e310104000054525432000000000000004100000000a7689295
CAPTURE 1 17891959328 525400123402525400123401080045000044e27e40004011f0190a002a0f0a002a02109210920030495e54324e3101010001545254320000004200000000000c0000ed71ef88010000000000028600000042
CAPTURE 1 17948806464 52540012340152540012340208004500003800000000401112a50a002a020a002a0f109210920024dd0c54324e3101040000545254320000000000000042000000009ee5ae50
CAPTURE 1 17949365456 52540012340152540012340208004500004400000000401112990a002a020a002a0f1092109200309ce754324e3101020001545254320000004200000000000c0000182970a3010000000000032a00000042
CAPTURE 1 17986661344 525400123402525400123401080045000038e28d40004011f0160a002a0f0a002a02109210920024dd0c54324e3101040000545254320000000000000042000000009ee5ae50
CAPTURE 1 18021242880 525400123402525400123401080045000044e29340004011f0040a002a0f0a002a02109210920030bd1854324e3101010001545254320000004300000000000c0000029d66a0010000000000028700000043
CAPTURE 1 18079012464 52540012340152540012340208004500003800000000401112a50a002a020a002a0f109210920024e68f54324e310104000054525432000000000000004300000000899eba13
CAPTURE 1 18079619520 52540012340152540012340208004500004400000000401112990a002a020a002a0f1092109200308ad054324e3101020001545254320000004300000000000c0000caa5d03b010000000000032a00000043
CAPTURE 1 18116204976 525400123402525400123401080045000038e2a940004011effa0a002a0f0a002a02109210920024e68f54324e310104000054525432000000000000004300000000899eba13
CAPTURE 1 18152490432 525400123402525400123401080045000044e2b040004011efe70a002a0f0a002a02109210920030907054324e3101010001545254320000004400000000000c00006fc9261b010000000000028600000044
CAPTURE 1 18208645072 52540012340152540012340208004500003800000000401112a50a002a020a002a0f109210920024646654324e310104000054525432000000000000004400000000edffd7da
CAPTURE 1 18209219376 52540012340152540012340208004500004400000000401112990a002a020a002a0f109210920030d1ed54324e3101020001545254320000004400000000000c00009a91b930010000000000032a00000044
CAPTURE 1 18247074560 525400123402525400123401080045000038e2bb40004011efe80a002a0f0a002a02109210920024646654324e310104000054525432000000000000004400000000edffd7da
CAPTURE 1 18282543600 525400123402525400123401080045000044e2bd40004011efda0a002a0f0a002a0210921092003088eb54324e3101010001545254320000004500000000000c0000c785d5e3010000000000028400000045
CAPTURE 1 18338915200 52540012340152540012340208004500003800000000401112a50a002a020a002a0f1092109200246c2154324e310104000054525432000000000000004500000000fa84c399
CAPTURE 1 18339498016 52540012340152540012340208004500004400000000401112990a002a020a002a0f109210920030b27954324e3101020001545254320000004500000000000c00000fbd6378010000000000032900000045
CAPTURE 1 18375989952 525400123402525400123401080045000038e2d340004011efd00a002a0f0a002a021092109200246c2154324e310104000054525432000000000000004500000000fa84c399
CAPTURE 1 18415526960 525400123402525400123401080045000044e2d540004011efc20a002a0f0a002a02109210920030b49654324e3101010001545254320000004600000000000c000056011bba010000000000028500000046
CAPTURE 1 18468900784 52540012340152540012340208004500003800000000401112a50a002a020a002a0f10921092002467d854324e310104000054525432000000000000004600000000c309ff5c
CAPTURE 1 18469688992 52540012340152540012340208004500004400000000401112990a002a020a002a0f109210920030fdc154324e3101020001545254320000004600000000000c0000a3598491010000000000032900000046
CAPTURE 1 18506666432 525400123402525400123401080045000038e2da40004011efc90a002a0f0a002a0210921092002467d854324e310104000054525432000000000000004600000000c309ff5c
CAPTURE 1 18539623600 525400123402525400123401080045000044e2e140004011efb60a002a0f0a002a02109210920030d9d054324e3101010001545254320000004700000000000c0000b9ed9292010000000000028400000047
CAPTURE 1 18599068128 52540012340152540012340208004500003800000000401112a50a002a020a002a0f1092109200246aab54324e310104000054525432000000000000004700000000d472eb1f
CAPTURE 1 18599613248 52540012340152540012340208004500004400000000401112990a002a020a002a0f1092109200308fcc54324e3101020001545254320000004700000000000c000071d52409010000000000032900000047
CAPTURE 1 18636773216 525400123402525400123401080045000038e2ee40004011efb50a002a0f0a002a021092109200246aab54324e310104000054525432000000000000004700000000d472eb1f
CAPTURE 1 18680389920 525400123402525400123401080045000044e2f840004011ef9f0a002a0f0a002a02109210920030c10654324e3101010001545254320000004800000000000c0000b1c9b37c010000000000028600000048
CAPTURE 1 18729117472 52540012340152540012340208004500003800000000401112a50a002a020a002a0f109210920024f9a354324e3101040000545254320000000000000048000000000bcb24ce
CAPTURE 1 18729798800 52540012340152540012340208004500004400000000401112990a002a020a002a0f109210920030cbf054324e3101020001545254320000004800000000000c000003315687010000000000032900000048
CAPTURE 1 18936469760 525400123402525400123401080045000038e32540004011ef7e0a002a0f0a002a02109210920024f9a354324e3101040000545254320000000000000048000000000bcb24ce
CAPTURE 1 18973555824 525400123402525400123401080045000044e32840004011ef6f0a002a0f0a002a021092109200308dd054324e3101010001545254320000004900000000000c00005e253a54010000000000028700000049
CAPTURE 1 19029146656 525400123401525400123402080045000040000000004011129d0a002a020a002a0f10921092002caf6a54324e3101050000545254320000000000000000000800004a20f0c6000000000000401a
CAPTURE 1 19030466672 52540012340152540012340208004500003800000000401112a50a002a020a002a0f109210920024dcfe54324e3101040000545254320000000000000049000000001cb0308d
CAPTURE 1 19031441616 52540012340152540012340208004500004400000000401112990a002a020a002a0f10921092003002b954324e3101020001545254320000004900000000000c0000961d8ccf010000000000032a00000049
CAPTURE 1 19088557328 525400123402525400123401080045000038e32e40004011ef750a002a0f0a002a02109210920024dcfe54324e3101040000545254320000000000000049000000001cb0308d
CAPTURE 1 19124156480 525400123402525400123401080045000044e33740004011ef600a002a0f0a002a02109210920030493d54324e3101010001545254320000004a00000000000c00001d61bf9f01000000000002910000004a
CAPTURE 1 19158892976 52540012340152540012340208004500003800000000401112a50a002a020a002a0f109210920024f8b554324e310104000054525432000000000000004a00000000253d0c48
CAPTURE 1 19159565680 52540012340152540012340208004500004400000000401112990a002a020a002a0f109210920030883f54324e3101020001545254320000004a00000000000c0000cf79cde6010000000000032e0000004a
CAPTURE 1 19196207136 525400123402525400123401080045000038e34440004011ef5f0a002a0f0a002a02109210920024f8b554324e310104000054525432000000000000004a00000000253d0c48
CAPTURE 1 19230695088 525400123402525400123401080045000044e34740004011ef500a002a0f0a002a02109210920030b05f54324e3101010001545254320000004b00000000000c0000e5bd9024010000000000028b0000004b
CAPTURE 1 19290423712 52540012340152540012340208004500003800000000401112a50a002a020a002a0f109210920024dfe854324e310104000054525432000000000000004b000000003246180b
CAPTURE 1 19290969968 52540012340152540012340208004500004400000000401112990a002a020a002a0f109210920030b39b54324e3101020001545254320000004b00000000000c00005a5517ae010000000000032d0000004b
CAPTURE 1 19328702448 525400123402525400123401080045000038e35140004011ef520a002a0f0a002a02109210920024dfe854324e310104000054525432000000000000004b000000003246180b
CAPTURE 1 19503392832 525400123401525400123402080045000040000000004011129d0a002a020a002a0f10921092002c09b654324e31010500005452543200000000000000000008000013e4cae100000000000041f0
CAPTURE 1 19525886656 525400123402525400123401080045000044e36340004011ef340a002a0f0a002a021092109200301bb254324e3101010001545254320000004c00000000000c0000e519256c01000000000002930000004c
CAPTURE 1 19559575584 525400123402525400123401080045000040e36b40004011ef300a002a0f0a002a0210921092002cd2c054324e310105000054525432000000000000000000080000614ecaec0000000000002b70
CAPTURE 1 19607928096 52540012340152540012340208004500003800000000401112a50a002a020a002a0f1092109200245e4f54324e310104000054525432000000000000004c00000000562775c2
CAPTURE 1 19609126192 52540012340152540012340208004500004400000000401112990a002a020a002a0f10921092003065f254324e3101020001545254320000004c00000000000c000092112d9601000000000003300000004c
CAPTURE 1 19651843712 525400123402525400123401080045000038e38040004011ef230a002a0f0a002a021092109200245e4f54324e310104000054525432000000000000004c00000000562775c2
CAPTURE 1 19687066160 525400123402525400123401080045000044e38340004011ef140a002a0f0a002a02109210920030024e54324e3101010001545254320000004d00000000000c00004d55d69401000000000002910000004d
CAPTURE 1 19739216528 52540012340152540012340208004500003800000000401112a50a002a020a002a0f109210920024875a54324e310104000054525432000000000000004d00000000415c6181
CAPTURE 1 19745457280 52540012340152540012340208004500004400000000401112990a002a020a002a0f109210920030a9c954324e3101020001545254320000004d00000000000c00008c36f02c010000000000029b0000004d
CAPTURE 1 19782482352 525400123402525400123401080045000038e38640004011ef1d0a002a0f0a002a02109210920024875a54324e310104000054525432000000000000004d00000000415c6181
CAPTURE 1 19817070080 525400123402525400123401080045000044e38840004011ef0f0a002a0f0a002a02109210920030f0a054324e3101010001545254320000004e00000000000c0000ed99472501000000000003670000004e
CAPTURE 1 19878841136 52540012340152540012340208004500003800000000401112a50a002a020a002a0f109210920024542154324e310104000054525432000000000000004e0000000078d15d44
CAPTURE 1 19879416224 52540012340152540012340208004500004400000000401112990a002a020a002a0f109210920030a53f54324e3101020001545254320000004e00000000000c0000e83298b5010000000000029e0000004e
CAPTURE 1 19915835792 525400123402525400123401080045000038e38c40004011ef170a002a0f0a002a02109210920024542154324e310104000054525432000000000000004e0000000078d15d44
CAPTURE 1 20088844784 525400123401525400123402080045000040000000004011129d0a002a020a002a0f10921092002c02cb54324e310105000054525432000000000000000000080000124fd113000000000000443e
CAPTURE 1 20109738608 525400123402525400123401080045000044e3a740004011eef00a002a0f0a002a02109210920030573b54324e3101010001545254320000004f00000000000c00000ca3c0fe01000000000003e80000004f
CAPTURE 1 20145351968 525400123402525400123401080045000040e3a840004011eef30a002a0f0a002a0210921092002c0f8854324e310105000054525432000000000000000000080000d5ac177e0000000000002db9
CAPTURE 1 20196815984 52540012340152540012340208004500003800000000401112a50a002a020a002a0f109210920024718454324e310104000054525432000000000000004f000000006faa4907
CAPTURE 1 20197588928 52540012340152540012340208004500004400000000401112990a002a020a002a0f10921092003053b354324e3101020001545254320000004f00000000000c0000450d8d3601000000000002cd0000004f
CAPTURE 1 20238839472 525400123402525400123401080045000038e3bc40004011eee70a002a0f0a002a02109210920024718454324e310104000054525432000000000000004f000000006faa4907
CAPTURE 1 20273792000 525400123402525400123401080045000044e3c340004011eed40a002a0f0a002a02109210920030637954324e3101010001545254320000005000000000000c00003be7857a01000000000003e800000050
CAPTURE 1 20328779072 52540012340152540012340208004500003800000000401112a50a002a020a002a0f10921092002448ba54324e3101040000545254320000000000000050000000001cd3c4a7
CAPTURE 1 20329348832 52540012340152540012340208004500004400000000401112990a002a020a002a0f109210920030e17d54324e3101020001545254320000005000000000000c0000be9885c701000000000002e400000050
CAPTURE 1 20367235664 525400123402525400123401080045000038e3d740004011eecc0a002a0f0a002a0210921092002448ba54324e3101040000545254320000000000000050000000001cd3c4a7
CAPTURE 1 20405270320 525400123402525400123401080045000044e3d940004011eebe0a002a0f0a002a02109210920030158b54324e3101010001545254320000005100000000000c0000e96b25e201000000000003e800000051
CAPTURE 1 20459083312 52540012340152540012340208004500003800000000401112a50a002a020a002a0f1092109200244da754324e3101040000545254320000000000000051000000000ba8d0e4
CAPTURE 1 20459687088 52540012340152540012340208004500004400000000401112990a002a020a002a0f109210920030f5be54324e3101020001545254320000005100000000000c00001bc4144e01000000000002ef00000051
CAPTURE 1 20655893248 525400123401525400123402080045000040000000004011129d0a002a020a002a0f10921092002cccf854324e310105000054525432000000000000000000080000bfc657340000000000004678
CAPTURE 1 20666580848 525400123402525400123401080045000038e3f540004011eeae0a002a0f0a002a021092109200244da754324e3101040000545254320000000000000051000000000ba8d0e4
CAPTURE 1 20702561936 525400123402525400123401080045000044e3f740004011eea00a002a0f0a002a021092109200301d3c54324e3101010001545254320000005200000000000c0000458fc20b01000000000003e800000052
CAPTURE 1 20768702096 52540012340152540012340208004500003800000000401112a50a002a020a002a0f1092109200240bec54324e3101040000545254320000000000000052000000003225ec21
CAPTURE 1 20769219568 52540012340152540012340208004500004400000000401112990a002a020a002a0f109210920030308554324e3101020001545254320000005200000000000c0000a010553401000000000002f400000052
CAPTURE 1 20804781296 525400123402525400123401080045000038e3fb40004011eea80a002a0f0a002a021092109200240bec54324e3101040000545254320000000000000052000000003225ec21
CAPTURE 1 20839676160 525400123402525400123401080045000044e40440004011ee930a002a0f0a002a021092109200302b3e54324e3101010001545254320000005300000000000c00009703629301000000000003e800000053
CAPTURE 1 20899227184 52540012340152540012340208004500003800000000401112a50a002a020a002a0f1092109200240c7154324e310104000054525432000000000000005300000000255ef862
CAPTURE 1 20899815264 52540012340152540012340208004500004400000000401112990a002a020a002a0f109210920030769d54324e3101020001545254320000005300000000000c0000085ca6cc01000000000002f600000053
CAPTURE 1 20934896544 525400123402525400123401080045000038e40e40004011ee950a002a0f0a002a021092109200240c7154324e310104000054525432000000000000005300000000255ef862
CAPTURE 1 20967300144 525400123402525400123401080045000044e41140004011ee860a002a0f0a002a02109210920030520354324e3101010001545254320000005400000000000c0000c7370b9801000000000003e800000054
CAPTURE 1 21028612464 52540012340152540012340208004500003800000000401112a50a002a020a002a0f109210920024534654324e310104000054525432000000000000005400000000413f95ab
CAPTURE 1 21029264864 52540012340152540012340208004500004400000000401112990a002a020a002a0f109210920030da4254324e3101020001545254320000005400000000000c00006508e67701000000000002f700000054
CAPTURE 1 21225920880 525400123401525400123402080045000040000000004011129d0a002a020a002a0f10921092002c35b154324e3101050000545254320000000000000000000800005af4511400000000000048b2
CAPTURE 1 21235735280 525400123402525400123401080045000038e44d40004011ee560a002a0f0a002a02109210920024534654324e310104000054525432000000000000005400000000413f95ab
CAPTURE 1 21273825552 525400123402525400123401080045000044e45140004011ee460a002a0f0a002a02109210920030501554324e3101010001545254320000005500000000000c000097eb3cd101000000000003e700000055
CAPTURE 1 21338615216 52540012340152540012340208004500003800000000401112a50a002a020a002a0f109210920024520354324e310104000054525432000000000000005500000000564481e8
CAPTURE 1 21339148272 52540012340152540012340208004500004400000000401112990a002a020a002a0f109210920030274d54324e3101020001545254320000005500000000000c0000b78446ef01000000000002f700000055
CAPTURE 1 21374651520 525400123402525400123401080045000038e46640004011ee3d0a002a0f0a002a02109210920024520354324e310104000054525432000000000000005500000000564481e8
CAPTURE 1 21409122864 525400123402525400123401080045000044e46840004011ee2f0a002a0f0a002a021092109200302bd954324e3101010001545254320000005600000000000c0000066ff28801000000000003e600000056
CAPTURE 1 21469008656 52540012340152540012340208004500003800000000401112a50a002a020a002a0f109210920024fd3754324e3101040000545254320000000000000056000000006fc9bd2d
CAPTURE 1 21469580688 52540012340152540012340208004500004400000000401112990a002a020a002a0f109210920030770954324e3101020001545254320000005600000000000c0000260088b601000000000002f600000056
CAPTURE 1 21504093712 525400123402525400123401080045000038e48040004011ee230a002a0f0a002a02109210920024fd3754324e3101040000545254320000000000000056000000006fc9bd2d
CAPTURE 1 21540121680 525400123402525400123401080045000044e48140004011ee160a002a0f0a002a0210921092003068cc54324e3101010001545254320000005700000000000c0000934328c001000000000003e500000057
CAPTURE 1 21598865456 52540012340152540012340208004500003800000000401112a50a002a020a002a0f109210920024080d54324e31010400005452543200000000000000570000000078b2a96e
CAPTURE 1 21599671232 52540012340152540012340208004500004400000000401112990a002a020a002a0f109210920030090354324e3101020001545254320000005700000000000c0000f48c282e01000000000002f600000057
CAPTURE 1 21634516592 525400123402525400123401080045000038e48e40004011ee150a002a0f0a002a02109210920024080d54324e31010400005452543200000000000000570000000078b2a96e
CAPTURE 1 21832751760 525400123401525400123402080045000040000000004011129d0a002a020a002a0f10921092002cf19454324e310105000054525432000000000000000000080000b46339690000000000004b0a
CAPTURE 1 21835999248 525400123402525400123401080045000044e4b440004011ede30a002a0f0a002a02109210920030e8d754324e3101010001545254320000005800000000000c0000e1a75a4e01000000000003e500000058
CAPTURE 1 21870685552 525400123402525400123401080045000040e4b640004011ede50a002a0f0a002a0210921092002c71b354324e310105000054525432000000000000000000080000327051d10000000000003477
CAPTURE 1 21938015696 52540012340152540012340208004500003800000000401112a50a002a020a002a0f1092109200241c6254324e310104000054525432000000000000005800000000a70b66bf
CAPTURE 1 21938857760 52540012340152540012340208004500004400000000401112990a002a020a002a0f10921092003044b354324e3101020001545254320000005800000000000c000086685aa001000000000002f600000058
CAPTURE 1 21980800656 525400123402525400123401080045000038e4ca40004011edd90a002a0f0a002a021092109200241c6254324e310104000054525432000000000000005800000000a70b66bf
CAPTURE 1 21996336688 33330000000252540012340186dd6000000000103afffe80000000000000505400fffe123401ff0200000000000000000000000000028500725f000000000101525400123401
CAPTURE 1 22017058320 525400123402525400123401080045000044e4cc40004011edcb0a002a0f0a002a02109210920030f6c954324e3101010001545254320000005900000000000c0000332bfad601000000000003e500000059
CAPTURE 1 22069668800 52540012340152540012340208004500003800000000401112a50a002a020a002a0f10921092002406bf54324e310104000054525432000000000000005900000000b07072fc
CAPTURE 1 22070515168 52540012340152540012340208004500004400000000401112990a002a020a002a0f109210920030d69c54324e3101020001545254320000005900000000000c000054e4fa3801000000000002f600000059
CAPTURE 1 22106346048 525400123402525400123401080045000038e4d140004011edd20a002a0f0a002a0210921092002406bf54324e310104000054525432000000000000005900000000b07072fc
CAPTURE 1 22139084944 525400123402525400123401080045000044e4d240004011edc50a002a0f0a002a0210921092003067bb54324e3101010001545254320000005a00000000000c00009fcf1d3f01000000000003e50000005a
CAPTURE 1 22199032640 52540012340152540012340208004500003800000000401112a50a002a020a002a0f10921092002451f454324e310104000054525432000000000000005a0000000089fd4e39
CAPTURE 1 22199814672 52540012340152540012340208004500004400000000401112990a002a020a002a0f1092109200300fe654324e3101020001545254320000005a00000000000c0000f8001dd101000000000002f60000005a
CAPTURE 1 22235979344 525400123402525400123401080045000038e4dd40004011edc60a002a0f0a002a0210921092002451f454324e310104000054525432000000000000005a0000000089fd4e39
CAPTURE 1 22413021568 525400123401525400123402080045000040000000004011129d0a002a020a002a0f10921092002c2e2f54324e31010500005452543200000000000000000008000093881b660000000000004d4e
CAPTURE 1 22435325152 525400123402525400123401080045000044e4ee40004011eda90a002a0f0a002a0210921092003019dd54324e3101010001545254320000005b00000000000c00004d43bda701000000000003e50000005b
CAPTURE 1 22469067296 525400123402525400123401080045000040e4ef40004011edac0a002a0f0a002a0210921092002c5deb54324e3101050000545254320000000000000000000800002bf269c100000000000036cd
CAPTURE 1 22516474528 52540012340152540012340208004500003800000000401112a50a002a020a002a0f109210920024312954324e310104000054525432000000000000005b000000009e865a7a
CAPTURE 1 22517036944 52540012340152540012340208004500004400000000401112990a002a020a002a0f1092109200303de054324e3101020001545254320000005b00000000000c00002a8cbd4901000000000002f60000005b
CAPTURE 1 22556236656 525400123402525400123401080045000038e50240004011eda10a002a0f0a002a02109210920024312954324e310104000054525432000000000000005b000000009e865a7a
CAPTURE 1 22589161776 525400123402525400123401080045000044e50840004011ed8f0a002a0f0a002a0210921092003032a254324e3101010001545254320000005c00000000000c00001d77d4ac01000000000003e50000005c
CAPTURE 1 22649299680 52540012340152540012340208004500003800000000401112a50a002a020a002a0f109210920024f78d54324e310104000054525432000000000000005c00000000fae737b3
CAPTURE 1 22649818144 52540012340152540012340208004500004400000000401112990a002a020a002a0f109210920030d6b854324e3101020001545254320000005c00000000000c00007ab8d44201000000000002f60000005c
CAPTURE 1 22683760640 525400123402525400123401080045000038e51840004011ed8b0a002a0f0a002a02109210920024f78d54324e310104000054525432000000000000005c00000000fae737b3
CAPTURE 1 22717880976 525400123402525400123401080045000044e52040004011ed770a002a0f0a002a02109210920030e09354324e3101010001545254320000005d00000000000c0000cffb743401000000000003e50000005d
CAPTURE 1 22779353632 52540012340152540012340208004500003800000000401112a50a002a020a002a0f109210920024189b54324e310104000054525432000000000000005d00000000ed9c23f0
CAPTURE 1 22780372320 52540012340152540012340208004500004400000000401112990a002a020a002a0f10921092003008a354324e3101020001545254320000005d00000000000c0000a83474da01000000000002f60000005d
CAPTURE 1 22815284432 525400123402525400123401080045000038e52f40004011ed740a002a0f0a002a02109210920024189b54324e310104000054525432000000000000005d00000000ed9c23f0
CAPTURE 1 22992781664 525400123401525400123402080045000040000000004011129d0a002a020a002a0f10921092002cc4e254324e3101050000545254320000000000000000000800002edbe71b0000000000004f92
CAPTURE 1 23013111776 525400123402525400123401080045000044e53340004011ed640a002a0f0a002a021092109200300bd654324e3101010001545254320000005e00000000000c00005e7fba6d01000000000003e40000005e
CAPTURE 1 23047225456 525400123402525400123401080045000040e53640004011ed650a002a0f0a002a0210921092002c41c954324e310105000054525432000000000000000000080000d900d692000000000000390f
CAPTURE 1 23096605824 52540012340152540012340208004500003800000000401112a50a002a020a002a0f10921092002436e054324e310104000054525432000000000000005e00000000d4111f35
CAPTURE 1 23097166112 52540012340152540012340208004500004400000000401112990a002a020a002a0f1092109200308dac54324e3101020001545254320000005e00000000000c000004d0933301000000000002f60000005e
CAPTURE 1 23137053760 525400123402525400123401080045000038e54b40004011ed580a002a0f0a002a0210921092002436e054324e310104000054525432000000000000005e00000000d4111f35
CAPTURE 1 23169967648 525400123402525400123401080045000044e54c40004011ed4b0a002a0f0a002a021092109200301f0954324e3101010001545254320000005f00000000000c00003ed3c6e501000000000003e30000005f
CAPTURE 1 23228822320 52540012340152540012340208004500003800000000401112a50a002a020a002a0f1092109200245b4554324e310104000054525432000000000000005f00000000c36a0b76
CAPTURE 1 23229493168 52540012340152540012340208004500004400000000401112990a002a020a002a0f1092109200304a3754324e3101020001545254320000005f00000000000c000091fc497b01000000000002f50000005f
CAPTURE 1 23263451616 525400123402525400123401080045000038e55c40004011ed470a002a0f0a002a021092109200245b4554324e310104000054525432000000000000005f00000000c36a0b76
CAPTURE 1 23295517968 525400123402525400123401080045000044e55d40004011ed3a0a002a0f0a002a02109210920030c26254324e3101010001545254320000006000000000000c000030f7316501000000000003e400000060
CAPTURE 1 23358847440 52540012340152540012340208004500003800000000401112a50a002a020a002a0f109210920024f2cd54324e31010400005452543200000000000000600000000032e20475
CAPTURE 1 23359515200 52540012340152540012340208004500004400000000401112990a002a020a002a0f10921092003094c954324e3101020001545254320000006000000000000c00002df862eb01000000000002f500000060
CAPTURE 1 23393592816 525400123402525400123401080045000038e56a40004011ed390a002a0f0a002a02109210920024f2cd54324e31010400005452543200000000000000600000000032e20475
CAPTURE 1 23573582976 525400123401525400123402080045000040000000004011129d0a002a020a002a0f10921092002cf01c54324e3101050000545254320000000000000000000800008b2b5d4d00000000000051d6
CAPTURE 1 23592711840 525400123402525400123401080045000044e57a40004011ed1d0a002a0f0a002a02109210920030c96154324e3101010001545254320000006100000000000c000098bbc29d01000000000003e600000061
CAPTURE 1 23626821072 525400123402525400123401080045000040e58040004011ed1b0a002a0f0a002a0210921092002cbb5d54324e31010500005452543200000000000000000008000089eba9cf0000000000003b53
CAPTURE 1 23676588864 52540012340152540012340208004500003800000000401112a50a002a020a002a0f109210920024f45454324e31010400005452543200000000000000610000000025991036
CAPTURE 1 23677125504 52540012340152540012340208004500004400000000401112990a002a020a002a0f109210920030b43154324e3101020001545254320000006100000000000c0000b8d4b8a301000000000002f600000061
CAPTURE 1 23723893680 525400123402525400123401080045000038e58f40004011ed140a002a0f0a002a02109210920024f45454324e31010400005452543200000000000000610000000025991036
CAPTURE 1 23757945600 525400123402525400123401080045000044e59540004011ed020a002a0f0a002a021092109200306dab54324e3101010001545254320000006200000000000c00001e759a00010000000000027e00000062
CAPTURE 1 23819343632 52540012340152540012340208004500003800000000401112a50a002a020a002a0f109210920024e11b54324e3101040000545254320000000000000062000000001c142cf3
CAPTURE 1 23819864720 52540012340152540012340208004500004400000000401112990a002a020a002a0f109210920030869554324e3101020001545254320000006200000000000c000027867809010000000000027900000062
CAPTURE 1 23855812176 525400123402525400123401080045000038e59640004011ed0d0a002a0f0a002a02109210920024e11b54324e3101040000545254320000000000000062000000001c142cf3
CAPTURE 1 23895071856 525400123402525400123401080045000044e59d40004011ecfa0a002a0f0a002a0210921092003081bb54324e3101010001545254320000006300000000000c00006b1738b0010000000000031a00000063
CAPTURE 1 23948958672 52540012340152540012340208004500003800000000401112a50a002a020a002a0f109210920024e60254324e3101040000545254320000000000000063000000000b6f38b0
CAPTURE 1 23949831472 52540012340152540012340208004500004400000000401112990a002a020a002a0f109210920030b9ce54324e3101020001545254320000006300000000000c000082dae980010000000000027200000063
CAPTURE 1 23984259136 525400123402525400123401080045000038e5a340004011ed000a002a0f0a002a02109210920024e60254324e3101040000545254320000000000000063000000000b6f38b0
CAPTURE 1 24164924704 525400123401525400123402080045000040000000004011129d0a002a020a002a0f10921092002cf61f54324e310105000054525432000000000000000000080000a5ef3a380000000000005424
CAPTURE 1 24186902240 525400123402525400123401080045000044e5c440004011ecd30a002a0f0a002a02109210920030264054324e3101010001545254320000006400000000000c00001109eecf010000000000028200000064
CAPTURE 1 24222897392 525400123402525400123401080045000040e5c940004011ecd20a002a0f0a002a0210921092002c4f1754324e3101050000545254320000000000000000000800006561384c0000000000003da7
CAPTURE 1 24276586544 52540012340152540012340208004500003800000000401112a50a002a020a002a0f109210920024659954324e3101040000545254320000000000000064000000006f0e5579
CAPTURE 1 24277169008 52540012340152540012340208004500004400000000401112990a002a020a002a0f1092109200303ebf54324e3101020001545254320000006400000000000c0000fdcde9d3010000000000023900000064
CAPTURE 1 24318800320 525400123402525400123401080045000038e5d440004011eccf0a002a0f0a002a02109210920024659954324e3101040000545254320000000000000064000000006f0e5579
CAPTURE 1 24356077664 525400123402525400123401080045000044e5d740004011ecc00a002a0f0a002a02109210920030744254324e3101010001545254320000006500000000000c00009b76161e01000000000002c200000065
CAPTURE 1 24409016112 52540012340152540012340208004500003800000000401112a50a002a020a002a0f109210920024707054324e3101040000545254320000000000000065000000007875413a
CAPTURE 1 24409772544 52540012340152540012340208004500004400000000401112990a002a020a002a0f1092109200306e8954324e3101020001545254320000006500000000000c000065f151ea010000000000023300000065
CAPTURE 1 24448361168 525400123402525400123401080045000038e5ea40004011ecb90a002a0f0a002a02109210920024707054324e3101040000545254320000000000000065000000007875413a
CAPTURE 1 24483015232 525400123402525400123401080045000044e5eb40004011ecac0a002a0f0a002a02109210920030e47b54324e3101010001545254320000006600000000000c00005f11e27f010000000000028a00000066
CAPTURE 1 24538590080 52540012340152540012340208004500003800000000401112a50a002a020a002a0f1092109200246a2754324e31010400005452543200000000000000660000000041f87dff
CAPTURE 1 24539103104 52540012340152540012340208004500004400000000401112990a002a020a002a0f1092109200308d1f54324e3101020001545254320000006600000000000c00008a840ed6010000000000021c00000066
CAPTURE 1 24743350384 525400123401525400123402080045000040000000004011129d0a002a020a002a0f10921092002c964e54324e310105000054525432000000000000000000080000e8b355010000000000005668
CAPTURE 1 24753515152 525400123402525400123401080045000038e61840004011ec8b0a002a0f0a002a021092109200246a2754324e31010400005452543200000000000000660000000041f87dff
CAPTURE 1 24788215408 525400123402525400123401080045000044e61e40004011ec790a002a0f0a002a02109210920030fe3c54324e3101010001545254320000006700000000000c000015ed11d4010000000000029700000067
CAPTURE 1 24849189056 52540012340152540012340208004500003800000000401112a50a002a020a002a0f10921092002469de54324e310104000054525432000000000000006700000000568369bc
CAPTURE 1 24849698464 52540012340152540012340208004500004400000000401112990a002a020a002a0f1092109200305cd654324e3101020001545254320000006700000000000c000012b8b6ef010000000000021600000067
CAPTURE 1 24885152528 525400123402525400123401080045000038e62e40004011ec750a002a0f0a002a0210921092002469de54324e310104000054525432000000000000006700000000568369bc
CAPTURE 1 24920607424 525400123402525400123401080045000044e63440004011ec630a002a0f0a002a021092109200300e1b54324e3101010001545254320000006800000000000c00003a89dd68010000000000028600000068
CAPTURE 1 24979429424 52540012340152540012340208004500003800000000401112a50a002a020a002a0f109210920024fa7454324e310104000054525432000000000000006800000000893aa66d
CAPTURE 1 24980220336 52540012340152540012340208004500004400000000401112990a002a020a002a0f109210920030913754324e3101020001545254320000006800000000000c00004a0c4b42010000000000020c00000068
CAPTURE 1 25019439184 525400123402525400123401080045000038e63740004011ec6c0a002a0f0a002a02109210920024fa7454324e310104000054525432000000000000006800000000893aa66d
CAPTURE 1 25052453792 525400123402525400123401080045000044e63940004011ec5e0a002a0f0a002a0210921092003012a854324e3101010001545254320000006900000000000c000020e5f280010000000000028300000069
CAPTURE 1 25118980576 52540012340152540012340208004500003800000000401112a50a002a020a002a0f109210920024d9ab54324e3101040000545254320000000000000069000000009e41b22e
CAPTURE 1 25119652592 52540012340152540012340208004500004400000000401112990a002a020a002a0f10921092003060dd54324e3101020001545254320000006900000000000c0000d230f37b010000000000020600000069
CAPTURE 1 25306713648 525400123402525400123401080045000038e66d40004011ec360a002a0f0a002a02109210920024d9ab54324e3101040000545254320000000000000069000000009e41b22e
CAPTURE 1 25341794208 525400123402525400123401080045000044e67140004011ec260a002a0f0a002a02109210920030eab354324e3101010001545254320000006a00000000000c0000cba16fb901000000000002800000006a
CAPTURE 1 25398619776 525400123401525400123402080045000040000000004011129d0a002a020a002a0f10921092002c204b54324e31010500005452543200000000000000000008000081522fd200000000000058fc
CAPTURE 1 25399150928 52540012340152540012340208004500003800000000401112a50a002a020a002a0f109210920024f36254324e310104000054525432000000000000006a00000000a7cc8eeb
CAPTURE 1 25399642768 52540012340152540012340208004500004400000000401112990a002a020a002a0f109210920030911554324e3101020001545254320000006a00000000000c0000ccf4c88201000000000002010000006a
CAPTURE 1 25455265824 525400123402525400123401080045000038e67840004011ec2b0a002a0f0a002a02109210920024f36254324e310104000054525432000000000000006a00000000a7cc8eeb
CAPTURE 1 25492099968 525400123402525400123401080045000044e68140004011ec160a002a0f0a002a0210921092003016c854324e3101010001545254320000006b00000000000c0000ee29211d010000000000027e0000006b
CAPTURE 1 25529331408 52540012340152540012340208004500003800000000401112a50a002a020a002a0f109210920024deb954324e310104000054525432000000000000006b00000000b0b79aa8
CAPTURE 1 25529928544 52540012340152540012340208004500004400000000401112990a002a020a002a0f109210920030f6cc54324e3101020001545254320000006b00000000000c00005288dd3801000000000001fe0000006b
CAPTURE 1 25566910032 525400123402525400123401080045000038e68f40004011ec140a002a0f0a002a02109210920024deb954324e310104000054525432000000000000006b00000000b0b79aa8
CAPTURE 1 25600944736 525400123402525400123401080045000044e69640004011ec010a002a0f0a002a02109210920030f98954324e3101010001545254320000006c00000000000c0000f9bd32c6010000000000027d0000006c
CAPTURE 1 25669200016 52540012340152540012340208004500003800000000401112a50a002a020a002a0f1092109200245de054324e310104000054525432000000000000006c00000000d4d6f761
CAPTURE 1 25669783920 52540012340152540012340208004500004400000000401112990a002a020a002a0f109210920030c6bd54324e3101020001545254320000006c00000000000c0000787ce75301000000000001fc0000006c
CAPTURE 1 25868543200 525400123402525400123401080045000038e6c840004011ebdb0a002a0f0a002a021092109200245de054324e310104000054525432000000000000006c00000000d4d6f761
CAPTURE 1 25906689456 525400123402525400123401080045000044e6ce40004011ebc90a002a0f0a002a0210921092003053cd54324e3101010001545254320000006d00000000000c00001651bbee010000000000027c0000006d
CAPTURE 1 25969584368 525400123401525400123402080045000040000000004011129d0a002a020a002a0f10921092002ca5a754324e310105000054525432000000000000000000080000d1ce57bf0000000000005b36
CAPTURE 1 25970539760 52540012340152540012340208004500003800000000401112a50a002a020a002a0f109210920024834754324e310104000054525432000000000000006d00000000c3ade322
CAPTURE 1 25971439360 52540012340152540012340208004500004400000000401112990a002a020a002a0f10921092003071e154324e3101020001545254320000006d00000000000c000018d09bdb01000000000001fb0000006d
CAPTURE 1 26030614176 525400123402525400123401080045000038e6d340004011ebd00a002a0f0a002a02109210920024834754324e310104000054525432000000000000006d00000000c3ade322
CAPTURE 1 26068297696 525400123402525400123401080045000044e6d740004011ebc00a002a0f0a002a021092109200300f4e54324e3101010001545254320000006e00000000000c0000bab55c07010000000000027c0000006e
CAPTURE 1 26110624832 52540012340152540012340208004500003800000000401112a50a002a020a002a0f109210920024500e54324e310104000054525432000000000000006e00000000fa20dfe7
CAPTURE 1 26111348784 52540012340152540012340208004500004400000000401112990a002a020a002a0f109210920030f62354324e3101020001545254320000006e00000000000c0000b4347c3201000000000001fb0000006e
CAPTURE 1 26152282032 525400123402525400123401080045000038e6dc40004011ebc70a002a0f0a002a02109210920024500e54324e310104000054525432000000000000006e00000000fa20dfe7
CAPTURE 1 26185857520 525400123402525400123401080045000044e6e440004011ebb30a002a0f0a002a021092109200302b6154324e3101010001545254320000006f00000000000c0000da19208f010000000000027b0000006f
CAPTURE 1 26249173120 52540012340152540012340208004500003800000000401112a50a002a020a002a0f109210920024711554324e310104000054525432000000000000006f00000000ed5bcba4
CAPTURE 1 26250364896 52540012340152540012340208004500004400000000401112990a002a020a002a0f109210920030d59654324e3101020001545254320000006f00000000000c00005bd8f51a01000000000001fa0000006f
CAPTURE 1 26453547040 525400123402525400123401080045000038e70e40004011eb950a002a0f0a002a02109210920024711554324e310104000054525432000000000000006f00000000ed5bcba4
CAPTURE 1 26495160624 525400123402525400123401080045000044e71540004011eb820a002a0f0a002a02109210920030d39e54324e3101010001545254320000007000000000000c0000ed5d650b010000000000027b00000070
CAPTURE 1 26549266752 525400123401525400123402080045000040000000004011129d0a002a020a002a0f10921092002cd66f54324e310105000054525432000000000000000000080000f8fefd820000000000005d7a
CAPTURE 1 26550408176 52540012340152540012340208004500003800000000401112a50a002a020a002a0f10921092002445ee54324e3101040000545254320000000000000070000000009e224604
CAPTURE 1 26551390176 52540012340152540012340208004500004400000000401112990a002a020a002a0f109210920030094d54324e3101020001545254320000007000000000000c00006c9cb09e01000000000001fa00000070
CAPTURE 1 26604412352 525400123402525400123401080045000038e72740004011eb7c0a002a0f0a002a0210921092002445ee54324e3101040000545254320000000000000070000000009e224604
CAPTURE 1 26638881888 525400123402525400123401080045000044e72a40004011eb6d0a002a0f0a002a0210921092003020a154324e3101010001545254320000007100000000000c00003fd1c593010000000000027b00000071
CAPTURE 1 26679159760 52540012340152540012340208004500003800000000401112a50a002a020a002a0f1092109200244e7354324e31010400005452543200000000000000710000000089595247
CAPTURE 1 26679665056 52540012340152540012340208004500004400000000401112990a002a020a002a0f109210920030586f54324e3101020001545254320000007100000000000c0000be10100601000000000001fa00000071
CAPTURE 1 26714664352 525400123402525400123401080045000038e73740004011eb6c0a002a0f0a002a021092109200244e7354324e31010400005452543200000000000000710000000089595247
CAPTURE 1 26749639840 525400123402525400123401080045000044e73a40004011eb5d0a002a0f0a002a021092109200306be554324e3101010001545254320000007200000000000c0000ae550bca010000000000027a00000072
CAPTURE 1 26809097408 52540012340152540012340208004500003800000000401112a50a002a020a002a0f1092109200240abc54324e310104000054525432000000000000007200000000b0d46e82
CAPTURE 1 26809660832 52540012340152540012340208004500004400000000401112990a002a020a002a0f10921092003043f154324e3101020001545254320000007200000000000c000055548d3f01000000000001f900000072
CAPTURE 1 27014375776 525400123402525400123401080045000038e75d40004011eb460a002a0f0a002a021092109200240abc54324e310104000054525432000000000000007200000000b0d46e82
CAPTURE 1 27055234192 525400123402525400123401080045000044e76140004011eb360a002a0f0a002a02109210920030616654324e3101010001545254320000007300000000000c000041b982e2010000000000027b00000073
CAPTURE 1 27118818224 525400123401525400123402080045000040000000004011129d0a002a020a002a0f10921092002ca3eb54324e310105000054525432000000000000000000080000b61470b70000000000005fb4
CAPTURE 1 27119400688 52540012340152540012340208004500003800000000401112a50a002a020a002a0f10921092002407a154324e310104000054525432000000000000007300000000a7af7ac1
CAPTURE 1 27120512560 52540012340152540012340208004500004400000000401112990a002a020a002a0f109210920030710354324e3101020001545254320000007300000000000c000087d82da701000000000001f900000073
CAPTURE 1 27177555392 525400123402525400123401080045000038e77640004011eb2d0a002a0f0a002a0210921092002407a154324e310104000054525432000000000000007300000000a7af7ac1
CAPTURE 1 27213019184 525400123402525400123401080045000044e77b40004011eb1c0a002a0f0a002a02109210920030288954324e3101010001545254320000007400000000000c0000118debe9010000000000027b00000074
CAPTURE 1 27249309712 52540012340152540012340208004500003800000000401112a50a002a020a002a0f1092109200244f3a54324e310104000054525432000000000000007400000000c3ce1708
CAPTURE 1 27249990208 52540012340152540012340208004500004400000000401112990a002a020a002a0f10921092003009e854324e3101020001545254320000007400000000000c0000d7ec44ac01000000000001f900000074
CAPTURE 1 27284622720 525400123402525400123401080045000038e77d40004011eb260a002a0f0a002a021092109200244f3a54324e310104000054525432000000000000007400000000c3ce1708
CAPTURE 1 27318406592 525400123402525400123401080045000044e78440004011eb130a002a0f0a002a02109210920030178b54324e3101010001545254320000007500000000000c0000c3014b71010000000000027b00000075
CAPTURE 1 27379144800 52540012340152540012340208004500003800000000401112a50a002a020a002a0f109210920024520f54324e310104000054525432000000000000007500000000d4b5034b
CAPTURE 1 27380312400 52540012340152540012340208004500004400000000401112990a002a020a002a0f1092109200303cea54324e3101020001545254320000007500000000000c00000560e43401000000000001f900000075
CAPTURE 1 27597563408 525400123402525400123401080045000038e79440004011eb0f0a002a0f0a002a02109210920024520f54324e310104000054525432000000000000007500000000d4b5034b
CAPTURE 1 27633104560 525400123402525400123401080045000044e79640004011eb010a002a0f0a002a02109210920030097e54324e3101010001545254320000007600000000000c00006fe5ac98010000000000027b00000076
CAPTURE 1 27698733024 525400123401525400123402080045000040000000004011129d0a002a020a002a0f10921092002cd94654324e31010500005452543200000000000000000008000088bb667100000000000061f8
CAPTURE 1 27699365728 52540012340152540012340208004500003800000000401112a50a002a020a002a0f109210920024fd4754324e310104000054525432000000000000007600000000ed383f8e
CAPTURE 1 27699926080 52540012340152540012340208004500004400000000401112990a002a020a002a0f109210920030791b54324e3101020001545254320000007600000000000c0000a98403dd01000000000001f900000076
CAPTURE 1 27758590768 525400123402525400123401080045000038e7b040004011eaf30a002a0f0a002a02109210920024fd4754324e310104000054525432000000000000007600000000ed383f8e
CAPTURE 1 27796065296 525400123402525400123401080045000044e7b740004011eae00a002a0f0a002a021092109200305c9054324e3101010001545254320000007700000000000c0000bd690c00010000000000027b00000077
CAPTURE 1 27828964832 52540012340152540012340208004500003800000000401112a50a002a020a002a0f10921092002403fd54324e310104000054525432000000000000007700000000fa432bcd
CAPTURE 1 27829488016 52540012340152540012340208004500004400000000401112990a002a020a002a0f109210920030082d54324e3101020001545254320000007700000000000c00007b08a34501000000000001f900000077
CAPTURE 1 27864500896 525400123402525400123401080045000038e7be40004011eae50a002a0f0a002a0210921092002403fd54324e310104000054525432000000000000007700000000fa432bcd
CAPTURE 1 27897078912 525400123402525400123401080045000044e7c340004011ead40a002a0f0a002a02109210920030d7db54324e3101010001545254320000007800000000000c0000cf8d7e8e010000000000027b00000078
CAPTURE 1 27958895504 52540012340152540012340208004500003800000000401112a50a002a020a002a0f1092109200241ff654324e31010400005452543200000000000000780000000025fae41c
CAPTURE 1 27959462224 52540012340152540012340208004500004400000000401112990a002a020a002a0f1092109200304ac154324e3101020001545254320000007800000000000c000009ecd1cb01000000000001f900000078
CAPTURE 1 28158711936 525400123401525400123402080045000040000000004011129d0a002a020a002a0f10921092002cb85054324e31010500005452543200000000000000000008000095e2787400000000000063c4
CAPTURE 1 28167953216 525400123402525400123401080045000038e7e040004011eac30a002a0f0a002a021092109200241ff654324e31010400005452543200000000000000780000000025fae41c
CAPTURE 1 28204106928 525400123402525400123401080045000044e7e740004011eab00a002a0f0a002a021092109200302ade54324e3101010001545254320000007900000000000c00001d01de16010000000000027b00000079
CAPTURE 1 28268939472 52540012340152540012340208004500003800000000401112a50a002a020a002a0f109210920024072b54324e3101040000545254320000000000000079000000003281f05f
CAPTURE 1 28269495120 52540012340152540012340208004500004400000000401112990a002a020a002a0f109210920030d9c254324e3101020001545254320000007900000000000c0000db60715301000000000001f900000079
CAPTURE 1 28305716816 525400123402525400123401080045000038e7f140004011eab20a002a0f0a002a02109210920024072b54324e3101040000545254320000000000000079000000003281f05f
CAPTURE 1 28343424928 525400123402525400123401080045000044e7f640004011eaa10a002a0f0a002a021092109200303a0f54324e3101010001545254320000007a00000000000c0000b1e539ff010000000000027b0000007a
CAPTURE 1 28398971152 52540012340152540012340208004500003800000000401112a50a002a020a002a0f109210920024526454324e310104000054525432000000000000007a000000000b0ccc9a
CAPTURE 1 28399567792 52540012340152540012340208004500004400000000401112990a002a020a002a0f109210920030183654324e3101020001545254320000007a00000000000c0000778496ba01000000000001f90000007a
CAPTURE 1 28435392608 525400123402525400123401080045000038e80540004011ea9e0a002a0f0a002a02109210920024526454324e310104000054525432000000000000007a000000000b0ccc9a
CAPTURE 1 28468067184 525400123402525400123401080045000044e80840004011ea8f0a002a0f0a002a02109210920030292154324e3101010001545254320000007b00000000000c000063699967010000000000027b0000007b
CAPTURE 1 28529299312 52540012340152540012340208004500003800000000401112a50a002a020a002a0f10921092002434b954324e310104000054525432000000000000007b000000001c77d8d9
CAPTURE 1 28530353552 52540012340152540012340208004500004400000000401112990a002a020a002a0f1092109200304b4854324e3101020001545254320000007b00000000000c0000a508362201000000000001f90000007b
CAPTURE 1 28736238064 525400123402525400123401080045000038e83840004011ea6b0a002a0f0a002a0210921092002434b954324e310104000054525432000000000000007b000000001c77d8d9
CAPTURE 1 28773121408 525400123402525400123401080045000044e83f40004011ea580a002a0f0a002a02109210920030022654324e3101010001545254320000007c00000000000c0000335df06c010000000000027b0000007c
CAPTURE 1 28828764224 525400123401525400123402080045000040000000004011129d0a002a020a002a0f10921092002c61fc54324e310105000054525432000000000000000000080000d7208aec0000000000006662
CAPTURE 1 28829317504 52540012340152540012340208004500003800000000401112a50a002a020a002a0f109210920024fce154324e310104000054525432000000000000007c000000007816b510
CAPTURE 1 28829792192 52540012340152540012340208004500004400000000401112990a002a020a002a0f109210920030d20a54324e3101020001545254320000007c00000000000c0000f53c5f2901000000000001f90000007c
CAPTURE 1 28883089680 525400123402525400123401080045000038e84a40004011ea590a002a0f0a002a02109210920024fce154324e310104000054525432000000000000007c000000007816b510
CAPTURE 1 28919221008 525400123402525400123401080045000044e85340004011ea440a002a0f0a002a02109210920030f32754324e3101010001545254320000007d00000000000c0000e1d150f4010000000000027b0000007d
CAPTURE 1 28959534608 52540012340152540012340208004500003800000000401112a50a002a020a002a0f109210920024194754324e310104000054525432000000000000007d000000006f6da153
CAPTURE 1 28960566272 52540012340152540012340208004500004400000000401112990a002a020a002a0f109210920030ff0c54324e3101020001545254320000007d00000000000c000027b0ffb101000000000001f90000007d
CAPTURE 1 28997376432 525400123402525400123401080045000038e85540004011ea4e0a002a0f0a002a02109210920024194754324e310104000054525432000000000000007d000000006f6da153
CAPTURE 1 29035520608 525400123402525400123401080045000044e85e40004011ea390a002a0f0a002a02109210920030219954324e3101010001545254320000007e00000000000c00004d35b71d010000000000027b0000007e
CAPTURE 1 29089752672 52540012340152540012340208004500003800000000401112a50a002a020a002a0f109210920024359054324e310104000054525432000000000000007e0000000056e09d96
CAPTURE 1 29091350016 52540012340152540012340208004500004400000000401112990a002a020a002a0f10921092003082c054324e3101020001545254320000007e00000000000c00008b54185801000000000001f90000007e
CAPTURE 1 29292229616 525400123401525400123402080045000040000000004011129d0a002a020a002a0f10921092002ce09a54324e31010500005452543200000000000000000008000036c9aad9000000000000682e
CAPTURE 1 29302602384 525400123402525400123401080045000038e87940004011ea2a0a002a0f0a002a02109210920024359054324e310104000054525432000000000000007e0000000056e09d96
CAPTURE 1 29342784912 525400123402525400123401080045000044e88040004011ea170a002a0f0a002a021092109200306eab54324e3101010001545254320000007f00000000000c00009fb91785010000000000027b0000007f
CAPTURE 1 29398700128 52540012340152540012340208004500003800000000401112a50a002a020a002a0f1092109200245e9554324e310104000054525432000000000000007f00000000419b89d5
CAPTURE 1 29399207056 52540012340152540012340208004500004400000000401112990a002a020a002a0f10921092003013d254324e3101020001545254320000007f00000000000c000059d8b8c001000000000001f90000007f
CAPTURE 1 29438447232 525400123402525400123401080045000038e89540004011ea0e0a002a0f0a002a021092109200245e9554324e310104000054525432000000000000007f00000000419b89d5
CAPTURE 1 29472176112 525400123402525400123401080045000044e89a40004011e9fd0a002a0f0a002a02109210920030221a54324e3101010001545254320000008000000000000c0000aede54ef010000000000027b00000080
CAPTURE 1 29528803968 52540012340152540012340208004500003800000000401112a50a002a020a002a0f1092109200249b9254324e31010400005452543200000000000000800000000008d4859e
CAPTURE 1 29529371312 52540012340152540012340208004500004400000000401112990a002a020a002a0f109210920030c1fe54324e3101020001545254320000008000000000000c000068bffbaa01000000000001f900000080
CAPTURE 1 29563922384 525400123402525400123401080045000038e8a740004011e9fc0a002a0f0a002a021092109200249b9254324e31010400005452543200000000000000800000000008d4859e
CAPTURE 1 29595678864 525400123402525400123401080045000044e8aa40004011e9ed0a002a0f0a002a02109210920030b51b54324e3101010001545254320000008100000000000c00007c52f477010000000000027b00000081
CAPTURE 1 29658712832 52540012340152540012340208004500003800000000401112a50a002a020a002a0f109210920024787754324e3101040000545254320000000000000081000000001faf91dd
CAPTURE 1 29659222560 52540012340152540012340208004500004400000000401112990a002a020a002a0f109210920030110154324e3101020001545254320000008100000000000c0000ba335b3201000000000001f900000081
CAPTURE 1 29855388256 525400123401525400123402080045000040000000004011129d0a002a020a002a0f10921092002cf7c454324e3101050000545254320000000000000000000800009b402cfe0000000000006a68
CAPTURE 1 29868832784 525400123402525400123401080045000038e8c540004011e9de0a002a0f0a002a02109210920024787754324e3101040000545254320000000000000081000000001faf91dd
CAPTURE 1 29905275616 525400123402525400123401080045000044e8ca40004011e9cd0a002a0f0a002a02109210920030418f54324e3101010001545254320000008200000000000c0000d0b6139e010000000000027b00000082
CAPTURE 1 29926852000 525400123402525400123401080600010800060400015254001234010a002a0f0000000000000a002a02
CAPTURE 1 29967240928 525400123401525400123402080600010800060400025254001234020a002a025254001234010a002a0f
CAPTURE 1 29970399104 52540012340152540012340208004500003800000000401112a50a002a020a002a0f10921092002456c854324e3101040000545254320000000000000082000000002622ad18
CAPTURE 1 29970900864 52540012340152540012340208004500004400000000401112990a002a020a002a0f10921092003052b254324e3101020001545254320000008200000000000c000016d7bcdb01000000000001f900000082
CAPTURE 1 30009579248 525400123402525400123401080045000038e8cd40004011e9d60a002a0f0a002a0210921092002456c854324e3101040000545254320000000000000082000000002622ad18
CAPTURE 1 30045163424 525400123402525400123401080045000044e8d240004011e9c50a002a0f0a002a0210921092003070a154324e3101010001545254320000008300000000000c0000023ab306010000000000027b00000083
CAPTURE 1 30099351744 52540012340152540012340208004500003800000000401112a50a002a020a002a0f1092109200243f4d54324e3101040000545254320000000000000083000000003159b95b
CAPTURE 1 30099940384 52540012340152540012340208004500004400000000401112990a002a020a002a0f10921092003045c454324e3101020001545254320000008300000000000c0000c45b1c4301000000000001f900000083
CAPTURE 1 30136067952 525400123402525400123401080045000038e8e440004011e9bf0a002a0f0a002a021092109200243f4d54324e3101040000545254320000000000000083000000003159b95b
CAPTURE 1 30171232944 525400123402525400123401080045000044e8ea40004011e9ad0a002a0f0a002a02109210920030f9c354324e3101010001545254320000008400000000000c0000520eda0d010000000000027b00000084
CAPTURE 1 30228919952 52540012340152540012340208004500003800000000401112a50a002a020a002a0f109210920024003654324e3101040000545254320000000000000084000000005538d492
CAPTURE 1 30229570480 52540012340152540012340208004500004400000000401112990a002a020a002a0f1092109200301ca954324e3101020001545254320000008400000000000c0000946f754801000000000001f900000084
CAPTURE 1 30430714832 525400123401525400123402080045000040000000004011129d0a002a020a002a0f10921092002c664754324e310105000054525432000000000000000000080000b6aba0d60000000000006ca2
CAPTURE 1 30443882896 525400123402525400123401080045000038e8fb40004011e9a80a002a0f0a002a02109210920024003654324e3101040000545254320000000000000084000000005538d492
CAPTURE 1 30479401648 525400123402525400123401080045000044e90240004011e9950a002a0f0a002a021092109200302ac654324e3101010001545254320000008500000000000c000080827a95010000000000027b00000085
CAPTURE 1 30539451776 52540012340152540012340208004500003800000000401112a50a002a020a002a0f10921092002426eb54324e3101040000545254320000000000000085000000004243c0d1
CAPTURE 1 30540051312 52540012340152540012340208004500004400000000401112990a002a020a002a0f10921092003009ab54324e3101020001545254320000008500000000000c000046e3d5d001000000000001f900000085
CAPTURE 1 30576069152 525400123402525400123401080045000038e91340004011e9900a002a0f0a002a0210921092002426eb54324e3101040000545254320000000000000085000000004243c0d1
CAPTURE 1 30611322496 525400123402525400123401080045000044e91740004011e9800a002a0f0a002a021092109200305bf954324e3101010001545254320000008600000000000c00002c669d7c010000000000027b00000086
CAPTURE 1 30668666448 52540012340152540012340208004500003800000000401112a50a002a020a002a0f109210920024b21b54324e3101040000545254320000000000000086000000007bcefc14
CAPTURE 1 30669263600 52540012340152540012340208004500004400000000401112990a002a020a002a0f1092109200300a1c54324e3101020001545254320000008600000000000c0000ea07323901000000000001f900000086
CAPTURE 1 30704723808 525400123402525400123401080045000038e92c40004011e9770a002a0f0a002a02109210920024b21b54324e3101040000545254320000000000000086000000007bcefc14
CAPTURE 1 30739428752 525400123402525400123401080045000044e92d40004011e96a0a002a0f0a002a02109210920030e90a54324e3101010001545254320000008700000000000c0000feea3de4010000000000027b00000087
CAPTURE 1 30799408080 52540012340152540012340208004500003800000000401112a50a002a020a002a0f109210920024d4f054324e3101040000545254320000000000000087000000006cb5e857
CAPTURE 1 30799955984 52540012340152540012340208004500004400000000401112990a002a020a002a0f1092109200305b2e54324e3101020001545254320000008700000000000c0000388b92a101000000000001f900000087
CAPTURE 1 31004701968 525400123402525400123401080045000038e95040004011e9530a002a0f0a002a02109210920024d4f054324e3101040000545254320000000000000087000000006cb5e857
CAPTURE 1 31040649536 525400123402525400123401080045000044e95740004011e9400a002a0f0a002a021092109200300d9054324e3101010001545254320000008800000000000c0000b16e66da010000000000027a00000088
CAPTURE 1 31098881520 525400123401525400123402080045000040000000004011129d0a002a020a002a0f10921092002c776754324e310105000054525432000000000000000000080000d38270410000000000006f40
CAPTURE 1 31099606240 52540012340152540012340208004500003800000000401112a50a002a020a002a0f1092109200244f6a54324e310104000054525432000000000000008800000000b30c2786
CAPTURE 1 31100345632 52540012340152540012340208004500004400000000401112990a002a020a002a0f109210920030fbb954324e3101020001545254320000008800000000000c00004a6fe02f01000000000001f900000088
CAPTURE 1 31152849552 525400123402525400123401080045000038e95940004011e94a0a002a0f0a002a021092109200244f6a54324e310104000054525432000000000000008800000000b30c2786
CAPTURE 1 31186505632 525400123402525400123401080045000044e95e40004011e9390a002a0f0a002a02109210920030450354324e3101010001545254320000008900000000000c00002442bc92010000000000027900000089
CAPTURE 1 31229044944 52540012340152540012340208004500003800000000401112a50a002a020a002a0f10921092002451bf54324e310104000054525432000000000000008900000000a47733c5
CAPTURE 1 31229703616 52540012340152540012340208004500004400000000401112990a002a020a002a0f10921092003017cd54324e3101020001545254320000008900000000000c0000a583690701000000000001f800000089
CAPTURE 1 31265423776 525400123402525400123401080045000038e97040004011e9330a002a0f0a002a0210921092002451bf54324e310104000054525432000000000000008900000000a47733c5
CAPTURE 1 31299264976 525400123402525400123401080045000044e97540004011e9220a002a0f0a002a02109210920030092754324e3101010001545254320000008a00000000000c00003796e51a01000000000002770000008a
CAPTURE 1 31359339984 52540012340152540012340208004500003800000000401112a50a002a020a002a0f1092109200247d0054324e310104000054525432000000000000008a000000009dfa0f00
CAPTURE 1 31362216000 52540012340152540012340208004500004400000000401112990a002a020a002a0f10921092003081e054324e3101020001545254320000008a00000000000c00008b37193f01000000000001f70000008a
CAPTURE 1 31588555824 525400123402525400123401080045000038e9b340004011e8f00a002a0f0a002a021092109200247d0054324e310104000054525432000000000000008a000000009dfa0f00
CAPTURE 1 31623198848 525400123402525400123401080045000044e9b640004011e8e10a002a0f0a002a02109210920030ec3654324e3101010001545254320000008b00000000000c0000674ad25301000000000002780000008b
CAPTURE 1 31688633056 525400123401525400123402080045000040000000004011129d0a002a020a002a0f10921092002c9d9454324e3101050000545254320000000000000000000800007b1fa029000000000000718e
CAPTURE 1 31689194416 52540012340152540012340208004500003800000000401112a50a002a020a002a0f109210920024843554324e310104000054525432000000000000008b000000008a811b43
CAPTURE 1 31689681424 52540012340152540012340208004500004400000000401112990a002a020a002a0f10921092003012f254324e3101020001545254320000008b00000000000c000059bbb9a701000000000001f70000008b
CAPTURE 1 31744389136 525400123402525400123401080045000038e9b940004011e8ea0a002a0f0a002a02109210920024843554324e310104000054525432000000000000008b000000008a811b43
CAPTURE 1 31779161664 525400123402525400123401080045000044e9c240004011e8d50a002a0f0a002a0210921092003088cb54324e3101010001545254320000008c00000000000c00000a1e92e801000000000002790000008c
CAPTURE 1 31819260000 52540012340152540012340208004500003800000000401112a50a002a020a002a0f109210920024c48d54324e310104000054525432000000000000008c00000000eee0768a
CAPTURE 1 31822227248 52540012340152540012340208004500004400000000401112990a002a020a002a0f1092109200304c1754324e3101020001545254320000008c00000000000c0000098fd0ac01000000000001f70000008c
CAPTURE 1 31855476512 525400123402525400123401080045000038e9c640004011e8dd0a002a0f0a002a02109210920024c48d54324e310104000054525432000000000000008c00000000eee0768a
CAPTURE 1 31887557232 525400123402525400123401080045000044e9cd40004011e8ca0a002a0f0a002a021092109200301acd54324e3101010001545254320000008d00000000000c0000d892327001000000000002790000008d
CAPTURE 1 31948883088 52540012340152540012340208004500003800000000401112a50a002a020a002a0f109210920024cd9254324e310104000054525432000000000000008d00000000f99b62c9
CAPTURE 1 31949541808 52540012340152540012340208004500004400000000401112990a002a020a002a0f109210920030db1854324e3101020001545254320000008d00000000000c0000db03703401000000000001f70000008d
CAPTURE 1 32136494384 525400123402525400123401080045000038e9da40004011e8c90a002a0f0a002a02109210920024cd9254324e310104000054525432000000000000008d00000000f99b62c9
CAPTURE 1 32171281248 525400123402525400123401080045000044e9de40004011e8b90a002a0f0a002a02109210920030dbbd54324e3101010001545254320000008e00000000000c00007476d59901000000000002790000008e
CAPTURE 1 32228817008 525400123401525400123402080045000040000000004011129d0a002a020a002a0f10921092002c1b1d54324e310105000054525432000000000000000000080000752a267a00000000000073aa
CAPTURE 1 32229378496 52540012340152540012340208004500003800000000401112a50a002a020a002a0f1092109200240bd454324e310104000054525432000000000000008e00000000c0165e0c
CAPTURE 1 32230049920 52540012340152540012340208004500004400000000401112990a002a020a002a0f109210920030168a54324e3101020001545254320000008e00000000000c000077e797dd01000000000001f70000008e
CAPTURE 1 32285800736 525400123402525400123401080045000038e9e440004011e8bf0a002a0f0a002a021092109200240bd454324e310104000054525432000000000000008e00000000c0165e0c
CAPTURE 1 32320520048 525400123402525400123401080045000044e9e740004011e8b00a002a0f0a002a0210921092003009d054324e3101010001545254320000008f00000000000c0000a6fa750101000000000002790000008f
CAPTURE 1 32359386512 52540012340152540012340208004500003800000000401112a50a002a020a002a0f109210920024083954324e310104000054525432000000000000008f00000000d76d4a4f
CAPTURE 1 32360574944 52540012340152540012340208004500004400000000401112990a002a020a002a0f109210920030499c54324e3101020001545254320000008f00000000000c0000a56b374501000000000001f70000008f
CAPTURE 1 32398388784 525400123402525400123401080045000038e9eb40004011e8b80a002a0f0a002a02109210920024083954324e310104000054525432000000000000008f00000000d76d4a4f
CAPTURE 1 32435164320 525400123402525400123401080045000044e9ec40004011e8ab0a002a0f0a002a02109210920030638654324e3101010001545254320000009000000000000c000091be3085010000000000027900000090
CAPTURE 1 32488775984 52540012340152540012340208004500003800000000401112a50a002a020a002a0f109210920024bdf054324e310104000054525432000000000000009000000000a414c7ef
CAPTURE 1 32489344528 52540012340152540012340208004500004400000000401112990a002a020a002a0f109210920030215a54324e3101020001545254320000009000000000000c0000922f72c101000000000001f700000090
CAPTURE 1 32692781680 525400123401525400123402080045000040000000004011129d0a002a020a002a0f10921092002ce9dc54324e310105000054525432000000000000000000080000ac151f030000000000007576
CAPTURE 1 32703426912 525400123402525400123401080045000038e9f340004011e8b00a002a0f0a002a02109210920024bdf054324e310104000054525432000000000000009000000000a414c7ef
CAPTURE 1 32738965840 525400123402525400123401080045000044e9f740004011e8a00a002a0f0a002a02109210920030527854324e3101010001545254320000009100000000000c00004332901d010000000000027900000091
CAPTURE 1 32799136608 52540012340152540012340208004500003800000000401112a50a002a020a002a0f109210920024a2d754324e310104000054525432000000000000009100000000b36fd3ac
CAPTURE 1 32799795072 52540012340152540012340208004500004400000000401112990a002a020a002a0f109210920030134c54324e3101020001545254320000009100000000000c000040a3d25901000000000001f700000091
CAPTURE 1 32835192752 525400123402525400123401080045000038ea0540004011e89e0a002a0f0a002a02109210920024a2d754324e310104000054525432000000000000009100000000b36fd3ac
CAPTURE 1 32870755264 525400123402525400123401080045000044ea0e40004011e8890a002a0f0a002a02109210920030bdfa54324e3101010001545254320000009200000000000c0000efd677f4010000000000027900000092
CAPTURE 1 32928795696 52540012340152540012340208004500003800000000401112a50a002a020a002a0f109210920024afa654324e3101040000545254320000000000000092000000008ae2ef69
CAPTURE 1 32929687840 52540012340152540012340208004500004400000000401112990a002a020a002a0f109210920030044f54324e3101020001545254320000009200000000000c0000ec4735b001000000000001f700000092
CAPTURE 1 32964106336 525400123402525400123401080045000038ea1440004011e88f0a002a0f0a002a02109210920024afa654324e3101040000545254320000000000000092000000008ae2ef69
CAPTURE 1 32996637200 525400123402525400123401080045000044ea1740004011e8800a002a0f0a002a0210921092003010fd54324e3101010001545254320000009300000000000c00003d5ad76c010000000000027900000093
CAPTURE 1 33058870304 52540012340152540012340208004500003800000000401112a50a002a020a002a0f109210920024912d54324e3101040000545254320000000000000093000000009d99fb2a
CAPTURE 1 33059549088 52540012340152540012340208004500004400000000401112990a002a020a002a0f109210920030525154324e3101020001545254320000009300000000000c00003ecb952801000000000001f700000093
CAPTURE 1 33257704560 525400123401525400123402080045000040000000004011129d0a002a020a002a0f10921092002cac9254324e310105000054525432000000000000000000080000ec241a0400000000000077b0
CAPTURE 1 33267961360 525400123402525400123401080045000038ea3c40004011e8670a002a0f0a002a02109210920024912d54324e3101040000545254320000000000000093000000009d99fb2a
CAPTURE 1 33302698304 525400123402525400123401080045000044ea4340004011e8540a002a0f0a002a02109210920030f9eb54324e3101010001545254320000009400000000000c00006d6ebe67010000000000027900000094
CAPTURE 1 33368953632 52540012340152540012340208004500003800000000401112a50a002a020a002a0f109210920024991454324e310104000054525432000000000000009400000000f9f896e3
CAPTURE 1 33369529216 52540012340152540012340208004500004400000000401112990a002a020a002a0f109210920030bb1f54324e3101020001545254320000009400000000000c00006efffc2301000000000001f700000094
CAPTURE 1 33406850464 525400123402525400123401080045000038ea4c40004011e8570a002a0f0a002a02109210920024991454324e310104000054525432000000000000009400000000f9f896e3
CAPTURE 1 33442655568 525400123402525400123401080045000044ea5340004011e8440a002a0f0a002a0210921092003046de54324e3101010001545254320000009500000000000c0000bfe21eff010000000000027900000095
CAPTURE 1 33498716096 52540012340152540012340208004500003800000000401112a50a002a020a002a0f109210920024b8cb54324e310104000054525432000000000000009500000000ee8382a0
CAPTURE 1 33499229808 52540012340152540012340208004500004400000000401112990a002a020a002a0f1092109200300d1254324e3101020001545254320000009500000000000c0000bc735cbb01000000000001f700000095
CAPTURE 1 33534437408 525400123402525400123401080045000038ea5740004011e84c0a002a0f0a002a02109210920024b8cb54324e310104000054525432000000000000009500000000ee8382a0
CAPTURE 1 33567088816 525400123402525400123401080045000044ea5940004011e83e0a002a0f0a002a0210921092003019a154324e3101010001545254320000009600000000000c00001306f916010000000000027900000096
CAPTURE 1 33629160672 52540012340152540012340208004500003800000000401112a50a002a020a002a0f109210920024947a54324e310104000054525432000000000000009600000000d70ebe65
CAPTURE 1 33629898208 52540012340152540012340208004500004400000000401112990a002a020a002a0f1092109200305a5554324e3101020001545254320000009600000000000c00001097bb5201000000000001f700000096
CAPTURE 1 33834453456 525400123402525400123401080045000038ea7a40004011e8290a002a0f0a002a02109210920024947a54324e310104000054525432000000000000009600000000d70ebe65
CAPTURE 1 33870116000 525400123402525400123401080045000044ea7b40004011e81c0a002a0f0a002a021092109200300aa354324e3101010001545254320000009700000000000c0000c18a598e010000000000027900000097
CAPTURE 1 33929017984 525400123401525400123402080045000040000000004011129d0a002a020a002a0f10921092002cf13b54324e310105000054525432000000000000000000080000038fbb520000000000007a4e
CAPTURE 1 33929627408 52540012340152540012340208004500003800000000401112a50a002a020a002a0f109210920024bf5154324e310104000054525432000000000000009700000000c075aa26
CAPTURE 1 33930304336 52540012340152540012340208004500004400000000401112990a002a020a002a0f109210920030485754324e3101020001545254320000009700000000000c0000c21b1bca01000000000001f700000097
CAPTURE 1 33985591520 525400123402525400123401080045000038ea8440004011e81f0a002a0f0a002a02109210920024bf5154324e310104000054525432000000000000009700000000c075aa26
CAPTURE 1 34020562704 525400123402525400123401080045000044ea8b40004011e80c0a002a0f0a002a02109210920030474b54324e3101010001545254320000009800000000000c0000b36e2b00010000000000027900000098
CAPTURE 1 34059407632 52540012340152540012340208004500003800000000401112a50a002a020a002a0f109210920024a42954324e3101040000545254320000000000000098000000001fcc65f7
CAPTURE 1 34060627200 52540012340152540012340208004500004400000000401112990a002a020a002a0f1092109200300bf754324e3101020001545254320000009800000000000c0000b0ff694401000000000001f700000098
CAPTURE 1 34095831120 525400123402525400123401080045000038ea9940004011e80a0a002a0f0a002a02109210920024a42954324e3101040000545254320000000000000098000000001fcc65f7
CAPTURE 1 34129885328 525400123402525400123401080045000044ea9c40004011e7fb0a002a0f0a002a02109210920030383d54324e3101010001545254320000009900000000000c000061e28b98010000000000027900000099
CAPTURE 1 34189189072 52540012340152540012340208004500003800000000401112a50a002a020a002a0f109210920024af8054324e31010400005452543200000000000000990000000008b771b4
CAPTURE 1 34189854096 52540012340152540012340208004500004400000000401112990a002a020a002a0f109210920030f9e854324e3101020001545254320000009900000000000c00006273c9dc01000000000001f700000099
CAPTURE 1 34384783616 525400123402525400123401080045000038ead040004011e7d30a002a0f0a002a02109210920024af8054324e31010400005452543200000000000000990000000008b771b4
CAPTURE 1 34420771088 525400123402525400123401080045000044ead840004011e7bf0a002a0f0a002a02109210920030ec3d54324e3101010001545254320000009a00000000000c0000cd066c7101000000000002790000009a
CAPTURE 1 34488705792 525400123401525400123402080045000040000000004011129d0a002a020a002a0f10921092002c0e6954324e310105000054525432000000000000000000080000730c2c780000000000007c7e
CAPTURE 1 34489239648 52540012340152540012340208004500003800000000401112a50a002a020a002a0f109210920024ab3f54324e310104000054525432000000000000009a00000000313a4d71
CAPTURE 1 34489837920 52540012340152540012340208004500004400000000401112990a002a020a002a0f109210920030296a54324e3101020001545254320000009a00000000000c0000ce972e3501000000000001f70000009a
CAPTURE 1 34544534880 525400123402525400123401080045000038eae640004011e7bd0a002a0f0a002a02109210920024ab3f54324e310104000054525432000000000000009a00000000313a4d71
CAPTURE 1 34579702912 525400123402525400123401080045000044eaea40004011e7ad0a002a0f0a002a02109210920030394054324e3101010001545254320000009b00000000000c00001f8acce901000000000002790000009b
CAPTURE 1 34619294304 52540012340152540012340208004500003800000000401112a50a002a020a002a0f109210920024aa7654324e310104000054525432000000000000009b0000000026415932
CAPTURE 1 34620626016 52540012340152540012340208004500004400000000401112990a002a020a002a0f1092109200307b6c54324e3101020001545254320000009b00000000000c00001c1b8ead01000000000001f70000009b
CAPTURE 1 34656167184 525400123402525400123401080045000038eafd40004011e7a60a002a0f0a002a02109210920024aa7654324e310104000054525432000000000000009b0000000026415932
CAPTURE 1 34688978896 525400123402525400123401080045000044eb0340004011e7940a002a0f0a002a02109210920030268254324e3101010001545254320000009c00000000000c000072de8c5201000000000002780000009c
CAPTURE 1 34749516976 52540012340152540012340208004500003800000000401112a50a002a020a002a0f109210920024b2cd54324e310104000054525432000000000000009c00000000422034fb
CAPTURE 1 34750374128 52540012340152540012340208004500004400000000401112990a002a020a002a0f109210920030f25c54324e3101020001545254320000009c00000000000c00004c2fe7a601000000000001f70000009c
CAPTURE 1 34960746368 525400123402525400123401080045000038eb1d40004011e7860a002a0f0a002a02109210920024b2cd54324e310104000054525432000000000000009c00000000422034fb
CAPTURE 1 34995822080 525400123402525400123401080045000044eb2540004011e7720a002a0f0a002a02109210920030fe4654324e3101010001545254320000009d00000000000c000065a2c1cb01000000000002740000009d
CAPTURE 1 35061189600 525400123401525400123402080045000040000000004011129d0a002a020a002a0f10921092002c4ef754324e310105000054525432000000000000000000080000333d297f0000000000007eb8
CAPTURE 1 35062232192 52540012340152540012340208004500003800000000401112a50a002a020a002a0f109210920024b3d454324e310104000054525432000000000000009d00000000555b20b8
CAPTURE 1 35062915888 52540012340152540012340208004500004400000000401112990a002a020a002a0f1092109200302d7154324e3101020001545254320000009d00000000000c0000e463145e01000000000001f50000009d
CAPTURE 1 35117764128 525400123402525400123401080045000038eb2a40004011e7790a002a0f0a002a02109210920024b3d454324e310104000054525432000000000000009d00000000555b20b8
CAPTURE 1 35152383008 525400123402525400123401080045000044eb3340004011e7640a002a0f0a002a02109210920030b01a54324e3101010001545254320000009e00000000000c00007b66fa3201000000000002730000009e
CAPTURE 1 35188947920 52540012340152540012340208004500003800000000401112a50a002a020a002a0f109210920024a09354324e310104000054525432000000000000009e000000006cd61c7d
CAPTURE 1 35189504560 52540012340152540012340208004500004400000000401112990a002a020a002a0f109210920030d64254324e3101020001545254320000009e00000000000c000075e7da0701000000000001f40000009e
CAPTURE 1 35225847840 525400123402525400123401080045000038eb4340004011e7600a002a0f0a002a02109210920024a09354324e310104000054525432000000000000009e000000006cd61c7d
CAPTURE 1 35258432464 525400123402525400123401080045000044eb4640004011e7510a002a0f0a002a02109210920030f89254324e3101010001545254320000009f00000000000c00000cfa2029010000000000026f0000009f
CAPTURE 1 35319070928 52540012340152540012340208004500003800000000401112a50a002a020a002a0f109210920024a5fa54324e310104000054525432000000000000009f000000007bad083e
CAPTURE 1 35319758304 52540012340152540012340208004500004400000000401112990a002a020a002a0f1092109200306ec754324e3101020001545254320000009f00000000000c0000282b8f3f01000000000001f20000009f
CAPTURE 1 35521076432 525400123402525400123401080045000038eb7b40004011e7280a002a0f0a002a02109210920024a5fa54324e310104000054525432000000000000009f000000007bad083e
CAPTURE 1 35563197536 525400123402525400123401080045000044eb8440004011e7130a002a0f0a002a021092109200309e8754324e310101000154525432000000a000000000000c000015ee713a0100000000000273000000a0
CAPTURE 1 35618965232 525400123401525400123402080045000040000000004011129d0a002a020a002a0f10921092002c226154324e310105000054525432000000000000000000080000d269b4b800000000000080e8
CAPTURE 1 35619583440 52540012340152540012340208004500003800000000401112a50a002a020a002a0f109210920024988254324e31010400005452543200000000000000a0000000008a25073d
CAPTURE 1 35620166752 52540012340152540012340208004500004400000000401112990a002a020a002a0f109210920030efbf54324e310102000154525432000000a000000000000c0000a94f8d1f01000000000001f3000000a0
CAPTURE 1 35674318304 525400123402525400123401080045000038eb8940004011e71a0a002a0f0a002a02109210920024988254324e31010400005452543200000000000000a0000000008a25073d
CAPTURE 1 35709797104 525400123402525400123401080045000044eb8e40004011e7090a002a0f0a002a02109210920030e54a54324e310101000154525432000000a100000000000c0000bda282c20100000000000271000000a1
CAPTURE 1 35749274576 52540012340152540012340208004500003800000000401112a50a002a020a002a0f109210920024790754324e31010400005452543200000000000000a1000000009d5e137e
CAPTURE 1 35750024480 52540012340152540012340208004500004400000000401112990a002a020a002a0f1092109200307ce254324e310102000154525432000000a100000000000c00007bc32d8701000000000001f3000000a1
CAPTURE 1 35786967984 525400123402525400123401080045000038eb9e40004011e7050a002a0f0a002a02109210920024790754324e31010400005452543200000000000000a1000000009d5e137e
CAPTURE 1 35822522256 525400123402525400123401080045000044eba240004011e6f50a002a0f0a002a02109210920030aced54324e310101000154525432000000a200000000000c00002c264c9b0100000000000270000000a2
CAPTURE 1 35878647280 52540012340152540012340208004500003800000000401112a50a002a020a002a0f109210920024555454324e31010400005452543200000000000000a200000000a4d32fbb
CAPTURE 1 35879382064 52540012340152540012340208004500004400000000401112990a002a020a002a0f109210920030580554324e310102000154525432000000a200000000000c0000ea47e3de01000000000001f2000000a2
CAPTURE 1 36080385120 525400123402525400123401080045000038ebe240004011e6c10a002a0f0a002a02109210920024555454324e31010400005452543200000000000000a200000000a4d32fbb
CAPTURE 1 36113407008 525400123402525400123401080045000044ebe440004011e6b30a002a0f0a002a021092109200309c2d54324e310101000154525432000000a300000000000c0000c3cac5b30100000000000271000000a3
CAPTURE 1 36179018928 525400123401525400123402080045000040000000004011129d0a002a020a002a0f10921092002c4cf354324e31010500005452543200000000000000000008000044f915670000000000008318
CAPTURE 1 36179567520 52540012340152540012340208004500003800000000401112a50a002a020a002a0f1092109200243a4154324e31010400005452543200000000000000a300000000b3a83bf8
CAPTURE 1 36180086032 52540012340152540012340208004500004400000000401112990a002a020a002a0f109210920030aa1854324e310102000154525432000000a300000000000c000038cb434601000000000001f2000000a3
CAPTURE 1 36232364048 525400123402525400123401080045000038ebf240004011e6b10a002a0f0a002a021092109200243a4154324e31010400005452543200000000000000a300000000b3a83bf8
CAPTURE 1 36265284160 525400123402525400123401080045000044ebf740004011e6a00a002a0f0a002a02109210920030e4f254324e310101000154525432000000a400000000000c000093feacb80100000000000271000000a4
CAPTURE 1 36308560528 52540012340152540012340208004500003800000000401112a50a002a020a002a0f109210920024fbe554324e31010400005452543200000000000000a400000000d7c95631
CAPTURE 1 36309076128 52540012340152540012340208004500004400000000401112990a002a020a002a0f10921092003092db54324e310102000154525432000000a400000000000c000068ff2a4d01000000000001f2000000a4
CAPTURE 1 36345431072 525400123402525400123401080045000038ec0a40004011e6990a002a0f0a002a02109210920024fbe554324e31010400005452543200000000000000a400000000d7c95631
CAPTURE 1 36378578624 525400123402525400123401080045000044ec1040004011e6870a002a0f0a002a02109210920030d81554324e310101000154525432000000a500000000000c000041720c200100000000000271000000a5
CAPTURE 1 36439215792 52540012340152540012340208004500003800000000401112a50a002a020a002a0f10921092002426bb54324e31010400005452543200000000000000a500000000c0b24272
CAPTURE 1 36439831920 52540012340152540012340208004500004400000000401112990a002a020a002a0f109210920030e0dc54324e310102000154525432000000a500000000000c0000ba738ad501000000000001f2000000a5
CAPTURE 1 36635209088 525400123401525400123402080045000040000000004011129d0a002a020a002a0f10921092002ca83c54324e310105000054525432000000000000000000080000bfb33d9700000000000084e4
CAPTURE 1 36636471152 33330000000252540012340186dd6000000000103afffe80000000000000505400fffe123401ff0200000000000000000000000000028500725f000000000101525400123401
CAPTURE 1 36651191040 525400123402525400123401080045000038ec4840004011e65b0a002a0f0a002a0210921092002426bb54324e31010400005452543200000000000000a500000000c0b24272
CAPTURE 1 36692985120 525400123402525400123401080045000044ec5040004011e6470a002a0f0a002a021092109200304c4554324e310101000154525432000000a600000000000c0000ed96ebc90100000000000271000000a6
CAPTURE 1 36749272048 52540012340152540012340208004500003800000000401112a50a002a020a002a0f109210920024b1e754324e31010400005452543200000000000000a600000000f93f7eb7
CAPTURE 1 36749992144 52540012340152540012340208004500004400000000401112990a002a020a002a0f109210920030a25054324e310102000154525432000000a600000000000c000016976d3c01000000000001f2000000a6
CAPTURE 1 36787446560 525400123402525400123401080045000038ec5f40004011e6440a002a0f0a002a02109210920024b1e754324e31010400005452543200000000000000a600000000f93f7eb7
CAPTURE 1 36822481824 525400123402525400123401080045000044ec6540004011e6320a002a0f0a002a021092109200309b3854324e310101000154525432000000a700000000000c00003f1a4b510100000000000271000000a7
CAPTURE 1 36880469392 52540012340152540012340208004500003800000000401112a50a002a020a002a0f109210920024d0a454324e31010400005452543200000000000000a700000000ee446af4
CAPTURE 1 36881156480 52540012340152540012340208004500004400000000401112990a002a020a002a0f109210920030946154324e310102000154525432000000a700000000000c0000c41bcda401000000000001f2000000a7
CAPTURE 1 36921219648 525400123402525400123401080045000038ec6b40004011e6380a002a0f0a002a02109210920024d0a454324e31010400005452543200000000000000a700000000ee446af4
CAPTURE 1 36955689296 525400123402525400123401080045000044ec7340004011e6240a002a0f0a002a021092109200309dc454324e310101000154525432000000a800000000000c00004dfe39df0100000000000271000000a8
CAPTURE 1 37010299968 52540012340152540012340208004500003800000000401112a50a002a020a002a0f10921092002452ba54324e31010400005452543200000000000000a80000000031fda525
CAPTURE 1 37011013184 52540012340152540012340208004500004400000000401112990a002a020a002a0f109210920030aff554324e310102000154525432000000a800000000000c0000b6ffbf2a01000000000001f2000000a8
CAPTURE 1 37211725680 525400123401525400123402080045000040000000004011129d0a002a020a002a0f10921092002c640054324e310105000054525432000000000000000000080000c9f67556000000000000871e
CAPTURE 1 37221348896 525400123402525400123401080045000038ec9e40004011e6050a002a0f0a002a0210921092002452ba54324e31010400005452543200000000000000a80000000031fda525
CAPTURE 1 37268995264 525400123402525400123401080045000044eca340004011e5f40a002a0f0a002a02109210920030ece554324e310101000154525432000000a900000000000c00009f7299470100000000000271000000a9
CAPTURE 1 37321530672 52540012340152540012340208004500003800000000401112a50a002a020a002a0f10921092002451ef54324e31010400005452543200000000000000a9000000002686b166
CAPTURE 1 37322830112 52540012340152540012340208004500004400000000401112990a002a020a002a0f109210920030a1f854324e310102000154525432000000a900000000000c000064731fb201000000000001f2000000a9
CAPTURE 1 37371295536 525400123402525400123401080045000038ecae40004011e5f50a002a0f0a002a0210921092002451ef54324e31010400005452543200000000000000a9000000002686b166
CAPTURE 1 37415632832 525400123402525400123401080045000044ecb140004011e5e60a002a0f0a002a02109210920030735954324e310101000154525432000000aa00000000000c000033967eae0100000000000271000000aa
CAPTURE 1 37470392752 52540012340152540012340208004500003800000000401112a50a002a020a002a0f1092109200247d2c54324e31010400005452543200000000000000aa000000001f0b8da3
CAPTURE 1 37471267792 52540012340152540012340208004500004400000000401112990a002a020a002a0f109210920030652854324e310102000154525432000000aa00000000000c0000c897f85b01000000000001f2000000aa
CAPTURE 1 37508691584 525400123402525400123401080045000038ecc540004011e5de0a002a0f0a002a021092109200247d2c54324e31010400005452543200000000000000aa000000001f0b8da3
CAPTURE 1 37544351488 525400123402525400123401080045000044ecce40004011e5c90a002a0f0a002a02109210920030664a54324e310101000154525432000000ab00000000000c0000e11ade360100000000000271000000ab
CAPTURE 1 37603162752 52540012340152540012340208004500003800000000401112a50a002a020a002a0f109210920024878954324e31010400005452543200000000000000ab00000000087099e0
CAPTURE 1 37604475168 52540012340152540012340208004500004400000000401112990a002a020a002a0f109210920030b33b54324e310102000154525432000000ab00000000000c00001a1b58c301000000000001f2000000ab
CAPTURE 1 37823492112 525400123402525400123401080045000038ecde40004011e5c50a002a0f0a002a02109210920024878954324e31010400005452543200000000000000ab00000000087099e0
CAPTURE 1 37857553168 525400123402525400123401080045000044ece440004011e5b30a002a0f0a002a02109210920030bd2d54324e310101000154525432000000ac00000000000c0000b12eb73d0100000000000271000000ac
CAPTURE 1 37929108688 525400123401525400123402080045000040000000004011129d0a002a020a002a0f10921092002c0af054324e310105000054525432000000000000000000080000eac8aac400000000000089ee
CAPTURE 1 37929916800 52540012340152540012340208004500003800000000401112a50a002a020a002a0f109210920024c99d54324e31010400005452543200000000000000ac000000006c11f429
CAPTURE 1 37930786832 52540012340152540012340208004500004400000000401112990a002a020a002a0f109210920030aa2054324e310102000154525432000000ac00000000000c00004a2f31c801000000000001f2000000ac
CAPTURE 1 37986672528 525400123402525400123401080045000038ece640004011e5bd0a002a0f0a002a02109210920024c99d54324e31010400005452543200000000000000ac000000006c11f429
CAPTURE 1 38023660720 525400123402525400123401080045000044ece940004011e5ae0a002a0f0a002a02109210920030aa5054324e310101000154525432000000ad00000000000c000063a217a50100000000000271000000ad
CAPTURE 1 38058569488 52540012340152540012340208004500003800000000401112a50a002a020a002a0f109210920024ce0254324e31010400005452543200000000000000ad000000007b6ae06a
CAPTURE 1 38059150496 52540012340152540012340208004500004400000000401112990a002a020a002a0f109210920030fc2154324e310102000154525432000000ad00000000000c000098a3915001000000000001f2000000ad
CAPTURE 1 38096263824 525400123402525400123401080045000038ecfb40004011e5a80a002a0f0a002a02109210920024ce0254324e31010400005452543200000000000000ad000000007b6ae06a
CAPTURE 1 38131130400 525400123402525400123401080045000044ecfe40004011e5990a002a0f0a002a02109210920030660254324e310101000154525432000000ae00000000000c0000cf46f04c0100000000000271000000ae
CAPTURE 1 38188826944 52540012340152540012340208004500003800000000401112a50a002a020a002a0f1092109200240a4054324e31010400005452543200000000000000ae0000000042e7dcaf
CAPTURE 1 38189344736 52540012340152540012340208004500004400000000401112990a002a020a002a0f1092109200307b1354324e310102000154525432000000ae00000000000c0000344776b901000000000001f2000000ae
CAPTURE 1 38387189504 525400123401525400123402080045000040000000004011129d0a002a020a002a0f10921092002c8c0d54324e310105000054525432000000000000000000080000b4f85dab0000000000008bba
CAPTURE 1 38400112928 525400123402525400123401080045000038ed0a40004011e5990a002a0f0a002a021092109200240a4054324e31010400005452543200000000000000ae0000000042e7dcaf
CAPTURE 1 38435771872 525400123402525400123401080045000044ed0e40004011e5890a002a0f0a002a02109210920030b6f554324e310101000154525432000000af00000000000c00001dca50d40100000000000271000000af
CAPTURE 1 38498660976 52540012340152540012340208004500003800000000401112a50a002a020a002a0f1092109200240b4d54324e31010400005452543200000000000000af00000000559cc8ec
CAPTURE 1 38499183232 52540012340152540012340208004500004400000000401112990a002a020a002a0f109210920030692454324e310102000154525432000000af00000000000c0000e6cbd62101000000000001f2000000af
CAPTURE 1 38537953376 525400123402525400123401080045000038ed2040004011e5830a002a0f0a002a021092109200240b4d54324e31010400005452543200000000000000af00000000559cc8ec
CAPTURE 1 38577932176 525400123402525400123401080045000044ed2340004011e5740a002a0f0a002a02109210920030e5b354324e310101000154525432000000b000000000000c00002a8e15500100000000000271000000b0
CAPTURE 1 38629362800 52540012340152540012340208004500003800000000401112a50a002a020a002a0f109210920024bda354324e31010400005452543200000000000000b00000000026e5454c
CAPTURE 1 38630732880 52540012340152540012340208004500004400000000401112990a002a020a002a0f109210920030c0da54324e310102000154525432000000b000000000000c0000d18f93a501000000000001f2000000b0
CAPTURE 1 38672030304 525400123402525400123401080045000038ed3440004011e56f0a002a0f0a002a02109210920024bda354324e31010400005452543200000000000000b00000000026e5454c
CAPTURE 1 38712470976 525400123402525400123401080045000044ed3940004011e55e0a002a0f0a002a0210921092003077c454324e310101000154525432000000b100000000000c0000f802b5c80100000000000271000000b1
CAPTURE 1 38769190960 52540012340152540012340208004500003800000000401112a50a002a020a002a0f109210920024a72654324e31010400005452543200000000000000b100000000319e510f
CAPTURE 1 38769824896 52540012340152540012340208004500004400000000401112990a002a020a002a0f109210920030efcd54324e310102000154525432000000b100000000000c00000303333d01000000000001f2000000b1
CAPTURE 1 38956716928 525400123402525400123401080045000038ed7240004011e5310a002a0f0a002a02109210920024a72654324e31010400005452543200000000000000b100000000319e510f
CAPTURE 1 38995900368 525400123402525400123401080045000044ed7640004011e5210a002a0f0a002a021092109200307e8654324e310101000154525432000000b200000000000c000054e652210100000000000271000000b2
CAPTURE 1 39059276080 525400123401525400123402080045000040000000004011129d0a002a020a002a0f10921092002ce9cd54324e310105000054525432000000000000000000080000878b2aba0000000000008e58
CAPTURE 1 39059905200 52540012340152540012340208004500003800000000401112a50a002a020a002a0f109210920024b3f554324e31010400005452543200000000000000b20000000008136dca
CAPTURE 1 39060737568 52540012340152540012340208004500004400000000401112990a002a020a002a0f109210920030a14f54324e310102000154525432000000b200000000000c0000afe7d4d401000000000001f2000000b2
CAPTURE 1 39118071312 525400123402525400123401080045000038ed9240004011e5110a002a0f0a002a02109210920024b3f554324e31010400005452543200000000000000b20000000008136dca
CAPTURE 1 39160669248 525400123402525400123401080045000044ed9840004011e4ff0a002a0f0a002a02109210920030ac6754324e310101000154525432000000b300000000000c0000866af2b90100000000000271000000b3
CAPTURE 1 39189745680 52540012340152540012340208004500003800000000401112a50a002a020a002a0f10921092002490e054324e31010400005452543200000000000000b3000000001f687989
CAPTURE 1 39190590096 52540012340152540012340208004500004400000000401112990a002a020a002a0f109210920030345254324e310102000154525432000000b300000000000c00007d6b744c01000000000001f2000000b3
CAPTURE 1 39227990832 525400123402525400123401080045000038eda440004011e4ff0a002a0f0a002a0210921092002490e054324e31010400005452543200000000000000b3000000001f687989
CAPTURE 1 39262683936 525400123402525400123401080045000044eda540004011e4f20a002a0f0a002a02109210920030b37854324e310101000154525432000000b400000000000c0000d65e9bb20100000000000271000000b4
CAPTURE 1 39318929696 52540012340152540012340208004500003800000000401112a50a002a020a002a0f1092109200249a8754324e31010400005452543200000000000000b4000000007b091440
CAPTURE 1 39319571344 52540012340152540012340208004500004400000000401112990a002a020a002a0f109210920030db6154324e310102000154525432000000b400000000000c00002d5f1d4701000000000001f2000000b4
CAPTURE 1 39520660352 525400123401525400123402080045000040000000004011129d0a002a020a002a0f10921092002c675c54324e3101050000545254320000000000000000000800000a7928720000000000009024
CAPTURE 1 39537905744 525400123402525400123401080045000038edc140004011e4e20a002a0f0a002a021092109200249a8754324e31010400005452543200000000000000b4000000007b091440
CAPTURE 1 39573901760 525400123402525400123401080045000044edc840004011e4cf0a002a0f0a002a02109210920030e58b54324e310101000154525432000000b500000000000c000004d23b2a0100000000000271000000b5
CAPTURE 1 39629008496 52540012340152540012340208004500003800000000401112a50a002a020a002a0f109210920024bd5a54324e31010400005452543200000000000000b5000000006c720003
CAPTURE 1 39629627632 52540012340152540012340208004500004400000000401112990a002a020a002a0f109210920030685254324e310102000154525432000000b500000000000c0000ffd3bddf01000000000001f2000000b5
CAPTURE 1 39664688240 525400123402525400123401080045000038edd040004011e4d30a002a0f0a002a02109210920024bd5a54324e31010400005452543200000000000000b5000000006c720003
CAPTURE 1 39699350192 525400123402525400123401080045000044edd740004011e4c00a002a0f0a002a02109210920030a08b54324e310101000154525432000000b600000000000c0000a836dcc30100000000000271000000b6
CAPTURE 1 39758744576 52540012340152540012340208004500003800000000401112a50a002a020a002a0f109210920024970954324e31010400005452543200000000000000b60000000055ff3cc6
CAPTURE 1 39759263968 52540012340152540012340208004500004400000000401112990a002a020a002a0f109210920030789654324e310102000154525432000000b600000000000c000053375a3601000000000001f2000000b6
CAPTURE 1 39794275120 525400123402525400123401080045000038ede440004011e4bf0a002a0f0a002a02109210920024970954324e31010400005452543200000000000000b60000000055ff3cc6
CAPTURE 1 39828131552 525400123402525400123401080045000044edec40004011e4ab0a002a0f0a002a021092109200302e6e54324e310101000154525432000000b700000000000c00007aba7c5b0100000000000271000000b7
CAPTURE 1 39889342896 52540012340152540012340208004500003800000000401112a50a002a020a002a0f109210920024bec454324e31010400005452543200000000000000b70000000042842885
CAPTURE 1 39890429072 52540012340152540012340208004500004400000000401112990a002a020a002a0f109210920030a99754324e310102000154525432000000b700000000000c000081bbfaae01000000000001f2000000b7
CAPTURE 1 40098455840 525400123402525400123401080045000038ee2f40004011e4740a002a0f0a002a02109210920024bec454324e31010400005452543200000000000000b70000000042842885
CAPTURE 1 40133156848 525400123402525400123401080045000044ee3240004011e4650a002a0f0a002a021092109200300e4f54324e310101000154525432000000b800000000000c0000085e0ed50100000000000271000000b8
CAPTURE 1 40188884656 525400123401525400123402080045000040000000004011129d0a002a020a002a0f10921092002c18c654324e31010500005452543200000000000000000008000071260dbd00000000000092c2
CAPTURE 1 40189498928 52540012340152540012340208004500003800000000401112a50a002a020a002a0f109210920024a53a54324e31010400005452543200000000000000b8000000009d3de754
CAPTURE 1 40190004256 52540012340152540012340208004500004400000000401112990a002a020a002a0f109210920030aa7f54324e310102000154525432000000b800000000000c0000f35f882001000000000001f2000000b8
CAPTURE 1 40242938688 525400123402525400123401080045000038ee3940004011e46a0a002a0f0a002a02109210920024a53a54324e31010400005452543200000000000000b8000000009d3de754
CAPTURE 1 40276123616 525400123402525400123401080045000044ee4040004011e4570a002a0f0a002a021092109200309c5f54324e310101000154525432000000b900000000000c0000dad2ae4d0100000000000271000000b9
CAPTURE 1 40318902400 52540012340152540012340208004500003800000000401112a50a002a020a002a0f109210920024ac6d54324e31010400005452543200000000000000b9000000008a46f317
CAPTURE 1 40319768400 52540012340152540012340208004500004400000000401112990a002a020a002a0f109210920030db7254324e310102000154525432000000b900000000000c000021d328b801000000000001f2000000b9
CAPTURE 1 40354577360 525400123402525400123401080045000038ee4d40004011e4560a002a0f0a002a02109210920024ac6d54324e31010400005452543200000000000000b9000000008a46f317
CAPTURE 1 40387597952 525400123402525400123401080045000044ee4f40004011e4480a002a0f0a002a0210921092003065a354324e310101000154525432000000ba00000000000c0000763649a40100000000000271000000ba
CAPTURE 1 40448686224 52540012340152540012340208004500003800000000401112a50a002a020a002a0f109210920024a62c54324e31010400005452543200000000000000ba00000000b3cbcfd2
CAPTURE 1 40449335264 52540012340152540012340208004500004400000000401112990a002a020a002a0f109210920030c97254324e310102000154525432000000ba00000000000c00008d37cf5101000000000001f2000000ba
CAPTURE 1 40655994800 525400123402525400123401080045000038ee7140004011e4320a002a0f0a002a02109210920024a62c54324e31010400005452543200000000000000ba00000000b3cbcfd2
CAPTURE 1 40688774400 525400123402525400123401080045000044ee7340004011e4240a002a0f0a002a02109210920030978454324e310101000154525432000000bb00000000000c0000a4bae93c0100000000000271000000bb
CAPTURE 1 40749447008 525400123401525400123402080045000040000000004011129d0a002a020a002a0f10921092002cf93c54324e31010500005452543200000000000000000008000001a59a9700000000000094f2
CAPTURE 1 40750251376 52540012340152540012340208004500003800000000401112a50a002a020a002a0f109210920024a98754324e31010400005452543200000000000000bb00000000a4b0db91
CAPTURE 1 40750948352 52540012340152540012340208004500004400000000401112990a002a020a002a0f109210920030567554324e310102000154525432000000bb00000000000c00005fbb6fc901000000000001f2000000bb
CAPTURE 1 40804420768 525400123402525400123401080045000038ee8840004011e41b0a002a0f0a002a02109210920024a98754324e31010400005452543200000000000000bb00000000a4b0db91
CAPTURE 1 40838800912 525400123402525400123401080045000044ee8c40004011e40b0a002a0f0a002a02109210920030b0b354324e310101000154525432000000bc00000000000c0000f48e80370100000000000271000000bc
CAPTURE 1 40879030768 52540012340152540012340208004500003800000000401112a50a002a020a002a0f109210920024b29e54324e31010400005452543200000000000000bc00000000c0d1b658
CAPTURE 1 40879595536 52540012340152540012340208004500004400000000401112990a002a020a002a0f1092109200300fa754324e310102000154525432000000bc00000000000c00000f8f06c201000000000001f2000000bc
CAPTURE 1 40915785024 525400123402525400123401080045000038ee9340004011e4100a002a0f0a002a02109210920024b29e54324e31010400005452543200000000000000bc00000000c0d1b658
CAPTURE 1 40948077536 525400123402525400123401080045000044ee9a40004011e3fd0a002a0f0a002a02109210920030dec654324e310101000154525432000000bd00000000000c0000260220af0100000000000271000000bd
CAPTURE 1 41010337280 52540012340152540012340208004500003800000000401112a50a002a020a002a0f109210920024b00154324e31010400005452543200000000000000bd00000000d7aaa21b
CAPTURE 1 41011020064 52540012340152540012340208004500004400000000401112990a002a020a002a0f109210920030a29754324e310102000154525432000000bd00000000000c0000dd03a65a01000000000001f2000000bd
CAPTURE 1 41205363152 525400123401525400123402080045000040000000004011129d0a002a020a002a0f10921092002c510554324e3101050000545254320000000000000000000800004cf9f5ae00000000000096be
CAPTURE 1 41215617328 525400123402525400123401080045000038eea240004011e4010a002a0f0a002a02109210920024b00154324e31010400005452543200000000000000bd00000000d7aaa21b
CAPTURE 1 41249330272 525400123402525400123401080045000044eea740004011e3f00a002a0f0a002a02109210920030d34854324e310101000154525432000000be00000000000c00008ae6c7460100000000000271000000be
CAPTURE 1 41320142464 52540012340152540012340208004500003800000000401112a50a002a020a002a0f1092109200249cc054324e31010400005452543200000000000000be00000000ee279ede
CAPTURE 1 41321198240 52540012340152540012340208004500004400000000401112990a002a020a002a0f109210920030725954324e310102000154525432000000be00000000000c000071e741b301000000000001f2000000be
CAPTURE 1 41363111280 525400123402525400123401080045000038eeb940004011e3ea0a002a0f0a002a021092109200249cc054324e31010400005452543200000000000000be00000000ee279ede
CAPTURE 1 41399332928 525400123402525400123401080045000044eebe40004011e3d90a002a0f0a002a02109210920030652b54324e310101000154525432000000bf00000000000c0000586a67de0100000000000271000000bf
CAPTURE 1 41459032832 52540012340152540012340208004500003800000000401112a50a002a020a002a0f109210920024a5cb54324e31010400005452543200000000000000bf00000000f95c8a9d
CAPTURE 1 41459614784 52540012340152540012340208004500004400000000401112990a002a020a002a0f109210920030a15a54324e310102000154525432000000bf00000000000c0000a36be12b01000000000001f2000000bf
CAPTURE 1 41495226672 525400123402525400123401080045000038eed640004011e3cd0a002a0f0a002a02109210920024a5cb54324e31010400005452543200000000000000bf00000000f95c8a9d
CAPTURE 1 41529264672 525400123402525400123401080045000044eed740004011e3c00a002a0f0a002a0210921092003065ab54324e310101000154525432000000c000000000000c0000299f96270100000000000271000000c0
CAPTURE 1 41589780528 52540012340152540012340208004500003800000000401112a50a002a020a002a0f109210920024cce454324e31010400005452543200000000000000c000000000d6468699
CAPTURE 1 41590738832 52540012340152540012340208004500004400000000401112990a002a020a002a0f109210920030427f54324e310102000154525432000000c000000000000c0000d29e10d201000000000001f2000000c0
CAPTURE 1 41808404656 525400123402525400123401080045000038eee040004011e3c30a002a0f0a002a02109210920024cce454324e31010400005452543200000000000000c000000000d6468699
CAPTURE 1 41840597168 525400123402525400123401080045000044eee240004011e3b50a002a0f0a002a02109210920030f39c54324e310101000154525432000000c100000000000c0000fb1336bf0100000000000271000000c1
CAPTURE 1 41918583632 525400123401525400123402080045000040000000004011129d0a002a020a002a0f10921092002c52a754324e3101050000545254320000000000000000000800000d6d30d30000000000009984
CAPTURE 1 41919159680 52540012340152540012340208004500003800000000401112a50a002a020a002a0f109210920024d5ab54324e31010400005452543200000000000000c100000000c13d92da
CAPTURE 1 41919807824 52540012340152540012340208004500004400000000401112990a002a020a002a0f109210920030759154324e310102000154525432000000c100000000000c00000012b04a01000000000001f2000000c1
CAPTURE 1 41973969792 525400123402525400123401080045000038eef140004011e3b20a002a0f0a002a02109210920024d5ab54324e31010400005452543200000000000000c100000000c13d92da
CAPTURE 1 42008417888 525400123402525400123401080045000044eef340004011e3a40a002a0f0a002a02109210920030fc1f54324e310101000154525432000000c200000000000c000057f7d1560100000000000271000000c2
CAPTURE 1 42049110720 52540012340152540012340208004500003800000000401112a50a002a020a002a0f10921092002482f254324e31010400005452543200000000000000c200000000f8b0ae1f
CAPTURE 1 42050062752 52540012340152540012340208004500004400000000401112990a002a020a002a0f109210920030215254324e310102000154525432000000c200000000000c0000acf657a301000000000001f2000000c2
CAPTURE 1 42085389008 525400123402525400123401080045000038ef0540004011e39e0a002a0f0a002a0210921092002482f254324e31010400005452543200000000000000c200000000f8b0ae1f
CAPTURE 1 42117549824 525400123402525400123401080045000044ef0640004011e3910a002a0f0a002a021092109200302e2254324e310101000154525432000000c300000000000c0000857b71ce0100000000000271000000c3
CAPTURE 1 42178919280 52540012340152540012340208004500003800000000401112a50a002a020a002a0f1092109200247f9954324e31010400005452543200000000000000c300000000efcbba5c
CAPTURE 1 42179459936 52540012340152540012340208004500004400000000401112990a002a020a002a0f109210920030b03354324e310102000154525432000000c300000000000c00007e7af73b01000000000001f2000000c3
CAPTURE 1 42376202016 525400123401525400123402080045000040000000004011129d0a002a020a002a0f10921092002c8b9954324e310105000054525432000000000000000000080000bee5449c0000000000009b50
CAPTURE 1 42386902064 525400123402525400123401080045000038ef4440004011e35f0a002a0f0a002a021092109200247f9954324e31010400005452543200000000000000c300000000efcbba5c
CAPTURE 1 42419072816 525400123402525400123401080045000044ef4740004011e3500a002a0f0a002a02109210920030375554324e310101000154525432000000c400000000000c0000d54f18c50100000000000271000000c4
CAPTURE 1 42489083664 52540012340152540012340208004500003800000000401112a50a002a020a002a0f109210920024c68054324e31010400005452543200000000000000c4000000008baad795
CAPTURE 1 42490064752 52540012340152540012340208004500004400000000401112990a002a020a002a0f109210920030596954324e310102000154525432000000c400000000000c00002e4e9e3001000000000001f2000000c4
CAPTURE 1 42525605520 525400123402525400123401080045000038ef5840004011e34b0a002a0f0a002a02109210920024c68054324e31010400005452543200000000000000c4000000008baad795
CAPTURE 1 42558510864 525400123402525400123401080045000044ef5a40004011e33d0a002a0f0a002a02109210920030654754324e310101000154525432000000c500000000000c000007c3b85d0100000000000271000000c5
CAPTURE 1 42619001952 52540012340152540012340208004500003800000000401112a50a002a020a002a0f109210920024c91754324e31010400005452543200000000000000c5000000009cd1c3d6
CAPTURE 1 42619578880 52540012340152540012340208004500004400000000401112990a002a020a002a0f109210920030ea7a54324e310102000154525432000000c500000000000c0000fcc23ea801000000000001f2000000c5
CAPTURE 1 42654652224 525400123402525400123401080045000038ef7140004011e3320a002a0f0a002a02109210920024c91754324e31010400005452543200000000000000c5000000009cd1c3d6
CAPTURE 1 42694710880 525400123402525400123401080045000044ef7540004011e3220a002a0f0a002a021092109200301a8a54324e310101000154525432000000c600000000000c0000ab275fb40100000000000271000000c6
CAPTURE 1 42748964672 52540012340152540012340208004500003800000000401112a50a002a020a002a0f109210920024854e54324e31010400005452543200000000000000c600000000a55cff13
CAPTURE 1 42749745712 52540012340152540012340208004500004400000000401112990a002a020a002a0f109210920030fc7b54324e310102000154525432000000c600000000000c00005026d94101000000000001f2000000c6
CAPTURE 1 42946296368 525400123401525400123402080045000040000000004011129d0a002a020a002a0f10921092002c255754324e3101050000545254320000000000000000000800008eb9d8d00000000000009d8a
CAPTURE 1 42956502832 525400123402525400123401080045000038ef9140004011e3120a002a0f0a002a02109210920024854e54324e31010400005452543200000000000000c600000000a55cff13
CAPTURE 1 42991770224 525400123402525400123401080045000044ef9240004011e3050a002a0f0a002a02109210920030ac8b54324e310101000154525432000000c700000000000c000079abff2c0100000000000271000000c7
CAPTURE 1 43058666848 52540012340152540012340208004500003800000000401112a50a002a020a002a0f1092109200248c4554324e31010400005452543200000000000000c700000000b227eb50
CAPTURE 1 43059192544 52540012340152540012340208004500004400000000401112990a002a020a002a0f109210920030295e54324e310102000154525432000000c700000000000c000082aa79d901000000000001f2000000c7
CAPTURE 1 43095620944 525400123402525400123401080045000038efa740004011e2fc0a002a0f0a002a021092109200248c4554324e31010400005452543200000000000000c700000000b227eb50
CAPTURE 1 43135339424 525400123402525400123401080045000044efab40004011e2ec0a002a0f0a002a021092109200308c7054324e310101000154525432000000c800000000000c00000b4f8da20100000000000271000000c8
CAPTURE 1 43188754816 52540012340152540012340208004500003800000000401112a50a002a020a002a0f109210920024979d54324e31010400005452543200000000000000c8000000006d9e2481
CAPTURE 1 43189297600 52540012340152540012340208004500004400000000401112990a002a020a002a0f1092109200302a3a54324e310102000154525432000000c800000000000c0000f04e0b5701000000000001f2000000c8
CAPTURE 1 43224690320 525400123402525400123401080045000038efb840004011e2eb0a002a0f0a002a02109210920024979d54324e31010400005452543200000000000000c8000000006d9e2481
CAPTURE 1 43263599600 525400123402525400123401080045000044efb940004011e2de0a002a0f0a002a021092109200301e6254324e310101000154525432000000c900000000000c0000d9c32d3a0100000000000271000000c9
CAPTURE 1 43319621840 52540012340152540012340208004500003800000000401112a50a002a020a002a0f1092109200247e1454324e31010400005452543200000000000000c9000000007ae530c2
CAPTURE 1 43320327536 52540012340152540012340208004500004400000000401112990a002a020a002a0f109210920030574c54324e310102000154525432000000c900000000000c000022c2abcf01000000000001f2000000c9
CAPTURE 1 43516693488 525400123401525400123402080045000040000000004011129d0a002a020a002a0f10921092002c85f654324e3101050000545254320000000000000000000800002debd6c50000000000009fc4
CAPTURE 1 43527564368 525400123402525400123401080045000038efd840004011e2cb0a002a0f0a002a021092109200247e1454324e31010400005452543200000000000000c9000000007ae530c2
CAPTURE 1 43565564048 525400123402525400123401080045000044efdd40004011e2ba0a002a0f0a002a02109210920030e56254324e310101000154525432000000ca00000000000c00007527cad30100000000000271000000ca
CAPTURE 1 43629495088 52540012340152540012340208004500003800000000401112a50a002a020a002a0f109210920024da4b54324e31010400005452543200000000000000ca0000000043680c07
CAPTURE 1 43630319344 52540012340152540012340208004500004400000000401112990a002a020a002a0f1092109200304b8f54324e310102000154525432000000ca00000000000c00008e264c2601000000000001f2000000ca
CAPTURE 1 43668322416 525400123402525400123401080045000038eff140004011e2b20a002a0f0a002a02109210920024da4b54324e31010400005452543200000000000000ca0000000043680c07
CAPTURE 1 43706566288 525400123402525400123401080045000044eff240004011e2a50a002a0f0a002a02109210920030136554324e310101000154525432000000cb00000000000c0000a7ab6a4b0100000000000271000000cb
CAPTURE 1 43758838240 52540012340152540012340208004500003800000000401112a50a002a020a002a0f109210920024bd6254324e31010400005452543200000000000000cb0000000054131844
CAPTURE 1 43759371312 52540012340152540012340208004500004400000000401112990a002a020a002a0f109210920030dc7054324e310102000154525432000000cb00000000000c00005caaecbe01000000000001f2000000cb
CAPTURE 1 43794836400 525400123402525400123401080045000038f00340004011e2a00a002a0f0a002a02109210920024bd6254324e31010400005452543200000000000000cb0000000054131844
CAPTURE 1 43826911440 525400123402525400123401080045000044f00b40004011e28c0a002a0f0a002a021092109200302a7a54324e310101000154525432000000cc00000000000c0000f79f03400100000000000271000000cc
CAPTURE 1 43889624832 52540012340152540012340208004500003800000000401112a50a002a020a002a0f10921092002483b954324e31010400005452543200000000000000cc000000003072758d
CAPTURE 1 43890630704 52540012340152540012340208004500004400000000401112990a002a020a002a0f109210920030938454324e310102000154525432000000cc00000000000c00000c9e85b501000000000001f2000000cc
CAPTURE 1 43929935936 525400123402525400123401080045000038f01840004011e28b0a002a0f0a002a0210921092002483b954324e31010400005452543200000000000000cc000000003072758d
CAPTURE 1 43961843280 525400123402525400123401080045000044f01a40004011e27d0a002a0f0a002a021092109200305c6c54324e310101000154525432000000cd00000000000c00002513a3d80100000000000271000000cd
CAPTURE 1 44019346400 52540012340152540012340208004500003800000000401112a50a002a020a002a0f109210920024a0e054324e31010400005452543200000000000000cd00000000270961ce
CAPTURE 1 44020551136 52540012340152540012340208004500004400000000401112990a002a020a002a0f109210920030229654324e310102000154525432000000cd00000000000c0000de12252d01000000000001f2000000cd
CAPTURE 1 44058430016 525400123402525400123401080045000038f02740004011e27c0a002a0f0a002a02109210920024a0e054324e31010400005452543200000000000000cd00000000270961ce
CAPTURE 2 9393535584 33330000001652540012340186dd600000000024000100000000000000000000000000000000ff0200000000000000000000000000163a000502000001008f003b770000000104000000ff0200000000000000000001ff123401
CAPTURE 2 9394566880 3333ff12340152540012340186dd6000000000203aff00000000000000000000000000000000ff0200000000000000000001ff12340187007c5200000000fe80000000000000505400fffe1234010e018153b4780485
CAPTURE 2 9403649392 52540012340152540012340208004500004400000000401112990a002a020a002a0f1092109200308a0254324e3101020001545254320000000100000000000c000023be7aec01000000000000b300000001
CAPTURE 2 9408487616 525400123401525400123402080045000040000000004011129d0a002a020a002a0f10921092002cdfd454324e310105000054525432000000000000000000080000aea581750000000000001a7c
CAPTURE 2 9411073696 525400123402525400123401080045000038de4d40004011f4560a002a0f0a002a021092109200241ef754324e31010400005452543200000000000000010000000079fa9192
CAPTURE 2 9441347120 525400123402525400123401080045000044de5040004011f4470a002a0f0a002a021092109200306ea154324e3101010001545254320000000200000000000c0000becafb0601000000000000ec00000002
CAPTURE 2 9463997264 525400123402525400123401080045000038de5540004011f44e0a002a0f0a002a021092109200241ef754324e31010400005452543200000000000000010000000079fa9192
CAPTURE 2 9519266240 52540012340152540012340208004500003800000000401112a50a002a020a002a0f1092109200243cb454324e3101040000545254320000000000000002000000004077ad57
CAPTURE 2 9519800256 52540012340152540012340208004500004400000000401112990a002a020a002a0f109210920030aa1a54324e3101020001545254320000000200000000000c00003d7a411501000000000000b400000002
CAPTURE 2 9559970208 525400123402525400123401080045000038de6a40004011f4390a002a0f0a002a021092109200243cb454324e3101040000545254320000000000000002000000004077ad57
CAPTURE 2 9588460272 525400123402525400123401080045000044de7140004011f4260a002a0f0a002a0210921092003091fd54324e3101010001545254320000000300000000000c0000de1cb7d9010000000000016900000003
CAPTURE 2 9648486688 52540012340152540012340208004500003800000000401112a50a002a020a002a0f1092109200241a6154324e310104000054525432000000000000000300000000570cb914
CAPTURE 2 9649137760 52540012340152540012340208004500004400000000401112990a002a020a002a0f109210920030683f54324e3101020001545254320000000300000000000c00001f05a13601000000000000e100000003
CAPTURE 2 9684034304 525400123402525400123401080045000038de8940004011f41a0a002a0f0a002a021092109200241a6154324e310104000054525432000000000000000300000000570cb914
CAPTURE 2 9713487952 525400123402525400123401080045000044de8c40004011f40b0a002a0f0a002a021092109200301d0554324e3101010001545254320000000400000000000c00001b48ef90010000000000017d00000004
CAPTURE 2 9778456032 52540012340152540012340208004500003800000000401112a50a002a020a002a0f109210920024223654324e310104000054525432000000000000000400000000336dd4dd
CAPTURE 2 9779024688 52540012340152540012340208004500004400000000401112990a002a020a002a0f10921092003096a654324e3101020001545254320000000400000000000c0000eb19a697010000000000010200000004
CAPTURE 2 9811830896 525400123402525400123401080045000038de8f40004011f4140a002a0f0a002a02109210920024223654324e310104000054525432000000000000000400000000336dd4dd
CAPTURE 2 9840435792 525400123402525400123401080045000044de9040004011f4070a002a0f0a002a02109210920030549d54324e3101010001545254320000000500000000000c0000cb4007f4010000000000018700000005
CAPTURE 2 9909143600 52540012340152540012340208004500003800000000401112a50a002a020a002a0f10921092002445cb54324e3101040000545254320000000000000005000000002416c09e
CAPTURE 2 9909839056 52540012340152540012340208004500004400000000401112990a002a020a002a0f109210920030e4eb54324e3101020001545254320000000500000000000c00006905da4c010000000000011a00000005
CAPTURE 2 9951207328 525400123402525400123401080045000038de9340004011f4100a002a0f0a002a0210921092002445cb54324e3101040000545254320000000000000005000000002416c09e
CAPTURE 2 9980571824 525400123402525400123401080045000044de9940004011f3fe0a002a0f0a002a02109210920030dbea54324e3101010001545254320000000600000000000c0000d70074f1010000000000017a00000006
CAPTURE 2 10048967616 52540012340152540012340208004500003800000000401112a50a002a020a002a0f109210920024108854324e3101040000545254320000000000000006000000001d9bfc5b
CAPTURE 2 10049648672 52540012340152540012340208004500004400000000401112990a002a020a002a0f109210920030d70f54324e3101020001545254320000000600000000000c000069d0e752010000000000012300000006
CAPTURE 2 10084764112 525400123402525400123401080045000038dea540004011f3fe0a002a0f0a002a02109210920024108854324e3101040000545254320000000000000006000000001d9bfc5b
CAPTURE 2 10113737440 525400123402525400123401080045000044deab40004011f3ec0a002a0f0a002a0210921092003036f654324e3101010001545254320000000700000000000c0000422caeb9010000000000017900000007
CAPTURE 2 10178767888 52540012340152540012340208004500003800000000401112a50a002a020a002a0f109210920024378554324e3101040000545254320000000000000007000000000ae0e818
CAPTURE 2 10179667616 52540012340152540012340208004500004400000000401112990a002a020a002a0f109210920030e4c354324e3101020001545254320000000700000000000c0000cc8c76db010000000000012800000007
CAPTURE 2 10205192784 525400123402525400123401080045000038deb140004011f3f20a002a0f0a002a02109210920024378554324e3101040000545254320000000000000007000000000ae0e818
CAPTURE 2 10236116992 525400123402525400123401080045000044deb340004011f3e40a002a0f0a002a021092109200304e7854324e3101010001545254320000000800000000000c00004a088f57010000000000017b00000008
CAPTURE 2 10308669808 52540012340152540012340208004500003800000000401112a50a002a020a002a0f1092109200242d5a54324e310104000054525432000000000000000800000000d55927c9
CAPTURE 2 10309234016 52540012340152540012340208004500004400000000401112990a002a020a002a0f10921092003039a854324e3101020001545254320000000800000000000c00004be8a295010000000000012c00000008
CAPTURE 2 10345818528 525400123402525400123401080045000038deb540004011f3ee0a002a0f0a002a021092109200242d5a54324e310104000054525432000000000000000800000000d55927c9
CAPTURE 2 10375177744 525400123402525400123401080045000044deb740004011f3e00a002a0f0a002a021092109200306e7954324e3101010001545254320000000900000000000c000027b491ae010000000000017500000009
CAPTURE 2 10407267744 33330000001652540012340186dd6000000000240001fe80000000000000505400fffe123401ff0200000000000000000000000000163a000502000001008f00b98e0000000104000000ff0200000000000000000001ff123401
CAPTURE 2 10408395168 33330000000252540012340186dd6000000000103afffe80000000000000505400fffe123401ff0200000000000000000000000000028500725f000000000101525400123401
CAPTURE 2 10440031360 52540012340152540012340208004500003800000000401112a50a002a020a002a0f10921092002434cf54324e310104000054525432000000000000000900000000c222338a
CAPTURE 2 10440766976 52540012340152540012340208004500004400000000401112990a002a020a002a0f1092109200308cb254324e3101020001545254320000000900000000000c00009964020d010000000000012c00000009
CAPTURE 2 10465932144 525400123402525400123401080045000038debf40004011f3e40a002a0f0a002a0210921092002434cf54324e310104000054525432000000000000000900000000c222338a
CAPTURE 2 10500629888 525400123402525400123401080045000044dec340004011f3d40a002a0f0a002a021092109200304e5154324e3101010001545254320000000a00000000000c0000ccf00c9701000000000001760000000a
CAPTURE 2 10576099504 52540012340152540012340208004500003800000000401112a50a002a020a002a0f1092109200241f7c54324e310104000054525432000000000000000a00000000fbaf0f4f
CAPTURE 2 10576625120 52540012340152540012340208004500004400000000401112990a002a020a002a0f1092109200300cbd54324e3101020001545254320000000a00000000000c00003580e5e4010000000000012c0000000a
CAPTURE 2 10612185808 525400123402525400123401080045000038ded440004011f3cf0a002a0f0a002a021092109200241f7c54324e310104000054525432000000000000000a00000000fbaf0f4f
CAPTURE 2 10641194016 525400123402525400123401080045000044ded940004011f3be0a002a0f0a002a02109210920030f71b54324e3101010001545254320000000b00000000000c000059dcd6df01000000000001750000000b
CAPTURE 2 10709957664 52540012340152540012340208004500003800000000401112a50a002a020a002a0f109210920024229954324e310104000054525432000000000000000b00000000ecd41b0c
CAPTURE 2 10716371024 52540012340152540012340208004500004400000000401112990a002a020a002a0f10921092003079df54324e3101020001545254320000000b00000000000c000070e83cc201000000000001c20000000b
CAPTURE 2 10747260688 525400123402525400123401080045000038dee240004011f3c10a002a0f0a002a02109210920024229954324e310104000054525432000000000000000b00000000ecd41b0c
CAPTURE 2 10776412704 525400123402525400123401080045000044dee940004011f3ae0a002a0f0a002a0210921092003031f654324e3101010001545254320000000c00000000000c0000f38603ce01000000000000000000000c
CAPTURE 2 10849146448 52540012340152540012340208004500003800000000401112a50a002a020a002a0f1092109200242afe54324e310104000054525432000000000000000c0000000088b576c5
CAPTURE 2 10849734208 52540012340152540012340208004500004400000000401112990a002a020a002a0f109210920030208454324e3101020001545254320000000c00000000000c0000978f6fa201000000000001940000000c
CAPTURE 2 10887132064 525400123402525400123401080045000038df0240004011f3a10a002a0f0a002a021092109200242afe54324e310104000054525432000000000000000c0000000088b576c5
CAPTURE 2 10916631856 525400123402525400123401080045000044df0840004011f38f0a002a0f0a002a02109210920030730c54324e3101010001545254320000000d00000000000c0000d1f9e3ed01000000000000550000000d
CAPTURE 2 10979049152 52540012340152540012340208004500003800000000401112a50a002a020a002a0f109210920024282354324e310104000054525432000000000000000d000000009fce6286
CAPTURE 2 10979642784 52540012340152540012340208004500004400000000401112990a002a020a002a0f1092109200305e9054324e3101020001545254320000000d00000000000c0000bd930b8b01000000000001990000000d
CAPTURE 2 11015867200 525400123402525400123401080045000038df0940004011f39a0a002a0f0a002a02109210920024282354324e310104000054525432000000000000000d000000009fce6286
CAPTURE 2 11044883840 525400123402525400123401080045000044df0f40004011f3880a002a0f0a002a02109210920030569954324e3101010001545254320000000e00000000000c00008dee44bf01000000000000000000000e
CAPTURE 2 11108956720 52540012340152540012340208004500003800000000401112a50a002a020a002a0f10921092002425f054324e310104000054525432000000000000000e00000000a6435e43
CAPTURE 2 11109522752 52540012340152540012340208004500004400000000401112990a002a020a002a0f109210920030ce2754324e3101020001545254320000000e00000000000c0000cc238d7d010000000000017d0000000e
CAPTURE 2 11142772128 33330000001652540012340186dd6000000000240001fe80000000000000505400fffe123401ff0200000000000000000000000000163a000502000001008f00b98e0000000104000000ff0200000000000000000001ff123401
CAPTURE 2 11146781040 525400123402525400123401080045000038df1c40004011f3870a002a0f0a002a0210921092002425f054324e310104000054525432000000000000000e00000000a6435e43
CAPTURE 2 11175597104 525400123402525400123401080045000044df2340004011f3740a002a0f0a002a02109210920030507354324e3101010001545254320000000f00000000000c00005272865601000000000000090000000f
CAPTURE 2 11239608704 52540012340152540012340208004500003800000000401112a50a002a020a002a0f1092109200242f3d54324e310104000054525432000000000000000f00000000b1384a00
CAPTURE 2 11240260976 52540012340152540012340208004500004400000000401112990a002a020a002a0f1092109200308b8e54324e3101020001545254320000000f00000000000c0000db5fc0e401000000000001710000000f
CAPTURE 2 11277445600 525400123402525400123401080045000038df2f40004011f3740a002a0f0a002a021092109200242f3d54324e310104000054525432000000000000000f00000000b1384a00
CAPTURE 2 11307327216 525400123402525400123401080045000044df3140004011f3660a002a0f0a002a021092109200301f7954324e3101010001545254320000001000000000000c00006826a1a3010000000000000000000010
CAPTURE 2 11369313408 52540012340152540012340208004500003800000000401112a50a002a020a002a0f109210920024a09254324e310104000054525432000000000000001000000000c241c7a0
CAPTURE 2 11370245360 52540012340152540012340208004500004400000000401112990a002a020a002a0f1092109200303cdd54324e3101020001545254320000001000000000000c000003bbe742010000000000016700000010
CAPTURE 2 11408127088 525400123402525400123401080045000038df4040004011f3630a002a0f0a002a02109210920024a09254324e310104000054525432000000000000001000000000c241c7a0
CAPTURE 2 11439320000 525400123402525400123401080045000044df4640004011f3510a002a0f0a002a02109210920030167954324e3101010001545254320000001100000000000c0000c06a525b010000000000000200000011
CAPTURE 2 11498994576 52540012340152540012340208004500003800000000401112a50a002a020a002a0f109210920024815554324e310104000054525432000000000000001100000000d53ad3e3
CAPTURE 2 11499558368 52540012340152540012340208004500004400000000401112990a002a020a002a0f109210920030220b54324e3101020001545254320000001100000000000c000024b7e11a010000000000016300000011
CAPTURE 2 11536290352 525400123402525400123401080045000038df4b40004011f3580a002a0f0a002a02109210920024815554324e310104000054525432000000000000001100000000d53ad3e3
CAPTURE 2 11565870160 525400123402525400123401080045000044df4d40004011f34a0a002a0f0a002a0210921092003006fc54324e3101010001545254320000001200000000000c00006c8eb5b2010000000000000200000012
CAPTURE 2 11628916288 52540012340152540012340208004500003800000000401112a50a002a020a002a0f1092109200244e9454324e310104000054525432000000000000001200000000ecb7ef26
CAPTURE 2 11629495904 52540012340152540012340208004500004400000000401112990a002a020a002a0f109210920030dbc654324e3101020001545254320000001200000000000c0000cff37c23010000000000016000000012
CAPTURE 2 11665987040 525400123402525400123401080045000038df5840004011f34b0a002a0f0a002a021092109200244e9454324e310104000054525432000000000000001200000000ecb7ef26
CAPTURE 2 11695474000 525400123402525400123401080045000044df5940004011f33e0a002a0f0a002a02109210920030176c54324e3101010001545254320000001300000000000c00003142e08a010000000000000400000013
CAPTURE 2 11759053040 52540012340152540012340208004500003800000000401112a50a002a020a002a0f109210920024333f54324e310104000054525432000000000000001300000000fbccfb65
CAPTURE 2 11759713296 52540012340152540012340208004500004400000000401112990a002a020a002a0f1092109200302da154324e3101020001545254320000001300000000000c00001d7fdcbb010000000000016000000013
CAPTURE 2 11795995408 525400123402525400123401080045000038df5f40004011f3440a002a0f0a002a02109210920024333f54324e310104000054525432000000000000001300000000fbccfb65
CAPTURE 2 11825390400 525400123402525400123401080045000044df6440004011f3330a002a0f0a002a021092109200303e3f54324e3101010001545254320000001400000000000c000061768981010000000000000400000014
CAPTURE 2 11888806304 52540012340152540012340208004500003800000000401112a50a002a020a002a0f109210920024f41654324e3101040000545254320000000000000014000000009fad96ac
CAPTURE 2 11889342400 52540012340152540012340208004500004400000000401112990a002a020a002a0f10921092003024de54324e3101020001545254320000001400000000000c00004d4bb5b0010000000000016000000014
CAPTURE 2 11925518928 525400123402525400123401080045000038df6d40004011f3360a002a0f0a002a02109210920024f41654324e3101040000545254320000000000000014000000009fad96ac
CAPTURE 2 11955184544 525400123402525400123401080045000044df7440004011f3230a002a0f0a002a021092109200304c2154324e3101010001545254320000001500000000000c0000b3fa2919010000000000000400000015
CAPTURE 2 12018899616 52540012340152540012340208004500003800000000401112a50a002a020a002a0f1092109200241eaa54324e31010400005452543200000000000000150000000088d682ef
CAPTURE 2 12025082320 52540012340152540012340208004500004400000000401112990a002a020a002a0f10921092003072e854324e3101020001545254320000001500000000000c00009fc71528010000000000016000000015
CAPTURE 2 12058987824 525400123402525400123401080045000038df7a40004011f3290a002a0f0a002a021092109200241eaa54324e31010400005452543200000000000000150000000088d682ef
CAPTURE 2 12091066048 525400123402525400123401080045000044df7f40004011f3180a002a0f0a002a021092109200303b2454324e3101010001545254320000001600000000000c00001f1ecef0010000000000000400000016
CAPTURE 2 12148745664 52540012340152540012340208004500003800000000401112a50a002a020a002a0f109210920024bae854324e310104000054525432000000000000001600000000b15bbe2a
CAPTURE 2 12149546400 52540012340152540012340208004500004400000000401112990a002a020a002a0f10921092003001f154324e3101020001545254320000001600000000000c00003323f2c1010000000000016000000016
CAPTURE 2 12183960752 525400123402525400123401080045000038df9440004011f30f0a002a0f0a002a02109210920024bae854324e310104000054525432000000000000001600000000b15bbe2a
CAPTURE 2 12217051984 525400123402525400123401080045000044df9c40004011f2fb0a002a0f0a002a02109210920030ed3554324e3101010001545254320000001700000000000c0000cd926e68010000000000000400000017
CAPTURE 2 12278633296 52540012340152540012340208004500003800000000401112a50a002a020a002a0f109210920024d9e354324e310104000054525432000000000000001700000000a620aa69
CAPTURE 2 12279173744 52540012340152540012340208004500004400000000401112990a002a020a002a0f109210920030f3ca54324e3101020001545254320000001700000000000c0000e1af5259010000000000016000000017
CAPTURE 2 12312753872 525400123402525400123401080045000038dfaa40004011f2f90a002a0f0a002a02109210920024d9e354324e310104000054525432000000000000001700000000a620aa69
CAPTURE 2 12345829008 525400123402525400123401080045000044dfac40004011f2eb0a002a0f0a002a021092109200304cd254324e3101010001545254320000001800000000000c0000bf761ce6010000000000000400000018
CAPTURE 2 12409110064 52540012340152540012340208004500003800000000401112a50a002a020a002a0f1092109200244b1b54324e310104000054525432000000000000001800000000799965b8
CAPTURE 2 12409944224 52540012340152540012340208004500004400000000401112990a002a020a002a0f10921092003073af54324e3101020001545254320000001800000000000c0000934b20d7010000000000016000000018
CAPTURE 2 12445108896 525400123402525400123401080045000038dfbb40004011f2e80a002a0f0a002a021092109200244b1b54324e310104000054525432000000000000001800000000799965b8
CAPTURE 2 12479541568 525400123402525400123401080045000044dfbf40004011f2d80a002a0f0a002a02109210920030feb354324e3101010001545254320000001900000000000c00006dfabc7e010000000000000400000019
CAPTURE 2 12538984624 52540012340152540012340208004500003800000000401112a50a002a020a002a0f109210920024498e54324e3101040000545254320000000000000019000000006ee271fb
CAPTURE 2 12539710976 52540012340152540012340208004500004400000000401112990a002a020a002a0f10921092003065b954324e3101020001545254320000001900000000000c000041c7804f010000000000016000000019
CAPTURE 2 12564807312 525400123402525400123401080045000038dfc040004011f2e30a002a0f0a002a02109210920024498e54324e3101040000545254320000000000000019000000006ee271fb
CAPTURE 2 12597686384 525400123402525400123401080045000044dfc440004011f2d30a002a0f0a002a021092109200300c7554324e3101010001545254320000001a00000000000c0000c11e5b9701000000000000040000001a
CAPTURE 2 12669556656 52540012340152540012340208004500003800000000401112a50a002a020a002a0f10921092002485bd54324e310104000054525432000000000000001a00000000576f4d3e
CAPTURE 2 12670266608 52540012340152540012340208004500004400000000401112990a002a020a002a0f109210920030d30354324e3101020001545254320000001a00000000000c0000ed2367a601000000000001600000001a
CAPTURE 2 12704656208 525400123402525400123401080045000038dfca40004011f2d90a002a0f0a002a0210921092002485bd54324e310104000054525432000000000000001a00000000576f4d3e
CAPTURE 2 12738672224 525400123402525400123401080045000044dfce40004011f2c90a002a0f0a002a021092109200301a8754324e3101010001545254320000001b00000000000c00001392fb0f01000000000000040000001b
CAPTURE 2 12799261904 52540012340152540012340208004500003800000000401112a50a002a020a002a0f10921092002490d854324e310104000054525432000000000000001b000000004014597d
CAPTURE 2 12799870416 52540012340152540012340208004500004400000000401112990a002a020a002a0f10921092003020de54324e3101020001545254320000001b00000000000c00003fafc73e01000000000001600000001b
CAPTURE 2 12834390992 525400123402525400123401080045000038dfe040004011f2c30a002a0f0a002a0210921092002490d854324e310104000054525432000000000000001b000000004014597d
CAPTURE 2 12867052240 525400123402525400123401080045000044dfe440004011f2b30a002a0f0a002a02109210920030537c54324e3101010001545254320000001c00000000000c000043a6920401000000000000040000001c
CAPTURE 2 12928926288 52540012340152540012340208004500003800000000401112a50a002a020a002a0f109210920024d13f54324e310104000054525432000000000000001c00000000247534b4
CAPTURE 2 12929637888 52540012340152540012340208004500004400000000401112990a002a020a002a0f10921092003009f954324e3101020001545254320000001c00000000000c00006f9bae3501000000000001600000001c
CAPTURE 2 12964720432 525400123402525400123401080045000038dfee40004011f2b50a002a0f0a002a02109210920024d13f54324e310104000054525432000000000000001c00000000247534b4
CAPTURE 2 12997996624 525400123402525400123401080045000044dff640004011f2a10a002a0f0a002a02109210920030655e54324e3101010001545254320000001d00000000000c0000912a329c01000000000000040000001d
CAPTURE 2 13059506352 52540012340152540012340208004500003800000000401112a50a002a020a002a0f109210920024d66254324e310104000054525432000000000000001d00000000330e20f7
CAPTURE 2 13060390112 52540012340152540012340208004500004400000000401112990a002a020a002a0f1092109200305c0354324e3101020001545254320000001d00000000000c0000bd170ead01000000000001600000001d
CAPTURE 2 13095517376 525400123402525400123401080045000038dff940004011f2aa0a002a0f0a002a02109210920024d66254324e310104000054525432000000000000001d00000000330e20f7
CAPTURE 2 13128387568 525400123402525400123401080045000044dffb40004011f29c0a002a0f0a002a0210921092003015df54324e3101010001545254320000001e00000000000c00003dced57501000000000000040000001e
CAPTURE 2 13190364304 52540012340152540012340208004500003800000000401112a50a002a020a002a0f10921092002403b254324e310104000054525432000000000000001e000000000a831c32
CAPTURE 2 13190936864 52540012340152540012340208004500004400000000401112990a002a020a002a0f1092109200302c8e54324e3101020001545254320000001e00000000000c000011f3e94401000000000001600000001e
CAPTURE 2 13225575472 525400123402525400123401080045000038dffe40004011f2a50a002a0f0a002a0210921092002403b254324e310104000054525432000000000000001e000000000a831c32
CAPTURE 2 13259068192 525400123402525400123401080045000044e00340004011f2940a002a0f0a002a02109210920030c3f054324e3101010001545254320000001f00000000000c0000ef4275ed01000000000000040000001f
CAPTURE 2 13319521536 52540012340152540012340208004500003800000000401112a50a002a020a002a0f10921092002403fd54324e310104000054525432000000000000001f000000001df80871
CAPTURE 2 13320292208 52540012340152540012340208004500004400000000401112990a002a020a002a0f1092109200301a6854324e3101020001545254320000001f00000000000c0000c37f49dc01000000000001600000001f
CAPTURE 2 13356169056 525400123402525400123401080045000038e00a40004011f2990a002a0f0a002a0210921092002403fd54324e310104000054525432000000000000001f000000001df80871
CAPTURE 2 13391234576 525400123402525400123401080045000044e00b40004011f28c0a002a0f0a002a02109210920030775b54324e3101010001545254320000002000000000000c000053465e7d010000000000000400000020
CAPTURE 2 13448787728 52540012340152540012340208004500003800000000401112a50a002a020a002a0f109210920024368254324e310104000054525432000000000000002000000000ec700772
CAPTURE 2 13449458864 52540012340152540012340208004500004400000000401112990a002a020a002a0f10921092003045fa54324e3101020001545254320000002000000000000c00007f7b624c010000000000016000000020
CAPTURE 2 13484435968 525400123402525400123401080045000038e01f40004011f2840a002a0f0a002a02109210920024368254324e310104000054525432000000000000002000000000ec700772
CAPTURE 2 13519190448 525400123402525400123401080045000044e02140004011f2760a002a0f0a002a02109210920030548054324e3101010001545254320000002100000000000c0000886449bc010000000000028000000021
CAPTURE 2 13579362400 52540012340152540012340208004500003800000000401112a50a002a020a002a0f1092109200241c2754324e310104000054525432000000000000002100000000fb0b1331
CAPTURE 2 13580524832 52540012340152540012340208004500004400000000401112990a002a020a002a0f109210920030800154324e3101020001545254320000002100000000000c0000ebe0bb00010000000000023d00000021
CAPTURE 2 13617885904 525400123402525400123401080045000038e03840004011f26b0a002a0f0a002a021092109200241c2754324e310104000054525432000000000000002100000000fb0b1331
CAPTURE 2 13654462624 525400123402525400123401080045000044e03d40004011f25a0a002a0f0a002a02109210920030191454324e3101010001545254320000002200000000000c0000ec602125010000000000028500000022
CAPTURE 2 13718655472 52540012340152540012340208004500003800000000401112a50a002a020a002a0f10921092002437e854324e310104000054525432000000000000002200000000c2862ff4
CAPTURE 2 13719176736 52540012340152540012340208004500004400000000401112990a002a020a002a0f109210920030c7ca54324e3101020001545254320000002200000000000c00008132dd6a01000000000002b600000022
CAPTURE 2 13754933056 525400123402525400123401080045000038e05240004011f2510a002a0f0a002a0210921092002437e854324e310104000054525432000000000000002200000000c2862ff4
CAPTURE 2 13789449280 525400123402525400123401080045000044e05540004011f2420a002a0f0a002a02109210920030980d54324e3101010001545254320000002300000000000c00000c188280010000000000027700000023
CAPTURE 2 13848876816 52540012340152540012340208004500003800000000401112a50a002a020a002a0f10921092002418ad54324e310104000054525432000000000000002300000000d5fd3bb7
CAPTURE 2 13849457856 52540012340152540012340208004500004400000000401112990a002a020a002a0f109210920030d05754324e3101020001545254320000002300000000000c00005bddf9f801000000000002ee00000023
CAPTURE 2 13884878560 525400123402525400123401080045000038e06240004011f2410a002a0f0a002a0210921092002418ad54324e310104000054525432000000000000002300000000d5fd3bb7
CAPTURE 2 13919792176 525400123402525400123401080045000044e06540004011f2320a002a0f0a002a02109210920030afa954324e3101010001545254320000002400000000000c0000af19c7b201000000000002a500000024
CAPTURE 2 13979067376 52540012340152540012340208004500003800000000401112a50a002a020a002a0f109210920024224654324e310104000054525432000000000000002400000000b19c567e
CAPTURE 2 13979625232 52540012340152540012340208004500004400000000401112990a002a020a002a0f1092109200301c4454324e3101020001545254320000002400000000000c00003aa1cf1b010000000000031900000024
CAPTURE 2 14014999344 525400123402525400123401080045000038e07d40004011f2260a002a0f0a002a02109210920024224654324e310104000054525432000000000000002400000000b19c567e
CAPTURE 2 14048658288 525400123402525400123401080045000044e08140004011f2160a002a0f0a002a02109210920030bdb154324e3101010001545254320000002500000000000c00007b20edd3010000000000027300000025
CAPTURE 2 14109748352 52540012340152540012340208004500003800000000401112a50a002a020a002a0f109210920024413b54324e310104000054525432000000000000002500000000a6e7423d
CAPTURE 2 14110395584 52540012340152540012340208004500004400000000401112990a002a020a002a0f109210920030562c54324e3101020001545254320000002500000000000c000092ed3ce3010000000000031b00000025
CAPTURE 2 14150042112 525400123402525400123401080045000038e09840004011f20b0a002a0f0a002a02109210920024413b54324e310104000054525432000000000000002500000000a6e7423d
CAPTURE 2 14181896512 525400123402525400123401080045000044e09b40004011f1fc0a002a0f0a002a021092109200300e8754324e3101010001545254320000002600000000000c0000d54042c6010000000000028900000026
CAPTURE 2 14239038848 52540012340152540012340208004500003800000000401112a50a002a020a002a0f1092109200240bfc54324e3101040000545254320000000000000026000000009f6a7ef8
CAPTURE 2 14239620832 52540012340152540012340208004500004400000000401112990a002a020a002a0f109210920030141c54324e3101020001545254320000002600000000000c00001d78f45d010000000000032400000026
CAPTURE 2 14276210048 525400123402525400123401080045000038e09e40004011f2050a002a0f0a002a021092109200240bfc54324e3101040000545254320000000000000026000000009f6a7ef8
CAPTURE 2 14308336944 525400123402525400123401080045000044e0a440004011f1f30a002a0f0a002a021092109200302b6354324e3101010001545254320000002700000000000c0000859c758f010000000000028600000027
CAPTURE 2 14322829520 33330000000252540012340186dd6000000000103afffe80000000000000505400fffe123401ff0200000000000000000000000000028500725f000000000101525400123401
CAPTURE 2 14369965760 52540012340152540012340208004500003800000000401112a50a002a020a002a0f109210920024379154324e31010400005452543200000000000000270000000088116abb
CAPTURE 2 14371066640 52540012340152540012340208004500004400000000401112990a002a020a002a0f1092109200306f8354324e3101020001545254320000002700000000000c000088542e15010000000000032700000027
CAPTURE 2 14412632272 525400123402525400123401080045000038e0ad40004011f1f60a002a0f0a002a02109210920024379154324e31010400005452543200000000000000270000000088116abb
CAPTURE 2 14448281680 525400123402525400123401080045000044e0b440004011f1e30a002a0f0a002a021092109200302dc254324e3101010001545254320000002800000000000c0000ca182eb1010000000000028700000028
CAPTURE 2 14509323008 52540012340152540012340208004500003800000000401112a50a002a020a002a0f1092109200242d4a54324e31010400005452543200000000000000280000000057a8a56a
CAPTURE 2 14509871536 52540012340152540012340208004500004400000000401112990a002a020a002a0f109210920030e1be54324e3101020001545254320000002800000000000c000078e0cb4a010000000000032800000028
CAPTURE 2 14547881088 525400123402525400123401080045000038e0cc40004011f1d70a002a0f0a002a021092109200242d4a54324e31010400005452543200000000000000280000000057a8a56a
CAPTURE 2 14579052112 525400123402525400123401080045000044e0d440004011f1c30a002a0f0a002a021092109200304e9b54324e3101010001545254320000002900000000000c0000a7a43048010000000000028900000029
CAPTURE 2 14639194752 52540012340152540012340208004500003800000000401112a50a002a020a002a0f109210920024385f54324e31010400005452543200000000000000290000000040d3b129
CAPTURE 2 14639757968 52540012340152540012340208004500004400000000401112990a002a020a002a0f1092109200301c8754324e3101020001545254320000002900000000000c0000d0ac38b2010000000000032a00000029
CAPTURE 2 14676533696 525400123402525400123401080045000038e0dd40004011f1c60a002a0f0a002a02109210920024385f54324e31010400005452543200000000000000290000000040d3b129
CAPTURE 2 14709990624 525400123402525400123401080045000044e0de40004011f1b90a002a0f0a002a02109210920030f25454324e3101010001545254320000002a00000000000c00003620fe1101000000000002880000002a
CAPTURE 2 14769230192 52540012340152540012340208004500003800000000401112a50a002a020a002a0f109210920024231054324e310104000054525432000000000000002a00000000795e8dec
CAPTURE 2 14770055488 52540012340152540012340208004500004400000000401112990a002a020a002a0f109210920030edce54324e3101020001545254320000002a00000000000c00004128f6eb010000000000032b0000002a
CAPTURE 2 14806364976 525400123402525400123401080045000038e0f740004011f1ac0a002a0f0a002a02109210920024231054324e310104000054525432000000000000002a00000000795e8dec
CAPTURE 2 14838665152 525400123402525400123401080045000044e0f840004011f19f0a002a0f0a002a02109210920030d57d54324e3101010001545254320000002b00000000000c0000d9cc773901000000000002890000002b
CAPTURE 2 14910380304 52540012340152540012340208004500003800000000401112a50a002a020a002a0f109210920024228554324e310104000054525432000000000000002b000000006e2599af
CAPTURE 2 14911207424 52540012340152540012340208004500004400000000401112990a002a020a002a0f10921092003079f854324e3101020001545254320000002b00000000000c000021848a63010000000000032c0000002b
CAPTURE 2 14948081088 525400123402525400123401080045000038e0fc40004011f1a70a002a0f0a002a02109210920024228554324e310104000054525432000000000000002b000000006e2599af
CAPTURE 2 14979032192 525400123402525400123401080045000044e10340004011f1940a002a0f0a002a021092109200303a6854324e3101010001545254320000002c00000000000c0000b498378201000000000002880000002c
CAPTURE 2 15039076640 52540012340152540012340208004500003800000000401112a50a002a020a002a0f1092109200242bae54324e310104000054525432000000000000002c000000000a44f466
CAPTURE 2 15039666800 52540012340152540012340208004500004400000000401112990a002a020a002a0f10921092003022d654324e3101020001545254320000002c00000000000c0000c3903f78010000000000032b0000002c
CAPTURE 2 15077478288 525400123402525400123401080045000038e10740004011f19c0a002a0f0a002a021092109200242bae54324e310104000054525432000000000000002c000000000a44f466
CAPTURE 2 15109531280 525400123402525400123401080045000044e10940004011f18e0a002a0f0a002a02109210920030453054324e3101010001545254320000002d00000000000c00001cd4c47a010000000000028a0000002d
CAPTURE 2 15170396736 52540012340152540012340208004500003800000000401112a50a002a020a002a0f1092109200242cf354324e310104000054525432000000000000002d000000001d3fe025
CAPTURE 2 15171261104 52540012340152540012340208004500004400000000401112990a002a020a002a0f1092109200303eaf54324e3101020001545254320000002d00000000000c0000a33c43f0010000000000032c0000002d
CAPTURE 2 15211065216 525400123402525400123401080045000038e11240004011f1910a002a0f0a002a021092109200242cf354324e310104000054525432000000000000002d000000001d3fe025
CAPTURE 2 15243152656 525400123402525400123401080045000044e11840004011f17f0a002a0f0a002a02109210920030d5a954324e3101010001545254320000002e00000000000c0000f790594301000000000002890000002e
CAPTURE 2 15309310928 52540012340152540012340208004500003800000000401112a50a002a020a002a0f10921092002428c454324e310104000054525432000000000000002e0000000024b2dce0
CAPTURE 2 15310519936 52540012340152540012340208004500004400000000401112990a002a020a002a0f109210920030efd854324e3101020001545254320000002e00000000000c0000bdf87809010000000000032b0000002e
CAPTURE 2 15348819296 525400123402525400123401080045000038e11a40004011f1890a002a0f0a002a0210921092002428c454324e310104000054525432000000000000002e0000000024b2dce0
CAPTURE 2 15379613312 525400123402525400123401080045000044e11c40004011f17b0a002a0f0a002a021092109200301be254324e3101010001545254320000002f00000000000c00005fdcaabb010000000000028b0000002f
CAPTURE 2 15449391648 52540012340152540012340208004500003800000000401112a50a002a020a002a0f1092109200242de954324e310104000054525432000000000000002f0000000033c9c8a3
CAPTURE 2 15450314976 52540012340152540012340208004500004400000000401112990a002a020a002a0f109210920030440254324e3101020001545254320000002f00000000000c0000dd540481010000000000032c0000002f
CAPTURE 2 15490788096 525400123402525400123401080045000038e12440004011f17f0a002a0f0a002a021092109200242de954324e310104000054525432000000000000002f0000000033c9c8a3
CAPTURE 2 15521691648 525400123402525400123401080045000044e12540004011f1720a002a0f0a002a0210921092003009f154324e3101010001545254320000003000000000000c000055f8c68f010000000000028a00000030
CAPTURE 2 15588897056 52540012340152540012340208004500003800000000401112a50a002a020a002a0f109210920024a4a154324e31010400005452543200000000000000300000000040b04503
CAPTURE 2 15589440320 52540012340152540012340208004500004400000000401112990a002a020a002a0f109210920030fabf54324e3101020001545254320000003000000000000c0000ea104105010000000000032c00000030
CAPTURE 2 15627588848 525400123402525400123401080045000038e13e40004011f1650a002a0f0a002a02109210920024a4a154324e31010400005452543200000000000000300000000040b04503
CAPTURE 2 15658988976 525400123402525400123401080045000044e14240004011f1550a002a0f0a002a021092109200301cba54324e3101010001545254320000003100000000000c0000ba144fa7010000000000028b00000031
CAPTURE 2 15720232576 52540012340152540012340208004500003800000000401112a50a002a020a002a0f109210920024814854324e31010400005452543200000000000000310000000057cb5140
CAPTURE 2 15720969072 52540012340152540012340208004500004400000000401112990a002a020a002a0f1092109200300b9a54324e3101020001545254320000003100000000000c0000389ce19d010000000000032c00000031
CAPTURE 2 15760638800 525400123402525400123401080045000038e14a40004011f1590a002a0f0a002a02109210920024814854324e31010400005452543200000000000000310000000057cb5140
CAPTURE 2 15793138240 525400123402525400123401080045000044e14d40004011f14a0a002a0f0a002a02109210920030673554324e3101010001545254320000003200000000000c000016f0a84e010000000000028b00000032
CAPTURE 2 15849103536 52540012340152540012340208004500003800000000401112a50a002a020a002a0f1092109200244e8754324e3101040000545254320000000000000032000000006e466d85
CAPTURE 2 15849785984 52540012340152540012340208004500004400000000401112990a002a020a002a0f1092109200308ae554324e3101020001545254320000003200000000000c000094780674010000000000032c00000032
CAPTURE 2 15888413040 525400123402525400123401080045000038e15440004011f14f0a002a0f0a002a021092109200244e8754324e3101040000545254320000000000000032000000006e466d85
CAPTURE 2 15918934400 525400123402525400123401080045000044e15b40004011f13c0a002a0f0a002a02109210920030591f54324e3101010001545254320000003300000000000c0000c47c08d6010000000000028b00000033
CAPTURE 2 15979043952 52540012340152540012340208004500003800000000401112a50a002a020a002a0f109210920024374e54324e310104000054525432000000000000003300000000793d79c6
CAPTURE 2 15979657808 52540012340152540012340208004500004400000000401112990a002a020a002a0f10921092003037ef54324e3101020001545254320000003300000000000c000046f4a6ec010000000000032c00000033
CAPTURE 2 16018540848 525400123402525400123401080045000038e17440004011f12f0a002a0f0a002a02109210920024374e54324e310104000054525432000000000000003300000000793d79c6
CAPTURE 2 16048977680 525400123402525400123401080045000044e17840004011f11f0a002a0f0a002a02109210920030423954324e3101010001545254320000003400000000000c00002668bdcd010000000000028c00000034
CAPTURE 2 16109631232 52540012340152540012340208004500003800000000401112a50a002a020a002a0f109210920024f8e554324e3101040000545254320000000000000034000000001d5c140f
CAPTURE 2 16110647840 52540012340152540012340208004500004400000000401112990a002a020a002a0f1092109200303f2654324e3101020001545254320000003400000000000c000016c0cfe7010000000000032c00000034
CAPTURE 2 16148350912 525400123402525400123401080045000038e18040004011f1230a002a0f0a002a02109210920024f8e554324e3101040000545254320000000000000034000000001d5c140f
CAPTURE 2 16179449488 525400123402525400123401080045000044e18240004011f1150a002a0f0a002a02109210920030143354324e3101010001545254320000003500000000000c0000f4e41d55010000000000028c00000035
CAPTURE 2 16246015904 52540012340152540012340208004500003800000000401112a50a002a020a002a0f1092109200241fdd54324e3101040000545254320000000000000035000000000a27004c
CAPTURE 2 16246785728 52540012340152540012340208004500004400000000401112990a002a020a002a0f109210920030f1ff54324e3101020001545254320000003500000000000c0000c44c6f7f010000000000032c00000035
CAPTURE 2 16283039376 525400123402525400123401080045000038e19440004011f10f0a002a0f0a002a021092109200241fdd54324e3101040000545254320000000000000035000000000a27004c
CAPTURE 2 16318627664 525400123402525400123401080045000044e19b40004011f0fc0a002a0f0a002a02109210920030d3ad54324e3101010001545254320000003600000000000c00005800fabc010000000000028c00000036
CAPTURE 2 16379477728 52540012340152540012340208004500003800000000401112a50a002a020a002a0f109210920024ba1b54324e31010400005452543200000000000000360000000033aa3c89
CAPTURE 2 16380338864 52540012340152540012340208004500004400000000401112990a002a020a002a0f109210920030348b54324e3101020001545254320000003600000000000c000068a88896010000000000032c00000036
CAPTURE 2 16418869504 525400123402525400123401080045000038e19f40004011f1040a002a0f0a002a02109210920024ba1b54324e31010400005452543200000000000000360000000033aa3c89
CAPTURE 2 16454516912 525400123402525400123401080045000044e1a540004011f0f20a002a0f0a002a0210921092003041b854324e3101010001545254320000003700000000000c00008a8c5a24010000000000028c00000037
CAPTURE 2 16518537664 52540012340152540012340208004500003800000000401112a50a002a020a002a0f109210920024dcb254324e31010400005452543200000000000000370000000024d128ca
CAPTURE 2 16519087088 52540012340152540012340208004500004400000000401112990a002a020a002a0f109210920030439554324e3101020001545254320000003700000000000c0000ba24280e010000000000032c00000037
CAPTURE 2 16554917616 525400123402525400123401080045000038e1b540004011f0ee0a002a0f0a002a02109210920024dcb254324e31010400005452543200000000000000370000000024d128ca
CAPTURE 2 16589229712 525400123402525400123401080045000044e1bd40004011f0da0a002a0f0a002a02109210920030604354324e3101010001545254320000003800000000000c0000c508011a010000000000028d00000038
CAPTURE 2 16649060736 52540012340152540012340208004500003800000000401112a50a002a020a002a0f10921092002447c854324e310104000054525432000000000000003800000000fb68e71b
CAPTURE 2 16649932864 52540012340152540012340208004500004400000000401112990a002a020a002a0f109210920030bcf354324e3101020001545254320000003800000000000c0000f5a07330010000000000032d00000038
CAPTURE 2 16685367360 525400123402525400123401080045000038e1d240004011f0d10a002a0f0a002a0210921092002447c854324e310104000054525432000000000000003800000000fb68e71b
CAPTURE 2 16720739424 525400123402525400123401080045000044e1d840004011f0bf0a002a0f0a002a02109210920030397f54324e3101010001545254320000003900000000000c000098c45422010000000000028b00000039
CAPTURE 2 16778956048 52540012340152540012340208004500003800000000401112a50a002a020a002a0f1092109200244adf54324e310104000054525432000000000000003900000000ec13f358
CAPTURE 2 16779694320 52540012340152540012340208004500004400000000401112990a002a020a002a0f1092109200302aee54324e3101020001545254320000003900000000000c0000272cd3a8010000000000032d00000039
CAPTURE 2 16816108064 525400123402525400123401080045000038e1e140004011f0c20a002a0f0a002a021092109200244adf54324e310104000054525432000000000000003900000000ec13f358
CAPTURE 2 16851440096 525400123402525400123401080045000044e1e540004011f0b20a002a0f0a002a021092109200303e7854324e3101010001545254320000003a00000000000c00003420b3cb010000000000028b0000003a
CAPTURE 2 16908974720 52540012340152540012340208004500003800000000401112a50a002a020a002a0f109210920024850e54324e310104000054525432000000000000003a00000000d59ecf9d
CAPTURE 2 16909549472 52540012340152540012340208004500004400000000401112990a002a020a002a0f10921092003065b754324e3101020001545254320000003a00000000000c00008bc83441010000000000032d0000003a
CAPTURE 2 16946716640 525400123402525400123401080045000038e1f540004011f0ae0a002a0f0a002a02109210920024850e54324e310104000054525432000000000000003a00000000d59ecf9d
CAPTURE 2 16982801200 525400123402525400123401080045000044e1fd40004011f09a0a002a0f0a002a021092109200302c6254324e3101010001545254320000003b00000000000c0000e6ac1353010000000000028b0000003b
CAPTURE 2 17039198384 52540012340152540012340208004500003800000000401112a50a002a020a002a0f1092109200248b8554324e310104000054525432000000000000003b00000000c2e5dbde
CAPTURE 2 17040036080 52540012340152540012340208004500004400000000401112990a002a020a002a0f10921092003037a154324e3101020001545254320000003b00000000000c0000594494d9010000000000032d0000003b
CAPTURE 2 17076461568 525400123402525400123401080045000038e20640004011f09d0a002a0f0a002a021092109200248b8554324e310104000054525432000000000000003b00000000c2e5dbde
CAPTURE 2 17111448672 525400123402525400123401080045000044e20e40004011f0890a002a0f0a002a02109210920030f56e54324e3101010001545254320000003c00000000000c0000b6987a58010000000000028b0000003c
CAPTURE 2 17168905600 52540012340152540012340208004500003800000000401112a50a002a020a002a0f109210920024cdac54324e310104000054525432000000000000003c00000000a684b617
CAPTURE 2 17169492720 52540012340152540012340208004500004400000000401112990a002a020a002a0f1092109200301e7a54324e3101020001545254320000003c00000000000c00000970fdd2010000000000032d0000003c
CAPTURE 2 17205780384 525400123402525400123401080045000038e21b40004011f0880a002a0f0a002a02109210920024cdac54324e310104000054525432000000000000003c00000000a684b617
CAPTURE 2 17239928480 525400123402525400123401080045000044e21c40004011f07b0a002a0f0a002a02109210920030d97954324e3101010001545254320000003d00000000000c00005974f370010000000000028a0000003d
CAPTURE 2 17299127312 52540012340152540012340208004500003800000000401112a50a002a020a002a0f109210920024d5f354324e310104000054525432000000000000003d00000000b1ffa254
CAPTURE 2 17299693616 52540012340152540012340208004500004400000000401112990a002a020a002a0f109210920030ca2454324e3101020001545254320000003d00000000000c0000e69c74fa010000000000032c0000003d
CAPTURE 2 17336800032 525400123402525400123401080045000038e22a40004011f0790a002a0f0a002a02109210920024d5f354324e310104000054525432000000000000003d00000000b1ffa254
CAPTURE 2 17372695808 525400123402525400123401080045000044e22b40004011f06c0a002a0f0a002a0210921092003005e454324e3101010001545254320000003e00000000000c0000b2306e4901000000000002890000003e
CAPTURE 2 17428785088 52540012340152540012340208004500003800000000401112a50a002a020a002a0f109210920024034354324e310104000054525432000000000000003e0000000088729e91
CAPTURE 2 17429487184 52540012340152540012340208004500004400000000401112990a002a020a002a0f109210920030de5e54324e3101020001545254320000003e00000000000c0000f8584f03010000000000032b0000003e
CAPTURE 2 17465638208 525400123402525400123401080045000038e23740004011f06c0a002a0f0a002a02109210920024034354324e310104000054525432000000000000003e0000000088729e91
CAPTURE 2 17500858528 525400123402525400123401080045000044e24040004011f0570a002a0f0a002a02109210920030ea7154324e3101010001545254320000003f00000000000c0000e2ec590001000000000002860000003f
CAPTURE 2 17559017600 52540012340152540012340208004500003800000000401112a50a002a020a002a0f109210920024006a54324e310104000054525432000000000000003f000000009f098ad2
CAPTURE 2 17559609792 52540012340152540012340208004500004400000000401112990a002a020a002a0f1092109200300b4954324e3101020001545254320000003f00000000000c00002ad4ef9b010000000000032b0000003f
CAPTURE 2 17594481168 525400123402525400123401080045000038e25040004011f0530a002a0f0a002a02109210920024006a54324e310104000054525432000000000000003f000000009f098ad2
CAPTURE 2 17629540432 525400123402525400123401080045000044e25840004011f03f0a002a0f0a002a02109210920030e39954324e3101010001545254320000004000000000000c00002c291698010000000000028800000040
CAPTURE 2 17688932896 52540012340152540012340208004500003800000000401112a50a002a020a002a0f109210920024f35a54324e310104000054525432000000000000004000000000b01386d6
CAPTURE 2 17689602144 52540012340152540012340208004500004400000000401112990a002a020a002a0f109210920030ac3354324e3101020001545254320000004000000000000c00005b211e62010000000000032b00000040
CAPTURE 2 17724890592 525400123402525400123401080045000038e26b40004011f0380a002a0f0a002a02109210920024f35a54324e310104000054525432000000000000004000000000b01386d6
CAPTURE 2 17759886720 525400123402525400123401080045000044e26d40004011f02a0a002a0f0a002a02109210920030c2e154324e3101010001545254320000004100000000000c0000c3c59fb0010000000000028900000041
CAPTURE 2 17819064576 52540012340152540012340208004500003800000000401112a50a002a020a002a0f109210920024f04554324e310104000054525432000000000000004100000000a7689295
CAPTURE 2 17819632896 52540012340152540012340208004500004400000000401112990a002a020a002a0f109210920030873c54324e3101020001545254320000004100000000000c00003b8d62ea010000000000032c00000041
CAPTURE 2 17856316768 525400123402525400123401080045000038e27b40004011f0280a002a0f0a002a02109210920024f04554324e310104000054525432000000000000004100000000a7689295
CAPTURE 2 17891976048 525400123402525400123401080045000044e27e40004011f0190a002a0f0a002a02109210920030495e54324e3101010001545254320000004200000000000c0000ed71ef88010000000000028600000042
CAPTURE 2 17948789728 52540012340152540012340208004500003800000000401112a50a002a020a002a0f109210920024dd0c54324e3101040000545254320000000000000042000000009ee5ae50
CAPTURE 2 17949354240 52540012340152540012340208004500004400000000401112990a002a020a002a0f1092109200309ce754324e3101020001545254320000004200000000000c0000182970a3010000000000032a00000042
CAPTURE 2 17986685968 525400123402525400123401080045000038e28d40004011f0160a002a0f0a002a02109210920024dd0c54324e3101040000545254320000000000000042000000009ee5ae50
CAPTURE 2 18021259616 525400123402525400123401080045000044e29340004011f0040a002a0f0a002a02109210920030bd1854324e3101010001545254320000004300000000000c0000029d66a0010000000000028700000043
CAPTURE 2 18078994544 52540012340152540012340208004500003800000000401112a50a002a020a002a0f109210920024e68f54324e310104000054525432000000000000004300000000899eba13
CAPTURE 2 18079607152 52540012340152540012340208004500004400000000401112990a002a020a002a0f1092109200308ad054324e3101020001545254320000004300000000000c0000caa5d03b010000000000032a00000043
CAPTURE 2 18116222032 525400123402525400123401080045000038e2a940004011effa0a002a0f0a002a02109210920024e68f54324e310104000054525432000000000000004300000000899eba13
CAPTURE 2 18152508304 525400123402525400123401080045000044e2b040004011efe70a002a0f0a002a02109210920030907054324e3101010001545254320000004400000000000c00006fc9261b010000000000028600000044
CAPTURE 2 18208628976 52540012340152540012340208004500003800000000401112a50a002a020a002a0f109210920024646654324e310104000054525432000000000000004400000000edffd7da
CAPTURE 2 18209207760 52540012340152540012340208004500004400000000401112990a002a020a002a0f109210920030d1ed54324e3101020001545254320000004400000000000c00009a91b930010000000000032a00000044
CAPTURE 2 18247091056 525400123402525400123401080045000038e2bb40004011efe80a002a0f0a002a02109210920024646654324e310104000054525432000000000000004400000000edffd7da
CAPTURE 2 18282568384 525400123402525400123401080045000044e2bd40004011efda0a002a0f0a002a0210921092003088eb54324e3101010001545254320000004500000000000c0000c785d5e3010000000000028400000045
CAPTURE 2 18338899360 52540012340152540012340208004500003800000000401112a50a002a020a002a0f1092109200246c2154324e310104000054525432000000000000004500000000fa84c399
CAPTURE 2 18339486992 52540012340152540012340208004500004400000000401112990a002a020a002a0f109210920030b27954324e3101020001545254320000004500000000000c00000fbd6378010000000000032900000045
CAPTURE 2 18376007104 525400123402525400123401080045000038e2d340004011efd00a002a0f0a002a021092109200246c2154324e310104000054525432000000000000004500000000fa84c399
CAPTURE 2 18415545200 525400123402525400123401080045000044e2d540004011efc20a002a0f0a002a02109210920030b49654324e3101010001545254320000004600000000000c000056011bba010000000000028500000046
CAPTURE 2 18468883040 52540012340152540012340208004500003800000000401112a50a002a020a002a0f10921092002467d854324e310104000054525432000000000000004600000000c309ff5c
CAPTURE 2 18469675664 52540012340152540012340208004500004400000000401112990a002a020a002a0f109210920030fdc154324e3101020001545254320000004600000000000c0000a3598491010000000000032900000046
CAPTURE 2 18506685392 525400123402525400123401080045000038e2da40004011efc90a002a0f0a002a0210921092002467d854324e310104000054525432000000000000004600000000c309ff5c
CAPTURE 2 18539642464 525400123402525400123401080045000044e2e140004011efb60a002a0f0a002a02109210920030d9d054324e3101010001545254320000004700000000000c0000b9ed9292010000000000028400000047
CAPTURE 2 18599052368 52540012340152540012340208004500003800000000401112a50a002a020a002a0f1092109200246aab54324e310104000054525432000000000000004700000000d472eb1f
CAPTURE 2 18599596400 52540012340152540012340208004500004400000000401112990a002a020a002a0f1092109200308fcc54324e3101020001545254320000004700000000000c000071d52409010000000000032900000047
CAPTURE 2 18636788544 525400123402525400123401080045000038e2ee40004011efb50a002a0f0a002a021092109200246aab54324e310104000054525432000000000000004700000000d472eb1f
CAPTURE 2 18680407120 525400123402525400123401080045000044e2f840004011ef9f0a002a0f0a002a02109210920030c10654324e3101010001545254320000004800000000000c0000b1c9b37c010000000000028600000048
CAPTURE 2 18729101216 52540012340152540012340208004500003800000000401112a50a002a020a002a0f109210920024f9a354324e3101040000545254320000000000000048000000000bcb24ce
CAPTURE 2 18729788480 52540012340152540012340208004500004400000000401112990a002a020a002a0f109210920030cbf054324e3101020001545254320000004800000000000c000003315687010000000000032900000048
CAPTURE 2 18936485776 525400123402525400123401080045000038e32540004011ef7e0a002a0f0a002a02109210920024f9a354324e3101040000545254320000000000000048000000000bcb24ce
CAPTURE 2 18973573392 525400123402525400123401080045000044e32840004011ef6f0a002a0f0a002a021092109200308dd054324e3101010001545254320000004900000000000c00005e253a54010000000000028700000049
CAPTURE 2 19029129568 525400123401525400123402080045000040000000004011129d0a002a020a002a0f10921092002caf6a54324e3101050000545254320000000000000000000800004a20f0c6000000000000401a
CAPTURE 2 19030447584 52540012340152540012340208004500003800000000401112a50a002a020a002a0f109210920024dcfe54324e3101040000545254320000000000000049000000001cb0308d
CAPTURE 2 19031429312 52540012340152540012340208004500004400000000401112990a002a020a002a0f10921092003002b954324e3101020001545254320000004900000000000c0000961d8ccf010000000000032a00000049
CAPTURE 2 19088574384 525400123402525400123401080045000038e32e40004011ef750a002a0f0a002a02109210920024dcfe54324e3101040000545254320000000000000049000000001cb0308d
CAPTURE 2 19124173024 525400123402525400123401080045000044e33740004011ef600a002a0f0a002a02109210920030493d54324e3101010001545254320000004a00000000000c00001d61bf9f01000000000002910000004a
CAPTURE 2 19158876128 52540012340152540012340208004500003800000000401112a50a002a020a002a0f109210920024f8b554324e310104000054525432000000000000004a00000000253d0c48
CAPTURE 2 19159553472 52540012340152540012340208004500004400000000401112990a002a020a002a0f109210920030883f54324e3101020001545254320000004a00000000000c0000cf79cde6010000000000032e0000004a
CAPTURE 2 19196222928 525400123402525400123401080045000038e34440004011ef5f0a002a0f0a002a02109210920024f8b554324e310104000054525432000000000000004a00000000253d0c48
CAPTURE 2 19230712800 525400123402525400123401080045000044e34740004011ef500a002a0f0a002a02109210920030b05f54324e3101010001545254320000004b00000000000c0000e5bd9024010000000000028b0000004b
CAPTURE 2 19290408416 52540012340152540012340208004500003800000000401112a50a002a020a002a0f109210920024dfe854324e310104000054525432000000000000004b000000003246180b
CAPTURE 2 19290959680 52540012340152540012340208004500004400000000401112990a002a020a002a0f109210920030b39b54324e3101020001545254320000004b00000000000c00005a5517ae010000000000032d0000004b
CAPTURE 2 19328719072 525400123402525400123401080045000038e35140004011ef520a002a0f0a002a02109210920024dfe854324e310104000054525432000000000000004b000000003246180b
CAPTURE 2 19503374368 525400123401525400123402080045000040000000004011129d0a002a020a002a0f10921092002c09b654324e31010500005452543200000000000000000008000013e4cae100000000000041f0
CAPTURE 2 19525903856 525400123402525400123401080045000044e36340004011ef340a002a0f0a002a021092109200301bb254324e3101010001545254320000004c00000000000c0000e519256c01000000000002930000004c
CAPTURE 2 19559592896 525400123402525400123401080045000040e36b40004011ef300a002a0f0a002a0210921092002cd2c054324e310105000054525432000000000000000000080000614ecaec0000000000002b70
CAPTURE 2 19607911168 52540012340152540012340208004500003800000000401112a50a002a020a002a0f1092109200245e4f54324e310104000054525432000000000000004c00000000562775c2
CAPTURE 2 19609113552 52540012340152540012340208004500004400000000401112990a002a020a002a0f10921092003065f254324e3101020001545254320000004c00000000000c000092112d9601000000000003300000004c
CAPTURE 2 19651867232 525400123402525400123401080045000038e38040004011ef230a002a0f0a002a021092109200245e4f54324e310104000054525432000000000000004c00000000562775c2
CAPTURE 2 19687083616 525400123402525400123401080045000044e38340004011ef140a002a0f0a002a02109210920030024e54324e3101010001545254320000004d00000000000c00004d55d69401000000000002910000004d
CAPTURE 2 19739199632 52540012340152540012340208004500003800000000401112a50a002a020a002a0f109210920024875a54324e310104000054525432000000000000004d00000000415c6181
CAPTURE 2 19745438112 52540012340152540012340208004500004400000000401112990a002a020a002a0f109210920030a9c954324e3101020001545254320000004d00000000000c00008c36f02c010000000000029b0000004d
CAPTURE 2 19782499216 525400123402525400123401080045000038e38640004011ef1d0a002a0f0a002a02109210920024875a54324e310104000054525432000000000000004d00000000415c6181
CAPTURE 2 19817087024 525400123402525400123401080045000044e38840004011ef0f0a002a0f0a002a02109210920030f0a054324e3101010001545254320000004e00000000000c0000ed99472501000000000003670000004e
CAPTURE 2 19878823920 52540012340152540012340208004500003800000000401112a50a002a020a002a0f109210920024542154324e310104000054525432000000000000004e0000000078d15d44
CAPTURE 2 19879403616 52540012340152540012340208004500004400000000401112990a002a020a002a0f109210920030a53f54324e3101020001545254320000004e00000000000c0000e83298b5010000000000029e0000004e
CAPTURE 2 19915863680 525400123402525400123401080045000038e38c40004011ef170a002a0f0a002a02109210920024542154324e310104000054525432000000000000004e0000000078d15d44
CAPTURE 2 20088827600 525400123401525400123402080045000040000000004011129d0a002a020a002a0f10921092002c02cb54324e310105000054525432000000000000000000080000124fd113000000000000443e
CAPTURE 2 20109755536 525400123402525400123401080045000044e3a740004011eef00a002a0f0a002a02109210920030573b54324e3101010001545254320000004f00000000000c00000ca3c0fe01000000000003e80000004f
CAPTURE 2 20145369200 525400123402525400123401080045000040e3a840004011eef30a002a0f0a002a0210921092002c0f8854324e310105000054525432000000000000000000080000d5ac177e0000000000002db9
CAPTURE 2 20196799888 52540012340152540012340208004500003800000000401112a50a002a020a002a0f109210920024718454324e310104000054525432000000000000004f000000006faa4907
CAPTURE 2 20197572464 52540012340152540012340208004500004400000000401112990a002a020a002a0f10921092003053b354324e3101020001545254320000004f00000000000c0000450d8d3601000000000002cd0000004f
CAPTURE 2 20238856272 525400123402525400123401080045000038e3bc40004011eee70a002a0f0a002a02109210920024718454324e310104000054525432000000000000004f000000006faa4907
CAPTURE 2 20273809280 525400123402525400123401080045000044e3c340004011eed40a002a0f0a002a02109210920030637954324e3101010001545254320000005000000000000c00003be7857a01000000000003e800000050
CAPTURE 2 20328762832 52540012340152540012340208004500003800000000401112a50a002a020a002a0f10921092002448ba54324e3101040000545254320000000000000050000000001cd3c4a7
CAPTURE 2 20329338096 52540012340152540012340208004500004400000000401112990a002a020a002a0f109210920030e17d54324e3101020001545254320000005000000000000c0000be9885c701000000000002e400000050
CAPTURE 2 20367253360 525400123402525400123401080045000038e3d740004011eecc0a002a0f0a002a0210921092002448ba54324e3101040000545254320000000000000050000000001cd3c4a7
CAPTURE 2 20405290480 525400123402525400123401080045000044e3d940004011eebe0a002a0f0a002a02109210920030158b54324e3101010001545254320000005100000000000c0000e96b25e201000000000003e800000051
CAPTURE 2 20459066896 52540012340152540012340208004500003800000000401112a50a002a020a002a0f1092109200244da754324e3101040000545254320000000000000051000000000ba8d0e4
CAPTURE 2 20459676048 52540012340152540012340208004500004400000000401112990a002a020a002a0f109210920030f5be54324e3101020001545254320000005100000000000c00001bc4144e01000000000002ef00000051
CAPTURE 2 20655874144 525400123401525400123402080045000040000000004011129d0a002a020a002a0f10921092002cccf854324e310105000054525432000000000000000000080000bfc657340000000000004678
CAPTURE 2 20666605280 525400123402525400123401080045000038e3f540004011eeae0a002a0f0a002a021092109200244da754324e3101040000545254320000000000000051000000000ba8d0e4
CAPTURE 2 20702579936 525400123402525400123401080045000044e3f740004011eea00a002a0f0a002a021092109200301d3c54324e3101010001545254320000005200000000000c0000458fc20b01000000000003e800000052
CAPTURE 2 20768686416 52540012340152540012340208004500003800000000401112a50a002a020a002a0f1092109200240bec54324e3101040000545254320000000000000052000000003225ec21
CAPTURE 2 20769208464 52540012340152540012340208004500004400000000401112990a002a020a002a0f109210920030308554324e3101020001545254320000005200000000000c0000a010553401000000000002f400000052
CAPTURE 2 20804796832 525400123402525400123401080045000038e3fb40004011eea80a002a0f0a002a021092109200240bec54324e3101040000545254320000000000000052000000003225ec21
CAPTURE 2 20839694912 525400123402525400123401080045000044e40440004011ee930a002a0f0a002a021092109200302b3e54324e3101010001545254320000005300000000000c00009703629301000000000003e800000053
CAPTURE 2 20899210416 52540012340152540012340208004500003800000000401112a50a002a020a002a0f1092109200240c7154324e310104000054525432000000000000005300000000255ef862
CAPTURE 2 20899803040 52540012340152540012340208004500004400000000401112990a002a020a002a0f109210920030769d54324e3101020001545254320000005300000000000c0000085ca6cc01000000000002f600000053
CAPTURE 2 20934912512 525400123402525400123401080045000038e40e40004011ee950a002a0f0a002a021092109200240c7154324e310104000054525432000000000000005300000000255ef862
CAPTURE 2 20967316160 525400123402525400123401080045000044e41140004011ee860a002a0f0a002a02109210920030520354324e3101010001545254320000005400000000000c0000c7370b9801000000000003e800000054
CAPTURE 2 21028596704 52540012340152540012340208004500003800000000401112a50a002a020a002a0f109210920024534654324e310104000054525432000000000000005400000000413f95ab
CAPTURE 2 21029253264 52540012340152540012340208004500004400000000401112990a002a020a002a0f109210920030da4254324e3101020001545254320000005400000000000c00006508e67701000000000002f700000054
CAPTURE 2 21225891424 525400123401525400123402080045000040000000004011129d0a002a020a002a0f10921092002c35b154324e3101050000545254320000000000000000000800005af4511400000000000048b2
CAPTURE 2 21235751984 525400123402525400123401080045000038e44d40004011ee560a002a0f0a002a02109210920024534654324e310104000054525432000000000000005400000000413f95ab
CAPTURE 2 21273843296 525400123402525400123401080045000044e45140004011ee460a002a0f0a002a02109210920030501554324e3101010001545254320000005500000000000c000097eb3cd101000000000003e700000055
CAPTURE 2 21338599344 52540012340152540012340208004500003800000000401112a50a002a020a002a0f109210920024520354324e310104000054525432000000000000005500000000564481e8
CAPTURE 2 21339137840 52540012340152540012340208004500004400000000401112990a002a020a002a0f109210920030274d54324e3101020001545254320000005500000000000c0000b78446ef01000000000002f700000055
CAPTURE 2 21374677936 525400123402525400123401080045000038e46640004011ee3d0a002a0f0a002a02109210920024520354324e310104000054525432000000000000005500000000564481e8
CAPTURE 2 21409139792 525400123402525400123401080045000044e46840004011ee2f0a002a0f0a002a021092109200302bd954324e3101010001545254320000005600000000000c0000066ff28801000000000003e600000056
CAPTURE 2 21468991840 52540012340152540012340208004500003800000000401112a50a002a020a002a0f109210920024fd3754324e3101040000545254320000000000000056000000006fc9bd2d
CAPTURE 2 21469569648 52540012340152540012340208004500004400000000401112990a002a020a002a0f109210920030770954324e3101020001545254320000005600000000000c0000260088b601000000000002f600000056
CAPTURE 2 21504109568 525400123402525400123401080045000038e48040004011ee230a002a0f0a002a02109210920024fd3754324e3101040000545254320000000000000056000000006fc9bd2d
CAPTURE 2 21540137376 525400123402525400123401080045000044e48140004011ee160a002a0f0a002a0210921092003068cc54324e3101010001545254320000005700000000000c0000934328c001000000000003e500000057
CAPTURE 2 21598849440 52540012340152540012340208004500003800000000401112a50a002a020a002a0f109210920024080d54324e31010400005452543200000000000000570000000078b2a96e
CAPTURE 2 21599659984 52540012340152540012340208004500004400000000401112990a002a020a002a0f109210920030090354324e3101020001545254320000005700000000000c0000f48c282e01000000000002f600000057
CAPTURE 2 21634533072 525400123402525400123401080045000038e48e40004011ee150a002a0f0a002a02109210920024080d54324e31010400005452543200000000000000570000000078b2a96e
CAPTURE 2 21832735120 525400123401525400123402080045000040000000004011129d0a002a020a002a0f10921092002cf19454324e310105000054525432000000000000000000080000b46339690000000000004b0a
CAPTURE 2 21836012080 525400123402525400123401080045000044e4b440004011ede30a002a0f0a002a02109210920030e8d754324e3101010001545254320000005800000000000c0000e1a75a4e01000000000003e500000058
CAPTURE 2 21870702624 525400123402525400123401080045000040e4b640004011ede50a002a0f0a002a0210921092002c71b354324e310105000054525432000000000000000000080000327051d10000000000003477
CAPTURE 2 21937989616 52540012340152540012340208004500003800000000401112a50a002a020a002a0f1092109200241c6254324e310104000054525432000000000000005800000000a70b66bf
CAPTURE 2 21938846000 52540012340152540012340208004500004400000000401112990a002a020a002a0f10921092003044b354324e3101020001545254320000005800000000000c000086685aa001000000000002f600000058
CAPTURE 2 21980818224 525400123402525400123401080045000038e4ca40004011edd90a002a0f0a002a021092109200241c6254324e310104000054525432000000000000005800000000a70b66bf
CAPTURE 2 21996352880 33330000000252540012340186dd6000000000103afffe80000000000000505400fffe123401ff0200000000000000000000000000028500725f000000000101525400123401
CAPTURE 2 22017075664 525400123402525400123401080045000044e4cc40004011edcb0a002a0f0a002a02109210920030f6c954324e3101010001545254320000005900000000000c0000332bfad601000000000003e500000059
CAPTURE 2 22069651952 52540012340152540012340208004500003800000000401112a50a002a020a002a0f10921092002406bf54324e310104000054525432000000000000005900000000b07072fc
CAPTURE 2 22070502912 52540012340152540012340208004500004400000000401112990a002a020a002a0f109210920030d69c54324e3101020001545254320000005900000000000c000054e4fa3801000000000002f600000059
CAPTURE 2 22106363200 525400123402525400123401080045000038e4d140004011edd20a002a0f0a002a0210921092002406bf54324e310104000054525432000000000000005900000000b07072fc
CAPTURE 2 22139102560 525400123402525400123401080045000044e4d240004011edc50a002a0f0a002a0210921092003067bb54324e3101010001545254320000005a00000000000c00009fcf1d3f01000000000003e50000005a
CAPTURE 2 22199016144 52540012340152540012340208004500003800000000401112a50a002a020a002a0f10921092002451f454324e310104000054525432000000000000005a0000000089fd4e39
CAPTURE 2 22199803264 52540012340152540012340208004500004400000000401112990a002a020a002a0f1092109200300fe654324e3101020001545254320000005a00000000000c0000f8001dd101000000000002f60000005a
CAPTURE 2 22236001552 525400123402525400123401080045000038e4dd40004011edc60a002a0f0a002a0210921092002451f454324e310104000054525432000000000000005a0000000089fd4e39
CAPTURE 2 22413005696 525400123401525400123402080045000040000000004011129d0a002a020a002a0f10921092002c2e2f54324e31010500005452543200000000000000000008000093881b660000000000004d4e
CAPTURE 2 22435342128 525400123402525400123401080045000044e4ee40004011eda90a002a0f0a002a0210921092003019dd54324e3101010001545254320000005b00000000000c00004d43bda701000000000003e50000005b
CAPTURE 2 22469086256 525400123402525400123401080045000040e4ef40004011edac0a002a0f0a002a0210921092002c5deb54324e3101050000545254320000000000000000000800002bf269c100000000000036cd
CAPTURE 2 22516458224 52540012340152540012340208004500003800000000401112a50a002a020a002a0f109210920024312954324e310104000054525432000000000000005b000000009e865a7a
CAPTURE 2 22517024432 52540012340152540012340208004500004400000000401112990a002a020a002a0f1092109200303de054324e3101020001545254320000005b00000000000c00002a8cbd4901000000000002f60000005b
CAPTURE 2 22556253584 525400123402525400123401080045000038e50240004011eda10a002a0f0a002a02109210920024312954324e310104000054525432000000000000005b000000009e865a7a
CAPTURE 2 22589177968 525400123402525400123401080045000044e50840004011ed8f0a002a0f0a002a0210921092003032a254324e3101010001545254320000005c00000000000c00001d77d4ac01000000000003e50000005c
CAPTURE 2 22649284608 52540012340152540012340208004500003800000000401112a50a002a020a002a0f109210920024f78d54324e310104000054525432000000000000005c00000000fae737b3
CAPTURE 2 22649802192 52540012340152540012340208004500004400000000401112990a002a020a002a0f109210920030d6b854324e3101020001545254320000005c00000000000c00007ab8d44201000000000002f60000005c
CAPTURE 2 22683776992 525400123402525400123401080045000038e51840004011ed8b0a002a0f0a002a02109210920024f78d54324e310104000054525432000000000000005c00000000fae737b3
CAPTURE 2 22717897840 525400123402525400123401080045000044e52040004011ed770a002a0f0a002a02109210920030e09354324e3101010001545254320000005d00000000000c0000cffb743401000000000003e50000005d
CAPTURE 2 22779338256 52540012340152540012340208004500003800000000401112a50a002a020a002a0f109210920024189b54324e310104000054525432000000000000005d00000000ed9c23f0
CAPTURE 2 22780361072 52540012340152540012340208004500004400000000401112990a002a020a002a0f10921092003008a354324e3101020001545254320000005d00000000000c0000a83474da01000000000002f60000005d
CAPTURE 2 22815301008 525400123402525400123401080045000038e52f40004011ed740a002a0f0a002a02109210920024189b54324e310104000054525432000000000000005d00000000ed9c23f0
CAPTURE 2 22992763840 525400123401525400123402080045000040000000004011129d0a002a020a002a0f10921092002cc4e254324e3101050000545254320000000000000000000800002edbe71b0000000000004f92
CAPTURE 2 23013130192 525400123402525400123401080045000044e53340004011ed640a002a0f0a002a021092109200300bd654324e3101010001545254320000005e00000000000c00005e7fba6d01000000000003e40000005e
CAPTURE 2 23047243456 525400123402525400123401080045000040e53640004011ed650a002a0f0a002a0210921092002c41c954324e310105000054525432000000000000000000080000d900d692000000000000390f
CAPTURE 2 23096589568 52540012340152540012340208004500003800000000401112a50a002a020a002a0f10921092002436e054324e310104000054525432000000000000005e00000000d4111f35
CAPTURE 2 23097155600 52540012340152540012340208004500004400000000401112990a002a020a002a0f1092109200308dac54324e3101020001545254320000005e00000000000c000004d0933301000000000002f60000005e
CAPTURE 2 23137071728 525400123402525400123401080045000038e54b40004011ed580a002a0f0a002a0210921092002436e054324e310104000054525432000000000000005e00000000d4111f35
CAPTURE 2 23169988128 525400123402525400123401080045000044e54c40004011ed4b0a002a0f0a002a021092109200301f0954324e3101010001545254320000005f00000000000c00003ed3c6e501000000000003e30000005f
CAPTURE 2 23228806208 52540012340152540012340208004500003800000000401112a50a002a020a002a0f1092109200245b4554324e310104000054525432000000000000005f00000000c36a0b76
CAPTURE 2 23229482736 52540012340152540012340208004500004400000000401112990a002a020a002a0f1092109200304a3754324e3101020001545254320000005f00000000000c000091fc497b01000000000002f50000005f
CAPTURE 2 23263467504 525400123402525400123401080045000038e55c40004011ed470a002a0f0a002a021092109200245b4554324e310104000054525432000000000000005f00000000c36a0b76
CAPTURE 2 23295534544 525400123402525400123401080045000044e55d40004011ed3a0a002a0f0a002a02109210920030c26254324e3101010001545254320000006000000000000c000030f7316501000000000003e400000060
CAPTURE 2 23358829424 52540012340152540012340208004500003800000000401112a50a002a020a002a0f109210920024f2cd54324e31010400005452543200000000000000600000000032e20475
CAPTURE 2 23359502272 52540012340152540012340208004500004400000000401112990a002a020a002a0f10921092003094c954324e3101020001545254320000006000000000000c00002df862eb01000000000002f500000060
CAPTURE 2 23393609168 525400123402525400123401080045000038e56a40004011ed390a002a0f0a002a02109210920024f2cd54324e31010400005452543200000000000000600000000032e20475
CAPTURE 2 23573566608 525400123401525400123402080045000040000000004011129d0a002a020a002a0f10921092002cf01c54324e3101050000545254320000000000000000000800008b2b5d4d00000000000051d6
CAPTURE 2 23592728368 525400123402525400123401080045000044e57a40004011ed1d0a002a0f0a002a02109210920030c96154324e3101010001545254320000006100000000000c000098bbc29d01000000000003e600000061
CAPTURE 2 23626838464 525400123402525400123401080045000040e58040004011ed1b0a002a0f0a002a0210921092002cbb5d54324e31010500005452543200000000000000000008000089eba9cf0000000000003b53
CAPTURE 2 23676572960 52540012340152540012340208004500003800000000401112a50a002a020a002a0f109210920024f45454324e31010400005452543200000000000000610000000025991036
CAPTURE 2 23677113888 52540012340152540012340208004500004400000000401112990a002a020a002a0f109210920030b43154324e3101020001545254320000006100000000000c0000b8d4b8a301000000000002f600000061
CAPTURE 2 23723919184 525400123402525400123401080045000038e58f40004011ed140a002a0f0a002a02109210920024f45454324e31010400005452543200000000000000610000000025991036
CAPTURE 2 23757961376 525400123402525400123401080045000044e59540004011ed020a002a0f0a002a021092109200306dab54324e3101010001545254320000006200000000000c00001e759a00010000000000027e00000062
CAPTURE 2 23819328176 52540012340152540012340208004500003800000000401112a50a002a020a002a0f109210920024e11b54324e3101040000545254320000000000000062000000001c142cf3
CAPTURE 2 23819853808 52540012340152540012340208004500004400000000401112990a002a020a002a0f109210920030869554324e3101020001545254320000006200000000000c000027867809010000000000027900000062
CAPTURE 2 23855836000 525400123402525400123401080045000038e59640004011ed0d0a002a0f0a002a02109210920024e11b54324e3101040000545254320000000000000062000000001c142cf3
CAPTURE 2 23895088832 525400123402525400123401080045000044e59d40004011ecfa0a002a0f0a002a0210921092003081bb54324e3101010001545254320000006300000000000c00006b1738b0010000000000031a00000063
CAPTURE 2 23948943248 52540012340152540012340208004500003800000000401112a50a002a020a002a0f109210920024e60254324e3101040000545254320000000000000063000000000b6f38b0
CAPTURE 2 23949814016 52540012340152540012340208004500004400000000401112990a002a020a002a0f109210920030b9ce54324e3101020001545254320000006300000000000c000082dae980010000000000027200000063
CAPTURE 2 23984274496 525400123402525400123401080045000038e5a340004011ed000a002a0f0a002a02109210920024e60254324e3101040000545254320000000000000063000000000b6f38b0
CAPTURE 2 24164908336 525400123401525400123402080045000040000000004011129d0a002a020a002a0f10921092002cf61f54324e310105000054525432000000000000000000080000a5ef3a380000000000005424
CAPTURE 2 24186918640 525400123402525400123401080045000044e5c440004011ecd30a002a0f0a002a02109210920030264054324e3101010001545254320000006400000000000c00001109eecf010000000000028200000064
CAPTURE 2 24222913568 525400123402525400123401080045000040e5c940004011ecd20a002a0f0a002a0210921092002c4f1754324e3101050000545254320000000000000000000800006561384c0000000000003da7
CAPTURE 2 24276571392 52540012340152540012340208004500003800000000401112a50a002a020a002a0f109210920024659954324e3101040000545254320000000000000064000000006f0e5579
CAPTURE 2 24277159280 52540012340152540012340208004500004400000000401112990a002a020a002a0f1092109200303ebf54324e3101020001545254320000006400000000000c0000fdcde9d3010000000000023900000064
CAPTURE 2 24318817792 525400123402525400123401080045000038e5d440004011eccf0a002a0f0a002a02109210920024659954324e3101040000545254320000000000000064000000006f0e5579
CAPTURE 2 24356096720 525400123402525400123401080045000044e5d740004011ecc00a002a0f0a002a02109210920030744254324e3101010001545254320000006500000000000c00009b76161e01000000000002c200000065
CAPTURE 2 24409000592 52540012340152540012340208004500003800000000401112a50a002a020a002a0f109210920024707054324e3101040000545254320000000000000065000000007875413a
CAPTURE 2 24409761088 52540012340152540012340208004500004400000000401112990a002a020a002a0f1092109200306e8954324e3101020001545254320000006500000000000c000065f151ea010000000000023300000065
CAPTURE 2 24448378192 525400123402525400123401080045000038e5ea40004011ecb90a002a0f0a002a02109210920024707054324e3101040000545254320000000000000065000000007875413a
CAPTURE 2 24483031168 525400123402525400123401080045000044e5eb40004011ecac0a002a0f0a002a02109210920030e47b54324e3101010001545254320000006600000000000c00005f11e27f010000000000028a00000066
CAPTURE 2 24538574464 52540012340152540012340208004500003800000000401112a50a002a020a002a0f1092109200246a2754324e31010400005452543200000000000000660000000041f87dff
CAPTURE 2 24539092496 52540012340152540012340208004500004400000000401112990a002a020a002a0f1092109200308d1f54324e3101020001545254320000006600000000000c00008a840ed6010000000000021c00000066
CAPTURE 2 24743326496 525400123401525400123402080045000040000000004011129d0a002a020a002a0f10921092002c964e54324e310105000054525432000000000000000000080000e8b355010000000000005668
CAPTURE 2 24753531392 525400123402525400123401080045000038e61840004011ec8b0a002a0f0a002a021092109200246a2754324e31010400005452543200000000000000660000000041f87dff
CAPTURE 2 24788231856 525400123402525400123401080045000044e61e40004011ec790a002a0f0a002a02109210920030fe3c54324e3101010001545254320000006700000000000c000015ed11d4010000000000029700000067
CAPTURE 2 24849174224 52540012340152540012340208004500003800000000401112a50a002a020a002a0f10921092002469de54324e310104000054525432000000000000006700000000568369bc
CAPTURE 2 24849688000 52540012340152540012340208004500004400000000401112990a002a020a002a0f1092109200305cd654324e3101020001545254320000006700000000000c000012b8b6ef010000000000021600000067
CAPTURE 2 24885169840 525400123402525400123401080045000038e62e40004011ec750a002a0f0a002a0210921092002469de54324e310104000054525432000000000000006700000000568369bc
CAPTURE 2 24920624528 525400123402525400123401080045000044e63440004011ec630a002a0f0a002a021092109200300e1b54324e3101010001545254320000006800000000000c00003a89dd68010000000000028600000068
CAPTURE 2 24979412896 52540012340152540012340208004500003800000000401112a50a002a020a002a0f109210920024fa7454324e310104000054525432000000000000006800000000893aa66d
CAPTURE 2 24980209472 52540012340152540012340208004500004400000000401112990a002a020a002a0f109210920030913754324e3101020001545254320000006800000000000c00004a0c4b42010000000000020c00000068
CAPTURE 2 25019457600 525400123402525400123401080045000038e63740004011ec6c0a002a0f0a002a02109210920024fa7454324e310104000054525432000000000000006800000000893aa66d
CAPTURE 2 25052469680 525400123402525400123401080045000044e63940004011ec5e0a002a0f0a002a0210921092003012a854324e3101010001545254320000006900000000000c000020e5f280010000000000028300000069
CAPTURE 2 25118962176 52540012340152540012340208004500003800000000401112a50a002a020a002a0f109210920024d9ab54324e3101040000545254320000000000000069000000009e41b22e
CAPTURE 2 25119639584 52540012340152540012340208004500004400000000401112990a002a020a002a0f10921092003060dd54324e3101020001545254320000006900000000000c0000d230f37b010000000000020600000069
CAPTURE 2 25306730608 525400123402525400123401080045000038e66d40004011ec360a002a0f0a002a02109210920024d9ab54324e3101040000545254320000000000000069000000009e41b22e
CAPTURE 2 25341811056 525400123402525400123401080045000044e67140004011ec260a002a0f0a002a02109210920030eab354324e3101010001545254320000006a00000000000c0000cba16fb901000000000002800000006a
CAPTURE 2 25398604048 525400123401525400123402080045000040000000004011129d0a002a020a002a0f10921092002c204b54324e31010500005452543200000000000000000008000081522fd200000000000058fc
CAPTURE 2 25399139712 52540012340152540012340208004500003800000000401112a50a002a020a002a0f109210920024f36254324e310104000054525432000000000000006a00000000a7cc8eeb
CAPTURE 2 25399622976 52540012340152540012340208004500004400000000401112990a002a020a002a0f109210920030911554324e3101020001545254320000006a00000000000c0000ccf4c88201000000000002010000006a
CAPTURE 2 25455284192 525400123402525400123401080045000038e67840004011ec2b0a002a0f0a002a02109210920024f36254324e310104000054525432000000000000006a00000000a7cc8eeb
CAPTURE 2 25492126736 525400123402525400123401080045000044e68140004011ec160a002a0f0a002a0210921092003016c854324e3101010001545254320000006b00000000000c0000ee29211d010000000000027e0000006b
CAPTURE 2 25529314352 52540012340152540012340208004500003800000000401112a50a002a020a002a0f109210920024deb954324e310104000054525432000000000000006b00000000b0b79aa8
CAPTURE 2 25529908128 52540012340152540012340208004500004400000000401112990a002a020a002a0f109210920030f6cc54324e3101020001545254320000006b00000000000c00005288dd3801000000000001fe0000006b
CAPTURE 2 25566926640 525400123402525400123401080045000038e68f40004011ec140a002a0f0a002a02109210920024deb954324e310104000054525432000000000000006b00000000b0b79aa8
CAPTURE 2 25600961216 525400123402525400123401080045000044e69640004011ec010a002a0f0a002a02109210920030f98954324e3101010001545254320000006c00000000000c0000f9bd32c6010000000000027d0000006c
CAPTURE 2 25669183120 52540012340152540012340208004500003800000000401112a50a002a020a002a0f1092109200245de054324e310104000054525432000000000000006c00000000d4d6f761
CAPTURE 2 25669772128 52540012340152540012340208004500004400000000401112990a002a020a002a0f109210920030c6bd54324e3101020001545254320000006c00000000000c0000787ce75301000000000001fc0000006c
CAPTURE 2 25868562640 525400123402525400123401080045000038e6c840004011ebdb0a002a0f0a002a021092109200245de054324e310104000054525432000000000000006c00000000d4d6f761
CAPTURE 2 25906710784 525400123402525400123401080045000044e6ce40004011ebc90a002a0f0a002a0210921092003053cd54324e3101010001545254320000006d00000000000c00001651bbee010000000000027c0000006d
CAPTURE 2 25969566496 525400123401525400123402080045000040000000004011129d0a002a020a002a0f10921092002ca5a754324e310105000054525432000000000000000000080000d1ce57bf0000000000005b36
CAPTURE 2 25970525632 52540012340152540012340208004500003800000000401112a50a002a020a002a0f109210920024834754324e310104000054525432000000000000006d00000000c3ade322
CAPTURE 2 25971427504 52540012340152540012340208004500004400000000401112990a002a020a002a0f10921092003071e154324e3101020001545254320000006d00000000000c000018d09bdb01000000000001fb0000006d
CAPTURE 2 26030636592 525400123402525400123401080045000038e6d340004011ebd00a002a0f0a002a02109210920024834754324e310104000054525432000000000000006d00000000c3ade322
CAPTURE 2 26068315664 525400123402525400123401080045000044e6d740004011ebc00a002a0f0a002a021092109200300f4e54324e3101010001545254320000006e00000000000c0000bab55c07010000000000027c0000006e
CAPTURE 2 26110606192 52540012340152540012340208004500003800000000401112a50a002a020a002a0f109210920024500e54324e310104000054525432000000000000006e00000000fa20dfe7
CAPTURE 2 26111334752 52540012340152540012340208004500004400000000401112990a002a020a002a0f109210920030f62354324e3101020001545254320000006e00000000000c0000b4347c3201000000000001fb0000006e
CAPTURE 2 26152298976 525400123402525400123401080045000038e6dc40004011ebc70a002a0f0a002a02109210920024500e54324e310104000054525432000000000000006e00000000fa20dfe7
CAPTURE 2 26185873808 525400123402525400123401080045000044e6e440004011ebb30a002a0f0a002a021092109200302b6154324e3101010001545254320000006f00000000000c0000da19208f010000000000027b0000006f
CAPTURE 2 26249156208 52540012340152540012340208004500003800000000401112a50a002a020a002a0f109210920024711554324e310104000054525432000000000000006f00000000ed5bcba4
CAPTURE 2 26250352688 52540012340152540012340208004500004400000000401112990a002a020a002a0f109210920030d59654324e3101020001545254320000006f00000000000c00005bd8f51a01000000000001fa0000006f
CAPTURE 2 26453573008 525400123402525400123401080045000038e70e40004011eb950a002a0f0a002a02109210920024711554324e310104000054525432000000000000006f00000000ed5bcba4
CAPTURE 2 26495179136 525400123402525400123401080045000044e71540004011eb820a002a0f0a002a02109210920030d39e54324e3101010001545254320000007000000000000c0000ed5d650b010000000000027b00000070
CAPTURE 2 26549250352 525400123401525400123402080045000040000000004011129d0a002a020a002a0f10921092002cd66f54324e310105000054525432000000000000000000080000f8fefd820000000000005d7a
CAPTURE 2 26550396768 52540012340152540012340208004500003800000000401112a50a002a020a002a0f10921092002445ee54324e3101040000545254320000000000000070000000009e224604
CAPTURE 2 26551380464 52540012340152540012340208004500004400000000401112990a002a020a002a0f109210920030094d54324e3101020001545254320000007000000000000c00006c9cb09e01000000000001fa00000070
CAPTURE 2 26604429888 525400123402525400123401080045000038e72740004011eb7c0a002a0f0a002a0210921092002445ee54324e3101040000545254320000000000000070000000009e224604
CAPTURE 2 26638899664 525400123402525400123401080045000044e72a40004011eb6d0a002a0f0a002a0210921092003020a154324e3101010001545254320000007100000000000c00003fd1c593010000000000027b00000071
CAPTURE 2 26679144144 52540012340152540012340208004500003800000000401112a50a002a020a002a0f1092109200244e7354324e31010400005452543200000000000000710000000089595247
CAPTURE 2 26679654896 52540012340152540012340208004500004400000000401112990a002a020a002a0f109210920030586f54324e3101020001545254320000007100000000000c0000be10100601000000000001fa00000071
CAPTURE 2 26714682448 525400123402525400123401080045000038e73740004011eb6c0a002a0f0a002a021092109200244e7354324e31010400005452543200000000000000710000000089595247
CAPTURE 2 26749661760 525400123402525400123401080045000044e73a40004011eb5d0a002a0f0a002a021092109200306be554324e3101010001545254320000007200000000000c0000ae550bca010000000000027a00000072
CAPTURE 2 26809081104 52540012340152540012340208004500003800000000401112a50a002a020a002a0f1092109200240abc54324e310104000054525432000000000000007200000000b0d46e82
CAPTURE 2 26809649136 52540012340152540012340208004500004400000000401112990a002a020a002a0f10921092003043f154324e3101020001545254320000007200000000000c000055548d3f01000000000001f900000072
CAPTURE 2 27014392272 525400123402525400123401080045000038e75d40004011eb460a002a0f0a002a021092109200240abc54324e310104000054525432000000000000007200000000b0d46e82
CAPTURE 2 27055252064 525400123402525400123401080045000044e76140004011eb360a002a0f0a002a02109210920030616654324e3101010001545254320000007300000000000c000041b982e2010000000000027b00000073
CAPTURE 2 27118802256 525400123401525400123402080045000040000000004011129d0a002a020a002a0f10921092002ca3eb54324e310105000054525432000000000000000000080000b61470b70000000000005fb4
CAPTURE 2 27119387648 52540012340152540012340208004500003800000000401112a50a002a020a002a0f10921092002407a154324e310104000054525432000000000000007300000000a7af7ac1
CAPTURE 2 27120500544 52540012340152540012340208004500004400000000401112990a002a020a002a0f109210920030710354324e3101020001545254320000007300000000000c000087d82da701000000000001f900000073
CAPTURE 2 27177571808 525400123402525400123401080045000038e77640004011eb2d0a002a0f0a002a0210921092002407a154324e310104000054525432000000000000007300000000a7af7ac1
CAPTURE 2 27213036192 525400123402525400123401080045000044e77b40004011eb1c0a002a0f0a002a02109210920030288954324e3101010001545254320000007400000000000c0000118debe9010000000000027b00000074
CAPTURE 2 27249294640 52540012340152540012340208004500003800000000401112a50a002a020a002a0f1092109200244f3a54324e310104000054525432000000000000007400000000c3ce1708
CAPTURE 2 27249976080 52540012340152540012340208004500004400000000401112990a002a020a002a0f10921092003009e854324e3101020001545254320000007400000000000c0000d7ec44ac01000000000001f900000074
CAPTURE 2 27284639312 525400123402525400123401080045000038e77d40004011eb260a002a0f0a002a021092109200244f3a54324e310104000054525432000000000000007400000000c3ce1708
CAPTURE 2 27318422496 525400123402525400123401080045000044e78440004011eb130a002a0f0a002a02109210920030178b54324e3101010001545254320000007500000000000c0000c3014b71010000000000027b00000075
CAPTURE 2 27379127648 52540012340152540012340208004500003800000000401112a50a002a020a002a0f109210920024520f54324e310104000054525432000000000000007500000000d4b5034b
CAPTURE 2 27380296992 52540012340152540012340208004500004400000000401112990a002a020a002a0f1092109200303cea54324e3101020001545254320000007500000000000c00000560e43401000000000001f900000075
CAPTURE 2 27597580576 525400123402525400123401080045000038e79440004011eb0f0a002a0f0a002a02109210920024520f54324e310104000054525432000000000000007500000000d4b5034b
CAPTURE 2 27633122672 525400123402525400123401080045000044e79640004011eb010a002a0f0a002a02109210920030097e54324e3101010001545254320000007600000000000c00006fe5ac98010000000000027b00000076
CAPTURE 2 27698716512 525400123401525400123402080045000040000000004011129d0a002a020a002a0f10921092002cd94654324e31010500005452543200000000000000000008000088bb667100000000000061f8
CAPTURE 2 27699353808 52540012340152540012340208004500003800000000401112a50a002a020a002a0f109210920024fd4754324e310104000054525432000000000000007600000000ed383f8e
CAPTURE 2 27699915600 52540012340152540012340208004500004400000000401112990a002a020a002a0f109210920030791b54324e3101020001545254320000007600000000000c0000a98403dd01000000000001f900000076
CAPTURE 2 27758608848 525400123402525400123401080045000038e7b040004011eaf30a002a0f0a002a02109210920024fd4754324e310104000054525432000000000000007600000000ed383f8e
CAPTURE 2 27796084448 525400123402525400123401080045000044e7b740004011eae00a002a0f0a002a021092109200305c9054324e3101010001545254320000007700000000000c0000bd690c00010000000000027b00000077
CAPTURE 2 27828949312 52540012340152540012340208004500003800000000401112a50a002a020a002a0f10921092002403fd54324e310104000054525432000000000000007700000000fa432bcd
CAPTURE 2 27829477296 52540012340152540012340208004500004400000000401112990a002a020a002a0f109210920030082d54324e3101020001545254320000007700000000000c00007b08a34501000000000001f900000077
CAPTURE 2 27864517648 525400123402525400123401080045000038e7be40004011eae50a002a0f0a002a0210921092002403fd54324e310104000054525432000000000000007700000000fa432bcd
CAPTURE 2 27897095760 525400123402525400123401080045000044e7c340004011ead40a002a0f0a002a02109210920030d7db54324e3101010001545254320000007800000000000c0000cf8d7e8e010000000000027b00000078
CAPTURE 2 27958878656 52540012340152540012340208004500003800000000401112a50a002a020a002a0f1092109200241ff654324e31010400005452543200000000000000780000000025fae41c
CAPTURE 2 27959450464 52540012340152540012340208004500004400000000401112990a002a020a002a0f1092109200304ac154324e3101020001545254320000007800000000000c000009ecd1cb01000000000001f900000078
CAPTURE 2 28158675856 525400123401525400123402080045000040000000004011129d0a002a020a002a0f10921092002cb85054324e31010500005452543200000000000000000008000095e2787400000000000063c4
CAPTURE 2 28167968000 525400123402525400123401080045000038e7e040004011eac30a002a0f0a002a021092109200241ff654324e31010400005452543200000000000000780000000025fae41c
CAPTURE 2 28204123856 525400123402525400123401080045000044e7e740004011eab00a002a0f0a002a021092109200302ade54324e3101010001545254320000007900000000000c00001d01de16010000000000027b00000079
CAPTURE 2 28268772544 52540012340152540012340208004500003800000000401112a50a002a020a002a0f109210920024072b54324e3101040000545254320000000000000079000000003281f05f
CAPTURE 2 28269484608 52540012340152540012340208004500004400000000401112990a002a020a002a0f109210920030d9c254324e3101020001545254320000007900000000000c0000db60715301000000000001f900000079
CAPTURE 2 28305732464 525400123402525400123401080045000038e7f140004011eab20a002a0f0a002a02109210920024072b54324e3101040000545254320000000000000079000000003281f05f
CAPTURE 2 28343442384 525400123402525400123401080045000044e7f640004011eaa10a002a0f0a002a021092109200303a0f54324e3101010001545254320000007a00000000000c0000b1e539ff010000000000027b0000007a
CAPTURE 2 28398954624 52540012340152540012340208004500003800000000401112a50a002a020a002a0f109210920024526454324e310104000054525432000000000000007a000000000b0ccc9a
CAPTURE 2 28399555408 52540012340152540012340208004500004400000000401112990a002a020a002a0f109210920030183654324e3101020001545254320000007a00000000000c0000778496ba01000000000001f90000007a
CAPTURE 2 28435409120 525400123402525400123401080045000038e80540004011ea9e0a002a0f0a002a02109210920024526454324e310104000054525432000000000000007a000000000b0ccc9a
CAPTURE 2 28468084192 525400123402525400123401080045000044e80840004011ea8f0a002a0f0a002a02109210920030292154324e3101010001545254320000007b00000000000c000063699967010000000000027b0000007b
CAPTURE 2 28529282896 52540012340152540012340208004500003800000000401112a50a002a020a002a0f10921092002434b954324e310104000054525432000000000000007b000000001c77d8d9
CAPTURE 2 28530342304 52540012340152540012340208004500004400000000401112990a002a020a002a0f1092109200304b4854324e3101020001545254320000007b00000000000c0000a508362201000000000001f90000007b
CAPTURE 2 28736254256 525400123402525400123401080045000038e83840004011ea6b0a002a0f0a002a0210921092002434b954324e310104000054525432000000000000007b000000001c77d8d9
CAPTURE 2 28773147456 525400123402525400123401080045000044e83f40004011ea580a002a0f0a002a02109210920030022654324e3101010001545254320000007c00000000000c0000335df06c010000000000027b0000007c
CAPTURE 2 28828748832 525400123401525400123402080045000040000000004011129d0a002a020a002a0f10921092002c61fc54324e310105000054525432000000000000000000080000d7208aec0000000000006662
CAPTURE 2 28829306896 52540012340152540012340208004500003800000000401112a50a002a020a002a0f109210920024fce154324e310104000054525432000000000000007c000000007816b510
CAPTURE 2 28829783232 52540012340152540012340208004500004400000000401112990a002a020a002a0f109210920030d20a54324e3101020001545254320000007c00000000000c0000f53c5f2901000000000001f90000007c
CAPTURE 2 28883105840 525400123402525400123401080045000038e84a40004011ea590a002a0f0a002a02109210920024fce154324e310104000054525432000000000000007c000000007816b510
CAPTURE 2 28919237584 525400123402525400123401080045000044e85340004011ea440a002a0f0a002a02109210920030f32754324e3101010001545254320000007d00000000000c0000e1d150f4010000000000027b0000007d
CAPTURE 2 28959513664 52540012340152540012340208004500003800000000401112a50a002a020a002a0f109210920024194754324e310104000054525432000000000000007d000000006f6da153
CAPTURE 2 28960552896 52540012340152540012340208004500004400000000401112990a002a020a002a0f109210920030ff0c54324e3101020001545254320000007d00000000000c000027b0ffb101000000000001f90000007d
CAPTURE 2 28997401440 525400123402525400123401080045000038e85540004011ea4e0a002a0f0a002a02109210920024194754324e310104000054525432000000000000007d000000006f6da153
CAPTURE 2 29035536992 525400123402525400123401080045000044e85e40004011ea390a002a0f0a002a02109210920030219954324e3101010001545254320000007e00000000000c00004d35b71d010000000000027b0000007e
CAPTURE 2 29089736128 52540012340152540012340208004500003800000000401112a50a002a020a002a0f109210920024359054324e310104000054525432000000000000007e0000000056e09d96
CAPTURE 2 29091336896 52540012340152540012340208004500004400000000401112990a002a020a002a0f10921092003082c054324e3101020001545254320000007e00000000000c00008b54185801000000000001f90000007e
CAPTURE 2 29292204960 525400123401525400123402080045000040000000004011129d0a002a020a002a0f10921092002ce09a54324e31010500005452543200000000000000000008000036c9aad9000000000000682e
CAPTURE 2 29302620976 525400123402525400123401080045000038e87940004011ea2a0a002a0f0a002a02109210920024359054324e310104000054525432000000000000007e0000000056e09d96
CAPTURE 2 29342801504 525400123402525400123401080045000044e88040004011ea170a002a0f0a002a021092109200306eab54324e3101010001545254320000007f00000000000c00009fb91785010000000000027b0000007f
CAPTURE 2 29398685264 52540012340152540012340208004500003800000000401112a50a002a020a002a0f1092109200245e9554324e310104000054525432000000000000007f00000000419b89d5
CAPTURE 2 29399196192 52540012340152540012340208004500004400000000401112990a002a020a002a0f10921092003013d254324e3101020001545254320000007f00000000000c000059d8b8c001000000000001f90000007f
CAPTURE 2 29438463472 525400123402525400123401080045000038e89540004011ea0e0a002a0f0a002a021092109200245e9554324e310104000054525432000000000000007f00000000419b89d5
CAPTURE 2 29472192912 525400123402525400123401080045000044e89a40004011e9fd0a002a0f0a002a02109210920030221a54324e3101010001545254320000008000000000000c0000aede54ef010000000000027b00000080
CAPTURE 2 29528786400 52540012340152540012340208004500003800000000401112a50a002a020a002a0f1092109200249b9254324e31010400005452543200000000000000800000000008d4859e
CAPTURE 2 29529359728 52540012340152540012340208004500004400000000401112990a002a020a002a0f109210920030c1fe54324e3101020001545254320000008000000000000c000068bffbaa01000000000001f900000080
CAPTURE 2 29563947472 525400123402525400123401080045000038e8a740004011e9fc0a002a0f0a002a021092109200249b9254324e31010400005452543200000000000000800000000008d4859e
CAPTURE 2 29595694816 525400123402525400123401080045000044e8aa40004011e9ed0a002a0f0a002a02109210920030b51b54324e3101010001545254320000008100000000000c00007c52f477010000000000027b00000081
CAPTURE 2 29658697504 52540012340152540012340208004500003800000000401112a50a002a020a002a0f109210920024787754324e3101040000545254320000000000000081000000001faf91dd
CAPTURE 2 29659212320 52540012340152540012340208004500004400000000401112990a002a020a002a0f109210920030110154324e3101020001545254320000008100000000000c0000ba335b3201000000000001f900000081
CAPTURE 2 29855363856 525400123401525400123402080045000040000000004011129d0a002a020a002a0f10921092002cf7c454324e3101050000545254320000000000000000000800009b402cfe0000000000006a68
CAPTURE 2 29868849408 525400123402525400123401080045000038e8c540004011e9de0a002a0f0a002a02109210920024787754324e3101040000545254320000000000000081000000001faf91dd
CAPTURE 2 29905292688 525400123402525400123401080045000044e8ca40004011e9cd0a002a0f0a002a02109210920030418f54324e3101010001545254320000008200000000000c0000d0b6139e010000000000027b00000082
CAPTURE 2 29926870240 525400123402525400123401080600010800060400015254001234010a002a0f0000000000000a002a02
CAPTURE 2 29967225520 525400123401525400123402080600010800060400025254001234020a002a025254001234010a002a0f
CAPTURE 2 29970388304 52540012340152540012340208004500003800000000401112a50a002a020a002a0f10921092002456c854324e3101040000545254320000000000000082000000002622ad18
CAPTURE 2 29970891216 52540012340152540012340208004500004400000000401112990a002a020a002a0f10921092003052b254324e3101020001545254320000008200000000000c000016d7bcdb01000000000001f900000082
CAPTURE 2 30009597008 525400123402525400123401080045000038e8cd40004011e9d60a002a0f0a002a0210921092002456c854324e3101040000545254320000000000000082000000002622ad18
CAPTURE 2 30045180576 525400123402525400123401080045000044e8d240004011e9c50a002a0f0a002a0210921092003070a154324e3101010001545254320000008300000000000c0000023ab306010000000000027b00000083
CAPTURE 2 30099334816 52540012340152540012340208004500003800000000401112a50a002a020a002a0f1092109200243f4d54324e3101040000545254320000000000000083000000003159b95b
CAPTURE 2 30099928496 52540012340152540012340208004500004400000000401112990a002a020a002a0f10921092003045c454324e3101020001545254320000008300000000000c0000c45b1c4301000000000001f900000083
CAPTURE 2 30136084896 525400123402525400123401080045000038e8e440004011e9bf0a002a0f0a002a021092109200243f4d54324e3101040000545254320000000000000083000000003159b95b
CAPTURE 2 30171250400 525400123402525400123401080045000044e8ea40004011e9ad0a002a0f0a002a02109210920030f9c354324e3101010001545254320000008400000000000c0000520eda0d010000000000027b00000084
CAPTURE 2 30228904208 52540012340152540012340208004500003800000000401112a50a002a020a002a0f109210920024003654324e3101040000545254320000000000000084000000005538d492
CAPTURE 2 30229559664 52540012340152540012340208004500004400000000401112990a002a020a002a0f1092109200301ca954324e3101020001545254320000008400000000000c0000946f754801000000000001f900000084
CAPTURE 2 30430682128 525400123401525400123402080045000040000000004011129d0a002a020a002a0f10921092002c664754324e310105000054525432000000000000000000080000b6aba0d60000000000006ca2
CAPTURE 2 30443900512 525400123402525400123401080045000038e8fb40004011e9a80a002a0f0a002a02109210920024003654324e3101040000545254320000000000000084000000005538d492
CAPTURE 2 30479420592 525400123402525400123401080045000044e90240004011e9950a002a0f0a002a021092109200302ac654324e3101010001545254320000008500000000000c000080827a95010000000000027b00000085
CAPTURE 2 30539435376 52540012340152540012340208004500003800000000401112a50a002a020a002a0f10921092002426eb54324e3101040000545254320000000000000085000000004243c0d1
CAPTURE 2 30540041952 52540012340152540012340208004500004400000000401112990a002a020a002a0f10921092003009ab54324e3101020001545254320000008500000000000c000046e3d5d001000000000001f900000085
CAPTURE 2 30576088320 525400123402525400123401080045000038e91340004011e9900a002a0f0a002a0210921092002426eb54324e3101040000545254320000000000000085000000004243c0d1
CAPTURE 2 30611339312 525400123402525400123401080045000044e91740004011e9800a002a0f0a002a021092109200305bf954324e3101010001545254320000008600000000000c00002c669d7c010000000000027b00000086
CAPTURE 2 30668649552 52540012340152540012340208004500003800000000401112a50a002a020a002a0f109210920024b21b54324e3101040000545254320000000000000086000000007bcefc14
CAPTURE 2 30669252400 52540012340152540012340208004500004400000000401112990a002a020a002a0f1092109200300a1c54324e3101020001545254320000008600000000000c0000ea07323901000000000001f900000086
CAPTURE 2 30704741424 525400123402525400123401080045000038e92c40004011e9770a002a0f0a002a02109210920024b21b54324e3101040000545254320000000000000086000000007bcefc14
CAPTURE 2 30739445232 525400123402525400123401080045000044e92d40004011e96a0a002a0f0a002a02109210920030e90a54324e3101010001545254320000008700000000000c0000feea3de4010000000000027b00000087
CAPTURE 2 30799392128 52540012340152540012340208004500003800000000401112a50a002a020a002a0f109210920024d4f054324e3101040000545254320000000000000087000000006cb5e857
CAPTURE 2 30799944528 52540012340152540012340208004500004400000000401112990a002a020a002a0f1092109200305b2e54324e3101020001545254320000008700000000000c0000388b92a101000000000001f900000087
CAPTURE 2 31004735744 525400123402525400123401080045000038e95040004011e9530a002a0f0a002a02109210920024d4f054324e3101040000545254320000000000000087000000006cb5e857
CAPTURE 2 31040667424 525400123402525400123401080045000044e95740004011e9400a002a0f0a002a021092109200300d9054324e3101010001545254320000008800000000000c0000b16e66da010000000000027a00000088
CAPTURE 2 31098865040 525400123401525400123402080045000040000000004011129d0a002a020a002a0f10921092002c776754324e310105000054525432000000000000000000080000d38270410000000000006f40
CAPTURE 2 31099594192 52540012340152540012340208004500003800000000401112a50a002a020a002a0f1092109200244f6a54324e310104000054525432000000000000008800000000b30c2786
CAPTURE 2 31100336288 52540012340152540012340208004500004400000000401112990a002a020a002a0f109210920030fbb954324e3101020001545254320000008800000000000c00004a6fe02f01000000000001f900000088
CAPTURE 2 31152866128 525400123402525400123401080045000038e95940004011e94a0a002a0f0a002a021092109200244f6a54324e310104000054525432000000000000008800000000b30c2786
CAPTURE 2 31186522288 525400123402525400123401080045000044e95e40004011e9390a002a0f0a002a02109210920030450354324e3101010001545254320000008900000000000c00002442bc92010000000000027900000089
CAPTURE 2 31229028576 52540012340152540012340208004500003800000000401112a50a002a020a002a0f10921092002451bf54324e310104000054525432000000000000008900000000a47733c5
CAPTURE 2 31229693088 52540012340152540012340208004500004400000000401112990a002a020a002a0f10921092003017cd54324e3101020001545254320000008900000000000c0000a583690701000000000001f800000089
CAPTURE 2 31265439200 525400123402525400123401080045000038e97040004011e9330a002a0f0a002a0210921092002451bf54324e310104000054525432000000000000008900000000a47733c5
CAPTURE 2 31299281632 525400123402525400123401080045000044e97540004011e9220a002a0f0a002a02109210920030092754324e3101010001545254320000008a00000000000c00003796e51a01000000000002770000008a
CAPTURE 2 31359324000 52540012340152540012340208004500003800000000401112a50a002a020a002a0f1092109200247d0054324e310104000054525432000000000000008a000000009dfa0f00
CAPTURE 2 31362203120 52540012340152540012340208004500004400000000401112990a002a020a002a0f10921092003081e054324e3101020001545254320000008a00000000000c00008b37193f01000000000001f70000008a
CAPTURE 2 31588573472 525400123402525400123401080045000038e9b340004011e8f00a002a0f0a002a021092109200247d0054324e310104000054525432000000000000008a000000009dfa0f00
CAPTURE 2 31623215696 525400123402525400123401080045000044e9b640004011e8e10a002a0f0a002a02109210920030ec3654324e3101010001545254320000008b00000000000c0000674ad25301000000000002780000008b
CAPTURE 2 31688618016 525400123401525400123402080045000040000000004011129d0a002a020a002a0f10921092002c9d9454324e3101050000545254320000000000000000000800007b1fa029000000000000718e
CAPTURE 2 31689184080 52540012340152540012340208004500003800000000401112a50a002a020a002a0f109210920024843554324e310104000054525432000000000000008b000000008a811b43
CAPTURE 2 31689672144 52540012340152540012340208004500004400000000401112990a002a020a002a0f10921092003012f254324e3101020001545254320000008b00000000000c000059bbb9a701000000000001f70000008b
CAPTURE 2 31744405328 525400123402525400123401080045000038e9b940004011e8ea0a002a0f0a002a02109210920024843554324e310104000054525432000000000000008b000000008a811b43
CAPTURE 2 31779180464 525400123402525400123401080045000044e9c240004011e8d50a002a0f0a002a0210921092003088cb54324e3101010001545254320000008c00000000000c00000a1e92e801000000000002790000008c
CAPTURE 2 31819243024 52540012340152540012340208004500003800000000401112a50a002a020a002a0f109210920024c48d54324e310104000054525432000000000000008c00000000eee0768a
CAPTURE 2 31822210928 52540012340152540012340208004500004400000000401112990a002a020a002a0f1092109200304c1754324e3101020001545254320000008c00000000000c0000098fd0ac01000000000001f70000008c
CAPTURE 2 31855492576 525400123402525400123401080045000038e9c640004011e8dd0a002a0f0a002a02109210920024c48d54324e310104000054525432000000000000008c00000000eee0768a
CAPTURE 2 31887574112 525400123402525400123401080045000044e9cd40004011e8ca0a002a0f0a002a021092109200301acd54324e3101010001545254320000008d00000000000c0000d892327001000000000002790000008d
CAPTURE 2 31948867408 52540012340152540012340208004500003800000000401112a50a002a020a002a0f109210920024cd9254324e310104000054525432000000000000008d00000000f99b62c9
CAPTURE 2 31949531776 52540012340152540012340208004500004400000000401112990a002a020a002a0f109210920030db1854324e3101020001545254320000008d00000000000c0000db03703401000000000001f70000008d
CAPTURE 2 32136511872 525400123402525400123401080045000038e9da40004011e8c90a002a0f0a002a02109210920024cd9254324e310104000054525432000000000000008d00000000f99b62c9
CAPTURE 2 32171298240 525400123402525400123401080045000044e9de40004011e8b90a002a0f0a002a02109210920030dbbd54324e3101010001545254320000008e00000000000c00007476d59901000000000002790000008e
CAPTURE 2 32228801072 525400123401525400123402080045000040000000004011129d0a002a020a002a0f10921092002c1b1d54324e310105000054525432000000000000000000080000752a267a00000000000073aa
CAPTURE 2 32229368464 52540012340152540012340208004500003800000000401112a50a002a020a002a0f1092109200240bd454324e310104000054525432000000000000008e00000000c0165e0c
CAPTURE 2 32230032592 52540012340152540012340208004500004400000000401112990a002a020a002a0f109210920030168a54324e3101020001545254320000008e00000000000c000077e797dd01000000000001f70000008e
CAPTURE 2 32285817888 525400123402525400123401080045000038e9e440004011e8bf0a002a0f0a002a021092109200240bd454324e310104000054525432000000000000008e00000000c0165e0c
CAPTURE 2 32320547472 525400123402525400123401080045000044e9e740004011e8b00a002a0f0a002a0210921092003009d054324e3101010001545254320000008f00000000000c0000a6fa750101000000000002790000008f
CAPTURE 2 32359369376 52540012340152540012340208004500003800000000401112a50a002a020a002a0f109210920024083954324e310104000054525432000000000000008f00000000d76d4a4f
CAPTURE 2 32360563456 52540012340152540012340208004500004400000000401112990a002a020a002a0f109210920030499c54324e3101020001545254320000008f00000000000c0000a56b374501000000000001f70000008f
CAPTURE 2 32398406176 525400123402525400123401080045000038e9eb40004011e8b80a002a0f0a002a02109210920024083954324e310104000054525432000000000000008f00000000d76d4a4f
CAPTURE 2 32435183200 525400123402525400123401080045000044e9ec40004011e8ab0a002a0f0a002a02109210920030638654324e3101010001545254320000009000000000000c000091be3085010000000000027900000090
CAPTURE 2 32488759088 52540012340152540012340208004500003800000000401112a50a002a020a002a0f109210920024bdf054324e310104000054525432000000000000009000000000a414c7ef
CAPTURE 2 32489332640 52540012340152540012340208004500004400000000401112990a002a020a002a0f109210920030215a54324e3101020001545254320000009000000000000c0000922f72c101000000000001f700000090
CAPTURE 2 32692765904 525400123401525400123402080045000040000000004011129d0a002a020a002a0f10921092002ce9dc54324e310105000054525432000000000000000000080000ac151f030000000000007576
CAPTURE 2 32703443968 525400123402525400123401080045000038e9f340004011e8b00a002a0f0a002a02109210920024bdf054324e310104000054525432000000000000009000000000a414c7ef
CAPTURE 2 32738988416 525400123402525400123401080045000044e9f740004011e8a00a002a0f0a002a02109210920030527854324e3101010001545254320000009100000000000c00004332901d010000000000027900000091
CAPTURE 2 32799120432 52540012340152540012340208004500003800000000401112a50a002a020a002a0f109210920024a2d754324e310104000054525432000000000000009100000000b36fd3ac
CAPTURE 2 32799783536 52540012340152540012340208004500004400000000401112990a002a020a002a0f109210920030134c54324e3101020001545254320000009100000000000c000040a3d25901000000000001f700000091
CAPTURE 2 32835209520 525400123402525400123401080045000038ea0540004011e89e0a002a0f0a002a02109210920024a2d754324e310104000054525432000000000000009100000000b36fd3ac
CAPTURE 2 32870772272 525400123402525400123401080045000044ea0e40004011e8890a002a0f0a002a02109210920030bdfa54324e3101010001545254320000009200000000000c0000efd677f4010000000000027900000092
CAPTURE 2 32928779632 52540012340152540012340208004500003800000000401112a50a002a020a002a0f109210920024afa654324e3101040000545254320000000000000092000000008ae2ef69
CAPTURE 2 32929675904 52540012340152540012340208004500004400000000401112990a002a020a002a0f109210920030044f54324e3101020001545254320000009200000000000c0000ec4735b001000000000001f700000092
CAPTURE 2 32964123424 525400123402525400123401080045000038ea1440004011e88f0a002a0f0a002a02109210920024afa654324e3101040000545254320000000000000092000000008ae2ef69
CAPTURE 2 32996654880 525400123402525400123401080045000044ea1740004011e8800a002a0f0a002a0210921092003010fd54324e3101010001545254320000009300000000000c00003d5ad76c010000000000027900000093
CAPTURE 2 33058854096 52540012340152540012340208004500003800000000401112a50a002a020a002a0f109210920024912d54324e3101040000545254320000000000000093000000009d99fb2a
CAPTURE 2 33059537552 52540012340152540012340208004500004400000000401112990a002a020a002a0f109210920030525154324e3101020001545254320000009300000000000c00003ecb952801000000000001f700000093
CAPTURE 2 33257675584 525400123401525400123402080045000040000000004011129d0a002a020a002a0f10921092002cac9254324e310105000054525432000000000000000000080000ec241a0400000000000077b0
CAPTURE 2 33267976448 525400123402525400123401080045000038ea3c40004011e8670a002a0f0a002a02109210920024912d54324e3101040000545254320000000000000093000000009d99fb2a
CAPTURE 2 33302715504 525400123402525400123401080045000044ea4340004011e8540a002a0f0a002a02109210920030f9eb54324e3101010001545254320000009400000000000c00006d6ebe67010000000000027900000094
CAPTURE 2 33368937520 52540012340152540012340208004500003800000000401112a50a002a020a002a0f109210920024991454324e310104000054525432000000000000009400000000f9f896e3
CAPTURE 2 33369517536 52540012340152540012340208004500004400000000401112990a002a020a002a0f109210920030bb1f54324e3101020001545254320000009400000000000c00006efffc2301000000000001f700000094
CAPTURE 2 33406868176 525400123402525400123401080045000038ea4c40004011e8570a002a0f0a002a02109210920024991454324e310104000054525432000000000000009400000000f9f896e3
CAPTURE 2 33442672624 525400123402525400123401080045000044ea5340004011e8440a002a0f0a002a0210921092003046de54324e3101010001545254320000009500000000000c0000bfe21eff010000000000027900000095
CAPTURE 2 33498696304 52540012340152540012340208004500003800000000401112a50a002a020a002a0f109210920024b8cb54324e310104000054525432000000000000009500000000ee8382a0
CAPTURE 2 33499219648 52540012340152540012340208004500004400000000401112990a002a020a002a0f1092109200300d1254324e3101020001545254320000009500000000000c0000bc735cbb01000000000001f700000095
CAPTURE 2 33534453664 525400123402525400123401080045000038ea5740004011e84c0a002a0f0a002a02109210920024b8cb54324e310104000054525432000000000000009500000000ee8382a0
CAPTURE 2 33567105024 525400123402525400123401080045000044ea5940004011e83e0a002a0f0a002a0210921092003019a154324e3101010001545254320000009600000000000c00001306f916010000000000027900000096
CAPTURE 2 33629144016 52540012340152540012340208004500003800000000401112a50a002a020a002a0f109210920024947a54324e310104000054525432000000000000009600000000d70ebe65
CAPTURE 2 33629876080 52540012340152540012340208004500004400000000401112990a002a020a002a0f1092109200305a5554324e3101020001545254320000009600000000000c00001097bb5201000000000001f700000096
CAPTURE 2 33834469456 525400123402525400123401080045000038ea7a40004011e8290a002a0f0a002a02109210920024947a54324e310104000054525432000000000000009600000000d70ebe65
CAPTURE 2 33870140464 525400123402525400123401080045000044ea7b40004011e81c0a002a0f0a002a021092109200300aa354324e3101010001545254320000009700000000000c0000c18a598e010000000000027900000097
CAPTURE 2 33929002144 525400123401525400123402080045000040000000004011129d0a002a020a002a0f10921092002cf13b54324e310105000054525432000000000000000000080000038fbb520000000000007a4e
CAPTURE 2 33929616448 52540012340152540012340208004500003800000000401112a50a002a020a002a0f109210920024bf5154324e310104000054525432000000000000009700000000c075aa26
CAPTURE 2 33930295584 52540012340152540012340208004500004400000000401112990a002a020a002a0f109210920030485754324e3101020001545254320000009700000000000c0000c21b1bca01000000000001f700000097
CAPTURE 2 33985608000 525400123402525400123401080045000038ea8440004011e81f0a002a0f0a002a02109210920024bf5154324e310104000054525432000000000000009700000000c075aa26
CAPTURE 2 34020579696 525400123402525400123401080045000044ea8b40004011e80c0a002a0f0a002a02109210920030474b54324e3101010001545254320000009800000000000c0000b36e2b00010000000000027900000098
CAPTURE 2 34059391648 52540012340152540012340208004500003800000000401112a50a002a020a002a0f109210920024a42954324e3101040000545254320000000000000098000000001fcc65f7
CAPTURE 2 34060614368 52540012340152540012340208004500004400000000401112990a002a020a002a0f1092109200300bf754324e3101020001545254320000009800000000000c0000b0ff694401000000000001f700000098
CAPTURE 2 34095847872 525400123402525400123401080045000038ea9940004011e80a0a002a0f0a002a02109210920024a42954324e3101040000545254320000000000000098000000001fcc65f7
CAPTURE 2 34129902720 525400123402525400123401080045000044ea9c40004011e7fb0a002a0f0a002a02109210920030383d54324e3101010001545254320000009900000000000c000061e28b98010000000000027900000099
CAPTURE 2 34189173552 52540012340152540012340208004500003800000000401112a50a002a020a002a0f109210920024af8054324e31010400005452543200000000000000990000000008b771b4
CAPTURE 2 34189842960 52540012340152540012340208004500004400000000401112990a002a020a002a0f109210920030f9e854324e3101020001545254320000009900000000000c00006273c9dc01000000000001f700000099
CAPTURE 2 34384801040 525400123402525400123401080045000038ead040004011e7d30a002a0f0a002a02109210920024af8054324e31010400005452543200000000000000990000000008b771b4
CAPTURE 2 34420788208 525400123402525400123401080045000044ead840004011e7bf0a002a0f0a002a02109210920030ec3d54324e3101010001545254320000009a00000000000c0000cd066c7101000000000002790000009a
CAPTURE 2 34488689088 525400123401525400123402080045000040000000004011129d0a002a020a002a0f10921092002c0e6954324e310105000054525432000000000000000000080000730c2c780000000000007c7e
CAPTURE 2 34489228416 52540012340152540012340208004500003800000000401112a50a002a020a002a0f109210920024ab3f54324e310104000054525432000000000000009a00000000313a4d71
CAPTURE 2 34489825600 52540012340152540012340208004500004400000000401112990a002a020a002a0f109210920030296a54324e3101020001545254320000009a00000000000c0000ce972e3501000000000001f70000009a
CAPTURE 2 34544551536 525400123402525400123401080045000038eae640004011e7bd0a002a0f0a002a02109210920024ab3f54324e310104000054525432000000000000009a00000000313a4d71
CAPTURE 2 34579720288 525400123402525400123401080045000044eaea40004011e7ad0a002a0f0a002a02109210920030394054324e3101010001545254320000009b00000000000c00001f8acce901000000000002790000009b
CAPTURE 2 34619268528 52540012340152540012340208004500003800000000401112a50a002a020a002a0f109210920024aa7654324e310104000054525432000000000000009b0000000026415932
CAPTURE 2 34620605888 52540012340152540012340208004500004400000000401112990a002a020a002a0f1092109200307b6c54324e3101020001545254320000009b00000000000c00001c1b8ead01000000000001f70000009b
CAPTURE 2 34656182816 525400123402525400123401080045000038eafd40004011e7a60a002a0f0a002a02109210920024aa7654324e310104000054525432000000000000009b0000000026415932
CAPTURE 2 34689000704 525400123402525400123401080045000044eb0340004011e7940a002a0f0a002a02109210920030268254324e3101010001545254320000009c00000000000c000072de8c5201000000000002780000009c
CAPTURE 2 34749491856 52540012340152540012340208004500003800000000401112a50a002a020a002a0f109210920024b2cd54324e310104000054525432000000000000009c00000000422034fb
CAPTURE 2 34750362128 52540012340152540012340208004500004400000000401112990a002a020a002a0f109210920030f25c54324e3101020001545254320000009c00000000000c00004c2fe7a601000000000001f70000009c
CAPTURE 2 34960762784 525400123402525400123401080045000038eb1d40004011e7860a002a0f0a002a02109210920024b2cd54324e310104000054525432000000000000009c00000000422034fb
CAPTURE 2 34995838944 525400123402525400123401080045000044eb2540004011e7720a002a0f0a002a02109210920030fe4654324e3101010001545254320000009d00000000000c000065a2c1cb01000000000002740000009d
CAPTURE 2 35061172928 525400123401525400123402080045000040000000004011129d0a002a020a002a0f10921092002c4ef754324e310105000054525432000000000000000000080000333d297f0000000000007eb8
CAPTURE 2 35062219696 52540012340152540012340208004500003800000000401112a50a002a020a002a0f109210920024b3d454324e310104000054525432000000000000009d00000000555b20b8
CAPTURE 2 35062905744 52540012340152540012340208004500004400000000401112990a002a020a002a0f1092109200302d7154324e3101020001545254320000009d00000000000c0000e463145e01000000000001f50000009d
CAPTURE 2 35117789760 525400123402525400123401080045000038eb2a40004011e7790a002a0f0a002a02109210920024b3d454324e310104000054525432000000000000009d00000000555b20b8
CAPTURE 2 35152400464 525400123402525400123401080045000044eb3340004011e7640a002a0f0a002a02109210920030b01a54324e3101010001545254320000009e00000000000c00007b66fa3201000000000002730000009e
CAPTURE 2 35188931232 52540012340152540012340208004500003800000000401112a50a002a020a002a0f109210920024a09354324e310104000054525432000000000000009e000000006cd61c7d
CAPTURE 2 35189492544 52540012340152540012340208004500004400000000401112990a002a020a002a0f109210920030d64254324e3101020001545254320000009e00000000000c000075e7da0701000000000001f40000009e
CAPTURE 2 35225864560 525400123402525400123401080045000038eb4340004011e7600a002a0f0a002a02109210920024a09354324e310104000054525432000000000000009e000000006cd61c7d
CAPTURE 2 35258449280 525400123402525400123401080045000044eb4640004011e7510a002a0f0a002a02109210920030f89254324e3101010001545254320000009f00000000000c00000cfa2029010000000000026f0000009f
CAPTURE 2 35319054784 52540012340152540012340208004500003800000000401112a50a002a020a002a0f109210920024a5fa54324e310104000054525432000000000000009f000000007bad083e
CAPTURE 2 35319747280 52540012340152540012340208004500004400000000401112990a002a020a002a0f1092109200306ec754324e3101020001545254320000009f00000000000c0000282b8f3f01000000000001f20000009f
CAPTURE 2 35521099536 525400123402525400123401080045000038eb7b40004011e7280a002a0f0a002a02109210920024a5fa54324e310104000054525432000000000000009f000000007bad083e
CAPTURE 2 35563214576 525400123402525400123401080045000044eb8440004011e7130a002a0f0a002a021092109200309e8754324e310101000154525432000000a000000000000c000015ee713a0100000000000273000000a0
CAPTURE 2 35618948480 525400123401525400123402080045000040000000004011129d0a002a020a002a0f10921092002c226154324e310105000054525432000000000000000000080000d269b4b800000000000080e8
CAPTURE 2 35619571440 52540012340152540012340208004500003800000000401112a50a002a020a002a0f109210920024988254324e31010400005452543200000000000000a0000000008a25073d
CAPTURE 2 35620158096 52540012340152540012340208004500004400000000401112990a002a020a002a0f109210920030efbf54324e310102000154525432000000a000000000000c0000a94f8d1f01000000000001f3000000a0
CAPTURE 2 35674334800 525400123402525400123401080045000038eb8940004011e71a0a002a0f0a002a02109210920024988254324e31010400005452543200000000000000a0000000008a25073d
CAPTURE 2 35709814640 525400123402525400123401080045000044eb8e40004011e7090a002a0f0a002a02109210920030e54a54324e310101000154525432000000a100000000000c0000bda282c20100000000000271000000a1
CAPTURE 2 35749257632 52540012340152540012340208004500003800000000401112a50a002a020a002a0f109210920024790754324e31010400005452543200000000000000a1000000009d5e137e
CAPTURE 2 35750012464 52540012340152540012340208004500004400000000401112990a002a020a002a0f1092109200307ce254324e310102000154525432000000a100000000000c00007bc32d8701000000000001f3000000a1
CAPTURE 2 35786991152 525400123402525400123401080045000038eb9e40004011e7050a002a0f0a002a02109210920024790754324e31010400005452543200000000000000a1000000009d5e137e
CAPTURE 2 35822540736 525400123402525400123401080045000044eba240004011e6f50a002a0f0a002a02109210920030aced54324e310101000154525432000000a200000000000c00002c264c9b0100000000000270000000a2
CAPTURE 2 35878630448 52540012340152540012340208004500003800000000401112a50a002a020a002a0f109210920024555454324e31010400005452543200000000000000a200000000a4d32fbb
CAPTURE 2 35879370976 52540012340152540012340208004500004400000000401112990a002a020a002a0f109210920030580554324e310102000154525432000000a200000000000c0000ea47e3de01000000000001f2000000a2
CAPTURE 2 36080400880 525400123402525400123401080045000038ebe240004011e6c10a002a0f0a002a02109210920024555454324e31010400005452543200000000000000a200000000a4d32fbb
CAPTURE 2 36113425088 525400123402525400123401080045000044ebe440004011e6b30a002a0f0a002a021092109200309c2d54324e310101000154525432000000a300000000000c0000c3cac5b30100000000000271000000a3
CAPTURE 2 36179003264 525400123401525400123402080045000040000000004011129d0a002a020a002a0f10921092002c4cf354324e31010500005452543200000000000000000008000044f915670000000000008318
CAPTURE 2 36179556928 52540012340152540012340208004500003800000000401112a50a002a020a002a0f1092109200243a4154324e31010400005452543200000000000000a300000000b3a83bf8
CAPTURE 2 36180075648 52540012340152540012340208004500004400000000401112990a002a020a002a0f109210920030aa1854324e310102000154525432000000a300000000000c000038cb434601000000000001f2000000a3
CAPTURE 2 36232381248 525400123402525400123401080045000038ebf240004011e6b10a002a0f0a002a021092109200243a4154324e31010400005452543200000000000000a300000000b3a83bf8
CAPTURE 2 36265300960 525400123402525400123401080045000044ebf740004011e6a00a002a0f0a002a02109210920030e4f254324e310101000154525432000000a400000000000c000093feacb80100000000000271000000a4
CAPTURE 2 36308545024 52540012340152540012340208004500003800000000401112a50a002a020a002a0f109210920024fbe554324e31010400005452543200000000000000a400000000d7c95631
CAPTURE 2 36309065712 52540012340152540012340208004500004400000000401112990a002a020a002a0f10921092003092db54324e310102000154525432000000a400000000000c000068ff2a4d01000000000001f2000000a4
CAPTURE 2 36345447680 525400123402525400123401080045000038ec0a40004011e6990a002a0f0a002a02109210920024fbe554324e31010400005452543200000000000000a400000000d7c95631
CAPTURE 2 36378596464 525400123402525400123401080045000044ec1040004011e6870a002a0f0a002a02109210920030d81554324e310101000154525432000000a500000000000c000041720c200100000000000271000000a5
CAPTURE 2 36439186032 52540012340152540012340208004500003800000000401112a50a002a020a002a0f10921092002426bb54324e31010400005452543200000000000000a500000000c0b24272
CAPTURE 2 36439818528 52540012340152540012340208004500004400000000401112990a002a020a002a0f109210920030e0dc54324e310102000154525432000000a500000000000c0000ba738ad501000000000001f2000000a5
CAPTURE 2 36635185712 525400123401525400123402080045000040000000004011129d0a002a020a002a0f10921092002ca83c54324e310105000054525432000000000000000000080000bfb33d9700000000000084e4
CAPTURE 2 36636490592 33330000000252540012340186dd6000000000103afffe80000000000000505400fffe123401ff0200000000000000000000000000028500725f000000000101525400123401
CAPTURE 2 36651210784 525400123402525400123401080045000038ec4840004011e65b0a002a0f0a002a0210921092002426bb54324e31010400005452543200000000000000a500000000c0b24272
CAPTURE 2 36693005120 525400123402525400123401080045000044ec5040004011e6470a002a0f0a002a021092109200304c4554324e310101000154525432000000a600000000000c0000ed96ebc90100000000000271000000a6
CAPTURE 2 36749255120 52540012340152540012340208004500003800000000401112a50a002a020a002a0f109210920024b1e754324e31010400005452543200000000000000a600000000f93f7eb7
CAPTURE 2 36749974944 52540012340152540012340208004500004400000000401112990a002a020a002a0f109210920030a25054324e310102000154525432000000a600000000000c000016976d3c01000000000001f2000000a6
CAPTURE 2 36787464448 525400123402525400123401080045000038ec5f40004011e6440a002a0f0a002a02109210920024b1e754324e31010400005452543200000000000000a600000000f93f7eb7
CAPTURE 2 36822498480 525400123402525400123401080045000044ec6540004011e6320a002a0f0a002a021092109200309b3854324e310101000154525432000000a700000000000c00003f1a4b510100000000000271000000a7
CAPTURE 2 36880451568 52540012340152540012340208004500003800000000401112a50a002a020a002a0f109210920024d0a454324e31010400005452543200000000000000a700000000ee446af4
CAPTURE 2 36881144208 52540012340152540012340208004500004400000000401112990a002a020a002a0f109210920030946154324e310102000154525432000000a700000000000c0000c41bcda401000000000001f2000000a7
CAPTURE 2 36921236448 525400123402525400123401080045000038ec6b40004011e6380a002a0f0a002a02109210920024d0a454324e31010400005452543200000000000000a700000000ee446af4
CAPTURE 2 36955707424 525400123402525400123401080045000044ec7340004011e6240a002a0f0a002a021092109200309dc454324e310101000154525432000000a800000000000c00004dfe39df0100000000000271000000a8
CAPTURE 2 37010283792 52540012340152540012340208004500003800000000401112a50a002a020a002a0f10921092002452ba54324e31010400005452543200000000000000a80000000031fda525
CAPTURE 2 37011001552 52540012340152540012340208004500004400000000401112990a002a020a002a0f109210920030aff554324e310102000154525432000000a800000000000c0000b6ffbf2a01000000000001f2000000a8
CAPTURE 2 37211702864 525400123401525400123402080045000040000000004011129d0a002a020a002a0f10921092002c640054324e310105000054525432000000000000000000080000c9f67556000000000000871e
CAPTURE 2 37221373744 525400123402525400123401080045000038ec9e40004011e6050a002a0f0a002a0210921092002452ba54324e31010400005452543200000000000000a80000000031fda525
CAPTURE 2 37269021744 525400123402525400123401080045000044eca340004011e5f40a002a0f0a002a02109210920030ece554324e310101000154525432000000a900000000000c00009f7299470100000000000271000000a9
CAPTURE 2 37321508272 52540012340152540012340208004500003800000000401112a50a002a020a002a0f10921092002451ef54324e31010400005452543200000000000000a9000000002686b166
CAPTURE 2 37322810944 52540012340152540012340208004500004400000000401112990a002a020a002a0f109210920030a1f854324e310102000154525432000000a900000000000c000064731fb201000000000001f2000000a9
CAPTURE 2 37371317872 525400123402525400123401080045000038ecae40004011e5f50a002a0f0a002a0210921092002451ef54324e31010400005452543200000000000000a9000000002686b166
CAPTURE 2 37415652672 525400123402525400123401080045000044ecb140004011e5e60a002a0f0a002a02109210920030735954324e310101000154525432000000aa00000000000c000033967eae0100000000000271000000aa
CAPTURE 2 37470375584 52540012340152540012340208004500003800000000401112a50a002a020a002a0f1092109200247d2c54324e31010400005452543200000000000000aa000000001f0b8da3
CAPTURE 2 37471256128 52540012340152540012340208004500004400000000401112990a002a020a002a0f109210920030652854324e310102000154525432000000aa00000000000c0000c897f85b01000000000001f2000000aa
CAPTURE 2 37508709632 525400123402525400123401080045000038ecc540004011e5de0a002a0f0a002a021092109200247d2c54324e31010400005452543200000000000000aa000000001f0b8da3
CAPTURE 2 37544368960 525400123402525400123401080045000044ecce40004011e5c90a002a0f0a002a02109210920030664a54324e310101000154525432000000ab00000000000c0000e11ade360100000000000271000000ab
CAPTURE 2 37603137600 52540012340152540012340208004500003800000000401112a50a002a020a002a0f109210920024878954324e31010400005452543200000000000000ab00000000087099e0
CAPTURE 2 37604454400 52540012340152540012340208004500004400000000401112990a002a020a002a0f109210920030b33b54324e310102000154525432000000ab00000000000c00001a1b58c301000000000001f2000000ab
CAPTURE 2 37823509136 525400123402525400123401080045000038ecde40004011e5c50a002a0f0a002a02109210920024878954324e31010400005452543200000000000000ab00000000087099e0
CAPTURE 2 37857570208 525400123402525400123401080045000044ece440004011e5b30a002a0f0a002a02109210920030bd2d54324e310101000154525432000000ac00000000000c0000b12eb73d0100000000000271000000ac
CAPTURE 2 37929092064 525400123401525400123402080045000040000000004011129d0a002a020a002a0f10921092002c0af054324e310105000054525432000000000000000000080000eac8aac400000000000089ee
CAPTURE 2 37929897200 52540012340152540012340208004500003800000000401112a50a002a020a002a0f109210920024c99d54324e31010400005452543200000000000000ac000000006c11f429
CAPTURE 2 37930775968 52540012340152540012340208004500004400000000401112990a002a020a002a0f109210920030aa2054324e310102000154525432000000ac00000000000c00004a2f31c801000000000001f2000000ac
CAPTURE 2 37986689344 525400123402525400123401080045000038ece640004011e5bd0a002a0f0a002a02109210920024c99d54324e31010400005452543200000000000000ac000000006c11f429
CAPTURE 2 38023678752 525400123402525400123401080045000044ece940004011e5ae0a002a0f0a002a02109210920030aa5054324e310101000154525432000000ad00000000000c000063a217a50100000000000271000000ad
CAPTURE 2 38058553424 52540012340152540012340208004500003800000000401112a50a002a020a002a0f109210920024ce0254324e31010400005452543200000000000000ad000000007b6ae06a
CAPTURE 2 38059133648 52540012340152540012340208004500004400000000401112990a002a020a002a0f109210920030fc2154324e310102000154525432000000ad00000000000c000098a3915001000000000001f2000000ad
CAPTURE 2 38096280912 525400123402525400123401080045000038ecfb40004011e5a80a002a0f0a002a02109210920024ce0254324e31010400005452543200000000000000ad000000007b6ae06a
CAPTURE 2 38131147952 525400123402525400123401080045000044ecfe40004011e5990a002a0f0a002a02109210920030660254324e310101000154525432000000ae00000000000c0000cf46f04c0100000000000271000000ae
CAPTURE 2 38188810768 52540012340152540012340208004500003800000000401112a50a002a020a002a0f1092109200240a4054324e31010400005452543200000000000000ae0000000042e7dcaf
CAPTURE 2 38189333776 52540012340152540012340208004500004400000000401112990a002a020a002a0f1092109200307b1354324e310102000154525432000000ae00000000000c0000344776b901000000000001f2000000ae
CAPTURE 2 38387170352 525400123401525400123402080045000040000000004011129d0a002a020a002a0f10921092002c8c0d54324e310105000054525432000000000000000000080000b4f85dab0000000000008bba
CAPTURE 2 38400125824 525400123402525400123401080045000038ed0a40004011e5990a002a0f0a002a021092109200240a4054324e31010400005452543200000000000000ae0000000042e7dcaf
CAPTURE 2 38435788528 525400123402525400123401080045000044ed0e40004011e5890a002a0f0a002a02109210920030b6f554324e310101000154525432000000af00000000000c00001dca50d40100000000000271000000af
CAPTURE 2 38498645568 52540012340152540012340208004500003800000000401112a50a002a020a002a0f1092109200240b4d54324e31010400005452543200000000000000af00000000559cc8ec
CAPTURE 2 38499172096 52540012340152540012340208004500004400000000401112990a002a020a002a0f109210920030692454324e310102000154525432000000af00000000000c0000e6cbd62101000000000001f2000000af
CAPTURE 2 38537971808 525400123402525400123401080045000038ed2040004011e5830a002a0f0a002a021092109200240b4d54324e31010400005452543200000000000000af00000000559cc8ec
CAPTURE 2 38577954544 525400123402525400123401080045000044ed2340004011e5740a002a0f0a002a02109210920030e5b354324e310101000154525432000000b000000000000c00002a8e15500100000000000271000000b0
CAPTURE 2 38629344784 52540012340152540012340208004500003800000000401112a50a002a020a002a0f109210920024bda354324e31010400005452543200000000000000b00000000026e5454c
CAPTURE 2 38630705712 52540012340152540012340208004500004400000000401112990a002a020a002a0f109210920030c0da54324e310102000154525432000000b000000000000c0000d18f93a501000000000001f2000000b0
CAPTURE 2 38672048832 525400123402525400123401080045000038ed3440004011e56f0a002a0f0a002a02109210920024bda354324e31010400005452543200000000000000b00000000026e5454c
CAPTURE 2 38712486992 525400123402525400123401080045000044ed3940004011e55e0a002a0f0a002a0210921092003077c454324e310101000154525432000000b100000000000c0000f802b5c80100000000000271000000b1
CAPTURE 2 38769172736 52540012340152540012340208004500003800000000401112a50a002a020a002a0f109210920024a72654324e31010400005452543200000000000000b100000000319e510f
CAPTURE 2 38769812544 52540012340152540012340208004500004400000000401112990a002a020a002a0f109210920030efcd54324e310102000154525432000000b100000000000c00000303333d01000000000001f2000000b1
CAPTURE 2 38956735552 525400123402525400123401080045000038ed7240004011e5310a002a0f0a002a02109210920024a72654324e31010400005452543200000000000000b100000000319e510f
CAPTURE 2 38995918576 525400123402525400123401080045000044ed7640004011e5210a002a0f0a002a021092109200307e8654324e310101000154525432000000b200000000000c000054e652210100000000000271000000b2
CAPTURE 2 39059258928 525400123401525400123402080045000040000000004011129d0a002a020a002a0f10921092002ce9cd54324e310105000054525432000000000000000000080000878b2aba0000000000008e58
CAPTURE 2 39059893712 52540012340152540012340208004500003800000000401112a50a002a020a002a0f109210920024b3f554324e31010400005452543200000000000000b20000000008136dca
CAPTURE 2 39060726960 52540012340152540012340208004500004400000000401112990a002a020a002a0f109210920030a14f54324e310102000154525432000000b200000000000c0000afe7d4d401000000000001f2000000b2
CAPTURE 2 39118089648 525400123402525400123401080045000038ed9240004011e5110a002a0f0a002a02109210920024b3f554324e31010400005452543200000000000000b20000000008136dca
CAPTURE 2 39160693312 525400123402525400123401080045000044ed9840004011e4ff0a002a0f0a002a02109210920030ac6754324e310101000154525432000000b300000000000c0000866af2b90100000000000271000000b3
CAPTURE 2 39189725824 52540012340152540012340208004500003800000000401112a50a002a020a002a0f10921092002490e054324e31010400005452543200000000000000b3000000001f687989
CAPTURE 2 39190575264 52540012340152540012340208004500004400000000401112990a002a020a002a0f109210920030345254324e310102000154525432000000b300000000000c00007d6b744c01000000000001f2000000b3
CAPTURE 2 39228015744 525400123402525400123401080045000038eda440004011e4ff0a002a0f0a002a0210921092002490e054324e31010400005452543200000000000000b3000000001f687989
CAPTURE 2 39262700048 525400123402525400123401080045000044eda540004011e4f20a002a0f0a002a02109210920030b37854324e310101000154525432000000b400000000000c0000d65e9bb20100000000000271000000b4
CAPTURE 2 39318913552 52540012340152540012340208004500003800000000401112a50a002a020a002a0f1092109200249a8754324e31010400005452543200000000000000b4000000007b091440
CAPTURE 2 39319558576 52540012340152540012340208004500004400000000401112990a002a020a002a0f109210920030db6154324e310102000154525432000000b400000000000c00002d5f1d4701000000000001f2000000b4
CAPTURE 2 39520631296 525400123401525400123402080045000040000000004011129d0a002a020a002a0f10921092002c675c54324e3101050000545254320000000000000000000800000a7928720000000000009024
CAPTURE 2 39537921632 525400123402525400123401080045000038edc140004011e4e20a002a0f0a002a021092109200249a8754324e31010400005452543200000000000000b4000000007b091440
CAPTURE 2 39573918000 525400123402525400123401080045000044edc840004011e4cf0a002a0f0a002a02109210920030e58b54324e310101000154525432000000b500000000000c000004d23b2a0100000000000271000000b5
CAPTURE 2 39628991904 52540012340152540012340208004500003800000000401112a50a002a020a002a0f109210920024bd5a54324e31010400005452543200000000000000b5000000006c720003
CAPTURE 2 39629615168 52540012340152540012340208004500004400000000401112990a002a020a002a0f109210920030685254324e310102000154525432000000b500000000000c0000ffd3bddf01000000000001f2000000b5
CAPTURE 2 39664705632 525400123402525400123401080045000038edd040004011e4d30a002a0f0a002a02109210920024bd5a54324e31010400005452543200000000000000b5000000006c720003
CAPTURE 2 39699367728 525400123402525400123401080045000044edd740004011e4c00a002a0f0a002a02109210920030a08b54324e310101000154525432000000b600000000000c0000a836dcc30100000000000271000000b6
CAPTURE 2 39758728272 52540012340152540012340208004500003800000000401112a50a002a020a002a0f109210920024970954324e31010400005452543200000000000000b60000000055ff3cc6
CAPTURE 2 39759252560 52540012340152540012340208004500004400000000401112990a002a020a002a0f109210920030789654324e310102000154525432000000b600000000000c000053375a3601000000000001f2000000b6
CAPTURE 2 39794291440 525400123402525400123401080045000038ede440004011e4bf0a002a0f0a002a02109210920024970954324e31010400005452543200000000000000b60000000055ff3cc6
CAPTURE 2 39828148784 525400123402525400123401080045000044edec40004011e4ab0a002a0f0a002a021092109200302e6e54324e310101000154525432000000b700000000000c00007aba7c5b0100000000000271000000b7
CAPTURE 2 39889327888 52540012340152540012340208004500003800000000401112a50a002a020a002a0f109210920024bec454324e31010400005452543200000000000000b70000000042842885
CAPTURE 2 39890416160 52540012340152540012340208004500004400000000401112990a002a020a002a0f109210920030a99754324e310102000154525432000000b700000000000c000081bbfaae01000000000001f2000000b7
CAPTURE 2 40098471968 525400123402525400123401080045000038ee2f40004011e4740a002a0f0a002a02109210920024bec454324e31010400005452543200000000000000b70000000042842885
CAPTURE 2 40133174224 525400123402525400123401080045000044ee3240004011e4650a002a0f0a002a021092109200300e4f54324e310101000154525432000000b800000000000c0000085e0ed50100000000000271000000b8
CAPTURE 2 40188868160 525400123401525400123402080045000040000000004011129d0a002a020a002a0f10921092002c18c654324e31010500005452543200000000000000000008000071260dbd00000000000092c2
CAPTURE 2 40189487792 52540012340152540012340208004500003800000000401112a50a002a020a002a0f109210920024a53a54324e31010400005452543200000000000000b8000000009d3de754
CAPTURE 2 40189994576 52540012340152540012340208004500004400000000401112990a002a020a002a0f109210920030aa7f54324e310102000154525432000000b800000000000c0000f35f882001000000000001f2000000b8
CAPTURE 2 40242954736 525400123402525400123401080045000038ee3940004011e46a0a002a0f0a002a02109210920024a53a54324e31010400005452543200000000000000b8000000009d3de754
CAPTURE 2 40276140448 525400123402525400123401080045000044ee4040004011e4570a002a0f0a002a021092109200309c5f54324e310101000154525432000000b900000000000c0000dad2ae4d0100000000000271000000b9
CAPTURE 2 40318884448 52540012340152540012340208004500003800000000401112a50a002a020a002a0f109210920024ac6d54324e31010400005452543200000000000000b9000000008a46f317
CAPTURE 2 40319751648 52540012340152540012340208004500004400000000401112990a002a020a002a0f109210920030db7254324e310102000154525432000000b900000000000c000021d328b801000000000001f2000000b9
CAPTURE 2 40354593984 525400123402525400123401080045000038ee4d40004011e4560a002a0f0a002a02109210920024ac6d54324e31010400005452543200000000000000b9000000008a46f317
CAPTURE 2 40387615296 525400123402525400123401080045000044ee4f40004011e4480a002a0f0a002a0210921092003065a354324e310101000154525432000000ba00000000000c0000763649a40100000000000271000000ba
CAPTURE 2 40448671072 52540012340152540012340208004500003800000000401112a50a002a020a002a0f109210920024a62c54324e31010400005452543200000000000000ba00000000b3cbcfd2
CAPTURE 2 40449324672 52540012340152540012340208004500004400000000401112990a002a020a002a0f109210920030c97254324e310102000154525432000000ba00000000000c00008d37cf5101000000000001f2000000ba
CAPTURE 2 40656010800 525400123402525400123401080045000038ee7140004011e4320a002a0f0a002a02109210920024a62c54324e31010400005452543200000000000000ba00000000b3cbcfd2
CAPTURE 2 40688791040 525400123402525400123401080045000044ee7340004011e4240a002a0f0a002a02109210920030978454324e310101000154525432000000bb00000000000c0000a4bae93c0100000000000271000000bb
CAPTURE 2 40749422912 525400123401525400123402080045000040000000004011129d0a002a020a002a0f10921092002cf93c54324e31010500005452543200000000000000000008000001a59a9700000000000094f2
CAPTURE 2 40750239648 52540012340152540012340208004500003800000000401112a50a002a020a002a0f109210920024a98754324e31010400005452543200000000000000bb00000000a4b0db91
CAPTURE 2 40750938496 52540012340152540012340208004500004400000000401112990a002a020a002a0f109210920030567554324e310102000154525432000000bb00000000000c00005fbb6fc901000000000001f2000000bb
CAPTURE 2 40804438560 525400123402525400123401080045000038ee8840004011e41b0a002a0f0a002a02109210920024a98754324e31010400005452543200000000000000bb00000000a4b0db91
CAPTURE 2 40838816912 525400123402525400123401080045000044ee8c40004011e40b0a002a0f0a002a02109210920030b0b354324e310101000154525432000000bc00000000000c0000f48e80370100000000000271000000bc
CAPTURE 2 40879014208 52540012340152540012340208004500003800000000401112a50a002a020a002a0f109210920024b29e54324e31010400005452543200000000000000bc00000000c0d1b658
CAPTURE 2 40879583808 52540012340152540012340208004500004400000000401112990a002a020a002a0f1092109200300fa754324e310102000154525432000000bc00000000000c00000f8f06c201000000000001f2000000bc
CAPTURE 2 40915802304 525400123402525400123401080045000038ee9340004011e4100a002a0f0a002a02109210920024b29e54324e31010400005452543200000000000000bc00000000c0d1b658
CAPTURE 2 40948094224 525400123402525400123401080045000044ee9a40004011e3fd0a002a0f0a002a02109210920030dec654324e310101000154525432000000bd00000000000c0000260220af0100000000000271000000bd
CAPTURE 2 41010319648 52540012340152540012340208004500003800000000401112a50a002a020a002a0f109210920024b00154324e31010400005452543200000000000000bd00000000d7aaa21b
CAPTURE 2 41011008912 52540012340152540012340208004500004400000000401112990a002a020a002a0f109210920030a29754324e310102000154525432000000bd00000000000c0000dd03a65a01000000000001f2000000bd
CAPTURE 2 41205346912 525400123401525400123402080045000040000000004011129d0a002a020a002a0f10921092002c510554324e3101050000545254320000000000000000000800004cf9f5ae00000000000096be
CAPTURE 2 41215631136 525400123402525400123401080045000038eea240004011e4010a002a0f0a002a02109210920024b00154324e31010400005452543200000000000000bd00000000d7aaa21b
CAPTURE 2 41249346480 525400123402525400123401080045000044eea740004011e3f00a002a0f0a002a02109210920030d34854324e310101000154525432000000be00000000000c00008ae6c7460100000000000271000000be
CAPTURE 2 41320119376 52540012340152540012340208004500003800000000401112a50a002a020a002a0f1092109200249cc054324e31010400005452543200000000000000be00000000ee279ede
CAPTURE 2 41321178864 52540012340152540012340208004500004400000000401112990a002a020a002a0f109210920030725954324e310102000154525432000000be00000000000c000071e741b301000000000001f2000000be
CAPTURE 2 41363130368 525400123402525400123401080045000038eeb940004011e3ea0a002a0f0a002a021092109200249cc054324e31010400005452543200000000000000be00000000ee279ede
CAPTURE 2 41399350992 525400123402525400123401080045000044eebe40004011e3d90a002a0f0a002a02109210920030652b54324e310101000154525432000000bf00000000000c0000586a67de0100000000000271000000bf
CAPTURE 2 41459015856 52540012340152540012340208004500003800000000401112a50a002a020a002a0f109210920024a5cb54324e31010400005452543200000000000000bf00000000f95c8a9d
CAPTURE 2 41459603008 52540012340152540012340208004500004400000000401112990a002a020a002a0f109210920030a15a54324e310102000154525432000000bf00000000000c0000a36be12b01000000000001f2000000bf
CAPTURE 2 41495242976 525400123402525400123401080045000038eed640004011e3cd0a002a0f0a002a02109210920024a5cb54324e31010400005452543200000000000000bf00000000f95c8a9d
CAPTURE 2 41529281696 525400123402525400123401080045000044eed740004011e3c00a002a0f0a002a0210921092003065ab54324e310101000154525432000000c000000000000c0000299f96270100000000000271000000c0
CAPTURE 2 41589763888 52540012340152540012340208004500003800000000401112a50a002a020a002a0f109210920024cce454324e31010400005452543200000000000000c000000000d6468699
CAPTURE 2 41590726944 52540012340152540012340208004500004400000000401112990a002a020a002a0f109210920030427f54324e310102000154525432000000c000000000000c0000d29e10d201000000000001f2000000c0
CAPTURE 2 41808421552 525400123402525400123401080045000038eee040004011e3c30a002a0f0a002a02109210920024cce454324e31010400005452543200000000000000c000000000d6468699
CAPTURE 2 41840615984 525400123402525400123401080045000044eee240004011e3b50a002a0f0a002a02109210920030f39c54324e310101000154525432000000c100000000000c0000fb1336bf0100000000000271000000c1
CAPTURE 2 41918567296 525400123401525400123402080045000040000000004011129d0a002a020a002a0f10921092002c52a754324e3101050000545254320000000000000000000800000d6d30d30000000000009984
CAPTURE 2 41919148656 52540012340152540012340208004500003800000000401112a50a002a020a002a0f109210920024d5ab54324e31010400005452543200000000000000c100000000c13d92da
CAPTURE 2 41919799120 52540012340152540012340208004500004400000000401112990a002a020a002a0f109210920030759154324e310102000154525432000000c100000000000c00000012b04a01000000000001f2000000c1
CAPTURE 2 41973991744 525400123402525400123401080045000038eef140004011e3b20a002a0f0a002a02109210920024d5ab54324e31010400005452543200000000000000c100000000c13d92da
CAPTURE 2 42008434832 525400123402525400123401080045000044eef340004011e3a40a002a0f0a002a02109210920030fc1f54324e310101000154525432000000c200000000000c000057f7d1560100000000000271000000c2
CAPTURE 2 42049093376 52540012340152540012340208004500003800000000401112a50a002a020a002a0f10921092002482f254324e31010400005452543200000000000000c200000000f8b0ae1f
CAPTURE 2 42050043936 52540012340152540012340208004500004400000000401112990a002a020a002a0f109210920030215254324e310102000154525432000000c200000000000c0000acf657a301000000000001f2000000c2
CAPTURE 2 42085406112 525400123402525400123401080045000038ef0540004011e39e0a002a0f0a002a0210921092002482f254324e31010400005452543200000000000000c200000000f8b0ae1f
CAPTURE 2 42117565472 525400123402525400123401080045000044ef0640004011e3910a002a0f0a002a021092109200302e2254324e310101000154525432000000c300000000000c0000857b71ce0100000000000271000000c3
CAPTURE 2 42178903808 52540012340152540012340208004500003800000000401112a50a002a020a002a0f1092109200247f9954324e31010400005452543200000000000000c300000000efcbba5c
CAPTURE 2 42179448704 52540012340152540012340208004500004400000000401112990a002a020a002a0f109210920030b03354324e310102000154525432000000c300000000000c00007e7af73b01000000000001f2000000c3
CAPTURE 2 42376186544 525400123401525400123402080045000040000000004011129d0a002a020a002a0f10921092002c8b9954324e310105000054525432000000000000000000080000bee5449c0000000000009b50
CAPTURE 2 42386918384 525400123402525400123401080045000038ef4440004011e35f0a002a0f0a002a021092109200247f9954324e31010400005452543200000000000000c300000000efcbba5c
CAPTURE 2 42419088112 525400123402525400123401080045000044ef4740004011e3500a002a0f0a002a02109210920030375554324e310101000154525432000000c400000000000c0000d54f18c50100000000000271000000c4
CAPTURE 2 42489065888 52540012340152540012340208004500003800000000401112a50a002a020a002a0f109210920024c68054324e31010400005452543200000000000000c4000000008baad795
CAPTURE 2 42490052736 52540012340152540012340208004500004400000000401112990a002a020a002a0f109210920030596954324e310102000154525432000000c400000000000c00002e4e9e3001000000000001f2000000c4
CAPTURE 2 42525622720 525400123402525400123401080045000038ef5840004011e34b0a002a0f0a002a02109210920024c68054324e31010400005452543200000000000000c4000000008baad795
CAPTURE 2 42558527840 525400123402525400123401080045000044ef5a40004011e33d0a002a0f0a002a02109210920030654754324e310101000154525432000000c500000000000c000007c3b85d0100000000000271000000c5
CAPTURE 2 42618986384 52540012340152540012340208004500003800000000401112a50a002a020a002a0f109210920024c91754324e31010400005452543200000000000000c5000000009cd1c3d6
CAPTURE 2 42619565632 52540012340152540012340208004500004400000000401112990a002a020a002a0f109210920030ea7a54324e310102000154525432000000c500000000000c0000fcc23ea801000000000001f2000000c5
CAPTURE 2 42654667520 525400123402525400123401080045000038ef7140004011e3320a002a0f0a002a02109210920024c91754324e31010400005452543200000000000000c5000000009cd1c3d6
CAPTURE 2 42694727184 525400123402525400123401080045000044ef7540004011e3220a002a0f0a002a021092109200301a8a54324e310101000154525432000000c600000000000c0000ab275fb40100000000000271000000c6
CAPTURE 2 42748948992 52540012340152540012340208004500003800000000401112a50a002a020a002a0f109210920024854e54324e31010400005452543200000000000000c600000000a55cff13
CAPTURE 2 42749735024 52540012340152540012340208004500004400000000401112990a002a020a002a0f109210920030fc7b54324e310102000154525432000000c600000000000c00005026d94101000000000001f2000000c6
CAPTURE 2 42946269888 525400123401525400123402080045000040000000004011129d0a002a020a002a0f10921092002c255754324e3101050000545254320000000000000000000800008eb9d8d00000000000009d8a
CAPTURE 2 42956543936 525400123402525400123401080045000038ef9140004011e3120a002a0f0a002a02109210920024854e54324e31010400005452543200000000000000c600000000a55cff13
CAPTURE 2 42991787840 525400123402525400123401080045000044ef9240004011e3050a002a0f0a002a02109210920030ac8b54324e310101000154525432000000c700000000000c000079abff2c0100000000000271000000c7
CAPTURE 2 43058651200 52540012340152540012340208004500003800000000401112a50a002a020a002a0f1092109200248c4554324e31010400005452543200000000000000c700000000b227eb50
CAPTURE 2 43059181920 52540012340152540012340208004500004400000000401112990a002a020a002a0f109210920030295e54324e310102000154525432000000c700000000000c000082aa79d901000000000001f2000000c7
CAPTURE 2 43095637600 525400123402525400123401080045000038efa740004011e2fc0a002a0f0a002a021092109200248c4554324e31010400005452543200000000000000c700000000b227eb50
CAPTURE 2 43135357344 525400123402525400123401080045000044efab40004011e2ec0a002a0f0a002a021092109200308c7054324e310101000154525432000000c800000000000c00000b4f8da20100000000000271000000c8
CAPTURE 2 43188739408 52540012340152540012340208004500003800000000401112a50a002a020a002a0f109210920024979d54324e31010400005452543200000000000000c8000000006d9e2481
CAPTURE 2 43189287104 52540012340152540012340208004500004400000000401112990a002a020a002a0f1092109200302a3a54324e310102000154525432000000c800000000000c0000f04e0b5701000000000001f2000000c8
CAPTURE 2 43224707024 525400123402525400123401080045000038efb840004011e2eb0a002a0f0a002a02109210920024979d54324e31010400005452543200000000000000c8000000006d9e2481
CAPTURE 2 43263619008 525400123402525400123401080045000044efb940004011e2de0a002a0f0a002a021092109200301e6254324e310101000154525432000000c900000000000c0000d9c32d3a0100000000000271000000c9
CAPTURE 2 43319603984 52540012340152540012340208004500003800000000401112a50a002a020a002a0f1092109200247e1454324e31010400005452543200000000000000c9000000007ae530c2
CAPTURE 2 43320314192 52540012340152540012340208004500004400000000401112990a002a020a002a0f109210920030574c54324e310102000154525432000000c900000000000c000022c2abcf01000000000001f2000000c9
CAPTURE 2 43516677456 525400123401525400123402080045000040000000004011129d0a002a020a002a0f10921092002c85f654324e3101050000545254320000000000000000000800002debd6c50000000000009fc4
CAPTURE 2 43527590480 525400123402525400123401080045000038efd840004011e2cb0a002a0f0a002a021092109200247e1454324e31010400005452543200000000000000c9000000007ae530c2
CAPTURE 2 43565580448 525400123402525400123401080045000044efdd40004011e2ba0a002a0f0a002a02109210920030e56254324e310101000154525432000000ca00000000000c00007527cad30100000000000271000000ca
CAPTURE 2 43629478256 52540012340152540012340208004500003800000000401112a50a002a020a002a0f109210920024da4b54324e31010400005452543200000000000000ca0000000043680c07
CAPTURE 2 43630305552 52540012340152540012340208004500004400000000401112990a002a020a002a0f1092109200304b8f54324e310102000154525432000000ca00000000000c00008e264c2601000000000001f2000000ca
CAPTURE 2 43668344992 525400123402525400123401080045000038eff140004011e2b20a002a0f0a002a02109210920024da4b54324e31010400005452543200000000000000ca0000000043680c07
CAPTURE 2 43706589360 525400123402525400123401080045000044eff240004011e2a50a002a0f0a002a02109210920030136554324e310101000154525432000000cb00000000000c0000a7ab6a4b0100000000000271000000cb
CAPTURE 2 43758822832 52540012340152540012340208004500003800000000401112a50a002a020a002a0f109210920024bd6254324e31010400005452543200000000000000cb0000000054131844
CAPTURE 2 43759360832 52540012340152540012340208004500004400000000401112990a002a020a002a0f109210920030dc7054324e310102000154525432000000cb00000000000c00005caaecbe01000000000001f2000000cb
CAPTURE 2 43794852368 525400123402525400123401080045000038f00340004011e2a00a002a0f0a002a02109210920024bd6254324e31010400005452543200000000000000cb0000000054131844
CAPTURE 2 43826927872 525400123402525400123401080045000044f00b40004011e28c0a002a0f0a002a021092109200302a7a54324e310101000154525432000000cc00000000000c0000f79f03400100000000000271000000cc
CAPTURE 2 43889600016 52540012340152540012340208004500003800000000401112a50a002a020a002a0f10921092002483b954324e31010400005452543200000000000000cc000000003072758d
CAPTURE 2 43890616784 52540012340152540012340208004500004400000000401112990a002a020a002a0f109210920030938454324e310102000154525432000000cc00000000000c00000c9e85b501000000000001f2000000cc
CAPTURE 2 43929954848 525400123402525400123401080045000038f01840004011e28b0a002a0f0a002a0210921092002483b954324e31010400005452543200000000000000cc000000003072758d
CAPTURE 2 43961859856 525400123402525400123401080045000044f01a40004011e27d0a002a0f0a002a021092109200305c6c54324e310101000154525432000000cd00000000000c00002513a3d80100000000000271000000cd
CAPTURE 2 44019329712 52540012340152540012340208004500003800000000401112a50a002a020a002a0f109210920024a0e054324e31010400005452543200000000000000cd00000000270961ce
CAPTURE 2 44020539008 52540012340152540012340208004500004400000000401112990a002a020a002a0f109210920030229654324e310102000154525432000000cd00000000000c0000de12252d01000000000001f2000000cd
CAPTURE 2 44058445568 525400123402525400123401080045000038f02740004011e27c0a002a0f0a002a02109210920024a0e054324e31010400005452543200000000000000cd00000000270961ce
CAPDUMP_END
virtnet: streamed 881 vm1 and 881 vm2 frames to the console
axvisor:/$ 