rt_experiment scenario=stress-noiso mode=duration start_ns=1786868364709460078 expected_runtime_sec=90
[host_monotonic_s=179412.647909] rt_burner=1:10:53:60000
[host_monotonic_s=179412.648251] VM Load @PA:0x40200000
[host_monotonic_s=179412.648403] VM Load Offset: 0xffff0000c0200000
[host_monotonic_s=179412.649734] Memory Map:
[host_monotonic_s=179412.650913]   Free   0x00000040000000 - 0x00000040200000 (2 MiB)
[host_monotonic_s=179412.650946]   KImg   0x00000040200000 - 0x00000044c00000 (74 MiB)
[host_monotonic_s=179412.652184]   Free   0x00000044c00000 - 0x00000240000000 (7.93 GiB)
[host_monotonic_s=179412.652186] Initialize RAM allocator: 0x44c00000..0x240000000
[host_monotonic_s=179412.680592] Reserving CPU-local areas
[host_monotonic_s=179412.682796] CPU-local area stride: 0x44000 bytes
[host_monotonic_s=179412.682882] Total CPU-local allocation: 0x110000 bytes (4 CPUs)
[host_monotonic_s=179412.683109] Flushed RAM used range to memory map: 0x44c00000..0x44d00000, current: 0x44d00000
[host_monotonic_s=179412.683239] Flushed RAM used range to memory map: 0x44d00000..0x44e10000, current: 0x44e10000
[host_monotonic_s=179412.684638] CPU-local areas allocated at 0x44d00000 - 0x44e10000
[host_monotonic_s=179412.684640] EL: 2
[host_monotonic_s=179412.684690] Mapping early memory regions...
[host_monotonic_s=179412.685469] Ram                 : [0x0000000040000000, 0x0000000240000000) -> [0x0000000040000000, 0x0000000240000000) (8 GiB)
[host_monotonic_s=179412.685985] KImage              : [0x0000ffff80000000, 0x0000ffff84a00000) -> [0x0000000040200000, 0x0000000044c00000) (74 MiB)
[host_monotonic_s=179412.686286] PerCpu              : [0x0000ff0044d00000, 0x0000ff0044e10000) -> [0x0000000044d00000, 0x0000000044e10000) (1.06 MiB)
[host_monotonic_s=179412.686527] Debug serial        : [0x0000000009000000, 0x0000000009001000) -> [0x0000000009000000, 0x0000000009001000) (4 KiB)
[host_monotonic_s=179412.686652] Boot page table at physical address: PA:0x44e10000
[host_monotonic_s=179412.686709] Setting up table registers...
[host_monotonic_s=179412.686967] MMU Entry point at physical address: 0x403b77f0
[host_monotonic_s=179412.692339] Trap vector at 0xffff801bd800
[host_monotonic_s=179412.692731] Memory Map:
[host_monotonic_s=179412.694071]   MMIO   0x00000009000000 - 0x00000009001000 (4 KiB)
[host_monotonic_s=179412.694158]   Free   0x00000040000000 - 0x00000040200000 (2 MiB)
[host_monotonic_s=179412.694251]   KImg   0x00000040200000 - 0x00000044c00000 (74 MiB)
[host_monotonic_s=179412.694326]   Rsv    0x00000044c00000 - 0x00000044d00000 (1 MiB)
[host_monotonic_s=179412.695485]   PerCPU 0x00000044d00000 - 0x00000044e10000 (1.06 MiB)
[host_monotonic_s=179412.695559]   Rsv    0x00000044e10000 - 0x00000044e1a000 (40 KiB)
[host_monotonic_s=179412.695964]   Free   0x00000044e1a000 - 0x00000240000000 (7.92 GiB)
[host_monotonic_s=179412.700487] Jumping to main entry point at 0xffff801a2e7c with SP 0x0000ff0044d44000
[host_monotonic_s=179412.702209] 
[host_monotonic_s=179412.702285]        d8888                            .d88888b.   .d8888b.
[host_monotonic_s=179412.702355]       d88888                           d88P" "Y88b d88P  Y88b
[host_monotonic_s=179412.702421]      d88P888                           888     888 Y88b.
[host_monotonic_s=179412.702490]     d88P 888 888d888  .d8888b  .d88b.  888     888  "Y888b.
[host_monotonic_s=179412.702565]    d88P  888 888P"   d88P"    d8P  Y8b 888     888     "Y88b.
[host_monotonic_s=179412.702635]   d88P   888 888     888      88888888 888     888       "888
[host_monotonic_s=179412.702712]  d8888888888 888     Y88b.    Y8b.     Y88b. .d88P Y88b  d88P
[host_monotonic_s=179412.702782] d88P     888 888      "Y8888P  "Y8888   "Y88888P"   "Y8888P"
[host_monotonic_s=179412.702798] 
[host_monotonic_s=179412.703173] arch = aarch64
[host_monotonic_s=179412.703201] platform = linux,dummy-virt
[host_monotonic_s=179412.703244] target = aarch64-unknown-none-softfloat
[host_monotonic_s=179412.703260] build_mode = 
[host_monotonic_s=179412.703286] log_level = info
[host_monotonic_s=179412.703318] backtrace = false
[host_monotonic_s=179412.703371] smp = 4
[host_monotonic_s=179412.703372] 
[host_monotonic_s=179412.703991] [37m[  0.061391 ax_runtime:222] [32mLogging is enabled.[m
[host_monotonic_s=179412.704143] [m[37m[  0.061861 ax_runtime:223] [32mPrimary CPU 0 started, arg = 0x44c00000.[m
[host_monotonic_s=179412.704255] [m[37m[  0.061990 ax_runtime:225] [32mFound physcial memory regions:[m
[host_monotonic_s=179412.705681] [m[37m[  0.063227 ax_runtime:227] [32m  [PA:0x9000000, PA:0x9001000) mmio (READ | WRITE | DEVICE | RESERVED)[m
[host_monotonic_s=179412.705855] [m[37m[  0.063514 ax_runtime:227] [32m  [PA:0x40000000, PA:0x40200000) free memory (READ | WRITE | FREE)[m
[host_monotonic_s=179412.706015] [m[37m[  0.063685 ax_runtime:227] [32m  [PA:0x40200000, PA:0x44c00000) reserved (READ | WRITE | EXECUTE | RESERVED)[m
[host_monotonic_s=179412.706160] [m[37m[  0.063840 ax_runtime:227] [32m  [PA:0x44c00000, PA:0x44d00000) reserved (READ | WRITE | EXECUTE | RESERVED)[m
[host_monotonic_s=179412.706306] [m[37m[  0.063988 ax_runtime:227] [32m  [PA:0x44d00000, PA:0x44e10000) reserved (READ | WRITE | EXECUTE | RESERVED)[m
[host_monotonic_s=179412.706451] [m[37m[  0.064134 ax_runtime:227] [32m  [PA:0x44e10000, PA:0x44e1a000) reserved (READ | WRITE | EXECUTE | RESERVED)[m
[host_monotonic_s=179412.706589] [m[37m[  0.064281 ax_runtime:227] [32m  [PA:0x44e1a000, PA:0x240000000) free memory (READ | WRITE | FREE)[m
[host_monotonic_s=179412.706712] [m[37m[  0.064439 ax_runtime:375] [32mInitialize global memory allocator...[m
[host_monotonic_s=179412.706838] [m[37m[  0.064563 ax_runtime:376] [32m  use buddy-slab-allocator allocator.[m
[host_monotonic_s=179412.707130] [m[37m[  0.064793 ax_alloc::buddy_slab:158] [32mInitialize global memory allocator, start_vaddr: 0x44e1a000, size: 0x1fb1e6000[m
[host_monotonic_s=179412.716109] [m[37m[  0.073777 ax_alloc::buddy_slab:424] [32mglobal allocator initialized[m
[host_monotonic_s=179412.716330] [m[37m[  0.074011 ax_alloc::buddy_slab:168] [32mAdd memory region, start_vaddr: 0x40000000, size: 0x200000[m
[host_monotonic_s=179412.716642] [m[37m[  0.074219 buddy_slab_allocator::global:151] [32mGlobalAllocator: skip region 0x40000000+0x200000, no allocator-visible memory after 2097152 alignment[m
[host_monotonic_s=179412.716915] [m[37m[  0.074612 ax_runtime:262] [32mkernel aspace: [VA:0x0, VA:0xffffffffffffffff)[m
[host_monotonic_s=179412.717120] [m[37m[  0.074842 ax_mm:107] [32mInitialize virtual memory management...[m
[host_monotonic_s=179413.518399] [m[37m[  0.670418 ax_runtime:274] [32mInitialize platform devices...[m
[host_monotonic_s=179413.518416] [m[37m[  0.677279 someboot::arch::power:23] [32mPower management method : SMC[m
[host_monotonic_s=179413.518420] [m[37m[  0.677504 somehal::driver:5] [32mInitializing rdrive with FDT at 0x44c00000[m
[host_monotonic_s=179413.518530] [m[37m[  0.690906 somehal::arch::gic::v3:274] [32mGICv3 CPU 0 EOI mode: two_step=true[m
[host_monotonic_s=179413.530341] [m[37m[  0.888015 ax_task::api:137] [32mInitialize scheduling...[m
[host_monotonic_s=179413.531651] [m[37m[  0.889335 ax_task::api:145] [32m  use FIFO scheduler.[m
[host_monotonic_s=179413.531949] [m[37m[  0.889661 ax_runtime:300] [32mInitialize interrupt handlers...[m
[host_monotonic_s=179413.534197] [m[37m[  0.891872 ax_runtime::devices:2] [32mProbe platform devices...[m
[host_monotonic_s=179413.548633] [m[37m[  0.906330 somehal::arch::gic::v3:274] [32mGICv3 CPU 1 EOI mode: two_step=true[m
[host_monotonic_s=179413.548956] [m[37m[  0.906696 ax_runtime::mp:79] [32mSecondary CPU 1 started.[m
[host_monotonic_s=179413.549641] [m[37m[  0.907313 ax_runtime::mp:110] [32mSecondary CPU 1 init OK.[m
[host_monotonic_s=179413.559940] [m[37m[  0.917624 somehal::arch::gic::v3:274] [32mGICv3 CPU 2 EOI mode: two_step=true[m
[host_monotonic_s=179413.560110] [m[37m[  0.917786 ax_runtime::mp:79] [32mSecondary CPU 2 started.[m
[host_monotonic_s=179413.560303] [m[37m[  0.918014 ax_runtime::mp:110] [32mSecondary CPU 2 init OK.[m
[host_monotonic_s=179413.571834] [m[37m[  0.929453 somehal::arch::gic::v3:274] [32mGICv3 CPU 3 EOI mode: two_step=true[m
[host_monotonic_s=179413.572015] [m[37m[  0.929685 ax_runtime::mp:79] [32mSecondary CPU 3 started.[m
[host_monotonic_s=179413.572136] [m[37m[  0.929748 ax_runtime:348] [32mPrimary CPU 0 init OK.[m
[host_monotonic_s=179413.572547] [m[37m[  0.930199 ax_runtime::mp:110] [32mSecondary CPU 3 init OK.[m
[host_monotonic_s=179413.574614] [m
[host_monotonic_s=179413.574845] 
[host_monotonic_s=179413.574848]        d8888            888     888  d8b
[host_monotonic_s=179413.574870]       d88888            888     888  Y8P
[host_monotonic_s=179413.574901]      d88P888            888     888
[host_monotonic_s=179413.574984]     d88P 888  888  888  Y88b   d88P  888  .d8888b    .d88b.   888d888
[host_monotonic_s=179413.575068]    d88P  888  `Y8bd8P'   Y88b d88P   888  88K       d88""88b  888P"
[host_monotonic_s=179413.575151]   d88P   888    X88K      Y88o88P    888  "Y8888b.  888  888  888
[host_monotonic_s=179413.575223]  d8888888888  .d8""8b.     Y888P     888       X88  Y88..88P  888
[host_monotonic_s=179413.575302] d88P     888  888  888      Y8P      888   88888P'   "Y88P"   888
[host_monotonic_s=179413.575430] 
[host_monotonic_s=179413.575432] 
[host_monotonic_s=179413.575433] by AxVisor Team
[host_monotonic_s=179413.575434] 
[host_monotonic_s=179413.575591] [37m[  0.933284 0:2 axvisor:75] [32mStarting virtualization...[m
[host_monotonic_s=179413.575817] [m[37m[  0.933502 0:2 axvm::host::arceos:352] [32mEnabling hardware virtualization support on all cores...[m
[host_monotonic_s=179413.576012] [m[37m[  0.933701 0:2 axvm::host::arceos:358] [32mCore 0 is initializing hardware virtualization support...[m
[host_monotonic_s=179413.576209] [m[37m[  0.933929 0:2 axvm::timer:318] [32mInitializing AxVM timer wheel...[m
[host_monotonic_s=179413.581925] [m[37m[  0.939591 0:2 axvm::host::arceos:360] [32mHardware virtualization support enabled on core 0[m
[host_monotonic_s=179413.582897] [m[37m[  0.940534 0:2 axvm::host::arceos:386] [32mWaiting for all cores to enable hardware virtualization...[m
[host_monotonic_s=179413.583411] [m[37m[  0.940885 3:13 axvm::host::arceos:370] [32mCore 3 is initializing hardware virtualization support...[m
[host_monotonic_s=179413.583593] [m[37m[  0.940907 2:12 axvm::host::arceos:370] [32mCore 2 is initializing hardware virtualization support...[m
[host_monotonic_s=179413.583800] [m[37m[  0.940932 1:11 axvm::host::arceos:370] [32mCore 1 is initializing hardware virtualization support...[m
[host_monotonic_s=179413.583990] [m[37m[  0.941241 3:13 axvm::timer:318] [32mInitializing AxVM timer wheel...[m
[host_monotonic_s=179413.584103] [m[37m[  0.941416 2:12 axvm::timer:318] [32mInitializing AxVM timer wheel...[m
[host_monotonic_s=179413.584250] [m[37m[  0.941623 1:11 axvm::timer:318] [32mInitializing AxVM timer wheel...[m
[host_monotonic_s=179413.584907] [m[37m[  0.942466 3:13 axvm::host::arceos:373] [32mHardware virtualization support enabled on core 3[m
[host_monotonic_s=179413.585067] [m[37m[  0.942493 2:12 axvm::host::arceos:373] [32mHardware virtualization support enabled on core 2[m
[host_monotonic_s=179413.585195] [m[37m[  0.942568 1:11 axvm::host::arceos:373] [32mHardware virtualization support enabled on core 1[m
[host_monotonic_s=179413.585453] [m[37m[  0.943122 0:2 axvm::host::arceos:402] [32mAll cores have enabled hardware virtualization support.[m
[host_monotonic_s=179413.585650] [m[37m[  0.943375 0:2 axvisor::config:90] [32mUsing static VM configs.[m
[host_monotonic_s=179413.604510] [m[37m[  0.960666 0:2 axvm::arch::aarch64::fdt::core:78] [32mVM[1] virtual GIC follows host firmware resources: GuestGicProfile { compatible: "arm,gic-v3", node_path: "/intc@8000000", node_phandle: Some(32773), distributor: GuestMmioRegion { base: 134217728, length: 65536 }, cpu_region: Redistributors(GuestGicRedistributorProfile { regions: [GuestMmioRegion { base: 134873088, length: 16121856 }], stride: 131072 }), its: [GuestItsProfile { id: ItsId(0), node_path: "/intc@8000000/its@8080000", node_phandle: Some(32774), registers: GuestMmioRegion { base: 134742016, length: 131072 } }] }[m
[host_monotonic_s=179413.606120] [m[37m[  0.963780 0:2 axvm::arch::aarch64::fdt::core:92] [32mVM[1] architectural timer follows host firmware PPIs[m
[host_monotonic_s=179413.610683] [m[37m[  0.968326 0:2 axvm::arch::aarch64::fdt::core::parser:462] [32mCPU node: /cpus/cpu@0, node_id: 0x0, hardware_cpu_id: 0x0[m
[host_monotonic_s=179413.610909] [m[37m[  0.968571 0:2 axvm::arch::aarch64::fdt::core::parser:462] [32mCPU node: /cpus/cpu@1, node_id: 0x1, hardware_cpu_id: 0x1[m
[host_monotonic_s=179413.611122] [m[37m[  0.968784 0:2 axvm::arch::aarch64::fdt::core::parser:462] [32mCPU node: /cpus/cpu@2, node_id: 0x2, hardware_cpu_id: 0x2[m
[host_monotonic_s=179413.611308] [m[37m[  0.968971 0:2 axvm::arch::aarch64::fdt::core::parser:462] [32mCPU node: /cpus/cpu@3, node_id: 0x3, hardware_cpu_id: 0x3[m
[host_monotonic_s=179413.611523] [m[37m[  0.969228 0:2 axvm::arch::aarch64::fdt::core::parser:469] [32mFound 4 host CPU nodes[m
[host_monotonic_s=179413.612103] [m[37m[  0.969750 0:2 axvm::arch::aarch64::fdt::core:143] [32mVM[1] DTB not found, generating from the VM configuration[m
[host_monotonic_s=179413.624494] [m[37m[  0.982054 0:2 axvm::arch::aarch64::fdt::core::device:96] [32mFound excluded devices: ["/intc@8000000", "/pl011@9000000", "/timer", "/intc@8000000/its@8080000"][m
[host_monotonic_s=179413.632864] [m[37m[  0.990467 0:2 axvm::arch::aarch64::fdt::core::device:96] [32mFound excluded devices: ["/intc@8000000", "/pl011@9000000", "/timer", "/intc@8000000/its@8080000"][m
[host_monotonic_s=179413.634094] [m[37m[  0.991743 0:2 axvisor::config:137] [32mCreating VM[1] "rt-partition-linux"[m
[host_monotonic_s=179413.653534] [m[37m[  1.011208 0:2 axvm::vm:1064] [32mVM created: id=1[m
[host_monotonic_s=179414.718042] [m[37m[  2.075649 0:2 axvisor::config:149] [32mVM[1] created success, loading images...[m
[host_monotonic_s=179415.018461] [m[37m[  2.182706 0:2 axvm::boot::images:137] [32mLoading ramdisk image from memory (19620641 bytes) into GPA @0x84000000[m
[host_monotonic_s=179415.018474] [m[37m[  2.238245 0:2 axdevice::device:1229] [32mDeviceRuntime: registered device id=0[m
[host_monotonic_s=179415.018582] [m[37m[  2.238649 0:2 axdevice::device:1229] [32mDeviceRuntime: registered device id=1[m
[host_monotonic_s=179415.019547] [m[37m[  2.376980 0:2 axdevice::device:1229] [32mDeviceRuntime: registered device id=2[m
[host_monotonic_s=179415.024680] [m[37m[  2.382357 0:2 axdevice::device:1229] [32mDeviceRuntime: registered device id=3[m
[host_monotonic_s=179415.027282] [m[37m[  2.384998 0:2 axdevice::device:1229] [32mDeviceRuntime: registered device id=4[m
[host_monotonic_s=179415.030859] [m[37m[  2.388533 0:2 axvm::vm::prepare:82] [32mVM setup: id=1[m
[host_monotonic_s=179415.034043] [m[37m[  2.391183 0:2 axvm::arch::aarch64::fdt::core:78] [32mVM[2] virtual GIC follows host firmware resources: GuestGicProfile { compatible: "arm,gic-v3", node_path: "/intc@8000000", node_phandle: Some(32773), distributor: GuestMmioRegion { base: 134217728, length: 65536 }, cpu_region: Redistributors(GuestGicRedistributorProfile { regions: [GuestMmioRegion { base: 134873088, length: 16121856 }], stride: 131072 }), its: [GuestItsProfile { id: ItsId(0), node_path: "/intc@8000000/its@8080000", node_phandle: Some(32774), registers: GuestMmioRegion { base: 134742016, length: 131072 } }] }[m
[host_monotonic_s=179415.034316] [m[37m[  2.392002 0:2 axvm::arch::aarch64::fdt::core:92] [32mVM[2] architectural timer follows host firmware PPIs[m
[host_monotonic_s=179415.037635] [m[37m[  2.395297 0:2 axvm::arch::aarch64::fdt::core::parser:462] [32mCPU node: /cpus/cpu@0, node_id: 0x0, hardware_cpu_id: 0x0[m
[host_monotonic_s=179415.037779] [m[37m[  2.395464 0:2 axvm::arch::aarch64::fdt::core::parser:462] [32mCPU node: /cpus/cpu@1, node_id: 0x1, hardware_cpu_id: 0x1[m
[host_monotonic_s=179415.037931] [m[37m[  2.395621 0:2 axvm::arch::aarch64::fdt::core::parser:462] [32mCPU node: /cpus/cpu@2, node_id: 0x2, hardware_cpu_id: 0x2[m
[host_monotonic_s=179415.038104] [m[37m[  2.395775 0:2 axvm::arch::aarch64::fdt::core::parser:462] [32mCPU node: /cpus/cpu@3, node_id: 0x3, hardware_cpu_id: 0x3[m
[host_monotonic_s=179415.038266] [m[37m[  2.395973 0:2 axvm::arch::aarch64::fdt::core::parser:469] [32mFound 4 host CPU nodes[m
[host_monotonic_s=179415.038406] [m[37m[  2.396097 0:2 axvm::arch::aarch64::fdt::core:143] [32mVM[2] DTB not found, generating from the VM configuration[m
[host_monotonic_s=179415.045421] [m[37m[  2.403058 0:2 axvm::arch::aarch64::fdt::core::device:96] [32mFound excluded devices: ["/intc@8000000", "/pl011@9000000", "/timer", "/intc@8000000/its@8080000"][m
[host_monotonic_s=179415.050257] [m[37m[  2.407861 0:2 axvm::arch::aarch64::fdt::core::device:96] [32mFound excluded devices: ["/intc@8000000", "/pl011@9000000", "/timer", "/intc@8000000/its@8080000"][m
[host_monotonic_s=179415.050866] [m[37m[  2.408591 0:2 axvisor::config:137] [32mCreating VM[2] "upstream-dev-zephyr"[m
[host_monotonic_s=179415.052054] [m[37m[  2.409790 0:2 axvm::vm:1064] [32mVM created: id=2[m
[host_monotonic_s=179415.853179] [m[37m[  2.949620 0:2 axvisor::config:149] [32mVM[2] created success, loading images...[m
[host_monotonic_s=179415.853191] [m[37m[  2.954170 0:2 axdevice::device:1229] [32mDeviceRuntime: registered device id=0[m
[host_monotonic_s=179415.853194] [m[37m[  2.954305 0:2 axdevice::device:1229] [32mDeviceRuntime: registered device id=1[m
[host_monotonic_s=179415.853854] [m[37m[  3.210890 0:2 axdevice::device:1229] [32mDeviceRuntime: registered device id=2[m
[host_monotonic_s=179415.854520] [m[37m[  3.212016 0:2 axdevice::device:1229] [32mDeviceRuntime: registered device id=3[m
[host_monotonic_s=179415.855124] [m[37m[  3.212663 0:2 axvm::vm::prepare:82] [32mVM setup: id=2[m
[host_monotonic_s=179415.856037] [m[37m[  3.213597 0:2 axvm::runtime:42] [32mInitializing VMM...[m
[host_monotonic_s=179415.861500] [m[37m[  3.219181 0:2 axvm::runtime:53] [32mVMM starting, booting VMs...[m
[host_monotonic_s=179415.861705] [m[37m[  3.219442 0:2 axvm::vm:1279] [32mStarting VM[1][m
[host_monotonic_s=179415.861936] [m[37m[  3.219653 0:2 axvm::runtime::vcpus:369] [32mSpawning task for VM[1] VCpu[0][m
[host_monotonic_s=179415.862482] [m[37m[  3.220100 0:2 axvm::runtime::vcpus:386] [32mVCpu task Task(18, "VM[1]-VCpu[0]") created cpumask: [2, ][m
[host_monotonic_s=179415.866057] [m[37m[  3.223718 0:2 axvm::runtime:61] [32mVM[1] boot success[m
[host_monotonic_s=179415.866117] [m[37m[  3.223797 2:18 axvm::runtime::vcpus:440] [32mVM[1] VCpu[0] waiting for running[m
[host_monotonic_s=179415.866190] [m[37m[  3.223840 0:2 axvm::vm:1279] [32mStarting VM[2][m
[host_monotonic_s=179415.866300] [m[37m[  3.224023 0:2 axvm::runtime::vcpus:369] [32mSpawning task for VM[2] VCpu[0][m
[host_monotonic_s=179415.866534] [m[37m[  3.224237 2:18 axvm::runtime::vcpus:478] [32mVM[1] VCpu[0] running...[m
[host_monotonic_s=179415.866643] [m[37m[  3.224247 0:2 axvm::runtime::vcpus:386] [32mVCpu task Task(20, "VM[2]-VCpu[0]") created cpumask: [1, ][m
[host_monotonic_s=179415.866965] [m[37m[  3.224682 0:2 axvm::runtime:61] [32mVM[2] boot success[m
[host_monotonic_s=179415.867166] [m[37m[  3.224756 1:20 axvm::runtime::vcpus:440] [32mVM[2] VCpu[0] waiting for running[m
[host_monotonic_s=179415.867368] [m[37m[  3.225010 1:20 axvm::runtime::vcpus:478] [32mVM[2] VCpu[0] running...[m
[host_monotonic_s=179415.868182] [m[37m[  3.225842 0:2 axvisor:92] [32m[OK] Default guest initialized[m
[host_monotonic_s=179415.873108] [m[37m[  3.230628 1:17 axvisor::rt_burner:41] [32mRT_BURNER_ARMED cpu=1 start_delay_ms=60000[m
[host_monotonic_s=179415.907621] [m[37m[  3.265271 2:18 axvm::runtime::hvc:258] [32mVM[1] PSCI_FEATURES function_id=0x80000000[m
[host_monotonic_s=179415.908373] [m[37m[  3.266040 2:18 axvm::runtime::hvc:258] [32mVM[1] PSCI_FEATURES function_id=0xc4000001[m
[host_monotonic_s=179415.908682] [m[37m[  3.266374 2:18 axvm::runtime::hvc:258] [32mVM[1] PSCI_FEATURES function_id=0xc400000e[m
[host_monotonic_s=179415.908961] [m[37m[  3.266646 2:18 axvm::runtime::hvc:258] [32mVM[1] PSCI_FEATURES function_id=0xc4000012[m
[host_monotonic_s=179415.909227] [m[37m[  3.266914 2:18 axvm::runtime::hvc:258] [32mVM[1] PSCI_FEATURES function_id=0xc4000015[m
[host_monotonic_s=179415.950129] [m[VM 2] *** Booting Zephyr OS build v3.7.0 ***
[host_monotonic_s=179415.969999] [VM 2] PERIODIC LATENCY READY
[host_monotonic_s=179416.178298] [37m[  3.535883 2:18 axvm::runtime::hvc:272] [32mVM[1] PSCI_CPU_ON target=0x3 entry=0x8228158c context=0x0[m
[host_monotonic_s=179416.179360] [m[37m[  3.537024 2:18 axvm::runtime::vcpus:369] [32mSpawning task for VM[1] VCpu[1][m
[host_monotonic_s=179416.179609] [m[37m[  3.537190 2:18 axvm::runtime::vcpus:386] [32mVCpu task Task(24, "VM[1]-VCpu[1]") created cpumask: [3, ][m
[host_monotonic_s=179416.180176] [m[37m[  3.537720 3:24 axvm::runtime::vcpus:440] [32mVM[1] VCpu[1] waiting for running[m
[host_monotonic_s=179416.181161] [m[37m[  3.538273 3:24 axvm::runtime::vcpus:478] [32mVM[1] VCpu[1] running...[m
[host_monotonic_s=179416.556214] [m[VM 1] [    0.000000] Booting Linux on physical CPU 0x0000000002 [0x410fd083]
[host_monotonic_s=179416.856940] [VM 1] [    0.000000] Linux version 7.1.0-rc2-g74fe02ce122a (runner@s1lqc) (aarch64-linux-gnu-gcc (Ubuntu 13.3.0-6ubuntu2~24.04) 13.3.0, GNU ld (GNU Binutils for Ubuntu) 2.42) #2 SMP PREEMPT Mon Jun  8 08:07:46 UTC 2026
[host_monotonic_s=179416.856959] [VM 1] [    0.000000] KASLR disabled due to lack of seed
[host_monotonic_s=179416.891941] [VM 1] [    0.000000] Machine model: linux,dummy-virt
[host_monotonic_s=179416.912106] [VM 1] [    0.000000] efi: UEFI not found.
[host_monotonic_s=179416.972822] [VM 1] [    0.000000] OF: reserved mem: Reserved memory: No reserved-memory node in the DT
[host_monotonic_s=179417.050677] [VM 1] [    0.000000] NUMA: Faking a node at [mem 0x0000000080000000-0x00000000bfffffff]
[host_monotonic_s=179417.102042] [VM 1] [    0.000000] NODE_DATA(0) allocated [mem 0xbfe07e40-0xbfe0a53f]
[host_monotonic_s=179417.447572] [VM 1] [    0.000000] cma: Reserved 32 MiB at 0x00000000bde00000
[host_monotonic_s=179417.447583] [VM 1] [    0.000000] psci: probing for conduit method from DT.
[host_monotonic_s=179417.447587] [VM 1] [    0.000000] psci: PSCIv1.1 detected in firmware.
[host_monotonic_s=179417.447589] [VM 1] [    0.000000] psci: Using standard PSCI v0.2 function IDs
[host_monotonic_s=179417.448371] [VM 1] [    0.000000] psci: Trusted OS migration not required
[host_monotonic_s=179417.477829] [VM 1] [    0.000000] psci: SMC Calling Convention v65535.65535
[host_monotonic_s=179417.540918] [VM 1] [    0.000000] Zone ranges:
[host_monotonic_s=179417.573031] [VM 1] [    0.000000]   DMA      [mem 0x0000000080000000-0x00000000bfffffff]
[host_monotonic_s=179417.588082] [VM 1] [    0.000000]   DMA32    empty
[host_monotonic_s=179417.624025] [VM 1] [    0.000000]   Normal   empty
[host_monotonic_s=179417.655639] [VM 1] [    0.000000] Movable zone start for each node
[host_monotonic_s=179417.681390] [VM 1] [    0.000000] Early memory node ranges
[host_monotonic_s=179417.726648] [VM 1] [    0.000000]   node   0: [mem 0x0000000080000000-0x00000000bfffffff]
[host_monotonic_s=179418.027313] [VM 1] [    0.000000] Initmem setup node 0 [mem 0x0000000080000000-0x00000000bfffffff]
[host_monotonic_s=179418.027329] [VM 1] [    0.000000] percpu: Embedded 26 pages/cpu s66584 r8192 d31720 u106496
[host_monotonic_s=179418.027332] [VM 1] [    0.000000] Detected PIPT I-cache on CPU0
[host_monotonic_s=179418.027335] [VM 1] [    0.000000] CPU features: detected: GICv3 CPU interface
[host_monotonic_s=179418.061472] [VM 1] [    0.000000] CPU features: detected: Spectre-v2
[host_monotonic_s=179418.087632] [VM 1] [    0.000000] CPU features: detected: Spectre-v3a
[host_monotonic_s=179418.111448] [VM 1] [    0.000000] CPU features: detected: Spectre-v4
[host_monotonic_s=179418.161069] [VM 1] [    0.000000] CPU features: detected: Spectre-BHB
[host_monotonic_s=179418.235331] [VM 1] [    0.000000] CPU features: detected: ARM erratum 1742098
[host_monotonic_s=179418.290999] [VM 1] [    0.000000] CPU features: detected: ARM errata 1165522, 1319367, or 1530923
[host_monotonic_s=179418.591652] [VM 1] [    0.000000] alternatives: applying boot alternatives
[host_monotonic_s=179418.592143] [VM 1] [    0.000000] Kernel command line: console=ttyAMA0 devtmpfs.mount=1 loglevel=7 isolcpus=1 nohz_full=1 irqaffinity=0 rt_scenario=stress-noiso rt_cpu=1 rt_load_cpu=0 rt_loops=0 rt_duration_sec=90 rt_interval_us=1000 rt_maxlat_us=20000 rt_priority=90 rt_start_delay_sec=25
[host_monotonic_s=179418.644237] [VM 1] [    0.000000] Housekeeping: nohz unsupported. Build with CONFIG_NO_HZ_FULL
[host_monotonic_s=179418.781678] [VM 1] [    0.000000] Unknown kernel command line parameters "nohz_full=1 rt_scenario=stress-noiso rt_cpu=1 rt_load_cpu=0 rt_loops=0 rt_duration_sec=90 rt_interval_us=1000 rt_maxlat_us=20000 rt_priority=90 rt_start_delay_sec=25", will be passed to user space.
[host_monotonic_s=179419.143439] [VM 1] [    0.000000] printk: log buffer data + meta data: 131072 + 458752 = 589824 bytes
[host_monotonic_s=179419.143455] [VM 1] [    0.000000] Dentry cache hash table entries: 131072 (order: 8, 1048576 bytes, linear)
[host_monotonic_s=179419.143458] [VM 1] [    0.000000] Inode-cache hash table entries: 65536 (order: 7, 524288 bytes, linear)
[host_monotonic_s=179419.143549] [VM 1] [    0.000000] software IO TLB: SWIOTLB bounce buffer size adjusted to 1MB
[host_monotonic_s=179419.200539] [VM 1] [    0.000000] software IO TLB: area num 2.
[host_monotonic_s=179419.274184] [VM 1] [    0.000000] software IO TLB: mapped [mem 0x00000000bcb00000-0x00000000bcc00000] (1MB)
[host_monotonic_s=179419.302855] [VM 1] [    0.000000] Fallback order for Node 0: 0 
[host_monotonic_s=179419.332767] [VM 1] [    0.000000] Built 1 zonelists, mobility grouping on.  Total pages: 262144
[host_monotonic_s=179419.380468] [VM 1] [    0.000000] Policy zone: DMA
[host_monotonic_s=179419.716583] [VM 1] [    0.000000] mem auto-init: stack:all(zero), heap alloc:off, heap free:off
[host_monotonic_s=179419.716596] [VM 1] [    0.000000] SLUB: HWalign=64, Order=0-3, MinObjects=0, CPUs=2, Nodes=1
[host_monotonic_s=179419.716603] [VM 1] [    0.000000] rcu: Preemptible hierarchical RCU implementation.
[host_monotonic_s=179419.716606] [VM 1] [    0.000000] rcu: 	RCU event tracing is enabled.
[host_monotonic_s=179419.750711] [VM 1] [    0.000000] rcu: 	RCU restricting CPUs from NR_CPUS=512 to nr_cpu_ids=2.
[host_monotonic_s=179419.812039] [VM 1] [    0.000000] 	Trampoline variant of Tasks RCU enabled.
[host_monotonic_s=179419.834334] [VM 1] [    0.000000] 	Tracing variant of Tasks RCU enabled.
[host_monotonic_s=179419.911372] [VM 1] [    0.000000] rcu: RCU calculated value of scheduler-enlistment delay is 25 jiffies.
[host_monotonic_s=179420.004616] [VM 1] [    0.000000] rcu: Adjusting geometry for rcu_fanout_leaf=16, nr_cpu_ids=2
[host_monotonic_s=179420.305250] [VM 1] [    0.000000] RCU Tasks: Setting shift to 1 and lim to 1 rcu_task_cb_adjust=1 rcu_task_cpu_ids=2.
[host_monotonic_s=179420.305265] [VM 1] [    0.000000] NR_IRQS: 64, nr_irqs: 64, preallocated irqs: 0
[host_monotonic_s=179420.305268] [VM 1] [    0.000000] GICv3: 256 SPIs implemented
[host_monotonic_s=179420.305271] [VM 1] [    0.000000] GICv3: 0 Extended SPIs implemented
[host_monotonic_s=179420.344219] [VM 1] [    0.000000] Root IRQ handler: gic_handle_irq
[host_monotonic_s=179420.371626] [VM 1] [    0.000000] GICv3: GICv3 features: 16 PPIs, RSS
[host_monotonic_s=179420.390411] [VM 1] [    0.000000] GICv3: GICD_CTLR.DS=0, SCR_EL3.FIQ=0
[host_monotonic_s=179420.450755] [VM 1] [    0.000000] GICv3: CPU0: found redistributor 2 region 0:0x00000000080a0000
[host_monotonic_s=179420.480668] [VM 1] [    0.000000] ITS [mem 0x08080000-0x0809ffff]
[host_monotonic_s=179420.531120] [VM 1] [    0.000000] ITS@0x0000000008080000: allocated 8192 Devices @83860000 (indirect, esz 8, psz 64K, shr 1)
[host_monotonic_s=179420.602707] [VM 1] [    0.000000] ITS@0x0000000008080000: allocated 8192 Interrupt Collections @83870000 (flat, esz 8, psz 64K, shr 1)
[host_monotonic_s=179420.903394] [VM 1] [    0.000000] GICv3: using LPI property table @0x0000000083880000
[host_monotonic_s=179420.903410] [VM 1] [    0.000000] GICv3: CPU0: using allocated LPI pending table @0x0000000083890000
[host_monotonic_s=179420.903415] [VM 1] [    0.000000] rcu: srcu_init: Setting srcu_struct sizes based on contention.
[host_monotonic_s=179420.903708] [VM 1] [    0.000000] arch_timer: cp15 timer running at 62.50MHz (virt).
[host_monotonic_s=179421.001492] [VM 1] [    0.000000] clocksource: arch_sys_counter: mask: 0x1ffffffffffffff max_cycles: 0x1cd42e208c, max_idle_ns: 881590405314 ns
[host_monotonic_s=179421.053674] [VM 1] [    0.000060] sched_clock: 57 bits at 63MHz, resolution 16ns, wraps every 4398046511096ns
[host_monotonic_s=179421.074395] [VM 1] [    0.009299] Console: colour dummy device 80x25
[host_monotonic_s=179421.141504] [VM 1] [    0.012841] Calibrating delay loop (skipped), value calculated using timer frequency.. 125.00 BogoMIPS (lpj=250000)
[host_monotonic_s=179421.482092] [VM 1] [    0.012937] pid_max: default: 32768 minimum: 301
[host_monotonic_s=179421.482104] [VM 1] [    0.027908] Mount-cache hash table entries: 2048 (order: 2, 16384 bytes, linear)
[host_monotonic_s=179421.482107] [VM 1] [    0.027947] Mountpoint-cache hash table entries: 2048 (order: 2, 16384 bytes, linear)
[host_monotonic_s=179421.482109] [VM 1] [    0.052565] VFS: Finished mounting rootfs on nullfs
[host_monotonic_s=179421.482662] [VM 1] [    0.090023] /cpus/cpu-map/socket0/cluster0/core0: Can't get CPU for leaf core
[host_monotonic_s=179421.544044] [VM 1] [    0.098379] cacheinfo: Unable to detect cache hierarchy for CPU 0
[host_monotonic_s=179421.581869] [VM 1] [    0.138485] rcu: Hierarchical SRCU implementation.
[host_monotonic_s=179421.631375] [VM 1] [    0.138523] rcu: 	Max phase no-delay instances is 1000.
[host_monotonic_s=179421.672414] [VM 1] [    0.147480] Timer migration: 1 hierarchy levels; 8 children per group; 1 crossnode level
[host_monotonic_s=179421.715028] [VM 1] [    0.149591] fsl-mc MSI: its@8080000 domain created
[host_monotonic_s=179421.742542] [VM 1] [    0.150583] EFI services will not be available.
[host_monotonic_s=179422.043263] [VM 1] [    0.152034] smp: Bringing up secondary CPUs ...
[host_monotonic_s=179422.043282] [VM 1] [    0.158130] Detected PIPT I-cache on CPU1
[host_monotonic_s=179422.043285] [VM 1] [    0.160344] GICv3: CPU1: found redistributor 3 region 0:0x00000000080c0000
[host_monotonic_s=179422.043289] [VM 1] [    0.162072] GICv3: CPU1: using allocated LPI pending table @0x00000000838a0000
[host_monotonic_s=179422.110537] [VM 1] [    0.164052] CPU1: Booted secondary processor 0x0000000003 [0x410fd083]
[host_monotonic_s=179422.148898] [VM 1] [    0.184298] smp: Brought up 1 node, 2 CPUs
[host_monotonic_s=179422.172336] [VM 1] [    0.184328] SMP: Total of 2 processors activated.
[host_monotonic_s=179422.191395] [VM 1] [    0.184362] CPU: All CPU(s) started at EL1
[host_monotonic_s=179422.214423] [VM 1] [    0.184614] CPU features: detected: 32-bit EL0 Support
[host_monotonic_s=179422.255106] [VM 1] [    0.184624] CPU features: detected: 32-bit EL1 Support
[host_monotonic_s=179422.303039] [VM 1] [    0.184673] CPU features: detected: CRC32 instructions
[host_monotonic_s=179422.603538] [VM 1] [    0.184828] CPU features: detected: PMUv3
[host_monotonic_s=179422.603551] [VM 1] [    0.194563] alternatives: applying system-wide alternatives
[host_monotonic_s=179422.603555] [VM 1] [    0.232815] Memory: 919884K/1048576K available (18688K kernel code, 5242K rwdata, 14480K rodata, 12672K init, 718K bss, 92532K reserved, 32768K cma-reserved)
[host_monotonic_s=179422.626015] [VM 1] [    0.262848] devtmpfs: initialized
[host_monotonic_s=179422.691924] [VM 1] [    0.324556] clocksource: jiffies: mask: 0xffffffff max_cycles: 0xffffffff, max_idle_ns: 7645041785100000 ns
[host_monotonic_s=179422.733373] [VM 1] [    0.325015] posixtimers hash table entries: 1024 (order: 2, 16384 bytes, linear)
[host_monotonic_s=179422.785389] [VM 1] [    0.326757] futex hash table entries: 512 (32768 bytes on 1 NUMA nodes, total 32 KiB, linear).
[host_monotonic_s=179422.841834] [VM 1] [    0.328976] 19744 pages in range for non-PLT usage
[host_monotonic_s=179422.882962] [VM 1] [    0.329017] 511264 pages in range for PLT usage
[host_monotonic_s=179423.183594] [VM 1] [    0.360537] DMI: not present or invalid.
[host_monotonic_s=179423.183610] [VM 1] [    0.397098] NET: Registered PF_NETLINK/PF_ROUTE protocol family
[host_monotonic_s=179423.183614] [VM 1] [    0.429304] DMA: preallocated 128 KiB GFP_KERNEL|GFP_DMA pool for atomic allocations
[host_monotonic_s=179423.183618] [VM 1] [    0.429630] audit: initializing netlink subsys (disabled)
[host_monotonic_s=179423.270953] [VM 1] [    0.432165] audit: type=2000 audit(0.272:1): state=initialized audit_enabled=0 res=1
[host_monotonic_s=179423.314826] [VM 1] [    0.437822] thermal_sys: Registered thermal governor 'step_wise'
[host_monotonic_s=179423.351292] [VM 1] [    0.437854] thermal_sys: Registered thermal governor 'power_allocator'
[host_monotonic_s=179423.392516] [VM 1] [    0.438145] cpuidle: using governor menu
[host_monotonic_s=179423.758035] [VM 1] [    0.439221] hw-breakpoint: found 6 breakpoint and 4 watchpoint registers.
[host_monotonic_s=179423.758052] [VM 1] [    0.440766] ASID allocator initialised with 65536 entries
[host_monotonic_s=179423.758056] [VM 1] [    0.446303] Serial: AMBA PL011 UART driver
[host_monotonic_s=179423.758059] [VM 1] [    0.489195] 9000000.pl011: ttyAMA0 at MMIO 0x9000000 (irq = 13, base_baud = 0) is a PL011 rev1
[host_monotonic_s=179423.758166] [VM 1] [    0.492845] printk: console [ttyAMA0] enabled
[host_monotonic_s=179423.842633] [VM 1] [    1.455550] HugeTLB: registered 1.00 GiB page size, pre-allocated 0 pages
[host_monotonic_s=179423.881515] [VM 1] [    1.455580] HugeTLB: 0 KiB vmemmap can be freed for a 1.00 GiB page
[host_monotonic_s=179423.951962] [VM 1] [    1.455600] HugeTLB: registered 32.0 MiB page size, pre-allocated 0 pages
[host_monotonic_s=179424.003258] [VM 1] [    1.455604] HugeTLB: 0 KiB vmemmap can be freed for a 32.0 MiB page
[host_monotonic_s=179424.353705] [VM 1] [    1.455609] HugeTLB: registered 2.00 MiB page size, pre-allocated 0 pages
[host_monotonic_s=179424.353716] [VM 1] [    1.455612] HugeTLB: 0 KiB vmemmap can be freed for a 2.00 MiB page
[host_monotonic_s=179424.353719] [VM 1] [    1.455617] HugeTLB: registered 64.0 KiB page size, pre-allocated 0 pages
[host_monotonic_s=179424.353721] [VM 1] [    1.455620] HugeTLB: 0 KiB vmemmap can be freed for a 64.0 KiB page
[host_monotonic_s=179424.353852] [VM 1] [    3.729311] ACPI: Interpreter disabled.
[host_monotonic_s=179424.377803] [VM 1] [    4.427611] iommu: Default domain type: Translated
[host_monotonic_s=179424.431232] [VM 1] [    4.427664] iommu: DMA domain TLB invalidation policy: strict mode
[host_monotonic_s=179424.444390] [VM 1] [    4.459155] SCSI subsystem initialized
[host_monotonic_s=179424.500975] [VM 1] [    4.621146] usbcore: registered new interface driver usbfs
[host_monotonic_s=179424.551146] [VM 1] [    4.621436] usbcore: registered new interface driver hub
[host_monotonic_s=179424.621122] [VM 1] [    4.621591] usbcore: registered new device driver usb
[host_monotonic_s=179424.921750] [VM 1] [    4.622657] pps_core: LinuxPPS API ver. 1 registered
[host_monotonic_s=179424.921764] [VM 1] [    4.622670] pps_core: Software ver. 5.3.6 - Copyright 2005-2007 Rodolfo Giometti <giometti@linux.it>
[host_monotonic_s=179424.921768] [VM 1] [    4.622717] PTP clock support registered
[host_monotonic_s=179424.921771] [VM 1] [    4.978639] EDAC MC: Ver: 3.0.0
[host_monotonic_s=179424.922375] [VM 1] [    5.120400] scmi_core: SCMI protocol bus registered
[host_monotonic_s=179424.943341] [VM 1] [    5.464238] FPGA manager framework
[host_monotonic_s=179424.965567] [VM 1] [    7.017422] vgaarb: loaded
[host_monotonic_s=179424.978754] [VM 1] [    7.527261] clocksource: Switched to clocksource arch_sys_counter
[host_monotonic_s=179424.987695] [VM 1] [    7.743330] VFS: Disk quotas dquot_6.6.0
[host_monotonic_s=179425.024499] [VM 1] [    7.743442] VFS: Dquot-cache hash table entries: 512 (order 0, 4096 bytes)
[host_monotonic_s=179425.051764] [VM 1] [    7.821766] pnp: PnP ACPI: disabled
[host_monotonic_s=179425.094328] [VM 1] [    9.045191] NET: Registered PF_INET protocol family
[host_monotonic_s=179425.155635] [VM 1] [    9.077812] IP idents hash table entries: 16384 (order: 5, 131072 bytes, linear)
[host_monotonic_s=179425.581785] [VM 1] [    9.136234] tcp_listen_portaddr_hash hash table entries: 512 (order: 1, 8192 bytes, linear)
[host_monotonic_s=179425.581803] [VM 1] [    9.258441] Table-perturb hash table entries: 65536 (order: 6, 262144 bytes, linear)
[host_monotonic_s=179425.581807] [VM 1] [    9.327338] TCP established hash table entries: 8192 (order: 4, 65536 bytes, linear)
[host_monotonic_s=179425.582728] [VM 1] [    9.398065] TCP bind hash table entries: 8192 (order: 6, 262144 bytes, linear)
[host_monotonic_s=179425.627058] [VM 1] [    9.398276] TCP: Hash tables configured (established 8192 bind 8192)
[host_monotonic_s=179425.687019] [VM 1] [    9.399406] UDP hash table entries: 512 (order: 3, 32768 bytes, linear)
[host_monotonic_s=179425.744359] [VM 1] [    9.607059] NET: Registered PF_UNIX/PF_LOCAL protocol family
[host_monotonic_s=179425.784225] [VM 1] [    9.723414] RPC: Registered named UNIX socket transport module.
[host_monotonic_s=179425.798703] [VM 1] [    9.761181] RPC: Registered udp transport module.
[host_monotonic_s=179425.830384] [VM 1] [    9.775565] RPC: Registered tcp transport module.
[host_monotonic_s=179426.145260] [VM 1] [    9.807343] RPC: Registered tcp-with-tls transport module.
[host_monotonic_s=179426.145274] [VM 1] [    9.821589] RPC: Registered tcp NFSv4.1 backchannel transport module.
[host_monotonic_s=179426.145277] [VM 1] [    9.821720] PCI: CLS 0 bytes, default 64
[host_monotonic_s=179426.145280] [VM 1] [    9.911219] Unpacking initramfs...
[host_monotonic_s=179426.147346] [VM 1] [    9.960216] kvm [1]: HYP mode not available
[host_monotonic_s=179426.194382] [VM 1] [   10.137634] Initialise system trusted keyrings
[host_monotonic_s=179426.280995] [VM 1] [   10.190014] workingset: timestamp_bits=42 (anon: 38) max_order=18 bucket_order=0 (anon: 0)
[host_monotonic_s=179426.353096] [VM 1] [   10.262317] squashfs: version 4.0 (2009/01/31) Phillip Lougher
[host_monotonic_s=179426.712867] [VM 1] [   10.350936] NFS: Registering the id_resolver key type
[host_monotonic_s=179426.712885] [VM 1] [   10.389727] Key type id_resolver registered
[host_monotonic_s=179426.712889] [VM 1] [   10.389764] Key type id_legacy registered
[host_monotonic_s=179426.712892] [VM 1] [   10.390151] nfs4filelayout_init: NFSv4 File Layout Driver Registering...
[host_monotonic_s=179426.713898] [VM 1] [   10.390248] nfs4flexfilelayout_init: NFSv4 Flexfile Layout Driver Registering...
[host_monotonic_s=179426.763949] [VM 1] [   10.695073] 9p: Installing v9fs 9p2000 file system support
[host_monotonic_s=179426.795259] [VM 1] [   10.742613] Key type asymmetric registered
[host_monotonic_s=179426.830487] [VM 1] [   10.742696] Asymmetric key parser 'x509' registered
[host_monotonic_s=179426.901401] [VM 1] [   10.742935] Block layer SCSI generic (bsg) driver version 0.4 loaded (major 244)
[host_monotonic_s=179426.953757] [VM 1] [   10.743051] io scheduler mq-deadline registered
[host_monotonic_s=179427.284107] [VM 1] [   10.743099] io scheduler kyber registered
[host_monotonic_s=179427.284115] [VM 1] [   10.743387] io scheduler bfq registered
[host_monotonic_s=179427.284116] [VM 1] [   11.037096] ledtrig-cpu: registered to indicate activity on CPUs
[host_monotonic_s=179427.284118] [VM 1] [   11.176791] Serial: 8250/16550 driver, 4 ports, IRQ sharing enabled
[host_monotonic_s=179427.302700] [VM 1] [   11.257093] msm_serial: driver initialized
[host_monotonic_s=179427.385984] [VM 1] [   11.288926] SuperH (H)SCI(F) driver initialized
[host_monotonic_s=179427.433717] [VM 1] [   11.363212] STM32 USART driver initialized
[host_monotonic_s=179427.526761] [VM 1] [   11.492738] loop: module loaded
[host_monotonic_s=179427.857485] [VM 1] [   11.505854] megasas: 07.734.00.00-rc1
[host_monotonic_s=179427.857505] [VM 1] [   11.585435] tun: Universal TUN/TAP device driver, 1.6
[host_monotonic_s=179427.857509] [VM 1] [   11.693757] thunder_xcv, ver 1.0
[host_monotonic_s=179427.857513] [VM 1] [   11.704866] thunder_bgx, ver 1.0
[host_monotonic_s=179427.857516] [VM 1] [   11.748432] nicpf, ver 1.0
[host_monotonic_s=179427.857521] [VM 1] [   11.769545] e1000: Intel(R) PRO/1000 Network Driver
[host_monotonic_s=179427.883525] [VM 1] [   11.840747] e1000: Copyright (c) 1999-2006 Intel Corporation.
[host_monotonic_s=179427.921796] [VM 1] [   11.841505] e1000e: Intel(R) PRO/1000 Network Driver
[host_monotonic_s=179427.960930] [VM 1] [   11.841859] e1000e: Copyright(c) 1999 - 2015 Intel Corporation.
[host_monotonic_s=179428.050485] [VM 1] [   11.842393] igb: Intel(R) Gigabit Ethernet Network Driver
[host_monotonic_s=179428.432629] [VM 1] [   11.842689] igb: Copyright (c) 2007-2014 Intel Corporation.
[host_monotonic_s=179428.432649] [VM 1] [   11.843150] igbvf: Intel(R) Gigabit Virtual Function Network Driver
[host_monotonic_s=179428.432654] [VM 1] [   11.843390] igbvf: Copyright (c) 2009 - 2012 Intel Corporation.
[host_monotonic_s=179428.432659] [VM 1] [   12.213794] sky2: driver version 1.30
[host_monotonic_s=179428.432938] [VM 1] [   12.300604] VFIO - User Level meta-driver version: 0.3
[host_monotonic_s=179428.490975] [VM 1] [   12.428347] usbcore: registered new interface driver usb-storage
[host_monotonic_s=179428.513174] [VM 1] [   12.478322] i2c_dev: i2c /dev entries driver
[host_monotonic_s=179428.590767] [VM 1] [   12.550440] SMCCC: SOC_ID: ARCH_SOC_ID not implemented, skipping ....
[host_monotonic_s=179428.662161] [VM 1] [   12.569802] usbcore: registered new interface driver usbhid
[host_monotonic_s=179428.695385] [VM 1] [   12.569829] usbhid: USB HID core driver
[host_monotonic_s=179428.995734] [VM 1] [   12.704308] NET: Registered PF_INET6 protocol family
[host_monotonic_s=179428.995740] [VM 1] [   12.754620] Segment Routing with IPv6
[host_monotonic_s=179428.995741] [VM 1] [   12.778620] In-situ OAM (IOAM) with IPv6
[host_monotonic_s=179428.995742] [VM 1] [   12.827475] sit: IPv6, IPv4 and MPLS over IPv4 tunneling driver
[host_monotonic_s=179428.995743] [VM 1] [   12.924298] NET: Registered PF_PACKET protocol family
[host_monotonic_s=179429.050462] [VM 1] [   12.973762] 9pnet: Installing 9P2000 support
[host_monotonic_s=179429.076064] [VM 1] [   12.974072] Key type dns_resolver registered
[host_monotonic_s=179429.190509] [VM 1] [   13.112619] registered taskstats version 1
[host_monotonic_s=179429.206135] [VM 1] [   13.114205] Loading compiled-in X.509 certificates
[host_monotonic_s=179429.574067] [VM 1] [   13.232384] Demotion targets for Node 0: null
[host_monotonic_s=179429.574075] [VM 1] [   13.264731] clk: Disabling unused clocks
[host_monotonic_s=179429.574076] [VM 1] [   13.314709] PM: genpd: Disabling unused power domains
[host_monotonic_s=179430.374970] [VM 1] [   14.082868] Freeing initrd memory: 19160K
[host_monotonic_s=179430.375008] [VM 1] [   14.231511] Freeing unused kernel memory: 12672K
[host_monotonic_s=179430.375010] [VM 1] [   14.299630] Run /init as init process
[host_monotonic_s=179431.732660] [VM 1] RT_INIT scenario=stress-noiso cpu=1 load_cpu=0 loops=0 duration_sec=90 interval_us=1000 maxlat_us=20000 priority=90 start_delay_sec=25
[host_monotonic_s=179431.732676] [VM 1] RT_CPUS total=2
[host_monotonic_s=179431.732681] [VM 1] RT_SCHED_PROBE_START
[host_monotonic_s=179431.732685] [VM 1] pid 1's current scheduling policy: SCHED_OTHER
[host_monotonic_s=179431.732689] [VM 1] pid 1's current scheduling priority: 0
[host_monotonic_s=179431.761035] [VM 1] RT_SCHED_PROBE_OK
[host_monotonic_s=179431.800748] [VM 1] RT_WAIT_BEFORE_TEST seconds=25
[host_monotonic_s=179455.852000] [VM 1] RT_STRESS_START cpu=0 workers=2 vm=1
[host_monotonic_s=179455.881092] [VM 1] RT_CYCLICTEST_START
[host_monotonic_s=179455.922142] [VM 1] RT_CYCLICTEST_TIMING_START uptime_s=33.21
[host_monotonic_s=179456.146093] [VM 1] RT_PROGRESS uptime_s=33.35
[host_monotonic_s=179456.160249] [VM 1] stress-ng: info:  [68] defaulting to a 1 day run per stressor
[host_monotonic_s=179456.202540] [VM 1] stress-ng: info:  [68] dispatching hogs: 2 cpu, 1 vm
[host_monotonic_s=179456.791967] [VM 1] stress-ng: info:  [77] vm: non-temporal memory stores not supported, dropping back to plain memory stores
[host_monotonic_s=179456.791977] 
[host_monotonic_s=179456.791979] [Axvisor] detached VM[1] console
[host_monotonic_s=179456.791982] Welcome to AxVisor Shell!
[host_monotonic_s=179456.791984] Type 'help' to see available commands
[host_monotonic_s=179456.791986] Use UP/DOWN arrows to navigate command history
[host_monotonic_s=179456.791987] Console shortcuts:
[host_monotonic_s=179456.791989]   Ctrl+X, then h  return to the Axvisor shell
[host_monotonic_s=179456.792955]   Ctrl+X, then [  attach the previous running guest
[host_monotonic_s=179456.793182]   Ctrl+X, then ]  attach the next running guest
[host_monotonic_s=179456.793911] Note: Running with limited features (filesystem support disabled).
[host_monotonic_s=179456.793919] 
[host_monotonic_s=179457.595794] [2Kaxvisor:$ [2Kaxvisor:$ v[2Kaxvisor:$ vm[2Kaxvisor:$ vm [2Kaxvisor:$ vm c[2Kaxvisor:$ vm co[2Kaxvisor:$ vm con[2Kaxvisor:$ vm cons[2Kaxvisor:$ vm conso[2Kaxvisor:$ vm consol[2Kaxvisor:$ vm console[2Kaxvisor:$ vm console [2Kaxvisor:$ vm console 2
[host_monotonic_s=179457.596599] ✓ Attached VM[2] console; use Ctrl+X, then h to return to the shell
[host_monotonic_s=179458.104233] PERIODIC LATENCY START
[host_monotonic_s=179458.113765] PERIODIC LATENCY SETTLE delay_ms=45000
[host_monotonic_s=179476.173768] [37m[ 63.231183 1:17 axvisor::rt_burner:48] [32mRT_BURNER_READY cpu=1 busy_ms=10 idle_ms=53 start_delay_ms=60000[m
[host_monotonic_s=179506.420234] [msequence,timestamp_ns,deadline_ns,actual_ns,jitter_ns
[host_monotonic_s=179506.420241] 0,14630720,87529012368,87533643088,4630720
[host_monotonic_s=179506.420242] 1,24921344,87539012368,87543933712,4921344
[host_monotonic_s=179506.420243] 2,30485536,87549012368,87549497904,485536
[host_monotonic_s=179506.420243] 3,40547840,87559012368,87559560208,547840
[host_monotonic_s=179506.423497] 4,54916064,87569012368,87573928432,4916064
[host_monotonic_s=179506.441333] 5,60421344,87579012368,87579433712,421344
[host_monotonic_s=179506.475445] 6,70705312,87589012368,87589717680,705312
[host_monotonic_s=179506.530223] 7,80643600,87599012368,87599655968,643600
[host_monotonic_s=179506.575861] 8,90565408,87609012368,87609577776,565408
[host_monotonic_s=179506.630382] 9,100605616,87619012368,87619617984,605616
[host_monotonic_s=179506.970308] 10,124479664,87629012368,87643492032,14479664
[host_monotonic_s=179506.970314] 11,124785488,87639012368,87643797856,4785488
[host_monotonic_s=179506.970315] 12,130557920,87649012368,87649570288,557920
[host_monotonic_s=179506.970317] 13,140638320,87659012368,87659650688,638320
[host_monotonic_s=179506.970317] 14,150567936,87669012368,87669580304,567936
[host_monotonic_s=179506.970318] 15,164596624,87679012368,87683608992,4596624
[host_monotonic_s=179506.978566] 16,170547536,87689012368,87689559904,547536
[host_monotonic_s=179507.010449] 17,181293728,87699012368,87700306096,1293728
[host_monotonic_s=179507.050065] 18,190425408,87709012368,87709437776,425408
[host_monotonic_s=179507.120566] 19,200492608,87719012368,87719504976,492608
[host_monotonic_s=179507.189651] 20,210481072,87729012368,87729493440,481072
[host_monotonic_s=179507.520714] 21,220677360,87739012368,87739689728,677360
[host_monotonic_s=179507.520722] 22,244330288,87749012368,87763342656,14330288
[host_monotonic_s=179507.520723] 23,244852512,87759012368,87763864880,4852512
[host_monotonic_s=179507.520725] 24,250572608,87769012368,87769584976,572608
[host_monotonic_s=179507.520726] 25,260732880,87779012368,87779745248,732880
[host_monotonic_s=179507.530143] 26,284834672,87789012368,87803847040,14834672
[host_monotonic_s=179507.580367] 27,285749680,87799012368,87804762048,5749680
[host_monotonic_s=179507.651304] 28,290489984,87809012368,87809502352,489984
[host_monotonic_s=179507.710551] 29,307698624,87819012368,87826710992,7698624
[host_monotonic_s=179508.071083] 30,314508832,87829012368,87833521200,4508832
[host_monotonic_s=179508.071091] 31,320426144,87839012368,87839438512,426144
[host_monotonic_s=179508.071093] 32,330415952,87849012368,87849428320,415952
[host_monotonic_s=179508.071094] 33,340477744,87859012368,87859490112,477744
[host_monotonic_s=179508.071095] 34,350470704,87869012368,87869483072,470704
[host_monotonic_s=179508.087451] 35,370730320,87879012368,87889742688,10730320
[host_monotonic_s=179508.132409] 36,371392336,87889012368,87890404704,1392336
[host_monotonic_s=179508.172455] 37,380428080,87899012368,87899440448,428080
[host_monotonic_s=179508.220467] 38,404591856,87909012368,87923604224,14591856
[host_monotonic_s=179508.290077] 39,404903136,87919012368,87923915504,4903136
[host_monotonic_s=179508.622641] 40,410528880,87929012368,87929541248,528880
[host_monotonic_s=179508.622648] 41,420619728,87939012368,87939632096,619728
[host_monotonic_s=179508.622649] 42,434045552,87949012368,87953057920,4045552
[host_monotonic_s=179508.622650] 43,440427344,87959012368,87959439712,427344
[host_monotonic_s=179508.622651] 44,450529664,87969012368,87969542032,529664
[host_monotonic_s=179508.630642] 45,460556080,87979012368,87979568448,556080
[host_monotonic_s=179508.710158] 46,470539424,87989012368,87989551792,539424
[host_monotonic_s=179508.780710] 47,480703840,87999012368,87999716208,703840
[host_monotonic_s=179508.860129] 48,497192256,88009012368,88016204624,7192256
[host_monotonic_s=179509.179901] 49,500429152,88019012368,88019441520,429152
[host_monotonic_s=179509.179908] 50,510651840,88029012368,88029664208,651840
[host_monotonic_s=179509.179910] 51,524995616,88039012368,88044007984,4995616
[host_monotonic_s=179509.179911] 52,530594032,88049012368,88049606400,594032
[host_monotonic_s=179509.179935] 53,540638256,88059012368,88059650624,638256
[host_monotonic_s=179509.241122] 54,560320064,88069012368,88079332432,10320064
[host_monotonic_s=179509.291555] 55,561410160,88079012368,88080422528,1410160
[host_monotonic_s=179509.345443] 56,570491456,88089012368,88089503824,491456
[host_monotonic_s=179509.409318] 57,584668960,88099012368,88103681328,4668960
[host_monotonic_s=179509.730112] 58,590428832,88109012368,88109441200,428832
[host_monotonic_s=179509.730118] 59,600476800,88119012368,88119489168,476800
[host_monotonic_s=179509.730119] 60,610461392,88129012368,88129473760,461392
[host_monotonic_s=179509.730120] 61,624470960,88139012368,88143483328,4470960
[host_monotonic_s=179509.730120] 62,630389088,88149012368,88149401456,389088
[host_monotonic_s=179509.791923] 63,644536128,88159012368,88163548496,4536128
[host_monotonic_s=179509.830671] 64,650561264,88169012368,88169573632,561264
[host_monotonic_s=179509.900906] 65,660661360,88179012368,88179673728,661360
[host_monotonic_s=179509.949981] 66,670758352,88189012368,88189770720,758352
[host_monotonic_s=179510.283094] 67,686411056,88199012368,88205423424,6411056
[host_monotonic_s=179510.283102] 68,690414416,88209012368,88209426784,414416
[host_monotonic_s=179510.283103] 69,700675344,88219012368,88219687712,675344
[host_monotonic_s=179510.283104] 70,714992864,88229012368,88234005232,4992864
[host_monotonic_s=179510.283105] 71,724536032,88239012368,88243548400,4536032
[host_monotonic_s=179510.323025] 72,730675936,88249012368,88249688304,675936
[host_monotonic_s=179510.379757] 73,749637584,88259012368,88268649952,9637584
[host_monotonic_s=179510.470074] 74,754516048,88269012368,88273528416,4516048
[host_monotonic_s=179510.532259] 75,760466496,88279012368,88279478864,466496
[host_monotonic_s=179510.839953] 76,770532864,88289012368,88289545232,532864
[host_monotonic_s=179510.839960] 77,780530016,88299012368,88299542384,530016
[host_monotonic_s=179510.839961] 78,790539280,88309012368,88309551648,539280
[host_monotonic_s=179510.839962] 79,802549440,88319012368,88321561808,2549440
[host_monotonic_s=179510.839963] 80,813129872,88329012368,88332142240,3129872
[host_monotonic_s=179510.839964] 81,820460256,88339012368,88339472624,460256
[host_monotonic_s=179510.915121] 82,830581632,88349012368,88349594000,581632
[host_monotonic_s=179510.968527] 83,844785120,88359012368,88363797488,4785120
[host_monotonic_s=179511.018118] 84,854942640,88369012368,88373955008,4942640
[host_monotonic_s=179511.031612] 85,860602800,88379012368,88379615168,602800
[host_monotonic_s=179511.071542] 86,884862400,88389012368,88403874768,14862400
[host_monotonic_s=179511.390213] 87,885655152,88399012368,88404667520,5655152
[host_monotonic_s=179511.390219] 88,890737504,88409012368,88409749872,737504
[host_monotonic_s=179511.390220] 89,912948224,88419012368,88431960592,12948224
[host_monotonic_s=179511.390221] 90,913441552,88429012368,88432453920,3441552
[host_monotonic_s=179511.390221] 91,924993488,88439012368,88444005856,4993488
[host_monotonic_s=179511.401222] 92,939581248,88449012368,88458593616,9581248
[host_monotonic_s=179511.431774] 93,940589872,88459012368,88459602240,589872
[host_monotonic_s=179511.439219] 94,954706704,88469012368,88473719072,4706704
[host_monotonic_s=179511.471235] 95,960666736,88479012368,88479679104,666736
[host_monotonic_s=179511.558980] 96,975061856,88489012368,88494074224,5061856
[host_monotonic_s=179511.640225] 97,980752960,88499012368,88499765328,752960
[host_monotonic_s=179511.940482] 98,990832896,88509012368,88509845264,832896
[host_monotonic_s=179511.940487] 99,1002741168,88519012368,88521753536,2741168
[host_monotonic_s=179511.940489] 100,1010550064,88529012368,88529562432,550064
[host_monotonic_s=179511.940489] 101,1020548320,88539012368,88539560688,548320
[host_monotonic_s=179511.940490] 102,1034515232,88549012368,88553527600,4515232
[host_monotonic_s=179511.959633] 103,1044525920,88559012368,88563538288,4525920
[host_monotonic_s=179512.009839] 104,1054941024,88569012368,88573953392,4941024
[host_monotonic_s=179512.068526] 105,1065873664,88579012368,88584886032,5873664
[host_monotonic_s=179512.111115] 106,1070730720,88589012368,88589743088,730720
[host_monotonic_s=179512.494206] 107,1084608000,88599012368,88603620368,4608000
[host_monotonic_s=179512.494213] 108,1090640560,88609012368,88609652928,640560
[host_monotonic_s=179512.494214] 109,1100653664,88619012368,88619666032,653664
[host_monotonic_s=179512.494216] 110,1113656528,88629012368,88632668896,3656528
[host_monotonic_s=179512.494217] 111,1129028432,88639012368,88648040800,9028432
[host_monotonic_s=179512.494217] 112,1130516432,88649012368,88649528800,516432
[host_monotonic_s=179512.540871] 113,1154463088,88659012368,88673475456,14463088
[host_monotonic_s=179512.600276] 114,1154761472,88669012368,88673773840,4761472
[host_monotonic_s=179512.650502] 115,1160457792,88679012368,88679470160,457792
[host_monotonic_s=179512.671750] 116,1174505328,88689012368,88693517696,4505328
[host_monotonic_s=179512.739750] 117,1180446144,88699012368,88699458512,446144
[host_monotonic_s=179513.050022] 118,1192097376,88709012368,88711109744,2097376
[host_monotonic_s=179513.050028] 119,1200417232,88719012368,88719429600,417232
[host_monotonic_s=179513.050029] 120,1210443312,88729012368,88729455680,443312
[host_monotonic_s=179513.050030] 121,1220760448,88739012368,88739772816,760448
[host_monotonic_s=179513.076041] 122,1234791488,88749012368,88753803856,4791488
[host_monotonic_s=179513.120121] 123,1240574512,88759012368,88759586880,574512
[host_monotonic_s=179513.179882] 124,1264558928,88769012368,88783571296,14558928
[host_monotonic_s=179513.219936] 125,1264992880,88779012368,88784005248,4992880
[host_monotonic_s=179513.279579] 126,1275175088,88789012368,88794187456,5175088
[host_monotonic_s=179513.600313] 127,1280526496,88799012368,88799538864,526496
[host_monotonic_s=179513.600319] 128,1304648240,88809012368,88823660608,14648240
[host_monotonic_s=179513.600320] 129,1304964416,88819012368,88823976784,4964416
[host_monotonic_s=179513.600320] 130,1318458064,88829012368,88837470432,8458064
[host_monotonic_s=179513.600321] 131,1320576288,88839012368,88839588656,576288
[host_monotonic_s=179513.622630] 132,1330544496,88849012368,88849556864,544496
[host_monotonic_s=179513.663413] 133,1340805200,88859012368,88859817568,805200
[host_monotonic_s=179513.710147] 134,1350600496,88869012368,88869612864,600496
[host_monotonic_s=179513.750848] 135,1364817216,88879012368,88883829584,4817216
[host_monotonic_s=179513.810769] 136,1381486160,88889012368,88900498528,11486160
[host_monotonic_s=179514.155607] 137,1381801920,88899012368,88900814288,1801920
[host_monotonic_s=179514.155613] 138,1394660352,88909012368,88913672720,4660352
[host_monotonic_s=179514.155614] 139,1400584272,88919012368,88919596640,584272
[host_monotonic_s=179514.155615] 140,1414869088,88929012368,88933881456,4869088
[host_monotonic_s=179514.155616] 141,1420614496,88939012368,88939626864,614496
[host_monotonic_s=179514.155616] 142,1430625616,88949012368,88949637984,625616
[host_monotonic_s=179514.176949] 143,1444950784,88959012368,88963963152,4950784
[host_monotonic_s=179514.252645] 144,1454907648,88969012368,88973920016,4907648
[host_monotonic_s=179514.352079] 145,1460589792,88979012368,88979602160,589792
[host_monotonic_s=179514.390554] 146,1470560704,88989012368,88989573072,560704
[host_monotonic_s=179514.710064] 147,1480606992,88999012368,88999619360,606992
[host_monotonic_s=179514.710072] 148,1490403840,89009012368,89009416208,403840
[host_monotonic_s=179514.710073] 149,1508137520,89019012368,89027149888,8137520
[host_monotonic_s=179514.710075] 150,1510471184,89029012368,89029483552,471184
[host_monotonic_s=179514.725354] 151,1520615216,89039012368,89039627584,615216
[host_monotonic_s=179514.752914] 152,1530547712,89049012368,89049560080,547712
[host_monotonic_s=179514.799643] 153,1544571072,89059012368,89063583440,4571072
[host_monotonic_s=179514.842830] 154,1550539040,89069012368,89069551408,539040
[host_monotonic_s=179514.884503] 155,1571333440,89079012368,89090345808,11333440
[host_monotonic_s=179514.932108] 156,1571769760,89089012368,89090782128,1769760
[host_monotonic_s=179515.260224] 157,1580629024,89099012368,89099641392,629024
[host_monotonic_s=179515.260231] 158,1594999264,89109012368,89114011632,4999264
[host_monotonic_s=179515.260233] 159,1600728576,89119012368,89119740944,728576
[host_monotonic_s=179515.260234] 160,1610600992,89129012368,89129613360,600992
[host_monotonic_s=179515.292208] 161,1634781552,89139012368,89153793920,14781552
[host_monotonic_s=179515.379676] 162,1635283456,89149012368,89154295824,5283456
[host_monotonic_s=179515.446444] 163,1640683520,89159012368,89159695888,683520
[host_monotonic_s=179515.820774] 164,1654560752,89169012368,89173573120,4560752
[host_monotonic_s=179515.820781] 165,1674581744,89179012368,89193594112,14581744
[host_monotonic_s=179515.820783] 166,1675043232,89189012368,89194055600,5043232
[host_monotonic_s=179515.820784] 167,1685016432,89199012368,89204028800,5016432
[host_monotonic_s=179515.820785] 168,1704851072,89209012368,89223863440,14851072
[host_monotonic_s=179515.879680] 169,1718748016,89219012368,89237760384,18748016
[host_monotonic_s=179515.949848] 170,1719267968,89229012368,89238280336,9267968
[host_monotonic_s=179516.030318] 171,1725083360,89239012368,89244095728,5083360
[host_monotonic_s=179516.062057] 172,1744928592,89249012368,89263940960,14928592
[host_monotonic_s=179516.370867] 173,1745768176,89259012368,89264780544,5768176
[host_monotonic_s=179516.370873] 174,1750757008,89269012368,89269769376,757008
[host_monotonic_s=179516.370874] 175,1761373856,89279012368,89280386224,1373856
[host_monotonic_s=179516.370875] 176,1770481520,89289012368,89289493888,481520
[host_monotonic_s=179516.382076] 177,1780671664,89299012368,89299684032,671664
[host_monotonic_s=179516.429890] 178,1790600256,89309012368,89309612624,600256
[host_monotonic_s=179516.437841] 179,1800702608,89319012368,89319714976,702608
[host_monotonic_s=179516.451970] 180,1824494224,89329012368,89343506592,14494224
[host_monotonic_s=179516.500417] 181,1824854960,89339012368,89343867328,4854960
[host_monotonic_s=179516.563795] 182,1834510512,89349012368,89353522880,4510512
[host_monotonic_s=179516.620907] 183,1840586176,89359012368,89359598544,586176
[host_monotonic_s=179516.921324] 184,1850552128,89369012368,89369564496,552128
[host_monotonic_s=179516.921332] 185,1860711040,89379012368,89379723408,711040
[host_monotonic_s=179516.921333] 186,1870584496,89389012368,89389596864,584496
[host_monotonic_s=179516.921334] 187,1887802016,89399012368,89406814384,7802016
[host_monotonic_s=179516.921335] 188,1890468064,89409012368,89409480432,468064
[host_monotonic_s=179516.930463] 189,1904901040,89419012368,89423913408,4901040
[host_monotonic_s=179516.990991] 190,1910541728,89429012368,89429554096,541728
[host_monotonic_s=179517.017561] 191,1920427728,89439012368,89439440096,427728
[host_monotonic_s=179517.070651] 192,1930533648,89449012368,89449546016,533648
[host_monotonic_s=179517.160173] 193,1940567664,89459012368,89459580032,567664
[host_monotonic_s=179517.481768] 194,1954728480,89469012368,89473740848,4728480
[host_monotonic_s=179517.481782] 195,1960456192,89479012368,89479468560,456192
[host_monotonic_s=179517.481785] 196,1970508480,89489012368,89489520848,508480
[host_monotonic_s=179517.481787] 197,1980592512,89499012368,89499604880,592512
[host_monotonic_s=179517.481789] 198,1990472784,89509012368,89509485152,472784
[host_monotonic_s=179517.481792] 199,2000556576,89519012368,89519568944,556576
[host_monotonic_s=179517.590115] 200,2014589008,89529012368,89533601376,4589008
[host_monotonic_s=179517.641736] 201,2020649248,89539012368,89539661616,649248
[host_monotonic_s=179517.661316] 202,2030453824,89549012368,89549466192,453824
[host_monotonic_s=179517.701647] 203,2040661936,89559012368,89559674304,661936
[host_monotonic_s=179518.048111] 204,2050433072,89569012368,89569445440,433072
[host_monotonic_s=179518.048118] 205,2064557392,89579012368,89583569760,4557392
[host_monotonic_s=179518.048120] 206,2077427200,89589012368,89596439568,7427200
[host_monotonic_s=179518.048121] 207,2080479216,89599012368,89599491584,479216
[host_monotonic_s=179518.048122] 208,2090547360,89609012368,89609559728,547360
[host_monotonic_s=179518.089967] 209,2104577616,89619012368,89623589984,4577616
[host_monotonic_s=179518.130591] 210,2110630928,89629012368,89629643296,630928
[host_monotonic_s=179518.170750] 211,2124578064,89639012368,89643590432,4578064
[host_monotonic_s=179518.209587] 212,2140592832,89649012368,89659605200,10592832
[host_monotonic_s=179518.600013] 213,2141456720,89659012368,89660469088,1456720
[host_monotonic_s=179518.600019] 214,2150511968,89669012368,89669524336,511968
[host_monotonic_s=179518.600020] 215,2160547376,89679012368,89679559744,547376
[host_monotonic_s=179518.600020] 216,2170428992,89689012368,89689441360,428992
[host_monotonic_s=179518.613974] 217,2180403376,89699012368,89699415744,403376
[host_monotonic_s=179518.659632] 218,2190512640,89709012368,89709525008,512640
[host_monotonic_s=179518.718852] 219,2203780576,89719012368,89722792944,3780576
[host_monotonic_s=179518.752511] 220,2210521824,89729012368,89729534192,521824
[host_monotonic_s=179518.800020] 221,2220576624,89739012368,89739588992,576624
[host_monotonic_s=179519.150314] 222,2230552224,89749012368,89749564592,552224
[host_monotonic_s=179519.150321] 223,2240576560,89759012368,89759588928,576560
[host_monotonic_s=179519.150322] 224,2250530752,89769012368,89769543120,530752
[host_monotonic_s=179519.150323] 225,2267064688,89779012368,89786077056,7064688
[host_monotonic_s=179519.150324] 226,2270425104,89789012368,89789437472,425104
[host_monotonic_s=179519.150324] 227,2280647088,89799012368,89799659456,647088
[host_monotonic_s=179519.169855] 228,2290593648,89809012368,89809606016,593648
[host_monotonic_s=179519.199803] 229,2300585664,89819012368,89819598032,585664
[host_monotonic_s=179519.239792] 230,2310534656,89829012368,89829547024,534656
[host_monotonic_s=179519.311734] 231,2330109072,89839012368,89849121440,10109072
[host_monotonic_s=179519.353111] 232,2330390576,89849012368,89849402944,390576
[host_monotonic_s=179519.391238] 233,2344897792,89859012368,89863910160,4897792
[host_monotonic_s=179519.700368] 234,2350569040,89869012368,89869581408,569040
[host_monotonic_s=179519.700373] 235,2364582544,89879012368,89883594912,4582544
[host_monotonic_s=179519.700374] 236,2374735536,89889012368,89893747904,4735536
[host_monotonic_s=179519.700375] 237,2380570560,89899012368,89899582928,570560
[host_monotonic_s=179519.720378] 238,2393234192,89909012368,89912246560,3234192
[host_monotonic_s=179519.782101] 239,2400541680,89919012368,89919554048,541680
[host_monotonic_s=179519.849719] 240,2410538192,89929012368,89929550560,538192
[host_monotonic_s=179519.915738] 241,2420540336,89939012368,89939552704,540336
[host_monotonic_s=179520.250704] 242,2434564240,89949012368,89953576608,4564240
[host_monotonic_s=179520.250711] 243,2444809168,89959012368,89963821536,4809168
[host_monotonic_s=179520.250712] 244,2456451536,89969012368,89975463904,6451536
[host_monotonic_s=179520.250713] 245,2460445968,89979012368,89979458336,445968
[host_monotonic_s=179520.250714] 246,2470434416,89989012368,89989446784,434416
[host_monotonic_s=179520.250715] 247,2484565520,89999012368,90003577888,4565520
[host_monotonic_s=179520.267135] 248,2490537376,90009012368,90009549744,537376
[host_monotonic_s=179520.283463] 249,2500609280,90019012368,90019621648,609280
[host_monotonic_s=179520.372413] 250,2519608112,90029012368,90038620480,9608112
[host_monotonic_s=179520.440358] 251,2520379472,90039012368,90039391840,379472
[host_monotonic_s=179520.499066] 252,2534560512,90049012368,90053572880,4560512
[host_monotonic_s=179520.800901] 253,2544930240,90059012368,90063942608,4930240
[host_monotonic_s=179520.800908] 254,2550556944,90069012368,90069569312,556944
[host_monotonic_s=179520.800910] 255,2564736160,90079012368,90083748528,4736160
[host_monotonic_s=179520.800911] 256,2570516864,90089012368,90089529232,516864
[host_monotonic_s=179520.800912] 257,2582832960,90099012368,90101845328,2832960
[host_monotonic_s=179520.823368] 258,2590421744,90109012368,90109434112,421744
[host_monotonic_s=179520.875907] 259,2600664656,90119012368,90119677024,664656
[host_monotonic_s=179520.960016] 260,2624814672,90129012368,90143827040,14814672
[host_monotonic_s=179521.357298] 261,2630746064,90139012368,90149758432,10746064
[host_monotonic_s=179521.357304] 262,2631655952,90149012368,90150668320,1655952
[host_monotonic_s=179521.357305] 263,2654986400,90159012368,90173998768,14986400
[host_monotonic_s=179521.357306] 264,2664800640,90169012368,90183813008,14800640
[host_monotonic_s=179521.357306] 265,2684623520,90179012368,90203635888,24623520
[host_monotonic_s=179521.357307] 266,2685183776,90189012368,90204196144,15183776
[host_monotonic_s=179521.370707] 267,2694902688,90199012368,90213915056,14902688
[host_monotonic_s=179521.435220] 268,2698865760,90209012368,90217878128,8865760
[host_monotonic_s=179521.499863] 269,2724919248,90219012368,90243931616,24919248
[host_monotonic_s=179521.563703] 270,2725354272,90229012368,90244366640,15354272
[host_monotonic_s=179521.910136] 271,2726518576,90239012368,90245530944,6518576
[host_monotonic_s=179521.910142] 272,2730604576,90249012368,90249616944,604576
[host_monotonic_s=179521.910143] 273,2740576288,90259012368,90259588656,576288
[host_monotonic_s=179521.910143] 274,2750530128,90269012368,90269542496,530128
[host_monotonic_s=179521.910144] 275,2772637296,90279012368,90291649664,12637296
[host_monotonic_s=179521.910144] 276,2773424272,90289012368,90292436640,3424272
[host_monotonic_s=179521.949696] 277,2780587104,90299012368,90299599472,587104
[host_monotonic_s=179522.000126] 278,2790520304,90309012368,90309532672,520304
[host_monotonic_s=179522.030673] 279,2804574608,90319012368,90323586976,4574608
[host_monotonic_s=179522.077786] 280,2810527152,90329012368,90329539520,527152
[host_monotonic_s=179522.140033] 281,2820493616,90339012368,90339505984,493616
[host_monotonic_s=179522.460512] 282,2844573488,90349012368,90363585856,14573488
[host_monotonic_s=179522.460518] 283,2844907664,90359012368,90363920032,4907664
[host_monotonic_s=179522.460519] 284,2850551440,90369012368,90369563808,551440
[host_monotonic_s=179522.460520] 285,2860532368,90379012368,90379544736,532368
[host_monotonic_s=179522.469787] 286,2870567232,90389012368,90389579600,567232
[host_monotonic_s=179522.501643] 287,2880553328,90399012368,90399565696,553328
[host_monotonic_s=179522.570504] 288,2898939392,90409012368,90417951760,8939392
[host_monotonic_s=179522.621815] 289,2900375168,90419012368,90419387536,375168
[host_monotonic_s=179522.699686] 290,2910546976,90429012368,90429559344,546976
[host_monotonic_s=179523.012880] 291,2920577232,90439012368,90439589600,577232
[host_monotonic_s=179523.012886] 292,2930544944,90449012368,90449557312,544944
[host_monotonic_s=179523.012912] 293,2940581888,90459012368,90459594256,581888
[host_monotonic_s=179523.012912] 294,2950574608,90469012368,90469586976,574608
[host_monotonic_s=179523.059715] 295,2962117616,90479012368,90481129984,2117616
[host_monotonic_s=179523.100782] 296,2970412784,90489012368,90489425152,412784
[host_monotonic_s=179523.147587] 297,2984637552,90499012368,90503649920,4637552
[host_monotonic_s=179523.200532] 298,2990528256,90509012368,90509540624,528256
[host_monotonic_s=179523.261404] 299,3000559808,90519012368,90519572176,559808
[host_monotonic_s=179523.563140] PERIODIC LATENCY COMPLETE samples=300
[host_monotonic_s=179524.364083] 
[host_monotonic_s=179524.364087] [Axvisor] detached VM[2] console
[host_monotonic_s=179525.165228] [2Kaxvisor:$ [2Kaxvisor:$ v[2Kaxvisor:$ vm[2Kaxvisor:$ vm [2Kaxvisor:$ vm c[2Kaxvisor:$ vm co[2Kaxvisor:$ vm con[2Kaxvisor:$ vm cons[2Kaxvisor:$ vm conso[2Kaxvisor:$ vm consol[2Kaxvisor:$ vm console[2Kaxvisor:$ vm console [2Kaxvisor:$ vm console 1
[host_monotonic_s=179525.165426] ✓ Attached VM[1] console; use Ctrl+X, then h to return to the shell
[host_monotonic_s=179525.165871] stress-ng: info:  [77] vm: using 64MB per stressor instance (total 64MB of 867.44MB available memory)
[host_monotonic_s=179525.165953] RT_PROGRESS uptime_s=43.41
[host_monotonic_s=179525.166068] [   51.800582] random: crng init done
[host_monotonic_s=179525.166162] RT_PROGRESS uptime_s=53.43
[host_monotonic_s=179525.166236] RT_PROGRESS uptime_s=63.49
[host_monotonic_s=179525.166309] RT_PROGRESS uptime_s=73.61
[host_monotonic_s=179525.166392] RT_PROGRESS uptime_s=83.64
[host_monotonic_s=179525.166465] RT_PROGRESS uptime_s=93.71
[host_monotonic_s=179526.670581] RT_PROGRESS uptime_s=103.75
[host_monotonic_s=179536.420239] RT_PROGRESS uptime_s=113.80
[host_monotonic_s=179546.607618] WARN: stat /dev/cpu_dma_latency failed: No such file or directory
[host_monotonic_s=179546.607634] # Histogram
[host_monotonic_s=179546.607638] 000141 000001
[host_monotonic_s=179546.607641] 000143 000001
[host_monotonic_s=179546.607643] 000148 000002
[host_monotonic_s=179546.607645] 000149 000003
[host_monotonic_s=179546.607647] 000152 000002
[host_monotonic_s=179546.607649] 000153 000004
[host_monotonic_s=179546.607651] 000154 000001
[host_monotonic_s=179546.607653] 000155 000003
[host_monotonic_s=179546.607655] 000156 000011
[host_monotonic_s=179546.607656] 000157 000011
[host_monotonic_s=179546.607658] 000158 000017
[host_monotonic_s=179546.607660] 000159 000024
[host_monotonic_s=179546.607662] 000160 000029
[host_monotonic_s=179546.616609] 000161 000033
[host_monotonic_s=179546.622047] 000162 000040
[host_monotonic_s=179546.626240] 000163 000050
[host_monotonic_s=179546.651734] 000164 000058
[host_monotonic_s=179546.660940] 000165 000062
[host_monotonic_s=179546.673200] 000166 000060
[host_monotonic_s=179546.691421] 000167 000064
[host_monotonic_s=179546.703311] 000168 000064
[host_monotonic_s=179546.711076] 000169 000081
[host_monotonic_s=179546.731449] 000170 000061
[host_monotonic_s=179546.735278] 000171 000078
[host_monotonic_s=179546.743182] 000172 000086
[host_monotonic_s=179546.752771] 000173 000068
[host_monotonic_s=179546.763006] 000174 000086
[host_monotonic_s=179546.772646] 000175 000083
[host_monotonic_s=179546.783558] 000176 000065
[host_monotonic_s=179546.786372] 000177 000092
[host_monotonic_s=179546.789264] 000178 000090
[host_monotonic_s=179546.792651] 000179 000087
[host_monotonic_s=179546.800924] 000180 000086
[host_monotonic_s=179546.804705] 000181 000087
[host_monotonic_s=179546.807994] 000182 000112
[host_monotonic_s=179546.811586] 000183 000114
[host_monotonic_s=179546.820802] 000184 000115
[host_monotonic_s=179546.833281] 000185 000106
[host_monotonic_s=179546.836133] 000186 000126
[host_monotonic_s=179546.838619] 000187 000130
[host_monotonic_s=179546.841145] 000188 000127
[host_monotonic_s=179546.843651] 000189 000142
[host_monotonic_s=179546.846867] 000190 000132
[host_monotonic_s=179546.850037] 000191 000167
[host_monotonic_s=179546.853929] 000192 000141
[host_monotonic_s=179546.857414] 000193 000146
[host_monotonic_s=179547.157905] 000194 000158
[host_monotonic_s=179547.157920] 000195 000148
[host_monotonic_s=179547.157924] 000196 000188
[host_monotonic_s=179547.157927] 000197 000149
[host_monotonic_s=179547.157929] 000198 000164
[host_monotonic_s=179547.157930] 000199 000147
[host_monotonic_s=179547.157932] 000200 000170
[host_monotonic_s=179547.157934] 000201 000184
[host_monotonic_s=179547.157935] 000202 000186
[host_monotonic_s=179547.157937] 000203 000179
[host_monotonic_s=179547.157938] 000204 000176
[host_monotonic_s=179547.157939] 000205 000190
[host_monotonic_s=179547.157940] 000206 000160
[host_monotonic_s=179547.157942] 000207 000166
[host_monotonic_s=179547.157943] 000208 000170
[host_monotonic_s=179547.157944] 000209 000181
[host_monotonic_s=179547.157945] 000210 000212
[host_monotonic_s=179547.157947] 000211 000203
[host_monotonic_s=179547.162865] 000212 000188
[host_monotonic_s=179547.168550] 000213 000159
[host_monotonic_s=179547.172306] 000214 000190
[host_monotonic_s=179547.182522] 000215 000186
[host_monotonic_s=179547.185872] 000216 000185
[host_monotonic_s=179547.200747] 000217 000188
[host_monotonic_s=179547.232579] 000218 000068
[host_monotonic_s=179547.235875] 000220 000009
[host_monotonic_s=179547.241970] 000221 000077
[host_monotonic_s=179547.260597] 000222 000144
[host_monotonic_s=179547.271576] 000223 000176
[host_monotonic_s=179547.280833] 000224 000174
[host_monotonic_s=179547.293645] 000225 000169
[host_monotonic_s=179547.320454] 000226 000177
[host_monotonic_s=179547.333011] 000227 000139
[host_monotonic_s=179547.341958] 000228 000167
[host_monotonic_s=179547.352903] 000229 000174
[host_monotonic_s=179547.356504] 000230 000162
[host_monotonic_s=179547.359739] 000231 000164
[host_monotonic_s=179547.363216] 000232 000159
[host_monotonic_s=179547.372689] 000233 000164
[host_monotonic_s=179547.375989] 000234 000147
[host_monotonic_s=179547.391738] 000235 000148
[host_monotonic_s=179547.711136] 000236 000142
[host_monotonic_s=179547.711153] 000237 000155
[host_monotonic_s=179547.711157] 000238 000134
[host_monotonic_s=179547.711160] 000239 000151
[host_monotonic_s=179547.711163] 000240 000132
[host_monotonic_s=179547.711165] 000241 000135
[host_monotonic_s=179547.711167] 000242 000119
[host_monotonic_s=179547.711169] 000243 000113
[host_monotonic_s=179547.711171] 000244 000151
[host_monotonic_s=179547.711173] 000245 000106
[host_monotonic_s=179547.711175] 000246 000122
[host_monotonic_s=179547.711176] 000247 000116
[host_monotonic_s=179547.711179] 000248 000115
[host_monotonic_s=179547.711180] 000249 000126
[host_monotonic_s=179547.711183] 000250 000094
[host_monotonic_s=179547.711184] 000251 000097
[host_monotonic_s=179547.711186] 000252 000112
[host_monotonic_s=179547.711188] 000253 000102
[host_monotonic_s=179547.713730] 000254 000096
[host_monotonic_s=179547.720622] 000255 000112
[host_monotonic_s=179547.730408] 000256 000093
[host_monotonic_s=179547.750567] 000257 000096
[host_monotonic_s=179547.753992] 000258 000102
[host_monotonic_s=179547.757107] 000259 000096
[host_monotonic_s=179547.760527] 000260 000096
[host_monotonic_s=179547.773299] 000261 000083
[host_monotonic_s=179547.780305] 000262 000094
[host_monotonic_s=179547.790914] 000263 000107
[host_monotonic_s=179547.801512] 000264 000094
[host_monotonic_s=179547.805079] 000265 000080
[host_monotonic_s=179547.808720] 000266 000080
[host_monotonic_s=179547.812346] 000267 000082
[host_monotonic_s=179547.815930] 000268 000094
[host_monotonic_s=179547.822947] 000269 000085
[host_monotonic_s=179547.826453] 000270 000085
[host_monotonic_s=179547.829837] 000271 000081
[host_monotonic_s=179547.833469] 000272 000096
[host_monotonic_s=179547.836928] 000273 000064
[host_monotonic_s=179547.850374] 000274 000078
[host_monotonic_s=179547.870464] 000275 000070
[host_monotonic_s=179547.883389] 000276 000065
[host_monotonic_s=179547.887162] 000277 000066
[host_monotonic_s=179547.902352] 000278 000066
[host_monotonic_s=179547.912840] 000279 000065
[host_monotonic_s=179547.916257] 000280 000075
[host_monotonic_s=179547.923648] 000281 000061
[host_monotonic_s=179547.927125] 000282 000068
[host_monotonic_s=179547.930711] 000283 000057
[host_monotonic_s=179547.941474] 000284 000052
[host_monotonic_s=179547.952973] 000285 000054
[host_monotonic_s=179548.261514] 000286 000055
[host_monotonic_s=179548.261527] 000287 000051
[host_monotonic_s=179548.261531] 000288 000054
[host_monotonic_s=179548.261533] 000289 000055
[host_monotonic_s=179548.261535] 000290 000052
[host_monotonic_s=179548.261537] 000291 000046
[host_monotonic_s=179548.261538] 000292 000059
[host_monotonic_s=179548.261540] 000293 000065
[host_monotonic_s=179548.261542] 000294 000036
[host_monotonic_s=179548.261544] 000295 000048
[host_monotonic_s=179548.261546] 000296 000054
[host_monotonic_s=179548.261547] 000297 000054
[host_monotonic_s=179548.261549] 000298 000056
[host_monotonic_s=179548.261551] 000299 000045
[host_monotonic_s=179548.261552] 000300 000052
[host_monotonic_s=179548.261554] 000301 000050
[host_monotonic_s=179548.261555] 000302 000044
[host_monotonic_s=179548.261557] 000303 000041
[host_monotonic_s=179548.261558] 000304 000033
[host_monotonic_s=179548.267535] 000305 000044
[host_monotonic_s=179548.274120] 000306 000048
[host_monotonic_s=179548.280638] 000307 000038
[host_monotonic_s=179548.300776] 000308 000051
[host_monotonic_s=179548.304217] 000309 000043
[host_monotonic_s=179548.307312] 000310 000052
[host_monotonic_s=179548.311038] 000311 000050
[host_monotonic_s=179548.314196] 000312 000059
[host_monotonic_s=179548.332292] 000313 000062
[host_monotonic_s=179548.343037] 000314 000060
[host_monotonic_s=179548.360358] 000315 000051
[host_monotonic_s=179548.369087] 000316 000056
[host_monotonic_s=179548.373804] 000317 000048
[host_monotonic_s=179548.380659] 000318 000052
[host_monotonic_s=179548.384115] 000319 000056
[host_monotonic_s=179548.387284] 000320 000064
[host_monotonic_s=179548.390698] 000321 000058
[host_monotonic_s=179548.394326] 000322 000069
[host_monotonic_s=179548.397748] 000323 000044
[host_monotonic_s=179548.401181] 000324 000045
[host_monotonic_s=179548.404646] 000325 000062
[host_monotonic_s=179548.430581] 000326 000049
[host_monotonic_s=179548.440374] 000327 000054
[host_monotonic_s=179548.453541] 000328 000061
[host_monotonic_s=179548.457205] 000329 000055
[host_monotonic_s=179548.461547] 000330 000066
[host_monotonic_s=179548.464974] 000331 000063
[host_monotonic_s=179548.500303] 000332 000067
[host_monotonic_s=179548.811773] 000333 000055
[host_monotonic_s=179548.811784] 000334 000054
[host_monotonic_s=179548.811786] 000335 000051
[host_monotonic_s=179548.811788] 000336 000063
[host_monotonic_s=179548.811790] 000337 000049
[host_monotonic_s=179548.811792] 000338 000058
[host_monotonic_s=179548.811793] 000339 000061
[host_monotonic_s=179548.811795] 000340 000066
[host_monotonic_s=179548.811796] 000341 000060
[host_monotonic_s=179548.811798] 000342 000070
[host_monotonic_s=179548.811799] 000343 000062
[host_monotonic_s=179548.811800] 000344 000068
[host_monotonic_s=179548.811802] 000345 000057
[host_monotonic_s=179548.811803] 000346 000057
[host_monotonic_s=179548.811805] 000347 000066
[host_monotonic_s=179548.811806] 000348 000042
[host_monotonic_s=179548.811807] 000349 000053
[host_monotonic_s=179548.811808] 000350 000047
[host_monotonic_s=179548.813337] 000351 000055
[host_monotonic_s=179548.821995] 000352 000064
[host_monotonic_s=179548.825127] 000353 000063
[host_monotonic_s=179548.828362] 000354 000053
[host_monotonic_s=179548.832853] 000355 000048
[host_monotonic_s=179548.835887] 000356 000058
[host_monotonic_s=179548.838987] 000357 000055
[host_monotonic_s=179548.860597] 000358 000036
[host_monotonic_s=179548.864024] 000359 000045
[host_monotonic_s=179548.867527] 000360 000045
[host_monotonic_s=179548.873132] 000361 000050
[host_monotonic_s=179548.876507] 000362 000047
[host_monotonic_s=179548.880164] 000363 000055
[host_monotonic_s=179548.890520] 000364 000036
[host_monotonic_s=179548.893888] 000365 000038
[host_monotonic_s=179548.900885] 000366 000037
[host_monotonic_s=179548.904221] 000367 000045
[host_monotonic_s=179548.907481] 000368 000038
[host_monotonic_s=179548.911255] 000369 000044
[host_monotonic_s=179548.921473] 000370 000040
[host_monotonic_s=179548.924797] 000371 000041
[host_monotonic_s=179548.927815] 000372 000037
[host_monotonic_s=179548.942049] 000373 000040
[host_monotonic_s=179548.945493] 000374 000039
[host_monotonic_s=179548.948858] 000375 000037
[host_monotonic_s=179548.952227] 000376 000036
[host_monotonic_s=179548.955458] 000377 000037
[host_monotonic_s=179548.970912] 000378 000038
[host_monotonic_s=179548.974150] 000379 000041
[host_monotonic_s=179548.991961] 000380 000035
[host_monotonic_s=179548.995042] 000381 000039
[host_monotonic_s=179548.998026] 000382 000043
[host_monotonic_s=179549.001612] 000383 000035
[host_monotonic_s=179549.005026] 000384 000035
[host_monotonic_s=179549.008382] 000385 000026
[host_monotonic_s=179549.011810] 000386 000025
[host_monotonic_s=179549.014958] 000387 000039
[host_monotonic_s=179549.018134] 000388 000041
[host_monotonic_s=179549.022444] 000389 000042
[host_monotonic_s=179549.030695] 000390 000034
[host_monotonic_s=179549.043112] 000391 000027
[host_monotonic_s=179549.046284] 000392 000019
[host_monotonic_s=179549.370819] 000393 000027
[host_monotonic_s=179549.370830] 000394 000038
[host_monotonic_s=179549.370832] 000395 000043
[host_monotonic_s=179549.370834] 000396 000032
[host_monotonic_s=179549.370835] 000397 000037
[host_monotonic_s=179549.370837] 000398 000035
[host_monotonic_s=179549.370838] 000399 000038
[host_monotonic_s=179549.370840] 000400 000035
[host_monotonic_s=179549.370842] 000401 000038
[host_monotonic_s=179549.370843] 000402 000039
[host_monotonic_s=179549.370844] 000403 000039
[host_monotonic_s=179549.370846] 000404 000026
[host_monotonic_s=179549.370847] 000405 000045
[host_monotonic_s=179549.370848] 000406 000040
[host_monotonic_s=179549.370849] 000407 000034
[host_monotonic_s=179549.370850] 000408 000039
[host_monotonic_s=179549.370852] 000409 000046
[host_monotonic_s=179549.370853] 000410 000050
[host_monotonic_s=179549.370854] 000411 000053
[host_monotonic_s=179549.376476] 000412 000045
[host_monotonic_s=179549.401637] 000413 000051
[host_monotonic_s=179549.405211] 000414 000059
[host_monotonic_s=179549.421710] 000415 000046
[host_monotonic_s=179563.845903] 000416 000067
[host_monotonic_s=179563.880652] 000417 000074
[host_monotonic_s=179563.891896] 000418 000063
[host_monotonic_s=179563.895383] 000419 000069
[host_monotonic_s=179563.898848] 000420 000086
[host_monotonic_s=179563.902631] 000421 000067
[host_monotonic_s=179563.906388] 000422 000069
[host_monotonic_s=179563.909776] 000423 000087
[host_monotonic_s=179563.913639] 000424 000081
[host_monotonic_s=179563.917042] 000425 000095
[host_monotonic_s=179563.920575] 000426 000093
[host_monotonic_s=179563.923885] 000427 000100
[host_monotonic_s=179563.927332] 000428 000093
[host_monotonic_s=179563.930631] 000429 000120
[host_monotonic_s=179563.941508] 000430 000111
[host_monotonic_s=179563.961543] 000431 000109
[host_monotonic_s=179563.965695] 000432 000117
[host_monotonic_s=179563.969164] 000433 000124
[host_monotonic_s=179563.980684] 000434 000117
[host_monotonic_s=179563.991170] 000435 000119
[host_monotonic_s=179563.994199] 000436 000117
[host_monotonic_s=179563.997461] 000437 000145
[host_monotonic_s=179564.000606] 000438 000132
[host_monotonic_s=179564.021174] 000439 000151
[host_monotonic_s=179564.024266] 000440 000137
[host_monotonic_s=179564.027511] 000441 000138
[host_monotonic_s=179564.031112] 000442 000158
[host_monotonic_s=179564.035029] 000443 000166
[host_monotonic_s=179564.040298] 000444 000156
[host_monotonic_s=179564.043511] 000445 000157
[host_monotonic_s=179564.061220] 000446 000174
[host_monotonic_s=179564.064124] 000447 000183
[host_monotonic_s=179564.071175] 000448 000181
[host_monotonic_s=179564.074474] 000449 000185
[host_monotonic_s=179564.082079] 000450 000181
[host_monotonic_s=179564.401070] 000451 000175
[host_monotonic_s=179564.401086] 000452 000229
[host_monotonic_s=179564.401089] 000453 000202
[host_monotonic_s=179564.401092] 000454 000231
[host_monotonic_s=179564.401094] 000455 000250
[host_monotonic_s=179564.401096] 000456 000228
[host_monotonic_s=179564.401098] 000457 000252
[host_monotonic_s=179564.401100] 000458 000248
[host_monotonic_s=179564.401103] 000459 000262
[host_monotonic_s=179564.401105] 000460 000275
[host_monotonic_s=179564.401107] 000461 000279
[host_monotonic_s=179564.401109] 000462 000286
[host_monotonic_s=179564.401111] 000463 000307
[host_monotonic_s=179564.401113] 000464 000315
[host_monotonic_s=179564.401115] 000465 000329
[host_monotonic_s=179564.401116] 000466 000318
[host_monotonic_s=179564.401118] 000467 000306
[host_monotonic_s=179564.401120] 000468 000366
[host_monotonic_s=179564.401122] 000469 000331
[host_monotonic_s=179564.410824] 000470 000351
[host_monotonic_s=179564.414585] 000471 000395
[host_monotonic_s=179564.421173] 000472 000399
[host_monotonic_s=179564.432464] 000473 000388
[host_monotonic_s=179564.435556] 000474 000450
[host_monotonic_s=179564.438686] 000475 000435
[host_monotonic_s=179564.441960] 000476 000439
[host_monotonic_s=179564.460585] 000477 000458
[host_monotonic_s=179564.472747] 000478 000456
[host_monotonic_s=179564.476244] 000479 000482
[host_monotonic_s=179564.507898] 000480 000506
[host_monotonic_s=179564.511754] 000481 000511
[host_monotonic_s=179564.515038] 000482 000541
[host_monotonic_s=179564.532332] 000483 000569
[host_monotonic_s=179564.552060] 000484 000568
[host_monotonic_s=179564.555306] 000485 000549
[host_monotonic_s=179564.558199] 000486 000581
[host_monotonic_s=179564.561374] 000487 000588
[host_monotonic_s=179564.570942] 000488 000607
[host_monotonic_s=179564.592972] 000489 000638
[host_monotonic_s=179564.596226] 000490 000640
[host_monotonic_s=179564.600002] 000491 000616
[host_monotonic_s=179564.611247] 000492 000688
[host_monotonic_s=179564.614235] 000493 000686
[host_monotonic_s=179564.621320] 000494 000680
[host_monotonic_s=179564.624571] 000495 000692
[host_monotonic_s=179564.627872] 000496 000682
[host_monotonic_s=179564.634937] 000497 000703
[host_monotonic_s=179564.639782] 000498 000688
[host_monotonic_s=179564.645038] 000499 000703
[host_monotonic_s=179564.650761] 000500 000706
[host_monotonic_s=179564.951425] 000501 000646
[host_monotonic_s=179564.951442] 000502 000689
[host_monotonic_s=179564.951445] 000503 000659
[host_monotonic_s=179564.951448] 000504 000674
[host_monotonic_s=179564.951450] 000505 000636
[host_monotonic_s=179564.951453] 000506 000660
[host_monotonic_s=179564.951455] 000507 000679
[host_monotonic_s=179564.951457] 000508 000645
[host_monotonic_s=179564.951459] 000509 000632
[host_monotonic_s=179564.951461] 000510 000631
[host_monotonic_s=179564.951463] 000511 000577
[host_monotonic_s=179564.951465] 000512 000608
[host_monotonic_s=179564.951466] 000513 000538
[host_monotonic_s=179564.951469] 000514 000548
[host_monotonic_s=179564.951470] 000515 000549
[host_monotonic_s=179564.951472] 000516 000523
[host_monotonic_s=179564.951473] 000517 000521
[host_monotonic_s=179564.951475] 000518 000515
[host_monotonic_s=179564.957460] 000519 000441
[host_monotonic_s=179564.960716] 000520 000454
[host_monotonic_s=179564.973872] 000521 000456
[host_monotonic_s=179564.978512] 000522 000453
[host_monotonic_s=179564.981823] 000523 000427
[host_monotonic_s=179564.991971] 000524 000385
[host_monotonic_s=179565.001244] 000525 000434
[host_monotonic_s=179565.004441] 000526 000406
[host_monotonic_s=179565.020471] 000527 000387
[host_monotonic_s=179565.023980] 000528 000374
[host_monotonic_s=179565.027030] 000529 000359
[host_monotonic_s=179565.030496] 000530 000328
[host_monotonic_s=179565.038278] 000531 000327
[host_monotonic_s=179565.043521] 000532 000323
[host_monotonic_s=179565.046544] 000533 000320
[host_monotonic_s=179565.049613] 000534 000295
[host_monotonic_s=179565.060659] 000535 000294
[host_monotonic_s=179565.063975] 000536 000297
[host_monotonic_s=179565.091278] 000537 000283
[host_monotonic_s=179565.120650] 000538 000295
[host_monotonic_s=179565.141508] 000539 000245
[host_monotonic_s=179565.145265] 000540 000282
[host_monotonic_s=179565.149028] 000541 000255
[host_monotonic_s=179565.160318] 000542 000254
[host_monotonic_s=179565.164192] 000543 000255
[host_monotonic_s=179565.166862] 000544 000239
[host_monotonic_s=179565.172036] 000545 000217
[host_monotonic_s=179565.181133] 000546 000220
[host_monotonic_s=179565.191292] 000547 000244
[host_monotonic_s=179565.194514] 000548 000184
[host_monotonic_s=179565.511107] 000549 000204
[host_monotonic_s=179565.511121] 000550 000230
[host_monotonic_s=179565.511123] 000551 000185
[host_monotonic_s=179565.511126] 000552 000192
[host_monotonic_s=179565.511127] 000553 000209
[host_monotonic_s=179565.511129] 000554 000197
[host_monotonic_s=179565.511131] 000555 000176
[host_monotonic_s=179565.511133] 000556 000177
[host_monotonic_s=179565.511134] 000557 000170
[host_monotonic_s=179565.511136] 000558 000171
[host_monotonic_s=179565.511138] 000559 000129
[host_monotonic_s=179565.511140] 000560 000170
[host_monotonic_s=179565.511141] 000561 000144
[host_monotonic_s=179565.511143] 000562 000166
[host_monotonic_s=179565.511145] 000563 000134
[host_monotonic_s=179565.511146] 000564 000150
[host_monotonic_s=179565.511147] 000565 000110
[host_monotonic_s=179565.511149] 000566 000124
[host_monotonic_s=179565.513872] 000567 000116
[host_monotonic_s=179565.520292] 000568 000143
[host_monotonic_s=179565.523908] 000569 000095
[host_monotonic_s=179565.531625] 000570 000148
[host_monotonic_s=179565.540875] 000571 000121
[host_monotonic_s=179565.552995] 000572 000136
[host_monotonic_s=179565.556314] 000573 000107
[host_monotonic_s=179565.559675] 000574 000108
[host_monotonic_s=179565.563278] 000575 000120
[host_monotonic_s=179565.566484] 000576 000105
[host_monotonic_s=179565.571467] 000577 000096
[host_monotonic_s=179565.582529] 000578 000102
[host_monotonic_s=179565.586105] 000579 000102
[host_monotonic_s=179565.600430] 000580 000100
[host_monotonic_s=179565.603576] 000581 000109
[host_monotonic_s=179565.613281] 000582 000090
[host_monotonic_s=179565.620163] 000583 000088
[host_monotonic_s=179565.641119] 000584 000089
[host_monotonic_s=179565.660475] 000585 000091
[host_monotonic_s=179565.663790] 000586 000097
[host_monotonic_s=179565.681953] 000587 000087
[host_monotonic_s=179565.685039] 000588 000108
[host_monotonic_s=179565.688427] 000589 000105
[host_monotonic_s=179565.693629] 000590 000079
[host_monotonic_s=179565.712053] 000591 000085
[host_monotonic_s=179565.720991] 000592 000073
[host_monotonic_s=179565.732718] 000593 000089
[host_monotonic_s=179565.742842] 000594 000102
[host_monotonic_s=179566.061782] 000595 000076
[host_monotonic_s=179566.061798] 000596 000085
[host_monotonic_s=179566.061801] 000597 000079
[host_monotonic_s=179566.061804] 000598 000078
[host_monotonic_s=179566.061807] 000599 000070
[host_monotonic_s=179566.061809] 000600 000087
[host_monotonic_s=179566.061811] 000601 000081
[host_monotonic_s=179566.061813] 000602 000096
[host_monotonic_s=179566.061815] 000603 000093
[host_monotonic_s=179566.061817] 000604 000080
[host_monotonic_s=179566.061819] 000605 000069
[host_monotonic_s=179566.061821] 000606 000087
[host_monotonic_s=179566.061823] 000607 000072
[host_monotonic_s=179566.061825] 000608 000085
[host_monotonic_s=179566.061826] 000609 000073
[host_monotonic_s=179566.061828] 000610 000082
[host_monotonic_s=179566.061829] 000611 000083
[host_monotonic_s=179566.061831] 000612 000102
[host_monotonic_s=179566.061834] 000613 000090
[host_monotonic_s=179566.070123] 000614 000088
[host_monotonic_s=179566.074409] 000615 000108
[host_monotonic_s=179566.078212] 000616 000096
[host_monotonic_s=179566.081837] 000617 000105
[host_monotonic_s=179566.100879] 000618 000081
[host_monotonic_s=179566.120484] 000619 000085
[host_monotonic_s=179566.134105] 000620 000098
[host_monotonic_s=179566.142416] 000621 000097
[host_monotonic_s=179566.146143] 000622 000101
[host_monotonic_s=179566.161216] 000623 000106
[host_monotonic_s=179566.164441] 000624 000103
[host_monotonic_s=179566.173477] 000625 000104
[host_monotonic_s=179566.191438] 000626 000095
[host_monotonic_s=179566.196895] 000627 000091
[host_monotonic_s=179566.210741] 000628 000116
[host_monotonic_s=179566.214228] 000629 000093
[host_monotonic_s=179566.250358] 000630 000097
[host_monotonic_s=179566.270810] 000631 000101
[host_monotonic_s=179566.274467] 000632 000110
[host_monotonic_s=179566.278038] 000633 000098
[host_monotonic_s=179566.300922] 000634 000088
[host_monotonic_s=179566.612315] 000635 000082
[host_monotonic_s=179566.612330] 000636 000100
[host_monotonic_s=179566.612332] 000637 000088
[host_monotonic_s=179566.612335] 000638 000069
[host_monotonic_s=179566.612337] 000639 000089
[host_monotonic_s=179566.612339] 000640 000086
[host_monotonic_s=179566.612340] 000641 000081
[host_monotonic_s=179566.612342] 000642 000071
[host_monotonic_s=179566.612344] 000643 000081
[host_monotonic_s=179566.612346] 000644 000087
[host_monotonic_s=179566.612348] 000645 000084
[host_monotonic_s=179566.612350] 000646 000085
[host_monotonic_s=179566.612352] 000647 000080
[host_monotonic_s=179566.612353] 000648 000068
[host_monotonic_s=179566.612355] 000649 000057
[host_monotonic_s=179566.612357] 000650 000071
[host_monotonic_s=179566.612358] 000651 000063
[host_monotonic_s=179566.612360] 000652 000055
[host_monotonic_s=179566.612362] 000653 000056
[host_monotonic_s=179566.620195] 000654 000071
[host_monotonic_s=179566.623814] 000655 000055
[host_monotonic_s=179566.650638] 000656 000052
[host_monotonic_s=179566.681331] 000657 000042
[host_monotonic_s=179566.684737] 000658 000049
[host_monotonic_s=179566.691379] 000659 000045
[host_monotonic_s=179566.695987] 000660 000063
[host_monotonic_s=179566.700652] 000661 000053
[host_monotonic_s=179566.705340] 000662 000045
[host_monotonic_s=179566.710388] 000663 000051
[host_monotonic_s=179566.714984] 000664 000032
[host_monotonic_s=179566.718181] 000665 000043
[host_monotonic_s=179566.730484] 000666 000041
[host_monotonic_s=179566.733663] 000667 000034
[host_monotonic_s=179566.736107] 000668 000046
[host_monotonic_s=179566.738560] 000669 000033
[host_monotonic_s=179566.741646] 000670 000028
[host_monotonic_s=179566.744825] 000671 000030
[host_monotonic_s=179566.782041] 000672 000038
[host_monotonic_s=179566.793499] 000673 000024
[host_monotonic_s=179566.811471] 000674 000031
[host_monotonic_s=179566.815023] 000675 000023
[host_monotonic_s=179566.840715] 000676 000033
[host_monotonic_s=179566.852079] 000677 000022
[host_monotonic_s=179566.855752] 000678 000031
[host_monotonic_s=179566.861590] 000679 000025
[host_monotonic_s=179567.162060] 000680 000031
[host_monotonic_s=179567.162066] 000681 000021
[host_monotonic_s=179567.162067] 000682 000021
[host_monotonic_s=179567.162067] 000683 000026
[host_monotonic_s=179567.162068] 000684 000031
[host_monotonic_s=179567.162068] 000685 000026
[host_monotonic_s=179567.162069] 000686 000035
[host_monotonic_s=179567.162069] 000687 000025
[host_monotonic_s=179567.162069] 000688 000023
[host_monotonic_s=179582.241072] 000689 000031
[host_monotonic_s=179582.241085] 000690 000022
[host_monotonic_s=179582.241088] 000691 000019
[host_monotonic_s=179582.241090] 000692 000024
[host_monotonic_s=179582.241092] 000693 000027
[host_monotonic_s=179582.241094] 000694 000016
[host_monotonic_s=179582.241096] 000695 000026
[host_monotonic_s=179582.241098] 000696 000023
[host_monotonic_s=179582.241100] 000697 000025
[host_monotonic_s=179582.241102] 000698 000022
[host_monotonic_s=179582.241103] 000699 000021
[host_monotonic_s=179582.241105] 000700 000020
[host_monotonic_s=179582.241107] 000701 000020
[host_monotonic_s=179582.241109] 000702 000025
[host_monotonic_s=179582.241110] 000703 000025
[host_monotonic_s=179582.241112] 000704 000018
[host_monotonic_s=179582.241113] 000705 000025
[host_monotonic_s=179582.241115] 000706 000023
[host_monotonic_s=179582.241117] 000707 000018
[host_monotonic_s=179582.248485] 000708 000016
[host_monotonic_s=179582.256845] 000709 000022
[host_monotonic_s=179582.261865] 000710 000018
[host_monotonic_s=179582.265606] 000711 000020
[host_monotonic_s=179582.270635] 000712 000025
[host_monotonic_s=179582.274732] 000713 000015
[host_monotonic_s=179582.281263] 000714 000025
[host_monotonic_s=179582.285058] 000715 000026
[host_monotonic_s=179582.292394] 000716 000015
[host_monotonic_s=179582.296515] 000717 000020
[host_monotonic_s=179582.311310] 000718 000021
[host_monotonic_s=179582.332817] 000719 000022
[host_monotonic_s=179582.340829] 000720 000022
[host_monotonic_s=179582.360656] 000721 000023
[host_monotonic_s=179582.382932] 000722 000028
[host_monotonic_s=179582.402793] 000723 000020
[host_monotonic_s=179582.413316] 000724 000021
[host_monotonic_s=179582.441208] 000725 000022
[host_monotonic_s=179582.444476] 000726 000019
[host_monotonic_s=179582.453388] 000727 000021
[host_monotonic_s=179582.463574] 000728 000022
[host_monotonic_s=179582.472438] 000729 000028
[host_monotonic_s=179582.475908] 000730 000018
[host_monotonic_s=179582.479572] 000731 000021
[host_monotonic_s=179582.482868] 000732 000020
[host_monotonic_s=179582.486190] 000733 000018
[host_monotonic_s=179582.489401] 000734 000018
[host_monotonic_s=179582.791456] 000735 000026
[host_monotonic_s=179582.791471] 000736 000020
[host_monotonic_s=179582.791474] 000737 000022
[host_monotonic_s=179582.791476] 000738 000019
[host_monotonic_s=179582.791478] 000739 000016
[host_monotonic_s=179582.791480] 000740 000018
[host_monotonic_s=179582.791482] 000741 000015
[host_monotonic_s=179582.791484] 000742 000025
[host_monotonic_s=179582.791485] 000743 000015
[host_monotonic_s=179582.791487] 000744 000020
[host_monotonic_s=179582.791489] 000745 000019
[host_monotonic_s=179582.791491] 000746 000015
[host_monotonic_s=179582.791493] 000747 000026
[host_monotonic_s=179582.791494] 000748 000018
[host_monotonic_s=179582.791496] 000749 000010
[host_monotonic_s=179582.791498] 000750 000024
[host_monotonic_s=179582.791499] 000751 000020
[host_monotonic_s=179582.791501] 000752 000021
[host_monotonic_s=179582.795929] 000753 000016
[host_monotonic_s=179582.801118] 000754 000022
[host_monotonic_s=179582.820806] 000755 000020
[host_monotonic_s=179582.824383] 000756 000014
[host_monotonic_s=179582.827551] 000757 000010
[host_monotonic_s=179582.842480] 000758 000021
[host_monotonic_s=179582.852836] 000759 000014
[host_monotonic_s=179582.861742] 000760 000017
[host_monotonic_s=179582.871649] 000761 000020
[host_monotonic_s=179582.874950] 000762 000021
[host_monotonic_s=179582.881034] 000763 000016
[host_monotonic_s=179582.891078] 000764 000013
[host_monotonic_s=179582.895460] 000765 000019
[host_monotonic_s=179582.902372] 000766 000015
[host_monotonic_s=179582.906856] 000767 000020
[host_monotonic_s=179582.912862] 000768 000016
[host_monotonic_s=179582.924045] 000769 000010
[host_monotonic_s=179582.934349] 000770 000011
[host_monotonic_s=179582.941760] 000771 000014
[host_monotonic_s=179582.952126] 000772 000016
[host_monotonic_s=179582.960613] 000773 000016
[host_monotonic_s=179582.990471] 000774 000016
[host_monotonic_s=179582.994244] 000775 000018
[host_monotonic_s=179582.997436] 000776 000015
[host_monotonic_s=179583.001832] 000777 000010
[host_monotonic_s=179583.022756] 000778 000026
[host_monotonic_s=179583.026031] 000779 000021
[host_monotonic_s=179583.341947] 000780 000015
[host_monotonic_s=179583.341964] 000781 000020
[host_monotonic_s=179583.341967] 000782 000018
[host_monotonic_s=179583.341969] 000783 000018
[host_monotonic_s=179583.341972] 000784 000017
[host_monotonic_s=179583.341974] 000785 000018
[host_monotonic_s=179583.341976] 000786 000016
[host_monotonic_s=179583.341978] 000787 000015
[host_monotonic_s=179583.341980] 000788 000014
[host_monotonic_s=179583.341983] 000789 000015
[host_monotonic_s=179583.341985] 000790 000014
[host_monotonic_s=179583.341987] 000791 000013
[host_monotonic_s=179583.341989] 000792 000013
[host_monotonic_s=179583.341990] 000793 000008
[host_monotonic_s=179583.341993] 000794 000017
[host_monotonic_s=179583.341994] 000795 000012
[host_monotonic_s=179583.341996] 000796 000017
[host_monotonic_s=179583.341998] 000797 000018
[host_monotonic_s=179583.342020] 000798 000009
[host_monotonic_s=179583.360470] 000799 000012
[host_monotonic_s=179583.363629] 000800 000015
[host_monotonic_s=179583.366815] 000801 000011
[host_monotonic_s=179583.369968] 000802 000017
[host_monotonic_s=179583.391910] 000803 000013
[host_monotonic_s=179583.404394] 000804 000016
[host_monotonic_s=179583.407518] 000805 000016
[host_monotonic_s=179583.411562] 000806 000011
[host_monotonic_s=179583.414991] 000807 000012
[host_monotonic_s=179583.430382] 000808 000018
[host_monotonic_s=179583.443984] 000809 000011
[host_monotonic_s=179583.447055] 000810 000007
[host_monotonic_s=179583.470853] 000811 000015
[host_monotonic_s=179583.473993] 000812 000011
[host_monotonic_s=179583.482024] 000813 000010
[host_monotonic_s=179583.491453] 000814 000011
[host_monotonic_s=179583.494621] 000815 000007
[host_monotonic_s=179583.530851] 000816 000003
[host_monotonic_s=179583.542293] 000817 000013
[host_monotonic_s=179583.546189] 000818 000010
[host_monotonic_s=179583.561220] 000819 000006
[host_monotonic_s=179583.564310] 000820 000006
[host_monotonic_s=179583.573424] 000821 000012
[host_monotonic_s=179583.581107] 000822 000009
[host_monotonic_s=179583.901309] 000823 000016
[host_monotonic_s=179583.901325] 000824 000010
[host_monotonic_s=179583.901330] 000825 000016
[host_monotonic_s=179583.901333] 000826 000012
[host_monotonic_s=179583.901336] 000827 000011
[host_monotonic_s=179583.901339] 000828 000007
[host_monotonic_s=179583.901341] 000829 000009
[host_monotonic_s=179583.901343] 000830 000019
[host_monotonic_s=179583.901345] 000831 000011
[host_monotonic_s=179583.901347] 000832 000006
[host_monotonic_s=179583.901349] 000833 000011
[host_monotonic_s=179583.901351] 000834 000006
[host_monotonic_s=179583.901352] 000835 000009
[host_monotonic_s=179583.901354] 000836 000015
[host_monotonic_s=179583.901356] 000837 000011
[host_monotonic_s=179583.901358] 000838 000011
[host_monotonic_s=179583.901359] 000839 000008
[host_monotonic_s=179583.901361] 000840 000008
[host_monotonic_s=179583.903974] 000841 000007
[host_monotonic_s=179583.910674] 000842 000009
[host_monotonic_s=179583.921549] 000843 000011
[host_monotonic_s=179583.924163] 000844 000008
[host_monotonic_s=179583.930397] 000845 000008
[host_monotonic_s=179583.933919] 000846 000007
[host_monotonic_s=179583.941397] 000847 000010
[host_monotonic_s=179583.944937] 000848 000012
[host_monotonic_s=179583.960674] 000849 000009
[host_monotonic_s=179583.972412] 000850 000008
[host_monotonic_s=179583.982430] 000851 000008
[host_monotonic_s=179584.006554] 000852 000009
[host_monotonic_s=179584.031301] 000853 000005
[host_monotonic_s=179584.034648] 000854 000006
[host_monotonic_s=179584.038018] 000855 000010
[host_monotonic_s=179584.050849] 000856 000008
[host_monotonic_s=179584.070463] 000857 000010
[host_monotonic_s=179584.092556] 000858 000006
[host_monotonic_s=179584.103948] 000859 000008
[host_monotonic_s=179584.110055] 000860 000004
[host_monotonic_s=179584.113443] 000861 000006
[host_monotonic_s=179584.121962] 000862 000010
[host_monotonic_s=179584.125154] 000863 000014
[host_monotonic_s=179584.128299] 000864 000007
[host_monotonic_s=179584.131781] 000865 000014
[host_monotonic_s=179584.142642] 000866 000005
[host_monotonic_s=179584.451767] 000867 000009
[host_monotonic_s=179584.451784] 000868 000008
[host_monotonic_s=179584.451786] 000869 000005
[host_monotonic_s=179584.451789] 000870 000005
[host_monotonic_s=179584.451792] 000871 000006
[host_monotonic_s=179584.451794] 000872 000003
[host_monotonic_s=179584.451796] 000873 000006
[host_monotonic_s=179584.451798] 000874 000009
[host_monotonic_s=179584.451799] 000875 000007
[host_monotonic_s=179584.451802] 000876 000005
[host_monotonic_s=179584.451804] 000877 000008
[host_monotonic_s=179584.451806] 000878 000010
[host_monotonic_s=179584.451808] 000879 000009
[host_monotonic_s=179584.451809] 000880 000008
[host_monotonic_s=179584.451811] 000881 000007
[host_monotonic_s=179584.451813] 000882 000008
[host_monotonic_s=179584.451815] 000883 000007
[host_monotonic_s=179584.451816] 000884 000009
[host_monotonic_s=179584.451819] 000885 000006
[host_monotonic_s=179584.461695] 000886 000008
[host_monotonic_s=179584.465201] 000887 000008
[host_monotonic_s=179584.468604] 000888 000007
[host_monotonic_s=179584.472715] 000889 000004
[host_monotonic_s=179584.475936] 000890 000003
[host_monotonic_s=179584.501030] 000891 000008
[host_monotonic_s=179584.522640] 000892 000010
[host_monotonic_s=179584.526071] 000893 000010
[host_monotonic_s=179584.530733] 000894 000007
[host_monotonic_s=179584.533928] 000895 000006
[host_monotonic_s=179584.542744] 000896 000005
[host_monotonic_s=179584.546012] 000897 000007
[host_monotonic_s=179584.552190] 000898 000004
[host_monotonic_s=179584.562426] 000899 000006
[host_monotonic_s=179584.565438] 000900 000005
[host_monotonic_s=179584.590477] 000901 000007
[host_monotonic_s=179584.620859] 000902 000003
[host_monotonic_s=179584.632744] 000903 000006
[host_monotonic_s=179584.640797] 000904 000004
[host_monotonic_s=179584.652687] 000905 000003
[host_monotonic_s=179584.655660] 000906 000004
[host_monotonic_s=179584.662159] 000907 000009
[host_monotonic_s=179584.670516] 000908 000013
[host_monotonic_s=179584.673708] 000909 000005
[host_monotonic_s=179584.690840] 000910 000004
[host_monotonic_s=179584.701282] 000911 000007
[host_monotonic_s=179585.002111] 000912 000003
[host_monotonic_s=179585.002129] 000913 000006
[host_monotonic_s=179585.002133] 000914 000006
[host_monotonic_s=179585.002136] 000915 000009
[host_monotonic_s=179585.002139] 000916 000010
[host_monotonic_s=179585.002142] 000917 000004
[host_monotonic_s=179585.002145] 000918 000005
[host_monotonic_s=179585.002148] 000919 000007
[host_monotonic_s=179585.002150] 000920 000004
[host_monotonic_s=179585.002153] 000921 000003
[host_monotonic_s=179585.002156] 000922 000006
[host_monotonic_s=179585.002158] 000923 000003
[host_monotonic_s=179585.002161] 000924 000008
[host_monotonic_s=179585.002163] 000925 000005
[host_monotonic_s=179585.002165] 000926 000002
[host_monotonic_s=179585.002168] 000927 000004
[host_monotonic_s=179585.002170] 000928 000001
[host_monotonic_s=179585.002172] 000929 000005
[host_monotonic_s=179585.006484] 000930 000008
[host_monotonic_s=179585.011396] 000931 000008
[host_monotonic_s=179585.014692] 000932 000005
[host_monotonic_s=179585.017853] 000933 000002
[host_monotonic_s=179585.020790] 000934 000004
[host_monotonic_s=179585.023864] 000935 000002
[host_monotonic_s=179585.026722] 000936 000006
[host_monotonic_s=179585.029706] 000937 000005
[host_monotonic_s=179585.032645] 000938 000004
[host_monotonic_s=179585.035634] 000939 000005
[host_monotonic_s=179585.038662] 000940 000005
[host_monotonic_s=179585.050432] 000941 000008
[host_monotonic_s=179585.053869] 000942 000003
[host_monotonic_s=179585.060628] 000943 000006
[host_monotonic_s=179585.081110] 000944 000003
[host_monotonic_s=179585.092964] 000945 000001
[host_monotonic_s=179585.103347] 000946 000003
[host_monotonic_s=179585.120493] 000947 000004
[host_monotonic_s=179585.131940] 000948 000008
[host_monotonic_s=179585.135386] 000949 000003
[host_monotonic_s=179585.138782] 000950 000004
[host_monotonic_s=179585.151708] 000951 000006
[host_monotonic_s=179585.155234] 000952 000008
[host_monotonic_s=179585.158339] 000953 000004
[host_monotonic_s=179585.182066] 000955 000002
[host_monotonic_s=179585.191181] 000956 000005
[host_monotonic_s=179585.194783] 000957 000005
[host_monotonic_s=179585.198235] 000958 000005
[host_monotonic_s=179585.202215] 000959 000003
[host_monotonic_s=179585.212572] 000960 000004
[host_monotonic_s=179585.216150] 000961 000001
[host_monotonic_s=179585.242331] 000963 000001
[host_monotonic_s=179600.460759] 000964 000001
[host_monotonic_s=179600.460765] 000965 000004
[host_monotonic_s=179600.460765] 000966 000003
[host_monotonic_s=179600.461542] 000968 000004
[host_monotonic_s=179600.470662] 000969 000002
[host_monotonic_s=179600.473988] 000970 000001
[host_monotonic_s=179600.500424] 000971 000003
[host_monotonic_s=179600.503766] 000972 000003
[host_monotonic_s=179600.506869] 000973 000004
[host_monotonic_s=179600.510813] 000974 000001
[host_monotonic_s=179600.530384] 000975 000002
[host_monotonic_s=179600.533675] 000976 000004
[host_monotonic_s=179600.541760] 000977 000004
[host_monotonic_s=179600.550875] 000978 000005
[host_monotonic_s=179600.570311] 000979 000003
[host_monotonic_s=179600.580636] 000980 000002
[host_monotonic_s=179600.611143] 000981 000001
[host_monotonic_s=179600.616916] 000982 000004
[host_monotonic_s=179600.622312] 000983 000004
[host_monotonic_s=179600.627071] 000984 000002
[host_monotonic_s=179600.640412] 000985 000003
[host_monotonic_s=179600.670444] 000986 000004
[host_monotonic_s=179600.673438] 000987 000001
[host_monotonic_s=179600.676905] 000988 000001
[host_monotonic_s=179600.680255] 000989 000001
[host_monotonic_s=179600.683537] 000990 000002
[host_monotonic_s=179601.011583] 000991 000002
[host_monotonic_s=179601.011598] 000992 000005
[host_monotonic_s=179601.011601] 000993 000002
[host_monotonic_s=179601.011604] 000994 000003
[host_monotonic_s=179601.011605] 000995 000002
[host_monotonic_s=179601.011608] 000996 000001
[host_monotonic_s=179601.011610] 000998 000004
[host_monotonic_s=179601.011612] 001000 000002
[host_monotonic_s=179601.011614] 001001 000002
[host_monotonic_s=179601.011616] 001002 000002
[host_monotonic_s=179601.011618] 001003 000003
[host_monotonic_s=179601.011620] 001004 000002
[host_monotonic_s=179601.011621] 001005 000002
[host_monotonic_s=179601.011623] 001006 000001
[host_monotonic_s=179601.011625] 001008 000002
[host_monotonic_s=179601.011626] 001009 000001
[host_monotonic_s=179601.011627] 001010 000003
[host_monotonic_s=179601.011629] 001011 000001
[host_monotonic_s=179601.014016] 001012 000001
[host_monotonic_s=179601.020052] 001013 000001
[host_monotonic_s=179601.041162] 001014 000001
[host_monotonic_s=179601.050683] 001015 000001
[host_monotonic_s=179601.060615] 001018 000003
[host_monotonic_s=179601.080817] 001019 000003
[host_monotonic_s=179601.092458] 001020 000003
[host_monotonic_s=179601.095732] 001021 000002
[host_monotonic_s=179601.100417] 001022 000003
[host_monotonic_s=179601.114960] 001023 000001
[host_monotonic_s=179601.120403] 001024 000002
[host_monotonic_s=179601.151811] 001026 000002
[host_monotonic_s=179601.171796] 001027 000002
[host_monotonic_s=179601.180409] 001028 000001
[host_monotonic_s=179601.210381] 001029 000003
[host_monotonic_s=179601.223420] 001030 000001
[host_monotonic_s=179601.226649] 001032 000002
[host_monotonic_s=179601.231398] 001033 000001
[host_monotonic_s=179601.561879] 001034 000001
[host_monotonic_s=179601.561894] 001035 000001
[host_monotonic_s=179601.561898] 001036 000005
[host_monotonic_s=179601.561901] 001037 000003
[host_monotonic_s=179601.561904] 001038 000002
[host_monotonic_s=179601.561907] 001039 000004
[host_monotonic_s=179601.561909] 001040 000004
[host_monotonic_s=179601.561912] 001041 000007
[host_monotonic_s=179601.561915] 001042 000006
[host_monotonic_s=179601.561918] 001043 000002
[host_monotonic_s=179601.561920] 001044 000003
[host_monotonic_s=179601.561923] 001045 000003
[host_monotonic_s=179601.561926] 001046 000001
[host_monotonic_s=179601.561929] 001047 000003
[host_monotonic_s=179601.561932] 001048 000003
[host_monotonic_s=179601.561934] 001049 000006
[host_monotonic_s=179601.561936] 001050 000004
[host_monotonic_s=179601.561938] 001051 000005
[host_monotonic_s=179601.561941] 001052 000003
[host_monotonic_s=179601.580368] 001054 000006
[host_monotonic_s=179601.585107] 001055 000005
[host_monotonic_s=179601.589543] 001056 000004
[host_monotonic_s=179601.593473] 001057 000009
[host_monotonic_s=179601.596695] 001058 000005
[host_monotonic_s=179601.601821] 001059 000003
[host_monotonic_s=179601.610361] 001060 000005
[host_monotonic_s=179601.623813] 001061 000006
[host_monotonic_s=179601.641100] 001062 000005
[host_monotonic_s=179601.644543] 001063 000001
[host_monotonic_s=179601.665446] 001064 000005
[host_monotonic_s=179601.682274] 001065 000002
[host_monotonic_s=179601.700801] 001066 000003
[host_monotonic_s=179601.712250] 001068 000002
[host_monotonic_s=179601.721718] 001069 000005
[host_monotonic_s=179601.732205] 001070 000002
[host_monotonic_s=179601.761378] 001071 000007
[host_monotonic_s=179601.764969] 001072 000003
[host_monotonic_s=179601.768639] 001073 000005
[host_monotonic_s=179601.772188] 001074 000008
[host_monotonic_s=179601.782059] 001075 000002
[host_monotonic_s=179601.790367] 001076 000004
[host_monotonic_s=179601.811126] 001077 000008
[host_monotonic_s=179602.112319] 001078 000001
[host_monotonic_s=179602.112335] 001079 000006
[host_monotonic_s=179602.112339] 001080 000004
[host_monotonic_s=179602.112341] 001081 000007
[host_monotonic_s=179602.112344] 001082 000003
[host_monotonic_s=179602.112346] 001083 000010
[host_monotonic_s=179602.112347] 001084 000009
[host_monotonic_s=179602.112349] 001085 000004
[host_monotonic_s=179602.112351] 001086 000010
[host_monotonic_s=179602.112353] 001087 000005
[host_monotonic_s=179602.112355] 001088 000005
[host_monotonic_s=179602.112356] 001089 000011
[host_monotonic_s=179602.112358] 001090 000007
[host_monotonic_s=179602.112360] 001091 000006
[host_monotonic_s=179602.112362] 001092 000008
[host_monotonic_s=179602.112363] 001093 000007
[host_monotonic_s=179602.112365] 001094 000005
[host_monotonic_s=179602.112366] 001095 000004
[host_monotonic_s=179602.116749] 001096 000002
[host_monotonic_s=179602.124480] 001097 000005
[host_monotonic_s=179602.128076] 001098 000011
[host_monotonic_s=179602.141278] 001099 000005
[host_monotonic_s=179602.152505] 001100 000006
[host_monotonic_s=179602.157457] 001101 000006
[host_monotonic_s=179602.160578] 001102 000002
[host_monotonic_s=179602.180408] 001103 000005
[host_monotonic_s=179602.183886] 001104 000005
[host_monotonic_s=179602.191533] 001105 000008
[host_monotonic_s=179602.202142] 001106 000003
[host_monotonic_s=179602.211656] 001107 000005
[host_monotonic_s=179602.221666] 001108 000006
[host_monotonic_s=179602.231093] 001110 000005
[host_monotonic_s=179602.234745] 001111 000005
[host_monotonic_s=179602.261018] 001112 000005
[host_monotonic_s=179602.273429] 001113 000005
[host_monotonic_s=179602.291962] 001114 000004
[host_monotonic_s=179602.311239] 001115 000003
[host_monotonic_s=179602.330984] 001116 000007
[host_monotonic_s=179602.341932] 001117 000004
[host_monotonic_s=179602.345333] 001118 000001
[host_monotonic_s=179602.351190] 001119 000005
[host_monotonic_s=179602.360840] 001120 000005
[host_monotonic_s=179602.662601] 001121 000004
[host_monotonic_s=179602.662615] 001122 000006
[host_monotonic_s=179602.662619] 001123 000005
[host_monotonic_s=179602.662622] 001124 000007
[host_monotonic_s=179602.662625] 001125 000001
[host_monotonic_s=179602.662627] 001126 000002
[host_monotonic_s=179602.662630] 001127 000004
[host_monotonic_s=179602.662632] 001128 000004
[host_monotonic_s=179602.662634] 001129 000006
[host_monotonic_s=179602.662637] 001130 000007
[host_monotonic_s=179602.662639] 001131 000006
[host_monotonic_s=179602.662641] 001132 000006
[host_monotonic_s=179602.662643] 001133 000006
[host_monotonic_s=179602.662645] 001134 000007
[host_monotonic_s=179602.662648] 001135 000005
[host_monotonic_s=179602.662650] 001136 000003
[host_monotonic_s=179602.662652] 001137 000003
[host_monotonic_s=179602.662655] 001138 000005
[host_monotonic_s=179602.664434] 001139 000004
[host_monotonic_s=179602.671217] 001140 000005
[host_monotonic_s=179602.681132] 001141 000004
[host_monotonic_s=179602.702396] 001142 000003
[host_monotonic_s=179602.710890] 001143 000005
[host_monotonic_s=179602.720381] 001144 000003
[host_monotonic_s=179602.724705] 001145 000005
[host_monotonic_s=179602.740607] 001146 000006
[host_monotonic_s=179602.762769] 001147 000006
[host_monotonic_s=179602.781512] 001148 000004
[host_monotonic_s=179602.785251] 001149 000006
[host_monotonic_s=179602.788741] 001150 000004
[host_monotonic_s=179602.800750] 001151 000002
[host_monotonic_s=179602.804115] 001152 000003
[host_monotonic_s=179602.807106] 001153 000001
[host_monotonic_s=179602.830361] 001154 000003
[host_monotonic_s=179602.833748] 001155 000003
[host_monotonic_s=179602.850542] 001156 000007
[host_monotonic_s=179602.854169] 001157 000002
[host_monotonic_s=179602.863708] 001158 000003
[host_monotonic_s=179602.867023] 001159 000001
[host_monotonic_s=179602.872615] 001160 000005
[host_monotonic_s=179602.876191] 001161 000004
[host_monotonic_s=179602.879393] 001162 000003
[host_monotonic_s=179602.882515] 001163 000002
[host_monotonic_s=179603.213033] 001164 000006
[host_monotonic_s=179603.213045] 001165 000003
[host_monotonic_s=179603.213048] 001166 000004
[host_monotonic_s=179603.213050] 001167 000004
[host_monotonic_s=179603.213053] 001168 000005
[host_monotonic_s=179603.213054] 001169 000003
[host_monotonic_s=179603.213056] 001171 000008
[host_monotonic_s=179603.213058] 001172 000005
[host_monotonic_s=179603.213059] 001173 000001
[host_monotonic_s=179603.213061] 001174 000004
[host_monotonic_s=179603.213062] 001175 000002
[host_monotonic_s=179603.213064] 001176 000005
[host_monotonic_s=179603.213065] 001177 000005
[host_monotonic_s=179603.213067] 001179 000004
[host_monotonic_s=179603.213068] 001180 000002
[host_monotonic_s=179603.213070] 001181 000004
[host_monotonic_s=179603.213071] 001182 000002
[host_monotonic_s=179603.213072] 001183 000003
[host_monotonic_s=179603.213074] 001184 000001
[host_monotonic_s=179603.220733] 001185 000008
[host_monotonic_s=179603.224317] 001187 000005
[host_monotonic_s=179603.227270] 001188 000003
[host_monotonic_s=179603.251600] 001189 000004
[host_monotonic_s=179603.271900] 001190 000002
[host_monotonic_s=179603.285255] 001191 000006
[host_monotonic_s=179603.303238] 001192 000002
[host_monotonic_s=179603.312322] 001193 000001
[host_monotonic_s=179603.320534] 001194 000002
[host_monotonic_s=179603.340381] 001195 000001
[host_monotonic_s=179603.345787] 001196 000006
[host_monotonic_s=179603.350294] 001197 000002
[host_monotonic_s=179603.353539] 001198 000004
[host_monotonic_s=179603.372137] 001199 000003
[host_monotonic_s=179603.376052] 001200 000006
[host_monotonic_s=179603.382399] 001201 000005
[host_monotonic_s=179603.391099] 001202 000005
[host_monotonic_s=179603.414566] 001203 000002
[host_monotonic_s=179603.419771] 001204 000005
[host_monotonic_s=179603.424486] 001205 000001
[host_monotonic_s=179603.429565] 001206 000004
[host_monotonic_s=179603.434070] 001207 000007
[host_monotonic_s=179603.437429] 001208 000003
[host_monotonic_s=179603.440924] 001209 000008
[host_monotonic_s=179603.452765] 001210 000007
[host_monotonic_s=179603.461257] 001211 000003
[host_monotonic_s=179603.763598] 001212 000004
[host_monotonic_s=179603.763612] 001213 000001
[host_monotonic_s=179603.763615] 001214 000002
[host_monotonic_s=179603.763617] 001215 000003
[host_monotonic_s=179603.763619] 001216 000002
[host_monotonic_s=179603.763622] 001217 000004
[host_monotonic_s=179603.763624] 001218 000003
[host_monotonic_s=179603.763626] 001221 000001
[host_monotonic_s=179603.763627] 001222 000002
[host_monotonic_s=179603.763629] 001223 000003
[host_monotonic_s=179603.763631] 001224 000002
[host_monotonic_s=179603.763633] 001225 000003
[host_monotonic_s=179603.763634] 001226 000007
[host_monotonic_s=179603.763636] 001227 000002
[host_monotonic_s=179603.763638] 001228 000002
[host_monotonic_s=179603.763639] 001229 000003
[host_monotonic_s=179603.763641] 001230 000002
[host_monotonic_s=179603.763643] 001231 000004
[host_monotonic_s=179603.763645] 001232 000002
[host_monotonic_s=179603.772822] 001233 000002
[host_monotonic_s=179603.781279] 001234 000003
[host_monotonic_s=179603.792926] 001235 000005
[host_monotonic_s=179603.801928] 001236 000001
[host_monotonic_s=179603.834860] 001237 000002
[host_monotonic_s=179603.850820] 001238 000007
[host_monotonic_s=179603.876511] 001239 000001
[host_monotonic_s=179603.879724] 001240 000003
[host_monotonic_s=179603.891836] 001241 000001
[host_monotonic_s=179603.896942] 001242 000002
[host_monotonic_s=179603.900439] 001243 000003
[host_monotonic_s=179603.911240] 001244 000001
[host_monotonic_s=179603.922917] 001246 000006
[host_monotonic_s=179603.931050] 001247 000002
[host_monotonic_s=179603.951950] 001248 000002
[host_monotonic_s=179603.955664] 001249 000007
[host_monotonic_s=179603.959004] 001250 000003
[host_monotonic_s=179603.962397] 001251 000003
[host_monotonic_s=179603.965707] 001252 000004
[host_monotonic_s=179603.968660] 001254 000001
[host_monotonic_s=179620.787205] 001255 000005
[host_monotonic_s=179620.787212] 001256 000003
[host_monotonic_s=179620.787214] 001257 000005
[host_monotonic_s=179620.787215] 001258 000003
[host_monotonic_s=179620.787216] 001259 000001
[host_monotonic_s=179620.787217] 001260 000002
[host_monotonic_s=179620.787218] 001261 000006
[host_monotonic_s=179620.787218] 001262 000002
[host_monotonic_s=179620.787219] 001263 000002
[host_monotonic_s=179620.787220] 001264 000003
[host_monotonic_s=179620.787221] 001265 000002
[host_monotonic_s=179620.787222] 001266 000003
[host_monotonic_s=179620.787222] 001267 000003
[host_monotonic_s=179620.787223] 001268 000002
[host_monotonic_s=179620.787224] 001269 000003
[host_monotonic_s=179620.787224] 001270 000005
[host_monotonic_s=179620.787225] 001271 000002
[host_monotonic_s=179620.787226] 001272 000001
[host_monotonic_s=179620.787226] 001273 000002
[host_monotonic_s=179620.792927] 001274 000004
[host_monotonic_s=179620.795898] 001275 000002
[host_monotonic_s=179620.803653] 001276 000003
[host_monotonic_s=179620.812485] 001277 000003
[host_monotonic_s=179620.821886] 001278 000004
[host_monotonic_s=179620.841886] 001279 000002
[host_monotonic_s=179620.844830] 001280 000002
[host_monotonic_s=179620.850352] 001281 000006
[host_monotonic_s=179620.872178] 001282 000001
[host_monotonic_s=179620.875411] 001283 000001
[host_monotonic_s=179620.890424] 001284 000002
[host_monotonic_s=179620.900400] 001285 000001
[host_monotonic_s=179620.903566] 001286 000001
[host_monotonic_s=179620.911089] 001287 000003
[host_monotonic_s=179620.914259] 001288 000003
[host_monotonic_s=179620.931093] 001289 000002
[host_monotonic_s=179620.940630] 001290 000002
[host_monotonic_s=179620.944334] 001291 000003
[host_monotonic_s=179620.953347] 001292 000002
[host_monotonic_s=179620.956486] 001293 000001
[host_monotonic_s=179620.970977] 001295 000001
[host_monotonic_s=179620.974093] 001296 000003
[host_monotonic_s=179620.977244] 001297 000004
[host_monotonic_s=179620.980136] 001298 000001
[host_monotonic_s=179620.992979] 001299 000002
[host_monotonic_s=179621.020479] 001300 000001
[host_monotonic_s=179621.023747] 001301 000002
[host_monotonic_s=179621.341109] 001302 000002
[host_monotonic_s=179621.341122] 001303 000002
[host_monotonic_s=179621.341124] 001304 000003
[host_monotonic_s=179621.341126] 001305 000003
[host_monotonic_s=179621.341127] 001306 000003
[host_monotonic_s=179621.341129] 001307 000001
[host_monotonic_s=179621.341130] 001308 000004
[host_monotonic_s=179621.341132] 001309 000001
[host_monotonic_s=179621.341133] 001311 000002
[host_monotonic_s=179621.341135] 001312 000002
[host_monotonic_s=179621.341136] 001314 000002
[host_monotonic_s=179621.341138] 001315 000001
[host_monotonic_s=179621.341139] 001316 000006
[host_monotonic_s=179621.341141] 001318 000001
[host_monotonic_s=179621.341142] 001320 000002
[host_monotonic_s=179621.341143] 001321 000004
[host_monotonic_s=179621.341144] 001322 000002
[host_monotonic_s=179621.341146] 001323 000002
[host_monotonic_s=179621.341147] 001324 000004
[host_monotonic_s=179621.348813] 001325 000002
[host_monotonic_s=179621.352609] 001326 000002
[host_monotonic_s=179621.380937] 001327 000001
[host_monotonic_s=179621.393080] 001328 000004
[host_monotonic_s=179621.396362] 001330 000004
[host_monotonic_s=179621.399608] 001331 000002
[host_monotonic_s=179621.402942] 001332 000002
[host_monotonic_s=179621.406589] 001334 000002
[host_monotonic_s=179621.410787] 001335 000002
[host_monotonic_s=179621.421731] 001337 000002
[host_monotonic_s=179621.433353] 001338 000002
[host_monotonic_s=179621.447423] 001339 000001
[host_monotonic_s=179621.452852] 001340 000002
[host_monotonic_s=179621.462685] 001341 000002
[host_monotonic_s=179621.472224] 001342 000004
[host_monotonic_s=179621.491434] 001343 000001
[host_monotonic_s=179621.495046] 001344 000002
[host_monotonic_s=179621.500394] 001345 000002
[host_monotonic_s=179621.521901] 001347 000004
[host_monotonic_s=179621.530682] 001348 000004
[host_monotonic_s=179621.548083] 001349 000005
[host_monotonic_s=179621.551247] 001350 000002
[host_monotonic_s=179621.563536] 001351 000001
[host_monotonic_s=179621.572332] 001352 000002
[host_monotonic_s=179621.575432] 001353 000003
[host_monotonic_s=179621.578423] 001354 000002
[host_monotonic_s=179621.901111] 001355 000001
[host_monotonic_s=179621.901124] 001356 000001
[host_monotonic_s=179621.901127] 001357 000004
[host_monotonic_s=179621.901129] 001359 000004
[host_monotonic_s=179621.901131] 001360 000002
[host_monotonic_s=179621.901133] 001361 000002
[host_monotonic_s=179621.901134] 001362 000001
[host_monotonic_s=179621.901136] 001363 000003
[host_monotonic_s=179621.901137] 001364 000002
[host_monotonic_s=179621.901138] 001365 000001
[host_monotonic_s=179621.901140] 001366 000001
[host_monotonic_s=179621.901141] 001368 000001
[host_monotonic_s=179621.901143] 001369 000002
[host_monotonic_s=179621.901144] 001372 000004
[host_monotonic_s=179621.901146] 001373 000003
[host_monotonic_s=179621.901147] 001374 000003
[host_monotonic_s=179621.901148] 001376 000002
[host_monotonic_s=179621.901150] 001377 000002
[host_monotonic_s=179621.901151] 001378 000001
[host_monotonic_s=179621.907842] 001381 000002
[host_monotonic_s=179621.911194] 001382 000002
[host_monotonic_s=179621.914549] 001383 000001
[host_monotonic_s=179621.918127] 001384 000003
[host_monotonic_s=179621.921767] 001386 000002
[host_monotonic_s=179621.925242] 001388 000001
[host_monotonic_s=179621.929016] 001390 000003
[host_monotonic_s=179621.932421] 001391 000001
[host_monotonic_s=179621.941131] 001392 000004
[host_monotonic_s=179621.980640] 001393 000003
[host_monotonic_s=179621.984112] 001394 000002
[host_monotonic_s=179621.991908] 001395 000002
[host_monotonic_s=179621.995010] 001396 000002
[host_monotonic_s=179621.997903] 001397 000001
[host_monotonic_s=179622.003121] 001398 000002
[host_monotonic_s=179622.010661] 001399 000005
[host_monotonic_s=179622.020667] 001400 000002
[host_monotonic_s=179622.023633] 001401 000001
[host_monotonic_s=179622.030635] 001402 000002
[host_monotonic_s=179622.051188] 001404 000002
[host_monotonic_s=179622.081577] 001406 000001
[host_monotonic_s=179622.084863] 001407 000002
[host_monotonic_s=179622.091710] 001408 000002
[host_monotonic_s=179622.130646] 001409 000002
[host_monotonic_s=179622.140858] 001410 000001
[host_monotonic_s=179622.451846] 001411 000001
[host_monotonic_s=179622.451866] 001412 000002
[host_monotonic_s=179622.451871] 001413 000001
[host_monotonic_s=179622.451874] 001414 000002
[host_monotonic_s=179622.451877] 001415 000001
[host_monotonic_s=179622.451879] 001417 000004
[host_monotonic_s=179622.451881] 001419 000003
[host_monotonic_s=179622.451884] 001420 000001
[host_monotonic_s=179622.451886] 001421 000001
[host_monotonic_s=179622.451888] 001423 000002
[host_monotonic_s=179622.451890] 001424 000002
[host_monotonic_s=179622.451893] 001425 000003
[host_monotonic_s=179622.451895] 001426 000003
[host_monotonic_s=179622.451897] 001427 000001
[host_monotonic_s=179622.451900] 001428 000002
[host_monotonic_s=179622.451902] 001430 000001
[host_monotonic_s=179622.451904] 001432 000005
[host_monotonic_s=179622.451906] 001435 000002
[host_monotonic_s=179622.451908] 001436 000001
[host_monotonic_s=179622.459306] 001438 000001
[host_monotonic_s=179622.463054] 001439 000002
[host_monotonic_s=179622.466288] 001440 000003
[host_monotonic_s=179622.469334] 001443 000002
[host_monotonic_s=179622.480944] 001444 000001
[host_monotonic_s=179622.490418] 001448 000001
[host_monotonic_s=179622.494438] 001449 000001
[host_monotonic_s=179622.501739] 001450 000001
[host_monotonic_s=179622.504592] 001452 000001
[host_monotonic_s=179622.522848] 001454 000001
[host_monotonic_s=179622.525871] 001457 000002
[host_monotonic_s=179622.550431] 001461 000001
[host_monotonic_s=179622.570441] 001462 000002
[host_monotonic_s=179622.573585] 001465 000001
[host_monotonic_s=179622.611006] 001466 000001
[host_monotonic_s=179622.622948] 001467 000002
[host_monotonic_s=179622.631079] 001468 000001
[host_monotonic_s=179622.640870] 001469 000001
[host_monotonic_s=179622.644380] 001474 000002
[host_monotonic_s=179622.647640] 001478 000001
[host_monotonic_s=179622.651220] 001482 000001
[host_monotonic_s=179622.661753] 001484 000003
[host_monotonic_s=179622.671355] 001485 000001
[host_monotonic_s=179622.681145] 001486 000001
[host_monotonic_s=179622.684373] 001491 000001
[host_monotonic_s=179622.692674] 001496 000002
[host_monotonic_s=179622.695709] 001498 000001
[host_monotonic_s=179623.001982] 001502 000001
[host_monotonic_s=179623.002000] 001505 000001
[host_monotonic_s=179623.002018] 001506 000002
[host_monotonic_s=179623.002022] 001508 000001
[host_monotonic_s=179623.002025] 001509 000002
[host_monotonic_s=179623.002029] 001511 000001
[host_monotonic_s=179623.002032] 001512 000001
[host_monotonic_s=179623.002035] 001521 000002
[host_monotonic_s=179623.002038] 001524 000001
[host_monotonic_s=179623.002041] 001527 000001
[host_monotonic_s=179623.002043] 001530 000001
[host_monotonic_s=179623.002046] 001531 000001
[host_monotonic_s=179623.002050] 001533 000001
[host_monotonic_s=179623.002054] 001538 000002
[host_monotonic_s=179623.002056] 001540 000001
[host_monotonic_s=179623.002059] 001541 000001
[host_monotonic_s=179623.002062] 001542 000001
[host_monotonic_s=179623.002065] 001547 000001
[host_monotonic_s=179623.002068] 001548 000001
[host_monotonic_s=179623.011254] 001550 000001
[host_monotonic_s=179623.022273] 001553 000001
[host_monotonic_s=179623.050363] 001554 000001
[host_monotonic_s=179623.072014] 001557 000002
[host_monotonic_s=179623.083433] 001559 000001
[host_monotonic_s=179623.102648] 001560 000001
[host_monotonic_s=179623.105610] 001564 000001
[host_monotonic_s=179623.121755] 001569 000001
[host_monotonic_s=179623.151044] 001576 000001
[host_monotonic_s=179623.154440] 001584 000001
[host_monotonic_s=179623.171587] 001591 000001
[host_monotonic_s=179623.181053] 001598 000001
[host_monotonic_s=179623.184627] 001604 000001
[host_monotonic_s=179623.211846] 001605 000001
[host_monotonic_s=179623.215373] 001612 000001
[host_monotonic_s=179623.218629] 001613 000001
[host_monotonic_s=179623.221813] 001615 000001
[host_monotonic_s=179623.224531] 001631 000001
[host_monotonic_s=179623.227479] 001641 000001
[host_monotonic_s=179623.230946] 001664 000002
[host_monotonic_s=179623.233804] 001677 000001
[host_monotonic_s=179623.237007] 001706 000001
[host_monotonic_s=179623.561092] 001737 000001
[host_monotonic_s=179623.561110] 001760 000001
[host_monotonic_s=179623.561115] 001777 000001
[host_monotonic_s=179623.561118] 001781 000001
[host_monotonic_s=179623.561121] 001801 000001
[host_monotonic_s=179623.561124] 001803 000001
[host_monotonic_s=179623.561126] 001861 000001
[host_monotonic_s=179623.561129] 001876 000002
[host_monotonic_s=179623.561132] 001880 000001
[host_monotonic_s=179623.561134] 001883 000001
[host_monotonic_s=179623.561137] 001896 000001
[host_monotonic_s=179623.561139] 001920 000001
[host_monotonic_s=179623.561142] 001930 000001
[host_monotonic_s=179623.561145] 001975 000001
[host_monotonic_s=179623.561148] 001985 000001
[host_monotonic_s=179623.561151] 002004 000001
[host_monotonic_s=179623.561153] 002010 000001
[host_monotonic_s=179623.561156] 002029 000002
[host_monotonic_s=179623.561159] 002034 000001
[host_monotonic_s=179623.569373] 002035 000001
[host_monotonic_s=179623.572463] 002043 000001
[host_monotonic_s=179623.575616] 002046 000001
[host_monotonic_s=179623.583165] 002047 000001
[host_monotonic_s=179623.593087] 002055 000001
[host_monotonic_s=179623.611813] 002058 000001
[host_monotonic_s=179623.615352] 002066 000002
[host_monotonic_s=179623.618699] 002069 000001
[host_monotonic_s=179623.631357] 002073 000001
[host_monotonic_s=179623.634373] 002082 000002
[host_monotonic_s=179623.641864] 002086 000002
[host_monotonic_s=179623.651164] 002088 000001
[host_monotonic_s=179623.654266] 002090 000001
[host_monotonic_s=179623.657556] 002095 000001
[host_monotonic_s=179623.664149] 002098 000001
[host_monotonic_s=179623.667240] 002103 000002
[host_monotonic_s=179623.681036] 002105 000001
[host_monotonic_s=179623.684564] 002116 000001
[host_monotonic_s=179623.687981] 002122 000001
[host_monotonic_s=179623.700684] 002123 000001
[host_monotonic_s=179623.703953] 002125 000001
[host_monotonic_s=179623.712918] 002129 000001
[host_monotonic_s=179623.715936] 002130 000001
[host_monotonic_s=179623.730867] 002135 000001
[host_monotonic_s=179623.733980] 002142 000001
[host_monotonic_s=179623.742087] 002147 000001
[host_monotonic_s=179623.745575] 002154 000001
[host_monotonic_s=179623.748894] 002157 000001
[host_monotonic_s=179623.760723] 002158 000001
[host_monotonic_s=179623.766124] 002165 000001
[host_monotonic_s=179623.771871] 002171 000001
[host_monotonic_s=179623.780856] 002173 000001
[host_monotonic_s=179639.815702] 002176 000001
[host_monotonic_s=179639.815707] 002177 000001
[host_monotonic_s=179639.815708] 002182 000002
[host_monotonic_s=179639.815709] 002185 000001
[host_monotonic_s=179639.815709] 002189 000001
[host_monotonic_s=179639.815710] 002190 000001
[host_monotonic_s=179639.815734] 002195 000001
[host_monotonic_s=179639.815735] 002196 000001
[host_monotonic_s=179639.818905] 002202 000001
[host_monotonic_s=179639.822601] 002214 000001
[host_monotonic_s=179639.825757] 002247 000001
[host_monotonic_s=179639.829042] 002249 000001
[host_monotonic_s=179639.832799] 002281 000001
[host_monotonic_s=179639.836586] 002282 000001
[host_monotonic_s=179639.860701] 002286 000001
[host_monotonic_s=179639.873359] 002290 000001
[host_monotonic_s=179639.876774] 002298 000001
[host_monotonic_s=179639.880739] 002301 000001
[host_monotonic_s=179639.884464] 002305 000001
[host_monotonic_s=179639.890597] 002306 000001
[host_monotonic_s=179639.894375] 002313 000001
[host_monotonic_s=179639.900364] 002337 000001
[host_monotonic_s=179639.904007] 002354 000001
[host_monotonic_s=179639.911382] 002355 000001
[host_monotonic_s=179639.914728] 002369 000001
[host_monotonic_s=179639.917868] 002371 000001
[host_monotonic_s=179639.922943] 002386 000001
[host_monotonic_s=179639.926247] 002446 000001
[host_monotonic_s=179639.929353] 002491 000001
[host_monotonic_s=179639.952269] 002517 000001
[host_monotonic_s=179639.955298] 002546 000001
[host_monotonic_s=179639.961368] 002576 000001
[host_monotonic_s=179639.964894] 002597 000001
[host_monotonic_s=179639.968077] 002777 000001
[host_monotonic_s=179639.971586] 002933 000001
[host_monotonic_s=179639.974900] 003003 000001
[host_monotonic_s=179639.978276] 003037 000001
[host_monotonic_s=179639.981582] 003055 000001
[host_monotonic_s=179639.985070] 003058 000001
[host_monotonic_s=179639.988544] 003065 000001
[host_monotonic_s=179640.000613] 003072 000001
[host_monotonic_s=179640.021515] 003079 000001
[host_monotonic_s=179640.024626] 003082 000001
[host_monotonic_s=179640.052290] 003090 000001
[host_monotonic_s=179640.055685] 003091 000001
[host_monotonic_s=179640.061867] 003100 000001
[host_monotonic_s=179640.371049] 003103 000001
[host_monotonic_s=179640.371064] 003112 000001
[host_monotonic_s=179640.371067] 003119 000001
[host_monotonic_s=179640.371072] 003135 000001
[host_monotonic_s=179640.371075] 003148 000001
[host_monotonic_s=179640.371077] 003151 000001
[host_monotonic_s=179640.371080] 003153 000001
[host_monotonic_s=179640.371082] 003156 000001
[host_monotonic_s=179640.371084] 003159 000001
[host_monotonic_s=179640.371087] 003160 000001
[host_monotonic_s=179640.371089] 003166 000001
[host_monotonic_s=179640.371091] 003167 000001
[host_monotonic_s=179640.371093] 003176 000001
[host_monotonic_s=179640.371095] 003180 000001
[host_monotonic_s=179640.371098] 003186 000001
[host_monotonic_s=179640.371099] 003199 000001
[host_monotonic_s=179640.371101] 003201 000001
[host_monotonic_s=179640.371104] 003203 000002
[host_monotonic_s=179640.371106] 003210 000001
[host_monotonic_s=179640.379642] 003217 000001
[host_monotonic_s=179640.400926] 003227 000001
[host_monotonic_s=179640.410624] 003242 000001
[host_monotonic_s=179640.414426] 003270 000001
[host_monotonic_s=179640.418240] 003289 000002
[host_monotonic_s=179640.422078] 003325 000001
[host_monotonic_s=179640.425255] 003381 000001
[host_monotonic_s=179640.428439] 003427 000001
[host_monotonic_s=179640.433627] 003474 000001
[host_monotonic_s=179640.437667] 003475 000001
[host_monotonic_s=179640.460668] 003614 000001
[host_monotonic_s=179640.464369] 003980 000001
[host_monotonic_s=179640.468278] 004061 000001
[host_monotonic_s=179640.472445] 004083 000001
[host_monotonic_s=179640.490484] 004086 000001
[host_monotonic_s=179640.512465] 004087 000001
[host_monotonic_s=179640.515365] 004091 000001
[host_monotonic_s=179640.518304] 004115 000001
[host_monotonic_s=179640.521511] 004118 000001
[host_monotonic_s=179640.562854] 004135 000001
[host_monotonic_s=179640.566542] 004190 000001
[host_monotonic_s=179640.570160] 004241 000001
[host_monotonic_s=179640.574050] 004270 000001
[host_monotonic_s=179640.577547] 004280 000001
[host_monotonic_s=179640.580932] 004298 000001
[host_monotonic_s=179640.583965] 004308 000001
[host_monotonic_s=179640.586762] 004314 000001
[host_monotonic_s=179640.589468] 004345 000001
[host_monotonic_s=179640.592547] 004380 000001
[host_monotonic_s=179640.596419] 004499 000001
[host_monotonic_s=179640.599784] 004502 000001
[host_monotonic_s=179640.602746] 004509 000001
[host_monotonic_s=179640.605585] 004695 000001
[host_monotonic_s=179640.613625] 005014 000001
[host_monotonic_s=179640.617201] 005057 000001
[host_monotonic_s=179640.921627] 005071 000001
[host_monotonic_s=179640.921644] 005083 000001
[host_monotonic_s=179640.921647] 005095 000001
[host_monotonic_s=179640.921650] 005099 000001
[host_monotonic_s=179640.921652] 005100 000001
[host_monotonic_s=179640.921654] 005106 000001
[host_monotonic_s=179640.921657] 005109 000001
[host_monotonic_s=179640.921659] 005110 000001
[host_monotonic_s=179640.921661] 005114 000001
[host_monotonic_s=179640.921663] 005123 000001
[host_monotonic_s=179640.921665] 005126 000001
[host_monotonic_s=179640.921667] 005147 000001
[host_monotonic_s=179640.921669] 005148 000001
[host_monotonic_s=179640.921671] 005152 000001
[host_monotonic_s=179640.921673] 005153 000001
[host_monotonic_s=179640.921675] 005156 000001
[host_monotonic_s=179640.921676] 005157 000002
[host_monotonic_s=179640.921678] 005161 000001
[host_monotonic_s=179640.921681] 005164 000001
[host_monotonic_s=179640.931418] 005172 000001
[host_monotonic_s=179640.934618] 005174 000001
[host_monotonic_s=179640.950749] 005175 000001
[host_monotonic_s=179640.981336] 005178 000001
[host_monotonic_s=179640.984475] 005179 000001
[host_monotonic_s=179640.991957] 005190 000001
[host_monotonic_s=179640.995466] 005197 000002
[host_monotonic_s=179640.998826] 005203 000001
[host_monotonic_s=179641.002333] 005204 000001
[host_monotonic_s=179641.005672] 005205 000001
[host_monotonic_s=179641.009183] 005208 000001
[host_monotonic_s=179641.012619] 005209 000001
[host_monotonic_s=179641.016073] 005211 000001
[host_monotonic_s=179641.019720] 005214 000001
[host_monotonic_s=179641.022837] 005215 000001
[host_monotonic_s=179641.029286] 005223 000001
[host_monotonic_s=179641.032460] 005227 000001
[host_monotonic_s=179641.035554] 005235 000002
[host_monotonic_s=179641.038557] 005252 000001
[host_monotonic_s=179641.042637] 005253 000001
[host_monotonic_s=179641.045631] 005280 000001
[host_monotonic_s=179641.061541] 005303 000001
[host_monotonic_s=179641.073714] 005363 000001
[host_monotonic_s=179641.076714] 005404 000001
[host_monotonic_s=179641.080040] 005405 000001
[host_monotonic_s=179641.090876] 005443 000001
[host_monotonic_s=179641.094302] 005450 000001
[host_monotonic_s=179641.102325] 005599 000001
[host_monotonic_s=179641.105653] 005635 000001
[host_monotonic_s=179641.110377] 005650 000001
[host_monotonic_s=179641.121854] 006077 000001
[host_monotonic_s=179641.130514] 006105 000001
[host_monotonic_s=179641.134149] 006175 000001
[host_monotonic_s=179641.137639] 006187 000001
[host_monotonic_s=179641.151097] 006199 000001
[host_monotonic_s=179641.155121] 006202 000001
[host_monotonic_s=179641.162995] 006236 000001
[host_monotonic_s=179641.166473] 006286 000001
[host_monotonic_s=179641.481025] 006347 000001
[host_monotonic_s=179641.481042] 006364 000001
[host_monotonic_s=179641.481046] 006422 000001
[host_monotonic_s=179641.481049] 006455 000001
[host_monotonic_s=179641.481051] 007051 000001
[host_monotonic_s=179641.481053] 007060 000001
[host_monotonic_s=179641.481055] 007086 000001
[host_monotonic_s=179641.481057] 007089 000001
[host_monotonic_s=179641.481058] 007108 000001
[host_monotonic_s=179641.481061] 007109 000002
[host_monotonic_s=179641.481062] 007112 000002
[host_monotonic_s=179641.481064] 007119 000001
[host_monotonic_s=179641.481066] 007135 000001
[host_monotonic_s=179641.481068] 007141 000001
[host_monotonic_s=179641.481070] 007153 000001
[host_monotonic_s=179641.481072] 007155 000001
[host_monotonic_s=179641.481073] 007156 000001
[host_monotonic_s=179641.481075] 007163 000001
[host_monotonic_s=179641.481078] 007165 000001
[host_monotonic_s=179641.489778] 007166 000001
[host_monotonic_s=179641.493064] 007180 000001
[host_monotonic_s=179641.510711] 007181 000001
[host_monotonic_s=179641.513750] 007183 000001
[host_monotonic_s=179641.521560] 007184 000001
[host_monotonic_s=179641.531547] 007186 000001
[host_monotonic_s=179641.542151] 007189 000002
[host_monotonic_s=179641.545855] 007203 000001
[host_monotonic_s=179641.549349] 007204 000001
[host_monotonic_s=179641.552919] 007205 000001
[host_monotonic_s=179641.556422] 007211 000001
[host_monotonic_s=179641.559596] 007215 000001
[host_monotonic_s=179641.562918] 007217 000001
[host_monotonic_s=179641.570635] 007225 000001
[host_monotonic_s=179641.580581] 007228 000001
[host_monotonic_s=179641.590726] 007230 000001
[host_monotonic_s=179641.594017] 007231 000001
[host_monotonic_s=179641.621348] 007238 000001
[host_monotonic_s=179641.633098] 007256 000001
[host_monotonic_s=179641.636702] 007257 000001
[host_monotonic_s=179641.643216] 007262 000001
[host_monotonic_s=179641.647398] 007264 000001
[host_monotonic_s=179641.653594] 007265 000001
[host_monotonic_s=179641.663730] 007268 000001
[host_monotonic_s=179641.670591] 007279 000001
[host_monotonic_s=179641.689947] 007300 000001
[host_monotonic_s=179641.693087] 007305 000002
[host_monotonic_s=179641.696313] 007314 000001
[host_monotonic_s=179641.699327] 007316 000001
[host_monotonic_s=179641.702425] 007333 000001
[host_monotonic_s=179641.705444] 007347 000001
[host_monotonic_s=179641.708430] 007359 000001
[host_monotonic_s=179641.722455] 007387 000001
[host_monotonic_s=179641.725538] 007392 000001
[host_monotonic_s=179641.728850] 007394 000001
[host_monotonic_s=179642.031370] 007400 000001
[host_monotonic_s=179642.031385] 007409 000001
[host_monotonic_s=179642.031388] 007466 000001
[host_monotonic_s=179642.031390] 007511 000001
[host_monotonic_s=179642.031392] 007530 000001
[host_monotonic_s=179642.031395] 007546 000001
[host_monotonic_s=179642.031397] 007566 000001
[host_monotonic_s=179642.031399] 008088 000001
[host_monotonic_s=179642.031400] 008124 000001
[host_monotonic_s=179642.031402] 008139 000001
[host_monotonic_s=179642.031404] 008173 000001
[host_monotonic_s=179642.031406] 008188 000001
[host_monotonic_s=179642.031408] 008189 000001
[host_monotonic_s=179642.031409] 008226 000001
[host_monotonic_s=179642.031411] 008231 000001
[host_monotonic_s=179642.031413] 008273 000001
[host_monotonic_s=179642.031414] 008331 000001
[host_monotonic_s=179642.031416] 008360 000001
[host_monotonic_s=179642.031418] 008374 000001
[host_monotonic_s=179642.039522] 008417 000001
[host_monotonic_s=179642.043705] 008572 000001
[host_monotonic_s=179642.047049] 008577 000001
[host_monotonic_s=179642.050241] 008901 000001
[host_monotonic_s=179642.053827] 008992 000001
[host_monotonic_s=179642.056990] 009057 000001
[host_monotonic_s=179642.061111] 009069 000001
[host_monotonic_s=179642.064350] 009086 000001
[host_monotonic_s=179642.067361] 009096 000001
[host_monotonic_s=179642.070742] 009099 000001
[host_monotonic_s=179642.074251] 009101 000001
[host_monotonic_s=179642.090429] 009125 000001
[host_monotonic_s=179642.103361] 009126 000001
[host_monotonic_s=179642.106760] 009130 000001
[host_monotonic_s=179642.109997] 009131 000001
[host_monotonic_s=179642.131359] 009139 000001
[host_monotonic_s=179642.134831] 009150 000001
[host_monotonic_s=179642.137694] 009158 000001
[host_monotonic_s=179642.140693] 009167 000001
[host_monotonic_s=179642.144031] 009170 000002
[host_monotonic_s=179642.147785] 009171 000001
[host_monotonic_s=179642.151445] 009173 000001
[host_monotonic_s=179642.163722] 009174 000001
[host_monotonic_s=179642.167213] 009175 000001
[host_monotonic_s=179642.180552] 009177 000001
[host_monotonic_s=179642.200540] 009178 000001
[host_monotonic_s=179642.212234] 009185 000001
[host_monotonic_s=179642.234843] 009191 000001
[host_monotonic_s=179642.238006] 009200 000001
[host_monotonic_s=179642.241820] 009204 000001
[host_monotonic_s=179642.261456] 009207 000001
[host_monotonic_s=179642.272912] 009212 000001
[host_monotonic_s=179642.276452] 009217 000001
[host_monotonic_s=179642.581536] 009234 000001
[host_monotonic_s=179642.581542] 009237 000001
[host_monotonic_s=179642.581542] 009244 000001
[host_monotonic_s=179642.581543] 009256 000001
[host_monotonic_s=179642.581544] 009290 000001
[host_monotonic_s=179642.581544] 009308 000001
[host_monotonic_s=179642.581544] 009314 000001
[host_monotonic_s=179642.581545] 009379 000002
[host_monotonic_s=179642.581545] 009385 000001
[host_monotonic_s=179642.581546] 009387 000001
[host_monotonic_s=179651.389692] 009391 000001
[host_monotonic_s=179651.389708] 009493 000001
[host_monotonic_s=179651.389711] 009520 000001
[host_monotonic_s=179651.389714] 009526 000001
[host_monotonic_s=179651.389716] 010096 000001
[host_monotonic_s=179651.389718] 010151 000001
[host_monotonic_s=179651.389721] 010185 000001
[host_monotonic_s=179651.389723] 010193 000001
[host_monotonic_s=179651.389726] 010234 000001
[host_monotonic_s=179651.389727] 010241 000001
[host_monotonic_s=179651.389729] 010246 000001
[host_monotonic_s=179651.389731] 010311 000001
[host_monotonic_s=179651.389733] 010329 000001
[host_monotonic_s=179651.389735] 010331 000001
[host_monotonic_s=179651.389737] 010373 000001
[host_monotonic_s=179651.389738] 010374 000001
[host_monotonic_s=179651.389740] 010398 000001
[host_monotonic_s=179651.389742] # Min Latencies: 00141
[host_monotonic_s=179651.402173] # Avg Latencies: 00508
[host_monotonic_s=179651.421603] # Max Latencies: 304247
[host_monotonic_s=179651.450486] # Histogram Overflows: 00007
[host_monotonic_s=179651.491852] # Histogram Overflow at cycle number:
[host_monotonic_s=179651.533778] # Thread 0: 00385 00879 52153 58523 60098 62144 65536
[host_monotonic_s=179651.534312] 
[host_monotonic_s=179651.542769] RT_CYCLICTEST_TIMING_END uptime_s=224.76
[host_monotonic_s=179651.553273] RT_CYCLICTEST_COMPLETE
[host_monotonic_s=179651.575714] stress-ng: info:  [68] stopping 3 stressors
[host_monotonic_s=179651.584320] RT_STRESS_STOP
[host_monotonic_s=179651.592406] stress-ng: info:  [68] skipped: 0
[host_monotonic_s=179651.616431] stress-ng: info:  [68] passed: 3: cpu (2) vm (1)
[host_monotonic_s=179651.641392] stress-ng: info:  [68] failed: 0
[host_monotonic_s=179651.663184] stress-ng: info:  [68] metrics untrustworthy: 0
[host_monotonic_s=179651.685346] stress-ng: info:  [68] successful run completed in 3 mins 14.40 secs
[host_monotonic_s=179651.717190] RT_CPUSTAT sample=0 cpu=cpu0 user=7 nice=0 system=243 idle=2434 iowait=0 irq=162 softirq=2 steal=0
[host_monotonic_s=179651.756923] RT_CPUSTAT sample=0 cpu=cpu1 user=0 nice=0 system=1 idle=3324 iowait=0 irq=6 softirq=0 steal=0
[host_monotonic_s=179651.798631] RT_CPUSTAT sample=1 cpu=cpu0 user=257 nice=0 system=279 idle=2434 iowait=0 irq=293 softirq=2 steal=0
[host_monotonic_s=179651.840597] RT_CPUSTAT sample=1 cpu=cpu1 user=3 nice=0 system=8 idle=3713 iowait=0 irq=87 softirq=0 steal=0
[host_monotonic_s=179652.191498] RT_CPUSTAT sample=2 cpu=cpu0 user=582 nice=0 system=292 idle=2434 iowait=0 irq=448 softirq=2 steal=0
[host_monotonic_s=179652.191515] RT_CPUSTAT sample=2 cpu=cpu1 user=4 nice=0 system=21 idle=4088 iowait=0 irq=176 softirq=0 steal=0
[host_monotonic_s=179652.191519] RT_CPUSTAT sample=3 cpu=cpu0 user=928 nice=0 system=300 idle=2434 iowait=0 irq=587 softirq=3 steal=0
[host_monotonic_s=179652.214196] RT_CPUSTAT sample=3 cpu=cpu1 user=9 nice=0 system=33 idle=4463 iowait=0 irq=269 softirq=0 steal=0
[host_monotonic_s=179652.272053] RT_CPUSTAT sample=4 cpu=cpu0 user=1250 nice=0 system=328 idle=2434 iowait=0 irq=734 softirq=3 steal=0
[host_monotonic_s=179652.321708] RT_CPUSTAT sample=4 cpu=cpu1 user=15 nice=0 system=42 idle=4833 iowait=0 irq=361 softirq=0 steal=0
[host_monotonic_s=179652.363219] RT_CPUSTAT sample=5 cpu=cpu0 user=1589 nice=0 system=348 idle=2434 iowait=0 irq=866 softirq=3 steal=0
[host_monotonic_s=179652.403582] RT_CPUSTAT sample=5 cpu=cpu1 user=21 nice=0 system=53 idle=5205 iowait=0 irq=456 softirq=0 steal=0
[host_monotonic_s=179652.741747] RT_CPUSTAT sample=6 cpu=cpu0 user=1897 nice=0 system=375 idle=2434 iowait=0 irq=1018 softirq=4 steal=0
[host_monotonic_s=179652.741760] RT_CPUSTAT sample=6 cpu=cpu1 user=23 nice=0 system=60 idle=5576 iowait=0 irq=548 softirq=0 steal=0
[host_monotonic_s=179652.741763] RT_CPUSTAT sample=7 cpu=cpu0 user=2233 nice=0 system=375 idle=2434 iowait=0 irq=1166 softirq=4 steal=0
[host_monotonic_s=179652.780605] RT_CPUSTAT sample=7 cpu=cpu1 user=26 nice=0 system=72 idle=5943 iowait=0 irq=639 softirq=1 steal=0
[host_monotonic_s=179652.862621] RT_CPUSTAT sample=8 cpu=cpu0 user=2555 nice=0 system=378 idle=2434 iowait=0 irq=1335 softirq=5 steal=0
[host_monotonic_s=179652.934311] RT_CPUSTAT sample=8 cpu=cpu1 user=30 nice=0 system=84 idle=6315 iowait=0 irq=732 softirq=1 steal=0
[host_monotonic_s=179653.292336] RT_CPUSTAT sample=9 cpu=cpu0 user=2883 nice=0 system=379 idle=2434 iowait=0 irq=1500 softirq=5 steal=0
[host_monotonic_s=179653.292352] RT_CPUSTAT sample=9 cpu=cpu1 user=30 nice=0 system=93 idle=6685 iowait=0 irq=823 softirq=1 steal=0
[host_monotonic_s=179653.292356] RT_CPUSTAT sample=10 cpu=cpu0 user=3208 nice=0 system=381 idle=2434 iowait=0 irq=1664 softirq=6 steal=0
[host_monotonic_s=179653.311502] RT_CPUSTAT sample=10 cpu=cpu1 user=32 nice=0 system=102 idle=7054 iowait=0 irq=914 softirq=1 steal=0
[host_monotonic_s=179653.367374] RT_CPUSTAT sample=11 cpu=cpu0 user=3573 nice=0 system=396 idle=2434 iowait=0 irq=1783 softirq=6 steal=0
[host_monotonic_s=179653.421526] RT_CPUSTAT sample=11 cpu=cpu1 user=33 nice=0 system=113 idle=7427 iowait=0 irq=1008 softirq=1 steal=0
[host_monotonic_s=179653.473112] RT_CPUSTAT sample=12 cpu=cpu0 user=3925 nice=0 system=415 idle=2434 iowait=0 irq=1903 softirq=7 steal=0
[host_monotonic_s=179653.842779] RT_CPUSTAT sample=12 cpu=cpu1 user=35 nice=0 system=120 idle=7796 iowait=0 irq=1100 softirq=1 steal=0
[host_monotonic_s=179653.842792] RT_CPUSTAT sample=13 cpu=cpu0 user=4266 nice=0 system=433 idle=2434 iowait=0 irq=2030 softirq=7 steal=0
[host_monotonic_s=179653.842795] RT_CPUSTAT sample=13 cpu=cpu1 user=37 nice=0 system=127 idle=8168 iowait=0 irq=1192 softirq=1 steal=0
[host_monotonic_s=179653.870814] RT_CPUSTAT sample=14 cpu=cpu0 user=4591 nice=0 system=434 idle=2434 iowait=0 irq=2189 softirq=8 steal=0
[host_monotonic_s=179653.972703] RT_CPUSTAT sample=14 cpu=cpu1 user=40 nice=0 system=136 idle=8515 iowait=0 irq=1308 softirq=1 steal=0
[host_monotonic_s=179654.035936] RT_CPUSTAT sample=15 cpu=cpu0 user=4939 nice=0 system=435 idle=2434 iowait=0 irq=2340 softirq=9 steal=0
[host_monotonic_s=179654.078490] RT_CPUSTAT sample=15 cpu=cpu1 user=43 nice=0 system=145 idle=8887 iowait=0 irq=1402 softirq=1 steal=0
[host_monotonic_s=179654.891877] RT_CPUSTAT sample=16 cpu=cpu0 user=5247 nice=0 system=449 idle=2434 iowait=0 irq=2513 softirq=9 steal=0
[host_monotonic_s=179654.891893] RT_CPUSTAT sample=16 cpu=cpu1 user=45 nice=0 system=152 idle=9260 iowait=0 irq=1494 softirq=2 steal=0
[host_monotonic_s=179654.900389] RT_CPUSTAT sample=17 cpu=cpu0 user=5573 nice=0 system=485 idle=2434 iowait=0 irq=2648 softirq=10 steal=0
[host_monotonic_s=179654.986585] RT_CPUSTAT sample=17 cpu=cpu1 user=46 nice=0 system=160 idle=9627 iowait=0 irq=1588 softirq=2 steal=0
[host_monotonic_s=179655.061101] RT_CPUSTAT sample=18 cpu=cpu0 user=6261 nice=0 system=527 idle=2434 iowait=0 irq=2991 softirq=10 steal=0
[host_monotonic_s=179655.098728] RT_CPUSTAT sample=18 cpu=cpu1 user=51 nice=0 system=165 idle=10933 iowait=0 irq=1654 softirq=2 steal=0
[host_monotonic_s=179655.442211] RT_CPUSTAT sample=19 cpu=cpu0 user=7194 nice=0 system=564 idle=2434 iowait=0 irq=3477 softirq=11 steal=0
[host_monotonic_s=179655.442224] RT_CPUSTAT sample=19 cpu=cpu1 user=51 nice=0 system=165 idle=12741 iowait=0 irq=1654 softirq=2 steal=0
[host_monotonic_s=179655.442227] RT_CPUSTAT sample=20 cpu=cpu0 user=8078 nice=0 system=637 idle=2434 iowait=0 irq=3994 softirq=12 steal=0
[host_monotonic_s=179655.471099] RT_CPUSTAT sample=20 cpu=cpu1 user=51 nice=0 system=165 idle=14585 iowait=0 irq=1654 softirq=2 steal=0
[host_monotonic_s=179655.520708] RT_CPUSTAT sample=21 cpu=cpu0 user=9037 nice=0 system=690 idle=2434 iowait=0 irq=4506 softirq=12 steal=0
[host_monotonic_s=179655.604164] RT_CPUSTAT sample=21 cpu=cpu1 user=51 nice=0 system=165 idle=16506 iowait=0 irq=1654 softirq=2 steal=0
[host_monotonic_s=179655.992834] RT_CPUSTAT sample=22 cpu=cpu0 user=9518 nice=0 system=729 idle=2434 iowait=0 irq=4788 softirq=13 steal=0
[host_monotonic_s=179655.992855] RT_CPUSTAT sample=22 cpu=cpu1 user=51 nice=0 system=165 idle=17328 iowait=0 irq=1654 softirq=2 steal=0
[host_monotonic_s=179655.992860] RT_CPUSTAT sample=23 cpu=cpu0 user=10043 nice=0 system=752 idle=2434 iowait=0 irq=5091 softirq=13 steal=0
[host_monotonic_s=179656.032694] RT_CPUSTAT sample=23 cpu=cpu1 user=51 nice=0 system=165 idle=18515 iowait=0 irq=1654 softirq=2 steal=0
[host_monotonic_s=179656.082093] RT_CPUSTAT sample=24 cpu=cpu0 user=10868 nice=0 system=753 idle=2434 iowait=0 irq=5565 softirq=14 steal=0
[host_monotonic_s=179656.182364] RT_CPUSTAT sample=24 cpu=cpu1 user=51 nice=0 system=165 idle=20089 iowait=0 irq=1654 softirq=2 steal=0
[host_monotonic_s=179656.203936] [  240.171527] reboot: Power down
[host_monotonic_s=179656.208449] [37m[243.566136 2:18 axvm::runtime::hvc:352] [33mVM[1] PSCI_SYSTEM_OFF[m
[host_monotonic_s=179656.208656] [m[37m[243.566366 2:18 axvm::vm:1374] [32mStopping VM[1]: SystemDown[m
[host_monotonic_s=179656.209111] [m[37m[243.566785 2:18 axvm::runtime::vcpus:559] [33mVM[1] VCpu[0] stopping because of VM stopping[m
[host_monotonic_s=179656.209265] [m[37m[243.566814 3:24 axvm::runtime::vcpus:559] [33mVM[1] VCpu[1] stopping because of VM stopping[m
[host_monotonic_s=179656.209266] 
[host_monotonic_s=179656.209444] [m[37m[243.566995 2:18 axvm::runtime::vcpus:597] [32mVM[1] VCpu[0] exiting...[m[Axvisor] VM[1] stopped; returning to the management shell
[host_monotonic_s=179656.209455] 
[host_monotonic_s=179656.209681] [m[37m[243.567138 3:24 axvm::runtime::vcpus:566] [32mVM[1] VCpu[1] last VCpu exiting, decreasing running VM count[m[2Kaxvisor:$ 
[host_monotonic_s=179656.210525] [m[37m[243.568232 3:24 axvm::runtime::vcpus:576] [32mVM[1] state changed to Stopped[m
[host_monotonic_s=179656.210654] [m[37m[243.568371 3:24 axvm::runtime::vcpus:597] [32mVM[1] VCpu[1] exiting...[m
[host_monotonic_s=179658.512076] [mrt_experiment end_ns=1786868613892163346 elapsed_ms=249182
