VM-exit counters per physical CPU (12 reasons):
  cpu         irq     timer      mmio       wfi   hvc-smc    sysreg    gic-if       sgi    cpu-up  sys-down   nothing     other
    1   16991@148.2/s 16737@138.6/s 77613@2651.2/s 16737@138.6/s         -         -         -         -         -         -         -         -
    2    1163@10.6/s   829@7.8/s 30488@4.7/s 11786@834.9/s         7         -         -       126         -         -        11         -
    3   11727@823.9/s 11615@817.3/s        52 11939@772.9/s         -         -         -    32@1.2/s         -         -         2         -
Host periodic scheduler ticks (event-driven timer IRQs excluded):
  cpu   0:       4240 (80.753/s)
  cpu   1:       4245 (80.918/s)
  cpu   2:       4244 (80.918/s)
  cpu   3:       4242 (81.001/s)
axvisor:$ 
[2Kaxvisor:$ v
[2Kaxvisor:$ vm
[2Kaxvisor:$ vm 
[2Kaxvisor:$ vm c
[2Kaxvisor:$ vm co
[2Kaxvisor:$ vm con
[2Kaxvisor:$ vm cons
[2Kaxvisor:$ vm conso
[2Kaxvisor:$ vm consol
[2Kaxvisor:$ vm console
[2Kaxvisor:$ vm console 
[2Kaxvisor:$ vm console 1
✓ Attached VM[1] console; use Ctrl+X, then h to return to the shell
RT_PROGRESS uptime_s=38.76
[   47.766553] random: crng init done
RT_PROGRESS uptime_s=48.78
RT_PROGRESS uptime_s=58.79
RT_PROGRESS uptime_s=68.80
RT_PROGRESS uptime_s=78.81
RT_PROGRESS uptime_s=88.82
RT_PROGRESS uptime_s=98.84
RT_PROGRESS uptime_s=108.84
RT_PROGRESS uptime_s=118.85
RT_PROGRESS uptime_s=128.86
RT_PROGRESS uptime_s=138.88
RT_PROGRESS uptime_s=148.89
RT_PROGRESS uptime_s=158.90
RT_PROGRESS uptime_s=168.91
RT_PROGRESS uptime_s=178.92
RT_PROGRESS uptime_s=188.94
RT_PROGRESS uptime_s=198.95
RT_PROGRESS uptime_s=208.96
RT_PROGRESS uptime_s=218.97
RT_PROGRESS uptime_s=228.98
RT_PROGRESS uptime_s=239.00
RT_PROGRESS uptime_s=249.01
RT_PROGRESS uptime_s=259.02
RT_PROGRESS uptime_s=269.03
RT_PROGRESS uptime_s=279.04
RT_PROGRESS uptime_s=289.06
RT_PROGRESS uptime_s=299.07
RT_PROGRESS uptime_s=309.08
RT_PROGRESS uptime_s=319.09
RT_PROGRESS uptime_s=329.11
RT_PROGRESS uptime_s=339.12
RT_PROGRESS uptime_s=349.12
RT_PROGRESS uptime_s=359.14
RT_PROGRESS uptime_s=369.15
RT_PROGRESS uptime_s=379.16
RT_PROGRESS uptime_s=389.17
RT_PROGRESS uptime_s=399.18
RT_PROGRESS uptime_s=409.20
RT_PROGRESS uptime_s=419.21
RT_PROGRESS uptime_s=429.22
RT_PROGRESS uptime_s=439.23
RT_PROGRESS uptime_s=449.24
RT_PROGRESS uptime_s=459.26
RT_PROGRESS uptime_s=469.27
RT_PROGRESS uptime_s=479.28
RT_PROGRESS uptime_s=489.29
RT_PROGRESS uptime_s=499.31
RT_PROGRESS uptime_s=509.32
RT_PROGRESS uptime_s=519.33
RT_PROGRESS uptime_s=529.34
RT_PROGRESS uptime_s=539.36
RT_PROGRESS uptime_s=549.37
RT_PROGRESS uptime_s=559.38
RT_PROGRESS uptime_s=569.40
RT_PROGRESS uptime_s=579.41
RT_PROGRESS uptime_s=589.42
RT_PROGRESS uptime_s=599.43
RT_PROGRESS uptime_s=609.44
RT_PROGRESS uptime_s=619.46
RT_PROGRESS uptime_s=629.47
RT_PROGRESS uptime_s=639.48
RT_PROGRESS uptime_s=649.49
RT_PROGRESS uptime_s=659.51
RT_PROGRESS uptime_s=669.51
RT_PROGRESS uptime_s=679.52
RT_PROGRESS uptime_s=689.54
RT_PROGRESS uptime_s=699.55
RT_PROGRESS uptime_s=709.56
RT_PROGRESS uptime_s=719.57
RT_PROGRESS uptime_s=729.58
RT_PROGRESS uptime_s=739.60
RT_PROGRESS uptime_s=749.61
RT_PROGRESS uptime_s=759.62
RT_PROGRESS uptime_s=769.63
RT_PROGRESS uptime_s=779.64
RT_PROGRESS uptime_s=789.66
RT_PROGRESS uptime_s=799.67
RT_PROGRESS uptime_s=809.68
RT_PROGRESS uptime_s=819.69
RT_PROGRESS uptime_s=829.70
RT_PROGRESS uptime_s=839.72
RT_PROGRESS uptime_s=849.73
RT_PROGRESS uptime_s=859.73
RT_PROGRESS uptime_s=869.74
RT_PROGRESS uptime_s=879.76
RT_PROGRESS uptime_s=889.77
RT_PROGRESS uptime_s=899.78
RT_PROGRESS uptime_s=909.79
RT_PROGRESS uptime_s=919.80
RT_PROGRESS uptime_s=929.82
RT_PROGRESS uptime_s=939.83
RT_PROGRESS uptime_s=949.84
RT_PROGRESS uptime_s=959.85
RT_PROGRESS uptime_s=969.86
RT_PROGRESS uptime_s=979.88
RT_PROGRESS uptime_s=989.89
RT_PROGRESS uptime_s=999.90
RT_PROGRESS uptime_s=1009.91
RT_PROGRESS uptime_s=1019.92
RT_PROGRESS uptime_s=1029.94
RT_PROGRESS uptime_s=1039.95
RT_PROGRESS uptime_s=1049.96
RT_PROGRESS uptime_s=1059.97
RT_PROGRESS uptime_s=1069.98
RT_PROGRESS uptime_s=1080.00
RT_PROGRESS uptime_s=1090.01
RT_PROGRESS uptime_s=1100.02
RT_PROGRESS uptime_s=1110.03
RT_PROGRESS uptime_s=1120.05
RT_PROGRESS uptime_s=1130.05
RT_PROGRESS uptime_s=1140.07
RT_PROGRESS uptime_s=1150.08
RT_PROGRESS uptime_s=1160.09
RT_PROGRESS uptime_s=1170.10
RT_PROGRESS uptime_s=1180.12
RT_PROGRESS uptime_s=1190.13
RT_PROGRESS uptime_s=1200.14
RT_PROGRESS uptime_s=1210.15
RT_PROGRESS uptime_s=1220.16
RT_PROGRESS uptime_s=1230.18
RT_PROGRESS uptime_s=1240.20
RT_PROGRESS uptime_s=1250.21
RT_PROGRESS uptime_s=1260.22
RT_PROGRESS uptime_s=1270.23
RT_PROGRESS uptime_s=1280.24
RT_PROGRESS uptime_s=1290.26
RT_PROGRESS uptime_s=1300.28
RT_PROGRESS uptime_s=1310.29
RT_PROGRESS uptime_s=1320.30
RT_PROGRESS uptime_s=1330.31
RT_PROGRESS uptime_s=1340.32
RT_PROGRESS uptime_s=1350.34
RT_PROGRESS uptime_s=1360.35
RT_PROGRESS uptime_s=1370.36
RT_PROGRESS uptime_s=1380.37
RT_PROGRESS uptime_s=1390.38
RT_PROGRESS uptime_s=1400.40
RT_PROGRESS uptime_s=1410.41
RT_PROGRESS uptime_s=1420.42
RT_PROGRESS uptime_s=1430.43
RT_PROGRESS uptime_s=1440.44
RT_PROGRESS uptime_s=1450.45
RT_PROGRESS uptime_s=1460.46
RT_PROGRESS uptime_s=1470.48
RT_PROGRESS uptime_s=1480.49
RT_PROGRESS uptime_s=1490.50
RT_PROGRESS uptime_s=1500.51
RT_PROGRESS uptime_s=1510.53
RT_PROGRESS uptime_s=1520.54
RT_PROGRESS uptime_s=1530.55
RT_PROGRESS uptime_s=1540.56
RT_PROGRESS uptime_s=1550.57
RT_PROGRESS uptime_s=1560.58
RT_PROGRESS uptime_s=1570.60
RT_PROGRESS uptime_s=1580.61
RT_PROGRESS uptime_s=1590.62
RT_PROGRESS uptime_s=1600.63
RT_PROGRESS uptime_s=1610.64
RT_PROGRESS uptime_s=1620.65
RT_PROGRESS uptime_s=1630.66
RT_PROGRESS uptime_s=1640.68
RT_PROGRESS uptime_s=1650.69
RT_PROGRESS uptime_s=1660.70
RT_PROGRESS uptime_s=1670.71
RT_PROGRESS uptime_s=1680.72
RT_PROGRESS uptime_s=1690.73
RT_PROGRESS uptime_s=1700.75
RT_PROGRESS uptime_s=1710.76
RT_PROGRESS uptime_s=1720.77
RT_PROGRESS uptime_s=1730.78
RT_PROGRESS uptime_s=1740.79
RT_PROGRESS uptime_s=1750.81
RT_PROGRESS uptime_s=1760.82
RT_PROGRESS uptime_s=1770.83
RT_PROGRESS uptime_s=1780.84
RT_PROGRESS uptime_s=1790.86
RT_PROGRESS uptime_s=1800.87
RT_PROGRESS uptime_s=1810.88
RT_PROGRESS uptime_s=1820.89
RT_PROGRESS uptime_s=1830.91
RT_PROGRESS uptime_s=1840.92
RT_PROGRESS uptime_s=1850.93
RT_PROGRESS uptime_s=1860.94
WARN: stat /dev/cpu_dma_latency failed: No such file or directory
# Histogram
000158 000001
000159 000003
000160 000006
000161 000006
000162 000017
000163 000020
000164 000019
000165 000033
000166 000044
000167 000054
000168 000057
000169 000064
000170 000062
000171 000089
000172 000087
000173 000088
000174 000115
000175 000094
000176 000120
000177 000112
000178 000138
000179 000144
000180 000129
000181 000135
000182 000159
000183 000169
000184 000156
000185 000142
000186 000139
000187 000135
000188 000181
000189 000185
000190 000155
000191 000154
000192 000152
000193 000165
000194 000160
000195 000146
000196 000142
000197 000139
000198 000135
000199 000108
000200 000152
000201 000133
000202 000141
000203 000137
000204 000128
000205 000127
000206 000147
000207 000139
000208 000129
000209 000120
000210 000138
000211 000131
000212 000128
000213 000121
000214 000134
000215 000136
000216 000137
000217 000122
000218 000124
000219 000115
000220 000118
000221 000081
000222 000110
000223 000111
000224 000117
000225 000104
000226 000100
000227 000091
000228 000106
000229 000108
000230 000082
000231 000079
000232 000101
000233 000074
000234 000086
000235 000099
000236 000088
000237 000080
000238 000085
000239 000084
000240 000062
000241 000075
000242 000077
000243 000076
000244 000064
000245 000085
000246 000065
000247 000070
000248 000086
000249 000056
000250 000069
000251 000067
000252 000062
000253 000067
000254 000066
000255 000075
000256 000065
000257 000068
000258 000073
000259 000066
000260 000058
000261 000060
000262 000054
000263 000056
000264 000050
000265 000067
000266 000051
000267 000063
000268 000055
000269 000064
000270 000066
000271 000069
000272 000055
000273 000051
000274 000061
000275 000047
000276 000050
000277 000050
000278 000069
000279 000048
000280 000048
000281 000048
000282 000061
000283 000065
000284 000057
000285 000055
000286 000039
000287 000068
000288 000047
000289 000047
000290 000045
000291 000046
000292 000041
000293 000041
000294 000048
000295 000038
000296 000046
000297 000036
000298 000051
000299 000040
000300 000051
000301 000047
000302 000032
000303 000042
000304 000037
000305 000041
000306 000036
000307 000031
000308 000036
000309 000049
000310 000034
000311 000046
000312 000044
000313 000028
000314 000033
000315 000034
000316 000037
000317 000035
000318 000036
000319 000042
000320 000035
000321 000036
000322 000032
000323 000050
000324 000043
000325 000039
000326 000039
000327 000026
000328 000043
000329 000034
000330 000037
000331 000037
000332 000037
000333 000048
000334 000041
000335 000049
000336 000053
000337 000050
000338 000063
000339 000077
000340 000093
000341 000098
000342 000104
000343 000119
000344 000136
000345 000156
000346 000160
000347 000149
000348 000184
000349 000193
000350 000244
000351 000233
000352 000242
000353 000259
000354 000295
000355 000267
000356 000309
000357 000365
000358 000351
000359 000369
000360 000403
000361 000381
000362 000426
000363 000417
000364 000420
000365 000414
000366 000424
000367 000415
000368 000430
000369 000501
000370 000468
000371 000484
000372 000481
000373 000463
000374 000484
000375 000444
000376 000495
000377 000476
000378 000450
000379 000505
000380 000496
000381 000508
000382 000494
000383 000468
000384 000509
000385 000491
000386 000524
000387 000442
000388 000444
000389 000480
000390 000469
000391 000490
000392 000452
000393 000464
000394 000474
000395 000468
000396 000461
000397 000455
000398 000446
000399 000499
000400 000464
000401 000465
000402 000442
000403 000446
000404 000469
000405 000466
000406 000479
000407 000456
000408 000438
000409 000440
000410 000426
000411 000486
000412 000466
000413 000461
000414 000448
000415 000470
000416 000433
000417 000454
000418 000449
000419 000461
000420 000482
000421 000472
000422 000486
000423 000433
000424 000527
000425 000507
000426 000531
000427 000513
000428 000528
000429 000527
000430 000592
000431 000590
000432 000706
000433 000725
000434 000747
000435 000764
000436 000906
000437 000964
000438 001067
000439 001151
000440 001272
000441 001460
000442 001644
000443 001880
000444 002090
000445 002213
000446 002449
000447 002574
000448 002733
000449 002963
000450 003282
000451 003377
000452 003663
000453 003749
000454 004165
000455 004213
000456 004366
000457 004457
000458 004808
000459 004973
000460 005147
000461 005275
000462 005536
000463 005779
000464 006029
000465 005937
000466 006369
000467 006440
000468 006512
000469 006577
000470 006755
000471 006750
000472 006977
000473 006927
000474 007026
000475 006912
000476 007181
000477 007059
000478 007336
000479 007594
000480 007653
000481 007703
000482 008102
000483 008072
000484 008457
000485 008855
000486 009055
000487 009146
000488 009632
000489 009647
000490 010135
000491 010021
000492 010449
000493 010582
000494 011091
000495 010927
000496 011588
000497 011754
000498 012139
000499 012290
000500 012659
000501 012687
000502 013045
000503 013369
000504 013766
000505 013929
000506 014329
000507 014117
000508 014594
000509 014882
000510 015131
000511 015454
000512 015769
000513 015760
000514 016319
000515 016304
000516 017074
000517 017362
000518 018106
000519 017996
000520 018762
000521 018801
000522 019722
000523 019537
000524 020082
000525 020374
000526 020672
000527 020601
000528 021072
000529 020930
000530 021600
000531 021346
000532 021545
000533 021386
000534 021484
000535 021153
000536 020902
000537 020480
000538 020779
000539 020248
000540 020010
000541 019464
000542 019584
000543 018692
000544 018515
000545 017920
000546 017470
000547 016721
000548 016498
000549 015934
000550 015645
000551 014652
000552 014658
000553 013917
000554 013547
000555 012818
000556 012458
000557 011798
000558 011345
000559 010534
000560 010136
000561 009695
000562 009222
000563 008832
000564 008463
000565 007905
000566 007903
000567 007312
000568 007107
000569 006798
000570 006279
000571 005921
000572 005770
000573 005438
000574 005151
000575 004907
000576 004642
000577 004383
000578 004287
000579 004087
000580 003710
000581 003594
000582 003424
000583 003159
000584 003044
000585 002801
000586 002695
000587 002543
000588 002423
000589 002386
000590 002279
000591 002170
000592 002188
000593 002031
000594 001954
000595 001841
000596 001761
000597 001773
000598 001828
000599 001692
000600 001632
000601 001596
000602 001619
000603 001551
000604 001570
000605 001513
000606 001548
000607 001488
000608 001421
000609 001491
000610 001568
000611 001428
000612 001483
000613 001349
000614 001433
000615 001325
000616 001372
000617 001344
000618 001315
000619 001321
000620 001214
000621 001219
000622 001198
000623 001207
000624 001191
000625 001160
000626 001122
000627 001096
000628 001099
000629 001080
000630 001064
000631 001039
000632 001015
000633 001008
000634 000981
000635 000895
000636 000909
000637 000886
000638 000874
000639 000857
000640 000815
000641 000852
000642 000832
000643 000742
000644 000710
000645 000728
000646 000620
000647 000671
000648 000629
000649 000673
000650 000605
000651 000570
000652 000539
000653 000589
000654 000543
000655 000487
000656 000519
000657 000464
000658 000512
000659 000497
000660 000454
000661 000463
000662 000440
000663 000456
000664 000442
000665 000414
000666 000419
000667 000436
000668 000450
000669 000400
000670 000393
000671 000405
000672 000404
000673 000407
000674 000368
000675 000371
000676 000400
000677 000395
000678 000379
000679 000391
000680 000376
000681 000341
000682 000342
000683 000345
000684 000380
000685 000333
000686 000363
000687 000349
000688 000365
000689 000316
000690 000325
000691 000334
000692 000313
000693 000288
000694 000341
000695 000307
000696 000296
000697 000309
000698 000305
000699 000315
000700 000320
000701 000301
000702 000303
000703 000323
000704 000322
000705 000283
000706 000285
000707 000300
000708 000295
000709 000262
000710 000269
000711 000277
000712 000287
000713 000249
000714 000272
000715 000244
000716 000254
000717 000242
000718 000232
000719 000224
000720 000220
000721 000242
000722 000210
000723 000208
000724 000228
000725 000199
000726 000194
000727 000188
000728 000209
000729 000201
000730 000193
000731 000158
000732 000187
000733 000207
000734 000167
000735 000174
000736 000162
000737 000162
000738 000163
000739 000146
000740 000168
000741 000169
000742 000174
000743 000142
000744 000157
000745 000163
000746 000156
000747 000134
000748 000160
000749 000119
000750 000164
000751 000136
000752 000139
000753 000137
000754 000131
000755 000142
000756 000141
000757 000136
000758 000122
000759 000124
000760 000133
000761 000119
000762 000136
000763 000142
000764 000126
000765 000134
000766 000124
000767 000151
000768 000139
000769 000138
000770 000151
000771 000134
000772 000111
000773 000130
000774 000148
000775 000113
000776 000140
000777 000113
000778 000126
000779 000131
000780 000129
000781 000144
000782 000151
000783 000158
000784 000136
000785 000116
000786 000148
000787 000142
000788 000142
000789 000143
000790 000146
000791 000140
000792 000151
000793 000157
000794 000125
000795 000144
000796 000153
000797 000140
000798 000167
000799 000144
000800 000157
000801 000141
000802 000141
000803 000156
000804 000162
000805 000184
000806 000161
000807 000167
000808 000169
000809 000168
000810 000171
000811 000181
000812 000197
000813 000198
000814 000168
000815 000196
000816 000200
000817 000192
000818 000211
000819 000210
000820 000228
000821 000244
000822 000227
000823 000244
000824 000249
000825 000234
000826 000262
000827 000246
000828 000279
000829 000295
000830 000272
000831 000268
000832 000290
000833 000258
000834 000312
000835 000288
000836 000304
000837 000305
000838 000301
000839 000313
000840 000367
000841 000334
000842 000357
000843 000367
000844 000378
000845 000393
000846 000367
000847 000373
000848 000383
000849 000409
000850 000402
000851 000365
000852 000406
000853 000409
000854 000410
000855 000423
000856 000448
000857 000385
000858 000417
000859 000442
000860 000414
000861 000378
000862 000405
000863 000392
000864 000385
000865 000353
000866 000407
000867 000387
000868 000366
000869 000339
000870 000354
000871 000335
000872 000341
000873 000352
000874 000326
000875 000331
000876 000327
000877 000302
000878 000304
000879 000343
000880 000303
000881 000289
000882 000306
000883 000310
000884 000291
000885 000291
000886 000260
000887 000261
000888 000277
000889 000256
000890 000237
000891 000232
000892 000202
000893 000228
000894 000222
000895 000207
000896 000189
000897 000203
000898 000192
000899 000180
000900 000208
000901 000191
000902 000162
000903 000163
000904 000159
000905 000144
000906 000153
000907 000138
000908 000131
000909 000132
000910 000125
000911 000124
000912 000140
000913 000119
000914 000116
000915 000117
000916 000129
000917 000105
000918 000104
000919 000099
000920 000113
000921 000095
000922 000099
000923 000103
000924 000106
000925 000094
000926 000102
000927 000095
000928 000102
000929 000089
000930 000108
000931 000087
000932 000092
000933 000089
000934 000094
000935 000089
000936 000097
000937 000068
000938 000091
000939 000069
000940 000066
000941 000085
000942 000093
000943 000076
000944 000090
000945 000081
000946 000080
000947 000078
000948 000088
000949 000070
000950 000072
000951 000075
000952 000075
000953 000066
000954 000084
000955 000065
000956 000069
000957 000049
000958 000067
000959 000046
000960 000051
000961 000052
000962 000062
000963 000065
000964 000056
000965 000041
000966 000049
000967 000042
000968 000048
000969 000048
000970 000059
000971 000045
000972 000055
000973 000025
000974 000038
000975 000038
000976 000035
000977 000038
000978 000038
000979 000038
000980 000028
000981 000035
000982 000038
000983 000029
000984 000027
000985 000034
000986 000023
000987 000050
000988 000036
000989 000038
000990 000029
000991 000039
000992 000035
000993 000035
000994 000043
000995 000039
000996 000035
000997 000042
000998 000034
000999 000029
001000 000053
001001 000027
001002 000043
001003 000037
001004 000031
001005 000046
001006 000039
001007 000028
001008 000036
001009 000032
001010 000035
001011 000034
001012 000035
001013 000039
001014 000030
001015 000044
001016 000034
001017 000038
001018 000042
001019 000025
001020 000036
001021 000032
001022 000027
001023 000019
001024 000028
001025 000024
001026 000020
001027 000024
001028 000018
001029 000021
001030 000028
001031 000024
001032 000023
001033 000027
001034 000019
001035 000023
001036 000013
001037 000013
001038 000021
001039 000024
001040 000020
001041 000025
001042 000023
001043 000018
001044 000012
001045 000018
001046 000015
001047 000022
001048 000025
001049 000018
001050 000026
001051 000011
001052 000020
001053 000017
001054 000016
001055 000011
001056 000010
001057 000014
001058 000020
001059 000015
001060 000010
001061 000012
001062 000012
001063 000019
001064 000007
001065 000007
001066 000012
001067 000006
001068 000015
001069 000016
001070 000008
001071 000012
001072 000011
001073 000008
001074 000010
001075 000007
001076 000014
001077 000008
001078 000008
001079 000004
001080 000003
001081 000010
001082 000013
001083 000015
001084 000008
001085 000009
001086 000005
001087 000009
001088 000008
001089 000010
001090 000007
001091 000009
001092 000008
001093 000003
001094 000007
001095 000005
001096 000003
001099 000001
001100 000001
001101 000005
001102 000006
001103 000004
001104 000007
001105 000007
001106 000006
001107 000008
001108 000005
001109 000004
001110 000003
001111 000006
001112 000004
001113 000007
001114 000002
001115 000008
001116 000004
001117 000005
001118 000005
001119 000005
001120 000008
001121 000009
001122 000004
001123 000007
001124 000002
001125 000006
001126 000003
001127 000005
001128 000003
001129 000004
001130 000004
001131 000006
001132 000006
001133 000008
001134 000005
001135 000004
001136 000002
001137 000002
001138 000002
001139 000004
001140 000001
001141 000003
001142 000001
001143 000003
001144 000004
001145 000004
001146 000004
001147 000003
001148 000002
001149 000003
001150 000007
001151 000002
001152 000002
001153 000003
001154 000006
001155 000004
001156 000002
001157 000004
001158 000003
001159 000005
001160 000005
001161 000008
001162 000006
001163 000005
001164 000003
001165 000004
001166 000005
001167 000001
001168 000003
001169 000002
001170 000003
001171 000003
001172 000004
001173 000002
001174 000003
001175 000003
001176 000009
001177 000001
001178 000001
001179 000004
001180 000003
001181 000004
001182 000003
001183 000002
001184 000003
001185 000006
001186 000001
001187 000003
001188 000003
001189 000002
001190 000002
001191 000004
001192 000001
001193 000004
001194 000003
001195 000003
001197 000005
001198 000001
001199 000004
001200 000004
001201 000007
001202 000005
001203 000005
001204 000004
001205 000001
001206 000001
001207 000002
001208 000002
001209 000003
001210 000002
001211 000003
001212 000002
001213 000003
001214 000002
001215 000003
001216 000003
001217 000004
001218 000004
001219 000002
001220 000001
001221 000002
001222 000002
001224 000004
001225 000003
001226 000001
001227 000001
001228 000002
001229 000002
001230 000002
001231 000001
001232 000003
001233 000002
001234 000002
001235 000002
001236 000001
001237 000002
001238 000002
001239 000002
001240 000001
001241 000001
001242 000003
001243 000002
001244 000001
001245 000002
001246 000004
001247 000002
001248 000005
001249 000002
001250 000002
001251 000003
001252 000001
001253 000003
001254 000002
001256 000001
001257 000003
001258 000001
001259 000002
001262 000006
001263 000004
001264 000004
001266 000003
001267 000003
001268 000003
001269 000003
001270 000002
001271 000003
001272 000001
001274 000002
001275 000003
001276 000001
001279 000002
001280 000001
001282 000003
001283 000002
001284 000001
001285 000001
001286 000002
001287 000005
001289 000005
001290 000003
001291 000001
001293 000001
001294 000002
001295 000003
001296 000001
001298 000001
001299 000005
001300 000001
001301 000001
001302 000001
001304 000002
001307 000001
001308 000001
001309 000001
001310 000004
001311 000002
001312 000002
001313 000004
001315 000004
001316 000005
001317 000003
001318 000006
001319 000002
001320 000004
001321 000002
001322 000005
001323 000003
001324 000004
001325 000001
001326 000007
001327 000002
001329 000003
001330 000004
001331 000005
001332 000003
001333 000004
001334 000003
001335 000002
001336 000002
001337 000005
001338 000002
001339 000003
001340 000003
001341 000004
001342 000005
001343 000005
001344 000006
001345 000004
001346 000004
001347 000004
001348 000003
001349 000005
001350 000001
001351 000006
001352 000007
001353 000006
001354 000009
001355 000006
001356 000003
001357 000015
001358 000003
001359 000009
001360 000005
001361 000018
001362 000015
001363 000014
001364 000008
001365 000009
001366 000014
001367 000003
001368 000016
001369 000007
001370 000013
001371 000021
001372 000016
001373 000015
001374 000021
001375 000015
001376 000011
001377 000013
001378 000016
001379 000012
001380 000023
001381 000016
001382 000016
001383 000011
001384 000020
001385 000015
001386 000019
001387 000019
001388 000012
001389 000014
001390 000017
001391 000005
001392 000016
001393 000012
001394 000013
001395 000014
001396 000013
001397 000012
001398 000009
001399 000014
001400 000013
001401 000015
001402 000012
001403 000006
001404 000014
001405 000007
001406 000007
001407 000003
001408 000005
001409 000006
001410 000006
001411 000002
001412 000006
001413 000009
001414 000004
001415 000007
001416 000001
001417 000004
001418 000005
001419 000003
001420 000005
001421 000003
001422 000006
001423 000004
001424 000004
001425 000004
001426 000005
001427 000005
001428 000004
001429 000004
001430 000004
001431 000002
001432 000006
001433 000004
001434 000004
001435 000001
001436 000004
001437 000004
001438 000005
001439 000003
001440 000001
001441 000003
001442 000003
001443 000005
001444 000004
001445 000003
001446 000003
001447 000003
001448 000002
001449 000003
001450 000003
001451 000005
001452 000006
001454 000006
001455 000005
001456 000003
001457 000003
001458 000004
001460 000001
001461 000003
001462 000002
001463 000003
001464 000004
001465 000002
001466 000002
001467 000004
001468 000001
001469 000001
001470 000002
001471 000002
001472 000001
001473 000002
001474 000004
001475 000002
001476 000002
001479 000002
001480 000002
001481 000002
001482 000002
001483 000003
001484 000005
001485 000002
001487 000002
001488 000002
001489 000002
001490 000001
001493 000001
001494 000001
001495 000002
001496 000001
001497 000002
001498 000002
001499 000001
001500 000002
001501 000002
001502 000001
001503 000001
001505 000002
001507 000001
001508 000001
001509 000002
001510 000001
001511 000002
001512 000002
001513 000001
001514 000003
001515 000001
001516 000002
001517 000001
001518 000001
001519 000002
001521 000004
001522 000001
001523 000004
001524 000002
001525 000003
001526 000002
001527 000003
001528 000001
001529 000001
001530 000001
001531 000002
001532 000001
001533 000002
001535 000001
001537 000004
001539 000001
001541 000001
001543 000001
001544 000003
001546 000004
001547 000002
001548 000001
001549 000001
001551 000002
001553 000001
001555 000001
001556 000002
001557 000001
001561 000002
001562 000003
001563 000001
001564 000004
001565 000002
001566 000003
001567 000001
001568 000002
001569 000001
001570 000003
001571 000001
001572 000006
001573 000003
001574 000001
001575 000002
001576 000001
001577 000002
001578 000003
001579 000001
001580 000002
001581 000003
001582 000003
001583 000001
001584 000001
001586 000001
001587 000002
001588 000002
001589 000003
001591 000001
001592 000003
001593 000002
001594 000001
001597 000001
001599 000004
001600 000001
001602 000002
001603 000002
001605 000002
001606 000002
001607 000001
001609 000002
001610 000001
001611 000004
001612 000003
001613 000002
001614 000002
001615 000002
001618 000003
001620 000003
001621 000002
001622 000001
001623 000004
001626 000002
001628 000001
001629 000001
001630 000001
001631 000001
001632 000001
001633 000002
001635 000002
001636 000001
001637 000001
001639 000002
001640 000002
001642 000001
001643 000001
001644 000001
001645 000001
001646 000002
001647 000001
001648 000002
001649 000001
001651 000002
001652 000002
001653 000002
001654 000001
001655 000001
001656 000001
001657 000001
001658 000001
001660 000003
001662 000001
001664 000001
001666 000002
001668 000002
001670 000001
001671 000001
001672 000002
001673 000002
001674 000001
001676 000001
001680 000001
001681 000001
001682 000001
001685 000001
001687 000001
001691 000003
001694 000001
001695 000001
001696 000001
001698 000002
001702 000001
001703 000001
001705 000001
001706 000001
001711 000001
001712 000001
001713 000001
001715 000002
001717 000002
001718 000003
001719 000001
001720 000001
001722 000001
001724 000003
001725 000001
001727 000001
001730 000001
001732 000001
001733 000001
001735 000001
001736 000001
001737 000001
001738 000002
001740 000001
001741 000001
001747 000001
001748 000002
001749 000001
001750 000003
001753 000001
001754 000001
001755 000001
001759 000002
001760 000001
001771 000001
001772 000001
001780 000002
001781 000001
001783 000001
001785 000001
001786 000001
001788 000002
001789 000001
001791 000001
001792 000001
001797 000001
001799 000001
001802 000001
001806 000001
001811 000001
001815 000001
001817 000001
001822 000002
001823 000001
001825 000002
001826 000002
001827 000001
001828 000001
001833 000001
001836 000001
001839 000001
001840 000001
001842 000001
001843 000001
001844 000001
001845 000001
001846 000001
001851 000001
001855 000001
001856 000001
001860 000001
001864 000001
001867 000002
001868 000001
001870 000002
001878 000001
001880 000001
001882 000001
001885 000001
001894 000001
001902 000001
001914 000002
001918 000001
001919 000001
001920 000001
001921 000001
001922 000001
001923 000001
001935 000001
001938 000001
001941 000001
001958 000001
001959 000001
001962 000001
001964 000001
001976 000001
001979 000001
001984 000001
001991 000001
002006 000001
002010 000001
002017 000001
002018 000001
002042 000001
002047 000001
002054 000001
002060 000001
002064 000001
002070 000001
002075 000001
002077 000001
002089 000001
002095 000001
002096 000001
002127 000001
002130 000001
002137 000002
002139 000001
002142 000001
002145 000001
002146 000001
002150 000001
002158 000001
002171 000001
002182 000001
002197 000001
002204 000001
002207 000001
002235 000001
002241 000001
002242 000001
002252 000001
002256 000001
002261 000001
002272 000002
002278 000001
002282 000001
002295 000001
002309 000001
002310 000001
002317 000001
002322 000001
002324 000001
002325 000002
002326 000001
002327 000001
002328 000001
002329 000001
002334 000001
002337 000002
002338 000002
002339 000001
002340 000002
002341 000002
002343 000001
002344 000004
002346 000003
002348 000002
002349 000001
002350 000003
002351 000002
002352 000002
002353 000003
002354 000004
002355 000001
002356 000003
002359 000001
002360 000003
002361 000001
002362 000003
002363 000002
002364 000002
002365 000003
002367 000004
002368 000006
002369 000005
002370 000004
002371 000004
002372 000001
002373 000005
002374 000002
002375 000002
002376 000002
002377 000004
002378 000005
002379 000001
002380 000005
002381 000002
002382 000002
002383 000004
002384 000004
002385 000007
002386 000002
002387 000004
002388 000003
002389 000003
002390 000002
002391 000001
002392 000002
002393 000005
002394 000004
002395 000005
002396 000005
002397 000005
002398 000001
002399 000005
002400 000004
002401 000001
002402 000002
002403 000001
002404 000001
002405 000003
002406 000002
002407 000003
002408 000002
002409 000005
002410 000005
002411 000002
002412 000001
002413 000001
002414 000005
002416 000006
002417 000001
002418 000003
002419 000001
002420 000004
002421 000001
002422 000001
002424 000002
002425 000001
002427 000002
002428 000002
002430 000002
002431 000002
002432 000001
002433 000002
002434 000001
002437 000002
002439 000003
002440 000001
002442 000001
002443 000001
002444 000002
002449 000001
002450 000002
002454 000001
002455 000001
002458 000001
002459 000001
002461 000002
002463 000002
002465 000001
002466 000002
002467 000001
002469 000001
002471 000001
002473 000001
002474 000003
002475 000001
002477 000001
002478 000001
002480 000001
002484 000001
002485 000002
002488 000002
002493 000004
002495 000001
002496 000001
002497 000001
002498 000001
002501 000001
002503 000001
002505 000001
002508 000001
002509 000002
002510 000002
002511 000002
002512 000001
002514 000001
002515 000001
002516 000001
002517 000001
002521 000001
002524 000001
002526 000001
002529 000001
002530 000001
002531 000001
002533 000002
002539 000002
002540 000001
002544 000001
002549 000001
002551 000002
002552 000001
002558 000001
002560 000001
002572 000001
002585 000001
002593 000001
002597 000001
002604 000001
002607 000001
002616 000002
002620 000001
002624 000001
002632 000001
002634 000002
002635 000002
002638 000001
002640 000001
002642 000001
002646 000001
002654 000001
002661 000001
002662 000001
002671 000002
002673 000001
002674 000001
002677 000001
002680 000001
002683 000001
002688 000001
002699 000001
002700 000001
002702 000001
002713 000001
002716 000001
002717 000002
002718 000002
002725 000001
002730 000001
002732 000001
002737 000002
002743 000001
002745 000001
002747 000001
002750 000001
002755 000001
002756 000001
002758 000002
002771 000001
002773 000001
002776 000002
002778 000001
002784 000001
002785 000001
002793 000001
002831 000001
002835 000001
002839 000001
002851 000001
002861 000001
002862 000001
002867 000001
002871 000001
002882 000001
002897 000001
002909 000001
002910 000001
002916 000001
002943 000001
002947 000001
002968 000001
002981 000001
002986 000001
003002 000001
003006 000001
003025 000001
003079 000001
003081 000001
003102 000001
003122 000001
003125 000001
003145 000001
003162 000001
003169 000001
003210 000001
003212 000001
003225 000001
003229 000001
003239 000001
003264 000001
003278 000001
003280 000001
003292 000002
003293 000001
003310 000001
003325 000001
003326 000002
003329 000001
003332 000002
003334 000003
003337 000001
003339 000002
003340 000001
003341 000003
003344 000001
003345 000001
003346 000003
003347 000004
003348 000002
003349 000002
003351 000002
003352 000001
003353 000003
003354 000002
003355 000001
003356 000002
003357 000002
003358 000003
003359 000006
003361 000002
003362 000003
003364 000004
003365 000001
003366 000001
003367 000004
003368 000002
003369 000001
003370 000001
003371 000002
003372 000001
003373 000001
003374 000002
003376 000006
003377 000004
003378 000004
003379 000005
003380 000006
003381 000005
003382 000005
003383 000004
003384 000006
003385 000003
003386 000004
003387 000007
003389 000004
003390 000004
003391 000005
003392 000005
003393 000002
003394 000007
003395 000004
003396 000002
003397 000005
003398 000002
003399 000002
003400 000003
003401 000006
003402 000006
003403 000007
003404 000005
003405 000005
003406 000005
003407 000002
003408 000011
003409 000003
003410 000004
003411 000007
003412 000004
003413 000004
003414 000003
003415 000003
003416 000009
003417 000003
003418 000004
003419 000005
003420 000002
003421 000003
003422 000003
003423 000004
003424 000001
003425 000002
003426 000004
003427 000004
003428 000001
003429 000001
003430 000003
003431 000002
003432 000001
003434 000003
003435 000001
003436 000001
003438 000003
003440 000001
003441 000001
003442 000001
003444 000001
003445 000002
003446 000001
003448 000002
003450 000002
003451 000001
003453 000001
003454 000003
003455 000001
003458 000001
003460 000002
003461 000001
003463 000001
003465 000001
003468 000001
003469 000002
003470 000002
003471 000002
003472 000001
003475 000002
003480 000001
003482 000001
003483 000003
003487 000001
003488 000001
003489 000001
003490 000001
003491 000001
003492 000001
003493 000001
003494 000001
003495 000001
003497 000002
003500 000001
003503 000002
003504 000001
003505 000003
003506 000001
003507 000003
003508 000001
003509 000001
003510 000001
003513 000002
003515 000001
003516 000001
003517 000002
003520 000002
003521 000001
003522 000001
003523 000001
003527 000004
003528 000002
003530 000001
003535 000002
003536 000001
003537 000002
003541 000003
003542 000001
003546 000001
003547 000001
003548 000002
003549 000001
003550 000001
003559 000001
003560 000001
003570 000001
003598 000001
003609 000001
003611 000001
003615 000001
003616 000001
003624 000001
003631 000001
003633 000001
003641 000001
003643 000001
003648 000001
003649 000001
003651 000001
003652 000002
003657 000001
003665 000001
003667 000001
003670 000001
003672 000001
003673 000001
003676 000001
003677 000001
003679 000001
003684 000002
003685 000002
003686 000001
003694 000001
003702 000001
003703 000001
003708 000001
003710 000001
003714 000001
003719 000001
003723 000001
003725 000002
003730 000001
003736 000001
003738 000002
003741 000001
003748 000001
003751 000001
003753 000001
003755 000001
003760 000001
003765 000001
003768 000001
003773 000001
003774 000001
003780 000001
003786 000001
003788 000001
003789 000001
003798 000001
003804 000001
003805 000001
003810 000001
003813 000001
003817 000001
003846 000001
003868 000001
003884 000001
003885 000001
003895 000001
003903 000001
003907 000002
003922 000001
003926 000001
003944 000001
003961 000001
003964 000001
004001 000002
004006 000001
004013 000001
004022 000001
004028 000001
004030 000001
004040 000001
004109 000001
004116 000001
004117 000001
004162 000001
004181 000001
004223 000001
004230 000001
004247 000001
004294 000001
004314 000001
004319 000001
004331 000001
004332 000002
004333 000001
004334 000001
004335 000001
004336 000001
004337 000001
004339 000003
004340 000001
004341 000001
004343 000001
004345 000001
004347 000002
004348 000001
004349 000001
004350 000002
004351 000001
004352 000002
004353 000003
004354 000002
004355 000003
004356 000001
004357 000001
004358 000001
004360 000001
004361 000005
004362 000002
004363 000001
004365 000003
004366 000001
004367 000001
004369 000002
004370 000003
004371 000002
004372 000006
004373 000003
004374 000005
004375 000003
004376 000002
004377 000009
004378 000006
004379 000004
004380 000006
004381 000006
004382 000001
004383 000006
004384 000006
004385 000004
004386 000015
004387 000009
004388 000008
004389 000009
004390 000006
004391 000004
004392 000005
004393 000005
004394 000004
004395 000008
004396 000008
004397 000007
004398 000003
004399 000008
004400 000010
004401 000005
004402 000005
004403 000008
004404 000012
004405 000012
004406 000011
004407 000006
004408 000012
004409 000004
004410 000009
004411 000004
004412 000016
004413 000006
004414 000009
004415 000004
004416 000008
004417 000006
004418 000008
004419 000004
004420 000011
004421 000005
004422 000009
004423 000004
004424 000002
004425 000004
004426 000004
004427 000001
004428 000004
004429 000005
004431 000003
004432 000004
004433 000001
004434 000003
004435 000004
004436 000005
004437 000001
004438 000003
004439 000003
004440 000004
004441 000002
004442 000002
004443 000002
004445 000002
004446 000006
004447 000001
004448 000003
004449 000001
004450 000002
004451 000003
004452 000001
004454 000003
004455 000001
004456 000002
004457 000001
004461 000002
004463 000001
004464 000002
004465 000001
004467 000003
004469 000001
004470 000001
004471 000002
004472 000003
004473 000001
004474 000001
004476 000004
004477 000001
004478 000002
004479 000002
004480 000002
004481 000001
004485 000001
004487 000003
004488 000003
004490 000001
004491 000001
004492 000002
004493 000001
004494 000001
004495 000001
004496 000002
004497 000001
004498 000001
004503 000002
004504 000003
004505 000004
004506 000004
004508 000001
004511 000004
004514 000001
004517 000001
004518 000001
004520 000002
004521 000001
004522 000002
004523 000002
004525 000002
004526 000003
004527 000002
004529 000002
004530 000001
004531 000003
004532 000002
004533 000002
004534 000002
004535 000001
004538 000002
004539 000001
004540 000001
004541 000001
004542 000001
004545 000001
004547 000002
004549 000004
004550 000001
004552 000001
004553 000001
004554 000002
004557 000002
004558 000001
004559 000001
004561 000001
004563 000001
004564 000001
004566 000002
004569 000001
004576 000001
004590 000001
004592 000001
004593 000001
004599 000001
004613 000001
004616 000001
004626 000001
004635 000001
004636 000001
004638 000002
004641 000001
004646 000002
004652 000001
004660 000001
004662 000001
004663 000001
004665 000001
004667 000002
004671 000001
004676 000002
004679 000001
004690 000001
004692 000001
004700 000001
004705 000001
004707 000001
004711 000001
004721 000001
004725 000001
004726 000001
004728 000001
004730 000001
004733 000001
004738 000001
004739 000001
004741 000001
004744 000001
004751 000002
004772 000001
004776 000001
004778 000001
004779 000001
004785 000001
004789 000001
004798 000001
004799 000001
004815 000001
004820 000002
004829 000001
004840 000001
004848 000001
004853 000001
004854 000001
004884 000001
004890 000001
004933 000001
004938 000001
004948 000001
004985 000001
005030 000001
005038 000001
005081 000001
005091 000002
005220 000001
005331 000001
005335 000001
005336 000001
005337 000001
005338 000001
005343 000001
005344 000001
005345 000002
005346 000002
005348 000003
005349 000001
005350 000001
005351 000007
005352 000001
005353 000002
005354 000001
005355 000002
005356 000001
005357 000003
005358 000003
005359 000001
005360 000003
005362 000004
005363 000002
005364 000005
005365 000001
005366 000001
005367 000002
005368 000002
005369 000006
005370 000001
005371 000002
005372 000004
005373 000001
005374 000002
005375 000001
005376 000003
005377 000002
005378 000003
005379 000004
005380 000006
005381 000006
005382 000001
005383 000005
005384 000005
005385 000002
005386 000004
005387 000001
005388 000003
005389 000008
005390 000003
005391 000003
005392 000004
005393 000007
005394 000006
005395 000006
005396 000002
005397 000004
005398 000003
005399 000007
005400 000004
005401 000005
005402 000002
005403 000005
005404 000005
005405 000005
005406 000003
005407 000004
005408 000002
005409 000005
005410 000003
005411 000004
005412 000008
005413 000003
005414 000003
005415 000007
005416 000003
005417 000004
005418 000003
005419 000001
005420 000004
005421 000005
005422 000001
005423 000003
005424 000002
005425 000002
005426 000003
005427 000005
005428 000003
005429 000002
005430 000001
005433 000002
005435 000003
005436 000001
005437 000002
005438 000001
005439 000001
005441 000001
005442 000003
005444 000002
005445 000002
005446 000001
005447 000004
005448 000003
005450 000002
005451 000002
005452 000001
005453 000004
005454 000001
005455 000003
005456 000001
005457 000001
005459 000003
005461 000002
005462 000002
005463 000001
005464 000003
005465 000001
005467 000002
005469 000001
005470 000001
005471 000002
005472 000002
005474 000001
005475 000001
005476 000003
005479 000002
005480 000001
005481 000001
005482 000001
005483 000001
005484 000002
005488 000002
005490 000001
005492 000002
005495 000003
005496 000001
005498 000001
005499 000001
005501 000001
005504 000002
005505 000001
005508 000001
005511 000001
005514 000001
005517 000002
005518 000001
005519 000001
005520 000001
005521 000002
005522 000003
005523 000001
005524 000001
005525 000004
005526 000002
005527 000002
005528 000002
005529 000002
005531 000001
005533 000001
005534 000003
005535 000003
005536 000002
005537 000002
005538 000001
005539 000001
005540 000002
005541 000002
005543 000001
005544 000003
005547 000001
005548 000002
005549 000001
005550 000001
005553 000001
005555 000002
005560 000001
005561 000001
005562 000001
005567 000001
005571 000001
005573 000001
005576 000001
005578 000001
005585 000001
005590 000001
005596 000002
005599 000001
005604 000001
005620 000001
005624 000001
005630 000001
005633 000002
005636 000001
005640 000001
005644 000001
005646 000001
005652 000001
005654 000001
005657 000001
005660 000001
005668 000001
005676 000003
005680 000001
005682 000001
005685 000001
005688 000001
005698 000001
005701 000001
005707 000001
005716 000001
005726 000001
005734 000001
005736 000001
005737 000001
005741 000001
005744 000001
005749 000001
005752 000001
005755 000001
005761 000001
005771 000002
005774 000001
005783 000001
005787 000001
005790 000001
005794 000001
005808 000001
005814 000001
005821 000001
005870 000001
005871 000001
005922 000001
005936 000001
006079 000001
006101 000001
006111 000001
006133 000001
006168 000001
006236 000001
006240 000001
006258 000001
006320 000001
006335 000001
006337 000001
006338 000001
006339 000001
006341 000001
006342 000001
006343 000001
006344 000001
006346 000001
006347 000001
006348 000001
006350 000004
006351 000001
006352 000001
006353 000001
006356 000002
006357 000004
006358 000001
006359 000001
006360 000002
006361 000003
006362 000001
006365 000001
006366 000001
006367 000002
006368 000002
006369 000001
006370 000001
006371 000005
006372 000003
006373 000003
006374 000002
006375 000001
006376 000006
006377 000003
006378 000005
006379 000004
006380 000003
006381 000003
006382 000003
006383 000004
006384 000006
006385 000004
006386 000006
006387 000011
006388 000004
006389 000007
006390 000004
006391 000005
006392 000004
006393 000010
006394 000007
006395 000007
006396 000009
006397 000002
006398 000012
006399 000003
006400 000007
006401 000006
006402 000008
006403 000009
006404 000005
006405 000005
006406 000008
006407 000006
006408 000008
006409 000007
006410 000006
006411 000004
006412 000006
006413 000005
006414 000005
006415 000004
006416 000003
006417 000002
006418 000004
006419 000003
006420 000005
006421 000002
006422 000003
006423 000007
006424 000002
006425 000009
006426 000004
006427 000002
006428 000004
006429 000004
006430 000002
006431 000001
006432 000002
006433 000002
006434 000002
006435 000001
006436 000002
006437 000003
006438 000003
006439 000005
006440 000006
006441 000002
006442 000003
006443 000001
006444 000003
006445 000003
006446 000004
006447 000002
006448 000002
006449 000003
006450 000005
006452 000002
006453 000003
006454 000001
006455 000003
006456 000001
006458 000002
006459 000002
006461 000001
006463 000002
006464 000001
006465 000002
006466 000001
006467 000002
006468 000002
006469 000002
006470 000002
006471 000003
006472 000001
006473 000001
006474 000002
006475 000002
006476 000001
006478 000001
006479 000003
006480 000001
006481 000001
006482 000001
006483 000002
006484 000001
006485 000002
006486 000003
006487 000002
006489 000001
006490 000002
006491 000003
006492 000003
006494 000003
006495 000001
006496 000004
006497 000002
006498 000003
006499 000003
006500 000002
006502 000005
006503 000003
006504 000002
006506 000003
006507 000001
006508 000002
006509 000001
006510 000001
006512 000002
006513 000003
006514 000005
006516 000003
006517 000002
006518 000002
006520 000004
006521 000001
006522 000003
006523 000002
006524 000002
006525 000005
006526 000003
006527 000003
006528 000002
006529 000002
006530 000004
006532 000001
006533 000002
006534 000001
006535 000004
006536 000003
006537 000001
006539 000003
006542 000002
006544 000004
006545 000002
006547 000003
006548 000003
006549 000004
006550 000001
006552 000002
006553 000002
006555 000001
006556 000002
006557 000001
006558 000001
006559 000001
006560 000003
006561 000001
006564 000002
006565 000001
006571 000002
006574 000001
006575 000001
006578 000002
006581 000001
006582 000002
006584 000002
006585 000002
006586 000001
006587 000001
006590 000001
006591 000002
006598 000001
006602 000001
006605 000001
006607 000001
006615 000001
006618 000001
006619 000001
006624 000001
006626 000001
006627 000001
006630 000001
006633 000002
006636 000001
006639 000001
006648 000001
006652 000001
006654 000001
006664 000001
006673 000001
006676 000001
006679 000001
006680 000002
006687 000001
006692 000001
006707 000001
006709 000002
006710 000001
006712 000001
006713 000001
006714 000001
006715 000001
006717 000001
006736 000001
006740 000001
006742 000001
006744 000001
006745 000001
006746 000001
006751 000001
006754 000001
006755 000001
006767 000001
006772 000001
006773 000001
006778 000001
006783 000001
006797 000001
006803 000001
006808 000001
006846 000001
006866 000001
006881 000001
006887 000001
006909 000001
006927 000001
007020 000001
007025 000001
007142 000001
007246 000001
007257 000001
007298 000001
007302 000001
007306 000001
007307 000001
007312 000001
007333 000001
007346 000001
007348 000002
007350 000001
007351 000003
007354 000001
007355 000003
007361 000001
007362 000001
007363 000002
007367 000002
007368 000001
007369 000001
007370 000001
007371 000001
007372 000002
007373 000001
007375 000004
007376 000003
007377 000002
007378 000001
007380 000003
007381 000003
007382 000001
007383 000003
007384 000002
007385 000002
007386 000005
007387 000002
007388 000003
007389 000002
007390 000002
007391 000002
007392 000004
007393 000002
007394 000003
007396 000004
007397 000001
007398 000004
007399 000002
007400 000008
007401 000002
007402 000004
007403 000002
007404 000004
007405 000003
007406 000001
007407 000004
007408 000003
007409 000001
007410 000005
007411 000002
007412 000003
007413 000004
007414 000002
007415 000004
007416 000001
007417 000004
007418 000004
007419 000003
007420 000003
007421 000003
007422 000004
007423 000001
007424 000001
007425 000003
007426 000001
007427 000002
007428 000002
007429 000002
007430 000002
007431 000001
007432 000005
007433 000006
007434 000005
007435 000004
007436 000001
007437 000002
007438 000004
007439 000001
007440 000005
007441 000003
007443 000004
007444 000004
007445 000003
007446 000001
007447 000002
007449 000003
007450 000001
007451 000001
007452 000002
007454 000002
007455 000002
007456 000003
007457 000003
007458 000004
007459 000001
007460 000001
007463 000001
007465 000005
007466 000001
007467 000001
007468 000002
007470 000001
007473 000002
007475 000003
007476 000003
007477 000003
007478 000002
007479 000003
007480 000001
007481 000003
007482 000002
007483 000001
007484 000001
007485 000003
007486 000001
007487 000003
007488 000001
007489 000001
007490 000002
007491 000001
007492 000001
007495 000003
007496 000005
007497 000001
007498 000005
007499 000004
007500 000001
007501 000001
007502 000003
007504 000001
007505 000001
007506 000002
007507 000002
007508 000003
007509 000003
007510 000002
007511 000001
007512 000001
007513 000001
007514 000001
007515 000003
007516 000004
007517 000001
007518 000003
007519 000003
007522 000001
007523 000004
007524 000003
007525 000005
007526 000003
007527 000003
007528 000002
007529 000004
007530 000004
007533 000003
007534 000003
007535 000005
007537 000002
007538 000003
007539 000003
007541 000001
007542 000003
007543 000002
007544 000003
007545 000004
007547 000004
007548 000002
007550 000002
007551 000001
007553 000002
007554 000001
007555 000001
007556 000002
007557 000001
007558 000001
007559 000001
007560 000003
007561 000005
007567 000001
007572 000002
007574 000001
007575 000001
007577 000002
007579 000001
007592 000001
007593 000001
007607 000001
007608 000002
007609 000001
007617 000001
007625 000001
007628 000002
007634 000001
007635 000001
007636 000001
007639 000001
007640 000002
007641 000001
007646 000001
007647 000001
007648 000001
007654 000001
007657 000001
007661 000002
007671 000001
007672 000001
007674 000001
007676 000001
007677 000001
007678 000001
007680 000001
007682 000001
007684 000001
007685 000001
007687 000001
007688 000001
007695 000001
007698 000001
007700 000001
007704 000001
007711 000001
007712 000001
007736 000001
007741 000001
007749 000001
007750 000001
007755 000001
007773 000002
007798 000001
007800 000001
007801 000001
007828 000001
007846 000001
007862 000001
007871 000001
007923 000001
008008 000001
008041 000001
008045 000001
008111 000001
008341 000001
008345 000001
008348 000001
008351 000001
008352 000001
008357 000001
008358 000001
008359 000002
008362 000003
008363 000002
008366 000001
008367 000001
008368 000001
008370 000001
008371 000001
008372 000002
008373 000002
008374 000001
008375 000002
008376 000002
008377 000003
008378 000001
008379 000004
008380 000001
008381 000002
008382 000003
008383 000001
008384 000002
008385 000004
008386 000005
008387 000002
008388 000003
008389 000003
008390 000002
008391 000002
008392 000006
008393 000007
008394 000001
008395 000001
008396 000001
008397 000003
008398 000003
008399 000004
008400 000007
008401 000003
008402 000002
008403 000001
008404 000003
008405 000004
008406 000003
008407 000004
008408 000005
008409 000004
008410 000002
008411 000001
008412 000004
008413 000005
008414 000002
008415 000002
008416 000006
008417 000002
008418 000002
008419 000004
008420 000004
008421 000001
008422 000005
008423 000002
008424 000006
008425 000001
008426 000003
008427 000005
008428 000002
008429 000003
008430 000002
008431 000003
008432 000003
008433 000001
008434 000002
008435 000001
008436 000003
008437 000002
008438 000003
008439 000002
008442 000003
008444 000001
008445 000003
008446 000003
008447 000002
008448 000002
008449 000002
008450 000005
008451 000001
008452 000005
008453 000001
008454 000001
008455 000001
008456 000002
008457 000003
008458 000001
008461 000004
008462 000001
008463 000005
008466 000002
008467 000001
008468 000002
008469 000007
008470 000001
008471 000002
008472 000003
008473 000002
008474 000001
008475 000001
008476 000002
008477 000002
008478 000002
008479 000001
008480 000002
008482 000001
008483 000001
008484 000003
008485 000002
008486 000001
008488 000001
008489 000001
008490 000001
008491 000002
008492 000001
008493 000002
008494 000001
008495 000003
008496 000002
008497 000002
008498 000003
008499 000002
008500 000004
008501 000001
008502 000001
008503 000003
008504 000001
008505 000003
008506 000001
008507 000003
008508 000002
008509 000003
008510 000002
008511 000002
008512 000003
008513 000002
008514 000003
008515 000004
008516 000006
008517 000003
008518 000002
008519 000003
008520 000004
008522 000003
008523 000003
008524 000007
008525 000003
008526 000004
008527 000001
008530 000006
008531 000003
008532 000005
008533 000003
008534 000003
008535 000002
008536 000001
008537 000004
008538 000007
008539 000004
008540 000001
008541 000001
008542 000004
008543 000001
008544 000001
008545 000002
008546 000001
008547 000002
008548 000002
008549 000004
008550 000004
008551 000001
008552 000003
008553 000002
008554 000002
008555 000004
008556 000001
008557 000002
008558 000001
008559 000001
008560 000002
008561 000001
008562 000001
008563 000001
008565 000001
008568 000001
008570 000001
008571 000002
008573 000001
008574 000002
008575 000001
008576 000001
008579 000001
008580 000001
008581 000002
008582 000001
008583 000001
008584 000001
008586 000002
008587 000001
008592 000001
008595 000002
008599 000001
008601 000002
008602 000001
008603 000001
008604 000001
008608 000001
008610 000001
008612 000001
008613 000002
008614 000003
008615 000002
008617 000001
008620 000001
008623 000002
008626 000001
008627 000002
008633 000002
008636 000002
008638 000001
008639 000001
008640 000001
008641 000001
008644 000001
008645 000001
008651 000001
008652 000001
008653 000001
008656 000001
008661 000001
008667 000001
008668 000001
008669 000003
008671 000002
008672 000001
008673 000001
008674 000002
008681 000001
008683 000001
008684 000002
008687 000001
008688 000002
008692 000002
008694 000001
008695 000001
008696 000002
008698 000002
008700 000001
008701 000001
008702 000001
008710 000002
008711 000001
008725 000001
008729 000001
008730 000001
008747 000001
008752 000001
008757 000001
008758 000001
008760 000001
008761 000001
008776 000001
008783 000001
008789 000001
008791 000001
008795 000001
008803 000001
008808 000001
008812 000001
008817 000001
008819 000001
008825 000001
008847 000001
008850 000001
008885 000001
008893 000001
008909 000001
008930 000001
009056 000001
009317 000001
009350 000001
009352 000001
009354 000001
009355 000002
009359 000001
009362 000001
009363 000001
009364 000001
009365 000001
009366 000001
009368 000001
009369 000001
009370 000003
009374 000001
009375 000001
009376 000001
009378 000001
009379 000003
009380 000003
009381 000003
009382 000001
009383 000002
009384 000002
009385 000001
009386 000002
009387 000003
009388 000001
009389 000002
009390 000003
009391 000002
009392 000001
009393 000001
009395 000001
009396 000004
009397 000003
009398 000006
009399 000001
009400 000003
009401 000005
009402 000002
009403 000004
009404 000004
009405 000001
009406 000003
009407 000002
009408 000006
009409 000004
009410 000001
009411 000003
009412 000004
009413 000001
009414 000003
009415 000004
009416 000005
009417 000003
009418 000003
009419 000003
009420 000003
009422 000002
009423 000002
009424 000003
009425 000005
009426 000002
009427 000004
009428 000003
009429 000003
009430 000002
009431 000002
009432 000002
009433 000003
009434 000004
009435 000004
009437 000003
009438 000001
009439 000005
009441 000001
009442 000004
009444 000003
009445 000006
009446 000004
009447 000003
009448 000004
009452 000002
009453 000001
009454 000001
009455 000001
009456 000002
009457 000001
009458 000002
009459 000001
009460 000001
009461 000004
009462 000005
009463 000005
009465 000005
009466 000003
009467 000002
009468 000001
009469 000001
009470 000002
009471 000001
009472 000002
009473 000002
009474 000003
009477 000002
009478 000003
009479 000003
009480 000002
009481 000001
009482 000005
009483 000001
009484 000003
009485 000004
009486 000005
009488 000002
009489 000001
009491 000003
009492 000005
009493 000003
009494 000001
009495 000002
009496 000001
009497 000005
009499 000004
009500 000002
009501 000003
009502 000004
009503 000005
009504 000006
009505 000002
009506 000008
009507 000001
009508 000005
009509 000002
009510 000005
009511 000009
009512 000001
009513 000002
009514 000001
009515 000003
009516 000001
009517 000002
009518 000001
009519 000006
009520 000003
009521 000001
009522 000004
009523 000006
009524 000005
009525 000010
009526 000006
009527 000006
009528 000003
009529 000010
009530 000009
009531 000001
009532 000003
009533 000003
009534 000005
009535 000009
009536 000005
009537 000004
009538 000010
009539 000004
009540 000003
009541 000004
009542 000002
009543 000003
009544 000004
009545 000005
009546 000007
009547 000004
009548 000003
009549 000003
009550 000005
009551 000002
009553 000002
009554 000001
009555 000004
009556 000002
009557 000004
009558 000003
009559 000002
009560 000001
009561 000004
009562 000003
009563 000003
009564 000002
009565 000001
009566 000003
009567 000001
009568 000001
009569 000003
009570 000001
009571 000004
009572 000002
009577 000002
009578 000001
009579 000004
009580 000001
009581 000003
009582 000001
009583 000001
009584 000002
009585 000001
009587 000001
009589 000001
009590 000002
009592 000003
009594 000001
009595 000002
009598 000001
009599 000001
009601 000001
009602 000001
009604 000003
009605 000001
009607 000003
009609 000001
009610 000001
009611 000002
009613 000003
009614 000001
009615 000001
009618 000001
009620 000003
009623 000001
009625 000001
009627 000001
009628 000001
009629 000001
009630 000001
009632 000002
009634 000001
009635 000004
009636 000002
009637 000001
009638 000001
009639 000001
009642 000003
009643 000002
009644 000002
009645 000001
009647 000001
009649 000001
009652 000001
009653 000003
009655 000001
009656 000001
009657 000001
009658 000001
009659 000004
009661 000001
009662 000003
009663 000001
009665 000002
009670 000002
009672 000001
009673 000001
009675 000001
009677 000001
009681 000003
009682 000002
009683 000001
009684 000001
009688 000003
009696 000001
009698 000001
009699 000001
009706 000001
009713 000001
009714 000001
009717 000001
009718 000001
009719 000001
009720 000001
009721 000001
009725 000001
009727 000001
009728 000001
009729 000001
009754 000002
009756 000001
009760 000001
009766 000001
009768 000001
009769 000002
009772 000001
009773 000001
009778 000001
009784 000001
009787 000001
009793 000001
009808 000001
009814 000001
009817 000002
009819 000001
009822 000001
009823 000001
009855 000001
009892 000001
009931 000001
009952 000001
010104 000001
010358 000001
010383 000001
010421 000001
010428 000001
010433 000001
010446 000001
010447 000001
010452 000001
010459 000001
010464 000001
010496 000002
010497 000002
010502 000001
010505 000001
010507 000001
010509 000001
010516 000001
010519 000002
010520 000002
010525 000001
010526 000001
010528 000001
010529 000001
010533 000001
010535 000001
010536 000004
010539 000003
010540 000001
010541 000002
010545 000001
010547 000001
010550 000001
010552 000001
010553 000001
010554 000001
010555 000002
010557 000001
010563 000001
010565 000001
010569 000001
010582 000001
010586 000001
010591 000001
010592 000001
010598 000001
010612 000001
010614 000001
010620 000001
010637 000001
010638 000001
010641 000001
010645 000001
010649 000002
010652 000001
010653 000001
010655 000001
010663 000001
010669 000001
010676 000001
010677 000001
010681 000001
010692 000002
010698 000001
010723 000001
010726 000001
010728 000001
010735 000002
010740 000001
010771 000001
010777 000001
010794 000001
010812 000001
010834 000001
010838 000001
010880 000001
010893 000001
010962 000001
# Min Latencies: 00158
# Avg Latencies: 00549
# Max Latencies: 304724
# Histogram Overflows: 00012
# Histogram Overflow at cycle number:
# Thread 0: 00933 01424 03798 07431 07716 07987 08269 08541 08820 09081 10870 13237

RT_CYCLICTEST_TIMING_END uptime_s=1886.48
RT_CYCLICTEST_COMPLETE
RT_CPUSTAT sample=0 cpu=cpu0 user=5 nice=0 system=214 idle=2474 iowait=0 irq=18 softirq=1 steal=0
RT_CPUSTAT sample=0 cpu=cpu1 user=0 nice=0 system=2 idle=2861 iowait=0 irq=30 softirq=0 steal=0
RT_CPUSTAT sample=1 cpu=cpu0 user=6 nice=0 system=216 idle=2972 iowait=0 irq=19 softirq=1 steal=0
RT_CPUSTAT sample=1 cpu=cpu1 user=1 nice=0 system=4 idle=3256 iowait=0 irq=103 softirq=0 steal=0
RT_CPUSTAT sample=2 cpu=cpu0 user=6 nice=0 system=217 idle=3469 iowait=0 irq=20 softirq=2 steal=0
RT_CPUSTAT sample=2 cpu=cpu1 user=2 nice=0 system=6 idle=3645 iowait=0 irq=180 softirq=0 steal=0
RT_CPUSTAT sample=3 cpu=cpu0 user=7 nice=0 system=218 idle=3967 iowait=0 irq=21 softirq=2 steal=0
RT_CPUSTAT sample=3 cpu=cpu1 user=2 nice=0 system=8 idle=3997 iowait=0 irq=298 softirq=0 steal=0
RT_CPUSTAT sample=4 cpu=cpu0 user=7 nice=0 system=220 idle=4463 iowait=0 irq=22 softirq=2 steal=0
RT_CPUSTAT sample=4 cpu=cpu1 user=2 nice=0 system=10 idle=4379 iowait=0 irq=381 softirq=0 steal=0
RT_CPUSTAT sample=5 cpu=cpu0 user=7 nice=0 system=221 idle=4962 iowait=0 irq=23 softirq=2 steal=0
RT_CPUSTAT sample=5 cpu=cpu1 user=2 nice=0 system=13 idle=4753 iowait=0 irq=468 softirq=0 steal=0
RT_CPUSTAT sample=6 cpu=cpu0 user=8 nice=0 system=223 idle=5460 iowait=0 irq=24 softirq=2 steal=0
RT_CPUSTAT sample=6 cpu=cpu1 user=2 nice=0 system=14 idle=5127 iowait=0 irq=556 softirq=0 steal=0
RT_CPUSTAT sample=7 cpu=cpu0 user=8 nice=0 system=224 idle=5959 iowait=0 irq=25 softirq=3 steal=0
RT_CPUSTAT sample=7 cpu=cpu1 user=3 nice=0 system=16 idle=5499 iowait=0 irq=643 softirq=1 steal=0
RT_CPUSTAT sample=8 cpu=cpu0 user=8 nice=0 system=226 idle=6456 iowait=0 irq=26 softirq=3 steal=0
RT_CPUSTAT sample=8 cpu=cpu1 user=3 nice=0 system=19 idle=5873 iowait=0 irq=731 softirq=1 steal=0
RT_CPUSTAT sample=9 cpu=cpu0 user=8 nice=0 system=226 idle=6955 iowait=0 irq=27 softirq=3 steal=0
RT_CPUSTAT sample=9 cpu=cpu1 user=3 nice=0 system=20 idle=6246 iowait=0 irq=819 softirq=1 steal=0
RT_CPUSTAT sample=10 cpu=cpu0 user=8 nice=0 system=228 idle=7452 iowait=0 irq=28 softirq=3 steal=0
RT_CPUSTAT sample=10 cpu=cpu1 user=4 nice=0 system=25 idle=6620 iowait=0 irq=907 softirq=1 steal=0
RT_CPUSTAT sample=11 cpu=cpu0 user=9 nice=0 system=229 idle=7951 iowait=0 irq=29 softirq=3 steal=0
RT_CPUSTAT sample=11 cpu=cpu1 user=5 nice=0 system=26 idle=6994 iowait=0 irq=995 softirq=1 steal=0
RT_CPUSTAT sample=12 cpu=cpu0 user=9 nice=0 system=230 idle=8449 iowait=0 irq=30 softirq=3 steal=0
RT_CPUSTAT sample=12 cpu=cpu1 user=5 nice=0 system=28 idle=7369 iowait=0 irq=1081 softirq=1 steal=0
RT_CPUSTAT sample=13 cpu=cpu0 user=10 nice=0 system=232 idle=8947 iowait=0 irq=31 softirq=4 steal=0
RT_CPUSTAT sample=13 cpu=cpu1 user=5 nice=0 system=29 idle=7744 iowait=0 irq=1168 softirq=1 steal=0
RT_CPUSTAT sample=14 cpu=cpu0 user=10 nice=0 system=233 idle=9445 iowait=0 irq=32 softirq=4 steal=0
RT_CPUSTAT sample=14 cpu=cpu1 user=5 nice=0 system=32 idle=8117 iowait=0 irq=1255 softirq=2 steal=0
RT_CPUSTAT sample=15 cpu=cpu0 user=10 nice=0 system=234 idle=9944 iowait=0 irq=33 softirq=4 steal=0
RT_CPUSTAT sample=15 cpu=cpu1 user=6 nice=0 system=35 idle=8488 iowait=0 irq=1343 softirq=2 steal=0
RT_CPUSTAT sample=16 cpu=cpu0 user=10 nice=0 system=235 idle=10441 iowait=0 irq=34 softirq=4 steal=0
RT_CPUSTAT sample=16 cpu=cpu1 user=6 nice=0 system=38 idle=8860 iowait=0 irq=1433 softirq=2 steal=0
RT_CPUSTAT sample=17 cpu=cpu0 user=10 nice=0 system=236 idle=10940 iowait=0 irq=34 softirq=4 steal=0
RT_CPUSTAT sample=17 cpu=cpu1 user=7 nice=0 system=41 idle=9235 iowait=0 irq=1520 softirq=2 steal=0
RT_CPUSTAT sample=18 cpu=cpu0 user=11 nice=0 system=237 idle=11438 iowait=0 irq=35 softirq=4 steal=0
RT_CPUSTAT sample=18 cpu=cpu1 user=7 nice=0 system=42 idle=9608 iowait=0 irq=1607 softirq=2 steal=0
RT_CPUSTAT sample=19 cpu=cpu0 user=11 nice=0 system=239 idle=11937 iowait=0 irq=36 softirq=5 steal=0
RT_CPUSTAT sample=19 cpu=cpu1 user=7 nice=0 system=44 idle=9982 iowait=0 irq=1693 softirq=2 steal=0
RT_CPUSTAT sample=20 cpu=cpu0 user=11 nice=0 system=240 idle=12434 iowait=0 irq=37 softirq=5 steal=0
RT_CPUSTAT sample=20 cpu=cpu1 user=8 nice=0 system=45 idle=10357 iowait=0 irq=1780 softirq=2 steal=0
RT_CPUSTAT sample=21 cpu=cpu0 user=12 nice=0 system=241 idle=12933 iowait=0 irq=38 softirq=5 steal=0
RT_CPUSTAT sample=21 cpu=cpu1 user=8 nice=0 system=48 idle=10730 iowait=0 irq=1867 softirq=2 steal=0
RT_CPUSTAT sample=22 cpu=cpu0 user=12 nice=0 system=242 idle=13431 iowait=0 irq=39 softirq=5 steal=0
RT_CPUSTAT sample=22 cpu=cpu1 user=9 nice=0 system=51 idle=11100 iowait=0 irq=1958 softirq=3 steal=0
RT_CPUSTAT sample=23 cpu=cpu0 user=12 nice=0 system=243 idle=13929 iowait=0 irq=40 softirq=5 steal=0
RT_CPUSTAT sample=23 cpu=cpu1 user=9 nice=0 system=53 idle=11472 iowait=0 irq=2046 softirq=3 steal=0
RT_CPUSTAT sample=24 cpu=cpu0 user=12 nice=0 system=245 idle=14427 iowait=0 irq=41 softirq=6 steal=0
RT_CPUSTAT sample=24 cpu=cpu1 user=9 nice=0 system=54 idle=11845 iowait=0 irq=2135 softirq=3 steal=0
RT_CPUSTAT sample=25 cpu=cpu0 user=12 nice=0 system=246 idle=14926 iowait=0 irq=42 softirq=6 steal=0
RT_CPUSTAT sample=25 cpu=cpu1 user=10 nice=0 system=55 idle=12218 iowait=0 irq=2223 softirq=3 steal=0
RT_CPUSTAT sample=26 cpu=cpu0 user=13 nice=0 system=247 idle=15423 iowait=0 irq=43 softirq=6 steal=0
RT_CPUSTAT sample=26 cpu=cpu1 user=11 nice=0 system=58 idle=12588 iowait=0 irq=2313 softirq=3 steal=0
RT_CPUSTAT sample=27 cpu=cpu0 user=13 nice=0 system=248 idle=15922 iowait=0 irq=44 softirq=6 steal=0
RT_CPUSTAT sample=27 cpu=cpu1 user=11 nice=0 system=60 idle=12960 iowait=0 irq=2401 softirq=3 steal=0
RT_CPUSTAT sample=28 cpu=cpu0 user=13 nice=0 system=250 idle=16419 iowait=0 irq=45 softirq=6 steal=0
RT_CPUSTAT sample=28 cpu=cpu1 user=11 nice=0 system=61 idle=13332 iowait=0 irq=2490 softirq=3 steal=0
RT_CPUSTAT sample=29 cpu=cpu0 user=13 nice=0 system=250 idle=16918 iowait=0 irq=46 softirq=6 steal=0
RT_CPUSTAT sample=29 cpu=cpu1 user=11 nice=0 system=62 idle=13704 iowait=0 irq=2579 softirq=4 steal=0
RT_CPUSTAT sample=30 cpu=cpu0 user=13 nice=0 system=252 idle=17415 iowait=0 irq=47 softirq=7 steal=0
RT_CPUSTAT sample=30 cpu=cpu1 user=11 nice=0 system=64 idle=14076 iowait=0 irq=2667 softirq=4 steal=0
RT_CPUSTAT sample=31 cpu=cpu0 user=13 nice=0 system=253 idle=17914 iowait=0 irq=48 softirq=7 steal=0
RT_CPUSTAT sample=31 cpu=cpu1 user=13 nice=0 system=66 idle=14446 iowait=0 irq=2757 softirq=4 steal=0
RT_CPUSTAT sample=32 cpu=cpu0 user=13 nice=0 system=255 idle=18411 iowait=0 irq=49 softirq=7 steal=0
RT_CPUSTAT sample=32 cpu=cpu1 user=13 nice=0 system=69 idle=14817 iowait=0 irq=2845 softirq=4 steal=0
RT_CPUSTAT sample=33 cpu=cpu0 user=14 nice=0 system=255 idle=18910 iowait=0 irq=50 softirq=7 steal=0
RT_CPUSTAT sample=33 cpu=cpu1 user=14 nice=0 system=70 idle=15189 iowait=0 irq=2934 softirq=4 steal=0
RT_CPUSTAT sample=34 cpu=cpu0 user=14 nice=0 system=257 idle=19407 iowait=0 irq=51 softirq=7 steal=0
RT_CPUSTAT sample=34 cpu=cpu1 user=15 nice=0 system=74 idle=15559 iowait=0 irq=3024 softirq=4 steal=0
RT_CPUSTAT sample=35 cpu=cpu0 user=15 nice=0 system=257 idle=19906 iowait=0 irq=51 softirq=7 steal=0
RT_CPUSTAT sample=35 cpu=cpu1 user=15 nice=0 system=76 idle=15931 iowait=0 irq=3112 softirq=4 steal=0
RT_CPUSTAT sample=36 cpu=cpu0 user=16 nice=0 system=258 idle=20404 iowait=0 irq=52 softirq=8 steal=0
RT_CPUSTAT sample=36 cpu=cpu1 user=15 nice=0 system=77 idle=16305 iowait=0 irq=3199 softirq=5 steal=0
RT_CPUSTAT sample=37 cpu=cpu0 user=16 nice=0 system=258 idle=20903 iowait=0 irq=53 softirq=8 steal=0
RT_CPUSTAT sample=37 cpu=cpu1 user=15 nice=0 system=79 idle=16677 iowait=0 irq=3288 softirq=5 steal=0
RT_CPUSTAT sample=38 cpu=cpu0 user=17 nice=0 system=260 idle=21400 iowait=0 irq=54 softirq=8 steal=0
RT_CPUSTAT sample=38 cpu=cpu1 user=16 nice=0 system=82 idle=17048 iowait=0 irq=3377 softirq=5 steal=0
RT_CPUSTAT sample=39 cpu=cpu0 user=17 nice=0 system=261 idle=21899 iowait=0 irq=55 softirq=8 steal=0
RT_CPUSTAT sample=39 cpu=cpu1 user=16 nice=0 system=82 idle=17422 iowait=0 irq=3464 softirq=5 steal=0
RT_CPUSTAT sample=40 cpu=cpu0 user=18 nice=0 system=263 idle=22396 iowait=0 irq=56 softirq=8 steal=0
RT_CPUSTAT sample=40 cpu=cpu1 user=17 nice=0 system=86 idle=17794 iowait=0 irq=3552 softirq=5 steal=0
RT_CPUSTAT sample=41 cpu=cpu0 user=18 nice=0 system=263 idle=22895 iowait=0 irq=57 softirq=9 steal=0
RT_CPUSTAT sample=41 cpu=cpu1 user=17 nice=0 system=87 idle=18166 iowait=0 irq=3640 softirq=5 steal=0
RT_CPUSTAT sample=42 cpu=cpu0 user=18 nice=0 system=265 idle=23392 iowait=0 irq=58 softirq=9 steal=0
RT_CPUSTAT sample=42 cpu=cpu1 user=18 nice=0 system=89 idle=18537 iowait=0 irq=3729 softirq=5 steal=0
RT_CPUSTAT sample=43 cpu=cpu0 user=19 nice=0 system=265 idle=23891 iowait=0 irq=59 softirq=9 steal=0
RT_CPUSTAT sample=43 cpu=cpu1 user=19 nice=0 system=89 idle=18910 iowait=0 irq=3817 softirq=6 steal=0
RT_CPUSTAT sample=44 cpu=cpu0 user=19 nice=0 system=267 idle=24389 iowait=0 irq=60 softirq=9 steal=0
RT_CPUSTAT sample=44 cpu=cpu1 user=19 nice=0 system=91 idle=19282 iowait=0 irq=3906 softirq=6 steal=0
RT_CPUSTAT sample=45 cpu=cpu0 user=19 nice=0 system=268 idle=24888 iowait=0 irq=61 softirq=9 steal=0
RT_CPUSTAT sample=45 cpu=cpu1 user=19 nice=0 system=93 idle=19653 iowait=0 irq=3995 softirq=6 steal=0
RT_CPUSTAT sample=46 cpu=cpu0 user=19 nice=0 system=270 idle=25385 iowait=0 irq=62 softirq=9 steal=0
RT_CPUSTAT sample=46 cpu=cpu1 user=20 nice=0 system=95 idle=20025 iowait=0 irq=4084 softirq=6 steal=0
RT_CPUSTAT sample=47 cpu=cpu0 user=19 nice=0 system=271 idle=25884 iowait=0 irq=63 softirq=10 steal=0
RT_CPUSTAT sample=47 cpu=cpu1 user=20 nice=0 system=97 idle=20396 iowait=0 irq=4173 softirq=6 steal=0
RT_CPUSTAT sample=48 cpu=cpu0 user=20 nice=0 system=273 idle=26381 iowait=0 irq=64 softirq=10 steal=0
RT_CPUSTAT sample=48 cpu=cpu1 user=21 nice=0 system=98 idle=20768 iowait=0 irq=4262 softirq=6 steal=0
RT_CPUSTAT sample=49 cpu=cpu0 user=20 nice=0 system=274 idle=26880 iowait=0 irq=65 softirq=10 steal=0
RT_CPUSTAT sample=49 cpu=cpu1 user=22 nice=0 system=100 idle=21139 iowait=0 irq=4351 softirq=6 steal=0
RT_CPUSTAT sample=50 cpu=cpu0 user=20 nice=0 system=275 idle=27377 iowait=0 irq=66 softirq=10 steal=0
RT_CPUSTAT sample=50 cpu=cpu1 user=22 nice=0 system=102 idle=21508 iowait=0 irq=4441 softirq=7 steal=0
RT_CPUSTAT sample=51 cpu=cpu0 user=20 nice=0 system=276 idle=27876 iowait=0 irq=67 softirq=10 steal=0
RT_CPUSTAT sample=51 cpu=cpu1 user=23 nice=0 system=104 idle=21879 iowait=0 irq=4529 softirq=7 steal=0
RT_CPUSTAT sample=52 cpu=cpu0 user=20 nice=0 system=277 idle=28374 iowait=0 irq=68 softirq=11 steal=0
RT_CPUSTAT sample=52 cpu=cpu1 user=23 nice=0 system=106 idle=22252 iowait=0 irq=4618 softirq=7 steal=0
RT_CPUSTAT sample=53 cpu=cpu0 user=20 nice=0 system=278 idle=28872 iowait=0 irq=68 softirq=11 steal=0
RT_CPUSTAT sample=53 cpu=cpu1 user=23 nice=0 system=108 idle=22625 iowait=0 irq=4706 softirq=7 steal=0
RT_CPUSTAT sample=54 cpu=cpu0 user=20 nice=0 system=280 idle=29370 iowait=0 irq=70 softirq=11 steal=0
RT_CPUSTAT sample=54 cpu=cpu1 user=24 nice=0 system=109 idle=22998 iowait=0 irq=4795 softirq=7 steal=0
RT_CPUSTAT sample=55 cpu=cpu0 user=21 nice=0 system=280 idle=29869 iowait=0 irq=70 softirq=11 steal=0
RT_CPUSTAT sample=55 cpu=cpu1 user=24 nice=0 system=112 idle=23371 iowait=0 irq=4882 softirq=7 steal=0
RT_CPUSTAT sample=56 cpu=cpu0 user=21 nice=0 system=282 idle=30366 iowait=0 irq=71 softirq=11 steal=0
RT_CPUSTAT sample=56 cpu=cpu1 user=24 nice=0 system=115 idle=23744 iowait=0 irq=4970 softirq=7 steal=0
RT_CPUSTAT sample=57 cpu=cpu0 user=21 nice=0 system=283 idle=30865 iowait=0 irq=72 softirq=11 steal=0
RT_CPUSTAT sample=57 cpu=cpu1 user=24 nice=0 system=117 idle=24116 iowait=0 irq=5058 softirq=7 steal=0
RT_CPUSTAT sample=58 cpu=cpu0 user=21 nice=0 system=285 idle=31362 iowait=0 irq=73 softirq=12 steal=0
RT_CPUSTAT sample=58 cpu=cpu1 user=25 nice=0 system=119 idle=24489 iowait=0 irq=5146 softirq=8 steal=0
RT_CPUSTAT sample=59 cpu=cpu0 user=21 nice=0 system=286 idle=31861 iowait=0 irq=74 softirq=12 steal=0
RT_CPUSTAT sample=59 cpu=cpu1 user=26 nice=0 system=121 idle=24861 iowait=0 irq=5235 softirq=8 steal=0
RT_CPUSTAT sample=60 cpu=cpu0 user=22 nice=0 system=287 idle=32359 iowait=0 irq=75 softirq=12 steal=0
RT_CPUSTAT sample=60 cpu=cpu1 user=26 nice=0 system=124 idle=25231 iowait=0 irq=5324 softirq=8 steal=0
RT_CPUSTAT sample=61 cpu=cpu0 user=23 nice=0 system=288 idle=32857 iowait=0 irq=76 softirq=12 steal=0
RT_CPUSTAT sample=61 cpu=cpu1 user=26 nice=0 system=125 idle=25604 iowait=0 irq=5412 softirq=8 steal=0
RT_CPUSTAT sample=62 cpu=cpu0 user=23 nice=0 system=289 idle=33355 iowait=0 irq=77 softirq=12 steal=0
RT_CPUSTAT sample=62 cpu=cpu1 user=28 nice=0 system=127 idle=25976 iowait=0 irq=5500 softirq=8 steal=0
RT_CPUSTAT sample=63 cpu=cpu0 user=23 nice=0 system=290 idle=33854 iowait=0 irq=78 softirq=12 steal=0
RT_CPUSTAT sample=63 cpu=cpu1 user=28 nice=0 system=130 idle=26348 iowait=0 irq=5588 softirq=8 steal=0
RT_CPUSTAT sample=64 cpu=cpu0 user=24 nice=0 system=292 idle=34351 iowait=0 irq=79 softirq=13 steal=0
RT_CPUSTAT sample=64 cpu=cpu1 user=28 nice=0 system=132 idle=26720 iowait=0 irq=5677 softirq=8 steal=0
RT_CPUSTAT sample=65 cpu=cpu0 user=24 nice=0 system=293 idle=34850 iowait=0 irq=80 softirq=13 steal=0
RT_CPUSTAT sample=65 cpu=cpu1 user=29 nice=0 system=137 idle=27091 iowait=0 irq=5766 softirq=9 steal=0
RT_CPUSTAT sample=66 cpu=cpu0 user=24 nice=0 system=294 idle=35347 iowait=0 irq=81 softirq=13 steal=0
RT_CPUSTAT sample=66 cpu=cpu1 user=29 nice=0 system=138 idle=27463 iowait=0 irq=5854 softirq=9 steal=0
RT_CPUSTAT sample=67 cpu=cpu0 user=24 nice=0 system=295 idle=35846 iowait=0 irq=82 softirq=13 steal=0
RT_CPUSTAT sample=67 cpu=cpu1 user=29 nice=0 system=140 idle=27835 iowait=0 irq=5942 softirq=9 steal=0
RT_CPUSTAT sample=68 cpu=cpu0 user=25 nice=0 system=297 idle=36344 iowait=0 irq=83 softirq=13 steal=0
RT_CPUSTAT sample=68 cpu=cpu1 user=29 nice=0 system=143 idle=28205 iowait=0 irq=6032 softirq=9 steal=0
RT_CPUSTAT sample=69 cpu=cpu0 user=25 nice=0 system=298 idle=36843 iowait=0 irq=84 softirq=13 steal=0
RT_CPUSTAT sample=69 cpu=cpu1 user=30 nice=0 system=146 idle=28576 iowait=0 irq=6121 softirq=9 steal=0
RT_CPUSTAT sample=70 cpu=cpu0 user=25 nice=0 system=300 idle=37340 iowait=0 irq=85 softirq=14 steal=0
RT_CPUSTAT sample=70 cpu=cpu1 user=31 nice=0 system=148 idle=28947 iowait=0 irq=6210 softirq=9 steal=0
RT_CPUSTAT sample=71 cpu=cpu0 user=25 nice=0 system=301 idle=37839 iowait=0 irq=85 softirq=14 steal=0
RT_CPUSTAT sample=71 cpu=cpu1 user=31 nice=0 system=150 idle=29320 iowait=0 irq=6298 softirq=9 steal=0
RT_CPUSTAT sample=72 cpu=cpu0 user=25 nice=0 system=302 idle=38336 iowait=0 irq=87 softirq=14 steal=0
RT_CPUSTAT sample=72 cpu=cpu1 user=32 nice=0 system=151 idle=29692 iowait=0 irq=6387 softirq=10 steal=0
RT_CPUSTAT sample=73 cpu=cpu0 user=25 nice=0 system=303 idle=38835 iowait=0 irq=87 softirq=14 steal=0
RT_CPUSTAT sample=73 cpu=cpu1 user=32 nice=0 system=152 idle=30064 iowait=0 irq=6474 softirq=10 steal=0
RT_CPUSTAT sample=74 cpu=cpu0 user=25 nice=0 system=306 idle=39332 iowait=0 irq=88 softirq=14 steal=0
RT_CPUSTAT sample=74 cpu=cpu1 user=32 nice=0 system=154 idle=30438 iowait=0 irq=6562 softirq=10 steal=0
RT_CPUSTAT sample=75 cpu=cpu0 user=25 nice=0 system=307 idle=39831 iowait=0 irq=89 softirq=14 steal=0
RT_CPUSTAT sample=75 cpu=cpu1 user=32 nice=0 system=156 idle=30810 iowait=0 irq=6651 softirq=10 steal=0
RT_CPUSTAT sample=76 cpu=cpu0 user=26 nice=0 system=309 idle=40329 iowait=0 irq=90 softirq=15 steal=0
RT_CPUSTAT sample=76 cpu=cpu1 user=32 nice=0 system=158 idle=31182 iowait=0 irq=6739 softirq=10 steal=0
RT_CPUSTAT sample=77 cpu=cpu0 user=26 nice=0 system=310 idle=40828 iowait=0 irq=91 softirq=15 steal=0
RT_CPUSTAT sample=77 cpu=cpu1 user=33 nice=0 system=159 idle=31555 iowait=0 irq=6827 softirq=10 steal=0
RT_CPUSTAT sample=78 cpu=cpu0 user=26 nice=0 system=311 idle=41325 iowait=0 irq=92 softirq=15 steal=0
RT_CPUSTAT sample=78 cpu=cpu1 user=33 nice=0 system=162 idle=31928 iowait=0 irq=6915 softirq=10 steal=0
RT_CPUSTAT sample=79 cpu=cpu0 user=26 nice=0 system=312 idle=41824 iowait=0 irq=93 softirq=15 steal=0
RT_CPUSTAT sample=79 cpu=cpu1 user=33 nice=0 system=163 idle=32302 iowait=0 irq=7001 softirq=10 steal=0
RT_CPUSTAT sample=80 cpu=cpu0 user=26 nice=0 system=313 idle=42321 iowait=0 irq=94 softirq=15 steal=0
RT_CPUSTAT sample=80 cpu=cpu1 user=35 nice=0 system=165 idle=32675 iowait=0 irq=7088 softirq=11 steal=0
RT_CPUSTAT sample=81 cpu=cpu0 user=26 nice=0 system=314 idle=42820 iowait=0 irq=95 softirq=16 steal=0
RT_CPUSTAT sample=81 cpu=cpu1 user=35 nice=0 system=166 idle=33047 iowait=0 irq=7177 softirq=11 steal=0
RT_CPUSTAT sample=82 cpu=cpu0 user=27 nice=0 system=315 idle=43318 iowait=0 irq=96 softirq=16 steal=0
RT_CPUSTAT sample=82 cpu=cpu1 user=36 nice=0 system=169 idle=33419 iowait=0 irq=7266 softirq=11 steal=0
RT_CPUSTAT sample=83 cpu=cpu0 user=27 nice=0 system=316 idle=43817 iowait=0 irq=97 softirq=16 steal=0
RT_CPUSTAT sample=83 cpu=cpu1 user=36 nice=0 system=171 idle=33791 iowait=0 irq=7354 softirq=11 steal=0
RT_CPUSTAT sample=84 cpu=cpu0 user=28 nice=0 system=317 idle=44314 iowait=0 irq=98 softirq=16 steal=0
RT_CPUSTAT sample=84 cpu=cpu1 user=37 nice=0 system=173 idle=34165 iowait=0 irq=7440 softirq=11 steal=0
RT_CPUSTAT sample=85 cpu=cpu0 user=28 nice=0 system=318 idle=44813 iowait=0 irq=98 softirq=16 steal=0
RT_CPUSTAT sample=85 cpu=cpu1 user=37 nice=0 system=176 idle=34536 iowait=0 irq=7530 softirq=11 steal=0
RT_CPUSTAT sample=86 cpu=cpu0 user=28 nice=0 system=320 idle=45310 iowait=0 irq=99 softirq=16 steal=0
RT_CPUSTAT sample=86 cpu=cpu1 user=38 nice=0 system=177 idle=34908 iowait=0 irq=7619 softirq=11 steal=0
RT_CPUSTAT sample=87 cpu=cpu0 user=28 nice=0 system=321 idle=45809 iowait=0 irq=100 softirq=17 steal=0
RT_CPUSTAT sample=87 cpu=cpu1 user=39 nice=0 system=181 idle=35281 iowait=0 irq=7707 softirq=11 steal=0
RT_CPUSTAT sample=88 cpu=cpu0 user=28 nice=0 system=322 idle=46306 iowait=0 irq=102 softirq=17 steal=0
RT_CPUSTAT sample=88 cpu=cpu1 user=40 nice=0 system=184 idle=35651 iowait=0 irq=7796 softirq=12 steal=0
RT_CPUSTAT sample=89 cpu=cpu0 user=28 nice=0 system=323 idle=46805 iowait=0 irq=102 softirq=17 steal=0
RT_CPUSTAT sample=89 cpu=cpu1 user=41 nice=0 system=186 idle=36023 iowait=0 irq=7884 softirq=12 steal=0
RT_CPUSTAT sample=90 cpu=cpu0 user=29 nice=0 system=325 idle=47302 iowait=0 irq=104 softirq=17 steal=0
RT_CPUSTAT sample=90 cpu=cpu1 user=41 nice=0 system=186 idle=36395 iowait=0 irq=7973 softirq=12 steal=0
RT_CPUSTAT sample=91 cpu=cpu0 user=29 nice=0 system=325 idle=47801 iowait=0 irq=104 softirq=17 steal=0
RT_CPUSTAT sample=91 cpu=cpu1 user=41 nice=0 system=188 idle=36766 iowait=0 irq=8062 softirq=12 steal=0
RT_CPUSTAT sample=92 cpu=cpu0 user=30 nice=0 system=326 idle=48298 iowait=0 irq=105 softirq=18 steal=0
RT_CPUSTAT sample=92 cpu=cpu1 user=41 nice=0 system=189 idle=37139 iowait=0 irq=8149 softirq=12 steal=0
RT_CPUSTAT sample=93 cpu=cpu0 user=30 nice=0 system=327 idle=48797 iowait=0 irq=106 softirq=18 steal=0
RT_CPUSTAT sample=93 cpu=cpu1 user=42 nice=0 system=190 idle=37507 iowait=0 irq=8240 softirq=12 steal=0
RT_CPUSTAT sample=94 cpu=cpu0 user=30 nice=0 system=329 idle=49295 iowait=0 irq=107 softirq=18 steal=0
RT_CPUSTAT sample=94 cpu=cpu1 user=42 nice=0 system=192 idle=37878 iowait=0 irq=8328 softirq=13 steal=0
RT_CPUSTAT sample=95 cpu=cpu0 user=30 nice=0 system=330 idle=49794 iowait=0 irq=108 softirq=18 steal=0
RT_CPUSTAT sample=95 cpu=cpu1 user=43 nice=0 system=193 idle=38250 iowait=0 irq=8415 softirq=13 steal=0
RT_CPUSTAT sample=96 cpu=cpu0 user=30 nice=0 system=332 idle=50291 iowait=0 irq=109 softirq=18 steal=0
RT_CPUSTAT sample=96 cpu=cpu1 user=44 nice=0 system=195 idle=38621 iowait=0 irq=8505 softirq=13 steal=0
RT_CPUSTAT sample=97 cpu=cpu0 user=30 nice=0 system=333 idle=50790 iowait=0 irq=110 softirq=18 steal=0
RT_CPUSTAT sample=97 cpu=cpu1 user=44 nice=0 system=198 idle=38994 iowait=0 irq=8593 softirq=13 steal=0
RT_CPUSTAT sample=98 cpu=cpu0 user=30 nice=0 system=335 idle=51287 iowait=0 irq=111 softirq=19 steal=0
RT_CPUSTAT sample=98 cpu=cpu1 user=44 nice=0 system=200 idle=39366 iowait=0 irq=8682 softirq=13 steal=0
RT_CPUSTAT sample=99 cpu=cpu0 user=30 nice=0 system=335 idle=51786 iowait=0 irq=112 softirq=19 steal=0
RT_CPUSTAT sample=99 cpu=cpu1 user=44 nice=0 system=201 idle=39738 iowait=0 irq=8771 softirq=13 steal=0
RT_CPUSTAT sample=100 cpu=cpu0 user=30 nice=0 system=338 idle=52284 iowait=0 irq=113 softirq=19 steal=0
RT_CPUSTAT sample=100 cpu=cpu1 user=44 nice=0 system=204 idle=40110 iowait=0 irq=8859 softirq=13 steal=0
RT_CPUSTAT sample=101 cpu=cpu0 user=30 nice=0 system=339 idle=52783 iowait=0 irq=114 softirq=19 steal=0
RT_CPUSTAT sample=101 cpu=cpu1 user=45 nice=0 system=205 idle=40482 iowait=0 irq=8947 softirq=13 steal=0
RT_CPUSTAT sample=102 cpu=cpu0 user=31 nice=0 system=341 idle=53280 iowait=0 irq=115 softirq=19 steal=0
RT_CPUSTAT sample=102 cpu=cpu1 user=46 nice=0 system=208 idle=40853 iowait=0 irq=9037 softirq=14 steal=0
RT_CPUSTAT sample=103 cpu=cpu0 user=31 nice=0 system=341 idle=53779 iowait=0 irq=115 softirq=19 steal=0
RT_CPUSTAT sample=103 cpu=cpu1 user=46 nice=0 system=210 idle=41228 iowait=0 irq=9123 softirq=14 steal=0
RT_CPUSTAT sample=104 cpu=cpu0 user=31 nice=0 system=343 idle=54276 iowait=0 irq=117 softirq=20 steal=0
RT_CPUSTAT sample=104 cpu=cpu1 user=47 nice=0 system=212 idle=41602 iowait=0 irq=9211 softirq=14 steal=0
RT_CPUSTAT sample=105 cpu=cpu0 user=32 nice=0 system=344 idle=54775 iowait=0 irq=117 softirq=20 steal=0
RT_CPUSTAT sample=105 cpu=cpu1 user=47 nice=0 system=214 idle=41975 iowait=0 irq=9298 softirq=14 steal=0
RT_CPUSTAT sample=106 cpu=cpu0 user=32 nice=0 system=345 idle=55273 iowait=0 irq=118 softirq=20 steal=0
RT_CPUSTAT sample=106 cpu=cpu1 user=47 nice=0 system=214 idle=42347 iowait=0 irq=9386 softirq=14 steal=0
RT_CPUSTAT sample=107 cpu=cpu0 user=33 nice=0 system=346 idle=55772 iowait=0 irq=119 softirq=20 steal=0
RT_CPUSTAT sample=107 cpu=cpu1 user=48 nice=0 system=216 idle=42715 iowait=0 irq=9477 softirq=14 steal=0
RT_CPUSTAT sample=108 cpu=cpu0 user=33 nice=0 system=348 idle=56269 iowait=0 irq=120 softirq=20 steal=0
RT_CPUSTAT sample=108 cpu=cpu1 user=48 nice=0 system=217 idle=43085 iowait=0 irq=9566 softirq=14 steal=0
RT_CPUSTAT sample=109 cpu=cpu0 user=33 nice=0 system=349 idle=56768 iowait=0 irq=121 softirq=21 steal=0
RT_CPUSTAT sample=109 cpu=cpu1 user=48 nice=0 system=219 idle=43458 iowait=0 irq=9654 softirq=15 steal=0
RT_CPUSTAT sample=110 cpu=cpu0 user=33 nice=0 system=351 idle=57265 iowait=0 irq=122 softirq=21 steal=0
RT_CPUSTAT sample=110 cpu=cpu1 user=49 nice=0 system=222 idle=43829 iowait=0 irq=9743 softirq=15 steal=0
RT_CPUSTAT sample=111 cpu=cpu0 user=34 nice=0 system=352 idle=57764 iowait=0 irq=123 softirq=21 steal=0
RT_CPUSTAT sample=111 cpu=cpu1 user=49 nice=0 system=224 idle=44200 iowait=0 irq=9832 softirq=15 steal=0
RT_CPUSTAT sample=112 cpu=cpu0 user=34 nice=0 system=354 idle=58261 iowait=0 irq=124 softirq=21 steal=0
RT_CPUSTAT sample=112 cpu=cpu1 user=49 nice=0 system=227 idle=44573 iowait=0 irq=9920 softirq=15 steal=0
RT_CPUSTAT sample=113 cpu=cpu0 user=34 nice=0 system=354 idle=58760 iowait=0 irq=125 softirq=21 steal=0
RT_CPUSTAT sample=113 cpu=cpu1 user=49 nice=0 system=229 idle=44943 iowait=0 irq=10009 softirq=15 steal=0
RT_CPUSTAT sample=114 cpu=cpu0 user=34 nice=0 system=356 idle=59258 iowait=0 irq=126 softirq=21 steal=0
RT_CPUSTAT sample=114 cpu=cpu1 user=50 nice=0 system=230 idle=45312 iowait=0 irq=10099 softirq=15 steal=0
RT_CPUSTAT sample=115 cpu=cpu0 user=35 nice=0 system=356 idle=59757 iowait=0 irq=127 softirq=22 steal=0
RT_CPUSTAT sample=115 cpu=cpu1 user=50 nice=0 system=231 idle=45685 iowait=0 irq=10187 softirq=15 steal=0
RT_CPUSTAT sample=116 cpu=cpu0 user=36 nice=0 system=358 idle=60254 iowait=0 irq=128 softirq=22 steal=0
RT_CPUSTAT sample=116 cpu=cpu1 user=50 nice=0 system=233 idle=46056 iowait=0 irq=10276 softirq=16 steal=0
RT_CPUSTAT sample=117 cpu=cpu0 user=36 nice=0 system=359 idle=60753 iowait=0 irq=129 softirq=22 steal=0
RT_CPUSTAT sample=117 cpu=cpu1 user=51 nice=0 system=235 idle=46427 iowait=0 irq=10365 softirq=16 steal=0
RT_CPUSTAT sample=118 cpu=cpu0 user=36 nice=0 system=360 idle=61250 iowait=0 irq=130 softirq=22 steal=0
RT_CPUSTAT sample=118 cpu=cpu1 user=51 nice=0 system=237 idle=46799 iowait=0 irq=10453 softirq=16 steal=0
RT_CPUSTAT sample=119 cpu=cpu0 user=36 nice=0 system=361 idle=61749 iowait=0 irq=131 softirq=22 steal=0
RT_CPUSTAT sample=119 cpu=cpu1 user=52 nice=0 system=240 idle=47172 iowait=0 irq=10541 softirq=16 steal=0
RT_CPUSTAT sample=120 cpu=cpu0 user=37 nice=0 system=362 idle=62247 iowait=0 irq=132 softirq=23 steal=0
RT_CPUSTAT sample=120 cpu=cpu1 user=53 nice=0 system=241 idle=47545 iowait=0 irq=10628 softirq=16 steal=0
RT_CPUSTAT sample=121 cpu=cpu0 user=37 nice=0 system=363 idle=62746 iowait=0 irq=133 softirq=23 steal=0
RT_CPUSTAT sample=121 cpu=cpu1 user=53 nice=0 system=243 idle=47916 iowait=0 irq=10717 softirq=16 steal=0
RT_CPUSTAT sample=122 cpu=cpu0 user=37 nice=0 system=365 idle=63243 iowait=0 irq=134 softirq=23 steal=0
RT_CPUSTAT sample=122 cpu=cpu1 user=54 nice=0 system=245 idle=48290 iowait=0 irq=10802 softirq=16 steal=0
RT_CPUSTAT sample=123 cpu=cpu0 user=38 nice=0 system=366 idle=63742 iowait=0 irq=135 softirq=23 steal=0
RT_CPUSTAT sample=123 cpu=cpu1 user=54 nice=0 system=246 idle=48665 iowait=0 irq=10888 softirq=17 steal=0
RT_CPUSTAT sample=124 cpu=cpu0 user=38 nice=0 system=367 idle=64239 iowait=0 irq=136 softirq=23 steal=0
RT_CPUSTAT sample=124 cpu=cpu1 user=55 nice=0 system=248 idle=49038 iowait=0 irq=10976 softirq=17 steal=0
RT_CPUSTAT sample=125 cpu=cpu0 user=38 nice=0 system=368 idle=64738 iowait=0 irq=136 softirq=23 steal=0
RT_CPUSTAT sample=125 cpu=cpu1 user=55 nice=0 system=251 idle=49409 iowait=0 irq=11065 softirq=17 steal=0
RT_CPUSTAT sample=126 cpu=cpu0 user=38 nice=0 system=370 idle=65235 iowait=0 irq=137 softirq=24 steal=0
RT_CPUSTAT sample=126 cpu=cpu1 user=56 nice=0 system=255 idle=49780 iowait=0 irq=11154 softirq=17 steal=0
RT_CPUSTAT sample=127 cpu=cpu0 user=39 nice=0 system=371 idle=65734 iowait=0 irq=138 softirq=24 steal=0
RT_CPUSTAT sample=127 cpu=cpu1 user=56 nice=0 system=255 idle=50152 iowait=0 irq=11242 softirq=17 steal=0
RT_CPUSTAT sample=128 cpu=cpu0 user=39 nice=0 system=373 idle=66231 iowait=0 irq=139 softirq=24 steal=0
RT_CPUSTAT sample=128 cpu=cpu1 user=57 nice=0 system=257 idle=50522 iowait=0 irq=11333 softirq=17 steal=0
RT_CPUSTAT sample=129 cpu=cpu0 user=39 nice=0 system=373 idle=66730 iowait=0 irq=140 softirq=24 steal=0
RT_CPUSTAT sample=129 cpu=cpu1 user=57 nice=0 system=258 idle=50894 iowait=0 irq=11422 softirq=17 steal=0
RT_CPUSTAT sample=130 cpu=cpu0 user=39 nice=0 system=375 idle=67227 iowait=0 irq=141 softirq=24 steal=0
RT_CPUSTAT sample=130 cpu=cpu1 user=58 nice=0 system=259 idle=51264 iowait=0 irq=11512 softirq=18 steal=0
RT_CPUSTAT sample=131 cpu=cpu0 user=40 nice=0 system=376 idle=67726 iowait=0 irq=142 softirq=25 steal=0
RT_CPUSTAT sample=131 cpu=cpu1 user=58 nice=0 system=261 idle=51636 iowait=0 irq=11600 softirq=18 steal=0
RT_CPUSTAT sample=132 cpu=cpu0 user=40 nice=0 system=377 idle=68224 iowait=0 irq=143 softirq=25 steal=0
RT_CPUSTAT sample=132 cpu=cpu1 user=58 nice=0 system=262 idle=52009 iowait=0 irq=11688 softirq=18 steal=0
RT_CPUSTAT sample=133 cpu=cpu0 user=40 nice=0 system=378 idle=68723 iowait=0 irq=144 softirq=25 steal=0
RT_CPUSTAT sample=133 cpu=cpu1 user=58 nice=0 system=264 idle=52383 iowait=0 irq=11775 softirq=18 steal=0
RT_CPUSTAT sample=134 cpu=cpu0 user=41 nice=0 system=380 idle=69220 iowait=0 irq=145 softirq=25 steal=0
RT_CPUSTAT sample=134 cpu=cpu1 user=58 nice=0 system=266 idle=52758 iowait=0 irq=11862 softirq=18 steal=0
RT_CPUSTAT sample=135 cpu=cpu0 user=41 nice=0 system=381 idle=69719 iowait=0 irq=146 softirq=25 steal=0
RT_CPUSTAT sample=135 cpu=cpu1 user=58 nice=0 system=268 idle=53131 iowait=0 irq=11950 softirq=18 steal=0
RT_CPUSTAT sample=136 cpu=cpu0 user=41 nice=0 system=382 idle=70216 iowait=0 irq=147 softirq=25 steal=0
RT_CPUSTAT sample=136 cpu=cpu1 user=59 nice=0 system=269 idle=53502 iowait=0 irq=12039 softirq=18 steal=0
RT_CPUSTAT sample=137 cpu=cpu0 user=42 nice=0 system=382 idle=70715 iowait=0 irq=148 softirq=26 steal=0
RT_CPUSTAT sample=137 cpu=cpu1 user=59 nice=0 system=271 idle=53873 iowait=0 irq=12128 softirq=19 steal=0
RT_CPUSTAT sample=138 cpu=cpu0 user=42 nice=0 system=384 idle=71213 iowait=0 irq=149 softirq=26 steal=0
RT_CPUSTAT sample=138 cpu=cpu1 user=60 nice=0 system=274 idle=54241 iowait=0 irq=12219 softirq=19 steal=0
RT_CPUSTAT sample=139 cpu=cpu0 user=42 nice=0 system=385 idle=71712 iowait=0 irq=150 softirq=26 steal=0
RT_CPUSTAT sample=139 cpu=cpu1 user=61 nice=0 system=276 idle=54610 iowait=0 irq=12309 softirq=19 steal=0
RT_CPUSTAT sample=140 cpu=cpu0 user=43 nice=0 system=387 idle=72209 iowait=0 irq=151 softirq=26 steal=0
RT_CPUSTAT sample=140 cpu=cpu1 user=61 nice=0 system=277 idle=54979 iowait=0 irq=12399 softirq=19 steal=0
RT_CPUSTAT sample=141 cpu=cpu0 user=44 nice=0 system=387 idle=72708 iowait=0 irq=151 softirq=26 steal=0
RT_CPUSTAT sample=141 cpu=cpu1 user=61 nice=0 system=280 idle=55348 iowait=0 irq=12489 softirq=19 steal=0
RT_CPUSTAT sample=142 cpu=cpu0 user=44 nice=0 system=389 idle=73206 iowait=0 irq=152 softirq=27 steal=0
RT_CPUSTAT sample=142 cpu=cpu1 user=61 nice=0 system=283 idle=55719 iowait=0 irq=12577 softirq=19 steal=0
RT_CPUSTAT sample=143 cpu=cpu0 user=44 nice=0 system=390 idle=73705 iowait=0 irq=153 softirq=27 steal=0
RT_CPUSTAT sample=143 cpu=cpu1 user=62 nice=0 system=286 idle=56091 iowait=0 irq=12665 softirq=19 steal=0
RT_CPUSTAT sample=144 cpu=cpu0 user=44 nice=0 system=392 idle=74202 iowait=0 irq=154 softirq=27 steal=0
RT_CPUSTAT sample=144 cpu=cpu1 user=62 nice=0 system=289 idle=56463 iowait=0 irq=12754 softirq=19 steal=0
RT_CPUSTAT sample=145 cpu=cpu0 user=44 nice=0 system=392 idle=74701 iowait=0 irq=155 softirq=27 steal=0
RT_CPUSTAT sample=145 cpu=cpu1 user=62 nice=0 system=292 idle=56835 iowait=0 irq=12842 softirq=20 steal=0
RT_CPUSTAT sample=146 cpu=cpu0 user=44 nice=0 system=394 idle=75198 iowait=0 irq=156 softirq=27 steal=0
RT_CPUSTAT sample=146 cpu=cpu1 user=63 nice=0 system=295 idle=57206 iowait=0 irq=12931 softirq=20 steal=0
RT_CPUSTAT sample=147 cpu=cpu0 user=45 nice=0 system=394 idle=75697 iowait=0 irq=157 softirq=27 steal=0
RT_CPUSTAT sample=147 cpu=cpu1 user=63 nice=0 system=296 idle=57579 iowait=0 irq=13019 softirq=20 steal=0
RT_CPUSTAT sample=148 cpu=cpu0 user=45 nice=0 system=396 idle=76195 iowait=0 irq=158 softirq=28 steal=0
RT_CPUSTAT sample=148 cpu=cpu1 user=63 nice=0 system=298 idle=57952 iowait=0 irq=13107 softirq=20 steal=0
RT_CPUSTAT sample=149 cpu=cpu0 user=45 nice=0 system=397 idle=76694 iowait=0 irq=159 softirq=28 steal=0
RT_CPUSTAT sample=149 cpu=cpu1 user=63 nice=0 system=301 idle=58323 iowait=0 irq=13196 softirq=20 steal=0
RT_CPUSTAT sample=150 cpu=cpu0 user=45 nice=0 system=399 idle=77191 iowait=0 irq=160 softirq=28 steal=0
RT_CPUSTAT sample=150 cpu=cpu1 user=63 nice=0 system=303 idle=58695 iowait=0 irq=13284 softirq=20 steal=0
RT_CPUSTAT sample=151 cpu=cpu0 user=46 nice=0 system=399 idle=77690 iowait=0 irq=160 softirq=28 steal=0
RT_CPUSTAT sample=151 cpu=cpu1 user=63 nice=0 system=306 idle=59069 iowait=0 irq=13370 softirq=20 steal=0
RT_CPUSTAT sample=152 cpu=cpu0 user=46 nice=0 system=401 idle=78187 iowait=0 irq=162 softirq=28 steal=0
RT_CPUSTAT sample=152 cpu=cpu1 user=65 nice=0 system=309 idle=59437 iowait=0 irq=13460 softirq=21 steal=0
RT_CPUSTAT sample=153 cpu=cpu0 user=46 nice=0 system=402 idle=78686 iowait=0 irq=162 softirq=28 steal=0
RT_CPUSTAT sample=153 cpu=cpu1 user=65 nice=0 system=311 idle=59811 iowait=0 irq=13548 softirq=21 steal=0
RT_CPUSTAT sample=154 cpu=cpu0 user=47 nice=0 system=404 idle=79183 iowait=0 irq=164 softirq=29 steal=0
RT_CPUSTAT sample=154 cpu=cpu1 user=65 nice=0 system=313 idle=60184 iowait=0 irq=13636 softirq=21 steal=0
RT_CPUSTAT sample=155 cpu=cpu0 user=47 nice=0 system=404 idle=79682 iowait=0 irq=164 softirq=29 steal=0
RT_CPUSTAT sample=155 cpu=cpu1 user=66 nice=0 system=314 idle=60555 iowait=0 irq=13724 softirq=21 steal=0
RT_CPUSTAT sample=156 cpu=cpu0 user=47 nice=0 system=406 idle=80180 iowait=0 irq=166 softirq=29 steal=0
RT_CPUSTAT sample=156 cpu=cpu1 user=66 nice=0 system=317 idle=60926 iowait=0 irq=13814 softirq=21 steal=0
RT_CPUSTAT sample=157 cpu=cpu0 user=47 nice=0 system=407 idle=80679 iowait=0 irq=166 softirq=29 steal=0
RT_CPUSTAT sample=157 cpu=cpu1 user=67 nice=0 system=319 idle=61296 iowait=0 irq=13903 softirq=21 steal=0
RT_CPUSTAT sample=158 cpu=cpu0 user=48 nice=0 system=408 idle=81176 iowait=0 irq=167 softirq=29 steal=0
RT_CPUSTAT sample=158 cpu=cpu1 user=68 nice=0 system=322 idle=61669 iowait=0 irq=13991 softirq=21 steal=0
RT_CPUSTAT sample=159 cpu=cpu0 user=48 nice=0 system=409 idle=81675 iowait=0 irq=168 softirq=30 steal=0
RT_CPUSTAT sample=159 cpu=cpu1 user=68 nice=0 system=323 idle=62041 iowait=0 irq=14079 softirq=22 steal=0
RT_CPUSTAT sample=160 cpu=cpu0 user=48 nice=0 system=411 idle=82172 iowait=0 irq=169 softirq=30 steal=0
RT_CPUSTAT sample=160 cpu=cpu1 user=70 nice=0 system=326 idle=62413 iowait=0 irq=14168 softirq=22 steal=0
RT_CPUSTAT sample=161 cpu=cpu0 user=48 nice=0 system=413 idle=82671 iowait=0 irq=170 softirq=30 steal=0
RT_CPUSTAT sample=161 cpu=cpu1 user=70 nice=0 system=328 idle=62784 iowait=0 irq=14257 softirq=22 steal=0
RT_CPUSTAT sample=162 cpu=cpu0 user=48 nice=0 system=415 idle=83168 iowait=0 irq=171 softirq=30 steal=0
RT_CPUSTAT sample=162 cpu=cpu1 user=72 nice=0 system=331 idle=63158 iowait=0 irq=14344 softirq=22 steal=0
RT_CPUSTAT sample=163 cpu=cpu0 user=49 nice=0 system=415 idle=83667 iowait=0 irq=172 softirq=30 steal=0
RT_CPUSTAT sample=163 cpu=cpu1 user=72 nice=0 system=333 idle=63530 iowait=0 irq=14432 softirq=22 steal=0
RT_CPUSTAT sample=164 cpu=cpu0 user=49 nice=0 system=417 idle=84164 iowait=0 irq=173 softirq=30 steal=0
RT_CPUSTAT sample=164 cpu=cpu1 user=73 nice=0 system=335 idle=63904 iowait=0 irq=14520 softirq=22 steal=0
RT_CPUSTAT sample=165 cpu=cpu0 user=49 nice=0 system=418 idle=84663 iowait=0 irq=174 softirq=31 steal=0
RT_CPUSTAT sample=165 cpu=cpu1 user=73 nice=0 system=337 idle=64276 iowait=0 irq=14609 softirq=22 steal=0
RT_CPUSTAT sample=166 cpu=cpu0 user=50 nice=0 system=419 idle=85161 iowait=0 irq=175 softirq=31 steal=0
RT_CPUSTAT sample=166 cpu=cpu1 user=74 nice=0 system=340 idle=64648 iowait=0 irq=14697 softirq=23 steal=0
RT_CPUSTAT sample=167 cpu=cpu0 user=50 nice=0 system=420 idle=85660 iowait=0 irq=176 softirq=31 steal=0
RT_CPUSTAT sample=167 cpu=cpu1 user=74 nice=0 system=343 idle=65019 iowait=0 irq=14785 softirq=23 steal=0
RT_CPUSTAT sample=168 cpu=cpu0 user=50 nice=0 system=421 idle=86157 iowait=0 irq=177 softirq=31 steal=0
RT_CPUSTAT sample=168 cpu=cpu1 user=74 nice=0 system=344 idle=65393 iowait=0 irq=14872 softirq=23 steal=0
RT_CPUSTAT sample=169 cpu=cpu0 user=50 nice=0 system=422 idle=86656 iowait=0 irq=178 softirq=31 steal=0
RT_CPUSTAT sample=169 cpu=cpu1 user=75 nice=0 system=347 idle=65765 iowait=0 irq=14961 softirq=23 steal=0
RT_CPUSTAT sample=170 cpu=cpu0 user=50 nice=0 system=424 idle=87153 iowait=0 irq=179 softirq=32 steal=0
RT_CPUSTAT sample=170 cpu=cpu1 user=76 nice=0 system=350 idle=66137 iowait=0 irq=15050 softirq=23 steal=0
RT_CPUSTAT sample=171 cpu=cpu0 user=50 nice=0 system=424 idle=87652 iowait=0 irq=180 softirq=32 steal=0
RT_CPUSTAT sample=171 cpu=cpu1 user=76 nice=0 system=353 idle=66507 iowait=0 irq=15139 softirq=23 steal=0
RT_CPUSTAT sample=172 cpu=cpu0 user=50 nice=0 system=426 idle=88149 iowait=0 irq=181 softirq=32 steal=0
RT_CPUSTAT sample=172 cpu=cpu1 user=76 nice=0 system=354 idle=66878 iowait=0 irq=15228 softirq=23 steal=0
RT_CPUSTAT sample=173 cpu=cpu0 user=50 nice=0 system=427 idle=88648 iowait=0 irq=181 softirq=32 steal=0
RT_CPUSTAT sample=173 cpu=cpu1 user=76 nice=0 system=355 idle=67249 iowait=0 irq=15317 softirq=24 steal=0
RT_CPUSTAT sample=174 cpu=cpu0 user=51 nice=0 system=429 idle=89146 iowait=0 irq=182 softirq=32 steal=0
RT_CPUSTAT sample=174 cpu=cpu1 user=76 nice=0 system=356 idle=67620 iowait=0 irq=15406 softirq=24 steal=0
RT_CPUSTAT sample=175 cpu=cpu0 user=51 nice=0 system=430 idle=89645 iowait=0 irq=183 softirq=32 steal=0
RT_CPUSTAT sample=175 cpu=cpu1 user=78 nice=0 system=359 idle=67992 iowait=0 irq=15494 softirq=24 steal=0
RT_CPUSTAT sample=176 cpu=cpu0 user=51 nice=0 system=432 idle=90142 iowait=0 irq=184 softirq=33 steal=0
RT_CPUSTAT sample=176 cpu=cpu1 user=79 nice=0 system=360 idle=68364 iowait=0 irq=15582 softirq=24 steal=0
RT_CPUSTAT sample=177 cpu=cpu0 user=51 nice=0 system=433 idle=90641 iowait=0 irq=185 softirq=33 steal=0
RT_CPUSTAT sample=177 cpu=cpu1 user=80 nice=0 system=364 idle=68733 iowait=0 irq=15672 softirq=24 steal=0
RT_CPUSTAT sample=178 cpu=cpu0 user=51 nice=0 system=434 idle=91138 iowait=0 irq=186 softirq=33 steal=0
RT_CPUSTAT sample=178 cpu=cpu1 user=80 nice=0 system=365 idle=69104 iowait=0 irq=15761 softirq=24 steal=0
RT_CPUSTAT sample=179 cpu=cpu0 user=52 nice=0 system=435 idle=91637 iowait=0 irq=187 softirq=33 steal=0
RT_CPUSTAT sample=179 cpu=cpu1 user=80 nice=0 system=365 idle=69478 iowait=0 irq=15849 softirq=24 steal=0
RT_CPUSTAT sample=180 cpu=cpu0 user=52 nice=0 system=436 idle=92135 iowait=0 irq=188 softirq=33 steal=0
RT_CPUSTAT sample=180 cpu=cpu1 user=81 nice=0 system=368 idle=69845 iowait=0 irq=15940 softirq=25 steal=0
RT_CPUSTAT sample=181 cpu=cpu0 user=52 nice=0 system=437 idle=92634 iowait=0 irq=189 softirq=33 steal=0
RT_CPUSTAT sample=181 cpu=cpu1 user=81 nice=0 system=370 idle=70216 iowait=0 irq=16029 softirq=25 steal=0
RT_CPUSTAT sample=182 cpu=cpu0 user=52 nice=0 system=439 idle=93131 iowait=0 irq=190 softirq=34 steal=0
RT_CPUSTAT sample=182 cpu=cpu1 user=82 nice=0 system=372 idle=70588 iowait=0 irq=16118 softirq=25 steal=0
RT_CPUSTAT sample=183 cpu=cpu0 user=52 nice=0 system=440 idle=93630 iowait=0 irq=191 softirq=34 steal=0
RT_CPUSTAT sample=183 cpu=cpu1 user=82 nice=0 system=376 idle=70958 iowait=0 irq=16208 softirq=25 steal=0
RT_CPUSTAT sample=184 cpu=cpu0 user=52 nice=0 system=441 idle=94127 iowait=0 irq=192 softirq=34 steal=0
RT_CPUSTAT sample=184 cpu=cpu1 user=83 nice=0 system=380 idle=71329 iowait=0 irq=16297 softirq=25 steal=0
RT_CPUSTAT sample=185 cpu=cpu0 user=52 nice=0 system=443 idle=94626 iowait=0 irq=193 softirq=34 steal=0
RT_CPUSTAT sample=185 cpu=cpu1 user=84 nice=0 system=382 idle=71700 iowait=0 irq=16386 softirq=25 steal=0
RT_CPUSTAT sample=186 cpu=cpu0 user=53 nice=0 system=444 idle=95123 iowait=0 irq=194 softirq=34 steal=0
RT_CPUSTAT sample=186 cpu=cpu1 user=85 nice=0 system=383 idle=72074 iowait=0 irq=16474 softirq=25 steal=0
RT_CPUSTAT sample=187 cpu=cpu0 user=53 nice=0 system=445 idle=95622 iowait=0 irq=195 softirq=35 steal=0
RT_CPUSTAT sample=187 cpu=cpu1 user=85 nice=0 system=385 idle=72445 iowait=0 irq=16563 softirq=26 steal=0
RT_CPUSTAT sample=188 cpu=cpu0 user=54 nice=0 system=446 idle=96120 iowait=0 irq=196 softirq=35 steal=0
RT_CPUSTAT sample=188 cpu=cpu1 user=86 nice=0 system=386 idle=72817 iowait=0 irq=16651 softirq=26 steal=0
RT_CPUSTAT sample=189 cpu=cpu0 user=54 nice=0 system=447 idle=96619 iowait=0 irq=197 softirq=35 steal=0
RT_CPUSTAT sample=189 cpu=cpu1 user=86 nice=0 system=389 idle=73190 iowait=0 irq=16740 softirq=26 steal=0
RT_CPUSTAT sample=190 cpu=cpu0 user=55 nice=0 system=448 idle=97116 iowait=0 irq=198 softirq=35 steal=0
RT_CPUSTAT sample=190 cpu=cpu1 user=87 nice=0 system=392 idle=73562 iowait=0 irq=16828 softirq=26 steal=0
RT_CPUSTAT sample=191 cpu=cpu0 user=55 nice=0 system=449 idle=97615 iowait=0 irq=199 softirq=35 steal=0
RT_CPUSTAT sample=191 cpu=cpu1 user=87 nice=0 system=393 idle=73933 iowait=0 irq=16917 softirq=26 steal=0
RT_CPUSTAT sample=192 cpu=cpu0 user=57 nice=0 system=450 idle=98112 iowait=0 irq=200 softirq=36 steal=0
RT_CPUSTAT sample=192 cpu=cpu1 user=88 nice=0 system=396 idle=74303 iowait=0 irq=17006 softirq=26 steal=0
RT_CPUSTAT sample=193 cpu=cpu0 user=57 nice=0 system=451 idle=98611 iowait=0 irq=201 softirq=36 steal=0
RT_CPUSTAT sample=193 cpu=cpu1 user=89 nice=0 system=399 idle=74674 iowait=0 irq=17096 softirq=27 steal=0
RT_CPUSTAT sample=194 cpu=cpu0 user=57 nice=0 system=453 idle=99108 iowait=0 irq=202 softirq=36 steal=0
RT_CPUSTAT sample=194 cpu=cpu1 user=89 nice=0 system=400 idle=75044 iowait=0 irq=17186 softirq=27 steal=0
RT_CPUSTAT sample=195 cpu=cpu0 user=57 nice=0 system=454 idle=99607 iowait=0 irq=203 softirq=36 steal=0
RT_CPUSTAT sample=195 cpu=cpu1 user=90 nice=0 system=403 idle=75416 iowait=0 irq=17275 softirq=27 steal=0
RT_CPUSTAT sample=196 cpu=cpu0 user=57 nice=0 system=455 idle=100104 iowait=0 irq=204 softirq=36 steal=0
RT_CPUSTAT sample=196 cpu=cpu1 user=90 nice=0 system=404 idle=75787 iowait=0 irq=17363 softirq=27 steal=0
RT_CPUSTAT sample=197 cpu=cpu0 user=57 nice=0 system=456 idle=100603 iowait=0 irq=205 softirq=36 steal=0
RT_CPUSTAT sample=197 cpu=cpu1 user=91 nice=0 system=406 idle=76159 iowait=0 irq=17452 softirq=27 steal=0
RT_CPUSTAT sample=198 cpu=cpu0 user=58 nice=0 system=458 idle=101100 iowait=0 irq=206 softirq=37 steal=0
RT_CPUSTAT sample=198 cpu=cpu1 user=91 nice=0 system=409 idle=76531 iowait=0 irq=17541 softirq=27 steal=0
RT_CPUSTAT sample=199 cpu=cpu0 user=58 nice=0 system=458 idle=101599 iowait=0 irq=206 softirq=37 steal=0
RT_CPUSTAT sample=199 cpu=cpu1 user=91 nice=0 system=410 idle=76900 iowait=0 irq=17631 softirq=27 steal=0
RT_CPUSTAT sample=200 cpu=cpu0 user=58 nice=0 system=460 idle=102097 iowait=0 irq=208 softirq=37 steal=0
RT_CPUSTAT sample=200 cpu=cpu1 user=93 nice=0 system=411 idle=77270 iowait=0 irq=17721 softirq=28 steal=0
RT_CPUSTAT sample=201 cpu=cpu0 user=58 nice=0 system=461 idle=102596 iowait=0 irq=208 softirq=37 steal=0
RT_CPUSTAT sample=201 cpu=cpu1 user=93 nice=0 system=414 idle=77641 iowait=0 irq=17809 softirq=28 steal=0
RT_CPUSTAT sample=202 cpu=cpu0 user=58 nice=0 system=463 idle=103093 iowait=0 irq=209 softirq=37 steal=0
RT_CPUSTAT sample=202 cpu=cpu1 user=93 nice=0 system=416 idle=78011 iowait=0 irq=17899 softirq=28 steal=0
RT_CPUSTAT sample=203 cpu=cpu0 user=58 nice=0 system=464 idle=103592 iowait=0 irq=210 softirq=38 steal=0
RT_CPUSTAT sample=203 cpu=cpu1 user=94 nice=0 system=417 idle=78383 iowait=0 irq=17987 softirq=28 steal=0
RT_CPUSTAT sample=204 cpu=cpu0 user=59 nice=0 system=466 idle=104089 iowait=0 irq=211 softirq=38 steal=0
RT_CPUSTAT sample=204 cpu=cpu1 user=95 nice=0 system=420 idle=78756 iowait=0 irq=18076 softirq=28 steal=0
RT_CPUSTAT sample=205 cpu=cpu0 user=59 nice=0 system=466 idle=104588 iowait=0 irq=212 softirq=38 steal=0
RT_CPUSTAT sample=205 cpu=cpu1 user=95 nice=0 system=422 idle=79127 iowait=0 irq=18164 softirq=28 steal=0
RT_CPUSTAT sample=206 cpu=cpu0 user=59 nice=0 system=468 idle=105086 iowait=0 irq=213 softirq=38 steal=0
RT_CPUSTAT sample=206 cpu=cpu1 user=95 nice=0 system=424 idle=79500 iowait=0 irq=18252 softirq=29 steal=0
RT_CPUSTAT sample=207 cpu=cpu0 user=59 nice=0 system=469 idle=105585 iowait=0 irq=214 softirq=38 steal=0
RT_CPUSTAT sample=207 cpu=cpu1 user=96 nice=0 system=424 idle=79874 iowait=0 irq=18339 softirq=29 steal=0
RT_CPUSTAT sample=208 cpu=cpu0 user=60 nice=0 system=471 idle=106082 iowait=0 irq=215 softirq=38 steal=0
RT_CPUSTAT sample=208 cpu=cpu1 user=96 nice=0 system=425 idle=80247 iowait=0 irq=18426 softirq=29 steal=0
RT_CPUSTAT sample=209 cpu=cpu0 user=60 nice=0 system=471 idle=106581 iowait=0 irq=215 softirq=39 steal=0
RT_CPUSTAT sample=209 cpu=cpu1 user=97 nice=0 system=428 idle=80618 iowait=0 irq=18515 softirq=29 steal=0
RT_CPUSTAT sample=210 cpu=cpu0 user=60 nice=0 system=473 idle=107078 iowait=0 irq=217 softirq=39 steal=0
RT_CPUSTAT sample=210 cpu=cpu1 user=97 nice=0 system=430 idle=80991 iowait=0 irq=18603 softirq=29 steal=0
RT_CPUSTAT sample=211 cpu=cpu0 user=60 nice=0 system=474 idle=107577 iowait=0 irq=218 softirq=39 steal=0
RT_CPUSTAT sample=211 cpu=cpu1 user=98 nice=0 system=432 idle=81362 iowait=0 irq=18693 softirq=29 steal=0
RT_CPUSTAT sample=212 cpu=cpu0 user=61 nice=0 system=476 idle=108074 iowait=0 irq=219 softirq=39 steal=0
RT_CPUSTAT sample=212 cpu=cpu1 user=98 nice=0 system=434 idle=81732 iowait=0 irq=18783 softirq=29 steal=0
RT_CPUSTAT sample=213 cpu=cpu0 user=62 nice=0 system=476 idle=108573 iowait=0 irq=219 softirq=39 steal=0
RT_CPUSTAT sample=213 cpu=cpu1 user=98 nice=0 system=438 idle=82104 iowait=0 irq=18871 softirq=29 steal=0
RT_CPUSTAT sample=214 cpu=cpu0 user=62 nice=0 system=478 idle=109071 iowait=0 irq=221 softirq=39 steal=0
RT_CPUSTAT sample=214 cpu=cpu1 user=100 nice=0 system=439 idle=82474 iowait=0 irq=18961 softirq=30 steal=0
RT_CPUSTAT sample=215 cpu=cpu0 user=62 nice=0 system=479 idle=109570 iowait=0 irq=221 softirq=40 steal=0
RT_CPUSTAT sample=215 cpu=cpu1 user=100 nice=0 system=442 idle=82847 iowait=0 irq=19049 softirq=30 steal=0
RT_CPUSTAT sample=216 cpu=cpu0 user=62 nice=0 system=480 idle=110067 iowait=0 irq=222 softirq=40 steal=0
RT_CPUSTAT sample=216 cpu=cpu1 user=101 nice=0 system=445 idle=83215 iowait=0 irq=19140 softirq=30 steal=0
RT_CPUSTAT sample=217 cpu=cpu0 user=62 nice=0 system=481 idle=110566 iowait=0 irq=223 softirq=40 steal=0
RT_CPUSTAT sample=217 cpu=cpu1 user=102 nice=0 system=446 idle=83588 iowait=0 irq=19229 softirq=30 steal=0
RT_CPUSTAT sample=218 cpu=cpu0 user=63 nice=0 system=482 idle=111064 iowait=0 irq=224 softirq=40 steal=0
RT_CPUSTAT sample=218 cpu=cpu1 user=103 nice=0 system=448 idle=83958 iowait=0 irq=19319 softirq=30 steal=0
RT_CPUSTAT sample=219 cpu=cpu0 user=63 nice=0 system=483 idle=111563 iowait=0 irq=225 softirq=40 steal=0
RT_CPUSTAT sample=219 cpu=cpu1 user=104 nice=0 system=450 idle=84329 iowait=0 irq=19407 softirq=30 steal=0
RT_CPUSTAT sample=220 cpu=cpu0 user=63 nice=0 system=485 idle=112060 iowait=0 irq=226 softirq=41 steal=0
RT_CPUSTAT sample=220 cpu=cpu1 user=104 nice=0 system=451 idle=84703 iowait=0 irq=19495 softirq=30 steal=0
RT_CPUSTAT sample=221 cpu=cpu0 user=63 nice=0 system=486 idle=112559 iowait=0 irq=227 softirq=41 steal=0
RT_CPUSTAT sample=221 cpu=cpu1 user=104 nice=0 system=452 idle=85076 iowait=0 irq=19583 softirq=30 steal=0
RT_CPUSTAT sample=222 cpu=cpu0 user=64 nice=0 system=488 idle=113056 iowait=0 irq=228 softirq=41 steal=0
RT_CPUSTAT sample=222 cpu=cpu1 user=104 nice=0 system=454 idle=85446 iowait=0 irq=19673 softirq=31 steal=0
RT_CPUSTAT sample=223 cpu=cpu0 user=64 nice=0 system=488 idle=113555 iowait=0 irq=229 softirq=41 steal=0
RT_CPUSTAT sample=223 cpu=cpu1 user=105 nice=0 system=456 idle=85815 iowait=0 irq=19762 softirq=31 steal=0
RT_CPUSTAT sample=224 cpu=cpu0 user=65 nice=0 system=490 idle=114052 iowait=0 irq=230 softirq=41 steal=0
RT_CPUSTAT sample=224 cpu=cpu1 user=105 nice=0 system=458 idle=86182 iowait=0 irq=19854 softirq=31 steal=0
RT_CPUSTAT sample=225 cpu=cpu0 user=65 nice=0 system=491 idle=114551 iowait=0 irq=231 softirq=41 steal=0
RT_CPUSTAT sample=225 cpu=cpu1 user=106 nice=0 system=459 idle=86551 iowait=0 irq=19944 softirq=31 steal=0
RT_CPUSTAT sample=226 cpu=cpu0 user=65 nice=0 system=492 idle=115049 iowait=0 irq=232 softirq=42 steal=0
RT_CPUSTAT sample=226 cpu=cpu1 user=106 nice=0 system=460 idle=86922 iowait=0 irq=20033 softirq=31 steal=0
RT_CPUSTAT sample=227 cpu=cpu0 user=65 nice=0 system=493 idle=115547 iowait=0 irq=232 softirq=42 steal=0
RT_CPUSTAT sample=227 cpu=cpu1 user=107 nice=0 system=461 idle=87294 iowait=0 irq=20122 softirq=31 steal=0
RT_CPUSTAT sample=228 cpu=cpu0 user=66 nice=0 system=495 idle=116045 iowait=0 irq=234 softirq=42 steal=0
RT_CPUSTAT sample=228 cpu=cpu1 user=108 nice=0 system=463 idle=87664 iowait=0 irq=20211 softirq=32 steal=0
RT_CPUSTAT sample=229 cpu=cpu0 user=66 nice=0 system=496 idle=116544 iowait=0 irq=234 softirq=42 steal=0
RT_CPUSTAT sample=229 cpu=cpu1 user=108 nice=0 system=466 idle=88034 iowait=0 irq=20301 softirq=32 steal=0
RT_CPUSTAT sample=230 cpu=cpu0 user=66 nice=0 system=498 idle=117041 iowait=0 irq=235 softirq=42 steal=0
RT_CPUSTAT sample=230 cpu=cpu1 user=109 nice=0 system=468 idle=88403 iowait=0 irq=20391 softirq=32 steal=0
RT_CPUSTAT sample=231 cpu=cpu0 user=66 nice=0 system=498 idle=117540 iowait=0 irq=236 softirq=42 steal=0
RT_CPUSTAT sample=231 cpu=cpu1 user=109 nice=0 system=470 idle=88772 iowait=0 irq=20482 softirq=32 steal=0
RT_CPUSTAT sample=232 cpu=cpu0 user=67 nice=0 system=500 idle=118037 iowait=0 irq=237 softirq=43 steal=0
RT_CPUSTAT sample=232 cpu=cpu1 user=109 nice=0 system=473 idle=89143 iowait=0 irq=20570 softirq=32 steal=0
RT_CPUSTAT sample=233 cpu=cpu0 user=67 nice=0 system=500 idle=118536 iowait=0 irq=238 softirq=43 steal=0
RT_CPUSTAT sample=233 cpu=cpu1 user=109 nice=0 system=476 idle=89512 iowait=0 irq=20661 softirq=32 steal=0
RT_CPUSTAT sample=234 cpu=cpu0 user=68 nice=0 system=502 idle=119033 iowait=0 irq=239 softirq=43 steal=0
RT_CPUSTAT sample=234 cpu=cpu1 user=109 nice=0 system=479 idle=89882 iowait=0 irq=20750 softirq=32 steal=0
RT_CPUSTAT sample=235 cpu=cpu0 user=68 nice=0 system=503 idle=119532 iowait=0 irq=240 softirq=43 steal=0
RT_CPUSTAT sample=235 cpu=cpu1 user=110 nice=0 system=481 idle=90254 iowait=0 irq=20839 softirq=33 steal=0
RT_CPUSTAT sample=236 cpu=cpu0 user=68 nice=0 system=504 idle=120030 iowait=0 irq=241 softirq=43 steal=0
RT_CPUSTAT sample=236 cpu=cpu1 user=111 nice=0 system=483 idle=90624 iowait=0 irq=20928 softirq=33 steal=0
RT_CPUSTAT sample=237 cpu=cpu0 user=68 nice=0 system=505 idle=120529 iowait=0 irq=242 softirq=44 steal=0
RT_CPUSTAT sample=237 cpu=cpu1 user=112 nice=0 system=486 idle=90994 iowait=0 irq=21018 softirq=33 steal=0
RT_CPUSTAT sample=238 cpu=cpu0 user=68 nice=0 system=506 idle=121026 iowait=0 irq=243 softirq=44 steal=0
RT_CPUSTAT sample=238 cpu=cpu1 user=112 nice=0 system=489 idle=91364 iowait=0 irq=21108 softirq=33 steal=0
RT_CPUSTAT sample=239 cpu=cpu0 user=69 nice=0 system=507 idle=121525 iowait=0 irq=244 softirq=44 steal=0
RT_CPUSTAT sample=239 cpu=cpu1 user=113 nice=0 system=492 idle=91737 iowait=0 irq=21196 softirq=33 steal=0
RT_CPUSTAT sample=240 cpu=cpu0 user=70 nice=0 system=508 idle=122021 iowait=0 irq=245 softirq=44 steal=0
RT_CPUSTAT sample=240 cpu=cpu1 user=113 nice=0 system=494 idle=92109 iowait=0 irq=21283 softirq=33 steal=0
RT_CPUSTAT sample=241 cpu=cpu0 user=70 nice=0 system=509 idle=122520 iowait=0 irq=246 softirq=44 steal=0
RT_CPUSTAT sample=241 cpu=cpu1 user=114 nice=0 system=496 idle=92479 iowait=0 irq=21373 softirq=33 steal=0
RT_CPUSTAT sample=242 cpu=cpu0 user=70 nice=0 system=511 idle=123017 iowait=0 irq=247 softirq=44 steal=0
RT_CPUSTAT sample=242 cpu=cpu1 user=114 nice=0 system=498 idle=92850 iowait=0 irq=21462 softirq=34 steal=0
RT_CPUSTAT sample=243 cpu=cpu0 user=71 nice=0 system=511 idle=123516 iowait=0 irq=248 softirq=45 steal=0
RT_CPUSTAT sample=243 cpu=cpu1 user=115 nice=0 system=501 idle=93222 iowait=0 irq=21551 softirq=34 steal=0
RT_CPUSTAT sample=244 cpu=cpu0 user=71 nice=0 system=513 idle=124013 iowait=0 irq=249 softirq=45 steal=0
RT_CPUSTAT sample=244 cpu=cpu1 user=115 nice=0 system=503 idle=93592 iowait=0 irq=21639 softirq=34 steal=0
RT_CPUSTAT sample=245 cpu=cpu0 user=71 nice=0 system=514 idle=124512 iowait=0 irq=250 softirq=45 steal=0
RT_CPUSTAT sample=245 cpu=cpu1 user=116 nice=0 system=503 idle=93963 iowait=0 irq=21729 softirq=34 steal=0
RT_CPUSTAT sample=246 cpu=cpu0 user=71 nice=0 system=516 idle=125010 iowait=0 irq=251 softirq=45 steal=0
RT_CPUSTAT sample=246 cpu=cpu1 user=117 nice=0 system=504 idle=94334 iowait=0 irq=21817 softirq=34 steal=0
RT_CPUSTAT sample=247 cpu=cpu0 user=71 nice=0 system=517 idle=125509 iowait=0 irq=251 softirq=45 steal=0
RT_CPUSTAT sample=247 cpu=cpu1 user=117 nice=0 system=506 idle=94707 iowait=0 irq=21905 softirq=34 steal=0
RT_CPUSTAT sample=248 cpu=cpu0 user=72 nice=0 system=519 idle=126006 iowait=0 irq=253 softirq=46 steal=0
RT_CPUSTAT sample=248 cpu=cpu1 user=117 nice=0 system=509 idle=95080 iowait=0 irq=21992 softirq=34 steal=0
RT_CPUSTAT sample=249 cpu=cpu0 user=72 nice=0 system=520 idle=126505 iowait=0 irq=253 softirq=46 steal=0
RT_CPUSTAT sample=249 cpu=cpu1 user=118 nice=0 system=511 idle=95450 iowait=0 irq=22082 softirq=35 steal=0
RT_CPUSTAT sample=250 cpu=cpu0 user=72 nice=0 system=522 idle=127002 iowait=0 irq=255 softirq=46 steal=0
RT_CPUSTAT sample=250 cpu=cpu1 user=119 nice=0 system=513 idle=95819 iowait=0 irq=22172 softirq=35 steal=0
RT_CPUSTAT sample=251 cpu=cpu0 user=72 nice=0 system=523 idle=127501 iowait=0 irq=255 softirq=46 steal=0
RT_CPUSTAT sample=251 cpu=cpu1 user=119 nice=0 system=517 idle=96187 iowait=0 irq=22263 softirq=35 steal=0
RT_CPUSTAT sample=252 cpu=cpu0 user=73 nice=0 system=524 idle=127998 iowait=0 irq=257 softirq=46 steal=0
RT_CPUSTAT sample=252 cpu=cpu1 user=120 nice=0 system=520 idle=96556 iowait=0 irq=22353 softirq=35 steal=0
RT_CPUSTAT sample=253 cpu=cpu0 user=73 nice=0 system=525 idle=128497 iowait=0 irq=257 softirq=46 steal=0
RT_CPUSTAT sample=253 cpu=cpu1 user=121 nice=0 system=523 idle=96926 iowait=0 irq=22442 softirq=35 steal=0
RT_CPUSTAT sample=254 cpu=cpu0 user=74 nice=0 system=526 idle=128994 iowait=0 irq=258 softirq=47 steal=0
RT_CPUSTAT sample=254 cpu=cpu1 user=122 nice=0 system=525 idle=97299 iowait=0 irq=22529 softirq=35 steal=0
RT_CPUSTAT sample=255 cpu=cpu0 user=75 nice=0 system=527 idle=129493 iowait=0 irq=259 softirq=47 steal=0
RT_CPUSTAT sample=255 cpu=cpu1 user=122 nice=0 system=527 idle=97673 iowait=0 irq=22617 softirq=35 steal=0
RT_CPUSTAT sample=256 cpu=cpu0 user=75 nice=0 system=528 idle=129990 iowait=0 irq=260 softirq=47 steal=0
RT_CPUSTAT sample=256 cpu=cpu1 user=123 nice=0 system=528 idle=98042 iowait=0 irq=22707 softirq=36 steal=0
RT_CPUSTAT sample=257 cpu=cpu0 user=75 nice=0 system=529 idle=130489 iowait=0 irq=261 softirq=47 steal=0
RT_CPUSTAT sample=257 cpu=cpu1 user=123 nice=0 system=531 idle=98411 iowait=0 irq=22797 softirq=36 steal=0
RT_CPUSTAT sample=258 cpu=cpu0 user=75 nice=0 system=531 idle=130987 iowait=0 irq=262 softirq=47 steal=0
RT_CPUSTAT sample=258 cpu=cpu1 user=123 nice=0 system=533 idle=98782 iowait=0 irq=22886 softirq=36 steal=0
RT_CPUSTAT sample=259 cpu=cpu0 user=75 nice=0 system=532 idle=131485 iowait=0 irq=263 softirq=47 steal=0
RT_CPUSTAT sample=259 cpu=cpu1 user=124 nice=0 system=536 idle=99155 iowait=0 irq=22974 softirq=36 steal=0
RT_CPUSTAT sample=260 cpu=cpu0 user=76 nice=0 system=533 idle=131983 iowait=0 irq=264 softirq=48 steal=0
RT_CPUSTAT sample=260 cpu=cpu1 user=124 nice=0 system=537 idle=99527 iowait=0 irq=23063 softirq=36 steal=0
RT_CPUSTAT sample=261 cpu=cpu0 user=76 nice=0 system=534 idle=132482 iowait=0 irq=265 softirq=48 steal=0
RT_CPUSTAT sample=261 cpu=cpu1 user=124 nice=0 system=537 idle=99901 iowait=0 irq=23150 softirq=36 steal=0
RT_CPUSTAT sample=262 cpu=cpu0 user=76 nice=0 system=536 idle=132979 iowait=0 irq=266 softirq=48 steal=0
RT_CPUSTAT sample=262 cpu=cpu1 user=125 nice=0 system=539 idle=100274 iowait=0 irq=23238 softirq=36 steal=0
RT_CPUSTAT sample=263 cpu=cpu0 user=76 nice=0 system=536 idle=133478 iowait=0 irq=267 softirq=48 steal=0
RT_CPUSTAT sample=263 cpu=cpu1 user=125 nice=0 system=542 idle=100643 iowait=0 irq=23328 softirq=37 steal=0
RT_CPUSTAT sample=264 cpu=cpu0 user=77 nice=0 system=538 idle=133975 iowait=0 irq=268 softirq=48 steal=0
RT_CPUSTAT sample=264 cpu=cpu1 user=125 nice=0 system=546 idle=101015 iowait=0 irq=23417 softirq=37 steal=0
RT_CPUSTAT sample=265 cpu=cpu0 user=77 nice=0 system=538 idle=134474 iowait=0 irq=269 softirq=48 steal=0
RT_CPUSTAT sample=265 cpu=cpu1 user=125 nice=0 system=547 idle=101386 iowait=0 irq=23506 softirq=37 steal=0
RT_CPUSTAT sample=266 cpu=cpu0 user=77 nice=0 system=540 idle=134971 iowait=0 irq=270 softirq=49 steal=0
RT_CPUSTAT sample=266 cpu=cpu1 user=126 nice=0 system=549 idle=101757 iowait=0 irq=23595 softirq=37 steal=0
RT_CPUSTAT sample=267 cpu=cpu0 user=78 nice=0 system=540 idle=135470 iowait=0 irq=270 softirq=49 steal=0
RT_CPUSTAT sample=267 cpu=cpu1 user=126 nice=0 system=551 idle=102128 iowait=0 irq=23683 softirq=37 steal=0
RT_CPUSTAT sample=268 cpu=cpu0 user=78 nice=0 system=541 idle=135968 iowait=0 irq=271 softirq=49 steal=0
RT_CPUSTAT sample=268 cpu=cpu1 user=126 nice=0 system=551 idle=102500 iowait=0 irq=23771 softirq=37 steal=0
RT_CPUSTAT sample=269 cpu=cpu0 user=78 nice=0 system=542 idle=136467 iowait=0 irq=272 softirq=49 steal=0
RT_CPUSTAT sample=269 cpu=cpu1 user=127 nice=0 system=554 idle=102871 iowait=0 irq=23859 softirq=37 steal=0
RT_CPUSTAT sample=270 cpu=cpu0 user=78 nice=0 system=544 idle=136964 iowait=0 irq=273 softirq=49 steal=0
RT_CPUSTAT sample=270 cpu=cpu1 user=128 nice=0 system=556 idle=103244 iowait=0 irq=23946 softirq=38 steal=0
RT_CPUSTAT sample=271 cpu=cpu0 user=78 nice=0 system=545 idle=137463 iowait=0 irq=274 softirq=50 steal=0
RT_CPUSTAT sample=271 cpu=cpu1 user=130 nice=0 system=560 idle=103613 iowait=0 irq=24037 softirq=38 steal=0
RT_CPUSTAT sample=272 cpu=cpu0 user=79 nice=0 system=547 idle=137960 iowait=0 irq=275 softirq=50 steal=0
RT_CPUSTAT sample=272 cpu=cpu1 user=131 nice=0 system=562 idle=103985 iowait=0 irq=24126 softirq=38 steal=0
RT_CPUSTAT sample=273 cpu=cpu0 user=79 nice=0 system=548 idle=138459 iowait=0 irq=276 softirq=50 steal=0
RT_CPUSTAT sample=273 cpu=cpu1 user=131 nice=0 system=564 idle=104357 iowait=0 irq=24214 softirq=38 steal=0
RT_CPUSTAT sample=274 cpu=cpu0 user=79 nice=0 system=550 idle=138957 iowait=0 irq=277 softirq=50 steal=0
RT_CPUSTAT sample=274 cpu=cpu1 user=131 nice=0 system=566 idle=104730 iowait=0 irq=24302 softirq=38 steal=0
RT_CPUSTAT sample=275 cpu=cpu0 user=79 nice=0 system=551 idle=139455 iowait=0 irq=278 softirq=50 steal=0
RT_CPUSTAT sample=275 cpu=cpu1 user=132 nice=0 system=568 idle=105102 iowait=0 irq=24390 softirq=38 steal=0
RT_CPUSTAT sample=276 cpu=cpu0 user=80 nice=0 system=552 idle=139952 iowait=0 irq=279 softirq=51 steal=0
RT_CPUSTAT sample=276 cpu=cpu1 user=132 nice=0 system=572 idle=105474 iowait=0 irq=24478 softirq=38 steal=0
RT_CPUSTAT sample=277 cpu=cpu0 user=80 nice=0 system=553 idle=140451 iowait=0 irq=280 softirq=51 steal=0
RT_CPUSTAT sample=277 cpu=cpu1 user=132 nice=0 system=574 idle=105844 iowait=0 irq=24567 softirq=39 steal=0
RT_CPUSTAT sample=278 cpu=cpu0 user=80 nice=0 system=554 idle=140949 iowait=0 irq=281 softirq=51 steal=0
RT_CPUSTAT sample=278 cpu=cpu1 user=132 nice=0 system=576 idle=106216 iowait=0 irq=24656 softirq=39 steal=0
RT_CPUSTAT sample=279 cpu=cpu0 user=81 nice=0 system=555 idle=141447 iowait=0 irq=282 softirq=51 steal=0
RT_CPUSTAT sample=279 cpu=cpu1 user=133 nice=0 system=578 idle=106585 iowait=0 irq=24746 softirq=39 steal=0
RT_CPUSTAT sample=280 cpu=cpu0 user=81 nice=0 system=557 idle=141945 iowait=0 irq=283 softirq=51 steal=0
RT_CPUSTAT sample=280 cpu=cpu1 user=134 nice=0 system=580 idle=106956 iowait=0 irq=24835 softirq=39 steal=0
RT_CPUSTAT sample=281 cpu=cpu0 user=82 nice=0 system=557 idle=142444 iowait=0 irq=284 softirq=51 steal=0
RT_CPUSTAT sample=281 cpu=cpu1 user=134 nice=0 system=581 idle=107329 iowait=0 irq=24923 softirq=39 steal=0
RT_CPUSTAT sample=282 cpu=cpu0 user=82 nice=0 system=559 idle=142941 iowait=0 irq=285 softirq=52 steal=0
RT_CPUSTAT sample=282 cpu=cpu1 user=135 nice=0 system=582 idle=107699 iowait=0 irq=25012 softirq=39 steal=0
RT_CPUSTAT sample=283 cpu=cpu0 user=82 nice=0 system=560 idle=143440 iowait=0 irq=286 softirq=52 steal=0
RT_CPUSTAT sample=283 cpu=cpu1 user=135 nice=0 system=586 idle=108070 iowait=0 irq=25101 softirq=39 steal=0
RT_CPUSTAT sample=284 cpu=cpu0 user=83 nice=0 system=561 idle=143938 iowait=0 irq=287 softirq=52 steal=0
RT_CPUSTAT sample=284 cpu=cpu1 user=136 nice=0 system=589 idle=108442 iowait=0 irq=25189 softirq=40 steal=0
RT_CPUSTAT sample=285 cpu=cpu0 user=83 nice=0 system=562 idle=144437 iowait=0 irq=287 softirq=52 steal=0
RT_CPUSTAT sample=285 cpu=cpu1 user=136 nice=0 system=591 idle=108813 iowait=0 irq=25278 softirq=40 steal=0
RT_CPUSTAT sample=286 cpu=cpu0 user=84 nice=0 system=564 idle=144934 iowait=0 irq=289 softirq=52 steal=0
RT_CPUSTAT sample=286 cpu=cpu1 user=138 nice=0 system=593 idle=109185 iowait=0 irq=25366 softirq=40 steal=0
RT_CPUSTAT sample=287 cpu=cpu0 user=84 nice=0 system=564 idle=145433 iowait=0 irq=289 softirq=52 steal=0
RT_CPUSTAT sample=287 cpu=cpu1 user=138 nice=0 system=593 idle=109558 iowait=0 irq=25453 softirq=40 steal=0
RT_CPUSTAT sample=288 cpu=cpu0 user=85 nice=0 system=566 idle=145930 iowait=0 irq=290 softirq=53 steal=0
RT_CPUSTAT sample=288 cpu=cpu1 user=138 nice=0 system=594 idle=109930 iowait=0 irq=25542 softirq=40 steal=0
RT_CPUSTAT sample=289 cpu=cpu0 user=85 nice=0 system=567 idle=146429 iowait=0 irq=291 softirq=53 steal=0
RT_CPUSTAT sample=289 cpu=cpu1 user=139 nice=0 system=597 idle=110301 iowait=0 irq=25630 softirq=40 steal=0
RT_CPUSTAT sample=290 cpu=cpu0 user=85 nice=0 system=569 idle=146926 iowait=0 irq=292 softirq=53 steal=0
RT_CPUSTAT sample=290 cpu=cpu1 user=139 nice=0 system=599 idle=110670 iowait=0 irq=25721 softirq=40 steal=0
RT_CPUSTAT sample=291 cpu=cpu0 user=85 nice=0 system=569 idle=147425 iowait=0 irq=293 softirq=53 steal=0
RT_CPUSTAT sample=291 cpu=cpu1 user=140 nice=0 system=603 idle=111038 iowait=0 irq=25812 softirq=41 steal=0
RT_CPUSTAT sample=292 cpu=cpu0 user=86 nice=0 system=571 idle=147922 iowait=0 irq=294 softirq=53 steal=0
RT_CPUSTAT sample=292 cpu=cpu1 user=140 nice=0 system=605 idle=111409 iowait=0 irq=25900 softirq=41 steal=0
RT_CPUSTAT sample=293 cpu=cpu0 user=86 nice=0 system=571 idle=148421 iowait=0 irq=295 softirq=54 steal=0
RT_CPUSTAT sample=293 cpu=cpu1 user=141 nice=0 system=609 idle=111779 iowait=0 irq=25989 softirq=41 steal=0
RT_CPUSTAT sample=294 cpu=cpu0 user=88 nice=0 system=572 idle=148918 iowait=0 irq=296 softirq=54 steal=0
RT_CPUSTAT sample=294 cpu=cpu1 user=142 nice=0 system=609 idle=112150 iowait=0 irq=26078 softirq=41 steal=0
RT_CPUSTAT sample=295 cpu=cpu0 user=88 nice=0 system=573 idle=149417 iowait=0 irq=297 softirq=54 steal=0
RT_CPUSTAT sample=295 cpu=cpu1 user=142 nice=0 system=611 idle=112521 iowait=0 irq=26167 softirq=41 steal=0
RT_CPUSTAT sample=296 cpu=cpu0 user=88 nice=0 system=574 idle=149914 iowait=0 irq=298 softirq=54 steal=0
RT_CPUSTAT sample=296 cpu=cpu1 user=142 nice=0 system=613 idle=112892 iowait=0 irq=26256 softirq=41 steal=0
RT_CPUSTAT sample=297 cpu=cpu0 user=88 nice=0 system=575 idle=150413 iowait=0 irq=299 softirq=54 steal=0
RT_CPUSTAT sample=297 cpu=cpu1 user=143 nice=0 system=614 idle=113262 iowait=0 irq=26345 softirq=41 steal=0
RT_CPUSTAT sample=298 cpu=cpu0 user=88 nice=0 system=577 idle=150911 iowait=0 irq=300 softirq=54 steal=0
RT_CPUSTAT sample=298 cpu=cpu1 user=143 nice=0 system=616 idle=113634 iowait=0 irq=26434 softirq=42 steal=0
RT_CPUSTAT sample=299 cpu=cpu0 user=89 nice=0 system=578 idle=151410 iowait=0 irq=301 softirq=55 steal=0
RT_CPUSTAT sample=299 cpu=cpu1 user=143 nice=0 system=617 idle=114006 iowait=0 irq=26523 softirq=42 steal=0
RT_CPUSTAT sample=300 cpu=cpu0 user=89 nice=0 system=579 idle=151906 iowait=0 irq=302 softirq=55 steal=0
RT_CPUSTAT sample=300 cpu=cpu1 user=144 nice=0 system=619 idle=114378 iowait=0 irq=26612 softirq=42 steal=0
RT_CPUSTAT sample=301 cpu=cpu0 user=89 nice=0 system=580 idle=152405 iowait=0 irq=303 softirq=55 steal=0
RT_CPUSTAT sample=301 cpu=cpu1 user=145 nice=0 system=620 idle=114750 iowait=0 irq=26700 softirq=42 steal=0
RT_CPUSTAT sample=302 cpu=cpu0 user=89 nice=0 system=582 idle=152903 iowait=0 irq=304 softirq=55 steal=0
RT_CPUSTAT sample=302 cpu=cpu1 user=145 nice=0 system=623 idle=115121 iowait=0 irq=26789 softirq=42 steal=0
RT_CPUSTAT sample=303 cpu=cpu0 user=89 nice=0 system=583 idle=153402 iowait=0 irq=305 softirq=55 steal=0
RT_CPUSTAT sample=303 cpu=cpu1 user=146 nice=0 system=625 idle=115492 iowait=0 irq=26878 softirq=42 steal=0
RT_CPUSTAT sample=304 cpu=cpu0 user=90 nice=0 system=585 idle=153899 iowait=0 irq=306 softirq=55 steal=0
RT_CPUSTAT sample=304 cpu=cpu1 user=146 nice=0 system=628 idle=115861 iowait=0 irq=26969 softirq=42 steal=0
RT_CPUSTAT sample=305 cpu=cpu0 user=90 nice=0 system=586 idle=154398 iowait=0 irq=307 softirq=56 steal=0
RT_CPUSTAT sample=305 cpu=cpu1 user=147 nice=0 system=630 idle=116227 iowait=0 irq=27061 softirq=42 steal=0
RT_CPUSTAT sample=306 cpu=cpu0 user=90 nice=0 system=587 idle=154895 iowait=0 irq=308 softirq=56 steal=0
RT_CPUSTAT sample=306 cpu=cpu1 user=147 nice=0 system=632 idle=116596 iowait=0 irq=27151 softirq=43 steal=0
RT_CPUSTAT sample=307 cpu=cpu0 user=90 nice=0 system=588 idle=155394 iowait=0 irq=308 softirq=56 steal=0
RT_CPUSTAT sample=307 cpu=cpu1 user=147 nice=0 system=635 idle=116968 iowait=0 irq=27240 softirq=43 steal=0
RT_CPUSTAT sample=308 cpu=cpu0 user=90 nice=0 system=590 idle=155892 iowait=0 irq=310 softirq=56 steal=0
RT_CPUSTAT sample=308 cpu=cpu1 user=147 nice=0 system=636 idle=117338 iowait=0 irq=27329 softirq=43 steal=0
RT_CPUSTAT sample=309 cpu=cpu0 user=90 nice=0 system=591 idle=156391 iowait=0 irq=310 softirq=56 steal=0
RT_CPUSTAT sample=309 cpu=cpu1 user=148 nice=0 system=639 idle=117709 iowait=0 irq=27419 softirq=43 steal=0
RT_CPUSTAT sample=310 cpu=cpu0 user=91 nice=0 system=593 idle=156888 iowait=0 irq=311 softirq=56 steal=0
RT_CPUSTAT sample=310 cpu=cpu1 user=148 nice=0 system=640 idle=118080 iowait=0 irq=27508 softirq=43 steal=0
RT_CPUSTAT sample=311 cpu=cpu0 user=91 nice=0 system=593 idle=157387 iowait=0 irq=312 softirq=57 steal=0
RT_CPUSTAT sample=311 cpu=cpu1 user=148 nice=0 system=642 idle=118451 iowait=0 irq=27597 softirq=43 steal=0
RT_CPUSTAT sample=312 cpu=cpu0 user=91 nice=0 system=595 idle=157884 iowait=0 irq=313 softirq=57 steal=0
RT_CPUSTAT sample=312 cpu=cpu1 user=148 nice=0 system=643 idle=118820 iowait=0 irq=27688 softirq=43 steal=0
RT_CPUSTAT sample=313 cpu=cpu0 user=91 nice=0 system=595 idle=158383 iowait=0 irq=314 softirq=57 steal=0
RT_CPUSTAT sample=313 cpu=cpu1 user=149 nice=0 system=646 idle=119188 iowait=0 irq=27778 softirq=44 steal=0
RT_CPUSTAT sample=314 cpu=cpu0 user=91 nice=0 system=598 idle=158880 iowait=0 irq=315 softirq=57 steal=0
RT_CPUSTAT sample=314 cpu=cpu1 user=149 nice=0 system=648 idle=119558 iowait=0 irq=27867 softirq=44 steal=0
RT_CPUSTAT sample=315 cpu=cpu0 user=92 nice=0 system=598 idle=159379 iowait=0 irq=316 softirq=57 steal=0
RT_CPUSTAT sample=315 cpu=cpu1 user=150 nice=0 system=650 idle=119930 iowait=0 irq=27954 softirq=44 steal=0
RT_CPUSTAT sample=316 cpu=cpu0 user=92 nice=0 system=599 idle=159877 iowait=0 irq=317 softirq=58 steal=0
RT_CPUSTAT sample=316 cpu=cpu1 user=150 nice=0 system=652 idle=120301 iowait=0 irq=28044 softirq=44 steal=0
RT_CPUSTAT sample=317 cpu=cpu0 user=92 nice=0 system=600 idle=160376 iowait=0 irq=318 softirq=58 steal=0
RT_CPUSTAT sample=317 cpu=cpu1 user=151 nice=0 system=653 idle=120671 iowait=0 irq=28133 softirq=44 steal=0
RT_CPUSTAT sample=318 cpu=cpu0 user=93 nice=0 system=602 idle=160873 iowait=0 irq=319 softirq=58 steal=0
RT_CPUSTAT sample=318 cpu=cpu1 user=152 nice=0 system=655 idle=121044 iowait=0 irq=28221 softirq=44 steal=0
RT_CPUSTAT sample=319 cpu=cpu0 user=93 nice=0 system=603 idle=161372 iowait=0 irq=320 softirq=58 steal=0
RT_CPUSTAT sample=319 cpu=cpu1 user=152 nice=0 system=657 idle=121414 iowait=0 irq=28311 softirq=44 steal=0
RT_CPUSTAT sample=320 cpu=cpu0 user=93 nice=0 system=604 idle=161869 iowait=0 irq=321 softirq=58 steal=0
RT_CPUSTAT sample=320 cpu=cpu1 user=153 nice=0 system=659 idle=121783 iowait=0 irq=28401 softirq=45 steal=0
RT_CPUSTAT sample=321 cpu=cpu0 user=93 nice=0 system=604 idle=162368 iowait=0 irq=322 softirq=58 steal=0
RT_CPUSTAT sample=321 cpu=cpu1 user=153 nice=0 system=660 idle=122150 iowait=0 irq=28492 softirq=45 steal=0
RT_CPUSTAT sample=322 cpu=cpu0 user=94 nice=0 system=606 idle=162866 iowait=0 irq=323 softirq=59 steal=0
RT_CPUSTAT sample=322 cpu=cpu1 user=154 nice=0 system=662 idle=122522 iowait=0 irq=28580 softirq=45 steal=0
RT_CPUSTAT sample=323 cpu=cpu0 user=94 nice=0 system=606 idle=163365 iowait=0 irq=323 softirq=59 steal=0
RT_CPUSTAT sample=323 cpu=cpu1 user=154 nice=0 system=664 idle=122894 iowait=0 irq=28668 softirq=45 steal=0
RT_CPUSTAT sample=324 cpu=cpu0 user=95 nice=0 system=608 idle=163862 iowait=0 irq=324 softirq=59 steal=0
RT_CPUSTAT sample=324 cpu=cpu1 user=154 nice=0 system=665 idle=123268 iowait=0 irq=28755 softirq=45 steal=0
RT_CPUSTAT sample=325 cpu=cpu0 user=95 nice=0 system=609 idle=164361 iowait=0 irq=325 softirq=59 steal=0
RT_CPUSTAT sample=325 cpu=cpu1 user=155 nice=0 system=666 idle=123639 iowait=0 irq=28843 softirq=45 steal=0
RT_CPUSTAT sample=326 cpu=cpu0 user=95 nice=0 system=611 idle=164858 iowait=0 irq=326 softirq=59 steal=0
RT_CPUSTAT sample=326 cpu=cpu1 user=155 nice=0 system=669 idle=124012 iowait=0 irq=28931 softirq=45 steal=0
RT_CPUSTAT sample=327 cpu=cpu0 user=95 nice=0 system=611 idle=165357 iowait=0 irq=327 softirq=60 steal=0
RT_CPUSTAT sample=327 cpu=cpu1 user=157 nice=0 system=672 idle=124382 iowait=0 irq=29021 softirq=46 steal=0
RT_CPUSTAT sample=328 cpu=cpu0 user=95 nice=0 system=613 idle=165854 iowait=0 irq=328 softirq=60 steal=0
RT_CPUSTAT sample=328 cpu=cpu1 user=158 nice=0 system=674 idle=124751 iowait=0 irq=29111 softirq=46 steal=0
RT_CPUSTAT sample=329 cpu=cpu0 user=96 nice=0 system=613 idle=166353 iowait=0 irq=329 softirq=60 steal=0
RT_CPUSTAT sample=329 cpu=cpu1 user=158 nice=0 system=676 idle=125122 iowait=0 irq=29200 softirq=46 steal=0
RT_CPUSTAT sample=330 cpu=cpu0 user=97 nice=0 system=615 idle=166851 iowait=0 irq=330 softirq=60 steal=0
RT_CPUSTAT sample=330 cpu=cpu1 user=159 nice=0 system=678 idle=125491 iowait=0 irq=29290 softirq=46 steal=0
RT_CPUSTAT sample=331 cpu=cpu0 user=97 nice=0 system=616 idle=167350 iowait=0 irq=331 softirq=60 steal=0
RT_CPUSTAT sample=331 cpu=cpu1 user=159 nice=0 system=680 idle=125862 iowait=0 irq=29379 softirq=46 steal=0
RT_CPUSTAT sample=332 cpu=cpu0 user=97 nice=0 system=617 idle=167847 iowait=0 irq=332 softirq=61 steal=0
RT_CPUSTAT sample=332 cpu=cpu1 user=159 nice=0 system=681 idle=126234 iowait=0 irq=29468 softirq=46 steal=0
RT_CPUSTAT sample=333 cpu=cpu0 user=98 nice=0 system=618 idle=168346 iowait=0 irq=333 softirq=61 steal=0
RT_CPUSTAT sample=333 cpu=cpu1 user=159 nice=0 system=684 idle=126606 iowait=0 irq=29557 softirq=46 steal=0
RT_CPUSTAT sample=334 cpu=cpu0 user=98 nice=0 system=619 idle=168843 iowait=0 irq=334 softirq=61 steal=0
RT_CPUSTAT sample=334 cpu=cpu1 user=160 nice=0 system=686 idle=126977 iowait=0 irq=29646 softirq=47 steal=0
RT_CPUSTAT sample=335 cpu=cpu0 user=98 nice=0 system=620 idle=169342 iowait=0 irq=335 softirq=61 steal=0
RT_CPUSTAT sample=335 cpu=cpu1 user=160 nice=0 system=689 idle=127348 iowait=0 irq=29735 softirq=47 steal=0
RT_CPUSTAT sample=336 cpu=cpu0 user=98 nice=0 system=621 idle=169839 iowait=0 irq=336 softirq=61 steal=0
RT_CPUSTAT sample=336 cpu=cpu1 user=161 nice=0 system=691 idle=127720 iowait=0 irq=29824 softirq=47 steal=0
RT_CPUSTAT sample=337 cpu=cpu0 user=98 nice=0 system=622 idle=170338 iowait=0 irq=337 softirq=61 steal=0
RT_CPUSTAT sample=337 cpu=cpu1 user=161 nice=0 system=694 idle=128090 iowait=0 irq=29914 softirq=47 steal=0
RT_CPUSTAT sample=338 cpu=cpu0 user=98 nice=0 system=624 idle=170835 iowait=0 irq=338 softirq=62 steal=0
RT_CPUSTAT sample=338 cpu=cpu1 user=162 nice=0 system=695 idle=128460 iowait=0 irq=30003 softirq=47 steal=0
RT_CPUSTAT sample=339 cpu=cpu0 user=98 nice=0 system=624 idle=171335 iowait=0 irq=338 softirq=62 steal=0
RT_CPUSTAT sample=339 cpu=cpu1 user=162 nice=0 system=697 idle=128830 iowait=0 irq=30093 softirq=47 steal=0
RT_CPUSTAT sample=340 cpu=cpu0 user=99 nice=0 system=626 idle=171832 iowait=0 irq=339 softirq=62 steal=0
RT_CPUSTAT sample=340 cpu=cpu1 user=163 nice=0 system=698 idle=129199 iowait=0 irq=30183 softirq=47 steal=0
RT_CPUSTAT sample=341 cpu=cpu0 user=99 nice=0 system=627 idle=172331 iowait=0 irq=340 softirq=62 steal=0
RT_CPUSTAT sample=341 cpu=cpu1 user=163 nice=0 system=700 idle=129571 iowait=0 irq=30271 softirq=48 steal=0
RT_CPUSTAT sample=342 cpu=cpu0 user=99 nice=0 system=629 idle=172829 iowait=0 irq=341 softirq=62 steal=0
RT_CPUSTAT sample=342 cpu=cpu1 user=164 nice=0 system=701 idle=129943 iowait=0 irq=30359 softirq=48 steal=0
RT_CPUSTAT sample=343 cpu=cpu0 user=99 nice=0 system=630 idle=173328 iowait=0 irq=342 softirq=63 steal=0
RT_CPUSTAT sample=343 cpu=cpu1 user=164 nice=0 system=703 idle=130314 iowait=0 irq=30448 softirq=48 steal=0
RT_CPUSTAT sample=344 cpu=cpu0 user=100 nice=0 system=632 idle=173825 iowait=0 irq=343 softirq=63 steal=0
RT_CPUSTAT sample=344 cpu=cpu1 user=165 nice=0 system=704 idle=130685 iowait=0 irq=30538 softirq=48 steal=0
RT_CPUSTAT sample=345 cpu=cpu0 user=100 nice=0 system=633 idle=174324 iowait=0 irq=344 softirq=63 steal=0
RT_CPUSTAT sample=345 cpu=cpu1 user=165 nice=0 system=706 idle=131055 iowait=0 irq=30627 softirq=48 steal=0
RT_CPUSTAT sample=346 cpu=cpu0 user=101 nice=0 system=634 idle=174821 iowait=0 irq=345 softirq=63 steal=0
RT_CPUSTAT sample=346 cpu=cpu1 user=165 nice=0 system=707 idle=131426 iowait=0 irq=30716 softirq=48 steal=0
RT_CPUSTAT sample=347 cpu=cpu0 user=101 nice=0 system=635 idle=175320 iowait=0 irq=346 softirq=63 steal=0
RT_CPUSTAT sample=347 cpu=cpu1 user=166 nice=0 system=708 idle=131799 iowait=0 irq=30804 softirq=48 steal=0
RT_CPUSTAT sample=348 cpu=cpu0 user=101 nice=0 system=638 idle=175818 iowait=0 irq=347 softirq=63 steal=0
RT_CPUSTAT sample=348 cpu=cpu1 user=166 nice=0 system=710 idle=132171 iowait=0 irq=30892 softirq=49 steal=0
RT_CPUSTAT sample=349 cpu=cpu0 user=101 nice=0 system=638 idle=176317 iowait=0 irq=347 softirq=64 steal=0
RT_CPUSTAT sample=349 cpu=cpu1 user=166 nice=0 system=712 idle=132542 iowait=0 irq=30981 softirq=49 steal=0
RT_CPUSTAT sample=350 cpu=cpu0 user=101 nice=0 system=640 idle=176814 iowait=0 irq=349 softirq=64 steal=0
RT_CPUSTAT sample=350 cpu=cpu1 user=166 nice=0 system=714 idle=132913 iowait=0 irq=31069 softirq=49 steal=0
RT_CPUSTAT sample=351 cpu=cpu0 user=102 nice=0 system=641 idle=177313 iowait=0 irq=349 softirq=64 steal=0
RT_CPUSTAT sample=351 cpu=cpu1 user=167 nice=0 system=718 idle=133282 iowait=0 irq=31160 softirq=49 steal=0
RT_CPUSTAT sample=352 cpu=cpu0 user=102 nice=0 system=642 idle=177810 iowait=0 irq=350 softirq=64 steal=0
RT_CPUSTAT sample=352 cpu=cpu1 user=167 nice=0 system=720 idle=133651 iowait=0 irq=31250 softirq=49 steal=0
RT_CPUSTAT sample=353 cpu=cpu0 user=102 nice=0 system=643 idle=178309 iowait=0 irq=351 softirq=64 steal=0
RT_CPUSTAT sample=353 cpu=cpu1 user=169 nice=0 system=723 idle=134021 iowait=0 irq=31341 softirq=49 steal=0
RT_CPUSTAT sample=354 cpu=cpu0 user=102 nice=0 system=645 idle=178806 iowait=0 irq=352 softirq=65 steal=0
RT_CPUSTAT sample=354 cpu=cpu1 user=169 nice=0 system=725 idle=134389 iowait=0 irq=31431 softirq=49 steal=0
RT_CPUSTAT sample=355 cpu=cpu0 user=102 nice=0 system=646 idle=179305 iowait=0 irq=353 softirq=65 steal=0
RT_CPUSTAT sample=355 cpu=cpu1 user=169 nice=0 system=727 idle=134757 iowait=0 irq=31521 softirq=50 steal=0
RT_CPUSTAT sample=356 cpu=cpu0 user=102 nice=0 system=648 idle=179802 iowait=0 irq=354 softirq=65 steal=0
RT_CPUSTAT sample=356 cpu=cpu1 user=169 nice=0 system=731 idle=135127 iowait=0 irq=31611 softirq=50 steal=0
RT_CPUSTAT sample=357 cpu=cpu0 user=102 nice=0 system=649 idle=180301 iowait=0 irq=355 softirq=65 steal=0
RT_CPUSTAT sample=357 cpu=cpu1 user=169 nice=0 system=733 idle=135498 iowait=0 irq=31700 softirq=50 steal=0
RT_CPUSTAT sample=358 cpu=cpu0 user=102 nice=0 system=651 idle=180799 iowait=0 irq=356 softirq=65 steal=0
RT_CPUSTAT sample=358 cpu=cpu1 user=170 nice=0 system=734 idle=135870 iowait=0 irq=31788 softirq=50 steal=0
RT_CPUSTAT sample=359 cpu=cpu0 user=102 nice=0 system=651 idle=181297 iowait=0 irq=357 softirq=65 steal=0
RT_CPUSTAT sample=359 cpu=cpu1 user=170 nice=0 system=737 idle=136239 iowait=0 irq=31878 softirq=50 steal=0
RT_CPUSTAT sample=360 cpu=cpu0 user=102 nice=0 system=654 idle=181794 iowait=0 irq=358 softirq=66 steal=0
RT_CPUSTAT sample=360 cpu=cpu1 user=171 nice=0 system=739 idle=136612 iowait=0 irq=31966 softirq=50 steal=0
RT_CPUSTAT sample=361 cpu=cpu0 user=102 nice=0 system=655 idle=182293 iowait=0 irq=359 softirq=66 steal=0
RT_CPUSTAT sample=361 cpu=cpu1 user=172 nice=0 system=741 idle=136982 iowait=0 irq=32057 softirq=51 steal=0
RT_CPUSTAT sample=362 cpu=cpu0 user=103 nice=0 system=656 idle=182791 iowait=0 irq=360 softirq=66 steal=0
RT_CPUSTAT sample=362 cpu=cpu1 user=172 nice=0 system=744 idle=137353 iowait=0 irq=32146 softirq=51 steal=0
RT_CPUSTAT sample=363 cpu=cpu0 user=103 nice=0 system=657 idle=183290 iowait=0 irq=361 softirq=66 steal=0
RT_CPUSTAT sample=363 cpu=cpu1 user=173 nice=0 system=746 idle=137724 iowait=0 irq=32235 softirq=51 steal=0
RT_CPUSTAT sample=364 cpu=cpu0 user=104 nice=0 system=658 idle=183787 iowait=0 irq=362 softirq=66 steal=0
RT_CPUSTAT sample=364 cpu=cpu1 user=173 nice=0 system=749 idle=138093 iowait=0 irq=32326 softirq=51 steal=0
RT_CPUSTAT sample=365 cpu=cpu0 user=104 nice=0 system=659 idle=184286 iowait=0 irq=363 softirq=66 steal=0
RT_CPUSTAT sample=365 cpu=cpu1 user=174 nice=0 system=751 idle=138463 iowait=0 irq=32415 softirq=51 steal=0
RT_CPUSTAT sample=366 cpu=cpu0 user=104 nice=0 system=661 idle=184783 iowait=0 irq=364 softirq=67 steal=0
RT_CPUSTAT sample=366 cpu=cpu1 user=175 nice=0 system=753 idle=138835 iowait=0 irq=32503 softirq=51 steal=0
RT_CPUSTAT sample=367 cpu=cpu0 user=105 nice=0 system=664 idle=185012 iowait=0 irq=365 softirq=67 steal=0
RT_CPUSTAT sample=367 cpu=cpu1 user=178 nice=0 system=754 idle=139324 iowait=0 irq=32522 softirq=51 steal=0
RT_CPUSTAT sample=368 cpu=cpu0 user=105 nice=0 system=667 idle=185165 iowait=0 irq=366 softirq=67 steal=0
RT_CPUSTAT sample=368 cpu=cpu1 user=178 nice=0 system=754 idle=140017 iowait=0 irq=32522 softirq=51 steal=0
RT_CPUSTAT sample=369 cpu=cpu0 user=105 nice=0 system=924 idle=185165 iowait=0 irq=382 softirq=67 steal=0
RT_CPUSTAT sample=369 cpu=cpu1 user=178 nice=0 system=754 idle=140519 iowait=0 irq=32522 softirq=51 steal=0
RT_CPUSTAT sample=370 cpu=cpu0 user=106 nice=0 system=1182 idle=185165 iowait=0 irq=398 softirq=68 steal=0
RT_CPUSTAT sample=370 cpu=cpu1 user=178 nice=0 system=754 idle=141020 iowait=0 irq=32522 softirq=51 steal=0
RT_INIT_DONE scenario=idle
[ 1915.016711] reboot: Power down
[37m[1918.480604 2:17 axvm::runtime::hvc:352] [33mVM[1] PSCI_SYSTEM_OFF[m
[m[37m[1918.480839 2:17 axvm::vm:1360] [32mStopping VM[1]: SystemDown[m
[m[37m[1918.481271 2:17 axvm::runtime::vcpus:800] [33mVM[1] VCpu[0] stopping because of VM stopping[m

[m[37m[1918.481318 3:22 axvm::runtime::vcpus:800] [33mVM[1] VCpu[1] stopping because of VM stopping[m[Axvisor] VM[1] stopped; returning to the management shell

[m[37m[1918.761431 2:17 axvm::runtime::vcpus:838] [32mVM[1] VCpu[0] exiting...[m
[2Kaxvisor:$ 
[m[37m[1918.761597 3:22 axvm::runtime::vcpus:807] [32mVM[1] VCpu[1] last VCpu exiting, decreasing running VM count[m
[m[37m[1918.762438 3:22 axvm::runtime::vcpus:817] [32mVM[1] state changed to Stopped[m
[m[37m[1918.762636 3:22 axvm::runtime::vcpus:838] [32mVM[1] VCpu[1] exiting...[m
[m
[2Kaxvisor:$ v
[2Kaxvisor:$ vm
[2Kaxvisor:$ vme
[2Kaxvisor:$ vmex
[2Kaxvisor:$ vmexi
[2Kaxvisor:$ vmexit
[2Kaxvisor:$ vmexit 
[2Kaxvisor:$ vmexit s
[2Kaxvisor:$ vmexit st
[2Kaxvisor:$ vmexit sta
[2Kaxvisor:$ vmexit stat
