rt_experiment scenario=stress-noiso mode=duration start_ns=1786870097135740610 expected_runtime_sec=90
[host_monotonic_s=181143.043189] rt_burner=1:10:53:60000
[host_monotonic_s=181143.043593] VM Load @PA:0x40200000
[host_monotonic_s=181143.043795] VM Load Offset: 0xffff0000c0200000
[host_monotonic_s=181143.045779] Memory Map:
[host_monotonic_s=181143.047598]   Free   0x00000040000000 - 0x00000040200000 (2 MiB)
[host_monotonic_s=181143.047648]   KImg   0x00000040200000 - 0x00000044c00000 (74 MiB)
[host_monotonic_s=181143.048847]   Free   0x00000044c00000 - 0x00000240000000 (7.93 GiB)
[host_monotonic_s=181143.048862] Initialize RAM allocator: 0x44c00000..0x240000000
[host_monotonic_s=181143.077482] Reserving CPU-local areas
[host_monotonic_s=181143.079665] CPU-local area stride: 0x44000 bytes
[host_monotonic_s=181143.079810] Total CPU-local allocation: 0x110000 bytes (4 CPUs)
[host_monotonic_s=181143.079982] Flushed RAM used range to memory map: 0x44c00000..0x44d00000, current: 0x44d00000
[host_monotonic_s=181143.080107] Flushed RAM used range to memory map: 0x44d00000..0x44e10000, current: 0x44e10000
[host_monotonic_s=181143.081473] CPU-local areas allocated at 0x44d00000 - 0x44e10000
[host_monotonic_s=181143.081476] EL: 2
[host_monotonic_s=181143.081489] Mapping early memory regions...
[host_monotonic_s=181143.082177] Ram                 : [0x0000000040000000, 0x0000000240000000) -> [0x0000000040000000, 0x0000000240000000) (8 GiB)
[host_monotonic_s=181143.082615] KImage              : [0x0000ffff80000000, 0x0000ffff84a00000) -> [0x0000000040200000, 0x0000000044c00000) (74 MiB)
[host_monotonic_s=181143.082889] PerCpu              : [0x0000ff0044d00000, 0x0000ff0044e10000) -> [0x0000000044d00000, 0x0000000044e10000) (1.06 MiB)
[host_monotonic_s=181143.083094] Debug serial        : [0x0000000009000000, 0x0000000009001000) -> [0x0000000009000000, 0x0000000009001000) (4 KiB)
[host_monotonic_s=181143.083216] Boot page table at physical address: PA:0x44e10000
[host_monotonic_s=181143.083251] Setting up table registers...
[host_monotonic_s=181143.083380] MMU Entry point at physical address: 0x403b77f0
[host_monotonic_s=181143.088021] Trap vector at 0xffff801bd800
[host_monotonic_s=181143.088327] Memory Map:
[host_monotonic_s=181143.089516]   MMIO   0x00000009000000 - 0x00000009001000 (4 KiB)
[host_monotonic_s=181143.089598]   Free   0x00000040000000 - 0x00000040200000 (2 MiB)
[host_monotonic_s=181143.089679]   KImg   0x00000040200000 - 0x00000044c00000 (74 MiB)
[host_monotonic_s=181143.089744]   Rsv    0x00000044c00000 - 0x00000044d00000 (1 MiB)
[host_monotonic_s=181143.090758]   PerCPU 0x00000044d00000 - 0x00000044e10000 (1.06 MiB)
[host_monotonic_s=181143.090818]   Rsv    0x00000044e10000 - 0x00000044e1a000 (40 KiB)
[host_monotonic_s=181143.091156]   Free   0x00000044e1a000 - 0x00000240000000 (7.92 GiB)
[host_monotonic_s=181143.095145] Jumping to main entry point at 0xffff801a2e7c with SP 0x0000ff0044d44000
[host_monotonic_s=181143.096773] 
[host_monotonic_s=181143.096832]        d8888                            .d88888b.   .d8888b.
[host_monotonic_s=181143.096895]       d88888                           d88P" "Y88b d88P  Y88b
[host_monotonic_s=181143.096953]      d88P888                           888     888 Y88b.
[host_monotonic_s=181143.097019]     d88P 888 888d888  .d8888b  .d88b.  888     888  "Y888b.
[host_monotonic_s=181143.097087]    d88P  888 888P"   d88P"    d8P  Y8b 888     888     "Y88b.
[host_monotonic_s=181143.097154]   d88P   888 888     888      88888888 888     888       "888
[host_monotonic_s=181143.097218]  d8888888888 888     Y88b.    Y8b.     Y88b. .d88P Y88b  d88P
[host_monotonic_s=181143.097282] d88P     888 888      "Y8888P  "Y8888   "Y88888P"   "Y8888P"
[host_monotonic_s=181143.097296] 
[host_monotonic_s=181143.097657] arch = aarch64
[host_monotonic_s=181143.097674] platform = linux,dummy-virt
[host_monotonic_s=181143.097717] target = aarch64-unknown-none-softfloat
[host_monotonic_s=181143.097734] build_mode = 
[host_monotonic_s=181143.097756] log_level = info
[host_monotonic_s=181143.097785] backtrace = false
[host_monotonic_s=181143.097832] smp = 4
[host_monotonic_s=181143.097837] 
[host_monotonic_s=181143.098418] [37m[  0.063311 ax_runtime:222] [32mLogging is enabled.[m
[host_monotonic_s=181143.098554] [m[37m[  0.063768 ax_runtime:223] [32mPrimary CPU 0 started, arg = 0x44c00000.[m
[host_monotonic_s=181143.098656] [m[37m[  0.063883 ax_runtime:225] [32mFound physcial memory regions:[m
[host_monotonic_s=181143.099958] [m[37m[  0.065021 ax_runtime:227] [32m  [PA:0x9000000, PA:0x9001000) mmio (READ | WRITE | DEVICE | RESERVED)[m
[host_monotonic_s=181143.100128] [m[37m[  0.065272 ax_runtime:227] [32m  [PA:0x40000000, PA:0x40200000) free memory (READ | WRITE | FREE)[m
[host_monotonic_s=181143.100359] [m[37m[  0.065438 ax_runtime:227] [32m  [PA:0x40200000, PA:0x44c00000) reserved (READ | WRITE | EXECUTE | RESERVED)[m
[host_monotonic_s=181143.100450] [m[37m[  0.065618 ax_runtime:227] [32m  [PA:0x44c00000, PA:0x44d00000) reserved (READ | WRITE | EXECUTE | RESERVED)[m
[host_monotonic_s=181143.100584] [m[37m[  0.065757 ax_runtime:227] [32m  [PA:0x44d00000, PA:0x44e10000) reserved (READ | WRITE | EXECUTE | RESERVED)[m
[host_monotonic_s=181143.100721] [m[37m[  0.065893 ax_runtime:227] [32m  [PA:0x44e10000, PA:0x44e1a000) reserved (READ | WRITE | EXECUTE | RESERVED)[m
[host_monotonic_s=181143.100846] [m[37m[  0.066028 ax_runtime:227] [32m  [PA:0x44e1a000, PA:0x240000000) free memory (READ | WRITE | FREE)[m
[host_monotonic_s=181143.100973] [m[37m[  0.066176 ax_runtime:375] [32mInitialize global memory allocator...[m
[host_monotonic_s=181143.101080] [m[37m[  0.066292 ax_runtime:376] [32m  use buddy-slab-allocator allocator.[m
[host_monotonic_s=181143.101339] [m[37m[  0.066505 ax_alloc::buddy_slab:158] [32mInitialize global memory allocator, start_vaddr: 0x44e1a000, size: 0x1fb1e6000[m
[host_monotonic_s=181143.108766] [m[37m[  0.073876 ax_alloc::buddy_slab:424] [32mglobal allocator initialized[m
[host_monotonic_s=181143.108884] [m[37m[  0.074074 ax_alloc::buddy_slab:168] [32mAdd memory region, start_vaddr: 0x40000000, size: 0x200000[m
[host_monotonic_s=181143.109152] [m[37m[  0.074250 buddy_slab_allocator::global:151] [32mGlobalAllocator: skip region 0x40000000+0x200000, no allocator-visible memory after 2097152 alignment[m
[host_monotonic_s=181143.109394] [m[37m[  0.074587 ax_runtime:262] [32mkernel aspace: [VA:0x0, VA:0xffffffffffffffff)[m
[host_monotonic_s=181143.109562] [m[37m[  0.074779 ax_mm:107] [32mInitialize virtual memory management...[m
[host_monotonic_s=181143.910862] [m[37m[  0.739486 ax_runtime:274] [32mInitialize platform devices...[m
[host_monotonic_s=181143.910876] [m[37m[  0.746600 someboot::arch::power:23] [32mPower management method : SMC[m
[host_monotonic_s=181143.910879] [m[37m[  0.746808 somehal::driver:5] [32mInitializing rdrive with FDT at 0x44c00000[m
[host_monotonic_s=181143.910969] [m[37m[  0.760678 somehal::arch::gic::v3:274] [32mGICv3 CPU 0 EOI mode: two_step=true[m
[host_monotonic_s=181143.922596] [m[37m[  0.887744 ax_task::api:137] [32mInitialize scheduling...[m
[host_monotonic_s=181143.923913] [m[37m[  0.889053 ax_task::api:145] [32m  use FIFO scheduler.[m
[host_monotonic_s=181143.924177] [m[37m[  0.889384 ax_runtime:300] [32mInitialize interrupt handlers...[m
[host_monotonic_s=181143.926345] [m[37m[  0.891552 ax_runtime::devices:2] [32mProbe platform devices...[m
[host_monotonic_s=181143.940810] [m[37m[  0.905973 somehal::arch::gic::v3:274] [32mGICv3 CPU 1 EOI mode: two_step=true[m
[host_monotonic_s=181143.941096] [m[37m[  0.906302 ax_runtime::mp:79] [32mSecondary CPU 1 started.[m
[host_monotonic_s=181143.941796] [m[37m[  0.906947 ax_runtime::mp:110] [32mSecondary CPU 1 init OK.[m
[host_monotonic_s=181143.952607] [m[37m[  0.917783 somehal::arch::gic::v3:274] [32mGICv3 CPU 2 EOI mode: two_step=true[m
[host_monotonic_s=181143.952760] [m[37m[  0.917934 ax_runtime::mp:79] [32mSecondary CPU 2 started.[m
[host_monotonic_s=181143.952948] [m[37m[  0.918151 ax_runtime::mp:110] [32mSecondary CPU 2 init OK.[m
[host_monotonic_s=181143.964069] [m[37m[  0.929152 somehal::arch::gic::v3:274] [32mGICv3 CPU 3 EOI mode: two_step=true[m
[host_monotonic_s=181143.964120] [m[37m[  0.929318 ax_runtime::mp:79] [32mSecondary CPU 3 started.[m
[host_monotonic_s=181143.964228] [m[37m[  0.929385 ax_runtime:348] [32mPrimary CPU 0 init OK.[m
[host_monotonic_s=181143.964588] [m[37m[  0.929734 ax_runtime::mp:110] [32mSecondary CPU 3 init OK.[m
[host_monotonic_s=181143.966770] [m
[host_monotonic_s=181143.966952] 
[host_monotonic_s=181143.966955]        d8888            888     888  d8b
[host_monotonic_s=181143.967008]       d88888            888     888  Y8P
[host_monotonic_s=181143.967046]      d88P888            888     888
[host_monotonic_s=181143.967111]     d88P 888  888  888  Y88b   d88P  888  .d8888b    .d88b.   888d888
[host_monotonic_s=181143.967201]    d88P  888  `Y8bd8P'   Y88b d88P   888  88K       d88""88b  888P"
[host_monotonic_s=181143.967271]   d88P   888    X88K      Y88o88P    888  "Y8888b.  888  888  888
[host_monotonic_s=181143.967341]  d8888888888  .d8""8b.     Y888P     888       X88  Y88..88P  888
[host_monotonic_s=181143.967410] d88P     888  888  888      Y8P      888   88888P'   "Y88P"   888
[host_monotonic_s=181143.967547] 
[host_monotonic_s=181143.967550] 
[host_monotonic_s=181143.967551] by AxVisor Team
[host_monotonic_s=181143.967552] 
[host_monotonic_s=181143.967670] [37m[  0.932852 0:2 axvisor:75] [32mStarting virtualization...[m
[host_monotonic_s=181143.967860] [m[37m[  0.933046 0:2 axvm::host::arceos:352] [32mEnabling hardware virtualization support on all cores...[m
[host_monotonic_s=181143.968045] [m[37m[  0.933223 0:2 axvm::host::arceos:358] [32mCore 0 is initializing hardware virtualization support...[m
[host_monotonic_s=181143.968218] [m[37m[  0.933432 0:2 axvm::timer:318] [32mInitializing AxVM timer wheel...[m
[host_monotonic_s=181143.973683] [m[37m[  0.938828 0:2 axvm::host::arceos:360] [32mHardware virtualization support enabled on core 0[m
[host_monotonic_s=181143.974680] [m[37m[  0.939742 0:2 axvm::host::arceos:386] [32mWaiting for all cores to enable hardware virtualization...[m
[host_monotonic_s=181143.974995] [m[37m[  0.940118 2:12 axvm::host::arceos:370] [32mCore 2 is initializing hardware virtualization support...[m
[host_monotonic_s=181143.975159] [m[37m[  0.940156 3:13 axvm::host::arceos:370] [32mCore 3 is initializing hardware virtualization support...[m
[host_monotonic_s=181143.975326] [m[37m[  0.940139 1:11 axvm::host::arceos:370] [32mCore 1 is initializing hardware virtualization support...[m
[host_monotonic_s=181143.975438] [m[37m[  0.940306 2:12 axvm::timer:318] [32mInitializing AxVM timer wheel...[m
[host_monotonic_s=181143.975551] [m[37m[  0.940632 1:11 axvm::timer:318] [32mInitializing AxVM timer wheel...[m
[host_monotonic_s=181143.975675] [m[37m[  0.940465 3:13 axvm::timer:318] [32mInitializing AxVM timer wheel...[m
[host_monotonic_s=181143.976040] [m[37m[  0.941194 3:13 axvm::host::arceos:373] [32mHardware virtualization support enabled on core 3[m
[host_monotonic_s=181143.976183] [m[37m[  0.941194 2:12 axvm::host::arceos:373] [32mHardware virtualization support enabled on core 2[m
[host_monotonic_s=181143.976329] [m[37m[  0.941296 1:11 axvm::host::arceos:373] [32mHardware virtualization support enabled on core 1[m
[host_monotonic_s=181143.977765] [m[37m[  0.942892 0:2 axvm::host::arceos:402] [32mAll cores have enabled hardware virtualization support.[m
[host_monotonic_s=181143.977930] [m[37m[  0.943140 0:2 axvisor::config:90] [32mUsing static VM configs.[m
[host_monotonic_s=181143.994917] [m[37m[  0.958652 0:2 axvm::arch::aarch64::fdt::core:78] [32mVM[1] virtual GIC follows host firmware resources: GuestGicProfile { compatible: "arm,gic-v3", node_path: "/intc@8000000", node_phandle: Some(32773), distributor: GuestMmioRegion { base: 134217728, length: 65536 }, cpu_region: Redistributors(GuestGicRedistributorProfile { regions: [GuestMmioRegion { base: 134873088, length: 16121856 }], stride: 131072 }), its: [GuestItsProfile { id: ItsId(0), node_path: "/intc@8000000/its@8080000", node_phandle: Some(32774), registers: GuestMmioRegion { base: 134742016, length: 131072 } }] }[m
[host_monotonic_s=181143.996496] [m[37m[  0.961646 0:2 axvm::arch::aarch64::fdt::core:92] [32mVM[1] architectural timer follows host firmware PPIs[m
[host_monotonic_s=181144.000715] [m[37m[  0.965867 0:2 axvm::arch::aarch64::fdt::core::parser:462] [32mCPU node: /cpus/cpu@0, node_id: 0x0, hardware_cpu_id: 0x0[m
[host_monotonic_s=181144.000913] [m[37m[  0.966080 0:2 axvm::arch::aarch64::fdt::core::parser:462] [32mCPU node: /cpus/cpu@1, node_id: 0x1, hardware_cpu_id: 0x1[m
[host_monotonic_s=181144.001105] [m[37m[  0.966264 0:2 axvm::arch::aarch64::fdt::core::parser:462] [32mCPU node: /cpus/cpu@2, node_id: 0x2, hardware_cpu_id: 0x2[m
[host_monotonic_s=181144.001266] [m[37m[  0.966432 0:2 axvm::arch::aarch64::fdt::core::parser:462] [32mCPU node: /cpus/cpu@3, node_id: 0x3, hardware_cpu_id: 0x3[m
[host_monotonic_s=181144.001492] [m[37m[  0.966687 0:2 axvm::arch::aarch64::fdt::core::parser:469] [32mFound 4 host CPU nodes[m
[host_monotonic_s=181144.001993] [m[37m[  0.967147 0:2 axvm::arch::aarch64::fdt::core:143] [32mVM[1] DTB not found, generating from the VM configuration[m
[host_monotonic_s=181144.013275] [m[37m[  0.978334 0:2 axvm::arch::aarch64::fdt::core::device:96] [32mFound excluded devices: ["/intc@8000000", "/pl011@9000000", "/timer", "/intc@8000000/its@8080000"][m
[host_monotonic_s=181144.021255] [m[37m[  0.986355 0:2 axvm::arch::aarch64::fdt::core::device:96] [32mFound excluded devices: ["/intc@8000000", "/pl011@9000000", "/timer", "/intc@8000000/its@8080000"][m
[host_monotonic_s=181144.022449] [m[37m[  0.987605 0:2 axvisor::config:137] [32mCreating VM[1] "rt-partition-linux"[m
[host_monotonic_s=181144.039695] [m[37m[  1.004860 0:2 axvm::vm:1064] [32mVM created: id=1[m
[host_monotonic_s=181145.137503] [m[37m[  2.102600 0:2 axvisor::config:149] [32mVM[1] created success, loading images...[m
[host_monotonic_s=181145.438263] [m[37m[  2.213834 0:2 axvm::boot::images:137] [32mLoading ramdisk image from memory (19620641 bytes) into GPA @0x84000000[m
[host_monotonic_s=181145.438280] [m[37m[  2.272095 0:2 axdevice::device:1229] [32mDeviceRuntime: registered device id=0[m
[host_monotonic_s=181145.438451] [m[37m[  2.272531 0:2 axdevice::device:1229] [32mDeviceRuntime: registered device id=1[m
[host_monotonic_s=181145.439715] [m[37m[  2.404427 0:2 axdevice::device:1229] [32mDeviceRuntime: registered device id=2[m
[host_monotonic_s=181145.446562] [m[37m[  2.411539 0:2 axdevice::device:1229] [32mDeviceRuntime: registered device id=3[m
[host_monotonic_s=181145.451239] [m[37m[  2.416376 0:2 axdevice::device:1229] [32mDeviceRuntime: registered device id=4[m
[host_monotonic_s=181145.454971] [m[37m[  2.420135 0:2 axvm::vm::prepare:82] [32mVM setup: id=1[m
[host_monotonic_s=181145.458197] [m[37m[  2.422817 0:2 axvm::arch::aarch64::fdt::core:78] [32mVM[2] virtual GIC follows host firmware resources: GuestGicProfile { compatible: "arm,gic-v3", node_path: "/intc@8000000", node_phandle: Some(32773), distributor: GuestMmioRegion { base: 134217728, length: 65536 }, cpu_region: Redistributors(GuestGicRedistributorProfile { regions: [GuestMmioRegion { base: 134873088, length: 16121856 }], stride: 131072 }), its: [GuestItsProfile { id: ItsId(0), node_path: "/intc@8000000/its@8080000", node_phandle: Some(32774), registers: GuestMmioRegion { base: 134742016, length: 131072 } }] }[m
[host_monotonic_s=181145.458419] [m[37m[  2.423603 0:2 axvm::arch::aarch64::fdt::core:92] [32mVM[2] architectural timer follows host firmware PPIs[m
[host_monotonic_s=181145.461766] [m[37m[  2.426880 0:2 axvm::arch::aarch64::fdt::core::parser:462] [32mCPU node: /cpus/cpu@0, node_id: 0x0, hardware_cpu_id: 0x0[m
[host_monotonic_s=181145.461970] [m[37m[  2.427090 0:2 axvm::arch::aarch64::fdt::core::parser:462] [32mCPU node: /cpus/cpu@1, node_id: 0x1, hardware_cpu_id: 0x1[m
[host_monotonic_s=181145.462141] [m[37m[  2.427301 0:2 axvm::arch::aarch64::fdt::core::parser:462] [32mCPU node: /cpus/cpu@2, node_id: 0x2, hardware_cpu_id: 0x2[m
[host_monotonic_s=181145.462294] [m[37m[  2.427466 0:2 axvm::arch::aarch64::fdt::core::parser:462] [32mCPU node: /cpus/cpu@3, node_id: 0x3, hardware_cpu_id: 0x3[m
[host_monotonic_s=181145.462432] [m[37m[  2.427639 0:2 axvm::arch::aarch64::fdt::core::parser:469] [32mFound 4 host CPU nodes[m
[host_monotonic_s=181145.462574] [m[37m[  2.427752 0:2 axvm::arch::aarch64::fdt::core:143] [32mVM[2] DTB not found, generating from the VM configuration[m
[host_monotonic_s=181145.469580] [m[37m[  2.434704 0:2 axvm::arch::aarch64::fdt::core::device:96] [32mFound excluded devices: ["/intc@8000000", "/pl011@9000000", "/timer", "/intc@8000000/its@8080000"][m
[host_monotonic_s=181145.474303] [m[37m[  2.439417 0:2 axvm::arch::aarch64::fdt::core::device:96] [32mFound excluded devices: ["/intc@8000000", "/pl011@9000000", "/timer", "/intc@8000000/its@8080000"][m
[host_monotonic_s=181145.474953] [m[37m[  2.440113 0:2 axvisor::config:137] [32mCreating VM[2] "upstream-dev-zephyr"[m
[host_monotonic_s=181145.476141] [m[37m[  2.441302 0:2 axvm::vm:1064] [32mVM created: id=2[m
[host_monotonic_s=181146.277324] [m[37m[  2.991103 0:2 axvisor::config:149] [32mVM[2] created success, loading images...[m
[host_monotonic_s=181146.277339] [m[37m[  2.996313 0:2 axdevice::device:1229] [32mDeviceRuntime: registered device id=0[m
[host_monotonic_s=181146.277343] [m[37m[  2.996452 0:2 axdevice::device:1229] [32mDeviceRuntime: registered device id=1[m
[host_monotonic_s=181146.278198] [m[37m[  3.242479 0:2 axdevice::device:1229] [32mDeviceRuntime: registered device id=2[m
[host_monotonic_s=181146.279142] [m[37m[  3.244000 0:2 axdevice::device:1229] [32mDeviceRuntime: registered device id=3[m
[host_monotonic_s=181146.279855] [m[37m[  3.244843 0:2 axvm::vm::prepare:82] [32mVM setup: id=2[m
[host_monotonic_s=181146.281031] [m[37m[  3.246006 0:2 axvm::runtime:42] [32mInitializing VMM...[m
[host_monotonic_s=181146.287922] [m[37m[  3.253014 0:2 axvm::runtime:53] [32mVMM starting, booting VMs...[m
[host_monotonic_s=181146.288246] [m[37m[  3.253431 0:2 axvm::vm:1279] [32mStarting VM[1][m
[host_monotonic_s=181146.288648] [m[37m[  3.253774 0:2 axvm::runtime::vcpus:369] [32mSpawning task for VM[1] VCpu[0][m
[host_monotonic_s=181146.289539] [m[37m[  3.254561 0:2 axvm::runtime::vcpus:386] [32mVCpu task Task(18, "VM[1]-VCpu[0]") created cpumask: [2, ][m
[host_monotonic_s=181146.293594] [m[37m[  3.258736 0:2 axvm::runtime:61] [32mVM[1] boot success[m
[host_monotonic_s=181146.293642] [m[37m[  3.258770 2:18 axvm::runtime::vcpus:440] [32mVM[1] VCpu[0] waiting for running[m
[host_monotonic_s=181146.293717] [m[37m[  3.258844 0:2 axvm::vm:1279] [32mStarting VM[2][m
[host_monotonic_s=181146.293825] [m[37m[  3.259030 0:2 axvm::runtime::vcpus:369] [32mSpawning task for VM[2] VCpu[0][m
[host_monotonic_s=181146.293984] [m[37m[  3.259157 0:2 axvm::runtime::vcpus:386] [32mVCpu task Task(20, "VM[2]-VCpu[0]") created cpumask: [1, ][m
[host_monotonic_s=181146.294085] [m[37m[  3.259237 2:18 axvm::runtime::vcpus:478] [32mVM[1] VCpu[0] running...[m
[host_monotonic_s=181146.294290] [m[37m[  3.259504 0:2 axvm::runtime:61] [32mVM[2] boot success[m
[host_monotonic_s=181146.294580] [m[37m[  3.259643 1:20 axvm::runtime::vcpus:440] [32mVM[2] VCpu[0] waiting for running[m
[host_monotonic_s=181146.294651] [m[37m[  3.259816 1:20 axvm::runtime::vcpus:478] [32mVM[2] VCpu[0] running...[m
[host_monotonic_s=181146.295427] [m[37m[  3.260583 0:2 axvisor:92] [32m[OK] Default guest initialized[m
[host_monotonic_s=181146.299976] [m[37m[  3.265003 1:17 axvisor::rt_burner:41] [32mRT_BURNER_ARMED cpu=1 start_delay_ms=60000[m
[host_monotonic_s=181146.344075] [m[37m[  3.309167 2:18 axvm::runtime::hvc:258] [32mVM[1] PSCI_FEATURES function_id=0x80000000[m
[host_monotonic_s=181146.353896] [m[37m[  3.319005 2:18 axvm::runtime::hvc:258] [32mVM[1] PSCI_FEATURES function_id=0xc4000001[m
[host_monotonic_s=181146.363463] [m[37m[  3.328600 2:18 axvm::runtime::hvc:258] [32mVM[1] PSCI_FEATURES function_id=0xc400000e[m
[host_monotonic_s=181146.363726] [m[37m[  3.328908 2:18 axvm::runtime::hvc:258] [32mVM[1] PSCI_FEATURES function_id=0xc4000012[m
[host_monotonic_s=181146.363980] [m[37m[  3.329154 2:18 axvm::runtime::hvc:258] [32mVM[1] PSCI_FEATURES function_id=0xc4000015[m
[host_monotonic_s=181146.392798] [m[VM 2] *** Booting Zephyr OS build v3.7.0 ***
[host_monotonic_s=181146.421917] [VM 2] PERIODIC LATENCY READY
[host_monotonic_s=181146.570071] [37m[  3.535167 2:18 axvm::runtime::hvc:272] [32mVM[1] PSCI_CPU_ON target=0x3 entry=0x8228158c context=0x0[m
[host_monotonic_s=181146.570737] [m[37m[  3.535897 2:18 axvm::runtime::vcpus:369] [32mSpawning task for VM[1] VCpu[1][m
[host_monotonic_s=181146.570930] [m[37m[  3.536090 2:18 axvm::runtime::vcpus:386] [32mVCpu task Task(24, "VM[1]-VCpu[1]") created cpumask: [3, ][m
[host_monotonic_s=181146.571824] [m[37m[  3.536783 3:24 axvm::runtime::vcpus:440] [32mVM[1] VCpu[1] waiting for running[m
[host_monotonic_s=181146.572580] [m[37m[  3.537604 3:24 axvm::runtime::vcpus:478] [32mVM[1] VCpu[1] running...[m
[host_monotonic_s=181147.194837] [m[VM 1] [    0.000000] Booting Linux on physical CPU 0x0000000002 [0x410fd083]
[host_monotonic_s=181147.194850] [VM 1] [    0.000000] Linux version 7.1.0-rc2-g74fe02ce122a (runner@s1lqc) (aarch64-linux-gnu-gcc (Ubuntu 13.3.0-6ubuntu2~24.04) 13.3.0, GNU ld (GNU Binutils for Ubuntu) 2.42) #2 SMP PREEMPT Mon Jun  8 08:07:46 UTC 2026
[host_monotonic_s=181147.229806] [VM 1] [    0.000000] KASLR disabled due to lack of seed
[host_monotonic_s=181147.240832] [VM 1] [    0.000000] Machine model: linux,dummy-virt
[host_monotonic_s=181147.260533] [VM 1] [    0.000000] efi: UEFI not found.
[host_monotonic_s=181147.315960] [VM 1] [    0.000000] OF: reserved mem: Reserved memory: No reserved-memory node in the DT
[host_monotonic_s=181147.357032] [VM 1] [    0.000000] NUMA: Faking a node at [mem 0x0000000080000000-0x00000000bfffffff]
[host_monotonic_s=181147.413297] [VM 1] [    0.000000] NODE_DATA(0) allocated [mem 0xbfe07e40-0xbfe0a53f]
[host_monotonic_s=181147.500874] [VM 1] [    0.000000] cma: Reserved 32 MiB at 0x00000000bde00000
[host_monotonic_s=181147.801647] [VM 1] [    0.000000] psci: probing for conduit method from DT.
[host_monotonic_s=181147.801666] [VM 1] [    0.000000] psci: PSCIv1.1 detected in firmware.
[host_monotonic_s=181147.801671] [VM 1] [    0.000000] psci: Using standard PSCI v0.2 function IDs
[host_monotonic_s=181147.801675] [VM 1] [    0.000000] psci: Trusted OS migration not required
[host_monotonic_s=181147.802169] [VM 1] [    0.000000] psci: SMC Calling Convention v65535.65535
[host_monotonic_s=181147.856664] [VM 1] [    0.000000] Zone ranges:
[host_monotonic_s=181147.901142] [VM 1] [    0.000000]   DMA      [mem 0x0000000080000000-0x00000000bfffffff]
[host_monotonic_s=181147.909789] [VM 1] [    0.000000]   DMA32    empty
[host_monotonic_s=181147.935335] [VM 1] [    0.000000]   Normal   empty
[host_monotonic_s=181147.959731] [VM 1] [    0.000000] Movable zone start for each node
[host_monotonic_s=181147.990170] [VM 1] [    0.000000] Early memory node ranges
[host_monotonic_s=181148.030906] [VM 1] [    0.000000]   node   0: [mem 0x0000000080000000-0x00000000bfffffff]
[host_monotonic_s=181148.067049] [VM 1] [    0.000000] Initmem setup node 0 [mem 0x0000000080000000-0x00000000bfffffff]
[host_monotonic_s=181148.367638] [VM 1] [    0.000000] percpu: Embedded 26 pages/cpu s66584 r8192 d31720 u106496
[host_monotonic_s=181148.367654] [VM 1] [    0.000000] Detected PIPT I-cache on CPU0
[host_monotonic_s=181148.367658] [VM 1] [    0.000000] CPU features: detected: GICv3 CPU interface
[host_monotonic_s=181148.367661] [VM 1] [    0.000000] CPU features: detected: Spectre-v2
[host_monotonic_s=181148.367798] [VM 1] [    0.000000] CPU features: detected: Spectre-v3a
[host_monotonic_s=181148.426789] [VM 1] [    0.000000] CPU features: detected: Spectre-v4
[host_monotonic_s=181148.469473] [VM 1] [    0.000000] CPU features: detected: Spectre-BHB
[host_monotonic_s=181148.501499] [VM 1] [    0.000000] CPU features: detected: ARM erratum 1742098
[host_monotonic_s=181148.543350] [VM 1] [    0.000000] CPU features: detected: ARM errata 1165522, 1319367, or 1530923
[host_monotonic_s=181148.564504] [VM 1] [    0.000000] alternatives: applying boot alternatives
[host_monotonic_s=181148.924380] [VM 1] [    0.000000] Kernel command line: console=ttyAMA0 devtmpfs.mount=1 loglevel=7 isolcpus=1 nohz_full=1 irqaffinity=0 rt_scenario=stress-noiso rt_cpu=1 rt_load_cpu=0 rt_loops=0 rt_duration_sec=90 rt_interval_us=1000 rt_maxlat_us=20000 rt_priority=90 rt_start_delay_sec=25
[host_monotonic_s=181148.925300] [VM 1] [    0.000000] Housekeeping: nohz unsupported. Build with CONFIG_NO_HZ_FULL
[host_monotonic_s=181149.030457] [VM 1] [    0.000000] Unknown kernel command line parameters "nohz_full=1 rt_scenario=stress-noiso rt_cpu=1 rt_load_cpu=0 rt_loops=0 rt_duration_sec=90 rt_interval_us=1000 rt_maxlat_us=20000 rt_priority=90 rt_start_delay_sec=25", will be passed to user space.
[host_monotonic_s=181149.058754] [VM 1] [    0.000000] printk: log buffer data + meta data: 131072 + 458752 = 589824 bytes
[host_monotonic_s=181149.083718] [VM 1] [    0.000000] Dentry cache hash table entries: 131072 (order: 8, 1048576 bytes, linear)
[host_monotonic_s=181149.134622] [VM 1] [    0.000000] Inode-cache hash table entries: 65536 (order: 7, 524288 bytes, linear)
[host_monotonic_s=181149.156747] [VM 1] [    0.000000] software IO TLB: SWIOTLB bounce buffer size adjusted to 1MB
[host_monotonic_s=181149.183238] [VM 1] [    0.000000] software IO TLB: area num 2.
[host_monotonic_s=181149.483719] [VM 1] [    0.000000] software IO TLB: mapped [mem 0x00000000bcb00000-0x00000000bcc00000] (1MB)
[host_monotonic_s=181149.483731] [VM 1] [    0.000000] Fallback order for Node 0: 0 
[host_monotonic_s=181149.483733] [VM 1] [    0.000000] Built 1 zonelists, mobility grouping on.  Total pages: 262144
[host_monotonic_s=181149.483735] [VM 1] [    0.000000] Policy zone: DMA
[host_monotonic_s=181149.484150] [VM 1] [    0.000000] mem auto-init: stack:all(zero), heap alloc:off, heap free:off
[host_monotonic_s=181149.521874] [VM 1] [    0.000000] SLUB: HWalign=64, Order=0-3, MinObjects=0, CPUs=2, Nodes=1
[host_monotonic_s=181149.575166] [VM 1] [    0.000000] rcu: Preemptible hierarchical RCU implementation.
[host_monotonic_s=181149.596036] [VM 1] [    0.000000] rcu: 	RCU event tracing is enabled.
[host_monotonic_s=181149.615495] [VM 1] [    0.000000] rcu: 	RCU restricting CPUs from NR_CPUS=512 to nr_cpu_ids=2.
[host_monotonic_s=181149.627537] [VM 1] [    0.000000] 	Trampoline variant of Tasks RCU enabled.
[host_monotonic_s=181149.650209] [VM 1] [    0.000000] 	Tracing variant of Tasks RCU enabled.
[host_monotonic_s=181149.697487] [VM 1] [    0.000000] rcu: RCU calculated value of scheduler-enlistment delay is 25 jiffies.
[host_monotonic_s=181149.727266] [VM 1] [    0.000000] rcu: Adjusting geometry for rcu_fanout_leaf=16, nr_cpu_ids=2
[host_monotonic_s=181150.104023] [VM 1] [    0.000000] RCU Tasks: Setting shift to 1 and lim to 1 rcu_task_cb_adjust=1 rcu_task_cpu_ids=2.
[host_monotonic_s=181150.104037] [VM 1] [    0.000000] NR_IRQS: 64, nr_irqs: 64, preallocated irqs: 0
[host_monotonic_s=181150.104041] [VM 1] [    0.000000] GICv3: 256 SPIs implemented
[host_monotonic_s=181150.104044] [VM 1] [    0.000000] GICv3: 0 Extended SPIs implemented
[host_monotonic_s=181150.140057] [VM 1] [    0.000000] Root IRQ handler: gic_handle_irq
[host_monotonic_s=181150.163277] [VM 1] [    0.000000] GICv3: GICv3 features: 16 PPIs, RSS
[host_monotonic_s=181150.210820] [VM 1] [    0.000000] GICv3: GICD_CTLR.DS=0, SCR_EL3.FIQ=0
[host_monotonic_s=181150.256441] [VM 1] [    0.000000] GICv3: CPU0: found redistributor 2 region 0:0x00000000080a0000
[host_monotonic_s=181150.270721] [VM 1] [    0.000000] ITS [mem 0x08080000-0x0809ffff]
[host_monotonic_s=181150.321845] [VM 1] [    0.000000] ITS@0x0000000008080000: allocated 8192 Devices @83860000 (indirect, esz 8, psz 64K, shr 1)
[host_monotonic_s=181150.710871] [VM 1] [    0.000000] ITS@0x0000000008080000: allocated 8192 Interrupt Collections @83870000 (flat, esz 8, psz 64K, shr 1)
[host_monotonic_s=181150.710883] [VM 1] [    0.000000] GICv3: using LPI property table @0x0000000083880000
[host_monotonic_s=181150.710887] [VM 1] [    0.000000] GICv3: CPU0: using allocated LPI pending table @0x0000000083890000
[host_monotonic_s=181150.710889] [VM 1] [    0.000000] rcu: srcu_init: Setting srcu_struct sizes based on contention.
[host_monotonic_s=181150.711143] [VM 1] [    0.000000] arch_timer: cp15 timer running at 62.50MHz (virt).
[host_monotonic_s=181150.775694] [VM 1] [    0.000000] clocksource: arch_sys_counter: mask: 0x1ffffffffffffff max_cycles: 0x1cd42e208c, max_idle_ns: 881590405314 ns
[host_monotonic_s=181150.873466] [VM 1] [    0.000056] sched_clock: 57 bits at 63MHz, resolution 16ns, wraps every 4398046511096ns
[host_monotonic_s=181150.918249] [VM 1] [    0.011008] Console: colour dummy device 80x25
[host_monotonic_s=181151.265664] [VM 1] [    0.024845] Calibrating delay loop (skipped), value calculated using timer frequency.. 125.00 BogoMIPS (lpj=250000)
[host_monotonic_s=181151.265678] [VM 1] [    0.024948] pid_max: default: 32768 minimum: 301
[host_monotonic_s=181151.265680] [VM 1] [    0.029002] Mount-cache hash table entries: 2048 (order: 2, 16384 bytes, linear)
[host_monotonic_s=181151.265683] [VM 1] [    0.029043] Mountpoint-cache hash table entries: 2048 (order: 2, 16384 bytes, linear)
[host_monotonic_s=181151.265829] [VM 1] [    0.044941] VFS: Finished mounting rootfs on nullfs
[host_monotonic_s=181151.366948] [VM 1] [    0.064213] /cpus/cpu-map/socket0/cluster0/core0: Can't get CPU for leaf core
[host_monotonic_s=181151.424526] [VM 1] [    0.066893] cacheinfo: Unable to detect cache hierarchy for CPU 0
[host_monotonic_s=181151.479886] [VM 1] [    0.076899] rcu: Hierarchical SRCU implementation.
[host_monotonic_s=181151.872244] [VM 1] [    0.076930] rcu: 	Max phase no-delay instances is 1000.
[host_monotonic_s=181151.872260] [VM 1] [    0.077792] Timer migration: 1 hierarchy levels; 8 children per group; 1 crossnode level
[host_monotonic_s=181151.872263] [VM 1] [    0.085944] fsl-mc MSI: its@8080000 domain created
[host_monotonic_s=181151.872266] [VM 1] [    0.086917] EFI services will not be available.
[host_monotonic_s=181151.872999] [VM 1] [    0.087585] smp: Bringing up secondary CPUs ...
[host_monotonic_s=181151.892447] [VM 1] [    0.093802] Detected PIPT I-cache on CPU1
[host_monotonic_s=181151.919415] [VM 1] [    0.095152] GICv3: CPU1: found redistributor 3 region 0:0x00000000080c0000
[host_monotonic_s=181151.960624] [VM 1] [    0.097159] GICv3: CPU1: using allocated LPI pending table @0x00000000838a0000
[host_monotonic_s=181151.985030] [VM 1] [    0.099714] CPU1: Booted secondary processor 0x0000000003 [0x410fd083]
[host_monotonic_s=181152.027396] [VM 1] [    0.107040] smp: Brought up 1 node, 2 CPUs
[host_monotonic_s=181152.053843] [VM 1] [    0.107071] SMP: Total of 2 processors activated.
[host_monotonic_s=181152.081506] [VM 1] [    0.107096] CPU: All CPU(s) started at EL1
[host_monotonic_s=181152.435457] [VM 1] [    0.107352] CPU features: detected: 32-bit EL0 Support
[host_monotonic_s=181152.435468] [VM 1] [    0.107362] CPU features: detected: 32-bit EL1 Support
[host_monotonic_s=181152.435470] [VM 1] [    0.107415] CPU features: detected: CRC32 instructions
[host_monotonic_s=181152.435472] [VM 1] [    0.107570] CPU features: detected: PMUv3
[host_monotonic_s=181152.435474] [VM 1] [    0.126306] alternatives: applying system-wide alternatives
[host_monotonic_s=181152.436462] [VM 1] [    0.163187] Memory: 919884K/1048576K available (18688K kernel code, 5242K rwdata, 14480K rodata, 12672K init, 718K bss, 92532K reserved, 32768K cma-reserved)
[host_monotonic_s=181152.458766] [VM 1] [    0.200112] devtmpfs: initialized
[host_monotonic_s=181152.524852] [VM 1] [    0.219206] clocksource: jiffies: mask: 0xffffffff max_cycles: 0xffffffff, max_idle_ns: 7645041785100000 ns
[host_monotonic_s=181152.559004] [VM 1] [    0.219670] posixtimers hash table entries: 1024 (order: 2, 16384 bytes, linear)
[host_monotonic_s=181152.600568] [VM 1] [    0.219892] futex hash table entries: 512 (32768 bytes on 1 NUMA nodes, total 32 KiB, linear).
[host_monotonic_s=181152.621835] [VM 1] [    0.223027] 19744 pages in range for non-PLT usage
[host_monotonic_s=181152.649994] [VM 1] [    0.223066] 511264 pages in range for PLT usage
[host_monotonic_s=181152.665140] [VM 1] [    0.240981] DMI: not present or invalid.
[host_monotonic_s=181153.000979] [VM 1] [    0.269819] NET: Registered PF_NETLINK/PF_ROUTE protocol family
[host_monotonic_s=181153.000993] [VM 1] [    0.284809] DMA: preallocated 128 KiB GFP_KERNEL|GFP_DMA pool for atomic allocations
[host_monotonic_s=181153.000998] [VM 1] [    0.285133] audit: initializing netlink subsys (disabled)
[host_monotonic_s=181153.001339] [VM 1] [    0.294061] audit: type=2000 audit(0.228:1): state=initialized audit_enabled=0 res=1
[host_monotonic_s=181153.063053] [VM 1] [    0.299195] thermal_sys: Registered thermal governor 'step_wise'
[host_monotonic_s=181153.136228] [VM 1] [    0.299232] thermal_sys: Registered thermal governor 'power_allocator'
[host_monotonic_s=181153.169632] [VM 1] [    0.302862] cpuidle: using governor menu
[host_monotonic_s=181153.195712] [VM 1] [    0.315383] hw-breakpoint: found 6 breakpoint and 4 watchpoint registers.
[host_monotonic_s=181153.237261] [VM 1] [    0.318847] ASID allocator initialised with 65536 entries
[host_monotonic_s=181153.273420] [VM 1] [    0.327586] Serial: AMBA PL011 UART driver
[host_monotonic_s=181153.573693] [VM 1] [    0.363113] 9000000.pl011: ttyAMA0 at MMIO 0x9000000 (irq = 13, base_baud = 0) is a PL011 rev1
[host_monotonic_s=181153.573699] [VM 1] [    0.374311] printk: console [ttyAMA0] enabled
[host_monotonic_s=181153.573700] [VM 1] [    1.088965] HugeTLB: registered 1.00 GiB page size, pre-allocated 0 pages
[host_monotonic_s=181153.573701] [VM 1] [    1.088997] HugeTLB: 0 KiB vmemmap can be freed for a 1.00 GiB page
[host_monotonic_s=181153.604650] [VM 1] [    1.089021] HugeTLB: registered 32.0 MiB page size, pre-allocated 0 pages
[host_monotonic_s=181153.643507] [VM 1] [    1.089025] HugeTLB: 0 KiB vmemmap can be freed for a 32.0 MiB page
[host_monotonic_s=181153.724697] [VM 1] [    1.089030] HugeTLB: registered 2.00 MiB page size, pre-allocated 0 pages
[host_monotonic_s=181153.789958] [VM 1] [    1.089034] HugeTLB: 0 KiB vmemmap can be freed for a 2.00 MiB page
[host_monotonic_s=181153.808129] [VM 1] [    1.089038] HugeTLB: registered 64.0 KiB page size, pre-allocated 0 pages
[host_monotonic_s=181154.153953] [VM 1] [    1.089042] HugeTLB: 0 KiB vmemmap can be freed for a 64.0 KiB page
[host_monotonic_s=181154.153966] [VM 1] [    3.629436] ACPI: Interpreter disabled.
[host_monotonic_s=181154.153970] [VM 1] [    4.439241] iommu: Default domain type: Translated
[host_monotonic_s=181154.153973] [VM 1] [    4.439290] iommu: DMA domain TLB invalidation policy: strict mode
[host_monotonic_s=181154.154071] [VM 1] [    4.487662] SCSI subsystem initialized
[host_monotonic_s=181154.213169] [VM 1] [    4.606742] usbcore: registered new interface driver usbfs
[host_monotonic_s=181154.246524] [VM 1] [    4.607015] usbcore: registered new interface driver hub
[host_monotonic_s=181154.266740] [VM 1] [    4.607153] usbcore: registered new device driver usb
[host_monotonic_s=181154.289600] [VM 1] [    4.608108] pps_core: LinuxPPS API ver. 1 registered
[host_monotonic_s=181154.343009] [VM 1] [    4.608122] pps_core: Software ver. 5.3.6 - Copyright 2005-2007 Rodolfo Giometti <giometti@linux.it>
[host_monotonic_s=181154.354000] [VM 1] [    4.945671] PTP clock support registered
[host_monotonic_s=181154.361618] [VM 1] [    4.946187] EDAC MC: Ver: 3.0.0
[host_monotonic_s=181154.384944] [VM 1] [    5.093713] scmi_core: SCMI protocol bus registered
[host_monotonic_s=181154.727820] [VM 1] [    5.602532] FPGA manager framework
[host_monotonic_s=181154.727836] [VM 1] [    6.584486] vgaarb: loaded
[host_monotonic_s=181154.727839] [VM 1] [    6.838631] clocksource: Switched to clocksource arch_sys_counter
[host_monotonic_s=181154.727843] [VM 1] [    6.840109] VFS: Disk quotas dquot_6.6.0
[host_monotonic_s=181154.727922] [VM 1] [    6.840211] VFS: Dquot-cache hash table entries: 512 (order 0, 4096 bytes)
[host_monotonic_s=181154.757120] [VM 1] [    7.097343] pnp: PnP ACPI: disabled
[host_monotonic_s=181154.793926] [VM 1] [    8.295255] NET: Registered PF_INET protocol family
[host_monotonic_s=181154.817136] [VM 1] [    8.316187] IP idents hash table entries: 16384 (order: 5, 131072 bytes, linear)
[host_monotonic_s=181154.866088] [VM 1] [    8.341596] tcp_listen_portaddr_hash hash table entries: 512 (order: 1, 8192 bytes, linear)
[host_monotonic_s=181154.941427] [VM 1] [    8.394157] Table-perturb hash table entries: 65536 (order: 6, 262144 bytes, linear)
[host_monotonic_s=181154.968944] [VM 1] [    8.394346] TCP established hash table entries: 8192 (order: 4, 65536 bytes, linear)
[host_monotonic_s=181155.336417] [VM 1] [    8.394550] TCP bind hash table entries: 8192 (order: 6, 262144 bytes, linear)
[host_monotonic_s=181155.336433] [VM 1] [    8.394716] TCP: Hash tables configured (established 8192 bind 8192)
[host_monotonic_s=181155.336437] [VM 1] [    8.395796] UDP hash table entries: 512 (order: 3, 32768 bytes, linear)
[host_monotonic_s=181155.336748] [VM 1] [    8.396902] NET: Registered PF_UNIX/PF_LOCAL protocol family
[host_monotonic_s=181155.403593] [VM 1] [    8.867944] RPC: Registered named UNIX socket transport module.
[host_monotonic_s=181155.432644] [VM 1] [    8.924949] RPC: Registered udp transport module.
[host_monotonic_s=181155.444503] [VM 1] [    8.924985] RPC: Registered tcp transport module.
[host_monotonic_s=181155.482635] [VM 1] [    8.924992] RPC: Registered tcp-with-tls transport module.
[host_monotonic_s=181155.517059] [VM 1] [    8.924998] RPC: Registered tcp NFSv4.1 backchannel transport module.
[host_monotonic_s=181155.539389] [VM 1] [    8.925100] PCI: CLS 0 bytes, default 64
[host_monotonic_s=181155.565673] [VM 1] [    9.017483] Unpacking initramfs...
[host_monotonic_s=181155.897682] [VM 1] [    9.091534] kvm [1]: HYP mode not available
[host_monotonic_s=181155.897701] [VM 1] [    9.148141] Initialise system trusted keyrings
[host_monotonic_s=181155.897706] [VM 1] [    9.176548] workingset: timestamp_bits=42 (anon: 38) max_order=18 bucket_order=0 (anon: 0)
[host_monotonic_s=181155.897710] [VM 1] [    9.220728] squashfs: version 4.0 (2009/01/31) Phillip Lougher
[host_monotonic_s=181155.943946] [VM 1] [    9.428948] NFS: Registering the id_resolver key type
[host_monotonic_s=181155.973164] [VM 1] [    9.475268] Key type id_resolver registered
[host_monotonic_s=181156.025104] [VM 1] [    9.494262] Key type id_legacy registered
[host_monotonic_s=181156.047737] [VM 1] [    9.546615] nfs4filelayout_init: NFSv4 File Layout Driver Registering...
[host_monotonic_s=181156.106778] [VM 1] [    9.546726] nfs4flexfilelayout_init: NFSv4 Flexfile Layout Driver Registering...
[host_monotonic_s=181156.141795] [VM 1] [    9.627864] 9p: Installing v9fs 9p2000 file system support
[host_monotonic_s=181156.467787] [VM 1] [    9.630289] Key type asymmetric registered
[host_monotonic_s=181156.467806] [VM 1] [    9.630547] Asymmetric key parser 'x509' registered
[host_monotonic_s=181156.467810] [VM 1] [    9.630964] Block layer SCSI generic (bsg) driver version 0.4 loaded (major 244)
[host_monotonic_s=181156.467815] [VM 1] [    9.631247] io scheduler mq-deadline registered
[host_monotonic_s=181156.467818] [VM 1] [    9.631490] io scheduler kyber registered
[host_monotonic_s=181156.501156] [VM 1] [    9.631935] io scheduler bfq registered
[host_monotonic_s=181156.547218] [VM 1] [   10.050386] ledtrig-cpu: registered to indicate activity on CPUs
[host_monotonic_s=181157.050930] [VM 1] [   10.232547] Serial: 8250/16550 driver, 4 ports, IRQ sharing enabled
[host_monotonic_s=181157.050945] [VM 1] [   10.288735] msm_serial: driver initialized
[host_monotonic_s=181157.050948] [VM 1] [   10.325738] SuperH (H)SCI(F) driver initialized
[host_monotonic_s=181157.050951] [VM 1] [   10.366437] STM32 USART driver initialized
[host_monotonic_s=181157.050954] [VM 1] [   10.488493] loop: module loaded
[host_monotonic_s=181157.072547] [VM 1] [   10.584438] megasas: 07.734.00.00-rc1
[host_monotonic_s=181157.131058] [VM 1] [   10.616819] tun: Universal TUN/TAP device driver, 1.6
[host_monotonic_s=181157.210642] [VM 1] [   10.712085] thunder_xcv, ver 1.0
[host_monotonic_s=181157.229525] [VM 1] [   10.731793] thunder_bgx, ver 1.0
[host_monotonic_s=181157.247131] [VM 1] [   10.750709] nicpf, ver 1.0
[host_monotonic_s=181157.285983] [VM 1] [   10.784871] e1000: Intel(R) PRO/1000 Network Driver
[host_monotonic_s=181157.298215] [VM 1] [   10.806942] e1000: Copyright (c) 1999-2006 Intel Corporation.
[host_monotonic_s=181157.615138] [VM 1] [   10.819326] e1000e: Intel(R) PRO/1000 Network Driver
[host_monotonic_s=181157.615156] [VM 1] [   10.835524] e1000e: Copyright(c) 1999 - 2015 Intel Corporation.
[host_monotonic_s=181157.615162] [VM 1] [   10.878542] igb: Intel(R) Gigabit Ethernet Network Driver
[host_monotonic_s=181157.615166] [VM 1] [   10.898283] igb: Copyright (c) 2007-2014 Intel Corporation.
[host_monotonic_s=181157.623184] [VM 1] [   10.898720] igbvf: Intel(R) Gigabit Virtual Function Network Driver
[host_monotonic_s=181157.670240] [VM 1] [   10.899073] igbvf: Copyright (c) 2009 - 2012 Intel Corporation.
[host_monotonic_s=181157.691289] [VM 1] [   10.899900] sky2: driver version 1.30
[host_monotonic_s=181157.703606] [VM 1] [   11.191369] VFIO - User Level meta-driver version: 0.3
[host_monotonic_s=181157.794353] [VM 1] [   11.245421] usbcore: registered new interface driver usb-storage
[host_monotonic_s=181157.834838] [VM 1] [   11.344964] i2c_dev: i2c /dev entries driver
[host_monotonic_s=181158.205951] [VM 1] [   11.401514] SMCCC: SOC_ID: ARCH_SOC_ID not implemented, skipping ....
[host_monotonic_s=181158.205969] [VM 1] [   11.432066] usbcore: registered new interface driver usbhid
[host_monotonic_s=181158.205974] [VM 1] [   11.484052] usbhid: USB HID core driver
[host_monotonic_s=181158.205977] [VM 1] [   11.555582] NET: Registered PF_INET6 protocol family
[host_monotonic_s=181158.206246] [VM 1] [   11.584543] Segment Routing with IPv6
[host_monotonic_s=181158.251296] [VM 1] [   11.584994] In-situ OAM (IOAM) with IPv6
[host_monotonic_s=181158.275499] [VM 1] [   11.585551] sit: IPv6, IPv4 and MPLS over IPv4 tunneling driver
[host_monotonic_s=181158.296805] [VM 1] [   11.798539] NET: Registered PF_PACKET protocol family
[host_monotonic_s=181158.328954] [VM 1] [   11.819218] 9pnet: Installing 9P2000 support
[host_monotonic_s=181158.418053] [VM 1] [   11.874623] Key type dns_resolver registered
[host_monotonic_s=181158.794487] [VM 1] [   12.005026] registered taskstats version 1
[host_monotonic_s=181158.794501] [VM 1] [   12.019707] Loading compiled-in X.509 certificates
[host_monotonic_s=181158.794504] [VM 1] [   12.066430] Demotion targets for Node 0: null
[host_monotonic_s=181158.794506] [VM 1] [   12.088436] clk: Disabling unused clocks
[host_monotonic_s=181158.794508] [VM 1] [   12.142593] PM: genpd: Disabling unused power domains
[host_monotonic_s=181159.595275] [VM 1] [   13.019201] Freeing initrd memory: 19160K
[host_monotonic_s=181159.665498] [VM 1] [   13.164290] Freeing unused kernel memory: 12672K
[host_monotonic_s=181159.694145] [VM 1] [   13.187389] Run /init as init process
[host_monotonic_s=181160.670503] [VM 1] RT_INIT scenario=stress-noiso cpu=1 load_cpu=0 loops=0 duration_sec=90 interval_us=1000 maxlat_us=20000 priority=90 start_delay_sec=25
[host_monotonic_s=181160.674005] [VM 1] RT_CPUS total=2
[host_monotonic_s=181160.696601] [VM 1] RT_SCHED_PROBE_START
[host_monotonic_s=181160.705748] [VM 1] pid 1's current scheduling policy: SCHED_OTHER
[host_monotonic_s=181160.713149] [VM 1] pid 1's current scheduling priority: 0
[host_monotonic_s=181160.723139] [VM 1] RT_SCHED_PROBE_OK
[host_monotonic_s=181161.046978] [VM 1] RT_WAIT_BEFORE_TEST seconds=25
[host_monotonic_s=181185.114359] [VM 1] RT_STRESS_START cpu=0 workers=2 vm=1
[host_monotonic_s=181185.120710] [VM 1] RT_CYCLICTEST_START
[host_monotonic_s=181185.145345] [VM 1] RT_CYCLICTEST_TIMING_START uptime_s=32.74
[host_monotonic_s=181185.150422] [VM 1] RT_PROGRESS uptime_s=32.75
[host_monotonic_s=181185.297173] [VM 1] stress-ng: info:  [68] defaulting to a 1 day run per stressor
[host_monotonic_s=181185.327337] [VM 1] stress-ng: info:  [68] dispatching hogs: 2 cpu, 1 vm
[host_monotonic_s=181185.502701] [VM 1] stress-ng: info:  [77] vm: non-temporal memory stores not supported, dropping back to plain memory stores
[host_monotonic_s=181185.957765] [VM 1] stress-ng: info:  [77] vm: using 64MB per stressor instance (total 64MB of 871.20MB available memory)
[host_monotonic_s=181185.957779] 
[host_monotonic_s=181185.957782] [Axvisor] detached VM[1] console
[host_monotonic_s=181185.957786] Welcome to AxVisor Shell!
[host_monotonic_s=181185.957789] Type 'help' to see available commands
[host_monotonic_s=181185.957791] Use UP/DOWN arrows to navigate command history
[host_monotonic_s=181185.957793] Console shortcuts:
[host_monotonic_s=181185.957993]   Ctrl+X, then h  return to the Axvisor shell
[host_monotonic_s=181185.957996]   Ctrl+X, then [  attach the previous running guest
[host_monotonic_s=181185.957997]   Ctrl+X, then ]  attach the next running guest
[host_monotonic_s=181185.957999] Note: Running with limited features (filesystem support disabled).
[host_monotonic_s=181185.958008] 
[host_monotonic_s=181186.759984] [2Kaxvisor:$ [2Kaxvisor:$ v[2Kaxvisor:$ vm[2Kaxvisor:$ vm [2Kaxvisor:$ vm c[2Kaxvisor:$ vm co[2Kaxvisor:$ vm con[2Kaxvisor:$ vm cons[2Kaxvisor:$ vm conso[2Kaxvisor:$ vm consol[2Kaxvisor:$ vm console[2Kaxvisor:$ vm console [2Kaxvisor:$ vm console 2
[host_monotonic_s=181186.761142] ✓ Attached VM[2] console; use Ctrl+X, then h to return to the shell
[host_monotonic_s=181187.301765] PERIODIC LATENCY START
[host_monotonic_s=181187.338194] PERIODIC LATENCY SETTLE delay_ms=45000
[host_monotonic_s=181206.300867] [37m[ 63.265706 1:17 axvisor::rt_burner:48] [32mRT_BURNER_READY cpu=1 busy_ms=10 idle_ms=53 start_delay_ms=60000[m
[host_monotonic_s=181235.682017] [msequence,timestamp_ns,deadline_ns,actual_ns,jitter_ns
[host_monotonic_s=181235.682023] 0,10572048,86319021392,86319593440,572048
[host_monotonic_s=181235.682024] 1,20490896,86329021392,86329512288,490896
[host_monotonic_s=181235.682025] 2,30494400,86339021392,86339515792,494400
[host_monotonic_s=181235.682025] 3,42349824,86349021392,86351371216,2349824
[host_monotonic_s=181235.682026] 4,55847984,86359021392,86364869376,5847984
[host_monotonic_s=181235.707097] 5,62224832,86369021392,86371246224,2224832
[host_monotonic_s=181235.753760] 6,70512560,86379021392,86379533952,512560
[host_monotonic_s=181235.784848] 7,80585984,86389021392,86389607376,585984
[host_monotonic_s=181235.821841] 8,90484976,86399021392,86399506368,484976
[host_monotonic_s=181235.864780] 9,100516752,86409021392,86409538144,516752
[host_monotonic_s=181235.912322] 10,122153168,86419021392,86431174560,12153168
[host_monotonic_s=181236.239342] 11,123487056,86429021392,86432508448,3487056
[host_monotonic_s=181236.239350] 12,132260512,86439021392,86441281904,2260512
[host_monotonic_s=181236.239352] 13,140536112,86449021392,86449557504,536112
[host_monotonic_s=181236.239353] 14,150422768,86459021392,86459444160,422768
[host_monotonic_s=181236.239354] 15,162344784,86469021392,86471366176,2344784
[host_monotonic_s=181236.239355] 16,170548864,86479021392,86479570256,548864
[host_monotonic_s=181236.273593] 17,182334928,86489021392,86491356320,2334928
[host_monotonic_s=181236.293575] 18,190430736,86499021392,86499452128,430736
[host_monotonic_s=181236.333901] 19,200511648,86509021392,86509533040,511648
[host_monotonic_s=181236.412851] 20,210547408,86519021392,86519568800,547408
[host_monotonic_s=181236.433829] 21,220520112,86529021392,86529541504,520112
[host_monotonic_s=181236.792133] 22,230547280,86539021392,86539568672,547280
[host_monotonic_s=181236.792139] 23,245374256,86549021392,86554395648,5374256
[host_monotonic_s=181236.792140] 24,252005200,86559021392,86561026592,2005200
[host_monotonic_s=181236.792141] 25,260536832,86569021392,86569558224,536832
[host_monotonic_s=181236.792141] 26,270551840,86579021392,86579573232,551840
[host_monotonic_s=181236.813935] 27,280547872,86589021392,86589569264,547872
[host_monotonic_s=181236.862182] 28,290537248,86599021392,86599558640,537248
[host_monotonic_s=181236.874079] 29,308500944,86609021392,86617522336,8500944
[host_monotonic_s=181236.913872] 30,311947424,86619021392,86620968816,1947424
[host_monotonic_s=181236.982542] 31,320524432,86629021392,86629545824,524432
[host_monotonic_s=181237.025373] 32,332250112,86639021392,86641271504,2250112
[host_monotonic_s=181237.342384] 33,342077216,86649021392,86651098608,2077216
[host_monotonic_s=181237.342390] 34,350586096,86659021392,86659607488,586096
[host_monotonic_s=181237.342391] 35,360511680,86669021392,86669533072,511680
[host_monotonic_s=181237.342391] 36,371706320,86679021392,86680727712,1706320
[host_monotonic_s=181237.342392] 37,381982144,86689021392,86691003536,1982144
[host_monotonic_s=181237.342393] 38,390451184,86699021392,86699472576,451184
[host_monotonic_s=181237.342393] 39,400622688,86709021392,86709644080,622688
[host_monotonic_s=181237.404064] 40,410569744,86719021392,86719591136,569744
[host_monotonic_s=181237.443117] 41,420524000,86729021392,86729545392,524000
[host_monotonic_s=181237.512634] 42,442210544,86739021392,86751231936,12210544
[host_monotonic_s=181237.572590] 43,443493056,86749021392,86752514448,3493056
[host_monotonic_s=181237.892880] 44,450620624,86759021392,86759642016,620624
[host_monotonic_s=181237.892890] 45,462371888,86769021392,86771393280,2371888
[host_monotonic_s=181237.892892] 46,470546992,86779021392,86779568384,546992
[host_monotonic_s=181237.892894] 47,480456720,86789021392,86789478112,456720
[host_monotonic_s=181237.892895] 48,502270384,86799021392,86811291776,12270384
[host_monotonic_s=181237.892896] 49,512107024,86809021392,86821128416,12107024
[host_monotonic_s=181237.915715] 50,512408960,86819021392,86821430352,2408960
[host_monotonic_s=181237.953800] 51,520557536,86829021392,86829578928,557536
[host_monotonic_s=181238.004525] 52,530557104,86839021392,86839578496,557104
[host_monotonic_s=181238.101857] 53,540580992,86849021392,86849602384,580992
[host_monotonic_s=181238.138225] 54,550553008,86859021392,86859574400,553008
[host_monotonic_s=181238.443472] 55,561236592,86869021392,86870257984,1236592
[host_monotonic_s=181238.443487] 56,572279088,86879021392,86881300480,2279088
[host_monotonic_s=181238.443491] 57,580575536,86889021392,86889596928,575536
[host_monotonic_s=181238.443494] 58,590482608,86899021392,86899504000,482608
[host_monotonic_s=181238.443498] 59,600420800,86909021392,86909442192,420800
[host_monotonic_s=181238.443501] 60,610542560,86919021392,86919563952,542560
[host_monotonic_s=181238.494253] 61,624387520,86929021392,86933408912,4387520
[host_monotonic_s=181238.544221] 62,630484192,86939021392,86939505584,484192
[host_monotonic_s=181238.622777] 63,640581904,86949021392,86949603296,581904
[host_monotonic_s=181238.672245] 64,650415168,86959021392,86959436560,415168
[host_monotonic_s=181238.993568] 65,660446000,86969021392,86969467392,446000
[host_monotonic_s=181238.993573] 66,670577760,86979021392,86979599152,577760
[host_monotonic_s=181238.993574] 67,687577408,86989021392,86996598800,7577408
[host_monotonic_s=181238.993575] 68,690459584,86999021392,86999480976,459584
[host_monotonic_s=181238.993576] 69,700562688,87009021392,87009584080,562688
[host_monotonic_s=181238.993576] 70,710554800,87019021392,87019576192,554800
[host_monotonic_s=181239.042234] 71,720716608,87029021392,87029738000,716608
[host_monotonic_s=181239.091995] 72,730473072,87039021392,87039494464,473072
[host_monotonic_s=181239.113274] 73,751979536,87049021392,87061000928,11979536
[host_monotonic_s=181239.198110] 74,761932496,87059021392,87070953888,11932496
[host_monotonic_s=181239.544049] 75,762269600,87069021392,87071290992,2269600
[host_monotonic_s=181239.544055] 76,770458752,87079021392,87079480144,458752
[host_monotonic_s=181239.544056] 77,780742896,87089021392,87089764288,742896
[host_monotonic_s=181239.544056] 78,790759360,87099021392,87099780752,759360
[host_monotonic_s=181239.544057] 79,802396368,87109021392,87111417760,2396368
[host_monotonic_s=181239.544057] 80,814190016,87119021392,87123211408,4190016
[host_monotonic_s=181239.544058] 81,820465456,87129021392,87129486848,465456
[host_monotonic_s=181239.602017] 82,830530752,87139021392,87139552144,530752
[host_monotonic_s=181239.631951] 83,840553104,87149021392,87149574496,553104
[host_monotonic_s=181239.652792] 84,850541104,87159021392,87159562496,541104
[host_monotonic_s=181239.671457] 85,862466048,87169021392,87171487440,2466048
[host_monotonic_s=181239.707086] 86,881964000,87179021392,87190985392,11964000
[host_monotonic_s=181239.748607] 87,882296928,87189021392,87191318320,2296928
[host_monotonic_s=181239.771974] 88,890444304,87199021392,87199465696,444304
[host_monotonic_s=181240.094306] 89,900544720,87209021392,87209566112,544720
[host_monotonic_s=181240.094311] 90,910490800,87219021392,87219512192,490800
[host_monotonic_s=181240.094312] 91,920704464,87229021392,87229725856,704464
[host_monotonic_s=181240.094312] 92,940433184,87239021392,87249454576,10433184
[host_monotonic_s=181240.094313] 93,941448960,87249021392,87250470352,1448960
[host_monotonic_s=181240.094313] 94,950455824,87259021392,87259477216,455824
[host_monotonic_s=181240.130232] 95,960547664,87269021392,87269569056,547664
[host_monotonic_s=181240.161900] 96,970567120,87279021392,87279588512,567120
[host_monotonic_s=181240.198493] 97,980566160,87289021392,87289587552,566160
[host_monotonic_s=181240.232060] 98,990532704,87299021392,87299554096,532704
[host_monotonic_s=181240.273620] 99,1003594528,87309021392,87312615920,3594528
[host_monotonic_s=181240.321206] 100,1010454304,87319021392,87319475696,454304
[host_monotonic_s=181240.652103] 101,1020439216,87329021392,87329460608,439216
[host_monotonic_s=181240.652109] 102,1030550336,87339021392,87339571728,550336
[host_monotonic_s=181240.652110] 103,1040531536,87349021392,87349552928,531536
[host_monotonic_s=181240.652111] 104,1050543568,87359021392,87359564960,543568
[host_monotonic_s=181240.652112] 105,1066791200,87369021392,87375812592,6791200
[host_monotonic_s=181240.652113] 106,1070413056,87379021392,87379434448,413056
[host_monotonic_s=181240.656225] 107,1080422624,87389021392,87389444016,422624
[host_monotonic_s=181240.691931] 108,1090483648,87399021392,87399505040,483648
[host_monotonic_s=181240.768576] 109,1100551280,87409021392,87409572672,551280
[host_monotonic_s=181240.830647] 110,1112347184,87419021392,87421368576,2347184
[host_monotonic_s=181240.872185] 111,1130044000,87429021392,87439065392,10044000
[host_monotonic_s=181241.202228] 112,1130340672,87439021392,87439362064,340672
[host_monotonic_s=181241.202235] 113,1140404816,87449021392,87449426208,404816
[host_monotonic_s=181241.202236] 114,1150793632,87459021392,87459815024,793632
[host_monotonic_s=181241.202238] 115,1160423888,87469021392,87469445280,423888
[host_monotonic_s=181241.213468] 116,1170577968,87479021392,87479599360,577968
[host_monotonic_s=181241.301853] 117,1180459360,87489021392,87489480752,459360
[host_monotonic_s=181241.352618] 118,1202188144,87499021392,87511209536,12188144
[host_monotonic_s=181241.424339] 119,1203472112,87509021392,87512493504,3472112
[host_monotonic_s=181241.752460] 120,1210487424,87519021392,87519508816,487424
[host_monotonic_s=181241.752468] 121,1220547024,87529021392,87529568416,547024
[host_monotonic_s=181241.752469] 122,1230524832,87539021392,87539546224,524832
[host_monotonic_s=181241.752470] 123,1240533392,87549021392,87549554784,533392
[host_monotonic_s=181241.752471] 124,1256370384,87559021392,87565391776,6370384
[host_monotonic_s=181241.762413] 125,1262037600,87569021392,87571058992,2037600
[host_monotonic_s=181241.822477] 126,1270568112,87579021392,87579589504,568112
[host_monotonic_s=181241.881995] 127,1280545760,87589021392,87589567152,545760
[host_monotonic_s=181241.918590] 128,1290439872,87599021392,87599461264,439872
[host_monotonic_s=181241.964213] 129,1300527632,87609021392,87609549024,527632
[host_monotonic_s=181242.002194] 130,1319451008,87619021392,87628472400,9451008
[host_monotonic_s=181242.302626] 131,1322218352,87629021392,87631239744,2218352
[host_monotonic_s=181242.302634] 132,1331947680,87639021392,87640969072,1947680
[host_monotonic_s=181242.302636] 133,1340576880,87649021392,87649598272,576880
[host_monotonic_s=181242.302637] 134,1356201648,87659021392,87665223040,6201648
[host_monotonic_s=181242.302638] 135,1360561968,87669021392,87669583360,561968
[host_monotonic_s=181242.304144] 136,1370525616,87679021392,87679547008,525616
[host_monotonic_s=181242.342555] 137,1392200160,87689021392,87701221552,12200160
[host_monotonic_s=181242.394234] 138,1393467200,87699021392,87702488592,3467200
[host_monotonic_s=181242.434864] 139,1400562976,87709021392,87709584368,562976
[host_monotonic_s=181242.472096] 140,1410527504,87719021392,87719548896,527504
[host_monotonic_s=181242.521876] 141,1420555936,87729021392,87729577328,555936
[host_monotonic_s=181242.857186] 142,1430940048,87739021392,87739961440,940048
[host_monotonic_s=181242.857198] 143,1445834992,87749021392,87754856384,5834992
[host_monotonic_s=181242.857201] 144,1450422928,87759021392,87759444320,422928
[host_monotonic_s=181242.857203] 145,1460559472,87769021392,87769580864,559472
[host_monotonic_s=181242.857205] 146,1470546944,87779021392,87779568336,546944
[host_monotonic_s=181242.857207] 147,1480484400,87789021392,87789505792,484400
[host_monotonic_s=181242.922741] 148,1490409792,87799021392,87799431184,409792
[host_monotonic_s=181242.962239] 149,1509076224,87809021392,87818097616,9076224
[host_monotonic_s=181243.015530] 150,1510619152,87819021392,87819640544,619152
[host_monotonic_s=181243.072319] 151,1520736384,87829021392,87829757776,736384
[host_monotonic_s=181243.412265] 152,1532523360,87839021392,87841544752,2523360
[host_monotonic_s=181243.412272] 153,1540765296,87849021392,87849786688,765296
[host_monotonic_s=181243.412273] 154,1552534384,87859021392,87861555776,2534384
[host_monotonic_s=181243.412273] 155,1560751616,87869021392,87869773008,751616
[host_monotonic_s=181243.412274] 156,1592320736,87879021392,87901342128,22320736
[host_monotonic_s=181243.412275] 157,1593936416,87889021392,87902957808,13936416
[host_monotonic_s=181243.446075] 158,1594725024,87899021392,87903746416,4725024
[host_monotonic_s=181243.470089] 159,1602221008,87909021392,87911242400,2221008
[host_monotonic_s=181243.514134] 160,1610574272,87919021392,87919595664,574272
[host_monotonic_s=181243.555620] 161,1620578544,87929021392,87929599936,578544
[host_monotonic_s=181243.581842] 162,1635352224,87939021392,87944373616,5352224
[host_monotonic_s=181243.623242] 163,1640449376,87949021392,87949470768,449376
[host_monotonic_s=181243.962635] 164,1650488064,87959021392,87959509456,488064
[host_monotonic_s=181243.962640] 165,1662049808,87969021392,87971071200,2049808
[host_monotonic_s=181243.962641] 166,1670661200,87979021392,87979682592,661200
[host_monotonic_s=181243.962642] 167,1680557456,87989021392,87989578848,557456
[host_monotonic_s=181243.962643] 168,1698528528,87999021392,88007549920,8528528
[host_monotonic_s=181243.962644] 169,1700423152,88009021392,88009444544,423152
[host_monotonic_s=181244.003208] 170,1712277600,88019021392,88021298992,2277600
[host_monotonic_s=181244.072048] 171,1720470960,88029021392,88029492352,470960
[host_monotonic_s=181244.163555] 172,1730451440,88039021392,88039472832,451440
[host_monotonic_s=181244.193605] 173,1740525360,88049021392,88049546752,525360
[host_monotonic_s=181244.512725] 174,1750585728,88059021392,88059607120,585728
[host_monotonic_s=181244.512731] 175,1761786384,88069021392,88070807776,1786384
[host_monotonic_s=181244.512732] 176,1770559104,88079021392,88079580496,559104
[host_monotonic_s=181244.512732] 177,1780593616,88089021392,88089615008,593616
[host_monotonic_s=181244.512733] 178,1790577216,88099021392,88099598608,577216
[host_monotonic_s=181244.512734] 179,1800561696,88109021392,88109583088,561696
[host_monotonic_s=181244.554164] 180,1810723488,88119021392,88119744880,723488
[host_monotonic_s=181244.592136] 181,1824881728,88129021392,88133903120,4881728
[host_monotonic_s=181244.606455] 182,1830421920,88139021392,88139443312,421920
[host_monotonic_s=181244.624124] 183,1840470176,88149021392,88149491568,470176
[host_monotonic_s=181244.661902] 184,1852222096,88159021392,88161243488,2222096
[host_monotonic_s=181244.721789] 185,1860582384,88169021392,88169603776,582384
[host_monotonic_s=181244.753030] 186,1872267568,88179021392,88181288960,2267568
[host_monotonic_s=181245.062990] 187,1888028720,88189021392,88197050112,8028720
[host_monotonic_s=181245.063020] 188,1890475936,88199021392,88199497328,475936
[host_monotonic_s=181245.063021] 189,1900509712,88209021392,88209531104,509712
[host_monotonic_s=181245.063024] 190,1910612768,88219021392,88219634160,612768
[host_monotonic_s=181245.063025] 191,1920570656,88229021392,88229592048,570656
[host_monotonic_s=181245.063027] 192,1930573696,88239021392,88239595088,573696
[host_monotonic_s=181245.112376] 193,1940855120,88249021392,88249876512,855120
[host_monotonic_s=181245.152498] 194,1951384656,88259021392,88260406048,1384656
[host_monotonic_s=181245.213013] 195,1960751840,88269021392,88269773232,751840
[host_monotonic_s=181245.254782] 196,1971970400,88279021392,88280991792,1970400
[host_monotonic_s=181245.629360] 197,1980671904,88289021392,88289693296,671904
[host_monotonic_s=181245.629366] 198,1990712416,88299021392,88299733808,712416
[host_monotonic_s=181245.629367] 199,2002496976,88309021392,88311518368,2496976
[host_monotonic_s=181245.629368] 200,2014576928,88319021392,88323598320,4576928
[host_monotonic_s=181245.629368] 201,2022017888,88329021392,88331039280,2017888
[host_monotonic_s=181245.629369] 202,2030686560,88339021392,88339707952,686560
[host_monotonic_s=181245.632711] 203,2040692400,88349021392,88349713792,692400
[host_monotonic_s=181245.669974] 204,2052436624,88359021392,88361458016,2436624
[host_monotonic_s=181245.722937] 205,2060688768,88369021392,88369710160,688768
[host_monotonic_s=181245.776800] 206,2082270208,88379021392,88391291600,12270208
[host_monotonic_s=181245.813866] 207,2083481168,88389021392,88392502560,3481168
[host_monotonic_s=181246.182045] 208,2090437600,88399021392,88399458992,437600
[host_monotonic_s=181246.182052] 209,2112407040,88409021392,88421428432,12407040
[host_monotonic_s=181246.182053] 210,2122336496,88419021392,88431357888,12336496
[host_monotonic_s=181246.182055] 211,2140666560,88429021392,88449687952,20666560
[host_monotonic_s=181246.182056] 212,2140993888,88439021392,88450015280,10993888
[host_monotonic_s=181246.222393] 213,2141950912,88449021392,88450972304,1950912
[host_monotonic_s=181246.261788] 214,2150409280,88459021392,88459430672,409280
[host_monotonic_s=181246.331795] 215,2160502128,88469021392,88469523520,502128
[host_monotonic_s=181246.392608] 216,2170587744,88479021392,88479609136,587744
[host_monotonic_s=181246.732316] 217,2180521600,88489021392,88489542992,521600
[host_monotonic_s=181246.732324] 218,2190534816,88499021392,88499556208,534816
[host_monotonic_s=181246.732325] 219,2204148752,88509021392,88513170144,4148752
[host_monotonic_s=181246.732327] 220,2210481216,88519021392,88519502608,481216
[host_monotonic_s=181246.732328] 221,2220479456,88529021392,88529500848,479456
[host_monotonic_s=181246.763910] 222,2230490784,88539021392,88539512176,490784
[host_monotonic_s=181246.832186] 223,2252051856,88549021392,88561073248,12051856
[host_monotonic_s=181246.892645] 224,2252374832,88559021392,88561396224,2374832
[host_monotonic_s=181246.933021] 225,2267342720,88569021392,88576364112,7342720
[host_monotonic_s=181246.977451] 226,2270500896,88579021392,88579522288,500896
[host_monotonic_s=181247.291071] 227,2280432576,88589021392,88589453968,432576
[host_monotonic_s=181247.291077] 228,2290568672,88599021392,88599590064,568672
[host_monotonic_s=181247.291078] 229,2302250608,88609021392,88611272000,2250608
[host_monotonic_s=181247.291079] 230,2310577728,88619021392,88619599120,577728
[host_monotonic_s=181247.291080] 231,2332154928,88629021392,88641176320,12154928
[host_monotonic_s=181247.308049] 232,2333472848,88639021392,88642494240,3472848
[host_monotonic_s=181247.382516] 233,2340447536,88649021392,88649468928,447536
[host_monotonic_s=181247.422483] 234,2350469408,88659021392,88659490800,469408
[host_monotonic_s=181247.462097] 235,2360548208,88669021392,88669569600,548208
[host_monotonic_s=181247.842346] 236,2370555968,88679021392,88679577360,555968
[host_monotonic_s=181247.842352] 237,2380645792,88689021392,88689667184,645792
[host_monotonic_s=181247.842352] 238,2393755072,88699021392,88702776464,3755072
[host_monotonic_s=181247.842353] 239,2400476800,88709021392,88709498192,476800
[host_monotonic_s=181247.842354] 240,2412134448,88719021392,88721155840,2134448
[host_monotonic_s=181247.842354] 241,2420449056,88729021392,88729470448,449056
[host_monotonic_s=181247.911090] 242,2430559024,88739021392,88739580416,559024
[host_monotonic_s=181247.952987] 243,2442059488,88749021392,88751080880,2059488
[host_monotonic_s=181248.021844] 244,2462414432,88759021392,88771435824,12414432
[host_monotonic_s=181248.062357] 245,2463571584,88769021392,88772592976,3571584
[host_monotonic_s=181248.402140] 246,2470551568,88779021392,88779572960,551568
[host_monotonic_s=181248.402146] 247,2482232128,88789021392,88791253520,2232128
[host_monotonic_s=181248.402146] 248,2490565536,88799021392,88799586928,565536
[host_monotonic_s=181248.402147] 249,2500537712,88809021392,88809559104,537712
[host_monotonic_s=181248.418356] 250,2520089408,88819021392,88829110800,10089408
[host_monotonic_s=181248.463370] 251,2520362800,88829021392,88829384192,362800
[host_monotonic_s=181248.503132] 252,2530670352,88839021392,88839691744,670352
[host_monotonic_s=181248.533081] 253,2540719216,88849021392,88849740608,719216
[host_monotonic_s=181248.562875] 254,2550718592,88859021392,88859739984,718592
[host_monotonic_s=181248.611931] 255,2562418928,88869021392,88871440320,2418928
[host_monotonic_s=181248.635294] 256,2572281552,88879021392,88881302944,2281552
[host_monotonic_s=181248.954140] 257,2583398192,88889021392,88892419584,3398192
[host_monotonic_s=181248.954145] 258,2592253328,88899021392,88901274720,2253328
[host_monotonic_s=181248.954146] 259,2602367024,88909021392,88911388416,2367024
[host_monotonic_s=181248.954147] 260,2610745424,88919021392,88919766816,745424
[host_monotonic_s=181248.954148] 261,2620745392,88929021392,88929766784,745392
[host_monotonic_s=181248.954149] 262,2630742560,88939021392,88939763952,742560
[host_monotonic_s=181248.994602] 263,2652312480,88949021392,88961333872,12312480
[host_monotonic_s=181249.042744] 264,2653512640,88959021392,88962534032,3512640
[host_monotonic_s=181249.072302] 265,2660568752,88969021392,88969590144,568752
[host_monotonic_s=181249.103752] 266,2670533168,88979021392,88979554560,533168
[host_monotonic_s=181249.172711] 267,2680532432,88989021392,88989553824,532432
[host_monotonic_s=181249.512045] 268,2690557088,88999021392,88999578480,557088
[host_monotonic_s=181249.512052] 269,2709567840,89009021392,89018589232,9567840
[host_monotonic_s=181249.512053] 270,2710459104,89019021392,89019480496,459104
[host_monotonic_s=181249.512055] 271,2720447744,89029021392,89029469136,447744
[host_monotonic_s=181249.512055] 272,2730528944,89039021392,89039550336,528944
[host_monotonic_s=181249.553315] 273,2740485872,89049021392,89049507264,485872
[host_monotonic_s=181249.651856] 274,2750543328,89059021392,89059564720,543328
[host_monotonic_s=181249.723102] 275,2760456624,89069021392,89069478016,456624
[host_monotonic_s=181249.755498] 276,2772602112,89079021392,89081623504,2602112
[host_monotonic_s=181250.062218] 277,2780401472,89089021392,89089422864,401472
[host_monotonic_s=181250.062224] 278,2790547280,89099021392,89099568672,547280
[host_monotonic_s=181250.062225] 279,2800516368,89109021392,89109537760,516368
[host_monotonic_s=181250.062226] 280,2811955984,89119021392,89120977376,1955984
[host_monotonic_s=181250.062226] 281,2820500896,89129021392,89129522288,500896
[host_monotonic_s=181250.071751] 282,2841998064,89139021392,89151019456,11998064
[host_monotonic_s=181250.133201] 283,2842287920,89149021392,89151309312,2287920
[host_monotonic_s=181250.182700] 284,2850526896,89159021392,89159548288,526896
[host_monotonic_s=181250.212831] 285,2860548032,89169021392,89169569424,548032
[host_monotonic_s=181250.249643] 286,2870529968,89179021392,89179551360,529968
[host_monotonic_s=181250.612652] 287,2882227760,89189021392,89191249152,2227760
[host_monotonic_s=181250.612659] 288,2902121808,89199021392,89211143200,12121808
[host_monotonic_s=181250.612659] 289,2902435248,89209021392,89211456640,2435248
[host_monotonic_s=181250.612660] 290,2910464240,89219021392,89219485632,464240
[host_monotonic_s=181250.612661] 291,2922074672,89229021392,89231096064,2074672
[host_monotonic_s=181250.612661] 292,2930559312,89239021392,89239580704,559312
[host_monotonic_s=181250.632776] 293,2940436224,89249021392,89249457616,436224
[host_monotonic_s=181250.687987] 294,2950390656,89259021392,89259412048,390656
[host_monotonic_s=181250.757537] 295,2962151696,89269021392,89271173088,2151696
[host_monotonic_s=181250.796781] 296,2970350448,89279021392,89279371840,350448
[host_monotonic_s=181251.163055] 297,2980551600,89289021392,89289572992,551600
[host_monotonic_s=181251.163062] 298,2990574496,89299021392,89299595888,574496
[host_monotonic_s=181251.163063] 299,3000630576,89309021392,89309651968,630576
[host_monotonic_s=181251.163064] PERIODIC LATENCY COMPLETE samples=300
[host_monotonic_s=181251.964082] 
[host_monotonic_s=181251.964088] [Axvisor] detached VM[2] console
[host_monotonic_s=181252.765612] [2Kaxvisor:$ [2Kaxvisor:$ v[2Kaxvisor:$ vm[2Kaxvisor:$ vm [2Kaxvisor:$ vm c[2Kaxvisor:$ vm co[2Kaxvisor:$ vm con[2Kaxvisor:$ vm cons[2Kaxvisor:$ vm conso[2Kaxvisor:$ vm consol[2Kaxvisor:$ vm console[2Kaxvisor:$ vm console [2Kaxvisor:$ vm console 1
[host_monotonic_s=181252.766384] ✓ Attached VM[1] console; use Ctrl+X, then h to return to the shell
[host_monotonic_s=181252.766813] RT_PROGRESS uptime_s=42.82
[host_monotonic_s=181252.767109] [   51.590577] random: crng init done
[host_monotonic_s=181252.767314] RT_PROGRESS uptime_s=52.94
[host_monotonic_s=181252.767512] RT_PROGRESS uptime_s=62.98
[host_monotonic_s=181252.767713] RT_PROGRESS uptime_s=73.03
[host_monotonic_s=181252.767903] RT_PROGRESS uptime_s=83.07
[host_monotonic_s=181252.768178] RT_PROGRESS uptime_s=93.10
[host_monotonic_s=181255.780601] RT_PROGRESS uptime_s=103.13
[host_monotonic_s=181265.567891] RT_PROGRESS uptime_s=113.20
[host_monotonic_s=181275.741335] WARN: stat /dev/cpu_dma_latency failed: No such file or directory
[host_monotonic_s=181275.741347] # Histogram
[host_monotonic_s=181275.741350] 000156 000001
[host_monotonic_s=181275.741353] 000161 000001
[host_monotonic_s=181275.741354] 000162 000001
[host_monotonic_s=181275.741356] 000164 000001
[host_monotonic_s=181275.741358] 000165 000002
[host_monotonic_s=181275.741360] 000168 000004
[host_monotonic_s=181275.741361] 000169 000001
[host_monotonic_s=181275.741363] 000170 000004
[host_monotonic_s=181275.741364] 000172 000002
[host_monotonic_s=181275.741366] 000173 000003
[host_monotonic_s=181275.741367] 000174 000003
[host_monotonic_s=181275.741368] 000175 000006
[host_monotonic_s=181275.741370] 000176 000003
[host_monotonic_s=181275.748239] 000177 000002
[host_monotonic_s=181275.751017] 000179 000007
[host_monotonic_s=181275.754652] 000180 000003
[host_monotonic_s=181275.757462] 000181 000003
[host_monotonic_s=181275.760249] 000182 000003
[host_monotonic_s=181275.763269] 000183 000002
[host_monotonic_s=181275.766070] 000184 000004
[host_monotonic_s=181275.768874] 000185 000003
[host_monotonic_s=181275.771648] 000186 000001
[host_monotonic_s=181275.774817] 000187 000006
[host_monotonic_s=181275.777791] 000188 000004
[host_monotonic_s=181275.780550] 000189 000005
[host_monotonic_s=181275.783557] 000190 000003
[host_monotonic_s=181275.786458] 000191 000006
[host_monotonic_s=181275.789228] 000192 000004
[host_monotonic_s=181275.791938] 000193 000004
[host_monotonic_s=181275.795050] 000194 000003
[host_monotonic_s=181275.800707] 000195 000006
[host_monotonic_s=181275.805970] 000196 000001
[host_monotonic_s=181275.816592] 000197 000006
[host_monotonic_s=181275.821889] 000198 000004
[host_monotonic_s=181275.826397] 000199 000005
[host_monotonic_s=181275.830376] 000200 000005
[host_monotonic_s=181275.842835] 000201 000004
[host_monotonic_s=181275.845787] 000202 000007
[host_monotonic_s=181275.848636] 000203 000004
[host_monotonic_s=181275.851351] 000204 000006
[host_monotonic_s=181275.854512] 000205 000002
[host_monotonic_s=181275.864642] 000206 000003
[host_monotonic_s=181275.869626] 000207 000003
[host_monotonic_s=181275.872649] 000208 000002
[host_monotonic_s=181275.875776] 000209 000005
[host_monotonic_s=181275.878600] 000210 000005
[host_monotonic_s=181275.881375] 000211 000003
[host_monotonic_s=181275.903427] 000212 000002
[host_monotonic_s=181275.915276] 000213 000004
[host_monotonic_s=181275.924456] 000214 000005
[host_monotonic_s=181275.924458] 000215 000005
[host_monotonic_s=181275.925003] 000216 000005
[host_monotonic_s=181275.928120] 000217 000004
[host_monotonic_s=181275.931895] 000218 000001
[host_monotonic_s=181275.943618] 000219 000002
[host_monotonic_s=181275.946802] 000220 000004
[host_monotonic_s=181275.956373] 000221 000005
[host_monotonic_s=181275.959593] 000222 000003
[host_monotonic_s=181275.962378] 000223 000005
[host_monotonic_s=181275.985411] 000224 000004
[host_monotonic_s=181275.990604] 000225 000008
[host_monotonic_s=181276.291885] 000226 000004
[host_monotonic_s=181276.291898] 000227 000003
[host_monotonic_s=181276.291900] 000228 000005
[host_monotonic_s=181276.291903] 000229 000002
[host_monotonic_s=181276.291905] 000230 000002
[host_monotonic_s=181276.291907] 000231 000001
[host_monotonic_s=181276.291908] 000232 000002
[host_monotonic_s=181276.291910] 000233 000006
[host_monotonic_s=181276.291912] 000234 000005
[host_monotonic_s=181276.291913] 000235 000003
[host_monotonic_s=181276.291915] 000236 000003
[host_monotonic_s=181276.291917] 000237 000006
[host_monotonic_s=181276.291919] 000238 000004
[host_monotonic_s=181276.291920] 000239 000002
[host_monotonic_s=181276.291922] 000240 000003
[host_monotonic_s=181276.291923] 000241 000003
[host_monotonic_s=181276.291925] 000242 000005
[host_monotonic_s=181276.291927] 000243 000003
[host_monotonic_s=181276.297415] 000244 000008
[host_monotonic_s=181276.306315] 000245 000003
[host_monotonic_s=181276.310227] 000246 000004
[host_monotonic_s=181276.315610] 000247 000008
[host_monotonic_s=181276.324705] 000248 000004
[host_monotonic_s=181276.346584] 000249 000003
[host_monotonic_s=181276.351677] 000250 000005
[host_monotonic_s=181276.356043] 000251 000007
[host_monotonic_s=181276.359157] 000253 000002
[host_monotonic_s=181276.362341] 000254 000006
[host_monotonic_s=181276.365589] 000255 000004
[host_monotonic_s=181276.368409] 000256 000007
[host_monotonic_s=181276.371819] 000257 000004
[host_monotonic_s=181276.384637] 000258 000003
[host_monotonic_s=181276.387503] 000259 000003
[host_monotonic_s=181276.390252] 000260 000005
[host_monotonic_s=181276.394711] 000261 000005
[host_monotonic_s=181276.397761] 000262 000006
[host_monotonic_s=181276.400672] 000263 000001
[host_monotonic_s=181276.404578] 000264 000006
[host_monotonic_s=181276.407563] 000265 000003
[host_monotonic_s=181276.410367] 000266 000002
[host_monotonic_s=181276.413158] 000267 000002
[host_monotonic_s=181276.416238] 000268 000007
[host_monotonic_s=181276.421760] 000269 000006
[host_monotonic_s=181276.428162] 000270 000005
[host_monotonic_s=181276.434782] 000271 000005
[host_monotonic_s=181276.437714] 000272 000008
[host_monotonic_s=181276.440436] 000273 000008
[host_monotonic_s=181276.443373] 000274 000003
[host_monotonic_s=181276.446497] 000275 000007
[host_monotonic_s=181276.449210] 000276 000004
[host_monotonic_s=181276.452054] 000277 000004
[host_monotonic_s=181276.454942] 000278 000002
[host_monotonic_s=181276.489256] 000279 000001
[host_monotonic_s=181276.493228] 000280 000003
[host_monotonic_s=181276.503399] 000281 000004
[host_monotonic_s=181276.506279] 000282 000001
[host_monotonic_s=181276.509013] 000283 000004
[host_monotonic_s=181276.511784] 000284 000004
[host_monotonic_s=181276.514762] 000285 000003
[host_monotonic_s=181276.517511] 000286 000001
[host_monotonic_s=181276.520249] 000287 000006
[host_monotonic_s=181276.523386] 000288 000005
[host_monotonic_s=181276.526192] 000289 000002
[host_monotonic_s=181276.528955] 000290 000002
[host_monotonic_s=181276.531687] 000291 000002
[host_monotonic_s=181276.534656] 000292 000002
[host_monotonic_s=181276.537653] 000293 000004
[host_monotonic_s=181276.540325] 000294 000002
[host_monotonic_s=181276.842136] 000295 000002
[host_monotonic_s=181276.842147] 000296 000004
[host_monotonic_s=181276.842149] 000297 000002
[host_monotonic_s=181276.842151] 000298 000006
[host_monotonic_s=181276.842153] 000299 000004
[host_monotonic_s=181276.842155] 000300 000005
[host_monotonic_s=181276.842156] 000301 000005
[host_monotonic_s=181276.842157] 000302 000003
[host_monotonic_s=181276.842159] 000303 000006
[host_monotonic_s=181276.842160] 000304 000006
[host_monotonic_s=181276.842161] 000305 000005
[host_monotonic_s=181276.842163] 000306 000004
[host_monotonic_s=181276.842164] 000307 000009
[host_monotonic_s=181276.842166] 000308 000006
[host_monotonic_s=181276.842167] 000309 000006
[host_monotonic_s=181276.842168] 000310 000011
[host_monotonic_s=181276.842169] 000311 000010
[host_monotonic_s=181276.842170] 000312 000008
[host_monotonic_s=181276.842172] 000313 000008
[host_monotonic_s=181276.865773] 000314 000011
[host_monotonic_s=181276.868530] 000315 000015
[host_monotonic_s=181276.871195] 000316 000010
[host_monotonic_s=181276.884175] 000317 000010
[host_monotonic_s=181276.888237] 000318 000011
[host_monotonic_s=181276.891228] 000319 000015
[host_monotonic_s=181276.894388] 000320 000013
[host_monotonic_s=181276.897121] 000321 000013
[host_monotonic_s=181276.899848] 000322 000024
[host_monotonic_s=181276.902612] 000323 000015
[host_monotonic_s=181276.905739] 000324 000016
[host_monotonic_s=181276.911335] 000325 000015
[host_monotonic_s=181276.923586] 000326 000025
[host_monotonic_s=181276.926823] 000327 000013
[host_monotonic_s=181276.929533] 000328 000024
[host_monotonic_s=181276.932494] 000329 000022
[host_monotonic_s=181276.947287] 000330 000027
[host_monotonic_s=181276.965285] 000331 000023
[host_monotonic_s=181276.974063] 000332 000016
[host_monotonic_s=181276.993184] 000333 000017
[host_monotonic_s=181276.996341] 000334 000022
[host_monotonic_s=181276.999310] 000335 000021
[host_monotonic_s=181277.002199] 000336 000018
[host_monotonic_s=181277.014987] 000337 000019
[host_monotonic_s=181277.018188] 000338 000021
[host_monotonic_s=181277.021802] 000339 000014
[host_monotonic_s=181277.027240] 000340 000016
[host_monotonic_s=181277.030100] 000341 000021
[host_monotonic_s=181277.032971] 000342 000022
[host_monotonic_s=181277.036250] 000343 000032
[host_monotonic_s=181277.039554] 000344 000018
[host_monotonic_s=181277.042622] 000345 000021
[host_monotonic_s=181277.045688] 000346 000022
[host_monotonic_s=181277.055034] 000347 000027
[host_monotonic_s=181277.057794] 000348 000022
[host_monotonic_s=181277.060523] 000349 000016
[host_monotonic_s=181277.064413] 000350 000020
[host_monotonic_s=181277.067271] 000351 000027
[host_monotonic_s=181277.069970] 000352 000022
[host_monotonic_s=181277.072753] 000353 000023
[host_monotonic_s=181277.075556] 000354 000025
[host_monotonic_s=181277.078333] 000355 000014
[host_monotonic_s=181277.081094] 000356 000030
[host_monotonic_s=181277.084039] 000357 000028
[host_monotonic_s=181277.086980] 000358 000018
[host_monotonic_s=181277.089685] 000359 000020
[host_monotonic_s=181277.392414] 000360 000022
[host_monotonic_s=181277.392426] 000361 000027
[host_monotonic_s=181277.392428] 000362 000023
[host_monotonic_s=181277.392430] 000363 000029
[host_monotonic_s=181277.392432] 000364 000018
[host_monotonic_s=181277.392433] 000365 000019
[host_monotonic_s=181277.392435] 000366 000016
[host_monotonic_s=181277.392437] 000367 000016
[host_monotonic_s=181277.392438] 000368 000021
[host_monotonic_s=181277.392440] 000369 000020
[host_monotonic_s=181277.392441] 000370 000030
[host_monotonic_s=181277.392443] 000371 000012
[host_monotonic_s=181277.392445] 000372 000023
[host_monotonic_s=181277.392446] 000373 000019
[host_monotonic_s=181277.392447] 000374 000017
[host_monotonic_s=181277.392448] 000375 000015
[host_monotonic_s=181277.392449] 000376 000020
[host_monotonic_s=181277.392451] 000377 000021
[host_monotonic_s=181277.392453] 000378 000028
[host_monotonic_s=181277.398881] 000379 000022
[host_monotonic_s=181277.401980] 000380 000016
[host_monotonic_s=181277.405046] 000381 000019
[host_monotonic_s=181277.423385] 000382 000022
[host_monotonic_s=181277.436064] 000383 000026
[host_monotonic_s=181277.438874] 000384 000023
[host_monotonic_s=181277.441595] 000385 000016
[host_monotonic_s=181277.455124] 000386 000014
[host_monotonic_s=181277.458178] 000387 000016
[host_monotonic_s=181277.461270] 000388 000019
[host_monotonic_s=181277.465430] 000389 000018
[host_monotonic_s=181277.468254] 000390 000036
[host_monotonic_s=181277.471071] 000391 000029
[host_monotonic_s=181277.474231] 000392 000022
[host_monotonic_s=181277.477047] 000393 000015
[host_monotonic_s=181277.479791] 000394 000021
[host_monotonic_s=181277.482551] 000395 000018
[host_monotonic_s=181277.485475] 000396 000022
[host_monotonic_s=181277.488200] 000397 000026
[host_monotonic_s=181277.490916] 000398 000028
[host_monotonic_s=181277.493787] 000399 000021
[host_monotonic_s=181277.496656] 000400 000028
[host_monotonic_s=181277.499451] 000401 000027
[host_monotonic_s=181277.502177] 000402 000025
[host_monotonic_s=181277.505048] 000403 000027
[host_monotonic_s=181277.524593] 000404 000021
[host_monotonic_s=181277.536204] 000405 000025
[host_monotonic_s=181277.538884] 000406 000034
[host_monotonic_s=181277.541621] 000407 000028
[host_monotonic_s=181277.544649] 000408 000036
[host_monotonic_s=181277.547405] 000409 000040
[host_monotonic_s=181277.550120] 000410 000035
[host_monotonic_s=181277.552876] 000411 000037
[host_monotonic_s=181277.574806] 000412 000041
[host_monotonic_s=181277.577538] 000413 000060
[host_monotonic_s=181277.583381] 000414 000052
[host_monotonic_s=181277.586806] 000415 000054
[host_monotonic_s=181277.589908] 000416 000063
[host_monotonic_s=181277.593926] 000417 000057
[host_monotonic_s=181277.597120] 000418 000061
[host_monotonic_s=181277.600331] 000419 000080
[host_monotonic_s=181277.603416] 000420 000071
[host_monotonic_s=181277.606150] 000421 000101
[host_monotonic_s=181277.608864] 000422 000093
[host_monotonic_s=181277.611962] 000423 000086
[host_monotonic_s=181277.614992] 000424 000116
[host_monotonic_s=181277.617909] 000425 000100
[host_monotonic_s=181277.620639] 000426 000113
[host_monotonic_s=181277.623607] 000427 000107
[host_monotonic_s=181277.626470] 000428 000121
[host_monotonic_s=181277.629256] 000429 000110
[host_monotonic_s=181277.632018] 000430 000109
[host_monotonic_s=181277.634830] 000431 000127
[host_monotonic_s=181277.637548] 000432 000132
[host_monotonic_s=181288.022802] 000433 000130
[host_monotonic_s=181288.022812] 000434 000144
[host_monotonic_s=181288.022814] 000435 000146
[host_monotonic_s=181288.022816] 000436 000153
[host_monotonic_s=181288.022817] 000437 000142
[host_monotonic_s=181288.022819] 000438 000151
[host_monotonic_s=181288.022820] 000439 000146
[host_monotonic_s=181288.022822] 000440 000142
[host_monotonic_s=181288.022823] 000441 000164
[host_monotonic_s=181288.022824] 000442 000143
[host_monotonic_s=181288.022825] 000443 000134
[host_monotonic_s=181288.022826] 000444 000137
[host_monotonic_s=181288.022828] 000445 000130
[host_monotonic_s=181288.022829] 000446 000161
[host_monotonic_s=181288.022830] 000447 000144
[host_monotonic_s=181288.022831] 000448 000163
[host_monotonic_s=181288.022832] 000449 000143
[host_monotonic_s=181288.022833] 000450 000155
[host_monotonic_s=181288.022834] 000451 000126
[host_monotonic_s=181288.030872] 000452 000175
[host_monotonic_s=181288.036313] 000453 000152
[host_monotonic_s=181288.039462] 000454 000186
[host_monotonic_s=181288.043451] 000455 000183
[host_monotonic_s=181288.063052] 000456 000190
[host_monotonic_s=181288.076047] 000457 000188
[host_monotonic_s=181288.079413] 000458 000199
[host_monotonic_s=181288.082181] 000459 000200
[host_monotonic_s=181288.085354] 000460 000204
[host_monotonic_s=181288.088447] 000461 000207
[host_monotonic_s=181288.091613] 000462 000220
[host_monotonic_s=181288.094879] 000463 000193
[host_monotonic_s=181288.097798] 000464 000229
[host_monotonic_s=181288.100506] 000465 000244
[host_monotonic_s=181288.103299] 000466 000262
[host_monotonic_s=181288.114955] 000467 000239
[host_monotonic_s=181288.117700] 000468 000239
[host_monotonic_s=181288.120386] 000469 000242
[host_monotonic_s=181288.129275] 000470 000267
[host_monotonic_s=181288.133090] 000471 000271
[host_monotonic_s=181288.174722] 000472 000294
[host_monotonic_s=181288.183277] 000473 000286
[host_monotonic_s=181288.186474] 000474 000316
[host_monotonic_s=181288.189201] 000475 000293
[host_monotonic_s=181288.191989] 000476 000319
[host_monotonic_s=181288.194738] 000477 000312
[host_monotonic_s=181288.197439] 000478 000319
[host_monotonic_s=181288.200189] 000479 000374
[host_monotonic_s=181288.202916] 000480 000332
[host_monotonic_s=181288.206015] 000481 000361
[host_monotonic_s=181288.208750] 000482 000397
[host_monotonic_s=181288.211585] 000483 000439
[host_monotonic_s=181288.214835] 000484 000405
[host_monotonic_s=181288.217957] 000485 000434
[host_monotonic_s=181288.221079] 000486 000463
[host_monotonic_s=181288.224324] 000487 000449
[host_monotonic_s=181288.227056] 000488 000513
[host_monotonic_s=181288.230105] 000489 000554
[host_monotonic_s=181288.233163] 000490 000568
[host_monotonic_s=181288.235828] 000491 000544
[host_monotonic_s=181288.238419] 000492 000608
[host_monotonic_s=181288.243851] 000493 000585
[host_monotonic_s=181288.246916] 000494 000618
[host_monotonic_s=181288.249820] 000495 000580
[host_monotonic_s=181288.252570] 000496 000624
[host_monotonic_s=181288.255711] 000497 000640
[host_monotonic_s=181288.258606] 000498 000697
[host_monotonic_s=181288.261289] 000499 000640
[host_monotonic_s=181288.264144] 000500 000666
[host_monotonic_s=181288.573689] 000501 000660
[host_monotonic_s=181288.573706] 000502 000615
[host_monotonic_s=181288.573709] 000503 000575
[host_monotonic_s=181288.573712] 000504 000604
[host_monotonic_s=181288.573717] 000505 000587
[host_monotonic_s=181288.573719] 000506 000635
[host_monotonic_s=181288.573722] 000507 000635
[host_monotonic_s=181288.573724] 000508 000605
[host_monotonic_s=181288.573727] 000509 000641
[host_monotonic_s=181288.573729] 000510 000574
[host_monotonic_s=181288.573732] 000511 000640
[host_monotonic_s=181288.573734] 000512 000615
[host_monotonic_s=181288.573736] 000513 000590
[host_monotonic_s=181288.573738] 000514 000581
[host_monotonic_s=181288.573740] 000515 000599
[host_monotonic_s=181288.573741] 000516 000597
[host_monotonic_s=181288.573743] 000517 000538
[host_monotonic_s=181288.573746] 000518 000603
[host_monotonic_s=181288.578070] 000519 000547
[host_monotonic_s=181288.587445] 000520 000524
[host_monotonic_s=181288.590111] 000521 000545
[host_monotonic_s=181288.593590] 000522 000541
[host_monotonic_s=181288.596388] 000523 000507
[host_monotonic_s=181288.599102] 000524 000453
[host_monotonic_s=181288.601735] 000525 000502
[host_monotonic_s=181288.604581] 000526 000502
[host_monotonic_s=181288.614011] 000527 000470
[host_monotonic_s=181288.623506] 000528 000501
[host_monotonic_s=181288.645226] 000529 000463
[host_monotonic_s=181288.649076] 000530 000536
[host_monotonic_s=181288.651846] 000531 000479
[host_monotonic_s=181288.680040] 000532 000483
[host_monotonic_s=181288.683032] 000533 000515
[host_monotonic_s=181288.686046] 000534 000483
[host_monotonic_s=181288.688728] 000535 000496
[host_monotonic_s=181288.693385] 000536 000451
[host_monotonic_s=181288.713347] 000537 000491
[host_monotonic_s=181288.725510] 000538 000498
[host_monotonic_s=181288.729224] 000539 000524
[host_monotonic_s=181288.736449] 000540 000466
[host_monotonic_s=181288.743757] 000541 000489
[host_monotonic_s=181288.747343] 000542 000503
[host_monotonic_s=181288.750090] 000543 000516
[host_monotonic_s=181288.752856] 000544 000476
[host_monotonic_s=181288.755975] 000545 000453
[host_monotonic_s=181288.758787] 000546 000454
[host_monotonic_s=181288.761534] 000547 000472
[host_monotonic_s=181288.764595] 000548 000464
[host_monotonic_s=181288.767869] 000549 000463
[host_monotonic_s=181288.770986] 000550 000409
[host_monotonic_s=181288.774123] 000551 000439
[host_monotonic_s=181288.776931] 000552 000446
[host_monotonic_s=181288.779566] 000553 000387
[host_monotonic_s=181288.782361] 000554 000431
[host_monotonic_s=181288.795466] 000555 000360
[host_monotonic_s=181288.798183] 000556 000384
[host_monotonic_s=181288.801194] 000557 000393
[host_monotonic_s=181288.803977] 000558 000363
[host_monotonic_s=181288.812980] 000559 000391
[host_monotonic_s=181288.816003] 000560 000331
[host_monotonic_s=181288.818313] 000561 000311
[host_monotonic_s=181288.820618] 000562 000353
[host_monotonic_s=181288.823218] 000563 000312
[host_monotonic_s=181289.124075] 000564 000325
[host_monotonic_s=181289.124092] 000565 000303
[host_monotonic_s=181289.124096] 000566 000294
[host_monotonic_s=181289.124099] 000567 000304
[host_monotonic_s=181289.124102] 000568 000291
[host_monotonic_s=181289.124105] 000569 000293
[host_monotonic_s=181289.124107] 000570 000264
[host_monotonic_s=181289.124110] 000571 000269
[host_monotonic_s=181289.124113] 000572 000289
[host_monotonic_s=181289.124117] 000573 000283
[host_monotonic_s=181289.124120] 000574 000243
[host_monotonic_s=181289.124123] 000575 000258
[host_monotonic_s=181289.124126] 000576 000226
[host_monotonic_s=181289.124129] 000577 000225
[host_monotonic_s=181289.124131] 000578 000232
[host_monotonic_s=181289.124134] 000579 000235
[host_monotonic_s=181289.124137] 000580 000244
[host_monotonic_s=181289.124140] 000581 000223
[host_monotonic_s=181289.128639] 000582 000227
[host_monotonic_s=181289.133434] 000583 000238
[host_monotonic_s=181289.136911] 000584 000216
[host_monotonic_s=181289.143798] 000585 000213
[host_monotonic_s=181289.153903] 000586 000218
[host_monotonic_s=181289.163098] 000587 000185
[host_monotonic_s=181289.166446] 000588 000202
[host_monotonic_s=181289.169262] 000589 000213
[host_monotonic_s=181289.172493] 000590 000211
[host_monotonic_s=181289.185068] 000591 000231
[host_monotonic_s=181289.194286] 000592 000191
[host_monotonic_s=181289.197478] 000593 000170
[host_monotonic_s=181289.200241] 000594 000229
[host_monotonic_s=181289.203287] 000595 000193
[host_monotonic_s=181289.206273] 000596 000181
[host_monotonic_s=181289.209292] 000597 000195
[host_monotonic_s=181289.212022] 000598 000176
[host_monotonic_s=181289.215160] 000599 000181
[host_monotonic_s=181289.217920] 000600 000206
[host_monotonic_s=181289.220780] 000601 000205
[host_monotonic_s=181289.223776] 000602 000210
[host_monotonic_s=181289.226621] 000603 000164
[host_monotonic_s=181289.229417] 000604 000178
[host_monotonic_s=181289.244526] 000605 000187
[host_monotonic_s=181289.254255] 000606 000200
[host_monotonic_s=181289.265453] 000607 000191
[host_monotonic_s=181289.268210] 000608 000187
[host_monotonic_s=181289.271095] 000609 000191
[host_monotonic_s=181289.273946] 000610 000189
[host_monotonic_s=181289.276672] 000611 000168
[host_monotonic_s=181289.279396] 000612 000196
[host_monotonic_s=181289.282292] 000613 000172
[host_monotonic_s=181289.285202] 000614 000206
[host_monotonic_s=181289.287933] 000615 000177
[host_monotonic_s=181289.290661] 000616 000181
[host_monotonic_s=181289.293493] 000617 000194
[host_monotonic_s=181289.315435] 000618 000173
[host_monotonic_s=181289.318646] 000619 000184
[host_monotonic_s=181289.321795] 000620 000052
[host_monotonic_s=181289.325059] 000622 000002
[host_monotonic_s=181289.327777] 000623 000020
[host_monotonic_s=181289.330522] 000624 000061
[host_monotonic_s=181289.333360] 000625 000125
[host_monotonic_s=181289.336081] 000626 000179
[host_monotonic_s=181289.338812] 000627 000150
[host_monotonic_s=181289.341504] 000628 000173
[host_monotonic_s=181289.344706] 000629 000142
[host_monotonic_s=181289.348336] 000630 000182
[host_monotonic_s=181289.351055] 000631 000152
[host_monotonic_s=181289.354969] 000632 000152
[host_monotonic_s=181289.357698] 000633 000161
[host_monotonic_s=181289.360418] 000634 000159
[host_monotonic_s=181289.363389] 000635 000139
[host_monotonic_s=181289.674320] 000636 000149
[host_monotonic_s=181289.674334] 000637 000164
[host_monotonic_s=181289.674337] 000638 000151
[host_monotonic_s=181289.674340] 000639 000140
[host_monotonic_s=181289.674342] 000640 000160
[host_monotonic_s=181289.674344] 000641 000158
[host_monotonic_s=181289.674347] 000642 000141
[host_monotonic_s=181289.674349] 000643 000163
[host_monotonic_s=181289.674351] 000644 000152
[host_monotonic_s=181289.674353] 000645 000142
[host_monotonic_s=181289.674356] 000646 000142
[host_monotonic_s=181289.674358] 000647 000135
[host_monotonic_s=181289.674360] 000648 000130
[host_monotonic_s=181289.674362] 000649 000141
[host_monotonic_s=181289.674364] 000650 000132
[host_monotonic_s=181289.674366] 000651 000119
[host_monotonic_s=181289.674367] 000652 000135
[host_monotonic_s=181289.674369] 000653 000124
[host_monotonic_s=181289.674371] 000654 000132
[host_monotonic_s=181289.680756] 000655 000109
[host_monotonic_s=181289.684669] 000656 000125
[host_monotonic_s=181289.687553] 000657 000122
[host_monotonic_s=181289.690258] 000658 000114
[host_monotonic_s=181289.693132] 000659 000122
[host_monotonic_s=181289.695795] 000660 000119
[host_monotonic_s=181289.698370] 000661 000102
[host_monotonic_s=181289.700959] 000662 000101
[host_monotonic_s=181289.703906] 000663 000096
[host_monotonic_s=181289.706493] 000664 000084
[host_monotonic_s=181289.709108] 000665 000099
[host_monotonic_s=181289.711802] 000666 000104
[host_monotonic_s=181289.715756] 000667 000094
[host_monotonic_s=181289.733528] 000668 000097
[host_monotonic_s=181289.736645] 000669 000075
[host_monotonic_s=181289.744720] 000670 000095
[host_monotonic_s=181289.763376] 000671 000104
[host_monotonic_s=181289.766731] 000672 000078
[host_monotonic_s=181289.769450] 000673 000070
[host_monotonic_s=181289.772530] 000674 000093
[host_monotonic_s=181289.775775] 000675 000095
[host_monotonic_s=181289.778610] 000676 000085
[host_monotonic_s=181289.782241] 000677 000069
[host_monotonic_s=181289.785370] 000678 000097
[host_monotonic_s=181289.794243] 000679 000074
[host_monotonic_s=181289.797077] 000680 000074
[host_monotonic_s=181289.799785] 000681 000080
[host_monotonic_s=181289.802704] 000682 000085
[host_monotonic_s=181289.807122] 000683 000078
[host_monotonic_s=181289.810415] 000684 000086
[host_monotonic_s=181289.815998] 000685 000087
[host_monotonic_s=181289.820764] 000686 000066
[host_monotonic_s=181289.825589] 000687 000075
[host_monotonic_s=181289.829916] 000688 000068
[host_monotonic_s=181289.854400] 000689 000064
[host_monotonic_s=181289.857101] 000690 000062
[host_monotonic_s=181289.863174] 000691 000065
[host_monotonic_s=181289.866563] 000692 000069
[host_monotonic_s=181289.869601] 000693 000077
[host_monotonic_s=181289.872713] 000694 000078
[host_monotonic_s=181289.876112] 000695 000059
[host_monotonic_s=181289.878868] 000696 000076
[host_monotonic_s=181289.881678] 000697 000068
[host_monotonic_s=181289.884484] 000698 000061
[host_monotonic_s=181289.887462] 000699 000075
[host_monotonic_s=181289.890547] 000700 000053
[host_monotonic_s=181289.893365] 000701 000051
[host_monotonic_s=181289.914816] 000702 000071
[host_monotonic_s=181289.923763] 000703 000069
[host_monotonic_s=181290.233248] 000704 000057
[host_monotonic_s=181290.233253] 000705 000060
[host_monotonic_s=181290.233254] 000706 000059
[host_monotonic_s=181299.842543] 000707 000054
[host_monotonic_s=181299.842554] 000708 000056
[host_monotonic_s=181299.842556] 000709 000065
[host_monotonic_s=181299.842558] 000710 000061
[host_monotonic_s=181299.842559] 000711 000055
[host_monotonic_s=181299.842561] 000712 000053
[host_monotonic_s=181299.842563] 000713 000055
[host_monotonic_s=181299.842564] 000714 000039
[host_monotonic_s=181299.842566] 000715 000045
[host_monotonic_s=181299.842567] 000716 000047
[host_monotonic_s=181299.842569] 000717 000061
[host_monotonic_s=181299.842570] 000718 000051
[host_monotonic_s=181299.842571] 000719 000042
[host_monotonic_s=181299.842573] 000720 000045
[host_monotonic_s=181299.842574] 000721 000051
[host_monotonic_s=181299.842575] 000722 000040
[host_monotonic_s=181299.842576] 000723 000042
[host_monotonic_s=181299.842578] 000724 000048
[host_monotonic_s=181299.842579] 000725 000049
[host_monotonic_s=181299.848872] 000726 000062
[host_monotonic_s=181299.852393] 000727 000040
[host_monotonic_s=181299.855714] 000728 000047
[host_monotonic_s=181299.858686] 000729 000047
[host_monotonic_s=181299.861692] 000730 000056
[host_monotonic_s=181299.864879] 000731 000045
[host_monotonic_s=181299.867898] 000732 000034
[host_monotonic_s=181299.870790] 000733 000046
[host_monotonic_s=181299.873941] 000734 000035
[host_monotonic_s=181299.876846] 000735 000044
[host_monotonic_s=181299.879558] 000736 000042
[host_monotonic_s=181299.882281] 000737 000042
[host_monotonic_s=181299.885154] 000738 000042
[host_monotonic_s=181299.887891] 000739 000044
[host_monotonic_s=181299.890592] 000740 000046
[host_monotonic_s=181299.893598] 000741 000044
[host_monotonic_s=181299.896556] 000742 000046
[host_monotonic_s=181299.899420] 000743 000039
[host_monotonic_s=181299.902363] 000744 000036
[host_monotonic_s=181299.905460] 000745 000042
[host_monotonic_s=181299.908756] 000746 000042
[host_monotonic_s=181299.912031] 000747 000036
[host_monotonic_s=181299.915552] 000748 000043
[host_monotonic_s=181299.943201] 000749 000044
[host_monotonic_s=181299.946737] 000750 000034
[host_monotonic_s=181299.949709] 000751 000035
[host_monotonic_s=181299.952470] 000752 000044
[host_monotonic_s=181299.955630] 000753 000032
[host_monotonic_s=181299.958509] 000754 000039
[host_monotonic_s=181299.961473] 000755 000033
[host_monotonic_s=181299.964642] 000756 000040
[host_monotonic_s=181299.967595] 000757 000034
[host_monotonic_s=181299.970645] 000758 000041
[host_monotonic_s=181299.973897] 000759 000029
[host_monotonic_s=181299.995344] 000760 000033
[host_monotonic_s=181299.998893] 000761 000029
[host_monotonic_s=181300.043114] 000762 000036
[host_monotonic_s=181300.053534] 000763 000040
[host_monotonic_s=181300.066509] 000764 000031
[host_monotonic_s=181300.069218] 000765 000048
[host_monotonic_s=181300.071908] 000766 000050
[host_monotonic_s=181300.074809] 000767 000031
[host_monotonic_s=181300.077581] 000768 000034
[host_monotonic_s=181300.080418] 000769 000039
[host_monotonic_s=181300.083462] 000770 000028
[host_monotonic_s=181300.393701] 000771 000029
[host_monotonic_s=181300.393713] 000772 000040
[host_monotonic_s=181300.393715] 000773 000037
[host_monotonic_s=181300.393717] 000774 000034
[host_monotonic_s=181300.393718] 000775 000044
[host_monotonic_s=181300.393720] 000776 000031
[host_monotonic_s=181300.393722] 000777 000034
[host_monotonic_s=181300.393724] 000778 000036
[host_monotonic_s=181300.393725] 000779 000041
[host_monotonic_s=181300.393726] 000780 000036
[host_monotonic_s=181300.393728] 000781 000026
[host_monotonic_s=181300.393730] 000782 000033
[host_monotonic_s=181300.393731] 000783 000036
[host_monotonic_s=181300.393732] 000784 000028
[host_monotonic_s=181300.393734] 000785 000033
[host_monotonic_s=181300.393735] 000786 000046
[host_monotonic_s=181300.393736] 000787 000036
[host_monotonic_s=181300.393738] 000788 000036
[host_monotonic_s=181300.398205] 000789 000032
[host_monotonic_s=181300.404827] 000790 000024
[host_monotonic_s=181300.408356] 000791 000038
[host_monotonic_s=181300.410968] 000792 000043
[host_monotonic_s=181300.414217] 000793 000032
[host_monotonic_s=181300.417337] 000794 000035
[host_monotonic_s=181300.419975] 000795 000040
[host_monotonic_s=181300.422734] 000796 000031
[host_monotonic_s=181300.425644] 000797 000032
[host_monotonic_s=181300.428333] 000798 000048
[host_monotonic_s=181300.431036] 000799 000044
[host_monotonic_s=181300.434153] 000800 000029
[host_monotonic_s=181300.437059] 000801 000031
[host_monotonic_s=181300.455110] 000802 000034
[host_monotonic_s=181300.484523] 000803 000034
[host_monotonic_s=181300.487269] 000804 000043
[host_monotonic_s=181300.489999] 000805 000043
[host_monotonic_s=181300.492950] 000806 000039
[host_monotonic_s=181300.513361] 000807 000044
[host_monotonic_s=181300.526164] 000808 000035
[host_monotonic_s=181300.529327] 000809 000039
[host_monotonic_s=181300.532241] 000810 000031
[host_monotonic_s=181300.535082] 000811 000037
[host_monotonic_s=181300.537798] 000812 000042
[host_monotonic_s=181300.540491] 000813 000031
[host_monotonic_s=181300.543241] 000814 000047
[host_monotonic_s=181300.546049] 000815 000035
[host_monotonic_s=181300.548761] 000816 000038
[host_monotonic_s=181300.551481] 000817 000034
[host_monotonic_s=181300.554437] 000818 000020
[host_monotonic_s=181300.557179] 000819 000033
[host_monotonic_s=181300.559910] 000820 000027
[host_monotonic_s=181300.562654] 000821 000038
[host_monotonic_s=181300.565717] 000822 000032
[host_monotonic_s=181300.568456] 000823 000030
[host_monotonic_s=181300.571172] 000824 000027
[host_monotonic_s=181300.583865] 000825 000028
[host_monotonic_s=181300.595410] 000826 000027
[host_monotonic_s=181300.624017] 000827 000028
[host_monotonic_s=181300.626952] 000828 000036
[host_monotonic_s=181300.629644] 000829 000030
[host_monotonic_s=181300.632490] 000830 000031
[host_monotonic_s=181300.635901] 000831 000032
[host_monotonic_s=181300.638641] 000832 000036
[host_monotonic_s=181300.641300] 000833 000029
[host_monotonic_s=181300.943906] 000834 000029
[host_monotonic_s=181300.943913] 000835 000027
[host_monotonic_s=181300.943914] 000836 000029
[host_monotonic_s=181300.943915] 000837 000033
[host_monotonic_s=181300.943916] 000838 000030
[host_monotonic_s=181300.943917] 000839 000033
[host_monotonic_s=181300.943918] 000840 000018
[host_monotonic_s=181300.943918] 000841 000023
[host_monotonic_s=181300.943919] 000842 000021
[host_monotonic_s=181300.943920] 000843 000030
[host_monotonic_s=181300.943921] 000844 000022
[host_monotonic_s=181300.943922] 000845 000023
[host_monotonic_s=181300.943923] 000846 000026
[host_monotonic_s=181300.943923] 000847 000015
[host_monotonic_s=181300.943924] 000848 000021
[host_monotonic_s=181300.943925] 000849 000024
[host_monotonic_s=181300.943925] 000850 000030
[host_monotonic_s=181300.943926] 000851 000025
[host_monotonic_s=181300.943927] 000852 000026
[host_monotonic_s=181300.947815] 000853 000019
[host_monotonic_s=181300.951399] 000854 000022
[host_monotonic_s=181300.954692] 000855 000021
[host_monotonic_s=181300.957475] 000856 000029
[host_monotonic_s=181300.960279] 000857 000034
[host_monotonic_s=181300.963521] 000858 000024
[host_monotonic_s=181300.966633] 000859 000018
[host_monotonic_s=181300.969424] 000860 000025
[host_monotonic_s=181300.975550] 000861 000032
[host_monotonic_s=181300.978269] 000862 000017
[host_monotonic_s=181300.981081] 000863 000018
[host_monotonic_s=181300.983966] 000864 000019
[host_monotonic_s=181300.993396] 000865 000027
[host_monotonic_s=181301.043955] 000866 000021
[host_monotonic_s=181301.046949] 000867 000028
[host_monotonic_s=181301.051524] 000868 000011
[host_monotonic_s=181301.064350] 000869 000011
[host_monotonic_s=181301.067306] 000870 000013
[host_monotonic_s=181301.070095] 000871 000021
[host_monotonic_s=181301.073318] 000872 000023
[host_monotonic_s=181301.076785] 000873 000016
[host_monotonic_s=181301.079979] 000874 000014
[host_monotonic_s=181301.083106] 000875 000013
[host_monotonic_s=181301.095845] 000876 000016
[host_monotonic_s=181301.098865] 000877 000016
[host_monotonic_s=181301.101628] 000878 000011
[host_monotonic_s=181301.104799] 000879 000014
[host_monotonic_s=181301.107548] 000880 000024
[host_monotonic_s=181301.110307] 000881 000011
[host_monotonic_s=181301.113511] 000882 000021
[host_monotonic_s=181301.116335] 000883 000017
[host_monotonic_s=181301.119213] 000884 000012
[host_monotonic_s=181301.122044] 000885 000015
[host_monotonic_s=181301.125342] 000886 000013
[host_monotonic_s=181301.128166] 000887 000016
[host_monotonic_s=181301.130856] 000888 000011
[host_monotonic_s=181301.133813] 000889 000013
[host_monotonic_s=181301.137250] 000890 000013
[host_monotonic_s=181301.140523] 000891 000015
[host_monotonic_s=181301.144044] 000892 000017
[host_monotonic_s=181301.155182] 000893 000014
[host_monotonic_s=181301.158267] 000894 000012
[host_monotonic_s=181301.161017] 000895 000009
[host_monotonic_s=181301.164120] 000896 000007
[host_monotonic_s=181301.166916] 000897 000007
[host_monotonic_s=181301.169803] 000898 000018
[host_monotonic_s=181301.172703] 000899 000016
[host_monotonic_s=181301.184112] 000900 000011
[host_monotonic_s=181301.186895] 000901 000010
[host_monotonic_s=181301.189620] 000902 000012
[host_monotonic_s=181301.192350] 000903 000012
[host_monotonic_s=181301.494644] 000904 000006
[host_monotonic_s=181301.494661] 000905 000015
[host_monotonic_s=181301.494665] 000906 000005
[host_monotonic_s=181301.494668] 000907 000011
[host_monotonic_s=181301.494671] 000908 000022
[host_monotonic_s=181301.494673] 000909 000011
[host_monotonic_s=181301.494675] 000910 000013
[host_monotonic_s=181301.494677] 000911 000012
[host_monotonic_s=181301.494678] 000912 000015
[host_monotonic_s=181301.494680] 000913 000019
[host_monotonic_s=181301.494682] 000914 000019
[host_monotonic_s=181301.494684] 000915 000010
[host_monotonic_s=181301.494686] 000916 000013
[host_monotonic_s=181301.494688] 000917 000016
[host_monotonic_s=181301.494689] 000918 000007
[host_monotonic_s=181301.494691] 000919 000005
[host_monotonic_s=181301.494693] 000920 000014
[host_monotonic_s=181301.494694] 000921 000009
[host_monotonic_s=181301.494696] 000922 000007
[host_monotonic_s=181301.503890] 000923 000010
[host_monotonic_s=181301.515507] 000924 000013
[host_monotonic_s=181301.518077] 000925 000009
[host_monotonic_s=181301.533881] 000926 000005
[host_monotonic_s=181301.536713] 000927 000011
[host_monotonic_s=181301.539678] 000928 000006
[host_monotonic_s=181301.542534] 000929 000006
[host_monotonic_s=181301.545406] 000930 000011
[host_monotonic_s=181301.548360] 000931 000008
[host_monotonic_s=181301.551708] 000932 000006
[host_monotonic_s=181301.555329] 000933 000008
[host_monotonic_s=181301.558547] 000934 000013
[host_monotonic_s=181301.561320] 000935 000008
[host_monotonic_s=181301.564504] 000936 000008
[host_monotonic_s=181301.596305] 000937 000007
[host_monotonic_s=181301.599244] 000938 000008
[host_monotonic_s=181301.601994] 000939 000006
[host_monotonic_s=181301.605067] 000940 000002
[host_monotonic_s=181301.607811] 000941 000009
[host_monotonic_s=181301.610506] 000942 000007
[host_monotonic_s=181301.613730] 000943 000005
[host_monotonic_s=181301.634425] 000944 000009
[host_monotonic_s=181301.655459] 000945 000010
[host_monotonic_s=181301.684089] 000946 000004
[host_monotonic_s=181301.687234] 000947 000005
[host_monotonic_s=181301.689876] 000948 000003
[host_monotonic_s=181301.692578] 000949 000008
[host_monotonic_s=181301.695615] 000950 000007
[host_monotonic_s=181301.698478] 000951 000004
[host_monotonic_s=181301.701200] 000952 000007
[host_monotonic_s=181301.704213] 000953 000004
[host_monotonic_s=181301.707165] 000954 000006
[host_monotonic_s=181301.710039] 000955 000003
[host_monotonic_s=181301.712843] 000956 000010
[host_monotonic_s=181301.716375] 000957 000007
[host_monotonic_s=181301.719347] 000958 000008
[host_monotonic_s=181301.722291] 000959 000004
[host_monotonic_s=181301.725178] 000960 000004
[host_monotonic_s=181301.728043] 000961 000007
[host_monotonic_s=181301.730659] 000962 000004
[host_monotonic_s=181301.733519] 000963 000007
[host_monotonic_s=181301.736181] 000964 000001
[host_monotonic_s=181301.739142] 000965 000007
[host_monotonic_s=181301.742259] 000966 000007
[host_monotonic_s=181302.044594] 000967 000004
[host_monotonic_s=181302.044599] 000968 000003
[host_monotonic_s=181302.044600] 000969 000007
[host_monotonic_s=181302.044601] 000970 000004
[host_monotonic_s=181302.044602] 000971 000003
[host_monotonic_s=181302.044602] 000972 000001
[host_monotonic_s=181302.044603] 000973 000005
[host_monotonic_s=181302.044603] 000974 000005
[host_monotonic_s=181302.044604] 000975 000005
[host_monotonic_s=181302.044604] 000976 000003
[host_monotonic_s=181302.044605] 000977 000007
[host_monotonic_s=181302.044605] 000978 000003
[host_monotonic_s=181302.044606] 000979 000009
[host_monotonic_s=181311.813310] 000980 000007
[host_monotonic_s=181311.816888] 000981 000004
[host_monotonic_s=181311.819766] 000982 000003
[host_monotonic_s=181311.822808] 000983 000003
[host_monotonic_s=181311.835395] 000984 000003
[host_monotonic_s=181311.838050] 000985 000001
[host_monotonic_s=181311.840945] 000986 000003
[host_monotonic_s=181311.843943] 000987 000002
[host_monotonic_s=181311.846898] 000988 000001
[host_monotonic_s=181311.850145] 000989 000004
[host_monotonic_s=181311.853530] 000990 000002
[host_monotonic_s=181311.884433] 000991 000006
[host_monotonic_s=181311.887683] 000992 000004
[host_monotonic_s=181311.893312] 000993 000003
[host_monotonic_s=181311.896561] 000994 000007
[host_monotonic_s=181311.899290] 000995 000001
[host_monotonic_s=181311.902072] 000996 000006
[host_monotonic_s=181312.203743] 000997 000002
[host_monotonic_s=181312.203757] 000998 000002
[host_monotonic_s=181312.203760] 000999 000003
[host_monotonic_s=181312.203762] 001000 000003
[host_monotonic_s=181312.203764] 001001 000003
[host_monotonic_s=181312.203766] 001003 000006
[host_monotonic_s=181312.203768] 001004 000005
[host_monotonic_s=181312.203770] 001006 000001
[host_monotonic_s=181312.203772] 001007 000002
[host_monotonic_s=181312.203774] 001008 000005
[host_monotonic_s=181312.203775] 001009 000003
[host_monotonic_s=181312.203777] 001010 000002
[host_monotonic_s=181312.203779] 001011 000001
[host_monotonic_s=181312.203781] 001012 000002
[host_monotonic_s=181312.203782] 001013 000002
[host_monotonic_s=181312.203784] 001014 000003
[host_monotonic_s=181312.203786] 001015 000002
[host_monotonic_s=181312.203788] 001017 000003
[host_monotonic_s=181312.204913] 001018 000002
[host_monotonic_s=181312.214032] 001019 000003
[host_monotonic_s=181312.217187] 001020 000001
[host_monotonic_s=181312.219898] 001021 000002
[host_monotonic_s=181312.222839] 001022 000003
[host_monotonic_s=181312.234093] 001023 000004
[host_monotonic_s=181312.254449] 001024 000003
[host_monotonic_s=181312.257288] 001025 000001
[host_monotonic_s=181312.260232] 001026 000001
[host_monotonic_s=181312.263257] 001027 000001
[host_monotonic_s=181312.275600] 001028 000004
[host_monotonic_s=181312.283315] 001029 000001
[host_monotonic_s=181312.295981] 001030 000001
[host_monotonic_s=181312.298733] 001031 000004
[host_monotonic_s=181312.301456] 001032 000002
[host_monotonic_s=181312.308093] 001033 000001
[host_monotonic_s=181312.311016] 001035 000001
[host_monotonic_s=181312.313806] 001036 000005
[host_monotonic_s=181312.316683] 001037 000004
[host_monotonic_s=181312.319341] 001038 000001
[host_monotonic_s=181312.322170] 001039 000002
[host_monotonic_s=181312.325291] 001040 000002
[host_monotonic_s=181312.355238] 001041 000001
[host_monotonic_s=181312.365612] 001043 000001
[host_monotonic_s=181312.368494] 001044 000001
[host_monotonic_s=181312.371147] 001045 000002
[host_monotonic_s=181312.393270] 001046 000004
[host_monotonic_s=181312.405616] 001047 000002
[host_monotonic_s=181312.408575] 001048 000001
[host_monotonic_s=181312.412178] 001049 000002
[host_monotonic_s=181312.415254] 001050 000002
[host_monotonic_s=181312.418007] 001052 000002
[host_monotonic_s=181312.420759] 001053 000001
[host_monotonic_s=181312.443357] 001055 000002
[host_monotonic_s=181312.753994] 001057 000001
[host_monotonic_s=181312.754016] 001058 000001
[host_monotonic_s=181312.754019] 001059 000001
[host_monotonic_s=181312.754021] 001060 000001
[host_monotonic_s=181312.754022] 001061 000002
[host_monotonic_s=181312.754024] 001062 000001
[host_monotonic_s=181312.754026] 001063 000001
[host_monotonic_s=181312.754027] 001064 000001
[host_monotonic_s=181312.754029] 001065 000003
[host_monotonic_s=181312.754030] 001069 000002
[host_monotonic_s=181312.754032] 001072 000001
[host_monotonic_s=181312.754033] 001073 000003
[host_monotonic_s=181312.754035] 001075 000002
[host_monotonic_s=181312.754036] 001076 000003
[host_monotonic_s=181312.754038] 001077 000004
[host_monotonic_s=181312.754039] 001080 000001
[host_monotonic_s=181312.754040] 001082 000001
[host_monotonic_s=181312.754042] 001083 000002
[host_monotonic_s=181312.754043] 001084 000002
[host_monotonic_s=181312.761618] 001086 000001
[host_monotonic_s=181312.765125] 001087 000002
[host_monotonic_s=181312.774830] 001088 000003
[host_monotonic_s=181312.777814] 001089 000001
[host_monotonic_s=181312.780535] 001091 000001
[host_monotonic_s=181312.783532] 001093 000002
[host_monotonic_s=181312.786220] 001094 000002
[host_monotonic_s=181312.788926] 001095 000003
[host_monotonic_s=181312.791650] 001096 000001
[host_monotonic_s=181312.794722] 001097 000001
[host_monotonic_s=181312.813326] 001098 000001
[host_monotonic_s=181312.816763] 001099 000001
[host_monotonic_s=181312.819822] 001100 000002
[host_monotonic_s=181312.822948] 001103 000001
[host_monotonic_s=181312.826262] 001104 000001
[host_monotonic_s=181312.833885] 001105 000001
[host_monotonic_s=181312.836899] 001106 000002
[host_monotonic_s=181312.839790] 001107 000001
[host_monotonic_s=181312.842587] 001108 000003
[host_monotonic_s=181312.855543] 001109 000001
[host_monotonic_s=181312.858706] 001111 000002
[host_monotonic_s=181312.867080] 001112 000002
[host_monotonic_s=181312.871588] 001113 000002
[host_monotonic_s=181312.875888] 001116 000001
[host_monotonic_s=181312.878686] 001117 000002
[host_monotonic_s=181312.882021] 001118 000001
[host_monotonic_s=181312.885576] 001121 000002
[host_monotonic_s=181312.888801] 001122 000001
[host_monotonic_s=181312.891932] 001125 000001
[host_monotonic_s=181312.895073] 001126 000001
[host_monotonic_s=181312.904340] 001127 000001
[host_monotonic_s=181312.907448] 001129 000001
[host_monotonic_s=181312.910129] 001130 000002
[host_monotonic_s=181312.912899] 001131 000001
[host_monotonic_s=181312.915893] 001137 000003
[host_monotonic_s=181312.918681] 001145 000001
[host_monotonic_s=181312.921354] 001148 000001
[host_monotonic_s=181312.924330] 001150 000001
[host_monotonic_s=181312.927083] 001152 000001
[host_monotonic_s=181312.929807] 001153 000001
[host_monotonic_s=181312.932573] 001154 000001
[host_monotonic_s=181312.935479] 001156 000004
[host_monotonic_s=181312.938178] 001158 000001
[host_monotonic_s=181312.941050] 001164 000001
[host_monotonic_s=181312.945329] 001167 000002
[host_monotonic_s=181312.948969] 001168 000001
[host_monotonic_s=181312.952337] 001172 000003
[host_monotonic_s=181312.960878] 001174 000002
[host_monotonic_s=181312.965115] 001175 000001
[host_monotonic_s=181312.975313] 001176 000002
[host_monotonic_s=181312.978486] 001177 000001
[host_monotonic_s=181312.981424] 001179 000001
[host_monotonic_s=181312.984457] 001184 000001
[host_monotonic_s=181312.987161] 001188 000004
[host_monotonic_s=181312.989907] 001191 000001
[host_monotonic_s=181312.992829] 001192 000004
[host_monotonic_s=181312.995892] 001194 000001
[host_monotonic_s=181312.998628] 001196 000001
[host_monotonic_s=181313.001303] 001200 000001
[host_monotonic_s=181313.304384] 001204 000001
[host_monotonic_s=181313.304398] 001205 000001
[host_monotonic_s=181313.304402] 001206 000001
[host_monotonic_s=181313.304405] 001207 000001
[host_monotonic_s=181313.304407] 001208 000001
[host_monotonic_s=181313.304409] 001214 000002
[host_monotonic_s=181313.304411] 001215 000002
[host_monotonic_s=181313.304413] 001216 000001
[host_monotonic_s=181313.304415] 001219 000001
[host_monotonic_s=181313.304417] 001220 000001
[host_monotonic_s=181313.304419] 001223 000001
[host_monotonic_s=181313.304421] 001224 000001
[host_monotonic_s=181313.304423] 001226 000001
[host_monotonic_s=181313.304424] 001228 000001
[host_monotonic_s=181313.304426] 001230 000001
[host_monotonic_s=181313.304428] 001231 000002
[host_monotonic_s=181313.304429] 001233 000001
[host_monotonic_s=181313.304431] 001235 000001
[host_monotonic_s=181313.304433] 001236 000002
[host_monotonic_s=181313.312375] 001237 000002
[host_monotonic_s=181313.317427] 001238 000001
[host_monotonic_s=181313.321908] 001239 000001
[host_monotonic_s=181313.345152] 001240 000001
[host_monotonic_s=181313.348151] 001242 000003
[host_monotonic_s=181313.351047] 001243 000001
[host_monotonic_s=181313.354519] 001245 000001
[host_monotonic_s=181313.357245] 001248 000003
[host_monotonic_s=181313.359959] 001253 000001
[host_monotonic_s=181313.362744] 001254 000001
[host_monotonic_s=181313.365761] 001255 000001
[host_monotonic_s=181313.368496] 001258 000002
[host_monotonic_s=181313.371658] 001260 000001
[host_monotonic_s=181313.384771] 001261 000001
[host_monotonic_s=181313.387583] 001266 000002
[host_monotonic_s=181313.390307] 001269 000001
[host_monotonic_s=181313.393255] 001279 000001
[host_monotonic_s=181313.396068] 001280 000001
[host_monotonic_s=181313.398758] 001281 000001
[host_monotonic_s=181313.401492] 001290 000002
[host_monotonic_s=181313.404631] 001293 000003
[host_monotonic_s=181313.407407] 001295 000001
[host_monotonic_s=181313.410079] 001299 000001
[host_monotonic_s=181313.423223] 001300 000001
[host_monotonic_s=181313.426238] 001302 000002
[host_monotonic_s=181313.428985] 001303 000001
[host_monotonic_s=181313.431690] 001304 000001
[host_monotonic_s=181313.435485] 001305 000002
[host_monotonic_s=181313.438708] 001307 000001
[host_monotonic_s=181313.442084] 001308 000003
[host_monotonic_s=181313.444928] 001314 000001
[host_monotonic_s=181313.447631] 001316 000001
[host_monotonic_s=181313.450343] 001322 000001
[host_monotonic_s=181313.453190] 001324 000001
[host_monotonic_s=181313.466894] 001328 000001
[host_monotonic_s=181313.473113] 001331 000001
[host_monotonic_s=181313.483599] 001333 000001
[host_monotonic_s=181313.533633] 001334 000001
[host_monotonic_s=181313.544367] 001342 000001
[host_monotonic_s=181313.863823] 001346 000001
[host_monotonic_s=181313.863839] 001348 000001
[host_monotonic_s=181313.863842] 001351 000001
[host_monotonic_s=181313.863845] 001353 000001
[host_monotonic_s=181313.863847] 001354 000002
[host_monotonic_s=181313.863849] 001360 000002
[host_monotonic_s=181313.863851] 001363 000001
[host_monotonic_s=181313.863853] 001368 000001
[host_monotonic_s=181313.863855] 001370 000002
[host_monotonic_s=181313.863857] 001372 000001
[host_monotonic_s=181313.863859] 001374 000001
[host_monotonic_s=181313.863861] 001375 000001
[host_monotonic_s=181313.863863] 001376 000002
[host_monotonic_s=181313.863865] 001377 000001
[host_monotonic_s=181313.863867] 001380 000001
[host_monotonic_s=181313.863868] 001384 000001
[host_monotonic_s=181313.863870] 001386 000001
[host_monotonic_s=181313.863872] 001388 000002
[host_monotonic_s=181313.870840] 001390 000001
[host_monotonic_s=181313.883804] 001392 000002
[host_monotonic_s=181313.886782] 001402 000002
[host_monotonic_s=181313.889527] 001403 000001
[host_monotonic_s=181313.892255] 001404 000002
[host_monotonic_s=181313.904828] 001406 000001
[host_monotonic_s=181313.907610] 001411 000001
[host_monotonic_s=181313.910301] 001412 000001
[host_monotonic_s=181313.913505] 001417 000001
[host_monotonic_s=181313.916376] 001420 000001
[host_monotonic_s=181313.919158] 001421 000001
[host_monotonic_s=181313.921881] 001424 000002
[host_monotonic_s=181313.924872] 001426 000001
[host_monotonic_s=181313.927576] 001430 000001
[host_monotonic_s=181313.930670] 001432 000001
[host_monotonic_s=181313.933844] 001441 000001
[host_monotonic_s=181313.937255] 001453 000002
[host_monotonic_s=181313.940045] 001459 000001
[host_monotonic_s=181313.942769] 001464 000002
[host_monotonic_s=181313.945655] 001465 000001
[host_monotonic_s=181313.948324] 001467 000001
[host_monotonic_s=181313.951067] 001468 000001
[host_monotonic_s=181313.954109] 001470 000002
[host_monotonic_s=181313.963269] 001471 000002
[host_monotonic_s=181313.966217] 001473 000001
[host_monotonic_s=181313.968965] 001476 000001
[host_monotonic_s=181313.971699] 001477 000001
[host_monotonic_s=181313.993615] 001485 000002
[host_monotonic_s=181314.006104] 001488 000001
[host_monotonic_s=181314.008974] 001490 000001
[host_monotonic_s=181314.011781] 001491 000001
[host_monotonic_s=181314.014818] 001493 000001
[host_monotonic_s=181314.017564] 001494 000001
[host_monotonic_s=181314.020249] 001495 000001
[host_monotonic_s=181314.023237] 001496 000001
[host_monotonic_s=181314.025975] 001500 000001
[host_monotonic_s=181314.028710] 001501 000002
[host_monotonic_s=181314.031416] 001502 000001
[host_monotonic_s=181314.034414] 001504 000002
[host_monotonic_s=181314.037170] 001505 000003
[host_monotonic_s=181314.039849] 001506 000001
[host_monotonic_s=181314.053569] 001507 000003
[host_monotonic_s=181314.056702] 001508 000001
[host_monotonic_s=181314.059857] 001509 000002
[host_monotonic_s=181314.063304] 001510 000002
[host_monotonic_s=181314.066340] 001511 000003
[host_monotonic_s=181314.069177] 001512 000001
[host_monotonic_s=181314.071963] 001514 000001
[host_monotonic_s=181314.074912] 001515 000002
[host_monotonic_s=181314.077620] 001516 000001
[host_monotonic_s=181324.594311] 001517 000001
[host_monotonic_s=181324.619930] 001519 000001
[host_monotonic_s=181324.622933] 001520 000002
[host_monotonic_s=181324.643669] 001521 000001
[host_monotonic_s=181324.646470] 001523 000003
[host_monotonic_s=181324.649591] 001524 000003
[host_monotonic_s=181324.652638] 001525 000001
[host_monotonic_s=181324.655670] 001527 000003
[host_monotonic_s=181324.658513] 001529 000002
[host_monotonic_s=181324.665282] 001530 000001
[host_monotonic_s=181324.668267] 001531 000004
[host_monotonic_s=181324.671502] 001534 000001
[host_monotonic_s=181324.674806] 001536 000002
[host_monotonic_s=181324.677948] 001537 000002
[host_monotonic_s=181324.680744] 001538 000002
[host_monotonic_s=181324.683985] 001539 000001
[host_monotonic_s=181324.693539] 001540 000001
[host_monotonic_s=181324.696487] 001541 000002
[host_monotonic_s=181324.699208] 001546 000001
[host_monotonic_s=181324.701963] 001549 000001
[host_monotonic_s=181324.705181] 001550 000001
[host_monotonic_s=181324.707950] 001551 000001
[host_monotonic_s=181324.713495] 001555 000001
[host_monotonic_s=181324.716616] 001557 000001
[host_monotonic_s=181324.719499] 001558 000003
[host_monotonic_s=181324.743211] 001565 000001
[host_monotonic_s=181325.043777] 001567 000002
[host_monotonic_s=181325.043789] 001572 000001
[host_monotonic_s=181325.043792] 001573 000002
[host_monotonic_s=181325.043795] 001575 000001
[host_monotonic_s=181325.043797] 001576 000001
[host_monotonic_s=181325.043799] 001581 000001
[host_monotonic_s=181325.043800] 001582 000001
[host_monotonic_s=181325.043802] 001588 000001
[host_monotonic_s=181325.043803] 001590 000001
[host_monotonic_s=181325.043805] 001591 000001
[host_monotonic_s=181325.043807] 001592 000001
[host_monotonic_s=181325.043808] 001596 000001
[host_monotonic_s=181325.043810] 001599 000001
[host_monotonic_s=181325.043811] 001600 000001
[host_monotonic_s=181325.043813] 001605 000001
[host_monotonic_s=181325.043814] 001607 000001
[host_monotonic_s=181325.043815] 001614 000001
[host_monotonic_s=181325.043817] 001616 000002
[host_monotonic_s=181325.049118] 001624 000001
[host_monotonic_s=181325.063484] 001628 000001
[host_monotonic_s=181325.066702] 001629 000001
[host_monotonic_s=181325.070650] 001632 000001
[host_monotonic_s=181325.076663] 001636 000001
[host_monotonic_s=181325.079469] 001637 000001
[host_monotonic_s=181325.082672] 001638 000001
[host_monotonic_s=181325.086100] 001639 000002
[host_monotonic_s=181325.095748] 001640 000001
[host_monotonic_s=181325.099296] 001644 000002
[host_monotonic_s=181325.102285] 001646 000001
[host_monotonic_s=181325.105873] 001650 000001
[host_monotonic_s=181325.109262] 001652 000001
[host_monotonic_s=181325.112460] 001659 000001
[host_monotonic_s=181325.116054] 001662 000001
[host_monotonic_s=181325.118983] 001669 000001
[host_monotonic_s=181325.121736] 001673 000001
[host_monotonic_s=181325.125657] 001679 000001
[host_monotonic_s=181325.129526] 001683 000001
[host_monotonic_s=181325.132196] 001686 000001
[host_monotonic_s=181325.144306] 001687 000001
[host_monotonic_s=181325.151245] 001689 000001
[host_monotonic_s=181325.154833] 001694 000001
[host_monotonic_s=181325.157992] 001701 000002
[host_monotonic_s=181325.160814] 001722 000001
[host_monotonic_s=181325.163892] 001726 000001
[host_monotonic_s=181325.166749] 001730 000001
[host_monotonic_s=181325.169465] 001731 000003
[host_monotonic_s=181325.172420] 001736 000001
[host_monotonic_s=181325.175819] 001743 000001
[host_monotonic_s=181325.178950] 001748 000001
[host_monotonic_s=181325.182193] 001749 000001
[host_monotonic_s=181325.195772] 001751 000001
[host_monotonic_s=181325.199558] 001758 000001
[host_monotonic_s=181325.204173] 001762 000001
[host_monotonic_s=181325.208308] 001772 000002
[host_monotonic_s=181325.211698] 001780 000002
[host_monotonic_s=181325.215379] 001785 000001
[host_monotonic_s=181325.218114] 001788 000001
[host_monotonic_s=181325.220827] 001789 000001
[host_monotonic_s=181325.233412] 001797 000001
[host_monotonic_s=181325.237274] 001802 000001
[host_monotonic_s=181325.240386] 001810 000001
[host_monotonic_s=181325.243588] 001815 000001
[host_monotonic_s=181325.246692] 001825 000002
[host_monotonic_s=181325.249416] 001833 000001
[host_monotonic_s=181325.252491] 001836 000001
[host_monotonic_s=181325.256038] 001838 000001
[host_monotonic_s=181325.265055] 001846 000001
[host_monotonic_s=181325.267802] 001851 000001
[host_monotonic_s=181325.270557] 001853 000001
[host_monotonic_s=181325.273374] 001859 000001
[host_monotonic_s=181325.276089] 001869 000001
[host_monotonic_s=181325.278892] 001871 000001
[host_monotonic_s=181325.281667] 001874 000001
[host_monotonic_s=181325.594070] 001876 000001
[host_monotonic_s=181325.594086] 001882 000001
[host_monotonic_s=181325.594088] 001884 000001
[host_monotonic_s=181325.594091] 001891 000002
[host_monotonic_s=181325.594093] 001907 000001
[host_monotonic_s=181325.594096] 001920 000001
[host_monotonic_s=181325.594098] 001932 000001
[host_monotonic_s=181325.594100] 001956 000001
[host_monotonic_s=181325.594103] 001971 000001
[host_monotonic_s=181325.594105] 002050 000001
[host_monotonic_s=181325.594107] 002112 000001
[host_monotonic_s=181325.594109] 002115 000001
[host_monotonic_s=181325.594112] 002127 000001
[host_monotonic_s=181325.594113] 002134 000001
[host_monotonic_s=181325.594116] 002139 000001
[host_monotonic_s=181325.594117] 002258 000001
[host_monotonic_s=181325.594119] 002261 000001
[host_monotonic_s=181325.594121] 002305 000001
[host_monotonic_s=181325.594123] 002339 000001
[host_monotonic_s=181325.601225] 002362 000001
[host_monotonic_s=181325.606558] 002408 000001
[host_monotonic_s=181325.609633] 002410 000001
[host_monotonic_s=181325.612447] 002433 000001
[host_monotonic_s=181325.625602] 002445 000001
[host_monotonic_s=181325.634211] 002447 000001
[host_monotonic_s=181325.653244] 002453 000001
[host_monotonic_s=181325.657696] 002469 000001
[host_monotonic_s=181325.660622] 002471 000001
[host_monotonic_s=181325.673862] 002482 000001
[host_monotonic_s=181325.677057] 002506 000001
[host_monotonic_s=181325.679869] 002509 000001
[host_monotonic_s=181325.682697] 002518 000001
[host_monotonic_s=181325.700173] 002519 000001
[host_monotonic_s=181325.703102] 002525 000001
[host_monotonic_s=181325.705818] 002532 000001
[host_monotonic_s=181325.708867] 002537 000001
[host_monotonic_s=181325.711940] 002543 000001
[host_monotonic_s=181325.715542] 002546 000001
[host_monotonic_s=181325.718923] 002555 000001
[host_monotonic_s=181325.722065] 002569 000001
[host_monotonic_s=181325.725234] 002577 000001
[host_monotonic_s=181325.735087] 002584 000001
[host_monotonic_s=181325.744679] 002585 000001
[host_monotonic_s=181325.747763] 002587 000001
[host_monotonic_s=181325.750506] 002592 000001
[host_monotonic_s=181325.753791] 002605 000001
[host_monotonic_s=181325.756584] 002616 000001
[host_monotonic_s=181325.759297] 002618 000001
[host_monotonic_s=181325.762054] 002635 000001
[host_monotonic_s=181325.765314] 002645 000001
[host_monotonic_s=181325.768325] 002647 000001
[host_monotonic_s=181325.771014] 002657 000002
[host_monotonic_s=181325.773937] 002705 000001
[host_monotonic_s=181325.777369] 002738 000001
[host_monotonic_s=181325.780496] 002746 000002
[host_monotonic_s=181325.783821] 002756 000002
[host_monotonic_s=181325.786701] 002765 000001
[host_monotonic_s=181325.789613] 002768 000001
[host_monotonic_s=181325.792563] 002786 000001
[host_monotonic_s=181325.799454] 002795 000001
[host_monotonic_s=181325.806062] 002820 000001
[host_monotonic_s=181325.809592] 002830 000001
[host_monotonic_s=181325.813739] 002833 000001
[host_monotonic_s=181325.816779] 002838 000001
[host_monotonic_s=181325.819597] 002867 000001
[host_monotonic_s=181325.822502] 002869 000002
[host_monotonic_s=181325.833771] 002871 000001
[host_monotonic_s=181326.144493] 002892 000001
[host_monotonic_s=181326.144506] 002893 000001
[host_monotonic_s=181326.144508] 002895 000001
[host_monotonic_s=181326.144511] 002908 000001
[host_monotonic_s=181326.144513] 002911 000001
[host_monotonic_s=181326.144515] 002916 000001
[host_monotonic_s=181326.144517] 002941 000001
[host_monotonic_s=181326.144519] 002962 000001
[host_monotonic_s=181326.144520] 003012 000001
[host_monotonic_s=181326.144522] 003089 000001
[host_monotonic_s=181326.144524] 003129 000001
[host_monotonic_s=181326.144525] 003164 000001
[host_monotonic_s=181326.144527] 003172 000001
[host_monotonic_s=181326.144529] 003224 000001
[host_monotonic_s=181326.144530] 003231 000001
[host_monotonic_s=181326.144532] 003431 000001
[host_monotonic_s=181326.144533] 003446 000002
[host_monotonic_s=181326.144535] 003450 000001
[host_monotonic_s=181326.145975] 003506 000001
[host_monotonic_s=181326.163233] 003507 000001
[host_monotonic_s=181326.166304] 003531 000001
[host_monotonic_s=181326.170016] 003540 000001
[host_monotonic_s=181326.173567] 003546 000001
[host_monotonic_s=181326.176689] 003547 000001
[host_monotonic_s=181326.179403] 003556 000001
[host_monotonic_s=181326.182181] 003578 000001
[host_monotonic_s=181326.185210] 003580 000001
[host_monotonic_s=181326.188074] 003589 000001
[host_monotonic_s=181326.190770] 003601 000001
[host_monotonic_s=181326.193700] 003606 000001
[host_monotonic_s=181326.196455] 003651 000001
[host_monotonic_s=181326.199194] 003659 000001
[host_monotonic_s=181326.201940] 003660 000001
[host_monotonic_s=181326.204750] 003683 000001
[host_monotonic_s=181326.207503] 003692 000001
[host_monotonic_s=181326.210557] 003696 000001
[host_monotonic_s=181326.213769] 003701 000001
[host_monotonic_s=181326.216984] 003704 000001
[host_monotonic_s=181326.219884] 003711 000001
[host_monotonic_s=181326.222644] 003720 000001
[host_monotonic_s=181326.253828] 003748 000001
[host_monotonic_s=181326.256721] 003788 000001
[host_monotonic_s=181326.259439] 003791 000001
[host_monotonic_s=181326.262220] 003799 000001
[host_monotonic_s=181326.265289] 003843 000001
[host_monotonic_s=181326.268022] 003859 000001
[host_monotonic_s=181326.270740] 003864 000001
[host_monotonic_s=181326.273921] 003880 000001
[host_monotonic_s=181326.278083] 004015 000001
[host_monotonic_s=181326.281409] 004024 000001
[host_monotonic_s=181326.284302] 004492 000001
[host_monotonic_s=181326.287090] 004508 000001
[host_monotonic_s=181326.290117] 004522 000001
[host_monotonic_s=181326.292827] 004540 000001
[host_monotonic_s=181326.295938] 004545 000001
[host_monotonic_s=181326.298775] 004546 000001
[host_monotonic_s=181326.301545] 004547 000001
[host_monotonic_s=181326.304369] 004565 000001
[host_monotonic_s=181326.307114] 004581 000001
[host_monotonic_s=181326.309814] 004584 000001
[host_monotonic_s=181326.312601] 004590 000001
[host_monotonic_s=181326.315703] 004599 000001
[host_monotonic_s=181326.318391] 004617 000001
[host_monotonic_s=181326.321067] 004625 000001
[host_monotonic_s=181326.324425] 004627 000001
[host_monotonic_s=181326.327200] 004646 000001
[host_monotonic_s=181326.329967] 004647 000001
[host_monotonic_s=181326.332683] 004649 000001
[host_monotonic_s=181326.335659] 004659 000001
[host_monotonic_s=181326.338714] 004682 000001
[host_monotonic_s=181326.341958] 004685 000001
[host_monotonic_s=181326.345126] 004704 000001
[host_monotonic_s=181326.347963] 004718 000001
[host_monotonic_s=181326.350837] 004736 000001
[host_monotonic_s=181326.353965] 004750 000001
[host_monotonic_s=181326.356794] 004762 000001
[host_monotonic_s=181326.359621] 004782 000001
[host_monotonic_s=181326.362772] 004785 000001
[host_monotonic_s=181326.365768] 004791 000001
[host_monotonic_s=181326.368527] 004792 000001
[host_monotonic_s=181326.371466] 004796 000001
[host_monotonic_s=181326.374412] 004814 000001
[host_monotonic_s=181326.377140] 004846 000001
[host_monotonic_s=181326.379876] 004892 000001
[host_monotonic_s=181326.382868] 004914 000001
[host_monotonic_s=181326.385943] 004923 000001
[host_monotonic_s=181326.388775] 004929 000001
[host_monotonic_s=181326.391757] 005504 000001
[host_monotonic_s=181326.694813] 005510 000001
[host_monotonic_s=181326.694825] 005520 000001
[host_monotonic_s=181326.694828] 005533 000001
[host_monotonic_s=181326.694831] 005544 000001
[host_monotonic_s=181326.694832] 005562 000001
[host_monotonic_s=181326.694834] 005566 000001
[host_monotonic_s=181326.694836] 005568 000001
[host_monotonic_s=181326.694837] 005570 000001
[host_monotonic_s=181326.694839] 005571 000001
[host_monotonic_s=181326.694841] 005580 000001
[host_monotonic_s=181326.694842] 005587 000001
[host_monotonic_s=181326.694844] 005610 000001
[host_monotonic_s=181326.694845] 005645 000001
[host_monotonic_s=181326.694847] 005655 000001
[host_monotonic_s=181326.694848] 005672 000001
[host_monotonic_s=181326.694850] 005691 000001
[host_monotonic_s=181326.694851] 005696 000001
[host_monotonic_s=181326.694853] 005712 000001
[host_monotonic_s=181326.694854] 005741 000001
[host_monotonic_s=181333.909442] 005764 000001
[host_monotonic_s=181333.909453] 005801 000001
[host_monotonic_s=181333.909455] 005823 000001
[host_monotonic_s=181333.909457] 005835 000001
[host_monotonic_s=181333.909459] 005845 000001
[host_monotonic_s=181333.909460] 005849 000001
[host_monotonic_s=181333.909462] 005858 000001
[host_monotonic_s=181333.909463] 005867 000001
[host_monotonic_s=181333.909465] 005868 000001
[host_monotonic_s=181333.909466] 005871 000001
[host_monotonic_s=181333.909468] 005881 000001
[host_monotonic_s=181333.909469] 005893 000001
[host_monotonic_s=181333.909471] 005913 000001
[host_monotonic_s=181333.909472] 005918 000001
[host_monotonic_s=181333.909474] 005934 000001
[host_monotonic_s=181333.909475] 005939 000001
[host_monotonic_s=181333.909476] 005989 000001
[host_monotonic_s=181333.909477] 006496 000001
[host_monotonic_s=181333.909479] 006503 000001
[host_monotonic_s=181333.916171] 006522 000001
[host_monotonic_s=181333.919303] 006526 000001
[host_monotonic_s=181333.922116] 006533 000001
[host_monotonic_s=181333.933533] 006541 000001
[host_monotonic_s=181333.955286] 006555 000002
[host_monotonic_s=181333.958024] 006565 000001
[host_monotonic_s=181333.960718] 006568 000001
[host_monotonic_s=181333.963691] 006603 000001
[host_monotonic_s=181333.966474] 006618 000001
[host_monotonic_s=181333.969184] 006628 000001
[host_monotonic_s=181333.971904] 006633 000001
[host_monotonic_s=181333.974976] 006681 000001
[host_monotonic_s=181333.977979] 006688 000001
[host_monotonic_s=181333.981145] 006711 000001
[host_monotonic_s=181333.984307] 006721 000001
[host_monotonic_s=181333.987142] 006796 000001
[host_monotonic_s=181333.989893] 006830 000001
[host_monotonic_s=181333.992592] 006852 000001
[host_monotonic_s=181334.013751] 006855 000002
[host_monotonic_s=181334.016659] 006882 000001
[host_monotonic_s=181334.019433] 006901 000001
[host_monotonic_s=181334.022265] 006914 000001
[host_monotonic_s=181334.025069] 006948 000001
[host_monotonic_s=181334.027720] 007315 000001
[host_monotonic_s=181334.030430] 007413 000001
[host_monotonic_s=181334.033208] 007473 000001
[host_monotonic_s=181334.036211] 007494 000001
[host_monotonic_s=181334.039266] 007498 000001
[host_monotonic_s=181334.042353] 007524 000001
[host_monotonic_s=181334.045767] 007542 000001
[host_monotonic_s=181334.048492] 007544 000001
[host_monotonic_s=181334.051195] 007556 000001
[host_monotonic_s=181334.053986] 007559 000001
[host_monotonic_s=181334.056831] 007566 000001
[host_monotonic_s=181334.059551] 007569 000001
[host_monotonic_s=181334.074612] 007573 000001
[host_monotonic_s=181334.077587] 007581 000001
[host_monotonic_s=181334.080216] 007583 000001
[host_monotonic_s=181334.083115] 007596 000001
[host_monotonic_s=181334.086034] 007604 000001
[host_monotonic_s=181334.088922] 007606 000001
[host_monotonic_s=181334.091868] 007607 000001
[host_monotonic_s=181334.094841] 007629 000001
[host_monotonic_s=181334.097527] 007634 000001
[host_monotonic_s=181334.100783] 007643 000001
[host_monotonic_s=181334.103964] 007653 000001
[host_monotonic_s=181334.108053] 007655 000001
[host_monotonic_s=181334.115452] 007660 000001
[host_monotonic_s=181334.118159] 007664 000001
[host_monotonic_s=181334.120863] 007666 000001
[host_monotonic_s=181334.123688] 007670 000001
[host_monotonic_s=181334.126438] 007671 000001
[host_monotonic_s=181334.129120] 007678 000001
[host_monotonic_s=181334.131974] 007682 000002
[host_monotonic_s=181334.154507] 007687 000001
[host_monotonic_s=181334.157290] 007694 000001
[host_monotonic_s=181334.460048] 007695 000002
[host_monotonic_s=181334.460067] 007703 000001
[host_monotonic_s=181334.460071] 007710 000001
[host_monotonic_s=181334.460075] 007724 000001
[host_monotonic_s=181334.460078] 007730 000001
[host_monotonic_s=181334.460081] 007790 000001
[host_monotonic_s=181334.460084] 007813 000001
[host_monotonic_s=181334.460088] 007816 000001
[host_monotonic_s=181334.460091] 007847 000001
[host_monotonic_s=181334.460095] 007850 000001
[host_monotonic_s=181334.460098] 007863 000001
[host_monotonic_s=181334.460101] 007865 000001
[host_monotonic_s=181334.460104] 007866 000001
[host_monotonic_s=181334.460108] 007880 000001
[host_monotonic_s=181334.460110] 007889 000001
[host_monotonic_s=181334.460113] 007891 000001
[host_monotonic_s=181334.460116] 007904 000001
[host_monotonic_s=181334.460119] 007909 000001
[host_monotonic_s=181334.460122] 007915 000001
[host_monotonic_s=181334.467697] 007926 000001
[host_monotonic_s=181334.475236] 007929 000001
[host_monotonic_s=181334.477977] 008327 000001
[host_monotonic_s=181334.480745] 008431 000001
[host_monotonic_s=181334.483602] 008545 000001
[host_monotonic_s=181334.486362] 008548 000001
[host_monotonic_s=181334.489079] 008552 000001
[host_monotonic_s=181334.491876] 008553 000001
[host_monotonic_s=181334.494694] 008565 000002
[host_monotonic_s=181334.497405] 008568 000001
[host_monotonic_s=181334.500150] 008569 000001
[host_monotonic_s=181334.502999] 008570 000001
[host_monotonic_s=181334.505758] 008585 000001
[host_monotonic_s=181334.508492] 008589 000001
[host_monotonic_s=181334.511190] 008591 000001
[host_monotonic_s=181334.514107] 008597 000001
[host_monotonic_s=181334.517321] 008617 000001
[host_monotonic_s=181334.520499] 008631 000001
[host_monotonic_s=181334.523740] 008647 000001
[host_monotonic_s=181334.526442] 008648 000001
[host_monotonic_s=181334.529142] 008652 000001
[host_monotonic_s=181334.531873] 008654 000001
[host_monotonic_s=181334.534874] 008664 000001
[host_monotonic_s=181334.537910] 008668 000001
[host_monotonic_s=181334.540627] 008670 000001
[host_monotonic_s=181334.543666] 008672 000001
[host_monotonic_s=181334.546447] 008677 000001
[host_monotonic_s=181334.549242] 008695 000001
[host_monotonic_s=181334.551998] 008701 000001
[host_monotonic_s=181334.555195] 008705 000001
[host_monotonic_s=181334.557909] 008710 000001
[host_monotonic_s=181334.560623] 008716 000001
[host_monotonic_s=181334.563524] 008720 000001
[host_monotonic_s=181334.566241] 008729 000001
[host_monotonic_s=181334.568954] 008743 000001
[host_monotonic_s=181334.571676] 008749 000001
[host_monotonic_s=181334.584897] 008773 000001
[host_monotonic_s=181334.603311] 008788 000001
[host_monotonic_s=181334.606389] 008795 000001
[host_monotonic_s=181334.609105] 008821 000001
[host_monotonic_s=181334.611806] 008828 000001
[host_monotonic_s=181334.614594] 008829 000001
[host_monotonic_s=181334.617394] 008846 000002
[host_monotonic_s=181334.620059] 008848 000001
[host_monotonic_s=181334.622864] 008851 000001
[host_monotonic_s=181334.625588] 008859 000001
[host_monotonic_s=181334.628280] 008862 000001
[host_monotonic_s=181334.631015] 008868 000001
[host_monotonic_s=181334.633857] 008870 000001
[host_monotonic_s=181334.636658] 008873 000001
[host_monotonic_s=181334.639426] 008877 000001
[host_monotonic_s=181334.642668] 008883 000001
[host_monotonic_s=181334.645926] 008889 000002
[host_monotonic_s=181334.649309] 008895 000001
[host_monotonic_s=181334.652080] 008896 000001
[host_monotonic_s=181334.655135] 008900 000001
[host_monotonic_s=181334.673984] 008916 000001
[host_monotonic_s=181334.676766] 008928 000001
[host_monotonic_s=181334.679489] 008939 000001
[host_monotonic_s=181334.682256] 008995 000001
[host_monotonic_s=181334.695213] 009008 000001
[host_monotonic_s=181334.697953] 009533 000001
[host_monotonic_s=181334.700666] 009564 000002
[host_monotonic_s=181334.703886] 009568 000001
[host_monotonic_s=181334.707446] 009574 000001
[host_monotonic_s=181335.010371] 009588 000001
[host_monotonic_s=181335.010385] 009598 000001
[host_monotonic_s=181335.010389] 009603 000001
[host_monotonic_s=181335.010391] 009609 000001
[host_monotonic_s=181335.010393] 009655 000001
[host_monotonic_s=181335.010395] 009661 000001
[host_monotonic_s=181335.010397] 009663 000001
[host_monotonic_s=181335.010399] 009664 000001
[host_monotonic_s=181335.010401] 009667 000001
[host_monotonic_s=181335.010402] 009670 000001
[host_monotonic_s=181335.010404] 009676 000001
[host_monotonic_s=181335.010406] 009684 000001
[host_monotonic_s=181335.010409] 009685 000001
[host_monotonic_s=181335.010411] 009690 000001
[host_monotonic_s=181335.010413] 009695 000001
[host_monotonic_s=181335.010414] 009696 000002
[host_monotonic_s=181335.010415] 009710 000001
[host_monotonic_s=181335.010417] 009725 000001
[host_monotonic_s=181335.010419] 009731 000001
[host_monotonic_s=181335.017594] 009757 000001
[host_monotonic_s=181335.020655] 009771 000001
[host_monotonic_s=181335.023579] 009775 000001
[host_monotonic_s=181335.026316] 009783 000001
[host_monotonic_s=181335.029045] 009801 000001
[host_monotonic_s=181335.031938] 009802 000001
[host_monotonic_s=181335.034874] 009813 000001
[host_monotonic_s=181335.037597] 009829 000001
[host_monotonic_s=181335.040310] 009848 000001
[host_monotonic_s=181335.043091] 009866 000001
[host_monotonic_s=181335.045777] 009879 000001
[host_monotonic_s=181335.048480] 009890 000001
[host_monotonic_s=181335.051404] 009905 000001
[host_monotonic_s=181335.063283] 009907 000001
[host_monotonic_s=181335.076204] 009908 000001
[host_monotonic_s=181335.079343] 009934 000001
[host_monotonic_s=181335.082419] 009951 000001
[host_monotonic_s=181335.085497] 010439 000001
[host_monotonic_s=181335.093489] 010589 000001
[host_monotonic_s=181335.096451] 010593 000001
[host_monotonic_s=181335.099147] 010602 000001
[host_monotonic_s=181335.101842] 010677 000001
[host_monotonic_s=181335.104723] 010689 000001
[host_monotonic_s=181335.107413] 010690 000001
[host_monotonic_s=181335.110089] 010711 000001
[host_monotonic_s=181335.114414] 010717 000001
[host_monotonic_s=181335.117215] 010720 000001
[host_monotonic_s=181335.119908] 010721 000001
[host_monotonic_s=181335.122705] 010724 000001
[host_monotonic_s=181335.133818] 010781 000001
[host_monotonic_s=181335.136811] 010807 000001
[host_monotonic_s=181335.139881] 010819 000001
[host_monotonic_s=181335.143029] 010822 000001
[host_monotonic_s=181335.146412] 010825 000001
[host_monotonic_s=181335.149783] 010850 000001
[host_monotonic_s=181335.152926] 010887 000001
[host_monotonic_s=181335.155955] 010903 000001
[host_monotonic_s=181335.158961] 010908 000001
[host_monotonic_s=181335.164672] 010921 000001
[host_monotonic_s=181335.167641] 010926 000001
[host_monotonic_s=181335.170346] 010946 000001
[host_monotonic_s=181335.173160] 011000 000001
[host_monotonic_s=181335.176272] 011052 000001
[host_monotonic_s=181335.178976] 014593 000001
[host_monotonic_s=181335.181822] 019226 000001
[host_monotonic_s=181335.186268] # Min Latencies: 00156
[host_monotonic_s=181335.190575] # Avg Latencies: 00601
[host_monotonic_s=181335.195354] # Max Latencies: 307933
[host_monotonic_s=181335.200788] # Histogram Overflows: 00012
[host_monotonic_s=181335.209208] # Histogram Overflow at cycle number:
[host_monotonic_s=181335.244962] # Thread 0: 00365 00852 48759 49780 50278 50730 51230 51719 54847 56362 56798 63880
[host_monotonic_s=181335.245386] 
[host_monotonic_s=181335.253073] RT_CYCLICTEST_TIMING_END uptime_s=178.79
[host_monotonic_s=181335.257525] RT_CYCLICTEST_COMPLETE
[host_monotonic_s=181335.266723] stress-ng: info:  [68] stopping 3 stressors
[host_monotonic_s=181335.270157] RT_STRESS_STOP
[host_monotonic_s=181335.277521] stress-ng: info:  [68] skipped: 0
[host_monotonic_s=181335.287047] stress-ng: info:  [68] passed: 3: cpu (2) vm (1)
[host_monotonic_s=181335.293605] stress-ng: info:  [68] failed: 0
[host_monotonic_s=181335.302466] stress-ng: info:  [68] metrics untrustworthy: 0
[host_monotonic_s=181335.318452] stress-ng: info:  [68] successful run completed in 2 mins 27.88 secs
[host_monotonic_s=181335.338512] RT_CPUSTAT sample=0 cpu=cpu0 user=6 nice=0 system=252 idle=2472 iowait=0 irq=118 softirq=2 steal=0
[host_monotonic_s=181336.151596] RT_CPUSTAT sample=0 cpu=cpu1 user=0 nice=0 system=7 idle=3247 iowait=0 irq=7 softirq=0 steal=0
[host_monotonic_s=181336.151602] RT_CPUSTAT sample=1 cpu=cpu0 user=284 nice=0 system=293 idle=2472 iowait=0 irq=222 softirq=2 steal=0
[host_monotonic_s=181336.151602] RT_CPUSTAT sample=1 cpu=cpu1 user=1 nice=0 system=10 idle=3640 iowait=0 irq=83 softirq=0 steal=0
[host_monotonic_s=181336.196717] RT_CPUSTAT sample=2 cpu=cpu0 user=643 nice=0 system=311 idle=2472 iowait=0 irq=341 softirq=3 steal=0
[host_monotonic_s=181336.233919] RT_CPUSTAT sample=2 cpu=cpu1 user=1 nice=0 system=13 idle=4009 iowait=0 irq=172 softirq=0 steal=0
[host_monotonic_s=181336.280691] RT_CPUSTAT sample=3 cpu=cpu0 user=966 nice=0 system=347 idle=2472 iowait=0 irq=481 softirq=3 steal=0
[host_monotonic_s=181336.310028] RT_CPUSTAT sample=3 cpu=cpu1 user=1 nice=0 system=16 idle=4377 iowait=0 irq=261 softirq=0 steal=0
[host_monotonic_s=181336.329009] RT_CPUSTAT sample=4 cpu=cpu0 user=1314 nice=0 system=380 idle=2472 iowait=0 irq=592 softirq=4 steal=0
[host_monotonic_s=181336.374320] RT_CPUSTAT sample=4 cpu=cpu1 user=2 nice=0 system=18 idle=4749 iowait=0 irq=351 softirq=0 steal=0
[host_monotonic_s=181336.703777] RT_CPUSTAT sample=5 cpu=cpu0 user=1671 nice=0 system=405 idle=2472 iowait=0 irq=720 softirq=4 steal=0
[host_monotonic_s=181336.703792] RT_CPUSTAT sample=5 cpu=cpu1 user=2 nice=0 system=20 idle=5124 iowait=0 irq=441 softirq=0 steal=0
[host_monotonic_s=181336.703795] RT_CPUSTAT sample=6 cpu=cpu0 user=2023 nice=0 system=433 idle=2472 iowait=0 irq=841 softirq=4 steal=0
[host_monotonic_s=181336.714319] RT_CPUSTAT sample=6 cpu=cpu1 user=2 nice=0 system=21 idle=5496 iowait=0 irq=534 softirq=0 steal=0
[host_monotonic_s=181336.734680] RT_CPUSTAT sample=7 cpu=cpu0 user=2380 nice=0 system=450 idle=2472 iowait=0 irq=968 softirq=5 steal=0
[host_monotonic_s=181336.753469] RT_CPUSTAT sample=7 cpu=cpu1 user=4 nice=0 system=23 idle=5869 iowait=0 irq=625 softirq=0 steal=0
[host_monotonic_s=181336.817800] RT_CPUSTAT sample=8 cpu=cpu0 user=2737 nice=0 system=465 idle=2472 iowait=0 irq=1080 softirq=5 steal=0
[host_monotonic_s=181336.837329] RT_CPUSTAT sample=8 cpu=cpu1 user=5 nice=0 system=23 idle=6237 iowait=0 irq=717 softirq=1 steal=0
[host_monotonic_s=181336.859295] RT_CPUSTAT sample=9 cpu=cpu0 user=3086 nice=0 system=483 idle=2472 iowait=0 irq=1212 softirq=5 steal=0
[host_monotonic_s=181336.936916] RT_CPUSTAT sample=9 cpu=cpu1 user=5 nice=0 system=25 idle=6600 iowait=0 irq=808 softirq=1 steal=0
[host_monotonic_s=181337.263634] RT_CPUSTAT sample=10 cpu=cpu0 user=3452 nice=0 system=504 idle=2472 iowait=0 irq=1319 softirq=6 steal=0
[host_monotonic_s=181337.263644] RT_CPUSTAT sample=10 cpu=cpu1 user=5 nice=0 system=28 idle=6970 iowait=0 irq=899 softirq=1 steal=0
[host_monotonic_s=181337.263647] RT_CPUSTAT sample=11 cpu=cpu0 user=3800 nice=0 system=520 idle=2472 iowait=0 irq=1421 softirq=6 steal=0
[host_monotonic_s=181337.291047] RT_CPUSTAT sample=11 cpu=cpu1 user=5 nice=0 system=31 idle=7343 iowait=0 irq=988 softirq=1 steal=0
[host_monotonic_s=181337.360466] RT_CPUSTAT sample=12 cpu=cpu0 user=4157 nice=0 system=532 idle=2472 iowait=0 irq=1533 softirq=7 steal=0
[host_monotonic_s=181337.380296] RT_CPUSTAT sample=12 cpu=cpu1 user=7 nice=0 system=33 idle=7705 iowait=0 irq=1085 softirq=1 steal=0
[host_monotonic_s=181337.414798] RT_CPUSTAT sample=13 cpu=cpu0 user=4524 nice=0 system=544 idle=2472 iowait=0 irq=1652 softirq=7 steal=0
[host_monotonic_s=181337.432274] RT_CPUSTAT sample=13 cpu=cpu1 user=7 nice=0 system=36 idle=8070 iowait=0 irq=1178 softirq=1 steal=0
[host_monotonic_s=181337.466960] RT_CPUSTAT sample=14 cpu=cpu0 user=4875 nice=0 system=562 idle=2472 iowait=0 irq=1779 softirq=7 steal=0
[host_monotonic_s=181337.497720] RT_CPUSTAT sample=14 cpu=cpu1 user=8 nice=0 system=39 idle=8444 iowait=0 irq=1265 softirq=1 steal=0
[host_monotonic_s=181337.814056] RT_CPUSTAT sample=15 cpu=cpu0 user=5198 nice=0 system=609 idle=2472 iowait=0 irq=1901 softirq=8 steal=0
[host_monotonic_s=181337.814071] RT_CPUSTAT sample=15 cpu=cpu1 user=8 nice=0 system=40 idle=8810 iowait=0 irq=1359 softirq=1 steal=0
[host_monotonic_s=181337.814074] RT_CPUSTAT sample=16 cpu=cpu0 user=5518 nice=0 system=643 idle=2472 iowait=0 irq=2044 softirq=8 steal=0
[host_monotonic_s=181337.906105] RT_CPUSTAT sample=16 cpu=cpu1 user=8 nice=0 system=43 idle=9178 iowait=0 irq=1451 softirq=1 steal=0
[host_monotonic_s=181337.933572] RT_CPUSTAT sample=17 cpu=cpu0 user=5887 nice=0 system=666 idle=2472 iowait=0 irq=2148 softirq=9 steal=0
[host_monotonic_s=181337.955699] RT_CPUSTAT sample=17 cpu=cpu1 user=9 nice=0 system=47 idle=9545 iowait=0 irq=1543 softirq=1 steal=0
[host_monotonic_s=181337.975834] RT_CPUSTAT sample=18 cpu=cpu0 user=6474 nice=0 system=725 idle=2472 iowait=0 irq=2405 softirq=9 steal=0
[host_monotonic_s=181338.006020] RT_CPUSTAT sample=18 cpu=cpu1 user=12 nice=0 system=51 idle=10556 iowait=0 irq=1614 softirq=2 steal=0
[host_monotonic_s=181338.026999] RT_CPUSTAT sample=19 cpu=cpu0 user=7147 nice=0 system=782 idle=2472 iowait=0 irq=2681 softirq=10 steal=0
[host_monotonic_s=181338.046144] RT_CPUSTAT sample=19 cpu=cpu1 user=12 nice=0 system=51 idle=11796 iowait=0 irq=1614 softirq=2 steal=0
[host_monotonic_s=181338.373577] RT_CPUSTAT sample=20 cpu=cpu0 user=7749 nice=0 system=878 idle=2472 iowait=0 irq=2909 softirq=10 steal=0
[host_monotonic_s=181339.084355] RT_CPUSTAT sample=20 cpu=cpu1 user=12 nice=0 system=51 idle=12967 iowait=0 irq=1614 softirq=2 steal=0
[host_monotonic_s=181339.084369] RT_CPUSTAT sample=21 cpu=cpu0 user=8436 nice=0 system=932 idle=2472 iowait=0 irq=3206 softirq=11 steal=0
[host_monotonic_s=181339.084372] RT_CPUSTAT sample=21 cpu=cpu1 user=12 nice=0 system=51 idle=14229 iowait=0 irq=1614 softirq=2 steal=0
[host_monotonic_s=181339.106670] RT_CPUSTAT sample=22 cpu=cpu0 user=9054 nice=0 system=1000 idle=2472 iowait=0 irq=3524 softirq=12 steal=0
[host_monotonic_s=181339.126986] RT_CPUSTAT sample=22 cpu=cpu1 user=12 nice=0 system=51 idle=15449 iowait=0 irq=1614 softirq=2 steal=0
[host_monotonic_s=181340.173667] RT_INIT_DONE scenario=stress-noiso
[host_monotonic_s=181340.497081] [  193.716439] reboot: Power down
[host_monotonic_s=181340.497087] [37m[197.171705 2:18 axvm::runtime::hvc:352] [33mVM[1] PSCI_SYSTEM_OFF[m
[host_monotonic_s=181340.497088] [m[37m[197.171917 2:18 axvm::vm:1374] [32mStopping VM[1]: SystemDown[m
[host_monotonic_s=181340.497122] [m[37m[197.172494 2:18 axvm::runtime::vcpus:559] [33mVM[1] VCpu[0] stopping because of VM stopping[m
[host_monotonic_s=181340.497123] 
[host_monotonic_s=181340.497621] [m[37m[197.172647 3:24 axvm::runtime::vcpus:559] [33mVM[1] VCpu[1] stopping because of VM stopping[m[Axvisor] VM[1] stopped; returning to the management shell
[host_monotonic_s=181340.497830] [m[37m[197.462782 2:18 axvm::runtime::vcpus:597] [32mVM[1] VCpu[0] exiting...[m
[host_monotonic_s=181340.497838] 
[host_monotonic_s=181340.498153] [m[37m[197.463075 3:24 axvm::runtime::vcpus:566] [32mVM[1] VCpu[1] last VCpu exiting, decreasing running VM count[m[2Kaxvisor:$ 
[host_monotonic_s=181340.499035] [m[37m[197.464168 3:24 axvm::runtime::vcpus:576] [32mVM[1] state changed to Stopped[m
[host_monotonic_s=181340.499179] [m[37m[197.464347 3:24 axvm::runtime::vcpus:597] [32mVM[1] VCpu[1] exiting...[m
[host_monotonic_s=181342.800959] [mrt_experiment end_ns=1786870298178651898 elapsed_ms=201042
