rt_experiment scenario=stress-noiso mode=duration start_ns=1786869105886464358 expected_runtime_sec=90
[host_monotonic_s=180151.797126] rt_burner=1:10:53:60000
[host_monotonic_s=180151.797427] VM Load @PA:0x40200000
[host_monotonic_s=180151.797566] VM Load Offset: 0xffff0000c0200000
[host_monotonic_s=180151.798838] Memory Map:
[host_monotonic_s=180151.800143]   Free   0x00000040000000 - 0x00000040200000 (2 MiB)
[host_monotonic_s=180151.800274]   KImg   0x00000040200000 - 0x00000044c00000 (74 MiB)
[host_monotonic_s=180151.801414]   Free   0x00000044c00000 - 0x00000240000000 (7.93 GiB)
[host_monotonic_s=180151.801584] Initialize RAM allocator: 0x44c00000..0x240000000
[host_monotonic_s=180151.829520] Reserving CPU-local areas
[host_monotonic_s=180151.831746] CPU-local area stride: 0x44000 bytes
[host_monotonic_s=180151.831943] Total CPU-local allocation: 0x110000 bytes (4 CPUs)
[host_monotonic_s=180151.832222] Flushed RAM used range to memory map: 0x44c00000..0x44d00000, current: 0x44d00000
[host_monotonic_s=180151.832405] Flushed RAM used range to memory map: 0x44d00000..0x44e10000, current: 0x44e10000
[host_monotonic_s=180151.833730] CPU-local areas allocated at 0x44d00000 - 0x44e10000
[host_monotonic_s=180151.833781] EL: 2
[host_monotonic_s=180151.833859] Mapping early memory regions...
[host_monotonic_s=180151.834714] Ram                 : [0x0000000040000000, 0x0000000240000000) -> [0x0000000040000000, 0x0000000240000000) (8 GiB)
[host_monotonic_s=180151.835241] KImage              : [0x0000ffff80000000, 0x0000ffff84a00000) -> [0x0000000040200000, 0x0000000044c00000) (74 MiB)
[host_monotonic_s=180151.835579] PerCpu              : [0x0000ff0044d00000, 0x0000ff0044e10000) -> [0x0000000044d00000, 0x0000000044e10000) (1.06 MiB)
[host_monotonic_s=180151.835927] Debug serial        : [0x0000000009000000, 0x0000000009001000) -> [0x0000000009000000, 0x0000000009001000) (4 KiB)
[host_monotonic_s=180151.836080] Boot page table at physical address: PA:0x44e10000
[host_monotonic_s=180151.836154] Setting up table registers...
[host_monotonic_s=180151.836326] MMU Entry point at physical address: 0x403b77f0
[host_monotonic_s=180151.841076] Trap vector at 0xffff801bd800
[host_monotonic_s=180151.841390] Memory Map:
[host_monotonic_s=180151.842650]   MMIO   0x00000009000000 - 0x00000009001000 (4 KiB)
[host_monotonic_s=180151.842780]   Free   0x00000040000000 - 0x00000040200000 (2 MiB)
[host_monotonic_s=180151.842905]   KImg   0x00000040200000 - 0x00000044c00000 (74 MiB)
[host_monotonic_s=180151.843013]   Rsv    0x00000044c00000 - 0x00000044d00000 (1 MiB)
[host_monotonic_s=180151.844048]   PerCPU 0x00000044d00000 - 0x00000044e10000 (1.06 MiB)
[host_monotonic_s=180151.844176]   Rsv    0x00000044e10000 - 0x00000044e1a000 (40 KiB)
[host_monotonic_s=180151.844569]   Free   0x00000044e1a000 - 0x00000240000000 (7.92 GiB)
[host_monotonic_s=180151.848559] Jumping to main entry point at 0xffff801a2e7c with SP 0x0000ff0044d44000
[host_monotonic_s=180151.850042] 
[host_monotonic_s=180151.850176]        d8888                            .d88888b.   .d8888b.
[host_monotonic_s=180151.850278]       d88888                           d88P" "Y88b d88P  Y88b
[host_monotonic_s=180151.850371]      d88P888                           888     888 Y88b.
[host_monotonic_s=180151.850476]     d88P 888 888d888  .d8888b  .d88b.  888     888  "Y888b.
[host_monotonic_s=180151.850580]    d88P  888 888P"   d88P"    d8P  Y8b 888     888     "Y88b.
[host_monotonic_s=180151.850681]   d88P   888 888     888      88888888 888     888       "888
[host_monotonic_s=180151.850785]  d8888888888 888     Y88b.    Y8b.     Y88b. .d88P Y88b  d88P
[host_monotonic_s=180151.850889] d88P     888 888      "Y8888P  "Y8888   "Y88888P"   "Y8888P"
[host_monotonic_s=180151.850909] 
[host_monotonic_s=180151.851257] arch = aarch64
[host_monotonic_s=180151.851313] platform = linux,dummy-virt
[host_monotonic_s=180151.851386] target = aarch64-unknown-none-softfloat
[host_monotonic_s=180151.851412] build_mode = 
[host_monotonic_s=180151.851445] log_level = info
[host_monotonic_s=180151.851499] backtrace = false
[host_monotonic_s=180151.851560] smp = 4
[host_monotonic_s=180151.851567] 
[host_monotonic_s=180151.852129] [37m[  0.060458 ax_runtime:222] [32mLogging is enabled.[m
[host_monotonic_s=180151.852337] [m[37m[  0.060907 ax_runtime:223] [32mPrimary CPU 0 started, arg = 0x44c00000.[m
[host_monotonic_s=180151.852489] [m[37m[  0.061088 ax_runtime:225] [32mFound physcial memory regions:[m
[host_monotonic_s=180151.853780] [m[37m[  0.062210 ax_runtime:227] [32m  [PA:0x9000000, PA:0x9001000) mmio (READ | WRITE | DEVICE | RESERVED)[m
[host_monotonic_s=180151.854019] [m[37m[  0.062520 ax_runtime:227] [32m  [PA:0x40000000, PA:0x40200000) free memory (READ | WRITE | FREE)[m
[host_monotonic_s=180151.854251] [m[37m[  0.062748 ax_runtime:227] [32m  [PA:0x40200000, PA:0x44c00000) reserved (READ | WRITE | EXECUTE | RESERVED)[m
[host_monotonic_s=180151.854462] [m[37m[  0.062978 ax_runtime:227] [32m  [PA:0x44c00000, PA:0x44d00000) reserved (READ | WRITE | EXECUTE | RESERVED)[m
[host_monotonic_s=180151.854673] [m[37m[  0.063190 ax_runtime:227] [32m  [PA:0x44d00000, PA:0x44e10000) reserved (READ | WRITE | EXECUTE | RESERVED)[m
[host_monotonic_s=180151.854901] [m[37m[  0.063402 ax_runtime:227] [32m  [PA:0x44e10000, PA:0x44e1a000) reserved (READ | WRITE | EXECUTE | RESERVED)[m
[host_monotonic_s=180151.855105] [m[37m[  0.063631 ax_runtime:227] [32m  [PA:0x44e1a000, PA:0x240000000) free memory (READ | WRITE | FREE)[m
[host_monotonic_s=180151.855273] [m[37m[  0.063864 ax_runtime:375] [32mInitialize global memory allocator...[m
[host_monotonic_s=180151.855463] [m[37m[  0.064053 ax_runtime:376] [32m  use buddy-slab-allocator allocator.[m
[host_monotonic_s=180151.855803] [m[37m[  0.064309 ax_alloc::buddy_slab:158] [32mInitialize global memory allocator, start_vaddr: 0x44e1a000, size: 0x1fb1e6000[m
[host_monotonic_s=180151.863088] [m[37m[  0.071651 ax_alloc::buddy_slab:424] [32mglobal allocator initialized[m
[host_monotonic_s=180151.863369] [m[37m[  0.071906 ax_alloc::buddy_slab:168] [32mAdd memory region, start_vaddr: 0x40000000, size: 0x200000[m
[host_monotonic_s=180151.863747] [m[37m[  0.072158 buddy_slab_allocator::global:151] [32mGlobalAllocator: skip region 0x40000000+0x200000, no allocator-visible memory after 2097152 alignment[m
[host_monotonic_s=180151.864049] [m[37m[  0.072610 ax_runtime:262] [32mkernel aspace: [VA:0x0, VA:0xffffffffffffffff)[m
[host_monotonic_s=180151.864285] [m[37m[  0.072875 ax_mm:107] [32mInitialize virtual memory management...[m
[host_monotonic_s=180152.665683] [m[37m[  0.671677 ax_runtime:274] [32mInitialize platform devices...[m
[host_monotonic_s=180152.665700] [m[37m[  0.678266 someboot::arch::power:23] [32mPower management method : SMC[m
[host_monotonic_s=180152.665704] [m[37m[  0.678477 somehal::driver:5] [32mInitializing rdrive with FDT at 0x44c00000[m
[host_monotonic_s=180152.665803] [m[37m[  0.691600 somehal::arch::gic::v3:274] [32mGICv3 CPU 0 EOI mode: two_step=true[m
[host_monotonic_s=180152.682191] [m[37m[  0.890789 ax_task::api:137] [32mInitialize scheduling...[m
[host_monotonic_s=180152.683534] [m[37m[  0.892112 ax_task::api:145] [32m  use FIFO scheduler.[m
[host_monotonic_s=180152.683797] [m[37m[  0.892439 ax_runtime:300] [32mInitialize interrupt handlers...[m
[host_monotonic_s=180152.686080] [m[37m[  0.894650 ax_runtime::devices:2] [32mProbe platform devices...[m
[host_monotonic_s=180152.700175] [m[37m[  0.908679 somehal::arch::gic::v3:274] [32mGICv3 CPU 1 EOI mode: two_step=true[m
[host_monotonic_s=180152.700639] [m[37m[  0.909204 ax_runtime::mp:79] [32mSecondary CPU 1 started.[m
[host_monotonic_s=180152.701709] [m[37m[  0.910261 ax_runtime::mp:110] [32mSecondary CPU 1 init OK.[m
[host_monotonic_s=180152.711087] [m[37m[  0.919588 somehal::arch::gic::v3:274] [32mGICv3 CPU 2 EOI mode: two_step=true[m
[host_monotonic_s=180152.711269] [m[37m[  0.919842 ax_runtime::mp:79] [32mSecondary CPU 2 started.[m
[host_monotonic_s=180152.711657] [m[37m[  0.920166 ax_runtime::mp:110] [32mSecondary CPU 2 init OK.[m
[host_monotonic_s=180152.722099] [m[37m[  0.930639 somehal::arch::gic::v3:274] [32mGICv3 CPU 3 EOI mode: two_step=true[m
[host_monotonic_s=180152.722271] [m[37m[  0.930855 ax_runtime::mp:79] [32mSecondary CPU 3 started.[m
[host_monotonic_s=180152.722438] [m[37m[  0.930944 ax_runtime:348] [32mPrimary CPU 0 init OK.[m
[host_monotonic_s=180152.722802] [m[37m[  0.931386 ax_runtime::mp:110] [32mSecondary CPU 3 init OK.[m
[host_monotonic_s=180152.725454] [m
[host_monotonic_s=180152.725777] 
[host_monotonic_s=180152.725794]        d8888            888     888  d8b
[host_monotonic_s=180152.725855]       d88888            888     888  Y8P
[host_monotonic_s=180152.725913]      d88P888            888     888
[host_monotonic_s=180152.726033]     d88P 888  888  888  Y88b   d88P  888  .d8888b    .d88b.   888d888
[host_monotonic_s=180152.726147]    d88P  888  `Y8bd8P'   Y88b d88P   888  88K       d88""88b  888P"
[host_monotonic_s=180152.726215]   d88P   888    X88K      Y88o88P    888  "Y8888b.  888  888  888
[host_monotonic_s=180152.726283]  d8888888888  .d8""8b.     Y888P     888       X88  Y88..88P  888
[host_monotonic_s=180152.726347] d88P     888  888  888      Y8P      888   88888P'   "Y88P"   888
[host_monotonic_s=180152.726433] 
[host_monotonic_s=180152.726435] 
[host_monotonic_s=180152.726436] by AxVisor Team
[host_monotonic_s=180152.726436] 
[host_monotonic_s=180152.726602] [37m[  0.935210 0:2 axvisor:75] [32mStarting virtualization...[m
[host_monotonic_s=180152.726796] [m[37m[  0.935403 0:2 axvm::host::arceos:352] [32mEnabling hardware virtualization support on all cores...[m
[host_monotonic_s=180152.726965] [m[37m[  0.935576 0:2 axvm::host::arceos:358] [32mCore 0 is initializing hardware virtualization support...[m
[host_monotonic_s=180152.727252] [m[37m[  0.935772 0:2 axvm::timer:318] [32mInitializing AxVM timer wheel...[m
[host_monotonic_s=180152.732704] [m[37m[  0.941281 0:2 axvm::host::arceos:360] [32mHardware virtualization support enabled on core 0[m
[host_monotonic_s=180152.733710] [m[37m[  0.942257 0:2 axvm::host::arceos:386] [32mWaiting for all cores to enable hardware virtualization...[m
[host_monotonic_s=180152.734388] [m[37m[  0.942781 3:13 axvm::host::arceos:370] [32mCore 3 is initializing hardware virtualization support...[m
[host_monotonic_s=180152.734555] [m[37m[  0.942836 1:11 axvm::host::arceos:370] [32mCore 1 is initializing hardware virtualization support...[m
[host_monotonic_s=180152.734729] [m[37m[  0.942798 2:12 axvm::host::arceos:370] [32mCore 2 is initializing hardware virtualization support...[m
[host_monotonic_s=180152.734944] [m[37m[  0.943124 3:13 axvm::timer:318] [32mInitializing AxVM timer wheel...[m
[host_monotonic_s=180152.735075] [m[37m[  0.943451 2:12 axvm::timer:318] [32mInitializing AxVM timer wheel...[m
[host_monotonic_s=180152.735197] [m[37m[  0.943284 1:11 axvm::timer:318] [32mInitializing AxVM timer wheel...[m
[host_monotonic_s=180152.735866] [m[37m[  0.944321 3:13 axvm::host::arceos:373] [32mHardware virtualization support enabled on core 3[m
[host_monotonic_s=180152.735996] [m[37m[  0.944332 1:11 axvm::host::arceos:373] [32mHardware virtualization support enabled on core 1[m
[host_monotonic_s=180152.736131] [m[37m[  0.944375 2:12 axvm::host::arceos:373] [32mHardware virtualization support enabled on core 2[m
[host_monotonic_s=180152.737419] [m[37m[  0.945978 0:2 axvm::host::arceos:402] [32mAll cores have enabled hardware virtualization support.[m
[host_monotonic_s=180152.737583] [m[37m[  0.946205 0:2 axvisor::config:90] [32mUsing static VM configs.[m
[host_monotonic_s=180152.754687] [m[37m[  0.961977 0:2 axvm::arch::aarch64::fdt::core:78] [32mVM[1] virtual GIC follows host firmware resources: GuestGicProfile { compatible: "arm,gic-v3", node_path: "/intc@8000000", node_phandle: Some(32773), distributor: GuestMmioRegion { base: 134217728, length: 65536 }, cpu_region: Redistributors(GuestGicRedistributorProfile { regions: [GuestMmioRegion { base: 134873088, length: 16121856 }], stride: 131072 }), its: [GuestItsProfile { id: ItsId(0), node_path: "/intc@8000000/its@8080000", node_phandle: Some(32774), registers: GuestMmioRegion { base: 134742016, length: 131072 } }] }[m
[host_monotonic_s=180152.756189] [m[37m[  0.964751 0:2 axvm::arch::aarch64::fdt::core:92] [32mVM[1] architectural timer follows host firmware PPIs[m
[host_monotonic_s=180152.760334] [m[37m[  0.968895 0:2 axvm::arch::aarch64::fdt::core::parser:462] [32mCPU node: /cpus/cpu@0, node_id: 0x0, hardware_cpu_id: 0x0[m
[host_monotonic_s=180152.760517] [m[37m[  0.969105 0:2 axvm::arch::aarch64::fdt::core::parser:462] [32mCPU node: /cpus/cpu@1, node_id: 0x1, hardware_cpu_id: 0x1[m
[host_monotonic_s=180152.760694] [m[37m[  0.969286 0:2 axvm::arch::aarch64::fdt::core::parser:462] [32mCPU node: /cpus/cpu@2, node_id: 0x2, hardware_cpu_id: 0x2[m
[host_monotonic_s=180152.760850] [m[37m[  0.969441 0:2 axvm::arch::aarch64::fdt::core::parser:462] [32mCPU node: /cpus/cpu@3, node_id: 0x3, hardware_cpu_id: 0x3[m
[host_monotonic_s=180152.761044] [m[37m[  0.969662 0:2 axvm::arch::aarch64::fdt::core::parser:469] [32mFound 4 host CPU nodes[m
[host_monotonic_s=180152.761564] [m[37m[  0.970120 0:2 axvm::arch::aarch64::fdt::core:143] [32mVM[1] DTB not found, generating from the VM configuration[m
[host_monotonic_s=180152.772836] [m[37m[  0.981267 0:2 axvm::arch::aarch64::fdt::core::device:96] [32mFound excluded devices: ["/intc@8000000", "/pl011@9000000", "/timer", "/intc@8000000/its@8080000"][m
[host_monotonic_s=180152.780765] [m[37m[  0.989297 0:2 axvm::arch::aarch64::fdt::core::device:96] [32mFound excluded devices: ["/intc@8000000", "/pl011@9000000", "/timer", "/intc@8000000/its@8080000"][m
[host_monotonic_s=180152.781938] [m[37m[  0.990508 0:2 axvisor::config:137] [32mCreating VM[1] "rt-partition-linux"[m
[host_monotonic_s=180152.799487] [m[37m[  1.008022 0:2 axvm::vm:1064] [32mVM created: id=1[m
[host_monotonic_s=180153.844225] [m[37m[  2.052723 0:2 axvisor::config:149] [32mVM[1] created success, loading images...[m
[host_monotonic_s=180154.250602] [m[37m[  2.158715 0:2 axvm::boot::images:137] [32mLoading ramdisk image from memory (19620641 bytes) into GPA @0x84000000[m
[host_monotonic_s=180154.250613] [m[37m[  2.214363 0:2 axdevice::device:1229] [32mDeviceRuntime: registered device id=0[m
[host_monotonic_s=180154.250616] [m[37m[  2.214792 0:2 axdevice::device:1229] [32mDeviceRuntime: registered device id=1[m
[host_monotonic_s=180154.250886] [m[37m[  2.215004 0:2 axdevice::device:1229] [32mDeviceRuntime: registered device id=2[m
[host_monotonic_s=180154.256555] [m[37m[  2.464963 0:2 axdevice::device:1229] [32mDeviceRuntime: registered device id=3[m
[host_monotonic_s=180154.259328] [m[37m[  2.467903 0:2 axdevice::device:1229] [32mDeviceRuntime: registered device id=4[m
[host_monotonic_s=180154.262855] [m[37m[  2.471402 0:2 axvm::vm::prepare:82] [32mVM setup: id=1[m
[host_monotonic_s=180154.266096] [m[37m[  2.474040 0:2 axvm::arch::aarch64::fdt::core:78] [32mVM[2] virtual GIC follows host firmware resources: GuestGicProfile { compatible: "arm,gic-v3", node_path: "/intc@8000000", node_phandle: Some(32773), distributor: GuestMmioRegion { base: 134217728, length: 65536 }, cpu_region: Redistributors(GuestGicRedistributorProfile { regions: [GuestMmioRegion { base: 134873088, length: 16121856 }], stride: 131072 }), its: [GuestItsProfile { id: ItsId(0), node_path: "/intc@8000000/its@8080000", node_phandle: Some(32774), registers: GuestMmioRegion { base: 134742016, length: 131072 } }] }[m
[host_monotonic_s=180154.266364] [m[37m[  2.474965 0:2 axvm::arch::aarch64::fdt::core:92] [32mVM[2] architectural timer follows host firmware PPIs[m
[host_monotonic_s=180154.269802] [m[37m[  2.478361 0:2 axvm::arch::aarch64::fdt::core::parser:462] [32mCPU node: /cpus/cpu@0, node_id: 0x0, hardware_cpu_id: 0x0[m
[host_monotonic_s=180154.269940] [m[37m[  2.478528 0:2 axvm::arch::aarch64::fdt::core::parser:462] [32mCPU node: /cpus/cpu@1, node_id: 0x1, hardware_cpu_id: 0x1[m
[host_monotonic_s=180154.270106] [m[37m[  2.478683 0:2 axvm::arch::aarch64::fdt::core::parser:462] [32mCPU node: /cpus/cpu@2, node_id: 0x2, hardware_cpu_id: 0x2[m
[host_monotonic_s=180154.270266] [m[37m[  2.478850 0:2 axvm::arch::aarch64::fdt::core::parser:462] [32mCPU node: /cpus/cpu@3, node_id: 0x3, hardware_cpu_id: 0x3[m
[host_monotonic_s=180154.270408] [m[37m[  2.479027 0:2 axvm::arch::aarch64::fdt::core::parser:469] [32mFound 4 host CPU nodes[m
[host_monotonic_s=180154.270544] [m[37m[  2.479140 0:2 axvm::arch::aarch64::fdt::core:143] [32mVM[2] DTB not found, generating from the VM configuration[m
[host_monotonic_s=180154.277590] [m[37m[  2.486126 0:2 axvm::arch::aarch64::fdt::core::device:96] [32mFound excluded devices: ["/intc@8000000", "/pl011@9000000", "/timer", "/intc@8000000/its@8080000"][m
[host_monotonic_s=180154.282287] [m[37m[  2.490813 0:2 axvm::arch::aarch64::fdt::core::device:96] [32mFound excluded devices: ["/intc@8000000", "/pl011@9000000", "/timer", "/intc@8000000/its@8080000"][m
[host_monotonic_s=180154.282931] [m[37m[  2.491501 0:2 axvisor::config:137] [32mCreating VM[2] "upstream-dev-zephyr"[m
[host_monotonic_s=180154.284111] [m[37m[  2.492694 0:2 axvm::vm:1064] [32mVM created: id=2[m
[host_monotonic_s=180155.085273] [m[37m[  3.014208 0:2 axvisor::config:149] [32mVM[2] created success, loading images...[m
[host_monotonic_s=180155.085286] [m[37m[  3.018768 0:2 axdevice::device:1229] [32mDeviceRuntime: registered device id=0[m
[host_monotonic_s=180155.085418] [m[37m[  3.018901 0:2 axdevice::device:1229] [32mDeviceRuntime: registered device id=1[m
[host_monotonic_s=180155.086182] [m[37m[  3.294171 0:2 axdevice::device:1229] [32mDeviceRuntime: registered device id=2[m
[host_monotonic_s=180155.087033] [m[37m[  3.295340 0:2 axdevice::device:1229] [32mDeviceRuntime: registered device id=3[m
[host_monotonic_s=180155.087685] [m[37m[  3.296118 0:2 axvm::vm::prepare:82] [32mVM setup: id=2[m
[host_monotonic_s=180155.088776] [m[37m[  3.297228 0:2 axvm::runtime:42] [32mInitializing VMM...[m
[host_monotonic_s=180155.093615] [m[37m[  3.302191 0:2 axvm::runtime:53] [32mVMM starting, booting VMs...[m
[host_monotonic_s=180155.093772] [m[37m[  3.302412 0:2 axvm::vm:1279] [32mStarting VM[1][m
[host_monotonic_s=180155.093996] [m[37m[  3.302620 0:2 axvm::runtime::vcpus:369] [32mSpawning task for VM[1] VCpu[0][m
[host_monotonic_s=180155.094539] [m[37m[  3.303060 0:2 axvm::runtime::vcpus:386] [32mVCpu task Task(18, "VM[1]-VCpu[0]") created cpumask: [2, ][m
[host_monotonic_s=180155.098418] [m[37m[  3.306982 0:2 axvm::runtime:61] [32mVM[1] boot success[m
[host_monotonic_s=180155.098469] [m[37m[  3.307060 2:18 axvm::runtime::vcpus:440] [32mVM[1] VCpu[0] waiting for running[m
[host_monotonic_s=180155.098542] [m[37m[  3.307094 0:2 axvm::vm:1279] [32mStarting VM[2][m
[host_monotonic_s=180155.098649] [m[37m[  3.307275 0:2 axvm::runtime::vcpus:369] [32mSpawning task for VM[2] VCpu[0][m
[host_monotonic_s=180155.098920] [m[37m[  3.307511 2:18 axvm::runtime::vcpus:478] [32mVM[1] VCpu[0] running...[m
[host_monotonic_s=180155.099025] [m[37m[  3.307536 0:2 axvm::runtime::vcpus:386] [32mVCpu task Task(20, "VM[2]-VCpu[0]") created cpumask: [1, ][m
[host_monotonic_s=180155.099315] [m[37m[  3.307947 0:2 axvm::runtime:61] [32mVM[2] boot success[m
[host_monotonic_s=180155.099481] [m[37m[  3.308071 1:20 axvm::runtime::vcpus:440] [32mVM[2] VCpu[0] waiting for running[m
[host_monotonic_s=180155.099596] [m[37m[  3.308219 1:20 axvm::runtime::vcpus:478] [32mVM[2] VCpu[0] running...[m
[host_monotonic_s=180155.100538] [m[37m[  3.309159 0:2 axvisor:92] [32m[OK] Default guest initialized[m
[host_monotonic_s=180155.105661] [m[37m[  3.314092 1:17 axvisor::rt_burner:41] [32mRT_BURNER_ARMED cpu=1 start_delay_ms=60000[m
[host_monotonic_s=180155.140973] [m[37m[  3.349548 2:18 axvm::runtime::hvc:258] [32mVM[1] PSCI_FEATURES function_id=0x80000000[m
[host_monotonic_s=180155.142361] [m[37m[  3.350899 2:18 axvm::runtime::hvc:258] [32mVM[1] PSCI_FEATURES function_id=0xc4000001[m
[host_monotonic_s=180155.142749] [m[37m[  3.351294 2:18 axvm::runtime::hvc:258] [32mVM[1] PSCI_FEATURES function_id=0xc400000e[m
[host_monotonic_s=180155.152143] [m[37m[  3.360634 2:18 axvm::runtime::hvc:258] [32mVM[1] PSCI_FEATURES function_id=0xc4000012[m
[host_monotonic_s=180155.152514] [m[37m[  3.361072 2:18 axvm::runtime::hvc:258] [32mVM[1] PSCI_FEATURES function_id=0xc4000015[m
[host_monotonic_s=180155.162978] [m[VM 2] *** Booting Zephyr OS build v3.7.0 ***
[host_monotonic_s=180155.175182] [VM 2] PERIODIC LATENCY READY
[host_monotonic_s=180155.374669] [37m[  3.583162 2:18 axvm::runtime::hvc:272] [32mVM[1] PSCI_CPU_ON target=0x3 entry=0x8228158c context=0x0[m
[host_monotonic_s=180155.375337] [m[37m[  3.583934 2:18 axvm::runtime::vcpus:369] [32mSpawning task for VM[1] VCpu[1][m
[host_monotonic_s=180155.375542] [m[37m[  3.584109 2:18 axvm::runtime::vcpus:386] [32mVCpu task Task(24, "VM[1]-VCpu[1]") created cpumask: [3, ][m
[host_monotonic_s=180155.376404] [m[37m[  3.584877 3:24 axvm::runtime::vcpus:440] [32mVM[1] VCpu[1] waiting for running[m
[host_monotonic_s=180155.377186] [m[37m[  3.585576 3:24 axvm::runtime::vcpus:478] [32mVM[1] VCpu[1] running...[m
[host_monotonic_s=180155.983292] [m[VM 1] [    0.000000] Booting Linux on physical CPU 0x0000000002 [0x410fd083]
[host_monotonic_s=180155.983308] [VM 1] [    0.000000] Linux version 7.1.0-rc2-g74fe02ce122a (runner@s1lqc) (aarch64-linux-gnu-gcc (Ubuntu 13.3.0-6ubuntu2~24.04) 13.3.0, GNU ld (GNU Binutils for Ubuntu) 2.42) #2 SMP PREEMPT Mon Jun  8 08:07:46 UTC 2026
[host_monotonic_s=180155.983312] [VM 1] [    0.000000] KASLR disabled due to lack of seed
[host_monotonic_s=180156.008271] [VM 1] [    0.000000] Machine model: linux,dummy-virt
[host_monotonic_s=180156.044683] [VM 1] [    0.000000] efi: UEFI not found.
[host_monotonic_s=180156.115844] [VM 1] [    0.000000] OF: reserved mem: Reserved memory: No reserved-memory node in the DT
[host_monotonic_s=180156.157994] [VM 1] [    0.000000] NUMA: Faking a node at [mem 0x0000000080000000-0x00000000bfffffff]
[host_monotonic_s=180156.194711] [VM 1] [    0.000000] NODE_DATA(0) allocated [mem 0xbfe07e40-0xbfe0a53f]
[host_monotonic_s=180156.545594] [VM 1] [    0.000000] cma: Reserved 32 MiB at 0x00000000bde00000
[host_monotonic_s=180156.545614] [VM 1] [    0.000000] psci: probing for conduit method from DT.
[host_monotonic_s=180156.545618] [VM 1] [    0.000000] psci: PSCIv1.1 detected in firmware.
[host_monotonic_s=180156.545622] [VM 1] [    0.000000] psci: Using standard PSCI v0.2 function IDs
[host_monotonic_s=180156.545625] [VM 1] [    0.000000] psci: Trusted OS migration not required
[host_monotonic_s=180156.546471] [VM 1] [    0.000000] psci: SMC Calling Convention v65535.65535
[host_monotonic_s=180156.595216] [VM 1] [    0.000000] Zone ranges:
[host_monotonic_s=180156.622108] [VM 1] [    0.000000]   DMA      [mem 0x0000000080000000-0x00000000bfffffff]
[host_monotonic_s=180156.644775] [VM 1] [    0.000000]   DMA32    empty
[host_monotonic_s=180156.653567] [VM 1] [    0.000000]   Normal   empty
[host_monotonic_s=180156.681372] [VM 1] [    0.000000] Movable zone start for each node
[host_monotonic_s=180156.717416] [VM 1] [    0.000000] Early memory node ranges
[host_monotonic_s=180156.756840] [VM 1] [    0.000000]   node   0: [mem 0x0000000080000000-0x00000000bfffffff]
[host_monotonic_s=180157.103726] [VM 1] [    0.000000] Initmem setup node 0 [mem 0x0000000080000000-0x00000000bfffffff]
[host_monotonic_s=180157.103750] [VM 1] [    0.000000] percpu: Embedded 26 pages/cpu s66584 r8192 d31720 u106496
[host_monotonic_s=180157.103754] [VM 1] [    0.000000] Detected PIPT I-cache on CPU0
[host_monotonic_s=180157.103758] [VM 1] [    0.000000] CPU features: detected: GICv3 CPU interface
[host_monotonic_s=180157.103761] [VM 1] [    0.000000] CPU features: detected: Spectre-v2
[host_monotonic_s=180157.104173] [VM 1] [    0.000000] CPU features: detected: Spectre-v3a
[host_monotonic_s=180157.141719] [VM 1] [    0.000000] CPU features: detected: Spectre-v4
[host_monotonic_s=180157.181798] [VM 1] [    0.000000] CPU features: detected: Spectre-BHB
[host_monotonic_s=180157.226562] [VM 1] [    0.000000] CPU features: detected: ARM erratum 1742098
[host_monotonic_s=180157.303976] [VM 1] [    0.000000] CPU features: detected: ARM errata 1165522, 1319367, or 1530923
[host_monotonic_s=180157.342460] [VM 1] [    0.000000] alternatives: applying boot alternatives
[host_monotonic_s=180157.831090] [VM 1] [    0.000000] Kernel command line: console=ttyAMA0 devtmpfs.mount=1 loglevel=7 isolcpus=1 nohz_full=1 irqaffinity=0 rt_scenario=stress-noiso rt_cpu=1 rt_load_cpu=0 rt_loops=0 rt_duration_sec=90 rt_interval_us=1000 rt_maxlat_us=20000 rt_priority=90 rt_start_delay_sec=25
[host_monotonic_s=180157.831221] [VM 1] [    0.000000] Housekeeping: nohz unsupported. Build with CONFIG_NO_HZ_FULL
[host_monotonic_s=180157.959909] [VM 1] [    0.000000] Unknown kernel command line parameters "nohz_full=1 rt_scenario=stress-noiso rt_cpu=1 rt_load_cpu=0 rt_loops=0 rt_duration_sec=90 rt_interval_us=1000 rt_maxlat_us=20000 rt_priority=90 rt_start_delay_sec=25", will be passed to user space.
[host_monotonic_s=180158.012422] [VM 1] [    0.000000] printk: log buffer data + meta data: 131072 + 458752 = 589824 bytes
[host_monotonic_s=180158.051999] [VM 1] [    0.000000] Dentry cache hash table entries: 131072 (order: 8, 1048576 bytes, linear)
[host_monotonic_s=180158.138509] [VM 1] [    0.000000] Inode-cache hash table entries: 65536 (order: 7, 524288 bytes, linear)
[host_monotonic_s=180158.438998] [VM 1] [    0.000000] software IO TLB: SWIOTLB bounce buffer size adjusted to 1MB
[host_monotonic_s=180158.439026] [VM 1] [    0.000000] software IO TLB: area num 2.
[host_monotonic_s=180158.439030] [VM 1] [    0.000000] software IO TLB: mapped [mem 0x00000000bcb00000-0x00000000bcc00000] (1MB)
[host_monotonic_s=180158.439034] [VM 1] [    0.000000] Fallback order for Node 0: 0 
[host_monotonic_s=180158.542664] [VM 1] [    0.000000] Built 1 zonelists, mobility grouping on.  Total pages: 262144
[host_monotonic_s=180158.573307] [VM 1] [    0.000000] Policy zone: DMA
[host_monotonic_s=180158.634141] [VM 1] [    0.000000] mem auto-init: stack:all(zero), heap alloc:off, heap free:off
[host_monotonic_s=180158.683981] [VM 1] [    0.000000] SLUB: HWalign=64, Order=0-3, MinObjects=0, CPUs=2, Nodes=1
[host_monotonic_s=180159.018546] [VM 1] [    0.000000] rcu: Preemptible hierarchical RCU implementation.
[host_monotonic_s=180159.018553] [VM 1] [    0.000000] rcu: 	RCU event tracing is enabled.
[host_monotonic_s=180159.018554] [VM 1] [    0.000000] rcu: 	RCU restricting CPUs from NR_CPUS=512 to nr_cpu_ids=2.
[host_monotonic_s=180159.018555] [VM 1] [    0.000000] 	Trampoline variant of Tasks RCU enabled.
[host_monotonic_s=180159.018628] [VM 1] [    0.000000] 	Tracing variant of Tasks RCU enabled.
[host_monotonic_s=180159.060570] [VM 1] [    0.000000] rcu: RCU calculated value of scheduler-enlistment delay is 25 jiffies.
[host_monotonic_s=180159.108497] [VM 1] [    0.000000] rcu: Adjusting geometry for rcu_fanout_leaf=16, nr_cpu_ids=2
[host_monotonic_s=180159.203356] [VM 1] [    0.000000] RCU Tasks: Setting shift to 1 and lim to 1 rcu_task_cb_adjust=1 rcu_task_cpu_ids=2.
[host_monotonic_s=180159.232628] [VM 1] [    0.000000] NR_IRQS: 64, nr_irqs: 64, preallocated irqs: 0
[host_monotonic_s=180159.572176] [VM 1] [    0.000000] GICv3: 256 SPIs implemented
[host_monotonic_s=180159.572187] [VM 1] [    0.000000] GICv3: 0 Extended SPIs implemented
[host_monotonic_s=180159.572190] [VM 1] [    0.000000] Root IRQ handler: gic_handle_irq
[host_monotonic_s=180159.572192] [VM 1] [    0.000000] GICv3: GICv3 features: 16 PPIs, RSS
[host_monotonic_s=180159.572194] [VM 1] [    0.000000] GICv3: GICD_CTLR.DS=0, SCR_EL3.FIQ=0
[host_monotonic_s=180159.572539] [VM 1] [    0.000000] GICv3: CPU0: found redistributor 2 region 0:0x00000000080a0000
[host_monotonic_s=180159.606098] [VM 1] [    0.000000] ITS [mem 0x08080000-0x0809ffff]
[host_monotonic_s=180159.693786] [VM 1] [    0.000000] ITS@0x0000000008080000: allocated 8192 Devices @83860000 (indirect, esz 8, psz 64K, shr 1)
[host_monotonic_s=180159.740473] [VM 1] [    0.000000] ITS@0x0000000008080000: allocated 8192 Interrupt Collections @83870000 (flat, esz 8, psz 64K, shr 1)
[host_monotonic_s=180160.124385] [VM 1] [    0.000000] GICv3: using LPI property table @0x0000000083880000
[host_monotonic_s=180160.124397] [VM 1] [    0.000000] GICv3: CPU0: using allocated LPI pending table @0x0000000083890000
[host_monotonic_s=180160.124400] [VM 1] [    0.000000] rcu: srcu_init: Setting srcu_struct sizes based on contention.
[host_monotonic_s=180160.124863] [VM 1] [    0.000000] arch_timer: cp15 timer running at 62.50MHz (virt).
[host_monotonic_s=180160.205475] [VM 1] [    0.000000] clocksource: arch_sys_counter: mask: 0x1ffffffffffffff max_cycles: 0x1cd42e208c, max_idle_ns: 881590405314 ns
[host_monotonic_s=180160.287534] [VM 1] [    0.000059] sched_clock: 57 bits at 63MHz, resolution 16ns, wraps every 4398046511096ns
[host_monotonic_s=180160.296745] [VM 1] [    0.018091] Console: colour dummy device 80x25
[host_monotonic_s=180160.343570] [VM 1] [    0.027580] Calibrating delay loop (skipped), value calculated using timer frequency.. 125.00 BogoMIPS (lpj=250000)
[host_monotonic_s=180160.365374] [VM 1] [    0.027681] pid_max: default: 32768 minimum: 301
[host_monotonic_s=180160.436028] [VM 1] [    0.032221] Mount-cache hash table entries: 2048 (order: 2, 16384 bytes, linear)
[host_monotonic_s=180160.736691] [VM 1] [    0.032261] Mountpoint-cache hash table entries: 2048 (order: 2, 16384 bytes, linear)
[host_monotonic_s=180160.736707] [VM 1] [    0.041063] VFS: Finished mounting rootfs on nullfs
[host_monotonic_s=180160.736710] [VM 1] [    0.068164] /cpus/cpu-map/socket0/cluster0/core0: Can't get CPU for leaf core
[host_monotonic_s=180160.737309] [VM 1] [    0.070862] cacheinfo: Unable to detect cache hierarchy for CPU 0
[host_monotonic_s=180160.779984] [VM 1] [    0.089693] rcu: Hierarchical SRCU implementation.
[host_monotonic_s=180160.819541] [VM 1] [    0.089735] rcu: 	Max phase no-delay instances is 1000.
[host_monotonic_s=180160.884021] [VM 1] [    0.091192] Timer migration: 1 hierarchy levels; 8 children per group; 1 crossnode level
[host_monotonic_s=180160.919389] [VM 1] [    0.093236] fsl-mc MSI: its@8080000 domain created
[host_monotonic_s=180160.957069] [VM 1] [    0.094800] EFI services will not be available.
[host_monotonic_s=180160.983621] [VM 1] [    0.095930] smp: Bringing up secondary CPUs ...
[host_monotonic_s=180161.308067] [VM 1] [    0.101793] Detected PIPT I-cache on CPU1
[host_monotonic_s=180161.308078] [VM 1] [    0.103755] GICv3: CPU1: found redistributor 3 region 0:0x00000000080c0000
[host_monotonic_s=180161.308081] [VM 1] [    0.106014] GICv3: CPU1: using allocated LPI pending table @0x00000000838a0000
[host_monotonic_s=180161.308130] [VM 1] [    0.108329] CPU1: Booted secondary processor 0x0000000003 [0x410fd083]
[host_monotonic_s=180161.372061] [VM 1] [    0.118041] smp: Brought up 1 node, 2 CPUs
[host_monotonic_s=180161.402342] [VM 1] [    0.118072] SMP: Total of 2 processors activated.
[host_monotonic_s=180161.419527] [VM 1] [    0.118097] CPU: All CPU(s) started at EL1
[host_monotonic_s=180161.433629] [VM 1] [    0.118341] CPU features: detected: 32-bit EL0 Support
[host_monotonic_s=180161.486528] [VM 1] [    0.118352] CPU features: detected: 32-bit EL1 Support
[host_monotonic_s=180161.553912] [VM 1] [    0.118401] CPU features: detected: CRC32 instructions
[host_monotonic_s=180161.881071] [VM 1] [    0.118553] CPU features: detected: PMUv3
[host_monotonic_s=180161.881085] [VM 1] [    0.130454] alternatives: applying system-wide alternatives
[host_monotonic_s=180161.881088] [VM 1] [    0.177734] Memory: 919884K/1048576K available (18688K kernel code, 5242K rwdata, 14480K rodata, 12672K init, 718K bss, 92532K reserved, 32768K cma-reserved)
[host_monotonic_s=180161.914706] [VM 1] [    0.209593] devtmpfs: initialized
[host_monotonic_s=180161.970594] [VM 1] [    0.236804] clocksource: jiffies: mask: 0xffffffff max_cycles: 0xffffffff, max_idle_ns: 7645041785100000 ns
[host_monotonic_s=180162.022521] [VM 1] [    0.237250] posixtimers hash table entries: 1024 (order: 2, 16384 bytes, linear)
[host_monotonic_s=180162.061661] [VM 1] [    0.237465] futex hash table entries: 512 (32768 bytes on 1 NUMA nodes, total 32 KiB, linear).
[host_monotonic_s=180162.086269] [VM 1] [    0.240538] 19744 pages in range for non-PLT usage
[host_monotonic_s=180162.124363] [VM 1] [    0.240576] 511264 pages in range for PLT usage
[host_monotonic_s=180162.157335] [VM 1] [    0.263479] DMI: not present or invalid.
[host_monotonic_s=180162.457840] [VM 1] [    0.286706] NET: Registered PF_NETLINK/PF_ROUTE protocol family
[host_monotonic_s=180162.457852] [VM 1] [    0.306754] DMA: preallocated 128 KiB GFP_KERNEL|GFP_DMA pool for atomic allocations
[host_monotonic_s=180162.457856] [VM 1] [    0.307077] audit: initializing netlink subsys (disabled)
[host_monotonic_s=180162.458405] [VM 1] [    0.308598] audit: type=2000 audit(0.220:1): state=initialized audit_enabled=0 res=1
[host_monotonic_s=180162.496730] [VM 1] [    0.314737] thermal_sys: Registered thermal governor 'step_wise'
[host_monotonic_s=180162.516881] [VM 1] [    0.314767] thermal_sys: Registered thermal governor 'power_allocator'
[host_monotonic_s=180162.530979] [VM 1] [    0.315086] cpuidle: using governor menu
[host_monotonic_s=180162.565086] [VM 1] [    0.316515] hw-breakpoint: found 6 breakpoint and 4 watchpoint registers.
[host_monotonic_s=180162.605421] [VM 1] [    0.318627] ASID allocator initialised with 65536 entries
[host_monotonic_s=180162.625854] [VM 1] [    0.323549] Serial: AMBA PL011 UART driver
[host_monotonic_s=180162.665358] [VM 1] [    0.351619] 9000000.pl011: ttyAMA0 at MMIO 0x9000000 (irq = 13, base_baud = 0) is a PL011 rev1
[host_monotonic_s=180162.711825] [VM 1] [    0.366211] printk: console [ttyAMA0] enabled
[host_monotonic_s=180163.012375] [VM 1] [    1.347743] HugeTLB: registered 1.00 GiB page size, pre-allocated 0 pages
[host_monotonic_s=180163.012387] [VM 1] [    1.347774] HugeTLB: 0 KiB vmemmap can be freed for a 1.00 GiB page
[host_monotonic_s=180163.012390] [VM 1] [    1.347798] HugeTLB: registered 32.0 MiB page size, pre-allocated 0 pages
[host_monotonic_s=180163.012919] [VM 1] [    1.347802] HugeTLB: 0 KiB vmemmap can be freed for a 32.0 MiB page
[host_monotonic_s=180163.065968] [VM 1] [    1.347826] HugeTLB: registered 2.00 MiB page size, pre-allocated 0 pages
[host_monotonic_s=180163.112734] [VM 1] [    1.347830] HugeTLB: 0 KiB vmemmap can be freed for a 2.00 MiB page
[host_monotonic_s=180163.138564] [VM 1] [    1.347835] HugeTLB: registered 64.0 KiB page size, pre-allocated 0 pages
[host_monotonic_s=180163.167052] [VM 1] [    1.347838] HugeTLB: 0 KiB vmemmap can be freed for a 64.0 KiB page
[host_monotonic_s=180163.189836] [VM 1] [    4.548936] ACPI: Interpreter disabled.
[host_monotonic_s=180163.200573] [VM 1] [    5.068195] iommu: Default domain type: Translated
[host_monotonic_s=180163.252552] [VM 1] [    5.068245] iommu: DMA domain TLB invalidation policy: strict mode
[host_monotonic_s=180163.305328] [VM 1] [    5.091053] SCSI subsystem initialized
[host_monotonic_s=180163.605988] [VM 1] [    5.225750] usbcore: registered new interface driver usbfs
[host_monotonic_s=180163.606022] [VM 1] [    5.226240] usbcore: registered new interface driver hub
[host_monotonic_s=180163.606026] [VM 1] [    5.226383] usbcore: registered new device driver usb
[host_monotonic_s=180163.606029] [VM 1] [    5.608569] pps_core: LinuxPPS API ver. 1 registered
[host_monotonic_s=180163.606666] [VM 1] [    5.608605] pps_core: Software ver. 5.3.6 - Copyright 2005-2007 Rodolfo Giometti <giometti@linux.it>
[host_monotonic_s=180163.642239] [VM 1] [    5.608741] PTP clock support registered
[host_monotonic_s=180163.673316] [VM 1] [    5.609303] EDAC MC: Ver: 3.0.0
[host_monotonic_s=180163.712782] [VM 1] [    5.746469] scmi_core: SCMI protocol bus registered
[host_monotonic_s=180163.725309] [VM 1] [    6.278779] FPGA manager framework
[host_monotonic_s=180163.745619] [VM 1] [    7.507314] vgaarb: loaded
[host_monotonic_s=180163.813846] [VM 1] [    7.741030] clocksource: Switched to clocksource arch_sys_counter
[host_monotonic_s=180163.837024] [VM 1] [    7.744606] VFS: Disk quotas dquot_6.6.0
[host_monotonic_s=180164.178716] [VM 1] [    7.744749] VFS: Dquot-cache hash table entries: 512 (order 0, 4096 bytes)
[host_monotonic_s=180164.178733] [VM 1] [    7.927584] pnp: PnP ACPI: disabled
[host_monotonic_s=180164.178738] [VM 1] [    8.640123] NET: Registered PF_INET protocol family
[host_monotonic_s=180164.178741] [VM 1] [    8.668778] IP idents hash table entries: 16384 (order: 5, 131072 bytes, linear)
[host_monotonic_s=180164.179382] [VM 1] [    8.714541] tcp_listen_portaddr_hash hash table entries: 512 (order: 1, 8192 bytes, linear)
[host_monotonic_s=180164.257845] [VM 1] [    8.909099] Table-perturb hash table entries: 65536 (order: 6, 262144 bytes, linear)
[host_monotonic_s=180164.324186] [VM 1] [    8.982513] TCP established hash table entries: 8192 (order: 4, 65536 bytes, linear)
[host_monotonic_s=180164.346452] [VM 1] [    8.982749] TCP bind hash table entries: 8192 (order: 6, 262144 bytes, linear)
[host_monotonic_s=180164.415233] [VM 1] [    8.982907] TCP: Hash tables configured (established 8192 bind 8192)
[host_monotonic_s=180164.481875] [VM 1] [    8.983942] UDP hash table entries: 512 (order: 3, 32768 bytes, linear)
[host_monotonic_s=180164.782686] [VM 1] [    8.985225] NET: Registered PF_UNIX/PF_LOCAL protocol family
[host_monotonic_s=180164.782707] [VM 1] [    9.244432] RPC: Registered named UNIX socket transport module.
[host_monotonic_s=180164.782711] [VM 1] [    9.276667] RPC: Registered udp transport module.
[host_monotonic_s=180164.782714] [VM 1] [    9.312901] RPC: Registered tcp transport module.
[host_monotonic_s=180164.783663] [VM 1] [    9.312928] RPC: Registered tcp-with-tls transport module.
[host_monotonic_s=180164.881893] [VM 1] [    9.312936] RPC: Registered tcp NFSv4.1 backchannel transport module.
[host_monotonic_s=180164.899262] [VM 1] [    9.313047] PCI: CLS 0 bytes, default 64
[host_monotonic_s=180164.932418] [VM 1] [    9.511622] kvm [1]: HYP mode not available
[host_monotonic_s=180164.947525] [VM 1] [    9.606507] Unpacking initramfs...
[host_monotonic_s=180164.970558] [VM 1] [    9.676833] Initialise system trusted keyrings
[host_monotonic_s=180165.030863] [VM 1] [    9.702422] workingset: timestamp_bits=42 (anon: 38) max_order=18 bucket_order=0 (anon: 0)
[host_monotonic_s=180165.366614] [VM 1] [    9.770557] squashfs: version 4.0 (2009/01/31) Phillip Lougher
[host_monotonic_s=180165.366627] [VM 1] [    9.792279] NFS: Registering the id_resolver key type
[host_monotonic_s=180165.366630] [VM 1] [    9.810356] Key type id_resolver registered
[host_monotonic_s=180165.366632] [VM 1] [    9.822667] Key type id_legacy registered
[host_monotonic_s=180165.366930] [VM 1] [    9.823256] nfs4filelayout_init: NFSv4 File Layout Driver Registering...
[host_monotonic_s=180165.411938] [VM 1] [    9.823536] nfs4flexfilelayout_init: NFSv4 Flexfile Layout Driver Registering...
[host_monotonic_s=180165.474996] [VM 1] [   10.099097] 9p: Installing v9fs 9p2000 file system support
[host_monotonic_s=180165.526805] [VM 1] [   10.216315] Key type asymmetric registered
[host_monotonic_s=180165.562567] [VM 1] [   10.216790] Asymmetric key parser 'x509' registered
[host_monotonic_s=180165.595090] [VM 1] [   10.217357] Block layer SCSI generic (bsg) driver version 0.4 loaded (major 244)
[host_monotonic_s=180165.622315] [VM 1] [   10.287191] io scheduler mq-deadline registered
[host_monotonic_s=180165.922557] [VM 1] [   10.287259] io scheduler kyber registered
[host_monotonic_s=180165.922562] [VM 1] [   10.287624] io scheduler bfq registered
[host_monotonic_s=180165.922563] [VM 1] [   10.436008] ledtrig-cpu: registered to indicate activity on CPUs
[host_monotonic_s=180165.922564] [VM 1] [   10.598645] Serial: 8250/16550 driver, 4 ports, IRQ sharing enabled
[host_monotonic_s=180165.933623] [VM 1] [   10.640582] msm_serial: driver initialized
[host_monotonic_s=180165.967363] [VM 1] [   10.663365] SuperH (H)SCI(F) driver initialized
[host_monotonic_s=180166.027350] [VM 1] [   10.692037] STM32 USART driver initialized
[host_monotonic_s=180166.141822] [VM 1] [   10.834521] loop: module loaded
[host_monotonic_s=180166.171723] [VM 1] [   10.871957] megasas: 07.734.00.00-rc1
[host_monotonic_s=180166.246724] [VM 1] [   10.931832] tun: Universal TUN/TAP device driver, 1.6
[host_monotonic_s=180166.547052] [VM 1] [   11.047767] thunder_xcv, ver 1.0
[host_monotonic_s=180166.547058] [VM 1] [   11.096726] thunder_bgx, ver 1.0
[host_monotonic_s=180166.547059] [VM 1] [   11.097188] nicpf, ver 1.0
[host_monotonic_s=180166.547060] [VM 1] [   11.100371] e1000: Intel(R) PRO/1000 Network Driver
[host_monotonic_s=180166.553886] [VM 1] [   11.100589] e1000: Copyright (c) 1999-2006 Intel Corporation.
[host_monotonic_s=180166.582354] [VM 1] [   11.100931] e1000e: Intel(R) PRO/1000 Network Driver
[host_monotonic_s=180166.633440] [VM 1] [   11.101129] e1000e: Copyright(c) 1999 - 2015 Intel Corporation.
[host_monotonic_s=180166.686219] [VM 1] [   11.362048] igb: Intel(R) Gigabit Ethernet Network Driver
[host_monotonic_s=180166.723148] [VM 1] [   11.362307] igb: Copyright (c) 2007-2014 Intel Corporation.
[host_monotonic_s=180166.779243] [VM 1] [   11.362749] igbvf: Intel(R) Gigabit Virtual Function Network Driver
[host_monotonic_s=180166.831938] [VM 1] [   11.362948] igbvf: Copyright (c) 2009 - 2012 Intel Corporation.
[host_monotonic_s=180167.132378] [VM 1] [   11.363915] sky2: driver version 1.30
[host_monotonic_s=180167.132391] [VM 1] [   11.618453] VFIO - User Level meta-driver version: 0.3
[host_monotonic_s=180167.132394] [VM 1] [   11.660364] usbcore: registered new interface driver usb-storage
[host_monotonic_s=180167.132396] [VM 1] [   11.707055] i2c_dev: i2c /dev entries driver
[host_monotonic_s=180167.132604] [VM 1] [   11.781397] SMCCC: SOC_ID: ARCH_SOC_ID not implemented, skipping ....
[host_monotonic_s=180167.178062] [VM 1] [   11.868031] usbcore: registered new interface driver usbhid
[host_monotonic_s=180167.264516] [VM 1] [   11.926130] usbhid: USB HID core driver
[host_monotonic_s=180167.324039] [VM 1] [   12.022467] NET: Registered PF_INET6 protocol family
[host_monotonic_s=180167.352693] [VM 1] [   12.060323] Segment Routing with IPv6
[host_monotonic_s=180167.392413] [VM 1] [   12.078035] In-situ OAM (IOAM) with IPv6
[host_monotonic_s=180167.692728] [VM 1] [   12.118119] sit: IPv6, IPv4 and MPLS over IPv4 tunneling driver
[host_monotonic_s=180167.692736] [VM 1] [   12.170920] NET: Registered PF_PACKET protocol family
[host_monotonic_s=180167.692738] [VM 1] [   12.188180] 9pnet: Installing 9P2000 support
[host_monotonic_s=180167.692739] [VM 1] [   12.214255] Key type dns_resolver registered
[host_monotonic_s=180167.692789] [VM 1] [   12.304910] registered taskstats version 1
[host_monotonic_s=180167.733700] [VM 1] [   12.424790] Loading compiled-in X.509 certificates
[host_monotonic_s=180167.822608] [VM 1] [   12.507818] Demotion targets for Node 0: null
[host_monotonic_s=180167.873108] [VM 1] [   12.549149] clk: Disabling unused clocks
[host_monotonic_s=180167.910735] [VM 1] [   12.606378] PM: genpd: Disabling unused power domains
[host_monotonic_s=180168.711543] [VM 1] [   13.300706] Freeing initrd memory: 19160K
[host_monotonic_s=180168.735891] [VM 1] [   13.413174] Freeing unused kernel memory: 12672K
[host_monotonic_s=180168.758770] [VM 1] [   13.466076] Run /init as init process
[host_monotonic_s=180169.653876] [VM 1] RT_INIT scenario=stress-noiso cpu=1 load_cpu=0 loops=0 duration_sec=90 interval_us=1000 maxlat_us=20000 priority=90 start_delay_sec=25
[host_monotonic_s=180169.682235] [VM 1] RT_CPUS total=2
[host_monotonic_s=180169.686074] [VM 1] RT_SCHED_PROBE_START
[host_monotonic_s=180169.702727] [VM 1] pid 1's current scheduling policy: SCHED_OTHER
[host_monotonic_s=180169.732811] [VM 1] pid 1's current scheduling priority: 0
[host_monotonic_s=180169.763073] [VM 1] RT_SCHED_PROBE_OK
[host_monotonic_s=180169.785255] [VM 1] RT_WAIT_BEFORE_TEST seconds=25
[host_monotonic_s=180194.184904] [VM 1] RT_STRESS_START cpu=0 workers=2 vm=1
[host_monotonic_s=180194.485111] [VM 1] RT_CYCLICTEST_START
[host_monotonic_s=180194.485116] [VM 1] RT_CYCLICTEST_TIMING_START uptime_s=32.10
[host_monotonic_s=180195.157280] [VM 1] RT_PROGRESS uptime_s=32.23
[host_monotonic_s=180195.173243] [VM 1] stress-ng: info:  [68] defaulting to a 1 day run per stressor
[host_monotonic_s=180195.204538] [VM 1] stress-ng: info:  [68] dispatching hogs: 2 cpu, 1 vm
[host_monotonic_s=180195.572785] [VM 1] stress-ng: info:  [76] vm: non-temporal memory stores not supported, dropping back to plain memory stores
[host_monotonic_s=180195.572796] 
[host_monotonic_s=180195.572799] [Axvisor] detached VM[1] console
[host_monotonic_s=180195.572802] Welcome to AxVisor Shell!
[host_monotonic_s=180195.572804] Type 'help' to see available commands
[host_monotonic_s=180195.572806] Use UP/DOWN arrows to navigate command history
[host_monotonic_s=180195.572807] Console shortcuts:
[host_monotonic_s=180195.572809]   Ctrl+X, then h  return to the Axvisor shell
[host_monotonic_s=180195.572811]   Ctrl+X, then [  attach the previous running guest
[host_monotonic_s=180195.573629]   Ctrl+X, then ]  attach the next running guest
[host_monotonic_s=180195.573770] Note: Running with limited features (filesystem support disabled).
[host_monotonic_s=180195.573802] 
[host_monotonic_s=180196.375656] [2Kaxvisor:$ [2Kaxvisor:$ v[2Kaxvisor:$ vm[2Kaxvisor:$ vm [2Kaxvisor:$ vm c[2Kaxvisor:$ vm co[2Kaxvisor:$ vm con[2Kaxvisor:$ vm cons[2Kaxvisor:$ vm conso[2Kaxvisor:$ vm consol[2Kaxvisor:$ vm console[2Kaxvisor:$ vm console [2Kaxvisor:$ vm console 2
[host_monotonic_s=180196.376252] ✓ Attached VM[2] console; use Ctrl+X, then h to return to the shell
[host_monotonic_s=180196.894228] PERIODIC LATENCY START
[host_monotonic_s=180196.943718] PERIODIC LATENCY SETTLE delay_ms=45000
[host_monotonic_s=180215.106417] [37m[ 63.314647 1:17 axvisor::rt_burner:48] [32mRT_BURNER_READY cpu=1 busy_ms=10 idle_ms=53 start_delay_ms=60000[m
[host_monotonic_s=180245.282675] [msequence,timestamp_ns,deadline_ns,actual_ns,jitter_ns
[host_monotonic_s=180245.282682] 0,16962144,87145085952,87152048096,6962144
[host_monotonic_s=180245.282683] 1,27048304,87155085952,87162134256,7048304
[host_monotonic_s=180245.282685] 2,37006592,87165085952,87172092544,7006592
[host_monotonic_s=180245.282686] 3,40488848,87175085952,87175574800,488848
[host_monotonic_s=180245.282687] 4,50465152,87185085952,87185551104,465152
[host_monotonic_s=180245.315047] 5,60458720,87195085952,87195544672,458720
[host_monotonic_s=180245.367734] 6,86770704,87205085952,87221856656,16770704
[host_monotonic_s=180245.401732] 7,87073392,87215085952,87222159344,7073392
[host_monotonic_s=180245.462514] 8,90374336,87225085952,87225460288,374336
[host_monotonic_s=180245.492571] 9,116878896,87235085952,87251964848,16878896
[host_monotonic_s=180245.833124] 10,117216688,87245085952,87252302640,7216688
[host_monotonic_s=180245.833137] 11,120504320,87255085952,87255590272,504320
[host_monotonic_s=180245.833139] 12,140574192,87265085952,87275660144,10574192
[host_monotonic_s=180245.833142] 13,141320976,87275085952,87276406928,1320976
[host_monotonic_s=180245.833144] 14,151382928,87285085952,87286468880,1382928
[host_monotonic_s=180245.833145] 15,160368000,87295085952,87295453952,368000
[host_monotonic_s=180245.845989] 16,170367920,87305085952,87305453872,367920
[host_monotonic_s=180245.922211] 17,186846416,87315085952,87321932368,6846416
[host_monotonic_s=180245.951999] 18,190525392,87325085952,87325611344,525392
[host_monotonic_s=180246.012104] 19,203835456,87335085952,87338921408,3835456
[host_monotonic_s=180246.052026] 20,216751936,87345085952,87351837888,6751936
[host_monotonic_s=180246.383141] 21,220319984,87355085952,87355405936,319984
[host_monotonic_s=180246.383147] 22,237131216,87365085952,87372217168,7131216
[host_monotonic_s=180246.383148] 23,247102928,87375085952,87382188880,7102928
[host_monotonic_s=180246.383148] 24,250456240,87385085952,87385542192,456240
[host_monotonic_s=180246.383149] 25,266980320,87395085952,87402066272,6980320
[host_monotonic_s=180246.411862] 26,270335216,87405085952,87405421168,335216
[host_monotonic_s=180246.461806] 27,286835584,87415085952,87421921536,6835584
[host_monotonic_s=180246.532598] 28,290359312,87425085952,87425445264,359312
[host_monotonic_s=180246.582753] 29,307084176,87435085952,87442170128,7084176
[host_monotonic_s=180246.619553] 30,319851088,87445085952,87454937040,9851088
[host_monotonic_s=180246.942045] 31,330392256,87455085952,87465478208,10392256
[host_monotonic_s=180246.942050] 32,331326736,87465085952,87466412688,1326736
[host_monotonic_s=180246.942051] 33,340435648,87475085952,87475521600,435648
[host_monotonic_s=180246.942052] 34,351543712,87485085952,87486629664,1543712
[host_monotonic_s=180246.942053] 35,360427296,87495085952,87495513248,427296
[host_monotonic_s=180246.942054] 36,370445952,87505085952,87505531904,445952
[host_monotonic_s=180246.965416] 37,380477488,87515085952,87515563440,477488
[host_monotonic_s=180247.023452] 38,397070368,87525085952,87532156320,7070368
[host_monotonic_s=180247.070982] 39,400409408,87535085952,87535495360,409408
[host_monotonic_s=180247.106380] 40,410354720,87545085952,87545440672,354720
[host_monotonic_s=180247.151907] 41,420764336,87555085952,87555850288,764336
[host_monotonic_s=180247.184227] 42,430484048,87565085952,87565570000,484048
[host_monotonic_s=180247.492314] 43,446473216,87575085952,87581559168,6473216
[host_monotonic_s=180247.492321] 44,457133008,87585085952,87592218960,7133008
[host_monotonic_s=180247.492323] 45,460381648,87595085952,87595467600,381648
[host_monotonic_s=180247.492324] 46,470530000,87605085952,87605615952,530000
[host_monotonic_s=180247.492325] 47,487041040,87615085952,87622126992,7041040
[host_monotonic_s=180247.492326] 48,496852112,87625085952,87631938064,6852112
[host_monotonic_s=180247.534559] 49,506848112,87635085952,87641934064,6848112
[host_monotonic_s=180247.572993] 50,520257920,87645085952,87655343872,10257920
[host_monotonic_s=180247.605215] 51,521402384,87655085952,87656488336,1402384
[host_monotonic_s=180247.654651] 52,536745216,87665085952,87671831168,6745216
[host_monotonic_s=180247.714969] 53,540450528,87675085952,87675536480,450528
[host_monotonic_s=180248.042721] 54,550491792,87685085952,87685577744,491792
[host_monotonic_s=180248.042730] 55,560497200,87695085952,87695583152,497200
[host_monotonic_s=180248.042732] 56,570508560,87705085952,87705594512,508560
[host_monotonic_s=180248.042734] 57,583480976,87715085952,87718566928,3480976
[host_monotonic_s=180248.042735] 58,590370320,87725085952,87725456272,370320
[host_monotonic_s=180248.042736] 59,606789216,87735085952,87741875168,6789216
[host_monotonic_s=180248.071944] 60,610440832,87745085952,87745526784,440832
[host_monotonic_s=180248.146737] 61,620503920,87755085952,87755589872,503920
[host_monotonic_s=180248.189877] 62,657001904,87765085952,87792087856,27001904
[host_monotonic_s=180248.214576] 63,657300928,87775085952,87792386880,17300928
[host_monotonic_s=180248.593047] 64,658588480,87785085952,87793674432,8588480
[host_monotonic_s=180248.593052] 65,660474336,87795085952,87795560288,474336
[host_monotonic_s=180248.593053] 66,676831792,87805085952,87811917744,6831792
[host_monotonic_s=180248.593054] 67,687048048,87815085952,87822134000,7048048
[host_monotonic_s=180248.593055] 68,690499584,87825085952,87825585536,499584
[host_monotonic_s=180248.593055] 69,716941008,87835085952,87852026960,16941008
[host_monotonic_s=180248.613829] 70,726947376,87845085952,87862033328,16947376
[host_monotonic_s=180248.633609] 71,727377952,87855085952,87862463904,7377952
[host_monotonic_s=180248.658268] 72,730600656,87865085952,87865686608,600656
[host_monotonic_s=180248.694035] 73,740488512,87875085952,87875574464,488512
[host_monotonic_s=180248.732559] 74,750441216,87885085952,87885527168,441216
[host_monotonic_s=180248.785900] 75,760479248,87895085952,87895565200,479248
[host_monotonic_s=180248.826523] 76,776748528,87905085952,87911834480,6748528
[host_monotonic_s=180249.149370] 77,780373056,87915085952,87915459008,373056
[host_monotonic_s=180249.149375] 78,790523072,87925085952,87925609024,523072
[host_monotonic_s=180249.149376] 79,800497312,87935085952,87935583264,497312
[host_monotonic_s=180249.149377] 80,816988160,87945085952,87952074112,6988160
[host_monotonic_s=180249.149378] 81,820529664,87955085952,87955615616,529664
[host_monotonic_s=180249.149378] 82,836524448,87965085952,87971610400,6524448
[host_monotonic_s=180249.166983] 83,840357120,87975085952,87975443072,357120
[host_monotonic_s=180249.184662] 84,850534608,87985085952,87985620560,534608
[host_monotonic_s=180249.242302] 85,860434240,87995085952,87995520192,434240
[host_monotonic_s=180249.297009] 86,877056272,88005085952,88012142224,7056272
[host_monotonic_s=180249.360990] 87,886930240,88015085952,88022016192,6930240
[host_monotonic_s=180249.702139] 88,899701216,88025085952,88034787168,9701216
[host_monotonic_s=180249.702146] 89,900284384,88035085952,88035370336,284384
[host_monotonic_s=180249.702147] 90,917005968,88045085952,88052091920,7005968
[host_monotonic_s=180249.702148] 91,926847024,88055085952,88061932976,6847024
[host_monotonic_s=180249.702149] 92,930433152,88065085952,88065519104,433152
[host_monotonic_s=180249.719921] 93,940416208,88075085952,88075502160,416208
[host_monotonic_s=180249.733562] 94,952585920,88085085952,88087671872,2585920
[host_monotonic_s=180249.766535] 95,963197984,88095085952,88098283936,3197984
[host_monotonic_s=180249.815168] 96,970405728,88105085952,88105491680,405728
[host_monotonic_s=180249.822261] 97,980412976,88115085952,88115498928,412976
[host_monotonic_s=180249.852949] 98,990381216,88125085952,88125467168,381216
[host_monotonic_s=180249.879585] 99,1006856144,88135085952,88141942096,6856144
[host_monotonic_s=180249.902983] 100,1026165280,88145085952,88161251232,16165280
[host_monotonic_s=180250.252391] 101,1037022704,88155085952,88172108656,17022704
[host_monotonic_s=180250.252398] 102,1037300848,88165085952,88172386800,7300848
[host_monotonic_s=180250.252399] 103,1046826176,88175085952,88181912128,6826176
[host_monotonic_s=180250.252400] 104,1050531376,88185085952,88185617328,531376
[host_monotonic_s=180250.252401] 105,1063026960,88195085952,88198112912,3026960
[host_monotonic_s=180250.252401] 106,1070513024,88205085952,88205598976,513024
[host_monotonic_s=180250.293688] 107,1089527888,88215085952,88224613840,9527888
[host_monotonic_s=180250.342810] 108,1096786928,88225085952,88231872880,6786928
[host_monotonic_s=180250.388737] 109,1106833776,88235085952,88241919728,6833776
[host_monotonic_s=180250.442861] 110,1110479568,88245085952,88245565520,479568
[host_monotonic_s=180250.492432] 111,1120712224,88255085952,88255798176,712224
[host_monotonic_s=180250.802652] 112,1130514976,88265085952,88265600928,514976
[host_monotonic_s=180250.802658] 113,1142317872,88275085952,88277403824,2317872
[host_monotonic_s=180250.802659] 114,1152824896,88285085952,88287910848,2824896
[host_monotonic_s=180250.802660] 115,1160376592,88295085952,88295462544,376592
[host_monotonic_s=180250.802660] 116,1170343728,88305085952,88305429680,343728
[host_monotonic_s=180250.802661] 117,1180652688,88315085952,88315738640,652688
[host_monotonic_s=180250.872108] 118,1190929040,88325085952,88326014992,929040
[host_monotonic_s=180250.951841] 119,1200477696,88335085952,88335563648,477696
[host_monotonic_s=180250.991970] 120,1215887328,88345085952,88350973280,5887328
[host_monotonic_s=180251.042268] 121,1226832560,88355085952,88361918512,6832560
[host_monotonic_s=180251.362253] 122,1230509488,88365085952,88365595440,509488
[host_monotonic_s=180251.362260] 123,1240469104,88375085952,88375555056,469104
[host_monotonic_s=180251.362262] 124,1250414608,88385085952,88385500560,414608
[host_monotonic_s=180251.362263] 125,1260488528,88395085952,88395574480,488528
[host_monotonic_s=180251.362264] 126,1287053728,88405085952,88422139680,17053728
[host_monotonic_s=180251.381707] 127,1288585152,88415085952,88423671104,8585152
[host_monotonic_s=180251.417808] 128,1297173744,88425085952,88432259696,7173744
[host_monotonic_s=180251.483545] 129,1300537200,88435085952,88435623152,537200
[host_monotonic_s=180251.522506] 130,1317012336,88445085952,88452098288,7012336
[host_monotonic_s=180251.583486] 131,1320486688,88455085952,88455572640,486688
[host_monotonic_s=180251.609147] 132,1342191776,88465085952,88477277728,12191776
[host_monotonic_s=180251.919172] 133,1346753136,88475085952,88481839088,6753136
[host_monotonic_s=180251.919180] 134,1350591504,88485085952,88485677456,591504
[host_monotonic_s=180251.919182] 135,1360591408,88495085952,88495677360,591408
[host_monotonic_s=180251.919183] 136,1370408064,88505085952,88505494016,408064
[host_monotonic_s=180251.919184] 137,1380562384,88515085952,88515648336,562384
[host_monotonic_s=180251.932745] 138,1390568656,88525085952,88525654608,568656
[host_monotonic_s=180252.011691] 139,1405607232,88535085952,88540693184,5607232
[host_monotonic_s=180252.056719] 140,1426874352,88545085952,88561960304,16874352
[host_monotonic_s=180252.129033] 141,1436822080,88555085952,88571908032,16822080
[host_monotonic_s=180252.471980] 142,1437318000,88565085952,88572403952,7318000
[host_monotonic_s=180252.471988] 143,1440542480,88575085952,88575628432,542480
[host_monotonic_s=180252.471989] 144,1450594032,88585085952,88585679984,594032
[host_monotonic_s=180252.471991] 145,1468784736,88595085952,88603870688,8784736
[host_monotonic_s=180252.471992] 146,1470355936,88605085952,88605441888,355936
[host_monotonic_s=180252.471993] 147,1486940704,88615085952,88622026656,6940704
[host_monotonic_s=180252.551682] 148,1507055984,88625085952,88642141936,17055984
[host_monotonic_s=180252.618320] 149,1516777792,88635085952,88651863744,16777792
[host_monotonic_s=180252.664546] 150,1517378368,88645085952,88652464320,7378368
[host_monotonic_s=180253.022253] 151,1520555360,88655085952,88655641312,555360
[host_monotonic_s=180253.022260] 152,1537194384,88665085952,88672280336,7194384
[host_monotonic_s=180253.022262] 153,1547039552,88675085952,88682125504,7039552
[host_monotonic_s=180253.022263] 154,1550578464,88685085952,88685664416,578464
[host_monotonic_s=180253.022264] 155,1560491024,88695085952,88695576976,491024
[host_monotonic_s=180253.023107] 156,1570499600,88705085952,88705585552,499600
[host_monotonic_s=180253.081836] 157,1580458736,88715085952,88715544688,458736
[host_monotonic_s=180253.138659] 158,1595070976,88725085952,88730156928,5070976
[host_monotonic_s=180253.157135] 159,1607146992,88735085952,88742232944,7146992
[host_monotonic_s=180253.202685] 160,1610547296,88745085952,88745633248,547296
[host_monotonic_s=180253.251932] 161,1626836848,88755085952,88761922800,6836848
[host_monotonic_s=180253.572495] 162,1630494144,88765085952,88765580096,494144
[host_monotonic_s=180253.572502] 163,1640492176,88775085952,88775578128,492176
[host_monotonic_s=180253.572504] 164,1658182336,88785085952,88793268288,8182336
[host_monotonic_s=180253.572505] 165,1660435408,88795085952,88795521360,435408
[host_monotonic_s=180253.572506] 166,1670480880,88805085952,88805566832,480880
[host_monotonic_s=180253.612513] 167,1680487888,88815085952,88815573840,487888
[host_monotonic_s=180253.712601] 168,1690521248,88825085952,88825607200,521248
[host_monotonic_s=180253.752847] 169,1700462848,88835085952,88835548800,462848
[host_monotonic_s=180253.793774] 170,1710514112,88845085952,88845600064,514112
[host_monotonic_s=180254.122735] 171,1721385776,88855085952,88856471728,1385776
[host_monotonic_s=180254.122742] 172,1730479744,88865085952,88865565696,479744
[host_monotonic_s=180254.122744] 173,1740532608,88875085952,88875618560,532608
[host_monotonic_s=180254.122745] 174,1757031488,88885085952,88892117440,7031488
[host_monotonic_s=180254.132116] 175,1766882128,88895085952,88901968080,6882128
[host_monotonic_s=180254.168474] 176,1770717280,88905085952,88905803232,717280
[host_monotonic_s=180254.244143] 177,1786777072,88915085952,88921863024,6777072
[host_monotonic_s=180254.302511] 178,1790357568,88925085952,88925443520,357568
[host_monotonic_s=180254.674641] 179,1807093744,88935085952,88942179696,7093744
[host_monotonic_s=180254.674649] 180,1810694832,88945085952,88945780784,694832
[host_monotonic_s=180254.674650] 181,1820787984,88955085952,88955873936,787984
[host_monotonic_s=180254.674652] 182,1836879328,88965085952,88971965280,6879328
[host_monotonic_s=180254.674653] 183,1847655392,88975085952,88982741344,7655392
[host_monotonic_s=180254.674654] 184,1850403568,88985085952,88985489520,403568
[host_monotonic_s=180254.736065] 185,1866871312,88995085952,89001957264,6871312
[host_monotonic_s=180254.784212] 186,1870599840,89005085952,89005685792,599840
[host_monotonic_s=180254.822396] 187,1887233888,89015085952,89022319840,7233888
[host_monotonic_s=180254.865325] 188,1890668080,89025085952,89025754032,668080
[host_monotonic_s=180254.872956] 189,1910673600,89035085952,89045759552,10673600
[host_monotonic_s=180254.912098] 190,1917087440,89045085952,89052173392,7087440
[host_monotonic_s=180255.228193] 191,1920623360,89055085952,89055709312,623360
[host_monotonic_s=180255.228200] 192,1930583376,89065085952,89065669328,583376
[host_monotonic_s=180255.228202] 193,1947199328,89075085952,89082285280,7199328
[host_monotonic_s=180255.228203] 194,1963807472,89085085952,89098893424,13807472
[host_monotonic_s=180255.234374] 195,1974324288,89095085952,89109410240,14324288
[host_monotonic_s=180255.282542] 196,1976971760,89105085952,89112057712,6971760
[host_monotonic_s=180255.323329] 197,1980565376,89115085952,89115651328,565376
[host_monotonic_s=180255.382482] 198,1990582128,89125085952,89125668080,582128
[host_monotonic_s=180255.441907] 199,2007257280,89135085952,89142343232,7257280
[host_monotonic_s=180255.781924] 200,2010586432,89145085952,89145672384,586432
[host_monotonic_s=180255.781931] 201,2020571360,89155085952,89155657312,571360
[host_monotonic_s=180255.781932] 202,2046806064,89165085952,89181892016,16806064
[host_monotonic_s=180255.781933] 203,2047133024,89175085952,89182218976,7133024
[host_monotonic_s=180255.782754] 204,2050454592,89185085952,89185540544,454592
[host_monotonic_s=180255.842196] 205,2067215408,89195085952,89202301360,7215408
[host_monotonic_s=180255.949129] 206,2074462688,89205085952,89209548640,4462688
[host_monotonic_s=180255.992328] 207,2086832640,89215085952,89221918592,6832640
[host_monotonic_s=180256.332198] 208,2100553088,89225085952,89235639040,10553088
[host_monotonic_s=180256.332206] 209,2101313232,89235085952,89236399184,1313232
[host_monotonic_s=180256.332207] 210,2110364352,89245085952,89245450304,364352
[host_monotonic_s=180256.332209] 211,2120581344,89255085952,89255667296,581344
[host_monotonic_s=180256.332210] 212,2130497728,89265085952,89265583680,497728
[host_monotonic_s=180256.353641] 213,2140464512,89275085952,89275550464,464512
[host_monotonic_s=180256.402369] 214,2150465296,89285085952,89285551248,465296
[host_monotonic_s=180256.433195] 215,2166805232,89295085952,89301891184,6805232
[host_monotonic_s=180256.494566] 216,2174817920,89305085952,89309903872,4817920
[host_monotonic_s=180256.542639] 217,2180488320,89315085952,89315574272,488320
[host_monotonic_s=180256.890258] 218,2190467968,89325085952,89325553920,467968
[host_monotonic_s=180256.890265] 219,2200470496,89335085952,89335556448,470496
[host_monotonic_s=180256.890266] 220,2210597584,89345085952,89345683536,597584
[host_monotonic_s=180256.890267] 221,2226943328,89355085952,89362029280,6943328
[host_monotonic_s=180256.890268] 222,2230482240,89365085952,89365568192,482240
[host_monotonic_s=180256.890269] 223,2240426016,89375085952,89375511968,426016
[host_monotonic_s=180256.943081] 224,2250480528,89385085952,89385566480,480528
[host_monotonic_s=180256.992889] 225,2260391344,89395085952,89395477296,391344
[host_monotonic_s=180257.024794] 226,2270463936,89405085952,89405549888,463936
[host_monotonic_s=180257.081787] 227,2290096864,89415085952,89425182816,10096864
[host_monotonic_s=180257.440509] 228,2296818272,89425085952,89431904224,6818272
[host_monotonic_s=180257.440517] 229,2300353488,89435085952,89435439440,353488
[host_monotonic_s=180257.440518] 230,2310434304,89445085952,89445520256,434304
[host_monotonic_s=180257.440520] 231,2320434896,89455085952,89455520848,434896
[host_monotonic_s=180257.440521] 232,2336905008,89465085952,89471990960,6905008
[host_monotonic_s=180257.440522] 233,2340366784,89475085952,89475452736,366784
[host_monotonic_s=180257.464926] 234,2353293232,89485085952,89488379184,3293232
[host_monotonic_s=180257.505721] 235,2360494384,89495085952,89495580336,494384
[host_monotonic_s=180257.580373] 236,2370603200,89505085952,89505689152,603200
[host_monotonic_s=180257.643174] 237,2387154160,89515085952,89522240112,7154160
[host_monotonic_s=180257.991975] 238,2390366160,89525085952,89525452112,366160
[host_monotonic_s=180257.991983] 239,2400373136,89535085952,89535459088,373136
[host_monotonic_s=180257.991985] 240,2416453712,89545085952,89551539664,6453712
[host_monotonic_s=180257.991986] 241,2420360352,89555085952,89555446304,360352
[host_monotonic_s=180257.991987] 242,2430389680,89565085952,89565475632,389680
[host_monotonic_s=180258.032449] 243,2447037296,89575085952,89582123248,7037296
[host_monotonic_s=180258.045628] 244,2450733808,89585085952,89585819760,733808
[host_monotonic_s=180258.081191] 245,2467078048,89595085952,89602164000,7078048
[host_monotonic_s=180258.156735] 246,2486778224,89605085952,89621864176,16778224
[host_monotonic_s=180258.203444] 247,2487071408,89615085952,89622157360,7071408
[host_monotonic_s=180258.542222] 248,2490725680,89625085952,89625811632,725680
[host_monotonic_s=180258.542228] 249,2507067104,89635085952,89642153056,7067104
[host_monotonic_s=180258.542229] 250,2510674688,89645085952,89645760640,674688
[host_monotonic_s=180258.542229] 251,2520571824,89655085952,89655657776,571824
[host_monotonic_s=180258.553228] 252,2530593376,89665085952,89665679328,593376
[host_monotonic_s=180258.621993] 253,2542799248,89675085952,89677885200,2799248
[host_monotonic_s=180258.678056] 254,2550367056,89685085952,89685453008,367056
[host_monotonic_s=180258.741745] 255,2560460896,89695085952,89695546848,460896
[host_monotonic_s=180259.092549] 256,2570528592,89705085952,89705614544,528592
[host_monotonic_s=180259.092554] 257,2580484736,89715085952,89715570688,484736
[host_monotonic_s=180259.092555] 258,2605679856,89725085952,89740765808,15679856
[host_monotonic_s=180259.092556] 259,2605979392,89735085952,89741065344,5979392
[host_monotonic_s=180259.092556] 260,2610378144,89745085952,89745464096,378144
[host_monotonic_s=180259.152393] 261,2626993488,89755085952,89762079440,6993488
[host_monotonic_s=180259.184342] 262,2630464224,89765085952,89765550176,464224
[host_monotonic_s=180259.283810] 263,2656823248,89775085952,89791909200,16823248
[host_monotonic_s=180259.337328] 264,2657144176,89785085952,89792230128,7144176
[host_monotonic_s=180259.651953] 265,2669173264,89795085952,89804259216,9173264
[host_monotonic_s=180259.651960] 266,2670354096,89805085952,89805440048,354096
[host_monotonic_s=180259.651962] 267,2686870480,89815085952,89821956432,6870480
[host_monotonic_s=180259.651963] 268,2696836912,89825085952,89831922864,6836912
[host_monotonic_s=180259.665330] 269,2700501712,89835085952,89835587664,501712
[host_monotonic_s=180259.714118] 270,2710503056,89845085952,89845589008,503056
[host_monotonic_s=180259.766978] 271,2720497040,89855085952,89855582992,497040
[host_monotonic_s=180259.862180] 272,2732346688,89865085952,89867432640,2346688
[host_monotonic_s=180259.894482] 273,2740337984,89875085952,89875423936,337984
[host_monotonic_s=180260.202160] 274,2750503840,89885085952,89885589792,503840
[host_monotonic_s=180260.202169] 275,2766904560,89895085952,89901990512,6904560
[host_monotonic_s=180260.202170] 276,2770941440,89905085952,89906027392,941440
[host_monotonic_s=180260.202171] 277,2785158336,89915085952,89920244288,5158336
[host_monotonic_s=180260.202738] 278,2796966720,89925085952,89932052672,6966720
[host_monotonic_s=180260.258467] 279,2800420864,89935085952,89935506816,420864
[host_monotonic_s=180260.311963] 280,2810504416,89945085952,89945590368,504416
[host_monotonic_s=180260.372321] 281,2820477696,89955085952,89955563648,477696
[host_monotonic_s=180260.403917] 282,2830452192,89965085952,89965538144,452192
[host_monotonic_s=180260.752373] 283,2840472784,89975085952,89975558736,472784
[host_monotonic_s=180260.752379] 284,2858805088,89985085952,89993891040,8805088
[host_monotonic_s=180260.752379] 285,2860398432,89995085952,89995484384,398432
[host_monotonic_s=180260.752380] 286,2870494144,90005085952,90005580096,494144
[host_monotonic_s=180260.752381] 287,2880539600,90015085952,90015625552,539600
[host_monotonic_s=180260.753650] 288,2890450976,90025085952,90025536928,450976
[host_monotonic_s=180260.813686] 289,2900678752,90035085952,90035764704,678752
[host_monotonic_s=180260.842815] 290,2910493408,90045085952,90045579360,493408
[host_monotonic_s=180260.913176] 291,2922057264,90055085952,90057143216,2057264
[host_monotonic_s=180260.960204] 292,2930329728,90065085952,90065415680,329728
[host_monotonic_s=180260.986804] 293,2940501760,90075085952,90075587712,501760
[host_monotonic_s=180261.302616] 294,2957020528,90085085952,90092106480,7020528
[host_monotonic_s=180261.302622] 295,2967023072,90095085952,90102109024,7023072
[host_monotonic_s=180261.302623] 296,2985125408,90105085952,90120211360,15125408
[host_monotonic_s=180261.302624] 297,2986708544,90115085952,90121794496,6708544
[host_monotonic_s=180261.302625] 298,2990371344,90125085952,90125457296,371344
[host_monotonic_s=180261.352752] 299,3000467984,90135085952,90135553936,467984
[host_monotonic_s=180261.412105] PERIODIC LATENCY COMPLETE samples=300
[host_monotonic_s=180262.213098] 
[host_monotonic_s=180262.213102] [Axvisor] detached VM[2] console
[host_monotonic_s=180263.014273] [2Kaxvisor:$ [2Kaxvisor:$ v[2Kaxvisor:$ vm[2Kaxvisor:$ vm [2Kaxvisor:$ vm c[2Kaxvisor:$ vm co[2Kaxvisor:$ vm con[2Kaxvisor:$ vm cons[2Kaxvisor:$ vm conso[2Kaxvisor:$ vm consol[2Kaxvisor:$ vm console[2Kaxvisor:$ vm console [2Kaxvisor:$ vm console 1
[host_monotonic_s=180263.014383] ✓ Attached VM[1] console; use Ctrl+X, then h to return to the shell
[host_monotonic_s=180263.014741] stress-ng: info:  [76] vm: using 64MB per stressor instance (total 64MB of 871.46MB available memory)
[host_monotonic_s=180263.014785] RT_PROGRESS uptime_s=42.30
[host_monotonic_s=180263.014848] [   50.166177] random: crng init done
[host_monotonic_s=180263.014944] RT_PROGRESS uptime_s=52.33
[host_monotonic_s=180263.015008] RT_PROGRESS uptime_s=62.37
[host_monotonic_s=180263.015054] RT_PROGRESS uptime_s=72.40
[host_monotonic_s=180263.015107] RT_PROGRESS uptime_s=82.43
[host_monotonic_s=180263.015159] RT_PROGRESS uptime_s=92.45
[host_monotonic_s=180264.616854] RT_PROGRESS uptime_s=102.48
[host_monotonic_s=180274.897317] RT_PROGRESS uptime_s=112.56
[host_monotonic_s=180285.432567] WARN: stat /dev/cpu_dma_latency failed: No such file or directory
[host_monotonic_s=180285.462588] # Histogram
[host_monotonic_s=180285.474162] 000147 000001
[host_monotonic_s=180285.477168] 000153 000001
[host_monotonic_s=180285.480065] 000163 000001
[host_monotonic_s=180285.483921] 000164 000001
[host_monotonic_s=180285.486620] 000166 000004
[host_monotonic_s=180285.489461] 000167 000003
[host_monotonic_s=180285.492404] 000168 000002
[host_monotonic_s=180285.502578] 000169 000003
[host_monotonic_s=180285.515212] 000170 000003
[host_monotonic_s=180285.518462] 000173 000002
[host_monotonic_s=180285.524337] 000174 000002
[host_monotonic_s=180285.527571] 000175 000003
[host_monotonic_s=180285.530579] 000176 000002
[host_monotonic_s=180285.533912] 000177 000002
[host_monotonic_s=180285.543429] 000178 000005
[host_monotonic_s=180285.546165] 000179 000005
[host_monotonic_s=180285.549095] 000180 000001
[host_monotonic_s=180285.552330] 000181 000002
[host_monotonic_s=180285.562263] 000182 000007
[host_monotonic_s=180285.565414] 000183 000002
[host_monotonic_s=180285.572603] 000184 000003
[host_monotonic_s=180285.576123] 000185 000006
[host_monotonic_s=180285.601770] 000186 000006
[host_monotonic_s=180285.604947] 000187 000006
[host_monotonic_s=180285.613366] 000188 000001
[host_monotonic_s=180285.625223] 000189 000005
[host_monotonic_s=180285.629038] 000190 000004
[host_monotonic_s=180285.642412] 000191 000002
[host_monotonic_s=180285.652844] 000192 000003
[host_monotonic_s=180285.655664] 000194 000003
[host_monotonic_s=180285.658360] 000195 000005
[host_monotonic_s=180285.661177] 000196 000008
[host_monotonic_s=180285.972633] 000197 000002
[host_monotonic_s=180285.972651] 000198 000002
[host_monotonic_s=180285.972655] 000199 000003
[host_monotonic_s=180285.972659] 000200 000004
[host_monotonic_s=180285.972661] 000201 000003
[host_monotonic_s=180285.972664] 000202 000004
[host_monotonic_s=180285.972666] 000203 000002
[host_monotonic_s=180285.972668] 000204 000006
[host_monotonic_s=180285.972669] 000205 000003
[host_monotonic_s=180285.972672] 000206 000006
[host_monotonic_s=180285.972674] 000207 000005
[host_monotonic_s=180285.972676] 000208 000004
[host_monotonic_s=180285.972677] 000209 000004
[host_monotonic_s=180285.972679] 000210 000005
[host_monotonic_s=180285.972681] 000211 000006
[host_monotonic_s=180285.972683] 000212 000001
[host_monotonic_s=180285.972684] 000213 000003
[host_monotonic_s=180285.972686] 000214 000003
[host_monotonic_s=180285.980758] 000215 000006
[host_monotonic_s=180285.982123] 000216 000007
[host_monotonic_s=180285.992349] 000217 000003
[host_monotonic_s=180286.032285] 000218 000001
[host_monotonic_s=180286.081873] 000219 000006
[host_monotonic_s=180286.101798] 000220 000007
[host_monotonic_s=180286.123637] 000221 000001
[host_monotonic_s=180286.134486] 000222 000006
[host_monotonic_s=180286.143412] 000223 000004
[host_monotonic_s=180286.147543] 000224 000003
[host_monotonic_s=180286.152211] 000225 000002
[host_monotonic_s=180286.157415] 000226 000005
[host_monotonic_s=180286.161302] 000227 000009
[host_monotonic_s=180286.164930] 000228 000004
[host_monotonic_s=180286.168316] 000229 000002
[host_monotonic_s=180286.171998] 000230 000005
[host_monotonic_s=180286.183887] 000231 000003
[host_monotonic_s=180286.204239] 000232 000006
[host_monotonic_s=180286.522854] 000233 000004
[host_monotonic_s=180286.522868] 000234 000006
[host_monotonic_s=180286.522872] 000235 000004
[host_monotonic_s=180286.522875] 000236 000001
[host_monotonic_s=180286.522877] 000237 000005
[host_monotonic_s=180286.522879] 000238 000002
[host_monotonic_s=180286.522881] 000239 000003
[host_monotonic_s=180286.522883] 000240 000007
[host_monotonic_s=180286.522885] 000241 000004
[host_monotonic_s=180286.522887] 000242 000006
[host_monotonic_s=180286.522889] 000243 000006
[host_monotonic_s=180286.522890] 000244 000003
[host_monotonic_s=180286.522892] 000245 000007
[host_monotonic_s=180286.522894] 000246 000003
[host_monotonic_s=180286.522896] 000247 000006
[host_monotonic_s=180286.522897] 000248 000001
[host_monotonic_s=180286.522899] 000249 000005
[host_monotonic_s=180286.522900] 000250 000005
[host_monotonic_s=180286.522902] 000251 000005
[host_monotonic_s=180286.542570] 000252 000008
[host_monotonic_s=180286.553929] 000253 000007
[host_monotonic_s=180286.574156] 000254 000003
[host_monotonic_s=180286.593319] 000255 000004
[host_monotonic_s=180286.596480] 000256 000005
[host_monotonic_s=180286.599443] 000257 000005
[host_monotonic_s=180286.624013] 000258 000010
[host_monotonic_s=180286.630312] 000259 000002
[host_monotonic_s=180286.633952] 000260 000003
[host_monotonic_s=180286.642027] 000261 000005
[host_monotonic_s=180286.645372] 000262 000002
[host_monotonic_s=180286.655195] 000263 000002
[host_monotonic_s=180286.662924] 000264 000005
[host_monotonic_s=180286.693153] 000265 000003
[host_monotonic_s=180286.704854] 000266 000001
[host_monotonic_s=180286.707655] 000267 000003
[host_monotonic_s=180286.714860] 000268 000004
[host_monotonic_s=180286.718504] 000269 000005
[host_monotonic_s=180286.722372] 000270 000007
[host_monotonic_s=180286.725575] 000271 000003
[host_monotonic_s=180286.728445] 000272 000009
[host_monotonic_s=180286.731893] 000273 000005
[host_monotonic_s=180286.734644] 000274 000003
[host_monotonic_s=180286.752362] 000275 000007
[host_monotonic_s=180286.763053] 000276 000003
[host_monotonic_s=180286.766043] 000277 000009
[host_monotonic_s=180287.082219] 000278 000004
[host_monotonic_s=180287.082230] 000279 000003
[host_monotonic_s=180287.082231] 000280 000008
[host_monotonic_s=180287.082233] 000281 000004
[host_monotonic_s=180287.082235] 000282 000007
[host_monotonic_s=180287.082236] 000283 000007
[host_monotonic_s=180287.082238] 000284 000006
[host_monotonic_s=180287.082239] 000285 000002
[host_monotonic_s=180287.082240] 000286 000004
[host_monotonic_s=180287.082242] 000287 000002
[host_monotonic_s=180287.082243] 000288 000011
[host_monotonic_s=180287.082244] 000289 000009
[host_monotonic_s=180287.082246] 000290 000008
[host_monotonic_s=180287.082246] 000291 000005
[host_monotonic_s=180287.082248] 000292 000004
[host_monotonic_s=180287.082249] 000293 000005
[host_monotonic_s=180287.082250] 000294 000005
[host_monotonic_s=180287.082251] 000295 000007
[host_monotonic_s=180287.082252] 000296 000008
[host_monotonic_s=180287.092082] 000297 000006
[host_monotonic_s=180287.095421] 000298 000011
[host_monotonic_s=180287.102384] 000299 000009
[host_monotonic_s=180287.142958] 000300 000010
[host_monotonic_s=180287.154259] 000301 000005
[host_monotonic_s=180287.171662] 000302 000009
[host_monotonic_s=180287.183705] 000303 000011
[host_monotonic_s=180287.188155] 000304 000013
[host_monotonic_s=180287.191109] 000305 000022
[host_monotonic_s=180287.194021] 000306 000020
[host_monotonic_s=180287.202150] 000307 000020
[host_monotonic_s=180287.221780] 000308 000016
[host_monotonic_s=180287.241958] 000309 000026
[host_monotonic_s=180287.262778] 000310 000015
[host_monotonic_s=180287.265943] 000311 000019
[host_monotonic_s=180287.272073] 000312 000023
[host_monotonic_s=180287.275272] 000313 000029
[host_monotonic_s=180287.278440] 000314 000028
[host_monotonic_s=180287.281615] 000315 000034
[host_monotonic_s=180287.286196] 000316 000021
[host_monotonic_s=180287.289485] 000317 000025
[host_monotonic_s=180287.292615] 000318 000025
[host_monotonic_s=180287.302948] 000319 000036
[host_monotonic_s=180287.323754] 000320 000034
[host_monotonic_s=180287.632611] 000321 000038
[host_monotonic_s=180287.632625] 000322 000043
[host_monotonic_s=180287.632627] 000323 000041
[host_monotonic_s=180287.632630] 000324 000035
[host_monotonic_s=180287.632632] 000325 000055
[host_monotonic_s=180287.632634] 000326 000054
[host_monotonic_s=180287.632636] 000327 000051
[host_monotonic_s=180287.632638] 000328 000069
[host_monotonic_s=180287.632640] 000329 000044
[host_monotonic_s=180287.632642] 000330 000060
[host_monotonic_s=180287.632644] 000331 000052
[host_monotonic_s=180287.632646] 000332 000055
[host_monotonic_s=180287.632648] 000333 000064
[host_monotonic_s=180287.632649] 000334 000058
[host_monotonic_s=180287.632651] 000335 000046
[host_monotonic_s=180287.632653] 000336 000071
[host_monotonic_s=180287.632654] 000337 000067
[host_monotonic_s=180287.632656] 000338 000071
[host_monotonic_s=180287.632658] 000339 000082
[host_monotonic_s=180287.638767] 000340 000052
[host_monotonic_s=180287.643244] 000341 000068
[host_monotonic_s=180287.652285] 000342 000060
[host_monotonic_s=180287.681946] 000343 000062
[host_monotonic_s=180287.684919] 000344 000079
[host_monotonic_s=180287.687761] 000345 000049
[host_monotonic_s=180287.690577] 000346 000055
[host_monotonic_s=180287.693627] 000347 000062
[host_monotonic_s=180287.704259] 000348 000054
[host_monotonic_s=180287.707552] 000349 000064
[host_monotonic_s=180287.710436] 000350 000047
[host_monotonic_s=180287.714282] 000351 000058
[host_monotonic_s=180287.734119] 000352 000049
[host_monotonic_s=180287.737064] 000353 000056
[host_monotonic_s=180287.743913] 000354 000055
[host_monotonic_s=180287.746862] 000355 000037
[host_monotonic_s=180287.752272] 000356 000032
[host_monotonic_s=180287.764497] 000357 000036
[host_monotonic_s=180287.767853] 000358 000050
[host_monotonic_s=180287.770958] 000359 000049
[host_monotonic_s=180287.774121] 000360 000051
[host_monotonic_s=180287.776891] 000361 000039
[host_monotonic_s=180287.779657] 000362 000050
[host_monotonic_s=180287.782798] 000363 000051
[host_monotonic_s=180287.802492] 000364 000046
[host_monotonic_s=180287.824316] 000365 000048
[host_monotonic_s=180287.833351] 000366 000044
[host_monotonic_s=180287.836416] 000367 000046
[host_monotonic_s=180287.839090] 000368 000043
[host_monotonic_s=180287.842298] 000369 000039
[host_monotonic_s=180287.845186] 000370 000044
[host_monotonic_s=180287.862863] 000371 000030
[host_monotonic_s=180287.865873] 000372 000048
[host_monotonic_s=180287.874443] 000373 000033
[host_monotonic_s=180288.182823] 000374 000043
[host_monotonic_s=180288.182834] 000375 000047
[host_monotonic_s=180288.182837] 000376 000045
[host_monotonic_s=180288.182839] 000377 000048
[host_monotonic_s=180288.182841] 000378 000039
[host_monotonic_s=180288.182842] 000379 000042
[host_monotonic_s=180288.182844] 000380 000048
[host_monotonic_s=180288.182846] 000381 000057
[host_monotonic_s=180288.182847] 000382 000054
[host_monotonic_s=180288.182849] 000383 000065
[host_monotonic_s=180288.182850] 000384 000063
[host_monotonic_s=180288.182852] 000385 000061
[host_monotonic_s=180288.182853] 000386 000086
[host_monotonic_s=180288.182855] 000387 000078
[host_monotonic_s=180288.182856] 000388 000074
[host_monotonic_s=180288.182857] 000389 000059
[host_monotonic_s=180288.182858] 000390 000097
[host_monotonic_s=180288.182860] 000391 000098
[host_monotonic_s=180288.182861] 000392 000094
[host_monotonic_s=180288.190542] 000393 000086
[host_monotonic_s=180288.204108] 000394 000104
[host_monotonic_s=180288.214414] 000395 000096
[host_monotonic_s=180288.217331] 000396 000124
[host_monotonic_s=180288.223187] 000397 000136
[host_monotonic_s=180288.226223] 000398 000156
[host_monotonic_s=180288.233307] 000399 000150
[host_monotonic_s=180288.236241] 000400 000176
[host_monotonic_s=180288.253491] 000401 000193
[host_monotonic_s=180288.261648] 000402 000227
[host_monotonic_s=180288.264637] 000403 000263
[host_monotonic_s=180288.267695] 000404 000282
[host_monotonic_s=180288.270440] 000405 000334
[host_monotonic_s=180288.273480] 000406 000380
[host_monotonic_s=180288.281713] 000407 000407
[host_monotonic_s=180288.284744] 000408 000481
[host_monotonic_s=180288.294110] 000409 000444
[host_monotonic_s=180288.322775] 000410 000470
[host_monotonic_s=180288.325509] 000411 000496
[host_monotonic_s=180288.329243] 000412 000472
[host_monotonic_s=180288.332273] 000413 000473
[host_monotonic_s=180288.342125] 000414 000517
[host_monotonic_s=180288.353217] 000415 000459
[host_monotonic_s=180288.363847] 000416 000500
[host_monotonic_s=180288.374383] 000417 000487
[host_monotonic_s=180288.382474] 000418 000490
[host_monotonic_s=180288.386172] 000419 000485
[host_monotonic_s=180288.388861] 000420 000449
[host_monotonic_s=180288.391922] 000421 000445
[host_monotonic_s=180288.394780] 000422 000410
[host_monotonic_s=180288.403708] 000423 000411
[host_monotonic_s=180288.412580] 000424 000428
[host_monotonic_s=180288.415433] 000425 000389
[host_monotonic_s=180288.418335] 000426 000434
[host_monotonic_s=180288.421199] 000427 000443
[host_monotonic_s=180288.733076] 000428 000411
[host_monotonic_s=180288.733081] 000429 000428
[host_monotonic_s=180288.733082] 000430 000453
[host_monotonic_s=180288.733083] 000431 000452
[host_monotonic_s=180288.733084] 000432 000426
[host_monotonic_s=180288.733084] 000433 000429
[host_monotonic_s=180288.733085] 000434 000431
[host_monotonic_s=180288.733085] 000435 000426
[host_monotonic_s=180288.733086] 000436 000389
[host_monotonic_s=180302.374382] 000437 000393
[host_monotonic_s=180302.391686] 000438 000392
[host_monotonic_s=180302.412179] 000439 000425
[host_monotonic_s=180302.434365] 000440 000400
[host_monotonic_s=180302.454161] 000441 000430
[host_monotonic_s=180302.463006] 000442 000414
[host_monotonic_s=180302.466412] 000443 000386
[host_monotonic_s=180302.469650] 000444 000411
[host_monotonic_s=180302.474058] 000445 000410
[host_monotonic_s=180302.477157] 000446 000409
[host_monotonic_s=180302.482829] 000447 000391
[host_monotonic_s=180302.501978] 000448 000382
[host_monotonic_s=180302.505128] 000449 000402
[host_monotonic_s=180302.512840] 000450 000415
[host_monotonic_s=180302.523115] 000451 000407
[host_monotonic_s=180302.526555] 000452 000449
[host_monotonic_s=180302.529987] 000453 000431
[host_monotonic_s=180302.533295] 000454 000447
[host_monotonic_s=180302.543106] 000455 000431
[host_monotonic_s=180302.553787] 000456 000439
[host_monotonic_s=180302.556818] 000457 000377
[host_monotonic_s=180302.572006] 000458 000413
[host_monotonic_s=180302.902292] 000459 000451
[host_monotonic_s=180302.902307] 000460 000452
[host_monotonic_s=180302.902310] 000461 000421
[host_monotonic_s=180302.902313] 000462 000436
[host_monotonic_s=180302.902315] 000463 000435
[host_monotonic_s=180302.902317] 000464 000415
[host_monotonic_s=180302.902320] 000465 000362
[host_monotonic_s=180302.902322] 000466 000369
[host_monotonic_s=180302.902324] 000467 000337
[host_monotonic_s=180302.902326] 000468 000318
[host_monotonic_s=180302.902328] 000469 000287
[host_monotonic_s=180302.902330] 000470 000306
[host_monotonic_s=180302.902332] 000471 000296
[host_monotonic_s=180302.902334] 000472 000283
[host_monotonic_s=180302.902336] 000473 000285
[host_monotonic_s=180302.902337] 000474 000274
[host_monotonic_s=180302.902339] 000475 000255
[host_monotonic_s=180302.902341] 000476 000257
[host_monotonic_s=180302.904438] 000477 000228
[host_monotonic_s=180302.912561] 000478 000248
[host_monotonic_s=180302.915337] 000479 000248
[host_monotonic_s=180302.918316] 000480 000239
[host_monotonic_s=180302.921232] 000481 000205
[host_monotonic_s=180302.934290] 000482 000231
[host_monotonic_s=180302.937190] 000483 000212
[host_monotonic_s=180302.952260] 000484 000214
[host_monotonic_s=180302.963262] 000485 000193
[host_monotonic_s=180302.966472] 000486 000204
[host_monotonic_s=180302.969292] 000487 000182
[host_monotonic_s=180302.972481] 000488 000185
[host_monotonic_s=180302.983997] 000489 000183
[host_monotonic_s=180302.986794] 000490 000183
[host_monotonic_s=180302.989562] 000491 000162
[host_monotonic_s=180302.992722] 000492 000170
[host_monotonic_s=180302.995445] 000493 000177
[host_monotonic_s=180303.004614] 000494 000169
[host_monotonic_s=180303.007848] 000495 000157
[host_monotonic_s=180303.022337] 000496 000176
[host_monotonic_s=180303.025838] 000497 000161
[host_monotonic_s=180303.029002] 000498 000154
[host_monotonic_s=180303.032309] 000499 000173
[host_monotonic_s=180303.035228] 000500 000170
[host_monotonic_s=180303.038083] 000501 000166
[host_monotonic_s=180303.040931] 000502 000166
[host_monotonic_s=180303.052071] 000503 000168
[host_monotonic_s=180303.071949] 000504 000189
[host_monotonic_s=180303.075041] 000505 000193
[host_monotonic_s=180303.084702] 000506 000192
[host_monotonic_s=180303.104899] 000507 000206
[host_monotonic_s=180303.133141] 000508 000213
[host_monotonic_s=180303.452537] 000509 000187
[host_monotonic_s=180303.452550] 000510 000229
[host_monotonic_s=180303.452553] 000511 000195
[host_monotonic_s=180303.452556] 000512 000179
[host_monotonic_s=180303.452558] 000513 000196
[host_monotonic_s=180303.452560] 000514 000190
[host_monotonic_s=180303.452561] 000515 000189
[host_monotonic_s=180303.452563] 000516 000170
[host_monotonic_s=180303.452565] 000517 000177
[host_monotonic_s=180303.452567] 000518 000151
[host_monotonic_s=180303.452568] 000519 000186
[host_monotonic_s=180303.452570] 000520 000191
[host_monotonic_s=180303.452572] 000521 000157
[host_monotonic_s=180303.452573] 000522 000160
[host_monotonic_s=180303.452575] 000523 000148
[host_monotonic_s=180303.452576] 000524 000168
[host_monotonic_s=180303.452578] 000525 000146
[host_monotonic_s=180303.452579] 000526 000163
[host_monotonic_s=180303.454362] 000527 000161
[host_monotonic_s=180303.481750] 000528 000163
[host_monotonic_s=180303.502085] 000529 000148
[host_monotonic_s=180303.505118] 000530 000136
[host_monotonic_s=180303.512116] 000531 000149
[host_monotonic_s=180303.524844] 000532 000149
[host_monotonic_s=180303.527912] 000533 000137
[host_monotonic_s=180303.530877] 000534 000145
[host_monotonic_s=180303.533892] 000535 000150
[host_monotonic_s=180303.536938] 000536 000153
[host_monotonic_s=180303.539684] 000537 000146
[host_monotonic_s=180303.542874] 000538 000145
[host_monotonic_s=180303.546047] 000539 000124
[host_monotonic_s=180303.548811] 000540 000144
[host_monotonic_s=180303.554397] 000541 000125
[host_monotonic_s=180303.563399] 000542 000132
[host_monotonic_s=180303.566492] 000543 000144
[host_monotonic_s=180303.591940] 000544 000151
[host_monotonic_s=180303.614184] 000545 000129
[host_monotonic_s=180303.617115] 000546 000103
[host_monotonic_s=180303.632330] 000547 000108
[host_monotonic_s=180303.642941] 000548 000121
[host_monotonic_s=180303.663806] 000549 000108
[host_monotonic_s=180303.673979] 000550 000126
[host_monotonic_s=180303.692663] 000551 000130
[host_monotonic_s=180303.695428] 000552 000119
[host_monotonic_s=180303.698469] 000553 000118
[host_monotonic_s=180304.012346] 000554 000097
[host_monotonic_s=180304.012361] 000555 000113
[host_monotonic_s=180304.012364] 000556 000117
[host_monotonic_s=180304.012366] 000557 000102
[host_monotonic_s=180304.012369] 000558 000107
[host_monotonic_s=180304.012371] 000559 000088
[host_monotonic_s=180304.012373] 000560 000095
[host_monotonic_s=180304.012375] 000561 000081
[host_monotonic_s=180304.012377] 000562 000106
[host_monotonic_s=180304.012379] 000563 000094
[host_monotonic_s=180304.012381] 000564 000102
[host_monotonic_s=180304.012383] 000565 000101
[host_monotonic_s=180304.012385] 000566 000114
[host_monotonic_s=180304.012386] 000567 000101
[host_monotonic_s=180304.012388] 000568 000111
[host_monotonic_s=180304.012390] 000569 000109
[host_monotonic_s=180304.012391] 000570 000111
[host_monotonic_s=180304.012393] 000571 000126
[host_monotonic_s=180304.014471] 000572 000137
[host_monotonic_s=180304.034026] 000573 000146
[host_monotonic_s=180304.036988] 000574 000147
[host_monotonic_s=180304.051907] 000575 000133
[host_monotonic_s=180304.064487] 000576 000106
[host_monotonic_s=180304.068241] 000577 000146
[host_monotonic_s=180304.071696] 000578 000132
[host_monotonic_s=180304.074994] 000579 000151
[host_monotonic_s=180304.077867] 000580 000114
[host_monotonic_s=180304.081149] 000581 000138
[host_monotonic_s=180304.093825] 000582 000137
[host_monotonic_s=180304.097174] 000583 000128
[host_monotonic_s=180304.113127] 000584 000126
[host_monotonic_s=180304.115868] 000585 000136
[host_monotonic_s=180304.121890] 000586 000139
[host_monotonic_s=180304.124911] 000587 000143
[host_monotonic_s=180304.128032] 000588 000132
[host_monotonic_s=180304.132938] 000589 000111
[host_monotonic_s=180304.136202] 000590 000152
[host_monotonic_s=180304.153447] 000591 000108
[host_monotonic_s=180304.157219] 000592 000109
[host_monotonic_s=180304.181957] 000593 000102
[host_monotonic_s=180304.195087] 000594 000123
[host_monotonic_s=180304.198451] 000595 000097
[host_monotonic_s=180304.201714] 000596 000098
[host_monotonic_s=180304.204764] 000597 000085
[host_monotonic_s=180304.207798] 000598 000127
[host_monotonic_s=180304.210623] 000599 000111
[host_monotonic_s=180304.218373] 000600 000128
[host_monotonic_s=180304.224297] 000601 000100
[host_monotonic_s=180304.227109] 000602 000108
[host_monotonic_s=180304.229983] 000603 000119
[host_monotonic_s=180304.251723] 000604 000112
[host_monotonic_s=180304.254898] 000605 000105
[host_monotonic_s=180304.262216] 000606 000095
[host_monotonic_s=180304.562710] 000607 000112
[host_monotonic_s=180304.562723] 000608 000115
[host_monotonic_s=180304.562726] 000609 000090
[host_monotonic_s=180304.562728] 000610 000085
[host_monotonic_s=180304.562729] 000611 000095
[host_monotonic_s=180304.562731] 000612 000093
[host_monotonic_s=180304.562733] 000613 000095
[host_monotonic_s=180304.562734] 000614 000099
[host_monotonic_s=180304.562736] 000615 000082
[host_monotonic_s=180304.562737] 000616 000086
[host_monotonic_s=180304.562739] 000617 000083
[host_monotonic_s=180304.562741] 000618 000102
[host_monotonic_s=180304.562742] 000619 000068
[host_monotonic_s=180304.562744] 000620 000080
[host_monotonic_s=180304.562745] 000621 000070
[host_monotonic_s=180304.562746] 000622 000065
[host_monotonic_s=180304.562748] 000623 000072
[host_monotonic_s=180304.562749] 000624 000071
[host_monotonic_s=180304.566727] 000625 000074
[host_monotonic_s=180304.572186] 000626 000070
[host_monotonic_s=180304.575335] 000627 000072
[host_monotonic_s=180304.585626] 000628 000076
[host_monotonic_s=180304.594619] 000629 000063
[host_monotonic_s=180304.597667] 000630 000075
[host_monotonic_s=180304.600475] 000631 000060
[host_monotonic_s=180304.603506] 000632 000075
[host_monotonic_s=180304.606317] 000633 000060
[host_monotonic_s=180304.609044] 000634 000063
[host_monotonic_s=180304.612344] 000635 000042
[host_monotonic_s=180304.615384] 000636 000058
[host_monotonic_s=180304.619049] 000637 000051
[host_monotonic_s=180304.622364] 000638 000047
[host_monotonic_s=180304.626109] 000639 000063
[host_monotonic_s=180304.629229] 000640 000045
[host_monotonic_s=180304.632349] 000641 000055
[host_monotonic_s=180304.635504] 000642 000053
[host_monotonic_s=180304.638503] 000643 000050
[host_monotonic_s=180304.641374] 000644 000050
[host_monotonic_s=180304.644725] 000645 000063
[host_monotonic_s=180304.647879] 000646 000045
[host_monotonic_s=180304.650645] 000647 000047
[host_monotonic_s=180304.654172] 000648 000049
[host_monotonic_s=180304.662451] 000649 000059
[host_monotonic_s=180304.666193] 000650 000043
[host_monotonic_s=180304.669422] 000651 000036
[host_monotonic_s=180304.673021] 000652 000042
[host_monotonic_s=180304.676107] 000653 000043
[host_monotonic_s=180304.678999] 000654 000038
[host_monotonic_s=180304.682485] 000655 000040
[host_monotonic_s=180304.685701] 000656 000049
[host_monotonic_s=180304.701729] 000657 000036
[host_monotonic_s=180304.704930] 000658 000054
[host_monotonic_s=180304.708734] 000659 000049
[host_monotonic_s=180304.711741] 000660 000055
[host_monotonic_s=180304.714920] 000661 000042
[host_monotonic_s=180304.718402] 000662 000042
[host_monotonic_s=180304.723903] 000663 000039
[host_monotonic_s=180304.742302] 000664 000048
[host_monotonic_s=180304.745999] 000665 000037
[host_monotonic_s=180304.749199] 000666 000036
[host_monotonic_s=180304.752534] 000667 000047
[host_monotonic_s=180304.763656] 000668 000054
[host_monotonic_s=180304.766796] 000669 000046
[host_monotonic_s=180304.771059] 000670 000044
[host_monotonic_s=180304.784586] 000671 000054
[host_monotonic_s=180304.787717] 000672 000043
[host_monotonic_s=180304.791142] 000673 000045
[host_monotonic_s=180304.794792] 000674 000047
[host_monotonic_s=180304.804275] 000675 000035
[host_monotonic_s=180304.807381] 000676 000051
[host_monotonic_s=180304.812440] 000677 000055
[host_monotonic_s=180305.113151] 000678 000057
[host_monotonic_s=180305.113165] 000679 000039
[host_monotonic_s=180305.113168] 000680 000045
[host_monotonic_s=180305.113171] 000681 000047
[host_monotonic_s=180305.113173] 000682 000059
[host_monotonic_s=180305.113175] 000683 000052
[host_monotonic_s=180305.113177] 000684 000061
[host_monotonic_s=180305.113179] 000685 000052
[host_monotonic_s=180305.113180] 000686 000054
[host_monotonic_s=180305.113182] 000687 000060
[host_monotonic_s=180305.113184] 000688 000054
[host_monotonic_s=180305.113187] 000689 000054
[host_monotonic_s=180305.113188] 000690 000052
[host_monotonic_s=180305.113190] 000691 000056
[host_monotonic_s=180305.113192] 000692 000052
[host_monotonic_s=180305.113193] 000693 000064
[host_monotonic_s=180305.113195] 000694 000053
[host_monotonic_s=180305.113197] 000695 000051
[host_monotonic_s=180305.119252] 000696 000048
[host_monotonic_s=180305.132262] 000697 000060
[host_monotonic_s=180305.135072] 000698 000041
[host_monotonic_s=180305.138456] 000699 000052
[host_monotonic_s=180305.141716] 000700 000059
[host_monotonic_s=180305.144724] 000701 000063
[host_monotonic_s=180305.147872] 000702 000064
[host_monotonic_s=180305.151054] 000703 000058
[host_monotonic_s=180305.154329] 000704 000051
[host_monotonic_s=180305.157476] 000705 000056
[host_monotonic_s=180305.160477] 000706 000062
[host_monotonic_s=180305.164204] 000707 000064
[host_monotonic_s=180305.167217] 000708 000049
[host_monotonic_s=180305.183866] 000709 000054
[host_monotonic_s=180317.872374] 000710 000058
[host_monotonic_s=180317.872386] 000711 000053
[host_monotonic_s=180317.872389] 000712 000052
[host_monotonic_s=180317.872392] 000713 000057
[host_monotonic_s=180317.872394] 000714 000044
[host_monotonic_s=180317.872396] 000715 000066
[host_monotonic_s=180317.872398] 000716 000046
[host_monotonic_s=180317.872400] 000717 000066
[host_monotonic_s=180317.872402] 000718 000061
[host_monotonic_s=180317.872405] 000719 000056
[host_monotonic_s=180317.872406] 000720 000042
[host_monotonic_s=180317.872408] 000721 000071
[host_monotonic_s=180317.872410] 000722 000069
[host_monotonic_s=180317.872411] 000723 000061
[host_monotonic_s=180317.872413] 000724 000057
[host_monotonic_s=180317.872415] 000725 000059
[host_monotonic_s=180317.872417] 000726 000061
[host_monotonic_s=180317.872418] 000727 000047
[host_monotonic_s=180317.881890] 000728 000061
[host_monotonic_s=180317.912424] 000729 000061
[host_monotonic_s=180317.924255] 000730 000060
[host_monotonic_s=180317.927693] 000731 000053
[host_monotonic_s=180317.933066] 000732 000051
[host_monotonic_s=180317.936293] 000733 000056
[host_monotonic_s=180317.939546] 000734 000052
[host_monotonic_s=180317.943077] 000735 000059
[host_monotonic_s=180317.951988] 000736 000064
[host_monotonic_s=180317.955074] 000737 000060
[host_monotonic_s=180317.957939] 000738 000070
[host_monotonic_s=180317.962775] 000739 000057
[host_monotonic_s=180317.972433] 000740 000065
[host_monotonic_s=180317.992621] 000741 000055
[host_monotonic_s=180318.005927] 000742 000061
[host_monotonic_s=180318.009284] 000743 000047
[host_monotonic_s=180318.022240] 000744 000050
[host_monotonic_s=180318.032818] 000745 000049
[host_monotonic_s=180318.063714] 000746 000033
[host_monotonic_s=180318.066792] 000747 000058
[host_monotonic_s=180318.076011] 000748 000057
[host_monotonic_s=180318.078968] 000749 000060
[host_monotonic_s=180318.082374] 000750 000043
[host_monotonic_s=180318.085541] 000751 000043
[host_monotonic_s=180318.088325] 000752 000052
[host_monotonic_s=180318.091015] 000753 000059
[host_monotonic_s=180318.422843] 000754 000059
[host_monotonic_s=180318.422858] 000755 000066
[host_monotonic_s=180318.422860] 000756 000064
[host_monotonic_s=180318.422863] 000757 000043
[host_monotonic_s=180318.422865] 000758 000080
[host_monotonic_s=180318.422867] 000759 000044
[host_monotonic_s=180318.422869] 000760 000055
[host_monotonic_s=180318.422871] 000761 000057
[host_monotonic_s=180318.422873] 000762 000056
[host_monotonic_s=180318.422875] 000763 000053
[host_monotonic_s=180318.422877] 000764 000058
[host_monotonic_s=180318.422879] 000765 000053
[host_monotonic_s=180318.422880] 000766 000054
[host_monotonic_s=180318.422882] 000767 000053
[host_monotonic_s=180318.422884] 000768 000049
[host_monotonic_s=180318.422885] 000769 000067
[host_monotonic_s=180318.422887] 000770 000052
[host_monotonic_s=180318.422888] 000771 000054
[host_monotonic_s=180318.422890] 000772 000063
[host_monotonic_s=180318.429628] 000773 000047
[host_monotonic_s=180318.433017] 000774 000063
[host_monotonic_s=180318.453549] 000775 000053
[host_monotonic_s=180318.463438] 000776 000069
[host_monotonic_s=180318.467496] 000777 000057
[host_monotonic_s=180318.482478] 000778 000074
[host_monotonic_s=180318.493136] 000779 000069
[host_monotonic_s=180318.496490] 000780 000062
[host_monotonic_s=180318.499464] 000781 000051
[host_monotonic_s=180318.503782] 000782 000077
[host_monotonic_s=180318.525379] 000783 000080
[host_monotonic_s=180318.533927] 000784 000073
[host_monotonic_s=180318.552727] 000785 000063
[host_monotonic_s=180318.572080] 000786 000074
[host_monotonic_s=180318.575084] 000787 000068
[host_monotonic_s=180318.584144] 000788 000067
[host_monotonic_s=180318.587421] 000789 000065
[host_monotonic_s=180318.601842] 000790 000080
[host_monotonic_s=180318.611634] 000791 000071
[host_monotonic_s=180318.614981] 000792 000081
[host_monotonic_s=180318.618192] 000793 000062
[host_monotonic_s=180318.621224] 000794 000074
[host_monotonic_s=180318.625982] 000795 000076
[host_monotonic_s=180318.633337] 000796 000081
[host_monotonic_s=180318.653215] 000797 000070
[host_monotonic_s=180318.656177] 000798 000071
[host_monotonic_s=180318.663621] 000799 000089
[host_monotonic_s=180318.666472] 000800 000098
[host_monotonic_s=180318.669605] 000801 000077
[host_monotonic_s=180318.973221] 000802 000083
[host_monotonic_s=180318.973234] 000803 000088
[host_monotonic_s=180318.973236] 000804 000098
[host_monotonic_s=180318.973239] 000805 000081
[host_monotonic_s=180318.973240] 000806 000078
[host_monotonic_s=180318.973242] 000807 000093
[host_monotonic_s=180318.973244] 000808 000090
[host_monotonic_s=180318.973246] 000809 000093
[host_monotonic_s=180318.973248] 000810 000086
[host_monotonic_s=180318.973249] 000811 000089
[host_monotonic_s=180318.973251] 000812 000097
[host_monotonic_s=180318.973253] 000813 000082
[host_monotonic_s=180318.973255] 000814 000089
[host_monotonic_s=180318.973256] 000815 000095
[host_monotonic_s=180318.973258] 000816 000097
[host_monotonic_s=180318.973259] 000817 000084
[host_monotonic_s=180318.973261] 000818 000081
[host_monotonic_s=180318.973262] 000819 000077
[host_monotonic_s=180318.973264] 000820 000081
[host_monotonic_s=180318.980083] 000821 000084
[host_monotonic_s=180318.983459] 000822 000095
[host_monotonic_s=180319.002426] 000823 000083
[host_monotonic_s=180319.005814] 000824 000113
[host_monotonic_s=180319.014545] 000825 000085
[host_monotonic_s=180319.023373] 000826 000095
[host_monotonic_s=180319.043958] 000827 000103
[host_monotonic_s=180319.048328] 000828 000097
[host_monotonic_s=180319.054011] 000829 000109
[host_monotonic_s=180319.064774] 000830 000098
[host_monotonic_s=180319.067853] 000831 000090
[host_monotonic_s=180319.070715] 000832 000077
[host_monotonic_s=180319.077879] 000833 000070
[host_monotonic_s=180319.084842] 000834 000079
[host_monotonic_s=180319.087807] 000835 000090
[host_monotonic_s=180319.090815] 000836 000078
[host_monotonic_s=180319.093967] 000837 000073
[host_monotonic_s=180319.104795] 000838 000105
[host_monotonic_s=180319.111795] 000839 000074
[host_monotonic_s=180319.123688] 000840 000070
[host_monotonic_s=180319.133318] 000841 000080
[host_monotonic_s=180319.136323] 000842 000070
[host_monotonic_s=180319.139390] 000843 000065
[host_monotonic_s=180319.152622] 000844 000072
[host_monotonic_s=180319.164619] 000845 000080
[host_monotonic_s=180319.170253] 000846 000084
[host_monotonic_s=180319.174891] 000847 000072
[host_monotonic_s=180319.177617] 000848 000075
[host_monotonic_s=180319.180702] 000849 000069
[host_monotonic_s=180319.184289] 000850 000064
[host_monotonic_s=180319.186962] 000851 000084
[host_monotonic_s=180319.190080] 000852 000047
[host_monotonic_s=180319.192930] 000853 000069
[host_monotonic_s=180319.196057] 000854 000077
[host_monotonic_s=180319.198873] 000855 000056
[host_monotonic_s=180319.202498] 000856 000055
[host_monotonic_s=180319.205561] 000857 000067
[host_monotonic_s=180319.208943] 000858 000050
[host_monotonic_s=180319.213948] 000859 000058
[host_monotonic_s=180319.216618] 000860 000072
[host_monotonic_s=180319.219366] 000861 000065
[host_monotonic_s=180319.222211] 000862 000073
[host_monotonic_s=180319.523503] 000863 000063
[host_monotonic_s=180319.523516] 000864 000074
[host_monotonic_s=180319.523519] 000865 000081
[host_monotonic_s=180319.523521] 000866 000074
[host_monotonic_s=180319.523523] 000867 000062
[host_monotonic_s=180319.523524] 000868 000075
[host_monotonic_s=180319.523526] 000869 000077
[host_monotonic_s=180319.523528] 000870 000052
[host_monotonic_s=180319.523530] 000871 000061
[host_monotonic_s=180319.523532] 000872 000065
[host_monotonic_s=180319.523534] 000873 000068
[host_monotonic_s=180319.523536] 000874 000063
[host_monotonic_s=180319.523537] 000875 000060
[host_monotonic_s=180319.523538] 000876 000057
[host_monotonic_s=180319.523540] 000877 000055
[host_monotonic_s=180319.523541] 000878 000058
[host_monotonic_s=180319.523543] 000879 000062
[host_monotonic_s=180319.523544] 000880 000070
[host_monotonic_s=180319.527229] 000881 000061
[host_monotonic_s=180319.542504] 000882 000058
[host_monotonic_s=180319.545894] 000883 000035
[host_monotonic_s=180319.549023] 000886 000011
[host_monotonic_s=180319.552117] 000887 000019
[host_monotonic_s=180319.555013] 000888 000039
[host_monotonic_s=180319.558151] 000889 000046
[host_monotonic_s=180319.562471] 000890 000056
[host_monotonic_s=180319.572338] 000891 000054
[host_monotonic_s=180319.575213] 000892 000058
[host_monotonic_s=180319.578244] 000893 000056
[host_monotonic_s=180319.581047] 000894 000053
[host_monotonic_s=180319.584115] 000895 000051
[host_monotonic_s=180319.586935] 000896 000047
[host_monotonic_s=180319.590790] 000897 000045
[host_monotonic_s=180319.594456] 000898 000057
[host_monotonic_s=180319.597468] 000899 000040
[host_monotonic_s=180319.600312] 000900 000047
[host_monotonic_s=180319.603700] 000901 000045
[host_monotonic_s=180319.633965] 000902 000041
[host_monotonic_s=180319.642340] 000903 000044
[host_monotonic_s=180319.654003] 000904 000035
[host_monotonic_s=180319.657135] 000905 000048
[host_monotonic_s=180319.660248] 000906 000053
[host_monotonic_s=180319.663590] 000907 000041
[host_monotonic_s=180319.666371] 000908 000049
[host_monotonic_s=180319.674130] 000909 000049
[host_monotonic_s=180319.678496] 000910 000050
[host_monotonic_s=180319.682993] 000911 000041
[host_monotonic_s=180319.694309] 000912 000063
[host_monotonic_s=180319.697028] 000913 000038
[host_monotonic_s=180319.703058] 000914 000053
[host_monotonic_s=180319.731919] 000915 000051
[host_monotonic_s=180319.736061] 000916 000054
[host_monotonic_s=180319.739126] 000917 000036
[host_monotonic_s=180319.752697] 000918 000039
[host_monotonic_s=180319.757190] 000919 000044
[host_monotonic_s=180319.761730] 000920 000047
[host_monotonic_s=180319.766226] 000921 000038
[host_monotonic_s=180319.770547] 000922 000045
[host_monotonic_s=180320.073998] 000923 000049
[host_monotonic_s=180320.074031] 000924 000041
[host_monotonic_s=180320.074035] 000925 000031
[host_monotonic_s=180320.074038] 000926 000052
[host_monotonic_s=180320.074040] 000927 000039
[host_monotonic_s=180320.074042] 000928 000047
[host_monotonic_s=180320.074044] 000929 000051
[host_monotonic_s=180320.074046] 000930 000038
[host_monotonic_s=180320.074048] 000931 000039
[host_monotonic_s=180320.074050] 000932 000041
[host_monotonic_s=180320.074052] 000933 000030
[host_monotonic_s=180320.074054] 000934 000039
[host_monotonic_s=180320.074056] 000935 000031
[host_monotonic_s=180320.074057] 000936 000036
[host_monotonic_s=180320.074059] 000937 000038
[host_monotonic_s=180320.074061] 000938 000046
[host_monotonic_s=180320.074062] 000939 000028
[host_monotonic_s=180320.074064] 000940 000044
[host_monotonic_s=180320.074065] 000941 000033
[host_monotonic_s=180320.082566] 000942 000036
[host_monotonic_s=180320.086154] 000943 000040
[host_monotonic_s=180320.091972] 000944 000044
[host_monotonic_s=180320.111859] 000945 000039
[host_monotonic_s=180320.133272] 000946 000034
[host_monotonic_s=180320.136551] 000947 000035
[host_monotonic_s=180320.140817] 000948 000045
[host_monotonic_s=180320.145865] 000949 000043
[host_monotonic_s=180320.150112] 000950 000040
[host_monotonic_s=180320.162252] 000951 000035
[host_monotonic_s=180320.177196] 000952 000047
[host_monotonic_s=180320.182886] 000953 000048
[host_monotonic_s=180320.185887] 000954 000039
[host_monotonic_s=180320.192253] 000955 000040
[host_monotonic_s=180320.195254] 000956 000036
[host_monotonic_s=180320.203689] 000957 000031
[host_monotonic_s=180320.209200] 000958 000035
[host_monotonic_s=180320.221863] 000959 000043
[host_monotonic_s=180320.274056] 000960 000041
[host_monotonic_s=180320.277475] 000961 000046
[host_monotonic_s=180320.280309] 000962 000043
[host_monotonic_s=180320.283503] 000963 000037
[host_monotonic_s=180320.286507] 000964 000044
[host_monotonic_s=180320.289279] 000965 000040
[host_monotonic_s=180320.292267] 000966 000049
[host_monotonic_s=180320.294982] 000967 000046
[host_monotonic_s=180320.301730] 000968 000050
[host_monotonic_s=180320.322596] 000969 000042
[host_monotonic_s=180320.624009] 000970 000043
[host_monotonic_s=180320.624014] 000971 000041
[host_monotonic_s=180320.624015] 000972 000038
[host_monotonic_s=180320.624016] 000973 000038
[host_monotonic_s=180320.624016] 000974 000034
[host_monotonic_s=180320.624017] 000975 000036
[host_monotonic_s=180320.624018] 000976 000045
[host_monotonic_s=180320.624018] 000977 000049
[host_monotonic_s=180320.624019] 000978 000036
[host_monotonic_s=180320.624019] 000979 000029
[host_monotonic_s=180320.624044] 000980 000037
[host_monotonic_s=180320.624045] 000981 000044
[host_monotonic_s=180320.624045] 000982 000028
[host_monotonic_s=180320.624045] 000983 000040
[host_monotonic_s=180320.624046] 000984 000036
[host_monotonic_s=180333.423038] 000985 000040
[host_monotonic_s=180333.423050] 000986 000044
[host_monotonic_s=180333.423053] 000987 000033
[host_monotonic_s=180333.423055] 000988 000040
[host_monotonic_s=180333.423056] 000989 000029
[host_monotonic_s=180333.423058] 000990 000038
[host_monotonic_s=180333.423059] 000991 000031
[host_monotonic_s=180333.423061] 000992 000033
[host_monotonic_s=180333.423062] 000993 000036
[host_monotonic_s=180333.423064] 000994 000031
[host_monotonic_s=180333.423065] 000995 000036
[host_monotonic_s=180333.423067] 000996 000033
[host_monotonic_s=180333.423068] 000997 000026
[host_monotonic_s=180333.423070] 000998 000036
[host_monotonic_s=180333.423071] 000999 000025
[host_monotonic_s=180333.423072] 001000 000023
[host_monotonic_s=180333.423074] 001001 000035
[host_monotonic_s=180333.423075] 001002 000023
[host_monotonic_s=180333.432681] 001003 000027
[host_monotonic_s=180333.435985] 001004 000033
[host_monotonic_s=180333.472175] 001005 000033
[host_monotonic_s=180333.482274] 001006 000022
[host_monotonic_s=180333.493133] 001007 000019
[host_monotonic_s=180333.511934] 001008 000026
[host_monotonic_s=180333.515030] 001009 000026
[host_monotonic_s=180333.518046] 001010 000013
[host_monotonic_s=180333.521039] 001011 000021
[host_monotonic_s=180333.525156] 001012 000012
[host_monotonic_s=180333.528185] 001013 000023
[host_monotonic_s=180333.531056] 001014 000027
[host_monotonic_s=180333.552752] 001015 000024
[host_monotonic_s=180333.558887] 001016 000016
[host_monotonic_s=180333.573203] 001017 000023
[host_monotonic_s=180333.576164] 001018 000023
[host_monotonic_s=180333.579141] 001019 000027
[host_monotonic_s=180333.591855] 001020 000015
[host_monotonic_s=180333.602026] 001021 000024
[host_monotonic_s=180333.613928] 001022 000029
[host_monotonic_s=180333.617388] 001023 000027
[host_monotonic_s=180333.620853] 001024 000021
[host_monotonic_s=180333.627398] 001025 000018
[host_monotonic_s=180333.630352] 001026 000013
[host_monotonic_s=180333.633407] 001027 000017
[host_monotonic_s=180333.644348] 001028 000016
[host_monotonic_s=180333.647094] 001029 000014
[host_monotonic_s=180333.662235] 001030 000023
[host_monotonic_s=180333.973713] 001031 000024
[host_monotonic_s=180333.973733] 001032 000015
[host_monotonic_s=180333.973737] 001033 000023
[host_monotonic_s=180333.973741] 001034 000016
[host_monotonic_s=180333.973744] 001035 000014
[host_monotonic_s=180333.973747] 001036 000019
[host_monotonic_s=180333.973750] 001037 000012
[host_monotonic_s=180333.973753] 001038 000014
[host_monotonic_s=180333.973756] 001039 000014
[host_monotonic_s=180333.973760] 001040 000013
[host_monotonic_s=180333.973763] 001041 000018
[host_monotonic_s=180333.973767] 001042 000014
[host_monotonic_s=180333.973770] 001043 000010
[host_monotonic_s=180333.973773] 001044 000023
[host_monotonic_s=180333.973776] 001045 000014
[host_monotonic_s=180333.973778] 001046 000022
[host_monotonic_s=180333.973782] 001047 000010
[host_monotonic_s=180333.973785] 001048 000012
[host_monotonic_s=180333.973788] 001049 000015
[host_monotonic_s=180333.980109] 001050 000014
[host_monotonic_s=180334.002129] 001051 000010
[host_monotonic_s=180334.005843] 001052 000011
[host_monotonic_s=180334.008723] 001053 000020
[host_monotonic_s=180334.011417] 001054 000017
[host_monotonic_s=180334.014848] 001055 000018
[host_monotonic_s=180334.017748] 001056 000009
[host_monotonic_s=180334.020654] 001057 000011
[host_monotonic_s=180334.023668] 001058 000011
[host_monotonic_s=180334.026484] 001059 000014
[host_monotonic_s=180334.028779] 001060 000017
[host_monotonic_s=180334.031141] 001061 000015
[host_monotonic_s=180334.033538] 001062 000015
[host_monotonic_s=180334.036105] 001063 000009
[host_monotonic_s=180334.039163] 001064 000007
[host_monotonic_s=180334.042707] 001065 000010
[host_monotonic_s=180334.045993] 001066 000006
[host_monotonic_s=180334.051685] 001067 000013
[host_monotonic_s=180334.054872] 001068 000012
[host_monotonic_s=180334.057912] 001069 000006
[host_monotonic_s=180334.060843] 001070 000011
[host_monotonic_s=180334.064244] 001071 000008
[host_monotonic_s=180334.067633] 001072 000010
[host_monotonic_s=180334.071341] 001073 000017
[host_monotonic_s=180334.074861] 001074 000011
[host_monotonic_s=180334.082600] 001075 000012
[host_monotonic_s=180334.085782] 001076 000007
[host_monotonic_s=180334.089054] 001077 000017
[host_monotonic_s=180334.101975] 001078 000013
[host_monotonic_s=180334.107725] 001079 000006
[host_monotonic_s=180334.121502] 001080 000008
[host_monotonic_s=180334.124529] 001081 000014
[host_monotonic_s=180334.127442] 001082 000013
[host_monotonic_s=180334.132897] 001083 000015
[host_monotonic_s=180334.142456] 001084 000006
[host_monotonic_s=180334.145412] 001085 000004
[host_monotonic_s=180334.151568] 001086 000011
[host_monotonic_s=180334.154423] 001087 000012
[host_monotonic_s=180334.157441] 001088 000006
[host_monotonic_s=180334.160362] 001089 000014
[host_monotonic_s=180334.163521] 001090 000015
[host_monotonic_s=180334.172105] 001091 000015
[host_monotonic_s=180334.177395] 001092 000008
[host_monotonic_s=180334.180434] 001093 000016
[host_monotonic_s=180334.192818] 001094 000008
[host_monotonic_s=180334.202579] 001095 000009
[host_monotonic_s=180334.221589] 001096 000004
[host_monotonic_s=180334.524016] 001097 000009
[host_monotonic_s=180334.524029] 001098 000005
[host_monotonic_s=180334.524032] 001099 000009
[host_monotonic_s=180334.524033] 001100 000007
[host_monotonic_s=180334.524035] 001101 000010
[host_monotonic_s=180334.524037] 001102 000010
[host_monotonic_s=180334.524038] 001103 000006
[host_monotonic_s=180334.524040] 001104 000010
[host_monotonic_s=180334.524042] 001105 000007
[host_monotonic_s=180334.524043] 001106 000014
[host_monotonic_s=180334.524045] 001107 000009
[host_monotonic_s=180334.524046] 001108 000009
[host_monotonic_s=180334.524048] 001109 000005
[host_monotonic_s=180334.524049] 001110 000005
[host_monotonic_s=180334.524051] 001111 000010
[host_monotonic_s=180334.524052] 001112 000008
[host_monotonic_s=180334.524053] 001113 000007
[host_monotonic_s=180334.524055] 001114 000007
[host_monotonic_s=180334.524057] 001115 000008
[host_monotonic_s=180334.531145] 001116 000008
[host_monotonic_s=180334.536373] 001117 000007
[host_monotonic_s=180334.562019] 001118 000008
[host_monotonic_s=180334.582459] 001119 000011
[host_monotonic_s=180334.585942] 001120 000006
[host_monotonic_s=180334.588955] 001121 000012
[host_monotonic_s=180334.591997] 001122 000009
[host_monotonic_s=180334.602060] 001123 000006
[host_monotonic_s=180334.621928] 001124 000007
[host_monotonic_s=180334.643096] 001125 000005
[host_monotonic_s=180334.646319] 001126 000011
[host_monotonic_s=180334.649421] 001127 000005
[host_monotonic_s=180334.652592] 001128 000009
[host_monotonic_s=180334.662634] 001129 000007
[host_monotonic_s=180334.665793] 001130 000008
[host_monotonic_s=180334.674007] 001131 000007
[host_monotonic_s=180334.691696] 001132 000004
[host_monotonic_s=180334.703640] 001133 000006
[host_monotonic_s=180334.706935] 001134 000012
[host_monotonic_s=180334.710183] 001135 000010
[host_monotonic_s=180334.721756] 001136 000008
[host_monotonic_s=180334.724932] 001137 000006
[host_monotonic_s=180334.733535] 001138 000003
[host_monotonic_s=180334.736476] 001139 000014
[host_monotonic_s=180334.753620] 001140 000007
[host_monotonic_s=180334.763359] 001141 000005
[host_monotonic_s=180334.766250] 001142 000003
[host_monotonic_s=180334.769350] 001143 000002
[host_monotonic_s=180334.772743] 001144 000006
[host_monotonic_s=180335.074239] 001145 000009
[host_monotonic_s=180335.074257] 001146 000011
[host_monotonic_s=180335.074260] 001147 000002
[host_monotonic_s=180335.074262] 001148 000006
[host_monotonic_s=180335.074264] 001149 000010
[host_monotonic_s=180335.074266] 001150 000008
[host_monotonic_s=180335.074269] 001151 000005
[host_monotonic_s=180335.074270] 001152 000003
[host_monotonic_s=180335.074272] 001153 000009
[host_monotonic_s=180335.074275] 001154 000006
[host_monotonic_s=180335.074277] 001155 000006
[host_monotonic_s=180335.074279] 001156 000008
[host_monotonic_s=180335.074281] 001157 000009
[host_monotonic_s=180335.074283] 001158 000007
[host_monotonic_s=180335.074285] 001159 000007
[host_monotonic_s=180335.074286] 001160 000010
[host_monotonic_s=180335.074288] 001161 000005
[host_monotonic_s=180335.074291] 001162 000002
[host_monotonic_s=180335.075847] 001163 000007
[host_monotonic_s=180335.082918] 001164 000001
[host_monotonic_s=180335.101746] 001165 000012
[host_monotonic_s=180335.112584] 001166 000004
[host_monotonic_s=180335.115742] 001167 000006
[host_monotonic_s=180335.121915] 001168 000005
[host_monotonic_s=180335.142480] 001169 000001
[host_monotonic_s=180335.152174] 001170 000006
[host_monotonic_s=180335.155305] 001171 000003
[host_monotonic_s=180335.173982] 001172 000004
[host_monotonic_s=180335.176992] 001173 000006
[host_monotonic_s=180335.182258] 001174 000005
[host_monotonic_s=180335.193276] 001175 000010
[host_monotonic_s=180335.195929] 001176 000001
[host_monotonic_s=180335.198812] 001177 000004
[host_monotonic_s=180335.201987] 001178 000002
[host_monotonic_s=180335.205616] 001179 000007
[host_monotonic_s=180335.208987] 001180 000006
[host_monotonic_s=180335.212362] 001181 000007
[host_monotonic_s=180335.251778] 001182 000004
[host_monotonic_s=180335.264039] 001183 000004
[host_monotonic_s=180335.274811] 001184 000006
[host_monotonic_s=180335.282630] 001185 000001
[host_monotonic_s=180335.285569] 001186 000005
[host_monotonic_s=180335.288342] 001187 000003
[host_monotonic_s=180335.301729] 001188 000004
[host_monotonic_s=180335.304787] 001189 000006
[host_monotonic_s=180335.307589] 001190 000005
[host_monotonic_s=180335.314368] 001191 000005
[host_monotonic_s=180335.323916] 001192 000003
[host_monotonic_s=180335.624701] 001193 000005
[host_monotonic_s=180335.624712] 001194 000003
[host_monotonic_s=180335.624714] 001195 000008
[host_monotonic_s=180335.624716] 001196 000004
[host_monotonic_s=180335.624717] 001197 000006
[host_monotonic_s=180335.624719] 001198 000002
[host_monotonic_s=180335.624720] 001199 000003
[host_monotonic_s=180335.624722] 001200 000003
[host_monotonic_s=180335.624723] 001201 000004
[host_monotonic_s=180335.624724] 001202 000008
[host_monotonic_s=180335.624726] 001203 000007
[host_monotonic_s=180335.624727] 001204 000008
[host_monotonic_s=180335.624728] 001205 000006
[host_monotonic_s=180335.624730] 001206 000001
[host_monotonic_s=180335.624731] 001207 000005
[host_monotonic_s=180335.624732] 001208 000003
[host_monotonic_s=180335.624733] 001209 000005
[host_monotonic_s=180335.624734] 001210 000004
[host_monotonic_s=180335.630041] 001211 000003
[host_monotonic_s=180335.636369] 001212 000004
[host_monotonic_s=180335.640132] 001213 000001
[host_monotonic_s=180335.643228] 001214 000004
[host_monotonic_s=180335.646326] 001215 000001
[host_monotonic_s=180335.649478] 001216 000004
[host_monotonic_s=180335.662644] 001217 000003
[host_monotonic_s=180335.694078] 001218 000006
[host_monotonic_s=180335.697146] 001219 000005
[host_monotonic_s=180335.699614] 001220 000004
[host_monotonic_s=180335.702060] 001221 000002
[host_monotonic_s=180335.704345] 001222 000006
[host_monotonic_s=180335.706896] 001223 000001
[host_monotonic_s=180335.710090] 001224 000004
[host_monotonic_s=180335.722400] 001225 000001
[host_monotonic_s=180335.725392] 001226 000003
[host_monotonic_s=180335.728454] 001227 000006
[host_monotonic_s=180335.738759] 001228 000003
[host_monotonic_s=180335.741870] 001229 000003
[host_monotonic_s=180335.752653] 001230 000003
[host_monotonic_s=180335.755899] 001231 000003
[host_monotonic_s=180335.759249] 001232 000001
[host_monotonic_s=180335.762756] 001233 000001
[host_monotonic_s=180335.766055] 001234 000001
[host_monotonic_s=180335.768942] 001235 000002
[host_monotonic_s=180335.781561] 001236 000004
[host_monotonic_s=180335.784659] 001237 000004
[host_monotonic_s=180335.822537] 001238 000003
[host_monotonic_s=180335.841343] 001239 000002
[host_monotonic_s=180335.844796] 001240 000003
[host_monotonic_s=180335.861956] 001241 000001
[host_monotonic_s=180335.864889] 001242 000003
[host_monotonic_s=180335.873230] 001244 000004
[host_monotonic_s=180336.181877] 001245 000003
[host_monotonic_s=180336.181882] 001246 000004
[host_monotonic_s=180336.181883] 001247 000004
[host_monotonic_s=180336.181884] 001248 000005
[host_monotonic_s=180336.181884] 001249 000001
[host_monotonic_s=180336.181885] 001250 000006
[host_monotonic_s=180336.181886] 001251 000003
[host_monotonic_s=180336.181886] 001252 000005
[host_monotonic_s=180336.181887] 001253 000008
[host_monotonic_s=180336.181888] 001254 000001
[host_monotonic_s=180336.181888] 001255 000002
[host_monotonic_s=180336.181889] 001256 000002
[host_monotonic_s=180336.181889] 001257 000005
[host_monotonic_s=180336.181889] 001258 000004
[host_monotonic_s=180348.993678] 001259 000005
[host_monotonic_s=180348.993692] 001260 000003
[host_monotonic_s=180348.993695] 001262 000002
[host_monotonic_s=180348.993698] 001263 000005
[host_monotonic_s=180348.993700] 001264 000004
[host_monotonic_s=180348.993702] 001265 000002
[host_monotonic_s=180348.993704] 001266 000003
[host_monotonic_s=180348.993706] 001267 000004
[host_monotonic_s=180348.993708] 001268 000004
[host_monotonic_s=180348.993710] 001269 000002
[host_monotonic_s=180348.993712] 001270 000005
[host_monotonic_s=180348.993714] 001271 000002
[host_monotonic_s=180348.993715] 001272 000007
[host_monotonic_s=180348.993717] 001273 000002
[host_monotonic_s=180348.993718] 001274 000002
[host_monotonic_s=180348.993720] 001275 000003
[host_monotonic_s=180348.993721] 001276 000004
[host_monotonic_s=180348.993723] 001278 000002
[host_monotonic_s=180348.996931] 001280 000004
[host_monotonic_s=180349.005569] 001281 000002
[host_monotonic_s=180349.010083] 001282 000003
[host_monotonic_s=180349.014752] 001283 000002
[host_monotonic_s=180349.017668] 001285 000003
[host_monotonic_s=180349.021041] 001286 000003
[host_monotonic_s=180349.024749] 001287 000004
[host_monotonic_s=180349.028378] 001288 000003
[host_monotonic_s=180349.043421] 001289 000003
[host_monotonic_s=180349.047511] 001290 000002
[host_monotonic_s=180349.053573] 001291 000004
[host_monotonic_s=180349.056782] 001292 000002
[host_monotonic_s=180349.059996] 001293 000002
[host_monotonic_s=180349.063850] 001294 000003
[host_monotonic_s=180349.067187] 001295 000005
[host_monotonic_s=180349.073242] 001296 000002
[host_monotonic_s=180349.076324] 001297 000001
[host_monotonic_s=180349.093769] 001298 000004
[host_monotonic_s=180349.099513] 001300 000003
[host_monotonic_s=180349.112594] 001301 000005
[host_monotonic_s=180349.116158] 001302 000005
[host_monotonic_s=180349.123962] 001303 000002
[host_monotonic_s=180349.127732] 001304 000003
[host_monotonic_s=180349.131212] 001305 000002
[host_monotonic_s=180349.134410] 001306 000004
[host_monotonic_s=180349.137558] 001307 000001
[host_monotonic_s=180349.143657] 001308 000002
[host_monotonic_s=180349.146861] 001309 000004
[host_monotonic_s=180349.154657] 001310 000001
[host_monotonic_s=180349.157428] 001311 000002
[host_monotonic_s=180349.160260] 001312 000001
[host_monotonic_s=180349.163464] 001313 000004
[host_monotonic_s=180349.166504] 001314 000002
[host_monotonic_s=180349.173531] 001315 000001
[host_monotonic_s=180349.176446] 001317 000001
[host_monotonic_s=180349.182616] 001320 000001
[host_monotonic_s=180349.194745] 001321 000004
[host_monotonic_s=180349.197953] 001322 000001
[host_monotonic_s=180349.202674] 001324 000001
[host_monotonic_s=180349.205410] 001326 000002
[host_monotonic_s=180349.251665] 001327 000002
[host_monotonic_s=180349.552203] 001328 000003
[host_monotonic_s=180349.552218] 001329 000002
[host_monotonic_s=180349.552221] 001331 000001
[host_monotonic_s=180349.552224] 001332 000005
[host_monotonic_s=180349.552226] 001333 000001
[host_monotonic_s=180349.552228] 001334 000002
[host_monotonic_s=180349.552229] 001335 000002
[host_monotonic_s=180349.552232] 001336 000002
[host_monotonic_s=180349.552233] 001337 000001
[host_monotonic_s=180349.552235] 001338 000001
[host_monotonic_s=180349.552237] 001339 000001
[host_monotonic_s=180349.552239] 001340 000001
[host_monotonic_s=180349.552241] 001343 000001
[host_monotonic_s=180349.552242] 001345 000001
[host_monotonic_s=180349.552244] 001346 000001
[host_monotonic_s=180349.552245] 001347 000003
[host_monotonic_s=180349.552247] 001349 000002
[host_monotonic_s=180349.552249] 001350 000001
[host_monotonic_s=180349.559009] 001351 000001
[host_monotonic_s=180349.562390] 001352 000003
[host_monotonic_s=180349.565470] 001353 000001
[host_monotonic_s=180349.574389] 001354 000001
[host_monotonic_s=180349.611768] 001355 000001
[host_monotonic_s=180349.632198] 001356 000001
[host_monotonic_s=180349.635584] 001357 000001
[host_monotonic_s=180349.638318] 001358 000001
[host_monotonic_s=180349.641095] 001359 000001
[host_monotonic_s=180349.653977] 001361 000002
[host_monotonic_s=180349.662307] 001362 000001
[host_monotonic_s=180349.682071] 001363 000002
[host_monotonic_s=180349.702217] 001364 000002
[host_monotonic_s=180349.713155] 001365 000001
[host_monotonic_s=180349.716332] 001366 000001
[host_monotonic_s=180349.719301] 001368 000001
[host_monotonic_s=180349.723529] 001371 000002
[host_monotonic_s=180349.726610] 001372 000002
[host_monotonic_s=180349.734524] 001374 000002
[host_monotonic_s=180349.737455] 001376 000001
[host_monotonic_s=180349.740362] 001380 000001
[host_monotonic_s=180349.743414] 001382 000001
[host_monotonic_s=180349.752150] 001385 000001
[host_monotonic_s=180349.755475] 001386 000001
[host_monotonic_s=180349.758504] 001390 000002
[host_monotonic_s=180349.771701] 001393 000001
[host_monotonic_s=180349.783709] 001394 000002
[host_monotonic_s=180350.102514] 001395 000002
[host_monotonic_s=180350.102526] 001401 000001
[host_monotonic_s=180350.102529] 001406 000002
[host_monotonic_s=180350.102531] 001407 000001
[host_monotonic_s=180350.102533] 001410 000001
[host_monotonic_s=180350.102535] 001411 000001
[host_monotonic_s=180350.102536] 001413 000002
[host_monotonic_s=180350.102538] 001422 000001
[host_monotonic_s=180350.102539] 001423 000001
[host_monotonic_s=180350.102540] 001425 000002
[host_monotonic_s=180350.102542] 001427 000001
[host_monotonic_s=180350.102543] 001432 000001
[host_monotonic_s=180350.102545] 001436 000001
[host_monotonic_s=180350.102546] 001437 000002
[host_monotonic_s=180350.102548] 001439 000001
[host_monotonic_s=180350.102549] 001444 000002
[host_monotonic_s=180350.102550] 001456 000001
[host_monotonic_s=180350.102552] 001457 000001
[host_monotonic_s=180350.102553] 001459 000001
[host_monotonic_s=180350.112879] 001463 000002
[host_monotonic_s=180350.117307] 001465 000001
[host_monotonic_s=180350.121685] 001477 000001
[host_monotonic_s=180350.126074] 001488 000001
[host_monotonic_s=180350.142425] 001494 000001
[host_monotonic_s=180350.163999] 001497 000001
[host_monotonic_s=180350.167138] 001506 000001
[host_monotonic_s=180350.170432] 001512 000001
[host_monotonic_s=180350.173984] 001514 000001
[host_monotonic_s=180350.177121] 001518 000001
[host_monotonic_s=180350.179885] 001519 000001
[host_monotonic_s=180350.183613] 001531 000001
[host_monotonic_s=180350.202832] 001543 000001
[host_monotonic_s=180350.205776] 001551 000001
[host_monotonic_s=180350.208905] 001553 000001
[host_monotonic_s=180350.211983] 001558 000001
[host_monotonic_s=180350.214908] 001574 000002
[host_monotonic_s=180350.222077] 001593 000001
[host_monotonic_s=180350.225230] 001595 000001
[host_monotonic_s=180350.242278] 001655 000001
[host_monotonic_s=180350.245303] 001658 000001
[host_monotonic_s=180350.248412] 001668 000001
[host_monotonic_s=180350.252273] 001676 000001
[host_monotonic_s=180350.272893] 001697 000001
[host_monotonic_s=180350.294145] 001700 000001
[host_monotonic_s=180350.297265] 001702 000001
[host_monotonic_s=180350.300384] 001704 000001
[host_monotonic_s=180350.303784] 001715 000001
[host_monotonic_s=180350.306857] 001751 000001
[host_monotonic_s=180350.321876] 001752 000001
[host_monotonic_s=180350.334207] 001758 000001
[host_monotonic_s=180350.337343] 001760 000001
[host_monotonic_s=180350.340346] 001764 000001
[host_monotonic_s=180350.343860] 001814 000001
[host_monotonic_s=180350.347261] 001816 000001
[host_monotonic_s=180350.350304] 001821 000001
[host_monotonic_s=180350.662194] 001829 000001
[host_monotonic_s=180350.662205] 001841 000001
[host_monotonic_s=180350.662207] 001843 000001
[host_monotonic_s=180350.662209] 001854 000001
[host_monotonic_s=180350.662210] 001873 000001
[host_monotonic_s=180350.662212] 001878 000001
[host_monotonic_s=180350.662213] 001929 000001
[host_monotonic_s=180350.662215] 001938 000001
[host_monotonic_s=180350.662216] 002003 000001
[host_monotonic_s=180350.662218] 002014 000001
[host_monotonic_s=180350.662219] 002017 000001
[host_monotonic_s=180350.662220] 002025 000001
[host_monotonic_s=180350.662222] 002032 000001
[host_monotonic_s=180350.662223] 002041 000001
[host_monotonic_s=180350.662225] 002046 000001
[host_monotonic_s=180350.662226] 002054 000001
[host_monotonic_s=180350.662227] 002063 000001
[host_monotonic_s=180350.662228] 002064 000001
[host_monotonic_s=180350.662230] 002072 000001
[host_monotonic_s=180350.669077] 002083 000001
[host_monotonic_s=180350.672229] 002087 000001
[host_monotonic_s=180350.682649] 002088 000001
[host_monotonic_s=180350.685578] 002103 000001
[host_monotonic_s=180350.691866] 002104 000001
[host_monotonic_s=180350.702829] 002113 000001
[host_monotonic_s=180350.705684] 002116 000001
[host_monotonic_s=180350.708707] 002121 000001
[host_monotonic_s=180350.711670] 002131 000001
[host_monotonic_s=180350.722876] 002136 000001
[host_monotonic_s=180350.726610] 002143 000001
[host_monotonic_s=180350.743388] 002149 000001
[host_monotonic_s=180350.746574] 002151 000001
[host_monotonic_s=180350.763831] 002162 000001
[host_monotonic_s=180350.773170] 002198 000001
[host_monotonic_s=180350.776159] 002206 000001
[host_monotonic_s=180350.778927] 002215 000001
[host_monotonic_s=180350.782276] 002226 000001
[host_monotonic_s=180350.785509] 002230 000001
[host_monotonic_s=180350.788614] 002246 000002
[host_monotonic_s=180350.812605] 002271 000001
[host_monotonic_s=180350.815540] 002280 000001
[host_monotonic_s=180350.818340] 002299 000001
[host_monotonic_s=180350.833217] 002313 000001
[host_monotonic_s=180350.836262] 002314 000001
[host_monotonic_s=180350.839257] 002315 000001
[host_monotonic_s=180350.842358] 002318 000001
[host_monotonic_s=180350.845565] 002328 000001
[host_monotonic_s=180350.848837] 002333 000001
[host_monotonic_s=180350.852214] 002342 000001
[host_monotonic_s=180350.863845] 002348 000001
[host_monotonic_s=180350.872903] 002372 000001
[host_monotonic_s=180350.883140] 002411 000001
[host_monotonic_s=180351.212680] 002441 000001
[host_monotonic_s=180351.212692] 002457 000001
[host_monotonic_s=180351.212696] 002463 000001
[host_monotonic_s=180351.212698] 002469 000001
[host_monotonic_s=180351.212700] 002484 000001
[host_monotonic_s=180351.212702] 002575 000001
[host_monotonic_s=180351.212704] 002579 000001
[host_monotonic_s=180351.212705] 002583 000001
[host_monotonic_s=180351.212707] 002611 000001
[host_monotonic_s=180351.212708] 002627 000001
[host_monotonic_s=180351.212710] 002703 000001
[host_monotonic_s=180351.212712] 002748 000001
[host_monotonic_s=180351.212713] 002782 000001
[host_monotonic_s=180351.212715] 002795 000001
[host_monotonic_s=180351.212716] 002849 000001
[host_monotonic_s=180351.212717] 002936 000001
[host_monotonic_s=180351.212719] 002949 000002
[host_monotonic_s=180351.212720] 002953 000001
[host_monotonic_s=180351.212722] 002957 000001
[host_monotonic_s=180351.219706] 002958 000001
[host_monotonic_s=180351.223248] 002963 000001
[host_monotonic_s=180351.226083] 002964 000001
[host_monotonic_s=180351.233011] 002976 000002
[host_monotonic_s=180351.252464] 002979 000002
[host_monotonic_s=180351.272977] 002981 000001
[host_monotonic_s=180351.284516] 002982 000002
[host_monotonic_s=180351.292178] 002985 000001
[host_monotonic_s=180351.304467] 002986 000001
[host_monotonic_s=180351.315190] 002989 000002
[host_monotonic_s=180351.322759] 002990 000001
[host_monotonic_s=180351.332173] 002992 000002
[host_monotonic_s=180351.342072] 002994 000001
[host_monotonic_s=180351.362963] 002995 000003
[host_monotonic_s=180351.373114] 002996 000002
[host_monotonic_s=180351.382972] 002999 000001
[host_monotonic_s=180351.412756] 003002 000002
[host_monotonic_s=180351.422205] 003003 000002
[host_monotonic_s=180351.461663] 003005 000001
[host_monotonic_s=180351.763178] 003006 000001
[host_monotonic_s=180351.763194] 003007 000002
[host_monotonic_s=180351.763197] 003009 000002
[host_monotonic_s=180351.763200] 003012 000001
[host_monotonic_s=180351.763202] 003013 000001
[host_monotonic_s=180351.763205] 003015 000001
[host_monotonic_s=180351.763207] 003016 000001
[host_monotonic_s=180351.763209] 003017 000002
[host_monotonic_s=180351.763210] 003021 000001
[host_monotonic_s=180351.763213] 003023 000001
[host_monotonic_s=180351.763216] 003025 000001
[host_monotonic_s=180351.763220] 003026 000001
[host_monotonic_s=180351.763223] 003029 000001
[host_monotonic_s=180351.763226] 003030 000001
[host_monotonic_s=180351.763229] 003033 000001
[host_monotonic_s=180351.763231] 003034 000001
[host_monotonic_s=180351.763234] 003036 000002
[host_monotonic_s=180351.763237] 003039 000001
[host_monotonic_s=180351.765947] 003043 000001
[host_monotonic_s=180351.774153] 003048 000001
[host_monotonic_s=180351.777399] 003050 000003
[host_monotonic_s=180351.784587] 003053 000001
[host_monotonic_s=180351.793433] 003055 000001
[host_monotonic_s=180351.821756] 003057 000001
[host_monotonic_s=180365.435284] 003060 000001
[host_monotonic_s=180365.435291] 003061 000001
[host_monotonic_s=180365.435292] 003064 000001
[host_monotonic_s=180365.442085] 003065 000001
[host_monotonic_s=180365.463256] 003066 000001
[host_monotonic_s=180365.466252] 003067 000001
[host_monotonic_s=180365.492106] 003070 000002
[host_monotonic_s=180365.504249] 003072 000001
[host_monotonic_s=180365.507145] 003073 000001
[host_monotonic_s=180365.509973] 003074 000001
[host_monotonic_s=180365.513113] 003078 000001
[host_monotonic_s=180365.532306] 003079 000003
[host_monotonic_s=180365.535578] 003080 000001
[host_monotonic_s=180365.538708] 003082 000001
[host_monotonic_s=180365.541936] 003090 000003
[host_monotonic_s=180365.544767] 003091 000002
[host_monotonic_s=180365.552159] 003093 000001
[host_monotonic_s=180365.555220] 003094 000002
[host_monotonic_s=180365.557955] 003097 000001
[host_monotonic_s=180365.562740] 003101 000002
[host_monotonic_s=180365.566020] 003102 000001
[host_monotonic_s=180365.582292] 003104 000002
[host_monotonic_s=180365.591737] 003105 000002
[host_monotonic_s=180365.602339] 003106 000001
[host_monotonic_s=180365.626651] 003108 000001
[host_monotonic_s=180365.631763] 003114 000002
[host_monotonic_s=180365.654015] 003121 000002
[host_monotonic_s=180365.656836] 003124 000001
[host_monotonic_s=180365.672019] 003126 000001
[host_monotonic_s=180365.675309] 003129 000001
[host_monotonic_s=180365.992167] 003133 000002
[host_monotonic_s=180365.992180] 003135 000002
[host_monotonic_s=180365.992183] 003137 000002
[host_monotonic_s=180365.992185] 003138 000002
[host_monotonic_s=180365.992187] 003141 000001
[host_monotonic_s=180365.992189] 003153 000001
[host_monotonic_s=180365.992191] 003157 000001
[host_monotonic_s=180365.992193] 003165 000001
[host_monotonic_s=180365.992196] 003167 000001
[host_monotonic_s=180365.992198] 003173 000001
[host_monotonic_s=180365.992199] 003178 000001
[host_monotonic_s=180365.992201] 003182 000001
[host_monotonic_s=180365.992202] 003184 000001
[host_monotonic_s=180365.992204] 003190 000001
[host_monotonic_s=180365.992205] 003195 000001
[host_monotonic_s=180365.992206] 003196 000001
[host_monotonic_s=180365.992208] 003210 000001
[host_monotonic_s=180365.992209] 003226 000001
[host_monotonic_s=180365.992211] 003235 000001
[host_monotonic_s=180366.001491] 003238 000001
[host_monotonic_s=180366.022031] 003250 000001
[host_monotonic_s=180366.041984] 003271 000001
[host_monotonic_s=180366.061999] 003278 000001
[host_monotonic_s=180366.065266] 003289 000001
[host_monotonic_s=180366.083816] 003296 000001
[host_monotonic_s=180366.086505] 003301 000001
[host_monotonic_s=180366.091761] 003309 000001
[host_monotonic_s=180366.095303] 003333 000002
[host_monotonic_s=180366.098224] 003334 000001
[host_monotonic_s=180366.100962] 003347 000001
[host_monotonic_s=180366.103840] 003349 000001
[host_monotonic_s=180366.106655] 003354 000001
[host_monotonic_s=180366.133200] 003381 000001
[host_monotonic_s=180366.135997] 003384 000001
[host_monotonic_s=180366.138731] 003385 000001
[host_monotonic_s=180366.142780] 003390 000002
[host_monotonic_s=180366.162118] 003406 000001
[host_monotonic_s=180366.174313] 003415 000001
[host_monotonic_s=180366.183059] 003427 000001
[host_monotonic_s=180366.186477] 003442 000001
[host_monotonic_s=180366.189749] 003448 000001
[host_monotonic_s=180366.193334] 003469 000001
[host_monotonic_s=180366.196503] 003480 000001
[host_monotonic_s=180366.199308] 003488 000001
[host_monotonic_s=180366.202076] 003494 000001
[host_monotonic_s=180366.204797] 003545 000001
[host_monotonic_s=180366.207519] 003629 000001
[host_monotonic_s=180366.210489] 003640 000001
[host_monotonic_s=180366.223296] 003666 000001
[host_monotonic_s=180366.241998] 003709 000001
[host_monotonic_s=180366.542839] 003727 000001
[host_monotonic_s=180366.542855] 003969 000001
[host_monotonic_s=180366.542859] 003996 000001
[host_monotonic_s=180366.542863] 004007 000001
[host_monotonic_s=180366.542865] 004008 000001
[host_monotonic_s=180366.542867] 004019 000001
[host_monotonic_s=180366.542869] 004020 000001
[host_monotonic_s=180366.542871] 004022 000001
[host_monotonic_s=180366.542873] 004028 000001
[host_monotonic_s=180366.542875] 004031 000001
[host_monotonic_s=180366.542877] 004039 000001
[host_monotonic_s=180366.542879] 004061 000001
[host_monotonic_s=180366.542881] 004077 000001
[host_monotonic_s=180366.542883] 004126 000001
[host_monotonic_s=180366.542884] 004130 000001
[host_monotonic_s=180366.542886] 004134 000001
[host_monotonic_s=180366.542888] 004164 000001
[host_monotonic_s=180366.542890] 004166 000001
[host_monotonic_s=180366.549230] 004204 000001
[host_monotonic_s=180366.554612] 004214 000001
[host_monotonic_s=180366.557360] 004235 000001
[host_monotonic_s=180366.560245] 004253 000001
[host_monotonic_s=180366.563110] 004263 000002
[host_monotonic_s=180366.566070] 004270 000001
[host_monotonic_s=180366.569306] 004272 000001
[host_monotonic_s=180366.574533] 004286 000001
[host_monotonic_s=180366.591951] 004319 000001
[host_monotonic_s=180366.604361] 004320 000002
[host_monotonic_s=180366.607568] 004328 000001
[host_monotonic_s=180366.611003] 004334 000001
[host_monotonic_s=180366.614688] 004345 000001
[host_monotonic_s=180366.617904] 004383 000001
[host_monotonic_s=180366.641948] 004400 000001
[host_monotonic_s=180366.645222] 004423 000001
[host_monotonic_s=180366.648285] 004440 000001
[host_monotonic_s=180366.651412] 004467 000001
[host_monotonic_s=180366.654323] 004592 000001
[host_monotonic_s=180366.657280] 004883 000001
[host_monotonic_s=180366.660040] 004951 000001
[host_monotonic_s=180366.671670] 004969 000001
[host_monotonic_s=180366.675378] 004975 000001
[host_monotonic_s=180366.678687] 004976 000001
[host_monotonic_s=180366.681904] 004980 000001
[host_monotonic_s=180366.701776] 004983 000001
[host_monotonic_s=180366.733416] 004985 000001
[host_monotonic_s=180366.762265] 004987 000001
[host_monotonic_s=180366.773016] 004991 000001
[host_monotonic_s=180366.782464] 004993 000003
[host_monotonic_s=180367.093104] 004998 000002
[host_monotonic_s=180367.093115] 004999 000001
[host_monotonic_s=180367.093118] 005001 000002
[host_monotonic_s=180367.093119] 005003 000001
[host_monotonic_s=180367.093121] 005004 000001
[host_monotonic_s=180367.093123] 005005 000001
[host_monotonic_s=180367.093124] 005006 000001
[host_monotonic_s=180367.093126] 005007 000001
[host_monotonic_s=180367.093128] 005008 000001
[host_monotonic_s=180367.093129] 005011 000003
[host_monotonic_s=180367.093131] 005012 000001
[host_monotonic_s=180367.093132] 005014 000001
[host_monotonic_s=180367.093134] 005015 000002
[host_monotonic_s=180367.093135] 005017 000002
[host_monotonic_s=180367.093136] 005019 000002
[host_monotonic_s=180367.093137] 005021 000002
[host_monotonic_s=180367.093139] 005022 000002
[host_monotonic_s=180367.093140] 005023 000001
[host_monotonic_s=180367.094330] 005025 000001
[host_monotonic_s=180367.101787] 005027 000001
[host_monotonic_s=180367.132686] 005028 000001
[host_monotonic_s=180367.135725] 005029 000002
[host_monotonic_s=180367.138590] 005031 000004
[host_monotonic_s=180367.151893] 005032 000001
[host_monotonic_s=180367.156823] 005033 000002
[host_monotonic_s=180367.162320] 005034 000001
[host_monotonic_s=180367.165556] 005038 000002
[host_monotonic_s=180367.168572] 005039 000001
[host_monotonic_s=180367.172945] 005040 000002
[host_monotonic_s=180367.184332] 005041 000001
[host_monotonic_s=180367.193029] 005045 000001
[host_monotonic_s=180367.201793] 005047 000001
[host_monotonic_s=180367.204636] 005050 000003
[host_monotonic_s=180367.207467] 005056 000001
[host_monotonic_s=180367.210221] 005057 000001
[host_monotonic_s=180367.213020] 005058 000001
[host_monotonic_s=180367.215726] 005059 000001
[host_monotonic_s=180367.218438] 005062 000003
[host_monotonic_s=180367.221843] 005066 000002
[host_monotonic_s=180367.225089] 005067 000001
[host_monotonic_s=180367.228322] 005071 000001
[host_monotonic_s=180367.231370] 005074 000001
[host_monotonic_s=180367.234409] 005077 000001
[host_monotonic_s=180367.263841] 005078 000001
[host_monotonic_s=180367.266722] 005081 000001
[host_monotonic_s=180367.284355] 005084 000001
[host_monotonic_s=180367.293111] 005088 000001
[host_monotonic_s=180367.311657] 005089 000001
[host_monotonic_s=180367.324492] 005090 000001
[host_monotonic_s=180367.333631] 005093 000001
[host_monotonic_s=180367.652164] 005094 000001
[host_monotonic_s=180367.652179] 005096 000001
[host_monotonic_s=180367.652182] 005097 000002
[host_monotonic_s=180367.652184] 005098 000001
[host_monotonic_s=180367.652187] 005099 000001
[host_monotonic_s=180367.652189] 005100 000001
[host_monotonic_s=180367.652191] 005101 000001
[host_monotonic_s=180367.652193] 005102 000001
[host_monotonic_s=180367.652194] 005104 000001
[host_monotonic_s=180367.652197] 005105 000001
[host_monotonic_s=180367.652199] 005114 000001
[host_monotonic_s=180367.652201] 005121 000002
[host_monotonic_s=180367.652202] 005123 000001
[host_monotonic_s=180367.652204] 005126 000001
[host_monotonic_s=180367.652206] 005127 000001
[host_monotonic_s=180367.652207] 005128 000002
[host_monotonic_s=180367.652209] 005129 000001
[host_monotonic_s=180367.652210] 005132 000002
[host_monotonic_s=180367.656352] 005133 000001
[host_monotonic_s=180367.662004] 005134 000001
[host_monotonic_s=180367.665274] 005137 000001
[host_monotonic_s=180367.668290] 005142 000001
[host_monotonic_s=180367.671137] 005143 000001
[host_monotonic_s=180367.674457] 005145 000001
[host_monotonic_s=180367.677695] 005148 000001
[host_monotonic_s=180367.680508] 005150 000001
[host_monotonic_s=180367.683708] 005151 000001
[host_monotonic_s=180367.687053] 005152 000001
[host_monotonic_s=180367.690120] 005153 000001
[host_monotonic_s=180367.693436] 005161 000001
[host_monotonic_s=180367.696964] 005163 000002
[host_monotonic_s=180367.699927] 005164 000001
[host_monotonic_s=180367.703010] 005168 000001
[host_monotonic_s=180367.722232] 005171 000001
[host_monotonic_s=180367.734447] 005185 000001
[host_monotonic_s=180367.743887] 005188 000001
[host_monotonic_s=180367.746741] 005196 000001
[host_monotonic_s=180367.752147] 005199 000001
[host_monotonic_s=180367.756118] 005209 000001
[host_monotonic_s=180367.758903] 005215 000001
[host_monotonic_s=180367.782428] 005220 000001
[host_monotonic_s=180367.785896] 005221 000002
[host_monotonic_s=180367.788975] 005229 000001
[host_monotonic_s=180367.792149] 005232 000002
[host_monotonic_s=180367.795447] 005249 000001
[host_monotonic_s=180367.813802] 005252 000001
[host_monotonic_s=180367.817233] 005254 000001
[host_monotonic_s=180367.820458] 005290 000001
[host_monotonic_s=180367.823632] 005291 000001
[host_monotonic_s=180367.831589] 005292 000001
[host_monotonic_s=180367.834398] 005308 000001
[host_monotonic_s=180367.837452] 005324 000001
[host_monotonic_s=180367.845414] 005326 000001
[host_monotonic_s=180367.848765] 005328 000001
[host_monotonic_s=180367.852154] 005350 000001
[host_monotonic_s=180367.863750] 005353 000001
[host_monotonic_s=180367.866599] 005366 000001
[host_monotonic_s=180367.873026] 005424 000001
[host_monotonic_s=180367.902115] 005436 000001
[host_monotonic_s=180368.202656] 005455 000001
[host_monotonic_s=180368.202671] 005468 000001
[host_monotonic_s=180368.202674] 005491 000001
[host_monotonic_s=180368.202676] 005976 000001
[host_monotonic_s=180368.202678] 006002 000001
[host_monotonic_s=180368.202681] 006014 000001
[host_monotonic_s=180368.202683] 006017 000001
[host_monotonic_s=180368.202685] 006031 000001
[host_monotonic_s=180368.202687] 006043 000001
[host_monotonic_s=180368.202689] 006054 000001
[host_monotonic_s=180368.202691] 006066 000001
[host_monotonic_s=180368.202693] 006081 000001
[host_monotonic_s=180368.202695] 006092 000001
[host_monotonic_s=180368.202697] 006120 000001
[host_monotonic_s=180368.202698] 006125 000001
[host_monotonic_s=180368.202700] 006149 000001
[host_monotonic_s=180368.202702] 006153 000001
[host_monotonic_s=180368.202704] 006161 000002
[host_monotonic_s=180368.221781] 006172 000001
[host_monotonic_s=180368.233217] 006195 000001
[host_monotonic_s=180368.261861] 006196 000001
[host_monotonic_s=180368.274754] 006276 000001
[host_monotonic_s=180368.278228] 006283 000001
[host_monotonic_s=180368.282440] 006289 000001
[host_monotonic_s=180368.291989] 006294 000001
[host_monotonic_s=180368.305938] 006297 000001
[host_monotonic_s=180368.314878] 006301 000001
[host_monotonic_s=180368.317714] 006314 000001
[host_monotonic_s=180368.320771] 006321 000001
[host_monotonic_s=180368.323820] 006333 000001
[host_monotonic_s=180368.326747] 006344 000001
[host_monotonic_s=180368.333909] 006357 000001
[host_monotonic_s=180368.337189] 006380 000001
[host_monotonic_s=180368.340406] 006389 000001
[host_monotonic_s=180368.343203] 006403 000001
[host_monotonic_s=180368.371884] 006408 000001
[host_monotonic_s=180381.994473] 006439 000001
[host_monotonic_s=180381.994485] 006446 000001
[host_monotonic_s=180381.994487] 006520 000001
[host_monotonic_s=180381.994489] 006848 000001
[host_monotonic_s=180381.994491] 006928 000001
[host_monotonic_s=180381.994492] 006984 000001
[host_monotonic_s=180381.994494] 006990 000001
[host_monotonic_s=180381.994496] 007001 000001
[host_monotonic_s=180381.994497] 007006 000002
[host_monotonic_s=180381.994498] 007007 000001
[host_monotonic_s=180381.994500] 007010 000002
[host_monotonic_s=180381.994501] 007011 000001
[host_monotonic_s=180381.994503] 007012 000001
[host_monotonic_s=180381.994504] 007013 000002
[host_monotonic_s=180381.994506] 007014 000001
[host_monotonic_s=180381.994507] 007018 000002
[host_monotonic_s=180381.994508] 007019 000001
[host_monotonic_s=180381.994510] 007020 000001
[host_monotonic_s=180381.994511] 007022 000001
[host_monotonic_s=180382.002937] 007023 000001
[host_monotonic_s=180382.012493] 007024 000003
[host_monotonic_s=180382.015459] 007026 000001
[host_monotonic_s=180382.043121] 007029 000001
[host_monotonic_s=180382.063648] 007030 000001
[host_monotonic_s=180382.066769] 007031 000001
[host_monotonic_s=180382.069910] 007032 000002
[host_monotonic_s=180382.082618] 007033 000001
[host_monotonic_s=180382.085827] 007034 000002
[host_monotonic_s=180382.088791] 007041 000001
[host_monotonic_s=180382.092090] 007043 000002
[host_monotonic_s=180382.104479] 007044 000001
[host_monotonic_s=180382.122518] 007045 000001
[host_monotonic_s=180382.125652] 007046 000001
[host_monotonic_s=180382.128727] 007050 000001
[host_monotonic_s=180382.131897] 007051 000001
[host_monotonic_s=180382.134610] 007054 000001
[host_monotonic_s=180382.153328] 007057 000001
[host_monotonic_s=180382.156160] 007059 000001
[host_monotonic_s=180382.162092] 007061 000002
[host_monotonic_s=180382.173577] 007063 000001
[host_monotonic_s=180382.182790] 007066 000001
[host_monotonic_s=180382.193976] 007073 000001
[host_monotonic_s=180382.196933] 007090 000001
[host_monotonic_s=180382.203129] 007097 000001
[host_monotonic_s=180382.221600] 007101 000001
[host_monotonic_s=180382.224507] 007102 000001
[host_monotonic_s=180382.227375] 007104 000002
[host_monotonic_s=180382.233451] 007105 000001
[host_monotonic_s=180382.236124] 007106 000001
[host_monotonic_s=180382.238748] 007109 000001
[host_monotonic_s=180382.241410] 007110 000001
[host_monotonic_s=180382.545146] 007112 000001
[host_monotonic_s=180382.545292] 007119 000001
[host_monotonic_s=180382.545297] 007120 000001
[host_monotonic_s=180382.545301] 007121 000002
[host_monotonic_s=180382.545304] 007122 000001
[host_monotonic_s=180382.545307] 007124 000001
[host_monotonic_s=180382.545309] 007126 000002
[host_monotonic_s=180382.545311] 007128 000001
[host_monotonic_s=180382.545314] 007129 000001
[host_monotonic_s=180382.545316] 007132 000001
[host_monotonic_s=180382.545319] 007135 000001
[host_monotonic_s=180382.545321] 007136 000001
[host_monotonic_s=180382.545323] 007139 000003
[host_monotonic_s=180382.545325] 007141 000001
[host_monotonic_s=180382.545327] 007143 000002
[host_monotonic_s=180382.545329] 007146 000002
[host_monotonic_s=180382.545331] 007148 000001
[host_monotonic_s=180382.545333] 007151 000001
[host_monotonic_s=180382.545335] 007152 000002
[host_monotonic_s=180382.560014] 007155 000001
[host_monotonic_s=180382.560048] 007157 000001
[host_monotonic_s=180382.560499] 007163 000001
[host_monotonic_s=180382.582152] 007165 000001
[host_monotonic_s=180382.611877] 007167 000001
[host_monotonic_s=180382.642336] 007168 000002
[host_monotonic_s=180382.671599] 007169 000001
[host_monotonic_s=180382.713259] 007171 000001
[host_monotonic_s=180382.724644] 007172 000001
[host_monotonic_s=180382.727285] 007176 000001
[host_monotonic_s=180382.732718] 007178 000001
[host_monotonic_s=180382.735832] 007182 000001
[host_monotonic_s=180382.738965] 007185 000001
[host_monotonic_s=180382.752282] 007189 000001
[host_monotonic_s=180382.757917] 007190 000001
[host_monotonic_s=180382.763064] 007194 000002
[host_monotonic_s=180382.766161] 007195 000001
[host_monotonic_s=180382.768862] 007197 000001
[host_monotonic_s=180382.771917] 007212 000001
[host_monotonic_s=180382.774784] 007214 000001
[host_monotonic_s=180382.777720] 007217 000001
[host_monotonic_s=180382.780447] 007223 000001
[host_monotonic_s=180382.783375] 007242 000001
[host_monotonic_s=180382.794515] 007244 000001
[host_monotonic_s=180383.095131] 007245 000001
[host_monotonic_s=180383.095144] 007254 000001
[host_monotonic_s=180383.095146] 007256 000001
[host_monotonic_s=180383.095148] 007266 000001
[host_monotonic_s=180383.095150] 007268 000001
[host_monotonic_s=180383.095152] 007276 000001
[host_monotonic_s=180383.095153] 007279 000001
[host_monotonic_s=180383.095155] 007281 000001
[host_monotonic_s=180383.095156] 007287 000001
[host_monotonic_s=180383.095158] 007288 000001
[host_monotonic_s=180383.095160] 007294 000001
[host_monotonic_s=180383.095162] 007296 000001
[host_monotonic_s=180383.095163] 007302 000001
[host_monotonic_s=180383.095164] 007308 000001
[host_monotonic_s=180383.095166] 007310 000001
[host_monotonic_s=180383.095167] 007321 000001
[host_monotonic_s=180383.095168] 007323 000001
[host_monotonic_s=180383.095170] 007329 000001
[host_monotonic_s=180383.099658] 007338 000001
[host_monotonic_s=180383.111604] 007339 000001
[host_monotonic_s=180383.123955] 007345 000001
[host_monotonic_s=180383.143165] 007346 000001
[host_monotonic_s=180383.153498] 007358 000001
[host_monotonic_s=180383.156632] 007359 000001
[host_monotonic_s=180383.162941] 007368 000001
[host_monotonic_s=180383.172077] 007374 000001
[host_monotonic_s=180383.175224] 007378 000001
[host_monotonic_s=180383.193782] 007380 000001
[host_monotonic_s=180383.197142] 007387 000002
[host_monotonic_s=180383.213054] 007393 000001
[host_monotonic_s=180383.224223] 007402 000001
[host_monotonic_s=180383.234433] 007406 000001
[host_monotonic_s=180383.237116] 007451 000001
[host_monotonic_s=180383.243737] 007762 000001
[host_monotonic_s=180383.246515] 008003 000001
[host_monotonic_s=180383.272200] 008036 000001
[host_monotonic_s=180383.284861] 008039 000001
[host_monotonic_s=180383.292528] 008043 000001
[host_monotonic_s=180383.321898] 008072 000001
[host_monotonic_s=180383.333614] 008077 000001
[host_monotonic_s=180383.336650] 008084 000001
[host_monotonic_s=180383.339801] 008124 000001
[host_monotonic_s=180383.652481] 008141 000001
[host_monotonic_s=180383.652499] 008142 000001
[host_monotonic_s=180383.652503] 008146 000001
[host_monotonic_s=180383.652506] 008151 000001
[host_monotonic_s=180383.652508] 008162 000001
[host_monotonic_s=180383.652511] 008173 000001
[host_monotonic_s=180383.652513] 008177 000001
[host_monotonic_s=180383.652515] 008190 000001
[host_monotonic_s=180383.652518] 008198 000001
[host_monotonic_s=180383.652520] 008210 000001
[host_monotonic_s=180383.652523] 008211 000001
[host_monotonic_s=180383.652525] 008249 000001
[host_monotonic_s=180383.652527] 008259 000001
[host_monotonic_s=180383.652529] 008286 000001
[host_monotonic_s=180383.652531] 008319 000002
[host_monotonic_s=180383.652533] 008321 000002
[host_monotonic_s=180383.652535] 008332 000001
[host_monotonic_s=180383.652537] 008336 000001
[host_monotonic_s=180383.652539] 008337 000001
[host_monotonic_s=180383.671992] 008342 000001
[host_monotonic_s=180383.702517] 008363 000001
[host_monotonic_s=180383.731843] 008393 000001
[host_monotonic_s=180383.753969] 008958 000001
[host_monotonic_s=180383.760865] 008976 000001
[host_monotonic_s=180383.772585] 008992 000001
[host_monotonic_s=180383.776059] 009011 000002
[host_monotonic_s=180383.779255] 009015 000001
[host_monotonic_s=180383.792060] 009016 000001
[host_monotonic_s=180383.802910] 009022 000001
[host_monotonic_s=180383.805976] 009026 000001
[host_monotonic_s=180383.821663] 009027 000001
[host_monotonic_s=180383.834174] 009030 000001
[host_monotonic_s=180383.837409] 009031 000001
[host_monotonic_s=180383.840468] 009041 000001
[host_monotonic_s=180383.862353] 009042 000001
[host_monotonic_s=180383.865431] 009043 000001
[host_monotonic_s=180383.868327] 009044 000003
[host_monotonic_s=180383.870939] 009046 000001
[host_monotonic_s=180383.873771] 009048 000001
[host_monotonic_s=180383.884303] 009049 000001
[host_monotonic_s=180383.887232] 009052 000001
[host_monotonic_s=180383.894237] 009055 000002
[host_monotonic_s=180383.897456] 009057 000001
[host_monotonic_s=180383.900806] 009061 000002
[host_monotonic_s=180384.202675] 009066 000001
[host_monotonic_s=180384.202689] 009069 000001
[host_monotonic_s=180384.202691] 009071 000001
[host_monotonic_s=180384.202694] 009075 000002
[host_monotonic_s=180384.202695] 009076 000002
[host_monotonic_s=180384.202698] 009079 000001
[host_monotonic_s=180384.202701] 009082 000001
[host_monotonic_s=180384.202704] 009087 000001
[host_monotonic_s=180384.202707] 009088 000001
[host_monotonic_s=180384.202709] 009090 000001
[host_monotonic_s=180384.202712] 009094 000001
[host_monotonic_s=180384.202714] 009097 000001
[host_monotonic_s=180384.202716] 009098 000001
[host_monotonic_s=180384.202718] 009100 000001
[host_monotonic_s=180384.202720] 009101 000001
[host_monotonic_s=180384.202722] 009104 000001
[host_monotonic_s=180384.202725] 009106 000001
[host_monotonic_s=180384.202728] 009110 000001
[host_monotonic_s=180384.205080] 009112 000001
[host_monotonic_s=180384.210474] 009114 000002
[host_monotonic_s=180384.213821] 009120 000001
[host_monotonic_s=180384.216522] 009122 000001
[host_monotonic_s=180384.222602] 009124 000001
[host_monotonic_s=180384.225670] 009126 000004
[host_monotonic_s=180384.234057] 009127 000001
[host_monotonic_s=180384.243775] 009128 000002
[host_monotonic_s=180384.252885] 009130 000001
[host_monotonic_s=180384.274224] 009132 000001
[host_monotonic_s=180384.277427] 009137 000002
[host_monotonic_s=180384.280133] 009138 000002
[host_monotonic_s=180384.291694] 009139 000002
[host_monotonic_s=180384.304178] 009143 000001
[host_monotonic_s=180384.307574] 009145 000002
[host_monotonic_s=180384.310420] 009147 000001
[host_monotonic_s=180384.322304] 009148 000002
[host_monotonic_s=180384.333615] 009149 000003
[host_monotonic_s=180384.352759] 009152 000001
[host_monotonic_s=180384.355806] 009153 000002
[host_monotonic_s=180384.358523] 009154 000001
[host_monotonic_s=180384.361391] 009156 000001
[host_monotonic_s=180384.364437] 009157 000001
[host_monotonic_s=180384.382498] 009159 000001
[host_monotonic_s=180384.385552] 009160 000001
[host_monotonic_s=180384.412305] 009161 000001
[host_monotonic_s=180384.451836] 009162 000001
[host_monotonic_s=180384.762151] 009163 000002
[host_monotonic_s=180384.762164] 009164 000001
[host_monotonic_s=180384.762167] 009167 000001
[host_monotonic_s=180384.762169] 009168 000001
[host_monotonic_s=180384.762171] 009171 000001
[host_monotonic_s=180384.762173] 009173 000001
[host_monotonic_s=180384.762175] 009176 000003
[host_monotonic_s=180384.762177] 009177 000001
[host_monotonic_s=180384.762178] 009179 000002
[host_monotonic_s=180384.762180] 009187 000001
[host_monotonic_s=180384.762182] 009188 000001
[host_monotonic_s=180384.762183] 009196 000001
[host_monotonic_s=180384.762185] 009207 000001
[host_monotonic_s=180384.762187] 009211 000001
[host_monotonic_s=180384.762188] 009213 000001
[host_monotonic_s=180384.762190] 009221 000002
[host_monotonic_s=180384.762192] 009224 000001
[host_monotonic_s=180384.762194] 009226 000001
[host_monotonic_s=180384.766018] 009237 000001
[host_monotonic_s=180384.773128] 009245 000001
[host_monotonic_s=180384.782026] 009247 000001
[host_monotonic_s=180384.785405] 009269 000001
[host_monotonic_s=180384.813754] 009284 000001
[host_monotonic_s=180384.832515] 009294 000001
[host_monotonic_s=180384.852390] 009331 000001
[host_monotonic_s=180384.872064] 009337 000001
[host_monotonic_s=180384.878820] 009346 000001
[host_monotonic_s=180384.882100] 009347 000001
[host_monotonic_s=180384.902970] 009354 000001
[host_monotonic_s=180384.905813] 009357 000001
[host_monotonic_s=180384.912584] 009360 000001
[host_monotonic_s=180384.915481] 009373 000001
[host_monotonic_s=180384.924312] 009378 000001
[host_monotonic_s=180384.933348] 009391 000001
[host_monotonic_s=180384.942653] 009394 000001
[host_monotonic_s=180384.953379] 009407 000001
[host_monotonic_s=180384.956528] 009425 000001
[host_monotonic_s=180384.959622] 009426 000001
[host_monotonic_s=180384.962834] 009456 000001
[host_monotonic_s=180384.965671] 009471 000001
[host_monotonic_s=180384.968442] 010045 000001
[host_monotonic_s=180384.971353] 010046 000001
[host_monotonic_s=180384.991774] 010059 000001
[host_monotonic_s=180385.002096] 010063 000001
[host_monotonic_s=180385.312174] 010102 000001
[host_monotonic_s=180385.312180] 010120 000001
[host_monotonic_s=180385.312181] 010126 000001
[host_monotonic_s=180385.312181] 010149 000001
[host_monotonic_s=180396.522956] 010154 000001
[host_monotonic_s=180396.522961] 010157 000001
[host_monotonic_s=180396.522962] 010158 000001
[host_monotonic_s=180396.526304] 010187 000001
[host_monotonic_s=180396.529454] 010206 000001
[host_monotonic_s=180396.532265] 010220 000001
[host_monotonic_s=180396.535638] 010253 000001
[host_monotonic_s=180396.538483] 010254 000001
[host_monotonic_s=180396.541399] 010269 000001
[host_monotonic_s=180396.544524] 010270 000001
[host_monotonic_s=180396.547396] 010274 000001
[host_monotonic_s=180396.550418] 010276 000002
[host_monotonic_s=180396.553695] 010286 000001
[host_monotonic_s=180396.556502] 010291 000001
[host_monotonic_s=180396.559327] 010300 000001
[host_monotonic_s=180396.572783] 010306 000001
[host_monotonic_s=180396.582550] 010340 000001
[host_monotonic_s=180396.631728] 010345 000001
[host_monotonic_s=180396.643678] 010347 000001
[host_monotonic_s=180396.646810] 010356 000001
[host_monotonic_s=180396.649661] 010360 000001
[host_monotonic_s=180396.653093] 010371 000001
[host_monotonic_s=180396.656204] 010388 000001
[host_monotonic_s=180396.664651] 010402 000001
[host_monotonic_s=180396.667924] 010598 000001
[host_monotonic_s=180396.671863] 011054 000001
[host_monotonic_s=180396.693512] # Min Latencies: 00147
[host_monotonic_s=180396.702595] # Avg Latencies: 00641
[host_monotonic_s=180396.722532] # Max Latencies: 301412
[host_monotonic_s=180396.735910] # Histogram Overflows: 00010
[host_monotonic_s=180397.073597] # Histogram Overflow at cycle number:
[host_monotonic_s=180397.073615] # Thread 0: 00792 01255 46117 46580 47509 47960 48454 49451 56973 61905
[host_monotonic_s=180397.073620] 
[host_monotonic_s=180397.073625] RT_CYCLICTEST_TIMING_END uptime_s=230.04
[host_monotonic_s=180397.073628] RT_CYCLICTEST_COMPLETE
[host_monotonic_s=180397.073631] stress-ng: info:  [68] stopping 3 stressors
[host_monotonic_s=180397.073634] RT_STRESS_STOP
[host_monotonic_s=180397.113604] RT_CPUSTAT sample=0 cpu=cpu0 user=5 nice=0 system=242 idle=2458 iowait=0 irq=117 softirq=3 steal=0
[host_monotonic_s=180397.186173] RT_CPUSTAT sample=0 cpu=cpu1 user=0 nice=0 system=1 idle=3212 iowait=0 irq=6 softirq=0 steal=0
[host_monotonic_s=180397.277712] RT_CPUSTAT sample=1 cpu=cpu0 user=237 nice=0 system=280 idle=2458 iowait=0 irq=241 softirq=3 steal=0
[host_monotonic_s=180397.301428] RT_CPUSTAT sample=1 cpu=cpu1 user=21 nice=0 system=53 idle=3547 iowait=0 irq=102 softirq=0 steal=0
[host_monotonic_s=180397.342321] RT_CPUSTAT sample=2 cpu=cpu0 user=548 nice=0 system=285 idle=2458 iowait=0 irq=371 softirq=3 steal=0
[host_monotonic_s=180397.422224] RT_CPUSTAT sample=2 cpu=cpu1 user=44 nice=0 system=113 idle=3893 iowait=0 irq=208 softirq=0 steal=0
[host_monotonic_s=180397.486533] RT_CPUSTAT sample=3 cpu=cpu0 user=866 nice=0 system=298 idle=2458 iowait=0 irq=495 softirq=4 steal=0
[host_monotonic_s=180397.522560] RT_CPUSTAT sample=3 cpu=cpu1 user=71 nice=0 system=186 idle=4241 iowait=0 irq=311 softirq=0 steal=0
[host_monotonic_s=180397.874266] RT_CPUSTAT sample=4 cpu=cpu0 user=1171 nice=0 system=328 idle=2458 iowait=0 irq=624 softirq=4 steal=0
[host_monotonic_s=180397.874280] RT_CPUSTAT sample=4 cpu=cpu1 user=89 nice=0 system=236 idle=4589 iowait=0 irq=418 softirq=0 steal=0
[host_monotonic_s=180397.874284] RT_CPUSTAT sample=5 cpu=cpu0 user=1488 nice=0 system=342 idle=2458 iowait=0 irq=753 softirq=4 steal=0
[host_monotonic_s=180397.973179] RT_CPUSTAT sample=5 cpu=cpu1 user=105 nice=0 system=283 idle=4929 iowait=0 irq=529 softirq=0 steal=0
[host_monotonic_s=180398.001135] RT_CPUSTAT sample=6 cpu=cpu0 user=1786 nice=0 system=369 idle=2458 iowait=0 irq=892 softirq=5 steal=0
[host_monotonic_s=180398.037178] RT_CPUSTAT sample=6 cpu=cpu1 user=134 nice=0 system=345 idle=5269 iowait=0 irq=636 softirq=0 steal=0
[host_monotonic_s=180398.092038] RT_CPUSTAT sample=7 cpu=cpu0 user=2096 nice=0 system=384 idle=2458 iowait=0 irq=1037 softirq=5 steal=0
[host_monotonic_s=180398.424729] RT_CPUSTAT sample=7 cpu=cpu1 user=142 nice=0 system=378 idle=5610 iowait=0 irq=747 softirq=0 steal=0
[host_monotonic_s=180398.424741] RT_CPUSTAT sample=8 cpu=cpu0 user=2411 nice=0 system=386 idle=2458 iowait=0 irq=1176 softirq=5 steal=0
[host_monotonic_s=180398.424743] RT_CPUSTAT sample=8 cpu=cpu1 user=168 nice=0 system=443 idle=5953 iowait=0 irq=854 softirq=1 steal=0
[host_monotonic_s=180398.466937] RT_CPUSTAT sample=9 cpu=cpu0 user=2735 nice=0 system=386 idle=2458 iowait=0 irq=1317 softirq=6 steal=0
[host_monotonic_s=180398.496959] RT_CPUSTAT sample=9 cpu=cpu1 user=185 nice=0 system=488 idle=6295 iowait=0 irq=964 softirq=1 steal=0
[host_monotonic_s=180398.533296] RT_CPUSTAT sample=10 cpu=cpu0 user=3044 nice=0 system=389 idle=2458 iowait=0 irq=1473 softirq=6 steal=0
[host_monotonic_s=180398.595468] RT_CPUSTAT sample=10 cpu=cpu1 user=202 nice=0 system=540 idle=6639 iowait=0 irq=1074 softirq=1 steal=0
[host_monotonic_s=180398.657649] RT_CPUSTAT sample=11 cpu=cpu0 user=3364 nice=0 system=398 idle=2458 iowait=0 irq=1600 softirq=6 steal=0
[host_monotonic_s=180398.982339] RT_CPUSTAT sample=11 cpu=cpu1 user=226 nice=0 system=610 idle=6976 iowait=0 irq=1186 softirq=1 steal=0
[host_monotonic_s=180398.982353] RT_CPUSTAT sample=12 cpu=cpu0 user=3696 nice=0 system=408 idle=2458 iowait=0 irq=1724 softirq=7 steal=0
[host_monotonic_s=180398.984709] RT_CPUSTAT sample=12 cpu=cpu1 user=246 nice=0 system=675 idle=7314 iowait=0 irq=1299 softirq=1 steal=0
[host_monotonic_s=180399.065361] RT_CPUSTAT sample=13 cpu=cpu0 user=4030 nice=0 system=411 idle=2458 iowait=0 irq=1851 softirq=7 steal=0
[host_monotonic_s=180399.109073] RT_CPUSTAT sample=13 cpu=cpu1 user=273 nice=0 system=768 idle=7655 iowait=0 irq=1407 softirq=1 steal=0
[host_monotonic_s=180399.165367] RT_CPUSTAT sample=14 cpu=cpu0 user=4354 nice=0 system=413 idle=2458 iowait=0 irq=1970 softirq=8 steal=0
[host_monotonic_s=180399.197541] RT_CPUSTAT sample=14 cpu=cpu1 user=289 nice=0 system=816 idle=7976 iowait=0 irq=1542 softirq=1 steal=0
[host_monotonic_s=180399.532239] RT_CPUSTAT sample=15 cpu=cpu0 user=4680 nice=0 system=414 idle=2458 iowait=0 irq=2101 softirq=8 steal=0
[host_monotonic_s=180399.532244] RT_CPUSTAT sample=15 cpu=cpu1 user=313 nice=0 system=886 idle=8313 iowait=0 irq=1652 softirq=1 steal=0
[host_monotonic_s=180400.318610] RT_CPUSTAT sample=16 cpu=cpu0 user=4985 nice=0 system=436 idle=2458 iowait=0 irq=2229 softirq=8 steal=0
[host_monotonic_s=180400.318627] RT_CPUSTAT sample=16 cpu=cpu1 user=339 nice=0 system=957 idle=8651 iowait=0 irq=1763 softirq=2 steal=0
[host_monotonic_s=180400.318630] RT_CPUSTAT sample=17 cpu=cpu0 user=5294 nice=0 system=471 idle=2458 iowait=0 irq=2340 softirq=9 steal=0
[host_monotonic_s=180400.347802] RT_CPUSTAT sample=17 cpu=cpu1 user=359 nice=0 system=1007 idle=8992 iowait=0 irq=1875 softirq=2 steal=0
[host_monotonic_s=180400.445504] RT_CPUSTAT sample=18 cpu=cpu0 user=6049 nice=0 system=498 idle=2458 iowait=0 irq=2705 softirq=9 steal=0
[host_monotonic_s=180400.520223] RT_CPUSTAT sample=18 cpu=cpu1 user=378 nice=0 system=1050 idle=10397 iowait=0 irq=1963 softirq=2 steal=0
[host_monotonic_s=180400.872464] RT_CPUSTAT sample=19 cpu=cpu0 user=6864 nice=0 system=538 idle=2458 iowait=0 irq=3050 softirq=10 steal=0
[host_monotonic_s=180400.872476] RT_CPUSTAT sample=19 cpu=cpu1 user=378 nice=0 system=1050 idle=11957 iowait=0 irq=1963 softirq=2 steal=0
[host_monotonic_s=180400.872480] RT_CPUSTAT sample=20 cpu=cpu0 user=7635 nice=0 system=596 idle=2458 iowait=0 irq=3393 softirq=11 steal=0
[host_monotonic_s=180400.945175] RT_CPUSTAT sample=20 cpu=cpu1 user=378 nice=0 system=1050 idle=13489 iowait=0 irq=1963 softirq=2 steal=0
[host_monotonic_s=180401.064484] RT_CPUSTAT sample=21 cpu=cpu0 user=8450 nice=0 system=630 idle=2458 iowait=0 irq=3756 softirq=11 steal=0
[host_monotonic_s=180401.086164] RT_CPUSTAT sample=21 cpu=cpu1 user=378 nice=0 system=1050 idle=15064 iowait=0 irq=1963 softirq=2 steal=0
[host_monotonic_s=180401.422835] RT_CPUSTAT sample=22 cpu=cpu0 user=9277 nice=0 system=687 idle=2458 iowait=0 irq=4109 softirq=12 steal=0
[host_monotonic_s=180401.422855] RT_CPUSTAT sample=22 cpu=cpu1 user=378 nice=0 system=1050 idle=16688 iowait=0 irq=1963 softirq=2 steal=0
[host_monotonic_s=180401.422861] RT_CPUSTAT sample=23 cpu=cpu0 user=10157 nice=0 system=689 idle=2458 iowait=0 irq=4507 softirq=12 steal=0
[host_monotonic_s=180401.461870] RT_CPUSTAT sample=23 cpu=cpu1 user=378 nice=0 system=1050 idle=18341 iowait=0 irq=1963 softirq=2 steal=0
[host_monotonic_s=180401.531775] RT_CPUSTAT sample=24 cpu=cpu0 user=11026 nice=0 system=712 idle=2458 iowait=0 irq=4981 softirq=13 steal=0
[host_monotonic_s=180401.583834] RT_CPUSTAT sample=24 cpu=cpu1 user=378 nice=0 system=1050 idle=20112 iowait=0 irq=1963 softirq=2 steal=0
[host_monotonic_s=180401.624622] stress-ng: info:  [68] skipped: 0
[host_monotonic_s=180401.645553] stress-ng: info:  [68] passed: 3: cpu (2) vm (1)
[host_monotonic_s=180401.652447] stress-ng: info:  [68] failed: 0
[host_monotonic_s=180401.972935] stress-ng: info:  [68] metrics untrustworthy: 0
[host_monotonic_s=180401.972943] stress-ng: info:  [68] successful run completed in 3 mins 21.96 secs
[host_monotonic_s=180401.972945] RT_INIT_DONE scenario=stress-noiso
[host_monotonic_s=180401.972946] [  246.476817] reboot: Power down
[host_monotonic_s=180401.972947] [37m[249.971019 2:18 axvm::runtime::hvc:352] [33mVM[1] PSCI_SYSTEM_OFF[m
[host_monotonic_s=180401.972949] [m[37m[249.971238 2:18 axvm::vm:1374] [32mStopping VM[1]: SystemDown[m
[host_monotonic_s=180401.973640] [m[37m[250.182131 2:18 axvm::runtime::vcpus:559] [33mVM[1] VCpu[0] stopping because of VM stopping[m
[host_monotonic_s=180401.973874] [m[37m[250.182139 3:24 axvm::runtime::vcpus:559] [33mVM[1] VCpu[1] stopping because of VM stopping[m
[host_monotonic_s=180401.973875] 
[host_monotonic_s=180401.974147] [m[37m[250.182414 2:18 axvm::runtime::vcpus:597] [32mVM[1] VCpu[0] exiting...[m[Axvisor] VM[1] stopped; returning to the management shell
[host_monotonic_s=180401.974158] 
[host_monotonic_s=180401.974466] [m[37m[250.182675 3:24 axvm::runtime::vcpus:566] [32mVM[1] VCpu[1] last VCpu exiting, decreasing running VM count[m[2Kaxvisor:$ 
[host_monotonic_s=180401.975769] [m[37m[250.184293 3:24 axvm::runtime::vcpus:576] [32mVM[1] state changed to Stopped[m
[host_monotonic_s=180401.976005] [m[37m[250.184538 3:24 axvm::runtime::vcpus:597] [32mVM[1] VCpu[1] exiting...[m
[host_monotonic_s=180404.277584] [mrt_experiment end_ns=1786869359655235749 elapsed_ms=253768
