[37m[  1.679488 0:2 axvisor::config:149] [32mVM[1] created success, loading images...[m
[m[37m[  1.796493 0:2 axvm::boot::images:137] [32mLoading ramdisk image from memory (18344550 bytes) into GPA @0x9c000000[m
[m[37m[  1.852057 0:2 axdevice::device:1232] [32mDeviceRuntime: registered device id=0[m
[m[37m[  1.852561 0:2 axdevice::device:1232] [32mDeviceRuntime: registered device id=1[m
[m[37m[  1.980613 0:2 axdevice::device:1232] [32mDeviceRuntime: registered device id=2[m
[m[37m[  1.985565 0:2 axdevice::device:1232] [32mDeviceRuntime: registered device id=3[m
[m[37m[  1.989456 0:2 axdevice::device:1232] [32mDeviceRuntime: registered device id=4[m
[m[37m[  1.994530 0:2 axvm::vm::prepare:82] [32mVM setup: id=1[m
[m[37m[  1.997354 0:2 axvm::arch::aarch64::fdt::core:79] [32mVM[2] virtual GIC follows host firmware resources: GuestGicProfile { compatible: "arm,gic-v3", node_path: "/intc@8000000", node_phandle: Some(32770), distributor: GuestMmioRegion { base: 134217728, length: 65536 }, cpu_region: Redistributors(GuestGicRedistributorProfile { regions: [GuestMmioRegion { base: 134873088, length: 16121856 }], stride: 131072 }), its: [GuestItsProfile { id: ItsId(0), node_path: "/intc@8000000/its@8080000", node_phandle: Some(32771), registers: GuestMmioRegion { base: 134742016, length: 131072 } }] }[m
[m[37m[  1.998179 0:2 axvm::arch::aarch64::fdt::core:93] [32mVM[2] architectural timer follows host firmware PPIs[m
[m[37m[  2.001377 0:2 axvm::arch::aarch64::fdt::core::parser:442] [32mCPU node: /cpus/cpu@0, node_id: 0x0, hardware_cpu_id: 0x0[m
[m[37m[  2.001590 0:2 axvm::arch::aarch64::fdt::core::parser:449] [32mFound 1 host CPU nodes[m
[m[37m[  2.001717 0:2 axvm::arch::aarch64::fdt::core:144] [32mVM[2] DTB not found, generating from the VM configuration[m
[m[37m[  2.009855 0:2 axvm::arch::aarch64::fdt::core::device:96] [32mFound excluded devices: ["/intc@8000000", "/pl011@9000000", "/timer", "/intc@8000000/its@8080000"][m
[m[37m[  2.014043 0:2 axvm::arch::aarch64::fdt::core::device:96] [32mFound excluded devices: ["/intc@8000000", "/pl011@9000000", "/timer", "/intc@8000000/its@8080000"][m
[m[37m[  2.014624 0:2 axvisor::config:137] [32mCreating VM[2] "task2-p2-switch-zephyr"[m
[m[37m[  2.015966 0:2 axvm::vm:1038] [32mVM created: id=2[m
[m[37m[  2.688339 0:2 axvisor::config:149] [32mVM[2] created success, loading images...[m
[m[37m[  2.692260 0:2 axdevice::device:1232] [32mDeviceRuntime: registered device id=0[m
[m[37m[  2.692408 0:2 axdevice::device:1232] [32mDeviceRuntime: registered device id=1[m
[m[37m[  2.817017 0:2 axdevice::device:1232] [32mDeviceRuntime: registered device id=2[m
[m[37m[  2.817329 0:2 axdevice::device:1232] [32mDeviceRuntime: registered device id=3[m
[m[37m[  2.818079 0:2 axdevice::device:1232] [32mDeviceRuntime: registered device id=4[m
[m[37m[  2.818334 0:2 axvm::vm::prepare:82] [32mVM setup: id=2[m
[m[37m[  2.818736 0:2 axvm::runtime:50] [32mInitializing VMM...[m
[m[37m[  2.819456 0:2 axvm::runtime:61] [32mVMM starting, booting VMs...[m
[m[37m[  2.819767 0:2 axvm::vm:1253] [32mStarting VM[1][m
[m[37m[  2.820106 0:2 axvm::runtime::vcpus:576] [32mSpawning task for VM[1] VCpu[0][m
[m[37m[  2.820694 0:2 axvm::runtime::vcpus:593] [32mVCpu task Task(7, "VM[1]-VCpu[0]") created cpumask: [0, ][m
[m[37m[  2.823138 0:2 axvm::runtime:69] [32mVM[1] boot success[m
[m[37m[  2.823322 0:2 axvm::vm:1253] [32mStarting VM[2][m
[m[37m[  2.823465 0:2 axvm::runtime::vcpus:576] [32mSpawning task for VM[2] VCpu[0][m
[m[37m[  2.823606 0:2 axvm::runtime::vcpus:593] [32mVCpu task Task(9, "VM[2]-VCpu[0]") created cpumask: [0, ][m
[m[37m[  2.823863 0:2 axvm::runtime:69] [32mVM[2] boot success[m
[m[37m[  2.826381 0:2 axvisor:93] [32m[OK] Default guest initialized[m
[m[37m[  2.827527 0:7 axvm::runtime::vcpus:647] [32mVM[1] VCpu[0] waiting for running[m
[m[37m[  2.828022 0:7 axvm::runtime::vcpus:685] [32mVM[1] VCpu[0] running...[m
[m[37m[  2.837665 0:9 axvm::runtime::vcpus:647] [32mVM[2] VCpu[0] waiting for running[m
[m[37m[  2.837831 0:9 axvm::runtime::vcpus:685] [32mVM[2] VCpu[0] running...[m
[m[VM 2] *** Booting Zephyr OS build aa37fa1ebc92 ***
[VM 2] TASK2_MAIN_START
[VM 2] TASK2_SOCKET_CREATE
[VM 2] TASK2_SOCKET_CREATED fd=0
[37m[  2.912952 0:7 axvm::runtime::hvc:258] [32mVM[1] PSCI_FEATURES function_id=0x80000000[m
[m[VM 2] TASK2_NET_CONFIGURED interface=virtio-net ip=10.0.42.2/24
[VM 2] TASK2_READY role=managed local=10.0.42.2:4242 peer=10.0.42.15:4242
[37m[  2.934455 0:7 axvm::runtime::hvc:258] [32mVM[1] PSCI_FEATURES function_id=0xc4000001[m
[m[37m[  2.934856 0:7 axvm::runtime::hvc:258] [32mVM[1] PSCI_FEATURES function_id=0xc400000e[m
[m[37m[  2.935174 0:7 axvm::runtime::hvc:258] [32mVM[1] PSCI_FEATURES function_id=0xc4000012[m
[m[37m[  2.935690 0:7 axvm::runtime::hvc:258] [32mVM[1] PSCI_FEATURES function_id=0xc4000015[m
[m[37m[  3.162573 0:7 axvisor::virtio_net:595] [33mvirtio-net drops an ingress frame: NotReady[m
[m[VM 1] [    0.000000] Booting Linux on physical CPU 0x0000000000 [0x410fd083]
[VM 1] [    0.000000] Linux version 7.1.0-rc2-g74fe02ce122a (runner@s1lqc) (aarch64-linux-gnu-gcc (Ubuntu 13.3.0-6ubuntu2~24.04) 13.3.0, GNU ld (GNU Binutils for Ubuntu) 2.42) #2 SMP PREEMPT Mon Jun  8 08:07:46 UTC 2026
[VM 1] [    0.000000] KASLR disabled due to lack of seed
[VM 1] [    0.000000] Machine model: linux,dummy-virt
[VM 1] [    0.000000] efi: UEFI not found.
[VM 1] [    0.000000] OF: reserved mem: Reserved memory: No reserved-memory node in the DT
[VM 1] [    0.000000] NUMA: Faking a node at [mem 0x0000000080000000-0x000000009fffffff]
[VM 1] [    0.000000] NODE_DATA(0) allocated [mem 0x9ff08800-0x9ff0aeff]
[VM 1] [    0.000000] cma: Reserved 32 MiB at 0x000000009a000000
[VM 1] [    0.000000] psci: probing for conduit method from DT.
[VM 1] [    0.000000] psci: PSCIv1.1 detected in firmware.
[VM 1] [    0.000000] psci: Using standard PSCI v0.2 function IDs
[VM 1] [    0.000000] psci: Trusted OS migration not required
[VM 1] [    0.000000] psci: SMC Calling Convention v65535.65535
[VM 1] [    0.000000] Zone ranges:
[VM 1] [    0.000000]   DMA      [mem 0x0000000080000000-0x000000009fffffff]
[VM 1] [    0.000000]   DMA32    empty
[VM 1] [    0.000000]   Normal   empty
[VM 1] [    0.000000] Movable zone start for each node
[VM 1] [    0.000000] Early memory node ranges
[VM 1] [    0.000000]   node   0: [mem 0x0000000080000000-0x000000009fffffff]
[VM 1] [    0.000000] Initmem setup node 0 [mem 0x0000000080000000-0x000000009fffffff]
[VM 1] [    0.000000] percpu: Embedded 26 pages/cpu s66584 r8192 d31720 u106496
[VM 1] [    0.000000] Detected PIPT I-cache on CPU0
[VM 1] [    0.000000] CPU features: detected: GICv3 CPU interface
[VM 1] [    0.000000] CPU features: detected: Spectre-v2
[VM 1] [    0.000000] CPU features: detected: Spectre-v3a
[VM 1] [    0.000000] CPU features: detected: Spectre-v4
[VM 1] [    0.000000] CPU features: detected: Spectre-BHB
[VM 1] [    0.000000] CPU features: detected: ARM erratum 1742098
[VM 1] [    0.000000] CPU features: detected: ARM errata 1165522, 1319367, or 1530923
[VM 1] [    0.000000] alternatives: applying boot alternatives
[VM 1] [    0.000000] printk: log buffer data + meta data: 131072 + 458752 = 589824 bytes
[VM 1] [    0.000000] Dentry cache hash table entries: 65536 (order: 7, 524288 bytes, linear)
[VM 1] [    0.000000] Inode-cache hash table entries: 32768 (order: 6, 262144 bytes, linear)
[VM 1] [    0.000000] software IO TLB: SWIOTLB bounce buffer size adjusted to 0MB
[VM 1] [    0.000000] software IO TLB: area num 1.
[VM 1] [    0.000000] software IO TLB: mapped [mem 0x000000009f580000-0x000000009f600000] (0MB)
[VM 1] [    0.000000] Fallback order for Node 0: 0 
[VM 1] [    0.000000] Built 1 zonelists, mobility grouping on.  Total pages: 131072
[VM 1] [    0.000000] Policy zone: DMA
[VM 1] [    0.000000] mem auto-init: stack:all(zero), heap alloc:off, heap free:off
[VM 1] [    0.000000] SLUB: HWalign=64, Order=0-3, MinObjects=0, CPUs=1, Nodes=1
[VM 1] [    0.000000] rcu: Preemptible hierarchical RCU implementation.
[VM 1] [    0.000000] rcu: 	RCU event tracing is enabled.
[VM 1] [    0.000000] rcu: 	RCU restricting CPUs from NR_CPUS=512 to nr_cpu_ids=1.
[VM 1] [    0.000000] 	Trampoline variant of Tasks RCU enabled.
[VM 1] [    0.000000] 	Tracing variant of Tasks RCU enabled.
[VM 1] [    0.000000] rcu: RCU calculated value of scheduler-enlistment delay is 25 jiffies.
[VM 1] [    0.000000] rcu: Adjusting geometry for rcu_fanout_leaf=16, nr_cpu_ids=1
[VM 1] [    0.000000] RCU Tasks: Setting shift to 0 and lim to 1 rcu_task_cb_adjust=1 rcu_task_cpu_ids=1.
[VM 1] [    0.000000] NR_IRQS: 64, nr_irqs: 64, preallocated irqs: 0
[VM 1] [    0.000000] GICv3: 256 SPIs implemented
[VM 1] [    0.000000] GICv3: 0 Extended SPIs implemented
[VM 1] [    0.000000] Root IRQ handler: gic_handle_irq
[VM 1] [    0.000000] GICv3: GICv3 features: 16 PPIs, RSS
[VM 1] [    0.000000] GICv3: GICD_CTLR.DS=0, SCR_EL3.FIQ=0
[VM 1] [    0.000000] GICv3: CPU0: found redistributor 0 region 0:0x00000000080a0000
[VM 1] [    0.000000] ITS [mem 0x08080000-0x0809ffff]
[VM 1] [    0.000000] ITS@0x0000000008080000: allocated 8192 Devices @83450000 (indirect, esz 8, psz 64K, shr 1)
[VM 1] [    0.000000] ITS@0x0000000008080000: allocated 8192 Interrupt Collections @83460000 (flat, esz 8, psz 64K, shr 1)
[VM 1] [    0.000000] GICv3: using LPI property table @0x0000000083470000
[VM 1] [    0.000000] GICv3: CPU0: using allocated LPI pending table @0x0000000083480000
[VM 1] [    0.000000] rcu: srcu_init: Setting srcu_struct sizes based on contention.
[VM 1] [    0.000000] arch_timer: cp15 timer running at 62.50MHz (virt).
[VM 1] [    0.000000] clocksource: arch_sys_counter: mask: 0x1ffffffffffffff max_cycles: 0x1cd42e208c, max_idle_ns: 881590405314 ns
[VM 1] [    0.000059] sched_clock: 57 bits at 63MHz, resolution 16ns, wraps every 4398046511096ns
[VM 1] [    0.010383] Console: colour dummy device 80x25
[VM 1] [    0.011759] printk: legacy console [tty0] enabled
[VM 1] [    0.016639] Calibrating delay loop (skipped), value calculated using timer frequency.. 125.00 BogoMIPS (lpj=250000)
[VM 1] [    0.016818] pid_max: default: 32768 minimum: 301
[VM 1] [    0.021512] Mount-cache hash table entries: 1024 (order: 1, 8192 bytes, linear)
[VM 1] [    0.021618] Mountpoint-cache hash table entries: 1024 (order: 1, 8192 bytes, linear)
[VM 1] [    0.030512] VFS: Finished mounting rootfs on nullfs
[VM 1] [    0.050422] cacheinfo: Unable to detect cache hierarchy for CPU 0
[VM 1] [    0.063251] rcu: Hierarchical SRCU implementation.
[VM 1] [    0.063347] rcu: 	Max phase no-delay instances is 1000.
[VM 1] [    0.066452] fsl-mc MSI: its@8080000 domain created
[VM 1] [    0.067276] EFI services will not be available.
[VM 1] [    0.067657] smp: Bringing up secondary CPUs ...
[VM 1] [    0.068271] smp: Brought up 1 node, 1 CPU
[VM 1] [    0.068307] SMP: Total of 1 processors activated.
[VM 1] [    0.068343] CPU: All CPU(s) started at EL1
[VM 1] [    0.068565] CPU features: detected: 32-bit EL0 Support
[VM 1] [    0.068607] CPU features: detected: 32-bit EL1 Support
[VM 1] [    0.070954] CPU features: detected: CRC32 instructions
[VM 1] [    0.071130] CPU features: detected: PMUv3
[VM 1] [    0.079673] alternatives: applying system-wide alternatives
[VM 1] [    0.107010] Memory: 408164K/524288K available (18688K kernel code, 5242K rwdata, 14480K rodata, 12672K init, 718K bss, 80672K reserved, 32768K cma-reserved)
[VM 1] [    0.142713] devtmpfs: initialized
[VM 1] [    0.160586] clocksource: jiffies: mask: 0xffffffff max_cycles: 0xffffffff, max_idle_ns: 7645041785100000 ns
[VM 1] [    0.161155] posixtimers hash table entries: 512 (order: 1, 8192 bytes, linear)
[VM 1] [    0.161418] futex hash table entries: 256 (16384 bytes on 1 NUMA nodes, total 16 KiB, linear).
[VM 1] [    0.164729] 19744 pages in range for non-PLT usage
[VM 1] [    0.164792] 511264 pages in range for PLT usage
[VM 1] [    0.176325] DMI: not present or invalid.
[VM 1] [    0.195959] NET: Registered PF_NETLINK/PF_ROUTE protocol family
[VM 1] [    0.206921] DMA: preallocated 128 KiB GFP_KERNEL|GFP_DMA pool for atomic allocations
[VM 1] [    0.207323] audit: initializing netlink subsys (disabled)
[VM 1] [    0.210045] audit: type=2000 audit(0.164:1): state=initialized audit_enabled=0 res=1
[37m[  5.387587 0:7 axvisor::virtio_net:595] [33mvirtio-net drops an ingress frame: NotReady[m
[m[VM 1] [    0.214859] thermal_sys: Registered thermal governor 'step_wise'
[VM 1] [    0.214928] thermal_sys: Registered thermal governor 'power_allocator'
[VM 1] [    0.215313] cpuidle: using governor menu
[VM 1] [    0.216815] hw-breakpoint: found 6 breakpoint and 4 watchpoint registers.
[VM 1] [    0.217199] ASID allocator initialised with 65536 entries
[VM 1] [    0.222579] Serial: AMBA PL011 UART driver
[VM 1] [    0.248122] 9000000.pl011: ttyAMA0 at MMIO 0x9000000 (irq = 13, base_baud = 0) is a PL011 rev1
[VM 1] [    0.252182] printk: console [ttyAMA0] enabled
[VM 1] [    1.217321] HugeTLB: registered 1.00 GiB page size, pre-allocated 0 pages
[VM 1] [    1.217415] HugeTLB: 0 KiB vmemmap can be freed for a 1.00 GiB page
[VM 1] [    1.217460] HugeTLB: registered 32.0 MiB page size, pre-allocated 0 pages
[VM 1] [    1.217480] HugeTLB: 0 KiB vmemmap can be freed for a 32.0 MiB page
[VM 1] [    1.217499] HugeTLB: registered 2.00 MiB page size, pre-allocated 0 pages
[VM 1] [    1.217516] HugeTLB: 0 KiB vmemmap can be freed for a 2.00 MiB page
[VM 1] [    1.217532] HugeTLB: registered 64.0 KiB page size, pre-allocated 0 pages
[VM 1] [    1.217546] HugeTLB: 0 KiB vmemmap can be freed for a 64.0 KiB page
[VM 1] [    2.120309] ACPI: Interpreter disabled.
[VM 1] [    2.704007] iommu: Default domain type: Translated
[VM 1] [    2.704116] iommu: DMA domain TLB invalidation policy: strict mode
[VM 1] [    2.749891] SCSI subsystem initialized
[VM 1] [    2.895654] usbcore: registered new interface driver usbfs
[VM 1] [    2.910123] usbcore: registered new interface driver hub
[VM 1] [    2.922579] usbcore: registered new device driver usb
[VM 1] [    2.936736] pps_core: LinuxPPS API ver. 1 registered
[VM 1] [    2.947201] pps_core: Software ver. 5.3.6 - Copyright 2005-2007 Rodolfo Giometti <giometti@linux.it>
[VM 1] [    3.210768] PTP clock support registered
[VM 1] [    3.211322] EDAC MC: Ver: 3.0.0
[VM 1] [    3.212706] scmi_core: SCMI protocol bus registered
[VM 1] [    3.230881] FPGA manager framework
[VM 1] [    3.258446] vgaarb: loaded
[VM 1] [    3.267359] clocksource: Switched to clocksource arch_sys_counter
[VM 1] [    3.282891] VFS: Disk quotas dquot_6.6.0
[VM 1] [    3.292451] VFS: Dquot-cache hash table entries: 512 (order 0, 4096 bytes)
[VM 1] [    3.309365] pnp: PnP ACPI: disabled
[VM 1] [    3.342020] NET: Registered PF_INET protocol family
[VM 1] [    3.361401] IP idents hash table entries: 8192 (order: 4, 65536 bytes, linear)
[VM 1] [    3.382303] tcp_listen_portaddr_hash hash table entries: 256 (order: 0, 4096 bytes, linear)
[VM 1] [    3.399771] Table-perturb hash table entries: 65536 (order: 6, 262144 bytes, linear)
[VM 1] [    3.415830] TCP established hash table entries: 4096 (order: 3, 32768 bytes, linear)
[VM 1] [    3.431845] TCP bind hash table entries: 4096 (order: 5, 131072 bytes, linear)
[VM 1] [    3.448514] TCP: Hash tables configured (established 4096 bind 4096)
[VM 1] [    3.464536] UDP hash table entries: 256 (order: 2, 16384 bytes, linear)
[VM 1] [    3.480843] NET: Registered PF_UNIX/PF_LOCAL protocol family
[VM 1] [    3.496819] RPC: Registered named UNIX socket transport module.
[VM 1] [    3.509945] RPC: Registered udp transport module.
[VM 1] [    3.765451] RPC: Registered tcp transport module.
[VM 1] [    3.765599] RPC: Registered tcp-with-tls transport module.
[VM 1] [    3.765648] RPC: Registered tcp NFSv4.1 backchannel transport module.
[VM 1] [    3.765890] PCI: CLS 0 bytes, default 64
[VM 1] [    3.767029] kvm [1]: HYP mode not available
[VM 1] [    3.825794] Initialise system trusted keyrings
[VM 1] [    3.837150] Unpacking initramfs...
[VM 1] [    3.845006] workingset: timestamp_bits=42 (anon: 38) max_order=17 bucket_order=0 (anon: 0)
[VM 1] [    3.866188] squashfs: version 4.0 (2009/01/31) Phillip Lougher
[VM 1] [    3.893295] NFS: Registering the id_resolver key type
[VM 1] [    3.893954] Key type id_resolver registered
[VM 1] [    3.894255] Key type id_legacy registered
[VM 1] [    3.894798] nfs4filelayout_init: NFSv4 File Layout Driver Registering...
[VM 1] [    3.905479] nfs4flexfilelayout_init: NFSv4 Flexfile Layout Driver Registering...
[VM 1] [    3.948753] 9p: Installing v9fs 9p2000 file system support
[VM 1] [    3.961705] Key type asymmetric registered
[VM 1] [    3.971698] Asymmetric key parser 'x509' registered
[VM 1] [    3.984126] Block layer SCSI generic (bsg) driver version 0.4 loaded (major 244)
[VM 1] [    3.999281] io scheduler mq-deadline registered
[VM 1] [    4.009659] io scheduler kyber registered
[VM 1] [    4.024070] io scheduler bfq registered
[VM 1] [    4.065075] ledtrig-cpu: registered to indicate activity on CPUs
[VM 1] [    4.182129] Serial: 8250/16550 driver, 4 ports, IRQ sharing enabled
[VM 1] [    4.232632] msm_serial: driver initialized
[VM 1] [    4.233869] SuperH (H)SCI(F) driver initialized
[VM 1] [    4.234380] STM32 USART driver initialized
[VM 1] [    4.360172] loop: module loaded
[VM 1] [    4.370003] megasas: 07.734.00.00-rc1
[VM 1] [    4.401955] tun: Universal TUN/TAP device driver, 1.6
[VM 1] [    4.450276] thunder_xcv, ver 1.0
[VM 1] [    4.460359] thunder_bgx, ver 1.0
[VM 1] [    4.471988] nicpf, ver 1.0
[VM 1] [    4.482174] e1000: Intel(R) PRO/1000 Network Driver
[VM 1] [    4.492847] e1000: Copyright (c) 1999-2006 Intel Corporation.
[VM 1] [    4.508026] e1000e: Intel(R) PRO/1000 Network Driver
[VM 1] [    4.518295] e1000e: Copyright(c) 1999 - 2015 Intel Corporation.
[VM 1] [    4.530307] igb: Intel(R) Gigabit Ethernet Network Driver
[VM 1] [    4.542053] igb: Copyright (c) 2007-2014 Intel Corporation.
[VM 1] [    4.554363] igbvf: Intel(R) Gigabit Virtual Function Network Driver
[VM 1] [    4.568395] igbvf: Copyright (c) 2009 - 2012 Intel Corporation.
[VM 1] [    4.584506] sky2: driver version 1.30
[VM 1] [    4.596394] VFIO - User Level meta-driver version: 0.3
[VM 1] [    4.617166] usbcore: registered new interface driver usb-storage
[VM 1] [    4.645754] i2c_dev: i2c /dev entries driver
[VM 1] [    4.929924] SMCCC: SOC_ID: ARCH_SOC_ID not implemented, skipping ....
[VM 1] [    4.953687] usbcore: registered new interface driver usbhid
[VM 1] [    4.966239] usbhid: USB HID core driver
[VM 1] [    4.998109] NET: Registered PF_INET6 protocol family
[VM 1] [    5.022067] Segment Routing with IPv6
[VM 1] [    5.031714] In-situ OAM (IOAM) with IPv6
[VM 1] [    5.044119] sit: IPv6, IPv4 and MPLS over IPv4 tunneling driver
[VM 1] [    5.064381] NET: Registered PF_PACKET protocol family
[VM 1] [    5.078482] 9pnet: Installing 9P2000 support
[VM 1] [    5.092544] Key type dns_resolver registered
[VM 1] [    5.152040] registered taskstats version 1
[VM 1] [    5.162400] Loading compiled-in X.509 certificates
[VM 1] [    5.199658] Demotion targets for Node 0: null
[VM 1] [    5.217399] clk: Disabling unused clocks
[VM 1] [    5.240360] PM: genpd: Disabling unused power domains
[VM 1] [    5.636779] Freeing initrd memory: 17912K
[VM 1] [    5.682872] Freeing unused kernel memory: 12672K
[VM 1] [    5.693847] Run /init as init process
[VM 1] TASK2_INIT_START
[VM 1] TASK2_NET_CONFIGURED interface=eth0 ip=10.0.42.15/24
[VM 1] TASK2_READY role=controller local=10.0.42.15:4242 peer=10.0.42.2:4242
[VM 1] TASK3_INFER elapsed_ms=15 sample=1 output=24 infer_us=12110
[VM 1] TASK3_CONTROL_SENT elapsed_ms=15 request=1 value=24 target=300 state=300 seq=1
[VM 1] TASK2_HEARTBEAT_RECEIVED peer_uptime_ms=4600
[VM 2] TASK2_CONTROL_RECEIVED seq=1 request=1
[VM 2] TASK3_CONTROL_APPLIED request=1 value=24
[VM 2] TASK3_PLANT_STATE before=300 after=179 dist=0
[VM 2] TASK2_STATUS_SENT seq=1
[VM 2] TASK2_HEARTBEAT_RECEIVED peer_uptime_ms=278
[VM 1] TASK2_HEARTBEAT_RECEIVED peer_uptime_ms=5040
[VM 1] TASK2_HEARTBEAT_RECEIVED peer_uptime_ms=5270
[VM 1] TASK2_HEARTBEAT_RECEIVED peer_uptime_ms=5500
[VM 1] TASK2_HEARTBEAT_RECEIVED peer_uptime_ms=5720
[VM 1] TASK2_HEARTBEAT_RECEIVED peer_uptime_ms=5950
[VM 1] TASK2_HEARTBEAT_RECEIVED peer_uptime_ms=6310
[VM 1] TASK2_ACK seq=1
[VM 2] TASK2_ACK seq=1
[VM 1] TASK3_STATUS_RECEIVED elapsed_ms=471 request=1 value=179 state=179 sample=1 rtt_ms=456
[VM 1] TASK3_INFER elapsed_ms=471 sample=2 output=236 infer_us=10038
[VM 2] TASK2_CONTROL_RECEIVED seq=2 request=2
[VM 2] TASK3_CONTROL_APPLIED request=2 value=236
[VM 2] TASK3_PLANT_STATE before=179 after=180 dist=0
[VM 2] TASK2_STATUS_SENT seq=2

[Axvisor] detached VM[1] console
Welcome to AxVisor Shell!
Type 'help' to see available commands
Use UP/DOWN arrows to navigate command history
Console shortcuts:
  Ctrl+X, then h  return to the Axvisor shell
  Ctrl+X, then [  attach the previous running guest
  Ctrl+X, then ]  attach the next running guest

[2Kaxvisor:/$ [2Kaxvisor:/$ v[2Kaxvisor:/$ vi[2Kaxvisor:/$ vir[2Kaxvisor:/$ virt[2Kaxvisor:/$ virtn[2Kaxvisor:/$ virtne[2Kaxvisor:/$ virtnet[2Kaxvisor:/$ virtnet [2Kaxvisor:/$ virtnet c[2Kaxvisor:/$ virtnet ca[2Kaxvisor:/$ virtnet cap[2Kaxvisor:/$ virtnet capt[2Kaxvisor:/$ virtnet captu[2Kaxvisor:/$ virtnet captur[2Kaxvisor:/$ virtnet capture[2Kaxvisor:/$ virtnet capture [2Kaxvisor:/$ virtnet capture o[2Kaxvisor:/$ virtnet capture on
virtnet: capture ON
axvisor:/$ 
[Axvisor] attached VM[2] console; use Ctrl+X, then h to return to the shell
TASK2_RETRANSMIT seq=2 attempt=1
TASK2_HEARTBEAT_RECEIVED peer_uptime_ms=1157
TASK2_ACK seq=2
TASK2_CONTROL_RECEIVED seq=3 request=3
TASK3_CONTROL_APPLIED request=3 value=361
TASK3_PLANT_STATE before=180 after=225 dist=0
TASK2_STATUS_SENT seq=3
TASK2_DUPLICATE_ACK seq=2
TASK2_ACK seq=3
TASK2_CONTROL_RECEIVED seq=4 request=4
TASK3_CONTROL_APPLIED request=4 value=381
TASK3_PLANT_STATE before=225 after=258 dist=0
TASK2_STATUS_SENT seq=4
TASK2_ACK seq=4
TASK2_CONTROL_RECEIVED seq=5 request=5
TASK3_CONTROL_APPLIED request=5 value=391
TASK3_PLANT_STATE before=258 after=282 dist=0
TASK2_STATUS_SENT seq=5
TASK2_ACK seq=5
TASK2_CONTROL_RECEIVED seq=6 request=6
TASK3_CONTROL_APPLIED request=6 value=378
TASK3_PLANT_STATE before=282 after=291 dist=0
TASK2_STATUS_SENT seq=6
TASK2_ACK seq=6
TASK2_CONTROL_RECEIVED seq=7 request=7
TASK3_CONTROL_APPLIED request=7 value=377
TASK3_PLANT_STATE before=291 after=296 dist=0
TASK2_STATUS_SENT seq=7
TASK2_ACK seq=7
TASK2_CONTROL_RECEIVED seq=8 request=8
TASK3_CONTROL_APPLIED request=8 value=379
TASK3_PLANT_STATE before=296 after=300 dist=0
TASK2_STATUS_SENT seq=8
TASK2_ACK seq=8
TASK2_CONTROL_RECEIVED seq=9 request=9
TASK3_CONTROL_APPLIED request=9 value=373
TASK3_PLANT_STATE before=300 after=300 dist=0
TASK2_STATUS_SENT seq=9
TASK2_ACK seq=9

[Axvisor] attached VM[1] console; use Ctrl+X, then h to return to the shell
TASK3_CONTROL_SENT elapsed_ms=471 request=2 value=236 target=300 state=179 seq=2
TASK2_ACK seq=2
TASK3_STATUS_RECEIVED elapsed_ms=1172 request=2 value=180 state=180 sample=2 rtt_ms=701
TASK3_INFER elapsed_ms=1172 sample=3 output=361 infer_us=9281
TASK3_CONTROL_SENT elapsed_ms=1172 request=3 value=361 target=300 state=180 seq=3
TASK2_DUPLICATE seq=2
TASK2_HEARTBEAT_RECEIVED peer_uptime_ms=7160
TASK2_ACK seq=3
TASK3_STATUS_RECEIVED elapsed_ms=1300 request=3 value=225 state=225 sample=3 rtt_ms=128
TASK3_INFER elapsed_ms=1300 sample=4 output=381 infer_us=12364
TASK3_CONTROL_SENT elapsed_ms=1300 request=4 value=381 target=300 state=225 seq=4
TASK2_ACK seq=4
TASK3_STATUS_RECEIVED elapsed_ms=1391 request=4 value=258 state=258 sample=4 rtt_ms=91
TASK3_INFER elapsed_ms=1391 sample=5 output=391 infer_us=9200
TASK3_CONTROL_SENT elapsed_ms=1391 request=5 value=391 target=300 state=258 seq=5
TASK2_ACK seq=5
TASK3_STATUS_RECEIVED elapsed_ms=1495 request=5 value=282 state=282 sample=5 rtt_ms=104
TASK3_INFER elapsed_ms=1495 sample=6 output=378 infer_us=8371
TASK3_CONTROL_SENT elapsed_ms=1495 request=6 value=378 target=300 state=282 seq=6
TASK2_ACK seq=6
TASK3_STATUS_RECEIVED elapsed_ms=1586 request=6 value=291 state=291 sample=6 rtt_ms=91
TASK3_INFER elapsed_ms=1586 sample=7 output=377 infer_us=8652
TASK3_CONTROL_SENT elapsed_ms=1586 request=7 value=377 target=300 state=291 seq=7
TASK2_ACK seq=7
TASK3_STATUS_RECEIVED elapsed_ms=1691 request=7 value=296 state=296 sample=7 rtt_ms=105
TASK3_INFER elapsed_ms=1691 sample=8 output=379 infer_us=8893
TASK3_CONTROL_SENT elapsed_ms=1691 request=8 value=379 target=300 state=296 seq=8
TASK2_ACK seq=8
TASK3_STATUS_RECEIVED elapsed_ms=1785 request=8 value=300 state=300 sample=8 rtt_ms=94
TASK3_INFER elapsed_ms=1785 sample=9 output=373 infer_us=8437
TASK3_CONTROL_SENT elapsed_ms=1785 request=9 value=373 target=300 state=300 seq=9
TASK2_ACK seq=9
TASK3_STATUS_RECEIVED elapsed_ms=1885 request=9 value=300 state=300 sample=9 rtt_ms=100
TASK3_INFER elapsed_ms=1885 sample=10 output=374 infer_us=9075
TASK3_CONTROL_SENT elapsed_ms=1885 request=10 value=374 target=300 state=300 seq=10
TASK2_ACK seq=10
TASK3_STATUS_RECEIVED elapsed_ms=1985 request=10 value=300 state=300 sample=10 rtt_ms=100
TASK3_INFER elapsed_ms=1985 sample=11 output=373 infer_us=9197
TASK3_CONTROL_SENT elapsed_ms=1985 request=11 value=373 target=300 state=300 seq=11
TASK2_ACK seq=11
TASK3_STATUS_RECEIVED elapsed_ms=2095 request=11 value=450 state=450 sample=11 rtt_ms=110
TASK3_INFER elapsed_ms=2095 sample=12 output=0 infer_us=8725
TASK3_CONTROL_SENT elapsed_ms=2095 request=12 value=0 target=300 state=450 seq=12
TASK

[Axvisor] attached VM[2] console; use Ctrl+X, then h to return to the shell
TASK2_CONTROL_RECEIVED seq=10 request=10
TASK3_CONTROL_APPLIED request=10 value=374
TASK3_PLANT_STATE before=300 after=300 dist=0
TASK2_STATUS_SENT seq=10
TASK2_ACK seq=10
TASK3_DISTURBANCE change=150 at_ms=8060
TASK2_CONTROL_RECEIVED seq=11 request=11
TASK3_CONTROL_APPLIED request=11 value=373
TASK3_PLANT_STATE before=300 after=450 dist=150
TASK2_STATUS_SENT seq=11
TASK2_ACK seq=11
TASK2_CONTROL_RECEIVED seq=12 request=12
TASK3_CONTROL_APPLIED request=12 value=0
TASK3_PLANT_STATE before=450 after=404 dist=150
TASK2_STATUS_SENT seq=12
TASK2_ACK seq=12
TASK2_CONTROL_RECEIVED seq=13 request=13
TASK3_CONTROL_APPLIED request=13 value=85
TASK3_PLANT_STATE before=404 after=409 dist=150
TASK2_STATUS_SENT seq=13
TASK2_ACK seq=13
TASK2_CONTROL_RECEIVED seq=14 request=14
TASK3_CONTROL_APPLIED request=14 value=0
TASK3_PLANT_STATE before=409 after=381 dist=150
TASK2_STATUS_SENT seq=14
TASK2_ACK seq=14
TASK2_CONTROL_RECEIVED seq=15 request=15
TASK3_CONTROL_APPLIED req

[Axvisor] attached VM[1] console; use Ctrl+X, then h to return to the shell
2_ACK seq=12
TASK3_STATUS_RECEIVED elapsed_ms=2191 request=12 value=404 state=404 sample=12 rtt_ms=96
TASK3_INFER elapsed_ms=2191 sample=13 output=85 infer_us=9111
TASK3_CONTROL_SENT elapsed_ms=2191 request=13 value=85 target=300 state=404 seq=13
TASK2_ACK seq=13
TASK3_STATUS_RECEIVED elapsed_ms=2286 request=13 value=409 state=409 sample=13 rtt_ms=95
TASK3_INFER elapsed_ms=2286 sample=14 output=0 infer_us=9165
TASK3_CONTROL_SENT elapsed_ms=2286 request=14 value=0 target=300 state=409 seq=14
TASK2_ACK seq=14
TASK3_STATUS_RECEIVED elapsed_ms=2395 request=14 value=381 state=381 sample=14 rtt_ms=109
TASK3_INFER elapsed_ms=2395 sample=15 output=9 infer_us=9535
TASK3_CONTROL_SENT elapsed_ms=2395 request=15 value=9 target=300 state=381 seq=15
TASK2_ACK seq=15
TASK3_STATUS_RECEIVED elapsed_ms=2488 request=15 value=369 state=369 sample=15 rtt_ms=93
TASK3_INFER elapsed_ms=2488 sample=16 output=0 infer_us=9177
TASK3_CONTROL_SENT elapsed_ms=2488 request=16 value=0 target=300 state=369 seq=16
TASK2_ACK seq=16
TASK3_STATUS_RECEIVED elapsed_ms=2594 request=16 value=359 state=359 sample=16 rtt_ms=106
TASK3_INFER elapsed_ms=2594 sample=17 output=2 infer_us=10647
TASK3_CONTROL_SENT elapsed_ms=2594 request=17 value=2 target=300 state=359 seq=17
TASK2_ACK seq=17
TASK3_STATUS_RECEIVED elapsed_ms=2693 request=17 value=355 state=355 sample=17 rtt_ms=99
TASK3_INFER elapsed_ms=2693 sample=18 output=2 infer_us=8771
TASK3_CONTROL_SENT elapsed_ms=2693 request=18 value=2 target=300 state=355 seq=18
TASK2_ACK seq=18
TASK3_STATUS_RECEIVED elapsed_ms=2792 request=18 value=352 state=352 sample=18 rtt_ms=99
TASK3_INFER elapsed_ms=2792 sample=19 output=4 infer_us=8665
TASK3_CONTROL_SENT elapsed_ms=2792 request=19 value=4 target=300 state=352 seq=19
TASK2_ACK seq=19
TASK3_STATUS_RECEIVED elapsed_ms=2888 request=19 value=352 state=352 sample=19 rtt_ms=96
TASK3_INFER elapsed_ms=2888 sample=20 output=4 infer_us=9194
TASK3_CONTROL_SENT elapsed_ms=2888 request=20 value=4 target=300 state=352 seq=20
TASK2_ACK seq=20
TASK3_STATUS_RECEIVED elapsed_ms=2982 request=20 value=352 state=352 sample=20 rtt_ms=94
TASK3_INFER elapsed_ms=2982 sample=21 output=4 infer_us=9942
TASK3_CONTROL_SENT elapsed_ms=2982 request=21 value=4 target=300 state=352 seq=21
TASK2_ACK seq=21
TASK3_STATUS_RECEIVED elapsed_ms=3084 request=21 value=352 state=352 sample=21 rtt_ms=102
TASK3_INFER elapsed_ms=3084 sample=22 output=4 infer_us=9274
TASK3_CONTROL_SENT elapsed_ms=3084 request=22 value=4 target=300 state=352 seq=22
TASK2_HEARTBEAT_RECEIVED peer_uptime_ms=9300
TASK2_ACK seq=22
TASK3_STATUS_RECEIVED elapsed_ms=3399 request=22 value=352 state=352 sample=22 rtt_ms=315
TASK3_INFER elapsed_ms=3399 sample=23 output=4 infer_us=8386
TASK3_CONTROL_SENT elapsed_ms=3399 request=23 value=4 target=300 state=352 seq=23
TASK2_ACK seq=23
TASK3_STATUS_RECEIVED elapsed_ms=3502 request=23 value=352 state=352 sample=23 rtt_ms=103
TASK3_INFER elapsed_ms=3502 sample=24 output=4 infer_us=9616
TASK3_CONTROL_SENT elapsed_ms=3502 request=24 value=4 target=300 state=352 seq=24
TASK2_ACK seq=24
TASK3_STATUS_RECEIVED elapsed_ms=3604 request=24 value=352 state=352 sample=24 rtt_ms=102
TASK3_INFER elapsed_ms=3604 sample=25 output=4 infer_us=8765
TASK3_CONTROL_SENT elapsed_ms=3604 request=25 value=4 target=300 state=352 seq=25
TASK2_ACK seq=25
TASK3_STATUS_RECEIVED elapsed_ms=3901 request=25 value=352 state=352 sample=25 rtt_ms=297
TASK3_INFER elapsed_ms=3901 sample=26 output=4 infer_us=9374
TASK3_CONTROL_SENT elapsed_ms=3901 request=26 value=4 target=300 state=352 seq=26
TASK2_ACK seq=26
TASK3_STATUS_RECEIVED elapsed_ms=4004 request=26 value=352 state=352 sample=26 rtt_ms=103
TASK3_INFER elapsed_ms=4004 sample=27 output=4 infer_us=12786
TASK3_CONTROL_SENT elapsed_ms=4004 request=27 value=4 target=300 state=352 seq=27
TASK2_ACK seq=27
TASK3_STATUS_RECEIVED elapsed_ms=4101 request=27 value=352 state=352 sample=27 rtt_ms=97
TASK3_INFER elapsed_ms=4101 sample=28 output=4 infer_us=8784
TASK3_CONTROL_SENT elapsed_ms=4101 request=28 value=4 target=300 state=352 seq=28
TASK2_ACK seq=28
TASK3_STATUS_RECEIVED elapsed_ms=4193 request=28 value=352 state=352 sample=28 rtt_ms=92
TASK3_INFER elapsed_ms=4193 sample=29 output=4 infer_us=9165
TASK3_CONTROL_SENT elapsed_ms=4193 request=29 value=4 target=300 state=352 seq=29
TASK2_HEARTBEAT_RECEIVED peer_uptime_ms=10420
TASK2_ACK seq=29
TASK3_STATUS_RECEIVED elapsed_ms=4534 request=29 value=352 state=352 sample=29 rtt_ms=341
TASK3_INFER elapsed_ms=4534 sample=30 output=4 infer_us=9707
TASK3_CONTROL_SENT elapsed_ms=4534 request=30 value=4 target=300 state=352 seq=30
TASK2_ACK seq=30
TASK3_STATUS_RECEIVED elapsed_ms=4635 request=30 value=352 state=352 sample=30 rtt_ms=101
TASK3_INFER elapsed_ms=4635 sample=31 output=4 infer_us=9149
TASK3_CONTROL_SENT elapsed_ms=4635 request=31 value=4 target=300 state=352 seq=31
TASK2_ACK seq=31
TASK3_STATUS_RECEIVED elapsed_ms=4734 request=31 value=352 state=352 sample=31 rtt_ms=99
TASK3_INFER elapsed_ms=4734 sample=32 output=4 infer_us=9562
TASK3_CONTROL_SENT elapsed_ms=4734 request=32 value=4 target=300 state=352 seq=32
TASK2_HEARTBEAT_RECEIVED peer_uptime_ms=10970
TASK2_ACK seq=32
TASK3_STATUS_RECEIVED elapsed_ms=5068 request=32 value=352 state=352 sample=32 rtt_ms=334
TASK3_INFER elapsed_ms=5068 sample=33 output=640 infer_us=8990
TASK3_CONTROL_SENT elapsed_ms=5068 request=33 value=640 target=800 state=352 seq=33
TASK2_ACK seq=33
TASK3_STATUS_RECEIVED elapsed_ms=5167 request=33 value=573 state=573 sample=33 rtt_ms=99
TASK3_INFER elapsed_ms=5167 sample=34 output=645 infer_us=9300
TASK3_CONTROL_SENT elapsed_ms=5167 request=34 value=645 target=800 state=573 seq=34
TASK2_ACK seq=34
TASK3_STATUS_RECEIVED elapsed_ms=5277 request=34 value=694 state=694 sample=34 rtt_ms=110
TASK3_INFER elapsed_ms=5277 sample=35 output=631 infer_us=13031
TASK3_CONTROL_SENT elapsed_ms=5277 request=35 value=631 target=800 state=694 seq=35
TASK2_ACK seq=35
TASK3_STATUS_RECEIVED elapsed_ms=5569 request=35 value=750 state=750 sample=35 rtt_ms=292
TASK3_INFER elapsed_ms=5569 sample=36 output=677 infer_us=13263
TASK3_CONTROL_SENT elapsed_ms=5569 request=36 value=677 target=800 state=750 seq=36
TASK2_ACK seq=36
TASK3_STATUS_RECEIVED elapsed_ms=5666 request=36 value=793 state=793 sample=36 rtt_ms=97
TASK3_INFER elapsed_ms=5666 sample=37 output=627 infer_us=9922
TASK3_CONTROL_SENT elapsed_ms=5666 request=37 value=627 target=800 state=793 seq=37
TASK2_ACK seq=37
TASK3_STATUS_RECEIVED elapsed_ms=5768 request=37 value=795 state=795 sample=37 rtt_ms=102
TASK3_INFER elapsed_ms=5768 sample=38 output=649 infer_us=11907
TASK3_CONTROL_SENT elapsed_ms=5768 request=38 value=649 target=800 state=795 seq=38
TASK2_ACK seq=38
TASK3_STATUS_RECEIVED elapsed_ms=5873 request=38 value=804 state=804 sample=38 rtt_ms=105
TASK3_INFER elapsed_ms=5873 sample=39 output=646 infer_us=10240
TASK3_CONTROL_SENT elapsed_ms=5873 request=39 value=646 target=800 state=804 seq=39
TASK2_HEARTBEAT_RECEIVED peer_uptime_ms=12090
TASK2_ACK seq=39
TASK3_STATUS_RECEIVED elapsed_ms=6185 request=39 value=807 state=807 sample=39 rtt_ms=312
TASK3_INFER elapsed_ms=6185 sample=40 output=647 infer_us=10320
TASK3_CONTROL_SENT elapsed_ms=6185 request=40 value=647 target=800 state=807 seq=40
TASK2_ACK seq=40
TASK3_STATUS_RECEIVED elapsed_ms=6297 request=40 value=808 state=808 sample=40 rtt_ms=112
TASK3_INFER elapsed_ms=6297 sample=41 output=649 infer_us=10604
TASK3_CONTROL_SENT elapsed_ms=6297 request=41 value=649 target=800 state=808 seq=41
TASK2_ACK seq=41
TASK3_STATUS_RECEIVED elapsed_ms=6396 request=41 value=810 state=810 sample=41 rtt_ms=99
TASK3_INFER elapsed_ms=6396 sample=42 output=648 infer_us=9996
TASK3_CONTROL_SENT elapsed_ms=6396 request=42 value=648 target=800 state=810 seq=42
TASK2_HEARTBEAT_RECEIVED peer_uptime_ms=12630
TASK2_ACK seq=42
TASK3_STATUS_RECEIVED elapsed_ms=6721 request=42 value=811 state=811 sample=42 rtt_ms=325
TASK3_INFER elapsed_ms=6721 sample=43 output=649 infer_us=13821
TASK3_CONTROL_SENT elapsed_ms=6721 request=43 value=649 target=800 state=811 seq=43
TASK2_ACK seq=43
TASK3_STATUS_RECEIVED elapsed_ms=6819 request=43 value=812 state=812 sample=43 rtt_ms=98
TASK3_INFER elapsed_ms=6819 sample=44 output=648 infer_us=9293
TASK3_CONTROL_SENT elapsed_ms=6819 request=44 value=648 target=800 state=812 seq=44
TASK2_ACK seq=44
TASK3_STATUS_RECEIVED elapsed_ms=6916 request=44 value=811 state=811 sample=44 rtt_ms=97
TASK3_INFER elapsed_ms=6916 sample=45 output=650 infer_us=10677
TASK3_CONTROL_SENT elapsed_ms=6916 request=45 value=650 target=800 state=811 seq=45
TASK2_ACK seq=45
TASK3_STATUS_RECEIVED elapsed_ms=7243 request=45 value=812 state=812 sample=45 rtt_ms=327
TASK3_INFER elapsed_ms=7243 sample=46 output=649 infer_us=10257
TASK3_CONTROL_SENT elapsed_ms=7243 request=46 value=649 target=800 state=812 seq=46
TASK2_ACK seq=46
TASK3_STATUS_RECEIVED elapsed_ms=7348 request=46 value=811 state=811 sample=46 rtt_ms=105
TASK3_INFER elapsed_ms=7348 sample=47 output=651 infer_us=11339
TASK3_CONTROL_SENT elapsed_ms=7348 request=47 value=651 target=800 state=811 seq=47
TASK2_ACK seq=47
TASK3_STATUS_RECEIVED elapsed_ms=7461 request=47 value=812 state=812 sample=47 rtt_ms=113
TASK3_INFER elapsed_ms=7461 sample=48 output=650 infer_us=10115
TASK3_CONTROL_SENT elapsed_ms=7461 request=48 value=650 target=800 state=812 seq=48
TASK2_ACK seq=48
TASK3_STATUS_RECEIVED elapsed_ms=7750 request=48 value=812 state=812 sample=48 rtt_ms=289
TASK3_INFER elapsed_ms=7750 sample=49 output=651 infer_us=10866
TASK3_CONTROL_SENT elapsed_ms=7750 request=49 value=651 target=800 state=812 seq=49
TASK2_ACK seq=49
TASK3_STATUS_RECEIVED elapsed_ms=7870 request=49 value=812 state=812 sample=49 rtt_ms=120
TASK3_INFER elapsed_ms=7870 sample=50 output=651 infer_us=13614
TASK3_CONTROL_SENT elapsed_ms=7870 request=50 value=651 target=800 state=812 seq=50
TASK2_ACK seq=50
TASK3_STATUS_RECEIVED elapsed_ms=7981 request=50 value=812 state=812 sample=50 rtt_ms=111
TASK3_INFER elapsed_ms=7981 sample=51 output=651 infer_us=9027
TASK3_CONTROL_SENT elapsed_ms=7981 request=51 value=651 target=800 state=812 seq=51
TASK2_ACK seq=51
TASK3_STATUS_RECEIVED elapsed_ms=8079 request=51 value=812 state=812 sample=51 rtt_ms=98
TASK3_INFER elapsed_ms=8079 sample=52 output=652 infer_us=11618
TASK3_CONTROL_SENT elapsed_ms=8079 request=52 value=652 target=800 state=812 seq=52
TASK2_HEARTBEAT_RECEIVED peer_uptime_ms=14290
TASK2_ACK seq=52
TASK3_STATUS_RECEIVED elapsed_ms=8381 request=52 value=812 state=812 sample=52 rtt_ms=302
TASK3_INFER elapsed_ms=8381 sample=53 output=652 infer_us=13676
TASK3_CONTROL_SENT elapsed_ms=8381 request=53 value=652 target=800 state=812 seq=53
TASK2_ACK seq=53
TASK3_STATUS_RECEIVED elapsed_ms=8495 request=53 value=812 state=812 sample=53 rtt_ms=114
TASK3_INFER elapsed_ms=8495 sample=54 output=652 infer_us=9487
TASK3_CONTROL_SENT elapsed_ms=8495 request=54 value=652 target=800 state=812 seq=54
TASK2_ACK seq=54
TASK3_STATUS_RECEIVED elapsed_ms=8593 request=54 value=812 state=812 sample=54 rtt_ms=98
TASK3_INFER elapsed_ms=8593 sample=55 output=652 infer_us=9610
TASK3_CONTROL_SENT elapsed_ms=8593 request=55 value=652 target=800 state=812 seq=55
TASK2_HEARTBEAT_RECEIVED peer_uptime_ms=14830
TASK2_ACK seq=55
TASK3_STATUS_RECEIVED elapsed_ms=8920 request=55 value=812 state=812 sample=55 rtt_ms=327
TASK3_INFER elapsed_ms=8920 sample=56 output=653 infer_us=9132
TASK3_CONTROL_SENT elapsed_ms=8920 request=56 value=653 target=800 state=812 seq=56
TASK2_ACK seq=56
TASK3_STATUS_RECEIVED elapsed_ms=9017 request=56 value=813 state=813 sample=56 rtt_ms=97
TASK3_INFER elapsed_ms=9017 sample=57 output=651 infer_us=9367
TASK3_CONTROL_SENT elapsed_ms=9017 request=57 value=651 target=800 state=813 seq=57
TASK2_ACK seq=57
TASK3_STATUS_RECEIVED elapsed_ms=9125 request=57 value=813 state=813 sample=57 rtt_ms=108
TASK3_INFER elapsed_ms=9125 sample=58 output=651 infer_us=11889
TASK3_CONTROL_SENT elapsed_ms=9125 request=58 value=651 target=800 state=813 seq=58
TASK2_ACK seq=58
TASK3_STATUS_RECEIVED elapsed_ms=9414 request=58 value=813 state=813 sample=58 rtt_ms=289
TASK3_INFER elapsed_ms=9414 sample=59 output=651 infer_us=9803
TASK3_CONTROL_SENT elapsed_ms=9414 request=59 value=651 target=800 state=813 seq=59
TASK2_ACK seq=59
TASK3_STATUS_RECEIVED elapsed_ms=9520 request=59 value=813 state=813 sample=59 rtt_ms=106
TASK3_INFER elapsed_ms=9520 sample=60 output=651 infer_us=13160
TASK3_CONTROL_SENT elapsed_ms=9520 request=60 value=651 target=800 state=813 seq=60
TASK2_ACK seq=60
TASK3_STATUS_RECEIVED elapsed_ms=9629 request=60 value=813 state=813 sample=60 rtt_ms=109
TASK3_INFER elapsed_ms=9629 sample=61 output=650 infer_us=10339
TASK3_CONTROL_SENT elapsed_ms=9629 request=61 value=650 target=800 state=813 seq=61
TASK2_ACK seq=61
TASK3_STATUS_RECEIVED elapsed_ms=9729 request=61 value=812 state=812 sample=61 rtt_ms=100
TASK3_INFER elapsed_ms=9729 sample=62 output=649 infer_us=9649
TASK3_CONTROL_SENT elapsed_ms=9729 request=62 value=649 target=800 state=812 seq=62
TASK2_HEARTBEAT_RECEIVED peer_uptime_ms=15950
TASK2_ACK seq=62
TASK3_STATUS_RECEIVED elapsed_ms=10045 request=62 value=811 state=811 sample=62 rtt_ms=316
TASK3_INFER elapsed_ms=10045 sample=63 output=646 infer_us=9731
TASK3_CONTROL_SENT elapsed_ms=10045 request=63 value=646 target=800 state=811 seq=63
TASK2_ACK seq=63
TASK3_STATUS_RECEIVED elapsed_ms=10140 request=63 value=811 state=811 sample=63 rtt_ms=95
TASK3_INFER elapsed_ms=10140 sample=64 output=648 infer_us=9824
TASK3_CONTROL_SENT elapsed_ms=10140 request=64 value=648 target=800 state=811 seq=64
TASK2_ACK seq=64
TASK3_STATUS_RECEIVED elapsed_ms=10249 request=64 value=811 state=811 sample=64 rtt_ms=109
TASK3_INFER elapsed_ms=10249 sample=65 output=649 infer_us=12139
TASK3_CONTROL_SENT elapsed_ms=10249 request=65 value=649 target=800 state=811 seq=65
TASK2_ACK seq=65
TASK3_STATUS_RECEIVED elapsed_ms=10547 request=65 value=812 state=812 sample=65 rtt_ms=298
TASK3_INFER elapsed_ms=10547 sample=66 output=646 infer_us=10101
TASK3_CONTROL_SENT elapsed_ms=10547 request=66 value=646 target=800 state=812 seq=66
TASK2_ACK seq=66
TASK3_STATUS_RECEIVED elapsed_ms=10643 request=66 value=810 state=810 sample=66 rtt_ms=96
TASK3_INFER elapsed_ms=10643 sample=67 output=647 infer_us=9107
TASK3_CONTROL_SENT elapsed_ms=10643 request=67 value=647 target=800 state=810 seq=67
TASK2_ACK seq=67
TASK3_STATUS_RECEIVED elapsed_ms=10745 request=67 value=810 state=810 sample=67 rtt_ms=102
TASK3_INFER elapsed_ms=10745 sample=68 output=646 infer_us=8609
TASK3_CONTROL_SENT elapsed_ms=10745 request=68 value=646 target=800 state=810 seq=68
TASK2_ACK seq=68
TASK3_STATUS_RECEIVED elapsed_ms=10839 request=68 value=810 state=810 sample=68 rtt_ms=94
TASK3_INFER elapsed_ms=10839 sample=69 output=644 infer_us=9321
TASK3_CONTROL_SENT elapsed_ms=10839 request=69 value=644 target=800 state=810 seq=69
TASK2_HEARTBEAT_RECEIVED peer_uptime_ms=17060
TASK2_ACK seq=69
TASK3_STATUS_RECEIVED elapsed_ms=11181 request=69 value=659 state=659 sample=69 rtt_ms=342
TASK3_INFER elapsed_ms=11181 sample=70 output=871 infer_us=13785
TASK3_CONTROL_SENT elapsed_ms=11181 request=70 value=871 target=800 state=659 seq=70
TASK2_ACK seq=70
TASK3_STATUS_RECEIVED elapsed_ms=11280 request=70 value=666 state=666 sample=70 rtt_ms=99
TASK3_INFER elapsed_ms=11280 sample=71 output=1000 infer_us=9542
TASK3_CONTROL_SENT elapsed_ms=11280 request=71 value=1000 target=800 state=666 seq=71
TASK2_ACK seq=71
TASK3_STATUS_RECEIVED elapsed_ms=11395 request=71 value=714 state=714 sample=71 rtt_ms=115
TASK3_INFER elapsed_ms=11395 sample=72 output=1000 infer_us=9361
TASK3_CONTROL_SENT elapsed_ms=11395 request=72 value=1000 target=800 state=714 seq=72
TASK2_HEARTBEAT_RECEIVED peer_uptime_ms=17610
TASK2_ACK seq=72
TASK3_STATUS_RECEIVED elapsed_ms=11715 request=72 value=738 state=738 sample=72 rtt_ms=320
TASK3_INFER elapsed_ms=11715 sample=73 output=1000 infer_us=9811
TASK3_CONTROL_SENT elapsed_ms=11715 request=73 value=1000 target=800 state=738 seq=73
TASK2_ACK seq=73
TASK3_STATUS_RECEIVED elapsed_ms=11827 request=73 value=749 state=749 sample=73 rtt_ms=112
TASK3_INFER elapsed_ms=11827 sample=74 output=1000 infer_us=9421
TASK3_CONTROL_SENT elapsed_ms=11827 request=74 value=1000 target=800 state=749 seq=74
TASK2_ACK seq=74
TASK3_STATUS_RECEIVED elapsed_ms=11932 request=74 value=754 state=754 sample=74 rtt_ms=105
TASK3_INFER elapsed_ms=11932 sample=75 output=1000 infer_us=9695
TASK3_CONTROL_SENT elapsed_ms=11932 request=75 value=1000 target=800 state=754 seq=75
TASK2_HEARTBEAT_RECEIVED peer_uptime_ms=18140
TASK2_ACK seq=75
TASK3_STATUS_RECEIVED elapsed_ms=12263 request=75 value=757 state=757 sample=75 rtt_ms=331
TASK3_INFER elapsed_ms=12263 sample=76 output=1000 infer_us=9331
TASK3_CONTROL_SENT elapsed_ms=12263 request=76 value=1000 target=800 state=757 seq=76
TASK2_ACK seq=76
TASK3_STATUS_RECEIVED elapsed_ms=12377 request=76 value=759 state=759 sample=76 rtt_ms=114
TASK3_INFER elapsed_ms=12377 sample=77 output=999 infer_us=10395
TASK3_CONTROL_SENT elapsed_ms=12377 request=77 value=999 target=800 state=759 seq=77
TASK2_ACK seq=77
TASK3_STATUS_RECEIVED elapsed_ms=12489 request=77 value=759 state=759 sample=77 rtt_ms=112
TASK3_INFER elapsed_ms=12489 sample=78 output=998 infer_us=10302
TASK3_CONTROL_SENT elapsed_ms=12489 request=78 value=998 target=800 state=759 seq=78
TASK2_HEARTBEAT_RECEIVED peer_uptime_ms=18710
TASK2_ACK seq=78
TASK3_STATUS_RECEIVED elapsed_ms=12799 request=78 value=758 state=758 sample=78 rtt_ms=310
TASK3_INFER elapsed_ms=12799 sample=79 output=997 infer_us=15092
TASK3_CONTROL_SENT elapsed_ms=12799 request=79 value=997 target=800 state=758 seq=79
TASK2_ACK seq=79
TASK3_STATUS_RECEIVED elapsed_ms=12912 request=79 value=758 state=758 sample=79 rtt_ms=113
TASK3_INFER elapsed_ms=12912 sample=80 output=997 infer_us=10472
TASK3_CONTROL_SENT elapsed_ms=12912 request=80 value=997 target=800 state=758 seq=80
TASK2_ACK seq=80
TASK3_STATUS_RECEIVED elapsed_ms=13012 request=80 value=758 state=758 sample=80 rtt_ms=100
TASK3_INFER elapsed_ms=13012 sample=81 output=997 infer_us=12745
TASK3_CONTROL_SENT elapsed_ms=13012 request=81 value=997 target=800 state=758 seq=81
TASK2_ACK seq=81
TASK3_STATUS_RECEIVED elapsed_ms=13303 request=81 value=758 state=758 sample=81 rtt_ms=291
TASK3_INFER elapsed_ms=13303 sample=82 output=997 infer_us=10645
TASK3_CONTROL_SENT elapsed_ms=13303 request=82 value=997 target=800 state=758 seq=82
TASK2_ACK seq=82
TASK3_STATUS_RECEIVED elapsed_ms=13411 request=82 value=758 state=758 sample=82 rtt_ms=108
TASK3_INFER elapsed_ms=13411 sample=83 output=997 infer_us=9820
TASK3_CONTROL_SENT elapsed_ms=13411 request=83 value=997 target=800 state=758 seq=83
TASK2_ACK seq=83
TASK3_STATUS_RECEIVED elapsed_ms=13515 request=83 value=758 state=758 sample=83 rtt_ms=104
TASK3_INFER elapsed_ms=13515 sample=84 output=997 infer_us=9104
TASK3_CONTROL_SENT elapsed_ms=13515 request=84 value=997 target=800 state=758 seq=84
TASK2_ACK seq=84
TASK3_STATUS_RECEIVED elapsed_ms=13612 request=84 value=758 state=758 sample=84 rtt_ms=97
TASK3_INFER elapsed_ms=13612 sample=85 output=997 infer_us=9311
TASK3_CONTROL_SENT elapsed_ms=13612 request=85 value=997 target=800 state=758 seq=85
TASK2_HEARTBEAT_RECEIVED peer_uptime_ms=19830
TASK2_ACK seq=85
TASK3_STATUS_RECEIVED elapsed_ms=13925 request=85 value=758 state=758 sample=85 rtt_ms=313
TASK3_INFER elapsed_ms=13925 sample=86 output=997 infer_us=9947
TASK3_CONTROL_SENT elapsed_ms=13925 request=86 value=997 target=800 state=758 seq=86
TASK2_ACK seq=86
TASK3_STATUS_RECEIVED elapsed_ms=14024 request=86 value=758 state=758 sample=86 rtt_ms=99
TASK3_INFER elapsed_ms=14024 sample=87 output=997 infer_us=9753
TASK3_CONTROL_SENT elapsed_ms=14024 request=87 value=997 target=800 state=758 seq=87
TASK2_ACK seq=87
TASK3_STATUS_RECEIVED elapsed_ms=14137 request=87 value=758 state=758 sample=87 rtt_ms=113
TASK3_INFER elapsed_ms=14137 sample=88 output=997 infer_us=8656
TASK3_CONTROL_SENT elapsed_ms=14137 request=88 value=997 target=800 state=758 seq=88
TASK2_ACK seq=88
TASK3_STATUS_RECEIVED elapsed_ms=14428 request=88 value=758 state=758 sample=88 rtt_ms=291
TASK3_INFER elapsed_ms=14428 sample=89 output=997 infer_us=10779
TASK3_CONTROL_SENT elapsed_ms=14428 request=89 value=997 target=800 state=758 seq=89
TASK2_ACK seq=89
TASK3_STATUS_RECEIVED elapsed_ms=14528 request=89 value=758 state=758 sample=89 rtt_ms=100
TASK3_INFER elapsed_ms=14528 sample=90 output=997 infer_us=12393
TASK3_CONTROL_SENT elapsed_ms=14528 request=90 value=997 target=800 state=758 seq=90
TASK2_ACK seq=90
TASK3_STATUS_RECEIVED elapsed_ms=14637 request=90 value=758 state=758 sample=90 rtt_ms=109
TASK3_INFER elapsed_ms=14637 sample=91 output=997 infer_us=9301
TASK3_CONTROL_SENT elapsed_ms=14637 request=91 value=997 target=800 state=758 seq=91
TASK2_ACK seq=91
TASK3_STATUS_RECEIVED elapsed_ms=14731 request=91 value=758 state=758 sample=91 rtt_ms=94
TASK3_INFER elapsed_ms=14731 sample=92 output=996 infer_us=9893
TASK3_CONTROL_SENT elapsed_ms=14731 request=92 value=996 target=800 state=758 seq=92
TASK2_HEARTBEAT_RECEIVED peer_uptime_ms=20960
TASK2_ACK seq=92
TASK3_STATUS_RECEIVED elapsed_ms=15055 request=92 value=758 state=758 sample=92 rtt_ms=324
TASK3_INFER elapsed_ms=15055 sample=93 output=642 infer_us=12843
TASK3_CONTROL_SENT elapsed_ms=15055 request=93 value=642 target=500 state=758 seq=93
TASK2_ACK seq=93
TASK3_STATUS_RECEIVED elapsed_ms=15159 request=93 value=635 state=635 sample=93 rtt_ms=104
TASK3_INFER elapsed_ms=15159 sample=94 output=797 infer_us=9942
TASK3_CONTROL_SENT elapsed_ms=15159 request=94 value=797 target=500 state=635 seq=94
TASK2_ACK seq=94
TASK3_STATUS_RECEIVED elapsed_ms=15256 request=94 value=628 state=628 sample=94 rtt_ms=97
TASK3_INFER elapsed_ms=15256 sample=95 output=666 infer_us=8440
TASK3_CONTROL_SENT elapsed_ms=15256 request=95 value=666 target=500 state=628 seq=95
TASK2_ACK seq=95
TASK3_STATUS_RECEIVED elapsed_ms=15551 request=95 value=579 state=579 sample=95 rtt_ms=295
TASK3_INFER elapsed_ms=15551 sample=96 output=712 infer_us=9311
TASK3_CONTROL_SENT elapsed_ms=15551 request=96 value=712 target=500 state=579 seq=96
TASK2_ACK seq=96
TASK3_STATUS_RECEIVED elapsed_ms=15649 request=96 value=570 state=570 sample=96 rtt_ms=98
TASK3_INFER elapsed_ms=15649 sample=97 output=673 infer_us=9144
TASK3_CONTROL_SENT elapsed_ms=15649 request=97 value=673 target=500 state=570 seq=97
TASK2_ACK seq=97
TASK3_STATUS_RECEIVED elapsed_ms=15748 request=97 value=553 state=553 sample=97 rtt_ms=99
TASK3_INFER elapsed_ms=15748 sample=98 output=670 infer_us=8949
TASK3_CONTROL_SENT elapsed_ms=15748 request=98 value=670 target=500 state=553 seq=98
TASK2_ACK seq=98
TASK3_STATUS_RECEIVED elapsed_ms=15852 request=98 value=542 state=542 sample=98 rtt_ms=104
TASK3_INFER elapsed_ms=15852 sample=99 output=656 infer_us=9601
TASK3_CONTROL_SENT elapsed_ms=15852 request=99 value=656 target=500 state=542 seq=99
TASK2_HEARTBEAT_RECEIVED peer_uptime_ms=22060
TASK2_ACK seq=99
TASK3_STATUS_RECEIVED elapsed_ms=16153 request=99 value=531 state=531 sample=99 rtt_ms=301
TASK3_INFER elapsed_ms=16153 sample=100 output=651 infer_us=9038
TASK3_CONTROL_SENT elapsed_ms=16153 request=100 value=651 target=500 state=531 seq=100
TASK2_ACK seq=100
TASK3_STATUS_RECEIVED elapsed_ms=16250 request=100 value=525 state=525 sample=100 rtt_ms=97
TASK3_INFER elapsed_ms=16250 sample=101 output=643 infer_us=8298
TASK3_CONTROL_SENT elapsed_ms=16250 request=101 value=643 target=500 state=525 seq=101
TASK2_ACK seq=101
TASK3_STATUS_RECEIVED elapsed_ms=16345 request=101 value=518 state=518 sample=101 rtt_ms=95
TASK3_INFER elapsed_ms=16345 sample=102 output=642 infer_us=9253
TASK3_CONTROL_SENT elapsed_ms=16345 request=102 value=642 target=500 state=518 seq=102
TASK2_ACK seq=102
TASK3_STATUS_RECEIVED elapsed_ms=16660 request=102 value=514 state=514 sample=102 rtt_ms=315
TASK3_INFER elapsed_ms=16660 sample=103 output=639 infer_us=9019
TASK3_CONTROL_SENT elapsed_ms=16660 request=103 value=639 target=500 state=514 seq=103
TASK2_ACK seq=103
TASK3_STATUS_RECEIVED elapsed_ms=16755 request=103 value=511 state=511 sample=103 rtt_ms=95
TASK3_INFER elapsed_ms=16755 sample=104 output=638 infer_us=8975
TASK3_CONTROL_SENT elapsed_ms=16755 request=104 value=638 target=500 state=511 seq=104
TASK2_ACK seq=104
TASK3_STATUS_RECEIVED elapsed_ms=16860 request=104 value=509 state=509 sample=104 rtt_ms=105
TASK3_INFER elapsed_ms=16860 sample=105 output=637 infer_us=12657
TASK3_CONTROL_SENT elapsed_ms=16860 request=105 value=637 target=500 state=509 seq=105
TASK2_ACK seq=105
TASK3_STATUS_RECEIVED elapsed_ms=17162 request=105 value=507 state=507 sample=105 rtt_ms=302
TASK3_INFER elapsed_ms=17162 sample=106 output=637 infer_us=10146
TASK3_CONTROL_SENT elapsed_ms=17162 request=106 value=637 target=500 state=507 seq=106
TASK2_HEARTBEAT_RECEIVED peer_uptime_ms=23160
TASK2_ACK seq=106
TASK3_STATUS_RECEIVED elapsed_ms=17284 request=106 value=507 state=507 sample=106 rtt_ms=122
TASK3_INFER elapsed_ms=17284 sample=107 output=637 infer_us=9492
TASK3_CONTROL_SENT elapsed_ms=17284 request=107 value=637 target=500 state=507 seq=107
TASK2_ACK seq=107
TASK3_STATUS_RECEIVED elapsed_ms=17397 request=107 value=507 state=507 sample=107 rtt_ms=113
TASK3_INFER elapsed_ms=17397 sample=108 output=636 infer_us=12038
TASK3_CONTROL_SENT elapsed_ms=17397 request=108 value=636 target=500 state=507 seq=108
TASK2_ACK seq=108
TASK3_STATUS_RECEIVED elapsed_ms=17495 request=108 value=507 state=507 sample=108 rtt_ms=98
TASK3_INFER elapsed_ms=17495 sample=109 output=636 infer_us=9968
TASK3_CONTROL_SENT elapsed_ms=17495 request=109 value=636 target=500 state=507 seq=109
TASK2_HEARTBEAT_RECEIVED peer_uptime_ms=23730
TASK2_ACK seq=109
TASK3_STATUS_RECEIVED elapsed_ms=17826 request=109 value=507 state=507 sample=109 rtt_ms=331
TASK3_INFER elapsed_ms=17826 sample=110 output=635 infer_us=9296
TASK3_CONTROL_SENT elapsed_ms=17826 request=110 value=635 target=500 state=507 seq=110
TASK2_ACK seq=110
TASK3_STATUS_RECEIVED elapsed_ms=17928 request=110 value=506 state=506 sample=110 rtt_ms=102
TASK3_INFER elapsed_ms=17928 sample=111 output=636 infer_us=13774
TASK3_CONTROL_SENT elapsed_ms=17928 request=111 value=636 target=500 state=506 seq=111
TASK2_ACK seq=111
TASK3_STATUS_RECEIVED elapsed_ms=18042 request=111 value=506 state=506 sample=111 rtt_ms=114
TASK3_INFER elapsed_ms=18042 sample=112 output=636 infer_us=9141
TASK3_CONTROL_SENT elapsed_ms=18042 request=112 value=636 target=500 state=506 seq=112
TASK2_ACK seq=112
TASK3_STATUS_RECEIVED elapsed_ms=18343 request=112 value=506 state=506 sample=112 rtt_ms=301
TASK3_INFER elapsed_ms=18343 sample=113 output=636 infer_us=12443
TASK3_CONTROL_SENT elapsed_ms=18343 request=113 value=636 target=500 state=506 seq=113
TASK2_ACK seq=113
TASK3_STATUS_RECEIVED elapsed_ms=18445 request=113 value=506 state=506 sample=113 rtt_ms=102
TASK3_INFER elapsed_ms=18445 sample=114 output=636 infer_us=11085
TASK3_CONTROL_SENT elapsed_ms=18445 request=114 value=636 target=500 state=506 seq=114
TASK2_ACK seq=114
TASK3_STATUS_RECEIVED elapsed_ms=18549 request=114 value=506 state=506 sample=114 rtt_ms=104
TASK3_INFER elapsed_ms=18549 sample=115 output=636 infer_us=14043
TASK3_CONTROL_SENT elapsed_ms=18549 request=115 value=636 target=500 state=506 seq=115
TASK2_ACK seq=115
TASK3_STATUS_RECEIVED elapsed_ms=18856 request=115 value=506 state=506 sample=115 rtt_ms=307
TASK3_INFER elapsed_ms=18856 sample=116 output=636 infer_us=9767
TASK3_CONTROL_SENT elapsed_ms=18856 request=116 value=636 target=500 state=506 seq=116
TASK2_HEARTBEAT_RECEIVED peer_uptime_ms=24860
TASK2_ACK seq=116
TASK3_STATUS_RECEIVED elapsed_ms=18977 request=116 value=506 state=506 sample=116 rtt_ms=121
TASK3_INFER elapsed_ms=18977 sample=117 output=636 infer_us=8914
TASK3_CONTROL_SENT elapsed_ms=18977 request=117 value=636 target=500 state=506 seq=117
TASK2_ACK seq=117
TASK3_STATUS_RECEIVED elapsed_ms=19076 request=117 value=506 state=506 sample=117 rtt_ms=99
TASK3_INFER elapsed_ms=19076 sample=118 output=636 infer_us=8623
TASK3_CONTROL_SENT elapsed_ms=19076 request=118 value=636 target=500 state=506 seq=118
TASK2_ACK seq=118
TASK3_STATUS_RECEIVED elapsed_ms=19174 request=118 value=506 state=506 sample=118 rtt_ms=98
TASK3_INFER elapsed_ms=19174 sample=119 output=636 infer_us=9098
TASK3_CONTROL_SENT elapsed_ms=19174 request=119 value=636 target=500 state=506 seq=119
TASK2_HEARTBEAT_RECEIVED peer_uptime_ms=25400
TASK2_ACK seq=119
TASK3_STATUS_RECEIVED elapsed_ms=19497 request=119 value=506 state=506 sample=119 rtt_ms=323
TASK3_INFER elapsed_ms=19497 sample=120 output=636 infer_us=10694
TASK3_CONTROL_SENT elapsed_ms=19497 request=120 value=636 target=500 state=506 seq=120
TASK2_ACK seq=120
TASK3_STATUS_RECEIVED elapsed_ms=19597 request=120 value=506 state=506 sample=120 rtt_ms=100
TASK3_INFER elapsed_ms=19597 sample=121 output=636 infer_us=9689
TASK3_CONTROL_SENT elapsed_ms=19597 request=121 value=636 target=500 state=506 seq=121
TASK2_ACK seq=121
TASK3_STATUS_RECEIVED elapsed_ms=19698 request=121 value=506 state=506 sample=121 rtt_ms=101
TASK3_INFER elapsed_ms=19698 sample=122 output=636 infer_us=8938
TASK3_CONTROL_SENT elapsed_ms=19698 request=122 value=636 target=500 state=506 seq=122
TASK2_ACK seq=122
TASK3_STATUS_RECEIVED elapsed_ms=20013 request=122 value=506 state=506 sample=122 rtt_ms=315
TASK3_INFER elapsed_ms=20013 sample=123 output=636 infer_us=13326
TASK3_CONTROL_SENT elapsed_ms=20013 request=123 value=636 target=500 state=506 seq=123
TASK2_ACK seq=123
TASK3_STATUS_RECEIVED elapsed_ms=20121 request=123 value=506 state=506 sample=123 rtt_ms=108
TASK3_INFER elapsed_ms=20121 sample=124 output=636 infer_us=12701
TASK3_CONTROL_SENT elapsed_ms=20121 request=124 value=636 target=500 state=506 seq=124
TASK2_ACK seq=124
TASK3_STATUS_RECEIVED elapsed_ms=20216 request=124 value=506 state=506 sample=124 rtt_ms=95
TASK3_INFER elapsed_ms=20216 sample=125 output=636 infer_us=9646
TASK3_CONTROL_SENT elapsed_ms=20216 request=125 value=636 target=500 state=506 seq=125
TASK2_ACK seq=125
TASK3_STATUS_RECEIVED elapsed_ms=20523 request=125 value=506 state=506 sample=125 rtt_ms=307
TASK3_INFER elapsed_ms=20523 sample=126 output=636 infer_us=9713
TASK3_CONTROL_SENT elapsed_ms=20523 request=126 value=636 target=500 state=506 seq=126
TASK2_HEARTBEAT_RECEIVED peer_uptime_ms=26520
TASK2_ACK seq=126
TASK3_STATUS_RECEIVED elapsed_ms=20645 request=126 value=506 state=506 sample=126 rtt_ms=122
TASK3_INFER elapsed_ms=20645 sample=127 output=636 infer_us=13387
TASK3_CONTROL_SENT elapsed_ms=20645 request=127 value=636 target=500 state=506 seq=127
TASK2_ACK seq=127
TASK3_STATUS_RECEIVED elapsed_ms=20745 request=127 value=506 state=506 sample=127 rtt_ms=100
TASK3_INFER elapsed_ms=20745 sample=128 output=635 infer_us=9373
TASK3_CONTROL_SENT elapsed_ms=20745 request=128 value=635 target=500 state=506 seq=128
TASK2_ACK seq=128
TASK3_STATUS_RECEIVED elapsed_ms=20847 request=128 value=506 state=506 sample=128 rtt_ms=102
TASK3_INFER elapsed_ms=20847 sample=129 output=634 infer_us=14588
TASK3_CONTROL_SENT elapsed_ms=20847 request=129 value=634 target=500 state=506 seq=129
TASK2_HEARTBEAT_RECEIVED peer_uptime_ms=27080
TASK2_ACK seq=129
TASK3_STATUS_RECEIVED elapsed_ms=21177 request=129 value=505 state=505 sample=129 rtt_ms=330
TASK3_INFER elapsed_ms=21177 sample=130 output=633 infer_us=8786
TASK3_CONTROL_SENT elapsed_ms=21177 request=130 value=633 target=500 state=505 seq=130
TASK2_ACK seq=130
TASK3_STATUS_RECEIVED elapsed_ms=21276 request=130 value=504 state=504 sample=130 rtt_ms=99
TASK3_INFER elapsed_ms=21276 sample=131 output=634 infer_us=9568
TASK3_CONTROL_SENT elapsed_ms=21276 request=131 value=634 target=500 state=504 seq=131
TASK2_ACK seq=131
TASK3_STATUS_RECEIVED elapsed_ms=21375 request=131 value=504 state=504 sample=131 rtt_ms=99
TASK3_INFER elapsed_ms=21375 sample=132 output=634 infer_us=9353
TASK3_CONTROL_SENT elapsed_ms=21375 request=132 value=634 target=500 state=504 seq=132
TASK2_ACK seq=132
TASK3_STATUS_RECEIVED elapsed_ms=21680 request=132 value=504 state=504 sample=132 rtt_ms=305
TASK3_INFER elapsed_ms=21680 sample=133 output=634 infer_us=9240
TASK3_CONTROL_SENT elapsed_ms=21680 request=133 value=634 target=500 state=504 seq=133
TASK2_ACK seq=133
TASK3_STATUS_RECEIVED elapsed_ms=21786 request=133 value=504 state=504 sample=133 rtt_ms=106
TASK3_INFER elapsed_ms=21786 sample=134 output=634 infer_us=9696
TASK3_CONTROL_SENT elapsed_ms=21786 request=134 value=634 target=500 state=504 seq=134
TASK2_ACK seq=134
TASK3_STATUS_RECEIVED elapsed_ms=21895 request=134 value=504 state=504 sample=134 rtt_ms=109
TASK3_INFER elapsed_ms=21895 sample=135 output=634 infer_us=15760
TASK3_CONTROL_SENT elapsed_ms=21895 request=135 value=634 target=500 state=504 seq=135
TASK2_ACK seq=135
TASK3_STATUS_RECEIVED elapsed_ms=22196 request=135 value=504 state=504 sample=135 rtt_ms=301
TASK3_INFER elapsed_ms=22196 sample=136 output=634 infer_us=9623
TASK3_CONTROL_SENT elapsed_ms=22196 request=136 value=634 target=500 state=504 seq=136
TASK2_HEARTBEAT_RECEIVED peer_uptime_ms=28200
TASK2_ACK seq=136
TASK3_STATUS_RECEIVED elapsed_ms=22318 request=136 value=504 state=504 sample=136 rtt_ms=122
TASK3_INFER elapsed_ms=22318 sample=137 output=634 infer_us=8351
TASK3_CONTROL_SENT elapsed_ms=22318 request=137 value=634 target=500 state=504 seq=137
TASK2_ACK seq=137
TASK3_STATUS_RECEIVED elapsed_ms=22416 request=137 value=504 state=504 sample=137 rtt_ms=98
TASK3_INFER elapsed_ms=22416 sample=138 output=634 infer_us=8775
TASK3_CONTROL_SENT elapsed_ms=22416 request=138 value=634 target=500 state=504 seq=138
TASK2_ACK seq=138
TASK3_STATUS_RECEIVED elapsed_ms=22514 request=138 value=504 state=504 sample=138 rtt_ms=98
TASK3_INFER elapsed_ms=22514 sample=139 output=634 infer_us=9287
TASK3_CONTROL_SENT elapsed_ms=22514 request=139 value=634 target=500 state=504 seq=139
TASK2_HEARTBEAT_RECEIVED peer_uptime_ms=28750
TASK2_ACK seq=139
TASK3_STATUS_RECEIVED elapsed_ms=22842 request=139 value=504 state=504 sample=139 rtt_ms=328
TASK3_INFER elapsed_ms=22842 sample=140 output=634 infer_us=13110
TASK3_CONTROL_SENT elapsed_ms=22842 request=140 value=634 target=500 state=504 seq=140
TASK2_ACK seq=140
TASK3_STATUS_RECEIVED elapsed_ms=22946 request=140 value=504 state=504 sample=140 rtt_ms=104
TASK3_INFER elapsed_ms=22946 sample=141 output=634 infer_us=8636
TASK3_CONTROL_SENT elapsed_ms=22946 request=141 value=634 target=500 state=504 seq=141
TASK2_ACK seq=141
TASK3_STATUS_RECEIVED elapsed_ms=23041 request=141 value=504 state=504 sample=141 rtt_ms=95
TASK3_INFER elapsed_ms=23041 sample=142 output=634 infer_us=8679
TASK3_CONTROL_SENT elapsed_ms=23041 request=142 value=634 target=500 state=504 seq=142
TASK2_ACK seq=142
TASK3_STATUS_RECEIVED elapsed_ms=23352 request=142 value=504 state=504 sample=142 rtt_ms=311
TASK3_INFER elapsed_ms=23352 sample=143 output=634 infer_us=13378
TASK3_CONTROL_SENT elapsed_ms=23352 request=143 value=634 target=500 state=504 seq=143
TASK2_ACK seq=143
TASK3_STATUS_RECEIVED elapsed_ms=23453 request=143 value=504 state=504 sample=143 rtt_ms=101
TASK3_INFER elapsed_ms=23453 sample=144 output=634 infer_us=9795
TASK3_CONTROL_SENT elapsed_ms=23453 request=144 value=634 target=500 state=504 seq=144
TASK2_ACK seq=144
TASK3_STATUS_RECEIVED elapsed_ms=23549 request=144 value=504 state=504 sample=144 rtt_ms=96
TASK3_INFER elapsed_ms=23549 sample=145 output=634 infer_us=8307
TASK3_CONTROL_SENT elapsed_ms=23549 request=145 value=634 target=500 state=504 seq=145
TASK2_ACK seq=145
TASK3_STATUS_RECEIVED elapsed_ms=23853 request=145 value=504 state=504 sample=145 rtt_ms=304
TASK3_INFER elapsed_ms=23853 sample=146 output=634 infer_us=9582
TASK3_CONTROL_SENT elapsed_ms=23853 request=146 value=634 target=500 state=504 seq=146
TASK2_HEARTBEAT_RECEIVED peer_uptime_ms=29850
TASK2_ACK seq=146
TASK3_STATUS_RECEIVED elapsed_ms=23980 request=146 value=504 state=504 sample=146 rtt_ms=127
TASK3_INFER elapsed_ms=23980 sample=147 output=634 infer_us=9265
TASK3_CONTROL_SENT elapsed_ms=23980 request=147 value=634 target=500 state=504 seq=147
TASK2_ACK seq=147
TASK3_STATUS_RECEIVED elapsed_ms=24097 request=147 value=504 state=504 sample=147 rtt_ms=117
TASK3_INFER elapsed_ms=24097 sample=148 output=634 infer_us=8494
TASK3_CONTROL_SENT elapsed_ms=24097 request=148 value=634 target=500 state=504 seq=148
TASK2_ACK seq=148
TASK3_STATUS_RECEIVED elapsed_ms=24215 request=148 value=504 state=504 sample=148 rtt_ms=118
TASK3_INFER elapsed_ms=24215 sample=149 output=634 infer_us=14614
TASK3_CONTROL_SENT elapsed_ms=24215 request=149 value=634 target=500 state=504 seq=149
TASK2_HEARTBEAT_RECEIVED peer_uptime_ms=30430
TASK2_ACK seq=149
TASK3_STATUS_RECEIVED elapsed_ms=24520 request=149 value=504 state=504 sample=149 rtt_ms=305
TASK3_INFER elapsed_ms=24520 sample=150 output=634 infer_us=9025
TASK3_CONTROL_SENT elapsed_ms=24520 request=150 value=634 target=500 state=504 seq=150
TASK2_ACK seq=150
TASK3_STATUS_RECEIVED elapsed_ms=24635 request=150 value=504 state=504 sample=150 rtt_ms=115
TASK3_INFER elapsed_ms=24635 sample=151 output=633 infer_us=12273
TASK3_CONTROL_SENT elapsed_ms=24635 request=151 value=633 target=500 state=504 seq=151
TASK2_ACK seq=151
TASK3_STATUS_RECEIVED elapsed_ms=24742 request=151 value=504 state=504 sample=151 rtt_ms=107
TASK3_INFER elapsed_ms=24742 sample=152 output=628 infer_us=9634
TASK3_CONTROL_SENT elapsed_ms=24742 request=152 value=628 target=500 state=504 seq=152
TASK2_HEARTBEAT_RECEIVED peer_uptime_ms=30950
TASK2_ACK seq=152
TASK3_STATUS_RECEIVED elapsed_ms=25062 request=152 value=502 state=502 sample=152 rtt_ms=320
TASK3_INFER elapsed_ms=25062 sample=153 output=628 infer_us=9116
TASK3_CONTROL_SENT elapsed_ms=25062 request=153 value=628 target=500 state=502 seq=153
TASK2_ACK seq=153
TASK3_STATUS_RECEIVED elapsed_ms=25173 request=153 value=501 state=501 sample=153 rtt_ms=111
TASK3_INFER elapsed_ms=25173 sample=154 output=624 infer_us=8393
TASK3_CONTROL_SENT elapsed_ms=25173 request=154 value=624 target=500 state=501 seq=154
TASK2_ACK seq=154
TASK3_STATUS_RECEIVED elapsed_ms=25283 request=154 value=499 state=499 sample=154 rtt_ms=110
TASK3_INFER elapsed_ms=25283 sample=155 output=626 infer_us=14115
TASK3_CONTROL_SENT elapsed_ms=25283 request=155 value=626 target=500 state=499 seq=155
TASK2_HEARTBEAT_RECEIVED peer_uptime_ms=31510
TASK2_ACK seq=155
TASK3_STATUS_RECEIVED elapsed_ms=25602 request=155 value=499 state=499 sample=155 rtt_ms=319
TASK3_INFER elapsed_ms=25602 sample=156 output=625 infer_us=10669
TASK3_CONTROL_SENT elapsed_ms=25602 request=156 value=625 target=500 state=499 seq=156
TASK2_ACK seq=156
TASK3_STATUS_RECEIVED elapsed_ms=25715 request=156 value=499 state=499 sample=156 rtt_ms=113
TASK3_INFER elapsed_ms=25715 sample=157 output=624 infer_us=9466
TASK3_CONTROL_SENT elapsed_ms=25715 request=157 value=624 target=500 state=499 seq=157
TASK2_ACK seq=157
TASK3_STATUS_RECEIVED elapsed_ms=25816 request=157 value=498 state=498 sample=157 rtt_ms=101
TASK3_INFER elapsed_ms=25816 sample=158 output=625 infer_us=8939
TASK3_CONTROL_SENT elapsed_ms=25816 request=158 value=625 target=500 state=498 seq=158
TASK2_ACK seq=158
TASK3_STATUS_RECEIVED elapsed_ms=26127 request=158 value=498 state=498 sample=158 rtt_ms=311
TASK3_INFER elapsed_ms=26127 sample=159 output=625 infer_us=9140
TASK3_CONTROL_SENT elapsed_ms=26127 request=159 value=625 target=500 state=498 seq=159
TASK2_ACK seq=159
TASK3_STATUS_RECEIVED elapsed_ms=26237 request=159 value=498 state=498 sample=159 rtt_ms=110
TASK3_INFER elapsed_ms=26237 sample=160 output=625 infer_us=9391
TASK3_CONTROL_SENT elapsed_ms=26237 request=160 value=625 target=500 state=498 seq=160
TASK2_ACK seq=160
TASK3_STATUS_RECEIVED elapsed_ms=26349 request=160 value=498 state=498 sample=160 rtt_ms=112
TASK3_INFER elapsed_ms=26349 sample=161 output=625 infer_us=12699
TASK3_CONTROL_SENT elapsed_ms=26349 request=161 value=625 target=500 state=498 seq=161
TASK2_ACK seq=161
TASK3_STATUS_RECEIVED elapsed_ms=26647 request=161 value=498 state=498 sample=161 rtt_ms=298
TASK3_INFER elapsed_ms=26647 sample=162 output=625 infer_us=9560
TASK3_CONTROL_SENT elapsed_ms=26647 request=162 value=625 target=500 state=498 seq=162
TASK2_ACK seq=162
TASK3_STATUS_RECEIVED elapsed_ms=26747 request=162 value=498 state=498 sample=162 rtt_ms=100
TASK3_INFER elapsed_ms=26747 sample=163 output=625 infer_us=9142
TASK3_CONTROL_SENT elapsed_ms=26747 request=163 value=625 target=500 state=498 seq=163
TASK2_ACK seq=163
TASK3_STATUS_RECEIVED elapsed_ms=26857 request=163 value=498 state=498 sample=163 rtt_ms=110
TASK3_INFER elapsed_ms=26857 sample=164 output=625 infer_us=13612
TASK3_CONTROL_SENT elapsed_ms=26857 request=164 value=625 target=500 state=498 seq=164
TASK2_ACK seq=164
TASK3_STATUS_RECEIVED elapsed_ms=27162 request=164 value=498 state=498 sample=164 rtt_ms=305
TASK3_INFER elapsed_ms=27162 sample=165 output=625 infer_us=9614
TASK3_CONTROL_SENT elapsed_ms=27162 request=165 value=625 target=500 state=498 seq=165
TASK2_HEARTBEAT_RECEIVED peer_uptime_ms=33160
TASK2_ACK seq=165
TASK3_STATUS_RECEIVED elapsed_ms=27283 request=165 value=498 state=498 sample=165 rtt_ms=121
TASK3_INFER elapsed_ms=27283 sample=166 output=625 infer_us=15601
TASK3_CONTROL_SENT elapsed_ms=27283 request=166 value=625 target=500 state=498 seq=166
TASK2_ACK seq=166
TASK3_STATUS_RECEIVED elapsed_ms=27389 request=166 value=498 state=498 sample=166 rtt_ms=106
TASK3_INFER elapsed_ms=27389 sample=167 output=625 infer_us=8347
TASK3_CONTROL_SENT elapsed_ms=27389 request=167 value=625 target=500 state=498 seq=167
TASK2_ACK seq=167
TASK3_STATUS_RECEIVED elapsed_ms=27483 request=167 value=498 state=498 sample=167 rtt_ms=94
TASK3_INFER elapsed_ms=27483 sample=168 output=625 infer_us=9183
TASK3_CONTROL_SENT elapsed_ms=27483 request=168 value=625 target=500 state=498 seq=168
TASK2_HEARTBEAT_RECEIVED peer_uptime_ms=33710
TASK2_ACK seq=168
TASK3_STATUS_RECEIVED elapsed_ms=27820 request=168 value=498 state=498 sample=168 rtt_ms=337
TASK3_INFER elapsed_ms=27820 sample=169 output=625 infer_us=9229
TASK3_CONTROL_SENT elapsed_ms=27820 request=169 value=625 target=500 state=498 seq=169
TASK2_ACK seq=169
TASK3_STATUS_RECEIVED elapsed_ms=27919 request=169 value=498 state=498 sample=169 rtt_ms=99
TASK3_INFER elapsed_ms=27919 sample=170 output=625 infer_us=9019
TASK3_CONTROL_SENT elapsed_ms=27919 request=170 value=625 target=500 state=498 seq=170
TASK2_ACK seq=170
TASK3_STATUS_RECEIVED elapsed_ms=28022 request=170 value=498 state=498 sample=170 rtt_ms=103
TASK3_INFER elapsed_ms=28022 sample=171 output=625 infer_us=13467
TASK3_CONTROL_SENT elapsed_ms=28022 request=171 value=625 target=500 state=498 seq=171
TASK2_ACK seq=171
TASK3_STATUS_RECEIVED elapsed_ms=28324 request=171 value=498 state=498 sample=171 rtt_ms=302
TASK3_INFER elapsed_ms=28324 sample=172 output=625 infer_us=9961
TASK3_CONTROL_SENT elapsed_ms=28324 request=172 value=625 target=500 state=498 seq=172
TASK2_ACK seq=172
TASK3_STATUS_RECEIVED elapsed_ms=28426 request=172 value=498 state=498 sample=172 rtt_ms=102
TASK3_INFER elapsed_ms=28426 sample=173 output=625 infer_us=9874
TASK3_CONTROL_SENT elapsed_ms=28426 request=173 value=625 target=500 state=498 seq=173
TASK2_ACK seq=173
TASK3_STATUS_RECEIVED elapsed_ms=28529 request=173 value=498 state=498 sample=173 rtt_ms=103
TASK3_INFER elapsed_ms=28529 sample=174 output=625 infer_us=8715
TASK3_CONTROL_SENT elapsed_ms=28529 request=174 value=625 target=500 state=498 seq=174
TASK2_ACK seq=174
TASK3_STATUS_RECEIVED elapsed_ms=28831 request=174 value=498 state=498 sample=174 rtt_ms=302
TASK3_INFER elapsed_ms=28831 sample=175 output=625 infer_us=9304
TASK3_CONTROL_SENT elapsed_ms=28831 request=175 value=625 target=500 state=498 seq=175
TASK2_HEARTBEAT_RECEIVED peer_uptime_ms=34830
TASK2_ACK seq=175
TASK3_STATUS_RECEIVED elapsed_ms=28954 request=175 value=498 state=498 sample=175 rtt_ms=123
TASK3_INFER elapsed_ms=28954 sample=176 output=625 infer_us=9081
TASK3_CONTROL_SENT elapsed_ms=28954 request=176 value=625 target=500 state=498 seq=176
TASK2_ACK seq=176
TASK3_STATUS_RECEIVED elapsed_ms=29062 request=176 value=498 state=498 sample=176 rtt_ms=108
TASK3_INFER elapsed_ms=29062 sample=177 output=625 infer_us=9290
TASK3_CONTROL_SENT elapsed_ms=29062 request=177 value=625 target=500 state=498 seq=177
TASK2_ACK seq=177
TASK3_STATUS_RECEIVED elapsed_ms=29162 request=177 value=498 state=498 sample=177 rtt_ms=100
TASK3_INFER elapsed_ms=29162 sample=178 output=625 infer_us=9711
TASK3_CONTROL_SENT elapsed_ms=29162 request=178 value=625 target=500 state=498 seq=178
TASK2_HEARTBEAT_RECEIVED peer_uptime_ms=35400
TASK2_ACK seq=178
TASK3_STATUS_RECEIVED elapsed_ms=29503 request=178 value=498 state=498 sample=178 rtt_ms=341
TASK3_INFER elapsed_ms=29503 sample=179 output=625 infer_us=9107
TASK3_CONTROL_SENT elapsed_ms=29503 request=179 value=625 target=500 state=498 seq=179
TASK2_ACK seq=179
TASK3_STATUS_RECEIVED elapsed_ms=29617 request=179 value=498 state=498 sample=179 rtt_ms=114
TASK3_INFER elapsed_ms=29617 sample=180 output=625 infer_us=9234
TASK3_CONTROL_SENT elapsed_ms=29617 request=180 value=625 target=500 state=498 seq=180
TASK2_ACK seq=180
TASK3_STATUS_RECEIVED elapsed_ms=29729 request=180 value=498 state=498 sample=180 rtt_ms=112
TASK3_INFER elapsed_ms=29729 sample=181 output=625 infer_us=13823
TASK3_CONTROL_SENT elapsed_ms=29729 request=181 value=625 target=500 state=498 seq=181
TASK2_HEARTBEAT_RECEIVED peer_uptime_ms=35950
TASK2_ACK seq=181
TASK3_STATUS_RECEIVED elapsed_ms=30050 request=181 value=498 state=498 sample=181 rtt_ms=321
TASK3_INFER elapsed_ms=30050 sample=182 output=625 infer_us=10692
TASK3_CONTROL_SENT elapsed_ms=30050 request=182 value=625 target=500 state=498 seq=182
TASK2_ACK seq=182
TASK3_STATUS_RECEIVED elapsed_ms=30163 request=182 value=498 state=498 sample=182 rtt_ms=113
TASK3_INFER elapsed_ms=30163 sample=183 output=625 infer_us=8728
TASK3_CONTROL_SENT elapsed_ms=30163 request=183 value=625 target=500 state=498 seq=183
TASK2_ACK seq=183
TASK3_STATUS_RECEIVED elapsed_ms=30277 request=183 value=498 state=498 sample=183 rtt_ms=114
TASK3_INFER elapsed_ms=30277 sample=184 output=625 infer_us=15118
TASK3_CONTROL_SENT elapsed_ms=30277 request=184 value=625 target=500 state=498 seq=184
TASK2_HEARTBEAT_RECEIVED peer_uptime_ms=36500
TASK2_ACK seq=184
TASK3_STATUS_RECEIVED elapsed_ms=30603 request=184 value=498 state=498 sample=184 rtt_ms=326
TASK3_INFER elapsed_ms=30603 sample=185 output=625 infer_us=9198
TASK3_CONTROL_SENT elapsed_ms=30603 request=185 value=625 target=500 state=498 seq=185
TASK2_ACK seq=185
TASK3_STATUS_RECEIVED elapsed_ms=30703 request=185 value=498 state=498 sample=185 rtt_ms=100
TASK3_INFER elapsed_ms=30703 sample=186 output=625 infer_us=8621
TASK3_CONTROL_SENT elapsed_ms=30703 request=186 value=625 target=500 state=498 seq=186
TASK2_ACK seq=186
TASK3_STATUS_RECEIVED elapsed_ms=30798 request=186 value=498 state=498 sample=186 rtt_ms=95
TASK3_INFER elapsed_ms=30798 sample=187 output=625 infer_us=8499
TASK3_CONTROL_SENT elapsed_ms=30798 request=187 value=625 target=500 state=498 seq=187
TASK2_ACK seq=187
TASK3_STATUS_RECEIVED elapsed_ms=31100 request=187 value=498 state=498 sample=187 rtt_ms=302
TASK3_INFER elapsed_ms=31100 sample=188 output=625 infer_us=10370
TASK3_CONTROL_SENT elapsed_ms=31100 request=188 value=625 target=500 state=498 seq=188
TASK2_ACK seq=188
TASK3_STATUS_RECEIVED elapsed_ms=31213 request=188 value=498 state=498 sample=188 rtt_ms=113
TASK3_INFER elapsed_ms=31213 sample=189 output=625 infer_us=12131
TASK3_CONTROL_SENT elapsed_ms=31213 request=189 value=625 target=500 state=498 seq=189
TASK2_ACK seq=189
TASK3_STATUS_RECEIVED elapsed_ms=31309 request=189 value=498 state=498 sample=189 rtt_ms=96
TASK3_INFER elapsed_ms=31309 sample=190 output=625 infer_us=9481
TASK3_CONTROL_SENT elapsed_ms=31309 request=190 value=625 target=500 state=498 seq=190
TASK2_ACK seq=190
TASK3_STATUS_RECEIVED elapsed_ms=31613 request=190 value=498 state=498 sample=190 rtt_ms=304
TASK3_INFER elapsed_ms=31613 sample=191 output=625 infer_us=9402
TASK3_CONTROL_SENT elapsed_ms=31613 request=191 value=625 target=500 state=498 seq=191
TASK2_HEARTBEAT_RECEIVED peer_uptime_ms=37610
TASK2_ACK seq=191
TASK3_STATUS_RECEIVED elapsed_ms=31744 request=191 value=498 state=498 sample=191 rtt_ms=131
TASK3_INFER elapsed_ms=31744 sample=192 output=625 infer_us=12919
TASK3_CONTROL_SENT elapsed_ms=31744 request=192 value=625 target=500 state=498 seq=192
TASK2_ACK seq=192
TASK3_STATUS_RECEIVED elapsed_ms=31844 request=192 value=498 state=498 sample=192 rtt_ms=100
TASK3_INFER elapsed_ms=31844 sample=193 output=625 infer_us=13038
TASK3_CONTROL_SENT elapsed_ms=31844 request=193 value=625 target=500 state=498 seq=193
TASK2_ACK seq=193
TASK3_STATUS_RECEIVED elapsed_ms=31945 request=193 value=498 state=498 sample=193 rtt_ms=101
TASK3_INFER elapsed_ms=31945 sample=194 output=625 infer_us=9061
TASK3_CONTROL_SENT elapsed_ms=31945 request=194 value=625 target=500 state=498 seq=194
TASK2_HEARTBEAT_RECEIVED peer_uptime_ms=38170
TASK2_ACK seq=194
TASK3_STATUS_RECEIVED elapsed_ms=32285 request=194 value=498 state=498 sample=194 rtt_ms=340
TASK3_INFER elapsed_ms=32285 sample=195 output=625 infer_us=13761
TASK3_CONTROL_SENT elapsed_ms=32285 request=195 value=625 target=500 state=498 seq=195
TASK2_ACK seq=195
TASK3_STATUS_RECEIVED elapsed_ms=32389 request=195 value=498 state=498 sample=195 rtt_ms=104
TASK3_INFER elapsed_ms=32389 sample=196 output=625 infer_us=8555
TASK3_CONTROL_SENT elapsed_ms=32389 request=196 value=625 target=500 state=498 seq=196
TASK2_ACK seq=196
TASK3_STATUS_RECEIVED elapsed_ms=32485 request=196 value=498 state=498 sample=196 rtt_ms=96
TASK3_INFER elapsed_ms=32485 sample=197 output=625 infer_us=9013
TASK3_CONTROL_SENT elapsed_ms=32485 request=197 value=625 target=500 state=498 seq=197
TASK2_HEARTBEAT_RECEIVED peer_uptime_ms=38720
TASK2_ACK seq=197
TASK3_STATUS_RECEIVED elapsed_ms=32827 request=197 value=498 state=498 sample=197 rtt_ms=342
TASK3_INFER elapsed_ms=32827 sample=198 output=625 infer_us=9017
TASK3_CONTROL_SENT elapsed_ms=32827 request=198 value=625 target=500 state=498 seq=198
TASK2_ACK seq=198
TASK3_STATUS_RECEIVED elapsed_ms=32937 request=198 value=498 state=498 sample=198 rtt_ms=110
TASK3_INFER elapsed_ms=32937 sample=199 output=625 infer_us=8881
TASK3_CONTROL_SENT elapsed_ms=32937 request=199 value=625 target=500 state=498 seq=199
TASK2_ACK seq=199
TASK3_STATUS_RECEIVED elapsed_ms=33035 request=199 value=498 state=498 sample=199 rtt_ms=98
TASK3_INFER elapsed_ms=33035 sample=200 output=625 infer_us=9625
TASK3_CONTROL_SENT elapsed_ms=33035 request=200 value=625 target=500 state=498 seq=200
TASK2_HEARTBEAT_RECEIVED peer_uptime_ms=39270
TASK2_ACK seq=200
TASK3_STATUS_RECEIVED elapsed_ms=33367 request=200 value=498 state=498 sample=200 rtt_ms=332
TASK3_INFER elapsed_ms=33367 sample=201 output=625 infer_us=10008
TASK3_CONTROL_SENT elapsed_ms=33367 request=201 value=625 target=500 state=498 seq=201
TASK2_ACK seq=201
TASK3_STATUS_RECEIVED elapsed_ms=33467 request=201 value=498 state=498 sample=201 rtt_ms=100
TASK3_INFER elapsed_ms=33467 sample=202 output=625 infer_us=9304
TASK3_CONTROL_SENT elapsed_ms=33467 request=202 value=625 target=500 state=498 seq=202
TASK2_ACK seq=202
TASK3_STATUS_RECEIVED elapsed_ms=33565 request=202 value=498 state=498 sample=202 rtt_ms=98
TASK3_INFER elapsed_ms=33565 sample=203 output=625 infer_us=9272
TASK3_CONTROL_SENT elapsed_ms=33565 request=203 value=625 target=500 state=498 seq=203
TASK2_HEARTBEAT_RECEIVED peer_uptime_ms=39820
TASK2_ACK seq=203
TASK3_STATUS_RECEIVED elapsed_ms=33889 request=203 value=498 state=498 sample=203 rtt_ms=324
TASK3_INFER elapsed_ms=33889 sample=204 output=625 infer_us=13701
TASK3_CONTROL_SENT elapsed_ms=33889 request=204 value=625 target=500 state=498 seq=204
TASK2_ACK seq=204
TASK3_STATUS_RECEIVED elapsed_ms=33991 request=204 value=498 state=498 sample=204 rtt_ms=102
TASK3_INFER elapsed_ms=33991 sample=205 output=625 infer_us=9726
TASK3_CONTROL_SENT elapsed_ms=33991 request=205 value=625 target=500 state=498 seq=205
TASK2_ACK seq=205
TASK3_STATUS_RECEIVED elapsed_ms=34109 request=205 value=498 state=498 sample=205 rtt_ms=118
TASK3_INFER elapsed_ms=34109 sample=206 output=625 infer_us=11906
TASK3_CONTROL_SENT elapsed_ms=34109 request=206 value=625 target=500 state=498 seq=206
TASK2_ACK seq=206
TASK3_STATUS_RECEIVED elapsed_ms=34401 request=206 value=498 state=498 sample=206 rtt_ms=292
TASK3_INFER elapsed_ms=34401 sample=207 output=625 infer_us=9273
TASK3_CONTROL_SENT elapsed_ms=34401 request=207 value=625 target=500 state=498 seq=207
TASK2_ACK seq=207
TASK3_STATUS_RECEIVED elapsed_ms=34502 request=207 value=498 state=498 sample=207 rtt_ms=101
TASK3_INFER elapsed_ms=34502 sample=208 output=625 infer_us=9314
TASK3_CONTROL_SENT elapsed_ms=34502 request=208 value=625 target=500 state=498 seq=208
TASK2_ACK seq=208
TASK3_STATUS_RECEIVED elapsed_ms=34604 request=208 value=498 state=498 sample=208 rtt_ms=102
TASK3_INFER elapsed_ms=34604 sample=209 output=625 infer_us=9512
TASK3_CONTROL_SENT elapsed_ms=34604 request=209 value=625 target=500 state=498 seq=209
TASK2_ACK seq=209
TASK3_STATUS_RECEIVED elapsed_ms=34713 request=209 value=498 state=498 sample=209 rtt_ms=109
TASK3_INFER elapsed_ms=34713 sample=210 output=625 infer_us=9272
TASK3_CONTROL_SENT elapsed_ms=34713 request=210 value=625 target=500 state=498 seq=210
TASK2_HEARTBEAT_RECEIVED peer_uptime_ms=40940
TASK2_ACK seq=210
TASK3_STATUS_RECEIVED elapsed_ms=35051 request=210 value=498 state=498 sample=210 rtt_ms=338
TASK3_INFER elapsed_ms=35051 sample=211 output=625 infer_us=9213
TASK3_CONTROL_SENT elapsed_ms=35051 request=211 value=625 target=500 state=498 seq=211
TASK2_ACK seq=211
TASK3_STATUS_RECEIVED elapsed_ms=35150 request=211 value=498 state=498 sample=211 rtt_ms=99

[Axvisor] detached VM[1] console
[2Kaxvisor:/$ [2Kaxvisor:/$ v[2Kaxvisor:/$ vi[2Kaxvisor:/$ vir[2Kaxvisor:/$ virt[2Kaxvisor:/$ virtn[2Kaxvisor:/$ virtne[2Kaxvisor:/$ virtnet[2Kaxvisor:/$ virtnet [2Kaxvisor:/$ virtnet c[2Kaxvisor:/$ virtnet ca[2Kaxvisor:/$ virtnet cap[2Kaxvisor:/$ virtnet capt[2Kaxvisor:/$ virtnet captu[2Kaxvisor:/$ virtnet captur[2Kaxvisor:/$ virtnet capture[2Kaxvisor:/$ virtnet capture [2Kaxvisor:/$ virtnet capture d[2Kaxvisor:/$ virtnet capture du[2Kaxvisor:/$ virtnet capture dum[2Kaxvisor:/$ virtnet capture dump
CAPDUMP_BEGIN
CAPTURE 1 10034578544 52540012340152540012340208004500004400000000401112990a002a020a002a0f109210920030aa1a54324e3101020001545254320000000200000000000c00003d7a411501000000000000b400000002
CAPTURE 1 10041224512 525400123401525400123402080045000040000000004011129d0a002a020a002a0f10921092002cb9fa54324e3101050000545254320000000000000000000800005d6bf70d0000000000001bf8
CAPTURE 1 10048145344 525400123402525400123401080045000040824040004011505c0a002a0f0a002a0210921092002c734e54324e310105000054525432000000000000000000080000be85f4120000000000000485
CAPTURE 1 10059337184 52540012340252540012340108004500003882424000401150620a002a0f0a002a021092109200243cb454324e3101040000545254320000000000000002000000004077ad57
CAPTURE 1 10099061920 52540012340252540012340108004500004482464000401150520a002a0f0a002a0210921092003091fd54324e3101010001545254320000000300000000000c0000de1cb7d9010000000000016900000003
CAPTURE 1 10114341728 52540012340152540012340208004500003800000000401112a50a002a020a002a0f1092109200241a6154324e310104000054525432000000000000000300000000570cb914
CAPTURE 1 10114980224 52540012340152540012340208004500004400000000401112990a002a020a002a0f109210920030683f54324e3101020001545254320000000300000000000c00001f05a13601000000000000e100000003
CAPTURE 1 10138671728 525400123402525400123401080045000038824f4000401150550a002a0f0a002a021092109200243cb454324e3101040000545254320000000000000002000000004077ad57
CAPTURE 1 10187142640 52540012340252540012340108004500003882534000401150510a002a0f0a002a021092109200241a6154324e310104000054525432000000000000000300000000570cb914
CAPTURE 1 10224296848 52540012340252540012340108004500004482564000401150420a002a0f0a002a021092109200301d0554324e3101010001545254320000000400000000000c00001b48ef90010000000000017d00000004
CAPTURE 1 10235992032 52540012340152540012340208004500003800000000401112a50a002a020a002a0f109210920024223654324e310104000054525432000000000000000400000000336dd4dd
CAPTURE 1 10239231472 52540012340152540012340208004500004400000000401112990a002a020a002a0f10921092003096a654324e3101020001545254320000000400000000000c0000eb19a697010000000000010200000004
CAPTURE 1 10278366752 52540012340252540012340108004500003882614000401150430a002a0f0a002a02109210920024223654324e310104000054525432000000000000000400000000336dd4dd
CAPTURE 1 10293268720 33330000001652540012340186dd6000000000240001fe80000000000000505400fffe123401ff0200000000000000000000000000163a000502000001008f00b98e0000000104000000ff0200000000000000000001ff123401
CAPTURE 1 10297856592 33330000000252540012340186dd6000000000103afffe80000000000000505400fffe123401ff0200000000000000000000000000028500725f000000000101525400123401
CAPTURE 1 10329248768 52540012340252540012340108004500004482664000401150320a002a0f0a002a02109210920030549d54324e3101010001545254320000000500000000000c0000cb4007f4010000000000018700000005
CAPTURE 1 10343657696 52540012340152540012340208004500003800000000401112a50a002a020a002a0f10921092002445cb54324e3101040000545254320000000000000005000000002416c09e
CAPTURE 1 10345809632 52540012340152540012340208004500004400000000401112990a002a020a002a0f109210920030e4eb54324e3101020001545254320000000500000000000c00006905da4c010000000000011a00000005
CAPTURE 1 10382677792 525400123402525400123401080045000038826c4000401150380a002a0f0a002a0210921092002445cb54324e3101040000545254320000000000000005000000002416c09e
CAPTURE 1 10420111728 525400123402525400123401080045000044826d40004011502b0a002a0f0a002a02109210920030dbea54324e3101010001545254320000000600000000000c0000d70074f1010000000000017a00000006
CAPTURE 1 10434315904 52540012340152540012340208004500003800000000401112a50a002a020a002a0f109210920024108854324e3101040000545254320000000000000006000000001d9bfc5b
CAPTURE 1 10435318208 52540012340152540012340208004500004400000000401112990a002a020a002a0f109210920030d70f54324e3101020001545254320000000600000000000c000069d0e752010000000000012300000006
CAPTURE 1 10473066864 525400123402525400123401080045000038827540004011502f0a002a0f0a002a02109210920024108854324e3101040000545254320000000000000006000000001d9bfc5b
CAPTURE 1 10518638032 525400123402525400123401080045000044827c40004011501c0a002a0f0a002a0210921092003036f654324e3101010001545254320000000700000000000c0000422caeb9010000000000017900000007
CAPTURE 1 10533555296 52540012340152540012340208004500003800000000401112a50a002a020a002a0f109210920024378554324e3101040000545254320000000000000007000000000ae0e818
CAPTURE 1 10534429712 52540012340152540012340208004500004400000000401112990a002a020a002a0f109210920030e4c354324e3101020001545254320000000700000000000c0000cc8c76db010000000000012800000007
CAPTURE 1 10578403024 525400123402525400123401080045000038828740004011501d0a002a0f0a002a02109210920024378554324e3101040000545254320000000000000007000000000ae0e818
CAPTURE 1 10616200992 525400123402525400123401080045000044828f4000401150090a002a0f0a002a021092109200304e7854324e3101010001545254320000000800000000000c00004a088f57010000000000017b00000008
CAPTURE 1 10630375248 52540012340152540012340208004500003800000000401112a50a002a020a002a0f1092109200242d5a54324e310104000054525432000000000000000800000000d55927c9
CAPTURE 1 10631324352 52540012340152540012340208004500004400000000401112990a002a020a002a0f10921092003039a854324e3101020001545254320000000800000000000c00004be8a295010000000000012c00000008
CAPTURE 1 10672526192 52540012340252540012340108004500003882924000401150120a002a0f0a002a021092109200242d5a54324e310104000054525432000000000000000800000000d55927c9
CAPTURE 1 10716726800 52540012340252540012340108004500004482934000401150050a002a0f0a002a021092109200306e7954324e3101010001545254320000000900000000000c000027b491ae010000000000017500000009
CAPTURE 1 10730376480 52540012340152540012340208004500003800000000401112a50a002a020a002a0f10921092002434cf54324e310104000054525432000000000000000900000000c222338a
CAPTURE 1 10731328576 52540012340152540012340208004500004400000000401112990a002a020a002a0f1092109200308cb254324e3101020001545254320000000900000000000c00009964020d010000000000012c00000009
CAPTURE 1 10772533664 525400123402525400123401080045000038829c4000401150080a002a0f0a002a0210921092002434cf54324e310104000054525432000000000000000900000000c222338a
CAPTURE 1 10816189040 52540012340252540012340108004500004482a7400040114ff10a002a0f0a002a021092109200304e5154324e3101010001545254320000000a00000000000c0000ccf00c9701000000000001760000000a
CAPTURE 1 10833093184 52540012340152540012340208004500003800000000401112a50a002a020a002a0f1092109200241f7c54324e310104000054525432000000000000000a00000000fbaf0f4f
CAPTURE 1 10833775824 52540012340152540012340208004500004400000000401112990a002a020a002a0f1092109200300cbd54324e3101020001545254320000000a00000000000c00003580e5e4010000000000012c0000000a
CAPTURE 1 10872047504 52540012340252540012340108004500003882b5400040114fef0a002a0f0a002a021092109200241f7c54324e310104000054525432000000000000000a00000000fbaf0f4f
CAPTURE 1 10919229568 52540012340252540012340108004500004482c1400040114fd70a002a0f0a002a02109210920030f71b54324e3101010001545254320000000b00000000000c000059dcd6df01000000000001750000000b
CAPTURE 1 10935217936 52540012340152540012340208004500003800000000401112a50a002a020a002a0f109210920024229954324e310104000054525432000000000000000b00000000ecd41b0c
CAPTURE 1 10942990064 52540012340152540012340208004500004400000000401112990a002a020a002a0f10921092003079df54324e3101020001545254320000000b00000000000c000070e83cc201000000000001c20000000b
CAPTURE 1 10982457536 52540012340252540012340108004500003882c4400040114fe00a002a0f0a002a02109210920024229954324e310104000054525432000000000000000b00000000ecd41b0c
CAPTURE 1 11021006048 52540012340252540012340108004500004482c8400040114fd00a002a0f0a002a0210921092003031f654324e3101010001545254320000000c00000000000c0000f38603ce01000000000000000000000c
CAPTURE 1 11035208064 52540012340152540012340208004500003800000000401112a50a002a020a002a0f1092109200242afe54324e310104000054525432000000000000000c0000000088b576c5
CAPTURE 1 11037373088 52540012340152540012340208004500004400000000401112990a002a020a002a0f109210920030208454324e3101020001545254320000000c00000000000c0000978f6fa201000000000001940000000c
CAPTURE 1 11060680752 33330000001652540012340186dd6000000000240001fe80000000000000505400fffe123401ff0200000000000000000000000000163a000502000001008f00b98e0000000104000000ff0200000000000000000001ff123401
CAPTURE 1 11078413584 52540012340252540012340108004500003882d1400040114fd30a002a0f0a002a021092109200242afe54324e310104000054525432000000000000000c0000000088b576c5
CAPTURE 1 11117152512 52540012340252540012340108004500004482d4400040114fc40a002a0f0a002a02109210920030730c54324e3101010001545254320000000d00000000000c0000d1f9e3ed01000000000000550000000d
CAPTURE 1 11131108048 52540012340152540012340208004500003800000000401112a50a002a020a002a0f109210920024282354324e310104000054525432000000000000000d000000009fce6286
CAPTURE 1 11133059312 52540012340152540012340208004500004400000000401112990a002a020a002a0f1092109200305e9054324e3101020001545254320000000d00000000000c0000bd930b8b01000000000001990000000d
CAPTURE 1 11174379584 52540012340252540012340108004500003882e2400040114fc20a002a0f0a002a02109210920024282354324e310104000054525432000000000000000d000000009fce6286
CAPTURE 1 11215209184 52540012340252540012340108004500004482e9400040114faf0a002a0f0a002a02109210920030569954324e3101010001545254320000000e00000000000c00008dee44bf01000000000000000000000e
CAPTURE 1 11228843008 52540012340152540012340208004500003800000000401112a50a002a020a002a0f10921092002425f054324e310104000054525432000000000000000e00000000a6435e43
CAPTURE 1 11230211120 52540012340152540012340208004500004400000000401112990a002a020a002a0f109210920030ce2754324e3101020001545254320000000e00000000000c0000cc238d7d010000000000017d0000000e
CAPTURE 1 11282721888 52540012340252540012340108004500003882f4400040114fb00a002a0f0a002a0210921092002425f054324e310104000054525432000000000000000e00000000a6435e43
CAPTURE 1 11320775600 52540012340252540012340108004500004482f8400040114fa00a002a0f0a002a02109210920030507354324e3101010001545254320000000f00000000000c00005272865601000000000000090000000f
CAPTURE 1 11334364864 52540012340152540012340208004500003800000000401112a50a002a020a002a0f1092109200242f3d54324e310104000054525432000000000000000f00000000b1384a00
CAPTURE 1 11335056576 52540012340152540012340208004500004400000000401112990a002a020a002a0f1092109200308b8e54324e3101020001545254320000000f00000000000c0000db5fc0e401000000000001710000000f
CAPTURE 1 11375787920 52540012340252540012340108004500003882ff400040114fa50a002a0f0a002a021092109200242f3d54324e310104000054525432000000000000000f00000000b1384a00
CAPTURE 1 11421161808 525400123402525400123401080045000044830a400040114f8e0a002a0f0a002a021092109200301f7954324e3101010001545254320000001000000000000c00006826a1a3010000000000000000000010
CAPTURE 1 11440259504 52540012340152540012340208004500003800000000401112a50a002a020a002a0f109210920024a09254324e310104000054525432000000000000001000000000c241c7a0
CAPTURE 1 11440865472 52540012340152540012340208004500004400000000401112990a002a020a002a0f1092109200303cdd54324e3101020001545254320000001000000000000c000003bbe742010000000000016700000010
CAPTURE 1 11481374736 5254001234025254001234010800450000388312400040114f920a002a0f0a002a02109210920024a09254324e310104000054525432000000000000001000000000c241c7a0
CAPTURE 1 11524117936 525400123402525400123401080045000044831d400040114f7b0a002a0f0a002a02109210920030167954324e3101010001545254320000001100000000000c0000c06a525b010000000000000200000011
CAPTURE 1 11540904592 52540012340152540012340208004500003800000000401112a50a002a020a002a0f109210920024815554324e310104000054525432000000000000001100000000d53ad3e3
CAPTURE 1 11541513696 52540012340152540012340208004500004400000000401112990a002a020a002a0f109210920030220b54324e3101020001545254320000001100000000000c000024b7e11a010000000000016300000011
CAPTURE 1 11580622768 5254001234025254001234010800450000388326400040114f7e0a002a0f0a002a02109210920024815554324e310104000054525432000000000000001100000000d53ad3e3
CAPTURE 1 11621617280 525400123402525400123401080045000044832c400040114f6c0a002a0f0a002a0210921092003006fc54324e3101010001545254320000001200000000000c00006c8eb5b2010000000000000200000012
CAPTURE 1 11626711136 52540012340152540012340208004500003800000000401112a50a002a020a002a0f1092109200244e9454324e310104000054525432000000000000001200000000ecb7ef26
CAPTURE 1 11638321872 52540012340152540012340208004500004400000000401112990a002a020a002a0f109210920030dbc654324e3101020001545254320000001200000000000c0000cff37c23010000000000016000000012
CAPTURE 1 11679527920 5254001234025254001234010800450000388339400040114f6b0a002a0f0a002a021092109200244e9454324e310104000054525432000000000000001200000000ecb7ef26
CAPTURE 1 11720747792 5254001234025254001234010800450000448340400040114f580a002a0f0a002a02109210920030176c54324e3101010001545254320000001300000000000c00003142e08a010000000000000400000013
CAPTURE 1 11736007776 52540012340152540012340208004500003800000000401112a50a002a020a002a0f109210920024333f54324e310104000054525432000000000000001300000000fbccfb65
CAPTURE 1 11737755296 52540012340152540012340208004500004400000000401112990a002a020a002a0f1092109200302da154324e3101020001545254320000001300000000000c00001d7fdcbb010000000000016000000013
CAPTURE 1 11776100016 5254001234025254001234010800450000388344400040114f600a002a0f0a002a02109210920024333f54324e310104000054525432000000000000001300000000fbccfb65
CAPTURE 1 11817363792 525400123402525400123401080045000044834a400040114f4e0a002a0f0a002a021092109200303e3f54324e3101010001545254320000001400000000000c000061768981010000000000000400000014
CAPTURE 1 11832575264 52540012340152540012340208004500003800000000401112a50a002a020a002a0f109210920024f41654324e3101040000545254320000000000000014000000009fad96ac
CAPTURE 1 11833153696 52540012340152540012340208004500004400000000401112990a002a020a002a0f10921092003024de54324e3101020001545254320000001400000000000c00004d4bb5b0010000000000016000000014
CAPTURE 1 11869879616 525400123402525400123401080045000038834e400040114f560a002a0f0a002a02109210920024f41654324e3101040000545254320000000000000014000000009fad96ac
CAPTURE 1 11917164432 5254001234025254001234010800450000448357400040114f410a002a0f0a002a021092109200304c2154324e3101010001545254320000001500000000000c0000b3fa2919010000000000000400000015
CAPTURE 1 11932308400 52540012340152540012340208004500003800000000401112a50a002a020a002a0f1092109200241eaa54324e31010400005452543200000000000000150000000088d682ef
CAPTURE 1 11934148528 52540012340152540012340208004500004400000000401112990a002a020a002a0f10921092003072e854324e3101020001545254320000001500000000000c00009fc71528010000000000016000000015
CAPTURE 1 11971572096 525400123402525400123401080045000038835b400040114f490a002a0f0a002a021092109200241eaa54324e31010400005452543200000000000000150000000088d682ef
CAPTURE 1 12177574224 525400123401525400123402080045000040000000004011129d0a002a020a002a0f10921092002cf84f54324e310105000054525432000000000000000000080000dad532f20000000000002454
CAPTURE 1 12201351280 525400123402525400123401080045000044837f400040114f190a002a0f0a002a021092109200303b2454324e3101010001545254320000001600000000000c00001f1ecef0010000000000000400000016
CAPTURE 1 12216996256 52540012340152540012340208004500003800000000401112a50a002a020a002a0f109210920024bae854324e310104000054525432000000000000001600000000b15bbe2a
CAPTURE 1 12218171360 52540012340152540012340208004500004400000000401112990a002a020a002a0f10921092003001f154324e3101020001545254320000001600000000000c00003323f2c1010000000000016000000016
CAPTURE 1 12260510880 525400123402525400123401080045000040838e400040114f0e0a002a0f0a002a0210921092002c770154324e310105000054525432000000000000000000080000b991ecb30000000000000d25
CAPTURE 1 12286386416 5254001234025254001234010800450000388394400040114f100a002a0f0a002a02109210920024bae854324e310104000054525432000000000000001600000000b15bbe2a
CAPTURE 1 12324945840 525400123402525400123401080045000044839a400040114efe0a002a0f0a002a02109210920030ed3554324e3101010001545254320000001700000000000c0000cd926e68010000000000000400000017
CAPTURE 1 12336016176 52540012340152540012340208004500003800000000401112a50a002a020a002a0f109210920024d9e354324e310104000054525432000000000000001700000000a620aa69
CAPTURE 1 12342276736 52540012340152540012340208004500004400000000401112990a002a020a002a0f109210920030f3ca54324e3101020001545254320000001700000000000c0000e1af5259010000000000016000000017
CAPTURE 1 12389952896 52540012340252540012340108004500003883a0400040114f040a002a0f0a002a02109210920024d9e354324e310104000054525432000000000000001700000000a620aa69
CAPTURE 1 12432395136 52540012340252540012340108004500004483a1400040114ef70a002a0f0a002a021092109200304cd254324e3101010001545254320000001800000000000c0000bf761ce6010000000000000400000018
CAPTURE 1 12447444128 52540012340152540012340208004500003800000000401112a50a002a020a002a0f1092109200244b1b54324e310104000054525432000000000000001800000000799965b8
CAPTURE 1 12449450416 52540012340152540012340208004500004400000000401112990a002a020a002a0f10921092003073af54324e3101020001545254320000001800000000000c0000934b20d7010000000000016000000018
CAPTURE 1 12491893120 52540012340252540012340108004500003883a9400040114efb0a002a0f0a002a021092109200244b1b54324e310104000054525432000000000000001800000000799965b8
CAPTURE 1 12718872992 52540012340252540012340108004500004483d7400040114ec10a002a0f0a002a02109210920030feb354324e3101010001545254320000001900000000000c00006dfabc7e010000000000000400000019
CAPTURE 1 12734397520 52540012340152540012340208004500003800000000401112a50a002a020a002a0f109210920024498e54324e3101040000545254320000000000000019000000006ee271fb
CAPTURE 1 12735268832 52540012340152540012340208004500004400000000401112990a002a020a002a0f10921092003065b954324e3101020001545254320000001900000000000c000041c7804f010000000000016000000019
CAPTURE 1 12777493216 52540012340252540012340108004500004083e1400040114ebb0a002a0f0a002a0210921092002c8fbf54324e310105000054525432000000000000000000080000857c06030000000000000f2d
CAPTURE 1 12788814288 52540012340252540012340108004500003883e4400040114ec00a002a0f0a002a02109210920024498e54324e3101040000545254320000000000000019000000006ee271fb
CAPTURE 1 12833348944 52540012340252540012340108004500004483e9400040114eaf0a002a0f0a002a021092109200300c7554324e3101010001545254320000001a00000000000c0000c11e5b9701000000000000040000001a
CAPTURE 1 12845989200 52540012340152540012340208004500003800000000401112a50a002a020a002a0f10921092002485bd54324e310104000054525432000000000000001a00000000576f4d3e
CAPTURE 1 12851085568 52540012340152540012340208004500004400000000401112990a002a020a002a0f109210920030d30354324e3101020001545254320000001a00000000000c0000ed2367a601000000000001600000001a
CAPTURE 1 12891215744 52540012340252540012340108004500003883f7400040114ead0a002a0f0a002a0210921092002485bd54324e310104000054525432000000000000001a00000000576f4d3e
CAPTURE 1 12934601520 5254001234025254001234010800450000448401400040114e970a002a0f0a002a021092109200301a8754324e3101010001545254320000001b00000000000c00001392fb0f01000000000000040000001b
CAPTURE 1 12950347440 52540012340152540012340208004500003800000000401112a50a002a020a002a0f10921092002490d854324e310104000054525432000000000000001b000000004014597d
CAPTURE 1 12951486416 52540012340152540012340208004500004400000000401112990a002a020a002a0f10921092003020de54324e3101020001545254320000001b00000000000c00003fafc73e01000000000001600000001b
CAPTURE 1 12988367520 525400123402525400123401080045000038840b400040114e990a002a0f0a002a0210921092002490d854324e310104000054525432000000000000001b000000004014597d
CAPTURE 1 13027206944 5254001234025254001234010800450000448415400040114e830a002a0f0a002a02109210920030537c54324e3101010001545254320000001c00000000000c000043a6920401000000000000040000001c
CAPTURE 1 13042296016 52540012340152540012340208004500003800000000401112a50a002a020a002a0f109210920024d13f54324e310104000054525432000000000000001c00000000247534b4
CAPTURE 1 13043194464 52540012340152540012340208004500004400000000401112990a002a020a002a0f10921092003009f954324e3101020001545254320000001c00000000000c00006f9bae3501000000000001600000001c
CAPTURE 1 13080224528 5254001234025254001234010800450000388417400040114e8d0a002a0f0a002a02109210920024d13f54324e310104000054525432000000000000001c00000000247534b4
CAPTURE 1 13299338912 525400123401525400123402080045000040000000004011129d0a002a020a002a0f10921092002c8bc654324e310105000054525432000000000000000000080000d66a9f8600000000000028b4
CAPTURE 1 13332923872 5254001234025254001234010800450000448435400040114e630a002a0f0a002a02109210920030655e54324e3101010001545254320000001d00000000000c0000912a329c01000000000000040000001d
CAPTURE 1 13349260416 52540012340152540012340208004500003800000000401112a50a002a020a002a0f109210920024d66254324e310104000054525432000000000000001d00000000330e20f7
CAPTURE 1 13350178944 52540012340152540012340208004500004400000000401112990a002a020a002a0f1092109200305c0354324e3101020001545254320000001d00000000000c0000bd170ead01000000000001600000001d
CAPTURE 1 13395356272 5254001234025254001234010800450000408437400040114e650a002a0f0a002a0210921092002cbe7454324e31010500005452543200000000000000000008000093eac67b0000000000001191
CAPTURE 1 13421808016 525400123402525400123401080045000038843c400040114e680a002a0f0a002a02109210920024d66254324e310104000054525432000000000000001d00000000330e20f7
CAPTURE 1 13463276144 5254001234025254001234010800450000448440400040114e580a002a0f0a002a0210921092003015df54324e3101010001545254320000001e00000000000c00003dced57501000000000000040000001e
CAPTURE 1 13479125712 52540012340152540012340208004500003800000000401112a50a002a020a002a0f10921092002403b254324e310104000054525432000000000000001e000000000a831c32
CAPTURE 1 13481290048 52540012340152540012340208004500004400000000401112990a002a020a002a0f1092109200302c8e54324e3101020001545254320000001e00000000000c000011f3e94401000000000001600000001e
CAPTURE 1 13522532000 5254001234025254001234010800450000388448400040114e5c0a002a0f0a002a0210921092002403b254324e310104000054525432000000000000001e000000000a831c32
CAPTURE 1 13563568464 525400123402525400123401080045000044844f400040114e490a002a0f0a002a02109210920030c3f054324e3101010001545254320000001f00000000000c0000ef4275ed01000000000000040000001f
CAPTURE 1 13578417056 52540012340152540012340208004500003800000000401112a50a002a020a002a0f10921092002403fd54324e310104000054525432000000000000001f000000001df80871
CAPTURE 1 13579377920 52540012340152540012340208004500004400000000401112990a002a020a002a0f1092109200301a6854324e3101020001545254320000001f00000000000c0000c37f49dc01000000000001600000001f
CAPTURE 1 13621681056 525400123402525400123401080045000038845d400040114e470a002a0f0a002a0210921092002403fd54324e310104000054525432000000000000001f000000001df80871
CAPTURE 1 13842434944 525400123401525400123402080045000040000000004011129d0a002a020a002a0f10921092002cffdf54324e3101050000545254320000000000000000000800004e56b15b0000000000002ada
CAPTURE 1 13865358512 525400123402525400123401080045000044849a400040114dfe0a002a0f0a002a02109210920030775b54324e3101010001545254320000002000000000000c000053465e7d010000000000000400000020
CAPTURE 1 13881560736 52540012340152540012340208004500003800000000401112a50a002a020a002a0f109210920024368254324e310104000054525432000000000000002000000000ec700772
CAPTURE 1 13882438752 52540012340152540012340208004500004400000000401112990a002a020a002a0f10921092003045fa54324e3101020001545254320000002000000000000c00007f7b624c010000000000016000000020
CAPTURE 1 13928637648 525400123402525400123401080045000040849d400040114dff0a002a0f0a002a0210921092002ceaf854324e310105000054525432000000000000000000080000fed92cf100000000000013a8
CAPTURE 1 13955149360 52540012340252540012340108004500003884a1400040114e030a002a0f0a002a02109210920024368254324e310104000054525432000000000000002000000000ec700772
CAPTURE 1 13997004400 52540012340252540012340108004500004484a4400040114df40a002a0f0a002a02109210920030548054324e3101010001545254320000002100000000000c0000886449bc010000000000028000000021
CAPTURE 1 14013452016 52540012340152540012340208004500003800000000401112a50a002a020a002a0f1092109200241c2754324e310104000054525432000000000000002100000000fb0b1331
CAPTURE 1 14014167440 52540012340152540012340208004500004400000000401112990a002a020a002a0f109210920030800154324e3101020001545254320000002100000000000c0000ebe0bb00010000000000023d00000021
CAPTURE 1 14054357600 52540012340252540012340108004500003884ad400040114df70a002a0f0a002a021092109200241c2754324e310104000054525432000000000000002100000000fb0b1331
CAPTURE 1 14097866576 52540012340252540012340108004500004484af400040114de90a002a0f0a002a02109210920030191454324e3101010001545254320000002200000000000c0000ec602125010000000000028500000022
CAPTURE 1 14102415168 52540012340152540012340208004500003800000000401112a50a002a020a002a0f10921092002437e854324e310104000054525432000000000000002200000000c2862ff4
CAPTURE 1 14114335232 52540012340152540012340208004500004400000000401112990a002a020a002a0f109210920030c7ca54324e3101020001545254320000002200000000000c00008132dd6a01000000000002b600000022
CAPTURE 1 14164854672 52540012340252540012340108004500003884b1400040114df30a002a0f0a002a0210921092002437e854324e310104000054525432000000000000002200000000c2862ff4
CAPTURE 1 14396592032 52540012340252540012340108004500004484cf400040114dc90a002a0f0a002a02109210920030980d54324e3101010001545254320000002300000000000c00000c188280010000000000027700000023
CAPTURE 1 14411824800 52540012340152540012340208004500003800000000401112a50a002a020a002a0f10921092002418ad54324e310104000054525432000000000000002300000000d5fd3bb7
CAPTURE 1 14414216544 52540012340152540012340208004500004400000000401112990a002a020a002a0f109210920030d05754324e3101020001545254320000002300000000000c00005bddf9f801000000000002ee00000023
CAPTURE 1 14445375360 52540012340252540012340108004500004084d2400040114dca0a002a0f0a002a0210921092002c4ccb54324e31010500005452543200000000000000000008000055e1720d00000000000015b2
CAPTURE 1 14456674736 52540012340252540012340108004500003884d4400040114dd00a002a0f0a002a0210921092002418ad54324e310104000054525432000000000000002300000000d5fd3bb7
CAPTURE 1 14498670224 52540012340252540012340108004500004484de400040114dba0a002a0f0a002a02109210920030afa954324e3101010001545254320000002400000000000c0000af19c7b201000000000002a500000024
CAPTURE 1 14514310064 52540012340152540012340208004500003800000000401112a50a002a020a002a0f109210920024224654324e310104000054525432000000000000002400000000b19c567e
CAPTURE 1 14515095888 52540012340152540012340208004500004400000000401112990a002a020a002a0f1092109200301c4454324e3101020001545254320000002400000000000c00003aa1cf1b010000000000031900000024
CAPTURE 1 14553760256 52540012340252540012340108004500003884e1400040114dc30a002a0f0a002a02109210920024224654324e310104000054525432000000000000002400000000b19c567e
CAPTURE 1 14600395504 52540012340252540012340108004500004484e8400040114db00a002a0f0a002a02109210920030bdb154324e3101010001545254320000002500000000000c00007b20edd3010000000000027300000025
CAPTURE 1 14617172976 52540012340152540012340208004500003800000000401112a50a002a020a002a0f109210920024413b54324e310104000054525432000000000000002500000000a6e7423d
CAPTURE 1 14617795888 52540012340152540012340208004500004400000000401112990a002a020a002a0f109210920030562c54324e3101020001545254320000002500000000000c000092ed3ce3010000000000031b00000025
CAPTURE 1 14655901008 52540012340252540012340108004500003884f2400040114db20a002a0f0a002a02109210920024413b54324e310104000054525432000000000000002500000000a6e7423d
CAPTURE 1 14695034208 52540012340252540012340108004500004484fc400040114d9c0a002a0f0a002a021092109200300e8754324e3101010001545254320000002600000000000c0000d54042c6010000000000028900000026
CAPTURE 1 14705959808 52540012340152540012340208004500003800000000401112a50a002a020a002a0f1092109200240bfc54324e3101040000545254320000000000000026000000009f6a7ef8
CAPTURE 1 14710208816 52540012340152540012340208004500004400000000401112990a002a020a002a0f109210920030141c54324e3101020001545254320000002600000000000c00001d78f45d010000000000032400000026
CAPTURE 1 14733253696 33330000000252540012340186dd6000000000103afffe80000000000000505400fffe123401ff0200000000000000000000000000028500725f000000000101525400123401
CAPTURE 1 14760594992 52540012340252540012340108004500003884fd400040114da70a002a0f0a002a021092109200240bfc54324e3101040000545254320000000000000026000000009f6a7ef8
CAPTURE 1 14967390192 525400123401525400123402080045000040000000004011129d0a002a020a002a0f10921092002cc09f54324e310105000054525432000000000000000000080000932ba7660000000000002f3a
CAPTURE 1 14994527296 5254001234025254001234010800450000448513400040114d850a002a0f0a002a021092109200302b6354324e3101010001545254320000002700000000000c0000859c758f010000000000028600000027
CAPTURE 1 15005982752 52540012340152540012340208004500003800000000401112a50a002a020a002a0f109210920024379154324e31010400005452543200000000000000270000000088116abb
CAPTURE 1 15011808112 52540012340152540012340208004500004400000000401112990a002a020a002a0f1092109200306f8354324e3101020001545254320000002700000000000c000088542e15010000000000032700000027
CAPTURE 1 15047080992 525400123402525400123401080045000040851b400040114d810a002a0f0a002a0210921092002c6a4d54324e3101050000545254320000000000000000000800002c437bd50000000000001806
CAPTURE 1 15072958400 525400123402525400123401080045000038851c400040114d880a002a0f0a002a02109210920024379154324e31010400005452543200000000000000270000000088116abb
CAPTURE 1 15119469536 5254001234025254001234010800450000448520400040114d780a002a0f0a002a021092109200302dc254324e3101010001545254320000002800000000000c0000ca182eb1010000000000028700000028
CAPTURE 1 15134730928 52540012340152540012340208004500003800000000401112a50a002a020a002a0f1092109200242d4a54324e31010400005452543200000000000000280000000057a8a56a
CAPTURE 1 15135793184 52540012340152540012340208004500004400000000401112990a002a020a002a0f109210920030e1be54324e3101020001545254320000002800000000000c000078e0cb4a010000000000032800000028
CAPTURE 1 15184460592 5254001234025254001234010800450000388530400040114d740a002a0f0a002a021092109200242d4a54324e31010400005452543200000000000000280000000057a8a56a
CAPTURE 1 15227759328 5254001234025254001234010800450000448531400040114d670a002a0f0a002a021092109200304e9b54324e3101010001545254320000002900000000000c0000a7a43048010000000000028900000029
CAPTURE 1 15243005792 52540012340152540012340208004500003800000000401112a50a002a020a002a0f109210920024385f54324e31010400005452543200000000000000290000000040d3b129
CAPTURE 1 15245042208 52540012340152540012340208004500004400000000401112990a002a020a002a0f1092109200301c8754324e3101020001545254320000002900000000000c0000d0ac38b2010000000000032a00000029
CAPTURE 1 15283682880 5254001234025254001234010800450000388532400040114d720a002a0f0a002a02109210920024385f54324e31010400005452543200000000000000290000000040d3b129
CAPTURE 1 15507770448 525400123401525400123402080045000040000000004011129d0a002a020a002a0f10921092002c3fdd54324e310105000054525432000000000000000000080000036eb5ca0000000000003156
CAPTURE 1 15531853392 525400123402525400123401080045000044854c400040114d4c0a002a0f0a002a02109210920030f25454324e3101010001545254320000002a00000000000c00003620fe1101000000000002880000002a
CAPTURE 1 15547994128 52540012340152540012340208004500003800000000401112a50a002a020a002a0f109210920024231054324e310104000054525432000000000000002a00000000795e8dec
CAPTURE 1 15550171568 52540012340152540012340208004500004400000000401112990a002a020a002a0f109210920030edce54324e3101020001545254320000002a00000000000c00004128f6eb010000000000032b0000002a
CAPTURE 1 15583193616 5254001234025254001234010800450000408553400040114d490a002a0f0a002a0210921092002ce49654324e3101050000545254320000000000000000000800007a1eb1970000000000001a1f
CAPTURE 1 15608723728 5254001234025254001234010800450000388556400040114d4e0a002a0f0a002a02109210920024231054324e310104000054525432000000000000002a00000000795e8dec
CAPTURE 1 15650850000 525400123402525400123401080045000044855a400040114d3e0a002a0f0a002a02109210920030d57d54324e3101010001545254320000002b00000000000c0000d9cc773901000000000002890000002b
CAPTURE 1 15666047536 52540012340152540012340208004500003800000000401112a50a002a020a002a0f109210920024228554324e310104000054525432000000000000002b000000006e2599af
CAPTURE 1 15667139648 52540012340152540012340208004500004400000000401112990a002a020a002a0f10921092003079f854324e3101020001545254320000002b00000000000c000021848a63010000000000032c0000002b
CAPTURE 1 15706514736 5254001234025254001234010800450000388567400040114d3d0a002a0f0a002a02109210920024228554324e310104000054525432000000000000002b000000006e2599af
CAPTURE 1 15748956864 525400123402525400123401080045000044856e400040114d2a0a002a0f0a002a021092109200303a6854324e3101010001545254320000002c00000000000c0000b498378201000000000002880000002c
CAPTURE 1 15763261568 52540012340152540012340208004500003800000000401112a50a002a020a002a0f1092109200242bae54324e310104000054525432000000000000002c000000000a44f466
CAPTURE 1 15765762672 52540012340152540012340208004500004400000000401112990a002a020a002a0f10921092003022d654324e3101020001545254320000002c00000000000c0000c3903f78010000000000032b0000002c
CAPTURE 1 15803140080 5254001234025254001234010800450000388577400040114d2d0a002a0f0a002a021092109200242bae54324e310104000054525432000000000000002c000000000a44f466
CAPTURE 1 16055418416 5254001234025254001234010800450000448580400040114d180a002a0f0a002a02109210920030453054324e3101010001545254320000002d00000000000c00001cd4c47a010000000000028a0000002d
CAPTURE 1 16066046544 52540012340152540012340208004500003800000000401112a50a002a020a002a0f1092109200242cf354324e310104000054525432000000000000002d000000001d3fe025
CAPTURE 1 16073468080 52540012340152540012340208004500004400000000401112990a002a020a002a0f1092109200303eaf54324e3101020001545254320000002d00000000000c0000a33c43f0010000000000032c0000002d
CAPTURE 1 16117742912 5254001234025254001234010800450000408582400040114d1a0a002a0f0a002a0210921092002c0b2954324e3101050000545254320000000000000000000800001047f2c00000000000001c3b
CAPTURE 1 16130490880 5254001234025254001234010800450000388585400040114d1f0a002a0f0a002a021092109200242cf354324e310104000054525432000000000000002d000000001d3fe025
CAPTURE 1 16175032352 525400123402525400123401080045000044858b400040114d0d0a002a0f0a002a02109210920030d5a954324e3101010001545254320000002e00000000000c0000f790594301000000000002890000002e
CAPTURE 1 16190938912 52540012340152540012340208004500003800000000401112a50a002a020a002a0f10921092002428c454324e310104000054525432000000000000002e0000000024b2dce0
CAPTURE 1 16192954752 52540012340152540012340208004500004400000000401112990a002a020a002a0f109210920030efd854324e3101020001545254320000002e00000000000c0000bdf87809010000000000032b0000002e
CAPTURE 1 16235970512 5254001234025254001234010800450000388597400040114d0d0a002a0f0a002a0210921092002428c454324e310104000054525432000000000000002e0000000024b2dce0
CAPTURE 1 16280572704 52540012340252540012340108004500004485a0400040114cf80a002a0f0a002a021092109200301be254324e3101010001545254320000002f00000000000c00005fdcaabb010000000000028b0000002f
CAPTURE 1 16296989632 52540012340152540012340208004500003800000000401112a50a002a020a002a0f1092109200242de954324e310104000054525432000000000000002f0000000033c9c8a3
CAPTURE 1 16298204432 52540012340152540012340208004500004400000000401112990a002a020a002a0f109210920030440254324e3101020001545254320000002f00000000000c0000dd540481010000000000032c0000002f
CAPTURE 1 16348779648 52540012340252540012340108004500003885ab400040114cf90a002a0f0a002a021092109200242de954324e310104000054525432000000000000002f0000000033c9c8a3
CAPTURE 1 16391130704 52540012340252540012340108004500004485b0400040114ce80a002a0f0a002a0210921092003009f154324e3101010001545254320000003000000000000c000055f8c68f010000000000028a00000030
CAPTURE 1 16596770400 52540012340152540012340208004500003800000000401112a50a002a020a002a0f109210920024a4a154324e31010400005452543200000000000000300000000040b04503
CAPTURE 1 16597494480 52540012340152540012340208004500004400000000401112990a002a020a002a0f109210920030fabf54324e3101020001545254320000003000000000000c0000ea104105010000000000032c00000030
CAPTURE 1 16626471392 52540012340252540012340108004500004085d2400040114cca0a002a0f0a002a0210921092002c040454324e3101050000545254320000000000000000000800002bc7dc690000000000001e37
CAPTURE 1 16637712224 52540012340252540012340108004500003885d4400040114cd00a002a0f0a002a02109210920024a4a154324e31010400005452543200000000000000300000000040b04503
CAPTURE 1 16688623648 52540012340252540012340108004500004485dd400040114cbb0a002a0f0a002a021092109200301cba54324e3101010001545254320000003100000000000c0000ba144fa7010000000000028b00000031
CAPTURE 1 16705959760 52540012340152540012340208004500003800000000401112a50a002a020a002a0f109210920024814854324e31010400005452543200000000000000310000000057cb5140
CAPTURE 1 16706748896 52540012340152540012340208004500004400000000401112990a002a020a002a0f1092109200300b9a54324e3101020001545254320000003100000000000c0000389ce19d010000000000032c00000031
CAPTURE 1 16758470000 52540012340252540012340108004500003885ed400040114cb70a002a0f0a002a02109210920024814854324e31010400005452543200000000000000310000000057cb5140
CAPTURE 1 16802503296 52540012340252540012340108004500004485ee400040114caa0a002a0f0a002a02109210920030673554324e3101010001545254320000003200000000000c000016f0a84e010000000000028b00000032
CAPTURE 1 16817688352 52540012340152540012340208004500003800000000401112a50a002a020a002a0f1092109200244e8754324e3101040000545254320000000000000032000000006e466d85
CAPTURE 1 16818553600 52540012340152540012340208004500004400000000401112990a002a020a002a0f1092109200308ae554324e3101020001545254320000003200000000000c000094780674010000000000032c00000032
CAPTURE 1 16868562112 52540012340252540012340108004500003885ef400040114cb50a002a0f0a002a021092109200244e8754324e3101040000545254320000000000000032000000006e466d85
CAPTURE 1 16908895360 52540012340252540012340108004500004485f6400040114ca20a002a0f0a002a02109210920030591f54324e3101010001545254320000003300000000000c0000c47c08d6010000000000028b00000033
CAPTURE 1 16925324752 52540012340152540012340208004500003800000000401112a50a002a020a002a0f109210920024374e54324e310104000054525432000000000000003300000000793d79c6
CAPTURE 1 16927069904 52540012340152540012340208004500004400000000401112990a002a020a002a0f10921092003037ef54324e3101020001545254320000003300000000000c000046f4a6ec010000000000032c00000033
CAPTURE 1 16966425408 52540012340252540012340108004500003885fd400040114ca70a002a0f0a002a02109210920024374e54324e310104000054525432000000000000003300000000793d79c6
CAPTURE 1 17166422016 525400123401525400123402080045000040000000004011129d0a002a020a002a0f10921092002cdd4254324e310105000054525432000000000000000000080000bfe1557500000000000037d2
CAPTURE 1 17191250736 5254001234025254001234010800450000448613400040114c850a002a0f0a002a02109210920030423954324e3101010001545254320000003400000000000c00002668bdcd010000000000028c00000034
CAPTURE 1 17208270080 52540012340152540012340208004500003800000000401112a50a002a020a002a0f109210920024f8e554324e3101040000545254320000000000000034000000001d5c140f
CAPTURE 1 17208967872 52540012340152540012340208004500004400000000401112990a002a020a002a0f1092109200303f2654324e3101020001545254320000003400000000000c000016c0cfe7010000000000032c00000034
CAPTURE 1 17243069168 5254001234025254001234010800450000408616400040114c860a002a0f0a002a0210921092002c2f2b54324e310105000054525432000000000000000000080000c2651841000000000000209a
CAPTURE 1 17268155728 5254001234025254001234010800450000388619400040114c8b0a002a0f0a002a02109210920024f8e554324e3101040000545254320000000000000034000000001d5c140f
CAPTURE 1 17312194720 525400123402525400123401080045000044861c400040114c7c0a002a0f0a002a02109210920030143354324e3101010001545254320000003500000000000c0000f4e41d55010000000000028c00000035
CAPTURE 1 17329241248 52540012340152540012340208004500003800000000401112a50a002a020a002a0f1092109200241fdd54324e3101040000545254320000000000000035000000000a27004c
CAPTURE 1 17330313920 52540012340152540012340208004500004400000000401112990a002a020a002a0f109210920030f1ff54324e3101020001545254320000003500000000000c0000c44c6f7f010000000000032c00000035
CAPTURE 1 17382982400 525400123402525400123401080045000038861e400040114c860a002a0f0a002a021092109200241fdd54324e3101040000545254320000000000000035000000000a27004c
CAPTURE 1 17424114800 5254001234025254001234010800450000448628400040114c700a002a0f0a002a02109210920030d3ad54324e3101010001545254320000003600000000000c00005800fabc010000000000028c00000036
CAPTURE 1 17438924000 52540012340152540012340208004500003800000000401112a50a002a020a002a0f109210920024ba1b54324e31010400005452543200000000000000360000000033aa3c89
CAPTURE 1 17440832336 52540012340152540012340208004500004400000000401112990a002a020a002a0f109210920030348b54324e3101020001545254320000003600000000000c000068a88896010000000000032c00000036
CAPTURE 1 17480091536 5254001234025254001234010800450000388633400040114c710a002a0f0a002a02109210920024ba1b54324e31010400005452543200000000000000360000000033aa3c89
CAPTURE 1 17706773184 525400123401525400123402080045000040000000004011129d0a002a020a002a0f10921092002cddf454324e3101050000545254320000000000000000000800000e0d047c00000000000039ee
CAPTURE 1 17730950736 5254001234025254001234010800450000448661400040114c370a002a0f0a002a0210921092003041b854324e3101010001545254320000003700000000000c00008a8c5a24010000000000028c00000037
CAPTURE 1 17746873888 52540012340152540012340208004500003800000000401112a50a002a020a002a0f109210920024dcb254324e31010400005452543200000000000000370000000024d128ca
CAPTURE 1 17748965216 52540012340152540012340208004500004400000000401112990a002a020a002a0f109210920030439554324e3101020001545254320000003700000000000c0000ba24280e010000000000032c00000037
CAPTURE 1 17780710656 5254001234025254001234010800450000408666400040114c360a002a0f0a002a0210921092002c649a54324e3101050000545254320000000000000000000800005b82479a00000000000022b5
CAPTURE 1 17807063840 5254001234025254001234010800450000388669400040114c3b0a002a0f0a002a02109210920024dcb254324e31010400005452543200000000000000370000000024d128ca
CAPTURE 1 17848261904 5254001234025254001234010800450000448670400040114c280a002a0f0a002a02109210920030604354324e3101010001545254320000003800000000000c0000c508011a010000000000028d00000038
CAPTURE 1 17864420368 52540012340152540012340208004500003800000000401112a50a002a020a002a0f10921092002447c854324e310104000054525432000000000000003800000000fb68e71b
CAPTURE 1 17864979408 52540012340152540012340208004500004400000000401112990a002a020a002a0f109210920030bcf354324e3101020001545254320000003800000000000c0000f5a07330010000000000032d00000038
CAPTURE 1 17904397520 5254001234025254001234010800450000388678400040114c2c0a002a0f0a002a0210921092002447c854324e310104000054525432000000000000003800000000fb68e71b
CAPTURE 1 17946822816 525400123402525400123401080045000044867a400040114c1e0a002a0f0a002a02109210920030397f54324e3101010001545254320000003900000000000c000098c45422010000000000028b00000039
CAPTURE 1 17961218624 52540012340152540012340208004500003800000000401112a50a002a020a002a0f1092109200244adf54324e310104000054525432000000000000003900000000ec13f358
CAPTURE 1 17962142704 52540012340152540012340208004500004400000000401112990a002a020a002a0f1092109200302aee54324e3101020001545254320000003900000000000c0000272cd3a8010000000000032d00000039
CAPTURE 1 18012285152 5254001234025254001234010800450000388680400040114c240a002a0f0a002a021092109200244adf54324e310104000054525432000000000000003900000000ec13f358
CAPTURE 1 18051315120 5254001234025254001234010800450000448685400040114c130a002a0f0a002a021092109200303e7854324e3101010001545254320000003a00000000000c00003420b3cb010000000000028b0000003a
CAPTURE 1 18262403008 52540012340152540012340208004500003800000000401112a50a002a020a002a0f109210920024850e54324e310104000054525432000000000000003a00000000d59ecf9d
CAPTURE 1 18263192736 52540012340152540012340208004500004400000000401112990a002a020a002a0f10921092003065b754324e3101020001545254320000003a00000000000c00008bc83441010000000000032d0000003a
CAPTURE 1 18290417760 525400123402525400123401080045000040868d400040114c0f0a002a0f0a002a0210921092002ca0ad54324e310105000054525432000000000000000000080000e3d6813000000000000024b7
CAPTURE 1 18301722688 5254001234025254001234010800450000388690400040114c140a002a0f0a002a02109210920024850e54324e310104000054525432000000000000003a00000000d59ecf9d
CAPTURE 1 18347616272 5254001234025254001234010800450000448697400040114c010a002a0f0a002a021092109200302c6254324e3101010001545254320000003b00000000000c0000e6ac1353010000000000028b0000003b
CAPTURE 1 18366602784 52540012340152540012340208004500003800000000401112a50a002a020a002a0f1092109200248b8554324e310104000054525432000000000000003b00000000c2e5dbde
CAPTURE 1 18367620416 52540012340152540012340208004500004400000000401112990a002a020a002a0f10921092003037a154324e3101020001545254320000003b00000000000c0000594494d9010000000000032d0000003b
CAPTURE 1 18407109728 525400123402525400123401080045000038869f400040114c050a002a0f0a002a021092109200248b8554324e310104000054525432000000000000003b00000000c2e5dbde
CAPTURE 1 18448459648 52540012340252540012340108004500004486a3400040114bf50a002a0f0a002a02109210920030f56e54324e3101010001545254320000003c00000000000c0000b6987a58010000000000028b0000003c
CAPTURE 1 18464947504 52540012340152540012340208004500003800000000401112a50a002a020a002a0f109210920024cdac54324e310104000054525432000000000000003c00000000a684b617
CAPTURE 1 18465975376 52540012340152540012340208004500004400000000401112990a002a020a002a0f1092109200301e7a54324e3101020001545254320000003c00000000000c00000970fdd2010000000000032d0000003c
CAPTURE 1 18516743776 52540012340252540012340108004500003886ad400040114bf70a002a0f0a002a02109210920024cdac54324e310104000054525432000000000000003c00000000a684b617
CAPTURE 1 18560916416 52540012340252540012340108004500004486b0400040114be80a002a0f0a002a02109210920030d97954324e3101010001545254320000003d00000000000c00005974f370010000000000028a0000003d
CAPTURE 1 18575266368 52540012340152540012340208004500003800000000401112a50a002a020a002a0f109210920024d5f354324e310104000054525432000000000000003d00000000b1ffa254
CAPTURE 1 18577299104 52540012340152540012340208004500004400000000401112990a002a020a002a0f109210920030ca2454324e3101020001545254320000003d00000000000c0000e69c74fa010000000000032c0000003d
CAPTURE 1 18616165536 52540012340252540012340108004500003886bc400040114be80a002a0f0a002a02109210920024d5f354324e310104000054525432000000000000003d00000000b1ffa254
CAPTURE 1 18830219728 525400123401525400123402080045000040000000004011129d0a002a020a002a0f10921092002c233054324e310105000054525432000000000000000000080000979a31530000000000003e4e
CAPTURE 1 18854534640 52540012340252540012340108004500004486d5400040114bc30a002a0f0a002a0210921092003005e454324e3101010001545254320000003e00000000000c0000b2306e4901000000000002890000003e
CAPTURE 1 18870286672 52540012340152540012340208004500003800000000401112a50a002a020a002a0f109210920024034354324e310104000054525432000000000000003e0000000088729e91
CAPTURE 1 18871312512 52540012340152540012340208004500004400000000401112990a002a020a002a0f109210920030de5e54324e3101020001545254320000003e00000000000c0000f8584f03010000000000032b0000003e
CAPTURE 1 18906875008 52540012340252540012340108004500004086da400040114bc20a002a0f0a002a0210921092002cada054324e310105000054525432000000000000000000080000f9955c1c0000000000002719
CAPTURE 1 18932633648 52540012340252540012340108004500003886db400040114bc90a002a0f0a002a02109210920024034354324e310104000054525432000000000000003e0000000088729e91
CAPTURE 1 18975983424 52540012340252540012340108004500004486e5400040114bb30a002a0f0a002a02109210920030ea7154324e3101010001545254320000003f00000000000c0000e2ec590001000000000002860000003f
CAPTURE 1 18992233472 52540012340152540012340208004500003800000000401112a50a002a020a002a0f109210920024006a54324e310104000054525432000000000000003f000000009f098ad2
CAPTURE 1 18992832096 52540012340152540012340208004500004400000000401112990a002a020a002a0f1092109200300b4954324e3101020001545254320000003f00000000000c00002ad4ef9b010000000000032b0000003f
CAPTURE 1 19027361632 52540012340252540012340108004500003886f1400040114bb30a002a0f0a002a02109210920024006a54324e310104000054525432000000000000003f000000009f098ad2
CAPTURE 1 19070758016 52540012340252540012340108004500004486fc400040114b9c0a002a0f0a002a02109210920030e39954324e3101010001545254320000004000000000000c00002c291698010000000000028800000040
CAPTURE 1 19085950400 52540012340152540012340208004500003800000000401112a50a002a020a002a0f109210920024f35a54324e310104000054525432000000000000004000000000b01386d6
CAPTURE 1 19086742496 52540012340152540012340208004500004400000000401112990a002a020a002a0f109210920030ac3354324e3101020001545254320000004000000000000c00005b211e62010000000000032b00000040
CAPTURE 1 19136383312 525400123402525400123401080045000038870a400040114b9a0a002a0f0a002a02109210920024f35a54324e310104000054525432000000000000004000000000b01386d6
CAPTURE 1 19372636944 525400123402525400123401080045000044872a400040114b6e0a002a0f0a002a02109210920030c2e154324e3101010001545254320000004100000000000c0000c3c59fb0010000000000028900000041
CAPTURE 1 19390847408 52540012340152540012340208004500003800000000401112a50a002a020a002a0f109210920024f04554324e310104000054525432000000000000004100000000a7689295
CAPTURE 1 19392946768 52540012340152540012340208004500004400000000401112990a002a020a002a0f109210920030873c54324e3101020001545254320000004100000000000c00003b8d62ea010000000000032c00000041
CAPTURE 1 19423019712 5254001234025254001234010800450000408737400040114b650a002a0f0a002a0210921092002c844654324e3101050000545254320000000000000000000800003f7e3d830000000000002924
CAPTURE 1 19434294176 5254001234025254001234010800450000388739400040114b6b0a002a0f0a002a02109210920024f04554324e310104000054525432000000000000004100000000a7689295
CAPTURE 1 19475845200 525400123402525400123401080045000044873b400040114b5d0a002a0f0a002a02109210920030495e54324e3101010001545254320000004200000000000c0000ed71ef88010000000000028600000042
CAPTURE 1 19492311216 52540012340152540012340208004500003800000000401112a50a002a020a002a0f109210920024dd0c54324e3101040000545254320000000000000042000000009ee5ae50
CAPTURE 1 19493042384 52540012340152540012340208004500004400000000401112990a002a020a002a0f1092109200309ce754324e3101020001545254320000004200000000000c0000182970a3010000000000032a00000042
CAPTURE 1 19530538912 525400123402525400123401080045000038873d400040114b670a002a0f0a002a02109210920024dd0c54324e3101040000545254320000000000000042000000009ee5ae50
CAPTURE 1 19577245968 525400123402525400123401080045000044873f400040114b590a002a0f0a002a02109210920030bd1854324e3101010001545254320000004300000000000c0000029d66a0010000000000028700000043
CAPTURE 1 19594275488 52540012340152540012340208004500003800000000401112a50a002a020a002a0f109210920024e68f54324e310104000054525432000000000000004300000000899eba13
CAPTURE 1 19594912304 52540012340152540012340208004500004400000000401112990a002a020a002a0f1092109200308ad054324e3101020001545254320000004300000000000c0000caa5d03b010000000000032a00000043
CAPTURE 1 19632786000 525400123402525400123401080045000038874b400040114b590a002a0f0a002a02109210920024e68f54324e310104000054525432000000000000004300000000899eba13
CAPTURE 1 19672150240 5254001234025254001234010800450000448754400040114b440a002a0f0a002a02109210920030907054324e3101010001545254320000004400000000000c00006fc9261b010000000000028600000044
CAPTURE 1 19686917760 52540012340152540012340208004500003800000000401112a50a002a020a002a0f109210920024646654324e310104000054525432000000000000004400000000edffd7da
CAPTURE 1 19688751648 52540012340152540012340208004500004400000000401112990a002a020a002a0f109210920030d1ed54324e3101020001545254320000004400000000000c00009a91b930010000000000032a00000044
CAPTURE 1 19726496720 5254001234025254001234010800450000388758400040114b4c0a002a0f0a002a02109210920024646654324e310104000054525432000000000000004400000000edffd7da
CAPTURE 1 19939623504 525400123401525400123402080045000040000000004011129d0a002a020a002a0f10921092002c862954324e31010500005452543200000000000000000008000054cf0ccf00000000000042a4
CAPTURE 1 19978353152 5254001234025254001234010800450000448787400040114b110a002a0f0a002a0210921092003088eb54324e3101010001545254320000004500000000000c0000c785d5e3010000000000028400000045
CAPTURE 1 19994232592 52540012340152540012340208004500003800000000401112a50a002a020a002a0f1092109200246c2154324e310104000054525432000000000000004500000000fa84c399
CAPTURE 1 20000446320 52540012340152540012340208004500004400000000401112990a002a020a002a0f109210920030e74554324e3101020001545254320000004500000000000c00009e96a068010000000000029300000045
CAPTURE 1 20043173952 525400123402525400123401080045000040878d400040114b0f0a002a0f0a002a0210921092002cd24654324e3101050000545254320000000000000000000800004b21e1780000000000002b8b
CAPTURE 1 20068317152 5254001234025254001234010800450000388792400040114b120a002a0f0a002a021092109200246c2154324e310104000054525432000000000000004500000000fa84c399
CAPTURE 1 20111161552 5254001234025254001234010800450000448798400040114b000a002a0f0a002a02109210920030f98554324e3101010001545254320000004600000000000c0000cf495ca0010000000000036700000046
CAPTURE 1 20126965248 52540012340152540012340208004500003800000000401112a50a002a020a002a0f10921092002467d854324e310104000054525432000000000000004600000000c309ff5c
CAPTURE 1 20129086320 52540012340152540012340208004500004400000000401112990a002a020a002a0f109210920030c0e954324e3101020001545254320000004600000000000c00003f6225f0010000000000029a00000046
CAPTURE 1 20167541648 525400123402525400123401080045000038879a400040114b0a0a002a0f0a002a0210921092002467d854324e310104000054525432000000000000004600000000c309ff5c
CAPTURE 1 20212782096 52540012340252540012340108004500004487a0400040114af80a002a0f0a002a021092109200301afe54324e3101010001545254320000004700000000000c00002e73db7b01000000000003e800000047
CAPTURE 1 20230148544 52540012340152540012340208004500003800000000401112a50a002a020a002a0f1092109200246aab54324e310104000054525432000000000000004700000000d472eb1f
CAPTURE 1 20230952576 52540012340152540012340208004500004400000000401112990a002a020a002a0f109210920030056954324e3101020001545254320000004700000000000c0000d5fd4aa301000000000002ca00000047
CAPTURE 1 20282420320 52540012340252540012340108004500003887a7400040114afd0a002a0f0a002a021092109200246aab54324e310104000054525432000000000000004700000000d472eb1f
CAPTURE 1 20494145968 525400123401525400123402080045000040000000004011129d0a002a020a002a0f10921092002c55eb54324e310105000054525432000000000000000000080000a89fe71600000000000044ca
CAPTURE 1 20521222336 52540012340252540012340108004500004487b8400040114ae00a002a0f0a002a021092109200301e5e54324e3101010001545254320000004800000000000c00005c97a9f501000000000003e800000048
CAPTURE 1 20539967136 52540012340152540012340208004500003800000000401112a50a002a020a002a0f109210920024f9a354324e3101040000545254320000000000000048000000000bcb24ce
CAPTURE 1 20540540800 52540012340152540012340208004500004400000000401112990a002a020a002a0f109210920030725f54324e3101020001545254320000004800000000000c000056a85ce801000000000002e200000048
CAPTURE 1 20576166608 52540012340252540012340108004500004087c6400040114ad60a002a0f0a002a0210921092002c62a854324e31010500005452543200000000000000000008000007a192830000000000002d9f
CAPTURE 1 20602755376 52540012340252540012340108004500003887c8400040114adc0a002a0f0a002a02109210920024f9a354324e3101040000545254320000000000000048000000000bcb24ce
CAPTURE 1 20644938912 52540012340252540012340108004500004487cb400040114acd0a002a0f0a002a021092109200308d6054324e3101010001545254320000004900000000000c00008e1b096d01000000000003e800000049
CAPTURE 1 20662375808 52540012340152540012340208004500003800000000401112a50a002a020a002a0f109210920024dcfe54324e3101040000545254320000000000000049000000001cb0308d
CAPTURE 1 20663526256 52540012340152540012340208004500004400000000401112990a002a020a002a0f109210920030b3cd54324e3101020001545254320000004900000000000c000006746ba101000000000002ed00000049
CAPTURE 1 20714846704 52540012340252540012340108004500003887d8400040114acc0a002a0f0a002a02109210920024dcfe54324e3101040000545254320000000000000049000000001cb0308d
CAPTURE 1 20756275120 52540012340252540012340108004500004487df400040114ab90a002a0f0a002a02109210920030136354324e3101010001545254320000004a00000000000c000022ffee8401000000000003e80000004a
CAPTURE 1 20771871536 52540012340152540012340208004500003800000000401112a50a002a020a002a0f109210920024f8b554324e310104000054525432000000000000004a00000000253d0c48
CAPTURE 1 20774322496 52540012340152540012340208004500004400000000401112990a002a020a002a0f10921092003051a054324e3101020001545254320000004a00000000000c000048208c1b01000000000002f20000004a
CAPTURE 1 20819603872 52540012340252540012340108004500003887ee400040114ab60a002a0f0a002a02109210920024f8b554324e310104000054525432000000000000004a00000000253d0c48
CAPTURE 1 21024402512 525400123401525400123402080045000040000000004011129d0a002a020a002a0f10921092002c444d54324e3101050000545254320000000000000000000800006e7d30c500000000000046dc
CAPTURE 1 21063450576 5254001234025254001234010800450000448807400040114a910a002a0f0a002a02109210920030e65454324e3101010001545254320000004b00000000000c0000f0734e1c01000000000003e80000004b
CAPTURE 1 21081050736 52540012340152540012340208004500003800000000401112a50a002a020a002a0f109210920024dfe854324e310104000054525432000000000000004b000000003246180b
CAPTURE 1 21082301840 52540012340152540012340208004500004400000000401112990a002a020a002a0f1092109200300cb754324e3101020001545254320000004b00000000000c0000288cf09301000000000002f50000004b
CAPTURE 1 21123748800 5254001234025254001234010800450000408815400040114a870a002a0f0a002a0210921092002cb8fb54324e310105000054525432000000000000000000080000c92e787d0000000000002fc4
CAPTURE 1 21150396960 5254001234025254001234010800450000388816400040114a8e0a002a0f0a002a02109210920024dfe854324e310104000054525432000000000000004b000000003246180b
CAPTURE 1 21193301984 5254001234025254001234010800450000448819400040114a7f0a002a0f0a002a021092109200305d8454324e3101010001545254320000004c00000000000c0000a047271701000000000003e80000004c
CAPTURE 1 21209988272 52540012340152540012340208004500003800000000401112a50a002a020a002a0f1092109200245e4f54324e310104000054525432000000000000004c00000000562775c2
CAPTURE 1 21210972320 52540012340152540012340208004500004400000000401112990a002a020a002a0f109210920030586254324e3101020001545254320000004c00000000000c00000278caf801000000000002f70000004c
CAPTURE 1 21264442592 5254001234025254001234010800450000388824400040114a800a002a0f0a002a021092109200245e4f54324e310104000054525432000000000000004c00000000562775c2
CAPTURE 1 21316135952 5254001234025254001234010800450000448827400040114a710a002a0f0a002a0210921092003023e854324e3101010001545254320000004d00000000000c0000f09b105e01000000000003e70000004d
CAPTURE 1 21331699888 52540012340152540012340208004500003800000000401112a50a002a020a002a0f109210920024875a54324e310104000054525432000000000000004d00000000415c6181
CAPTURE 1 21333780832 52540012340152540012340208004500004400000000401112990a002a020a002a0f109210920030ea7b54324e3101020001545254320000004d00000000000c0000d0f46a6001000000000002f70000004d
CAPTURE 1 21376247696 5254001234025254001234010800450000388832400040114a720a002a0f0a002a02109210920024875a54324e310104000054525432000000000000004d00000000415c6181
CAPTURE 1 21585470096 525400123401525400123402080045000040000000004011129d0a002a020a002a0f10921092002c475d54324e310105000054525432000000000000000000080000925407a40000000000004916
CAPTURE 1 21611212688 5254001234025254001234010800450000448861400040114a370a002a0f0a002a02109210920030e5b954324e3101010001545254320000004e00000000000c0000611fde0701000000000003e60000004e
CAPTURE 1 21626618416 52540012340152540012340208004500003800000000401112a50a002a020a002a0f109210920024542154324e310104000054525432000000000000004e0000000078d15d44
CAPTURE 1 21627553952 52540012340152540012340208004500004400000000401112990a002a020a002a0f109210920030402654324e3101020001545254320000004e00000000000c00004170a43901000000000002f60000004e
CAPTURE 1 21660405488 5254001234025254001234010800450000408867400040114a350a002a0f0a002a0210921092002c902754324e3101050000545254320000000000000000000800007904ef6200000000000031dd
CAPTURE 1 21686398608 525400123402525400123401080045000038886b400040114a390a002a0f0a002a02109210920024542154324e310104000054525432000000000000004e0000000078d15d44
CAPTURE 1 21732182288 5254001234025254001234010800450000448875400040114a230a002a0f0a002a021092109200302c5d54324e3101010001545254320000004f00000000000c0000f433044f01000000000003e50000004f
CAPTURE 1 21748711376 52540012340152540012340208004500003800000000401112a50a002a020a002a0f109210920024718454324e310104000054525432000000000000004f000000006faa4907
CAPTURE 1 21750197312 52540012340152540012340208004500004400000000401112990a002a020a002a0f1092109200308d3054324e3101020001545254320000004f00000000000c000093fc04a101000000000002f60000004f
CAPTURE 1 21800000704 5254001234025254001234010800450000388880400040114a240a002a0f0a002a02109210920024718454324e310104000054525432000000000000004f000000006faa4907
CAPTURE 1 21844105440 5254001234025254001234010800450000448881400040114a170a002a0f0a002a021092109200301f9b54324e3101010001545254320000005000000000000c0000c37741cb01000000000003e500000050
CAPTURE 1 21860475344 52540012340152540012340208004500003800000000401112a50a002a020a002a0f10921092002448ba54324e3101040000545254320000000000000050000000001cd3c4a7
CAPTURE 1 21861087216 52540012340152540012340208004500004400000000401112990a002a020a002a0f1092109200303fee54324e3101020001545254320000005000000000000c0000a4b8412501000000000002f600000050
CAPTURE 1 21899275904 5254001234025254001234010800450000388887400040114a1d0a002a0f0a002a0210921092002448ba54324e3101040000545254320000000000000050000000001cd3c4a7
CAPTURE 1 22136051712 52540012340252540012340108004500004488ae4000401149ea0a002a0f0a002a02109210920030318d54324e3101010001545254320000005100000000000c000011fbe15301000000000003e500000051
CAPTURE 1 22153193680 52540012340152540012340208004500003800000000401112a50a002a020a002a0f1092109200244da754324e3101040000545254320000000000000051000000000ba8d0e4
CAPTURE 1 22153784240 52540012340152540012340208004500004400000000401112990a002a020a002a0f109210920030cdd754324e3101020001545254320000005100000000000c00007634e1bd01000000000002f600000051
CAPTURE 1 22179028464 52540012340252540012340108004500004088b74000401149e50a002a0f0a002a0210921092002c8f3f54324e3101050000545254320000000000000000000800001d8149c300000000000033e8
CAPTURE 1 22190798768 52540012340252540012340108004500003888b84000401149ec0a002a0f0a002a021092109200244da754324e3101040000545254320000000000000051000000000ba8d0e4
CAPTURE 1 22239138400 52540012340252540012340108004500004488bb4000401149dd0a002a0f0a002a02109210920030610054324e3101010001545254320000005200000000000c0000bd1f06ba01000000000003e500000052
CAPTURE 1 22256067504 52540012340152540012340208004500003800000000401112a50a002a020a002a0f1092109200240bec54324e3101040000545254320000000000000052000000003225ec21
CAPTURE 1 22258388560 52540012340152540012340208004500004400000000401112990a002a020a002a0f10921092003044a354324e3101020001545254320000005200000000000c0000dad0065401000000000002f600000052
CAPTURE 1 22298406928 52540012340252540012340108004500003888bf4000401149e50a002a0f0a002a021092109200240bec54324e3101040000545254320000000000000052000000003225ec21
CAPTURE 1 22343149632 52540012340252540012340108004500004488c14000401149d70a002a0f0a002a021092109200300f2254324e3101010001545254320000005300000000000c00006f93a62201000000000003e500000053
CAPTURE 1 22360373680 52540012340152540012340208004500003800000000401112a50a002a020a002a0f1092109200240c7154324e310104000054525432000000000000005300000000255ef862
CAPTURE 1 22361114992 52540012340152540012340208004500004400000000401112990a002a020a002a0f109210920030769d54324e3101020001545254320000005300000000000c0000085ca6cc01000000000002f600000053
CAPTURE 1 22402751712 52540012340252540012340108004500003888c64000401149de0a002a0f0a002a021092109200240c7154324e310104000054525432000000000000005300000000255ef862
CAPTURE 1 22443668272 52540012340252540012340108004500004488c74000401149d10a002a0f0a002a02109210920030160554324e3101010001545254320000005400000000000c00003fa7cf2901000000000003e500000054
CAPTURE 1 22458723920 52540012340152540012340208004500003800000000401112a50a002a020a002a0f109210920024534654324e310104000054525432000000000000005400000000413f95ab
CAPTURE 1 22461155456 52540012340152540012340208004500004400000000401112990a002a020a002a0f109210920030fd9354324e3101020001545254320000005400000000000c00005868cfc701000000000002f600000054
CAPTURE 1 22499002112 52540012340252540012340108004500003888cf4000401149d50a002a0f0a002a02109210920024534654324e310104000054525432000000000000005400000000413f95ab
CAPTURE 1 22709305616 525400123401525400123402080045000040000000004011129d0a002a020a002a0f10921092002c7d7254324e310105000054525432000000000000000000080000bb8aa3f80000000000004d76
CAPTURE 1 22736446368 52540012340252540012340108004500004488f44000401149a40a002a0f0a002a02109210920030c7f654324e3101010001545254320000005500000000000c0000ed2b6fb101000000000003e500000055
CAPTURE 1 22752169088 52540012340152540012340208004500003800000000401112a50a002a020a002a0f109210920024520354324e310104000054525432000000000000005500000000564481e8
CAPTURE 1 22754154976 52540012340152540012340208004500004400000000401112990a002a020a002a0f1092109200302b7e54324e3101020001545254320000005500000000000c00008ae46f5f01000000000002f600000055
CAPTURE 1 22786914144 52540012340252540012340108004500004088f54000401149a70a002a0f0a002a0210921092002c1a8054324e3101050000545254320000000000000000000800000f46ca67000000000000363e
CAPTURE 1 22812529328 52540012340252540012340108004500003888f64000401149ae0a002a0f0a002a02109210920024520354324e310104000054525432000000000000005500000000564481e8
CAPTURE 1 22855161104 52540012340252540012340108004500004489014000401149970a002a0f0a002a021092109200305aaa54324e3101010001545254320000005600000000000c000041cf885801000000000003e500000056
CAPTURE 1 22871184704 52540012340152540012340208004500003800000000401112a50a002a020a002a0f109210920024fd3754324e3101040000545254320000000000000056000000006fc9bd2d
CAPTURE 1 22873308448 52540012340152540012340208004500004400000000401112990a002a020a002a0f109210920030770954324e3101020001545254320000005600000000000c0000260088b601000000000002f600000056
CAPTURE 1 22911354144 525400123402525400123401080045000038890c4000401149980a002a0f0a002a02109210920024fd3754324e3101040000545254320000000000000056000000006fc9bd2d
CAPTURE 1 22957657408 52540012340252540012340108004500004489154000401149830a002a0f0a002a0210921092003068cc54324e3101010001545254320000005700000000000c0000934328c001000000000003e500000057
CAPTURE 1 22962363136 52540012340152540012340208004500003800000000401112a50a002a020a002a0f109210920024080d54324e31010400005452543200000000000000570000000078b2a96e
CAPTURE 1 22973776624 52540012340152540012340208004500004400000000401112990a002a020a002a0f109210920030090354324e3101020001545254320000005700000000000c0000f48c282e01000000000002f600000057
CAPTURE 1 23024558016 52540012340252540012340108004500003889234000401149810a002a0f0a002a02109210920024080d54324e31010400005452543200000000000000570000000078b2a96e
CAPTURE 1 23257264896 525400123402525400123401080045000044892f4000401149690a002a0f0a002a02109210920030e8d754324e3101010001545254320000005800000000000c0000e1a75a4e01000000000003e500000058
CAPTURE 1 23274930432 52540012340152540012340208004500003800000000401112a50a002a020a002a0f1092109200241c6254324e310104000054525432000000000000005800000000a70b66bf
CAPTURE 1 23275923264 52540012340152540012340208004500004400000000401112990a002a020a002a0f10921092003044b354324e3101020001545254320000005800000000000c000086685aa001000000000002f600000058
CAPTURE 1 23304233824 525400123402525400123401080045000040893b4000401149610a002a0f0a002a0210921092002cca5754324e3101050000545254320000000000000000000800002fcef7f9000000000000384c
CAPTURE 1 23315813104 525400123402525400123401080045000038893e4000401149660a002a0f0a002a021092109200241c6254324e310104000054525432000000000000005800000000a70b66bf
CAPTURE 1 23359679264 52540012340252540012340108004500004489444000401149540a002a0f0a002a02109210920030f6c954324e3101010001545254320000005900000000000c0000332bfad601000000000003e500000059
CAPTURE 1 23375101072 52540012340152540012340208004500003800000000401112a50a002a020a002a0f10921092002406bf54324e310104000054525432000000000000005900000000b07072fc
CAPTURE 1 23377656352 52540012340152540012340208004500004400000000401112990a002a020a002a0f109210920030d69c54324e3101020001545254320000005900000000000c000054e4fa3801000000000002f600000059
CAPTURE 1 23415958128 525400123402525400123401080045000038894d4000401149570a002a0f0a002a0210921092002406bf54324e310104000054525432000000000000005900000000b07072fc
CAPTURE 1 23456415168 52540012340252540012340108004500004489544000401149440a002a0f0a002a0210921092003067bb54324e3101010001545254320000005a00000000000c00009fcf1d3f01000000000003e50000005a
CAPTURE 1 23472240816 52540012340152540012340208004500003800000000401112a50a002a020a002a0f10921092002451f454324e310104000054525432000000000000005a0000000089fd4e39
CAPTURE 1 23474180944 52540012340152540012340208004500004400000000401112990a002a020a002a0f1092109200300fe654324e3101020001545254320000005a00000000000c0000f8001dd101000000000002f60000005a
CAPTURE 1 23524172192 525400123402525400123401080045000038895d4000401149470a002a0f0a002a0210921092002451f454324e310104000054525432000000000000005a0000000089fd4e39
CAPTURE 1 23564270528 52540012340252540012340108004500004489604000401149380a002a0f0a002a0210921092003019dd54324e3101010001545254320000005b00000000000c00004d43bda701000000000003e50000005b
CAPTURE 1 23576001568 52540012340152540012340208004500003800000000401112a50a002a020a002a0f109210920024312954324e310104000054525432000000000000005b000000009e865a7a
CAPTURE 1 23579606880 52540012340152540012340208004500004400000000401112990a002a020a002a0f1092109200303de054324e3101020001545254320000005b00000000000c00002a8cbd4901000000000002f60000005b
CAPTURE 1 23618850480 52540012340252540012340108004500003889634000401149410a002a0f0a002a02109210920024312954324e310104000054525432000000000000005b000000009e865a7a
CAPTURE 1 23835554096 525400123401525400123402080045000040000000004011129d0a002a020a002a0f10921092002ccb2554324e3101050000545254320000000000000000000800004491c8d400000000000051e0
CAPTURE 1 23837104944 33330000000252540012340186dd6000000000103afffe80000000000000505400fffe123401ff0200000000000000000000000000028500725f000000000101525400123401
CAPTURE 1 23868153472 525400123402525400123401080045000044899d4000401148fb0a002a0f0a002a02109210920030079354324e3101010001545254320000005c00000000000c00002017fd1c01000000000003e40000005c
CAPTURE 1 23884325776 52540012340152540012340208004500003800000000401112a50a002a020a002a0f109210920024f78d54324e310104000054525432000000000000005c00000000fae737b3
CAPTURE 1 23884946096 52540012340152540012340208004500004400000000401112990a002a020a002a0f109210920030d6b854324e3101020001545254320000005c00000000000c00007ab8d44201000000000002f60000005c
CAPTURE 1 23917054064 52540012340252540012340108004500004089a44000401148f80a002a0f0a002a0210921092002cbac954324e310105000054525432000000000000000000080000bdf277030000000000003aac
CAPTURE 1 23942513072 52540012340252540012340108004500003889a84000401148fc0a002a0f0a002a02109210920024f78d54324e310104000054525432000000000000005c00000000fae737b3
CAPTURE 1 23989114496 52540012340252540012340108004500004489b04000401148e80a002a0f0a002a02109210920030e9a554324e3101010001545254320000005d00000000000c00002fb50ccc01000000000002820000005d
CAPTURE 1 24005313296 52540012340152540012340208004500003800000000401112a50a002a020a002a0f109210920024189b54324e310104000054525432000000000000005d00000000ed9c23f0
CAPTURE 1 24006346112 52540012340152540012340208004500004400000000401112990a002a020a002a0f10921092003043f154324e3101020001545254320000005d00000000000c0000e14200f9010000000000027b0000005d
CAPTURE 1 24046257936 52540012340252540012340108004500003889b44000401148f00a002a0f0a002a02109210920024189b54324e310104000054525432000000000000005d00000000ed9c23f0
CAPTURE 1 24087484176 52540012340252540012340108004500004489b84000401148e00a002a0f0a002a0210921092003081ed54324e3101010001545254320000005e00000000000c00001b5b8841010000000000031d0000005e
CAPTURE 1 24102795792 52540012340152540012340208004500003800000000401112a50a002a020a002a0f10921092002436e054324e310104000054525432000000000000005e00000000d4111f35
CAPTURE 1 24103635808 52540012340152540012340208004500004400000000401112990a002a020a002a0f109210920030e57954324e3101020001545254320000005e00000000000c0000cff670c101000000000002740000005e
CAPTURE 1 24143140128 52540012340252540012340108004500003889ba4000401148ea0a002a0f0a002a0210921092002436e054324e310104000054525432000000000000005e00000000d4111f35
CAPTURE 1 24372528080 52540012340252540012340108004500004489ca4000401148ce0a002a0f0a002a021092109200308cbf54324e3101010001545254320000005f00000000000c0000014d97fe010000000000029a0000005f
CAPTURE 1 24388373312 52540012340152540012340208004500003800000000401112a50a002a020a002a0f1092109200245b4554324e310104000054525432000000000000005f00000000c36a0b76
CAPTURE 1 24390188416 52540012340152540012340208004500004400000000401112990a002a020a002a0f109210920030631654324e3101020001545254320000005f00000000000c00000e7bb4cf01000000000002430000005f
CAPTURE 1 24427021344 52540012340252540012340108004500004089d44000401148c80a002a0f0a002a0210921092002c614754324e310105000054525432000000000000000000080000ffa98cca0000000000003cb0
CAPTURE 1 24438172288 52540012340252540012340108004500003889d54000401148cf0a002a0f0a002a021092109200245b4554324e310104000054525432000000000000005f00000000c36a0b76
CAPTURE 1 24479743072 52540012340252540012340108004500004489dc4000401148bc0a002a0f0a002a02109210920030057b54324e3101010001545254320000006000000000000c0000ff9a20c501000000000002c800000060
CAPTURE 1 24494904816 52540012340152540012340208004500003800000000401112a50a002a020a002a0f109210920024f2cd54324e31010400005452543200000000000000600000000032e20475
CAPTURE 1 24495842656 52540012340152540012340208004500004400000000401112990a002a020a002a0f109210920030c1c954324e3101020001545254320000006000000000000c000046bd1de1010000000000023a00000060
CAPTURE 1 24536141552 52540012340252540012340108004500003889e44000401148c00a002a0f0a002a02109210920024f2cd54324e31010400005452543200000000000000600000000032e20475
CAPTURE 1 24579409536 52540012340252540012340108004500004489ec4000401148ac0a002a0f0a002a02109210920030d76954324e3101010001545254320000006100000000000c0000b934956101000000000002a100000061
CAPTURE 1 24595436320 52540012340152540012340208004500003800000000401112a50a002a020a002a0f109210920024f45454324e31010400005452543200000000000000610000000025991036
CAPTURE 1 24597430976 52540012340152540012340208004500004400000000401112990a002a020a002a0f10921092003022da54324e3101020001545254320000006100000000000c0000b371502b010000000000022900000061
CAPTURE 1 24635947840 52540012340252540012340108004500003889f44000401148b00a002a0f0a002a02109210920024f45454324e31010400005452543200000000000000610000000025991036
CAPTURE 1 24674986640 52540012340252540012340108004500004489fb40004011489d0a002a0f0a002a02109210920030918054324e3101010001545254320000006200000000000c000036a15ddf010000000000029e00000062
CAPTURE 1 24689973632 52540012340152540012340208004500003800000000401112a50a002a020a002a0f109210920024e11b54324e3101040000545254320000000000000062000000001c142cf3
CAPTURE 1 24690804448 52540012340152540012340208004500004400000000401112990a002a020a002a0f109210920030469754324e3101020001545254320000006200000000000c00000c94d354010000000000021e00000062
CAPTURE 1 24739328528 5254001234025254001234010800450000388a0840004011489c0a002a0f0a002a02109210920024e11b54324e3101040000545254320000000000000062000000001c142cf3
CAPTURE 1 24942753840 525400123401525400123402080045000040000000004011129d0a002a020a002a0f10921092002c6ab454324e3101050000545254320000000000000000000800009902d088000000000000562c
CAPTURE 1 24966962272 5254001234025254001234010800450000448a1c40004011487c0a002a0f0a002a0210921092003087c954324e3101010001545254320000006300000000000c00005b1d4326010000000000029000000063
CAPTURE 1 24982866704 52540012340152540012340208004500003800000000401112a50a002a020a002a0f109210920024e60254324e3101040000545254320000000000000063000000000b6f38b0
CAPTURE 1 24984940032 52540012340152540012340208004500004400000000401112990a002a020a002a0f109210920030488354324e3101020001545254320000006300000000000c00002688b77d010000000000021300000063
CAPTURE 1 25015326592 5254001234025254001234010800450000408a264000401148760a002a0f0a002a0210921092002c0df154324e310105000054525432000000000000000000080000b59827ea0000000000003ef8
CAPTURE 1 25040249456 5254001234025254001234010800450000388a2840004011487c0a002a0f0a002a02109210920024e60254324e3101040000545254320000000000000063000000000b6f38b0
CAPTURE 1 25079152048 5254001234025254001234010800450000448a314000401148670a002a0f0a002a021092109200307d3854324e3101010001545254320000006400000000000c00001c198cbe010000000000028b00000064
CAPTURE 1 25094347616 52540012340152540012340208004500003800000000401112a50a002a020a002a0f109210920024659954324e3101040000545254320000000000000064000000006f0e5579
CAPTURE 1 25096545936 52540012340152540012340208004500004400000000401112990a002a020a002a0f109210920030858a54324e3101020001545254320000006400000000000c0000a96cf795010000000000020d00000064
CAPTURE 1 25137492752 5254001234025254001234010800450000388a3f4000401148650a002a0f0a002a02109210920024659954324e3101040000545254320000000000000064000000006f0e5579
CAPTURE 1 25177146928 5254001234025254001234010800450000448a4940004011484f0a002a0f0a002a02109210920030bf4854324e3101010001545254320000006500000000000c0000fee567e7010000000000028300000065
CAPTURE 1 25193690096 52540012340152540012340208004500003800000000401112a50a002a020a002a0f109210920024707054324e3101040000545254320000000000000065000000007875413a
CAPTURE 1 25194692448 52540012340152540012340208004500004400000000401112990a002a020a002a0f109210920030b44554324e3101020001545254320000006500000000000c00000c30661c010000000000020600000065
CAPTURE 1 25232569744 5254001234025254001234010800450000388a534000401148510a002a0f0a002a02109210920024707054324e3101040000545254320000000000000065000000007875413a
CAPTURE 1 25477938800 5254001234025254001234010800450000448a874000401148110a002a0f0a002a021092109200300cf554324e3101010001545254320000006600000000000c00006f61a9be010000000000028200000066
CAPTURE 1 25486145088 52540012340152540012340208004500003800000000401112a50a002a020a002a0f1092109200246a2754324e31010400005452543200000000000000660000000041f87dff
CAPTURE 1 25494891424 52540012340152540012340208004500004400000000401112990a002a020a002a0f109210920030aa0a54324e3101020001545254320000006600000000000c000055542735010000000000020200000066
CAPTURE 1 25536351520 5254001234025254001234010800450000408a8e40004011480e0a002a0f0a002a0210921092002c3ec054324e310105000054525432000000000000000000080000de33cc720000000000004105
CAPTURE 1 25547530992 5254001234025254001234010800450000388a914000401148130a002a0f0a002a021092109200246a2754324e31010400005452543200000000000000660000000041f87dff
CAPTURE 1 25588469760 5254001234025254001234010800450000448a954000401148030a002a0f0a002a021092109200307b0254324e3101010001545254320000006700000000000c00000d499dca010000000000027f00000067
CAPTURE 1 25604726992 52540012340152540012340208004500003800000000401112a50a002a020a002a0f10921092002469de54324e310104000054525432000000000000006700000000568369bc
CAPTURE 1 25605334640 52540012340152540012340208004500004400000000401112990a002a020a002a0f10921092003012bd54324e3101020001545254320000006700000000000c0000b1e861ef01000000000001ff00000067
CAPTURE 1 25642269488 5254001234025254001234010800450000388a9e4000401148060a002a0f0a002a0210921092002469de54324e310104000054525432000000000000006700000000568369bc
CAPTURE 1 25688761344 5254001234025254001234010800450000448aa04000401147f80a002a0f0a002a021092109200301c5354324e3101010001545254320000006800000000000c000042cdc6f4010000000000027e00000068
CAPTURE 1 25706397296 52540012340152540012340208004500003800000000401112a50a002a020a002a0f109210920024fa7454324e310104000054525432000000000000006800000000893aa66d
CAPTURE 1 25707404656 52540012340152540012340208004500004400000000401112990a002a020a002a0f1092109200302cc754324e3101020001545254320000006800000000000c0000b9cc400101000000000001fd00000068
CAPTURE 1 25747868048 5254001234025254001234010800450000388aa44000401148000a002a0f0a002a02109210920024fa7454324e310104000054525432000000000000006800000000893aa66d
CAPTURE 1 25788316176 5254001234025254001234010800450000448aab4000401147ed0a002a0f0a002a02109210920030317654324e3101010001545254320000006900000000000c0000d7e11cbc010000000000027d00000069
CAPTURE 1 25802887088 52540012340152540012340208004500003800000000401112a50a002a020a002a0f109210920024d9ab54324e3101040000545254320000000000000069000000009e41b22e
CAPTURE 1 25804933680 52540012340152540012340208004500004400000000401112990a002a020a002a0f1092109200302d5b54324e3101020001545254320000006900000000000c0000e400153901000000000001fb00000069
CAPTURE 1 26038830960 525400123401525400123402080045000040000000004011129d0a002a020a002a0f10921092002c6bd954324e31010500005452543200000000000000000008000059b10a690000000000005a78
CAPTURE 1 26049359680 5254001234025254001234010800450000388ace4000401147d60a002a0f0a002a02109210920024d9ab54324e3101040000545254320000000000000069000000009e41b22e
CAPTURE 1 26095888960 5254001234025254001234010800450000448ad44000401147c40a002a0f0a002a02109210920030afb654324e3101010001545254320000006a00000000000c00007b05fb55010000000000027d0000006a
CAPTURE 1 26112829824 52540012340152540012340208004500003800000000401112a50a002a020a002a0f109210920024f36254324e310104000054525432000000000000006a00000000a7cc8eeb
CAPTURE 1 26113507984 52540012340152540012340208004500004400000000401112990a002a020a002a0f109210920030eadd54324e3101020001545254320000006a00000000000c000048e4f2d001000000000001fb0000006a
CAPTURE 1 26171375088 5254001234025254001234010800450000388adc4000401147c80a002a0f0a002a02109210920024f36254324e310104000054525432000000000000006a00000000a7cc8eeb
CAPTURE 1 26213217232 5254001234025254001234010800450000448add4000401147bb0a002a0f0a002a0210921092003020b954324e3101010001545254320000006b00000000000c0000a9895bcd010000000000027d0000006b
CAPTURE 1 26228322992 52540012340152540012340208004500003800000000401112a50a002a020a002a0f109210920024deb954324e310104000054525432000000000000006b00000000b0b79aa8
CAPTURE 1 26230268240 52540012340152540012340208004500004400000000401112990a002a020a002a0f10921092003039e054324e3101020001545254320000006b00000000000c00009a68524801000000000001fb0000006b
CAPTURE 1 26284202752 5254001234025254001234010800450000388ae84000401147bc0a002a0f0a002a02109210920024deb954324e310104000054525432000000000000006b00000000b0b79aa8
CAPTURE 1 26325907856 5254001234025254001234010800450000448aed4000401147ab0a002a0f0a002a0210921092003045bb54324e3101010001545254320000006c00000000000c0000c4dd1b76010000000000027c0000006c
CAPTURE 1 26330387712 52540012340152540012340208004500003800000000401112a50a002a020a002a0f1092109200245de054324e310104000054525432000000000000006c00000000d4d6f761
CAPTURE 1 26342865552 52540012340152540012340208004500004400000000401112990a002a020a002a0f10921092003020ef54324e3101020001545254320000006c00000000000c0000ca5c3b4301000000000001fb0000006c
CAPTURE 1 26382938608 5254001234025254001234010800450000388afc4000401147a80a002a0f0a002a021092109200245de054324e310104000054525432000000000000006c00000000d4d6f761
CAPTURE 1 26610718720 525400123401525400123402080045000040000000004011129d0a002a020a002a0f10921092002cd31d54324e310105000054525432000000000000000000080000745a86410000000000005cb2
CAPTURE 1 26634708400 5254001234025254001234010800450000448b334000401147650a002a0f0a002a0210921092003053cd54324e3101010001545254320000006d00000000000c00001651bbee010000000000027c0000006d
CAPTURE 1 26650749920 52540012340152540012340208004500003800000000401112a50a002a020a002a0f109210920024834754324e310104000054525432000000000000006d00000000c3ade322
CAPTURE 1 26651710192 52540012340152540012340208004500004400000000401112990a002a020a002a0f10921092003071e154324e3101020001545254320000006d00000000000c000018d09bdb01000000000001fb0000006d
CAPTURE 1 26687362416 5254001234025254001234010800450000408b3a4000401147620a002a0f0a002a0210921092002c0ff454324e310105000054525432000000000000000000080000e481f078000000000000457d
CAPTURE 1 26713680896 5254001234025254001234010800450000388b404000401147640a002a0f0a002a02109210920024834754324e310104000054525432000000000000006d00000000c3ade322
CAPTURE 1 26757003120 5254001234025254001234010800450000448b4b40004011474d0a002a0f0a002a021092109200309d5f54324e3101010001545254320000006e00000000000c000008958017010000000000027b0000006e
CAPTURE 1 26774356464 52540012340152540012340208004500003800000000401112a50a002a020a002a0f109210920024500e54324e310104000054525432000000000000006e00000000fa20dfe7
CAPTURE 1 26775330064 52540012340152540012340208004500004400000000401112990a002a020a002a0f10921092003047b554324e3101020001545254320000006e00000000000c00008954558201000000000001fa0000006e
CAPTURE 1 26815649856 5254001234025254001234010800450000388b4d4000401147570a002a0f0a002a02109210920024500e54324e310104000054525432000000000000006e00000000fa20dfe7
CAPTURE 1 26859307104 5254001234025254001234010800450000448b504000401147480a002a0f0a002a02109210920030c12f54324e3101010001545254320000006f00000000000c00006839fc9f010000000000027c0000006f
CAPTURE 1 26877304768 52540012340152540012340208004500003800000000401112a50a002a020a002a0f109210920024711554324e310104000054525432000000000000006f00000000ed5bcba4
CAPTURE 1 26878643616 52540012340152540012340208004500004400000000401112990a002a020a002a0f109210920030d59654324e3101020001545254320000006f00000000000c00005bd8f51a01000000000001fa0000006f
CAPTURE 1 26929761232 5254001234025254001234010800450000388b604000401147440a002a0f0a002a02109210920024711554324e310104000054525432000000000000006f00000000ed5bcba4
CAPTURE 1 27160796560 5254001234025254001234010800450000448b974000401147010a002a0f0a002a021092109200300d6e54324e3101010001545254320000007000000000000c00005f7db91b010000000000027c00000070
CAPTURE 1 27175950896 52540012340152540012340208004500003800000000401112a50a002a020a002a0f10921092002445ee54324e3101040000545254320000000000000070000000009e224604
CAPTURE 1 27178092288 52540012340152540012340208004500004400000000401112990a002a020a002a0f109210920030094d54324e3101020001545254320000007000000000000c00006c9cb09e01000000000001fa00000070
CAPTURE 1 27219490656 5254001234025254001234010800450000408ba14000401146fb0a002a0f0a002a0210921092002c57ef54324e31010500005452543200000000000000000008000006d7840d0000000000004798
CAPTURE 1 27230916624 5254001234025254001234010800450000388ba34000401147010a002a0f0a002a0210921092002445ee54324e3101040000545254320000000000000070000000009e224604
CAPTURE 1 27274641696 5254001234025254001234010800450000448bac4000401146ec0a002a0f0a002a021092109200307e9054324e3101010001545254320000007100000000000c00008df11983010000000000027c00000071
CAPTURE 1 27290890112 52540012340152540012340208004500003800000000401112a50a002a020a002a0f1092109200244e7354324e31010400005452543200000000000000710000000089595247
CAPTURE 1 27292941376 52540012340152540012340208004500004400000000401112990a002a020a002a0f109210920030586f54324e3101020001545254320000007100000000000c0000be10100601000000000001fa00000071
CAPTURE 1 27332231472 5254001234025254001234010800450000388bb64000401146ee0a002a0f0a002a021092109200244e7354324e31010400005452543200000000000000710000000089595247
CAPTURE 1 27380157152 5254001234025254001234010800450000448bba4000401146de0a002a0f0a002a02109210920030068354324e3101010001545254320000007200000000000c00002115fe6a010000000000027c00000072
CAPTURE 1 27397609360 52540012340152540012340208004500003800000000401112a50a002a020a002a0f1092109200240abc54324e310104000054525432000000000000007200000000b0d46e82
CAPTURE 1 27398595728 52540012340152540012340208004500004400000000401112990a002a020a002a0f1092109200301ba054324e3101020001545254320000007200000000000c000012f4f7ef01000000000001fa00000072
CAPTURE 1 27436907056 5254001234025254001234010800450000388bbf4000401146e50a002a0f0a002a021092109200240abc54324e310104000054525432000000000000007200000000b0d46e82
CAPTURE 1 27480426304 5254001234025254001234010800450000448bca4000401146ce0a002a0f0a002a02109210920030d37454324e3101010001545254320000007300000000000c0000f3995ef2010000000000027c00000073
CAPTURE 1 27496912752 52540012340152540012340208004500003800000000401112a50a002a020a002a0f10921092002407a154324e310104000054525432000000000000007300000000a7af7ac1
CAPTURE 1 27497564784 52540012340152540012340208004500004400000000401112990a002a020a002a0f1092109200300e9254324e3101020001545254320000007300000000000c0000c078577701000000000001fa00000073
CAPTURE 1 27732651824 525400123401525400123402080045000040000000004011129d0a002a020a002a0f10921092002c596354324e3101050000545254320000000000000000000800002fdc4010000000000000611c
CAPTURE 1 27743236352 5254001234025254001234010800450000388bcd4000401146d70a002a0f0a002a0210921092002407a154324e310104000054525432000000000000007300000000a7af7ac1
CAPTURE 1 27789289616 5254001234025254001234010800450000448bd34000401146c50a002a0f0a002a021092109200304a5854324e3101010001545254320000007400000000000c0000a3ad37f9010000000000027c00000074
CAPTURE 1 27805886752 52540012340152540012340208004500003800000000401112a50a002a020a002a0f1092109200244f3a54324e310104000054525432000000000000007400000000c3ce1708
CAPTURE 1 27806582688 52540012340152540012340208004500004400000000401112990a002a020a002a0f10921092003057b754324e3101020001545254320000007400000000000c0000904c3e7c01000000000001fa00000074
CAPTURE 1 27864748336 5254001234025254001234010800450000388bda4000401146ca0a002a0f0a002a021092109200244f3a54324e310104000054525432000000000000007400000000c3ce1708
CAPTURE 1 27907412368 5254001234025254001234010800450000448be34000401146b50a002a0f0a002a021092109200301d7a54324e3101010001545254320000007500000000000c000071219761010000000000027c00000075
CAPTURE 1 27924637904 52540012340152540012340208004500003800000000401112a50a002a020a002a0f109210920024520f54324e310104000054525432000000000000007500000000d4b5034b
CAPTURE 1 27925272624 52540012340152540012340208004500004400000000401112990a002a020a002a0f10921092003044d954324e3101020001545254320000007500000000000c000042c09ee401000000000001fa00000075
CAPTURE 1 27963899328 5254001234025254001234010800450000388bed4000401146b70a002a0f0a002a02109210920024520f54324e310104000054525432000000000000007500000000d4b5034b
CAPTURE 1 28004281488 5254001234025254001234010800450000448bf04000401146a80a002a0f0a002a02109210920030d7ac54324e3101010001545254320000007600000000000c0000ddc57088010000000000027c00000076
CAPTURE 1 28021241792 52540012340152540012340208004500003800000000401112a50a002a020a002a0f109210920024fd4754324e310104000054525432000000000000007600000000ed383f8e
CAPTURE 1 28021857312 52540012340152540012340208004500004400000000401112990a002a020a002a0f109210920030bf4954324e3101020001545254320000007600000000000c0000ee24790d01000000000001fa00000076
CAPTURE 1 28061173760 5254001234025254001234010800450000388bfb4000401146a90a002a0f0a002a02109210920024fd4754324e310104000054525432000000000000007600000000ed383f8e
CAPTURE 1 28278870928 525400123401525400123402080045000040000000004011129d0a002a020a002a0f10921092002cdf0654324e31010500005452543200000000000000000008000021e9c6430000000000006338
CAPTURE 1 28308503920 5254001234025254001234010800450000448c334000401146650a002a0f0a002a02109210920030469f54324e3101010001545254320000007700000000000c00000f49d010010000000000027c00000077
CAPTURE 1 28323102288 52540012340152540012340208004500003800000000401112a50a002a020a002a0f10921092002403fd54324e310104000054525432000000000000007700000000fa432bcd
CAPTURE 1 28325358336 52540012340152540012340208004500004400000000401112990a002a020a002a0f109210920030103c54324e3101020001545254320000007700000000000c00003ca8d99501000000000001fa00000077
CAPTURE 1 28359129600 5254001234025254001234010800450000408c3b4000401146610a002a0f0a002a0210921092002c85bd54324e3101050000545254320000000000000000000800008593d3130000000000004c07
CAPTURE 1 28384767840 5254001234025254001234010800450000388c3c4000401146680a002a0f0a002a0210921092002403fd54324e310104000054525432000000000000007700000000fa432bcd
CAPTURE 1 28427414272 5254001234025254001234010800450000448c454000401146530a002a0f0a002a0210921092003005ab54324e3101010001545254320000007800000000000c00007dada29e010000000000027c00000078
CAPTURE 1 28443298768 52540012340152540012340208004500003800000000401112a50a002a020a002a0f1092109200241ff654324e31010400005452543200000000000000780000000025fae41c
CAPTURE 1 28445982624 52540012340152540012340208004500004400000000401112990a002a020a002a0f1092109200302d1054324e3101020001545254320000007800000000000c00004e4cab1b01000000000001fa00000078
CAPTURE 1 28484301104 5254001234025254001234010800450000388c524000401146520a002a0f0a002a021092109200241ff654324e31010400005452543200000000000000780000000025fae41c
CAPTURE 1 28527548464 5254001234025254001234010800450000448c544000401146440a002a0f0a002a0210921092003074cd54324e3101010001545254320000007900000000000c0000af210206010000000000027c00000079
CAPTURE 1 28545402192 52540012340152540012340208004500003800000000401112a50a002a020a002a0f109210920024072b54324e3101040000545254320000000000000079000000003281f05f
CAPTURE 1 28546794288 52540012340152540012340208004500004400000000401112990a002a020a002a0f1092109200307e3254324e3101020001545254320000007900000000000c00009cc00b8301000000000001fa00000079
CAPTURE 1 28585804992 5254001234025254001234010800450000388c5840004011464c0a002a0f0a002a02109210920024072b54324e3101040000545254320000000000000079000000003281f05f
CAPTURE 1 28830085920 5254001234025254001234010800450000448c6e40004011462a0a002a0f0a002a021092109200303c3e54324e3101010001545254320000007a00000000000c000003c5e5ef010000000000027c0000007a
CAPTURE 1 28849203392 52540012340152540012340208004500003800000000401112a50a002a020a002a0f109210920024526454324e310104000054525432000000000000007a000000000b0ccc9a
CAPTURE 1 28850194512 52540012340152540012340208004500004400000000401112990a002a020a002a0f10921092003009e554324e3101020001545254320000007a00000000000c00003024ec6a01000000000001fa0000007a
CAPTURE 1 28888988512 5254001234025254001234010800450000408c7a4000401146220a002a0f0a002a0210921092002c489c54324e3101050000545254320000000000000000000800004ac748eb0000000000004e1d
CAPTURE 1 28900130512 5254001234025254001234010800450000388c7c4000401146280a002a0f0a002a02109210920024526454324e310104000054525432000000000000007a000000000b0ccc9a
CAPTURE 1 28941073952 5254001234025254001234010800450000448c834000401146150a002a0f0a002a021092109200300f3054324e3101010001545254320000007b00000000000c0000d1494577010000000000027c0000007b
CAPTURE 1 28957481648 52540012340152540012340208004500003800000000401112a50a002a020a002a0f10921092002434b954324e310104000054525432000000000000007b000000001c77d8d9
CAPTURE 1 28958216368 52540012340152540012340208004500004400000000401112990a002a020a002a0f109210920030f6d654324e3101020001545254320000007b00000000000c0000e2a84cf201000000000001fa0000007b
CAPTURE 1 29008371232 5254001234025254001234010800450000388c944000401146100a002a0f0a002a0210921092002434b954324e310104000054525432000000000000007b000000001c77d8d9
CAPTURE 1 29048817840 5254001234025254001234010800450000448c964000401146020a002a0f0a002a0210921092003077f554324e3101010001545254320000007c00000000000c0000817d2c7c010000000000027c0000007c
CAPTURE 1 29065045264 52540012340152540012340208004500003800000000401112a50a002a020a002a0f109210920024fce154324e310104000054525432000000000000007c000000007816b510
CAPTURE 1 29066063648 52540012340152540012340208004500004400000000401112990a002a020a002a0f1092109200304dda54324e3101020001545254320000007c00000000000c0000b29c25f901000000000001fa0000007c
CAPTURE 1 29103780624 5254001234025254001234010800450000388ca34000401146010a002a0f0a002a02109210920024fce154324e310104000054525432000000000000007c000000007816b510
CAPTURE 1 29146833152 5254001234025254001234010800450000448ca94000401145ef0a002a0f0a002a02109210920030451754324e3101010001545254320000007d00000000000c000053f18ce4010000000000027c0000007d
CAPTURE 1 29162314320 52540012340152540012340208004500003800000000401112a50a002a020a002a0f109210920024194754324e310104000054525432000000000000007d000000006f6da153
CAPTURE 1 29163215312 52540012340152540012340208004500004400000000401112990a002a020a002a0f10921092003040fc54324e3101020001545254320000007d00000000000c00006010856101000000000001fa0000007d
CAPTURE 1 29400502864 525400123401525400123402080045000040000000004011129d0a002a020a002a0f10921092002c8ed054324e3101050000545254320000000000000000000800009353a0af0000000000006798
CAPTURE 1 29411116944 5254001234025254001234010800450000388ce84000401145bc0a002a0f0a002a02109210920024194754324e310104000054525432000000000000007d000000006f6da153
CAPTURE 1 29455172704 5254001234025254001234010800450000448cf04000401145a80a002a0f0a002a02109210920030bbc754324e3101010001545254320000007e00000000000c0000ff156b0d010000000000027c0000007e
CAPTURE 1 29471492000 52540012340152540012340208004500003800000000401112a50a002a020a002a0f109210920024359054324e310104000054525432000000000000007e0000000056e09d96
CAPTURE 1 29473450128 52540012340152540012340208004500004400000000401112990a002a020a002a0f109210920030f6ee54324e3101020001545254320000007e00000000000c0000ccf4628801000000000001fa0000007e
CAPTURE 1 29532403568 5254001234025254001234010800450000388cf64000401145ae0a002a0f0a002a02109210920024359054324e310104000054525432000000000000007e0000000056e09d96
CAPTURE 1 29574964608 5254001234025254001234010800450000448cfe40004011459a0a002a0f0a002a021092109200302cba54324e3101010001545254320000007f00000000000c00002d99cb95010000000000027c0000007f
CAPTURE 1 29590702224 52540012340152540012340208004500003800000000401112a50a002a020a002a0f1092109200245e9554324e310104000054525432000000000000007f00000000419b89d5
CAPTURE 1 29592733872 52540012340152540012340208004500004400000000401112990a002a020a002a0f10921092003045e154324e3101020001545254320000007f00000000000c00001e78c21001000000000001fa0000007f
CAPTURE 1 29632192768 5254001234025254001234010800450000388d044000401145a00a002a0f0a002a021092109200245e9554324e310104000054525432000000000000007f00000000419b89d5
CAPTURE 1 29672046336 5254001234025254001234010800450000448d0e40004011458a0a002a0f0a002a02109210920030221a54324e3101010001545254320000008000000000000c0000aede54ef010000000000027b00000080
CAPTURE 1 29691035984 52540012340152540012340208004500003800000000401112a50a002a020a002a0f1092109200249b9254324e31010400005452543200000000000000800000000008d4859e
CAPTURE 1 29691867216 52540012340152540012340208004500004400000000401112990a002a020a002a0f10921092003075ce54324e3101020001545254320000008000000000000c00002f1f817a01000000000001fa00000080
CAPTURE 1 29734194240 5254001234025254001234010800450000388d1d4000401145870a002a0f0a002a021092109200249b9254324e31010400005452543200000000000000800000000008d4859e
CAPTURE 1 29960863472 525400123401525400123402080045000040000000004011129d0a002a020a002a0f10921092002c7d1254324e31010500005452543200000000000000000008000066bbdcd500000000000069c8
CAPTURE 1 29983509456 5254001234025254001234010800450000448d534000401145450a002a0f0a002a0210921092003006ed54324e3101010001545254320000008100000000000c00004132ddc7010000000000027a00000081
CAPTURE 1 29999574208 52540012340152540012340208004500003800000000401112a50a002a020a002a0f109210920024787754324e3101040000545254320000000000000081000000001faf91dd
CAPTURE 1 30002404672 52540012340152540012340208004500004400000000401112990a002a020a002a0f109210920030110154324e3101020001545254320000008100000000000c0000ba335b3201000000000001f900000081
CAPTURE 1 30038820928 5254001234025254001234010800450000408d594000401145430a002a0f0a002a0210921092002c759654324e310105000054525432000000000000000000080000a6b0bb910000000000005293
CAPTURE 1 30064609024 5254001234025254001234010800450000388d5a40004011454a0a002a0f0a002a02109210920024787754324e3101040000545254320000000000000081000000001faf91dd
CAPTURE 1 30105296848 5254001234025254001234010800450000448d5f4000401145390a002a0f0a002a021092109200303a7154324e3101010001545254320000008200000000000c0000aa7640fe010000000000027900000082
CAPTURE 1 30122216944 52540012340152540012340208004500003800000000401112a50a002a020a002a0f10921092002456c854324e3101040000545254320000000000000082000000002622ad18
CAPTURE 1 30123066848 52540012340152540012340208004500004400000000401112990a002a020a002a0f109210920030654354324e3101020001545254320000008200000000000c00002bb7956b01000000000001f800000082
CAPTURE 1 30163587456 5254001234025254001234010800450000388d6e4000401145360a002a0f0a002a0210921092002456c854324e3101040000545254320000000000000082000000002622ad18
CAPTURE 1 30208329152 5254001234025254001234010800450000448d754000401145230a002a0f0a002a021092109200304bd254324e3101010001545254320000008300000000000c00003f5a9ab6010000000000027a00000083
CAPTURE 1 30223827872 52540012340152540012340208004500003800000000401112a50a002a020a002a0f1092109200243f4d54324e3101040000545254320000000000000083000000003159b95b
CAPTURE 1 30225811504 52540012340152540012340208004500004400000000401112990a002a020a002a0f109210920030f73454324e3101020001545254320000008300000000000c0000f93b35f301000000000001f800000083
CAPTURE 1 30262640112 5254001234025254001234010800450000388d804000401145240a002a0f0a002a021092109200243f4d54324e3101040000545254320000000000000083000000003159b95b
CAPTURE 1 30508272944 5254001234025254001234010800450000448da74000401144f10a002a0f0a002a02109210920030c2b454324e3101010001545254320000008400000000000c00006f6ef3bd010000000000027a00000084
CAPTURE 1 30526397872 52540012340152540012340208004500003800000000401112a50a002a020a002a0f109210920024003654324e3101040000545254320000000000000084000000005538d492
CAPTURE 1 30527772096 52540012340152540012340208004500004400000000401112990a002a020a002a0f109210920030205a54324e3101020001545254320000008400000000000c0000a90f5cf801000000000001f800000084
CAPTURE 1 30556787072 5254001234025254001234010800450000408daa4000401144f20a002a0f0a002a0210921092002c4ff654324e310105000054525432000000000000000000080000383d4d9700000000000054a1
CAPTURE 1 30567854880 5254001234025254001234010800450000388dac4000401144f80a002a0f0a002a02109210920024003654324e3101040000545254320000000000000084000000005538d492
CAPTURE 1 30611430336 5254001234025254001234010800450000448db44000401144e40a002a0f0a002a0210921092003014d754324e3101010001545254320000008500000000000c0000bde25325010000000000027a00000085
CAPTURE 1 30627797904 52540012340152540012340208004500003800000000401112a50a002a020a002a0f10921092002426eb54324e3101040000545254320000000000000085000000004243c0d1
CAPTURE 1 30630283344 52540012340152540012340208004500004400000000401112990a002a020a002a0f109210920030ae7b54324e3101020001545254320000008500000000000c00007b83fc6001000000000001f800000085
CAPTURE 1 30673546800 5254001234025254001234010800450000388dc14000401144e30a002a0f0a002a0210921092002426eb54324e3101040000545254320000000000000085000000004243c0d1
CAPTURE 1 30718624992 5254001234025254001234010800450000448dcc4000401144cc0a002a0f0a002a02109210920030600a54324e3101010001545254320000008600000000000c00001106b4cc010000000000027a00000086
CAPTURE 1 30735101552 52540012340152540012340208004500003800000000401112a50a002a020a002a0f109210920024b21b54324e3101040000545254320000000000000086000000007bcefc14
CAPTURE 1 30737544032 52540012340152540012340208004500004400000000401112990a002a020a002a0f109210920030336d54324e3101020001545254320000008600000000000c0000d7671b8901000000000001f800000086
CAPTURE 1 30782503984 5254001234025254001234010800450000388dda4000401144ca0a002a0f0a002a02109210920024b21b54324e3101040000545254320000000000000086000000007bcefc14
CAPTURE 1 30835270192 5254001234025254001234010800450000448de24000401144b60a002a0f0a002a021092109200304dfc54324e3101010001545254320000008700000000000c0000c38a1454010000000000027a00000087
CAPTURE 1 30846153952 52540012340152540012340208004500003800000000401112a50a002a020a002a0f109210920024d4f054324e3101040000545254320000000000000087000000006cb5e857
CAPTURE 1 30853687600 52540012340152540012340208004500004400000000401112990a002a020a002a0f109210920030655f54324e3101020001545254320000008700000000000c000005ebbb1101000000000001f800000087
CAPTURE 1 31073240480 525400123401525400123402080045000040000000004011129d0a002a020a002a0f10921092002c89e854324e31010500005452543200000000000000000008000089f0a86a0000000000006e28
CAPTURE 1 31083626864 5254001234025254001234010800450000388dec4000401144b80a002a0f0a002a02109210920024d4f054324e3101040000545254320000000000000087000000006cb5e857
CAPTURE 1 31130419008 5254001234025254001234010800450000448df64000401144a20a002a0f0a002a021092109200300d9054324e3101010001545254320000008800000000000c0000b16e66da010000000000027a00000088
CAPTURE 1 31146390976 52540012340152540012340208004500003800000000401112a50a002a020a002a0f1092109200244f6a54324e310104000054525432000000000000008800000000b30c2786
CAPTURE 1 31147534656 52540012340152540012340208004500004400000000401112990a002a020a002a0f109210920030e5aa54324e3101020001545254320000008800000000000c0000770fc99f01000000000001f800000088
CAPTURE 1 31205210496 5254001234025254001234010800450000388df84000401144ac0a002a0f0a002a021092109200244f6a54324e310104000054525432000000000000008800000000b30c2786
CAPTURE 1 31247319040 5254001234025254001234010800450000448df940004011449f0a002a0f0a002a02109210920030fbb154324e3101010001545254320000008900000000000c000063e2c642010000000000027a00000089
CAPTURE 1 31262751200 52540012340152540012340208004500003800000000401112a50a002a020a002a0f10921092002451bf54324e310104000054525432000000000000008900000000a47733c5
CAPTURE 1 31264731808 52540012340152540012340208004500004400000000401112990a002a020a002a0f10921092003017cd54324e3101020001545254320000008900000000000c0000a583690701000000000001f800000089
CAPTURE 1 31302985984 5254001234025254001234010800450000388dfe4000401144a60a002a0f0a002a0210921092002451bf54324e310104000054525432000000000000008900000000a47733c5
CAPTURE 1 31347462080 5254001234025254001234010800450000448e024000401144960a002a0f0a002a02109210920030352354324e3101010001545254320000008a00000000000c0000cf0621ab010000000000027a0000008a
CAPTURE 1 31362691648 52540012340152540012340208004500003800000000401112a50a002a020a002a0f1092109200247d0054324e310104000054525432000000000000008a000000009dfa0f00
CAPTURE 1 31364569984 52540012340152540012340208004500004400000000401112990a002a020a002a0f1092109200308e0054324e3101020001545254320000008a00000000000c000009678eee01000000000001f80000008a
CAPTURE 1 31401254464 5254001234025254001234010800450000388e0c4000401144980a002a0f0a002a021092109200247d0054324e310104000054525432000000000000008a000000009dfa0f00
CAPTURE 1 31627247568 525400123401525400123402080045000040000000004011129d0a002a020a002a0f10921092002c6ce454324e310105000054525432000000000000000000080000f96053d8000000000000704e
CAPTURE 1 31650434608 5254001234025254001234010800450000448e2f4000401144690a002a0f0a002a02109210920030871554324e3101010001545254320000008b00000000000c00001d8a8133010000000000027a0000008b
CAPTURE 1 31666298752 52540012340152540012340208004500003800000000401112a50a002a020a002a0f109210920024843554324e310104000054525432000000000000008b000000008a811b43
CAPTURE 1 31667669296 52540012340152540012340208004500004400000000401112990a002a020a002a0f1092109200301bf254324e3101020001545254320000008b00000000000c0000dbeb2e7601000000000001f80000008b
CAPTURE 1 31703810704 5254001234025254001234010800450000408e3240004011446a0a002a0f0a002a0210921092002cfc5f54324e310105000054525432000000000000000000080000af9125630000000000005917
CAPTURE 1 31730485168 5254001234025254001234010800450000388e334000401144710a002a0f0a002a02109210920024843554324e310104000054525432000000000000008b000000008a811b43
CAPTURE 1 31773857008 5254001234025254001234010800450000448e3b40004011445d0a002a0f0a002a02109210920030efd954324e3101010001545254320000008c00000000000c00004dbee838010000000000027a0000008c
CAPTURE 1 31778299296 52540012340152540012340208004500003800000000401112a50a002a020a002a0f109210920024c48d54324e310104000054525432000000000000008c00000000eee0768a
CAPTURE 1 31791548544 52540012340152540012340208004500004400000000401112990a002a020a002a0f10921092003052f554324e3101020001545254320000008c00000000000c00008bdf477d01000000000001f80000008c
CAPTURE 1 31833625168 5254001234025254001234010800450000388e4640004011445e0a002a0f0a002a02109210920024c48d54324e310104000054525432000000000000008c00000000eee0768a
CAPTURE 1 31875218992 5254001234025254001234010800450000448e474000401144510a002a0f0a002a021092109200303dfc54324e3101010001545254320000008d00000000000c00009f3248a0010000000000027a0000008d
CAPTURE 1 31885985440 52540012340152540012340208004500003800000000401112a50a002a020a002a0f109210920024cd9254324e310104000054525432000000000000008d00000000f99b62c9
CAPTURE 1 31890949040 52540012340152540012340208004500004400000000401112990a002a020a002a0f109210920030e51654324e3101020001545254320000008d00000000000c00005953e7e501000000000001f80000008d
CAPTURE 1 31928691520 5254001234025254001234010800450000388e4840004011445c0a002a0f0a002a02109210920024cd9254324e310104000054525432000000000000008d00000000f99b62c9
CAPTURE 1 32180897648 5254001234025254001234010800450000448e554000401144430a002a0f0a002a0210921092003042ad54324e3101010001545254320000008e00000000000c000033d6af49010000000000027a0000008e
CAPTURE 1 32197607712 52540012340152540012340208004500003800000000401112a50a002a020a002a0f1092109200240bd454324e310104000054525432000000000000008e00000000c0165e0c
CAPTURE 1 32198335536 52540012340152540012340208004500004400000000401112990a002a020a002a0f109210920030308a54324e3101020001545254320000008e00000000000c0000f5b7000c01000000000001f80000008e
CAPTURE 1 32227922624 5254001234025254001234010800450000408e5d40004011443f0a002a0f0a002a0210921092002c9c7854324e310105000054525432000000000000000000080000bb7e774d0000000000005b27
CAPTURE 1 32238985264 5254001234025254001234010800450000388e604000401144440a002a0f0a002a021092109200240bd454324e310104000054525432000000000000008e00000000c0165e0c
CAPTURE 1 32283624464 5254001234025254001234010800450000448e634000401144350a002a0f0a002a02109210920030349f54324e3101010001545254320000008f00000000000c0000e15a0fd1010000000000027a0000008f
CAPTURE 1 32299383984 52540012340152540012340208004500003800000000401112a50a002a020a002a0f109210920024083954324e310104000054525432000000000000008f00000000d76d4a4f
CAPTURE 1 32301412304 52540012340152540012340208004500004400000000401112990a002a020a002a0f1092109200305e7c54324e3101020001545254320000008f00000000000c0000273ba09401000000000001f80000008f
CAPTURE 1 32340491824 5254001234025254001234010800450000388e6840004011443c0a002a0f0a002a02109210920024083954324e310104000054525432000000000000008f00000000d76d4a4f
CAPTURE 1 32382484144 5254001234025254001234010800450000448e6e40004011442a0a002a0f0a002a02109210920030055554324e3101010001545254320000009000000000000c0000d61e4a55010000000000027a00000090
CAPTURE 1 32398371664 52540012340152540012340208004500003800000000401112a50a002a020a002a0f109210920024bdf054324e310104000054525432000000000000009000000000a414c7ef
CAPTURE 1 32399175920 52540012340152540012340208004500004400000000401112990a002a020a002a0f10921092003030ba54324e3101020001545254320000009000000000000c0000107fe51001000000000001f800000090
CAPTURE 1 32436299904 5254001234025254001234010800450000388e7940004011442b0a002a0f0a002a02109210920024bdf054324e310104000054525432000000000000009000000000a414c7ef
CAPTURE 1 32476268912 5254001234025254001234010800450000448e804000401144180a002a0f0a002a02109210920030366754324e3101010001545254320000009100000000000c00000492eacd010000000000027a00000091
CAPTURE 1 32490825104 52540012340152540012340208004500003800000000401112a50a002a020a002a0f109210920024a2d754324e310104000054525432000000000000009100000000b36fd3ac
CAPTURE 1 32492689552 52540012340152540012340208004500004400000000401112990a002a020a002a0f1092109200301dcc54324e3101020001545254320000009100000000000c0000c2f3458801000000000001f800000091
CAPTURE 1 32731068912 525400123401525400123402080045000040000000004011129d0a002a020a002a0f10921092002c190e54324e3101050000545254320000000000000000000800001cb28011000000000000749a
CAPTURE 1 32740629472 5254001234025254001234010800450000388ea24000401144020a002a0f0a002a02109210920024a2d754324e310104000054525432000000000000009100000000b36fd3ac
CAPTURE 1 32787230384 5254001234025254001234010800450000448ea44000401143f40a002a0f0a002a02109210920030702a54324e3101010001545254320000009200000000000c0000a8760d24010000000000027a00000092
CAPTURE 1 32804245200 52540012340152540012340208004500003800000000401112a50a002a020a002a0f109210920024afa654324e3101040000545254320000000000000092000000008ae2ef69
CAPTURE 1 32804977376 52540012340152540012340208004500004400000000401112990a002a020a002a0f10921092003015cd54324e3101020001545254320000009200000000000c00006e17a26101000000000001f800000092
CAPTURE 1 32867498080 5254001234025254001234010800450000388eab4000401143f90a002a0f0a002a02109210920024afa654324e3101040000545254320000000000000092000000008ae2ef69
CAPTURE 1 32912189792 5254001234025254001234010800450000448eaf4000401143e90a002a0f0a002a02109210920030fd0b54324e3101010001545254320000009300000000000c00007afaadbc010000000000027a00000093
CAPTURE 1 32927076272 52540012340152540012340208004500003800000000401112a50a002a020a002a0f109210920024912d54324e3101040000545254320000000000000093000000009d99fb2a
CAPTURE 1 32932022576 52540012340152540012340208004500004400000000401112990a002a020a002a0f10921092003066af54324e3101020001545254320000009300000000000c0000bc9b02f901000000000001f800000093
CAPTURE 1 32984875664 5254001234025254001234010800450000388eb64000401143ee0a002a0f0a002a02109210920024912d54324e3101040000545254320000000000000093000000009d99fb2a
CAPTURE 1 33027261216 5254001234025254001234010800450000448ec14000401143d70a002a0f0a002a02109210920030363b54324e3101010001545254320000009400000000000c00002acec4b7010000000000027a00000094
CAPTURE 1 33036183952 52540012340152540012340208004500003800000000401112a50a002a020a002a0f109210920024991454324e310104000054525432000000000000009400000000f9f896e3
CAPTURE 1 33047624000 52540012340152540012340208004500004400000000401112990a002a020a002a0f109210920030cd9f54324e3101020001545254320000009400000000000c0000ecaf6bf201000000000001f800000094
CAPTURE 1 33102951616 5254001234025254001234010800450000388ec74000401143dd0a002a0f0a002a02109210920024991454324e310104000054525432000000000000009400000000f9f896e3
CAPTURE 1 33309141536 525400123401525400123402080045000040000000004011129d0a002a020a002a0f10921092002ced3d54324e3101050000545254320000000000000000000800005f35671a00000000000076de
CAPTURE 1 33327474192 5254001234025254001234010800450000448ef54000401143a30a002a0f0a002a02109210920030c94c54324e3101010001545254320000009500000000000c0000f842642f010000000000027a00000095
CAPTURE 1 33345185520 52540012340152540012340208004500003800000000401112a50a002a020a002a0f109210920024b8cb54324e310104000054525432000000000000009500000000ee8382a0
CAPTURE 1 33346276848 52540012340152540012340208004500004400000000401112990a002a020a002a0f1092109200301cb254324e3101020001545254320000009500000000000c00003e23cb6a01000000000001f800000095
CAPTURE 1 33381050160 5254001234025254001234010800450000408ef74000401143a50a002a0f0a002a0210921092002c9ddc54324e310105000054525432000000000000000000080000dca450450000000000005fa5
CAPTURE 1 33407308304 5254001234025254001234010800450000388efa4000401143aa0a002a0f0a002a02109210920024b8cb54324e310104000054525432000000000000009500000000ee8382a0
CAPTURE 1 33452284480 5254001234025254001234010800450000448f044000401143940a002a0f0a002a021092109200304d5054324e3101010001545254320000009600000000000c000054a683c6010000000000027a00000096
CAPTURE 1 33469085712 52540012340152540012340208004500003800000000401112a50a002a020a002a0f109210920024947a54324e310104000054525432000000000000009600000000d70ebe65
CAPTURE 1 33470317904 52540012340152540012340208004500004400000000401112990a002a020a002a0f10921092003066f354324e3101020001545254320000009600000000000c000092c72c8301000000000001f800000096
CAPTURE 1 33522279152 5254001234025254001234010800450000388f0740004011439d0a002a0f0a002a02109210920024947a54324e310104000054525432000000000000009600000000d70ebe65
CAPTURE 1 33564684848 5254001234025254001234010800450000448f084000401143900a002a0f0a002a021092109200300aa354324e3101010001545254320000009700000000000c0000c18a598e010000000000027900000097
CAPTURE 1 33576056976 52540012340152540012340208004500003800000000401112a50a002a020a002a0f109210920024bf5154324e310104000054525432000000000000009700000000c075aa26
CAPTURE 1 33581773952 52540012340152540012340208004500004400000000401112990a002a020a002a0f10921092003059d554324e3101020001545254320000009700000000000c0000404b8c1b01000000000001f800000097
CAPTURE 1 33629866608 5254001234025254001234010800450000388f0e4000401143960a002a0f0a002a02109210920024bf5154324e310104000054525432000000000000009700000000c075aa26
CAPTURE 1 33830064480 525400123401525400123402080045000040000000004011129d0a002a020a002a0f10921092002cd5c554324e310105000054525432000000000000000000080000e9b4f20a00000000000078e6
CAPTURE 1 33870813456 5254001234025254001234010800450000448f334000401143650a002a0f0a002a02109210920030ea0e54324e3101010001545254320000009800000000000c00004bfeefb1010000000000027400000098
CAPTURE 1 33887761808 52540012340152540012340208004500003800000000401112a50a002a020a002a0f109210920024a42954324e3101040000545254320000000000000098000000001fcc65f7
CAPTURE 1 33889827664 52540012340152540012340208004500004400000000401112990a002a020a002a0f10921092003057a854324e3101020001545254320000009800000000000c00008d9f40f401000000000001f600000098
CAPTURE 1 33921864496 5254001234025254001234010800450000408f344000401143680a002a0f0a002a0210921092002cba2e54324e3101050000545254320000000000000000000800004eb7bfc300000000000061c2
CAPTURE 1 33949378784 5254001234025254001234010800450000388f3840004011436c0a002a0f0a002a02109210920024a42954324e3101040000545254320000000000000098000000001fcc65f7
CAPTURE 1 33992918128 5254001234025254001234010800450000448f3f4000401143590a002a0f0a002a021092109200303d2154324e3101010001545254320000009900000000000c000099724f29010000000000027400000099
CAPTURE 1 34009051200 52540012340152540012340208004500003800000000401112a50a002a020a002a0f109210920024af8054324e31010400005452543200000000000000990000000008b771b4
CAPTURE 1 34010360160 52540012340152540012340208004500004400000000401112990a002a020a002a0f10921092003072cb54324e3101020001545254320000009900000000000c000018b39abc01000000000001f500000099
CAPTURE 1 34060331136 5254001234025254001234010800450000388f444000401143600a002a0f0a002a02109210920024af8054324e31010400005452543200000000000000990000000008b771b4
CAPTURE 1 34102786800 5254001234025254001234010800450000448f4a40004011434e0a002a0f0a002a0210921092003057a854324e3101010001545254320000009a00000000000c0000c0160e0001000000000002700000009a
CAPTURE 1 34117995872 52540012340152540012340208004500003800000000401112a50a002a020a002a0f109210920024ab3f54324e310104000054525432000000000000009a00000000313a4d71
CAPTURE 1 34118813616 52540012340152540012340208004500004400000000401112990a002a020a002a0f109210920030622e54324e3101020001545254320000009a00000000000c00003b1788f501000000000001f30000009a
CAPTURE 1 34170570928 5254001234025254001234010800450000388f5540004011434f0a002a0f0a002a02109210920024ab3f54324e310104000054525432000000000000009a00000000313a4d71
CAPTURE 1 34388266240 525400123401525400123402080045000040000000004011129d0a002a020a002a0f10921092002cdc5b54324e3101050000545254320000000000000000000800007f2453d50000000000007b16
CAPTURE 1 34410382768 5254001234025254001234010800450000448f7e40004011431a0a002a0f0a002a02109210920030bf6754324e3101010001545254320000009b00000000000c0000685afdf801000000000002720000009b
CAPTURE 1 34429017136 52540012340152540012340208004500003800000000401112a50a002a020a002a0f109210920024aa7654324e310104000054525432000000000000009b0000000026415932
CAPTURE 1 34429695360 52540012340152540012340208004500004400000000401112990a002a020a002a0f109210920030143054324e3101020001545254320000009b00000000000c0000e99b286d01000000000001f30000009b
CAPTURE 1 34463802736 5254001234025254001234010800450000408f864000401143160a002a0f0a002a0210921092002c800454324e310105000054525432000000000000000000080000a9e19ca500000000000063e0
CAPTURE 1 34489840896 5254001234025254001234010800450000388f8b4000401143190a002a0f0a002a02109210920024aa7654324e310104000054525432000000000000009b0000000026415932
CAPTURE 1 34533709040 5254001234025254001234010800450000448f934000401143050a002a0f0a002a02109210920030b7c754324e3101010001545254320000009c00000000000c00007fceee2301000000000002710000009c
CAPTURE 1 34535949440 52540012340152540012340208004500003800000000401112a50a002a020a002a0f109210920024b2cd54324e310104000054525432000000000000009c00000000422034fb
CAPTURE 1 34538285152 52540012340152540012340208004500004400000000401112990a002a020a002a0f1092109200302b2154324e3101020001545254320000009c00000000000c0000b9af416601000000000001f30000009c
CAPTURE 1 34602689968 5254001234025254001234010800450000388fa14000401143030a002a0f0a002a02109210920024b2cd54324e310104000054525432000000000000009c00000000422034fb
CAPTURE 1 34646994416 5254001234025254001234010800450000448fa44000401142f40a002a0f0a002a021092109200302e8b54324e3101010001545254320000009d00000000000c00009022670b01000000000002700000009d
CAPTURE 1 34662885360 52540012340152540012340208004500003800000000401112a50a002a020a002a0f109210920024b3d454324e310104000054525432000000000000009d00000000555b20b8
CAPTURE 1 34664693680 52540012340152540012340208004500004400000000401112990a002a020a002a0f10921092003007a454324e3101020001545254320000009d00000000000c00005643c84e01000000000001f20000009d
CAPTURE 1 34703273568 5254001234025254001234010800450000388faa4000401142fa0a002a0f0a002a02109210920024b3d454324e310104000054525432000000000000009d00000000555b20b8
CAPTURE 1 34943833072 5254001234025254001234010800450000448fbd4000401142db0a002a0f0a002a021092109200307abd54324e3101010001545254320000009e00000000000c000001a6a95201000000000002710000009e
CAPTURE 1 34956087392 52540012340152540012340208004500003800000000401112a50a002a020a002a0f109210920024a09354324e310104000054525432000000000000009e000000006cd61c7d
CAPTURE 1 34961289328 52540012340152540012340208004500004400000000401112990a002a020a002a0f109210920030fbe454324e3101020001545254320000009e00000000000c0000faa72fa701000000000001f20000009e
CAPTURE 1 35003116960 5254001234025254001234010800450000408fc34000401142d90a002a0f0a002a0210921092002c1ae354324e31010500005452543200000000000000000008000072b336d600000000000065ff
CAPTURE 1 35014274400 5254001234025254001234010800450000388fc54000401142df0a002a0f0a002a02109210920024a09354324e310104000054525432000000000000009e000000006cd61c7d
CAPTURE 1 35056758160 5254001234025254001234010800450000448fc64000401142d20a002a0f0a002a0210921092003048bf54324e3101010001545254320000009f00000000000c0000d32a09ca01000000000002710000009f
CAPTURE 1 35073385680 52540012340152540012340208004500003800000000401112a50a002a020a002a0f109210920024a5fa54324e310104000054525432000000000000009f000000007bad083e
CAPTURE 1 35074368352 52540012340152540012340208004500004400000000401112990a002a020a002a0f1092109200306ec754324e3101020001545254320000009f00000000000c0000282b8f3f01000000000001f20000009f
CAPTURE 1 35124782976 5254001234025254001234010800450000388fd44000401142d00a002a0f0a002a02109210920024a5fa54324e310104000054525432000000000000009f000000007bad083e
CAPTURE 1 35168041888 5254001234025254001234010800450000448fd94000401142bf0a002a0f0a002a02109210920030942954324e310101000154525432000000a000000000000c00006f2e225a0100000000000271000000a0
CAPTURE 1 35184678448 52540012340152540012340208004500003800000000401112a50a002a020a002a0f109210920024988254324e31010400005452543200000000000000a0000000008a25073d
CAPTURE 1 35185846768 52540012340152540012340208004500004400000000401112990a002a020a002a0f109210920030ed5054324e310102000154525432000000a000000000000c0000942fa4af01000000000001f2000000a0
CAPTURE 1 35236281872 5254001234025254001234010800450000388fe44000401142c00a002a0f0a002a02109210920024988254324e31010400005452543200000000000000a0000000008a25073d
CAPTURE 1 35277013968 5254001234025254001234010800450000448fea4000401142ae0a002a0f0a002a02109210920030e54a54324e310101000154525432000000a100000000000c0000bda282c20100000000000271000000a1
CAPTURE 1 35491929952 52540012340152540012340208004500003800000000401112a50a002a020a002a0f109210920024790754324e31010400005452543200000000000000a1000000009d5e137e
CAPTURE 1 35492559008 52540012340152540012340208004500004400000000401112990a002a020a002a0f109210920030db5354324e310102000154525432000000a100000000000c000046a3043701000000000001f2000000a1
CAPTURE 1 35523202176 52540012340252540012340108004500004090194000401142830a002a0f0a002a0210921092002c1b3454324e310105000054525432000000000000000000080000747b32b50000000000006807
CAPTURE 1 35534548528 525400123402525400123401080045000038901a40004011428a0a002a0f0a002a02109210920024790754324e31010400005452543200000000000000a1000000009d5e137e
CAPTURE 1 35578536096 52540012340252540012340108004500004490214000401142770a002a0f0a002a02109210920030af3c54324e310101000154525432000000a200000000000c00001146652b0100000000000271000000a2
CAPTURE 1 35594545232 52540012340152540012340208004500003800000000401112a50a002a020a002a0f109210920024555454324e31010400005452543200000000000000a200000000a4d32fbb
CAPTURE 1 35596947856 52540012340152540012340208004500004400000000401112990a002a020a002a0f109210920030580554324e310102000154525432000000a200000000000c0000ea47e3de01000000000001f2000000a2
CAPTURE 1 35634958656 52540012340252540012340108004500003890234000401142810a002a0f0a002a02109210920024555454324e31010400005452543200000000000000a200000000a4d32fbb
CAPTURE 1 35676797920 525400123402525400123401080045000044902940004011426f0a002a0f0a002a021092109200309c2d54324e310101000154525432000000a300000000000c0000c3cac5b30100000000000271000000a3
CAPTURE 1 35693026336 52540012340152540012340208004500003800000000401112a50a002a020a002a0f1092109200243a4154324e31010400005452543200000000000000a300000000b3a83bf8
CAPTURE 1 35694795632 52540012340152540012340208004500004400000000401112990a002a020a002a0f109210920030aa1854324e310102000154525432000000a300000000000c000038cb434601000000000001f2000000a3
CAPTURE 1 35744781760 525400123402525400123401080045000038902a40004011427a0a002a0f0a002a021092109200243a4154324e31010400005452543200000000000000a300000000b3a83bf8
CAPTURE 1 35791081104 525400123402525400123401080045000044902f4000401142690a002a0f0a002a02109210920030e4f254324e310101000154525432000000a400000000000c000093feacb80100000000000271000000a4
CAPTURE 1 35806009392 52540012340152540012340208004500003800000000401112a50a002a020a002a0f109210920024fbe554324e31010400005452543200000000000000a400000000d7c95631
CAPTURE 1 35807521888 52540012340152540012340208004500004400000000401112990a002a020a002a0f10921092003092db54324e310102000154525432000000a400000000000c000068ff2a4d01000000000001f2000000a4
CAPTURE 1 36039866416 525400123401525400123402080045000040000000004011129d0a002a020a002a0f10921092002c3d8154324e31010500005452543200000000000000000008000086c0e4a10000000000008188
CAPTURE 1 36049299968 525400123402525400123401080045000038904740004011425d0a002a0f0a002a02109210920024fbe554324e31010400005452543200000000000000a400000000d7c95631
CAPTURE 1 36092368000 525400123402525400123401080045000044904d40004011424b0a002a0f0a002a02109210920030d81554324e310101000154525432000000a500000000000c000041720c200100000000000271000000a5
CAPTURE 1 36109535840 52540012340152540012340208004500003800000000401112a50a002a020a002a0f10921092002426bb54324e31010400005452543200000000000000a500000000c0b24272
CAPTURE 1 36110253136 52540012340152540012340208004500004400000000401112990a002a020a002a0f109210920030e0dc54324e310102000154525432000000a500000000000c0000ba738ad501000000000001f2000000a5
CAPTURE 1 36170526480 525400123402525400123401080045000038905640004011424e0a002a0f0a002a0210921092002426bb54324e31010400005452543200000000000000a500000000c0b24272
CAPTURE 1 36217875776 52540012340252540012340108004500004490584000401142400a002a0f0a002a021092109200304c4554324e310101000154525432000000a600000000000c0000ed96ebc90100000000000271000000a6
CAPTURE 1 36222342224 52540012340152540012340208004500003800000000401112a50a002a020a002a0f109210920024b1e754324e31010400005452543200000000000000a600000000f93f7eb7
CAPTURE 1 36235897872 52540012340152540012340208004500004400000000401112990a002a020a002a0f109210920030a25054324e310102000154525432000000a600000000000c000016976d3c01000000000001f2000000a6
CAPTURE 1 36276700912 52540012340252540012340108004500003890604000401142440a002a0f0a002a02109210920024b1e754324e31010400005452543200000000000000a600000000f93f7eb7
CAPTURE 1 36316555488 52540012340252540012340108004500004490684000401142300a002a0f0a002a021092109200309b3854324e310101000154525432000000a700000000000c00003f1a4b510100000000000271000000a7
CAPTURE 1 36331971744 52540012340152540012340208004500003800000000401112a50a002a020a002a0f109210920024d0a454324e31010400005452543200000000000000a700000000ee446af4
CAPTURE 1 36332681072 52540012340152540012340208004500004400000000401112990a002a020a002a0f109210920030946154324e310102000154525432000000a700000000000c0000c41bcda401000000000001f2000000a7
CAPTURE 1 36370918512 525400123402525400123401080045000038906b4000401142390a002a0f0a002a02109210920024d0a454324e31010400005452543200000000000000a700000000ee446af4
CAPTURE 1 36590629312 525400123401525400123402080045000040000000004011129d0a002a020a002a0f10921092002c3be454324e31010500005452543200000000000000000008000066fb03de00000000000083ae
CAPTURE 1 36631455408 52540012340252540012340108004500004490914000401142070a002a0f0a002a021092109200309dc454324e310101000154525432000000a800000000000c00004dfe39df0100000000000271000000a8
CAPTURE 1 36646046160 52540012340152540012340208004500003800000000401112a50a002a020a002a0f10921092002452ba54324e31010400005452543200000000000000a80000000031fda525
CAPTURE 1 36647827536 52540012340152540012340208004500004400000000401112990a002a020a002a0f109210920030aff554324e310102000154525432000000a800000000000c0000b6ffbf2a01000000000001f2000000a8
CAPTURE 1 36681529200 525400123402525400123401080045000040909b4000401142010a002a0f0a002a0210921092002c4a3554324e3101050000545254320000000000000000000800001a1759960000000000006c89
CAPTURE 1 36707536784 525400123402525400123401080045000038909e4000401142060a002a0f0a002a0210921092002452ba54324e31010400005452543200000000000000a80000000031fda525
CAPTURE 1 36749163072 52540012340252540012340108004500004490a44000401141f40a002a0f0a002a02109210920030ece554324e310101000154525432000000a900000000000c00009f7299470100000000000271000000a9
CAPTURE 1 36766388128 52540012340152540012340208004500003800000000401112a50a002a020a002a0f10921092002451ef54324e31010400005452543200000000000000a9000000002686b166
CAPTURE 1 36767194320 52540012340152540012340208004500004400000000401112990a002a020a002a0f109210920030a1f854324e310102000154525432000000a900000000000c000064731fb201000000000001f2000000a9
CAPTURE 1 36806268512 52540012340252540012340108004500003890b14000401141f30a002a0f0a002a0210921092002451ef54324e31010400005452543200000000000000a9000000002686b166
CAPTURE 1 36849422384 52540012340252540012340108004500004490bb4000401141dd0a002a0f0a002a02109210920030735954324e310101000154525432000000aa00000000000c000033967eae0100000000000271000000aa
CAPTURE 1 36866334304 52540012340152540012340208004500003800000000401112a50a002a020a002a0f1092109200247d2c54324e31010400005452543200000000000000aa000000001f0b8da3
CAPTURE 1 36867618960 52540012340152540012340208004500004400000000401112990a002a020a002a0f109210920030652854324e310102000154525432000000aa00000000000c0000c897f85b01000000000001f2000000aa
CAPTURE 1 36909394400 52540012340252540012340108004500003890c24000401141e20a002a0f0a002a021092109200247d2c54324e31010400005452543200000000000000aa000000001f0b8da3
CAPTURE 1 37153821648 52540012340252540012340108004500004490f14000401141a70a002a0f0a002a02109210920030664a54324e310101000154525432000000ab00000000000c0000e11ade360100000000000271000000ab
CAPTURE 1 37170464880 52540012340152540012340208004500003800000000401112a50a002a020a002a0f109210920024878954324e31010400005452543200000000000000ab00000000087099e0
CAPTURE 1 37172761264 52540012340152540012340208004500004400000000401112990a002a020a002a0f109210920030b33b54324e310102000154525432000000ab00000000000c00001a1b58c301000000000001f2000000ab
CAPTURE 1 37197234704 52540012340252540012340108004500004090f84000401141a40a002a0f0a002a0210921092002cdd4a54324e3101050000545254320000000000000000000800003b4da3420000000000006e91
CAPTURE 1 37211053120 52540012340252540012340108004500003890fb4000401141a90a002a0f0a002a02109210920024878954324e31010400005452543200000000000000ab00000000087099e0
CAPTURE 1 37254771120 52540012340252540012340108004500004491064000401141920a002a0f0a002a02109210920030bd2d54324e310101000154525432000000ac00000000000c0000b12eb73d0100000000000271000000ac
CAPTURE 1 37272812336 52540012340152540012340208004500003800000000401112a50a002a020a002a0f109210920024c99d54324e31010400005452543200000000000000ac000000006c11f429
CAPTURE 1 37273559856 52540012340152540012340208004500004400000000401112990a002a020a002a0f109210920030aa2054324e310102000154525432000000ac00000000000c00004a2f31c801000000000001f2000000ac
CAPTURE 1 37313632496 52540012340252540012340108004500003891104000401141940a002a0f0a002a02109210920024c99d54324e31010400005452543200000000000000ac000000006c11f429
CAPTURE 1 37357805328 52540012340252540012340108004500004491144000401141840a002a0f0a002a02109210920030aa5054324e310101000154525432000000ad00000000000c000063a217a50100000000000271000000ad
CAPTURE 1 37362367760 52540012340152540012340208004500003800000000401112a50a002a020a002a0f109210920024ce0254324e31010400005452543200000000000000ad000000007b6ae06a
CAPTURE 1 37375503248 52540012340152540012340208004500004400000000401112990a002a020a002a0f109210920030fc2154324e310102000154525432000000ad00000000000c000098a3915001000000000001f2000000ad
CAPTURE 1 37416595568 525400123402525400123401080045000038911c4000401141880a002a0f0a002a02109210920024ce0254324e31010400005452543200000000000000ad000000007b6ae06a
CAPTURE 1 37457129696 525400123402525400123401080045000044911d40004011417b0a002a0f0a002a02109210920030660254324e310101000154525432000000ae00000000000c0000cf46f04c0100000000000271000000ae
CAPTURE 1 37472494960 52540012340152540012340208004500003800000000401112a50a002a020a002a0f1092109200240a4054324e31010400005452543200000000000000ae0000000042e7dcaf
CAPTURE 1 37474181904 52540012340152540012340208004500004400000000401112990a002a020a002a0f1092109200307b1354324e310102000154525432000000ae00000000000c0000344776b901000000000001f2000000ae
CAPTURE 1 37707704096 525400123401525400123402080045000040000000004011129d0a002a020a002a0f10921092002cd48654324e31010500005452543200000000000000000008000053d979fd000000000000880e
CAPTURE 1 37718405824 52540012340252540012340108004500003891524000401141520a002a0f0a002a021092109200240a4054324e31010400005452543200000000000000ae0000000042e7dcaf
CAPTURE 1 37762504544 52540012340252540012340108004500004491534000401141450a002a0f0a002a02109210920030b6f554324e310101000154525432000000af00000000000c00001dca50d40100000000000271000000af
CAPTURE 1 37778867600 52540012340152540012340208004500003800000000401112a50a002a020a002a0f1092109200240b4d54324e31010400005452543200000000000000af00000000559cc8ec
CAPTURE 1 37780995200 52540012340152540012340208004500004400000000401112990a002a020a002a0f109210920030692454324e310102000154525432000000af00000000000c0000e6cbd62101000000000001f2000000af
CAPTURE 1 37841865904 525400123402525400123401080045000038916640004011413e0a002a0f0a002a021092109200240b4d54324e31010400005452543200000000000000af00000000559cc8ec
CAPTURE 1 37884135312 525400123402525400123401080045000044916940004011412f0a002a0f0a002a02109210920030e5b354324e310101000154525432000000b000000000000c00002a8e15500100000000000271000000b0
CAPTURE 1 37901298944 52540012340152540012340208004500003800000000401112a50a002a020a002a0f109210920024bda354324e31010400005452543200000000000000b00000000026e5454c
CAPTURE 1 37902233984 52540012340152540012340208004500004400000000401112990a002a020a002a0f109210920030c0da54324e310102000154525432000000b000000000000c0000d18f93a501000000000001f2000000b0
CAPTURE 1 37949636096 525400123402525400123401080045000038917840004011412c0a002a0f0a002a02109210920024bda354324e31010400005452543200000000000000b00000000026e5454c
CAPTURE 1 37991259664 525400123402525400123401080045000044917b40004011411d0a002a0f0a002a0210921092003077c454324e310101000154525432000000b100000000000c0000f802b5c80100000000000271000000b1
CAPTURE 1 38007025552 52540012340152540012340208004500003800000000401112a50a002a020a002a0f109210920024a72654324e31010400005452543200000000000000b100000000319e510f
CAPTURE 1 38008389536 52540012340152540012340208004500004400000000401112990a002a020a002a0f109210920030efcd54324e310102000154525432000000b100000000000c00000303333d01000000000001f2000000b1
CAPTURE 1 38050424448 52540012340252540012340108004500003891844000401141200a002a0f0a002a02109210920024a72654324e31010400005452543200000000000000b100000000319e510f
CAPTURE 1 38275007072 525400123401525400123402080045000040000000004011129d0a002a020a002a0f10921092002ca1f754324e310105000054525432000000000000000000080000fe50ffda0000000000008a48
CAPTURE 1 38301086192 52540012340252540012340108004500004491944000401141040a002a0f0a002a021092109200307e8654324e310101000154525432000000b200000000000c000054e652210100000000000271000000b2
CAPTURE 1 38318134640 52540012340152540012340208004500003800000000401112a50a002a020a002a0f109210920024b3f554324e31010400005452543200000000000000b20000000008136dca
CAPTURE 1 38319054016 52540012340152540012340208004500004400000000401112990a002a020a002a0f109210920030a14f54324e310102000154525432000000b200000000000c0000afe7d4d401000000000001f2000000b2
CAPTURE 1 38364054144 52540012340252540012340108004500004091974000401141050a002a0f0a002a0210921092002c2f6454324e310105000054525432000000000000000000080000572830c3000000000000731c
CAPTURE 1 38390674496 525400123402525400123401080045000038919d4000401141070a002a0f0a002a02109210920024b3f554324e31010400005452543200000000000000b20000000008136dca
CAPTURE 1 38433616848 525400123402525400123401080045000044919f4000401140f90a002a0f0a002a02109210920030ac6754324e310101000154525432000000b300000000000c0000866af2b90100000000000271000000b3
CAPTURE 1 38438415680 52540012340152540012340208004500003800000000401112a50a002a020a002a0f10921092002490e054324e31010400005452543200000000000000b3000000001f687989
CAPTURE 1 38445832688 52540012340152540012340208004500004400000000401112990a002a020a002a0f109210920030345254324e310102000154525432000000b300000000000c00007d6b744c01000000000001f2000000b3
CAPTURE 1 38504687216 52540012340252540012340108004500003891a64000401140fe0a002a0f0a002a0210921092002490e054324e31010400005452543200000000000000b3000000001f687989
CAPTURE 1 38547055920 525400123402525400123401080600010800060400015254001234010a002a0f0000000000000a002a02
CAPTURE 1 38548122592 52540012340252540012340108004500004491ab4000401140ed0a002a0f0a002a02109210920030b37854324e310101000154525432000000b400000000000c0000d65e9bb20100000000000271000000b4
CAPTURE 1 38564643344 525400123401525400123402080600010800060400025254001234020a002a025254001234010a002a0f
CAPTURE 1 38566028272 52540012340152540012340208004500003800000000401112a50a002a020a002a0f1092109200249a8754324e31010400005452543200000000000000b4000000007b091440
CAPTURE 1 38566799088 52540012340152540012340208004500004400000000401112990a002a020a002a0f109210920030db6154324e310102000154525432000000b400000000000c00002d5f1d4701000000000001f2000000b4
CAPTURE 1 38616715872 52540012340252540012340108004500003891bb4000401140e90a002a0f0a002a021092109200249a8754324e31010400005452543200000000000000b4000000007b091440
CAPTURE 1 38828710544 525400123401525400123402080045000040000000004011129d0a002a020a002a0f10921092002c465454324e3101050000545254320000000000000000000800007a07dda10000000000008c6e
CAPTURE 1 38848973824 52540012340252540012340108004500004491e84000401140b00a002a0f0a002a02109210920030e58b54324e310101000154525432000000b500000000000c000004d23b2a0100000000000271000000b5
CAPTURE 1 38865994048 52540012340152540012340208004500003800000000401112a50a002a020a002a0f109210920024bd5a54324e31010400005452543200000000000000b5000000006c720003
CAPTURE 1 38866735984 52540012340152540012340208004500004400000000401112990a002a020a002a0f109210920030685254324e310102000154525432000000b500000000000c0000ffd3bddf01000000000001f2000000b5
CAPTURE 1 38909640208 52540012340252540012340108004500004091ea4000401140b20a002a0f0a002a0210921092002c0a7954324e310105000054525432000000000000000000080000d412d6a1000000000000753e
CAPTURE 1 38937209104 52540012340252540012340108004500003891ed4000401140b70a002a0f0a002a02109210920024bd5a54324e31010400005452543200000000000000b5000000006c720003
CAPTURE 1 38982435632 52540012340252540012340108004500004491f04000401140a80a002a0f0a002a02109210920030a08b54324e310101000154525432000000b600000000000c0000a836dcc30100000000000271000000b6
CAPTURE 1 38997610608 52540012340152540012340208004500003800000000401112a50a002a020a002a0f109210920024970954324e31010400005452543200000000000000b60000000055ff3cc6
CAPTURE 1 38998403200 52540012340152540012340208004500004400000000401112990a002a020a002a0f109210920030789654324e310102000154525432000000b600000000000c000053375a3601000000000001f2000000b6
CAPTURE 1 39050686240 52540012340252540012340108004500003892024000401140a20a002a0f0a002a02109210920024970954324e31010400005452543200000000000000b60000000055ff3cc6
CAPTURE 1 39093750960 52540012340252540012340108004500004492044000401140940a002a0f0a002a021092109200302e6e54324e310101000154525432000000b700000000000c00007aba7c5b0100000000000271000000b7
CAPTURE 1 39096185120 52540012340152540012340208004500003800000000401112a50a002a020a002a0f109210920024bec454324e31010400005452543200000000000000b70000000042842885
CAPTURE 1 39098511888 52540012340152540012340208004500004400000000401112990a002a020a002a0f109210920030a99754324e310102000154525432000000b700000000000c000081bbfaae01000000000001f2000000b7
CAPTURE 1 39164591920 525400123402525400123401080045000038921540004011408f0a002a0f0a002a02109210920024bec454324e31010400005452543200000000000000b70000000042842885
CAPTURE 1 39380879600 525400123401525400123402080045000040000000004011129d0a002a020a002a0f10921092002ce25c54324e3101050000545254320000000000000000000800001559a4210000000000008e94
CAPTURE 1 39400446736 525400123402525400123401080045000044921d40004011407b0a002a0f0a002a021092109200300e4f54324e310101000154525432000000b800000000000c0000085e0ed50100000000000271000000b8
CAPTURE 1 39416094224 52540012340152540012340208004500003800000000401112a50a002a020a002a0f109210920024a53a54324e31010400005452543200000000000000b8000000009d3de754
CAPTURE 1 39417202592 52540012340152540012340208004500004400000000401112990a002a020a002a0f109210920030aa7f54324e310102000154525432000000b800000000000c0000f35f882001000000000001f2000000b8
CAPTURE 1 39464613904 52540012340252540012340108004500004092234000401140790a002a0f0a002a0210921092002c60fd54324e310105000054525432000000000000000000080000f4935d730000000000007767
CAPTURE 1 39490582320 525400123402525400123401080045000038922840004011407c0a002a0f0a002a02109210920024a53a54324e31010400005452543200000000000000b8000000009d3de754
CAPTURE 1 39532154560 52540012340252540012340108004500004492324000401140660a002a0f0a002a021092109200309c5f54324e310101000154525432000000b900000000000c0000dad2ae4d0100000000000271000000b9
CAPTURE 1 39549407664 52540012340152540012340208004500003800000000401112a50a002a020a002a0f109210920024ac6d54324e31010400005452543200000000000000b9000000008a46f317
CAPTURE 1 39550441552 52540012340152540012340208004500004400000000401112990a002a020a002a0f109210920030db7254324e310102000154525432000000b900000000000c000021d328b801000000000001f2000000b9
CAPTURE 1 39590537360 525400123402525400123401080045000038923b4000401140690a002a0f0a002a02109210920024ac6d54324e31010400005452543200000000000000b9000000008a46f317
CAPTURE 1 39631029104 52540012340252540012340108004500004492404000401140580a002a0f0a002a0210921092003065a354324e310101000154525432000000ba00000000000c0000763649a40100000000000271000000ba
CAPTURE 1 39646301584 52540012340152540012340208004500003800000000401112a50a002a020a002a0f109210920024a62c54324e31010400005452543200000000000000ba00000000b3cbcfd2
CAPTURE 1 39647189456 52540012340152540012340208004500004400000000401112990a002a020a002a0f109210920030c97254324e310102000154525432000000ba00000000000c00008d37cf5101000000000001f2000000ba
CAPTURE 1 39685853520 52540012340252540012340108004500003892444000401140600a002a0f0a002a02109210920024a62c54324e31010400005452543200000000000000ba00000000b3cbcfd2
CAPTURE 1 39929243088 52540012340252540012340108004500004492684000401140300a002a0f0a002a02109210920030978454324e310101000154525432000000bb00000000000c0000a4bae93c0100000000000271000000bb
CAPTURE 1 39945899088 52540012340152540012340208004500003800000000401112a50a002a020a002a0f109210920024a98754324e31010400005452543200000000000000bb00000000a4b0db91
CAPTURE 1 39946564832 52540012340152540012340208004500004400000000401112990a002a020a002a0f109210920030567554324e310102000154525432000000bb00000000000c00005fbb6fc901000000000001f2000000bb
CAPTURE 1 39975833744 525400123402525400123401080045000040927140004011402b0a002a0f0a002a0210921092002c902054324e31010500005452543200000000000000000008000014a10c40000000000000796a
CAPTURE 1 39986999024 52540012340252540012340108004500003892734000401140310a002a0f0a002a02109210920024a98754324e31010400005452543200000000000000bb00000000a4b0db91
CAPTURE 1 40032310096 525400123402525400123401080045000044927d40004011401b0a002a0f0a002a02109210920030b0b354324e310101000154525432000000bc00000000000c0000f48e80370100000000000271000000bc
CAPTURE 1 40048605056 52540012340152540012340208004500003800000000401112a50a002a020a002a0f109210920024b29e54324e31010400005452543200000000000000bc00000000c0d1b658
CAPTURE 1 40050222320 52540012340152540012340208004500004400000000401112990a002a020a002a0f1092109200300fa754324e310102000154525432000000bc00000000000c00000f8f06c201000000000001f2000000bc
CAPTURE 1 40100506656 525400123402525400123401080045000038928740004011401d0a002a0f0a002a02109210920024b29e54324e31010400005452543200000000000000bc00000000c0d1b658
CAPTURE 1 40141044432 525400123402525400123401080045000044928a40004011400e0a002a0f0a002a02109210920030dec654324e310101000154525432000000bd00000000000c0000260220af0100000000000271000000bd
CAPTURE 1 40157250864 52540012340152540012340208004500003800000000401112a50a002a020a002a0f109210920024b00154324e31010400005452543200000000000000bd00000000d7aaa21b
CAPTURE 1 40157805056 52540012340152540012340208004500004400000000401112990a002a020a002a0f109210920030a29754324e310102000154525432000000bd00000000000c0000dd03a65a01000000000001f2000000bd
CAPTURE 1 40196742976 52540012340252540012340108004500003892904000401140140a002a0f0a002a02109210920024b00154324e31010400005452543200000000000000bd00000000d7aaa21b
CAPTURE 1 40239019008 525400123402525400123401080045000044929b400040113ffd0a002a0f0a002a02109210920030d34854324e310101000154525432000000be00000000000c00008ae6c7460100000000000271000000be
CAPTURE 1 40254434896 52540012340152540012340208004500003800000000401112a50a002a020a002a0f1092109200249cc054324e31010400005452543200000000000000be00000000ee279ede
CAPTURE 1 40255356992 52540012340152540012340208004500004400000000401112990a002a020a002a0f109210920030725954324e310102000154525432000000be00000000000c000071e741b301000000000001f2000000be
CAPTURE 1 40490464464 525400123401525400123402080045000040000000004011129d0a002a020a002a0f10921092002cada654324e3101050000545254320000000000000000000800004493a54700000000000092ea
CAPTURE 1 40500272640 52540012340252540012340108004500003892c0400040113fe40a002a0f0a002a021092109200249cc054324e31010400005452543200000000000000be00000000ee279ede
CAPTURE 1 40544640448 52540012340252540012340108004500004492c7400040113fd10a002a0f0a002a02109210920030652b54324e310101000154525432000000bf00000000000c0000586a67de0100000000000271000000bf
CAPTURE 1 40560905120 52540012340152540012340208004500003800000000401112a50a002a020a002a0f109210920024a5cb54324e31010400005452543200000000000000bf00000000f95c8a9d
CAPTURE 1 40562176528 52540012340152540012340208004500004400000000401112990a002a020a002a0f109210920030a15a54324e310102000154525432000000bf00000000000c0000a36be12b01000000000001f2000000bf
CAPTURE 1 40631516496 52540012340252540012340108004500003892db400040113fc90a002a0f0a002a02109210920024a5cb54324e31010400005452543200000000000000bf00000000f95c8a9d
CAPTURE 1 40674702880 52540012340252540012340108004500004492e3400040113fb50a002a0f0a002a0210921092003065ab54324e310101000154525432000000c000000000000c0000299f96270100000000000271000000c0
CAPTURE 1 40690467680 52540012340152540012340208004500003800000000401112a50a002a020a002a0f109210920024cce454324e31010400005452543200000000000000c000000000d6468699
CAPTURE 1 40692014928 52540012340152540012340208004500004400000000401112990a002a020a002a0f109210920030427f54324e310102000154525432000000c000000000000c0000d29e10d201000000000001f2000000c0
CAPTURE 1 40731182000 52540012340252540012340108004500003892e6400040113fbe0a002a0f0a002a02109210920024cce454324e31010400005452543200000000000000c000000000d6468699
CAPTURE 1 40773268960 52540012340252540012340108004500004492eb400040113fad0a002a0f0a002a02109210920030f39c54324e310101000154525432000000c100000000000c0000fb1336bf0100000000000271000000c1
CAPTURE 1 40790344000 52540012340152540012340208004500003800000000401112a50a002a020a002a0f109210920024d5ab54324e31010400005452543200000000000000c100000000c13d92da
CAPTURE 1 40791212352 52540012340152540012340208004500004400000000401112990a002a020a002a0f109210920030759154324e310102000154525432000000c100000000000c00000012b04a01000000000001f2000000c1
CAPTURE 1 40832067248 52540012340252540012340108004500003892f2400040113fb20a002a0f0a002a02109210920024d5ab54324e31010400005452543200000000000000c100000000c13d92da
CAPTURE 1 41052860496 525400123401525400123402080045000040000000004011129d0a002a020a002a0f10921092002c1d4554324e310105000054525432000000000000000000080000b66fc19c000000000000951a
CAPTURE 1 41077594464 525400123402525400123401080045000044931e400040113f7a0a002a0f0a002a02109210920030fc1f54324e310101000154525432000000c200000000000c000057f7d1560100000000000271000000c2
CAPTURE 1 41082312256 52540012340152540012340208004500003800000000401112a50a002a020a002a0f10921092002482f254324e31010400005452543200000000000000c200000000f8b0ae1f
CAPTURE 1 41096014048 52540012340152540012340208004500004400000000401112990a002a020a002a0f109210920030215254324e310102000154525432000000c200000000000c0000acf657a301000000000001f2000000c2
CAPTURE 1 41145854464 5254001234025254001234010800450000409326400040113f760a002a0f0a002a0210921092002c86ed54324e31010500005452543200000000000000000008000019cb0bba0000000000007df9
CAPTURE 1 41172668560 525400123402525400123401080045000038932a400040113f7a0a002a0f0a002a0210921092002482f254324e31010400005452543200000000000000c200000000f8b0ae1f
CAPTURE 1 41219376624 525400123402525400123401080045000044932c400040113f6c0a002a0f0a002a021092109200302e2254324e310101000154525432000000c300000000000c0000857b71ce0100000000000271000000c3
CAPTURE 1 41236001488 52540012340152540012340208004500003800000000401112a50a002a020a002a0f1092109200247f9954324e31010400005452543200000000000000c300000000efcbba5c
CAPTURE 1 41237708688 52540012340152540012340208004500004400000000401112990a002a020a002a0f109210920030b03354324e310102000154525432000000c300000000000c00007e7af73b01000000000001f2000000c3
CAPTURE 1 41276461200 525400123402525400123401080045000038933a400040113f6a0a002a0f0a002a021092109200247f9954324e31010400005452543200000000000000c300000000efcbba5c
CAPTURE 1 41317198144 525400123402525400123401080045000044933b400040113f5d0a002a0f0a002a02109210920030375554324e310101000154525432000000c400000000000c0000d54f18c50100000000000271000000c4
CAPTURE 1 41332777088 52540012340152540012340208004500003800000000401112a50a002a020a002a0f109210920024c68054324e31010400005452543200000000000000c4000000008baad795
CAPTURE 1 41333436560 52540012340152540012340208004500004400000000401112990a002a020a002a0f109210920030596954324e310102000154525432000000c400000000000c00002e4e9e3001000000000001f2000000c4
CAPTURE 1 41356863424 33330000000252540012340186dd6000000000103afffe80000000000000505400fffe123401ff0200000000000000000000000000028500725f000000000101525400123401
CAPTURE 1 41372876864 525400123402525400123401080045000038933c400040113f680a002a0f0a002a02109210920024c68054324e31010400005452543200000000000000c4000000008baad795
CAPTURE 1 41597529008 525400123401525400123402080045000040000000004011129d0a002a020a002a0f10921092002c675054324e3101050000545254320000000000000000000800000fe71bf40000000000009740
CAPTURE 1 41620865200 5254001234025254001234010800450000449348400040113f500a002a0f0a002a02109210920030654754324e310101000154525432000000c500000000000c000007c3b85d0100000000000271000000c5
CAPTURE 1 41637463600 52540012340152540012340208004500003800000000401112a50a002a020a002a0f109210920024c91754324e31010400005452543200000000000000c5000000009cd1c3d6
CAPTURE 1 41638274864 52540012340152540012340208004500004400000000401112990a002a020a002a0f109210920030ea7a54324e310102000154525432000000c500000000000c0000fcc23ea801000000000001f2000000c5
CAPTURE 1 41688782000 5254001234025254001234010800450000409349400040113f530a002a0f0a002a0210921092002c4fb354324e310105000054525432000000000000000000080000ff6b5b350000000000008017
CAPTURE 1 41714754576 5254001234025254001234010800450000389350400040113f540a002a0f0a002a02109210920024c91754324e31010400005452543200000000000000c5000000009cd1c3d6
CAPTURE 1 41756302592 5254001234025254001234010800450000449352400040113f460a002a0f0a002a021092109200301a8a54324e310101000154525432000000c600000000000c0000ab275fb40100000000000271000000c6
CAPTURE 1 41773927168 52540012340152540012340208004500003800000000401112a50a002a020a002a0f109210920024854e54324e31010400005452543200000000000000c600000000a55cff13
CAPTURE 1 41774710656 52540012340152540012340208004500004400000000401112990a002a020a002a0f109210920030fc7b54324e310102000154525432000000c600000000000c00005026d94101000000000001f2000000c6
CAPTURE 1 41824401504 5254001234025254001234010800450000389359400040113f4b0a002a0f0a002a02109210920024854e54324e31010400005452543200000000000000c600000000a55cff13
CAPTURE 1 41863681552 525400123402525400123401080045000044935d400040113f3b0a002a0f0a002a02109210920030ac8b54324e310101000154525432000000c700000000000c000079abff2c0100000000000271000000c7
CAPTURE 1 41878802880 52540012340152540012340208004500003800000000401112a50a002a020a002a0f1092109200248c4554324e31010400005452543200000000000000c700000000b227eb50
CAPTURE 1 41881730512 52540012340152540012340208004500004400000000401112990a002a020a002a0f109210920030295e54324e310102000154525432000000c700000000000c000082aa79d901000000000001f2000000c7
CAPTURE 1 41922617984 5254001234025254001234010800450000389364400040113f400a002a0f0a002a021092109200248c4554324e31010400005452543200000000000000c700000000b227eb50
CAPTURE 1 42147321328 525400123401525400123402080045000040000000004011129d0a002a020a002a0f10921092002c9a1454324e3101050000545254320000000000000000000800004369b3870000000000009966
CAPTURE 1 42171229552 5254001234025254001234010800450000449397400040113f010a002a0f0a002a021092109200308c7054324e310101000154525432000000c800000000000c00000b4f8da20100000000000271000000c8
CAPTURE 1 42190449952 52540012340152540012340208004500003800000000401112a50a002a020a002a0f109210920024979d54324e31010400005452543200000000000000c8000000006d9e2481
CAPTURE 1 42191455792 52540012340152540012340208004500004400000000401112990a002a020a002a0f1092109200302a3a54324e310102000154525432000000c800000000000c0000f04e0b5701000000000001f2000000c8
CAPTURE 1 42227615552 525400123402525400123401080045000040939c400040113f000a002a0f0a002a0210921092002cd97254324e310105000054525432000000000000000000080000f15edd660000000000008233
CAPTURE 1 42254698256 525400123402525400123401080045000038939f400040113f050a002a0f0a002a02109210920024979d54324e31010400005452543200000000000000c8000000006d9e2481
CAPTURE 1 42298813424 52540012340252540012340108004500004493aa400040113eee0a002a0f0a002a021092109200301e6254324e310101000154525432000000c900000000000c0000d9c32d3a0100000000000271000000c9
CAPTURE 1 42314353856 52540012340152540012340208004500003800000000401112a50a002a020a002a0f1092109200247e1454324e31010400005452543200000000000000c9000000007ae530c2
CAPTURE 1 42315524048 52540012340152540012340208004500004400000000401112990a002a020a002a0f109210920030574c54324e310102000154525432000000c900000000000c000022c2abcf01000000000001f2000000c9
CAPTURE 1 42354810256 52540012340252540012340108004500003893b6400040113eee0a002a0f0a002a021092109200247e1454324e31010400005452543200000000000000c9000000007ae530c2
CAPTURE 1 42397184544 52540012340252540012340108004500004493be400040113eda0a002a0f0a002a02109210920030e56254324e310101000154525432000000ca00000000000c00007527cad30100000000000271000000ca
CAPTURE 1 42412949952 52540012340152540012340208004500003800000000401112a50a002a020a002a0f109210920024da4b54324e31010400005452543200000000000000ca0000000043680c07
CAPTURE 1 42413506624 52540012340152540012340208004500004400000000401112990a002a020a002a0f1092109200304b8f54324e310102000154525432000000ca00000000000c00008e264c2601000000000001f2000000ca
CAPTURE 1 42452426096 52540012340252540012340108004500003893bf400040113ee50a002a0f0a002a02109210920024da4b54324e31010400005452543200000000000000ca0000000043680c07
CAPTURE 1 42697357328 525400123401525400123402080045000040000000004011129d0a002a020a002a0f10921092002c82fb54324e3101050000545254320000000000000000000800003180da630000000000009b8c
CAPTURE 1 42700048432 52540012340252540012340108004500004493f8400040113ea00a002a0f0a002a02109210920030136554324e310101000154525432000000cb00000000000c0000a7ab6a4b0100000000000271000000cb
CAPTURE 1 42717425072 52540012340152540012340208004500003800000000401112a50a002a020a002a0f109210920024bd6254324e31010400005452543200000000000000cb0000000054131844
CAPTURE 1 42718223600 52540012340152540012340208004500004400000000401112990a002a020a002a0f109210920030dc7054324e310102000154525432000000cb00000000000c00005caaecbe01000000000001f2000000cb
CAPTURE 1 42751502624 52540012340252540012340108004500004093fe400040113e9e0a002a0f0a002a0210921092002cc0ae54324e310105000054525432000000000000000000080000aeb236cb000000000000843f
CAPTURE 1 42776670064 5254001234025254001234010800450000389404400040113ea00a002a0f0a002a02109210920024bd6254324e31010400005452543200000000000000cb0000000054131844
CAPTURE 1 42819159056 525400123402525400123401080045000044940a400040113e8e0a002a0f0a002a021092109200302a7a54324e310101000154525432000000cc00000000000c0000f79f03400100000000000271000000cc
CAPTURE 1 42835665872 52540012340152540012340208004500003800000000401112a50a002a020a002a0f10921092002483b954324e31010400005452543200000000000000cc000000003072758d
CAPTURE 1 42838223648 52540012340152540012340208004500004400000000401112990a002a020a002a0f109210920030938454324e310102000154525432000000cc00000000000c00000c9e85b501000000000001f2000000cc
CAPTURE 1 42878698784 525400123402525400123401080045000038940e400040113e960a002a0f0a002a0210921092002483b954324e31010400005452543200000000000000cc000000003072758d
CAPTURE 1 42928017744 5254001234025254001234010800450000449413400040113e850a002a0f0a002a021092109200305c6c54324e310101000154525432000000cd00000000000c00002513a3d80100000000000271000000cd
CAPTURE 1 42944766576 52540012340152540012340208004500003800000000401112a50a002a020a002a0f109210920024a0e054324e31010400005452543200000000000000cd00000000270961ce
CAPTURE 1 42946248848 52540012340152540012340208004500004400000000401112990a002a020a002a0f109210920030229654324e310102000154525432000000cd00000000000c0000de12252d01000000000001f2000000cd
CAPTURE 1 42996901776 5254001234025254001234010800450000389421400040113e830a002a0f0a002a02109210920024a0e054324e31010400005452543200000000000000cd00000000270961ce
CAPTURE 1 43036520608 5254001234025254001234010800450000449426400040113e720a002a0f0a002a02109210920030572d54324e310101000154525432000000ce00000000000c000089f744310100000000000271000000ce
CAPTURE 1 43246380480 52540012340152540012340208004500003800000000401112a50a002a020a002a0f109210920024ae2754324e31010400005452543200000000000000ce000000001e845d0b
CAPTURE 1 43247693216 52540012340152540012340208004500004400000000401112990a002a020a002a0f109210920030f01854324e310102000154525432000000ce00000000000c000072f6c2c401000000000001f2000000ce
CAPTURE 1 43277135696 5254001234025254001234010800450000409447400040113e550a002a0f0a002a0210921092002c3a1254324e310105000054525432000000000000000000080000418928800000000000008650
CAPTURE 1 43288451376 5254001234025254001234010800450000389448400040113e5c0a002a0f0a002a02109210920024ae2754324e31010400005452543200000000000000ce000000001e845d0b
CAPTURE 1 43332713248 5254001234025254001234010800450000449449400040113e4f0a002a0f0a002a02109210920030e52e54324e310101000154525432000000cf00000000000c00005b7be4a90100000000000271000000cf
CAPTURE 1 43349161808 52540012340152540012340208004500003800000000401112a50a002a020a002a0f109210920024d66e54324e31010400005452543200000000000000cf0000000009ff4948
CAPTURE 1 43349828928 52540012340152540012340208004500004400000000401112990a002a020a002a0f10921092003022fb54324e310102000154525432000000cf00000000000c0000a07a625c01000000000001f2000000cf
CAPTURE 1 43389772512 525400123402525400123401080045000038944f400040113e550a002a0f0a002a02109210920024d66e54324e31010400005452543200000000000000cf0000000009ff4948
CAPTURE 1 43432134848 525400123402525400123401080045000044945a400040113e3e0a002a0f0a002a0210921092003017e554324e310101000154525432000000d000000000000c00006c3fa12d0100000000000271000000d0
CAPTURE 1 43447870272 52540012340152540012340208004500003800000000401112a50a002a020a002a0f109210920024ea4554324e31010400005452543200000000000000d0000000007a86c4e8
CAPTURE 1 43450315440 52540012340152540012340208004500004400000000401112990a002a020a002a0f10921092003066b954324e310102000154525432000000d000000000000c0000973e27d801000000000001f2000000d0
CAPTURE 1 43491323264 5254001234025254001234010800450000389460400040113e440a002a0f0a002a02109210920024ea4554324e31010400005452543200000000000000d0000000007a86c4e8
CAPTURE 1 43533669776 5254001234025254001234010800450000449468400040113e300a002a0f0a002a0210921092003064e754324e310101000154525432000000d100000000000c0000beb301b50100000000000271000000d1
CAPTURE 1 43538413056 52540012340152540012340208004500003800000000401112a50a002a020a002a0f109210920024eb0a54324e31010400005452543200000000000000d1000000006dfdd0ab
CAPTURE 1 43545801616 52540012340152540012340208004500004400000000401112990a002a020a002a0f10921092003058db54324e310102000154525432000000d100000000000c000045b2874001000000000001f2000000d1
CAPTURE 1 43600453984 525400123402525400123401080045000038946c400040113e380a002a0f0a002a02109210920024eb0a54324e31010400005452543200000000000000d1000000006dfdd0ab
CAPTURE 1 43822097136 525400123401525400123402080045000040000000004011129d0a002a020a002a0f10921092002cf3e154324e310105000054525432000000000000000000080000185e7e3f0000000000009fec
CAPTURE 1 43847633888 5254001234025254001234010800450000449470400040113e280a002a0f0a002a021092109200302c9a54324e310101000154525432000000d200000000000c00001257e65c0100000000000271000000d2
CAPTURE 1 43865902592 52540012340152540012340208004500003800000000401112a50a002a020a002a0f109210920024e8d354324e31010400005452543200000000000000d2000000005470ec6e
CAPTURE 1 43866685888 52540012340152540012340208004500004400000000401112990a002a020a002a0f109210920030dbcb54324e310102000154525432000000d200000000000c0000e95660a901000000000001f2000000d2
CAPTURE 1 43912160480 525400123402525400123401080045000040947c400040113e200a002a0f0a002a0210921092002c614d54324e31010500005452543200000000000000000008000021de1e7800000000000088c8
CAPTURE 1 43938501744 525400123402525400123401080045000038947f400040113e250a002a0f0a002a02109210920024e8d354324e31010400005452543200000000000000d2000000005470ec6e
CAPTURE 1 43979777104 5254001234025254001234010800450000449484400040113e140a002a0f0a002a021092109200301dac54324e310101000154525432000000d300000000000c0000c0db46c40100000000000271000000d3
CAPTURE 1 43996769072 52540012340152540012340208004500003800000000401112a50a002a020a002a0f109210920024ee7854324e31010400005452543200000000000000d300000000430bf82d
CAPTURE 1 43997546304 52540012340152540012340208004500004400000000401112990a002a020a002a0f10921092003029be54324e310102000154525432000000d300000000000c00003bdac03101000000000001f2000000d3
CAPTURE 1 44037347600 5254001234025254001234010800450000389485400040113e1f0a002a0f0a002a02109210920024ee7854324e31010400005452543200000000000000d300000000430bf82d
CAPTURE 1 44083988976 525400123402525400123401080045000044948f400040113e090a002a0f0a002a02109210920030648b54324e310101000154525432000000d400000000000c000090ef2fcf0100000000000271000000d4
CAPTURE 1 44099049120 52540012340152540012340208004500003800000000401112a50a002a020a002a0f1092109200246c6254324e31010400005452543200000000000000d400000000276a95e4
CAPTURE 1 44100042304 52540012340152540012340208004500004400000000401112990a002a020a002a0f109210920030109f54324e310102000154525432000000d400000000000c00006beea93a01000000000001f2000000d4
CAPTURE 1 44138432768 5254001234025254001234010800450000389494400040113e100a002a0f0a002a021092109200246c6254324e31010400005452543200000000000000d400000000276a95e4
CAPTURE 1 44175367040 525400123402525400123401080045000044949b400040113dfd0a002a0f0a002a02109210920030538d54324e310101000154525432000000d500000000000c000042638f570100000000000271000000d5
CAPTURE 1 44189172304 52540012340152540012340208004500003800000000401112a50a002a020a002a0f10921092002477f754324e31010400005452543200000000000000d500000000301181a7
CAPTURE 1 44190194560 52540012340152540012340208004500004400000000401112990a002a020a002a0f10921092003062c154324e310102000154525432000000d500000000000c0000b96209a201000000000001f2000000d5
CAPTURE 1 44240178048 52540012340252540012340108004500003894a2400040113e020a002a0f0a002a0210921092002477f754324e31010400005452543200000000000000d500000000301181a7
CAPTURE 1 44279046608 52540012340252540012340108004500004494a7400040113df10a002a0f0a002a02109210920030cdff54324e310101000154525432000000d600000000000c0000ee8768be0100000000000271000000d6
CAPTURE 1 44293646768 52540012340152540012340208004500003800000000401112a50a002a020a002a0f10921092002462b054324e31010400005452543200000000000000d600000000099cbd62
CAPTURE 1 44294328944 52540012340152540012340208004500004400000000401112990a002a020a002a0f10921092003021f254324e310102000154525432000000d600000000000c00001586ee4b01000000000001f2000000d6
CAPTURE 1 44331496432 52540012340252540012340108004500003894b0400040113df40a002a0f0a002a0210921092002462b054324e31010400005452543200000000000000d600000000099cbd62
CAPTURE 2 10034369744 52540012340152540012340208004500004400000000401112990a002a020a002a0f109210920030aa1a54324e3101020001545254320000000200000000000c00003d7a411501000000000000b400000002
CAPTURE 2 10041207168 525400123401525400123402080045000040000000004011129d0a002a020a002a0f10921092002cb9fa54324e3101050000545254320000000000000000000800005d6bf70d0000000000001bf8
CAPTURE 2 10048192672 525400123402525400123401080045000040824040004011505c0a002a0f0a002a0210921092002c734e54324e310105000054525432000000000000000000080000be85f4120000000000000485
CAPTURE 2 10059352144 52540012340252540012340108004500003882424000401150620a002a0f0a002a021092109200243cb454324e3101040000545254320000000000000002000000004077ad57
CAPTURE 2 10099085648 52540012340252540012340108004500004482464000401150520a002a0f0a002a0210921092003091fd54324e3101010001545254320000000300000000000c0000de1cb7d9010000000000016900000003
CAPTURE 2 10114323680 52540012340152540012340208004500003800000000401112a50a002a020a002a0f1092109200241a6154324e310104000054525432000000000000000300000000570cb914
CAPTURE 2 10114968352 52540012340152540012340208004500004400000000401112990a002a020a002a0f109210920030683f54324e3101020001545254320000000300000000000c00001f05a13601000000000000e100000003
CAPTURE 2 10138688624 525400123402525400123401080045000038824f4000401150550a002a0f0a002a021092109200243cb454324e3101040000545254320000000000000002000000004077ad57
CAPTURE 2 10187168320 52540012340252540012340108004500003882534000401150510a002a0f0a002a021092109200241a6154324e310104000054525432000000000000000300000000570cb914
CAPTURE 2 10224312848 52540012340252540012340108004500004482564000401150420a002a0f0a002a021092109200301d0554324e3101010001545254320000000400000000000c00001b48ef90010000000000017d00000004
CAPTURE 2 10235974336 52540012340152540012340208004500003800000000401112a50a002a020a002a0f109210920024223654324e310104000054525432000000000000000400000000336dd4dd
CAPTURE 2 10239218656 52540012340152540012340208004500004400000000401112990a002a020a002a0f10921092003096a654324e3101020001545254320000000400000000000c0000eb19a697010000000000010200000004
CAPTURE 2 10278382928 52540012340252540012340108004500003882614000401150430a002a0f0a002a02109210920024223654324e310104000054525432000000000000000400000000336dd4dd
CAPTURE 2 10293284384 33330000001652540012340186dd6000000000240001fe80000000000000505400fffe123401ff0200000000000000000000000000163a000502000001008f00b98e0000000104000000ff0200000000000000000001ff123401
CAPTURE 2 10297870960 33330000000252540012340186dd6000000000103afffe80000000000000505400fffe123401ff0200000000000000000000000000028500725f000000000101525400123401
CAPTURE 2 10329265376 52540012340252540012340108004500004482664000401150320a002a0f0a002a02109210920030549d54324e3101010001545254320000000500000000000c0000cb4007f4010000000000018700000005
CAPTURE 2 10343626880 52540012340152540012340208004500003800000000401112a50a002a020a002a0f10921092002445cb54324e3101040000545254320000000000000005000000002416c09e
CAPTURE 2 10345796096 52540012340152540012340208004500004400000000401112990a002a020a002a0f109210920030e4eb54324e3101020001545254320000000500000000000c00006905da4c010000000000011a00000005
CAPTURE 2 10382695440 525400123402525400123401080045000038826c4000401150380a002a0f0a002a0210921092002445cb54324e3101040000545254320000000000000005000000002416c09e
CAPTURE 2 10420128848 525400123402525400123401080045000044826d40004011502b0a002a0f0a002a02109210920030dbea54324e3101010001545254320000000600000000000c0000d70074f1010000000000017a00000006
CAPTURE 2 10434299584 52540012340152540012340208004500003800000000401112a50a002a020a002a0f109210920024108854324e3101040000545254320000000000000006000000001d9bfc5b
CAPTURE 2 10435307648 52540012340152540012340208004500004400000000401112990a002a020a002a0f109210920030d70f54324e3101020001545254320000000600000000000c000069d0e752010000000000012300000006
CAPTURE 2 10473083040 525400123402525400123401080045000038827540004011502f0a002a0f0a002a02109210920024108854324e3101040000545254320000000000000006000000001d9bfc5b
CAPTURE 2 10518654512 525400123402525400123401080045000044827c40004011501c0a002a0f0a002a0210921092003036f654324e3101010001545254320000000700000000000c0000422caeb9010000000000017900000007
CAPTURE 2 10533538816 52540012340152540012340208004500003800000000401112a50a002a020a002a0f109210920024378554324e3101040000545254320000000000000007000000000ae0e818
CAPTURE 2 10534417632 52540012340152540012340208004500004400000000401112990a002a020a002a0f109210920030e4c354324e3101020001545254320000000700000000000c0000cc8c76db010000000000012800000007
CAPTURE 2 10578419200 525400123402525400123401080045000038828740004011501d0a002a0f0a002a02109210920024378554324e3101040000545254320000000000000007000000000ae0e818
CAPTURE 2 10616218048 525400123402525400123401080045000044828f4000401150090a002a0f0a002a021092109200304e7854324e3101010001545254320000000800000000000c00004a088f57010000000000017b00000008
CAPTURE 2 10630357936 52540012340152540012340208004500003800000000401112a50a002a020a002a0f1092109200242d5a54324e310104000054525432000000000000000800000000d55927c9
CAPTURE 2 10631313200 52540012340152540012340208004500004400000000401112990a002a020a002a0f10921092003039a854324e3101020001545254320000000800000000000c00004be8a295010000000000012c00000008
CAPTURE 2 10672544080 52540012340252540012340108004500003882924000401150120a002a0f0a002a021092109200242d5a54324e310104000054525432000000000000000800000000d55927c9
CAPTURE 2 10716744176 52540012340252540012340108004500004482934000401150050a002a0f0a002a021092109200306e7954324e3101010001545254320000000900000000000c000027b491ae010000000000017500000009
CAPTURE 2 10730343184 52540012340152540012340208004500003800000000401112a50a002a020a002a0f10921092002434cf54324e310104000054525432000000000000000900000000c222338a
CAPTURE 2 10731317328 52540012340152540012340208004500004400000000401112990a002a020a002a0f1092109200308cb254324e3101020001545254320000000900000000000c00009964020d010000000000012c00000009
CAPTURE 2 10772550016 525400123402525400123401080045000038829c4000401150080a002a0f0a002a0210921092002434cf54324e310104000054525432000000000000000900000000c222338a
CAPTURE 2 10816206720 52540012340252540012340108004500004482a7400040114ff10a002a0f0a002a021092109200304e5154324e3101010001545254320000000a00000000000c0000ccf00c9701000000000001760000000a
CAPTURE 2 10833075728 52540012340152540012340208004500003800000000401112a50a002a020a002a0f1092109200241f7c54324e310104000054525432000000000000000a00000000fbaf0f4f
CAPTURE 2 10833763984 52540012340152540012340208004500004400000000401112990a002a020a002a0f1092109200300cbd54324e3101020001545254320000000a00000000000c00003580e5e4010000000000012c0000000a
CAPTURE 2 10872063856 52540012340252540012340108004500003882b5400040114fef0a002a0f0a002a021092109200241f7c54324e310104000054525432000000000000000a00000000fbaf0f4f
CAPTURE 2 10919247248 52540012340252540012340108004500004482c1400040114fd70a002a0f0a002a02109210920030f71b54324e3101010001545254320000000b00000000000c000059dcd6df01000000000001750000000b
CAPTURE 2 10935200816 52540012340152540012340208004500003800000000401112a50a002a020a002a0f109210920024229954324e310104000054525432000000000000000b00000000ecd41b0c
CAPTURE 2 10942976080 52540012340152540012340208004500004400000000401112990a002a020a002a0f10921092003079df54324e3101020001545254320000000b00000000000c000070e83cc201000000000001c20000000b
CAPTURE 2 10982474272 52540012340252540012340108004500003882c4400040114fe00a002a0f0a002a02109210920024229954324e310104000054525432000000000000000b00000000ecd41b0c
CAPTURE 2 11021022512 52540012340252540012340108004500004482c8400040114fd00a002a0f0a002a0210921092003031f654324e3101010001545254320000000c00000000000c0000f38603ce01000000000000000000000c
CAPTURE 2 11035190800 52540012340152540012340208004500003800000000401112a50a002a020a002a0f1092109200242afe54324e310104000054525432000000000000000c0000000088b576c5
CAPTURE 2 11037360656 52540012340152540012340208004500004400000000401112990a002a020a002a0f109210920030208454324e3101020001545254320000000c00000000000c0000978f6fa201000000000001940000000c
CAPTURE 2 11060696320 33330000001652540012340186dd6000000000240001fe80000000000000505400fffe123401ff0200000000000000000000000000163a000502000001008f00b98e0000000104000000ff0200000000000000000001ff123401
CAPTURE 2 11078430464 52540012340252540012340108004500003882d1400040114fd30a002a0f0a002a021092109200242afe54324e310104000054525432000000000000000c0000000088b576c5
CAPTURE 2 11117168560 52540012340252540012340108004500004482d4400040114fc40a002a0f0a002a02109210920030730c54324e3101010001545254320000000d00000000000c0000d1f9e3ed01000000000000550000000d
CAPTURE 2 11131091008 52540012340152540012340208004500003800000000401112a50a002a020a002a0f109210920024282354324e310104000054525432000000000000000d000000009fce6286
CAPTURE 2 11133048064 52540012340152540012340208004500004400000000401112990a002a020a002a0f1092109200305e9054324e3101020001545254320000000d00000000000c0000bd930b8b01000000000001990000000d
CAPTURE 2 11174397584 52540012340252540012340108004500003882e2400040114fc20a002a0f0a002a02109210920024282354324e310104000054525432000000000000000d000000009fce6286
CAPTURE 2 11215229616 52540012340252540012340108004500004482e9400040114faf0a002a0f0a002a02109210920030569954324e3101010001545254320000000e00000000000c00008dee44bf01000000000000000000000e
CAPTURE 2 11228827440 52540012340152540012340208004500003800000000401112a50a002a020a002a0f10921092002425f054324e310104000054525432000000000000000e00000000a6435e43
CAPTURE 2 11230199504 52540012340152540012340208004500004400000000401112990a002a020a002a0f109210920030ce2754324e3101020001545254320000000e00000000000c0000cc238d7d010000000000017d0000000e
CAPTURE 2 11282738768 52540012340252540012340108004500003882f4400040114fb00a002a0f0a002a0210921092002425f054324e310104000054525432000000000000000e00000000a6435e43
CAPTURE 2 11320791824 52540012340252540012340108004500004482f8400040114fa00a002a0f0a002a02109210920030507354324e3101010001545254320000000f00000000000c00005272865601000000000000090000000f
CAPTURE 2 11334349264 52540012340152540012340208004500003800000000401112a50a002a020a002a0f1092109200242f3d54324e310104000054525432000000000000000f00000000b1384a00
CAPTURE 2 11335042432 52540012340152540012340208004500004400000000401112990a002a020a002a0f1092109200308b8e54324e3101020001545254320000000f00000000000c0000db5fc0e401000000000001710000000f
CAPTURE 2 11375804832 52540012340252540012340108004500003882ff400040114fa50a002a0f0a002a021092109200242f3d54324e310104000054525432000000000000000f00000000b1384a00
CAPTURE 2 11421179920 525400123402525400123401080045000044830a400040114f8e0a002a0f0a002a021092109200301f7954324e3101010001545254320000001000000000000c00006826a1a3010000000000000000000010
CAPTURE 2 11440242976 52540012340152540012340208004500003800000000401112a50a002a020a002a0f109210920024a09254324e310104000054525432000000000000001000000000c241c7a0
CAPTURE 2 11440855392 52540012340152540012340208004500004400000000401112990a002a020a002a0f1092109200303cdd54324e3101020001545254320000001000000000000c000003bbe742010000000000016700000010
CAPTURE 2 11481391216 5254001234025254001234010800450000388312400040114f920a002a0f0a002a02109210920024a09254324e310104000054525432000000000000001000000000c241c7a0
CAPTURE 2 11524159440 525400123402525400123401080045000044831d400040114f7b0a002a0f0a002a02109210920030167954324e3101010001545254320000001100000000000c0000c06a525b010000000000000200000011
CAPTURE 2 11540878912 52540012340152540012340208004500003800000000401112a50a002a020a002a0f109210920024815554324e310104000054525432000000000000001100000000d53ad3e3
CAPTURE 2 11541503088 52540012340152540012340208004500004400000000401112990a002a020a002a0f109210920030220b54324e3101020001545254320000001100000000000c000024b7e11a010000000000016300000011
CAPTURE 2 11580649744 5254001234025254001234010800450000388326400040114f7e0a002a0f0a002a02109210920024815554324e310104000054525432000000000000001100000000d53ad3e3
CAPTURE 2 11621633536 525400123402525400123401080045000044832c400040114f6c0a002a0f0a002a0210921092003006fc54324e3101010001545254320000001200000000000c00006c8eb5b2010000000000000200000012
CAPTURE 2 11626687088 52540012340152540012340208004500003800000000401112a50a002a020a002a0f1092109200244e9454324e310104000054525432000000000000001200000000ecb7ef26
CAPTURE 2 11638304688 52540012340152540012340208004500004400000000401112990a002a020a002a0f109210920030dbc654324e3101020001545254320000001200000000000c0000cff37c23010000000000016000000012
CAPTURE 2 11679544064 5254001234025254001234010800450000388339400040114f6b0a002a0f0a002a021092109200244e9454324e310104000054525432000000000000001200000000ecb7ef26
CAPTURE 2 11720765424 5254001234025254001234010800450000448340400040114f580a002a0f0a002a02109210920030176c54324e3101010001545254320000001300000000000c00003142e08a010000000000000400000013
CAPTURE 2 11735989808 52540012340152540012340208004500003800000000401112a50a002a020a002a0f109210920024333f54324e310104000054525432000000000000001300000000fbccfb65
CAPTURE 2 11737742944 52540012340152540012340208004500004400000000401112990a002a020a002a0f1092109200302da154324e3101020001545254320000001300000000000c00001d7fdcbb010000000000016000000013
CAPTURE 2 11776125712 5254001234025254001234010800450000388344400040114f600a002a0f0a002a02109210920024333f54324e310104000054525432000000000000001300000000fbccfb65
CAPTURE 2 11817381168 525400123402525400123401080045000044834a400040114f4e0a002a0f0a002a021092109200303e3f54324e3101010001545254320000001400000000000c000061768981010000000000000400000014
CAPTURE 2 11832560336 52540012340152540012340208004500003800000000401112a50a002a020a002a0f109210920024f41654324e3101040000545254320000000000000014000000009fad96ac
CAPTURE 2 11833143568 52540012340152540012340208004500004400000000401112990a002a020a002a0f10921092003024de54324e3101020001545254320000001400000000000c00004d4bb5b0010000000000016000000014
CAPTURE 2 11869904416 525400123402525400123401080045000038834e400040114f560a002a0f0a002a02109210920024f41654324e3101040000545254320000000000000014000000009fad96ac
CAPTURE 2 11917181904 5254001234025254001234010800450000448357400040114f410a002a0f0a002a021092109200304c2154324e3101010001545254320000001500000000000c0000b3fa2919010000000000000400000015
CAPTURE 2 11932291744 52540012340152540012340208004500003800000000401112a50a002a020a002a0f1092109200241eaa54324e31010400005452543200000000000000150000000088d682ef
CAPTURE 2 11934138320 52540012340152540012340208004500004400000000401112990a002a020a002a0f10921092003072e854324e3101020001545254320000001500000000000c00009fc71528010000000000016000000015
CAPTURE 2 11971589312 525400123402525400123401080045000038835b400040114f490a002a0f0a002a021092109200241eaa54324e31010400005452543200000000000000150000000088d682ef
CAPTURE 2 12177557136 525400123401525400123402080045000040000000004011129d0a002a020a002a0f10921092002cf84f54324e310105000054525432000000000000000000080000dad532f20000000000002454
CAPTURE 2 12201368464 525400123402525400123401080045000044837f400040114f190a002a0f0a002a021092109200303b2454324e3101010001545254320000001600000000000c00001f1ecef0010000000000000400000016
CAPTURE 2 12216978848 52540012340152540012340208004500003800000000401112a50a002a020a002a0f109210920024bae854324e310104000054525432000000000000001600000000b15bbe2a
CAPTURE 2 12218160112 52540012340152540012340208004500004400000000401112990a002a020a002a0f10921092003001f154324e3101020001545254320000001600000000000c00003323f2c1010000000000016000000016
CAPTURE 2 12260526992 525400123402525400123401080045000040838e400040114f0e0a002a0f0a002a0210921092002c770154324e310105000054525432000000000000000000080000b991ecb30000000000000d25
CAPTURE 2 12286403216 5254001234025254001234010800450000388394400040114f100a002a0f0a002a02109210920024bae854324e310104000054525432000000000000001600000000b15bbe2a
CAPTURE 2 12324964160 525400123402525400123401080045000044839a400040114efe0a002a0f0a002a02109210920030ed3554324e3101010001545254320000001700000000000c0000cd926e68010000000000000400000017
CAPTURE 2 12335998864 52540012340152540012340208004500003800000000401112a50a002a020a002a0f109210920024d9e354324e310104000054525432000000000000001700000000a620aa69
CAPTURE 2 12342259264 52540012340152540012340208004500004400000000401112990a002a020a002a0f109210920030f3ca54324e3101020001545254320000001700000000000c0000e1af5259010000000000016000000017
CAPTURE 2 12389971136 52540012340252540012340108004500003883a0400040114f040a002a0f0a002a02109210920024d9e354324e310104000054525432000000000000001700000000a620aa69
CAPTURE 2 12432411840 52540012340252540012340108004500004483a1400040114ef70a002a0f0a002a021092109200304cd254324e3101010001545254320000001800000000000c0000bf761ce6010000000000000400000018
CAPTURE 2 12447427776 52540012340152540012340208004500003800000000401112a50a002a020a002a0f1092109200244b1b54324e310104000054525432000000000000001800000000799965b8
CAPTURE 2 12449437200 52540012340152540012340208004500004400000000401112990a002a020a002a0f10921092003073af54324e3101020001545254320000001800000000000c0000934b20d7010000000000016000000018
CAPTURE 2 12491911632 52540012340252540012340108004500003883a9400040114efb0a002a0f0a002a021092109200244b1b54324e310104000054525432000000000000001800000000799965b8
CAPTURE 2 12718896240 52540012340252540012340108004500004483d7400040114ec10a002a0f0a002a02109210920030feb354324e3101010001545254320000001900000000000c00006dfabc7e010000000000000400000019
CAPTURE 2 12734378720 52540012340152540012340208004500003800000000401112a50a002a020a002a0f109210920024498e54324e3101040000545254320000000000000019000000006ee271fb
CAPTURE 2 12735257616 52540012340152540012340208004500004400000000401112990a002a020a002a0f10921092003065b954324e3101020001545254320000001900000000000c000041c7804f010000000000016000000019
CAPTURE 2 12777511376 52540012340252540012340108004500004083e1400040114ebb0a002a0f0a002a0210921092002c8fbf54324e310105000054525432000000000000000000080000857c06030000000000000f2d
CAPTURE 2 12788832944 52540012340252540012340108004500003883e4400040114ec00a002a0f0a002a02109210920024498e54324e3101040000545254320000000000000019000000006ee271fb
CAPTURE 2 12833366752 52540012340252540012340108004500004483e9400040114eaf0a002a0f0a002a021092109200300c7554324e3101010001545254320000001a00000000000c0000c11e5b9701000000000000040000001a
CAPTURE 2 12845972336 52540012340152540012340208004500003800000000401112a50a002a020a002a0f10921092002485bd54324e310104000054525432000000000000001a00000000576f4d3e
CAPTURE 2 12851061248 52540012340152540012340208004500004400000000401112990a002a020a002a0f109210920030d30354324e3101020001545254320000001a00000000000c0000ed2367a601000000000001600000001a
CAPTURE 2 12891233200 52540012340252540012340108004500003883f7400040114ead0a002a0f0a002a0210921092002485bd54324e310104000054525432000000000000001a00000000576f4d3e
CAPTURE 2 12934618080 5254001234025254001234010800450000448401400040114e970a002a0f0a002a021092109200301a8754324e3101010001545254320000001b00000000000c00001392fb0f01000000000000040000001b
CAPTURE 2 12950332272 52540012340152540012340208004500003800000000401112a50a002a020a002a0f10921092002490d854324e310104000054525432000000000000001b000000004014597d
CAPTURE 2 12951475824 52540012340152540012340208004500004400000000401112990a002a020a002a0f10921092003020de54324e3101020001545254320000001b00000000000c00003fafc73e01000000000001600000001b
CAPTURE 2 12988384304 525400123402525400123401080045000038840b400040114e990a002a0f0a002a0210921092002490d854324e310104000054525432000000000000001b000000004014597d
CAPTURE 2 13027235408 5254001234025254001234010800450000448415400040114e830a002a0f0a002a02109210920030537c54324e3101010001545254320000001c00000000000c000043a6920401000000000000040000001c
CAPTURE 2 13042278816 52540012340152540012340208004500003800000000401112a50a002a020a002a0f109210920024d13f54324e310104000054525432000000000000001c00000000247534b4
CAPTURE 2 13043183984 52540012340152540012340208004500004400000000401112990a002a020a002a0f10921092003009f954324e3101020001545254320000001c00000000000c00006f9bae3501000000000001600000001c
CAPTURE 2 13080240880 5254001234025254001234010800450000388417400040114e8d0a002a0f0a002a02109210920024d13f54324e310104000054525432000000000000001c00000000247534b4
CAPTURE 2 13299321664 525400123401525400123402080045000040000000004011129d0a002a020a002a0f10921092002c8bc654324e310105000054525432000000000000000000080000d66a9f8600000000000028b4
CAPTURE 2 13332940816 5254001234025254001234010800450000448435400040114e630a002a0f0a002a02109210920030655e54324e3101010001545254320000001d00000000000c0000912a329c01000000000000040000001d
CAPTURE 2 13349243872 52540012340152540012340208004500003800000000401112a50a002a020a002a0f109210920024d66254324e310104000054525432000000000000001d00000000330e20f7
CAPTURE 2 13350167696 52540012340152540012340208004500004400000000401112990a002a020a002a0f1092109200305c0354324e3101020001545254320000001d00000000000c0000bd170ead01000000000001600000001d
CAPTURE 2 13395387760 5254001234025254001234010800450000408437400040114e650a002a0f0a002a0210921092002cbe7454324e31010500005452543200000000000000000008000093eac67b0000000000001191
CAPTURE 2 13421828096 525400123402525400123401080045000038843c400040114e680a002a0f0a002a02109210920024d66254324e310104000054525432000000000000001d00000000330e20f7
CAPTURE 2 13463294464 5254001234025254001234010800450000448440400040114e580a002a0f0a002a0210921092003015df54324e3101010001545254320000001e00000000000c00003dced57501000000000000040000001e
CAPTURE 2 13479108304 52540012340152540012340208004500003800000000401112a50a002a020a002a0f10921092002403b254324e310104000054525432000000000000001e000000000a831c32
CAPTURE 2 13481276256 52540012340152540012340208004500004400000000401112990a002a020a002a0f1092109200302c8e54324e3101020001545254320000001e00000000000c000011f3e94401000000000001600000001e
CAPTURE 2 13522549584 5254001234025254001234010800450000388448400040114e5c0a002a0f0a002a0210921092002403b254324e310104000054525432000000000000001e000000000a831c32
CAPTURE 2 13563585456 525400123402525400123401080045000044844f400040114e490a002a0f0a002a02109210920030c3f054324e3101010001545254320000001f00000000000c0000ef4275ed01000000000000040000001f
CAPTURE 2 13578392272 52540012340152540012340208004500003800000000401112a50a002a020a002a0f10921092002403fd54324e310104000054525432000000000000001f000000001df80871
CAPTURE 2 13579367168 52540012340152540012340208004500004400000000401112990a002a020a002a0f1092109200301a6854324e3101020001545254320000001f00000000000c0000c37f49dc01000000000001600000001f
CAPTURE 2 13621744416 525400123402525400123401080045000038845d400040114e470a002a0f0a002a0210921092002403fd54324e310104000054525432000000000000001f000000001df80871
CAPTURE 2 13842417152 525400123401525400123402080045000040000000004011129d0a002a020a002a0f10921092002cffdf54324e3101050000545254320000000000000000000800004e56b15b0000000000002ada
CAPTURE 2 13865377168 525400123402525400123401080045000044849a400040114dfe0a002a0f0a002a02109210920030775b54324e3101010001545254320000002000000000000c000053465e7d010000000000000400000020
CAPTURE 2 13881543056 52540012340152540012340208004500003800000000401112a50a002a020a002a0f109210920024368254324e310104000054525432000000000000002000000000ec700772
CAPTURE 2 13882427984 52540012340152540012340208004500004400000000401112990a002a020a002a0f10921092003045fa54324e3101020001545254320000002000000000000c00007f7b624c010000000000016000000020
CAPTURE 2 13928658736 525400123402525400123401080045000040849d400040114dff0a002a0f0a002a0210921092002ceaf854324e310105000054525432000000000000000000080000fed92cf100000000000013a8
CAPTURE 2 13955176544 52540012340252540012340108004500003884a1400040114e030a002a0f0a002a02109210920024368254324e310104000054525432000000000000002000000000ec700772
CAPTURE 2 13997022368 52540012340252540012340108004500004484a4400040114df40a002a0f0a002a02109210920030548054324e3101010001545254320000002100000000000c0000886449bc010000000000028000000021
CAPTURE 2 14013435136 52540012340152540012340208004500003800000000401112a50a002a020a002a0f1092109200241c2754324e310104000054525432000000000000002100000000fb0b1331
CAPTURE 2 14014155840 52540012340152540012340208004500004400000000401112990a002a020a002a0f109210920030800154324e3101020001545254320000002100000000000c0000ebe0bb00010000000000023d00000021
CAPTURE 2 14054373568 52540012340252540012340108004500003884ad400040114df70a002a0f0a002a021092109200241c2754324e310104000054525432000000000000002100000000fb0b1331
CAPTURE 2 14097889648 52540012340252540012340108004500004484af400040114de90a002a0f0a002a02109210920030191454324e3101010001545254320000002200000000000c0000ec602125010000000000028500000022
CAPTURE 2 14102398176 52540012340152540012340208004500003800000000401112a50a002a020a002a0f10921092002437e854324e310104000054525432000000000000002200000000c2862ff4
CAPTURE 2 14114318112 52540012340152540012340208004500004400000000401112990a002a020a002a0f109210920030c7ca54324e3101020001545254320000002200000000000c00008132dd6a01000000000002b600000022
CAPTURE 2 14164872896 52540012340252540012340108004500003884b1400040114df30a002a0f0a002a0210921092002437e854324e310104000054525432000000000000002200000000c2862ff4
CAPTURE 2 14396610624 52540012340252540012340108004500004484cf400040114dc90a002a0f0a002a02109210920030980d54324e3101010001545254320000002300000000000c00000c188280010000000000027700000023
CAPTURE 2 14411807536 52540012340152540012340208004500003800000000401112a50a002a020a002a0f10921092002418ad54324e310104000054525432000000000000002300000000d5fd3bb7
CAPTURE 2 14414201664 52540012340152540012340208004500004400000000401112990a002a020a002a0f109210920030d05754324e3101020001545254320000002300000000000c00005bddf9f801000000000002ee00000023
CAPTURE 2 14445395840 52540012340252540012340108004500004084d2400040114dca0a002a0f0a002a0210921092002c4ccb54324e31010500005452543200000000000000000008000055e1720d00000000000015b2
CAPTURE 2 14456692336 52540012340252540012340108004500003884d4400040114dd00a002a0f0a002a0210921092002418ad54324e310104000054525432000000000000002300000000d5fd3bb7
CAPTURE 2 14498687536 52540012340252540012340108004500004484de400040114dba0a002a0f0a002a02109210920030afa954324e3101010001545254320000002400000000000c0000af19c7b201000000000002a500000024
CAPTURE 2 14514293632 52540012340152540012340208004500003800000000401112a50a002a020a002a0f109210920024224654324e310104000054525432000000000000002400000000b19c567e
CAPTURE 2 14515085376 52540012340152540012340208004500004400000000401112990a002a020a002a0f1092109200301c4454324e3101020001545254320000002400000000000c00003aa1cf1b010000000000031900000024
CAPTURE 2 14553780928 52540012340252540012340108004500003884e1400040114dc30a002a0f0a002a02109210920024224654324e310104000054525432000000000000002400000000b19c567e
CAPTURE 2 14600413312 52540012340252540012340108004500004484e8400040114db00a002a0f0a002a02109210920030bdb154324e3101010001545254320000002500000000000c00007b20edd3010000000000027300000025
CAPTURE 2 14617156144 52540012340152540012340208004500003800000000401112a50a002a020a002a0f109210920024413b54324e310104000054525432000000000000002500000000a6e7423d
CAPTURE 2 14617785232 52540012340152540012340208004500004400000000401112990a002a020a002a0f109210920030562c54324e3101020001545254320000002500000000000c000092ed3ce3010000000000031b00000025
CAPTURE 2 14655916688 52540012340252540012340108004500003884f2400040114db20a002a0f0a002a02109210920024413b54324e310104000054525432000000000000002500000000a6e7423d
CAPTURE 2 14695050672 52540012340252540012340108004500004484fc400040114d9c0a002a0f0a002a021092109200300e8754324e3101010001545254320000002600000000000c0000d54042c6010000000000028900000026
CAPTURE 2 14705943328 52540012340152540012340208004500003800000000401112a50a002a020a002a0f1092109200240bfc54324e3101040000545254320000000000000026000000009f6a7ef8
CAPTURE 2 14710196928 52540012340152540012340208004500004400000000401112990a002a020a002a0f109210920030141c54324e3101020001545254320000002600000000000c00001d78f45d010000000000032400000026
CAPTURE 2 14733269104 33330000000252540012340186dd6000000000103afffe80000000000000505400fffe123401ff0200000000000000000000000000028500725f000000000101525400123401
CAPTURE 2 14760610832 52540012340252540012340108004500003884fd400040114da70a002a0f0a002a021092109200240bfc54324e3101040000545254320000000000000026000000009f6a7ef8
CAPTURE 2 14967370720 525400123401525400123402080045000040000000004011129d0a002a020a002a0f10921092002cc09f54324e310105000054525432000000000000000000080000932ba7660000000000002f3a
CAPTURE 2 14994544864 5254001234025254001234010800450000448513400040114d850a002a0f0a002a021092109200302b6354324e3101010001545254320000002700000000000c0000859c758f010000000000028600000027
CAPTURE 2 15005966080 52540012340152540012340208004500003800000000401112a50a002a020a002a0f109210920024379154324e31010400005452543200000000000000270000000088116abb
CAPTURE 2 15011793104 52540012340152540012340208004500004400000000401112990a002a020a002a0f1092109200306f8354324e3101020001545254320000002700000000000c000088542e15010000000000032700000027
CAPTURE 2 15047098096 525400123402525400123401080045000040851b400040114d810a002a0f0a002a0210921092002c6a4d54324e3101050000545254320000000000000000000800002c437bd50000000000001806
CAPTURE 2 15072983264 525400123402525400123401080045000038851c400040114d880a002a0f0a002a02109210920024379154324e31010400005452543200000000000000270000000088116abb
CAPTURE 2 15119486816 5254001234025254001234010800450000448520400040114d780a002a0f0a002a021092109200302dc254324e3101010001545254320000002800000000000c0000ca182eb1010000000000028700000028
CAPTURE 2 15134712016 52540012340152540012340208004500003800000000401112a50a002a020a002a0f1092109200242d4a54324e31010400005452543200000000000000280000000057a8a56a
CAPTURE 2 15135779616 52540012340152540012340208004500004400000000401112990a002a020a002a0f109210920030e1be54324e3101020001545254320000002800000000000c000078e0cb4a010000000000032800000028
CAPTURE 2 15184478464 5254001234025254001234010800450000388530400040114d740a002a0f0a002a021092109200242d4a54324e31010400005452543200000000000000280000000057a8a56a
CAPTURE 2 15227777360 5254001234025254001234010800450000448531400040114d670a002a0f0a002a021092109200304e9b54324e3101010001545254320000002900000000000c0000a7a43048010000000000028900000029
CAPTURE 2 15242988224 52540012340152540012340208004500003800000000401112a50a002a020a002a0f109210920024385f54324e31010400005452543200000000000000290000000040d3b129
CAPTURE 2 15245027680 52540012340152540012340208004500004400000000401112990a002a020a002a0f1092109200301c8754324e3101020001545254320000002900000000000c0000d0ac38b2010000000000032a00000029
CAPTURE 2 15283700704 5254001234025254001234010800450000388532400040114d720a002a0f0a002a02109210920024385f54324e31010400005452543200000000000000290000000040d3b129
CAPTURE 2 15507753232 525400123401525400123402080045000040000000004011129d0a002a020a002a0f10921092002c3fdd54324e310105000054525432000000000000000000080000036eb5ca0000000000003156
CAPTURE 2 15531871376 525400123402525400123401080045000044854c400040114d4c0a002a0f0a002a02109210920030f25454324e3101010001545254320000002a00000000000c00003620fe1101000000000002880000002a
CAPTURE 2 15547967696 52540012340152540012340208004500003800000000401112a50a002a020a002a0f109210920024231054324e310104000054525432000000000000002a00000000795e8dec
CAPTURE 2 15550158016 52540012340152540012340208004500004400000000401112990a002a020a002a0f109210920030edce54324e3101020001545254320000002a00000000000c00004128f6eb010000000000032b0000002a
CAPTURE 2 15583217952 5254001234025254001234010800450000408553400040114d490a002a0f0a002a0210921092002ce49654324e3101050000545254320000000000000000000800007a1eb1970000000000001a1f
CAPTURE 2 15608740784 5254001234025254001234010800450000388556400040114d4e0a002a0f0a002a02109210920024231054324e310104000054525432000000000000002a00000000795e8dec
CAPTURE 2 15650867392 525400123402525400123401080045000044855a400040114d3e0a002a0f0a002a02109210920030d57d54324e3101010001545254320000002b00000000000c0000d9cc773901000000000002890000002b
CAPTURE 2 15666029664 52540012340152540012340208004500003800000000401112a50a002a020a002a0f109210920024228554324e310104000054525432000000000000002b000000006e2599af
CAPTURE 2 15667126816 52540012340152540012340208004500004400000000401112990a002a020a002a0f10921092003079f854324e3101020001545254320000002b00000000000c000021848a63010000000000032c0000002b
CAPTURE 2 15706530640 5254001234025254001234010800450000388567400040114d3d0a002a0f0a002a02109210920024228554324e310104000054525432000000000000002b000000006e2599af
CAPTURE 2 15748974720 525400123402525400123401080045000044856e400040114d2a0a002a0f0a002a021092109200303a6854324e3101010001545254320000002c00000000000c0000b498378201000000000002880000002c
CAPTURE 2 15763239856 52540012340152540012340208004500003800000000401112a50a002a020a002a0f1092109200242bae54324e310104000054525432000000000000002c000000000a44f466
CAPTURE 2 15765738256 52540012340152540012340208004500004400000000401112990a002a020a002a0f10921092003022d654324e3101020001545254320000002c00000000000c0000c3903f78010000000000032b0000002c
CAPTURE 2 15803158608 5254001234025254001234010800450000388577400040114d2d0a002a0f0a002a021092109200242bae54324e310104000054525432000000000000002c000000000a44f466
CAPTURE 2 16055438960 5254001234025254001234010800450000448580400040114d180a002a0f0a002a02109210920030453054324e3101010001545254320000002d00000000000c00001cd4c47a010000000000028a0000002d
CAPTURE 2 16066028576 52540012340152540012340208004500003800000000401112a50a002a020a002a0f1092109200242cf354324e310104000054525432000000000000002d000000001d3fe025
CAPTURE 2 16073450016 52540012340152540012340208004500004400000000401112990a002a020a002a0f1092109200303eaf54324e3101020001545254320000002d00000000000c0000a33c43f0010000000000032c0000002d
CAPTURE 2 16117760800 5254001234025254001234010800450000408582400040114d1a0a002a0f0a002a0210921092002c0b2954324e3101050000545254320000000000000000000800001047f2c00000000000001c3b
CAPTURE 2 16130509024 5254001234025254001234010800450000388585400040114d1f0a002a0f0a002a021092109200242cf354324e310104000054525432000000000000002d000000001d3fe025
CAPTURE 2 16175050672 525400123402525400123401080045000044858b400040114d0d0a002a0f0a002a02109210920030d5a954324e3101010001545254320000002e00000000000c0000f790594301000000000002890000002e
CAPTURE 2 16190920688 52540012340152540012340208004500003800000000401112a50a002a020a002a0f10921092002428c454324e310104000054525432000000000000002e0000000024b2dce0
CAPTURE 2 16192940960 52540012340152540012340208004500004400000000401112990a002a020a002a0f109210920030efd854324e3101020001545254320000002e00000000000c0000bdf87809010000000000032b0000002e
CAPTURE 2 16235988304 5254001234025254001234010800450000388597400040114d0d0a002a0f0a002a0210921092002428c454324e310104000054525432000000000000002e0000000024b2dce0
CAPTURE 2 16280591312 52540012340252540012340108004500004485a0400040114cf80a002a0f0a002a021092109200301be254324e3101010001545254320000002f00000000000c00005fdcaabb010000000000028b0000002f
CAPTURE 2 16296971312 52540012340152540012340208004500003800000000401112a50a002a020a002a0f1092109200242de954324e310104000054525432000000000000002f0000000033c9c8a3
CAPTURE 2 16298191248 52540012340152540012340208004500004400000000401112990a002a020a002a0f109210920030440254324e3101020001545254320000002f00000000000c0000dd540481010000000000032c0000002f
CAPTURE 2 16348798080 52540012340252540012340108004500003885ab400040114cf90a002a0f0a002a021092109200242de954324e310104000054525432000000000000002f0000000033c9c8a3
CAPTURE 2 16391148800 52540012340252540012340108004500004485b0400040114ce80a002a0f0a002a0210921092003009f154324e3101010001545254320000003000000000000c000055f8c68f010000000000028a00000030
CAPTURE 2 16596752096 52540012340152540012340208004500003800000000401112a50a002a020a002a0f109210920024a4a154324e31010400005452543200000000000000300000000040b04503
CAPTURE 2 16597481168 52540012340152540012340208004500004400000000401112990a002a020a002a0f109210920030fabf54324e3101020001545254320000003000000000000c0000ea104105010000000000032c00000030
CAPTURE 2 16626488592 52540012340252540012340108004500004085d2400040114cca0a002a0f0a002a0210921092002c040454324e3101050000545254320000000000000000000800002bc7dc690000000000001e37
CAPTURE 2 16637730304 52540012340252540012340108004500003885d4400040114cd00a002a0f0a002a02109210920024a4a154324e31010400005452543200000000000000300000000040b04503
CAPTURE 2 16688641648 52540012340252540012340108004500004485dd400040114cbb0a002a0f0a002a021092109200301cba54324e3101010001545254320000003100000000000c0000ba144fa7010000000000028b00000031
CAPTURE 2 16705942464 52540012340152540012340208004500003800000000401112a50a002a020a002a0f109210920024814854324e31010400005452543200000000000000310000000057cb5140
CAPTURE 2 16706738976 52540012340152540012340208004500004400000000401112990a002a020a002a0f1092109200300b9a54324e3101020001545254320000003100000000000c0000389ce19d010000000000032c00000031
CAPTURE 2 16758487328 52540012340252540012340108004500003885ed400040114cb70a002a0f0a002a02109210920024814854324e31010400005452543200000000000000310000000057cb5140
CAPTURE 2 16802520048 52540012340252540012340108004500004485ee400040114caa0a002a0f0a002a02109210920030673554324e3101010001545254320000003200000000000c000016f0a84e010000000000028b00000032
CAPTURE 2 16817671136 52540012340152540012340208004500003800000000401112a50a002a020a002a0f1092109200244e8754324e3101040000545254320000000000000032000000006e466d85
CAPTURE 2 16818541024 52540012340152540012340208004500004400000000401112990a002a020a002a0f1092109200308ae554324e3101020001545254320000003200000000000c000094780674010000000000032c00000032
CAPTURE 2 16868580528 52540012340252540012340108004500003885ef400040114cb50a002a0f0a002a021092109200244e8754324e3101040000545254320000000000000032000000006e466d85
CAPTURE 2 16908912944 52540012340252540012340108004500004485f6400040114ca20a002a0f0a002a02109210920030591f54324e3101010001545254320000003300000000000c0000c47c08d6010000000000028b00000033
CAPTURE 2 16925307616 52540012340152540012340208004500003800000000401112a50a002a020a002a0f109210920024374e54324e310104000054525432000000000000003300000000793d79c6
CAPTURE 2 16927056560 52540012340152540012340208004500004400000000401112990a002a020a002a0f10921092003037ef54324e3101020001545254320000003300000000000c000046f4a6ec010000000000032c00000033
CAPTURE 2 16966441440 52540012340252540012340108004500003885fd400040114ca70a002a0f0a002a02109210920024374e54324e310104000054525432000000000000003300000000793d79c6
CAPTURE 2 17166405584 525400123401525400123402080045000040000000004011129d0a002a020a002a0f10921092002cdd4254324e310105000054525432000000000000000000080000bfe1557500000000000037d2
CAPTURE 2 17191268288 5254001234025254001234010800450000448613400040114c850a002a0f0a002a02109210920030423954324e3101010001545254320000003400000000000c00002668bdcd010000000000028c00000034
CAPTURE 2 17208252576 52540012340152540012340208004500003800000000401112a50a002a020a002a0f109210920024f8e554324e3101040000545254320000000000000034000000001d5c140f
CAPTURE 2 17208954992 52540012340152540012340208004500004400000000401112990a002a020a002a0f1092109200303f2654324e3101020001545254320000003400000000000c000016c0cfe7010000000000032c00000034
CAPTURE 2 17243085296 5254001234025254001234010800450000408616400040114c860a002a0f0a002a0210921092002c2f2b54324e310105000054525432000000000000000000080000c2651841000000000000209a
CAPTURE 2 17268172464 5254001234025254001234010800450000388619400040114c8b0a002a0f0a002a02109210920024f8e554324e3101040000545254320000000000000034000000001d5c140f
CAPTURE 2 17312223280 525400123402525400123401080045000044861c400040114c7c0a002a0f0a002a02109210920030143354324e3101010001545254320000003500000000000c0000f4e41d55010000000000028c00000035
CAPTURE 2 17329217904 52540012340152540012340208004500003800000000401112a50a002a020a002a0f1092109200241fdd54324e3101040000545254320000000000000035000000000a27004c
CAPTURE 2 17330303936 52540012340152540012340208004500004400000000401112990a002a020a002a0f109210920030f1ff54324e3101020001545254320000003500000000000c0000c44c6f7f010000000000032c00000035
CAPTURE 2 17383000576 525400123402525400123401080045000038861e400040114c860a002a0f0a002a021092109200241fdd54324e3101040000545254320000000000000035000000000a27004c
CAPTURE 2 17424131168 5254001234025254001234010800450000448628400040114c700a002a0f0a002a02109210920030d3ad54324e3101010001545254320000003600000000000c00005800fabc010000000000028c00000036
CAPTURE 2 17438907904 52540012340152540012340208004500003800000000401112a50a002a020a002a0f109210920024ba1b54324e31010400005452543200000000000000360000000033aa3c89
CAPTURE 2 17440820528 52540012340152540012340208004500004400000000401112990a002a020a002a0f109210920030348b54324e3101020001545254320000003600000000000c000068a88896010000000000032c00000036
CAPTURE 2 17480121280 5254001234025254001234010800450000388633400040114c710a002a0f0a002a02109210920024ba1b54324e31010400005452543200000000000000360000000033aa3c89
CAPTURE 2 17706749920 525400123401525400123402080045000040000000004011129d0a002a020a002a0f10921092002cddf454324e3101050000545254320000000000000000000800000e0d047c00000000000039ee
CAPTURE 2 17730968800 5254001234025254001234010800450000448661400040114c370a002a0f0a002a0210921092003041b854324e3101010001545254320000003700000000000c00008a8c5a24010000000000028c00000037
CAPTURE 2 17746857200 52540012340152540012340208004500003800000000401112a50a002a020a002a0f109210920024dcb254324e31010400005452543200000000000000370000000024d128ca
CAPTURE 2 17748951872 52540012340152540012340208004500004400000000401112990a002a020a002a0f109210920030439554324e3101020001545254320000003700000000000c0000ba24280e010000000000032c00000037
CAPTURE 2 17780726912 5254001234025254001234010800450000408666400040114c360a002a0f0a002a0210921092002c649a54324e3101050000545254320000000000000000000800005b82479a00000000000022b5
CAPTURE 2 17807081232 5254001234025254001234010800450000388669400040114c3b0a002a0f0a002a02109210920024dcb254324e31010400005452543200000000000000370000000024d128ca
CAPTURE 2 17848279472 5254001234025254001234010800450000448670400040114c280a002a0f0a002a02109210920030604354324e3101010001545254320000003800000000000c0000c508011a010000000000028d00000038
CAPTURE 2 17864404352 52540012340152540012340208004500003800000000401112a50a002a020a002a0f10921092002447c854324e310104000054525432000000000000003800000000fb68e71b
CAPTURE 2 17864969824 52540012340152540012340208004500004400000000401112990a002a020a002a0f109210920030bcf354324e3101020001545254320000003800000000000c0000f5a07330010000000000032d00000038
CAPTURE 2 17904413888 5254001234025254001234010800450000388678400040114c2c0a002a0f0a002a0210921092002447c854324e310104000054525432000000000000003800000000fb68e71b
CAPTURE 2 17946839360 525400123402525400123401080045000044867a400040114c1e0a002a0f0a002a02109210920030397f54324e3101010001545254320000003900000000000c000098c45422010000000000028b00000039
CAPTURE 2 17961202336 52540012340152540012340208004500003800000000401112a50a002a020a002a0f1092109200244adf54324e310104000054525432000000000000003900000000ec13f358
CAPTURE 2 17962131488 52540012340152540012340208004500004400000000401112990a002a020a002a0f1092109200302aee54324e3101020001545254320000003900000000000c0000272cd3a8010000000000032d00000039
CAPTURE 2 18012300688 5254001234025254001234010800450000388680400040114c240a002a0f0a002a021092109200244adf54324e310104000054525432000000000000003900000000ec13f358
CAPTURE 2 18051331520 5254001234025254001234010800450000448685400040114c130a002a0f0a002a021092109200303e7854324e3101010001545254320000003a00000000000c00003420b3cb010000000000028b0000003a
CAPTURE 2 18262385456 52540012340152540012340208004500003800000000401112a50a002a020a002a0f109210920024850e54324e310104000054525432000000000000003a00000000d59ecf9d
CAPTURE 2 18263181792 52540012340152540012340208004500004400000000401112990a002a020a002a0f10921092003065b754324e3101020001545254320000003a00000000000c00008bc83441010000000000032d0000003a
CAPTURE 2 18290433488 525400123402525400123401080045000040868d400040114c0f0a002a0f0a002a0210921092002ca0ad54324e310105000054525432000000000000000000080000e3d6813000000000000024b7
CAPTURE 2 18301739136 5254001234025254001234010800450000388690400040114c140a002a0f0a002a02109210920024850e54324e310104000054525432000000000000003a00000000d59ecf9d
CAPTURE 2 18347640448 5254001234025254001234010800450000448697400040114c010a002a0f0a002a021092109200302c6254324e3101010001545254320000003b00000000000c0000e6ac1353010000000000028b0000003b
CAPTURE 2 18366584784 52540012340152540012340208004500003800000000401112a50a002a020a002a0f1092109200248b8554324e310104000054525432000000000000003b00000000c2e5dbde
CAPTURE 2 18367606432 52540012340152540012340208004500004400000000401112990a002a020a002a0f10921092003037a154324e3101020001545254320000003b00000000000c0000594494d9010000000000032d0000003b
CAPTURE 2 18407128032 525400123402525400123401080045000038869f400040114c050a002a0f0a002a021092109200248b8554324e310104000054525432000000000000003b00000000c2e5dbde
CAPTURE 2 18448569856 52540012340252540012340108004500004486a3400040114bf50a002a0f0a002a02109210920030f56e54324e3101010001545254320000003c00000000000c0000b6987a58010000000000028b0000003c
CAPTURE 2 18464929040 52540012340152540012340208004500003800000000401112a50a002a020a002a0f109210920024cdac54324e310104000054525432000000000000003c00000000a684b617
CAPTURE 2 18465962912 52540012340152540012340208004500004400000000401112990a002a020a002a0f1092109200301e7a54324e3101020001545254320000003c00000000000c00000970fdd2010000000000032d0000003c
CAPTURE 2 18516761088 52540012340252540012340108004500003886ad400040114bf70a002a0f0a002a02109210920024cdac54324e310104000054525432000000000000003c00000000a684b617
CAPTURE 2 18560934816 52540012340252540012340108004500004486b0400040114be80a002a0f0a002a02109210920030d97954324e3101010001545254320000003d00000000000c00005974f370010000000000028a0000003d
CAPTURE 2 18575250224 52540012340152540012340208004500003800000000401112a50a002a020a002a0f109210920024d5f354324e310104000054525432000000000000003d00000000b1ffa254
CAPTURE 2 18577287824 52540012340152540012340208004500004400000000401112990a002a020a002a0f109210920030ca2454324e3101020001545254320000003d00000000000c0000e69c74fa010000000000032c0000003d
CAPTURE 2 18616181664 52540012340252540012340108004500003886bc400040114be80a002a0f0a002a02109210920024d5f354324e310104000054525432000000000000003d00000000b1ffa254
CAPTURE 2 18830195312 525400123401525400123402080045000040000000004011129d0a002a020a002a0f10921092002c233054324e310105000054525432000000000000000000080000979a31530000000000003e4e
CAPTURE 2 18854550784 52540012340252540012340108004500004486d5400040114bc30a002a0f0a002a0210921092003005e454324e3101010001545254320000003e00000000000c0000b2306e4901000000000002890000003e
CAPTURE 2 18870270464 52540012340152540012340208004500003800000000401112a50a002a020a002a0f109210920024034354324e310104000054525432000000000000003e0000000088729e91
CAPTURE 2 18871300992 52540012340152540012340208004500004400000000401112990a002a020a002a0f109210920030de5e54324e3101020001545254320000003e00000000000c0000f8584f03010000000000032b0000003e
CAPTURE 2 18906899264 52540012340252540012340108004500004086da400040114bc20a002a0f0a002a0210921092002cada054324e310105000054525432000000000000000000080000f9955c1c0000000000002719
CAPTURE 2 18932652624 52540012340252540012340108004500003886db400040114bc90a002a0f0a002a02109210920024034354324e310104000054525432000000000000003e0000000088729e91
CAPTURE 2 18976001872 52540012340252540012340108004500004486e5400040114bb30a002a0f0a002a02109210920030ea7154324e3101010001545254320000003f00000000000c0000e2ec590001000000000002860000003f
CAPTURE 2 18992216816 52540012340152540012340208004500003800000000401112a50a002a020a002a0f109210920024006a54324e310104000054525432000000000000003f000000009f098ad2
CAPTURE 2 18992820784 52540012340152540012340208004500004400000000401112990a002a020a002a0f1092109200300b4954324e3101020001545254320000003f00000000000c00002ad4ef9b010000000000032b0000003f
CAPTURE 2 19027379776 52540012340252540012340108004500003886f1400040114bb30a002a0f0a002a02109210920024006a54324e310104000054525432000000000000003f000000009f098ad2
CAPTURE 2 19070774816 52540012340252540012340108004500004486fc400040114b9c0a002a0f0a002a02109210920030e39954324e3101010001545254320000004000000000000c00002c291698010000000000028800000040
CAPTURE 2 19085933200 52540012340152540012340208004500003800000000401112a50a002a020a002a0f109210920024f35a54324e310104000054525432000000000000004000000000b01386d6
CAPTURE 2 19086730736 52540012340152540012340208004500004400000000401112990a002a020a002a0f109210920030ac3354324e3101020001545254320000004000000000000c00005b211e62010000000000032b00000040
CAPTURE 2 19136400960 525400123402525400123401080045000038870a400040114b9a0a002a0f0a002a02109210920024f35a54324e310104000054525432000000000000004000000000b01386d6
CAPTURE 2 19372666000 525400123402525400123401080045000044872a400040114b6e0a002a0f0a002a02109210920030c2e154324e3101010001545254320000004100000000000c0000c3c59fb0010000000000028900000041
CAPTURE 2 19390829792 52540012340152540012340208004500003800000000401112a50a002a020a002a0f109210920024f04554324e310104000054525432000000000000004100000000a7689295
CAPTURE 2 19392933568 52540012340152540012340208004500004400000000401112990a002a020a002a0f109210920030873c54324e3101020001545254320000004100000000000c00003b8d62ea010000000000032c00000041
CAPTURE 2 19423035328 5254001234025254001234010800450000408737400040114b650a002a0f0a002a0210921092002c844654324e3101050000545254320000000000000000000800003f7e3d830000000000002924
CAPTURE 2 19434310976 5254001234025254001234010800450000388739400040114b6b0a002a0f0a002a02109210920024f04554324e310104000054525432000000000000004100000000a7689295
CAPTURE 2 19475862928 525400123402525400123401080045000044873b400040114b5d0a002a0f0a002a02109210920030495e54324e3101010001545254320000004200000000000c0000ed71ef88010000000000028600000042
CAPTURE 2 19492293520 52540012340152540012340208004500003800000000401112a50a002a020a002a0f109210920024dd0c54324e3101040000545254320000000000000042000000009ee5ae50
CAPTURE 2 19493027840 52540012340152540012340208004500004400000000401112990a002a020a002a0f1092109200309ce754324e3101020001545254320000004200000000000c0000182970a3010000000000032a00000042
CAPTURE 2 19530556064 525400123402525400123401080045000038873d400040114b670a002a0f0a002a02109210920024dd0c54324e3101040000545254320000000000000042000000009ee5ae50
CAPTURE 2 19577264704 525400123402525400123401080045000044873f400040114b590a002a0f0a002a02109210920030bd1854324e3101010001545254320000004300000000000c0000029d66a0010000000000028700000043
CAPTURE 2 19594249760 52540012340152540012340208004500003800000000401112a50a002a020a002a0f109210920024e68f54324e310104000054525432000000000000004300000000899eba13
CAPTURE 2 19594899616 52540012340152540012340208004500004400000000401112990a002a020a002a0f1092109200308ad054324e3101020001545254320000004300000000000c0000caa5d03b010000000000032a00000043
CAPTURE 2 19632804864 525400123402525400123401080045000038874b400040114b590a002a0f0a002a02109210920024e68f54324e310104000054525432000000000000004300000000899eba13
CAPTURE 2 19672166960 5254001234025254001234010800450000448754400040114b440a002a0f0a002a02109210920030907054324e3101010001545254320000004400000000000c00006fc9261b010000000000028600000044
CAPTURE 2 19686900448 52540012340152540012340208004500003800000000401112a50a002a020a002a0f109210920024646654324e310104000054525432000000000000004400000000edffd7da
CAPTURE 2 19688740944 52540012340152540012340208004500004400000000401112990a002a020a002a0f109210920030d1ed54324e3101020001545254320000004400000000000c00009a91b930010000000000032a00000044
CAPTURE 2 19726513232 5254001234025254001234010800450000388758400040114b4c0a002a0f0a002a02109210920024646654324e310104000054525432000000000000004400000000edffd7da
CAPTURE 2 19939605872 525400123401525400123402080045000040000000004011129d0a002a020a002a0f10921092002c862954324e31010500005452543200000000000000000008000054cf0ccf00000000000042a4
CAPTURE 2 19978370480 5254001234025254001234010800450000448787400040114b110a002a0f0a002a0210921092003088eb54324e3101010001545254320000004500000000000c0000c785d5e3010000000000028400000045
CAPTURE 2 19994214960 52540012340152540012340208004500003800000000401112a50a002a020a002a0f1092109200246c2154324e310104000054525432000000000000004500000000fa84c399
CAPTURE 2 20000431216 52540012340152540012340208004500004400000000401112990a002a020a002a0f109210920030e74554324e3101020001545254320000004500000000000c00009e96a068010000000000029300000045
CAPTURE 2 20043189968 525400123402525400123401080045000040878d400040114b0f0a002a0f0a002a0210921092002cd24654324e3101050000545254320000000000000000000800004b21e1780000000000002b8b
CAPTURE 2 20068334784 5254001234025254001234010800450000388792400040114b120a002a0f0a002a021092109200246c2154324e310104000054525432000000000000004500000000fa84c399
CAPTURE 2 20111186800 5254001234025254001234010800450000448798400040114b000a002a0f0a002a02109210920030f98554324e3101010001545254320000004600000000000c0000cf495ca0010000000000036700000046
CAPTURE 2 20126947872 52540012340152540012340208004500003800000000401112a50a002a020a002a0f10921092002467d854324e310104000054525432000000000000004600000000c309ff5c
CAPTURE 2 20129070064 52540012340152540012340208004500004400000000401112990a002a020a002a0f109210920030c0e954324e3101020001545254320000004600000000000c00003f6225f0010000000000029a00000046
CAPTURE 2 20167559168 525400123402525400123401080045000038879a400040114b0a0a002a0f0a002a0210921092002467d854324e310104000054525432000000000000004600000000c309ff5c
CAPTURE 2 20212798560 52540012340252540012340108004500004487a0400040114af80a002a0f0a002a021092109200301afe54324e3101010001545254320000004700000000000c00002e73db7b01000000000003e800000047
CAPTURE 2 20230131088 52540012340152540012340208004500003800000000401112a50a002a020a002a0f1092109200246aab54324e310104000054525432000000000000004700000000d472eb1f
CAPTURE 2 20230940528 52540012340152540012340208004500004400000000401112990a002a020a002a0f109210920030056954324e3101020001545254320000004700000000000c0000d5fd4aa301000000000002ca00000047
CAPTURE 2 20282437472 52540012340252540012340108004500003887a7400040114afd0a002a0f0a002a021092109200246aab54324e310104000054525432000000000000004700000000d472eb1f
CAPTURE 2 20494125376 525400123401525400123402080045000040000000004011129d0a002a020a002a0f10921092002c55eb54324e310105000054525432000000000000000000080000a89fe71600000000000044ca
CAPTURE 2 20521239360 52540012340252540012340108004500004487b8400040114ae00a002a0f0a002a021092109200301e5e54324e3101010001545254320000004800000000000c00005c97a9f501000000000003e800000048
CAPTURE 2 20539949760 52540012340152540012340208004500003800000000401112a50a002a020a002a0f109210920024f9a354324e3101040000545254320000000000000048000000000bcb24ce
CAPTURE 2 20540530064 52540012340152540012340208004500004400000000401112990a002a020a002a0f109210920030725f54324e3101020001545254320000004800000000000c000056a85ce801000000000002e200000048
CAPTURE 2 20576210624 52540012340252540012340108004500004087c6400040114ad60a002a0f0a002a0210921092002c62a854324e31010500005452543200000000000000000008000007a192830000000000002d9f
CAPTURE 2 20602783008 52540012340252540012340108004500003887c8400040114adc0a002a0f0a002a02109210920024f9a354324e3101040000545254320000000000000048000000000bcb24ce
CAPTURE 2 20644955040 52540012340252540012340108004500004487cb400040114acd0a002a0f0a002a021092109200308d6054324e3101010001545254320000004900000000000c00008e1b096d01000000000003e800000049
CAPTURE 2 20662343952 52540012340152540012340208004500003800000000401112a50a002a020a002a0f109210920024dcfe54324e3101040000545254320000000000000049000000001cb0308d
CAPTURE 2 20663512656 52540012340152540012340208004500004400000000401112990a002a020a002a0f109210920030b3cd54324e3101020001545254320000004900000000000c000006746ba101000000000002ed00000049
CAPTURE 2 20714862992 52540012340252540012340108004500003887d8400040114acc0a002a0f0a002a02109210920024dcfe54324e3101040000545254320000000000000049000000001cb0308d
CAPTURE 2 20756292704 52540012340252540012340108004500004487df400040114ab90a002a0f0a002a02109210920030136354324e3101010001545254320000004a00000000000c000022ffee8401000000000003e80000004a
CAPTURE 2 20771847248 52540012340152540012340208004500003800000000401112a50a002a020a002a0f109210920024f8b554324e310104000054525432000000000000004a00000000253d0c48
CAPTURE 2 20774300064 52540012340152540012340208004500004400000000401112990a002a020a002a0f10921092003051a054324e3101020001545254320000004a00000000000c000048208c1b01000000000002f20000004a
CAPTURE 2 20819622336 52540012340252540012340108004500003887ee400040114ab60a002a0f0a002a02109210920024f8b554324e310104000054525432000000000000004a00000000253d0c48
CAPTURE 2 21024385040 525400123401525400123402080045000040000000004011129d0a002a020a002a0f10921092002c444d54324e3101050000545254320000000000000000000800006e7d30c500000000000046dc
CAPTURE 2 21063469168 5254001234025254001234010800450000448807400040114a910a002a0f0a002a02109210920030e65454324e3101010001545254320000004b00000000000c0000f0734e1c01000000000003e80000004b
CAPTURE 2 21081027216 52540012340152540012340208004500003800000000401112a50a002a020a002a0f109210920024dfe854324e310104000054525432000000000000004b000000003246180b
CAPTURE 2 21082279536 52540012340152540012340208004500004400000000401112990a002a020a002a0f1092109200300cb754324e3101020001545254320000004b00000000000c0000288cf09301000000000002f50000004b
CAPTURE 2 21123766144 5254001234025254001234010800450000408815400040114a870a002a0f0a002a0210921092002cb8fb54324e310105000054525432000000000000000000080000c92e787d0000000000002fc4
CAPTURE 2 21150412816 5254001234025254001234010800450000388816400040114a8e0a002a0f0a002a02109210920024dfe854324e310104000054525432000000000000004b000000003246180b
CAPTURE 2 21193318896 5254001234025254001234010800450000448819400040114a7f0a002a0f0a002a021092109200305d8454324e3101010001545254320000004c00000000000c0000a047271701000000000003e80000004c
CAPTURE 2 21209965632 52540012340152540012340208004500003800000000401112a50a002a020a002a0f1092109200245e4f54324e310104000054525432000000000000004c00000000562775c2
CAPTURE 2 21210959616 52540012340152540012340208004500004400000000401112990a002a020a002a0f109210920030586254324e3101020001545254320000004c00000000000c00000278caf801000000000002f70000004c
CAPTURE 2 21264460032 5254001234025254001234010800450000388824400040114a800a002a0f0a002a021092109200245e4f54324e310104000054525432000000000000004c00000000562775c2
CAPTURE 2 21316152960 5254001234025254001234010800450000448827400040114a710a002a0f0a002a0210921092003023e854324e3101010001545254320000004d00000000000c0000f09b105e01000000000003e70000004d
CAPTURE 2 21331672128 52540012340152540012340208004500003800000000401112a50a002a020a002a0f109210920024875a54324e310104000054525432000000000000004d00000000415c6181
CAPTURE 2 21333768288 52540012340152540012340208004500004400000000401112990a002a020a002a0f109210920030ea7b54324e3101020001545254320000004d00000000000c0000d0f46a6001000000000002f70000004d
CAPTURE 2 21376263632 5254001234025254001234010800450000388832400040114a720a002a0f0a002a02109210920024875a54324e310104000054525432000000000000004d00000000415c6181
CAPTURE 2 21585437936 525400123401525400123402080045000040000000004011129d0a002a020a002a0f10921092002c475d54324e310105000054525432000000000000000000080000925407a40000000000004916
CAPTURE 2 21611230672 5254001234025254001234010800450000448861400040114a370a002a0f0a002a02109210920030e5b954324e3101010001545254320000004e00000000000c0000611fde0701000000000003e60000004e
CAPTURE 2 21626602048 52540012340152540012340208004500003800000000401112a50a002a020a002a0f109210920024542154324e310104000054525432000000000000004e0000000078d15d44
CAPTURE 2 21627542864 52540012340152540012340208004500004400000000401112990a002a020a002a0f109210920030402654324e3101020001545254320000004e00000000000c00004170a43901000000000002f60000004e
CAPTURE 2 21660422176 5254001234025254001234010800450000408867400040114a350a002a0f0a002a0210921092002c902754324e3101050000545254320000000000000000000800007904ef6200000000000031dd
CAPTURE 2 21686415744 525400123402525400123401080045000038886b400040114a390a002a0f0a002a02109210920024542154324e310104000054525432000000000000004e0000000078d15d44
CAPTURE 2 21732199168 5254001234025254001234010800450000448875400040114a230a002a0f0a002a021092109200302c5d54324e3101010001545254320000004f00000000000c0000f433044f01000000000003e50000004f
CAPTURE 2 21748693968 52540012340152540012340208004500003800000000401112a50a002a020a002a0f109210920024718454324e310104000054525432000000000000004f000000006faa4907
CAPTURE 2 21750184384 52540012340152540012340208004500004400000000401112990a002a020a002a0f1092109200308d3054324e3101020001545254320000004f00000000000c000093fc04a101000000000002f60000004f
CAPTURE 2 21800027664 5254001234025254001234010800450000388880400040114a240a002a0f0a002a02109210920024718454324e310104000054525432000000000000004f000000006faa4907
CAPTURE 2 21844123296 5254001234025254001234010800450000448881400040114a170a002a0f0a002a021092109200301f9b54324e3101010001545254320000005000000000000c0000c37741cb01000000000003e500000050
CAPTURE 2 21860458128 52540012340152540012340208004500003800000000401112a50a002a020a002a0f10921092002448ba54324e3101040000545254320000000000000050000000001cd3c4a7
CAPTURE 2 21861076784 52540012340152540012340208004500004400000000401112990a002a020a002a0f1092109200303fee54324e3101020001545254320000005000000000000c0000a4b8412501000000000002f600000050
CAPTURE 2 21899297888 5254001234025254001234010800450000388887400040114a1d0a002a0f0a002a0210921092002448ba54324e3101040000545254320000000000000050000000001cd3c4a7
CAPTURE 2 22136069824 52540012340252540012340108004500004488ae4000401149ea0a002a0f0a002a02109210920030318d54324e3101010001545254320000005100000000000c000011fbe15301000000000003e500000051
CAPTURE 2 22153169168 52540012340152540012340208004500003800000000401112a50a002a020a002a0f1092109200244da754324e3101040000545254320000000000000051000000000ba8d0e4
CAPTURE 2 22153773808 52540012340152540012340208004500004400000000401112990a002a020a002a0f109210920030cdd754324e3101020001545254320000005100000000000c00007634e1bd01000000000002f600000051
CAPTURE 2 22179044368 52540012340252540012340108004500004088b74000401149e50a002a0f0a002a0210921092002c8f3f54324e3101050000545254320000000000000000000800001d8149c300000000000033e8
CAPTURE 2 22190814160 52540012340252540012340108004500003888b84000401149ec0a002a0f0a002a021092109200244da754324e3101040000545254320000000000000051000000000ba8d0e4
CAPTURE 2 22239155776 52540012340252540012340108004500004488bb4000401149dd0a002a0f0a002a02109210920030610054324e3101010001545254320000005200000000000c0000bd1f06ba01000000000003e500000052
CAPTURE 2 22256050464 52540012340152540012340208004500003800000000401112a50a002a020a002a0f1092109200240bec54324e3101040000545254320000000000000052000000003225ec21
CAPTURE 2 22258375808 52540012340152540012340208004500004400000000401112990a002a020a002a0f10921092003044a354324e3101020001545254320000005200000000000c0000dad0065401000000000002f600000052
CAPTURE 2 22298424288 52540012340252540012340108004500003888bf4000401149e50a002a0f0a002a021092109200240bec54324e3101040000545254320000000000000052000000003225ec21
CAPTURE 2 22343172336 52540012340252540012340108004500004488c14000401149d70a002a0f0a002a021092109200300f2254324e3101010001545254320000005300000000000c00006f93a62201000000000003e500000053
CAPTURE 2 22360347168 52540012340152540012340208004500003800000000401112a50a002a020a002a0f1092109200240c7154324e310104000054525432000000000000005300000000255ef862
CAPTURE 2 22361101776 52540012340152540012340208004500004400000000401112990a002a020a002a0f109210920030769d54324e3101020001545254320000005300000000000c0000085ca6cc01000000000002f600000053
CAPTURE 2 22402782720 52540012340252540012340108004500003888c64000401149de0a002a0f0a002a021092109200240c7154324e310104000054525432000000000000005300000000255ef862
CAPTURE 2 22443685472 52540012340252540012340108004500004488c74000401149d10a002a0f0a002a02109210920030160554324e3101010001545254320000005400000000000c00003fa7cf2901000000000003e500000054
CAPTURE 2 22458707456 52540012340152540012340208004500003800000000401112a50a002a020a002a0f109210920024534654324e310104000054525432000000000000005400000000413f95ab
CAPTURE 2 22461123040 52540012340152540012340208004500004400000000401112990a002a020a002a0f109210920030fd9354324e3101020001545254320000005400000000000c00005868cfc701000000000002f600000054
CAPTURE 2 22499019840 52540012340252540012340108004500003888cf4000401149d50a002a0f0a002a02109210920024534654324e310104000054525432000000000000005400000000413f95ab
CAPTURE 2 22709286896 525400123401525400123402080045000040000000004011129d0a002a020a002a0f10921092002c7d7254324e310105000054525432000000000000000000080000bb8aa3f80000000000004d76
CAPTURE 2 22736464832 52540012340252540012340108004500004488f44000401149a40a002a0f0a002a02109210920030c7f654324e3101010001545254320000005500000000000c0000ed2b6fb101000000000003e500000055
CAPTURE 2 22752151744 52540012340152540012340208004500003800000000401112a50a002a020a002a0f109210920024520354324e310104000054525432000000000000005500000000564481e8
CAPTURE 2 22754142112 52540012340152540012340208004500004400000000401112990a002a020a002a0f1092109200302b7e54324e3101020001545254320000005500000000000c00008ae46f5f01000000000002f600000055
CAPTURE 2 22786930784 52540012340252540012340108004500004088f54000401149a70a002a0f0a002a0210921092002c1a8054324e3101050000545254320000000000000000000800000f46ca67000000000000363e
CAPTURE 2 22812545120 52540012340252540012340108004500003888f64000401149ae0a002a0f0a002a02109210920024520354324e310104000054525432000000000000005500000000564481e8
CAPTURE 2 22855178528 52540012340252540012340108004500004489014000401149970a002a0f0a002a021092109200305aaa54324e3101010001545254320000005600000000000c000041cf885801000000000003e500000056
CAPTURE 2 22871167472 52540012340152540012340208004500003800000000401112a50a002a020a002a0f109210920024fd3754324e3101040000545254320000000000000056000000006fc9bd2d
CAPTURE 2 22873296336 52540012340152540012340208004500004400000000401112990a002a020a002a0f109210920030770954324e3101020001545254320000005600000000000c0000260088b601000000000002f600000056
CAPTURE 2 22911370960 525400123402525400123401080045000038890c4000401149980a002a0f0a002a02109210920024fd3754324e3101040000545254320000000000000056000000006fc9bd2d
CAPTURE 2 22957674992 52540012340252540012340108004500004489154000401149830a002a0f0a002a0210921092003068cc54324e3101010001545254320000005700000000000c0000934328c001000000000003e500000057
CAPTURE 2 22962350352 52540012340152540012340208004500003800000000401112a50a002a020a002a0f109210920024080d54324e31010400005452543200000000000000570000000078b2a96e
CAPTURE 2 22973750752 52540012340152540012340208004500004400000000401112990a002a020a002a0f109210920030090354324e3101020001545254320000005700000000000c0000f48c282e01000000000002f600000057
CAPTURE 2 23024575488 52540012340252540012340108004500003889234000401149810a002a0f0a002a02109210920024080d54324e31010400005452543200000000000000570000000078b2a96e
CAPTURE 2 23257281952 525400123402525400123401080045000044892f4000401149690a002a0f0a002a02109210920030e8d754324e3101010001545254320000005800000000000c0000e1a75a4e01000000000003e500000058
CAPTURE 2 23274913504 52540012340152540012340208004500003800000000401112a50a002a020a002a0f1092109200241c6254324e310104000054525432000000000000005800000000a70b66bf
CAPTURE 2 23275901808 52540012340152540012340208004500004400000000401112990a002a020a002a0f10921092003044b354324e3101020001545254320000005800000000000c000086685aa001000000000002f600000058
CAPTURE 2 23304257520 525400123402525400123401080045000040893b4000401149610a002a0f0a002a0210921092002cca5754324e3101050000545254320000000000000000000800002fcef7f9000000000000384c
CAPTURE 2 23315827744 525400123402525400123401080045000038893e4000401149660a002a0f0a002a021092109200241c6254324e310104000054525432000000000000005800000000a70b66bf
CAPTURE 2 23359695888 52540012340252540012340108004500004489444000401149540a002a0f0a002a02109210920030f6c954324e3101010001545254320000005900000000000c0000332bfad601000000000003e500000059
CAPTURE 2 23375083344 52540012340152540012340208004500003800000000401112a50a002a020a002a0f10921092002406bf54324e310104000054525432000000000000005900000000b07072fc
CAPTURE 2 23377642992 52540012340152540012340208004500004400000000401112990a002a020a002a0f109210920030d69c54324e3101020001545254320000005900000000000c000054e4fa3801000000000002f600000059
CAPTURE 2 23415975392 525400123402525400123401080045000038894d4000401149570a002a0f0a002a0210921092002406bf54324e310104000054525432000000000000005900000000b07072fc
CAPTURE 2 23456432112 52540012340252540012340108004500004489544000401149440a002a0f0a002a0210921092003067bb54324e3101010001545254320000005a00000000000c00009fcf1d3f01000000000003e50000005a
CAPTURE 2 23472223600 52540012340152540012340208004500003800000000401112a50a002a020a002a0f10921092002451f454324e310104000054525432000000000000005a0000000089fd4e39
CAPTURE 2 23474168080 52540012340152540012340208004500004400000000401112990a002a020a002a0f1092109200300fe654324e3101020001545254320000005a00000000000c0000f8001dd101000000000002f60000005a
CAPTURE 2 23524188192 525400123402525400123401080045000038895d4000401149470a002a0f0a002a0210921092002451f454324e310104000054525432000000000000005a0000000089fd4e39
CAPTURE 2 23564288192 52540012340252540012340108004500004489604000401149380a002a0f0a002a0210921092003019dd54324e3101010001545254320000005b00000000000c00004d43bda701000000000003e50000005b
CAPTURE 2 23575983568 52540012340152540012340208004500003800000000401112a50a002a020a002a0f109210920024312954324e310104000054525432000000000000005b000000009e865a7a
CAPTURE 2 23579594688 52540012340152540012340208004500004400000000401112990a002a020a002a0f1092109200303de054324e3101020001545254320000005b00000000000c00002a8cbd4901000000000002f60000005b
CAPTURE 2 23618867392 52540012340252540012340108004500003889634000401149410a002a0f0a002a02109210920024312954324e310104000054525432000000000000005b000000009e865a7a
CAPTURE 2 23835537664 525400123401525400123402080045000040000000004011129d0a002a020a002a0f10921092002ccb2554324e3101050000545254320000000000000000000800004491c8d400000000000051e0
CAPTURE 2 23837116464 33330000000252540012340186dd6000000000103afffe80000000000000505400fffe123401ff0200000000000000000000000000028500725f000000000101525400123401
CAPTURE 2 23868169808 525400123402525400123401080045000044899d4000401148fb0a002a0f0a002a02109210920030079354324e3101010001545254320000005c00000000000c00002017fd1c01000000000003e40000005c
CAPTURE 2 23884309088 52540012340152540012340208004500003800000000401112a50a002a020a002a0f109210920024f78d54324e310104000054525432000000000000005c00000000fae737b3
CAPTURE 2 23884933776 52540012340152540012340208004500004400000000401112990a002a020a002a0f109210920030d6b854324e3101020001545254320000005c00000000000c00007ab8d44201000000000002f60000005c
CAPTURE 2 23917072976 52540012340252540012340108004500004089a44000401148f80a002a0f0a002a0210921092002cbac954324e310105000054525432000000000000000000080000bdf277030000000000003aac
CAPTURE 2 23942530288 52540012340252540012340108004500003889a84000401148fc0a002a0f0a002a02109210920024f78d54324e310104000054525432000000000000005c00000000fae737b3
CAPTURE 2 23989130704 52540012340252540012340108004500004489b04000401148e80a002a0f0a002a02109210920030e9a554324e3101010001545254320000005d00000000000c00002fb50ccc01000000000002820000005d
CAPTURE 2 24005298032 52540012340152540012340208004500003800000000401112a50a002a020a002a0f109210920024189b54324e310104000054525432000000000000005d00000000ed9c23f0
CAPTURE 2 24006335424 52540012340152540012340208004500004400000000401112990a002a020a002a0f10921092003043f154324e3101020001545254320000005d00000000000c0000e14200f9010000000000027b0000005d
CAPTURE 2 24046276080 52540012340252540012340108004500003889b44000401148f00a002a0f0a002a02109210920024189b54324e310104000054525432000000000000005d00000000ed9c23f0
CAPTURE 2 24087508256 52540012340252540012340108004500004489b84000401148e00a002a0f0a002a0210921092003081ed54324e3101010001545254320000005e00000000000c00001b5b8841010000000000031d0000005e
CAPTURE 2 24102780320 52540012340152540012340208004500003800000000401112a50a002a020a002a0f10921092002436e054324e310104000054525432000000000000005e00000000d4111f35
CAPTURE 2 24103626144 52540012340152540012340208004500004400000000401112990a002a020a002a0f109210920030e57954324e3101020001545254320000005e00000000000c0000cff670c101000000000002740000005e
CAPTURE 2 24143166288 52540012340252540012340108004500003889ba4000401148ea0a002a0f0a002a0210921092002436e054324e310104000054525432000000000000005e00000000d4111f35
CAPTURE 2 24372545920 52540012340252540012340108004500004489ca4000401148ce0a002a0f0a002a021092109200308cbf54324e3101010001545254320000005f00000000000c0000014d97fe010000000000029a0000005f
CAPTURE 2 24388357136 52540012340152540012340208004500003800000000401112a50a002a020a002a0f1092109200245b4554324e310104000054525432000000000000005f00000000c36a0b76
CAPTURE 2 24390168912 52540012340152540012340208004500004400000000401112990a002a020a002a0f109210920030631654324e3101020001545254320000005f00000000000c00000e7bb4cf01000000000002430000005f
CAPTURE 2 24427037680 52540012340252540012340108004500004089d44000401148c80a002a0f0a002a0210921092002c614754324e310105000054525432000000000000000000080000ffa98cca0000000000003cb0
CAPTURE 2 24438188848 52540012340252540012340108004500003889d54000401148cf0a002a0f0a002a021092109200245b4554324e310104000054525432000000000000005f00000000c36a0b76
CAPTURE 2 24479760512 52540012340252540012340108004500004489dc4000401148bc0a002a0f0a002a02109210920030057b54324e3101010001545254320000006000000000000c0000ff9a20c501000000000002c800000060
CAPTURE 2 24494887072 52540012340152540012340208004500003800000000401112a50a002a020a002a0f109210920024f2cd54324e31010400005452543200000000000000600000000032e20475
CAPTURE 2 24495830912 52540012340152540012340208004500004400000000401112990a002a020a002a0f109210920030c1c954324e3101020001545254320000006000000000000c000046bd1de1010000000000023a00000060
CAPTURE 2 24536158800 52540012340252540012340108004500003889e44000401148c00a002a0f0a002a02109210920024f2cd54324e31010400005452543200000000000000600000000032e20475
CAPTURE 2 24579427424 52540012340252540012340108004500004489ec4000401148ac0a002a0f0a002a02109210920030d76954324e3101010001545254320000006100000000000c0000b934956101000000000002a100000061
CAPTURE 2 24595421120 52540012340152540012340208004500003800000000401112a50a002a020a002a0f109210920024f45454324e31010400005452543200000000000000610000000025991036
CAPTURE 2 24597418784 52540012340152540012340208004500004400000000401112990a002a020a002a0f10921092003022da54324e3101020001545254320000006100000000000c0000b371502b010000000000022900000061
CAPTURE 2 24635965344 52540012340252540012340108004500003889f44000401148b00a002a0f0a002a02109210920024f45454324e31010400005452543200000000000000610000000025991036
CAPTURE 2 24675002848 52540012340252540012340108004500004489fb40004011489d0a002a0f0a002a02109210920030918054324e3101010001545254320000006200000000000c000036a15ddf010000000000029e00000062
CAPTURE 2 24689957104 52540012340152540012340208004500003800000000401112a50a002a020a002a0f109210920024e11b54324e3101040000545254320000000000000062000000001c142cf3
CAPTURE 2 24690793600 52540012340152540012340208004500004400000000401112990a002a020a002a0f109210920030469754324e3101020001545254320000006200000000000c00000c94d354010000000000021e00000062
CAPTURE 2 24739345456 5254001234025254001234010800450000388a0840004011489c0a002a0f0a002a02109210920024e11b54324e3101040000545254320000000000000062000000001c142cf3
CAPTURE 2 24942736176 525400123401525400123402080045000040000000004011129d0a002a020a002a0f10921092002c6ab454324e3101050000545254320000000000000000000800009902d088000000000000562c
CAPTURE 2 24966980288 5254001234025254001234010800450000448a1c40004011487c0a002a0f0a002a0210921092003087c954324e3101010001545254320000006300000000000c00005b1d4326010000000000029000000063
CAPTURE 2 24982848784 52540012340152540012340208004500003800000000401112a50a002a020a002a0f109210920024e60254324e3101040000545254320000000000000063000000000b6f38b0
CAPTURE 2 24984926432 52540012340152540012340208004500004400000000401112990a002a020a002a0f109210920030488354324e3101020001545254320000006300000000000c00002688b77d010000000000021300000063
CAPTURE 2 25015344576 5254001234025254001234010800450000408a264000401148760a002a0f0a002a0210921092002c0df154324e310105000054525432000000000000000000080000b59827ea0000000000003ef8
CAPTURE 2 25040265408 5254001234025254001234010800450000388a2840004011487c0a002a0f0a002a02109210920024e60254324e3101040000545254320000000000000063000000000b6f38b0
CAPTURE 2 25079169120 5254001234025254001234010800450000448a314000401148670a002a0f0a002a021092109200307d3854324e3101010001545254320000006400000000000c00001c198cbe010000000000028b00000064
CAPTURE 2 25094325136 52540012340152540012340208004500003800000000401112a50a002a020a002a0f109210920024659954324e3101040000545254320000000000000064000000006f0e5579
CAPTURE 2 25096532832 52540012340152540012340208004500004400000000401112990a002a020a002a0f109210920030858a54324e3101020001545254320000006400000000000c0000a96cf795010000000000020d00000064
CAPTURE 2 25137510768 5254001234025254001234010800450000388a3f4000401148650a002a0f0a002a02109210920024659954324e3101040000545254320000000000000064000000006f0e5579
CAPTURE 2 25177164048 5254001234025254001234010800450000448a4940004011484f0a002a0f0a002a02109210920030bf4854324e3101010001545254320000006500000000000c0000fee567e7010000000000028300000065
CAPTURE 2 25193673136 52540012340152540012340208004500003800000000401112a50a002a020a002a0f109210920024707054324e3101040000545254320000000000000065000000007875413a
CAPTURE 2 25194681168 52540012340152540012340208004500004400000000401112990a002a020a002a0f109210920030b44554324e3101020001545254320000006500000000000c00000c30661c010000000000020600000065
CAPTURE 2 25232586576 5254001234025254001234010800450000388a534000401148510a002a0f0a002a02109210920024707054324e3101040000545254320000000000000065000000007875413a
CAPTURE 2 25477957952 5254001234025254001234010800450000448a874000401148110a002a0f0a002a021092109200300cf554324e3101010001545254320000006600000000000c00006f61a9be010000000000028200000066
CAPTURE 2 25486128400 52540012340152540012340208004500003800000000401112a50a002a020a002a0f1092109200246a2754324e31010400005452543200000000000000660000000041f87dff
CAPTURE 2 25494869984 52540012340152540012340208004500004400000000401112990a002a020a002a0f109210920030aa0a54324e3101020001545254320000006600000000000c000055542735010000000000020200000066
CAPTURE 2 25536376864 5254001234025254001234010800450000408a8e40004011480e0a002a0f0a002a0210921092002c3ec054324e310105000054525432000000000000000000080000de33cc720000000000004105
CAPTURE 2 25547547456 5254001234025254001234010800450000388a914000401148130a002a0f0a002a021092109200246a2754324e31010400005452543200000000000000660000000041f87dff
CAPTURE 2 25588493904 5254001234025254001234010800450000448a954000401148030a002a0f0a002a021092109200307b0254324e3101010001545254320000006700000000000c00000d499dca010000000000027f00000067
CAPTURE 2 25604710672 52540012340152540012340208004500003800000000401112a50a002a020a002a0f10921092002469de54324e310104000054525432000000000000006700000000568369bc
CAPTURE 2 25605323520 52540012340152540012340208004500004400000000401112990a002a020a002a0f10921092003012bd54324e3101020001545254320000006700000000000c0000b1e861ef01000000000001ff00000067
CAPTURE 2 25642286496 5254001234025254001234010800450000388a9e4000401148060a002a0f0a002a0210921092002469de54324e310104000054525432000000000000006700000000568369bc
CAPTURE 2 25688779776 5254001234025254001234010800450000448aa04000401147f80a002a0f0a002a021092109200301c5354324e3101010001545254320000006800000000000c000042cdc6f4010000000000027e00000068
CAPTURE 2 25706378320 52540012340152540012340208004500003800000000401112a50a002a020a002a0f109210920024fa7454324e310104000054525432000000000000006800000000893aa66d
CAPTURE 2 25707392880 52540012340152540012340208004500004400000000401112990a002a020a002a0f1092109200302cc754324e3101020001545254320000006800000000000c0000b9cc400101000000000001fd00000068
CAPTURE 2 25747891568 5254001234025254001234010800450000388aa44000401148000a002a0f0a002a02109210920024fa7454324e310104000054525432000000000000006800000000893aa66d
CAPTURE 2 25788333312 5254001234025254001234010800450000448aab4000401147ed0a002a0f0a002a02109210920030317654324e3101010001545254320000006900000000000c0000d7e11cbc010000000000027d00000069
CAPTURE 2 25802867152 52540012340152540012340208004500003800000000401112a50a002a020a002a0f109210920024d9ab54324e3101040000545254320000000000000069000000009e41b22e
CAPTURE 2 25804917488 52540012340152540012340208004500004400000000401112990a002a020a002a0f1092109200302d5b54324e3101020001545254320000006900000000000c0000e400153901000000000001fb00000069
CAPTURE 2 26038813392 525400123401525400123402080045000040000000004011129d0a002a020a002a0f10921092002c6bd954324e31010500005452543200000000000000000008000059b10a690000000000005a78
CAPTURE 2 26049382944 5254001234025254001234010800450000388ace4000401147d60a002a0f0a002a02109210920024d9ab54324e3101040000545254320000000000000069000000009e41b22e
CAPTURE 2 26095910288 5254001234025254001234010800450000448ad44000401147c40a002a0f0a002a02109210920030afb654324e3101010001545254320000006a00000000000c00007b05fb55010000000000027d0000006a
CAPTURE 2 26112812000 52540012340152540012340208004500003800000000401112a50a002a020a002a0f109210920024f36254324e310104000054525432000000000000006a00000000a7cc8eeb
CAPTURE 2 26113495408 52540012340152540012340208004500004400000000401112990a002a020a002a0f109210920030eadd54324e3101020001545254320000006a00000000000c000048e4f2d001000000000001fb0000006a
CAPTURE 2 26171391424 5254001234025254001234010800450000388adc4000401147c80a002a0f0a002a02109210920024f36254324e310104000054525432000000000000006a00000000a7cc8eeb
CAPTURE 2 26213234896 5254001234025254001234010800450000448add4000401147bb0a002a0f0a002a0210921092003020b954324e3101010001545254320000006b00000000000c0000a9895bcd010000000000027d0000006b
CAPTURE 2 26228306528 52540012340152540012340208004500003800000000401112a50a002a020a002a0f109210920024deb954324e310104000054525432000000000000006b00000000b0b79aa8
CAPTURE 2 26230253120 52540012340152540012340208004500004400000000401112990a002a020a002a0f10921092003039e054324e3101020001545254320000006b00000000000c00009a68524801000000000001fb0000006b
CAPTURE 2 26284220304 5254001234025254001234010800450000388ae84000401147bc0a002a0f0a002a02109210920024deb954324e310104000054525432000000000000006b00000000b0b79aa8
CAPTURE 2 26325925456 5254001234025254001234010800450000448aed4000401147ab0a002a0f0a002a0210921092003045bb54324e3101010001545254320000006c00000000000c0000c4dd1b76010000000000027c0000006c
CAPTURE 2 26330371728 52540012340152540012340208004500003800000000401112a50a002a020a002a0f1092109200245de054324e310104000054525432000000000000006c00000000d4d6f761
CAPTURE 2 26342849872 52540012340152540012340208004500004400000000401112990a002a020a002a0f10921092003020ef54324e3101020001545254320000006c00000000000c0000ca5c3b4301000000000001fb0000006c
CAPTURE 2 26382956432 5254001234025254001234010800450000388afc4000401147a80a002a0f0a002a021092109200245de054324e310104000054525432000000000000006c00000000d4d6f761
CAPTURE 2 26610700496 525400123401525400123402080045000040000000004011129d0a002a020a002a0f10921092002cd31d54324e310105000054525432000000000000000000080000745a86410000000000005cb2
CAPTURE 2 26634725792 5254001234025254001234010800450000448b334000401147650a002a0f0a002a0210921092003053cd54324e3101010001545254320000006d00000000000c00001651bbee010000000000027c0000006d
CAPTURE 2 26650732768 52540012340152540012340208004500003800000000401112a50a002a020a002a0f109210920024834754324e310104000054525432000000000000006d00000000c3ade322
CAPTURE 2 26651699968 52540012340152540012340208004500004400000000401112990a002a020a002a0f10921092003071e154324e3101020001545254320000006d00000000000c000018d09bdb01000000000001fb0000006d
CAPTURE 2 26687379600 5254001234025254001234010800450000408b3a4000401147620a002a0f0a002a0210921092002c0ff454324e310105000054525432000000000000000000080000e481f078000000000000457d
CAPTURE 2 26713710048 5254001234025254001234010800450000388b404000401147640a002a0f0a002a02109210920024834754324e310104000054525432000000000000006d00000000c3ade322
CAPTURE 2 26757020624 5254001234025254001234010800450000448b4b40004011474d0a002a0f0a002a021092109200309d5f54324e3101010001545254320000006e00000000000c000008958017010000000000027b0000006e
CAPTURE 2 26774338576 52540012340152540012340208004500003800000000401112a50a002a020a002a0f109210920024500e54324e310104000054525432000000000000006e00000000fa20dfe7
CAPTURE 2 26775318368 52540012340152540012340208004500004400000000401112990a002a020a002a0f10921092003047b554324e3101020001545254320000006e00000000000c00008954558201000000000001fa0000006e
CAPTURE 2 26815666144 5254001234025254001234010800450000388b4d4000401147570a002a0f0a002a02109210920024500e54324e310104000054525432000000000000006e00000000fa20dfe7
CAPTURE 2 26859324272 5254001234025254001234010800450000448b504000401147480a002a0f0a002a02109210920030c12f54324e3101010001545254320000006f00000000000c00006839fc9f010000000000027c0000006f
CAPTURE 2 26877281008 52540012340152540012340208004500003800000000401112a50a002a020a002a0f109210920024711554324e310104000054525432000000000000006f00000000ed5bcba4
CAPTURE 2 26878622416 52540012340152540012340208004500004400000000401112990a002a020a002a0f109210920030d59654324e3101020001545254320000006f00000000000c00005bd8f51a01000000000001fa0000006f
CAPTURE 2 26929786688 5254001234025254001234010800450000388b604000401147440a002a0f0a002a02109210920024711554324e310104000054525432000000000000006f00000000ed5bcba4
CAPTURE 2 27160818672 5254001234025254001234010800450000448b974000401147010a002a0f0a002a021092109200300d6e54324e3101010001545254320000007000000000000c00005f7db91b010000000000027c00000070
CAPTURE 2 27175934416 52540012340152540012340208004500003800000000401112a50a002a020a002a0f10921092002445ee54324e3101040000545254320000000000000070000000009e224604
CAPTURE 2 27178080272 52540012340152540012340208004500004400000000401112990a002a020a002a0f109210920030094d54324e3101020001545254320000007000000000000c00006c9cb09e01000000000001fa00000070
CAPTURE 2 27219507440 5254001234025254001234010800450000408ba14000401146fb0a002a0f0a002a0210921092002c57ef54324e31010500005452543200000000000000000008000006d7840d0000000000004798
CAPTURE 2 27230933872 5254001234025254001234010800450000388ba34000401147010a002a0f0a002a0210921092002445ee54324e3101040000545254320000000000000070000000009e224604
CAPTURE 2 27274658144 5254001234025254001234010800450000448bac4000401146ec0a002a0f0a002a021092109200307e9054324e3101010001545254320000007100000000000c00008df11983010000000000027c00000071
CAPTURE 2 27290866400 52540012340152540012340208004500003800000000401112a50a002a020a002a0f1092109200244e7354324e31010400005452543200000000000000710000000089595247
CAPTURE 2 27292929072 52540012340152540012340208004500004400000000401112990a002a020a002a0f109210920030586f54324e3101020001545254320000007100000000000c0000be10100601000000000001fa00000071
CAPTURE 2 27332247296 5254001234025254001234010800450000388bb64000401146ee0a002a0f0a002a021092109200244e7354324e31010400005452543200000000000000710000000089595247
CAPTURE 2 27380175536 5254001234025254001234010800450000448bba4000401146de0a002a0f0a002a02109210920030068354324e3101010001545254320000007200000000000c00002115fe6a010000000000027c00000072
CAPTURE 2 27397593520 52540012340152540012340208004500003800000000401112a50a002a020a002a0f1092109200240abc54324e310104000054525432000000000000007200000000b0d46e82
CAPTURE 2 27398584448 52540012340152540012340208004500004400000000401112990a002a020a002a0f1092109200301ba054324e3101020001545254320000007200000000000c000012f4f7ef01000000000001fa00000072
CAPTURE 2 27436923600 5254001234025254001234010800450000388bbf4000401146e50a002a0f0a002a021092109200240abc54324e310104000054525432000000000000007200000000b0d46e82
CAPTURE 2 27480443648 5254001234025254001234010800450000448bca4000401146ce0a002a0f0a002a02109210920030d37454324e3101010001545254320000007300000000000c0000f3995ef2010000000000027c00000073
CAPTURE 2 27496895376 52540012340152540012340208004500003800000000401112a50a002a020a002a0f10921092002407a154324e310104000054525432000000000000007300000000a7af7ac1
CAPTURE 2 27497552704 52540012340152540012340208004500004400000000401112990a002a020a002a0f1092109200300e9254324e3101020001545254320000007300000000000c0000c078577701000000000001fa00000073
CAPTURE 2 27732625392 525400123401525400123402080045000040000000004011129d0a002a020a002a0f10921092002c596354324e3101050000545254320000000000000000000800002fdc4010000000000000611c
CAPTURE 2 27743253088 5254001234025254001234010800450000388bcd4000401146d70a002a0f0a002a0210921092002407a154324e310104000054525432000000000000007300000000a7af7ac1
CAPTURE 2 27789307648 5254001234025254001234010800450000448bd34000401146c50a002a0f0a002a021092109200304a5854324e3101010001545254320000007400000000000c0000a3ad37f9010000000000027c00000074
CAPTURE 2 27805864752 52540012340152540012340208004500003800000000401112a50a002a020a002a0f1092109200244f3a54324e310104000054525432000000000000007400000000c3ce1708
CAPTURE 2 27806571552 52540012340152540012340208004500004400000000401112990a002a020a002a0f10921092003057b754324e3101020001545254320000007400000000000c0000904c3e7c01000000000001fa00000074
CAPTURE 2 27864765712 5254001234025254001234010800450000388bda4000401146ca0a002a0f0a002a021092109200244f3a54324e310104000054525432000000000000007400000000c3ce1708
CAPTURE 2 27907428640 5254001234025254001234010800450000448be34000401146b50a002a0f0a002a021092109200301d7a54324e3101010001545254320000007500000000000c000071219761010000000000027c00000075
CAPTURE 2 27924440928 52540012340152540012340208004500003800000000401112a50a002a020a002a0f109210920024520f54324e310104000054525432000000000000007500000000d4b5034b
CAPTURE 2 27925261648 52540012340152540012340208004500004400000000401112990a002a020a002a0f10921092003044d954324e3101020001545254320000007500000000000c000042c09ee401000000000001fa00000075
CAPTURE 2 27963915792 5254001234025254001234010800450000388bed4000401146b70a002a0f0a002a02109210920024520f54324e310104000054525432000000000000007500000000d4b5034b
CAPTURE 2 28004297568 5254001234025254001234010800450000448bf04000401146a80a002a0f0a002a02109210920030d7ac54324e3101010001545254320000007600000000000c0000ddc57088010000000000027c00000076
CAPTURE 2 28021226464 52540012340152540012340208004500003800000000401112a50a002a020a002a0f109210920024fd4754324e310104000054525432000000000000007600000000ed383f8e
CAPTURE 2 28021835600 52540012340152540012340208004500004400000000401112990a002a020a002a0f109210920030bf4954324e3101020001545254320000007600000000000c0000ee24790d01000000000001fa00000076
CAPTURE 2 28061189712 5254001234025254001234010800450000388bfb4000401146a90a002a0f0a002a02109210920024fd4754324e310104000054525432000000000000007600000000ed383f8e
CAPTURE 2 28278853024 525400123401525400123402080045000040000000004011129d0a002a020a002a0f10921092002cdf0654324e31010500005452543200000000000000000008000021e9c6430000000000006338
CAPTURE 2 28308520256 5254001234025254001234010800450000448c334000401146650a002a0f0a002a02109210920030469f54324e3101010001545254320000007700000000000c00000f49d010010000000000027c00000077
CAPTURE 2 28323088496 52540012340152540012340208004500003800000000401112a50a002a020a002a0f10921092002403fd54324e310104000054525432000000000000007700000000fa432bcd
CAPTURE 2 28325336288 52540012340152540012340208004500004400000000401112990a002a020a002a0f109210920030103c54324e3101020001545254320000007700000000000c00003ca8d99501000000000001fa00000077
CAPTURE 2 28359147184 5254001234025254001234010800450000408c3b4000401146610a002a0f0a002a0210921092002c85bd54324e3101050000545254320000000000000000000800008593d3130000000000004c07
CAPTURE 2 28384784768 5254001234025254001234010800450000388c3c4000401146680a002a0f0a002a0210921092002403fd54324e310104000054525432000000000000007700000000fa432bcd
CAPTURE 2 28427441072 5254001234025254001234010800450000448c454000401146530a002a0f0a002a0210921092003005ab54324e3101010001545254320000007800000000000c00007dada29e010000000000027c00000078
CAPTURE 2 28443271984 52540012340152540012340208004500003800000000401112a50a002a020a002a0f1092109200241ff654324e31010400005452543200000000000000780000000025fae41c
CAPTURE 2 28445967936 52540012340152540012340208004500004400000000401112990a002a020a002a0f1092109200302d1054324e3101020001545254320000007800000000000c00004e4cab1b01000000000001fa00000078
CAPTURE 2 28484317664 5254001234025254001234010800450000388c524000401146520a002a0f0a002a021092109200241ff654324e31010400005452543200000000000000780000000025fae41c
CAPTURE 2 28527565568 5254001234025254001234010800450000448c544000401146440a002a0f0a002a0210921092003074cd54324e3101010001545254320000007900000000000c0000af210206010000000000027c00000079
CAPTURE 2 28545385040 52540012340152540012340208004500003800000000401112a50a002a020a002a0f109210920024072b54324e3101040000545254320000000000000079000000003281f05f
CAPTURE 2 28546774896 52540012340152540012340208004500004400000000401112990a002a020a002a0f1092109200307e3254324e3101020001545254320000007900000000000c00009cc00b8301000000000001fa00000079
CAPTURE 2 28585822528 5254001234025254001234010800450000388c5840004011464c0a002a0f0a002a02109210920024072b54324e3101040000545254320000000000000079000000003281f05f
CAPTURE 2 28830123904 5254001234025254001234010800450000448c6e40004011462a0a002a0f0a002a021092109200303c3e54324e3101010001545254320000007a00000000000c000003c5e5ef010000000000027c0000007a
CAPTURE 2 28849186208 52540012340152540012340208004500003800000000401112a50a002a020a002a0f109210920024526454324e310104000054525432000000000000007a000000000b0ccc9a
CAPTURE 2 28850182880 52540012340152540012340208004500004400000000401112990a002a020a002a0f10921092003009e554324e3101020001545254320000007a00000000000c00003024ec6a01000000000001fa0000007a
CAPTURE 2 28889006688 5254001234025254001234010800450000408c7a4000401146220a002a0f0a002a0210921092002c489c54324e3101050000545254320000000000000000000800004ac748eb0000000000004e1d
CAPTURE 2 28900146480 5254001234025254001234010800450000388c7c4000401146280a002a0f0a002a02109210920024526454324e310104000054525432000000000000007a000000000b0ccc9a
CAPTURE 2 28941090288 5254001234025254001234010800450000448c834000401146150a002a0f0a002a021092109200300f3054324e3101010001545254320000007b00000000000c0000d1494577010000000000027c0000007b
CAPTURE 2 28957465600 52540012340152540012340208004500003800000000401112a50a002a020a002a0f10921092002434b954324e310104000054525432000000000000007b000000001c77d8d9
CAPTURE 2 28958207072 52540012340152540012340208004500004400000000401112990a002a020a002a0f109210920030f6d654324e3101020001545254320000007b00000000000c0000e2a84cf201000000000001fa0000007b
CAPTURE 2 29008389152 5254001234025254001234010800450000388c944000401146100a002a0f0a002a0210921092002434b954324e310104000054525432000000000000007b000000001c77d8d9
CAPTURE 2 29048835200 5254001234025254001234010800450000448c964000401146020a002a0f0a002a0210921092003077f554324e3101010001545254320000007c00000000000c0000817d2c7c010000000000027c0000007c
CAPTURE 2 29064932112 52540012340152540012340208004500003800000000401112a50a002a020a002a0f109210920024fce154324e310104000054525432000000000000007c000000007816b510
CAPTURE 2 29066042096 52540012340152540012340208004500004400000000401112990a002a020a002a0f1092109200304dda54324e3101020001545254320000007c00000000000c0000b29c25f901000000000001fa0000007c
CAPTURE 2 29103798160 5254001234025254001234010800450000388ca34000401146010a002a0f0a002a02109210920024fce154324e310104000054525432000000000000007c000000007816b510
CAPTURE 2 29146851104 5254001234025254001234010800450000448ca94000401145ef0a002a0f0a002a02109210920030451754324e3101010001545254320000007d00000000000c000053f18ce4010000000000027c0000007d
CAPTURE 2 29162298400 52540012340152540012340208004500003800000000401112a50a002a020a002a0f109210920024194754324e310104000054525432000000000000007d000000006f6da153
CAPTURE 2 29163205392 52540012340152540012340208004500004400000000401112990a002a020a002a0f10921092003040fc54324e3101020001545254320000007d00000000000c00006010856101000000000001fa0000007d
CAPTURE 2 29400474576 525400123401525400123402080045000040000000004011129d0a002a020a002a0f10921092002c8ed054324e3101050000545254320000000000000000000800009353a0af0000000000006798
CAPTURE 2 29411144736 5254001234025254001234010800450000388ce84000401145bc0a002a0f0a002a02109210920024194754324e310104000054525432000000000000007d000000006f6da153
CAPTURE 2 29455190016 5254001234025254001234010800450000448cf04000401145a80a002a0f0a002a02109210920030bbc754324e3101010001545254320000007e00000000000c0000ff156b0d010000000000027c0000007e
CAPTURE 2 29471472640 52540012340152540012340208004500003800000000401112a50a002a020a002a0f109210920024359054324e310104000054525432000000000000007e0000000056e09d96
CAPTURE 2 29473438240 52540012340152540012340208004500004400000000401112990a002a020a002a0f109210920030f6ee54324e3101020001545254320000007e00000000000c0000ccf4628801000000000001fa0000007e
CAPTURE 2 29532420816 5254001234025254001234010800450000388cf64000401145ae0a002a0f0a002a02109210920024359054324e310104000054525432000000000000007e0000000056e09d96
CAPTURE 2 29574981808 5254001234025254001234010800450000448cfe40004011459a0a002a0f0a002a021092109200302cba54324e3101010001545254320000007f00000000000c00002d99cb95010000000000027c0000007f
CAPTURE 2 29590684528 52540012340152540012340208004500003800000000401112a50a002a020a002a0f1092109200245e9554324e310104000054525432000000000000007f00000000419b89d5
CAPTURE 2 29592722336 52540012340152540012340208004500004400000000401112990a002a020a002a0f10921092003045e154324e3101020001545254320000007f00000000000c00001e78c21001000000000001fa0000007f
CAPTURE 2 29632209392 5254001234025254001234010800450000388d044000401145a00a002a0f0a002a021092109200245e9554324e310104000054525432000000000000007f00000000419b89d5
CAPTURE 2 29672062448 5254001234025254001234010800450000448d0e40004011458a0a002a0f0a002a02109210920030221a54324e3101010001545254320000008000000000000c0000aede54ef010000000000027b00000080
CAPTURE 2 29691019552 52540012340152540012340208004500003800000000401112a50a002a020a002a0f1092109200249b9254324e31010400005452543200000000000000800000000008d4859e
CAPTURE 2 29691857344 52540012340152540012340208004500004400000000401112990a002a020a002a0f10921092003075ce54324e3101020001545254320000008000000000000c00002f1f817a01000000000001fa00000080
CAPTURE 2 29734210400 5254001234025254001234010800450000388d1d4000401145870a002a0f0a002a021092109200249b9254324e31010400005452543200000000000000800000000008d4859e
CAPTURE 2 29960845936 525400123401525400123402080045000040000000004011129d0a002a020a002a0f10921092002c7d1254324e31010500005452543200000000000000000008000066bbdcd500000000000069c8
CAPTURE 2 29983528960 5254001234025254001234010800450000448d534000401145450a002a0f0a002a0210921092003006ed54324e3101010001545254320000008100000000000c00004132ddc7010000000000027a00000081
CAPTURE 2 29999554672 52540012340152540012340208004500003800000000401112a50a002a020a002a0f109210920024787754324e3101040000545254320000000000000081000000001faf91dd
CAPTURE 2 30002392800 52540012340152540012340208004500004400000000401112990a002a020a002a0f109210920030110154324e3101020001545254320000008100000000000c0000ba335b3201000000000001f900000081
CAPTURE 2 30038837632 5254001234025254001234010800450000408d594000401145430a002a0f0a002a0210921092002c759654324e310105000054525432000000000000000000080000a6b0bb910000000000005293
CAPTURE 2 30064626272 5254001234025254001234010800450000388d5a40004011454a0a002a0f0a002a02109210920024787754324e3101040000545254320000000000000081000000001faf91dd
CAPTURE 2 30105314672 5254001234025254001234010800450000448d5f4000401145390a002a0f0a002a021092109200303a7154324e3101010001545254320000008200000000000c0000aa7640fe010000000000027900000082
CAPTURE 2 30122198512 52540012340152540012340208004500003800000000401112a50a002a020a002a0f10921092002456c854324e3101040000545254320000000000000082000000002622ad18
CAPTURE 2 30123054592 52540012340152540012340208004500004400000000401112990a002a020a002a0f109210920030654354324e3101020001545254320000008200000000000c00002bb7956b01000000000001f800000082
CAPTURE 2 30163604864 5254001234025254001234010800450000388d6e4000401145360a002a0f0a002a0210921092002456c854324e3101040000545254320000000000000082000000002622ad18
CAPTURE 2 30208346752 5254001234025254001234010800450000448d754000401145230a002a0f0a002a021092109200304bd254324e3101010001545254320000008300000000000c00003f5a9ab6010000000000027a00000083
CAPTURE 2 30223810560 52540012340152540012340208004500003800000000401112a50a002a020a002a0f1092109200243f4d54324e3101040000545254320000000000000083000000003159b95b
CAPTURE 2 30225799840 52540012340152540012340208004500004400000000401112990a002a020a002a0f109210920030f73454324e3101020001545254320000008300000000000c0000f93b35f301000000000001f800000083
CAPTURE 2 30262663584 5254001234025254001234010800450000388d804000401145240a002a0f0a002a021092109200243f4d54324e3101040000545254320000000000000083000000003159b95b
CAPTURE 2 30508289824 5254001234025254001234010800450000448da74000401144f10a002a0f0a002a02109210920030c2b454324e3101010001545254320000008400000000000c00006f6ef3bd010000000000027a00000084
CAPTURE 2 30526380880 52540012340152540012340208004500003800000000401112a50a002a020a002a0f109210920024003654324e3101040000545254320000000000000084000000005538d492
CAPTURE 2 30527757712 52540012340152540012340208004500004400000000401112990a002a020a002a0f109210920030205a54324e3101020001545254320000008400000000000c0000a90f5cf801000000000001f800000084
CAPTURE 2 30556805024 5254001234025254001234010800450000408daa4000401144f20a002a0f0a002a0210921092002c4ff654324e310105000054525432000000000000000000080000383d4d9700000000000054a1
CAPTURE 2 30567870032 5254001234025254001234010800450000388dac4000401144f80a002a0f0a002a02109210920024003654324e3101040000545254320000000000000084000000005538d492
CAPTURE 2 30611446624 5254001234025254001234010800450000448db44000401144e40a002a0f0a002a0210921092003014d754324e3101010001545254320000008500000000000c0000bde25325010000000000027a00000085
CAPTURE 2 30627780048 52540012340152540012340208004500003800000000401112a50a002a020a002a0f10921092002426eb54324e3101040000545254320000000000000085000000004243c0d1
CAPTURE 2 30630266960 52540012340152540012340208004500004400000000401112990a002a020a002a0f109210920030ae7b54324e3101020001545254320000008500000000000c00007b83fc6001000000000001f800000085
CAPTURE 2 30673565072 5254001234025254001234010800450000388dc14000401144e30a002a0f0a002a0210921092002426eb54324e3101040000545254320000000000000085000000004243c0d1
CAPTURE 2 30718653472 5254001234025254001234010800450000448dcc4000401144cc0a002a0f0a002a02109210920030600a54324e3101010001545254320000008600000000000c00001106b4cc010000000000027a00000086
CAPTURE 2 30735081872 52540012340152540012340208004500003800000000401112a50a002a020a002a0f109210920024b21b54324e3101040000545254320000000000000086000000007bcefc14
CAPTURE 2 30737528848 52540012340152540012340208004500004400000000401112990a002a020a002a0f109210920030336d54324e3101020001545254320000008600000000000c0000d7671b8901000000000001f800000086
CAPTURE 2 30782520512 5254001234025254001234010800450000388dda4000401144ca0a002a0f0a002a02109210920024b21b54324e3101040000545254320000000000000086000000007bcefc14
CAPTURE 2 30835288912 5254001234025254001234010800450000448de24000401144b60a002a0f0a002a021092109200304dfc54324e3101010001545254320000008700000000000c0000c38a1454010000000000027a00000087
CAPTURE 2 30846133904 52540012340152540012340208004500003800000000401112a50a002a020a002a0f109210920024d4f054324e3101040000545254320000000000000087000000006cb5e857
CAPTURE 2 30853667504 52540012340152540012340208004500004400000000401112990a002a020a002a0f109210920030655f54324e3101020001545254320000008700000000000c000005ebbb1101000000000001f800000087
CAPTURE 2 31073216224 525400123401525400123402080045000040000000004011129d0a002a020a002a0f10921092002c89e854324e31010500005452543200000000000000000008000089f0a86a0000000000006e28
CAPTURE 2 31083641104 5254001234025254001234010800450000388dec4000401144b80a002a0f0a002a02109210920024d4f054324e3101040000545254320000000000000087000000006cb5e857
CAPTURE 2 31130437600 5254001234025254001234010800450000448df64000401144a20a002a0f0a002a021092109200300d9054324e3101010001545254320000008800000000000c0000b16e66da010000000000027a00000088
CAPTURE 2 31146373248 52540012340152540012340208004500003800000000401112a50a002a020a002a0f1092109200244f6a54324e310104000054525432000000000000008800000000b30c2786
CAPTURE 2 31147523472 52540012340152540012340208004500004400000000401112990a002a020a002a0f109210920030e5aa54324e3101020001545254320000008800000000000c0000770fc99f01000000000001f800000088
CAPTURE 2 31205235040 5254001234025254001234010800450000388df84000401144ac0a002a0f0a002a021092109200244f6a54324e310104000054525432000000000000008800000000b30c2786
CAPTURE 2 31247340304 5254001234025254001234010800450000448df940004011449f0a002a0f0a002a02109210920030fbb154324e3101010001545254320000008900000000000c000063e2c642010000000000027a00000089
CAPTURE 2 31262734768 52540012340152540012340208004500003800000000401112a50a002a020a002a0f10921092002451bf54324e310104000054525432000000000000008900000000a47733c5
CAPTURE 2 31264719232 52540012340152540012340208004500004400000000401112990a002a020a002a0f10921092003017cd54324e3101020001545254320000008900000000000c0000a583690701000000000001f800000089
CAPTURE 2 31303002304 5254001234025254001234010800450000388dfe4000401144a60a002a0f0a002a0210921092002451bf54324e310104000054525432000000000000008900000000a47733c5
CAPTURE 2 31347477776 5254001234025254001234010800450000448e024000401144960a002a0f0a002a02109210920030352354324e3101010001545254320000008a00000000000c0000cf0621ab010000000000027a0000008a
CAPTURE 2 31362674848 52540012340152540012340208004500003800000000401112a50a002a020a002a0f1092109200247d0054324e310104000054525432000000000000008a000000009dfa0f00
CAPTURE 2 31364558032 52540012340152540012340208004500004400000000401112990a002a020a002a0f1092109200308e0054324e3101020001545254320000008a00000000000c000009678eee01000000000001f80000008a
CAPTURE 2 31401272976 5254001234025254001234010800450000388e0c4000401144980a002a0f0a002a021092109200247d0054324e310104000054525432000000000000008a000000009dfa0f00
CAPTURE 2 31627223408 525400123401525400123402080045000040000000004011129d0a002a020a002a0f10921092002c6ce454324e310105000054525432000000000000000000080000f96053d8000000000000704e
CAPTURE 2 31650456944 5254001234025254001234010800450000448e2f4000401144690a002a0f0a002a02109210920030871554324e3101010001545254320000008b00000000000c00001d8a8133010000000000027a0000008b
CAPTURE 2 31666282400 52540012340152540012340208004500003800000000401112a50a002a020a002a0f109210920024843554324e310104000054525432000000000000008b000000008a811b43
CAPTURE 2 31667656880 52540012340152540012340208004500004400000000401112990a002a020a002a0f1092109200301bf254324e3101020001545254320000008b00000000000c0000dbeb2e7601000000000001f80000008b
CAPTURE 2 31703828304 5254001234025254001234010800450000408e3240004011446a0a002a0f0a002a0210921092002cfc5f54324e310105000054525432000000000000000000080000af9125630000000000005917
CAPTURE 2 31730502640 5254001234025254001234010800450000388e334000401144710a002a0f0a002a02109210920024843554324e310104000054525432000000000000008b000000008a811b43
CAPTURE 2 31773874320 5254001234025254001234010800450000448e3b40004011445d0a002a0f0a002a02109210920030efd954324e3101010001545254320000008c00000000000c00004dbee838010000000000027a0000008c
CAPTURE 2 31778286480 52540012340152540012340208004500003800000000401112a50a002a020a002a0f109210920024c48d54324e310104000054525432000000000000008c00000000eee0768a
CAPTURE 2 31791533456 52540012340152540012340208004500004400000000401112990a002a020a002a0f10921092003052f554324e3101020001545254320000008c00000000000c00008bdf477d01000000000001f80000008c
CAPTURE 2 31833642736 5254001234025254001234010800450000388e4640004011445e0a002a0f0a002a02109210920024c48d54324e310104000054525432000000000000008c00000000eee0768a
CAPTURE 2 31875235056 5254001234025254001234010800450000448e474000401144510a002a0f0a002a021092109200303dfc54324e3101010001545254320000008d00000000000c00009f3248a0010000000000027a0000008d
CAPTURE 2 31885968032 52540012340152540012340208004500003800000000401112a50a002a020a002a0f109210920024cd9254324e310104000054525432000000000000008d00000000f99b62c9
CAPTURE 2 31890937264 52540012340152540012340208004500004400000000401112990a002a020a002a0f109210920030e51654324e3101020001545254320000008d00000000000c00005953e7e501000000000001f80000008d
CAPTURE 2 31928708032 5254001234025254001234010800450000388e4840004011445c0a002a0f0a002a02109210920024cd9254324e310104000054525432000000000000008d00000000f99b62c9
CAPTURE 2 32180915984 5254001234025254001234010800450000448e554000401144430a002a0f0a002a0210921092003042ad54324e3101010001545254320000008e00000000000c000033d6af49010000000000027a0000008e
CAPTURE 2 32197590256 52540012340152540012340208004500003800000000401112a50a002a020a002a0f1092109200240bd454324e310104000054525432000000000000008e00000000c0165e0c
CAPTURE 2 32198323872 52540012340152540012340208004500004400000000401112990a002a020a002a0f109210920030308a54324e3101020001545254320000008e00000000000c0000f5b7000c01000000000001f80000008e
CAPTURE 2 32227939408 5254001234025254001234010800450000408e5d40004011443f0a002a0f0a002a0210921092002c9c7854324e310105000054525432000000000000000000080000bb7e774d0000000000005b27
CAPTURE 2 32238998368 5254001234025254001234010800450000388e604000401144440a002a0f0a002a021092109200240bd454324e310104000054525432000000000000008e00000000c0165e0c
CAPTURE 2 32283643456 5254001234025254001234010800450000448e634000401144350a002a0f0a002a02109210920030349f54324e3101010001545254320000008f00000000000c0000e15a0fd1010000000000027a0000008f
CAPTURE 2 32299366864 52540012340152540012340208004500003800000000401112a50a002a020a002a0f109210920024083954324e310104000054525432000000000000008f00000000d76d4a4f
CAPTURE 2 32301400560 52540012340152540012340208004500004400000000401112990a002a020a002a0f1092109200305e7c54324e3101020001545254320000008f00000000000c0000273ba09401000000000001f80000008f
CAPTURE 2 32340508080 5254001234025254001234010800450000388e6840004011443c0a002a0f0a002a02109210920024083954324e310104000054525432000000000000008f00000000d76d4a4f
CAPTURE 2 32382501056 5254001234025254001234010800450000448e6e40004011442a0a002a0f0a002a02109210920030055554324e3101010001545254320000009000000000000c0000d61e4a55010000000000027a00000090
CAPTURE 2 32398355632 52540012340152540012340208004500003800000000401112a50a002a020a002a0f109210920024bdf054324e310104000054525432000000000000009000000000a414c7ef
CAPTURE 2 32399164704 52540012340152540012340208004500004400000000401112990a002a020a002a0f10921092003030ba54324e3101020001545254320000009000000000000c0000107fe51001000000000001f800000090
CAPTURE 2 32436315760 5254001234025254001234010800450000388e7940004011442b0a002a0f0a002a02109210920024bdf054324e310104000054525432000000000000009000000000a414c7ef
CAPTURE 2 32476284784 5254001234025254001234010800450000448e804000401144180a002a0f0a002a02109210920030366754324e3101010001545254320000009100000000000c00000492eacd010000000000027a00000091
CAPTURE 2 32490809520 52540012340152540012340208004500003800000000401112a50a002a020a002a0f109210920024a2d754324e310104000054525432000000000000009100000000b36fd3ac
CAPTURE 2 32492678464 52540012340152540012340208004500004400000000401112990a002a020a002a0f1092109200301dcc54324e3101020001545254320000009100000000000c0000c2f3458801000000000001f800000091
CAPTURE 2 32731051136 525400123401525400123402080045000040000000004011129d0a002a020a002a0f10921092002c190e54324e3101050000545254320000000000000000000800001cb28011000000000000749a
CAPTURE 2 32740645488 5254001234025254001234010800450000388ea24000401144020a002a0f0a002a02109210920024a2d754324e310104000054525432000000000000009100000000b36fd3ac
CAPTURE 2 32787247424 5254001234025254001234010800450000448ea44000401143f40a002a0f0a002a02109210920030702a54324e3101010001545254320000009200000000000c0000a8760d24010000000000027a00000092
CAPTURE 2 32804209200 52540012340152540012340208004500003800000000401112a50a002a020a002a0f109210920024afa654324e3101040000545254320000000000000092000000008ae2ef69
CAPTURE 2 32804959360 52540012340152540012340208004500004400000000401112990a002a020a002a0f10921092003015cd54324e3101020001545254320000009200000000000c00006e17a26101000000000001f800000092
CAPTURE 2 32867514976 5254001234025254001234010800450000388eab4000401143f90a002a0f0a002a02109210920024afa654324e3101040000545254320000000000000092000000008ae2ef69
CAPTURE 2 32912211680 5254001234025254001234010800450000448eaf4000401143e90a002a0f0a002a02109210920030fd0b54324e3101010001545254320000009300000000000c00007afaadbc010000000000027a00000093
CAPTURE 2 32927057232 52540012340152540012340208004500003800000000401112a50a002a020a002a0f109210920024912d54324e3101040000545254320000000000000093000000009d99fb2a
CAPTURE 2 32931997680 52540012340152540012340208004500004400000000401112990a002a020a002a0f10921092003066af54324e3101020001545254320000009300000000000c0000bc9b02f901000000000001f800000093
CAPTURE 2 32984897216 5254001234025254001234010800450000388eb64000401143ee0a002a0f0a002a02109210920024912d54324e3101040000545254320000000000000093000000009d99fb2a
CAPTURE 2 33027279712 5254001234025254001234010800450000448ec14000401143d70a002a0f0a002a02109210920030363b54324e3101010001545254320000009400000000000c00002acec4b7010000000000027a00000094
CAPTURE 2 33036160208 52540012340152540012340208004500003800000000401112a50a002a020a002a0f109210920024991454324e310104000054525432000000000000009400000000f9f896e3
CAPTURE 2 33047607536 52540012340152540012340208004500004400000000401112990a002a020a002a0f109210920030cd9f54324e3101020001545254320000009400000000000c0000ecaf6bf201000000000001f800000094
CAPTURE 2 33102969920 5254001234025254001234010800450000388ec74000401143dd0a002a0f0a002a02109210920024991454324e310104000054525432000000000000009400000000f9f896e3
CAPTURE 2 33309123792 525400123401525400123402080045000040000000004011129d0a002a020a002a0f10921092002ced3d54324e3101050000545254320000000000000000000800005f35671a00000000000076de
CAPTURE 2 33327491360 5254001234025254001234010800450000448ef54000401143a30a002a0f0a002a02109210920030c94c54324e3101010001545254320000009500000000000c0000f842642f010000000000027a00000095
CAPTURE 2 33345169312 52540012340152540012340208004500003800000000401112a50a002a020a002a0f109210920024b8cb54324e310104000054525432000000000000009500000000ee8382a0
CAPTURE 2 33346265696 52540012340152540012340208004500004400000000401112990a002a020a002a0f1092109200301cb254324e3101020001545254320000009500000000000c00003e23cb6a01000000000001f800000095
CAPTURE 2 33381074816 5254001234025254001234010800450000408ef74000401143a50a002a0f0a002a0210921092002c9ddc54324e310105000054525432000000000000000000080000dca450450000000000005fa5
CAPTURE 2 33407326800 5254001234025254001234010800450000388efa4000401143aa0a002a0f0a002a02109210920024b8cb54324e310104000054525432000000000000009500000000ee8382a0
CAPTURE 2 33452302592 5254001234025254001234010800450000448f044000401143940a002a0f0a002a021092109200304d5054324e3101010001545254320000009600000000000c000054a683c6010000000000027a00000096
CAPTURE 2 33469067264 52540012340152540012340208004500003800000000401112a50a002a020a002a0f109210920024947a54324e310104000054525432000000000000009600000000d70ebe65
CAPTURE 2 33470304848 52540012340152540012340208004500004400000000401112990a002a020a002a0f10921092003066f354324e3101020001545254320000009600000000000c000092c72c8301000000000001f800000096
CAPTURE 2 33522294640 5254001234025254001234010800450000388f0740004011439d0a002a0f0a002a02109210920024947a54324e310104000054525432000000000000009600000000d70ebe65
CAPTURE 2 33564702224 5254001234025254001234010800450000448f084000401143900a002a0f0a002a021092109200300aa354324e3101010001545254320000009700000000000c0000c18a598e010000000000027900000097
CAPTURE 2 33576038256 52540012340152540012340208004500003800000000401112a50a002a020a002a0f109210920024bf5154324e310104000054525432000000000000009700000000c075aa26
CAPTURE 2 33581758176 52540012340152540012340208004500004400000000401112990a002a020a002a0f10921092003059d554324e3101020001545254320000009700000000000c0000404b8c1b01000000000001f800000097
CAPTURE 2 33629888992 5254001234025254001234010800450000388f0e4000401143960a002a0f0a002a02109210920024bf5154324e310104000054525432000000000000009700000000c075aa26
CAPTURE 2 33830036064 525400123401525400123402080045000040000000004011129d0a002a020a002a0f10921092002cd5c554324e310105000054525432000000000000000000080000e9b4f20a00000000000078e6
CAPTURE 2 33870830576 5254001234025254001234010800450000448f334000401143650a002a0f0a002a02109210920030ea0e54324e3101010001545254320000009800000000000c00004bfeefb1010000000000027400000098
CAPTURE 2 33887744224 52540012340152540012340208004500003800000000401112a50a002a020a002a0f109210920024a42954324e3101040000545254320000000000000098000000001fcc65f7
CAPTURE 2 33889812192 52540012340152540012340208004500004400000000401112990a002a020a002a0f10921092003057a854324e3101020001545254320000009800000000000c00008d9f40f401000000000001f600000098
CAPTURE 2 33921889184 5254001234025254001234010800450000408f344000401143680a002a0f0a002a0210921092002cba2e54324e3101050000545254320000000000000000000800004eb7bfc300000000000061c2
CAPTURE 2 33949395632 5254001234025254001234010800450000388f3840004011436c0a002a0f0a002a02109210920024a42954324e3101040000545254320000000000000098000000001fcc65f7
CAPTURE 2 33992935856 5254001234025254001234010800450000448f3f4000401143590a002a0f0a002a021092109200303d2154324e3101010001545254320000009900000000000c000099724f29010000000000027400000099
CAPTURE 2 34009022336 52540012340152540012340208004500003800000000401112a50a002a020a002a0f109210920024af8054324e31010400005452543200000000000000990000000008b771b4
CAPTURE 2 34010345936 52540012340152540012340208004500004400000000401112990a002a020a002a0f10921092003072cb54324e3101020001545254320000009900000000000c000018b39abc01000000000001f500000099
CAPTURE 2 34060348224 5254001234025254001234010800450000388f444000401143600a002a0f0a002a02109210920024af8054324e31010400005452543200000000000000990000000008b771b4
CAPTURE 2 34102803360 5254001234025254001234010800450000448f4a40004011434e0a002a0f0a002a0210921092003057a854324e3101010001545254320000009a00000000000c0000c0160e0001000000000002700000009a
CAPTURE 2 34117979424 52540012340152540012340208004500003800000000401112a50a002a020a002a0f109210920024ab3f54324e310104000054525432000000000000009a00000000313a4d71
CAPTURE 2 34118803008 52540012340152540012340208004500004400000000401112990a002a020a002a0f109210920030622e54324e3101020001545254320000009a00000000000c00003b1788f501000000000001f30000009a
CAPTURE 2 34170587344 5254001234025254001234010800450000388f5540004011434f0a002a0f0a002a02109210920024ab3f54324e310104000054525432000000000000009a00000000313a4d71
CAPTURE 2 34388249072 525400123401525400123402080045000040000000004011129d0a002a020a002a0f10921092002cdc5b54324e3101050000545254320000000000000000000800007f2453d50000000000007b16
CAPTURE 2 34410399600 5254001234025254001234010800450000448f7e40004011431a0a002a0f0a002a02109210920030bf6754324e3101010001545254320000009b00000000000c0000685afdf801000000000002720000009b
CAPTURE 2 34428999536 52540012340152540012340208004500003800000000401112a50a002a020a002a0f109210920024aa7654324e310104000054525432000000000000009b0000000026415932
CAPTURE 2 34429682672 52540012340152540012340208004500004400000000401112990a002a020a002a0f109210920030143054324e3101020001545254320000009b00000000000c0000e99b286d01000000000001f30000009b
CAPTURE 2 34463819888 5254001234025254001234010800450000408f864000401143160a002a0f0a002a0210921092002c800454324e310105000054525432000000000000000000080000a9e19ca500000000000063e0
CAPTURE 2 34489857184 5254001234025254001234010800450000388f8b4000401143190a002a0f0a002a02109210920024aa7654324e310104000054525432000000000000009b0000000026415932
CAPTURE 2 34533727136 5254001234025254001234010800450000448f934000401143050a002a0f0a002a02109210920030b7c754324e3101010001545254320000009c00000000000c00007fceee2301000000000002710000009c
CAPTURE 2 34535933408 52540012340152540012340208004500003800000000401112a50a002a020a002a0f109210920024b2cd54324e310104000054525432000000000000009c00000000422034fb
CAPTURE 2 34538271072 52540012340152540012340208004500004400000000401112990a002a020a002a0f1092109200302b2154324e3101020001545254320000009c00000000000c0000b9af416601000000000001f30000009c
CAPTURE 2 34602711104 5254001234025254001234010800450000388fa14000401143030a002a0f0a002a02109210920024b2cd54324e310104000054525432000000000000009c00000000422034fb
CAPTURE 2 34647010800 5254001234025254001234010800450000448fa44000401142f40a002a0f0a002a021092109200302e8b54324e3101010001545254320000009d00000000000c00009022670b01000000000002700000009d
CAPTURE 2 34662865184 52540012340152540012340208004500003800000000401112a50a002a020a002a0f109210920024b3d454324e310104000054525432000000000000009d00000000555b20b8
CAPTURE 2 34664683552 52540012340152540012340208004500004400000000401112990a002a020a002a0f10921092003007a454324e3101020001545254320000009d00000000000c00005643c84e01000000000001f20000009d
CAPTURE 2 34703290720 5254001234025254001234010800450000388faa4000401142fa0a002a0f0a002a02109210920024b3d454324e310104000054525432000000000000009d00000000555b20b8
CAPTURE 2 34943850496 5254001234025254001234010800450000448fbd4000401142db0a002a0f0a002a021092109200307abd54324e3101010001545254320000009e00000000000c000001a6a95201000000000002710000009e
CAPTURE 2 34956069184 52540012340152540012340208004500003800000000401112a50a002a020a002a0f109210920024a09354324e310104000054525432000000000000009e000000006cd61c7d
CAPTURE 2 34961275376 52540012340152540012340208004500004400000000401112990a002a020a002a0f109210920030fbe454324e3101020001545254320000009e00000000000c0000faa72fa701000000000001f20000009e
CAPTURE 2 35003135056 5254001234025254001234010800450000408fc34000401142d90a002a0f0a002a0210921092002c1ae354324e31010500005452543200000000000000000008000072b336d600000000000065ff
CAPTURE 2 35014290192 5254001234025254001234010800450000388fc54000401142df0a002a0f0a002a02109210920024a09354324e310104000054525432000000000000009e000000006cd61c7d
CAPTURE 2 35056774672 5254001234025254001234010800450000448fc64000401142d20a002a0f0a002a0210921092003048bf54324e3101010001545254320000009f00000000000c0000d32a09ca01000000000002710000009f
CAPTURE 2 35073368944 52540012340152540012340208004500003800000000401112a50a002a020a002a0f109210920024a5fa54324e310104000054525432000000000000009f000000007bad083e
CAPTURE 2 35074354400 52540012340152540012340208004500004400000000401112990a002a020a002a0f1092109200306ec754324e3101020001545254320000009f00000000000c0000282b8f3f01000000000001f20000009f
CAPTURE 2 35124801600 5254001234025254001234010800450000388fd44000401142d00a002a0f0a002a02109210920024a5fa54324e310104000054525432000000000000009f000000007bad083e
CAPTURE 2 35168062720 5254001234025254001234010800450000448fd94000401142bf0a002a0f0a002a02109210920030942954324e310101000154525432000000a000000000000c00006f2e225a0100000000000271000000a0
CAPTURE 2 35184662592 52540012340152540012340208004500003800000000401112a50a002a020a002a0f109210920024988254324e31010400005452543200000000000000a0000000008a25073d
CAPTURE 2 35185827312 52540012340152540012340208004500004400000000401112990a002a020a002a0f109210920030ed5054324e310102000154525432000000a000000000000c0000942fa4af01000000000001f2000000a0
CAPTURE 2 35236299664 5254001234025254001234010800450000388fe44000401142c00a002a0f0a002a02109210920024988254324e31010400005452543200000000000000a0000000008a25073d
CAPTURE 2 35277040800 5254001234025254001234010800450000448fea4000401142ae0a002a0f0a002a02109210920030e54a54324e310101000154525432000000a100000000000c0000bda282c20100000000000271000000a1
CAPTURE 2 35491913184 52540012340152540012340208004500003800000000401112a50a002a020a002a0f109210920024790754324e31010400005452543200000000000000a1000000009d5e137e
CAPTURE 2 35492547568 52540012340152540012340208004500004400000000401112990a002a020a002a0f109210920030db5354324e310102000154525432000000a100000000000c000046a3043701000000000001f2000000a1
CAPTURE 2 35523228256 52540012340252540012340108004500004090194000401142830a002a0f0a002a0210921092002c1b3454324e310105000054525432000000000000000000080000747b32b50000000000006807
CAPTURE 2 35534566592 525400123402525400123401080045000038901a40004011428a0a002a0f0a002a02109210920024790754324e31010400005452543200000000000000a1000000009d5e137e
CAPTURE 2 35578554896 52540012340252540012340108004500004490214000401142770a002a0f0a002a02109210920030af3c54324e310101000154525432000000a200000000000c00001146652b0100000000000271000000a2
CAPTURE 2 35594528928 52540012340152540012340208004500003800000000401112a50a002a020a002a0f109210920024555454324e31010400005452543200000000000000a200000000a4d32fbb
CAPTURE 2 35596936320 52540012340152540012340208004500004400000000401112990a002a020a002a0f109210920030580554324e310102000154525432000000a200000000000c0000ea47e3de01000000000001f2000000a2
CAPTURE 2 35634975712 52540012340252540012340108004500003890234000401142810a002a0f0a002a02109210920024555454324e31010400005452543200000000000000a200000000a4d32fbb
CAPTURE 2 35676816208 525400123402525400123401080045000044902940004011426f0a002a0f0a002a021092109200309c2d54324e310101000154525432000000a300000000000c0000c3cac5b30100000000000271000000a3
CAPTURE 2 35693009776 52540012340152540012340208004500003800000000401112a50a002a020a002a0f1092109200243a4154324e31010400005452543200000000000000a300000000b3a83bf8
CAPTURE 2 35694774048 52540012340152540012340208004500004400000000401112990a002a020a002a0f109210920030aa1854324e310102000154525432000000a300000000000c000038cb434601000000000001f2000000a3
CAPTURE 2 35744798288 525400123402525400123401080045000038902a40004011427a0a002a0f0a002a021092109200243a4154324e31010400005452543200000000000000a300000000b3a83bf8
CAPTURE 2 35791100080 525400123402525400123401080045000044902f4000401142690a002a0f0a002a02109210920030e4f254324e310101000154525432000000a400000000000c000093feacb80100000000000271000000a4
CAPTURE 2 35805991776 52540012340152540012340208004500003800000000401112a50a002a020a002a0f109210920024fbe554324e31010400005452543200000000000000a400000000d7c95631
CAPTURE 2 35807510016 52540012340152540012340208004500004400000000401112990a002a020a002a0f10921092003092db54324e310102000154525432000000a400000000000c000068ff2a4d01000000000001f2000000a4
CAPTURE 2 36039844048 525400123401525400123402080045000040000000004011129d0a002a020a002a0f10921092002c3d8154324e31010500005452543200000000000000000008000086c0e4a10000000000008188
CAPTURE 2 36049316496 525400123402525400123401080045000038904740004011425d0a002a0f0a002a02109210920024fbe554324e31010400005452543200000000000000a400000000d7c95631
CAPTURE 2 36092389280 525400123402525400123401080045000044904d40004011424b0a002a0f0a002a02109210920030d81554324e310101000154525432000000a500000000000c000041720c200100000000000271000000a5
CAPTURE 2 36109519376 52540012340152540012340208004500003800000000401112a50a002a020a002a0f10921092002426bb54324e31010400005452543200000000000000a500000000c0b24272
CAPTURE 2 36110241936 52540012340152540012340208004500004400000000401112990a002a020a002a0f109210920030e0dc54324e310102000154525432000000a500000000000c0000ba738ad501000000000001f2000000a5
CAPTURE 2 36170544128 525400123402525400123401080045000038905640004011424e0a002a0f0a002a0210921092002426bb54324e31010400005452543200000000000000a500000000c0b24272
CAPTURE 2 36217900832 52540012340252540012340108004500004490584000401142400a002a0f0a002a021092109200304c4554324e310101000154525432000000a600000000000c0000ed96ebc90100000000000271000000a6
CAPTURE 2 36222327728 52540012340152540012340208004500003800000000401112a50a002a020a002a0f109210920024b1e754324e31010400005452543200000000000000a600000000f93f7eb7
CAPTURE 2 36235867712 52540012340152540012340208004500004400000000401112990a002a020a002a0f109210920030a25054324e310102000154525432000000a600000000000c000016976d3c01000000000001f2000000a6
CAPTURE 2 36276717648 52540012340252540012340108004500003890604000401142440a002a0f0a002a02109210920024b1e754324e31010400005452543200000000000000a600000000f93f7eb7
CAPTURE 2 36316571536 52540012340252540012340108004500004490684000401142300a002a0f0a002a021092109200309b3854324e310101000154525432000000a700000000000c00003f1a4b510100000000000271000000a7
CAPTURE 2 36331950848 52540012340152540012340208004500003800000000401112a50a002a020a002a0f109210920024d0a454324e31010400005452543200000000000000a700000000ee446af4
CAPTURE 2 36332665392 52540012340152540012340208004500004400000000401112990a002a020a002a0f109210920030946154324e310102000154525432000000a700000000000c0000c41bcda401000000000001f2000000a7
CAPTURE 2 36370935888 525400123402525400123401080045000038906b4000401142390a002a0f0a002a02109210920024d0a454324e31010400005452543200000000000000a700000000ee446af4
CAPTURE 2 36590591696 525400123401525400123402080045000040000000004011129d0a002a020a002a0f10921092002c3be454324e31010500005452543200000000000000000008000066fb03de00000000000083ae
CAPTURE 2 36631471184 52540012340252540012340108004500004490914000401142070a002a0f0a002a021092109200309dc454324e310101000154525432000000a800000000000c00004dfe39df0100000000000271000000a8
CAPTURE 2 36646028320 52540012340152540012340208004500003800000000401112a50a002a020a002a0f10921092002452ba54324e31010400005452543200000000000000a80000000031fda525
CAPTURE 2 36647814256 52540012340152540012340208004500004400000000401112990a002a020a002a0f109210920030aff554324e310102000154525432000000a800000000000c0000b6ffbf2a01000000000001f2000000a8
CAPTURE 2 36681546208 525400123402525400123401080045000040909b4000401142010a002a0f0a002a0210921092002c4a3554324e3101050000545254320000000000000000000800001a1759960000000000006c89
CAPTURE 2 36707554256 525400123402525400123401080045000038909e4000401142060a002a0f0a002a0210921092002452ba54324e31010400005452543200000000000000a80000000031fda525
CAPTURE 2 36749180144 52540012340252540012340108004500004490a44000401141f40a002a0f0a002a02109210920030ece554324e310101000154525432000000a900000000000c00009f7299470100000000000271000000a9
CAPTURE 2 36766371936 52540012340152540012340208004500003800000000401112a50a002a020a002a0f10921092002451ef54324e31010400005452543200000000000000a9000000002686b166
CAPTURE 2 36767182880 52540012340152540012340208004500004400000000401112990a002a020a002a0f109210920030a1f854324e310102000154525432000000a900000000000c000064731fb201000000000001f2000000a9
CAPTURE 2 36806284656 52540012340252540012340108004500003890b14000401141f30a002a0f0a002a0210921092002451ef54324e31010400005452543200000000000000a9000000002686b166
CAPTURE 2 36849439776 52540012340252540012340108004500004490bb4000401141dd0a002a0f0a002a02109210920030735954324e310101000154525432000000aa00000000000c000033967eae0100000000000271000000aa
CAPTURE 2 36866317360 52540012340152540012340208004500003800000000401112a50a002a020a002a0f1092109200247d2c54324e31010400005452543200000000000000aa000000001f0b8da3
CAPTURE 2 36867605632 52540012340152540012340208004500004400000000401112990a002a020a002a0f109210920030652854324e310102000154525432000000aa00000000000c0000c897f85b01000000000001f2000000aa
CAPTURE 2 36909410960 52540012340252540012340108004500003890c24000401141e20a002a0f0a002a021092109200247d2c54324e31010400005452543200000000000000aa000000001f0b8da3
CAPTURE 2 37153840704 52540012340252540012340108004500004490f14000401141a70a002a0f0a002a02109210920030664a54324e310101000154525432000000ab00000000000c0000e11ade360100000000000271000000ab
CAPTURE 2 37170447056 52540012340152540012340208004500003800000000401112a50a002a020a002a0f109210920024878954324e31010400005452543200000000000000ab00000000087099e0
CAPTURE 2 37172747392 52540012340152540012340208004500004400000000401112990a002a020a002a0f109210920030b33b54324e310102000154525432000000ab00000000000c00001a1b58c301000000000001f2000000ab
CAPTURE 2 37197252144 52540012340252540012340108004500004090f84000401141a40a002a0f0a002a0210921092002cdd4a54324e3101050000545254320000000000000000000800003b4da3420000000000006e91
CAPTURE 2 37211071184 52540012340252540012340108004500003890fb4000401141a90a002a0f0a002a02109210920024878954324e31010400005452543200000000000000ab00000000087099e0
CAPTURE 2 37254789376 52540012340252540012340108004500004491064000401141920a002a0f0a002a02109210920030bd2d54324e310101000154525432000000ac00000000000c0000b12eb73d0100000000000271000000ac
CAPTURE 2 37272792912 52540012340152540012340208004500003800000000401112a50a002a020a002a0f109210920024c99d54324e31010400005452543200000000000000ac000000006c11f429
CAPTURE 2 37273546704 52540012340152540012340208004500004400000000401112990a002a020a002a0f109210920030aa2054324e310102000154525432000000ac00000000000c00004a2f31c801000000000001f2000000ac
CAPTURE 2 37313659216 52540012340252540012340108004500003891104000401141940a002a0f0a002a02109210920024c99d54324e31010400005452543200000000000000ac000000006c11f429
CAPTURE 2 37357823152 52540012340252540012340108004500004491144000401141840a002a0f0a002a02109210920030aa5054324e310101000154525432000000ad00000000000c000063a217a50100000000000271000000ad
CAPTURE 2 37362351104 52540012340152540012340208004500003800000000401112a50a002a020a002a0f109210920024ce0254324e31010400005452543200000000000000ad000000007b6ae06a
CAPTURE 2 37375485808 52540012340152540012340208004500004400000000401112990a002a020a002a0f109210920030fc2154324e310102000154525432000000ad00000000000c000098a3915001000000000001f2000000ad
CAPTURE 2 37416613296 525400123402525400123401080045000038911c4000401141880a002a0f0a002a02109210920024ce0254324e31010400005452543200000000000000ad000000007b6ae06a
CAPTURE 2 37457147200 525400123402525400123401080045000044911d40004011417b0a002a0f0a002a02109210920030660254324e310101000154525432000000ae00000000000c0000cf46f04c0100000000000271000000ae
CAPTURE 2 37472478704 52540012340152540012340208004500003800000000401112a50a002a020a002a0f1092109200240a4054324e31010400005452543200000000000000ae0000000042e7dcaf
CAPTURE 2 37474169840 52540012340152540012340208004500004400000000401112990a002a020a002a0f1092109200307b1354324e310102000154525432000000ae00000000000c0000344776b901000000000001f2000000ae
CAPTURE 2 37707686448 525400123401525400123402080045000040000000004011129d0a002a020a002a0f10921092002cd48654324e31010500005452543200000000000000000008000053d979fd000000000000880e
CAPTURE 2 37718421888 52540012340252540012340108004500003891524000401141520a002a0f0a002a021092109200240a4054324e31010400005452543200000000000000ae0000000042e7dcaf
CAPTURE 2 37762526944 52540012340252540012340108004500004491534000401141450a002a0f0a002a02109210920030b6f554324e310101000154525432000000af00000000000c00001dca50d40100000000000271000000af
CAPTURE 2 37778850944 52540012340152540012340208004500003800000000401112a50a002a020a002a0f1092109200240b4d54324e31010400005452543200000000000000af00000000559cc8ec
CAPTURE 2 37780978848 52540012340152540012340208004500004400000000401112990a002a020a002a0f109210920030692454324e310102000154525432000000af00000000000c0000e6cbd62101000000000001f2000000af
CAPTURE 2 37841888848 525400123402525400123401080045000038916640004011413e0a002a0f0a002a021092109200240b4d54324e31010400005452543200000000000000af00000000559cc8ec
CAPTURE 2 37884152528 525400123402525400123401080045000044916940004011412f0a002a0f0a002a02109210920030e5b354324e310101000154525432000000b000000000000c00002a8e15500100000000000271000000b0
CAPTURE 2 37901281328 52540012340152540012340208004500003800000000401112a50a002a020a002a0f109210920024bda354324e31010400005452543200000000000000b00000000026e5454c
CAPTURE 2 37902222128 52540012340152540012340208004500004400000000401112990a002a020a002a0f109210920030c0da54324e310102000154525432000000b000000000000c0000d18f93a501000000000001f2000000b0
CAPTURE 2 37949653280 525400123402525400123401080045000038917840004011412c0a002a0f0a002a02109210920024bda354324e31010400005452543200000000000000b00000000026e5454c
CAPTURE 2 37991275616 525400123402525400123401080045000044917b40004011411d0a002a0f0a002a0210921092003077c454324e310101000154525432000000b100000000000c0000f802b5c80100000000000271000000b1
CAPTURE 2 38007009248 52540012340152540012340208004500003800000000401112a50a002a020a002a0f109210920024a72654324e31010400005452543200000000000000b100000000319e510f
CAPTURE 2 38008379088 52540012340152540012340208004500004400000000401112990a002a020a002a0f109210920030efcd54324e310102000154525432000000b100000000000c00000303333d01000000000001f2000000b1
CAPTURE 2 38050440624 52540012340252540012340108004500003891844000401141200a002a0f0a002a02109210920024a72654324e31010400005452543200000000000000b100000000319e510f
CAPTURE 2 38274989392 525400123401525400123402080045000040000000004011129d0a002a020a002a0f10921092002ca1f754324e310105000054525432000000000000000000080000fe50ffda0000000000008a48
CAPTURE 2 38301105408 52540012340252540012340108004500004491944000401141040a002a0f0a002a021092109200307e8654324e310101000154525432000000b200000000000c000054e652210100000000000271000000b2
CAPTURE 2 38318112896 52540012340152540012340208004500003800000000401112a50a002a020a002a0f109210920024b3f554324e31010400005452543200000000000000b20000000008136dca
CAPTURE 2 38319042160 52540012340152540012340208004500004400000000401112990a002a020a002a0f109210920030a14f54324e310102000154525432000000b200000000000c0000afe7d4d401000000000001f2000000b2
CAPTURE 2 38364072400 52540012340252540012340108004500004091974000401141050a002a0f0a002a0210921092002c2f6454324e310105000054525432000000000000000000080000572830c3000000000000731c
CAPTURE 2 38390690352 525400123402525400123401080045000038919d4000401141070a002a0f0a002a02109210920024b3f554324e31010400005452543200000000000000b20000000008136dca
CAPTURE 2 38433634848 525400123402525400123401080045000044919f4000401140f90a002a0f0a002a02109210920030ac6754324e310101000154525432000000b300000000000c0000866af2b90100000000000271000000b3
CAPTURE 2 38438396672 52540012340152540012340208004500003800000000401112a50a002a020a002a0f10921092002490e054324e31010400005452543200000000000000b3000000001f687989
CAPTURE 2 38445819712 52540012340152540012340208004500004400000000401112990a002a020a002a0f109210920030345254324e310102000154525432000000b300000000000c00007d6b744c01000000000001f2000000b3
CAPTURE 2 38504705808 52540012340252540012340108004500003891a64000401140fe0a002a0f0a002a0210921092002490e054324e31010400005452543200000000000000b3000000001f687989
CAPTURE 2 38547073728 525400123402525400123401080600010800060400015254001234010a002a0f0000000000000a002a02
CAPTURE 2 38548134960 52540012340252540012340108004500004491ab4000401140ed0a002a0f0a002a02109210920030b37854324e310101000154525432000000b400000000000c0000d65e9bb20100000000000271000000b4
CAPTURE 2 38564625888 525400123401525400123402080600010800060400025254001234020a002a025254001234010a002a0f
CAPTURE 2 38566015296 52540012340152540012340208004500003800000000401112a50a002a020a002a0f1092109200249a8754324e31010400005452543200000000000000b4000000007b091440
CAPTURE 2 38566787760 52540012340152540012340208004500004400000000401112990a002a020a002a0f109210920030db6154324e310102000154525432000000b400000000000c00002d5f1d4701000000000001f2000000b4
CAPTURE 2 38616732896 52540012340252540012340108004500003891bb4000401140e90a002a0f0a002a021092109200249a8754324e31010400005452543200000000000000b4000000007b091440
CAPTURE 2 38828694192 525400123401525400123402080045000040000000004011129d0a002a020a002a0f10921092002c465454324e3101050000545254320000000000000000000800007a07dda10000000000008c6e
CAPTURE 2 38848991968 52540012340252540012340108004500004491e84000401140b00a002a0f0a002a02109210920030e58b54324e310101000154525432000000b500000000000c000004d23b2a0100000000000271000000b5
CAPTURE 2 38865976528 52540012340152540012340208004500003800000000401112a50a002a020a002a0f109210920024bd5a54324e31010400005452543200000000000000b5000000006c720003
CAPTURE 2 38866726672 52540012340152540012340208004500004400000000401112990a002a020a002a0f109210920030685254324e310102000154525432000000b500000000000c0000ffd3bddf01000000000001f2000000b5
CAPTURE 2 38909661104 52540012340252540012340108004500004091ea4000401140b20a002a0f0a002a0210921092002c0a7954324e310105000054525432000000000000000000080000d412d6a1000000000000753e
CAPTURE 2 38937226560 52540012340252540012340108004500003891ed4000401140b70a002a0f0a002a02109210920024bd5a54324e31010400005452543200000000000000b5000000006c720003
CAPTURE 2 38982453168 52540012340252540012340108004500004491f04000401140a80a002a0f0a002a02109210920030a08b54324e310101000154525432000000b600000000000c0000a836dcc30100000000000271000000b6
CAPTURE 2 38997594480 52540012340152540012340208004500003800000000401112a50a002a020a002a0f109210920024970954324e31010400005452543200000000000000b60000000055ff3cc6
CAPTURE 2 38998392272 52540012340152540012340208004500004400000000401112990a002a020a002a0f109210920030789654324e310102000154525432000000b600000000000c000053375a3601000000000001f2000000b6
CAPTURE 2 39050703632 52540012340252540012340108004500003892024000401140a20a002a0f0a002a02109210920024970954324e31010400005452543200000000000000b60000000055ff3cc6
CAPTURE 2 39093774720 52540012340252540012340108004500004492044000401140940a002a0f0a002a021092109200302e6e54324e310101000154525432000000b700000000000c00007aba7c5b0100000000000271000000b7
CAPTURE 2 39096164144 52540012340152540012340208004500003800000000401112a50a002a020a002a0f109210920024bec454324e31010400005452543200000000000000b70000000042842885
CAPTURE 2 39098499376 52540012340152540012340208004500004400000000401112990a002a020a002a0f109210920030a99754324e310102000154525432000000b700000000000c000081bbfaae01000000000001f2000000b7
CAPTURE 2 39164614336 525400123402525400123401080045000038921540004011408f0a002a0f0a002a02109210920024bec454324e31010400005452543200000000000000b70000000042842885
CAPTURE 2 39380861616 525400123401525400123402080045000040000000004011129d0a002a020a002a0f10921092002ce25c54324e3101050000545254320000000000000000000800001559a4210000000000008e94
CAPTURE 2 39400464000 525400123402525400123401080045000044921d40004011407b0a002a0f0a002a021092109200300e4f54324e310101000154525432000000b800000000000c0000085e0ed50100000000000271000000b8
CAPTURE 2 39416071168 52540012340152540012340208004500003800000000401112a50a002a020a002a0f109210920024a53a54324e31010400005452543200000000000000b8000000009d3de754
CAPTURE 2 39417190704 52540012340152540012340208004500004400000000401112990a002a020a002a0f109210920030aa7f54324e310102000154525432000000b800000000000c0000f35f882001000000000001f2000000b8
CAPTURE 2 39464635344 52540012340252540012340108004500004092234000401140790a002a0f0a002a0210921092002c60fd54324e310105000054525432000000000000000000080000f4935d730000000000007767
CAPTURE 2 39490599104 525400123402525400123401080045000038922840004011407c0a002a0f0a002a02109210920024a53a54324e31010400005452543200000000000000b8000000009d3de754
CAPTURE 2 39532172480 52540012340252540012340108004500004492324000401140660a002a0f0a002a021092109200309c5f54324e310101000154525432000000b900000000000c0000dad2ae4d0100000000000271000000b9
CAPTURE 2 39549390368 52540012340152540012340208004500003800000000401112a50a002a020a002a0f109210920024ac6d54324e31010400005452543200000000000000b9000000008a46f317
CAPTURE 2 39550429280 52540012340152540012340208004500004400000000401112990a002a020a002a0f109210920030db7254324e310102000154525432000000b900000000000c000021d328b801000000000001f2000000b9
CAPTURE 2 39590553440 525400123402525400123401080045000038923b4000401140690a002a0f0a002a02109210920024ac6d54324e31010400005452543200000000000000b9000000008a46f317
CAPTURE 2 39631053456 52540012340252540012340108004500004492404000401140580a002a0f0a002a0210921092003065a354324e310101000154525432000000ba00000000000c0000763649a40100000000000271000000ba
CAPTURE 2 39646285056 52540012340152540012340208004500003800000000401112a50a002a020a002a0f109210920024a62c54324e31010400005452543200000000000000ba00000000b3cbcfd2
CAPTURE 2 39647179616 52540012340152540012340208004500004400000000401112990a002a020a002a0f109210920030c97254324e310102000154525432000000ba00000000000c00008d37cf5101000000000001f2000000ba
CAPTURE 2 39685870464 52540012340252540012340108004500003892444000401140600a002a0f0a002a02109210920024a62c54324e31010400005452543200000000000000ba00000000b3cbcfd2
CAPTURE 2 39929260816 52540012340252540012340108004500004492684000401140300a002a0f0a002a02109210920030978454324e310101000154525432000000bb00000000000c0000a4bae93c0100000000000271000000bb
CAPTURE 2 39945878592 52540012340152540012340208004500003800000000401112a50a002a020a002a0f109210920024a98754324e31010400005452543200000000000000bb00000000a4b0db91
CAPTURE 2 39946555312 52540012340152540012340208004500004400000000401112990a002a020a002a0f109210920030567554324e310102000154525432000000bb00000000000c00005fbb6fc901000000000001f2000000bb
CAPTURE 2 39975850992 525400123402525400123401080045000040927140004011402b0a002a0f0a002a0210921092002c902054324e31010500005452543200000000000000000008000014a10c40000000000000796a
CAPTURE 2 39987017216 52540012340252540012340108004500003892734000401140310a002a0f0a002a02109210920024a98754324e31010400005452543200000000000000bb00000000a4b0db91
CAPTURE 2 40032327088 525400123402525400123401080045000044927d40004011401b0a002a0f0a002a02109210920030b0b354324e310101000154525432000000bc00000000000c0000f48e80370100000000000271000000bc
CAPTURE 2 40048588064 52540012340152540012340208004500003800000000401112a50a002a020a002a0f109210920024b29e54324e31010400005452543200000000000000bc00000000c0d1b658
CAPTURE 2 40050209520 52540012340152540012340208004500004400000000401112990a002a020a002a0f1092109200300fa754324e310102000154525432000000bc00000000000c00000f8f06c201000000000001f2000000bc
CAPTURE 2 40100533024 525400123402525400123401080045000038928740004011401d0a002a0f0a002a02109210920024b29e54324e31010400005452543200000000000000bc00000000c0d1b658
CAPTURE 2 40141061200 525400123402525400123401080045000044928a40004011400e0a002a0f0a002a02109210920030dec654324e310101000154525432000000bd00000000000c0000260220af0100000000000271000000bd
CAPTURE 2 40157234112 52540012340152540012340208004500003800000000401112a50a002a020a002a0f109210920024b00154324e31010400005452543200000000000000bd00000000d7aaa21b
CAPTURE 2 40157794784 52540012340152540012340208004500004400000000401112990a002a020a002a0f109210920030a29754324e310102000154525432000000bd00000000000c0000dd03a65a01000000000001f2000000bd
CAPTURE 2 40196764592 52540012340252540012340108004500003892904000401140140a002a0f0a002a02109210920024b00154324e31010400005452543200000000000000bd00000000d7aaa21b
CAPTURE 2 40239040672 525400123402525400123401080045000044929b400040113ffd0a002a0f0a002a02109210920030d34854324e310101000154525432000000be00000000000c00008ae6c7460100000000000271000000be
CAPTURE 2 40254417392 52540012340152540012340208004500003800000000401112a50a002a020a002a0f1092109200249cc054324e31010400005452543200000000000000be00000000ee279ede
CAPTURE 2 40255346608 52540012340152540012340208004500004400000000401112990a002a020a002a0f109210920030725954324e310102000154525432000000be00000000000c000071e741b301000000000001f2000000be
CAPTURE 2 40490440960 525400123401525400123402080045000040000000004011129d0a002a020a002a0f10921092002cada654324e3101050000545254320000000000000000000800004493a54700000000000092ea
CAPTURE 2 40500291488 52540012340252540012340108004500003892c0400040113fe40a002a0f0a002a021092109200249cc054324e31010400005452543200000000000000be00000000ee279ede
CAPTURE 2 40544657776 52540012340252540012340108004500004492c7400040113fd10a002a0f0a002a02109210920030652b54324e310101000154525432000000bf00000000000c0000586a67de0100000000000271000000bf
CAPTURE 2 40560880976 52540012340152540012340208004500003800000000401112a50a002a020a002a0f109210920024a5cb54324e31010400005452543200000000000000bf00000000f95c8a9d
CAPTURE 2 40562164736 52540012340152540012340208004500004400000000401112990a002a020a002a0f109210920030a15a54324e310102000154525432000000bf00000000000c0000a36be12b01000000000001f2000000bf
CAPTURE 2 40631536960 52540012340252540012340108004500003892db400040113fc90a002a0f0a002a02109210920024a5cb54324e31010400005452543200000000000000bf00000000f95c8a9d
CAPTURE 2 40674730160 52540012340252540012340108004500004492e3400040113fb50a002a0f0a002a0210921092003065ab54324e310101000154525432000000c000000000000c0000299f96270100000000000271000000c0
CAPTURE 2 40690450848 52540012340152540012340208004500003800000000401112a50a002a020a002a0f109210920024cce454324e31010400005452543200000000000000c000000000d6468699
CAPTURE 2 40692001072 52540012340152540012340208004500004400000000401112990a002a020a002a0f109210920030427f54324e310102000154525432000000c000000000000c0000d29e10d201000000000001f2000000c0
CAPTURE 2 40731197888 52540012340252540012340108004500003892e6400040113fbe0a002a0f0a002a02109210920024cce454324e31010400005452543200000000000000c000000000d6468699
CAPTURE 2 40773291936 52540012340252540012340108004500004492eb400040113fad0a002a0f0a002a02109210920030f39c54324e310101000154525432000000c100000000000c0000fb1336bf0100000000000271000000c1
CAPTURE 2 40790327072 52540012340152540012340208004500003800000000401112a50a002a020a002a0f109210920024d5ab54324e31010400005452543200000000000000c100000000c13d92da
CAPTURE 2 40791194400 52540012340152540012340208004500004400000000401112990a002a020a002a0f109210920030759154324e310102000154525432000000c100000000000c00000012b04a01000000000001f2000000c1
CAPTURE 2 40832084848 52540012340252540012340108004500003892f2400040113fb20a002a0f0a002a02109210920024d5ab54324e31010400005452543200000000000000c100000000c13d92da
CAPTURE 2 41052841984 525400123401525400123402080045000040000000004011129d0a002a020a002a0f10921092002c1d4554324e310105000054525432000000000000000000080000b66fc19c000000000000951a
CAPTURE 2 41077636896 525400123402525400123401080045000044931e400040113f7a0a002a0f0a002a02109210920030fc1f54324e310101000154525432000000c200000000000c000057f7d1560100000000000271000000c2
CAPTURE 2 41082300416 52540012340152540012340208004500003800000000401112a50a002a020a002a0f10921092002482f254324e31010400005452543200000000000000c200000000f8b0ae1f
CAPTURE 2 41095996560 52540012340152540012340208004500004400000000401112990a002a020a002a0f109210920030215254324e310102000154525432000000c200000000000c0000acf657a301000000000001f2000000c2
CAPTURE 2 41145875680 5254001234025254001234010800450000409326400040113f760a002a0f0a002a0210921092002c86ed54324e31010500005452543200000000000000000008000019cb0bba0000000000007df9
CAPTURE 2 41172686224 525400123402525400123401080045000038932a400040113f7a0a002a0f0a002a0210921092002482f254324e31010400005452543200000000000000c200000000f8b0ae1f
CAPTURE 2 41219394432 525400123402525400123401080045000044932c400040113f6c0a002a0f0a002a021092109200302e2254324e310101000154525432000000c300000000000c0000857b71ce0100000000000271000000c3
CAPTURE 2 41235983312 52540012340152540012340208004500003800000000401112a50a002a020a002a0f1092109200247f9954324e31010400005452543200000000000000c300000000efcbba5c
CAPTURE 2 41237697568 52540012340152540012340208004500004400000000401112990a002a020a002a0f109210920030b03354324e310102000154525432000000c300000000000c00007e7af73b01000000000001f2000000c3
CAPTURE 2 41276478096 525400123402525400123401080045000038933a400040113f6a0a002a0f0a002a021092109200247f9954324e31010400005452543200000000000000c300000000efcbba5c
CAPTURE 2 41317236512 525400123402525400123401080045000044933b400040113f5d0a002a0f0a002a02109210920030375554324e310101000154525432000000c400000000000c0000d54f18c50100000000000271000000c4
CAPTURE 2 41332760240 52540012340152540012340208004500003800000000401112a50a002a020a002a0f109210920024c68054324e31010400005452543200000000000000c4000000008baad795
CAPTURE 2 41333424720 52540012340152540012340208004500004400000000401112990a002a020a002a0f109210920030596954324e310102000154525432000000c400000000000c00002e4e9e3001000000000001f2000000c4
CAPTURE 2 41356878192 33330000000252540012340186dd6000000000103afffe80000000000000505400fffe123401ff0200000000000000000000000000028500725f000000000101525400123401
CAPTURE 2 41372899312 525400123402525400123401080045000038933c400040113f680a002a0f0a002a02109210920024c68054324e31010400005452543200000000000000c4000000008baad795
CAPTURE 2 41597513008 525400123401525400123402080045000040000000004011129d0a002a020a002a0f10921092002c675054324e3101050000545254320000000000000000000800000fe71bf40000000000009740
CAPTURE 2 41620887392 5254001234025254001234010800450000449348400040113f500a002a0f0a002a02109210920030654754324e310101000154525432000000c500000000000c000007c3b85d0100000000000271000000c5
CAPTURE 2 41637447616 52540012340152540012340208004500003800000000401112a50a002a020a002a0f109210920024c91754324e31010400005452543200000000000000c5000000009cd1c3d6
CAPTURE 2 41638261696 52540012340152540012340208004500004400000000401112990a002a020a002a0f109210920030ea7a54324e310102000154525432000000c500000000000c0000fcc23ea801000000000001f2000000c5
CAPTURE 2 41688798848 5254001234025254001234010800450000409349400040113f530a002a0f0a002a0210921092002c4fb354324e310105000054525432000000000000000000080000ff6b5b350000000000008017
CAPTURE 2 41714771696 5254001234025254001234010800450000389350400040113f540a002a0f0a002a02109210920024c91754324e31010400005452543200000000000000c5000000009cd1c3d6
CAPTURE 2 41756320336 5254001234025254001234010800450000449352400040113f460a002a0f0a002a021092109200301a8a54324e310101000154525432000000c600000000000c0000ab275fb40100000000000271000000c6
CAPTURE 2 41773907792 52540012340152540012340208004500003800000000401112a50a002a020a002a0f109210920024854e54324e31010400005452543200000000000000c600000000a55cff13
CAPTURE 2 41774699200 52540012340152540012340208004500004400000000401112990a002a020a002a0f109210920030fc7b54324e310102000154525432000000c600000000000c00005026d94101000000000001f2000000c6
CAPTURE 2 41824418080 5254001234025254001234010800450000389359400040113f4b0a002a0f0a002a02109210920024854e54324e31010400005452543200000000000000c600000000a55cff13
CAPTURE 2 41863712464 525400123402525400123401080045000044935d400040113f3b0a002a0f0a002a02109210920030ac8b54324e310101000154525432000000c700000000000c000079abff2c0100000000000271000000c7
CAPTURE 2 41878784448 52540012340152540012340208004500003800000000401112a50a002a020a002a0f1092109200248c4554324e31010400005452543200000000000000c700000000b227eb50
CAPTURE 2 41881705184 52540012340152540012340208004500004400000000401112990a002a020a002a0f109210920030295e54324e310102000154525432000000c700000000000c000082aa79d901000000000001f2000000c7
CAPTURE 2 41922635200 5254001234025254001234010800450000389364400040113f400a002a0f0a002a021092109200248c4554324e31010400005452543200000000000000c700000000b227eb50
CAPTURE 2 42147303616 525400123401525400123402080045000040000000004011129d0a002a020a002a0f10921092002c9a1454324e3101050000545254320000000000000000000800004369b3870000000000009966
CAPTURE 2 42171246864 5254001234025254001234010800450000449397400040113f010a002a0f0a002a021092109200308c7054324e310101000154525432000000c800000000000c00000b4f8da20100000000000271000000c8
CAPTURE 2 42190425104 52540012340152540012340208004500003800000000401112a50a002a020a002a0f109210920024979d54324e31010400005452543200000000000000c8000000006d9e2481
CAPTURE 2 42191444864 52540012340152540012340208004500004400000000401112990a002a020a002a0f1092109200302a3a54324e310102000154525432000000c800000000000c0000f04e0b5701000000000001f2000000c8
CAPTURE 2 42227634272 525400123402525400123401080045000040939c400040113f000a002a0f0a002a0210921092002cd97254324e310105000054525432000000000000000000080000f15edd660000000000008233
CAPTURE 2 42254714784 525400123402525400123401080045000038939f400040113f050a002a0f0a002a02109210920024979d54324e31010400005452543200000000000000c8000000006d9e2481
CAPTURE 2 42298831456 52540012340252540012340108004500004493aa400040113eee0a002a0f0a002a021092109200301e6254324e310101000154525432000000c900000000000c0000d9c32d3a0100000000000271000000c9
CAPTURE 2 42314335776 52540012340152540012340208004500003800000000401112a50a002a020a002a0f1092109200247e1454324e31010400005452543200000000000000c9000000007ae530c2
CAPTURE 2 42315510976 52540012340152540012340208004500004400000000401112990a002a020a002a0f109210920030574c54324e310102000154525432000000c900000000000c000022c2abcf01000000000001f2000000c9
CAPTURE 2 42354828688 52540012340252540012340108004500003893b6400040113eee0a002a0f0a002a021092109200247e1454324e31010400005452543200000000000000c9000000007ae530c2
CAPTURE 2 42397201216 52540012340252540012340108004500004493be400040113eda0a002a0f0a002a02109210920030e56254324e310101000154525432000000ca00000000000c00007527cad30100000000000271000000ca
CAPTURE 2 42412933904 52540012340152540012340208004500003800000000401112a50a002a020a002a0f109210920024da4b54324e31010400005452543200000000000000ca0000000043680c07
CAPTURE 2 42413496800 52540012340152540012340208004500004400000000401112990a002a020a002a0f1092109200304b8f54324e310102000154525432000000ca00000000000c00008e264c2601000000000001f2000000ca
CAPTURE 2 42452449792 52540012340252540012340108004500003893bf400040113ee50a002a0f0a002a02109210920024da4b54324e31010400005452543200000000000000ca0000000043680c07
CAPTURE 2 42697339456 525400123401525400123402080045000040000000004011129d0a002a020a002a0f10921092002c82fb54324e3101050000545254320000000000000000000800003180da630000000000009b8c
CAPTURE 2 42700061280 52540012340252540012340108004500004493f8400040113ea00a002a0f0a002a02109210920030136554324e310101000154525432000000cb00000000000c0000a7ab6a4b0100000000000271000000cb
CAPTURE 2 42717399216 52540012340152540012340208004500003800000000401112a50a002a020a002a0f109210920024bd6254324e31010400005452543200000000000000cb0000000054131844
CAPTURE 2 42718210208 52540012340152540012340208004500004400000000401112990a002a020a002a0f109210920030dc7054324e310102000154525432000000cb00000000000c00005caaecbe01000000000001f2000000cb
CAPTURE 2 42751520464 52540012340252540012340108004500004093fe400040113e9e0a002a0f0a002a0210921092002cc0ae54324e310105000054525432000000000000000000080000aeb236cb000000000000843f
CAPTURE 2 42776686112 5254001234025254001234010800450000389404400040113ea00a002a0f0a002a02109210920024bd6254324e31010400005452543200000000000000cb0000000054131844
CAPTURE 2 42819176864 525400123402525400123401080045000044940a400040113e8e0a002a0f0a002a021092109200302a7a54324e310101000154525432000000cc00000000000c0000f79f03400100000000000271000000cc
CAPTURE 2 42835639424 52540012340152540012340208004500003800000000401112a50a002a020a002a0f10921092002483b954324e31010400005452543200000000000000cc000000003072758d
CAPTURE 2 42838208048 52540012340152540012340208004500004400000000401112990a002a020a002a0f109210920030938454324e310102000154525432000000cc00000000000c00000c9e85b501000000000001f2000000cc
CAPTURE 2 42878717760 525400123402525400123401080045000038940e400040113e960a002a0f0a002a0210921092002483b954324e31010400005452543200000000000000cc000000003072758d
CAPTURE 2 42928038368 5254001234025254001234010800450000449413400040113e850a002a0f0a002a021092109200305c6c54324e310101000154525432000000cd00000000000c00002513a3d80100000000000271000000cd
CAPTURE 2 42944749520 52540012340152540012340208004500003800000000401112a50a002a020a002a0f109210920024a0e054324e31010400005452543200000000000000cd00000000270961ce
CAPTURE 2 42946237440 52540012340152540012340208004500004400000000401112990a002a020a002a0f109210920030229654324e310102000154525432000000cd00000000000c0000de12252d01000000000001f2000000cd
CAPTURE 2 42996918160 5254001234025254001234010800450000389421400040113e830a002a0f0a002a02109210920024a0e054324e31010400005452543200000000000000cd00000000270961ce
CAPTURE 2 43036538416 5254001234025254001234010800450000449426400040113e720a002a0f0a002a02109210920030572d54324e310101000154525432000000ce00000000000c000089f744310100000000000271000000ce
CAPTURE 2 43246352976 52540012340152540012340208004500003800000000401112a50a002a020a002a0f109210920024ae2754324e31010400005452543200000000000000ce000000001e845d0b
CAPTURE 2 43247673648 52540012340152540012340208004500004400000000401112990a002a020a002a0f109210920030f01854324e310102000154525432000000ce00000000000c000072f6c2c401000000000001f2000000ce
CAPTURE 2 43277153472 5254001234025254001234010800450000409447400040113e550a002a0f0a002a0210921092002c3a1254324e310105000054525432000000000000000000080000418928800000000000008650
CAPTURE 2 43288468928 5254001234025254001234010800450000389448400040113e5c0a002a0f0a002a02109210920024ae2754324e31010400005452543200000000000000ce000000001e845d0b
CAPTURE 2 43332731312 5254001234025254001234010800450000449449400040113e4f0a002a0f0a002a02109210920030e52e54324e310101000154525432000000cf00000000000c00005b7be4a90100000000000271000000cf
CAPTURE 2 43349139136 52540012340152540012340208004500003800000000401112a50a002a020a002a0f109210920024d66e54324e31010400005452543200000000000000cf0000000009ff4948
CAPTURE 2 43349814352 52540012340152540012340208004500004400000000401112990a002a020a002a0f10921092003022fb54324e310102000154525432000000cf00000000000c0000a07a625c01000000000001f2000000cf
CAPTURE 2 43389788656 525400123402525400123401080045000038944f400040113e550a002a0f0a002a02109210920024d66e54324e31010400005452543200000000000000cf0000000009ff4948
CAPTURE 2 43432152832 525400123402525400123401080045000044945a400040113e3e0a002a0f0a002a0210921092003017e554324e310101000154525432000000d000000000000c00006c3fa12d0100000000000271000000d0
CAPTURE 2 43447852336 52540012340152540012340208004500003800000000401112a50a002a020a002a0f109210920024ea4554324e31010400005452543200000000000000d0000000007a86c4e8
CAPTURE 2 43450297632 52540012340152540012340208004500004400000000401112990a002a020a002a0f10921092003066b954324e310102000154525432000000d000000000000c0000973e27d801000000000001f2000000d0
CAPTURE 2 43491340768 5254001234025254001234010800450000389460400040113e440a002a0f0a002a02109210920024ea4554324e31010400005452543200000000000000d0000000007a86c4e8
CAPTURE 2 43533688160 5254001234025254001234010800450000449468400040113e300a002a0f0a002a0210921092003064e754324e310101000154525432000000d100000000000c0000beb301b50100000000000271000000d1
CAPTURE 2 43538395488 52540012340152540012340208004500003800000000401112a50a002a020a002a0f109210920024eb0a54324e31010400005452543200000000000000d1000000006dfdd0ab
CAPTURE 2 43545786624 52540012340152540012340208004500004400000000401112990a002a020a002a0f10921092003058db54324e310102000154525432000000d100000000000c000045b2874001000000000001f2000000d1
CAPTURE 2 43600472128 525400123402525400123401080045000038946c400040113e380a002a0f0a002a02109210920024eb0a54324e31010400005452543200000000000000d1000000006dfdd0ab
CAPTURE 2 43822073120 525400123401525400123402080045000040000000004011129d0a002a020a002a0f10921092002cf3e154324e310105000054525432000000000000000000080000185e7e3f0000000000009fec
CAPTURE 2 43847650544 5254001234025254001234010800450000449470400040113e280a002a0f0a002a021092109200302c9a54324e310101000154525432000000d200000000000c00001257e65c0100000000000271000000d2
CAPTURE 2 43865880576 52540012340152540012340208004500003800000000401112a50a002a020a002a0f109210920024e8d354324e31010400005452543200000000000000d2000000005470ec6e
CAPTURE 2 43866674976 52540012340152540012340208004500004400000000401112990a002a020a002a0f109210920030dbcb54324e310102000154525432000000d200000000000c0000e95660a901000000000001f2000000d2
CAPTURE 2 43912177376 525400123402525400123401080045000040947c400040113e200a002a0f0a002a0210921092002c614d54324e31010500005452543200000000000000000008000021de1e7800000000000088c8
CAPTURE 2 43938518384 525400123402525400123401080045000038947f400040113e250a002a0f0a002a02109210920024e8d354324e31010400005452543200000000000000d2000000005470ec6e
CAPTURE 2 43979793920 5254001234025254001234010800450000449484400040113e140a002a0f0a002a021092109200301dac54324e310101000154525432000000d300000000000c0000c0db46c40100000000000271000000d3
CAPTURE 2 43996750224 52540012340152540012340208004500003800000000401112a50a002a020a002a0f109210920024ee7854324e31010400005452543200000000000000d300000000430bf82d
CAPTURE 2 43997533840 52540012340152540012340208004500004400000000401112990a002a020a002a0f10921092003029be54324e310102000154525432000000d300000000000c00003bdac03101000000000001f2000000d3
CAPTURE 2 44037364160 5254001234025254001234010800450000389485400040113e1f0a002a0f0a002a02109210920024ee7854324e31010400005452543200000000000000d300000000430bf82d
CAPTURE 2 44084009136 525400123402525400123401080045000044948f400040113e090a002a0f0a002a02109210920030648b54324e310101000154525432000000d400000000000c000090ef2fcf0100000000000271000000d4
CAPTURE 2 44099032048 52540012340152540012340208004500003800000000401112a50a002a020a002a0f1092109200246c6254324e31010400005452543200000000000000d400000000276a95e4
CAPTURE 2 44100031920 52540012340152540012340208004500004400000000401112990a002a020a002a0f109210920030109f54324e310102000154525432000000d400000000000c00006beea93a01000000000001f2000000d4
CAPTURE 2 44138452256 5254001234025254001234010800450000389494400040113e100a002a0f0a002a021092109200246c6254324e31010400005452543200000000000000d400000000276a95e4
CAPTURE 2 44175402528 525400123402525400123401080045000044949b400040113dfd0a002a0f0a002a02109210920030538d54324e310101000154525432000000d500000000000c000042638f570100000000000271000000d5
CAPTURE 2 44189154688 52540012340152540012340208004500003800000000401112a50a002a020a002a0f10921092002477f754324e31010400005452543200000000000000d500000000301181a7
CAPTURE 2 44190181600 52540012340152540012340208004500004400000000401112990a002a020a002a0f10921092003062c154324e310102000154525432000000d500000000000c0000b96209a201000000000001f2000000d5
CAPTURE 2 44240193872 52540012340252540012340108004500003894a2400040113e020a002a0f0a002a0210921092002477f754324e31010400005452543200000000000000d500000000301181a7
CAPTURE 2 44279063568 52540012340252540012340108004500004494a7400040113df10a002a0f0a002a02109210920030cdff54324e310101000154525432000000d600000000000c0000ee8768be0100000000000271000000d6
CAPTURE 2 44293631264 52540012340152540012340208004500003800000000401112a50a002a020a002a0f10921092002462b054324e31010400005452543200000000000000d600000000099cbd62
CAPTURE 2 44294318368 52540012340152540012340208004500004400000000401112990a002a020a002a0f10921092003021f254324e310102000154525432000000d600000000000c00001586ee4b01000000000001f2000000d6
CAPTURE 2 44331513888 52540012340252540012340108004500003894b0400040113df40a002a0f0a002a0210921092002462b054324e31010400005452543200000000000000d600000000099cbd62
CAPDUMP_END
virtnet: streamed 950 vm1 and 950 vm2 frames to the console
axvisor:/$ 